"SYMBOL","ENTREZID"
"ABCA3","21"
"ABCB10","23456"
"ABCB6","10058"
"ABHD5","51099"
"ACE2","59272"
"ACOT13","55856"
"ACTMAP","284325"
"ADAM9","8754"
"ADAMTS1","9510"
"ADD1","118"
"ADGRG6","57211"
"AGA","175"
"AHDC1","27245"
"AIFM2","84883"
"AIRIM","54955"
"AKAP7","9465"
"AKIRIN2","55122"
"ALDH18A1","5832"
"ALDH1L2","160428"
"ALG1","56052"
"ALKBH8","91801"
"AMFR","267"
"AMMECR1","9949"
"AMOT","154796"
"AMOTL1","154810"
"ANAPC16","119504"
"ANAPC4","29945"
"ANGEL1","23357"
"ANKLE2","23141"
"ANXA4","307"
"APLP1","333"
"APLP2","334"
"APOA1","335"
"APOC3","345"
"APOE","348"
"APOH","350"
"APP","351"
"ARB2A","83989"
"ARF3","377"
"ARL5B","221079"
"ARL6IP1","23204"
"ARMC7","79637"
"ART5","116969"
"ASPRV1","151516"
"ATAD5","79915"
"ATF3","467"
"ATF4","468"
"ATP5MK","84833"
"ATP6V0D2","245972"
"ATP6V1D","51382"
"ATR","545"
"B3GALNT2","148789"
"B4GALT5","9334"
"B4GALT6","9331"
"B9D1","27077"
"BACE1","23621"
"BCL2L12","83596"
"BCOR","54880"
"BIRC2","329"
"BLM","641"
"BLOC1S4","55330"
"BMP2","650"
"BMP4","652"
"BMPR2","659"
"BNIP3","664"
"BOD1","91272"
"BORCS6","54785"
"BPGM","669"
"BPNT2","54928"
"BRI3","25798"
"BRI3BP","140707"
"BRWD3","254065"
"BTBD9","114781"
"BTN2A3P","54718"
"C1orf159","54991"
"C1orf198","84886"
"C2CD2L","9854"
"C4A","720"
"C4BPA","722"
"C6orf89","221477"
"C8orf88","100127983"
"C9orf72","203228"
"CABIN1","23523"
"CALCOCO2","10241"
"CAMKK1","84254"
"CARMIL2","146206"
"CASTOR2","729438"
"CBY1","25776"
"CCDC106","29903"
"CCDC120","90060"
"CCDC138","165055"
"CCDC158","339965"
"CCDC18","343099"
"CCDC186","55088"
"CCDC28B","79140"
"CCDC66","285331"
"CCDC82","79780"
"CCK","885"
"CCN1","3491"
"CCN2","1490"
"CCNQ","92002"
"CCPG1","9236"
"CD151","977"
"CD40","958"
"CD81","975"
"CD84","8832"
"CD99","4267"
"CDC42EP1","11135"
"CDCA7L","55536"
"CDK11A","728642"
"CDKN2A","1029"
"CEBPZOS","100505876"
"CENPW","387103"
"CENPX","201254"
"CEP170B","283638"
"CEP41","95681"
"CFAP97","57587"
"CHCHD4","131474"
"CHKA","1119"
"CHPF","79586"
"CHPF2","54480"
"CHSY1","22856"
"CISD1","55847"
"CKS1B","1163"
"CKS2","1164"
"CLK3","1198"
"CLOCK","9575"
"CLTCL1","8218"
"CLU","1191"
"CMTM6","54918"
"CNBP","7555"
"CNEP1R1","255919"
"CNOT8","9337"
"CNOT9","9125"
"COL1A1","1277"
"COL1A2","1278"
"COL4A6","1288"
"COLEC12","81035"
"COMMD3","23412"
"COMMD5","28991"
"COMMD8","54951"
"COMMD9","29099"
"COQ9","57017"
"COX6A1","1337"
"CPNE8","144402"
"CRABP2","1382"
"CRBN","51185"
"CREM","1390"
"CRIM1","51232"
"CRYGD","1421"
"CSPG4","1464"
"CSPG5","10675"
"CUL7","9820"
"CWC22","57703"
"CYBA","1535"
"CYBC1","79415"
"CYLD","1540"
"CYREN","78996"
"CYSTM1","84418"
"DACT1","51339"
"DBP","1628"
"DCBLD1","285761"
"DCTD","1635"
"DDIT4","54541"
"DDR2","4921"
"DDX19A","55308"
"DDX28","55794"
"DGCR2","9993"
"DGCR6","8214"
"DGCR6L","85359"
"DHDDS","79947"
"DHRS13","147015"
"DKK1","22943"
"DLX1","1745"
"DLX6","1750"
"DMTN","2039"
"DNA2","1763"
"DNAJB5","25822"
"DNAL4","10126"
"DNLZ","728489"
"DOLK","22845"
"DPH7","92715"
"DPM3","54344"
"EDIL3","10085"
"EEF1AKMT1","221143"
"EEF1G","1937"
"EFNA5","1946"
"EFR3A","23167"
"EFR3B","22979"
"EGLN3","112399"
"EGR1","1958"
"EHD3","30845"
"EIF1","10209"
"EIF1B","10289"
"EIF3C","8663"
"EIF4ENIF1","56478"
"EIF5","1983"
"ELOF1","84337"
"ELOVL1","64834"
"ELOVL5","60481"
"ENDOD1","23052"
"ENKD1","84080"
"ENTPD6","955"
"ENTR1","10807"
"EPHA4","2043"
"EPHA7","2045"
"ERAP1","51752"
"ERBB2","2064"
"ERC2","26059"
"ERCC8","1161"
"ERP44","23071"
"ERRFI1","54206"
"ESRRA","2101"
"ETAA1","54465"
"EVI5","7813"
"F13A1","2162"
"F5","2153"
"FAAP100","80233"
"FAM174A","345757"
"FAM174B","400451"
"FAM199X","139231"
"FAM234B","57613"
"FAM3C","10447"
"FAM89A","375061"
"FANCE","2178"
"FAT1","2195"
"FBLIM1","54751"
"FBRSL1","57666"
"FBXO2","26232"
"FBXO46","23403"
"FDX2","112812"
"FGFR3","2261"
"FHL1","2273"
"FIP1L1","81608"
"FKBPL","63943"
"FLT1","2321"
"FN1","2335"
"FOS","2353"
"FOXD3","27022"
"FPGS","2356"
"FRMD4A","55691"
"FTL","2512"
"FUNDC1","139341"
"FURIN","5045"
"FUT8","2530"
"FXN","2395"
"FZD7","8324"
"FZD8","8325"
"GALNT10","55568"
"GALNT13","114805"
"GALNT4","8693"
"GATA4","2626"
"GCNT1","2650"
"GHITM","27069"
"GINM1","116254"
"GJA1","2697"
"GJC1","10052"
"GK","2710"
"GLRX","2745"
"GLRX2","51022"
"GLT8D1","55830"
"GNAZ","2781"
"GNB2","2783"
"GNG5","2787"
"GOLGA7","51125"
"GOLM1","51280"
"GON4L","54856"
"GORASP1","64689"
"GPBP1L1","60313"
"GPC3","2719"
"GPC6","10082"
"GPRC5C","55890"
"GPRIN3","285513"
"GRAMD4","23151"
"GREB1L","80000"
"GRIP1","23426"
"GSTA4","2941"
"GTF3C1","2975"
"GTF3C6","112495"
"GUF1","60558"
"GXYLT2","727936"
"HABP2","3026"
"HAUS5","23354"
"HDAC8","55869"
"HDHD5","27440"
"HERPUD1","9709"
"HERPUD2","64224"
"HGFAC","3083"
"HIGD2A","192286"
"HLA-A","3105"
"HMGCS1","3157"
"HMGN3","9324"
"HMGN4","10473"
"HMMR","3161"
"HMOX1","3162"
"HMX1","3166"
"HOXA6","3203"
"HOXB13","10481"
"HPCAL4","51440"
"HPRT1","3251"
"HPX","3263"
"HSF2","3298"
"HSPA6","3310"
"HSPBAP1","79663"
"HTD2","109703458"
"HYAL2","8692"
"ICAM5","7087"
"IER3IP1","51124"
"IFI35","3430"
"IFNAR1","3454"
"IFNAR2","3455"
"IFNGR1","3459"
"IFRD1","3475"
"IFT27","11020"
"IFT57","55081"
"IFT81","28981"
"IGF2R","3482"
"IKZF5","64376"
"IL13RA1","3597"
"IL6ST","3572"
"ISL1","3670"
"ISOC2","79763"
"ITIH2","3698"
"ITIH4","3700"
"ITM2B","9445"
"ITM2C","81618"
"JAG2","3714"
"JARID2","3720"
"KDM5B","10765"
"KIAA1671","85379"
"KIF5B","3799"
"KLC4","89953"
"KLF13","51621"
"KLF6","1316"
"KLF9","687"
"KLHL11","55175"
"KLHL26","55295"
"KLHL42","57542"
"KLHL9","55958"
"KXD1","79036"
"LAMA1","284217"
"LAMA4","3910"
"LAMP3","27074"
"LAMTOR5","10542"
"LAPTM4A","9741"
"LATS2","26524"
"LDLR","3949"
"LGMN","5641"
"LGR4","55366"
"LIFR","3977"
"LIG3","3980"
"LIG4","3981"
"LMBRD1","55788"
"LNX2","222484"
"LPGAT1","9926"
"LRIG1","26018"
"LRIG3","121227"
"LRP10","26020"
"LRP11","84918"
"LRP5","4041"
"LRP6","4040"
"LTV1","84946"
"LXN","56925"
"LYPLA2","11313"
"LYSMD2","256586"
"MAFK","7975"
"MANSC1","54682"
"MAP1B","4131"
"MAP4K3","8491"
"MAP4K5","11183"
"MAPK8","5599"
"MAPKAP1","79109"
"MAST2","23139"
"MCFD2","90411"
"MCM10","55388"
"MDP1","145553"
"MED7","9443"
"MEIS1","4211"
"MEIS2","4212"
"METTL17","64745"
"MEX3D","399664"
"MFAP3","4238"
"MFAP4","4239"
"MFGE8","4240"
"MFSD4B","91749"
"MFSD8","256471"
"MGAT4B","11282"
"MGRN1","23295"
"MIEN1","84299"
"MINDY2","54629"
"MIS18A","54069"
"MLLT11","10962"
"MLLT6","4302"
"MME","4311"
"MOB2","81532"
"MOCS3","27304"
"MPC1","51660"
"MPLKIP","136647"
"MPPED2","744"
"MRC2","9902"
"MRFAP1","93621"
"MRTFA","57591"
"MSL1","339287"
"MSX2","4488"
"MT2A","4502"
"MTFR2","113115"
"MTMR12","54545"
"MTMR9","66036"
"MXD4","10608"
"MXI1","4601"
"MYNN","55892"
"MYORG","57462"
"NAA20","51126"
"NAA80","24142"
"NAB2","4665"
"NAT1","9"
"NAT10","55226"
"NATD1","256302"
"NAXD","55739"
"NBDY","550643"
"NBR1","4077"
"NCOA4","8031"
"NDEL1","81565"
"NDFIP1","80762"
"NDFIP2","54602"
"NDUFA1","4694"
"NDUFA4","4697"
"NDUFA7","4701"
"NDUFAF8","284184"
"NDUFB8","4714"
"NDUFC1","4717"
"NEMP1","23306"
"NEO1","4756"
"NEU1","4758"
"NFE2L1","4779"
"NFE2L2","4780"
"NFKBIE","4794"
"NIPBL","25836"
"NOCT","25819"
"NPDC1","56654"
"NR2F2","7026"
"NRGN","4900"
"NT5DC2","64943"
"NTAN1","123803"
"NTHL1","4913"
"NTN1","9423"
"NUDT4","11163"
"NUDT8","254552"
"NUMA1","4926"
"NUMBL","9253"
"NUTF2","10204"
"NXPE3","91775"
"OBI1","79596"
"OGN","4969"
"OLA1","29789"
"OPHN1","4983"
"ORAI1","84876"
"OTUD4","54726"
"OTULINL","54491"
"OXLD1","339229"
"PABIR1","116224"
"PAIP2","51247"
"PALB2","79728"
"PAM","5066"
"PAN2","9924"
"PAX6","5080"
"PCBP3","54039"
"PCBP4","57060"
"PCDHGA11","56105"
"PCGF2","7703"
"PCGF3","10336"
"PCLAF","9768"
"PCMT1","5110"
"PDIK1L","149420"
"PDK2","5164"
"PDLIM2","64236"
"PDS5A","23244"
"PDSS1","23590"
"PEX11B","8799"
"PEX13","5194"
"PEX19","5824"
"PGGT1B","5229"
"PGLS","25796"
"PHAF1","80262"
"PHC3","80012"
"PHF12","57649"
"PHF8","23133"
"PHPT1","29085"
"PHRF1","57661"
"PI4K2A","55361"
"PIAS1","8554"
"PIAS3","10401"
"PIBF1","10464"
"PIDD1","55367"
"PIGX","54965"
"PIPSL","266971"
"PISD","23761"
"PJA2","9867"
"PKNOX2","63876"
"PLAGL1","5325"
"PLD3","23646"
"PLEC","5339"
"PLEKHA3","65977"
"PLEKHB2","55041"
"PLEKHF1","79156"
"PLEKHG1","57480"
"PLEKHH3","79990"
"PLEKHJ1","55111"
"PLPP3","8613"
"PMM1","5372"
"PNRC1","10957"
"PODXL","5420"
"PODXL2","50512"
"POLD4","57804"
"POLR3K","51728"
"POLRMT","5442"
"POM121","9883"
"PPP1R15B","84919"
"PRELID3B","51012"
"PRKACG","5568"
"PRKAR1A","5573"
"PRKAR1B","5575"
"PROS1","5627"
"PRPH","5630"
"PRPS1L1","221823"
"PTGES3","10728"
"PTGS2","5743"
"PTMS","5763"
"PTN","5764"
"PTOV1","53635"
"PTPN14","5784"
"PTPRS","5802"
"PTRHD1","391356"
"PTTG1","9232"
"PVALB","5816"
"PXN","5829"
"PYGM","5837"
"PZP","5858"
"QPCT","25797"
"R3HDM4","91300"
"RAB29","8934"
"RABAC1","10567"
"RABEP2","79874"
"RAMAC","83640"
"RAP1BL","643752"
"RARB","5915"
"RBAK","57786"
"RBL1","5933"
"RBM18","92400"
"RBM38","55544"
"RCE1","9986"
"RCHY1","25898"
"RDH12","145226"
"RELL1","768211"
"RFESD","317671"
"RHOU","58480"
"RIF1","55183"
"RIPK2","8767"
"RIT1","6016"
"RNASE4","6038"
"RNF121","55298"
"RNF141","50862"
"RNF149","284996"
"RNF166","115992"
"RNF169","254225"
"RNF187","149603"
"RNF19A","25897"
"RNF7","9616"
"ROBO2","6092"
"RPAIN","84268"
"RPAP2","79871"
"RPE","6120"
"RPS6KA4","8986"
"RTKN","6242"
"RTN4IP1","84816"
"RTN4RL2","349667"
"RUFY2","55680"
"SAPCD2","89958"
"SBSN","374897"
"SCAI","286205"
"SCAND1","51282"
"SCLT1","132320"
"SCML1","6322"
"SCPEP1","59342"
"SDC4","6385"
"SDCBP","6386"
"SEC14L2","23541"
"SEC22A","26984"
"SEC63","11231"
"SELENOF","9403"
"SEMA3C","10512"
"SEPTIN9","10801"
"SERINC1","57515"
"SERINC3","10955"
"SERPIND1","3053"
"SERPINF2","5345"
"SETD5","55209"
"SFMBT1","51460"
"SFN","2810"
"SFT2D2","375035"
"SFXN4","119559"
"SGTB","54557"
"SH2D4A","63898"
"SH3RF1","57630"
"SHCBP1","79801"
"SHROOM3","57619"
"SIRT3","23410"
"SIRT7","51547"
"SIVA1","10572"
"SLC11A2","4891"
"SLC26A11","284129"
"SLC38A3","10991"
"SLC39A10","57181"
"SLC39A7","7922"
"SLC46A1","113235"
"SLC46A3","283537"
"SLC49A4","84925"
"SLIT2","9353"
"SMAD5","4090"
"SMC1B","27127"
"SMIM11","54065"
"SMIM20","389203"
"SMOC1","64093"
"SMYD3","64754"
"SNX24","28966"
"SORL1","6653"
"SOX5","6660"
"SPA17","53340"
"SPC24","147841"
"SPG7","6687"
"SPICE1","152185"
"SPINT2","10653"
"SPP2","6694"
"SPR","6697"
"SPRING1","79794"
"SPRY2","10253"
"SPTBN1","6711"
"SQOR","58472"
"SREBF2","6721"
"SRGAP1","57522"
"SRSF9","8683"
"SRXN1","140809"
"SS18","6760"
"ST3GAL4","6484"
"ST3GAL6","10402"
"STIL","6491"
"STK32C","282974"
"STMN3","50861"
"STOML1","9399"
"STON2","85439"
"STRADA","92335"
"SULT1A1","6817"
"SUPV3L1","6832"
"SUSD5","26032"
"SV2A","9900"
"SWI5","375757"
"TAF13","6884"
"TAF1C","9013"
"TAF4B","6875"
"TAGLN","6876"
"TANC1","85461"
"TANGO2","128989"
"TAX1BP1","8887"
"TBC1D25","4943"
"TBC1D30","23329"
"TCEAL8","90843"
"TEAD3","7005"
"TEFM","79736"
"TET2","54790"
"TEX9","374618"
"TFB2M","64216"
"TFIP11","24144"
"TFPI","7035"
"TGDS","23483"
"TGFB1","7040"
"TGFB1I1","7041"
"TGOLN2","10618"
"THBS1","7057"
"THRB","7068"
"TIFA","92610"
"TIMELESS","8914"
"TIMM23","100287932"
"TIMM44","10469"
"TIMP3","7078"
"TINF2","26277"
"TK2","7084"
"TM2D3","80213"
"TMCO1","54499"
"TMED10","10972"
"TMEFF1","8577"
"TMEM104","54868"
"TMEM11","8834"
"TMEM120B","144404"
"TMEM123","114908"
"TMEM132A","54972"
"TMEM183A","92703"
"TMEM223","79064"
"TMEM231","79583"
"TMEM248","55069"
"TMEM258","746"
"TMEM35B","100506144"
"TMEM38B","55151"
"TMEM51","55092"
"TMEM59","9528"
"TMEM59L","25789"
"TMSB10","9168"
"TNFRSF10B","8795"
"TNFRSF10D","8793"
"TNFRSF1A","7132"
"TNFSF9","8744"
"TOMM40L","84134"
"TOMM7","54543"
"TP53I13","90313"
"TRAP1","10131"
"TRIB3","57761"
"TRIM21","6737"
"TRIM23","373"
"TSC22D2","9819"
"TSKU","25987"
"TSPAN10","83882"
"TSPAN13","27075"
"TSPAN14","81619"
"TSPAN3","10099"
"TSPAN31","6302"
"TSPAN33","340348"
"TSPAN6","7105"
"TTC13","79573"
"TTC3","7267"
"TTC9","23508"
"TUBA4A","7277"
"TYW1","55253"
"UBAP2","55833"
"UBE2D1","7321"
"UBE2G2","7327"
"UBE2T","29089"
"UBE3D","90025"
"UBL3","5412"
"UBN1","29855"
"UBN2","254048"
"UFC1","51506"
"UNC5B","219699"
"UROS","7390"
"USP1","7398"
"USP32","84669"
"USP46","64854"
"USP6NL","9712"
"UTP20","27340"
"UVRAG","7405"
"VANGL2","57216"
"VEZT","55591"
"VHL","7428"
"VPS25","84313"
"VPS37B","79720"
"VTN","7448"
"WASF1","8936"
"WASF2","10163"
"WDR35","57539"
"WNK1","65125"
"WNT5A","7474"
"WWC1","23286"
"YAE1","57002"
"YIPF4","84272"
"ZBED3","84327"
"ZBED5","58486"
"ZBTB39","9880"
"ZBTB4","57659"
"ZBTB5","9925"
"ZCCHC24","219654"
"ZCCHC4","29063"
"ZDHHC12","84885"
"ZDHHC13","54503"
"ZDHHC14","79683"
"ZDHHC17","23390"
"ZDHHC18","84243"
"ZDHHC20","253832"
"ZDHHC9","51114"
"ZFAND2B","130617"
"ZFAND5","7763"
"ZFAND6","54469"
"ZFP3","124961"
"ZNF100","163227"
"ZNF16","7564"
"ZNF250","58500"
"ZNF276","92822"
"ZNF319","57567"
"ZNF324","25799"
"ZNF335","63925"
"ZNF354A","6940"
"ZNF428","126299"
"ZNF460","10794"
"ZNF467","168544"
"ZNF485","220992"
"ZNF496","84838"
"ZNF513","130557"
"ZNF521","25925"
"ZNF557","79230"
"ZNF597","146434"
"ZNF616","90317"
"ZNF627","199692"
"ZNF697","90874"
"ZNF7","7553"
"ZNF71","58491"
"ZNF714","148206"
"ZNF721","170960"
"ZNF724","440519"
"ZNF747","65988"
"ZNF799","90576"
"ZNHIT3","9326"
"ZNRD2","10534"
"ZSCAN5A","79149"
"ZXDC","79364"
"AAAS","8086"
"AACS","65985"
"AAGAB","79719"
"AAK1","22848"
"AAMDC","28971"
"AAMP","14"
"AAR2","25980"
"AARS1","16"
"AARS2","57505"
"AARSD1","80755"
"AASDHPPT","60496"
"AASS","10157"
"AATF","26574"
"ABAT","18"
"ABCB1","5243"
"ABCB7","22"
"ABCC1","4363"
"ABCC10","89845"
"ABCC4","10257"
"ABCD3","5825"
"ABCD4","5826"
"ABCE1","6059"
"ABCF1","23"
"ABCF2","10061"
"ABCF3","55324"
"ABHD10","55347"
"ABHD11","83451"
"ABHD12","26090"
"ABHD14B","84836"
"ABHD16A","7920"
"ABHD17B","51104"
"ABHD17C","58489"
"ABHD6","57406"
"ABI1","10006"
"ABI2","10152"
"ABITRAM","54942"
"ABL1","25"
"ABL2","27"
"ABLIM1","3983"
"ABLIM2","84448"
"ABR","29"
"ABRACL","58527"
"ABRAXAS1","84142"
"ABRAXAS2","23172"
"ABT1","29777"
"ACAA1","30"
"ACAA2","10449"
"ACACA","31"
"ACAD10","80724"
"ACAD11","84129"
"ACAD8","27034"
"ACAD9","28976"
"ACADM","34"
"ACADS","35"
"ACADSB","36"
"ACADVL","37"
"ACAP2","23527"
"ACAT1","38"
"ACAT2","39"
"ACBD3","64746"
"ACBD5","91452"
"ACBD6","84320"
"ACD","65057"
"ACIN1","22985"
"ACLY","47"
"ACO1","48"
"ACO2","50"
"ACOT2","10965"
"ACOT7","11332"
"ACOT8","10005"
"ACOT9","23597"
"ACOX1","51"
"ACOX3","8310"
"ACP1","52"
"ACP2","53"
"ACP6","51205"
"ACSF2","80221"
"ACSF3","197322"
"ACSL1","2180"
"ACSL3","2181"
"ACSL4","2182"
"ACSS1","84532"
"ACSS2","55902"
"ACSS3","79611"
"ACTA1","58"
"ACTBL2","345651"
"ACTL6A","86"
"ACTN1","87"
"ACTN4","81"
"ACTR10","55860"
"ACTR1A","10121"
"ACTR1B","10120"
"ACTR2","10097"
"ACTR3","10096"
"ACTR3B","57180"
"ACTR5","79913"
"ACTR6","64431"
"ACTR8","93973"
"ACVR1","90"
"ACVR1B","91"
"ACVR2A","92"
"ACVR2B","93"
"ACY1","95"
"ACYP1","97"
"ACYP2","98"
"ADA","100"
"ADAM10","102"
"ADAM15","8751"
"ADAM17","6868"
"ADAM22","53616"
"ADAR","103"
"ADARB1","104"
"ADAT2","134637"
"ADAT3","113179"
"ADD2","119"
"ADD3","120"
"ADGRE5","976"
"ADGRL2","23266"
"ADGRL3","23284"
"ADH5","128"
"ADI1","55256"
"ADIPOR1","51094"
"ADISSP","54976"
"ADK","132"
"ADNP","23394"
"ADNP2","22850"
"ADO","84890"
"ADPGK","83440"
"ADPRM","56985"
"ADPRS","54936"
"ADRM1","11047"
"ADSL","158"
"ADSS1","122622"
"ADSS2","159"
"AEBP2","121536"
"AFAP1","60312"
"AFDN","4301"
"AFF1","4299"
"AFF3","3899"
"AFF4","27125"
"AFG2A","166378"
"AFG2B","79029"
"AFG3L2","10939"
"AFM","173"
"AGAP1","116987"
"AGAP3","116988"
"AGFG1","3267"
"AGFG2","3268"
"AGGF1","55109"
"AGK","55750"
"AGL","178"
"AGO1","26523"
"AGO2","27161"
"AGO3","192669"
"AGPAT1","10554"
"AGPAT3","56894"
"AGPAT4","56895"
"AGPAT5","55326"
"AGPS","8540"
"AGR2","10551"
"AGRN","375790"
"AGTPBP1","23287"
"AGTRAP","57085"
"AHCTF1","25909"
"AHCY","191"
"AHCYL1","10768"
"AHCYL2","23382"
"AHNAK","79026"
"AHNAK2","113146"
"AHSA1","10598"
"AIDA","64853"
"AIF1L","83543"
"AIFM1","9131"
"AIG1","51390"
"AIMP1","9255"
"AIMP2","7965"
"AIP","9049"
"AJUBA","84962"
"AK1","203"
"AK2","204"
"AK3","50808"
"AK4","205"
"AK6","102157402"
"AKAP1","8165"
"AKAP10","11216"
"AKAP11","11215"
"AKAP12","9590"
"AKAP13","11214"
"AKAP17A","8227"
"AKAP5","9495"
"AKAP8","10270"
"AKAP8L","26993"
"AKAP9","10142"
"AKR1A1","10327"
"AKR1B1","231"
"AKR1E2","83592"
"AKR7A2","8574"
"AKT1","207"
"AKT1S1","84335"
"AKT2","208"
"AKT3","10000"
"AKTIP","64400"
"ALAD","210"
"ALAS1","211"
"ALCAM","214"
"ALDH16A1","126133"
"ALDH1A1","216"
"ALDH1A2","8854"
"ALDH1B1","219"
"ALDH1L1","10840"
"ALDH2","217"
"ALDH3A2","224"
"ALDH4A1","8659"
"ALDH5A1","7915"
"ALDH6A1","4329"
"ALDH7A1","501"
"ALDH9A1","223"
"ALDOA","226"
"ALDOC","230"
"ALG11","440138"
"ALG13","79868"
"ALG2","85365"
"ALG3","10195"
"ALG5","29880"
"ALG6","29929"
"ALG8","79053"
"ALG9","79796"
"ALKBH1","8846"
"ALKBH2","121642"
"ALKBH3","221120"
"ALKBH4","54784"
"ALKBH5","54890"
"ALKBH6","84964"
"ALKBH7","84266"
"ALPL","249"
"ALX4","60529"
"ALYREF","10189"
"AMBRA1","55626"
"AMDHD2","51005"
"AMER1","139285"
"AMMECR1L","83607"
"AMOTL2","51421"
"AMPD2","271"
"AMPH","273"
"AMZ2","51321"
"ANAPC1","64682"
"ANAPC10","10393"
"ANAPC11","51529"
"ANAPC2","29882"
"ANAPC5","51433"
"ANAPC7","51434"
"ANGEL2","90806"
"ANK2","287"
"ANK3","288"
"ANKFY1","51479"
"ANKH","56172"
"ANKHD1","54882"
"ANKMY2","57037"
"ANKRD11","29123"
"ANKRD13A","88455"
"ANKRD13C","81573"
"ANKRD17","26057"
"ANKRD26","22852"
"ANKRD27","84079"
"ANKRD28","23243"
"ANKRD40","91369"
"ANKRD46","157567"
"ANKRD50","57182"
"ANKRD52","283373"
"ANKRD54","129138"
"ANKS1A","23294"
"ANKS6","203286"
"ANKZF1","55139"
"ANLN","54443"
"ANO10","55129"
"ANO6","196527"
"ANP32A","8125"
"ANP32B","10541"
"ANP32E","81611"
"ANTXR1","84168"
"ANTXR2","118429"
"ANXA1","301"
"ANXA11","311"
"ANXA2","302"
"ANXA3","306"
"ANXA6","309"
"ANXA7","310"
"AOC1","26"
"AP1B1","162"
"AP1G1","164"
"AP1G2","8906"
"AP1M1","8907"
"AP1S1","1174"
"AP1S2","8905"
"AP1S3","130340"
"AP2A1","160"
"AP2A2","161"
"AP2B1","163"
"AP2M1","1173"
"AP2S1","1175"
"AP3B1","8546"
"AP3D1","8943"
"AP3M1","26985"
"AP3M2","10947"
"AP3S1","1176"
"AP3S2","10239"
"AP4B1","10717"
"AP4M1","9179"
"AP4S1","11154"
"AP5B1","91056"
"AP5M1","55745"
"AP5Z1","9907"
"APAF1","317"
"APBB1","322"
"APC","324"
"APEH","327"
"APEX1","328"
"API5","8539"
"APIP","51074"
"APMAP","57136"
"APOBEC3B","9582"
"APOBEC3C","27350"
"APOBEC3F","200316"
"APOL2","23780"
"APOO","79135"
"APOOL","139322"
"APPL1","26060"
"APPL2","55198"
"APRT","353"
"APTX","54840"
"AQR","9716"
"ARAF","369"
"ARAP1","116985"
"ARCN1","372"
"ARF1","375"
"ARF4","378"
"ARF5","381"
"ARF6","382"
"ARFGAP1","55738"
"ARFGAP2","84364"
"ARFGAP3","26286"
"ARFGEF1","10565"
"ARFGEF2","10564"
"ARFGEF3","57221"
"ARFIP1","27236"
"ARFIP2","23647"
"ARFRP1","10139"
"ARG2","384"
"ARGLU1","55082"
"ARHGAP1","392"
"ARHGAP10","79658"
"ARHGAP11A","9824"
"ARHGAP12","94134"
"ARHGAP17","55114"
"ARHGAP18","93663"
"ARHGAP19","84986"
"ARHGAP21","57584"
"ARHGAP29","9411"
"ARHGAP32","9743"
"ARHGAP35","2909"
"ARHGAP5","394"
"ARHGDIA","396"
"ARHGEF1","9138"
"ARHGEF10","9639"
"ARHGEF11","9826"
"ARHGEF12","23365"
"ARHGEF16","27237"
"ARHGEF18","23370"
"ARHGEF2","9181"
"ARHGEF26","26084"
"ARHGEF40","55701"
"ARHGEF6","9459"
"ARHGEF7","8874"
"ARID1A","8289"
"ARID1B","57492"
"ARID2","196528"
"ARID3A","1820"
"ARID3B","10620"
"ARID4A","5926"
"ARID4B","51742"
"ARID5B","84159"
"ARIH1","25820"
"ARIH2","10425"
"ARK2N","147339"
"ARL1","400"
"ARL10","285598"
"ARL13B","200894"
"ARL14EP","120534"
"ARL15","54622"
"ARL2","402"
"ARL2BP","23568"
"ARL3","403"
"ARL5A","26225"
"ARL6","84100"
"ARL6IP4","51329"
"ARL6IP5","10550"
"ARL6IP6","151188"
"ARL8A","127829"
"ARL8B","55207"
"ARMC1","55156"
"ARMC10","83787"
"ARMC2","84071"
"ARMC5","79798"
"ARMC6","93436"
"ARMC8","25852"
"ARMC9","80210"
"ARMCX3","51566"
"ARMH3","79591"
"ARMT1","79624"
"ARNT","405"
"ARPC1A","10552"
"ARPC1B","10095"
"ARPC2","10109"
"ARPC3","10094"
"ARPC4","10093"
"ARPC5","10092"
"ARPC5L","81873"
"ARPIN","348110"
"ARPP19","10776"
"ARRB1","408"
"ARRB2","409"
"ARRDC1","92714"
"ARRDC3","57561"
"ARSA","410"
"ARSB","411"
"ARSK","153642"
"ARV1","64801"
"ARVCF","421"
"AS3MT","57412"
"ASAH1","427"
"ASAP1","50807"
"ASB3","51130"
"ASB6","140459"
"ASCC1","51008"
"ASCC2","84164"
"ASCC3","10973"
"ASDURF","110599588"
"ASF1A","25842"
"ASF1B","55723"
"ASH1L","55870"
"ASH2L","9070"
"ASMTL","8623"
"ASNS","440"
"ASPH","444"
"ASPM","259266"
"ASPSCR1","79058"
"ASRGL1","80150"
"ASS1","445"
"ASXL1","171023"
"ASXL2","55252"
"ATAD1","84896"
"ATAD2","29028"
"ATAD2B","54454"
"ATAD3A","55210"
"ATAD3B","83858"
"ATAT1","79969"
"ATE1","11101"
"ATF1","466"
"ATF2","1386"
"ATF6","22926"
"ATF6B","1388"
"ATF7","11016"
"ATF7IP","55729"
"ATG101","60673"
"ATG13","9776"
"ATG14","22863"
"ATG16L1","55054"
"ATG2A","23130"
"ATG2B","55102"
"ATG3","64422"
"ATG4A","115201"
"ATG4B","23192"
"ATG4C","84938"
"ATG5","9474"
"ATG7","10533"
"ATG9A","79065"
"ATIC","471"
"ATL1","51062"
"ATL2","64225"
"ATL3","25923"
"ATN1","1822"
"ATOX1","475"
"ATP11C","286410"
"ATP13A1","57130"
"ATP1A1","476"
"ATP1A3","478"
"ATP1B1","481"
"ATP1B3","483"
"ATP23","91419"
"ATP2A2","488"
"ATP2B1","490"
"ATP2B4","493"
"ATP2C1","27032"
"ATP5F1A","498"
"ATP5F1B","506"
"ATP5F1C","509"
"ATP5F1D","513"
"ATP5IF1","93974"
"ATP5ME","521"
"ATP5MF","9551"
"ATP5MG","10632"
"ATP5MJ","9556"
"ATP5PB","515"
"ATP5PD","10476"
"ATP5PF","522"
"ATP5PO","539"
"ATP6AP1","537"
"ATP6AP2","10159"
"ATP6V0A1","535"
"ATP6V0A2","23545"
"ATP6V0C","527"
"ATP6V0D1","9114"
"ATP6V1A","523"
"ATP6V1B2","526"
"ATP6V1C1","528"
"ATP6V1E1","529"
"ATP6V1F","9296"
"ATP6V1G1","9550"
"ATP6V1G2","534"
"ATP6V1H","51606"
"ATP7A","538"
"ATP9A","10079"
"ATPAF1","64756"
"ATPAF2","91647"
"ATRAID","51374"
"ATRIP","84126"
"ATRN","8455"
"ATRX","546"
"ATXN1","6310"
"ATXN10","25814"
"ATXN2","6311"
"ATXN2L","11273"
"ATXN3","4287"
"ATXN7","6314"
"ATXN7L2","127002"
"ATXN7L3","56970"
"ATXN7L3B","552889"
"AUH","549"
"AUP1","550"
"AURKA","6790"
"AURKAIP1","54998"
"AURKB","9212"
"AUTS2","26053"
"AVEN","57099"
"AVL9","23080"
"AXIN1","8312"
"AZI2","64343"
"B3GALT6","126792"
"B3GAT3","26229"
"B3GLCT","145173"
"B3GNT2","10678"
"B4GALT1","2683"
"B4GALT3","8703"
"B4GALT4","8702"
"B4GALT7","11285"
"B4GAT1","11041"
"BABAM1","29086"
"BABAM2","9577"
"BACH1","571"
"BACH2","60468"
"BAD","572"
"BAG1","573"
"BAG2","9532"
"BAG3","9531"
"BAG4","9530"
"BAG5","9529"
"BAG6","7917"
"BAHCC1","57597"
"BAHD1","22893"
"BAIAP2","10458"
"BAIAP2L1","55971"
"BAK1","578"
"BAMBI","25805"
"BANF1","8815"
"BANP","54971"
"BAP1","8314"
"BARD1","580"
"BASP1","10409"
"BATF3","55509"
"BAX","581"
"BAZ1A","11177"
"BAZ1B","9031"
"BAZ2A","11176"
"BAZ2B","29994"
"BBS1","582"
"BBS2","583"
"BBS7","55212"
"BBX","56987"
"BCAM","4059"
"BCAP29","55973"
"BCAP31","10134"
"BCAR1","9564"
"BCAS2","10286"
"BCAS3","54828"
"BCAT1","586"
"BCAT2","587"
"BCCIP","56647"
"BCDIN3D","144233"
"BCKDHA","593"
"BCKDHB","594"
"BCKDK","10295"
"BCL10","8915"
"BCL11A","53335"
"BCL11B","64919"
"BCL2","596"
"BCL2L1","598"
"BCL2L11","10018"
"BCL2L13","23786"
"BCL7A","605"
"BCL7B","9275"
"BCL7C","9274"
"BCL9","607"
"BCL9L","283149"
"BCLAF1","9774"
"BCLAF3","256643"
"BCORL1","63035"
"BCR","613"
"BCS1L","617"
"BDH1","622"
"BDH2","56898"
"BDP1","55814"
"BECN1","8678"
"BEND3","57673"
"BEND7","222389"
"BET1","10282"
"BET1L","51272"
"BHLHE40","8553"
"BHLHE41","79365"
"BICD1","636"
"BICD2","23299"
"BICRA","29998"
"BIN1","274"
"BIN3","55909"
"BIRC5","332"
"BIRC6","57448"
"BLMH","642"
"BLOC1S1","2647"
"BLOC1S2","282991"
"BLOC1S3","388552"
"BLOC1S5","63915"
"BLOC1S6","26258"
"BLTP3A","54887"
"BLTP3B","23074"
"BLVRA","644"
"BLVRB","645"
"BLZF1","8548"
"BMI1","648"
"BMP10","27302"
"BMP2K","55589"
"BMPER","168667"
"BMPR1A","657"
"BMS1","9790"
"BNIP1","662"
"BNIP2","663"
"BNIP3L","665"
"BOD1L1","259282"
"BOLA1","51027"
"BOLA2B","654483"
"BOLA3","388962"
"BOP1","23246"
"BORCS5","118426"
"BORCS7","119032"
"BPHL","670"
"BPNT1","10380"
"BPTF","2186"
"BRAF","673"
"BRAP","8315"
"BRAT1","221927"
"BRCA1","672"
"BRCA2","675"
"BRCC3","79184"
"BRD1","23774"
"BRD2","6046"
"BRD3","8019"
"BRD4","23476"
"BRD7","29117"
"BRD8","10902"
"BRD9","65980"
"BRF1","2972"
"BRIP1","83990"
"BRIX1","55299"
"BRK1","55845"
"BRME1","79173"
"BRMS1","25855"
"BRMS1L","84312"
"BROX","148362"
"BRPF1","7862"
"BRPF3","27154"
"BRSK2","9024"
"BRWD1","54014"
"BSCL2","26580"
"BSDC1","55108"
"BSG","682"
"BSN","8927"
"BTAF1","9044"
"BTBD1","53339"
"BTBD2","55643"
"BTBD8","284697"
"BTD","686"
"BTF3","689"
"BTF3L4","91408"
"BTN2A1","11120"
"BTRC","8945"
"BUB1","699"
"BUB1B","701"
"BUB3","9184"
"BUD13","84811"
"BUD23","114049"
"BUD31","8896"
"BYSL","705"
"BZW1","9689"
"BZW2","28969"
"C11orf54","28970"
"C11orf68","83638"
"C11orf96","387763"
"C11orf98","102288414"
"C14orf93","60686"
"C15orf39","56905"
"C15orf40","123207"
"C16orf87","388272"
"C17orf75","64149"
"C18orf21","83608"
"C19orf12","83636"
"C19orf25","148223"
"C19orf47","126526"
"C19orf53","28974"
"C1D","10438"
"C1GALT1","56913"
"C1GALT1C1","29071"
"C1orf122","127687"
"C1orf131","128061"
"C1orf174","339448"
"C1orf226","400793"
"C1orf43","25912"
"C1orf50","79078"
"C1orf52","148423"
"C1orf53","388722"
"C1QBP","708"
"C22orf39","128977"
"C2CD5","9847"
"C2orf49","79074"
"C2orf68","388969"
"C2orf69","205327"
"C2orf76","130355"
"C3orf38","285237"
"C5orf22","55322"
"C5orf24","134553"
"C6orf120","387263"
"C6orf47","57827"
"C7orf25","79020"
"C7orf50","84310"
"C8orf33","65265"
"C8orf82","414919"
"C9orf40","55071"
"C9orf78","51759"
"C9orf85","138241"
"CA5B","11238"
"CA8","767"
"CAAP1","79886"
"CAB39","51719"
"CABLES1","91768"
"CACHD1","57685"
"CACNA2D1","781"
"CACNA2D2","9254"
"CACNB3","784"
"CACTIN","58509"
"CACUL1","143384"
"CACYBP","27101"
"CAD","790"
"CADM1","23705"
"CADM4","199731"
"CALCB","797"
"CALCOCO1","57658"
"CALD1","800"
"CALR","811"
"CALU","813"
"CALY","50632"
"CAMK1","8536"
"CAMK1D","57118"
"CAMK2D","817"
"CAMK2G","818"
"CAMKK2","10645"
"CAMLG","819"
"CAMSAP1","157922"
"CAMSAP2","23271"
"CAMSAP3","57662"
"CAND1","55832"
"CAND2","23066"
"CANT1","124583"
"CANX","821"
"CAP1","10487"
"CAP2","10486"
"CAPG","822"
"CAPN1","823"
"CAPN2","824"
"CAPN7","23473"
"CAPNS1","826"
"CAPRIN1","4076"
"CAPZA1","829"
"CAPZA2","830"
"CAPZB","832"
"CARD19","84270"
"CARHSP1","23589"
"CARM1","10498"
"CARMIL1","55604"
"CARNMT1","138199"
"CARS1","833"
"CARS2","79587"
"CASC3","22794"
"CASK","8573"
"CASKIN1","57524"
"CASKIN2","57513"
"CASP10","843"
"CASP14","23581"
"CASP2","835"
"CASP3","836"
"CASP6","839"
"CASP7","840"
"CASP8AP2","9994"
"CASP9","842"
"CAST","831"
"CASZ1","54897"
"CAV1","857"
"CAVIN1","284119"
"CBARP","255057"
"CBFA2T2","9139"
"CBFB","865"
"CBL","867"
"CBLB","868"
"CBLL1","79872"
"CBR1","873"
"CBR3","874"
"CBR4","84869"
"CBS","875"
"CBX1","10951"
"CBX2","84733"
"CBX3","11335"
"CBX4","8535"
"CBX5","23468"
"CBX6","23466"
"CBX7","23492"
"CBX8","57332"
"CC2D1A","54862"
"CC2D1B","200014"
"CCAR1","55749"
"CCAR2","57805"
"CCDC102A","92922"
"CCDC115","84317"
"CCDC117","150275"
"CCDC12","151903"
"CCDC124","115098"
"CCDC126","90693"
"CCDC127","133957"
"CCDC134","79879"
"CCDC137","339230"
"CCDC14","64770"
"CCDC167","154467"
"CCDC174","51244"
"CCDC22","28952"
"CCDC25","55246"
"CCDC28A","25901"
"CCDC43","124808"
"CCDC47","57003"
"CCDC50","152137"
"CCDC51","79714"
"CCDC59","29080"
"CCDC6","8030"
"CCDC71","64925"
"CCDC71L","168455"
"CCDC77","84318"
"CCDC8","83987"
"CCDC85B","11007"
"CCDC85C","317762"
"CCDC86","79080"
"CCDC88A","55704"
"CCDC88C","440193"
"CCDC9","26093"
"CCDC90B","60492"
"CCDC91","55297"
"CCDC92","80212"
"CCDC93","54520"
"CCDC97","90324"
"CCDC9B","388115"
"CCHCR1","54535"
"CCM2","83605"
"CCNA2","890"
"CCNB1","891"
"CCNB2","9133"
"CCNC","892"
"CCNH","902"
"CCNK","8812"
"CCNL1","57018"
"CCNL2","81669"
"CCNT1","904"
"CCNT2","905"
"CCNY","219771"
"CCNYL1","151195"
"CCP110","9738"
"CCS","9973"
"CCSAP","126731"
"CCT2","10576"
"CCT3","7203"
"CCT4","10575"
"CCT5","22948"
"CCT6A","908"
"CCT7","10574"
"CCT8","10694"
"CD109","135228"
"CD276","80381"
"CD2AP","23607"
"CD2BP2","10421"
"CD302","9936"
"CD320","51293"
"CD46","4179"
"CD47","961"
"CD55","1604"
"CD58","965"
"CD59","966"
"CD63","967"
"CD82","3732"
"CD83","9308"
"CD9","928"
"CD99L2","83692"
"CDAN1","146059"
"CDC123","8872"
"CDC16","8881"
"CDC20","991"
"CDC23","8697"
"CDC25C","995"
"CDC26","246184"
"CDC27","996"
"CDC34","997"
"CDC37","11140"
"CDC40","51362"
"CDC42","998"
"CDC42BPA","8476"
"CDC42BPB","9578"
"CDC42EP4","23580"
"CDC42SE1","56882"
"CDC45","8318"
"CDC5L","988"
"CDC6","990"
"CDC7","8317"
"CDC73","79577"
"CDCA2","157313"
"CDCA3","83461"
"CDCA5","113130"
"CDCA7","83879"
"CDCA8","55143"
"CDH2","1000"
"CDIPT","10423"
"CDK1","983"
"CDK11B","984"
"CDK12","51755"
"CDK13","8621"
"CDK16","5127"
"CDK19","23097"
"CDK2","1017"
"CDK2AP1","8099"
"CDK4","1019"
"CDK5","1020"
"CDK5RAP1","51654"
"CDK5RAP2","55755"
"CDK5RAP3","80279"
"CDK6","1021"
"CDK7","1022"
"CDK9","1025"
"CDKAL1","54901"
"CDKL5","6792"
"CDKN1A","1026"
"CDKN1B","1027"
"CDKN2AIP","55602"
"CDKN2C","1031"
"CDNF","441549"
"CDON","50937"
"CDPF1","150383"
"CDR2","1039"
"CDR2L","30850"
"CDS2","8760"
"CDT1","81620"
"CDV3","55573"
"CDX2","1045"
"CDYL","9425"
"CEBPA","1050"
"CEBPB","1051"
"CEBPZ","10153"
"CECR2","27443"
"CELF1","10658"
"CELF2","10659"
"CELSR2","1952"
"CEMIP2","23670"
"CENATAC","338657"
"CENPA","1058"
"CENPB","1059"
"CENPC","1060"
"CENPE","1062"
"CENPF","1063"
"CENPH","64946"
"CENPI","2491"
"CENPJ","55835"
"CENPK","64105"
"CENPL","91687"
"CENPM","79019"
"CENPN","55839"
"CENPO","79172"
"CENPP","401541"
"CENPQ","55166"
"CENPS","378708"
"CENPT","80152"
"CENPU","79682"
"CENPV","201161"
"CEP112","201134"
"CEP120","153241"
"CEP128","145508"
"CEP131","22994"
"CEP135","9662"
"CEP152","22995"
"CEP162","22832"
"CEP164","22897"
"CEP170","9859"
"CEP192","55125"
"CEP20","123811"
"CEP250","11190"
"CEP290","80184"
"CEP350","9857"
"CEP43","11116"
"CEP44","80817"
"CEP55","55165"
"CEP57","9702"
"CEP63","80254"
"CEP68","23177"
"CEP76","79959"
"CEP78","84131"
"CEP83","51134"
"CEP85","64793"
"CEP85L","387119"
"CEP95","90799"
"CEP97","79598"
"CEPT1","10390"
"CERCAM","51148"
"CERS1","10715"
"CERS2","29956"
"CERS5","91012"
"CERS6","253782"
"CERT1","10087"
"CES2","8824"
"CES3","23491"
"CETN2","1069"
"CETN3","1070"
"CFAP20","29105"
"CFAP298","56683"
"CFAP36","112942"
"CFAP410","755"
"CFAP418","157657"
"CFDP1","10428"
"CFI","3426"
"CFL1","1072"
"CFL2","1073"
"CGGBP1","8545"
"CGN","57530"
"CHAC1","79094"
"CHAC2","494143"
"CHAF1A","10036"
"CHAF1B","8208"
"CHAMP1","283489"
"CHCHD1","118487"
"CHCHD2","51142"
"CHCHD3","54927"
"CHCHD5","84269"
"CHCHD6","84303"
"CHCHD7","79145"
"CHD1","1105"
"CHD1L","9557"
"CHD2","1106"
"CHD3","1107"
"CHD4","1108"
"CHD6","84181"
"CHD7","55636"
"CHD8","57680"
"CHD9","80205"
"CHDH","55349"
"CHEK1","1111"
"CHEK2","11200"
"CHERP","10523"
"CHFR","55743"
"CHIC2","26511"
"CHID1","66005"
"CHM","1121"
"CHML","1122"
"CHMP1A","5119"
"CHMP1B","57132"
"CHMP2A","27243"
"CHMP2B","25978"
"CHMP3","51652"
"CHMP4A","29082"
"CHMP4B","128866"
"CHMP4C","92421"
"CHMP5","51510"
"CHMP6","79643"
"CHMP7","91782"
"CHN1","1123"
"CHORDC1","26973"
"CHP1","11261"
"CHRAC1","54108"
"CHST10","9486"
"CHST12","55501"
"CHST14","113189"
"CHST7","56548"
"CHTF18","63922"
"CHTF8","54921"
"CHTOP","26097"
"CHUK","1147"
"CHURC1","91612"
"CIAO1","9391"
"CIAO2A","84191"
"CIAO2B","51647"
"CIAO3","64428"
"CIAPIN1","57019"
"CIBAR1","137392"
"CIC","23152"
"CILP","8483"
"CINP","51550"
"CIP2A","57650"
"CIR1","9541"
"CIRBP","1153"
"CISD2","493856"
"CIT","11113"
"CIZ1","25792"
"CKAP2","26586"
"CKAP2L","150468"
"CKAP4","10970"
"CKAP5","9793"
"CKB","1152"
"CKMT1B","1159"
"CLASP1","23332"
"CLASP2","23122"
"CLASRP","11129"
"CLCC1","23155"
"CLCN3","1182"
"CLCN6","1185"
"CLCN7","1186"
"CLDND1","56650"
"CLEC3B","7123"
"CLGN","1047"
"CLIC1","1192"
"CLIC4","25932"
"CLINT1","9685"
"CLIP1","6249"
"CLIP2","7461"
"CLK1","1195"
"CLK2","1196"
"CLK4","57396"
"CLMN","79789"
"CLN3","1201"
"CLN5","1203"
"CLN6","54982"
"CLNS1A","1207"
"CLP1","10978"
"CLPB","81570"
"CLPP","8192"
"CLPTM1","1209"
"CLPTM1L","81037"
"CLPX","10845"
"CLSPN","63967"
"CLSTN3","9746"
"CLTA","1211"
"CLTB","1212"
"CLTC","1213"
"CLUAP1","23059"
"CLUH","23277"
"CLYBL","171425"
"CMAS","55907"
"CMBL","134147"
"CMC1","152100"
"CMC2","56942"
"CMC4","100272147"
"CMPK1","51727"
"CMSS1","84319"
"CMTR1","23070"
"CNDP2","55748"
"CNIH4","29097"
"CNN2","1265"
"CNN3","1266"
"CNNM2","54805"
"CNNM3","26505"
"CNNM4","26504"
"CNOT1","23019"
"CNOT10","25904"
"CNOT11","55571"
"CNOT2","4848"
"CNOT3","4849"
"CNOT4","4850"
"CNOT7","29883"
"CNP","1267"
"CNPY2","10330"
"CNPY3","10695"
"CNPY4","245812"
"CNRIP1","25927"
"CNTFR","1271"
"CNTN1","1272"
"CNTNAP1","8506"
"CNTRL","11064"
"CNTROB","116840"
"COA1","55744"
"COA3","28958"
"COA4","51287"
"COA5","493753"
"COA6","388753"
"COA7","65260"
"COASY","80347"
"COBL","23242"
"COBLL1","22837"
"COCH","1690"
"COG1","9382"
"COG2","22796"
"COG3","83548"
"COG4","25839"
"COG5","10466"
"COG6","57511"
"COG7","91949"
"COG8","84342"
"COIL","8161"
"COL14A1","7373"
"COL18A1","80781"
"COL2A1","1280"
"COL4A1","1282"
"COL4A2","1284"
"COL4A5","1287"
"COL6A1","1291"
"COL6A2","1292"
"COLGALT1","79709"
"COLGALT2","23127"
"COMMD1","150684"
"COMMD10","51397"
"COMMD2","51122"
"COMMD4","54939"
"COMMD6","170622"
"COMMD7","149951"
"COMT","1312"
"COMTD1","118881"
"COPA","1314"
"COPB1","1315"
"COPB2","9276"
"COPE","11316"
"COPG1","22820"
"COPG2","26958"
"COPS2","9318"
"COPS3","8533"
"COPS4","51138"
"COPS5","10987"
"COPS6","10980"
"COPS7A","50813"
"COPS7B","64708"
"COPS8","10920"
"COPZ1","22818"
"COQ3","51805"
"COQ5","84274"
"COQ6","51004"
"COQ7","10229"
"COQ8A","56997"
"COQ8B","79934"
"CORO1A","11151"
"CORO1B","57175"
"CORO1C","23603"
"CORO7","79585"
"COTL1","23406"
"COX11","1353"
"COX14","84987"
"COX15","1355"
"COX16","51241"
"COX17","10063"
"COX19","90639"
"COX20","116228"
"COX4I1","1327"
"COX5A","9377"
"COX5B","1329"
"COX6B1","1340"
"COX6C","1345"
"COX7A2","1347"
"COX7A2L","9167"
"COX7C","1350"
"CPD","1362"
"CPE","1363"
"CPEB4","80315"
"CPM","1368"
"CPNE1","8904"
"CPNE2","221184"
"CPNE3","8895"
"CPOX","1371"
"CPPED1","55313"
"CPQ","10404"
"CPS1","1373"
"CPSF1","29894"
"CPSF2","53981"
"CPSF3","51692"
"CPSF4","10898"
"CPSF6","11052"
"CPSF7","79869"
"CPT1A","1374"
"CPT2","1376"
"CPTP","80772"
"CPVL","54504"
"CRACD","57482"
"CRADD","8738"
"CRAMP1","57585"
"CRAT","1384"
"CRCP","27297"
"CREB1","1385"
"CREB5","9586"
"CREBBP","1387"
"CREG1","8804"
"CRELD1","78987"
"CRELD2","79174"
"CRIP2","1397"
"CRIPT","9419"
"CRISPLD1","83690"
"CRK","1398"
"CRKL","1399"
"CRLF3","51379"
"CRNKL1","51340"
"CROCC","9696"
"CROT","54677"
"CRTAP","10491"
"CRTC1","23373"
"CRTC2","200186"
"CRTC3","64784"
"CRYBG3","131544"
"CRYZ","1429"
"CRYZL1","9946"
"CS","1431"
"CSDE1","7812"
"CSE1L","1434"
"CSGALNACT2","55454"
"CSK","1445"
"CSNK1A1","1452"
"CSNK1D","1453"
"CSNK1E","1454"
"CSNK1G2","1455"
"CSNK1G3","1456"
"CSNK2A1","1457"
"CSNK2A2","1459"
"CSNK2B","1460"
"CSPP1","79848"
"CSRP1","1465"
"CSRP2","1466"
"CST3","1471"
"CSTB","1476"
"CSTF1","1477"
"CSTF2","1478"
"CSTF2T","23283"
"CSTF3","1479"
"CTBP1","1487"
"CTBP2","1488"
"CTBS","1486"
"CTCF","10664"
"CTDNEP1","23399"
"CTDP1","9150"
"CTDSPL","10217"
"CTDSPL2","51496"
"CTF1","1489"
"CTH","1491"
"CTIF","9811"
"CTNNA1","1495"
"CTNNA2","1496"
"CTNNAL1","8727"
"CTNNB1","1499"
"CTNNBL1","56259"
"CTNND1","1500"
"CTPS1","1503"
"CTPS2","56474"
"CTR9","9646"
"CTSA","5476"
"CTSB","1508"
"CTSC","1075"
"CTSF","8722"
"CTSH","1512"
"CTSL","1514"
"CTSV","1515"
"CTTN","2017"
"CTTNBP2","83992"
"CTTNBP2NL","55917"
"CTU1","90353"
"CTU2","348180"
"CUEDC1","404093"
"CUEDC2","79004"
"CUL1","8454"
"CUL2","8453"
"CUL3","8452"
"CUL4A","8451"
"CUL4B","8450"
"CUL5","8065"
"CUTA","51596"
"CUTC","51076"
"CUX1","1523"
"CWC15","51503"
"CWC25","54883"
"CWC27","10283"
"CWF19L1","55280"
"CWF19L2","143884"
"CXADR","1525"
"CXorf38","159013"
"CXXC1","30827"
"CXXC5","51523"
"CYB561D2","11068"
"CYB5B","80777"
"CYB5R1","51706"
"CYB5R3","1727"
"CYB5R4","51167"
"CYC1","1537"
"CYFIP1","23191"
"CYFIP2","26999"
"CYP20A1","57404"
"CYP2S1","29785"
"CYP51A1","1595"
"CYRIB","51571"
"CYTH1","9267"
"CZIB","54987"
"D2HGDH","728294"
"DAAM1","23002"
"DAB2IP","153090"
"DACH1","1602"
"DAD1","1603"
"DAG1","1605"
"DAGLB","221955"
"DAP","1611"
"DAP3","7818"
"DAPK3","1613"
"DARS1","1615"
"DARS2","55157"
"DAXX","1616"
"DAZAP1","26528"
"DBF4","10926"
"DBI","1622"
"DBN1","1627"
"DBNL","28988"
"DBR1","51163"
"DBT","1629"
"DCAF1","9730"
"DCAF10","79269"
"DCAF11","80344"
"DCAF12","25853"
"DCAF13","25879"
"DCAF15","90379"
"DCAF16","54876"
"DCAF4","26094"
"DCAF5","8816"
"DCAF6","55827"
"DCAF7","10238"
"DCAF8","50717"
"DCAKD","79877"
"DCBLD2","131566"
"DCK","1633"
"DCLK1","9201"
"DCLK2","166614"
"DCLRE1A","9937"
"DCP1A","55802"
"DCP1B","196513"
"DCP2","167227"
"DCPS","28960"
"DCTN1","1639"
"DCTN2","10540"
"DCTN3","11258"
"DCTN4","51164"
"DCTN5","84516"
"DCTN6","10671"
"DCTPP1","79077"
"DCUN1D1","54165"
"DCUN1D3","123879"
"DCUN1D4","23142"
"DCUN1D5","84259"
"DCXR","51181"
"DDA1","79016"
"DDAH1","23576"
"DDAH2","23564"
"DDB1","1642"
"DDB2","1643"
"DDHD1","80821"
"DDHD2","23259"
"DDI2","84301"
"DDOST","1650"
"DDR1","780"
"DDRGK1","65992"
"DDT","1652"
"DDX1","1653"
"DDX10","1662"
"DDX17","10521"
"DDX18","8886"
"DDX20","11218"
"DDX21","9188"
"DDX23","9416"
"DDX24","57062"
"DDX27","55661"
"DDX31","64794"
"DDX39A","10212"
"DDX39B","7919"
"DDX3X","1654"
"DDX41","51428"
"DDX42","11325"
"DDX46","9879"
"DDX47","51202"
"DDX49","54555"
"DDX5","1655"
"DDX50","79009"
"DDX51","317781"
"DDX52","11056"
"DDX54","79039"
"DDX55","57696"
"DDX56","54606"
"DDX59","83479"
"DDX6","1656"
"DEAF1","10522"
"DECR1","1666"
"DECR2","26063"
"DEGS1","8560"
"DEK","7913"
"DENND10","404636"
"DENND1A","57706"
"DENND4A","10260"
"DENND4C","55667"
"DENND6A","201627"
"DENR","8562"
"DEPDC1","55635"
"DEPDC1B","55789"
"DEPDC7","91614"
"DERA","51071"
"DERL1","79139"
"DERL2","51009"
"DERPC","113455421"
"DESI1","27351"
"DESI2","51029"
"DFFA","1676"
"DFFB","1677"
"DGAT1","8694"
"DGCR8","54487"
"DGKE","8526"
"DGKH","160851"
"DGKZ","8525"
"DGUOK","1716"
"DHCR24","1718"
"DHCR7","1717"
"DHFR","1719"
"DHODH","1723"
"DHPS","1725"
"DHRS1","115817"
"DHRS11","79154"
"DHRS4","10901"
"DHRS7","51635"
"DHRS7B","25979"
"DHRSX","207063"
"DHTKD1","55526"
"DHX15","1665"
"DHX16","8449"
"DHX29","54505"
"DHX30","22907"
"DHX33","56919"
"DHX34","9704"
"DHX35","60625"
"DHX36","170506"
"DHX37","57647"
"DHX38","9785"
"DHX40","79665"
"DHX57","90957"
"DHX8","1659"
"DHX9","1660"
"DIABLO","56616"
"DIAPH1","1729"
"DIAPH2","1730"
"DIAPH3","81624"
"DICER1","23405"
"DIDO1","11083"
"DIMT1","27292"
"DIP2A","23181"
"DIP2B","57609"
"DIP2C","22982"
"DIPK1B","138311"
"DIPK2A","205428"
"DIRAS1","148252"
"DIS3","22894"
"DIS3L","115752"
"DIS3L2","129563"
"DISC1","27185"
"DKC1","1736"
"DLAT","1737"
"DLD","1738"
"DLG1","1739"
"DLG3","1741"
"DLG5","9231"
"DLGAP4","22839"
"DLGAP5","9787"
"DLST","1743"
"DMAC2","55101"
"DMAC2L","27109"
"DMAP1","55929"
"DMD","1756"
"DNAAF10","116143"
"DNAAF2","55172"
"DNAAF5","54919"
"DNAJA1","3301"
"DNAJA2","10294"
"DNAJA3","9093"
"DNAJB1","3337"
"DNAJB11","51726"
"DNAJB12","54788"
"DNAJB14","79982"
"DNAJB2","3300"
"DNAJB4","11080"
"DNAJB6","10049"
"DNAJB9","4189"
"DNAJC1","64215"
"DNAJC10","54431"
"DNAJC11","55735"
"DNAJC13","23317"
"DNAJC16","23341"
"DNAJC17","55192"
"DNAJC19","131118"
"DNAJC2","27000"
"DNAJC21","134218"
"DNAJC28","54943"
"DNAJC3","5611"
"DNAJC5","80331"
"DNAJC6","9829"
"DNAJC7","7266"
"DNAJC8","22826"
"DNAJC9","23234"
"DNAL1","83544"
"DNASE2","1777"
"DNM1","1759"
"DNM1L","10059"
"DNM2","1785"
"DNM3","26052"
"DNMBP","23268"
"DNMT1","1786"
"DNMT3A","1788"
"DNMT3B","1789"
"DNPEP","23549"
"DNPH1","10591"
"DNTTIP1","116092"
"DNTTIP2","30836"
"DOCK1","1793"
"DOCK11","139818"
"DOCK5","80005"
"DOCK7","85440"
"DOHH","83475"
"DOLPP1","57171"
"DONSON","29980"
"DOP1B","9980"
"DOT1L","84444"
"DPAGT1","1798"
"DPCD","25911"
"DPF1","8193"
"DPF2","5977"
"DPF3","8110"
"DPH1","1801"
"DPH2","1802"
"DPH5","51611"
"DPM1","8813"
"DPP3","10072"
"DPP8","54878"
"DPP9","91039"
"DPY19L1","23333"
"DPY30","84661"
"DPYSL2","1808"
"DPYSL4","10570"
"DPYSL5","56896"
"DR1","1810"
"DRAP1","10589"
"DRG1","4733"
"DRG2","1819"
"DROSHA","29102"
"DSC2","1824"
"DSC3","1825"
"DSCC1","79075"
"DSG1","1828"
"DSG2","1829"
"DSN1","79980"
"DSP","1832"
"DST","667"
"DSTN","11034"
"DSTYK","25778"
"DTD1","92675"
"DTD2","112487"
"DTL","51514"
"DTNA","1837"
"DTNB","1838"
"DTNBP1","84062"
"DTWD2","285605"
"DTX3L","151636"
"DTYMK","1841"
"DUS1L","64118"
"DUS2","54920"
"DUS3L","56931"
"DUSP11","8446"
"DUSP12","11266"
"DUSP22","56940"
"DUSP3","1845"
"DUSP9","1852"
"DUT","1854"
"DVL2","1856"
"DVL3","1857"
"DXO","1797"
"DYNC1H1","1778"
"DYNC1I1","1780"
"DYNC1I2","1781"
"DYNC1LI1","51143"
"DYNC1LI2","1783"
"DYNC2H1","79659"
"DYNC2I1","55112"
"DYNC2I2","89891"
"DYNC2LI1","51626"
"DYNLL1","8655"
"DYNLL2","140735"
"DYNLRB1","83658"
"DYNLT1","6993"
"DYNLT2B","255758"
"DYNLT3","6990"
"DYRK1A","1859"
"DYRK1B","9149"
"DZIP3","9666"
"E2F3","1871"
"E2F6","1876"
"E4F1","1877"
"EAF1","85403"
"EAPP","55837"
"EARS2","124454"
"EBAG9","9166"
"EBF3","253738"
"EBNA1BP2","10969"
"EBP","10682"
"ECD","11319"
"ECE1","1889"
"ECH1","1891"
"ECHDC1","55862"
"ECHS1","1892"
"ECI1","1632"
"ECI2","10455"
"ECPAS","23392"
"ECSIT","51295"
"ECT2","1894"
"EDA2R","60401"
"EDARADD","128178"
"EDC3","80153"
"EDC4","23644"
"EDEM2","55741"
"EDEM3","80267"
"EDF1","8721"
"EDRF1","26098"
"EEA1","8411"
"EED","8726"
"EEF1A2","1917"
"EEF1B2","1933"
"EEF1D","1936"
"EEF1E1","9521"
"EEF2","1938"
"EEF2K","29904"
"EEFSEC","60678"
"EEPD1","80820"
"EFCAB14","9813"
"EFEMP1","2202"
"EFHD1","80303"
"EFHD2","79180"
"EFL1","79631"
"EFNB1","1947"
"EFNB2","1948"
"EFNB3","1949"
"EFTUD2","9343"
"EGFL7","51162"
"EGFR","1956"
"EGLN1","54583"
"EHBP1","23301"
"EHD1","10938"
"EHD4","30844"
"EHHADH","1962"
"EHMT1","79813"
"EHMT2","10919"
"EI24","9538"
"EID2","163126"
"EIF1AD","84285"
"EIF1AX","1964"
"EIF2A","83939"
"EIF2AK2","5610"
"EIF2AK3","9451"
"EIF2AK4","440275"
"EIF2B1","1967"
"EIF2B2","8892"
"EIF2B3","8891"
"EIF2B4","8890"
"EIF2B5","8893"
"EIF2D","1939"
"EIF2S1","1965"
"EIF2S2","8894"
"EIF2S3","1968"
"EIF3A","8661"
"EIF3B","8662"
"EIF3D","8664"
"EIF3E","3646"
"EIF3F","8665"
"EIF3G","8666"
"EIF3H","8667"
"EIF3I","8668"
"EIF3J","8669"
"EIF3K","27335"
"EIF3L","51386"
"EIF3M","10480"
"EIF4A1","1973"
"EIF4A2","1974"
"EIF4A3","9775"
"EIF4B","1975"
"EIF4E","1977"
"EIF4E2","9470"
"EIF4E3","317649"
"EIF4EBP1","1978"
"EIF4EBP2","1979"
"EIF4G1","1981"
"EIF4G2","1982"
"EIF4G3","8672"
"EIF4H","7458"
"EIF5A","1984"
"EIF5A2","56648"
"EIF5B","9669"
"EIF6","3692"
"EIPR1","7260"
"ELAC1","55520"
"ELAC2","60528"
"ELAPOR2","222223"
"ELAVL1","1994"
"ELAVL2","1993"
"ELF1","1997"
"ELF2","1998"
"ELK1","2002"
"ELL","8178"
"ELL2","22936"
"ELMO2","63916"
"ELMOD2","255520"
"ELOA","6924"
"ELOB","6923"
"ELOC","6921"
"ELOVL2","54898"
"ELP1","8518"
"ELP2","55250"
"ELP3","55140"
"ELP4","26610"
"ELP5","23587"
"ELP6","54859"
"EMB","133418"
"EMC1","23065"
"EMC10","284361"
"EMC2","9694"
"EMC3","55831"
"EMC4","51234"
"EMC6","83460"
"EMC7","56851"
"EMC8","10328"
"EMC9","51016"
"EMD","2010"
"EME1","146956"
"EMG1","10436"
"EMILIN2","84034"
"EML1","2009"
"EML2","24139"
"EML4","27436"
"EMSY","56946"
"EMX1","2016"
"EN2","2020"
"ENAH","55740"
"ENDOG","2021"
"ENGASE","64772"
"ENO1","2023"
"ENO2","2026"
"ENO3","2027"
"ENOPH1","58478"
"ENOX2","10495"
"ENPP1","5167"
"ENPP4","22875"
"ENPP5","59084"
"ENSA","2029"
"ENTPD5","957"
"ENY2","56943"
"EOGT","285203"
"EP300","2033"
"EP400","57634"
"EPB41","2035"
"EPB41L1","2036"
"EPB41L2","2037"
"EPB41L3","23136"
"EPB41L5","57669"
"EPC1","80314"
"EPC2","26122"
"EPDR1","54749"
"EPHA2","1969"
"EPHB2","2048"
"EPHB4","2050"
"EPHX1","2052"
"EPHX2","2053"
"EPN1","29924"
"EPN2","22905"
"EPOP","100170841"
"EPPK1","83481"
"EPRS1","2058"
"EPS15","2060"
"EPS15L1","58513"
"EPS8","2059"
"ERAL1","26284"
"ERBIN","55914"
"ERC1","23085"
"ERCC1","2067"
"ERCC2","2068"
"ERCC3","2071"
"ERCC4","2072"
"ERCC5","2073"
"ERCC6","2074"
"ERCC6L","54821"
"ERF","2077"
"ERG28","11161"
"ERGIC1","57222"
"ERGIC2","51290"
"ERGIC3","51614"
"ERH","2079"
"ERI1","90459"
"ERI3","79033"
"ERICH1","157697"
"ERLEC1","27248"
"ERLIN1","10613"
"ERLIN2","11160"
"ERMP1","79956"
"ERO1A","30001"
"ERO1B","56605"
"ERP29","10961"
"ESAM","90952"
"ESCO1","114799"
"ESCO2","157570"
"ESD","2098"
"ESF1","51575"
"ESPL1","9700"
"ESS2","8220"
"ESYT1","23344"
"ESYT2","57488"
"ETF1","2107"
"ETFA","2108"
"ETFB","2109"
"ETFDH","2110"
"ETFRF1","144363"
"ETHE1","23474"
"ETNK1","55500"
"ETV3","2117"
"ETV6","2120"
"EVI5L","115704"
"EVL","51466"
"EWSR1","2130"
"EXD2","55218"
"EXO1","9156"
"EXOC1","55763"
"EXOC2","55770"
"EXOC3","11336"
"EXOC4","60412"
"EXOC5","10640"
"EXOC6","54536"
"EXOC6B","23233"
"EXOC7","23265"
"EXOC8","149371"
"EXOG","9941"
"EXOSC1","51013"
"EXOSC10","5394"
"EXOSC2","23404"
"EXOSC3","51010"
"EXOSC4","54512"
"EXOSC5","56915"
"EXOSC6","118460"
"EXOSC7","23016"
"EXOSC8","11340"
"EXOSC9","5393"
"EXT1","2131"
"EXT2","2132"
"EXTL2","2135"
"EYA3","2140"
"EYA4","2070"
"EZH1","2145"
"EZH2","2146"
"EZR","7430"
"F10","2159"
"F11R","50848"
"F8A3","474384"
"FAAP20","199990"
"FABP5","2171"
"FADD","8772"
"FADS1","3992"
"FADS2","9415"
"FAF1","11124"
"FAF2","23197"
"FAH","2184"
"FAHD1","81889"
"FAHD2A","51011"
"FAHD2B","151313"
"FAIM","55179"
"FAM107B","83641"
"FAM110A","83541"
"FAM110B","90362"
"FAM114A2","10827"
"FAM117A","81558"
"FAM117B","150864"
"FAM118B","79607"
"FAM120A","23196"
"FAM120B","84498"
"FAM120C","54954"
"FAM133B","257415"
"FAM136A","84908"
"FAM13A","10144"
"FAM156B","727866"
"FAM161A","84140"
"FAM162A","26355"
"FAM169A","26049"
"FAM171A1","221061"
"FAM171A2","284069"
"FAM177A1","283635"
"FAM184A","79632"
"FAM185A","222234"
"FAM193A","8603"
"FAM193B","54540"
"FAM204A","63877"
"FAM20B","9917"
"FAM210A","125228"
"FAM210B","116151"
"FAM219B","57184"
"FAM221A","340277"
"FAM234A","83986"
"FAM241A","132720"
"FAM241B","219738"
"FAM32A","26017"
"FAM3A","60343"
"FAM50A","9130"
"FAM50B","26240"
"FAM53C","51307"
"FAM76A","199870"
"FAM76B","143684"
"FAM83B","222584"
"FAM83D","81610"
"FAM83H","286077"
"FAM8A1","51439"
"FAM91A1","157769"
"FAM98A","25940"
"FAM98B","283742"
"FAM98C","147965"
"FANCA","2175"
"FANCB","2187"
"FANCD2","2177"
"FANCG","2189"
"FANCI","55215"
"FAR1","84188"
"FARP1","10160"
"FARP2","9855"
"FARS2","10667"
"FARSA","2193"
"FARSB","10056"
"FAS","355"
"FASN","2194"
"FASTKD2","22868"
"FASTKD3","79072"
"FASTKD5","60493"
"FAT3","120114"
"FAU","2197"
"FBF1","85302"
"FBL","2091"
"FBLN1","2192"
"FBLN5","10516"
"FBN2","2201"
"FBRS","64319"
"FBXL12","54850"
"FBXL15","79176"
"FBXL18","80028"
"FBXL19","54620"
"FBXL20","84961"
"FBXO11","80204"
"FBXO17","115290"
"FBXO22","26263"
"FBXO28","23219"
"FBXO3","26273"
"FBXO30","84085"
"FBXO38","81545"
"FBXO4","26272"
"FBXO42","54455"
"FBXO44","93611"
"FBXO45","200933"
"FBXO5","26271"
"FBXO7","25793"
"FBXO9","26268"
"FBXW11","23291"
"FCF1","51077"
"FCGRT","2217"
"FCHO2","115548"
"FCHSD1","89848"
"FCHSD2","9873"
"FDFT1","2222"
"FDPS","2224"
"FDX1","2230"
"FDXR","2232"
"FECH","2235"
"FEM1B","10116"
"FEN1","2237"
"FERMT2","10979"
"FEZ2","9637"
"FGD1","2245"
"FGD4","121512"
"FGF2","2247"
"FGFR1","2260"
"FGFR2","2263"
"FH","2271"
"FHIP1B","84067"
"FHIP2A","57700"
"FHIT","2272"
"FHL2","2274"
"FHL3","2275"
"FHOD1","29109"
"FIBP","9158"
"FIG4","9896"
"FIGNL1","63979"
"FIRRM","55732"
"FIS1","51024"
"FIZ1","84922"
"FKBP10","60681"
"FKBP14","55033"
"FKBP15","23307"
"FKBP1A","2280"
"FKBP1B","2281"
"FKBP2","2286"
"FKBP3","2287"
"FKBP4","2288"
"FKBP5","2289"
"FKBP7","51661"
"FKBP8","23770"
"FKBP9","11328"
"FKRP","79147"
"FLAD1","80308"
"FLCN","201163"
"FLII","2314"
"FLNA","2316"
"FLNB","2317"
"FLNC","2318"
"FLOT1","10211"
"FLOT2","2319"
"FLRT3","23767"
"FLVCR1","28982"
"FLYWCH1","84256"
"FLYWCH2","114984"
"FMC1","154791"
"FMN2","56776"
"FMNL2","114793"
"FMR1","2332"
"FN3KRP","79672"
"FNBP1","23048"
"FNBP1L","54874"
"FNBP4","23360"
"FNDC10","643988"
"FNDC3A","22862"
"FNDC3B","64778"
"FNTA","2339"
"FNTB","2342"
"FOCAD","54914"
"FOSB","2354"
"FOXA1","3169"
"FOXB1","27023"
"FOXC1","2296"
"FOXD2","2306"
"FOXF1","2294"
"FOXF2","2295"
"FOXG1","2290"
"FOXJ2","55810"
"FOXJ3","22887"
"FOXK1","221937"
"FOXK2","3607"
"FOXM1","2305"
"FOXN3","1112"
"FOXO1","2308"
"FOXO3","2309"
"FOXP1","27086"
"FOXP2","93986"
"FOXP4","116113"
"FOXRED1","55572"
"FOXRED2","80020"
"FPGT","8790"
"FRA10AC1","118924"
"FRAS1","80144"
"FRAT2","23401"
"FREM2","341640"
"FRG1","2483"
"FRMD6","122786"
"FRMD8","83786"
"FRRS1","391059"
"FRS2","10818"
"FRYL","285527"
"FSCN1","6624"
"FSD1","79187"
"FSTL1","11167"
"FTH1","2495"
"FTO","79068"
"FTSJ1","24140"
"FTSJ3","117246"
"FUBP1","8880"
"FUBP3","8939"
"FUCA1","2517"
"FUCA2","2519"
"FUNDC2","65991"
"FUOM","282969"
"FUS","2521"
"FUT11","170384"
"FXR1","8087"
"FXR2","9513"
"FYCO1","79443"
"FYN","2534"
"FYTTD1","84248"
"FZD6","8323"
"G3BP1","10146"
"G3BP2","9908"
"G6PC3","92579"
"G6PD","2539"
"GAA","2548"
"GAB1","2549"
"GABARAP","11337"
"GABARAPL1","23710"
"GABARAPL2","11345"
"GABPA","2551"
"GADD45GIP1","90480"
"GAK","2580"
"GALE","2582"
"GALK1","2584"
"GALM","130589"
"GALNS","2588"
"GALNT1","2589"
"GALNT11","63917"
"GALNT16","57452"
"GALNT2","2590"
"GALNT6","11226"
"GALNT7","51809"
"GALT","2592"
"GAMT","2593"
"GAN","8139"
"GANAB","23193"
"GAPDH","2597"
"GAPVD1","26130"
"GAR1","54433"
"GAREM1","64762"
"GARRE1","9710"
"GARS1","2617"
"GART","2618"
"GAS1","2619"
"GAS2L3","283431"
"GATA2","2624"
"GATA3","2625"
"GATA6","2627"
"GATAD1","57798"
"GATAD2A","54815"
"GATAD2B","57459"
"GATB","5188"
"GATC","283459"
"GATD1","347862"
"GBA1","2629"
"GBA2","57704"
"GBE1","2632"
"GBF1","8729"
"GCA","25801"
"GCAT","23464"
"GCC1","79571"
"GCC2","9648"
"GCDH","2639"
"GCFC2","6936"
"GCHFR","2644"
"GCLC","2729"
"GCLM","2730"
"GCN1","10985"
"GCSH","2653"
"GDAP1","54332"
"GDAP2","54834"
"GDE1","51573"
"GDI1","2664"
"GDI2","2665"
"GDPD1","284161"
"GDPGP1","390637"
"GEMIN2","8487"
"GEMIN4","50628"
"GEMIN5","25929"
"GEMIN6","79833"
"GEMIN7","79760"
"GEMIN8","54960"
"GEN1","348654"
"GET1","7485"
"GET3","439"
"GET4","51608"
"GFER","2671"
"GFM1","85476"
"GFM2","84340"
"GFPT1","2673"
"GFRA1","2674"
"GFUS","7264"
"GGA1","26088"
"GGA2","23062"
"GGA3","23163"
"GGCT","79017"
"GGCX","2677"
"GGH","8836"
"GGNBP2","79893"
"GGPS1","9453"
"GGT7","2686"
"GHDC","84514"
"GID4","79018"
"GID8","54994"
"GIGYF1","64599"
"GIGYF2","26058"
"GINS1","9837"
"GINS2","51659"
"GINS3","64785"
"GINS4","84296"
"GIPC1","10755"
"GIT1","28964"
"GIT2","9815"
"GKAP1","80318"
"GLA","2717"
"GLB1","2720"
"GLB1L2","89944"
"GLCCI1","113263"
"GLCE","26035"
"GLDC","2731"
"GLE1","2733"
"GLG1","2734"
"GLI2","2736"
"GLI3","2737"
"GLI4","2738"
"GLIPR2","152007"
"GLMN","11146"
"GLMP","112770"
"GLO1","2739"
"GLOD4","51031"
"GLRX3","10539"
"GLRX5","51218"
"GLS","2744"
"GLTP","51228"
"GLUD1","2746"
"GLUL","2752"
"GLYR1","84656"
"GM2A","2760"
"GMDS","2762"
"GMEB1","10691"
"GMEB2","26205"
"GMFB","2764"
"GMNN","51053"
"GMPPA","29926"
"GMPPB","29925"
"GMPR","2766"
"GMPR2","51292"
"GMPS","8833"
"GNA11","2767"
"GNA12","2768"
"GNA13","10672"
"GNAI1","2770"
"GNAI2","2771"
"GNAI3","2773"
"GNAQ","2776"
"GNAS","2778"
"GNB1","2782"
"GNB1L","54584"
"GNB4","59345"
"GNE","10020"
"GNG12","55970"
"GNG4","2786"
"GNG7","2788"
"GNL1","2794"
"GNL2","29889"
"GNL3","26354"
"GNL3L","54552"
"GNPAT","8443"
"GNPDA1","10007"
"GNPDA2","132789"
"GNPNAT1","64841"
"GNPTAB","79158"
"GNPTG","84572"
"GNS","2799"
"GOLGA1","2800"
"GOLGA2","2801"
"GOLGA3","2802"
"GOLGA4","2803"
"GOLGA5","9950"
"GOLGB1","2804"
"GOLIM4","27333"
"GOLM2","113201"
"GOLPH3","64083"
"GOLPH3L","55204"
"GOLT1B","51026"
"GON7","84520"
"GOPC","57120"
"GORAB","92344"
"GORASP2","26003"
"GOSR1","9527"
"GOSR2","9570"
"GOT1","2805"
"GOT2","2806"
"GPAA1","8733"
"GPALPP1","55425"
"GPANK1","7918"
"GPAT4","137964"
"GPATCH1","55094"
"GPATCH11","253635"
"GPATCH2","55105"
"GPATCH3","63906"
"GPATCH4","54865"
"GPATCH8","23131"
"GPBP1","65056"
"GPC1","2817"
"GPC4","2239"
"GPCPD1","56261"
"GPD1L","23171"
"GPD2","2820"
"GPHN","10243"
"GPI","2821"
"GPKOW","27238"
"GPM6B","2824"
"GPN1","11321"
"GPN3","51184"
"GPR107","57720"
"GPR180","160897"
"GPR50","9248"
"GPRASP2","114928"
"GPRC5A","9052"
"GPRIN1","114787"
"GPS1","2873"
"GPS2","2874"
"GPSM1","26086"
"GPT2","84706"
"GPX1","2876"
"GPX3","2878"
"GPX4","2879"
"GPX8","493869"
"GRB10","2887"
"GRB2","2885"
"GRHPR","9380"
"GRIPAP1","56850"
"GRK2","156"
"GRK6","2870"
"GRN","2896"
"GRPEL1","80273"
"GRPEL2","134266"
"GRSF1","2926"
"GRWD1","83743"
"GSDME","1687"
"GSE1","23199"
"GSK3A","2931"
"GSK3B","2932"
"GSKIP","51527"
"GSPT1","2935"
"GSR","2936"
"GSS","2937"
"GSTCD","79807"
"GSTK1","373156"
"GSTM2","2946"
"GSTM3","2947"
"GSTO1","9446"
"GSTZ1","2954"
"GTF2A1","2957"
"GTF2A2","2958"
"GTF2B","2959"
"GTF2E1","2960"
"GTF2E2","2961"
"GTF2F1","2962"
"GTF2F2","2963"
"GTF2H1","2965"
"GTF2H2","2966"
"GTF2H3","2967"
"GTF2H4","2968"
"GTF2I","2969"
"GTF2IRD1","9569"
"GTF3A","2971"
"GTF3C2","2976"
"GTF3C3","9330"
"GTF3C4","9329"
"GTF3C5","9328"
"GTPBP1","9567"
"GTPBP10","85865"
"GTPBP2","54676"
"GTPBP3","84705"
"GTPBP4","23560"
"GTPBP6","8225"
"GTPBP8","29083"
"GTSE1","51512"
"GUCY1B1","2983"
"GUK1","2987"
"GULP1","51454"
"GUSB","2990"
"GXYLT1","283464"
"GYG1","2992"
"GYG2","8908"
"GYS1","2997"
"GZF1","64412"
"H2AC21","317772"
"H2AX","3014"
"H4C16","121504"
"H6PD","9563"
"HABP4","22927"
"HACD3","51495"
"HACE1","57531"
"HACL1","26061"
"HADH","3033"
"HADHA","3030"
"HADHB","3032"
"HAGH","3029"
"HAND1","9421"
"HAPSTR1","29035"
"HARS2","23438"
"HASPIN","83903"
"HAT1","8520"
"HAUS1","115106"
"HAUS2","55142"
"HAUS3","79441"
"HAUS4","54930"
"HAUS6","54801"
"HAUS7","55559"
"HAUS8","93323"
"HAX1","10456"
"HBS1L","10767"
"HCCS","3052"
"HCFC1","3054"
"HCFC2","29915"
"HDAC1","3065"
"HDAC2","3066"
"HDAC3","8841"
"HDAC4","9759"
"HDAC5","10014"
"HDAC6","10013"
"HDDC2","51020"
"HDDC3","374659"
"HDGF","3068"
"HDGFL2","84717"
"HDGFL3","50810"
"HDHD2","84064"
"HDHD3","81932"
"HDLBP","3069"
"HEATR1","55127"
"HEATR3","55027"
"HEATR5A","25938"
"HEATR5B","54497"
"HEATR6","63897"
"HEBP1","50865"
"HEBP2","23593"
"HECA","51696"
"HECTD1","25831"
"HECTD3","79654"
"HECTD4","283450"
"HEG1","57493"
"HELB","92797"
"HELLS","3070"
"HELZ","9931"
"HELZ2","85441"
"HERC2","8924"
"HERC4","26091"
"HERC5","51191"
"HES1","3280"
"HES4","57801"
"HEXA","3073"
"HEXB","3074"
"HEXIM1","10614"
"HEXIM2","124790"
"HEY1","23462"
"HGH1","51236"
"HGS","9146"
"HGSNAT","138050"
"HIBADH","11112"
"HIBCH","26275"
"HIC2","23119"
"HID1","283987"
"HIF1AN","55662"
"HIGD1A","25994"
"HIKESHI","51501"
"HINT1","3094"
"HINT2","84681"
"HINT3","135114"
"HIP1","3092"
"HIP1R","9026"
"HIRA","7290"
"HIRIP3","8479"
"HIVEP1","3096"
"HIVEP2","3097"
"HJURP","55355"
"HK1","3098"
"HK2","3099"
"HLA-B","3106"
"HLA-C","3107"
"HLA-E","3133"
"HLCS","3141"
"HLTF","6596"
"HLX","3142"
"HM13","81502"
"HMBOX1","79618"
"HMBS","3145"
"HMCES","56941"
"HMG20A","10363"
"HMG20B","10362"
"HMGA1","3159"
"HMGA2","8091"
"HMGB1","3146"
"HMGB2","3148"
"HMGB3","3149"
"HMGCL","3155"
"HMGN1","3150"
"HMGN2","3151"
"HMGN5","79366"
"HMGXB4","10042"
"HMOX2","3163"
"HNRNPA0","10949"
"HNRNPA1","3178"
"HNRNPA2B1","3181"
"HNRNPA3","220988"
"HNRNPAB","3182"
"HNRNPC","3183"
"HNRNPD","3184"
"HNRNPDL","9987"
"HNRNPF","3185"
"HNRNPH1","3187"
"HNRNPH2","3188"
"HNRNPH3","3189"
"HNRNPK","3190"
"HNRNPL","3191"
"HNRNPLL","92906"
"HNRNPM","4670"
"HNRNPR","10236"
"HNRNPU","3192"
"HNRNPUL1","11100"
"HNRNPUL2","221092"
"HOMER1","9456"
"HOMER2","9455"
"HOMEZ","57594"
"HOOK1","51361"
"HOOK2","29911"
"HOOK3","84376"
"HOXA10","3206"
"HOXA11","3207"
"HOXA13","3209"
"HOXA5","3202"
"HOXB4","3214"
"HOXB6","3216"
"HOXB9","3219"
"HOXC10","3226"
"HOXC11","3227"
"HOXC13","3229"
"HOXC9","3225"
"HOXD11","3237"
"HOXD13","3239"
"HP1BP3","50809"
"HPCAL1","3241"
"HPF1","54969"
"HPS3","84343"
"HPS5","11234"
"HPS6","79803"
"HPSE","10855"
"HS1BP3","64342"
"HS2ST1","9653"
"HS6ST2","90161"
"HSCB","150274"
"HSD17B10","3028"
"HSD17B11","51170"
"HSD17B12","51144"
"HSD17B4","3295"
"HSD17B7","51478"
"HSD17B8","7923"
"HSDL1","83693"
"HSDL2","84263"
"HSF1","3297"
"HSP90AA1","3320"
"HSP90AA4P","3323"
"HSP90AB1","3326"
"HSP90AB4P","664618"
"HSP90B1","7184"
"HSPA12A","259217"
"HSPA13","6782"
"HSPA14","51182"
"HSPA1L","3305"
"HSPA2","3306"
"HSPA4","3308"
"HSPA4L","22824"
"HSPA5","3309"
"HSPA8","3312"
"HSPA9","3313"
"HSPB1","3315"
"HSPBP1","23640"
"HSPD1","3329"
"HSPE1","3336"
"HSPH1","10808"
"HTATIP2","10553"
"HTATSF1","27336"
"HTRA1","5654"
"HTRA2","27429"
"HTT","3064"
"HUS1","3364"
"HUWE1","10075"
"HYCC1","84668"
"HYI","81888"
"HYOU1","10525"
"HYPK","25764"
"IAH1","285148"
"IARS1","3376"
"IARS2","55699"
"IBA57","200205"
"ICE1","23379"
"ICE2","79664"
"ICMT","23463"
"ICOSLG","23308"
"ID1","3397"
"ID4","3400"
"IDE","3416"
"IDH1","3417"
"IDH2","3418"
"IDH3A","3419"
"IDH3B","3420"
"IDH3G","3421"
"IDI1","3422"
"IDS","3423"
"IDUA","3425"
"IFI30","10437"
"IFIT5","24138"
"IFRD2","7866"
"IFT172","26160"
"IFT20","90410"
"IFT25","51668"
"IFT46","56912"
"IFT52","51098"
"IFT56","79989"
"IFT70A","92104"
"IFT74","80173"
"IFT80","57560"
"IGBP1","3476"
"IGF1R","3480"
"IGF2BP1","10642"
"IGF2BP2","10644"
"IGF2BP3","10643"
"IGFBP2","3485"
"IGFBP5","3488"
"IGFBP7","3490"
"IGHMBP2","3508"
"IGSF3","3321"
"IGSF8","93185"
"IK","3550"
"IKBIP","121457"
"IKBKB","3551"
"IKBKG","8517"
"IL10RB","3588"
"IL17RA","23765"
"ILF2","3608"
"ILF3","3609"
"ILK","3611"
"ILKAP","80895"
"ILRUN","64771"
"ILVBL","10994"
"IMMT","10989"
"IMP3","55272"
"IMP4","92856"
"IMPA1","3612"
"IMPA2","3613"
"IMPACT","55364"
"IMPDH1","3614"
"IMPDH2","3615"
"INA","9118"
"INCENP","3619"
"INF2","64423"
"ING1","3621"
"ING2","3622"
"ING3","54556"
"ING4","51147"
"ING5","84289"
"INIP","58493"
"INO80","54617"
"INO80B","83444"
"INO80C","125476"
"INO80E","283899"
"INPP1","3628"
"INPP4A","3631"
"INPP5A","3632"
"INPP5B","3633"
"INPP5F","22876"
"INPP5K","51763"
"INPPL1","3636"
"INSR","3643"
"INTS1","26173"
"INTS10","55174"
"INTS11","54973"
"INTS12","57117"
"INTS13","55726"
"INTS14","81556"
"INTS15","79034"
"INTS2","57508"
"INTS3","65123"
"INTS4","92105"
"INTS5","80789"
"INTS6","26512"
"INTS6L","203522"
"INTS7","25896"
"INTS8","55656"
"INTS9","55756"
"IP6K1","9807"
"IPMK","253430"
"IPO11","51194"
"IPO13","9670"
"IPO4","79711"
"IPO5","3843"
"IPO7","10527"
"IPO8","10526"
"IPO9","55705"
"IQCB1","9657"
"IQCC","55721"
"IQCE","23288"
"IQGAP1","8826"
"IQGAP2","10788"
"IQGAP3","128239"
"IQSEC1","9922"
"IRAK1","3654"
"IRAK4","51135"
"IREB2","3658"
"IRF2","3660"
"IRF2BP1","26145"
"IRF2BP2","359948"
"IRF2BPL","64207"
"IRF3","3661"
"IRGQ","126298"
"IRS4","8471"
"ISCA1","81689"
"ISCA2","122961"
"ISCU","23479"
"ISG20L2","81875"
"ISL2","64843"
"ISOC1","51015"
"IST1","9798"
"ISY1","57461"
"ISYNA1","51477"
"ITCH","83737"
"ITFG1","81533"
"ITGA1","3672"
"ITGA2","3673"
"ITGA3","3675"
"ITGA4","3676"
"ITGA5","3678"
"ITGA6","3655"
"ITGA7","3679"
"ITGA8","8516"
"ITGAV","3685"
"ITGB1","3688"
"ITGB3","3690"
"ITGB3BP","23421"
"ITGB5","3693"
"ITPA","3704"
"ITPK1","3705"
"ITPKB","3707"
"ITPKC","80271"
"ITPR2","3709"
"ITPR3","3710"
"ITPRID2","6744"
"ITPRIP","85450"
"ITSN1","6453"
"ITSN2","50618"
"IVD","3712"
"IVNS1ABP","10625"
"IWS1","55677"
"JADE1","79960"
"JADE3","9767"
"JAGN1","84522"
"JAK1","3716"
"JAM2","58494"
"JAM3","83700"
"JAZF1","221895"
"JCAD","57608"
"JDP2","122953"
"JMJD1C","221037"
"JMJD4","65094"
"JMJD6","23210"
"JMJD8","339123"
"JMY","133746"
"JOSD1","9929"
"JPH1","56704"
"JPT1","51155"
"JPT2","90861"
"JRKL","8690"
"JTB","10899"
"JUN","3725"
"JUNB","3726"
"JUND","3727"
"JUP","3728"
"KANK1","23189"
"KANK2","25959"
"KANSL1","284058"
"KANSL2","54934"
"KANSL3","55683"
"KARS1","3735"
"KAT14","57325"
"KAT2A","2648"
"KAT2B","8850"
"KAT5","10524"
"KAT6A","7994"
"KAT6B","23522"
"KAT7","11143"
"KAT8","84148"
"KATNA1","11104"
"KATNAL1","84056"
"KATNB1","10300"
"KATNBL1","79768"
"KAZN","23254"
"KBTBD11","9920"
"KBTBD2","25948"
"KBTBD7","84078"
"KCMF1","56888"
"KCNAB2","8514"
"KCTD1","284252"
"KCTD10","83892"
"KCTD12","115207"
"KCTD15","79047"
"KCTD17","79734"
"KCTD18","130535"
"KCTD2","23510"
"KCTD21","283219"
"KCTD3","51133"
"KCTD5","54442"
"KCTD9","54793"
"KDELR1","10945"
"KDELR2","11014"
"KDM1A","23028"
"KDM1B","221656"
"KDM2A","22992"
"KDM2B","84678"
"KDM3A","55818"
"KDM3B","51780"
"KDM4A","9682"
"KDM4B","23030"
"KDM4D","55693"
"KDM5A","5927"
"KDM5C","8242"
"KDM6A","7403"
"KDM6B","23135"
"KDM8","79831"
"KDSR","2531"
"KEAP1","9817"
"KGD4","92259"
"KHDC4","22889"
"KHDRBS1","10657"
"KHDRBS3","10656"
"KHK","3795"
"KHNYN","23351"
"KHSRP","8570"
"KIAA0319L","79932"
"KIAA0586","9786"
"KIAA0930","23313"
"KIAA1143","57456"
"KIAA1191","57179"
"KIAA1217","56243"
"KIAA1549","57670"
"KIAA1755","85449"
"KIAA2013","90231"
"KIDINS220","57498"
"KIF11","3832"
"KIF13A","63971"
"KIF13B","23303"
"KIF14","9928"
"KIF15","56992"
"KIF16B","55614"
"KIF18A","81930"
"KIF18B","146909"
"KIF1A","547"
"KIF1B","23095"
"KIF1C","10749"
"KIF20A","10112"
"KIF20B","9585"
"KIF21A","55605"
"KIF22","3835"
"KIF23","9493"
"KIF2A","3796"
"KIF2C","11004"
"KIF3A","11127"
"KIF3B","9371"
"KIF4A","24137"
"KIF5A","3798"
"KIF5C","3800"
"KIF7","374654"
"KIFAP3","22920"
"KIFBP","26128"
"KIFC1","3833"
"KIN","22944"
"KIRREL1","55243"
"KIT","3815"
"KIZ","55857"
"KLC1","3831"
"KLC2","64837"
"KLC3","147700"
"KLF12","11278"
"KLF16","83855"
"KLF3","51274"
"KLF4","9314"
"KLF5","688"
"KLHDC2","23588"
"KLHDC3","116138"
"KLHDC4","54758"
"KLHL12","59349"
"KLHL15","80311"
"KLHL20","27252"
"KLHL22","84861"
"KLHL7","55975"
"KLRG2","346689"
"KMT2A","4297"
"KMT2B","9757"
"KMT2C","58508"
"KMT2D","8085"
"KMT2E","55904"
"KMT5A","387893"
"KMT5B","51111"
"KMT5C","84787"
"KNL1","57082"
"KNOP1","400506"
"KNSTRN","90417"
"KNTC1","9735"
"KPNA1","3836"
"KPNA2","3838"
"KPNA3","3839"
"KPNA4","3840"
"KPNA5","3841"
"KPNA6","23633"
"KPNB1","3837"
"KRAS","3845"
"KRBA1","84626"
"KRCC1","51315"
"KRI1","65095"
"KRR1","11103"
"KRTCAP2","200185"
"KSR1","8844"
"KTI12","112970"
"KTN1","3895"
"KYAT1","883"
"KYAT3","56267"
"L2HGDH","79944"
"L3HYPDH","112849"
"L3MBTL2","83746"
"L3MBTL3","84456"
"LACTB","114294"
"LACTB2","51110"
"LAGE3","8270"
"LAMA3","3909"
"LAMA5","3911"
"LAMB1","3912"
"LAMB2","3913"
"LAMC1","3915"
"LAMP1","3916"
"LAMP2","3920"
"LAMTOR1","55004"
"LAMTOR2","28956"
"LAMTOR3","8649"
"LAMTOR4","389541"
"LANCL1","10314"
"LANCL2","55915"
"LAP3","51056"
"LARP1","23367"
"LARP1B","55132"
"LARP4","113251"
"LARP4B","23185"
"LARP6","55323"
"LARP7","51574"
"LARS1","51520"
"LARS2","23395"
"LAS1L","81887"
"LASP1","3927"
"LATS1","9113"
"LBR","3930"
"LCA5","167691"
"LCLAT1","253558"
"LCMT1","51451"
"LCMT2","9836"
"LCOR","84458"
"LDAH","60526"
"LDB1","8861"
"LDHA","3939"
"LDHAL6B","92483"
"LDHB","3945"
"LDLRAD3","143458"
"LDLRAP1","26119"
"LEF1","51176"
"LEMD2","221496"
"LEMD3","23592"
"LENG1","79165"
"LENG8","114823"
"LENG9","94059"
"LEO1","123169"
"LEPROT","54741"
"LEPROTL1","23484"
"LETM1","3954"
"LGALS1","3956"
"LGALS3","3958"
"LGALS3BP","3959"
"LGALSL","29094"
"LHPP","64077"
"LIAS","11019"
"LIAT1","400566"
"LIG1","3978"
"LIMA1","51474"
"LIMCH1","22998"
"LIMD1","8994"
"LIMD2","80774"
"LIMK1","3984"
"LIMS1","3987"
"LIN28B","389421"
"LIN37","55957"
"LIN54","132660"
"LIN7A","8825"
"LIN7C","55327"
"LIN9","286826"
"LIPA","3988"
"LIPT2","387787"
"LIX1L","128077"
"LLGL1","3996"
"LLGL2","3993"
"LLPH","84298"
"LMAN1","3998"
"LMAN2","10960"
"LMAN2L","81562"
"LMBRD2","92255"
"LMCD1","29995"
"LMF2","91289"
"LMNA","4000"
"LMNB1","4001"
"LMNB2","84823"
"LMO4","8543"
"LMO7","4008"
"LMOD1","25802"
"LNPEP","4012"
"LNPK","80856"
"LOC128706665","128706665"
"LONP1","9361"
"LONP2","83752"
"LONRF2","164832"
"LOX","4015"
"LPCAT1","79888"
"LPCAT2","54947"
"LPCAT4","254531"
"LPIN1","23175"
"LPP","4026"
"LRATD2","157638"
"LRBA","987"
"LRCH1","23143"
"LRCH2","57631"
"LRCH3","84859"
"LRCH4","4034"
"LRFN1","57622"
"LRIF1","55791"
"LRIG2","9860"
"LRP1","4035"
"LRP4","4038"
"LRPAP1","4043"
"LRPPRC","10128"
"LRR1","122769"
"LRRC1","55227"
"LRRC14","9684"
"LRRC20","55222"
"LRRC40","55631"
"LRRC41","10489"
"LRRC47","57470"
"LRRC57","255252"
"LRRC59","55379"
"LRRC8A","56262"
"LRRC8C","84230"
"LRRC8E","80131"
"LRRFIP1","9208"
"LRRFIP2","9209"
"LRSAM1","90678"
"LRWD1","222229"
"LSG1","55341"
"LSM1","27257"
"LSM10","84967"
"LSM11","134353"
"LSM12","124801"
"LSM14A","26065"
"LSM14B","149986"
"LSM2","57819"
"LSM3","27258"
"LSM4","25804"
"LSM6","11157"
"LSM7","51690"
"LSM8","51691"
"LSR","51599"
"LSS","4047"
"LTA4H","4048"
"LTBP1","4052"
"LTBP3","4054"
"LTBP4","8425"
"LTN1","26046"
"LTO1","220064"
"LUC7L","55692"
"LUC7L2","51631"
"LUC7L3","51747"
"LUZP1","7798"
"LYAR","55646"
"LYN","4067"
"LYPD1","116372"
"LYPLA1","10434"
"LYPLAL1","127018"
"LYRM1","57149"
"LYRM2","57226"
"LYRM4","57128"
"LYRM7","90624"
"LYSMD1","388695"
"LYSMD3","116068"
"LZIC","84328"
"LZTFL1","54585"
"LZTR1","8216"
"LZTS2","84445"
"LZTS3","9762"
"M6PR","4074"
"MACF1","23499"
"MACIR","90355"
"MACO1","55219"
"MACROD1","28992"
"MACROH2A1","9555"
"MACROH2A2","55506"
"MAD1L1","8379"
"MAD2L1","4085"
"MAD2L1BP","9587"
"MAD2L2","10459"
"MADD","8567"
"MAEA","10296"
"MAF","4094"
"MAFF","23764"
"MAFG","4097"
"MAGED1","9500"
"MAGED2","10916"
"MAGED4B","81557"
"MAGI1","9223"
"MAGI3","260425"
"MAGT1","84061"
"MAIP1","79568"
"MAK16","84549"
"MALSU1","115416"
"MALT1","10892"
"MAML1","9794"
"MAN1A1","4121"
"MAN1A2","10905"
"MAN1B1","11253"
"MAN2A1","4124"
"MAN2A2","4122"
"MAN2B1","4125"
"MAN2B2","23324"
"MAN2C1","4123"
"MANBA","4126"
"MANEA","79694"
"MANEAL","149175"
"MANF","7873"
"MAP1A","4130"
"MAP1S","55201"
"MAP2","4133"
"MAP2K1","5604"
"MAP2K2","5605"
"MAP2K3","5606"
"MAP2K4","6416"
"MAP2K6","5608"
"MAP2K7","5609"
"MAP3K1","4214"
"MAP3K20","51776"
"MAP3K21","84451"
"MAP3K4","4216"
"MAP3K7","6885"
"MAP4","4134"
"MAP4K4","9448"
"MAP6D1","79929"
"MAP7","9053"
"MAP7D1","55700"
"MAP7D2","256714"
"MAP7D3","79649"
"MAP9","79884"
"MAPK1","5594"
"MAPK14","1432"
"MAPK3","5595"
"MAPK7","5598"
"MAPK8IP2","23542"
"MAPK9","5601"
"MAPKAPK2","9261"
"MAPKAPK3","7867"
"MAPRE1","22919"
"MAPRE2","10982"
"MAPRE3","22924"
"MARCHF5","54708"
"MARCHF6","10299"
"MARCHF7","64844"
"MARCKS","4082"
"MARCKSL1","65108"
"MARF1","9665"
"MARK1","4139"
"MARK2","2011"
"MARK3","4140"
"MARS1","4141"
"MARS2","92935"
"MARVELD2","153562"
"MAST4","375449"
"MASTL","84930"
"MAT2A","4144"
"MAT2B","27430"
"MATR3","9782"
"MAU2","23383"
"MAVS","57506"
"MAX","4149"
"MAZ","4150"
"MB21D2","151963"
"MBD1","4152"
"MBD2","8932"
"MBD3","53615"
"MBD4","8930"
"MBIP","51562"
"MBLAC2","153364"
"MBNL1","4154"
"MBNL3","55796"
"MBOAT2","129642"
"MBOAT7","79143"
"MBTD1","54799"
"MBTPS1","8720"
"MCAM","4162"
"MCAT","27349"
"MCC","4163"
"MCCC1","56922"
"MCCC2","64087"
"MCEE","84693"
"MCL1","4170"
"MCM2","4171"
"MCM3","4172"
"MCM3AP","8888"
"MCM4","4173"
"MCM5","4174"
"MCM6","4175"
"MCM7","4176"
"MCM8","84515"
"MCM9","254394"
"MCMBP","79892"
"MCOLN1","57192"
"MCOLN3","55283"
"MCRIP1","348262"
"MCRIP2","84331"
"MCRS1","10445"
"MCTS1","28985"
"MCU","90550"
"MCUB","55013"
"MCUR1","63933"
"MDC1","9656"
"MDFIC","29969"
"MDH1","4190"
"MDH2","4191"
"MDK","4192"
"MDN1","23195"
"ME1","4199"
"ME2","4200"
"MEAF6","64769"
"MEAK7","57707"
"MECOM","2122"
"MECP2","4204"
"MECR","51102"
"MED1","5469"
"MED10","84246"
"MED11","400569"
"MED12","9968"
"MED13","9969"
"MED13L","23389"
"MED14","9282"
"MED15","51586"
"MED16","10025"
"MED17","9440"
"MED18","54797"
"MED19","219541"
"MED20","9477"
"MED22","6837"
"MED23","9439"
"MED24","9862"
"MED25","81857"
"MED26","9441"
"MED27","9442"
"MED29","55588"
"MED30","90390"
"MED31","51003"
"MED4","29079"
"MED6","10001"
"MED8","112950"
"MED9","55090"
"MEF2A","4205"
"MEF2C","4208"
"MEF2D","4209"
"MEGF8","1954"
"MELK","9833"
"MEMO1","51072"
"MEN1","4221"
"MEPCE","56257"
"MESD","23184"
"MET","4233"
"METAP1","23173"
"METAP1D","254042"
"METAP2","10988"
"METTL1","4234"
"METTL13","51603"
"METTL14","57721"
"METTL15","196074"
"METTL16","79066"
"METTL21A","151194"
"METTL2B","55798"
"METTL3","56339"
"METTL5","29081"
"METTL9","51108"
"MEX3A","92312"
"MEX3B","84206"
"MEX3C","51320"
"MFAP1","4236"
"MFF","56947"
"MFN1","55669"
"MFN2","9927"
"MFSD1","64747"
"MFSD10","10227"
"MGA","23269"
"MGARP","84709"
"MGAT1","4245"
"MGAT2","4247"
"MGAT5","4249"
"MGME1","92667"
"MGST1","4257"
"MGST2","4258"
"MGST3","4259"
"MIA2","4253"
"MIA3","375056"
"MIB1","57534"
"MICA","100507436"
"MICAL1","64780"
"MICAL3","57553"
"MICALL1","85377"
"MICOS10","440574"
"MICOS13","125988"
"MICU1","10367"
"MICU2","221154"
"MID1","4281"
"MID2","11043"
"MIDEAS","91748"
"MIEF1","54471"
"MIER1","57708"
"MIER3","166968"
"MIF","4282"
"MIF4GD","57409"
"MIGA1","374986"
"MIIP","60672"
"MINDY1","55793"
"MINDY3","80013"
"MINK1","50488"
"MINPP1","9562"
"MIOS","54468"
"MIPEP","4285"
"MIS12","79003"
"MIS18BP1","55320"
"MISP3","113230"
"MITD1","129531"
"MITF","4286"
"MIX23","131076"
"MKI67","4288"
"MKLN1","4289"
"MKNK1","8569"
"MKRN1","23608"
"MKRN2","23609"
"MLEC","9761"
"MLF1","4291"
"MLF2","8079"
"MLLT1","4298"
"MLLT10","8028"
"MLLT3","4300"
"MLST8","64223"
"MLX","6945"
"MLXIP","22877"
"MLYCD","23417"
"MMAB","326625"
"MMACHC","25974"
"MMADHC","27249"
"MMGT1","93380"
"MMS19","64210"
"MMS22L","253714"
"MMUT","4594"
"MNAT1","4331"
"MND1","84057"
"MNT","4335"
"MNX1","3110"
"MOB3A","126308"
"MOB4","25843"
"MOCOS","55034"
"MOCS1","4337"
"MOCS2","4338"
"MOGS","7841"
"MON1A","84315"
"MON1B","22879"
"MON2","23041"
"MORC2","22880"
"MORC3","23515"
"MORC4","79710"
"MORF4L1","10933"
"MORF4L2","9643"
"MOSPD1","56180"
"MOSPD2","158747"
"MOV10","4343"
"MOXD1","26002"
"MPC2","25874"
"MPDU1","9526"
"MPDZ","8777"
"MPG","4350"
"MPHOSPH10","10199"
"MPHOSPH6","10200"
"MPHOSPH8","54737"
"MPHOSPH9","10198"
"MPI","4351"
"MPP1","4354"
"MPP2","4355"
"MPP7","143098"
"MPRIP","23164"
"MPST","4357"
"MPV17","4358"
"MPV17L2","84769"
"MPZL1","9019"
"MRAS","22808"
"MRE11","4361"
"MREG","55686"
"MRFAP1L2","93622"
"MRGBP","55257"
"MRI1","84245"
"MRM2","29960"
"MRM3","55178"
"MRNIP","51149"
"MRPL1","65008"
"MRPL10","124995"
"MRPL11","65003"
"MRPL12","6182"
"MRPL13","28998"
"MRPL14","64928"
"MRPL15","29088"
"MRPL16","54948"
"MRPL17","63875"
"MRPL18","29074"
"MRPL19","9801"
"MRPL2","51069"
"MRPL20","55052"
"MRPL21","219927"
"MRPL22","29093"
"MRPL23","6150"
"MRPL24","79590"
"MRPL27","51264"
"MRPL28","10573"
"MRPL3","11222"
"MRPL30","51263"
"MRPL32","64983"
"MRPL33","9553"
"MRPL34","64981"
"MRPL35","51318"
"MRPL37","51253"
"MRPL38","64978"
"MRPL39","54148"
"MRPL4","51073"
"MRPL40","64976"
"MRPL41","64975"
"MRPL42","28977"
"MRPL43","84545"
"MRPL44","65080"
"MRPL45","84311"
"MRPL46","26589"
"MRPL47","57129"
"MRPL48","51642"
"MRPL49","740"
"MRPL50","54534"
"MRPL51","51258"
"MRPL52","122704"
"MRPL53","116540"
"MRPL54","116541"
"MRPL55","128308"
"MRPL57","78988"
"MRPL58","3396"
"MRPL9","65005"
"MRPS10","55173"
"MRPS11","64963"
"MRPS12","6183"
"MRPS14","63931"
"MRPS15","64960"
"MRPS16","51021"
"MRPS17","51373"
"MRPS18A","55168"
"MRPS18B","28973"
"MRPS18C","51023"
"MRPS2","51116"
"MRPS21","54460"
"MRPS22","56945"
"MRPS23","51649"
"MRPS24","64951"
"MRPS25","64432"
"MRPS26","64949"
"MRPS27","23107"
"MRPS28","28957"
"MRPS30","10884"
"MRPS31","10240"
"MRPS33","51650"
"MRPS34","65993"
"MRPS35","60488"
"MRPS5","64969"
"MRPS6","64968"
"MRPS7","51081"
"MRPS9","64965"
"MRRF","92399"
"MRS2","57380"
"MRTFB","57496"
"MRTO4","51154"
"MSANTD4","84437"
"MSANTD7","100421372"
"MSH2","4436"
"MSH3","4437"
"MSH6","2956"
"MSI1","4440"
"MSI2","124540"
"MSL2","55167"
"MSL3","10943"
"MSMO1","6307"
"MSN","4478"
"MSRA","4482"
"MSRB2","22921"
"MSRB3","253827"
"MST1","4485"
"MSTO1","55154"
"MT1F","4494"
"MT1X","4501"
"MTA1","9112"
"MTA2","9219"
"MTA3","57504"
"MTAP","4507"
"MTARC1","64757"
"MTARC2","54996"
"MTBP","27085"
"MTCH1","23787"
"MTCH2","23788"
"MTCL1","23255"
"MTCL2","140710"
"MTCL3","387104"
"MTDH","92140"
"MTERF3","51001"
"MTERF4","130916"
"MTF2","22823"
"MTFMT","123263"
"MTFP1","51537"
"MTFR1","9650"
"MTFR1L","56181"
"MTG1","92170"
"MTG2","26164"
"MTHFD1","4522"
"MTHFD1L","25902"
"MTHFD2","10797"
"MTHFR","4524"
"MTHFS","10588"
"MTHFSD","64779"
"MTIF2","4528"
"MTIF3","219402"
"MTM1","4534"
"MTMR1","8776"
"MTMR14","64419"
"MTMR2","8898"
"MTMR3","8897"
"MTMR4","9110"
"MTMR6","9107"
"MTNAP1","55028"
"MTO1","25821"
"MTOR","2475"
"MTPAP","55149"
"MTPN","136319"
"MTR","4548"
"MTRES1","51250"
"MTREX","23517"
"MTRF1L","54516"
"MTRFR","91574"
"MTRR","4552"
"MTSS2","92154"
"MTUS1","57509"
"MTX1","4580"
"MTX2","10651"
"MTX3","345778"
"MUL1","79594"
"MUS81","80198"
"MVB12A","93343"
"MVD","4597"
"MVK","4598"
"MYADM","91663"
"MYBBP1A","10514"
"MYBL2","4605"
"MYCBP","26292"
"MYCBP2","23077"
"MYDGF","56005"
"MYEF2","50804"
"MYG1","60314"
"MYH10","4628"
"MYH14","79784"
"MYH9","4627"
"MYL6","4637"
"MYL6B","140465"
"MYO18A","399687"
"MYO1B","4430"
"MYO1C","4641"
"MYO1D","4642"
"MYO1E","4643"
"MYO5A","4644"
"MYO6","4646"
"MYO9A","4649"
"MYO9B","4650"
"MYPOP","339344"
"MYSM1","114803"
"MZT2A","653784"
"MZT2B","80097"
"N4BP1","9683"
"N4BP2","55728"
"N4BP3","23138"
"N6AMT1","29104"
"NAA10","8260"
"NAA15","80155"
"NAA16","79612"
"NAA25","80018"
"NAA30","122830"
"NAA35","60560"
"NAA38","84316"
"NAA40","79829"
"NAA50","80218"
"NAAA","27163"
"NAB1","4664"
"NABP2","79035"
"NACA","4666"
"NACC1","112939"
"NADK2","133686"
"NADSYN1","55191"
"NAE1","8883"
"NAF1","92345"
"NAGA","4668"
"NAGK","55577"
"NAGLU","4669"
"NAGPA","51172"
"NAMPT","10135"
"NANP","140838"
"NANS","54187"
"NAP1L1","4673"
"NAP1L4","4676"
"NAPA","8775"
"NAPB","63908"
"NAPG","8774"
"NAPRT","93100"
"NARF","26502"
"NARS1","4677"
"NARS2","79731"
"NASP","4678"
"NAT14","57106"
"NAV1","89796"
"NAXE","128240"
"NBAS","51594"
"NBEA","26960"
"NBN","4683"
"NCAM1","4684"
"NCAPD2","9918"
"NCAPD3","23310"
"NCAPG","64151"
"NCAPG2","54892"
"NCAPH","23397"
"NCAPH2","29781"
"NCBP1","4686"
"NCBP2","22916"
"NCBP2AS2","152217"
"NCBP3","55421"
"NCDN","23154"
"NCEH1","57552"
"NCK1","4690"
"NCK2","8440"
"NCKAP1","10787"
"NCKAP5L","57701"
"NCKIPSD","51517"
"NCL","4691"
"NCLN","56926"
"NCOA1","8648"
"NCOA2","10499"
"NCOA3","8202"
"NCOA5","57727"
"NCOA6","23054"
"NCOA7","135112"
"NCOR1","9611"
"NCOR2","9612"
"NCR3LG1","374383"
"NCS1","23413"
"NCSTN","23385"
"NDC1","55706"
"NDC80","10403"
"NDE1","54820"
"NDOR1","27158"
"NDRG1","10397"
"NDRG2","57447"
"NDRG3","57446"
"NDST1","3340"
"NDUFA10","4705"
"NDUFA11","126328"
"NDUFA12","55967"
"NDUFA13","51079"
"NDUFA2","4695"
"NDUFA3","4696"
"NDUFA5","4698"
"NDUFA6","4700"
"NDUFA8","4702"
"NDUFA9","4704"
"NDUFAB1","4706"
"NDUFAF1","51103"
"NDUFAF2","91942"
"NDUFAF3","25915"
"NDUFAF4","29078"
"NDUFAF5","79133"
"NDUFAF7","55471"
"NDUFB1","4707"
"NDUFB10","4716"
"NDUFB11","54539"
"NDUFB3","4709"
"NDUFB4","4710"
"NDUFB5","4711"
"NDUFB6","4712"
"NDUFB7","4713"
"NDUFB9","4715"
"NDUFC2","4718"
"NDUFS1","4719"
"NDUFS2","4720"
"NDUFS3","4722"
"NDUFS4","4724"
"NDUFS5","4725"
"NDUFS6","4726"
"NDUFS7","374291"
"NDUFS8","4728"
"NDUFV1","4723"
"NDUFV2","4729"
"NDUFV3","4731"
"NEBL","10529"
"NECAP1","25977"
"NECAP2","55707"
"NECTIN1","5818"
"NECTIN2","5819"
"NECTIN3","25945"
"NEDD1","121441"
"NEDD4","4734"
"NEDD4L","23327"
"NEFL","4747"
"NEFM","4741"
"NEK1","4750"
"NEK3","4752"
"NEK4","6787"
"NEK7","140609"
"NEK9","91754"
"NELFA","7469"
"NELFB","25920"
"NELFCD","51497"
"NELFE","7936"
"NEMF","9147"
"NENF","29937"
"NEPRO","25871"
"NES","10763"
"NET1","10276"
"NETO2","81831"
"NEURL4","84461"
"NEXN","91624"
"NF1","4763"
"NF2","4771"
"NFAT5","10725"
"NFATC1","4772"
"NFATC2IP","84901"
"NFATC3","4775"
"NFIA","4774"
"NFIB","4781"
"NFIC","4782"
"NFIL3","4783"
"NFIX","4784"
"NFKB1","4790"
"NFKB2","4791"
"NFKBIB","4793"
"NFKBIL1","4795"
"NFRKB","4798"
"NFS1","9054"
"NFU1","27247"
"NFX1","4799"
"NFXL1","152518"
"NFYA","4800"
"NFYB","4801"
"NFYC","4802"
"NGDN","25983"
"NGLY1","55768"
"NGRN","51335"
"NHEJ1","79840"
"NHERF1","9368"
"NHERF2","9351"
"NHLRC2","374354"
"NHLRC3","387921"
"NHP2","55651"
"NHSL1","57224"
"NHSL3","57648"
"NIBAN1","116496"
"NIBAN2","64855"
"NID1","4811"
"NIF3L1","60491"
"NIFK","84365"
"NIN","51199"
"NIP7","51388"
"NIPSNAP1","8508"
"NIPSNAP2","2631"
"NIPSNAP3A","25934"
"NISCH","11188"
"NIT1","4817"
"NIT2","56954"
"NKAP","79576"
"NKAPD1","55216"
"NKD2","85409"
"NKIRAS1","28512"
"NKIRAS2","28511"
"NKRF","55922"
"NKTR","4820"
"NLE1","54475"
"NLN","57486"
"NMD3","51068"
"NME1","4830"
"NME2","4831"
"NME2P1","283458"
"NME3","4832"
"NME4","4833"
"NME6","10201"
"NME7","29922"
"NMI","9111"
"NMNAT1","64802"
"NMRAL1","57407"
"NMRK1","54981"
"NMT1","4836"
"NMT2","9397"
"NMU","10874"
"NNT","23530"
"NOA1","84273"
"NOB1","28987"
"NOC2L","26155"
"NOC3L","64318"
"NOC4L","79050"
"NOL10","79954"
"NOL11","25926"
"NOL12","79159"
"NOL4L","140688"
"NOL6","65083"
"NOL7","51406"
"NOL8","55035"
"NOL9","79707"
"NOLC1","9221"
"NOM1","64434"
"NOMO1","23420"
"NOMO2","283820"
"NONO","4841"
"NOP10","55505"
"NOP14","8602"
"NOP16","51491"
"NOP2","4839"
"NOP53","29997"
"NOP56","10528"
"NOP58","51602"
"NOP9","161424"
"NOPCHAP1","121053"
"NOS1AP","9722"
"NOSIP","51070"
"NOTCH1","4851"
"NOTCH2","4853"
"NOTCH3","4854"
"NOVA1","4857"
"NOVA2","4858"
"NPAT","4863"
"NPC1","4864"
"NPC2","10577"
"NPEPPS","9520"
"NPLOC4","55666"
"NPM1","4869"
"NPM3","10360"
"NPTN","27020"
"NPTX1","4884"
"NR2C1","7181"
"NR2C2","7182"
"NR2C2AP","126382"
"NR2F1","7025"
"NR2F6","2063"
"NR3C1","2908"
"NR3C2","4306"
"NRAS","4893"
"NRBF2","29982"
"NRBP1","29959"
"NRCAM","4897"
"NRDC","4898"
"NRDE2","55051"
"NRF1","4899"
"NRM","11270"
"NRP1","8829"
"NRP2","8828"
"NRSN2","80023"
"NRXN3","9369"
"NSA2","10412"
"NSD1","64324"
"NSD2","7468"
"NSD3","54904"
"NSDHL","50814"
"NSF","4905"
"NSFL1C","55968"
"NSL1","25936"
"NSMAF","8439"
"NSMCE1","197370"
"NSMCE2","286053"
"NSMCE3","56160"
"NSMCE4A","54780"
"NSRP1","84081"
"NSUN2","54888"
"NSUN4","387338"
"NSUN5","55695"
"NSUN6","221078"
"NT5C","30833"
"NT5C2","22978"
"NT5C3A","51251"
"NT5C3B","115024"
"NT5DC1","221294"
"NT5DC3","51559"
"NTMT1","28989"
"NTN3","4917"
"NTPCR","84284"
"NUB1","51667"
"NUBP1","4682"
"NUBP2","10101"
"NUBPL","80224"
"NUCB1","4924"
"NUCB2","4925"
"NUCKS1","64710"
"NUDC","10726"
"NUDCD1","84955"
"NUDCD2","134492"
"NUDCD3","23386"
"NUDT1","4521"
"NUDT10","170685"
"NUDT11","55190"
"NUDT12","83594"
"NUDT14","256281"
"NUDT15","55270"
"NUDT16","131870"
"NUDT16L1","84309"
"NUDT19","390916"
"NUDT2","318"
"NUDT21","11051"
"NUDT3","11165"
"NUDT5","11164"
"NUDT9","53343"
"NUF2","83540"
"NUFIP1","26747"
"NUFIP2","57532"
"NUMB","8650"
"NUP107","57122"
"NUP133","55746"
"NUP153","9972"
"NUP155","9631"
"NUP160","23279"
"NUP188","23511"
"NUP205","23165"
"NUP210","23225"
"NUP214","8021"
"NUP35","129401"
"NUP37","79023"
"NUP42","11097"
"NUP43","348995"
"NUP50","10762"
"NUP54","53371"
"NUP58","9818"
"NUP62","23636"
"NUP85","79902"
"NUP88","4927"
"NUP93","9688"
"NUP98","4928"
"NUS1","116150"
"NUSAP1","51203"
"NVL","4931"
"NXF1","10482"
"NXN","64359"
"NXT1","29107"
"NXT2","55916"
"OAF","220323"
"OARD1","221443"
"OAT","4942"
"OBSL1","23363"
"OCIAD1","54940"
"OCLN","100506658"
"OCRL","4952"
"ODF2","4957"
"ODR4","54953"
"OFD1","8481"
"OGA","10724"
"OGDH","4967"
"OGFOD1","55239"
"OGFOD2","79676"
"OGFOD3","79701"
"OGFR","11054"
"OGFRL1","79627"
"OGG1","4968"
"OGT","8473"
"OIP5","11339"
"OMA1","115209"
"OPA1","4976"
"OPA3","80207"
"OPTN","10133"
"ORC1","4998"
"ORC2","4999"
"ORC3","23595"
"ORC4","5000"
"ORC5","5001"
"ORC6","23594"
"OS9","10956"
"OSBP","5007"
"OSBPL10","114884"
"OSBPL11","114885"
"OSBPL1A","114876"
"OSBPL2","9885"
"OSBPL3","26031"
"OSBPL6","114880"
"OSBPL8","114882"
"OSBPL9","114883"
"OSCP1","127700"
"OSGEP","55644"
"OSGEPL1","64172"
"OSTC","58505"
"OSTF1","26578"
"OSTM1","28962"
"OTUB1","55611"
"OTUD3","23252"
"OTUD5","55593"
"OTUD6B","51633"
"OTUD7B","56957"
"OTULIN","90268"
"OTX1","5013"
"OVCA2","124641"
"OXA1L","5018"
"OXCT1","5019"
"OXNAD1","92106"
"OXR1","55074"
"OXSM","54995"
"OXSR1","9943"
"P2RX4","5025"
"P3H1","64175"
"P3H3","10536"
"P3H4","10609"
"P4HA1","5033"
"P4HA2","8974"
"P4HB","5034"
"PA2G4","5036"
"PAAF1","80227"
"PABIR2","159090"
"PABPC1","26986"
"PABPC4","8761"
"PABPN1","8106"
"PACC1","55248"
"PACS1","55690"
"PACS2","23241"
"PACSIN2","11252"
"PACSIN3","29763"
"PAF1","54623"
"PAFAH1B1","5048"
"PAFAH1B2","5049"
"PAFAH1B3","5050"
"PAFAH2","5051"
"PAG1","55824"
"PAGR1","79447"
"PAICS","10606"
"PAIP1","10605"
"PAK1","5058"
"PAK1IP1","55003"
"PAK2","5062"
"PAK4","10298"
"PALD1","27143"
"PALLD","23022"
"PALM","5064"
"PALM2AKAP2","445815"
"PALS1","64398"
"PALS2","51678"
"PAM16","51025"
"PAN3","255967"
"PANK2","80025"
"PANK3","79646"
"PANK4","55229"
"PANX1","24145"
"PAPOLA","10914"
"PAPOLG","64895"
"PAPSS1","9061"
"PAPSS2","9060"
"PARD3","56288"
"PARD3B","117583"
"PARD6B","84612"
"PARG","8505"
"PARK7","11315"
"PARN","5073"
"PARP1","142"
"PARP16","54956"
"PARP2","10038"
"PARS2","25973"
"PARVA","55742"
"PARVB","29780"
"PASK","23178"
"PATJ","10207"
"PATL1","219988"
"PATZ1","23598"
"PAWR","5074"
"PAXBP1","94104"
"PAXIP1","22976"
"PAXX","286257"
"PBDC1","51260"
"PBK","55872"
"PBLD","64081"
"PBRM1","55193"
"PBX1","5087"
"PBX2","5089"
"PBX3","5090"
"PBXIP1","57326"
"PC","5091"
"PCBD1","5092"
"PCBD2","84105"
"PCBP1","5093"
"PCBP2","5094"
"PCCA","5095"
"PCCB","5096"
"PCDH1","5097"
"PCDH10","57575"
"PCDH7","5099"
"PCDH9","5101"
"PCF11","51585"
"PCGF1","84759"
"PCGF5","84333"
"PCGF6","84108"
"PCID2","55795"
"PCIF1","63935"
"PCK2","5106"
"PCLO","27445"
"PCM1","5108"
"PCNA","5111"
"PCNP","57092"
"PCNT","5116"
"PCNX3","399909"
"PCOLCE2","26577"
"PCSK1N","27344"
"PCSK6","5046"
"PCTP","58488"
"PCYOX1","51449"
"PCYOX1L","78991"
"PCYT1A","5130"
"PCYT2","5833"
"PDAP1","11333"
"PDCD10","11235"
"PDCD11","22984"
"PDCD2","5134"
"PDCD2L","84306"
"PDCD4","27250"
"PDCD5","9141"
"PDCD6","10016"
"PDCD6IP","10015"
"PDCD7","10081"
"PDCL","5082"
"PDCL3","79031"
"PDE12","201626"
"PDE4DIP","9659"
"PDE5A","8654"
"PDE6D","5147"
"PDF","64146"
"PDHA1","5160"
"PDHB","5162"
"PDHX","8050"
"PDIA3","2923"
"PDIA4","9601"
"PDIA5","10954"
"PDIA6","10130"
"PDK1","5163"
"PDK3","5165"
"PDLIM1","9124"
"PDLIM3","27295"
"PDLIM4","8572"
"PDLIM5","10611"
"PDLIM7","9260"
"PDP1","54704"
"PDP2","57546"
"PDPK1","5170"
"PDPR","55066"
"PDRG1","81572"
"PDS5B","23047"
"PDXDC1","23042"
"PDXK","8566"
"PDXP","57026"
"PDZD11","51248"
"PDZD8","118987"
"PEA15","8682"
"PEAK1","79834"
"PEBP1","5037"
"PECR","55825"
"PEDS1","387521"
"PEF1","553115"
"PELO","53918"
"PELP1","27043"
"PEMT","10400"
"PEPD","5184"
"PES1","23481"
"PET100","100131801"
"PET117","100303755"
"PEX1","5189"
"PEX14","5195"
"PEX16","9409"
"PEX26","55670"
"PEX3","8504"
"PEX5","5830"
"PEX7","5191"
"PFAS","5198"
"PFDN1","5201"
"PFDN2","5202"
"PFDN4","5203"
"PFDN5","5204"
"PFDN6","10471"
"PFKFB2","5208"
"PFKFB3","5209"
"PFKFB4","5210"
"PFKL","5211"
"PFKM","5213"
"PFKP","5214"
"PFN1","5216"
"PFN2","5217"
"PFN3","345456"
"PGAM1","5223"
"PGAM5","192111"
"PGAP6","58986"
"PGD","5226"
"PGF","5228"
"PGK1","5230"
"PGK2","5232"
"PGM1","5236"
"PGM2","55276"
"PGM2L1","283209"
"PGM3","5238"
"PGP","283871"
"PGPEP1","54858"
"PGRMC1","10857"
"PGRMC2","10424"
"PGS1","9489"
"PHACTR2","9749"
"PHACTR4","65979"
"PHAX","51808"
"PHB1","5245"
"PHB2","11331"
"PHC1","1911"
"PHC2","1912"
"PHETA1","144717"
"PHF1","5252"
"PHF10","55274"
"PHF13","148479"
"PHF14","9678"
"PHF2","5253"
"PHF20","51230"
"PHF20L1","51105"
"PHF21A","51317"
"PHF23","79142"
"PHF3","23469"
"PHF5A","84844"
"PHF6","84295"
"PHGDH","26227"
"PHIP","55023"
"PHKA1","5255"
"PHKA2","5256"
"PHKB","5257"
"PHKG2","5261"
"PHLDB1","23187"
"PHLDB2","90102"
"PHLDB3","653583"
"PHOX2B","8929"
"PHYH","5264"
"PHYHD1","254295"
"PI4K2B","55300"
"PI4KA","5297"
"PI4KB","5298"
"PIAS2","9063"
"PIAS4","51588"
"PICALM","8301"
"PICK1","9463"
"PIGA","5277"
"PIGG","54872"
"PIGK","10026"
"PIGM","93183"
"PIGO","84720"
"PIGS","94005"
"PIGT","51604"
"PIGU","128869"
"PIH1D1","55011"
"PIK3C2A","5286"
"PIK3C3","5289"
"PIK3CA","5290"
"PIK3R1","5295"
"PIK3R2","5296"
"PIK3R3","8503"
"PIK3R4","30849"
"PIKFYVE","200576"
"PIMREG","54478"
"PIN1","5300"
"PIN4","5303"
"PINX1","54984"
"PIP","5304"
"PIP4K2A","5305"
"PIP4K2B","8396"
"PIP4K2C","79837"
"PIP4P1","90809"
"PIP4P2","55529"
"PIP5K1A","8394"
"PIP5K1C","23396"
"PIR","8544"
"PITHD1","57095"
"PITPNA","5306"
"PITPNB","23760"
"PITPNC1","26207"
"PITRM1","10531"
"PITX1","5307"
"PITX2","5308"
"PJA1","64219"
"PKLR","5313"
"PKM","5315"
"PKMYT1","9088"
"PKN1","5585"
"PKN2","5586"
"PKN3","29941"
"PKNOX1","5316"
"PKP2","5318"
"PKP4","8502"
"PLA2G12A","81579"
"PLA2G15","23659"
"PLA2G2D","26279"
"PLA2G4A","5321"
"PLAA","9373"
"PLAGL2","5326"
"PLAT","5327"
"PLAUR","5329"
"PLBD2","196463"
"PLCB1","23236"
"PLCB3","5331"
"PLCD3","113026"
"PLCG1","5335"
"PLCG2","5336"
"PLCH1","23007"
"PLCL2","23228"
"PLD1","5337"
"PLEKHA1","59338"
"PLEKHA5","54477"
"PLEKHA7","144100"
"PLEKHF2","79666"
"PLEKHG3","26030"
"PLEKHO1","51177"
"PLEKHO2","80301"
"PLGRKT","55848"
"PLIN3","10226"
"PLK1","5347"
"PLOD1","5351"
"PLOD2","5352"
"PLOD3","8985"
"PLPBP","11212"
"PLPP6","403313"
"PLRG1","5356"
"PLS1","5357"
"PLS3","5358"
"PLSCR1","5359"
"PLTP","5360"
"PLXDC2","84898"
"PLXNA1","5361"
"PLXNA2","5362"
"PLXNA3","55558"
"PLXNB2","23654"
"PM20D2","135293"
"PMAIP1","5366"
"PMF1","11243"
"PML","5371"
"PMM2","5373"
"PMPCA","23203"
"PMPCB","9512"
"PMS2P11","107161145"
"PMVK","10654"
"PNISR","25957"
"PNKD","25953"
"PNKP","11284"
"PNMA6A","84968"
"PNMA8A","55228"
"PNN","5411"
"PNO1","56902"
"PNP","4860"
"PNPLA6","10908"
"PNPLA8","50640"
"PNPO","55163"
"PNPT1","87178"
"POC1A","25886"
"POC5","134359"
"POFUT1","23509"
"POFUT2","23275"
"POGK","57645"
"POGLUT1","56983"
"POGLUT2","79070"
"POGLUT3","143888"
"POGZ","23126"
"POLA1","5422"
"POLA2","23649"
"POLB","5423"
"POLD1","5424"
"POLD2","5425"
"POLD3","10714"
"POLDIP2","26073"
"POLDIP3","84271"
"POLE","5426"
"POLE2","5427"
"POLE3","54107"
"POLE4","56655"
"POLG","5428"
"POLG2","11232"
"POLGARF","125316803"
"POLK","51426"
"POLL","27343"
"POLR1A","25885"
"POLR1B","84172"
"POLR1C","9533"
"POLR1D","51082"
"POLR1E","64425"
"POLR1F","221830"
"POLR1G","10849"
"POLR2A","5430"
"POLR2B","5431"
"POLR2C","5432"
"POLR2D","5433"
"POLR2E","5434"
"POLR2G","5436"
"POLR2H","5437"
"POLR2I","5438"
"POLR2K","5440"
"POLR2L","5441"
"POLR2M","81488"
"POLR3A","11128"
"POLR3B","55703"
"POLR3C","10623"
"POLR3D","661"
"POLR3E","55718"
"POLR3F","10621"
"POLR3G","10622"
"POLR3H","171568"
"POM121C","100101267"
"POMGNT1","55624"
"POMGNT2","84892"
"POMK","84197"
"POMT1","10585"
"PON2","5445"
"POP1","10940"
"POP4","10775"
"POP5","51367"
"POP7","10248"
"POR","5447"
"POT1","25913"
"POU2F1","5451"
"POU3F2","5454"
"PPA1","5464"
"PPA2","27068"
"PPAN","56342"
"PPAT","5471"
"PPCDC","60490"
"PPCS","79717"
"PPFIA1","8500"
"PPFIA3","8541"
"PPFIBP1","8496"
"PPHLN1","51535"
"PPIB","5479"
"PPIC","5480"
"PPID","5481"
"PPIE","10450"
"PPIF","10105"
"PPIG","9360"
"PPIH","10465"
"PPIL1","51645"
"PPIL2","23759"
"PPIL3","53938"
"PPIL4","85313"
"PPIP5K2","23262"
"PPM1A","5494"
"PPM1B","5495"
"PPM1D","8493"
"PPM1E","22843"
"PPM1F","9647"
"PPM1G","5496"
"PPM1H","57460"
"PPM1L","151742"
"PPME1","51400"
"PPOX","5498"
"PPP1CA","5499"
"PPP1CB","5500"
"PPP1CC","5501"
"PPP1R10","5514"
"PPP1R11","6992"
"PPP1R12A","4659"
"PPP1R12B","4660"
"PPP1R12C","54776"
"PPP1R13B","23368"
"PPP1R13L","10848"
"PPP1R14A","94274"
"PPP1R14B","26472"
"PPP1R14C","81706"
"PPP1R18","170954"
"PPP1R21","129285"
"PPP1R26","9858"
"PPP1R35","221908"
"PPP1R3D","5509"
"PPP1R7","5510"
"PPP1R8","5511"
"PPP1R9A","55607"
"PPP1R9B","84687"
"PPP2CA","5515"
"PPP2CB","5516"
"PPP2R1A","5518"
"PPP2R1B","5519"
"PPP2R2A","5520"
"PPP2R3A","5523"
"PPP2R3C","55012"
"PPP2R5A","5525"
"PPP2R5B","5526"
"PPP2R5C","5527"
"PPP2R5D","5528"
"PPP2R5E","5529"
"PPP3CA","5530"
"PPP3CB","5532"
"PPP3R1","5534"
"PPP4C","5531"
"PPP4R1","9989"
"PPP4R2","151987"
"PPP4R3A","55671"
"PPP4R3B","57223"
"PPP5C","5536"
"PPP6C","5537"
"PPP6R1","22870"
"PPP6R2","9701"
"PPP6R3","55291"
"PPRC1","23082"
"PPT1","5538"
"PPT2","9374"
"PPTC7","160760"
"PPWD1","23398"
"PQBP1","10084"
"PRADC1","84279"
"PRAF2","11230"
"PRC1","9055"
"PRCC","5546"
"PRCP","5547"
"PRDM10","56980"
"PRDM15","63977"
"PRDM16","63976"
"PRDM2","7799"
"PRDX2","7001"
"PRDX3","10935"
"PRDX4","10549"
"PRDX5","25824"
"PRDX6","9588"
"PREB","10113"
"PREP","5550"
"PREPL","9581"
"PRF1","5551"
"PRICKLE3","4007"
"PRIM1","5557"
"PRIM2","5558"
"PRKAA1","5562"
"PRKAA2","5563"
"PRKAB1","5564"
"PRKAB2","5565"
"PRKACA","5566"
"PRKACB","5567"
"PRKAG1","5571"
"PRKAG2","51422"
"PRKAR2A","5576"
"PRKAR2B","5577"
"PRKCA","5578"
"PRKCD","5580"
"PRKCE","5581"
"PRKCI","5584"
"PRKCSH","5589"
"PRKCZ","5590"
"PRKD1","5587"
"PRKD2","25865"
"PRKD3","23683"
"PRKDC","5591"
"PRKG1","5592"
"PRKRA","8575"
"PRKRIP1","79706"
"PRMT1","3276"
"PRMT3","10196"
"PRMT5","10419"
"PRMT6","55170"
"PRMT7","54496"
"PRMT9","90826"
"PRNP","5621"
"PROCR","10544"
"PRORP","9692"
"PROSER1","80209"
"PROSER2","254427"
"PROSER3","148137"
"PROX1","5629"
"PRP4K","8899"
"PRPF18","8559"
"PRPF19","27339"
"PRPF3","9129"
"PRPF31","26121"
"PRPF38A","84950"
"PRPF38B","55119"
"PRPF39","55015"
"PRPF4","9128"
"PRPF40A","55660"
"PRPF40B","25766"
"PRPF6","24148"
"PRPF8","10594"
"PRPS1","5631"
"PRPS2","5634"
"PRPSAP1","5635"
"PRPSAP2","5636"
"PRR12","57479"
"PRR14","78994"
"PRR14L","253143"
"PRR15","222171"
"PRR3","80742"
"PRR36","80164"
"PRRC1","133619"
"PRRC2A","7916"
"PRRC2B","84726"
"PRRC2C","23215"
"PRSS23","11098"
"PRSS3","5646"
"PRTFDC1","56952"
"PRTG","283659"
"PRUNE1","58497"
"PRXL2A","84293"
"PRXL2B","127281"
"PRXL2C","195827"
"PSAP","5660"
"PSAT1","29968"
"PSEN1","5663"
"PSEN2","5664"
"PSIP1","11168"
"PSMA1","5682"
"PSMA2","5683"
"PSMA3","5684"
"PSMA4","5685"
"PSMA5","5686"
"PSMA6","5687"
"PSMA7","5688"
"PSMB1","5689"
"PSMB2","5690"
"PSMB3","5691"
"PSMB4","5692"
"PSMB5","5693"
"PSMB6","5694"
"PSMB7","5695"
"PSMC1","5700"
"PSMC2","5701"
"PSMC3","5702"
"PSMC3IP","29893"
"PSMC4","5704"
"PSMC5","5705"
"PSMC6","5706"
"PSMD1","5707"
"PSMD10","5716"
"PSMD11","5717"
"PSMD12","5718"
"PSMD13","5719"
"PSMD14","10213"
"PSMD2","5708"
"PSMD3","5709"
"PSMD4","5710"
"PSMD6","9861"
"PSMD7","5713"
"PSMD8","5714"
"PSMD9","5715"
"PSME1","5720"
"PSME2","5721"
"PSME3","10197"
"PSME3IP1","80011"
"PSME4","23198"
"PSMF1","9491"
"PSMG1","8624"
"PSMG2","56984"
"PSMG3","84262"
"PSMG4","389362"
"PSPC1","55269"
"PSPH","5723"
"PSRC1","84722"
"PSTPIP2","9050"
"PTAR1","375743"
"PTBP1","5725"
"PTBP2","58155"
"PTBP3","9991"
"PTCD1","26024"
"PTCD3","55037"
"PTDSS1","9791"
"PTDSS2","81490"
"PTEN","5728"
"PTER","9317"
"PTGES2","80142"
"PTGFRN","5738"
"PTGR2","145482"
"PTGR3","284273"
"PTK2","5747"
"PTK7","5754"
"PTMA","5757"
"PTP4A1","7803"
"PTP4A2","8073"
"PTPA","5524"
"PTPMT1","114971"
"PTPN1","5770"
"PTPN11","5781"
"PTPN12","5782"
"PTPN13","5783"
"PTPN18","26469"
"PTPN2","5771"
"PTPN23","25930"
"PTPN9","5780"
"PTPRA","5786"
"PTPRF","5792"
"PTPRG","5793"
"PTPRJ","5795"
"PTPRK","5796"
"PTPRU","10076"
"PTRH1","138428"
"PTRH2","51651"
"PTS","5805"
"PTTG1IP","754"
"PUDP","8226"
"PUF60","22827"
"PUM1","9698"
"PUM2","23369"
"PUM3","9933"
"PURA","5813"
"PURB","5814"
"PUS1","80324"
"PUS10","150962"
"PUS3","83480"
"PUS7","54517"
"PVR","5817"
"PWP1","11137"
"PWP2","5822"
"PWWP2A","114825"
"PWWP3A","84939"
"PXDN","7837"
"PXK","54899"
"PXMP2","5827"
"PXMP4","11264"
"PYCR1","5831"
"PYCR2","29920"
"PYCR3","65263"
"PYGB","5834"
"PYGL","5836"
"PYGO2","90780"
"PYM1","84305"
"PYROXD1","79912"
"PYURF","100996939"
"QARS1","5859"
"QDPR","5860"
"QKI","9444"
"QNG1","84267"
"QPCTL","54814"
"QPRT","23475"
"QRICH1","54870"
"QRSL1","55278"
"QSER1","79832"
"QSOX1","5768"
"QSOX2","169714"
"QTRT1","81890"
"QTRT2","79691"
"R3HCC1","203069"
"R3HCC1L","27291"
"R3HDM1","23518"
"R3HDM2","22864"
"RAB10","10890"
"RAB11A","8766"
"RAB11B","9230"
"RAB11FIP1","80223"
"RAB11FIP2","22841"
"RAB11FIP5","26056"
"RAB12","201475"
"RAB13","5872"
"RAB14","51552"
"RAB15","376267"
"RAB18","22931"
"RAB1A","5861"
"RAB1B","81876"
"RAB21","23011"
"RAB22A","57403"
"RAB23","51715"
"RAB24","53917"
"RAB27A","5873"
"RAB28","9364"
"RAB2A","5862"
"RAB2B","84932"
"RAB31","11031"
"RAB32","10981"
"RAB33B","83452"
"RAB34","83871"
"RAB35","11021"
"RAB39A","54734"
"RAB39B","116442"
"RAB3A","5864"
"RAB3B","5865"
"RAB3D","9545"
"RAB3GAP1","22930"
"RAB3GAP2","25782"
"RAB3IL1","5866"
"RAB3IP","117177"
"RAB43","339122"
"RAB4A","5867"
"RAB4B","53916"
"RAB5A","5868"
"RAB5B","5869"
"RAB5C","5878"
"RAB6A","5870"
"RAB6B","51560"
"RAB7A","7879"
"RAB8A","4218"
"RAB8B","51762"
"RAB9A","9367"
"RAB9B","51209"
"RABEP1","9135"
"RABEPK","10244"
"RABGAP1","23637"
"RABGAP1L","9910"
"RABGEF1","27342"
"RABGGTA","5875"
"RABGGTB","5876"
"RABIF","5877"
"RABL3","285282"
"RABL6","55684"
"RAC1","5879"
"RAC3","5881"
"RACGAP1","29127"
"RACK1","10399"
"RAD1","5810"
"RAD17","5884"
"RAD18","56852"
"RAD21","5885"
"RAD23A","5886"
"RAD23B","5887"
"RAD50","10111"
"RAD51","5888"
"RAD51AP1","10635"
"RAD51C","5889"
"RAD54B","25788"
"RAD54L2","23132"
"RAD9A","5883"
"RADX","55086"
"RAE1","8480"
"RAF1","5894"
"RAI1","10743"
"RAI14","26064"
"RALA","5898"
"RALB","5899"
"RALBP1","10928"
"RALGAPA1","253959"
"RALGAPA2","57186"
"RALGAPB","57148"
"RALGPS2","55103"
"RALY","22913"
"RAN","5901"
"RANBP1","5902"
"RANBP10","57610"
"RANBP2","5903"
"RANBP3","8498"
"RANBP6","26953"
"RANBP9","10048"
"RANGAP1","5905"
"RANGRF","29098"
"RAP1A","5906"
"RAP1B","5908"
"RAP1GDS1","5910"
"RAP2A","5911"
"RAP2B","5912"
"RAP2C","57826"
"RAPGEF1","2889"
"RAPGEF6","51735"
"RAPH1","65059"
"RARS1","5917"
"RARS2","57038"
"RASA1","5921"
"RASA2","5922"
"RASAL2","9462"
"RASSF1","11186"
"RASSF2","9770"
"RASSF5","83593"
"RASSF7","8045"
"RASSF8","11228"
"RAVER1","125950"
"RAVER2","55225"
"RB1","5925"
"RB1CC1","9821"
"RBBP4","5928"
"RBBP5","5929"
"RBBP6","5930"
"RBBP7","5931"
"RBBP8","5932"
"RBBP9","10741"
"RBCK1","10616"
"RBFA","79863"
"RBFOX2","23543"
"RBIS","401466"
"RBL2","5934"
"RBM10","8241"
"RBM12","10137"
"RBM12B","389677"
"RBM14","10432"
"RBM15","64783"
"RBM15B","29890"
"RBM17","84991"
"RBM19","9904"
"RBM20","282996"
"RBM22","55696"
"RBM23","55147"
"RBM25","58517"
"RBM26","64062"
"RBM27","54439"
"RBM28","55131"
"RBM3","5935"
"RBM33","155435"
"RBM34","23029"
"RBM39","9584"
"RBM4","5936"
"RBM41","55285"
"RBM42","79171"
"RBM45","129831"
"RBM47","54502"
"RBM4B","83759"
"RBM5","10181"
"RBM6","10180"
"RBM7","10179"
"RBM8A","9939"
"RBMS1","5937"
"RBMS2","5939"
"RBMX","27316"
"RBMX2","51634"
"RBMXL1","494115"
"RBP1","5947"
"RBPJ","3516"
"RBPMS","11030"
"RBPMS2","348093"
"RBSN","64145"
"RBX1","9978"
"RC3H1","149041"
"RC3H2","54542"
"RCC1","1104"
"RCC1L","81554"
"RCC2","55920"
"RCCD1","91433"
"RCL1","10171"
"RCN1","5954"
"RCN2","5955"
"RCOR1","23186"
"RCOR3","55758"
"RDH10","157506"
"RDH11","51109"
"RDH13","112724"
"RDH14","57665"
"RDX","5962"
"RECK","8434"
"RECQL","5965"
"RECQL4","9401"
"RECQL5","9400"
"REEP2","51308"
"REEP3","221035"
"REEP4","80346"
"REEP5","7905"
"REEP6","92840"
"REL","5966"
"RELA","5970"
"RELCH","57614"
"RELT","84957"
"REPIN1","29803"
"REPS1","85021"
"REPS2","9185"
"RER1","11079"
"RERE","473"
"RESF1","55196"
"REST","5978"
"RETREG2","79137"
"RETREG3","162427"
"RETSAT","54884"
"REXO1","57455"
"REXO2","25996"
"REXO4","57109"
"RFC1","5981"
"RFC2","5982"
"RFC3","5983"
"RFC4","5984"
"RFC5","5985"
"RFK","55312"
"RFLNB","359845"
"RFT1","91869"
"RFTN1","23180"
"RFX1","5989"
"RFX5","5993"
"RFX7","64864"
"RFXAP","5994"
"RGMA","56963"
"RGN","9104"
"RGS10","6001"
"RGS12","6002"
"RHEB","6009"
"RHOA","387"
"RHOB","388"
"RHOC","389"
"RHOG","391"
"RHOQ","23433"
"RHOT1","55288"
"RHOT2","89941"
"RIC8A","60626"
"RIC8B","55188"
"RICTOR","253260"
"RIDA","10247"
"RILPL1","353116"
"RILPL2","196383"
"RIMOC1","285636"
"RING1","6015"
"RINT1","60561"
"RIOK1","83732"
"RIOK2","55781"
"RIOK3","8780"
"RIOX2","84864"
"RIPK1","8737"
"RIPOR1","79567"
"RITA1","84934"
"RLF","6018"
"RLIG1","91298"
"RLIM","51132"
"RMC1","29919"
"RMDN1","51115"
"RMDN3","55177"
"RMI1","80010"
"RMI2","116028"
"RMND1","55005"
"RMND5A","64795"
"RNASEH1","246243"
"RNASEH2A","10535"
"RNASEH2B","79621"
"RNASEH2C","84153"
"RNASEL","6041"
"RNASET2","8635"
"RND3","390"
"RNF10","9921"
"RNF113A","7737"
"RNF114","55905"
"RNF123","63891"
"RNF126","55658"
"RNF128","79589"
"RNF13","11342"
"RNF130","55819"
"RNF138","51444"
"RNF14","9604"
"RNF146","81847"
"RNF150","57484"
"RNF167","26001"
"RNF168","165918"
"RNF170","81790"
"RNF181","51255"
"RNF19B","127544"
"RNF2","6045"
"RNF20","56254"
"RNF213","57674"
"RNF214","257160"
"RNF220","55182"
"RNF25","64320"
"RNF31","55072"
"RNF34","80196"
"RNF4","6047"
"RNF40","9810"
"RNF41","10193"
"RNF5","6048"
"RNGTT","8732"
"RNH1","6050"
"RNMT","8731"
"RNPC3","55599"
"RNPEP","6051"
"RNPS1","10921"
"RO60","6738"
"ROBO1","6091"
"ROCK1","6093"
"ROCK2","9475"
"ROMO1","140823"
"ROR1","4919"
"ROR2","4920"
"RP2","6102"
"RP9","6100"
"RPA1","6117"
"RPA2","6118"
"RPA3","6119"
"RPAP1","26015"
"RPAP3","79657"
"RPF1","80135"
"RPF2","84154"
"RPIA","22934"
"RPL10","6134"
"RPL10A","4736"
"RPL10L","140801"
"RPL11","6135"
"RPL12","6136"
"RPL13","6137"
"RPL13A","23521"
"RPL14","9045"
"RPL15","6138"
"RPL17","6139"
"RPL18","6141"
"RPL18A","6142"
"RPL19","6143"
"RPL21","6144"
"RPL22","6146"
"RPL22L1","200916"
"RPL23","9349"
"RPL23A","6147"
"RPL24","6152"
"RPL26","6154"
"RPL26L1","51121"
"RPL27","6155"
"RPL27A","6157"
"RPL28","6158"
"RPL29","6159"
"RPL3","6122"
"RPL30","6156"
"RPL31","6160"
"RPL32","6161"
"RPL34","6164"
"RPL35","11224"
"RPL35A","6165"
"RPL36","25873"
"RPL36A","6173"
"RPL36AL","6166"
"RPL37","6167"
"RPL37A","6168"
"RPL38","6169"
"RPL4","6124"
"RPL5","6125"
"RPL6","6128"
"RPL7","6129"
"RPL7A","6130"
"RPL7L1","285855"
"RPL8","6132"
"RPLP0","6175"
"RPLP1","6176"
"RPLP2","6181"
"RPN1","6184"
"RPN2","6185"
"RPP14","11102"
"RPP21","79897"
"RPP25","54913"
"RPP25L","138716"
"RPP30","10556"
"RPP38","10557"
"RPP40","10799"
"RPRD1A","55197"
"RPRD1B","58490"
"RPRD2","23248"
"RPS10","6204"
"RPS11","6205"
"RPS12","6206"
"RPS13","6207"
"RPS14","6208"
"RPS15","6209"
"RPS15A","6210"
"RPS16","6217"
"RPS17","6218"
"RPS18","6222"
"RPS19","6223"
"RPS19BP1","91582"
"RPS2","6187"
"RPS20","6224"
"RPS21","6227"
"RPS23","6228"
"RPS24","6229"
"RPS25","6230"
"RPS26","6231"
"RPS27","6232"
"RPS27L","51065"
"RPS28","6234"
"RPS29","6235"
"RPS3","6188"
"RPS3A","6189"
"RPS4X","6191"
"RPS5","6193"
"RPS6","6194"
"RPS6KA1","6195"
"RPS6KA3","6197"
"RPS6KA5","9252"
"RPS6KB1","6198"
"RPS6KB2","6199"
"RPS7","6201"
"RPS8","6202"
"RPS9","6203"
"RPSA","3921"
"RPTOR","57521"
"RPUSD2","27079"
"RPUSD3","285367"
"RPUSD4","84881"
"RRAGA","10670"
"RRAGC","64121"
"RRAGD","58528"
"RRAS","6237"
"RRAS2","22800"
"RRBP1","6238"
"RREB1","6239"
"RRM1","6240"
"RRM2","6241"
"RRM2B","50484"
"RRN3","54700"
"RRP1","8568"
"RRP12","23223"
"RRP15","51018"
"RRP1B","23076"
"RRP36","88745"
"RRP7A","27341"
"RRP8","23378"
"RRP9","9136"
"RRS1","23212"
"RSAD1","55316"
"RSBN1","54665"
"RSBN1L","222194"
"RSF1","51773"
"RSL1D1","26156"
"RSL24D1","51187"
"RSPRY1","89970"
"RSRC1","51319"
"RSRC2","65117"
"RSRP1","57035"
"RSU1","6251"
"RTCA","8634"
"RTCB","51493"
"RTF1","23168"
"RTF2","51507"
"RTL8A","26071"
"RTN1","6252"
"RTN3","10313"
"RTN4","57142"
"RTN4R","65078"
"RTRAF","51637"
"RUFY1","80230"
"RUFY3","22902"
"RUNDC1","146923"
"RUSF1","64755"
"RUVBL1","8607"
"RUVBL2","10856"
"RWDD1","51389"
"RWDD3","25950"
"RWDD4","201965"
"RXRA","6256"
"RXRB","6257"
"RYBP","23429"
"S100A10","6281"
"S100A11","6282"
"S100A13","6284"
"S100A8","6279"
"S100A9","6280"
"S100PBP","64766"
"SAAL1","113174"
"SACM1L","22908"
"SAE1","10055"
"SAFB","6294"
"SAFB2","9667"
"SALL1","6299"
"SALL2","6297"
"SAMD1","90378"
"SAMD11","148398"
"SAMD4B","55095"
"SAMHD1","25939"
"SAMM50","25813"
"SAP130","79595"
"SAP18","10284"
"SAP30","8819"
"SAP30BP","29115"
"SAP30L","79685"
"SAR1A","56681"
"SAR1B","51128"
"SARAF","51669"
"SARM1","23098"
"SARNP","84324"
"SARS1","6301"
"SARS2","54938"
"SART1","9092"
"SART3","9733"
"SASH1","23328"
"SASS6","163786"
"SATB1","6304"
"SATB2","23314"
"SAV1","60485"
"SAYSD1","55776"
"SBDS","51119"
"SBF1","6305"
"SBNO1","55206"
"SCAF1","58506"
"SCAF11","9169"
"SCAF4","57466"
"SCAF8","22828"
"SCAMP1","9522"
"SCAMP2","10066"
"SCAMP3","10067"
"SCAMP4","113178"
"SCAP","22937"
"SCAPER","49855"
"SCARB1","949"
"SCARB2","950"
"SCARF2","91179"
"SCCPDH","51097"
"SCD","6319"
"SCD5","79966"
"SCFD1","23256"
"SCFD2","152579"
"SCLY","51540"
"SCMH1","22955"
"SCML2","10389"
"SCNM1","79005"
"SCO1","6341"
"SCO2","9997"
"SCP2","6342"
"SCRIB","23513"
"SCRN1","9805"
"SCRN2","90507"
"SCRN3","79634"
"SCYL1","57410"
"SCYL2","55681"
"SCYL3","57147"
"SDAD1","55153"
"SDC2","6383"
"SDCCAG8","10806"
"SDE2","163859"
"SDF2","6388"
"SDF2L1","23753"
"SDF4","51150"
"SDHA","6389"
"SDHAF3","57001"
"SDHAF4","135154"
"SDHB","6390"
"SDHC","6391"
"SDK1","221935"
"SDK2","54549"
"SDR39U1","56948"
"SDSL","113675"
"SEC11A","23478"
"SEC11C","90701"
"SEC13","6396"
"SEC16A","9919"
"SEC22B","9554"
"SEC23A","10484"
"SEC23B","10483"
"SEC23IP","11196"
"SEC24A","10802"
"SEC24B","10427"
"SEC24C","9632"
"SEC24D","9871"
"SEC31A","22872"
"SEC61A1","29927"
"SEC61A2","55176"
"SEC61B","10952"
"SEC61G","23480"
"SEC62","7095"
"SECISBP2","79048"
"SECISBP2L","9728"
"SEH1L","81929"
"SEL1L","6400"
"SELENBP1","8991"
"SELENOH","280636"
"SELENOK","58515"
"SELENOM","140606"
"SELENON","57190"
"SELENOO","83642"
"SELENOP","6414"
"SELENOS","55829"
"SELENOT","51714"
"SEMA4B","10509"
"SEMA4C","54910"
"SEMA4D","10507"
"SEMA6A","57556"
"SENP1","29843"
"SENP2","59343"
"SENP3","26168"
"SENP5","205564"
"SENP6","26054"
"SENP7","57337"
"SENP8","123228"
"SEPHS1","22929"
"SEPHS2","22928"
"SEPSECS","51091"
"SEPTIN10","151011"
"SEPTIN11","55752"
"SEPTIN2","4735"
"SEPTIN3","55964"
"SEPTIN5","5413"
"SEPTIN6","23157"
"SEPTIN7","989"
"SEPTIN8","23176"
"SERBP1","26135"
"SERF2","10169"
"SERGEF","26297"
"SERPINA7","6906"
"SERPINB1","1992"
"SERPINB6","5269"
"SERPINB7","8710"
"SERPINB9","5272"
"SERPINE2","5270"
"SERPINF1","5176"
"SERPINH1","871"
"SESN2","83667"
"SESTD1","91404"
"SET","6418"
"SETD1A","9739"
"SETD1B","23067"
"SETD2","29072"
"SETD3","84193"
"SETD7","80854"
"SETDB1","9869"
"SETMAR","6419"
"SETX","23064"
"SEZ6L2","26470"
"SF1","7536"
"SF3A1","10291"
"SF3A2","8175"
"SF3A3","10946"
"SF3B1","23451"
"SF3B2","10992"
"SF3B3","23450"
"SF3B4","10262"
"SF3B5","83443"
"SF3B6","51639"
"SFMBT2","57713"
"SFPQ","6421"
"SFR1","119392"
"SFSWAP","6433"
"SFT2D3","84826"
"SFXN1","94081"
"SGCE","8910"
"SGF29","112869"
"SGK3","23678"
"SGMS2","166929"
"SGO1","151648"
"SGO2","151246"
"SGPL1","8879"
"SGPP1","81537"
"SGSH","6448"
"SGTA","6449"
"SH2B1","25970"
"SH3BGRL","6451"
"SH3BGRL2","83699"
"SH3BGRL3","83442"
"SH3BP1","23616"
"SH3BP5","9467"
"SH3BP5L","80851"
"SH3D19","152503"
"SH3GL1","6455"
"SH3GL2","6456"
"SH3GL3","6457"
"SH3GLB1","51100"
"SH3GLB2","56904"
"SH3KBP1","30011"
"SH3PXD2A","9644"
"SH3PXD2B","285590"
"SH3RF3","344558"
"SHB","6461"
"SHC1","6464"
"SHC4","399694"
"SHISA2","387914"
"SHKBP1","92799"
"SHMT1","6470"
"SHMT2","6472"
"SHOC2","8036"
"SHPK","23729"
"SHPRH","257218"
"SHQ1","55164"
"SHROOM1","134549"
"SHTN1","57698"
"SIAE","54414"
"SIDT2","51092"
"SIGMAR1","10280"
"SIK2","23235"
"SIKE1","80143"
"SIL1","64374"
"SIMC1","375484"
"SIN3A","25942"
"SIN3B","23309"
"SINHCAF","58516"
"SIPA1","6494"
"SIPA1L1","26037"
"SIPA1L2","57568"
"SIPA1L3","23094"
"SIRPA","140885"
"SIRT1","23411"
"SIRT2","22933"
"SIRT5","23408"
"SIRT6","51548"
"SIX1","6495"
"SIX4","51804"
"SKA1","220134"
"SKA2","348235"
"SKA3","221150"
"SKI","6497"
"SKIC2","6499"
"SKIC3","9652"
"SKIC8","80349"
"SKIL","6498"
"SKP1","6500"
"SKP2","6502"
"SLAIN1","122060"
"SLAIN2","57606"
"SLBP","7884"
"SLC12A2","6558"
"SLC12A4","6560"
"SLC12A7","10723"
"SLC12A9","56996"
"SLC15A4","121260"
"SLC16A1","6566"
"SLC16A10","117247"
"SLC16A2","6567"
"SLC17A5","26503"
"SLC19A1","6573"
"SLC19A2","10560"
"SLC1A3","6507"
"SLC1A4","6509"
"SLC1A5","6510"
"SLC20A1","6574"
"SLC23A2","9962"
"SLC25A1","6576"
"SLC25A10","1468"
"SLC25A11","8402"
"SLC25A12","8604"
"SLC25A13","10165"
"SLC25A14","9016"
"SLC25A15","10166"
"SLC25A17","10478"
"SLC25A19","60386"
"SLC25A20","788"
"SLC25A21","89874"
"SLC25A22","79751"
"SLC25A24","29957"
"SLC25A25","114789"
"SLC25A3","5250"
"SLC25A32","81034"
"SLC25A4","291"
"SLC25A5","292"
"SLC25A6","293"
"SLC26A2","1836"
"SLC26A6","65010"
"SLC27A2","11001"
"SLC27A3","11000"
"SLC27A4","10999"
"SLC29A1","2030"
"SLC2A1","6513"
"SLC2A10","81031"
"SLC2A13","114134"
"SLC30A1","7779"
"SLC30A5","64924"
"SLC30A7","148867"
"SLC30A9","10463"
"SLC31A1","1317"
"SLC33A1","9197"
"SLC35B1","10237"
"SLC35B2","347734"
"SLC35E1","79939"
"SLC35F2","54733"
"SLC37A3","84255"
"SLC37A4","2542"
"SLC38A1","81539"
"SLC38A10","124565"
"SLC38A2","54407"
"SLC38A9","153129"
"SLC39A1","27173"
"SLC39A11","201266"
"SLC39A14","23516"
"SLC39A6","25800"
"SLC3A2","6520"
"SLC41A3","54946"
"SLC44A1","23446"
"SLC44A2","57153"
"SLC4A1AP","22950"
"SLC4A2","6522"
"SLC4A7","9497"
"SLC5A3","6526"
"SLC5A6","8884"
"SLC6A15","55117"
"SLC6A9","6536"
"SLC7A1","6541"
"SLC7A11","23657"
"SLC7A2","6542"
"SLC7A5","8140"
"SLC7A6","9057"
"SLC7A6OS","84138"
"SLC7A8","23428"
"SLC9A1","6548"
"SLC9A6","10479"
"SLF1","84250"
"SLF2","55719"
"SLIRP","81892"
"SLK","9748"
"SLMAP","7871"
"SLTM","79811"
"SLU7","10569"
"SLX4","84464"
"SLX4IP","128710"
"SLX9","85395"
"SMAD1","4086"
"SMAD2","4087"
"SMAD3","4088"
"SMAD4","4089"
"SMAD9","4093"
"SMAP1","60682"
"SMAP2","64744"
"SMARCA1","6594"
"SMARCA2","6595"
"SMARCA4","6597"
"SMARCA5","8467"
"SMARCAD1","56916"
"SMARCAL1","50485"
"SMARCB1","6598"
"SMARCC1","6599"
"SMARCC2","6601"
"SMARCD1","6602"
"SMARCD2","6603"
"SMARCD3","6604"
"SMARCE1","6605"
"SMC1A","8243"
"SMC2","10592"
"SMC3","9126"
"SMC4","10051"
"SMC5","23137"
"SMC6","79677"
"SMCHD1","23347"
"SMDT1","91689"
"SMG5","23381"
"SMG6","23293"
"SMG7","9887"
"SMG8","55181"
"SMG9","56006"
"SMIM1","388588"
"SMIM12","113444"
"SMIM15","643155"
"SMIM8","57150"
"SMN2","6607"
"SMNDC1","10285"
"SMPD1","6609"
"SMPD4","55627"
"SMPDL3A","10924"
"SMPDL3B","27293"
"SMS","6611"
"SMTN","6525"
"SMU1","55234"
"SMUG1","23583"
"SMURF2","64750"
"SMYD2","56950"
"SMYD5","10322"
"SNAP23","8773"
"SNAP29","9342"
"SNAP47","116841"
"SNAPC1","6617"
"SNAPC2","6618"
"SNAPC3","6619"
"SNAPC4","6621"
"SNAPIN","23557"
"SNCA","6622"
"SND1","27044"
"SNF8","11267"
"SNIP1","79753"
"SNRK","54861"
"SNRNP200","23020"
"SNRNP25","79622"
"SNRNP27","11017"
"SNRNP35","11066"
"SNRNP40","9410"
"SNRNP48","154007"
"SNRNP70","6625"
"SNRPA","6626"
"SNRPA1","6627"
"SNRPB","6628"
"SNRPB2","6629"
"SNRPC","6631"
"SNRPD1","6632"
"SNRPD2","6633"
"SNRPD3","6634"
"SNRPE","6635"
"SNRPF","6636"
"SNTA1","6640"
"SNTB2","6645"
"SNU13","4809"
"SNUPN","10073"
"SNW1","22938"
"SNX1","6642"
"SNX11","29916"
"SNX12","29934"
"SNX13","23161"
"SNX15","29907"
"SNX17","9784"
"SNX18","112574"
"SNX2","6643"
"SNX21","90203"
"SNX27","81609"
"SNX29","92017"
"SNX3","8724"
"SNX30","401548"
"SNX33","257364"
"SNX4","8723"
"SNX5","27131"
"SNX6","58533"
"SNX7","51375"
"SNX8","29886"
"SNX9","51429"
"SOAT1","6646"
"SOBP","55084"
"SOD2","6648"
"SON","6651"
"SORBS1","10580"
"SORBS3","10174"
"SORD","6652"
"SORT1","6272"
"SOS1","6654"
"SOWAHC","65124"
"SOX12","6666"
"SOX13","9580"
"SOX2","6657"
"SOX4","6659"
"SOX8","30812"
"SOX9","6662"
"SP1","6667"
"SP2","6668"
"SP3","6670"
"SP4","6671"
"SPAG1","6674"
"SPAG5","10615"
"SPAG7","9552"
"SPAG9","9043"
"SPART","23111"
"SPAST","6683"
"SPATA2","9825"
"SPATA33","124045"
"SPATS2","65244"
"SPATS2L","26010"
"SPC25","57405"
"SPCS1","28972"
"SPCS2","9789"
"SPCS3","60559"
"SPDL1","54908"
"SPECC1","92521"
"SPECC1L","23384"
"SPEN","23013"
"SPG21","51324"
"SPHK2","56848"
"SPIN1","10927"
"SPIN3","169981"
"SPIN4","139886"
"SPINDOC","144097"
"SPIRE1","56907"
"SPNS1","83985"
"SPON1","10418"
"SPOP","8405"
"SPOUT1","51490"
"SPPL2A","84888"
"SPPL2B","56928"
"SPRTN","83932"
"SPRYD4","283377"
"SPRYD7","57213"
"SPTAN1","6709"
"SPTB","6710"
"SPTBN2","6712"
"SPTLC1","10558"
"SPTLC2","9517"
"SPTY2D1","144108"
"SQLE","6713"
"SQSTM1","8878"
"SRA1","10011"
"SRBD1","55133"
"SRC","6714"
"SRCAP","10847"
"SREK1","140890"
"SREK1IP1","285672"
"SRF","6722"
"SRFBP1","153443"
"SRGAP2","23380"
"SRI","6717"
"SRM","6723"
"SRP14","6727"
"SRP19","6728"
"SRP54","6729"
"SRP68","6730"
"SRP72","6731"
"SRP9","6726"
"SRPK1","6732"
"SRPK2","6733"
"SRPRA","6734"
"SRPRB","58477"
"SRR","63826"
"SRRM1","10250"
"SRRM2","23524"
"SRRT","51593"
"SRSF1","6426"
"SRSF10","10772"
"SRSF11","9295"
"SRSF12","135295"
"SRSF2","6427"
"SRSF3","6428"
"SRSF4","6429"
"SRSF5","6430"
"SRSF6","6431"
"SRSF7","6432"
"SRSF8","10929"
"SS18L1","26039"
"SSB","6741"
"SSBP1","6742"
"SSBP3","23648"
"SSBP4","170463"
"SSH1","54434"
"SSH2","85464"
"SSH3","54961"
"SSNA1","8636"
"SSR1","6745"
"SSR3","6747"
"SSR4","6748"
"SSRP1","6749"
"SSU72","29101"
"SSX2IP","117178"
"STAG1","10274"
"STAG2","10735"
"STAM","8027"
"STAM2","10254"
"STAMBP","10617"
"STAMBPL1","57559"
"STARD10","10809"
"STARD3NL","83930"
"STARD5","80765"
"STARD7","56910"
"STAT1","6772"
"STAT2","6773"
"STAT3","6774"
"STAT5B","6777"
"STAT6","6778"
"STAU1","6780"
"STAU2","27067"
"STBD1","8987"
"STC2","8614"
"STEAP3","55240"
"STEEP1","63932"
"STIM1","6786"
"STIM2","57620"
"STIP1","10963"
"STK10","6793"
"STK11","6794"
"STK11IP","114790"
"STK19","8859"
"STK24","8428"
"STK25","10494"
"STK26","51765"
"STK3","6788"
"STK35","140901"
"STK38","11329"
"STK38L","23012"
"STK39","27347"
"STK4","6789"
"STMN1","3925"
"STMN2","11075"
"STOM","2040"
"STOML2","30968"
"STRAP","11171"
"STRBP","55342"
"STRIP1","85369"
"STRN","6801"
"STRN3","29966"
"STRN4","29888"
"STT3A","3703"
"STT3B","201595"
"STUB1","10273"
"STX10","8677"
"STX12","23673"
"STX16","8675"
"STX17","55014"
"STX18","53407"
"STX2","2054"
"STX3","6809"
"STX4","6810"
"STX5","6811"
"STX6","10228"
"STX7","8417"
"STX8","9482"
"STXBP1","6812"
"STXBP2","6813"
"STXBP3","6814"
"STXBP4","252983"
"SUB1","10923"
"SUCLA2","8803"
"SUCLG1","8802"
"SUCLG2","8801"
"SUCO","51430"
"SUDS3","64426"
"SUFU","51684"
"SUGCT","79783"
"SUGP1","57794"
"SUGP2","10147"
"SUGT1","10910"
"SULF2","55959"
"SUMF1","285362"
"SUMF2","25870"
"SUMO2","6613"
"SUMO3","6612"
"SUN1","23353"
"SUN2","25777"
"SUOX","6821"
"SUPT16H","11198"
"SUPT20H","55578"
"SUPT3H","8464"
"SUPT4H1","6827"
"SUPT5H","6829"
"SUPT6H","6830"
"SUPT7L","9913"
"SURF1","6834"
"SURF2","6835"
"SURF4","6836"
"SURF6","6838"
"SUV39H1","6839"
"SUV39H2","79723"
"SUZ12","23512"
"SVBP","374969"
"SVIL","6840"
"SVIP","258010"
"SWAP70","23075"
"SYAP1","94056"
"SYDE1","85360"
"SYF2","25949"
"SYK","6850"
"SYMPK","8189"
"SYNCRIP","10492"
"SYNE2","23224"
"SYNE3","161176"
"SYNGR1","9145"
"SYNGR2","9144"
"SYNJ1","8867"
"SYNJ2","8871"
"SYNJ2BP","55333"
"SYNM","23336"
"SYNRG","11276"
"SYP","6855"
"SYPL1","6856"
"SYPL2","284612"
"SYT1","6857"
"SYT11","23208"
"SYTL4","94121"
"SYVN1","84447"
"SZRD1","26099"
"TAB1","10454"
"TAB2","23118"
"TAB3","257397"
"TACC1","6867"
"TACC2","10579"
"TACC3","10460"
"TACO1","51204"
"TADA1","117143"
"TADA2A","6871"
"TADA2B","93624"
"TADA3","10474"
"TAF1","6872"
"TAF10","6881"
"TAF11","6882"
"TAF12","6883"
"TAF15","8148"
"TAF1A","9015"
"TAF1B","9014"
"TAF1D","79101"
"TAF2","6873"
"TAF3","83860"
"TAF4","6874"
"TAF5","6877"
"TAF5L","27097"
"TAF6","6878"
"TAF6L","10629"
"TAF7","6879"
"TAF8","129685"
"TAF9","6880"
"TAF9B","51616"
"TAGLN2","8407"
"TAGLN3","29114"
"TALDO1","6888"
"TAMM41","132001"
"TANC2","26115"
"TANGO6","79613"
"TANK","10010"
"TAOK1","57551"
"TAOK2","9344"
"TAOK3","51347"
"TAP1","6890"
"TAPBP","6892"
"TAPT1","202018"
"TARBP1","6894"
"TARBP2","6895"
"TARDBP","23435"
"TARS1","6897"
"TARS2","80222"
"TARS3","123283"
"TASOR","23272"
"TASOR2","54906"
"TASP1","55617"
"TATDN1","83940"
"TATDN2","9797"
"TATDN3","128387"
"TAX1BP3","30851"
"TBC1D10A","83874"
"TBC1D10B","26000"
"TBC1D12","23232"
"TBC1D13","54662"
"TBC1D15","64786"
"TBC1D17","79735"
"TBC1D20","128637"
"TBC1D22A","25771"
"TBC1D22B","55633"
"TBC1D23","55773"
"TBC1D24","57465"
"TBC1D2B","23102"
"TBC1D4","9882"
"TBC1D5","9779"
"TBC1D7","51256"
"TBC1D9B","23061"
"TBCA","6902"
"TBCB","1155"
"TBCC","6903"
"TBCD","6904"
"TBCE","6905"
"TBCEL","219899"
"TBK1","29110"
"TBL1X","6907"
"TBL1XR1","79718"
"TBL2","26608"
"TBL3","10607"
"TBP","6908"
"TBPL1","9519"
"TBRG1","84897"
"TBRG4","9238"
"TBX18","9096"
"TBX2","6909"
"TBX3","6926"
"TCAF1","9747"
"TCEA1","6917"
"TCEA2","6919"
"TCEAL1","9338"
"TCEAL4","79921"
"TCEANC2","127428"
"TCERG1","10915"
"TCF12","6938"
"TCF19","6941"
"TCF20","6942"
"TCF25","22980"
"TCF3","6929"
"TCF7L2","6934"
"TCHP","84260"
"TCOF1","6949"
"TCP1","6950"
"TCP11L1","55346"
"TCTN3","26123"
"TDP1","55775"
"TDP2","51567"
"TDRD3","81550"
"TDRD7","23424"
"TDRKH","11022"
"TEAD1","7003"
"TEAD4","7004"
"TECPR1","25851"
"TECPR2","9895"
"TECR","9524"
"TEDC1","283643"
"TEDC2","80178"
"TEF","7008"
"TELO2","9894"
"TENM3","55714"
"TENT2","167153"
"TENT4B","64282"
"TEPSIN","146705"
"TERF1","7013"
"TERF2","7014"
"TERF2IP","54386"
"TES","26136"
"TET1","80312"
"TEX10","54881"
"TEX2","55852"
"TEX264","51368"
"TFAM","7019"
"TFAP2A","7020"
"TFAP2D","83741"
"TFAP4","7023"
"TFB1M","51106"
"TFCP2","7024"
"TFDP1","7027"
"TFDP2","7029"
"TFE3","7030"
"TFEB","7942"
"TFG","10342"
"TFPI2","7980"
"TFPT","29844"
"TFRC","7037"
"TGFBR1","7046"
"TGFBR3","7049"
"TGFBRAP1","9392"
"TGIF2","60436"
"TGM2","7052"
"TGS1","96764"
"THADA","63892"
"THAP1","55145"
"THAP10","56906"
"THAP11","57215"
"THAP12","5612"
"THAP3","90326"
"THAP4","51078"
"THEM4","117145"
"THEM6","51337"
"THG1L","54974"
"THNSL1","79896"
"THOC1","9984"
"THOC2","57187"
"THOC3","84321"
"THOC5","8563"
"THOC6","79228"
"THOC7","80145"
"THOP1","7064"
"THRAP3","9967"
"THTPA","79178"
"THUMPD1","55623"
"THUMPD3","25917"
"THYN1","29087"
"TIA1","7072"
"TIAL1","7073"
"TIAM1","7074"
"TICRR","90381"
"TIGAR","57103"
"TIGD2","166815"
"TIMM10","26519"
"TIMM10B","26515"
"TIMM13","26517"
"TIMM17B","10245"
"TIMM21","29090"
"TIMM22","29928"
"TIMM29","90580"
"TIMM50","92609"
"TIMM8A","1678"
"TIMM8B","26521"
"TIMM9","26520"
"TIMMDC1","51300"
"TIMP1","7076"
"TIMP2","7077"
"TIPIN","54962"
"TIPRL","261726"
"TJAP1","93643"
"TJP1","7082"
"TJP2","9414"
"TK1","7083"
"TKFC","26007"
"TKT","7086"
"TLCD1","116238"
"TLE1","7088"
"TLE3","7090"
"TLE4","7091"
"TLE5","166"
"TLK1","9874"
"TLK2","11011"
"TLN1","7094"
"TLN2","83660"
"TM2D1","83941"
"TM2D2","83877"
"TM7SF2","7108"
"TM7SF3","51768"
"TM9SF1","10548"
"TM9SF2","9375"
"TM9SF3","56889"
"TM9SF4","9777"
"TMA16","55319"
"TMA7","51372"
"TMBIM6","7009"
"TMCC3","57458"
"TMED1","11018"
"TMED2","10959"
"TMED3","23423"
"TMED4","222068"
"TMED5","50999"
"TMED7","51014"
"TMED8","283578"
"TMED9","54732"
"TMEM102","284114"
"TMEM106B","54664"
"TMEM106C","79022"
"TMEM109","79073"
"TMEM115","11070"
"TMEM120A","83862"
"TMEM126A","84233"
"TMEM126B","55863"
"TMEM127","55654"
"TMEM128","85013"
"TMEM131","23505"
"TMEM131L","23240"
"TMEM135","65084"
"TMEM14C","51522"
"TMEM160","54958"
"TMEM161A","54929"
"TMEM165","55858"
"TMEM167A","153339"
"TMEM177","80775"
"TMEM179B","374395"
"TMEM181","57583"
"TMEM184C","55751"
"TMEM192","201931"
"TMEM199","147007"
"TMEM201","199953"
"TMEM205","374882"
"TMEM209","84928"
"TMEM214","54867"
"TMEM219","124446"
"TMEM230","29058"
"TMEM237","65062"
"TMEM245","23731"
"TMEM259","91304"
"TMEM263","90488"
"TMEM30A","55754"
"TMEM33","55161"
"TMEM39B","55116"
"TMEM41A","90407"
"TMEM41B","440026"
"TMEM43","79188"
"TMEM63A","9725"
"TMEM63B","55362"
"TMEM65","157378"
"TMEM68","137695"
"TMEM70","54968"
"TMEM87A","25963"
"TMEM9","252839"
"TMEM94","9772"
"TMEM97","27346"
"TMEM9B","56674"
"TMF1","7110"
"TMLHE","55217"
"TMOD1","7111"
"TMOD2","29767"
"TMOD3","29766"
"TMPO","7112"
"TMPPE","643853"
"TMT1A","25840"
"TMT1B","196410"
"TMTC3","160418"
"TMUB1","83590"
"TMUB2","79089"
"TMX1","81542"
"TMX2","51075"
"TMX3","54495"
"TMX4","56255"
"TNFAIP8","25816"
"TNFRSF21","27242"
"TNIK","23043"
"TNIP1","10318"
"TNIP2","79155"
"TNK2","10188"
"TNKS1BP1","85456"
"TNPO1","3842"
"TNPO2","30000"
"TNPO3","23534"
"TNRC18","84629"
"TNRC6A","27327"
"TNRC6B","23112"
"TOB2","10766"
"TOE1","114034"
"TOLLIP","54472"
"TOM1","10043"
"TOM1L1","10040"
"TOM1L2","146691"
"TOMM20","9804"
"TOMM22","56993"
"TOMM34","10953"
"TOMM40","10452"
"TOMM5","401505"
"TOMM70","9868"
"TONSL","4796"
"TOP1","7150"
"TOP2A","7153"
"TOP2B","7155"
"TOP3A","7156"
"TOP3B","8940"
"TOPBP1","11073"
"TOPORS","10210"
"TOR1A","1861"
"TOR1AIP1","26092"
"TOR1AIP2","163590"
"TOR1B","27348"
"TOR2A","27433"
"TOR3A","64222"
"TOX2","84969"
"TOX4","9878"
"TP53","7157"
"TP53BP1","7158"
"TP53BP2","7159"
"TP53I11","9537"
"TP53I3","9540"
"TP53INP2","58476"
"TP53RK","112858"
"TP73","7161"
"TPBG","7162"
"TPCN1","53373"
"TPD52","7163"
"TPD52L1","7164"
"TPD52L2","7165"
"TPGS1","91978"
"TPI1","7167"
"TPM1","7168"
"TPM3","7170"
"TPM4","7171"
"TPMT","7172"
"TPP1","1200"
"TPP2","7174"
"TPPP","11076"
"TPPP3","51673"
"TPR","7175"
"TPRG1L","127262"
"TPRKB","51002"
"TPRN","286262"
"TPST1","8460"
"TPST2","8459"
"TPT1","7178"
"TPX2","22974"
"TRA2A","29896"
"TRA2B","6434"
"TRABD","80305"
"TRADD","8717"
"TRAF2","7186"
"TRAF3","7187"
"TRAF3IP1","26146"
"TRAF4","9618"
"TRAF6","7189"
"TRAF7","84231"
"TRAFD1","10906"
"TRAM1","23471"
"TRAPPC1","58485"
"TRAPPC11","60684"
"TRAPPC12","51112"
"TRAPPC13","80006"
"TRAPPC14","55262"
"TRAPPC2L","51693"
"TRAPPC3","27095"
"TRAPPC4","51399"
"TRAPPC5","126003"
"TRAPPC6B","122553"
"TRAPPC8","22878"
"TRAPPC9","83696"
"TRIAP1","51499"
"TRIM11","81559"
"TRIM2","23321"
"TRIM24","8805"
"TRIM25","7706"
"TRIM26","7726"
"TRIM27","5987"
"TRIM28","10155"
"TRIM3","10612"
"TRIM32","22954"
"TRIM33","51592"
"TRIM36","55521"
"TRIM4","89122"
"TRIM41","90933"
"TRIM44","54765"
"TRIM56","81844"
"TRIM65","201292"
"TRIM9","114088"
"TRIO","7204"
"TRIOBP","11078"
"TRIP10","9322"
"TRIP11","9321"
"TRIP12","9320"
"TRIP13","9319"
"TRIP4","9325"
"TRIP6","7205"
"TRIQK","286144"
"TRIR","79002"
"TRMT1","55621"
"TRMT10A","93587"
"TRMT10C","54931"
"TRMT11","60487"
"TRMT112","51504"
"TRMT13","54482"
"TRMT1L","81627"
"TRMT2A","27037"
"TRMT2B","79979"
"TRMT5","57570"
"TRMT6","51605"
"TRMT61A","115708"
"TRMT61B","55006"
"TRMU","55687"
"TRNT1","51095"
"TRO","7216"
"TROAP","10024"
"TRPS1","7227"
"TRPT1","83707"
"TRRAP","8295"
"TRUB1","142940"
"TRUB2","26995"
"TSC1","7248"
"TSC2","7249"
"TSC22D1","8848"
"TSC22D3","1831"
"TSC22D4","81628"
"TSEN15","116461"
"TSEN2","80746"
"TSEN34","79042"
"TSEN54","283989"
"TSFM","10102"
"TSG101","7251"
"TSHZ1","10194"
"TSHZ3","57616"
"TSN","7247"
"TSNAX","7257"
"TSPYL1","7259"
"TSR1","55720"
"TSR2","90121"
"TSR3","115939"
"TSSC4","10078"
"TST","7263"
"TSTD2","158427"
"TTC1","7265"
"TTC12","54970"
"TTC14","151613"
"TTC17","55761"
"TTC19","54902"
"TTC27","55622"
"TTC28","23331"
"TTC33","23548"
"TTC38","55020"
"TTC39C","125488"
"TTC4","7268"
"TTC5","91875"
"TTC7B","145567"
"TTC9C","283237"
"TTF1","7270"
"TTF2","8458"
"TTI1","9675"
"TTI2","80185"
"TTK","7272"
"TTL","150465"
"TTLL12","23170"
"TTLL4","9654"
"TTPAL","79183"
"TTYH2","94015"
"TTYH3","80727"
"TUB","7275"
"TUBA1C","84790"
"TUBAL3","79861"
"TUBB","203068"
"TUBB2A","7280"
"TUBB2B","347733"
"TUBB3","10381"
"TUBB4A","10382"
"TUBB4B","10383"
"TUBB6","84617"
"TUBE1","51175"
"TUBG1","7283"
"TUBGCP2","10844"
"TUBGCP3","10426"
"TUBGCP4","27229"
"TUBGCP5","114791"
"TUBGCP6","85378"
"TUFM","7284"
"TUFT1","7286"
"TULP3","7289"
"TUSC1","286319"
"TUSC2","11334"
"TUT1","64852"
"TUT4","23318"
"TUT7","79670"
"TWF1","5756"
"TWF2","11344"
"TWNK","56652"
"TWSG1","57045"
"TXLNA","200081"
"TXLNG","55787"
"TXN2","25828"
"TXNDC11","51061"
"TXNDC12","51060"
"TXNDC15","79770"
"TXNDC16","57544"
"TXNDC17","84817"
"TXNDC5","81567"
"TXNDC9","10190"
"TXNIP","10628"
"TXNL1","9352"
"TXNL4A","10907"
"TXNL4B","54957"
"TXNRD1","7296"
"TXNRD2","10587"
"TYK2","7297"
"TYMS","7298"
"TYRO3","7301"
"TYSND1","219743"
"TYW3","127253"
"U2AF1","7307"
"U2AF2","11338"
"U2SURP","23350"
"UACA","55075"
"UAP1","6675"
"UAP1L1","91373"
"UBA1","7317"
"UBA2","10054"
"UBA3","9039"
"UBA5","79876"
"UBA52","7311"
"UBA6","55236"
"UBAC1","10422"
"UBAC2","337867"
"UBAP1","51271"
"UBAP2L","9898"
"UBASH3B","84959"
"UBE2A","7319"
"UBE2B","7320"
"UBE2E3","10477"
"UBE2F","140739"
"UBE2G1","7326"
"UBE2H","7328"
"UBE2J1","51465"
"UBE2J2","118424"
"UBE2K","3093"
"UBE2L3","7332"
"UBE2M","9040"
"UBE2N","7334"
"UBE2O","63893"
"UBE2Q1","55585"
"UBE2R2","54926"
"UBE2S","27338"
"UBE2V1","7335"
"UBE2V2","7336"
"UBE2Z","65264"
"UBE3A","7337"
"UBE3B","89910"
"UBE3C","9690"
"UBE4A","9354"
"UBE4B","10277"
"UBFD1","56061"
"UBL4A","8266"
"UBL5","59286"
"UBL7","84993"
"UBLCP1","134510"
"UBP1","7342"
"UBQLN1","29979"
"UBQLN2","29978"
"UBQLN4","56893"
"UBR1","197131"
"UBR2","23304"
"UBR4","23352"
"UBR5","51366"
"UBR7","55148"
"UBTD1","80019"
"UBTD2","92181"
"UBTF","7343"
"UBXN1","51035"
"UBXN2A","165324"
"UBXN2B","137886"
"UBXN4","23190"
"UBXN6","80700"
"UBXN7","26043"
"UBXN8","7993"
"UCHL1","7345"
"UCHL3","7347"
"UCHL5","51377"
"UCK1","83549"
"UCK2","7371"
"UCKL1","54963"
"UEVLD","55293"
"UFD1","7353"
"UFL1","23376"
"UFM1","51569"
"UFSP2","55325"
"UGCG","7357"
"UGDH","7358"
"UGGT1","56886"
"UGGT2","55757"
"UGP2","7360"
"UGT8","7368"
"UHRF1","29128"
"UHRF2","115426"
"UIMC1","51720"
"ULBP2","80328"
"ULBP3","79465"
"ULK1","8408"
"ULK3","25989"
"UMPS","7372"
"UNC119","9094"
"UNC119B","84747"
"UNC13B","10497"
"UNC45A","55898"
"UNC5C","8633"
"UNC93B1","81622"
"UNCX","340260"
"UNG","7374"
"UNK","85451"
"UPF1","5976"
"UPF2","26019"
"UPF3B","65109"
"UPP1","7378"
"UPRT","139596"
"UQCC1","55245"
"UQCC2","84300"
"UQCC4","283951"
"UQCC5","440957"
"UQCC6","728568"
"UQCR10","29796"
"UQCRB","7381"
"UQCRC1","7384"
"UQCRC2","7385"
"UQCRFS1","7386"
"UQCRH","7388"
"UQCRQ","27089"
"URB1","9875"
"URB2","9816"
"URGCP","55665"
"URI1","8725"
"URM1","81605"
"UROD","7389"
"USB1","79650"
"USE1","55850"
"USF1","7391"
"USF2","7392"
"USO1","8615"
"USP10","9100"
"USP11","8237"
"USP12","219333"
"USP13","8975"
"USP14","9097"
"USP15","9958"
"USP16","10600"
"USP19","10869"
"USP22","23326"
"USP24","23358"
"USP25","29761"
"USP27X","389856"
"USP28","57646"
"USP3","9960"
"USP31","57478"
"USP33","23032"
"USP34","9736"
"USP36","57602"
"USP37","57695"
"USP39","10713"
"USP4","7375"
"USP42","84132"
"USP47","55031"
"USP48","84196"
"USP5","8078"
"USP54","159195"
"USP7","7874"
"USP8","9101"
"USP9X","8239"
"UST","10090"
"UTP11","51118"
"UTP14A","10813"
"UTP15","84135"
"UTP18","51096"
"UTP23","84294"
"UTP25","27042"
"UTP3","57050"
"UTP4","84916"
"UTP6","55813"
"UTRN","7402"
"UVSSA","57654"
"UXS1","80146"
"UXT","8409"
"VAC14","55697"
"VAMP2","6844"
"VAMP3","9341"
"VAMP4","8674"
"VAMP7","6845"
"VAMP8","8673"
"VANGL1","81839"
"VAPA","9218"
"VAPB","9217"
"VARS1","7407"
"VARS2","57176"
"VASH1","22846"
"VASN","114990"
"VASP","7408"
"VAT1","10493"
"VAV2","7410"
"VAX2","25806"
"VBP1","7411"
"VCAN","1462"
"VCF1","84923"
"VCL","7414"
"VCP","7415"
"VCPIP1","80124"
"VCPKMT","79609"
"VDAC1","7416"
"VDAC2","7417"
"VDAC3","7419"
"VEGFA","7422"
"VEGFB","7423"
"VEZF1","7716"
"VGLL4","9686"
"VIM","7431"
"VIPAS39","63894"
"VIRMA","25962"
"VKORC1","79001"
"VKORC1L1","154807"
"VLDLR","7436"
"VMA21","203547"
"VMP1","81671"
"VPS11","55823"
"VPS13A","23230"
"VPS13C","54832"
"VPS16","64601"
"VPS18","57617"
"VPS26A","9559"
"VPS26B","112936"
"VPS26C","10311"
"VPS28","51160"
"VPS29","51699"
"VPS33A","65082"
"VPS33B","26276"
"VPS35","55737"
"VPS35L","57020"
"VPS36","51028"
"VPS37A","137492"
"VPS37C","55048"
"VPS39","23339"
"VPS41","27072"
"VPS45","11311"
"VPS4A","27183"
"VPS4B","9525"
"VPS50","55610"
"VPS51","738"
"VPS52","6293"
"VPS53","55275"
"VPS72","6944"
"VRK1","7443"
"VRK2","7444"
"VRK3","51231"
"VTA1","51534"
"VTI1A","143187"
"VTI1B","10490"
"VWA8","23078"
"WAC","51322"
"WAPL","23063"
"WARS1","7453"
"WARS2","10352"
"WASF3","10810"
"WASH6P","653440"
"WASHC2A","387680"
"WASHC2C","253725"
"WASHC3","51019"
"WASHC4","23325"
"WASHC5","9897"
"WASL","8976"
"WBP11","51729"
"WBP1L","54838"
"WBP2","23558"
"WBP4","11193"
"WDCP","80304"
"WDFY1","57590"
"WDHD1","11169"
"WDR1","9948"
"WDR11","55717"
"WDR12","55759"
"WDR13","64743"
"WDR18","57418"
"WDR20","91833"
"WDR25","79446"
"WDR26","80232"
"WDR3","10885"
"WDR33","55339"
"WDR36","134430"
"WDR37","22884"
"WDR4","10785"
"WDR41","55255"
"WDR43","23160"
"WDR44","54521"
"WDR45","11152"
"WDR45B","56270"
"WDR46","9277"
"WDR47","22911"
"WDR48","57599"
"WDR5","11091"
"WDR54","84058"
"WDR55","54853"
"WDR59","79726"
"WDR6","11180"
"WDR62","284403"
"WDR70","55100"
"WDR73","84942"
"WDR74","54663"
"WDR75","84128"
"WDR76","79968"
"WDR77","79084"
"WDR81","124997"
"WDR82","80335"
"WDR83","84292"
"WDR89","112840"
"WDR91","29062"
"WDSUB1","151525"
"WDTC1","23038"
"WEE1","7465"
"WFS1","7466"
"WHAMM","123720"
"WIPF1","7456"
"WIPF2","147179"
"WIPF3","644150"
"WIPI2","26100"
"WIZ","58525"
"WLS","79971"
"WNK2","65268"
"WNK3","65267"
"WRAP53","55135"
"WRAP73","49856"
"WRNIP1","56897"
"WTAP","9589"
"WWOX","51741"
"WWP1","11059"
"WWP2","11060"
"XAB2","56949"
"XBP1","7494"
"XIAP","331"
"XPA","7507"
"XPC","7508"
"XPNPEP1","7511"
"XPNPEP3","63929"
"XPO1","7514"
"XPO4","64328"
"XPO5","57510"
"XPO6","23214"
"XPO7","23039"
"XPOT","11260"
"XPR1","9213"
"XRCC1","7515"
"XRCC3","7517"
"XRCC4","7518"
"XRCC5","7520"
"XRCC6","2547"
"XRN1","54464"
"XRN2","22803"
"XXYLT1","152002"
"XYLB","9942"
"XYLT2","64132"
"YAF2","10138"
"YAP1","10413"
"YARS1","8565"
"YARS2","51067"
"YBEY","54059"
"YBX1","4904"
"YBX2","51087"
"YBX3","8531"
"YEATS2","55689"
"YEATS4","8089"
"YES1","7525"
"YIF1A","10897"
"YIF1B","90522"
"YIPF1","54432"
"YIPF3","25844"
"YIPF5","81555"
"YIPF6","286451"
"YJU2","55702"
"YJU2B","81576"
"YKT6","10652"
"YLPM1","56252"
"YME1L1","10730"
"YOD1","55432"
"YPEL5","51646"
"YRDC","79693"
"YTHDC1","91746"
"YTHDC2","64848"
"YTHDF1","54915"
"YTHDF2","51441"
"YTHDF3","253943"
"YWHAB","7529"
"YWHAE","7531"
"YWHAG","7532"
"YWHAH","7533"
"YWHAQ","10971"
"YWHAZ","7534"
"YY1","7528"
"YY1AP1","55249"
"ZBED1","9189"
"ZBTB1","22890"
"ZBTB10","65986"
"ZBTB11","27107"
"ZBTB14","7541"
"ZBTB2","57621"
"ZBTB21","49854"
"ZBTB24","9841"
"ZBTB33","10009"
"ZBTB34","403341"
"ZBTB40","9923"
"ZBTB43","23099"
"ZBTB44","29068"
"ZBTB48","3104"
"ZBTB7A","51341"
"ZBTB7B","51043"
"ZBTB8OS","339487"
"ZBTB9","221504"
"ZC2HC1A","51101"
"ZC3H10","84872"
"ZC3H11A","9877"
"ZC3H12C","85463"
"ZC3H13","23091"
"ZC3H14","79882"
"ZC3H15","55854"
"ZC3H18","124245"
"ZC3H3","23144"
"ZC3H4","23211"
"ZC3H6","376940"
"ZC3H7A","29066"
"ZC3H7B","23264"
"ZC3H8","84524"
"ZC3HAV1","56829"
"ZC3HAV1L","92092"
"ZC3HC1","51530"
"ZC4H2","55906"
"ZCCHC10","54819"
"ZCCHC14","23174"
"ZCCHC17","51538"
"ZCCHC3","85364"
"ZCCHC7","84186"
"ZCCHC8","55596"
"ZCCHC9","84240"
"ZCRB1","85437"
"ZDBF2","57683"
"ZDHHC5","25921"
"ZDHHC6","64429"
"ZDHHC8","29801"
"ZEB1","6935"
"ZEB2","9839"
"ZER1","10444"
"ZFAND1","79752"
"ZFAND3","60685"
"ZFC3H1","196441"
"ZFHX3","463"
"ZFHX4","79776"
"ZFP1","162239"
"ZFP30","22835"
"ZFP36L1","677"
"ZFP36L2","678"
"ZFP37","7539"
"ZFP41","286128"
"ZFP62","643836"
"ZFP64","55734"
"ZFP91","80829"
"ZFPL1","7542"
"ZFPM1","161882"
"ZFR","51663"
"ZFTA","65998"
"ZFTRAF1","50626"
"ZFX","7543"
"ZFYVE1","53349"
"ZFYVE16","9765"
"ZFYVE19","84936"
"ZFYVE21","79038"
"ZFYVE27","118813"
"ZFYVE9","9372"
"ZGPAT","84619"
"ZHX1","11244"
"ZHX2","22882"
"ZHX3","23051"
"ZIC2","7546"
"ZIC5","85416"
"ZKSCAN1","7586"
"ZKSCAN3","80317"
"ZKSCAN4","387032"
"ZKSCAN8","7745"
"ZMAT2","153527"
"ZMAT3","64393"
"ZMAT5","55954"
"ZMIZ1","57178"
"ZMPSTE24","10269"
"ZMYM1","79830"
"ZMYM2","7750"
"ZMYM3","9203"
"ZMYM4","9202"
"ZMYND11","10771"
"ZMYND8","23613"
"ZNF106","64397"
"ZNF107","51427"
"ZNF121","7675"
"ZNF131","7690"
"ZNF133","7692"
"ZNF14","7561"
"ZNF142","7701"
"ZNF143","7702"
"ZNF146","7705"
"ZNF148","7707"
"ZNF174","7727"
"ZNF182","7569"
"ZNF184","7738"
"ZNF185","7739"
"ZNF189","7743"
"ZNF195","7748"
"ZNF200","7752"
"ZNF205","7755"
"ZNF207","7756"
"ZNF212","7988"
"ZNF217","7764"
"ZNF219","51222"
"ZNF22","7570"
"ZNF239","8187"
"ZNF24","7572"
"ZNF260","339324"
"ZNF267","10308"
"ZNF274","10782"
"ZNF275","10838"
"ZNF277","11179"
"ZNF280B","140883"
"ZNF280C","55609"
"ZNF280D","54816"
"ZNF281","23528"
"ZNF282","8427"
"ZNF292","23036"
"ZNF296","162979"
"ZNF3","7551"
"ZNF316","100131017"
"ZNF317","57693"
"ZNF318","24149"
"ZNF32","7580"
"ZNF326","284695"
"ZNF330","27309"
"ZNF337","26152"
"ZNF346","23567"
"ZNF358","140467"
"ZNF362","149076"
"ZNF367","195828"
"ZNF384","171017"
"ZNF385A","25946"
"ZNF391","346157"
"ZNF397","84307"
"ZNF398","57541"
"ZNF414","84330"
"ZNF420","147923"
"ZNF423","23090"
"ZNF432","9668"
"ZNF444","55311"
"ZNF445","353274"
"ZNF446","55663"
"ZNF451","26036"
"ZNF48","197407"
"ZNF501","115560"
"ZNF503","84858"
"ZNF507","22847"
"ZNF511","118472"
"ZNF512","84450"
"ZNF512B","57473"
"ZNF516","9658"
"ZNF518A","9849"
"ZNF518B","85460"
"ZNF524","147807"
"ZNF526","116115"
"ZNF536","9745"
"ZNF566","84924"
"ZNF574","64763"
"ZNF576","79177"
"ZNF579","163033"
"ZNF580","51157"
"ZNF581","51545"
"ZNF589","51385"
"ZNF592","9640"
"ZNF593","51042"
"ZNF594","84622"
"ZNF598","90850"
"ZNF608","57507"
"ZNF609","23060"
"ZNF618","114991"
"ZNF620","253639"
"ZNF622","90441"
"ZNF623","9831"
"ZNF629","23361"
"ZNF638","27332"
"ZNF639","51193"
"ZNF644","84146"
"ZNF646","9726"
"ZNF652","22834"
"ZNF653","115950"
"ZNF654","55279"
"ZNF655","79027"
"ZNF664","144348"
"ZNF668","79759"
"ZNF672","79894"
"ZNF687","57592"
"ZNF688","146542"
"ZNF689","115509"
"ZNF691","51058"
"ZNF696","79943"
"ZNF70","7621"
"ZNF703","80139"
"ZNF706","51123"
"ZNF709","163051"
"ZNF711","7552"
"ZNF740","283337"
"ZNF746","155061"
"ZNF768","79724"
"ZNF770","54989"
"ZNF771","51333"
"ZNF773","374928"
"ZNF775","285971"
"ZNF777","27153"
"ZNF780A","284323"
"ZNF784","147808"
"ZNF787","126208"
"ZNF791","163049"
"ZNF8","7554"
"ZNF800","168850"
"ZNF830","91603"
"ZNF839","55778"
"ZNF845","91664"
"ZNF852","285346"
"ZNF865","100507290"
"ZNF888","388559"
"ZNFX1","57169"
"ZNHIT1","10467"
"ZNHIT2","741"
"ZNHIT6","54680"
"ZNRF3","84133"
"ZPR1","8882"
"ZRANB2","9406"
"ZRSR2","8233"
"ZSCAN2","54993"
"ZSCAN21","7589"
"ZSCAN25","221785"
"ZSCAN26","7741"
"ZSCAN29","146050"
"ZSCAN30","100101467"
"ZSWIM8","23053"
"ZSWIM9","374920"
"ZUP1","221302"
"ZW10","9183"
"ZWILCH","55055"
"ZWINT","11130"
"ZYG11B","79699"
"ZYX","7791"
"ZZEF1","23140"
"ZZZ3","26009"
