Protein.Group,Genes,mean_log2_abundance_RDH,mean_log2_abundance_GFP,n_replicates_RDH,n_replicates_GFP,highlight_gene,is_highlight,abundance_difference_RDH_minus_GFP
A0A024RBG1,NUDT4B,15.116917218608036,14.888470050380922,3,3,NA,FALSE,0.2284471682271132
A0A096LP01,SMIM26,12.607244041720044,12.19225952149926,3,3,NA,FALSE,0.41498452022078425
A0A0B4J2F0,PIGBOS1,12.655389861555086,12.8301445394135,2,2,NA,FALSE,-0.17475467785841303
A0A1W2PQ72,MSANTD7,13.811493737966673,13.538234820002337,3,3,NA,FALSE,0.2732589179643359
A0A3B3IRV3,MCTS2,13.02256868496375,13.74348011294288,3,3,NA,FALSE,-0.7209114279791304
A0AAG2UWQ9,NKRF,20.40495717144991,20.31470465955801,3,3,NA,FALSE,0.09025251189190087
A0AV96,RBM47,14.27946490989761,14.52992246542948,3,3,NA,FALSE,-0.2504575555318702
A0AVF1,IFT56,15.824630356285622,15.71219004015546,3,3,NA,FALSE,0.11244031613016148
A0AVT1,UBA6,17.905732242043474,18.04545130269159,3,3,NA,FALSE,-0.13971906064811535
A0FGR8,ESYT2,17.689586662197083,17.582938574977252,3,3,NA,FALSE,0.10664808721983121
A0JNW5,BLTP3B,14.95914832599645,14.96565116453366,3,3,NA,FALSE,-0.006502838537210565
A0MZ66,SHTN1,17.03130558237001,17.218106051373383,3,3,NA,FALSE,-0.18680046900337288
A0PJW6,TMEM223,15.157487130354324,14.921158247481815,3,3,NA,FALSE,0.23632888287250964
A0PJZ3,GXYLT2,13.306949043432025,12.898327143794646,3,3,NA,FALSE,0.4086218996373798
A0PK00,TMEM120B,13.851712435198074,14.109844539326433,3,3,NA,FALSE,-0.2581321041283591
A1A4S6,ARHGAP10,14.44681030833636,14.692383460520627,3,3,NA,FALSE,-0.24557315218426723
A1A5C7,SLC22A23,12.649133457382316,12.821368701225344,3,3,NA,FALSE,-0.17223524384302813
A1L020,MEX3A,14.868418656304952,15.10779187480228,3,3,NA,FALSE,-0.2393732184973274
A1L0T0,ILVBL,17.28213060984674,17.45475689745656,3,3,NA,FALSE,-0.17262628760981968
A1L170,C1orf226,16.150902655044987,16.342978558944388,3,3,NA,FALSE,-0.19207590389940066
A1L390,PLEKHG3,13.913942506379497,13.738451454472433,3,3,NA,FALSE,0.1754910519070645
A1L3X0,ELOVL7,14.450026026304613,14.233600063496347,3,3,NA,FALSE,0.2164259628082661
A1X283,SH3PXD2B,18.139756783813006,18.066577749151286,3,3,NA,FALSE,0.07317903466172027
A1XBS5,CIBAR1,13.032795095849682,12.866341570739264,3,3,NA,FALSE,0.166453525110418
A2A3K4,PTPDC1,12.81205496346245,13.136668907971588,1,3,NA,FALSE,-0.3246139445091387
A2AJT9,BCLAF3,13.963947412465597,14.098948914094128,3,3,NA,FALSE,-0.13500150162853153
A2RRP1,NBAS,16.318926041055676,16.529121696069346,3,3,NA,FALSE,-0.21019565501367055
A2RTX5,TARS3,17.82540441334459,17.807879230743108,3,3,NA,FALSE,0.017525182601481504
A2RU67,FAM234B,14.76441766445267,14.635057048531182,3,3,NA,FALSE,0.12936061592148818
A2RUC4,TYW5,14.949425800818725,14.88360938125412,3,3,NA,FALSE,0.06581641956460516
A2VDF0,FUOM,14.096926913786524,14.166054252483173,3,3,NA,FALSE,-0.06912733869664933
A2VDJ0,TMEM131L,12.412330128119267,12.225906162827615,3,3,NA,FALSE,0.1864239652916524
A3KMH1,VWA8,16.296052538413136,16.669425057158197,3,3,NA,FALSE,-0.37337251874506094
A3KN83,SBNO1,18.347997523025978,18.1621864023017,3,3,NA,FALSE,0.18581112072427786
A4D161,FAM221A,15.014167621928113,15.067742267372353,3,3,NA,FALSE,-0.05357464544423962
A4D1E9,GTPBP10,15.979161837539683,16.179237920478048,3,3,NA,FALSE,-0.20007608293836476
A4D1P6,WDR91,15.79528246008957,15.638619302033877,3,3,NA,FALSE,0.15666315805569297
A4D1S0,KLRG2,14.333906739439895,14.36765427491552,3,3,NA,FALSE,-0.0337475354756247
A4D1U4,DENND11,16.071188043595264,16.076534722419776,3,3,NA,FALSE,-0.005346678824512452
A4D2B0,MBLAC1,15.801142919471946,15.556378241165746,1,3,NA,FALSE,0.24476467830620052
A4D2P6,GRID2IP,16.434235627375344,15.823892136374093,3,3,NA,FALSE,0.6103434910012506
A5D8V6,VPS37C,15.257545014160678,15.428271479041262,3,3,NA,FALSE,-0.17072646488058396
A5PLL7,PEDS1,14.48835835772592,14.129616425294232,3,3,NA,FALSE,0.3587419324316876
A5PLN9,TRAPPC13,15.729110247511128,15.465831237586666,3,3,NA,FALSE,0.26327900992446196
A5YKK6,CNOT1,17.688866826430974,17.79782017303353,3,3,NA,FALSE,-0.10895334660255429
A6H8Y1,BDP1,13.10257406781059,13.364569930609612,3,3,NA,FALSE,-0.2619958627990222
A6NDB9,PALM3,13.964645684991375,14.015362740368303,3,3,NA,FALSE,-0.0507170553769285
A6NDG6,PGP,17.16553414441722,17.131608531188185,3,3,NA,FALSE,0.03392561322903376
A6NDU8,RIMOC1,17.307781453308515,17.393437482229675,3,3,NA,FALSE,-0.08565602892116075
A6NED2,RCCD1,16.28291245089442,16.608100336997857,3,3,NA,FALSE,-0.3251878861034392
A6NFI3,ZNF316,13.450412863440238,13.702133315738216,3,3,NA,FALSE,-0.25172045229797746
A6NFY4,NEMP2,12.242821482723846,12.584521996613958,3,3,NA,FALSE,-0.34170051389011213
A6NHL2,TUBAL3,18.821894638531155,18.991724097248284,3,3,NA,FALSE,-0.1698294587171283
A6NHQ4,EPOP,17.18572659378351,17.60990648326475,1,2,NA,FALSE,-0.4241798894812412
A6NHR9,SMCHD1,17.69273966732225,17.9511996039848,3,3,NA,FALSE,-0.2584599366625504
A6NHX0,CASTOR2,15.13897250293841,15.002175584593166,3,3,NA,FALSE,0.13679691834524377
A6NI28,ARHGAP42,14.476093286360623,13.905936645391899,2,3,NA,FALSE,0.5701566409687242
A6NIH7,UNC119B,16.66228587671219,16.786709595618834,3,3,NA,FALSE,-0.12442371890664461
A6NJ78,METTL15,15.28934848808355,15.314949097379786,3,3,NA,FALSE,-0.025600609296235532
A6NJT0,UNCX,13.582683758876552,13.932025176503481,3,3,NA,FALSE,-0.3493414176269294
A6NK58,LIPT2,14.580624635034429,14.904595835235805,3,3,NA,FALSE,-0.3239712002013757
A6NKD9,CCDC85C,15.54003345929646,15.274666614527078,3,3,NA,FALSE,0.26536684476938177
A6NNL5,C15orf61,13.021934016261609,12.863188569156575,3,3,NA,FALSE,0.15874544710503358
A6QL63,ABTB3,14.819562935329415,14.813035451916472,3,3,NA,FALSE,0.006527483412943624
A7E2V4,ZSWIM8,14.95224043173399,15.344831730480314,3,3,NA,FALSE,-0.39259129874632315
A7KAX9,ARHGAP32,13.664859444810183,14.05898695946841,3,3,NA,FALSE,-0.3941275146582264
A8CG34,POM121C,16.73806257110251,16.867402977713578,3,3,NA,FALSE,-0.1293404066110675
A8K855,EFCAB7,13.169309930648641,13.3732716105253,3,3,NA,FALSE,-0.20396167987665947
A8MPS7,YDJC,13.498354403912494,13.417329341881205,3,3,NA,FALSE,0.0810250620312889
A8MTT3,CEBPZOS,14.81456438862716,14.278849715425014,3,3,NA,FALSE,0.5357146732021452
A8MTY0,ZNF724,14.12743226928565,14.066280154732322,3,3,NA,FALSE,0.061152114553328474
A8MVW0,FAM171A2,15.1408194532269,14.725703119958068,3,3,NA,FALSE,0.41511633326883235
A8MW92,PHF20L1,14.478519269707611,14.19085487668297,3,3,NA,FALSE,0.28766439302464164
A8MWY0,ELAPOR2,13.767005577108657,14.093720395844276,3,3,NA,FALSE,-0.3267148187356188
A8MXV4,NUDT19,17.254719904984825,17.227153164177864,3,3,NA,FALSE,0.027566740806960865
A9UHW6,MIF4GD,15.722960870685917,15.160621905766805,3,3,NA,FALSE,0.5623389649191122
B0YJ81,HACD1,12.958670421121509,12.90940839609281,3,2,NA,FALSE,0.049262025028699696
B2RBV5,MRFAP1L2,14.64367575677309,14.017531049356958,3,3,NA,FALSE,0.6261447074161328
B2RTY4,MYO9A,15.959899385153372,15.948267213713542,3,3,NA,FALSE,0.011632171439829975
B2RUZ4,SMIM1,14.477583024403508,14.257515133480307,3,3,NA,FALSE,0.22006789092320034
B3KNS4,ERVK3-1,14.55991821462193,14.396013287424477,3,3,NA,FALSE,0.16390492719745353
B9EJG8,TMEM150C,14.484245535364108,13.81776419057415,1,3,NA,FALSE,0.6664813447899576
C9J7I0,UMAD1,11.856579535322174,12.261109138223363,2,3,NA,FALSE,-0.40452960290118867
C9JLR9,ZFTA,13.536480118385303,13.707973071399477,3,3,NA,FALSE,-0.1714929530141749
C9JLW8,MCRIP1,18.577404865338433,18.49727032291022,3,3,NA,FALSE,0.08013454242821183
E9PAV3,NACA,20.78661411937268,20.65060994802074,3,3,NA,FALSE,0.13600417135193865
E9PRG8,C11orf98,18.300956077078474,18.301859111888064,3,3,NA,FALSE,-9.030348095890872e-4
L0R819,ASDURF,15.80986484365855,16.042730728821386,3,3,NA,FALSE,-0.2328658851628358
O00115,DNASE2,16.93890119978903,16.772476787637906,3,3,NA,FALSE,0.16642441215112314
O00116,AGPS,17.952764635383957,17.19687577928213,3,3,NA,FALSE,0.7558888561018264
O00124,UBXN8,14.691816332732872,14.354697156080595,3,3,NA,FALSE,0.3371191766522763
O00139,KIF2A,17.96835336814502,17.935355775441614,3,3,NA,FALSE,0.0329975927034063
O00142,TK2,14.712719960597768,14.723766740464958,3,3,NA,FALSE,-0.011046779867189827
O00148,DDX39A,19.343990142544108,19.564341595682365,3,3,NA,FALSE,-0.22035145313825666
O00151,PDLIM1,18.900261022113042,18.934129047877327,3,3,NA,FALSE,-0.03386802576428494
O00154,ACOT7,19.16276434611248,19.140054842810013,3,3,NA,FALSE,0.02270950330246535
O00159,MYO1C,18.61920175998417,18.810608320600995,3,3,NA,FALSE,-0.19140656061682648
O00161,SNAP23,17.012060088004578,16.802595600151374,3,3,NA,FALSE,0.2094644878532037
O00165,HAX1,17.576351534612474,17.77698804626457,3,3,NA,FALSE,-0.20063651165209606
O00170,AIP,17.751932287870183,17.599512273738565,3,3,NA,FALSE,0.15242001413161788
O00178,GTPBP1,18.9881890255082,18.998056419203873,3,3,NA,FALSE,-0.00986739369567502
O00186,STXBP3,17.74836885707186,17.761439591712293,3,3,NA,FALSE,-0.013070734640432846
O00189,AP4M1,16.013613020571157,16.274787373834783,3,3,NA,FALSE,-0.2611743532636268
O00192,ARVCF,16.89274976765466,16.989010115953466,3,3,NA,FALSE,-0.09626034829880581
O00193,SMAP,17.08862041289047,17.235617245373547,3,3,NA,FALSE,-0.14699683248307593
O00203,AP3B1,17.536107276966735,17.579728533368783,3,3,NA,FALSE,-0.04362125640204795
O00213,APBB1,16.532080405829728,16.214463971331924,3,3,NA,FALSE,0.3176164344978041
O00217,NDUFS8,19.940762647076617,20.053117326781745,3,3,NA,FALSE,-0.11235467970512758
O00221,NFKBIE,14.44219285330495,14.46178884042136,3,3,NA,FALSE,-0.019595987116408864
O00231,PSMD11,19.175338743206634,19.27364163989115,3,3,NA,FALSE,-0.09830289668451542
O00232,PSMD12,19.16370854463201,19.265423448508635,3,3,NA,FALSE,-0.1017149038766263
O00233,PSMD9,19.088627755349506,18.941330061531044,3,3,NA,FALSE,0.14729769381846225
O00244,ATOX1,18.906996206085232,18.69858380155783,3,3,NA,FALSE,0.20841240452740095
O00255,MEN1,16.99563891300978,17.055370170026542,3,3,NA,FALSE,-0.059731257016760964
O00257,CBX4,16.326833264730297,16.95233789573366,3,3,NA,FALSE,-0.6255046310033627
O00258,GET1,16.785251506575673,16.44885240141359,3,3,NA,FALSE,0.3363991051620836
O00264,PGRMC1,20.904435016870153,20.703965853598955,3,3,NA,FALSE,0.20046916327119746
O00267,SUPT5H,18.102979400501003,18.2429650864837,3,3,NA,FALSE,-0.13998568598269756
O00268,TAF4,15.53195579202819,15.66336047762269,3,3,NA,FALSE,-0.13140468559450014
O00273,DFFA,18.89838731519074,19.218876916920728,3,3,NA,FALSE,-0.32048960172998875
O00287,RFXAP,16.32462058565171,16.569468123521606,3,3,NA,FALSE,-0.24484753786989444
O00291,HIP1,16.347371438543515,16.319738196279673,3,3,NA,FALSE,0.02763324226384256
O00299,CLIC1,20.96845360443526,21.03082899395604,3,3,NA,FALSE,-0.0623753895207777
O00303,EIF3F,19.5518618236118,19.540055863358294,3,3,NA,FALSE,0.011805960253507664
O00308,WWP2,15.122823619555888,15.178267662352598,3,3,NA,FALSE,-0.05544404279670978
O00311,CDC7,14.519314464737572,14.353467120643995,3,3,NA,FALSE,0.16584734409357793
O00330,PDHX,17.95535861867985,18.1612254816492,3,3,NA,FALSE,-0.20586686296935142
O00391,QSOX1,13.798846474216102,13.073580687170946,3,3,NA,FALSE,0.7252657870451564
O00399,DCTN6,15.59968152072766,15.576870805245289,3,3,NA,FALSE,0.02281071548237179
O00400,SLC33A1,16.332140029119138,16.335904825088633,3,3,NA,FALSE,-0.0037647959694950828
O00401,WASL,15.532218610451457,15.628527880212056,3,3,NA,FALSE,-0.09630926976059939
O00410,IPO5,19.672678236979614,19.68535938503404,3,3,NA,FALSE,-0.012681148054426217
O00411,POLRMT,17.9861989395591,18.013166306186168,3,3,NA,FALSE,-0.02696736662706911
O00418,EEF2K,15.78476312339046,15.758789656224037,3,3,NA,FALSE,0.025973467166423347
O00422,SAP18,19.651678017106978,19.27753445540716,3,3,NA,FALSE,0.37414356169981744
O00423,EML1,15.998201362052939,16.209412429083986,3,3,NA,FALSE,-0.21121106703104786
O00425,IGF2BP3,18.673094142316938,18.87375727270379,3,3,NA,FALSE,-0.2006631303868538
O00429,DNM1L,18.259420343649285,18.142588631249584,3,3,NA,FALSE,0.11683171239970136
O00442,RTCA,17.678396592838336,17.798773333381543,3,3,NA,FALSE,-0.12037674054320746
O00443,PIK3C2A,16.196533642931662,16.082363128997898,3,3,NA,FALSE,0.11417051393376454
O00458,IFRD1,19.46697618075867,20.041490798116453,3,3,NA,FALSE,-0.5745146173577815
O00459,PIK3R2,16.371183303863663,16.083500523906853,3,3,NA,FALSE,0.28768277995681046
O00461,GOLIM4,16.783851112953542,16.575136532369427,3,3,NA,FALSE,0.20871458058411463
O00462,MANBA,16.747827855071794,16.811458957472947,3,3,NA,FALSE,-0.06363110240115333
O00468,AGRN,14.89506661057325,14.438725920917113,3,3,NA,FALSE,0.4563406896561375
O00469,PLOD2,18.594827708692478,18.54641935017303,3,3,NA,FALSE,0.048408358519449024
O00470,MEIS1,15.857873961084335,16.017414333922478,3,3,NA,FALSE,-0.15954037283814237
O00471,EXOC5,19.58839828956875,19.593121613485568,3,3,NA,FALSE,-0.004723323916817179
O00479,HMGN4,14.778214220225877,13.919267061406726,1,3,NA,FALSE,0.8589471588191504
O00483,NDUFA4,19.38446057520319,19.855773390793885,3,3,NA,FALSE,-0.4713128155906965
O00487,PSMD14,19.156140566418742,19.267918258160247,3,3,NA,FALSE,-0.11177769174150498
O00488,ZNF593,14.536137890738887,14.423253289457577,3,3,NA,FALSE,0.11288460128131028
O00499,BIN1,17.626793763122965,17.853009052613487,3,3,NA,FALSE,-0.22621528949052205
O00505,KPNA3,17.336367020637056,17.154161380356914,3,3,NA,FALSE,0.18220564028014152
O00506,STK25,15.371648839797489,14.971288007837574,3,3,NA,FALSE,0.40036083195991523
O00507,USP9Y,17.62371104249329,17.191679284654604,2,3,NA,FALSE,0.4320317578386863
O00512,BCL9,14.139729008361641,14.503552484624342,2,3,NA,FALSE,-0.3638234762627004
O00522,KRIT1,13.1509480251214,13.396318475273851,3,3,NA,FALSE,-0.24537045015245162
O00541,PES1,18.783581190253326,18.751589353579966,3,3,NA,FALSE,0.031991836673359586
O00559,EBAG9,13.879241624561079,15.065009826753547,3,3,NA,FALSE,-1.1857682021924685
O00560,SDCBP,17.066753663917677,16.49508028969813,3,3,NA,FALSE,0.5716733742195466
O00562,PITPNM1,13.432407263388686,13.241176185637801,3,3,NA,FALSE,0.191231077750885
O00566,MPHOSPH10,18.746397251423783,18.716333314368434,3,3,NA,FALSE,0.030063937055349044
O00567,NOP56,19.91270179247893,19.94694162650315,3,3,NA,FALSE,-0.03423983402421982
O00571,DDX3X,20.981240468679736,20.792241239060335,3,3,NA,FALSE,0.18899922961940163
O00584,RNASET2,17.793103938673347,17.56008126236221,3,3,NA,FALSE,0.23302267631113693
O00592,PODXL,16.638899647551,16.27172043685116,3,3,NA,FALSE,0.36717921069983817
O00623,PEX12,13.009214000315191,12.164264770698246,3,2,NA,FALSE,0.8449492296169456
O00625,PIR,17.033038867575822,16.838306064093494,3,3,NA,FALSE,0.1947328034823279
O00628,PEX7,13.296305381196726,12.766907477579496,3,3,NA,FALSE,0.5293979036172303
O00629,KPNA4,18.341754471102092,18.310746078400676,3,3,NA,FALSE,0.0310083927014162
O00712,NFIB,14.251557559600203,14.743871883064227,3,3,NA,FALSE,-0.49231432346402393
O00716,E2F3,15.042395940142244,15.211051062975201,3,3,NA,FALSE,-0.16865512283295736
O00743,PPP6C,17.86936811074156,17.8349446765646,3,3,NA,FALSE,0.034423434176961365
O00746,NME4,16.772307265692856,16.37290766424313,3,3,NA,FALSE,0.3993996014497263
O00748,CES2,13.12604887709204,12.877541371231453,3,3,NA,FALSE,0.24850750586058723
O00750,PIK3C2B,14.347209757905985,14.380497761460935,3,3,NA,FALSE,-0.03328800355495076
O00754,MAN2B1,17.295107875567915,17.08903939616266,3,3,NA,FALSE,0.2060684794052534
O00764,PDXK,18.455898418657256,18.586443549981354,3,3,NA,FALSE,-0.13054513132409795
O00767,SCD,16.815018708039098,16.017094953118153,3,3,NA,FALSE,0.7979237549209444
O14494,PLPP1,14.561449962192693,14.233305415050634,3,3,NA,FALSE,0.32814454714205965
O14495,PLPP3,15.468727263061792,15.372658078371954,3,3,NA,FALSE,0.0960691846898385
O14497,ARID1A,17.230239637811195,17.33035950997045,3,3,NA,FALSE,-0.10011987215925444
O14521,SDHD,16.83741089602022,17.21790754674781,3,3,NA,FALSE,-0.38049665072759
O14523,C2CD2L,13.974763422067925,14.102568821683136,3,3,NA,FALSE,-0.12780539961521065
O14524,NEMP1,16.78274879749953,16.89086411339128,3,3,NA,FALSE,-0.1081153158917516
O14530,TXNDC9,16.585330491135416,16.35479957383299,3,3,NA,FALSE,0.23053091730242414
O14531,DPYSL4,16.1256407201716,16.266562523356512,3,3,NA,FALSE,-0.14092180318491287
O14545,TRAFD1,16.468564929598646,16.52053207277604,3,3,NA,FALSE,-0.05196714317739293
O14548,COX7A2L,17.850868025975416,17.888442045664526,3,3,NA,FALSE,-0.037574019689110116
O14561,NDUFAB1,20.296698367398548,20.41756416680204,3,3,NA,FALSE,-0.12086579940349296
O14562,UBFD1,18.13160371197532,18.210899924573503,3,3,NA,FALSE,-0.07929621259818376
O14569,CYB561D2,15.460094752850543,15.522204088680478,3,3,NA,FALSE,-0.06210933582993583
O14578,CIT,19.209864325566162,19.292829710649112,3,3,NA,FALSE,-0.08296538508295015
O14579,COPE,19.462947782388127,19.67517577505835,3,3,NA,FALSE,-0.21222799267022197
O14593,RFXANK,14.269095441349146,14.24236765018846,3,3,NA,FALSE,0.026727791160686465
O14617,AP3D1,18.02274868126636,18.083269285213337,3,3,NA,FALSE,-0.06052060394697634
O14618,CCS,17.51061077778403,17.393765540962413,3,3,NA,FALSE,0.11684523682161796
O14628,ZNF195,13.108668062728862,13.67529656011502,3,3,NA,FALSE,-0.5666284973861586
O14639,ABLIM1,14.470805328906204,14.661247201952037,3,3,NA,FALSE,-0.19044187304583282
O14641,DVL2,16.652656867587297,16.72904026194791,3,3,NA,FALSE,-0.07638339436061514
O14646,CHD1,16.863382748511096,16.686834677375668,3,3,NA,FALSE,0.17654807113542859
O14647,CHD2,16.56497167702506,16.50202429798989,3,3,NA,FALSE,0.0629473790351689
O14653,GOSR2,16.40130738278726,16.595324526902708,3,3,NA,FALSE,-0.19401714411544901
O14654,IRS4,18.44149316756621,17.8201771216088,3,3,NA,FALSE,0.6213160459574105
O14656,TOR1A,17.09725461766313,17.055900458193165,3,3,NA,FALSE,0.04135415946996446
O14657,TOR1B,15.735643965969329,15.44821463456624,3,3,NA,FALSE,0.28742933140308935
O14662,STX16,16.28709443494704,16.239741699294907,3,3,NA,FALSE,0.04735273565213305
O14672,ADAM10,16.185779041867885,16.265568512394324,3,3,NA,FALSE,-0.07978947052643903
O14678,ABCD4,12.837066328794652,13.01565502416872,3,3,NA,FALSE,-0.17858869537406719
O14681,EI24,18.622002485067657,18.202246835972396,3,3,NA,FALSE,0.4197556490952614
O14683,TP53I11,16.69157757076816,16.521025002145773,3,3,NA,FALSE,0.1705525686223872
O14686,KMT2D,15.67359582498805,15.607327660955843,3,3,NA,FALSE,0.06626816403220737
O14713,ITGB1BP1,13.396711384032068,12.639780499805749,1,2,NA,FALSE,0.7569308842263194
O14717,TRDMT1,12.839126593609105,11.815645202401406,1,2,NA,FALSE,1.0234813912076994
O14727,APAF1,18.768776209783194,18.779503235165727,3,3,NA,FALSE,-0.010727025382532673
O14730,RIOK3,16.3621567592912,16.966735179089085,3,3,NA,FALSE,-0.6045784197978854
O14732,IMPA2,18.33563307525751,17.804981174142423,3,3,NA,FALSE,0.5306519011150854
O14733,MAP2K7,15.402284681685037,15.38016003704494,3,3,NA,FALSE,0.022124644640097557
O14734,ACOT8,16.58359955832049,15.970267965394079,3,3,NA,FALSE,0.6133315929264107
O14735,CDIPT,18.646795772618052,18.47916642125456,3,3,NA,FALSE,0.167629351363491
O14737,PDCD5,18.607796858732197,18.49669328787337,3,3,NA,FALSE,0.11110357085882683
O14744,PRMT5,19.381674538541525,19.335879467930155,3,3,NA,FALSE,0.045795070611369226
O14745,NHERF1,17.503742190267026,17.656864882927103,3,3,NA,FALSE,-0.1531226926600766
O14757,CHEK1,15.393251411627917,15.229768437864987,3,3,NA,FALSE,0.16348297376292997
O14763,TNFRSF10B,15.209143173638488,15.697135473863513,3,3,NA,FALSE,-0.4879923002250255
O14772,FPGT,20.43190779223144,20.378725581916203,3,3,NA,FALSE,0.05318221031523507
O14773,TPP1,19.32640479517531,19.326728703778357,3,3,NA,FALSE,-3.239086030468741e-4
O14776,TCERG1,18.601650038853048,18.70977565657097,3,3,NA,FALSE,-0.10812561771792062
O14777,NDC80,16.662572478866434,16.559438412370767,3,3,NA,FALSE,0.10313406649566659
O14782,KIF3C,14.200882574100051,13.976957473366813,3,2,NA,FALSE,0.22392510073323812
O14786,NRP1,15.256318186710814,15.576258316242885,3,3,NA,FALSE,-0.3199401295320712
O14787,TNPO2,16.746091445509485,16.901672388633052,3,3,NA,FALSE,-0.1555809431235673
O14795,UNC13B,17.4009587618381,17.489173019513114,3,3,NA,FALSE,-0.088214257675012675
O14802,POLR3A,16.716769769036937,16.826602224103606,3,3,NA,FALSE,-0.10983245506666961
O14818,PSMA7,20.64083431695424,20.64414861233202,3,3,NA,FALSE,-0.003314295377780496
O14828,SCAMP3,18.52601140108964,18.710235603116544,3,3,NA,FALSE,-0.18422420202690404
O14832,PHYH,15.083278941719405,14.145552240270597,3,3,NA,FALSE,0.937726701448808
O14867,BACH1,14.007884410951396,14.034573770942528,3,3,NA,FALSE,-0.026689359991131312
O14874,BCKDK,17.696775776671668,17.77036612446037,3,3,NA,FALSE,-0.0735903477887021
O14880,MGST3,19.41524605818673,19.327850339413907,3,3,NA,FALSE,0.08739571877282515
O14893,GEMIN2,16.029576131050728,15.76379052519754,3,3,NA,FALSE,0.26578560585318733
O14907,TAX1BP3,17.09469660372874,17.110063870170368,3,3,NA,FALSE,-0.015367266441629113
O14908,GIPC1,17.115013081368996,17.241482967372708,3,3,NA,FALSE,-0.12646988600371145
O14910,LIN7A,16.724755281854236,16.79036185744301,3,3,NA,FALSE,-0.06560657558877381
O14920,IKBKB,16.55936580934471,16.54820008467746,3,3,NA,FALSE,0.01116572466724719
O14924,RGS12,14.350851347453936,14.261313796534886,3,3,NA,FALSE,0.0895375509190508
O14925,TIMM23,17.18285651085556,16.988958305701228,3,3,NA,FALSE,0.19389820515433343
O14929,HAT1,19.800177620541785,19.988368194592923,3,3,NA,FALSE,-0.18819057405113782
O14933,UBE2L6,13.993072089975948,13.894425810847476,3,3,NA,FALSE,0.0986462791284719
O14936,CASK,16.5298254365568,16.67443949439867,3,3,NA,FALSE,-0.14461405784187065
O14939,PLD2,13.486136810760526,13.461090226225384,3,3,NA,FALSE,0.025046584535141747
O14949,UQCRQ,17.514674120296856,17.44260900711756,3,3,NA,FALSE,0.07206511317929554
O14957,UQCR11,15.817290512212356,15.977711632598343,3,3,NA,FALSE,-0.16042112038598688
O14964,HGS,18.014136979000554,18.11900099612642,3,3,NA,FALSE,-0.10486401712586613
O14965,AURKA,15.808328070184626,15.189285347698265,3,3,NA,FALSE,0.6190427224863608
O14966,RAB29,17.40878074639736,16.936093381032673,3,3,NA,FALSE,0.4726873653646848
O14967,CLGN,17.9854802755734,18.273123717100237,3,3,NA,FALSE,-0.28764344152683563
O14972,VPS26C,16.162581324376244,16.21963133644665,3,3,NA,FALSE,-0.05705001207040539
O14974,PPP1R12A,17.00576052593209,16.909299320541113,3,3,NA,FALSE,0.0964612053909768
O14975,SLC27A2,15.979773157729788,15.901622011296034,3,3,NA,FALSE,0.07815114643375409
O14976,GAK,17.079154238100163,17.10739717767926,3,3,NA,FALSE,-0.028242939579097737
O14979,HNRNPDL,22.115622416984802,21.86082936222314,3,3,NA,FALSE,0.25479305476166303
O14980,XPO1,20.054627840228278,20.09983041738389,3,3,NA,FALSE,-0.04520257715561371
O14981,BTAF1,16.86482026190049,17.114010904265815,3,3,NA,FALSE,-0.24919064236532407
O15013,ARHGEF10,13.815537420471852,13.604002316931956,3,3,NA,FALSE,0.21153510353989624
O15014,ZNF609,15.373136580341694,15.672792626728755,3,3,NA,FALSE,-0.2996560463870619
O15015,ZNF646,14.297608808365489,14.073499649328152,3,3,NA,FALSE,0.22410915903733652
O15020,SPTBN2,16.673136654789786,16.684083471341104,3,3,NA,FALSE,-0.010946816551317795
O15027,SEC16A,16.978583948012194,17.263876214948745,3,3,NA,FALSE,-0.2852922669365512
O15031,PLXNB2,16.57700278574913,16.684753640179025,3,3,NA,FALSE,-0.10775085442989507
O15033,AREL1,12.106034986905465,12.495418896705381,3,3,NA,FALSE,-0.3893839097999159
O15037,KHNYN,14.714669705400134,14.876474287915435,3,3,NA,FALSE,-0.16180458251530183
O15040,TECPR2,15.303938404894085,15.466545142329064,3,3,NA,FALSE,-0.1626067374349791
O15042,U2SURP,18.112866635045638,18.007867626069633,3,3,NA,FALSE,0.10499900897600511
O15047,SETD1A,16.344933163917677,16.57218647545247,3,3,NA,FALSE,-0.2272533115347919
O15054,KDM6B,14.915616578177907,14.575724424964063,2,3,NA,FALSE,0.33989215321384414
O15056,SYNJ2,17.503292479983887,17.97014129019202,3,3,NA,FALSE,-0.46684881020813407
O15060,ZBTB39,16.31454184845659,16.201574619759942,3,3,NA,FALSE,0.11296722869664677
O15061,SYNM,15.625725060347921,15.489509854167022,3,3,NA,FALSE,0.13621520618089988
O15062,ZBTB5,12.1278838347483,11.814553643007322,2,2,NA,FALSE,0.3133301917409774
O15063,GARRE1,13.46542316915586,13.860649648586804,3,3,NA,FALSE,-0.3952264794309439
O15066,KIF3B,15.004988558917592,14.96867667462172,3,3,NA,FALSE,0.03631188429587162
O15067,PFAS,18.57548131081144,18.57489708667841,3,3,NA,FALSE,5.842241330320519e-4
O15075,DCLK1,15.49986702732481,15.554098136723848,3,3,NA,FALSE,-0.05423110939903886
O15078,CEP290,15.478610463415649,15.479863616340078,3,3,NA,FALSE,-0.0012531529244288464
O15084,ANKRD28,15.621052963546811,15.704132822623857,3,3,NA,FALSE,-0.08307985907704563
O15085,ARHGEF11,17.147452026665643,17.22861320098283,3,3,NA,FALSE,-0.08116117431718806
O15090,ZNF536,13.767196295434236,14.891197894351025,3,3,NA,FALSE,-1.1240015989167897
O15091,PRORP,16.773347985889227,16.704030775736356,3,3,NA,FALSE,0.06931721015287096
O15111,CHUK,16.34626737143341,16.442593789043983,3,3,NA,FALSE,-0.09632641761057315
O15116,LSM1,17.73164295015817,17.764610281714763,3,3,NA,FALSE,-0.03296733155659126
O15118,NPC1,17.58781761940145,17.40536192073907,3,3,NA,FALSE,0.18245569866237688
O15119,TBX3,13.935047182709294,14.046319517793808,3,3,NA,FALSE,-0.1112723350845144
O15120,AGPAT2,16.424300559544257,16.181572040690465,3,3,NA,FALSE,0.24272851885379154
O15121,DEGS1,17.40790317398771,17.374199541804362,3,3,NA,FALSE,0.0337036321833466
O15126,SCAMP1,16.874993998298983,17.087343855390056,3,3,NA,FALSE,-0.21234985709107335
O15127,SCAMP2,17.07836295570457,17.001038639084857,3,3,NA,FALSE,0.07732431661971262
O15131,KPNA5,14.767926441889935,14.24909531035526,3,3,NA,FALSE,0.5188311315346752
O15143,ARPC1B,16.447508548562304,16.53947803696226,3,3,NA,FALSE,-0.09196948839995756
O15144,ARPC2,19.361515714893606,19.302166100302607,3,3,NA,FALSE,0.05934961459099952
O15145,ARPC3,18.483355506339944,18.45624869895238,3,3,NA,FALSE,0.027106807387564658
O15155,BET1,16.938048157606115,17.081965763792688,3,3,NA,FALSE,-0.143917606186573
O15160,POLR1C,20.771704359199433,20.644229541992452,3,3,NA,FALSE,0.12747481720698062
O15162,PLSCR1,15.71547597005222,15.664148132832159,3,3,NA,FALSE,0.05132783722006096
O15164,TRIM24,16.425407025683597,16.320669057014737,3,3,NA,FALSE,0.10473796866886076
O15169,AXIN1,14.56564782096339,14.849010401822593,3,3,NA,FALSE,-0.28336258085920285
O15173,PGRMC2,19.08682042999372,19.136418533618556,3,3,NA,FALSE,-0.049598103624838075
O15182,CETN3,15.863072237023932,15.448022621839845,3,3,NA,FALSE,0.41504961518408656
O15194,CTDSPL,13.57255633323478,13.419550166161633,3,3,NA,FALSE,0.15300616707314774
O15211,RGL2,13.334793492433079,13.18434220868892,3,3,NA,FALSE,0.15045128374415917
O15212,PFDN6,16.09443822587751,16.242336839223146,3,3,NA,FALSE,-0.14789861334563525
O15213,WDR46,16.262926158321463,16.440659370850646,3,3,NA,FALSE,-0.1777332125291835
O15217,GSTA4,14.111707799766782,13.838566382759677,3,3,NA,FALSE,0.27314141700710515
O15228,GNPAT,17.870846300226653,16.89749072989176,3,3,NA,FALSE,0.973355570334892
O15230,LAMA5,14.826121782478504,14.51877168124215,3,3,NA,FALSE,0.307350101236354
O15234,CASC3,15.038717465667432,14.935391029994213,3,3,NA,FALSE,0.10332643567321931
O15235,MRPS12,15.600908275149973,15.916078554815048,3,3,NA,FALSE,-0.31517027966507527
O15239,NDUFA1,13.295714783560626,12.048853966425286,2,3,NA,FALSE,1.2468608171353406
O15243,LEPROT,14.34092148570336,13.256114368464143,1,3,NA,FALSE,1.084807117239217
O15254,ACOX3,16.637579604773862,16.036971354369506,3,3,NA,FALSE,0.6006082504043562
O15258,RER1,18.181567862381023,18.111239680544347,3,3,NA,FALSE,0.07032818183667544
O15260,SURF4,19.589601414657956,19.75994951179712,3,3,NA,FALSE,-0.17034809713916488
O15265,ATXN7,12.667634442500079,12.857870306769204,3,3,NA,FALSE,-0.1902358642691251
O15269,SPTLC1,17.158739257719716,17.161369924974743,3,3,NA,FALSE,-0.0026306672550262533
O15270,SPTLC2,16.67591142889325,16.174882021617357,3,3,NA,FALSE,0.5010294072758938
O15287,FANCG,15.885761043754998,15.541121604980482,3,3,NA,FALSE,0.3446394387745162
O15294,OGT,16.69818386151411,16.76955020807844,3,3,NA,FALSE,-0.07136634656432861
O15297,PPM1D,14.416663303912106,13.594498399998756,2,3,NA,FALSE,0.8221649039133503
O15304,SIVA1,14.013930886467508,14.155028052571804,3,3,NA,FALSE,-0.1410971661042968
O15305,PMM2,16.42353658344374,16.33933426854278,3,3,NA,FALSE,0.08420231490096342
O15315,RAD51B,14.346921544190078,14.57175547839222,3,3,NA,FALSE,-0.2248339342021417
O15318,POLR3G,15.638987109367338,15.601135766882376,3,3,NA,FALSE,0.03785134248496291
O15321,TM9SF1,16.142565832025845,16.232116295045756,3,3,NA,FALSE,-0.08955046301991132
O15344,MID1,15.782213015787356,15.92783042636047,3,3,NA,FALSE,-0.14561741057311473
O15347,HMGB3,20.247138681390926,20.54367026569091,3,3,NA,FALSE,-0.2965315842999843
O15350,TP73,13.04962943020863,13.233466140114414,3,3,NA,FALSE,-0.18383670990578338
O15355,PPM1G,18.749811554143026,18.957146702091375,3,3,NA,FALSE,-0.20733514794834917
O15357,INPPL1,18.094269336316756,18.211355515413512,3,3,NA,FALSE,-0.11708617909675567
O15360,FANCA,15.057979491226636,14.687216504323722,3,3,NA,FALSE,0.3707629869029141
O15371,EIF3D,19.522843335515308,19.55824839993984,3,3,NA,FALSE,-0.03540506442453051
O15372,EIF3H,19.645199406499852,19.54620714300826,3,3,NA,FALSE,0.09899226349159207
O15379,HDAC3,18.663341890614337,18.492405890854958,3,3,NA,FALSE,0.17093599975937934
O15381,NVL,17.080394600442773,17.133433523527362,3,3,NA,FALSE,-0.05303892308458913
O15382,BCAT2,17.916211656606947,17.974803597598616,3,3,NA,FALSE,-0.05859194099166842
O15391,YY2,15.82356758739515,16.01891104208738,3,3,NA,FALSE,-0.1953434546922317
O15392,BIRC5,15.624848679787707,15.805953025824172,3,3,NA,FALSE,-0.18110434603646475
O15397,IPO8,17.07613773232299,16.93598291271445,3,3,NA,FALSE,0.14015481960854004
O15400,STX7,20.208102130346493,20.390178413722055,3,3,NA,FALSE,-0.1820762833755616
O15409,FOXP2,12.470678912485912,12.9347325385149,3,3,NA,FALSE,-0.4640536260289885
O15417,TNRC18,14.055626544339114,14.14116470428771,3,3,NA,FALSE,-0.08553815994859626
O15431,SLC31A1,13.28072179616817,13.760357879060813,2,3,NA,FALSE,-0.47963608289264315
O15439,ABCC4,16.19230350911274,16.305065864875147,3,3,NA,FALSE,-0.11276235576240623
O15440,ABCC5,13.246503686525447,13.023185221835357,3,3,NA,FALSE,0.22331846469008987
O15446,POLR1G,16.102663299600607,16.25141483632865,3,3,NA,FALSE,-0.1487515367280423
O15460,P4HA2,16.184653745086703,15.924366460650319,3,3,NA,FALSE,0.2602872844363837
O15484,CAPN5,13.125594832240974,13.310788037586228,3,3,NA,FALSE,-0.18519320534525363
O15488,GYG2,15.439967096748166,15.387462274552396,3,3,NA,FALSE,0.05250482219577002
O15498,YKT6,17.50257432730797,17.48923412629069,3,3,NA,FALSE,0.01334020101727873
O15504,NUP42,15.897329046802483,16.00256408397952,3,3,NA,FALSE,-0.10523503717703875
O15511,ARPC5,18.47871545243635,18.42074026274588,3,3,NA,FALSE,0.05797518969047033
O15514,POLR2D,16.22220006754797,16.493226105192374,3,3,NA,FALSE,-0.271026037644404
O15516,CLOCK,13.056581919400958,13.071854080431102,3,3,NA,FALSE,-0.015272161030143394
O15525,MAFG,14.58132964073756,14.460795543814516,3,3,NA,FALSE,0.12053409692304307
O15527,OGG1,13.957384965491899,14.304057870055038,3,3,NA,FALSE,-0.34667290456313893
O15530,PDPK1,14.97861765966458,14.99733064085583,3,3,NA,FALSE,-0.018712981191249867
O15533,TAPBP,15.589582032149105,14.777160522047351,3,3,NA,FALSE,0.8124215101017533
O15541,RNF113A,17.39997603881354,17.63577830062023,3,3,NA,FALSE,-0.23580226180668973
O15550,KDM6A,16.05305095313267,16.150369254586778,3,3,NA,FALSE,-0.09731830145410925
O43143,DHX15,20.636437209334375,20.602004753022833,3,3,NA,FALSE,0.034432456311542126
O43148,RNMT,16.84754335263762,17.051702182131987,3,3,NA,FALSE,-0.20415882949436792
O43149,ZZEF1,15.844204166104296,15.776130531510294,3,3,NA,FALSE,0.06807363459400229
O43150,ASAP2,14.256529886340383,14.573125297568124,3,3,NA,FALSE,-0.31659541122774115
O43156,TTI1,16.172088042960702,16.160184774146966,3,3,NA,FALSE,0.011903268813735934
O43157,PLXNB1,12.51261732734464,12.840054406424835,3,3,NA,FALSE,-0.3274370790801946
O43159,RRP8,16.588334686990386,16.65219597121154,3,3,NA,FALSE,-0.06386128422115434
O43164,PJA2,15.795069783669634,15.555412079302322,3,2,NA,FALSE,0.23965770436731226
O43166,SIPA1L1,13.970267038545508,13.906019042104651,3,3,NA,FALSE,0.06424799644085688
O43167,ZBTB24,13.741296760484891,13.862384501244534,3,3,NA,FALSE,-0.12108774075964313
O43169,CYB5B,19.215137489411237,18.99882576437463,3,3,NA,FALSE,0.21631172503660778
O43172,PRPF4,18.34289020410455,18.373268634967364,3,3,NA,FALSE,-0.030378430862814554
O43175,PHGDH,22.1753726286249,22.288413379895697,3,3,NA,FALSE,-0.11304075127079827
O43181,NDUFS4,17.323811957998423,17.628648216256305,3,3,NA,FALSE,-0.3048362582578825
O43189,PHF1,15.782403820200203,16.05338389222377,3,3,NA,FALSE,-0.27098007202356733
O43236,SEPTIN4,14.762647833594318,14.819769806159133,3,2,NA,FALSE,-0.05712197256481488
O43237,DYNC1LI2,17.154889968527236,17.01677887492868,3,3,NA,FALSE,0.13811109359855678
O43242,PSMD3,19.138375667422736,19.233042999084628,3,3,NA,FALSE,-0.094667331661892
O43248,HOXC11,15.233792376080922,15.292234338261045,3,3,NA,FALSE,-0.05844196218012243
O43251,RBFOX2,17.206748828946527,17.285305598350476,3,3,NA,FALSE,-0.07855676940394929
O43252,PAPSS1,17.587622338484145,17.657750718823255,3,3,NA,FALSE,-0.07012838033910995
O43257,ZNHIT1,14.460484010172582,14.587959228119889,3,3,NA,FALSE,-0.12747521794730687
O43264,ZW10,17.867453720943807,17.951115409880693,3,3,NA,FALSE,-0.08366168893688553
O43272,PRODH,13.46746132714107,13.538521855207563,3,3,NA,FALSE,-0.07106052806649288
O43290,SART1,17.614018482324074,17.626076116116618,3,3,NA,FALSE,-0.012057633792544209
O43291,SPINT2,14.299032077295129,14.309155844885732,3,3,NA,FALSE,-0.010123767590602739
O43292,GPAA1,18.606682957296723,18.400671549778004,3,3,NA,FALSE,0.20601140751871938
O43293,DAPK3,15.053462906427363,15.301873176632247,3,3,NA,FALSE,-0.24841027020488404
O43294,TGFB1I1,15.75111328593466,16.095719581152242,3,3,NA,FALSE,-0.34460629521758257
O43298,ZBTB43,14.776043344331134,14.869958605450725,3,3,NA,FALSE,-0.09391526111959081
O43299,AP5Z1,14.74294344774563,14.89334981620769,3,3,NA,FALSE,-0.15040636846206112
O43301,HSPA12A,17.01688285709046,17.17782921748528,3,3,NA,FALSE,-0.16094636039481713
O43303,CCP110,16.061824404477157,15.86350497629062,3,3,NA,FALSE,0.19831942818653658
O43306,ADCY6,14.064469727900628,14.268878081578526,3,3,NA,FALSE,-0.20440835367789845
O43310,CTIF,15.754399692096571,15.96104156588545,3,3,NA,FALSE,-0.20664187378887888
O43314,PPIP5K2,16.606887803390215,16.59774705988776,3,3,NA,FALSE,0.009140743502456417
O43318,MAP3K7,15.061806831103246,15.281193262888069,3,3,NA,FALSE,-0.2193864317848231
O43324,EEF1E1,19.02333439145995,19.103976743239816,3,3,NA,FALSE,-0.0806423517798649
O43325,LYRM1,13.748607873894422,13.71174982121927,2,3,NA,FALSE,0.03685805267515185
O43347,MSI1,16.895914504293295,17.06271977465251,3,3,NA,FALSE,-0.166805270359216
O43353,RIPK2,15.474106335125324,15.336052311447252,3,3,NA,FALSE,0.1380540236780714
O43374,RASA4,12.49240162433829,13.099540161584432,1,2,NA,FALSE,-0.6071385372461418
O43379,WDR62,14.510856885640795,14.496877971336275,3,3,NA,FALSE,0.013978914304519918
O43390,HNRNPR,21.94939115617358,21.768899120622304,3,3,NA,FALSE,0.1804920355512749
O43395,PRPF3,18.54844395754885,18.572158103809276,3,3,NA,FALSE,-0.02371414626042423
O43396,TXNL1,17.242880454275518,17.310678232349186,3,3,NA,FALSE,-0.06779777807366827
O43399,TPD52L2,18.58917927252252,18.854528109170275,3,3,NA,FALSE,-0.2653488366477532
O43402,EMC8,17.625450387044946,17.5078185944472,3,3,NA,FALSE,0.11763179259774503
O43405,COCH,13.359660720294976,12.738363790593748,3,2,NA,FALSE,0.6212969297012272
O43414,ERI3,16.799497970641607,17.075894307816895,3,3,NA,FALSE,-0.27639633717528866
O43422,THAP12,15.857327570973109,16.092822681197845,3,3,NA,FALSE,-0.23549511022473624
O43426,SYNJ1,18.671505189132848,18.85812475874924,3,3,NA,FALSE,-0.18661956961639348
O43427,FIBP,15.969094299128454,16.08052723991703,3,3,NA,FALSE,-0.1114329407885748
O43432,EIF4G3,18.248236689148268,18.313984885616676,3,3,NA,FALSE,-0.06574819646840879
O43435,TBX1,13.883043467902109,13.437779234276242,3,3,NA,FALSE,0.445264233625867
O43439,CBFA2T2,13.360225342282904,13.481280974592766,3,3,NA,FALSE,-0.1210556323098615
O43447,PPIH,19.328922836469935,19.18002703711843,3,3,NA,FALSE,0.1488957993515072
O43462,MBTPS2,13.943886795329584,13.893202443701629,3,3,NA,FALSE,0.05068435162795559
O43463,SUV39H1,14.460619805292886,13.977754496840099,3,3,NA,FALSE,0.4828653084527872
O43464,HTRA2,16.87957554758832,16.890086033213915,3,3,NA,FALSE,-0.010510485625594868
O43482,OIP5,16.00601146834565,15.38668347754695,3,3,NA,FALSE,0.6193279907987019
O43488,AKR7A2,19.2174204168037,19.435333441793418,3,3,NA,FALSE,-0.21791302498971632
O43491,EPB41L2,18.538630797391676,18.815683620883153,3,3,NA,FALSE,-0.2770528234914771
O43493,TGOLN2,14.137999450185317,14.527054185157258,3,3,NA,FALSE,-0.3890547349719409
O43502,RAD51C,15.018017312996713,15.181287018695086,3,3,NA,FALSE,-0.1632697056983723
O43505,B4GAT1,17.012750156224335,16.33657623175963,3,3,NA,FALSE,0.676173924464706
O43513,MED7,13.915504471284175,14.238587070978415,3,3,NA,FALSE,-0.32308259969424036
O43516,WIPF1,13.817299443041907,14.27095523301423,3,3,NA,FALSE,-0.4536557899723235
O43521,BCL2L11,13.706540528867812,13.73353655061408,3,3,NA,FALSE,-0.026996021746267473
O43524,FOXO3,14.771220005408514,15.107721783322498,3,3,NA,FALSE,-0.33650177791398406
O43529,CHST10,11.821765037104878,11.832681249323123,2,2,NA,FALSE,-0.01091621221824468
O43542,XRCC3,15.301629447398248,15.514090400197285,3,3,NA,FALSE,-0.2124609527990362
O43567,RNF13,15.50470538933232,15.270829489217006,3,3,NA,FALSE,0.233875900115315
O43572,AKAP10,18.12476952172406,18.537753737111377,3,3,NA,FALSE,-0.41298421538731844
O43583,DENR,18.726073108135008,18.815297534629163,3,3,NA,FALSE,-0.0892244264941553
O43592,XPOT,19.022653009272457,19.14235975540865,3,3,NA,FALSE,-0.11970674613619181
O43598,DNPH1,18.789566790492966,18.616420945885864,3,3,NA,FALSE,0.17314584460710236
O43615,TIMM44,18.975551626529374,19.115825832561708,3,3,NA,FALSE,-0.1402742060323341
O43617,TRAPPC3,18.340314417688894,18.04966460018431,3,3,NA,FALSE,0.2906498175045833
O43633,CHMP2A,17.561205396410237,17.137935064223306,3,3,NA,FALSE,0.4232703321869309
O43639,NCK2,16.033908090814144,16.334528671496884,3,3,NA,FALSE,-0.30062058068273956
O43657,TSPAN6,17.575261150336004,16.755233249822773,3,3,NA,FALSE,0.8200279005132316
O43660,PLRG1,17.73676101457657,17.61107007397501,3,3,NA,FALSE,0.12569094060155805
O43663,PRC1,17.83967869422382,17.972453741402195,3,3,NA,FALSE,-0.13277504717837374
O43665,RGS10,21.322974982323526,21.529830216120956,3,3,NA,FALSE,-0.20685523379743032
O43670,ZNF207,18.227669366448847,18.70138213306515,3,3,NA,FALSE,-0.4737127666163019
O43674,NDUFB5,18.147827506450906,18.19915024497066,3,3,NA,FALSE,-0.05132273851975455
O43676,NDUFB3,18.48015954871235,18.495976262290803,3,3,NA,FALSE,-0.01581671357845238
O43677,NDUFC1,12.162319103898628,12.365642723895764,2,3,NA,FALSE,-0.20332361999713555
O43678,NDUFA2,18.62330754139685,18.308372301769673,3,3,NA,FALSE,0.31493523962717873
O43681,GET3,19.070187685978254,19.031956524806244,3,3,NA,FALSE,0.03823116117201053
O43683,BUB1,17.159632998263735,17.194405638226883,3,3,NA,FALSE,-0.03477263996314761
O43684,BUB3,19.623604437505524,19.794410127136302,3,3,NA,FALSE,-0.1708056896307788
O43707,ACTN4,21.41252652976915,21.467366437275142,3,3,NA,FALSE,-0.054839907505993324
O43708,GSTZ1,18.36246860744127,18.63811960185597,3,3,NA,FALSE,-0.27565099441470053
O43709,BUD23,17.503840686964658,16.93911086295567,3,3,NA,FALSE,0.5647298240089889
O43716,GATC,17.36850981924692,17.46717866244864,3,3,NA,FALSE,-0.0986688432017182
O43719,HTATSF1,18.701867958707624,18.84751741644036,3,3,NA,FALSE,-0.14564945773273763
O43731,KDELR3,14.970572144609276,15.179293552707643,3,3,NA,FALSE,-0.20872140809836637
O43741,PRKAB2,15.40479032463733,15.30730757007611,3,3,NA,FALSE,0.09748275456122002
O43747,AP1G1,18.137558569270336,18.159385245228936,3,3,NA,FALSE,-0.021826675958600106
O43752,STX6,18.183432255115022,18.19797927105921,3,3,NA,FALSE,-0.014547015944188502
O43759,SYNGR1,18.10017799869871,17.900544296226247,3,3,NA,FALSE,0.1996337024724646
O43760,SYNGR2,18.746576148983497,18.502668193513607,3,3,NA,FALSE,0.24390795546988997
O43761,SYNGR3,14.306121829284255,14.3460578652328,3,3,NA,FALSE,-0.03993603594854456
O43765,SGTA,18.141559925760458,18.220716021368922,3,3,NA,FALSE,-0.07915609560846448
O43768,ENSA,18.39576295153084,19.24643235360444,3,3,NA,FALSE,-0.8506694020735992
O43772,SLC25A20,17.109933975588874,17.175488505787133,3,3,NA,FALSE,-0.06555453019825919
O43776,NARS1,19.245830890651465,19.401733202239058,3,3,NA,FALSE,-0.15590231158759238
O43791,SPOP,14.377405467166957,14.215185513324545,3,3,NA,FALSE,0.1622199538424116
O43795,MYO1B,16.887144033207164,17.103024523124663,3,3,NA,FALSE,-0.21588048991749886
O43805,SSNA1,14.75268985099822,13.913556993916536,2,1,NA,FALSE,0.8391328570816832
O43808,SLC25A17,16.87608541426936,15.756718622688076,3,3,NA,FALSE,1.1193667915812853
O43809,NUDT21,20.587183607134595,20.62153526977749,3,3,NA,FALSE,-0.034351662642894354
O43813,LANCL1,17.923862797877185,18.233117547768583,3,3,NA,FALSE,-0.309254749891398
O43815,STRN,18.41563930849014,18.409888960922647,3,3,NA,FALSE,0.005750347567492042
O43818,RRP9,17.848209808831847,17.851212958775424,3,3,NA,FALSE,-0.003003149943577199
O43819,SCO2,16.222819196421472,15.874603026533737,3,3,NA,FALSE,0.34821616988773485
O43822,CFAP410,14.409579481784109,14.222913100449592,3,3,NA,FALSE,0.18666638133451663
O43823,AKAP8,16.323103566995417,16.31802267364389,3,3,NA,FALSE,0.00508089335152917
O43824,GTPBP6,15.273993977636037,15.474847420466705,3,3,NA,FALSE,-0.20085344283066853
O43826,SLC37A4,17.28340168547727,17.1016701906278,3,3,NA,FALSE,0.18173149484946904
O43829,ZBTB14,15.898737756139006,16.005904511695974,3,3,NA,FALSE,-0.10716675555696753
O43837,IDH3B,17.968421821842878,18.282717001370138,3,3,NA,FALSE,-0.31429517952726016
O43847,NRDC,16.22861417153807,15.814370804591368,3,3,NA,FALSE,0.4142433669467014
O43852,CALU,20.314429937887372,20.262753491080314,3,3,NA,FALSE,0.05167644680705763
O43854,EDIL3,13.287816492163323,11.800798514513332,1,1,NA,FALSE,1.487017977649991
O43861,ATP9B,15.50982996195893,15.177515464967874,3,3,NA,FALSE,0.33231449699105653
O43865,AHCYL1,16.677415974210433,16.703312338191118,3,3,NA,FALSE,-0.025896363980685067
O43896,KIF1C,17.457175833153983,17.294788005816823,3,3,NA,FALSE,0.1623878273371595
O43909,EXTL3,17.764612178402608,17.918284111293026,3,3,NA,FALSE,-0.15367193289041836
O43913,ORC5,17.106686682815464,17.08020524661841,3,3,NA,FALSE,0.026481436197055785
O43920,NDUFS5,18.31596194997204,18.38135664773641,3,3,NA,FALSE,-0.06539469776437201
O43924,PDE6D,17.289483612103112,17.20075034740273,3,3,NA,FALSE,0.08873326470038023
O43929,ORC4,17.490222567717876,17.657099300797267,3,3,NA,FALSE,-0.16687673307939122
O43933,PEX1,17.477104393382447,17.211179306461062,3,3,NA,FALSE,0.26592508692138495
O43934,MFSD11,15.047355548175053,14.711338072826049,3,3,NA,FALSE,0.3360174753490046
O60216,RAD21,18.542208828603332,18.64682994208362,3,3,NA,FALSE,-0.10462111348028813
O60231,DHX16,18.12193045631995,18.068294201058883,3,3,NA,FALSE,0.0536362552610683
O60232,ZNRD2,16.61766865353711,16.413094531821077,3,3,NA,FALSE,0.20457412171603195
O60237,PPP1R12B,13.424830263427706,13.433674827337407,3,3,NA,FALSE,-0.008844563909701009
O60238,BNIP3L,14.012222139911705,14.766960390062696,1,3,NA,FALSE,-0.7547382501509912
O60244,MED14,15.963972775861823,15.920336802755918,3,3,NA,FALSE,0.04363597310590528
O60245,PCDH7,14.862090930088936,15.335460510228927,3,3,NA,FALSE,-0.4733695801399911
O60256,PRPSAP2,18.484798711700147,18.44764112894439,3,3,NA,FALSE,0.03715758275575709
O60262,GNG7,12.977565485976552,12.988147257669567,2,3,NA,FALSE,-0.01058177169301544
O60264,SMARCA5,18.704122673083997,18.694439550620338,3,3,NA,FALSE,0.009683122463659544
O60266,ADCY3,14.729708322140015,14.634814260686877,3,3,NA,FALSE,0.09489406145313772
O60268,KIAA0513,13.2515822366759,13.456677441878902,1,2,NA,FALSE,-0.20509520520300306
O60271,SPAG9,17.97689012494727,18.07781098167174,3,3,NA,FALSE,-0.10092085672446771
O60281,ZNF292,16.56897210456096,16.5076602481377,3,3,NA,FALSE,0.061311856423259314
O60282,KIF5C,16.957415849590294,16.8933682235772,3,3,NA,FALSE,0.06404762601309599
O60287,URB1,18.08193161875506,17.918384640908045,3,3,NA,FALSE,0.163546977847016
O60291,MGRN1,16.514288398018056,16.345902686838855,3,3,NA,FALSE,0.16838571117920154
O60292,SIPA1L3,15.336529681745848,15.248420341654604,3,3,NA,FALSE,0.08810934009124338
O60293,ZFC3H1,16.339221295199295,16.247822947092413,3,3,NA,FALSE,0.09139834810688185
O60294,LCMT2,14.671873729179394,14.654640787147475,3,3,NA,FALSE,0.017232942031919052
O60299,LZTS3,14.110178039520587,14.12512033266258,3,3,NA,FALSE,-0.014942293141992025
O60306,AQR,20.420917748595226,20.25812137697431,3,3,NA,FALSE,0.1627963716209173
O60307,MAST3,13.385518892348566,13.3391346095796,3,3,NA,FALSE,0.046384282768965335
O60308,CEP104,12.484952629762189,12.090688789719492,3,3,NA,FALSE,0.3942638400426972
O60313,OPA1,17.724066766436053,17.534531089912285,3,3,NA,FALSE,0.1895356765237679
O60315,ZEB2,15.139708323254819,15.358655081445605,3,3,NA,FALSE,-0.21894675819078557
O60318,MCM3AP,15.488770739358687,15.670719394289444,3,3,NA,FALSE,-0.18194865493075696
O60331,PIP5K1C,15.818324637790283,16.093866891714164,3,3,NA,FALSE,-0.27554225392388076
O60333,KIF1B,16.00181771224578,15.301683238371274,3,3,NA,FALSE,0.7001344738745079
O60337,MARCHF6,16.32591098316232,15.451174983077848,3,3,NA,FALSE,0.8747360000844715
O60341,KDM1A,17.469899823316844,17.501428683333522,3,3,NA,FALSE,-0.031528860016678095
O60343,TBC1D4,17.550457975567365,17.51317125739999,3,3,NA,FALSE,0.037286718167376165
O60347,TBC1D12,13.942498230235362,13.549783860358321,2,2,NA,FALSE,0.3927143698770408
O60353,FZD6,12.180887774351802,11.952803107629622,2,3,NA,FALSE,0.22808466672218053
O60361,NME2P1,17.534716820200984,17.36615105898301,3,3,NA,FALSE,0.16856576121797318
O60427,FADS1,15.135973823451197,14.85776193577051,3,3,NA,FALSE,0.27821188768068694
O60443,GSDME,15.245928655540409,15.522910805588081,3,3,NA,FALSE,-0.27698215004767235
O60447,EVI5,16.11846455928677,16.090583690181383,3,3,NA,FALSE,0.02788086910538823
O60462,NRP2,13.292427098473398,13.087064595869158,1,1,NA,FALSE,0.20536250260424005
O60476,MAN1A2,15.510460185643883,15.63100659892508,3,3,NA,FALSE,-0.12054641328119686
O60488,ACSL4,15.719807605121984,15.774569574424778,3,3,NA,FALSE,-0.054761969302793645
O60493,SNX3,17.846711184711634,17.654295230239633,3,3,NA,FALSE,0.19241595447200055
O60499,STX10,15.994267296460066,15.792641696347953,3,3,NA,FALSE,0.20162560011211283
O60502,OGA,17.588982738643363,17.549779195241026,3,3,NA,FALSE,0.039203543402337004
O60503,ADCY9,13.89253637830893,13.963388886350714,3,3,NA,FALSE,-0.07085250804178322
O60504,SORBS3,17.535942679165053,17.45836437807858,3,3,NA,FALSE,0.07757830108647212
O60506,SYNCRIP,21.4236508764195,21.35604108399849,3,3,NA,FALSE,0.06760979242100973
O60507,TPST1,13.258026148090874,13.744636635918779,3,3,NA,FALSE,-0.48661048782790495
O60508,CDC40,16.980163646706327,16.756052047674505,3,3,NA,FALSE,0.2241115990318221
O60512,B4GALT3,12.939700632932173,12.457198618101984,3,3,NA,FALSE,0.48250201483018884
O60513,B4GALT4,13.862762588533991,14.132121754860592,3,3,NA,FALSE,-0.2693591663266002
O60518,RANBP6,14.872566657582654,14.844453442384594,3,3,NA,FALSE,0.02811321519805965
O60524,NEMF,17.065227494581766,16.98709053684535,3,3,NA,FALSE,0.07813695773641527
O60547,GMDS,18.100849353253437,18.69586901142856,3,3,NA,FALSE,-0.5950196581751221
O60548,FOXD2,12.283331512315884,12.489425368271643,3,3,NA,FALSE,-0.2060938559557588
O60551,NMT2,14.950813957201477,14.974282422625826,3,3,NA,FALSE,-0.023468465424349105
O60563,CCNT1,18.2215973120652,18.592780647452514,3,3,NA,FALSE,-0.37118333538731463
O60566,BUB1B,15.517581296249048,15.579856999813721,3,3,NA,FALSE,-0.062275703564672824
O60568,PLOD3,17.85868450089692,17.548375547784797,3,3,NA,FALSE,0.3103089531121235
O60573,EIF4E2,17.35064363471401,17.367379428075278,3,3,NA,FALSE,-0.01673579336126707
O60583,CCNT2,13.198919095632489,13.599730048721721,3,3,NA,FALSE,-0.4008109530892323
O60610,DIAPH1,17.634395637352014,17.69514196215419,3,3,NA,FALSE,-0.060746324802174456
O60613,SELENOF,17.545638173040953,17.628006471223834,3,3,NA,FALSE,-0.08236829818288172
O60637,TSPAN3,17.919069178810734,17.199248382443646,3,3,NA,FALSE,0.7198207963670882
O60641,SNAP91,12.712136104772494,13.093489815026553,3,3,NA,FALSE,-0.38135371025405895
O60645,EXOC3,19.34671479984237,19.22661026159463,3,3,NA,FALSE,0.12010453824774103
O60658,PDE8A,14.457299575397268,14.523943002856763,3,3,NA,FALSE,-0.06664342745949448
O60664,PLIN3,18.74834909035383,18.795426048047073,3,3,NA,FALSE,-0.047076957693242605
O60671,RAD1,15.906297371189313,16.09945934266541,3,3,NA,FALSE,-0.19316197147609593
O60678,PRMT3,16.789396005971398,16.59620733626058,3,3,NA,FALSE,0.1931886697108176
O60683,PEX10,13.581544708778058,12.696561302201683,3,3,NA,FALSE,0.8849834065763744
O60684,KPNA6,18.428695724707985,18.447107009262037,3,3,NA,FALSE,-0.018411284554051832
O60701,UGDH,17.71361440294559,17.860981225099057,3,3,NA,FALSE,-0.1473668221534652
O60704,TPST2,13.375043469464371,13.144257896668067,3,3,NA,FALSE,0.23078557279630374
O60716,CTNND1,18.357510081698482,18.509309507496532,3,3,NA,FALSE,-0.15179942579804973
O60725,ICMT,16.513046688384794,16.456298366128188,3,3,NA,FALSE,0.05674832225660609
O60739,EIF1B,19.55265275857246,20.119741893901455,3,3,NA,FALSE,-0.5670891353289953
O60749,SNX2,18.80548096318772,18.78808498227162,3,3,NA,FALSE,0.017395980916099063
O60762,DPM1,18.75711497507989,18.563335110624877,3,3,NA,FALSE,0.1937798644550135
O60763,USO1,18.77363527317787,18.877853388307962,3,3,NA,FALSE,-0.1042181151300916
O60779,SLC19A2,12.882917788343365,12.907663322759308,3,3,NA,FALSE,-0.024745534415943737
O60783,MRPS14,15.971256349765198,15.920256962182535,3,3,NA,FALSE,0.05099938758266376
O60784,TOM1,18.015801543285242,17.97774258371239,3,3,NA,FALSE,0.03805895957285088
O60825,PFKFB2,16.879556022227334,16.689441467864054,3,3,NA,FALSE,0.19011455436328006
O60826,CCDC22,17.196892997928956,17.228181559685964,3,3,NA,FALSE,-0.03128856175700889
O60828,PQBP1,16.797846753369456,16.940889973416628,3,3,NA,FALSE,-0.14304322004717207
O60830,TIMM17B,17.15201722969562,16.97155939825083,3,3,NA,FALSE,0.18045783144479088
O60831,PRAF2,18.9085604170778,18.89546193795388,3,3,NA,FALSE,0.013098479123922147
O60832,DKC1,19.668663992518514,19.561481458411116,3,3,NA,FALSE,0.1071825341073982
O60841,EIF5B,18.39537745890163,18.331403614415876,3,3,NA,FALSE,0.06397384448575494
O60858,TRIM13,14.711874697218438,14.618156956075927,2,3,NA,FALSE,0.09371774114251075
O60869,EDF1,18.545104253044762,18.577401489088196,3,3,NA,FALSE,-0.032297236043433486
O60870,KIN,17.386576180842194,17.327244560648438,3,3,NA,FALSE,0.05933162019375615
O60879,DIAPH2,16.41154426439057,16.84291057837298,3,3,NA,FALSE,-0.43136631398240866
O60884,DNAJA2,18.959803507672405,18.65165777978188,3,3,NA,FALSE,0.3081457278905262
O60885,BRD4,17.842215211537255,17.815237652299594,3,3,NA,FALSE,0.026977559237661097
O60888,CUTA,19.858831475995032,20.131085935359742,3,3,NA,FALSE,-0.27225445936471004
O60890,OPHN1,15.267589146158757,15.674388538654592,3,3,NA,FALSE,-0.4067993924958344
O60907,TBL1X,16.976489719815394,17.039298457436438,3,3,NA,FALSE,-0.06280873762104378
O60921,HUS1,18.482416349475464,18.867515480126432,3,3,NA,FALSE,-0.3850991306509677
O60925,PFDN1,16.06734590895783,15.520448758909227,3,3,NA,FALSE,0.5468971500486024
O60927,PPP1R11,14.693872916414495,14.398800718950149,3,3,NA,FALSE,0.29507219746434643
O60930,RNASEH1,13.890460611298906,13.857041724493133,3,3,NA,FALSE,0.033418886805772985
O60931,CTNS,13.68878355531757,12.138270585756745,3,3,NA,FALSE,1.5505129695608257
O60934,NBN,17.202086856988863,17.299628189301227,3,3,NA,FALSE,-0.09754133231236395
O60941,DTNB,13.84354491760918,13.908370220949093,3,3,NA,FALSE,-0.06482530333991399
O60942,RNGTT,15.174923158938322,15.392232542915803,3,3,NA,FALSE,-0.21730938397748112
O75027,ABCB7,17.025843911236816,17.187450473069518,3,3,NA,FALSE,-0.16160656183270206
O75044,SRGAP2,17.106656643511908,17.29284135953423,3,3,NA,FALSE,-0.18618471602232134
O75051,PLXNA2,13.893147518186481,14.357524586602239,3,3,NA,FALSE,-0.4643770684157573
O75052,NOS1AP,16.226216838043438,16.216243991919058,3,3,NA,FALSE,0.009972846124380652
O75054,IGSF3,14.731461752898612,15.177540054178081,3,3,NA,FALSE,-0.4460783012794689
O75061,DNAJC6,14.150962900333866,14.095692682871746,3,3,NA,FALSE,0.055270217462119575
O75063,FAM20B,15.635774268875442,15.542600402664755,3,3,NA,FALSE,0.09317386621068735
O75064,DENND4B,14.209138380026754,14.217522563183906,3,3,NA,FALSE,-0.00838418315715117
O75071,EFCAB14,13.407083541939384,13.392360469960165,3,3,NA,FALSE,0.014723071979219071
O75072,FKTN,13.188317834851599,13.563651574190478,3,3,NA,FALSE,-0.37533373933887937
O75078,ADAM11,12.928760992057684,12.768328050294317,3,2,NA,FALSE,0.16043294176336786
O75083,WDR1,18.89796820710164,18.934388561500125,3,3,NA,FALSE,-0.03642035439848357
O75096,LRP4,12.977879063066128,13.020274478014631,1,1,NA,FALSE,-0.042395414948503074
O75110,ATP9A,16.868600713538125,16.903315006278632,3,3,NA,FALSE,-0.034714292740506636
O75113,N4BP1,16.73682542587138,16.917557380121046,3,3,NA,FALSE,-0.1807319542496657
O75116,ROCK2,16.98942044707603,17.056007759352873,3,3,NA,FALSE,-0.06658731227684456
O75122,CLASP2,17.68141883202447,17.919880785513236,3,3,NA,FALSE,-0.2384619534887662
O75127,PTCD1,15.994413849899704,15.991621544934697,3,3,NA,FALSE,0.002792304965007375
O75128,COBL,13.902150397191054,14.00535704982879,3,3,NA,FALSE,-0.10320665263773598
O75131,CPNE3,20.073836577655246,19.738412077258772,3,3,NA,FALSE,0.3354245003964742
O75132,ZBED4,15.753826411171005,15.856473773509657,3,3,NA,FALSE,-0.10264736233865257
O75140,DEPDC5,13.287183356175678,13.48314045843734,3,3,NA,FALSE,-0.19595710226166219
O75143,ATG13,18.47895377782205,18.48901372253343,3,3,NA,FALSE,-0.010059944711379387
O75144,ICOSLG,14.380779296721245,13.871956100917963,1,2,NA,FALSE,0.5088231958032825
O75145,PPFIA3,14.931682385631596,14.935959658429036,3,3,NA,FALSE,-0.004277272797439835
O75146,HIP1R,17.472449530386243,17.50037618285361,3,3,NA,FALSE,-0.02792665246736803
O75147,OBSL1,16.37038998049139,16.016503938283677,3,3,NA,FALSE,0.35388604220771214
O75150,RNF40,17.205640657698133,17.07567428330662,3,3,NA,FALSE,0.1299663743915147
O75151,PHF2,17.30704753788049,17.51598538724372,3,3,NA,FALSE,-0.208937849363231
O75152,ZC3H11A,17.787920963008155,17.71626844219522,3,3,NA,FALSE,0.07165252081293616
O75153,CLUH,16.591225350845225,16.32759725311344,3,3,NA,FALSE,0.26362809773178597
O75155,CAND2,19.50292986320119,19.551869584473366,3,3,NA,FALSE,-0.04893972127217694
O75157,TSC22D2,15.211404412772112,15.1082015832118,3,3,NA,FALSE,0.10320282956031157
O75164,KDM4A,16.055683854002456,16.29030595978637,3,3,NA,FALSE,-0.23462210578391307
O75165,DNAJC13,17.0973898801488,17.067356740969462,3,3,NA,FALSE,0.03003313917933781
O75167,PHACTR2,13.294535244911046,13.668157025347742,3,3,NA,FALSE,-0.3736217804366966
O75170,PPP6R2,15.499839662348483,15.284353793183751,3,3,NA,FALSE,0.21548586916473234
O75175,CNOT3,16.81230670061855,17.007246658021547,3,3,NA,FALSE,-0.19493995740299752
O75177,SS18L1,12.706735823951522,13.273742377019511,3,3,NA,FALSE,-0.5670065530679889
O75179,ANKRD17,16.36017656437763,16.2975785953257,3,3,NA,FALSE,0.06259796905192871
O75182,SIN3B,15.894993181469548,15.7905552112258,3,3,NA,FALSE,0.10443797024374746
O75190,DNAJB6,16.65357679899551,16.83360353394112,3,3,NA,FALSE,-0.18002673494560995
O75191,XYLB,15.6173675525796,15.96309908747042,3,3,NA,FALSE,-0.3457315348908203
O75197,LRP5,13.411207564405535,13.02919268048124,2,1,NA,FALSE,0.3820148839242954
O75204,TMEM127,12.59726551595697,13.67852729801082,3,3,NA,FALSE,-1.0812617820538506
O75208,COQ9,16.542879773029952,16.36057455176804,3,3,NA,FALSE,0.18230522126191318
O75223,GGCT,18.29631082562772,18.40847710487642,3,3,NA,FALSE,-0.11216627924870082
O75251,NDUFS7,18.70724150383749,18.76120850327857,3,3,NA,FALSE,-0.05396699944108008
O75290,ZNF780A,12.013871914577388,12.20543218503995,3,3,NA,FALSE,-0.19156027046256163
O75298,RTN2,15.4313063393941,15.37123175790199,3,3,NA,FALSE,0.06007458149210976
O75306,NDUFS2,19.095851278880122,19.19276993040524,3,3,NA,FALSE,-0.0969186515251188
O75312,ZPR1,18.244324868920565,18.20302468253376,3,3,NA,FALSE,0.041300186386806104
O75317,USP12,15.815176566716586,15.610356366948414,3,3,NA,FALSE,0.20482019976817156
O75319,DUSP11,13.67314790189576,13.543036945987474,3,3,NA,FALSE,0.13011095590828603
O75323,NIPSNAP2,17.730491265856166,17.81080407914822,3,3,NA,FALSE,-0.08031281329205342
O75330,HMMR,17.209337047375552,17.361104423038263,3,3,NA,FALSE,-0.15176737566271115
O75340,PDCD6,19.358738025030785,19.0989898674607,3,3,NA,FALSE,0.25974815757008685
O75347,TBCA,20.09141055387743,20.09207708675083,3,3,NA,FALSE,-6.665328733994613e-4
O75348,ATP6V1G1,17.81821841528851,17.70530169084865,3,3,NA,FALSE,0.11291672443985945
O75351,VPS4B,16.40342148046789,16.44499497920699,3,3,NA,FALSE,-0.04157349873909766
O75352,MPDU1,19.00781251178294,18.891891656647264,3,3,NA,FALSE,0.11592085513567696
O75354,ENTPD6,12.820787633627399,12.984592298509295,2,1,NA,FALSE,-0.16380466488189604
O75356,ENTPD5,13.55502668411489,13.55544560968624,3,3,NA,FALSE,-4.189255713491491e-4
O75362,ZNF217,15.332227262504308,15.500661406679306,3,3,NA,FALSE,-0.16843414417499858
O75367,MACROH2A1,20.199513728885197,20.25468150259396,3,3,NA,FALSE,-0.05516777370876369
O75368,SH3BGRL,17.919706061861813,18.023983405388986,3,3,NA,FALSE,-0.10427734352717266
O75369,FLNB,20.460127266739242,20.717261713539656,3,3,NA,FALSE,-0.2571344468004142
O75376,NCOR1,18.868784047523324,18.899207306181324,3,3,NA,FALSE,-0.030423258658000663
O75379,VAMP4,14.961461658420209,14.944825876012269,3,3,NA,FALSE,0.01663578240794017
O75380,NDUFS6,17.017872173704713,17.008434320023916,3,3,NA,FALSE,0.009437853680797303
O75381,PEX14,16.986926046050254,16.270983180459023,3,3,NA,FALSE,0.7159428655912308
O75382,TRIM3,15.194268358984145,15.217804290512378,3,3,NA,FALSE,-0.02353593152823308
O75385,ULK1,14.089680801689797,13.93113295292239,3,3,NA,FALSE,0.15854784876740702
O75386,TULP3,14.878694824574428,15.505287727715762,3,3,NA,FALSE,-0.6265929031413346
O75387,SLC43A1,14.989354695471055,14.859630124283147,2,3,NA,FALSE,0.12972457118790892
O75390,CS,21.144627614914448,21.324150699602622,3,3,NA,FALSE,-0.17952308468817435
O75391,SPAG7,16.662917309550977,16.84829863738342,3,3,NA,FALSE,-0.18538132783244166
O75394,MRPL33,15.739158643480485,15.793890939551789,3,3,NA,FALSE,-0.05473229607130392
O75396,SEC22B,19.68834691684799,19.81802498730489,3,3,NA,FALSE,-0.12967807045690094
O75398,DEAF1,14.155974801298326,14.213759345329766,3,3,NA,FALSE,-0.05778454403144018
O75400,PRPF40A,19.19222378204798,19.13859889118989,3,3,NA,FALSE,0.05362489085808875
O75410,TACC1,15.150650494629668,15.081513067233512,3,3,NA,FALSE,0.06913742739615536
O75414,NME6,16.26130130754027,16.222276304056283,3,3,NA,FALSE,0.03902500348398519
O75417,POLQ,15.757054280801617,15.60124326930562,3,3,NA,FALSE,0.15581101149599696
O75419,CDC45,16.763411928080338,16.31800663015064,3,3,NA,FALSE,0.4454052979296961
O75420,GIGYF1,16.676496258106386,16.99761098929925,3,3,NA,FALSE,-0.32111473119286416
O75427,LRCH4,14.73612837334238,15.029316794169365,3,3,NA,FALSE,-0.2931884208269846
O75431,MTX2,17.218924019270776,17.22582000499658,3,3,NA,FALSE,-0.006895985725805076
O75436,VPS26A,18.806723518908566,18.758520286920483,3,3,NA,FALSE,0.04820323198808296
O75438,NDUFB1,16.863529386719108,16.876244630346406,3,3,NA,FALSE,-0.012715243627297923
O75439,PMPCB,18.021187888981505,18.13089153716317,3,3,NA,FALSE,-0.10970364818166445
O75444,MAF,15.09689738524902,14.78119803891206,3,3,NA,FALSE,0.3156993463369613
O75446,SAP30,14.364008244718237,14.382711830418378,3,3,NA,FALSE,-0.01870358570014119
O75448,MED24,15.694488263363516,15.733335163676504,3,3,NA,FALSE,-0.0388469003129881
O75449,KATNA1,15.627873754990341,15.428537282636995,3,3,NA,FALSE,0.1993364723533464
O75460,ERN1,15.758378575878968,15.794064641194549,3,3,NA,FALSE,-0.035686065315580606
O75461,E2F6,14.551304232095646,14.369102394336267,3,3,NA,FALSE,0.18220183775937926
O75467,ZNF324,19.99139757647296,20.078231713557138,3,3,NA,FALSE,-0.08683413708417831
O75475,PSIP1,19.71072140083073,19.74091583742691,3,3,NA,FALSE,-0.030194436596179486
O75477,ERLIN1,18.334058924789097,18.188683982560608,3,3,NA,FALSE,0.14537494222848935
O75478,TADA2A,14.000462615783682,13.565932767798742,3,3,NA,FALSE,0.43452984798494043
O75486,SUPT3H,14.630885762925118,14.73773575395206,3,3,NA,FALSE,-0.1068499910269427
O75487,GPC4,15.053593556527636,15.182463869134391,3,2,NA,FALSE,-0.12887031260675563
O75489,NDUFS3,19.67418627686125,19.710430415570418,3,3,NA,FALSE,-0.03624413870916854
O75494,SRSF10,20.289995978425143,19.826804000430826,3,3,NA,FALSE,0.4631919779943168
O75496,GMNN,16.933154282855376,16.40250473202512,3,3,NA,FALSE,0.5306495508302582
O75503,CLN5,16.858708299024826,16.56219316925493,3,3,NA,FALSE,0.29651512976989736
O75521,ECI2,18.023971582626533,17.747867553383855,3,3,NA,FALSE,0.27610402924267774
O75525,KHDRBS3,16.673209099002115,16.36825006492804,3,3,NA,FALSE,0.30495903407407354
O75528,TADA3,15.720492573059401,15.891871611254167,3,3,NA,FALSE,-0.1713790381947664
O75529,TAF5L,15.774504892568821,16.05537375041931,3,3,NA,FALSE,-0.2808688578504892
O75530,EED,17.54712203251468,17.516466312545784,3,3,NA,FALSE,0.0306557199688946
O75531,BANF1,15.73623010304716,15.762689517797604,3,3,NA,FALSE,-0.026459414750444665
O75533,SF3B1,19.894699294998823,19.93017824630657,3,3,NA,FALSE,-0.035478951307748474
O75534,CSDE1,18.336195799160464,18.066616466694526,3,3,NA,FALSE,0.2695793324659377
O75554,WBP4,16.772868693551906,16.79343355083527,3,3,NA,FALSE,-0.020564857283364546
O75564,JRK,13.832082019428944,14.056765223407044,3,2,NA,FALSE,-0.22468320397810082
O75569,PRKRA,17.054497471912587,17.14167109398266,3,3,NA,FALSE,-0.08717362207007184
O75570,MTRF1,14.09348732796844,14.223648528399673,3,3,NA,FALSE,-0.13016120043123358
O75575,CRCP,12.481283203558583,12.942092064777926,2,3,NA,FALSE,-0.46080886121934306
O75581,LRP6,14.952050970318322,14.645533970497292,3,3,NA,FALSE,0.30651699982102976
O75582,RPS6KA5,15.42508182485916,15.748722373446213,3,3,NA,FALSE,-0.32364054858705416
O75586,MED6,15.98560080503105,15.923410304961386,3,3,NA,FALSE,0.0621905000696632
O75592,MYCBP2,17.76452910435343,17.762573813654566,3,3,NA,FALSE,0.0019552906988629104
O75600,GCAT,16.777288896651886,16.83604562142252,3,3,NA,FALSE,-0.058756724770635316
O75607,NPM3,16.002543007611294,15.660583454919628,3,3,NA,FALSE,0.3419595526916659
O75608,LYPLA1,18.361519438901908,18.35332230575099,3,3,NA,FALSE,0.008197133150918745
O75616,ERAL1,16.86327988265265,16.673223574755053,3,3,NA,FALSE,0.1900563078975992
O75629,CREG1,14.554910829892396,15.008408837908847,3,3,NA,FALSE,-0.45349800801645124
O75643,SNRNP200,19.942636815071804,19.850875298169917,3,3,NA,FALSE,0.09176151690188661
O75648,TRMU,18.048127498956188,17.97589727499201,3,3,NA,FALSE,0.07223022396417633
O75663,TIPRL,17.675293864545395,17.498864604111986,3,3,NA,FALSE,0.17642926043340879
O75665,OFD1,17.69154855662431,17.291769116707066,3,3,NA,FALSE,0.39977943991724274
O75674,TOM1L1,15.594647862505349,16.08527803784188,3,3,NA,FALSE,-0.4906301753365323
O75676,RPS6KA4,14.229475581730753,14.025699514731233,3,3,NA,FALSE,0.2037760669995201
O75683,SURF6,16.335523964368242,16.002963926017816,3,3,NA,FALSE,0.3325600383504259
O75688,PPM1B,16.335567795948982,16.432003600768464,3,3,NA,FALSE,-0.09643580481948177
O75689,ADAP1,14.061676913232343,13.845047739735016,2,3,NA,FALSE,0.2166291734973278
O75691,UTP20,18.339298632741333,18.374853663399062,3,3,NA,FALSE,-0.03555503065772925
O75694,NUP155,18.7625598765608,18.875777279072327,3,3,NA,FALSE,-0.1132174025115269
O75695,RP2,17.97856628910803,18.00910286824059,3,3,NA,FALSE,-0.030536579132558472
O75716,STK16,14.445916104332742,13.6955597583705,2,2,NA,FALSE,0.750356345962242
O75717,WDHD1,17.249876343982876,17.408227456376192,3,3,NA,FALSE,-0.15835111239331567
O75718,CRTAP,18.261485281699,17.67077550399671,3,3,NA,FALSE,0.5907097777022905
O75746,SLC25A12,18.3779949117336,18.537547462277406,3,3,NA,FALSE,-0.15955255054380402
O75771,RAD51D,17.644349970555,17.879080044822523,3,3,NA,FALSE,-0.2347300742675209
O75781,PALM,15.158609244142413,15.811183013528959,3,3,NA,FALSE,-0.6525737693865459
O75787,ATP6AP2,17.501618179466867,17.137859634279128,3,3,NA,FALSE,0.3637585451877392
O75792,RNASEH2A,18.001920277095394,18.239348715321594,3,3,NA,FALSE,-0.23742843822619975
O75794,CDC123,15.99726170511654,15.505359753609456,3,3,NA,FALSE,0.49190195150708327
O75815,BCAR3,12.83127712582276,12.93253783652953,2,3,NA,FALSE,-0.10126071070676979
O75817,POP7,17.058066525942472,16.960133520660218,3,3,NA,FALSE,0.09793300528225402
O75818,RPP40,16.978901231220213,17.051094379595106,3,3,NA,FALSE,-0.07219314837489321
O75820,ZNF189,14.322079625737517,13.855722061877172,3,3,NA,FALSE,0.46635756386034544
O75821,EIF3G,18.922061231936457,18.789585805957596,3,3,NA,FALSE,0.13247542597886053
O75822,EIF3J,19.04988808615809,19.095890312729445,3,3,NA,FALSE,-0.04600222657135333
O75828,CBR3,15.172354042836943,15.080114353315903,3,3,NA,FALSE,0.09223968952104045
O75832,PSMD10,19.08056010677089,18.892698608206448,3,3,NA,FALSE,0.18786149856444112
O75843,AP1G2,16.292194675780465,16.140817812026917,3,3,NA,FALSE,0.15137686375354775
O75844,ZMPSTE24,18.196585025364442,17.908286730830298,3,3,NA,FALSE,0.2882982945341439
O75845,SC5D,13.963410542001846,13.185311689568383,3,3,NA,FALSE,0.7780988524334624
O75864,PPP1R37,13.215494125824296,13.675262054152737,2,3,NA,FALSE,-0.45976792832844104
O75865,TRAPPC6A,14.612475081933535,14.234540923011211,3,3,NA,FALSE,0.37793415892232396
O75874,IDH1,19.21655866896196,19.088745562353044,3,3,NA,FALSE,0.1278131066089152
O75879,GATB,17.924359505680656,17.64601082692433,3,3,NA,FALSE,0.27834867875632696
O75880,SCO1,17.379389976215233,17.156687730648994,3,3,NA,FALSE,0.2227022455662393
O75882,ATRN,13.696491557214612,13.412517841868919,3,3,NA,FALSE,0.2839737153456934
O75884,RBBP9,15.215083017058879,15.235601521840321,3,3,NA,FALSE,-0.02051850478144246
O75886,STAM2,17.566014731012803,17.792900851212554,3,3,NA,FALSE,-0.22688612019975096
O75891,ALDH1L1,16.123187428820593,16.97988868560238,3,3,NA,FALSE,-0.8567012567817862
O75896,TUSC2,15.329168889928573,14.832702901519633,3,3,NA,FALSE,0.4964659884089393
O75907,DGAT1,14.21873679063516,14.242199682012643,3,3,NA,FALSE,-0.023462891377482364
O75909,CCNK,16.879407619391102,16.96119422972817,3,3,NA,FALSE,-0.08178661033706902
O75911,DHRS3,14.827140775623226,15.153307376225905,3,3,NA,FALSE,-0.3261666006026793
O75915,ARL6IP5,19.44080237093116,19.187697469873854,3,3,NA,FALSE,0.25310490105730565
O75925,PIAS1,14.255100451445028,14.402027583032908,3,3,NA,FALSE,-0.14692713158787996
O75928,PIAS2,16.108407663324783,16.20925096376256,3,3,NA,FALSE,-0.10084330043777712
O75934,BCAS2,17.70743860180432,17.61991739864834,3,3,NA,FALSE,0.08752120315597978
O75935,DCTN3,17.6965193628958,17.51300573922146,3,3,NA,FALSE,0.1835136236743402
O75937,DNAJC8,19.898682684135444,19.88034712369218,3,3,NA,FALSE,0.018335560443265564
O75940,SMNDC1,18.055873954432432,18.05405984087477,3,3,NA,FALSE,0.0018141135576605905
O75943,RAD17,16.557657304563968,16.697727149059862,3,3,NA,FALSE,-0.1400698444958941
O75947,ATP5PD,20.205981130759344,20.34141239220224,3,3,NA,FALSE,-0.1354312614428963
O75953,DNAJB5,13.794967891754432,13.30757037778642,3,3,NA,FALSE,0.4873975139680127
O75954,TSPAN9,14.623506584621325,14.710517678003603,3,3,NA,FALSE,-0.0870110933822783
O75955,FLOT1,18.58604456220177,18.761981207379453,3,3,NA,FALSE,-0.17593664517768204
O75962,TRIO,18.06598890249337,18.148610434298153,3,3,NA,FALSE,-0.08262153180478293
O75964,ATP5MG,20.258365453954344,20.179171061170557,3,3,NA,FALSE,0.07919439278378704
O75969,AKAP3,12.31064348344312,12.6082129308443,3,3,NA,FALSE,-0.2975694474011785
O75970,MPDZ,15.632875456201079,15.858305265138966,3,3,NA,FALSE,-0.22542980893788744
O75971,SNAPC5,15.105511538002705,14.877187134548196,3,3,NA,FALSE,0.22832440345450955
O75976,CPD,16.4302825704214,17.0232061226256,3,3,NA,FALSE,-0.5929235522041978
O76003,GLRX3,19.702206109711764,19.62820894586687,3,3,NA,FALSE,0.07399716384489352
O76021,RSL1D1,20.1917958795506,20.320832305894147,3,3,NA,FALSE,-0.1290364263435464
O76024,WFS1,16.914489682879253,16.78946288056611,3,3,NA,FALSE,0.125026802313144
O76031,CLPX,17.80568584211889,17.74183114246947,3,3,NA,FALSE,0.06385469964942203
O76041,NEBL,13.948866237078251,14.169496750102253,3,3,NA,FALSE,-0.22063051302400183
O76054,SEC14L2,16.636774507943258,16.84389292656215,3,3,NA,FALSE,-0.20711841861889368
O76062,TM7SF2,15.840443270447036,15.806107744713133,3,3,NA,FALSE,0.03433552573390308
O76071,CIAO1,17.484506421440923,17.380893908636374,3,3,NA,FALSE,0.10361251280454908
O76074,PDE5A,14.966264738608787,15.212802390240363,3,3,NA,FALSE,-0.24653765163157537
O76075,DFFB,16.28399729547034,16.340598474888395,3,3,NA,FALSE,-0.05660117941805609
O76080,ZFAND5,13.02874125212917,12.130387429813938,3,3,NA,FALSE,0.8983538223152312
O76082,SLC22A5,13.59548027958595,12.78528549326019,3,2,NA,FALSE,0.8101947863257593
O76094,SRP72,18.005552562064523,18.028354884861596,3,3,NA,FALSE,-0.02280232279707306
O77932,DXO,15.494023364462963,15.721003744549378,3,3,NA,FALSE,-0.22698038008641497
O94760,DDAH1,17.77431472032506,17.945710762819825,3,3,NA,FALSE,-0.17139604249476648
O94761,RECQL4,13.917547298641967,13.886335174907623,3,3,NA,FALSE,0.031212123734343677
O94762,RECQL5,15.919529728633306,16.074755584099865,3,3,NA,FALSE,-0.15522585546655954
O94763,URI1,15.309805166774202,15.51922183815472,3,3,NA,FALSE,-0.20941667138051834
O94766,B3GAT3,18.787717321461702,18.78083530392313,3,3,NA,FALSE,0.006882017538572427
O94768,STK17B,14.653624172255848,14.41737280327892,3,3,NA,FALSE,0.23625136897692833
O94776,MTA2,18.5457917697839,18.5693698235566,3,3,NA,FALSE,-0.023578053772698837
O94782,USP1,15.513396198418807,15.19529464923242,3,3,NA,FALSE,0.31810154918638744
O94788,ALDH1A2,17.599983208567586,17.80102385990471,3,3,NA,FALSE,-0.20104065133712368
O94804,STK10,15.206865303966204,15.416371055879091,3,3,NA,FALSE,-0.20950575191288756
O94805,ACTL6B,14.632442584274022,14.940357332765187,1,1,NA,FALSE,-0.3079147484911644
O94806,PRKD3,14.751896313242705,14.621947823978175,3,3,NA,FALSE,0.12994848926452995
O94808,GFPT2,14.087840758470493,13.828811880873042,3,3,NA,FALSE,0.2590288775974514
O94811,TPPP,14.214015470494218,14.035275434671277,3,3,NA,FALSE,0.1787400358229405
O94813,SLIT2,16.674084815454336,16.4345698114411,3,3,NA,FALSE,0.239515004013235
O94817,ATG12,15.82537902198716,15.909770503328408,3,3,NA,FALSE,-0.08439148134124785
O94819,KBTBD11,15.428419080004934,15.730022563306305,3,3,NA,FALSE,-0.30160348330137055
O94822,LTN1,16.139345857233128,16.19860956521766,3,3,NA,FALSE,-0.05926370798453107
O94826,TOMM70,19.085160447462385,19.250033405831754,3,3,NA,FALSE,-0.16487295836936866
O94829,IPO13,14.843604399876677,15.113755986639257,3,3,NA,FALSE,-0.2701515867625801
O94830,DDHD2,14.904849082369056,14.759090496338729,3,3,NA,FALSE,0.1457585860303272
O94832,MYO1D,17.07654898098789,17.190559655284613,3,3,NA,FALSE,-0.11401067429672196
O94842,TOX4,16.793302878004624,16.936164302130734,3,3,NA,FALSE,-0.14286142412611014
O94855,SEC24D,18.180041104446126,18.30731624646418,3,3,NA,FALSE,-0.12727514201805334
O94864,SUPT7L,15.102629930305437,15.135871030907161,3,3,NA,FALSE,-0.03324110060172458
O94868,FCHSD2,13.003263325922466,12.815640508926721,3,3,NA,FALSE,0.187622816995745
O94874,UFL1,17.964923894648877,18.024657559984515,3,3,NA,FALSE,-0.05973366533563862
O94876,TMCC1,13.925740769672073,14.265476555103902,1,1,NA,FALSE,-0.33973578543182903
O94880,PHF14,16.777002663221033,17.09663601783084,3,3,NA,FALSE,-0.319633354609806
O94886,TMEM63A,15.891786055243212,15.780877789260911,3,3,NA,FALSE,0.1109082659823013
O94887,FARP2,15.391146788029774,15.341553480693477,3,3,NA,FALSE,0.04959330733629663
O94888,UBXN7,16.77144764088696,17.083292813158035,3,3,NA,FALSE,-0.3118451722710738
O94898,LRIG2,14.224058514776653,14.314884082974034,3,3,NA,FALSE,-0.0908255681973813
O94901,SUN1,17.193175584866683,17.492432721671754,3,3,NA,FALSE,-0.29925713680507116
O94903,PLPBP,17.642426158072055,17.68483092121486,3,3,NA,FALSE,-0.04240476314280528
O94905,ERLIN2,19.75078952734073,19.69066957369244,3,3,NA,FALSE,0.06011995364828948
O94906,PRPF6,19.123527010238842,19.167877772745825,3,3,NA,FALSE,-0.04435076250698344
O94910,ADGRL1,13.084195865076689,12.60547235511732,3,3,NA,FALSE,0.4787235099593694
O94913,PCF11,17.591034420130754,17.450502404897797,3,3,NA,FALSE,0.14053201523295655
O94915,FRYL,16.433450806404416,16.53880704186367,3,3,NA,FALSE,-0.10535623545925432
O94916,NFAT5,15.114833934390871,15.571429564195867,3,3,NA,FALSE,-0.4565956298049958
O94919,ENDOD1,16.048496347580393,16.053037921499044,3,3,NA,FALSE,-0.004541573918650954
O94923,GLCE,18.952745249709128,19.50897477214757,3,3,NA,FALSE,-0.5562295224384428
O94925,GLS,17.828898143219234,17.521835753020554,3,3,NA,FALSE,0.30706239019868065
O94927,HAUS5,17.169482710936585,17.239805649473816,3,3,NA,FALSE,-0.07032293853723104
O94952,FBXO21,14.149487759861039,13.793065021737732,3,3,NA,FALSE,0.3564227381233067
O94953,KDM4B,16.199824962823037,16.656091570983413,3,3,NA,FALSE,-0.45626660816037656
O94955,RHOBTB3,12.445827248297135,11.868474062797487,3,3,NA,FALSE,0.5773531854996481
O94964,MTCL2,16.936374391912324,16.712355779086753,3,3,NA,FALSE,0.22401861282557078
O94966,USP19,15.990727622401879,15.781666987840753,3,3,NA,FALSE,0.20906063456112634
O94967,WDR47,15.779136728267172,15.705787449556407,3,3,NA,FALSE,0.07334927871076502
O94972,TRIM37,12.696816017323073,12.680862926186128,3,3,NA,FALSE,0.015953091136944764
O94973,AP2A2,18.616925313867373,18.669370548143192,3,3,NA,FALSE,-0.05244523427581882
O94979,SEC31A,17.803000882544065,17.973538160269708,3,3,NA,FALSE,-0.17053727772564287
O94985,CLSTN1,13.637101251000995,13.250911885815519,3,3,NA,FALSE,0.3861893651854764
O94986,CEP152,13.315411353874639,12.488172002123424,1,2,NA,FALSE,0.8272393517512153
O94988,FAM13A,10.069655119144384,10.74131441557277,1,3,NA,FALSE,-0.6716592964283858
O94991,SLITRK5,12.975362698936946,12.714269613318487,3,3,NA,FALSE,0.2610930856184588
O94992,HEXIM1,15.61695329371406,15.923631456069089,3,3,NA,FALSE,-0.30667816235502876
O95057,DIRAS1,15.099498843482381,14.956799313327044,3,3,NA,FALSE,0.14269953015533687
O95059,RPP14,15.36441024962544,15.32828022973415,3,3,NA,FALSE,0.03613001989129039
O95067,CCNB2,15.125861863023758,15.163626550827752,3,3,NA,FALSE,-0.037764687803994335
O95070,YIF1A,16.455901400715703,16.513026021765747,3,3,NA,FALSE,-0.057124621050043345
O95071,UBR5,18.61278405927943,18.68212321688246,3,3,NA,FALSE,-0.06933915760302867
O95081,AGFG2,14.95064399483919,14.951707976198191,3,3,NA,FALSE,-0.0010639813590014313
O95104,SCAF4,16.60418234087034,16.592425124814735,3,3,NA,FALSE,0.011757216055606534
O95136,S1PR2,13.632262254302157,13.046411759054024,2,2,NA,FALSE,0.5858504952481329
O95139,NDUFB6,17.881473770522025,17.734870264811722,3,3,NA,FALSE,0.14660350571030278
O95140,MFN2,16.00279246248943,16.18772236020343,3,3,NA,FALSE,-0.18492989771399948
O95149,SNUPN,15.377181850912915,15.025543209644711,3,3,NA,FALSE,0.3516386412682042
O95155,UBE4B,16.483420683710136,16.59004784762359,3,3,NA,FALSE,-0.10662716391345484
O95158,NXPH4,12.783744635231898,12.076059332945857,1,2,NA,FALSE,0.7076853022860412
O95159,ZFPL1,16.30211250356824,16.380994701968948,3,3,NA,FALSE,-0.07888219840070931
O95163,ELP1,17.21903767035897,17.073836623791507,3,3,NA,FALSE,0.14520104656746113
O95164,UBL3,12.190571079219772,11.85917513192496,3,3,NA,FALSE,0.33139594729481203
O95166,GABARAP,14.612376861200712,13.805192922594486,2,3,NA,FALSE,0.8071839386062258
O95167,NDUFA3,17.35057830407827,17.44176007974213,3,3,NA,FALSE,-0.09118177566386265
O95168,NDUFB4,18.473305246887623,18.651844724691625,3,3,NA,FALSE,-0.17853947780400148
O95169,NDUFB8,15.639276397775275,15.91969670800352,3,3,NA,FALSE,-0.2804203102282461
O95182,NDUFA7,18.68756974842853,18.397093305939023,3,3,NA,FALSE,0.2904764424895063
O95196,CSPG5,13.326336806811295,13.585013718162736,3,2,NA,FALSE,-0.2586769113514418
O95197,RTN3,18.35056878974371,18.35130801078148,3,3,NA,FALSE,-7.392210377688002e-4
O95202,LETM1,18.75019047425907,18.883027768386274,3,3,NA,FALSE,-0.1328372941272029
O95208,EPN2,16.40313466613329,16.217666461377558,3,3,NA,FALSE,0.18546820475573256
O95210,STBD1,14.775920122266902,14.895879296516654,3,3,NA,FALSE,-0.11995917424975211
O95214,LEPROTL1,13.527870784918107,13.00313485110399,2,3,NA,FALSE,0.5247359338141173
O95218,ZRANB2,17.798291263581785,17.835807527026702,3,3,NA,FALSE,-0.03751626344491754
O95219,SNX4,17.01833843613554,17.0397716029995,3,3,NA,FALSE,-0.021433166863960906
O95229,ZWINT,15.574815448495928,15.551840411709643,3,3,NA,FALSE,0.022975036786284875
O95232,LUC7L3,19.8699624523111,19.799700820734323,3,3,NA,FALSE,0.070261631576777
O95235,KIF20A,15.786082098470457,15.714458337509111,3,3,NA,FALSE,0.07162376096134615
O95239,KIF4A,16.43329779814798,16.788397808577844,3,3,NA,FALSE,-0.35510001042986516
O95243,MBD4,13.237374972595742,13.343821253948862,3,3,NA,FALSE,-0.1064462813531204
O95248,SBF1,15.060623540113795,15.023322638826347,3,3,NA,FALSE,0.03730090128744834
O95249,GOSR1,14.857589078361544,14.957399164747043,3,3,NA,FALSE,-0.09981008638549937
O95251,KAT7,16.971943916668305,16.930550844676194,3,3,NA,FALSE,0.041393071992111174
O95258,SLC25A14,14.96858224091215,14.685787505962173,3,3,NA,FALSE,0.2827947349499773
O95260,ATE1,15.980406072584636,16.516953364330476,3,3,NA,FALSE,-0.5365472917458405
O95292,VAPB,20.22375292071963,20.170241207593513,3,3,NA,FALSE,0.05351171312611669
O95295,SNAPIN,16.486986175781976,16.743233330213744,3,3,NA,FALSE,-0.2562471544317688
O95297,MPZL1,16.152956613946408,16.348442570466858,3,3,NA,FALSE,-0.1954859565204501
O95298,NDUFC2,16.992263215284567,16.946586817098538,3,3,NA,FALSE,0.04567639818602842
O95299,NDUFA10,18.038131101382213,18.241752843195364,3,3,NA,FALSE,-0.2036217418131514
O95302,FKBP9,16.787801523465077,16.304841012307396,3,3,NA,FALSE,0.4829605111576818
O95319,CELF2,16.7016092447059,16.848598049886956,3,3,NA,FALSE,-0.1469888051810564
O95336,PGLS,19.12660302100376,19.258111409577978,3,3,NA,FALSE,-0.13150838857421832
O95340,PAPSS2,16.489078726693485,16.87117015564828,3,3,NA,FALSE,-0.3820914289547943
O95342,ABCB11,13.251879392937825,13.38440861948956,3,3,NA,FALSE,-0.1325292265517355
O95347,SMC2,18.15666239069024,18.22441343389768,3,3,NA,FALSE,-0.06775104320744063
O95352,ATG7,17.63192476062231,17.679979145527053,3,3,NA,FALSE,-0.048054384904741454
O95363,FARS2,15.497594112369441,15.646907644310913,3,3,NA,FALSE,-0.14931353194147157
O95372,LYPLA2,16.676340196314044,16.726267959417285,3,3,NA,FALSE,-0.04992776310324132
O95373,IPO7,18.919381546790518,18.79155047872369,3,3,NA,FALSE,0.1278310680668291
O95376,ARIH2,16.62651291588269,16.801402941893308,3,3,NA,FALSE,-0.17489002601061898
O95379,TNFAIP8,15.208967700693382,15.242756045478119,3,3,NA,FALSE,-0.033788344784737134
O95382,MAP3K6,14.75809943887854,14.422205900924475,3,3,NA,FALSE,0.33589353795406574
O95391,SLU7,15.690537749174679,15.725743952313595,3,3,NA,FALSE,-0.03520620313891598
O95394,PGM3,17.750566655766832,17.862802471763448,3,3,NA,FALSE,-0.11223581599661614
O95396,MOCS3,15.272332469436492,15.305094570205174,3,3,NA,FALSE,-0.032762100768682245
O95400,CD2BP2,17.59415344244134,17.357646971367018,3,3,NA,FALSE,0.2365064710743212
O95402,MED26,14.189036369716566,13.923483034361883,3,3,NA,FALSE,0.2655533353546833
O95405,ZFYVE9,14.2971833034357,14.207551338668125,3,3,NA,FALSE,0.08963196476757496
O95409,ZIC2,15.380463354650137,15.53411079197379,3,3,NA,FALSE,-0.15364743732365227
O95427,PIGN,15.744650034973935,15.96448602757192,3,3,NA,FALSE,-0.2198359925979858
O95429,BAG4,15.192395620453782,15.352388852614691,3,3,NA,FALSE,-0.15999323216090922
O95433,AHSA1,19.46547509790833,19.426825840099195,3,3,NA,FALSE,0.03864925780913708
O95453,PARN,17.145009164938088,17.273635552609704,3,3,NA,FALSE,-0.12862638767161627
O95456,PSMG1,18.23400309402144,18.038092501483014,3,3,NA,FALSE,0.19591059253842502
O95470,SGPL1,17.389509080465256,17.577904493733435,3,3,NA,FALSE,-0.18839541326817866
O95476,CTDNEP1,15.869826625947448,15.668008458013716,3,3,NA,FALSE,0.20181816793373208
O95478,NSA2,17.09443720759268,17.441298657772478,3,3,NA,FALSE,-0.34686145017979797
O95479,H6PD,16.999059910421693,17.045227630969084,3,3,NA,FALSE,-0.046167720547391156
O95486,SEC24A,15.463987624398117,15.495226026246277,3,3,NA,FALSE,-0.03123840184816018
O95487,SEC24B,17.327629928192692,17.592949463049965,3,3,NA,FALSE,-0.265319534857273
O95490,ADGRL2,15.636196071614876,15.84842719357078,3,3,NA,FALSE,-0.2122311219559041
O95503,CBX6,15.513922953602174,16.0998086927003,3,3,NA,FALSE,-0.585885739098126
O95528,SLC2A10,12.656348249816338,12.693544074014877,3,3,NA,FALSE,-0.037195824198539285
O95544,NADK,14.410025492127158,14.706167335581798,3,3,NA,FALSE,-0.2961418434546399
O95551,TDP2,19.82693085655046,19.906781226410352,3,3,NA,FALSE,-0.07985036985989069
O95562,SFT2D2,15.158750067667413,14.906671256448831,3,3,NA,FALSE,0.2520788112185812
O95563,MPC2,18.47163644998109,18.36781525025058,3,3,NA,FALSE,0.10382119973051118
O95568,METTL18,13.661965218936972,13.505756278116529,3,3,NA,FALSE,0.15620894082044323
O95571,ETHE1,17.38863896665163,17.610966930399552,3,3,NA,FALSE,-0.2223279637479223
O95573,ACSL3,19.87186262328777,19.775333013225865,3,3,NA,FALSE,0.09652961006190708
O95602,POLR1A,18.423559027507338,18.500942982526603,3,3,NA,FALSE,-0.07738395501926476
O95613,PCNT,15.99587195880557,16.368618522200315,3,3,NA,FALSE,-0.3727465633947453
O95619,YEATS4,17.266421000223463,17.18844047839395,3,3,NA,FALSE,0.0779805218295131
O95625,ZBTB11,15.868400805483331,15.73454964177486,3,3,NA,FALSE,0.13385116370847072
O95628,CNOT4,14.960303705170686,15.356364332206589,3,3,NA,FALSE,-0.3960606270359026
O95630,STAMBP,17.10611144727657,17.035113016858677,3,3,NA,FALSE,0.07099843041789455
O95639,CPSF4,16.689720279015802,16.57905639571106,3,3,NA,FALSE,0.11066388330474197
O95644,NFATC1,14.208541522060516,14.449796490835546,3,3,NA,FALSE,-0.2412549687750296
O95670,ATP6V1G2,13.52154725015596,13.44121721904211,3,3,NA,FALSE,0.08033003111384929
O95671,ASMTL,17.596563623469983,17.281869200445254,3,3,NA,FALSE,0.3146944230247293
O95674,CDS2,17.815767463780585,17.781738720643926,3,3,NA,FALSE,0.034028743136659045
O95677,EYA4,15.129375798914607,15.30302580347621,3,3,NA,FALSE,-0.17365000456160296
O95684,CEP43,17.51520330899784,17.67456648138076,3,3,NA,FALSE,-0.1593631723829212
O95685,PPP1R3D,14.211875961773693,13.9214308722476,3,3,NA,FALSE,0.29044508952609327
O95696,BRD1,17.479833920269318,17.543716876579694,3,3,NA,FALSE,-0.06388295631037622
O95707,POP4,16.484504236674617,16.511440221274768,3,3,NA,FALSE,-0.026935984600150675
O95714,HERC2,15.710672588395113,15.534642667190663,3,3,NA,FALSE,0.17602992120444938
O95716,RAB3D,16.948461852461364,16.541830778828388,3,3,NA,FALSE,0.4066310736329761
O95718,ESRRB,15.567627413445654,16.174631475287097,2,1,NA,FALSE,-0.6070040618414421
O95721,SNAP29,18.224388294494496,18.149314188652895,3,3,NA,FALSE,0.07507410584160112
O95747,OXSR1,18.118145277594387,18.044255795002996,3,3,NA,FALSE,0.07388948259139028
O95749,GGPS1,16.39629691896473,16.467253028997213,3,3,NA,FALSE,-0.07095611003248337
O95757,HSPA4L,19.39677960182107,19.431177155902407,3,3,NA,FALSE,-0.03439755408133749
O95758,PTBP3,16.44719647844858,16.467918563999895,3,3,NA,FALSE,-0.020722085551316383
O95772,STARD3NL,16.737468244256597,16.59914015320028,3,3,NA,FALSE,0.13832809105631583
O95777,LSM8,19.35900431596711,19.31327149418131,3,3,NA,FALSE,0.04573282178579774
O95782,AP2A1,17.955376034503576,17.8264073414282,3,3,NA,FALSE,0.12896869307537528
O95785,WIZ,16.218242866935448,16.335348903352454,3,3,NA,FALSE,-0.11710603641700601
O95793,STAU1,18.15823986575856,17.98358864985519,3,3,NA,FALSE,0.17465121590337063
O95801,TTC4,16.883804504002118,16.745780865002946,3,3,NA,FALSE,0.13802363899917225
O95816,BAG2,17.703274526022895,17.369703711502165,3,3,NA,FALSE,0.3335708145207299
O95817,BAG3,15.426121622020935,15.62777747495983,3,3,NA,FALSE,-0.2016558529388952
O95819,MAP4K4,16.318730377197788,16.35486615892991,3,3,NA,FALSE,-0.03613578173212062
O95822,MLYCD,16.807436137060417,17.098275130192434,3,3,NA,FALSE,-0.29083899313201655
O95825,CRYZL1,16.59666069119743,16.613207889905684,3,3,NA,FALSE,-0.01654719870825261
O95831,AIFM1,20.006190062657588,20.073906320455613,3,3,NA,FALSE,-0.06771625779802548
O95832,CLDN1,11.887212711872326,12.74144070133934,1,2,NA,FALSE,-0.8542279894670131
O95834,EML2,17.356622028400878,17.45693373030506,3,3,NA,FALSE,-0.10031170190418237
O95835,LATS1,15.248513105366838,15.01451898760571,3,3,NA,FALSE,0.233994117761128
O95848,NUDT14,13.862574366103432,13.475446697362798,3,3,NA,FALSE,0.387127668740634
O95858,TSPAN15,15.202777794458358,14.980900612083534,3,3,NA,FALSE,0.2218771823748238
O95861,BPNT1,18.967313577929186,19.077319176017998,3,3,NA,FALSE,-0.1100055980888115
O95864,FADS2,18.9819312249992,18.91043919387284,3,3,NA,FALSE,0.07149203112636116
O95865,DDAH2,17.962852059856672,18.22983524033916,3,3,NA,FALSE,-0.26698318048248737
O95870,ABHD16A,15.579723665693303,15.377118001018607,3,3,NA,FALSE,0.20260566467469587
O95873,C6orf47,14.300888585299814,13.695316025252422,3,3,NA,FALSE,0.605572560047392
O95881,TXNDC12,19.118885721975527,18.65081663941436,3,3,NA,FALSE,0.4680690825611684
O95900,TRUB2,15.643401220413054,15.414650456530586,3,3,NA,FALSE,0.22875076388246818
O95905,ECD,14.388004631564565,14.145833781607436,3,3,NA,FALSE,0.24217084995712845
O95926,SYF2,15.705928906557189,15.433669077281756,3,3,NA,FALSE,0.27225982927543235
O95931,CBX7,13.238054292618438,13.292205265784698,3,3,NA,FALSE,-0.054150973166260385
O95980,RECK,13.37772210127034,13.797147402096055,3,3,NA,FALSE,-0.41942530082571494
O95983,MBD3,18.832369987912372,18.86928591585778,3,3,NA,FALSE,-0.0369159279454081
O95985,TOP3B,16.04826071708849,15.912041643233357,3,3,NA,FALSE,0.13621907385513232
O95989,NUDT3,16.711187772280187,16.68165737921002,3,3,NA,FALSE,0.029530393070167804
O95999,BCL10,15.44794787390403,15.300134935656834,3,3,NA,FALSE,0.14781293824719555
O96000,NDUFB10,18.881174568801903,19.075078283332594,3,3,NA,FALSE,-0.19390371453069122
O96005,CLPTM1,16.55865354344203,16.042128293683493,3,3,NA,FALSE,0.5165252497585371
O96006,ZBED1,14.707819374834694,14.50512725751763,3,3,NA,FALSE,0.2026921173170635
O96007,MOCS2,15.178643292285006,14.983239672299977,3,3,NA,FALSE,0.1954036199850293
O96008,TOMM40,19.159650947487588,19.30776416912298,3,3,NA,FALSE,-0.1481132216353913
O96011,PEX11B,16.80728500142676,16.214455270134568,3,3,NA,FALSE,0.5928297312921913
O96013,PAK4,16.381158936540142,16.354385434387737,3,3,NA,FALSE,0.02677350215240537
O96015,DNAL4,15.13956023870606,15.004033167073118,3,2,NA,FALSE,0.13552707163294286
O96017,CHEK2,16.68366525406117,16.844535299949243,3,3,NA,FALSE,-0.1608700458880712
O96019,ACTL6A,19.388925477737427,19.37732081015587,3,3,NA,FALSE,0.011604667581558203
O96028,NSD2,16.364763915551404,16.249713510357243,3,3,NA,FALSE,0.11505040519416099
P00156,MT-CYB,17.341291769109237,17.410279473231036,3,3,NA,FALSE,-0.068987704121799
P00338,LDHA,22.698951006592143,22.65200270843233,3,3,NA,FALSE,0.04694829815981194
P00367,GLUD1,19.543124711501616,19.692845855889324,3,3,NA,FALSE,-0.14972114438770845
P00374,DHFR,18.474051995577053,18.44739591827662,3,3,NA,FALSE,0.026656077300433623
P00387,CYB5R3,19.542929567356037,19.339733716786906,3,3,NA,FALSE,0.2031958505691307
P00390,GSR,18.519911551092278,18.66893278882586,3,3,NA,FALSE,-0.14902123773358156
P00395,MT-CO1,18.520833252976633,18.817153300007668,3,3,NA,FALSE,-0.29632004703103476
P00403,MT-CO2,21.18184653556935,21.351306735527608,3,3,NA,FALSE,-0.16946019995825878
P00414,MT-CO3,15.270756295406956,15.542616123667708,3,3,NA,FALSE,-0.2718598282607516
P00491,PNP,19.858283525523788,19.846795226800246,3,3,NA,FALSE,0.011488298723541845
P00492,HPRT1,21.571891991642357,21.490768613072515,3,3,NA,FALSE,0.08112337856984198
P00505,GOT2,21.370064156373942,21.44186174677815,3,3,NA,FALSE,-0.07179759040420919
P00519,ABL1,13.71755109253043,13.896936910100912,3,3,NA,FALSE,-0.17938581757048233
P00533,EGFR,14.63225982433834,14.582573952931801,3,3,NA,FALSE,0.04968587140653824
P00558,PGK1,22.507010910391116,22.539126627227684,3,3,NA,FALSE,-0.032115716836568
P00568,AK1,19.100931810120017,19.161571452862532,3,3,NA,FALSE,-0.06063964274251532
P00734,F2,14.619331554840794,13.797748993766396,3,3,NA,FALSE,0.8215825610743988
P00742,F10,17.006188755377536,16.23889787047665,3,3,NA,FALSE,0.7672908849008877
P00750,PLAT,14.382382434502933,14.298664268049986,3,3,NA,FALSE,0.08371816645294672
P00813,ADA,16.56376484462635,16.437786625823975,3,3,NA,FALSE,0.12597821880237348
P00846,MT-ATP6,19.988484297093127,20.166710271661678,3,3,NA,FALSE,-0.1782259745685515
P00966,ASS1,17.539129038260036,18.27155674817852,3,3,NA,FALSE,-0.7324277099184826
P01023,A2M,18.01077010115681,16.440225434401167,3,3,NA,FALSE,1.5705446667556444
P01024,C3,16.562705039240736,13.999692482382846,3,3,NA,FALSE,2.56301255685789
P01033,TIMP1,14.409306919264395,14.14898039736192,3,3,NA,FALSE,0.26032652190247596
P01034,CST3,15.966760083944408,15.077692375261748,3,3,NA,FALSE,0.8890677086826599
P01111,NRAS,17.752510076510724,17.95891194672586,3,3,NA,FALSE,-0.20640187021513512
P01116,KRAS,18.527076810831886,18.51253970455397,3,3,NA,FALSE,0.014537106277916934
P01130,LDLR,12.906696974163953,12.964437383557698,3,3,NA,FALSE,-0.057740409393744585
P01137,TGFB1,13.253910593754071,13.168875176875073,3,3,NA,FALSE,0.0850354168789984
P01889,HLA-B,17.007639214982056,16.37927882235683,3,3,NA,FALSE,0.6283603926252255
P01911,HLA-DRB1,13.607389128853391,12.77465758462365,1,1,NA,FALSE,0.8327315442297412
P02452,COL1A1,14.260280482307552,14.264872789134992,3,1,NA,FALSE,-0.0045923068274404955
P02458,COL2A1,13.465372104034994,13.123390568897062,3,3,NA,FALSE,0.3419815351379327
P02545,LMNA,21.1882683785267,21.297812115733727,3,3,NA,FALSE,-0.10954373720702648
P02647,APOA1,18.608143188444995,16.826739876155216,3,3,NA,FALSE,1.781403312289779
P02649,APOE,14.405650444097603,13.764628398861735,3,3,NA,FALSE,0.6410220452358679
P02656,APOC3,13.65829961457527,11.868295231691356,3,3,NA,FALSE,1.7900043828839145
P02749,APOH,16.432582981607712,14.794696806488586,3,3,NA,FALSE,1.6378861751191263
P02751,FN1,14.320724417895166,13.621327667950967,3,3,NA,FALSE,0.6993967499441993
P02771,AFP,18.732359955306645,16.011022150206472,3,3,NA,FALSE,2.7213378051001733
P02786,TFRC,16.599808462944317,17.46628432173822,3,3,NA,FALSE,-0.8664758587939048
P02792,FTL,16.86686580934791,16.67467056827378,3,3,NA,FALSE,0.19219524107413122
P02794,FTH1,19.180704477299265,19.57818805478621,3,3,NA,FALSE,-0.39748357748694474
P03886,MT-ND1,18.908933960469188,19.105575646606464,3,3,NA,FALSE,-0.1966416861372764
P03891,MT-ND2,18.895859433057495,18.742891464564707,3,3,NA,FALSE,0.1529679684927885
P03897,MT-ND3,13.18337337289778,14.25161628617424,2,3,NA,FALSE,-1.0682429132764604
P03905,MT-ND4,17.36194181233036,17.348113932084992,3,3,NA,FALSE,0.013827880245369073
P03915,MT-ND5,17.24361334681093,17.454958183012337,3,3,NA,FALSE,-0.21134483620140898
P03923,MT-ND6,16.913559729798074,17.095806750814877,3,3,NA,FALSE,-0.1822470210168028
P03928,MT-ATP8,14.11048178142464,14.4616934136348,3,3,NA,FALSE,-0.35121163221015905
P04004,VTN,18.74454196595768,17.973522641582132,3,3,NA,FALSE,0.7710193243755477
P04049,RAF1,16.730198665266304,16.54486740861509,3,3,NA,FALSE,0.18533125665121375
P04062,GBA1,18.119631394564294,17.921987791626922,3,3,NA,FALSE,0.19764360293737226
P04066,FUCA1,18.068086608321536,17.92095309968674,3,3,NA,FALSE,0.1471335086347949
P04075,ALDOA,22.141280719768496,21.992772355538317,3,3,NA,FALSE,0.1485083642301781
P04080,CSTB,20.566827449339566,20.625438814420335,3,3,NA,FALSE,-0.05861136508076825
P04083,ANXA1,17.439347476028985,17.780102555711068,3,3,NA,FALSE,-0.34075507968208285
P04114,APOB,19.494541497731284,18.371961839806605,3,3,NA,FALSE,1.1225796579246783
P04150,NR3C1,15.426978242003186,15.814104948787064,3,3,NA,FALSE,-0.38712670678387795
P04156,PRNP,14.728598464995777,13.581849403930278,1,2,NA,FALSE,1.1467490610654991
P04179,SOD2,20.269669829602947,20.379811697568968,3,3,NA,FALSE,-0.11014186796602132
P04181,OAT,20.44514877028902,20.196575686776402,3,3,NA,FALSE,0.24857308351261764
P04183,TK1,17.28022304703012,17.07361335095856,3,3,NA,FALSE,0.20660969607155977
P04350,TUBB4A,22.464659695203075,22.412298815978165,3,3,NA,FALSE,0.05236087922490995
P04406,GAPDH,23.26677405020883,23.24141739640702,3,3,NA,FALSE,0.02535665380181129
P04424,ASL,17.030842572848925,17.35755845786499,3,3,NA,FALSE,-0.3267158850160641
P04439,HLA-A,17.404358530637445,16.903972603833964,3,3,NA,FALSE,0.5003859268034816
P04626,ERBB2,13.868658274764304,13.534853519782923,3,3,NA,FALSE,0.3338047549813812
P04632,CAPNS1,18.85854206418494,19.02390480675661,3,3,NA,FALSE,-0.16536274257166994
P04637,TP53,17.53239367048116,17.423542083133377,3,3,NA,FALSE,0.10885158734778244
P04792,HSPB1,19.339342089214252,19.214933033507553,3,3,NA,FALSE,0.12440905570669969
P04818,TYMS,17.737019176706127,16.25840012470311,3,3,NA,FALSE,1.478619052003019
P04843,RPN1,20.33813019345226,20.238002363679513,3,3,NA,FALSE,0.10012782977274526
P04844,RPN2,21.15466424948919,21.08621458427411,3,3,NA,FALSE,0.06844966521508056
P04899,GNAI2,18.352620346141254,18.356357735283126,3,3,NA,FALSE,-0.0037373891418717164
P04920,SLC4A2,14.694234990065945,14.772918082464372,3,3,NA,FALSE,-0.07868309239842652
P05023,ATP1A1,20.209831334788976,20.279941753896775,3,3,NA,FALSE,-0.0701104191077988
P05026,ATP1B1,18.253040422155784,18.682684781008785,3,3,NA,FALSE,-0.42964435885300034
P05067,APP,16.17643982955778,15.743700133241628,3,3,NA,FALSE,0.43273969631615117
P05091,ALDH2,19.69393058450494,19.858709990669176,3,3,NA,FALSE,-0.1647794061642358
P05114,HMGN1,17.619948019895006,18.726251169452933,3,3,NA,FALSE,-1.1063031495579274
P05141,SLC25A5,22.849308257192593,22.927217333996897,3,3,NA,FALSE,-0.07790907680430337
P05155,SERPING1,13.92841934216174,12.005117425065341,3,3,NA,FALSE,1.9233019170963992
P05165,PCCA,19.8643060333295,20.045205805281338,3,3,NA,FALSE,-0.18089977195183948
P05166,PCCB,16.223054578550702,16.55537150356846,3,3,NA,FALSE,-0.3323169250177571
P05198,EIF2S1,19.606080372816194,19.52432052222588,3,3,NA,FALSE,0.08175985059031277
P05204,HMGN2,13.958584354361669,16.427601619317386,3,3,NA,FALSE,-2.469017264955717
P05386,RPLP1,22.82302826486895,22.709905673525288,3,3,NA,FALSE,0.11312259134366087
P05387,RPLP2,20.737356732141745,20.4579019155551,3,3,NA,FALSE,0.27945481658664306
P05388,RPLP0,21.575083394109033,21.532244591273507,3,3,NA,FALSE,0.04283880283552577
P05412,JUN,16.685094923479838,17.326293604346613,3,3,NA,FALSE,-0.6411986808667756
P05423,POLR3D,15.983081237090087,16.031273551565256,3,3,NA,FALSE,-0.048192314475169695
P05452,CLEC3B,13.628710014118887,12.009819183649054,3,2,NA,FALSE,1.6188908304698337
P05455,SSB,21.751669028988168,21.71656479600935,3,3,NA,FALSE,0.03510423297881715
P05543,SERPINA7,15.710079538969458,14.824424120922734,3,3,NA,FALSE,0.8856554180467242
P05546,SERPIND1,14.437665201009638,12.97544532910548,3,2,NA,FALSE,1.4622198719041588
P05549,TFAP2A,18.09194644639752,17.998982837036735,3,3,NA,FALSE,0.09296360936078685
P05556,ITGB1,18.68837493092279,18.92915874763486,3,3,NA,FALSE,-0.24078381671207083
P06132,UROD,16.644686020782967,16.45385396897185,3,3,NA,FALSE,0.1908320518111175
P06213,INSR,15.894688504439829,16.023403483560696,3,3,NA,FALSE,-0.1287149791208666
P06241,FYN,15.651226649778234,16.012125524544448,3,3,NA,FALSE,-0.36089887476621385
P06280,GLA,18.955714331076233,18.61339187076336,3,3,NA,FALSE,0.34232246031287517
P06400,RB1,15.484604613380663,15.788039096094154,3,3,NA,FALSE,-0.3034344827134916
P06454,PTMA,19.065007617828588,20.80849508763218,3,3,NA,FALSE,-1.7434874698035934
P06493,CDK1,18.98418034954207,18.55827723923324,3,3,NA,FALSE,0.4259031103088269
P06576,ATP5F1B,22.182457904693074,22.229778808928632,3,3,NA,FALSE,-0.04732090423555846
P06730,EIF4E,19.333622077981975,19.430936449070913,3,3,NA,FALSE,-0.09731437108893815
P06733,ENO1,23.263797358828683,23.323658366528925,3,3,NA,FALSE,-0.05986100770024194
P06737,PYGL,20.071132755805582,20.3492134811652,3,3,NA,FALSE,-0.2780807253596187
P06744,GPI,21.240905999705177,21.30598776018271,3,3,NA,FALSE,-0.06508176047753267
P06746,POLB,16.14989446720422,16.17121045088527,3,3,NA,FALSE,-0.021315983681049033
P06748,NPM1,22.985646126940267,22.825064441587756,3,3,NA,FALSE,0.16058168535251127
P06753,TPM3,20.918708244877045,20.992734517451186,3,3,NA,FALSE,-0.07402627257414096
P06756,ITGAV,16.210017418881982,16.49489638306268,3,3,NA,FALSE,-0.2848789641806988
P06865,HEXA,18.594985970960405,18.467255158173277,3,3,NA,FALSE,0.12773081278712795
P07093,SERPINE2,12.608297388385898,12.362843801967598,3,3,NA,FALSE,0.24545358641830006
P07099,EPHX1,19.02725376687611,18.816079555103023,3,3,NA,FALSE,0.2111742117730877
P07108,DBI,17.638722434349205,17.927767711671166,3,3,NA,FALSE,-0.2890452773219607
P07195,LDHB,23.082575933116676,22.834244005150246,3,3,NA,FALSE,0.24833192796642933
P07196,NEFL,16.749182088197983,16.453454861829155,3,3,NA,FALSE,0.29572722636882887
P07197,NEFM,19.828084654514832,19.597177193138286,3,3,NA,FALSE,0.23090746137654605
P07199,CENPB,16.569205226640005,16.728950917587042,3,3,NA,FALSE,-0.1597456909470374
P07203,GPX1,18.90396745878909,19.157418926532078,3,3,NA,FALSE,-0.25345146774298755
P07205,PGK2,13.490508791257612,14.279659137084938,3,3,NA,FALSE,-0.7891503458273252
P07225,PROS1,14.633457955937407,13.126405045660187,3,3,NA,FALSE,1.5070529102772205
P07237,P4HB,21.63249357995744,21.483403617511065,3,3,NA,FALSE,0.14908996244637507
P07305,H1-0,20.713168370905738,21.083409773105586,3,3,NA,FALSE,-0.3702414021998486
P07311,ACYP1,18.728295821591992,18.688931659575125,3,3,NA,FALSE,0.039364162016866544
P07320,CRYGD,16.162599170602824,15.72629795622287,3,3,NA,FALSE,0.43630121437995406
P07355,ANXA2,20.41261908632423,20.03474301894601,3,3,NA,FALSE,0.3778760673782209
P07384,CAPN1,18.186387338068492,18.18037445092877,3,3,NA,FALSE,0.006012887139721812
P07437,TUBB,23.535393431378978,23.38916268335597,3,3,NA,FALSE,0.14623074802300806
P07602,PSAP,14.989657265852975,15.162031760519335,3,3,NA,FALSE,-0.1723744946663608
P07686,HEXB,19.051013247618513,18.89691330193929,3,3,NA,FALSE,0.15409994567922425
P07711,CTSL,16.110137046178615,15.284707686158832,3,3,NA,FALSE,0.8254293600197826
P07737,PFN1,23.303696967867083,23.11619387885492,3,3,NA,FALSE,0.18750308901216428
P07738,BPGM,17.120041083720132,16.920970694741904,3,3,NA,FALSE,0.19907038897822815
P07741,APRT,20.527205418600207,20.511369048627692,3,3,NA,FALSE,0.01583636997251503
P07814,EPRS1,19.480312181366635,19.666351188750657,3,3,NA,FALSE,-0.18603900738402146
P07858,CTSB,17.16676059752843,17.327525123896628,3,3,NA,FALSE,-0.16076452636819738
P07864,LDHC,13.114605862196944,13.402264402833044,3,3,NA,FALSE,-0.28765854063609986
P07900,HSP90AA1,23.22255078113691,23.18116719787788,3,3,NA,FALSE,0.04138358325903013
P07902,GALT,14.333788115095905,14.451521612480972,3,3,NA,FALSE,-0.11773349738506766
P07910,HNRNPC,23.066923990351153,22.832780070221506,3,3,NA,FALSE,0.2341439201296467
P07942,LAMB1,16.76562832220744,16.273665401167534,3,3,NA,FALSE,0.4919629210399066
P07947,YES1,19.528082289002114,19.76097261054055,3,3,NA,FALSE,-0.23289032153843436
P07948,LYN,20.16918354645069,20.14092187490574,3,3,NA,FALSE,0.028261671544949962
P07954,FH,19.712217693065476,19.682818824770766,3,3,NA,FALSE,0.0293988682947095
P07992,ERCC1,15.16683756993319,15.232032085956797,3,3,NA,FALSE,-0.06519451602360782
P07996,THBS1,15.20443225038875,13.686022587539425,3,3,NA,FALSE,1.5184096628493258
P08047,SP1,14.617023717940462,14.67129628609993,3,3,NA,FALSE,-0.05427256815946713
P08069,IGF1R,15.525818299813135,15.309851058535404,3,3,NA,FALSE,0.21596724127773115
P08133,ANXA6,20.596008217490223,19.92189772792851,3,3,NA,FALSE,0.6741104895617127
P08174,CD55,15.406616883806256,15.528802641963008,3,3,NA,FALSE,-0.12218575815675159
P08183,ABCB1,14.758125833367187,14.484024044868606,3,3,NA,FALSE,0.27410178849858013
P08195,SLC3A2,19.979555255638502,20.620147038078784,3,3,NA,FALSE,-0.640591782440282
P08235,NR3C2,13.393039373914418,13.419619383789238,3,3,NA,FALSE,-0.02658000987482012
P08236,GUSB,16.52698002696198,16.393390285695794,3,3,NA,FALSE,0.13358974126618506
P08237,PFKM,19.245073032437492,19.024610180132317,3,3,NA,FALSE,0.22046285230517526
P08238,HSP90AB1,22.422967167249496,22.459202137119604,3,3,NA,FALSE,-0.0362349698701081
P08240,SRPRA,17.338124200440138,17.039615784288582,3,3,NA,FALSE,0.2985084161515559
P08243,ASNS,20.057540112972923,20.425331278243572,3,3,NA,FALSE,-0.36779116527064915
P08247,SYP,14.974848736796728,14.41945424398139,2,3,NA,FALSE,0.5553944928153385
P08397,HMBS,17.033343571902478,17.113616259591595,3,3,NA,FALSE,-0.0802726876891171
P08473,MME,14.164755062583804,14.25512194621764,3,3,NA,FALSE,-0.09036688363383583
P08559,PDHA1,20.20991216697734,20.309698799600255,3,3,NA,FALSE,-0.09978663262291576
P08572,COL4A2,14.060411753844951,13.283969589447029,3,3,NA,FALSE,0.7764421643979222
P08574,CYC1,18.535650719533663,18.455164808716237,3,3,NA,FALSE,0.08048591081742629
P08579,SNRPB2,19.608760630730572,19.542011262852462,3,3,NA,FALSE,0.06674936787810992
P08581,MET,15.515586222481817,15.650176958919328,3,3,NA,FALSE,-0.13459073643751118
P08582,MELTF,13.046224837668369,12.786490824455125,3,3,NA,FALSE,0.25973401321324374
P08621,SNRNP70,20.59741824307858,20.430210507588203,3,3,NA,FALSE,0.1672077354903756
P08648,ITGA5,16.36786960196302,16.865877036349623,3,3,NA,FALSE,-0.49800743438660433
P08651,NFIC,16.950010044980843,17.126102912082334,3,3,NA,FALSE,-0.17609286710149163
P08670,VIM,23.10460729050393,23.221128901157556,3,3,NA,FALSE,-0.11652161065362421
P08708,RPS17,20.51441051415604,20.562715171244005,3,3,NA,FALSE,-0.04830465708796439
P08754,GNAI3,19.30761630690635,19.25465815715852,3,3,NA,FALSE,0.05295814974783042
P08865,RPSA,22.362673468816443,22.28431501293749,3,3,NA,FALSE,0.07835845587895207
P08962,CD63,18.214539405786226,17.30773046130964,3,3,NA,FALSE,0.9068089444765874
P09001,MRPL3,17.18951389862438,17.20348654607966,3,3,NA,FALSE,-0.013972647455279485
P09012,SNRPA,20.027785959644817,20.038179697239347,3,3,NA,FALSE,-0.010393737594529995
P09038,FGF2,15.739746502544717,15.890909142164555,3,3,NA,FALSE,-0.15116263961983734
P09104,ENO2,18.182774698103774,18.386669366991203,3,3,NA,FALSE,-0.20389466888742902
P09110,ACAA1,17.82583616221918,16.9731931982326,3,3,NA,FALSE,0.8526429639865789
P09132,SRP19,16.385141699968624,16.495765229320252,3,3,NA,FALSE,-0.11062352935162778
P09234,SNRPC,20.17923054170939,20.294718379434464,3,3,NA,FALSE,-0.1154878377250732
P09382,LGALS1,16.975452063981304,17.61867505462608,3,3,NA,FALSE,-0.6432229906447766
P09417,QDPR,17.455900903317918,17.445277845086977,3,3,NA,FALSE,0.010623058230940785
P09429,HMGB1,22.348105743377456,22.385201313100673,3,3,NA,FALSE,-0.037095569723216926
P09455,RBP1,17.766519986019173,18.501150613392582,3,3,NA,FALSE,-0.7346306273734093
P09471,GNAO1,13.524946084227352,13.63729202430178,3,3,NA,FALSE,-0.11234594007442844
P09493,TPM1,21.066006834180744,21.220897369432684,3,3,NA,FALSE,-0.15489053525194052
P09496,CLTA,17.952694666386492,18.01778027455142,3,3,NA,FALSE,-0.06508560816492803
P09497,CLTB,18.07175974425894,18.063456547797607,3,3,NA,FALSE,0.00830319646133404
P09525,ANXA4,18.58889878172556,17.901239350292073,3,3,NA,FALSE,0.6876594314334881
P09543,CNP,19.043076561219948,19.0012241541689,3,3,NA,FALSE,0.04185240705104931
P09601,HMOX1,14.398416929758769,13.890083649013661,3,3,NA,FALSE,0.5083332807451075
P09622,DLD,20.600056894394434,20.66550908787977,3,3,NA,FALSE,-0.06545219348533493
P09661,SNRPA1,19.794260488955818,19.683939471765978,3,3,NA,FALSE,0.11032101718983967
P09668,CTSH,15.632769312766005,15.237190922788344,3,3,NA,FALSE,0.39557838997766126
P09669,COX6C,19.525578959818084,19.492105791245397,3,3,NA,FALSE,0.03347316857268723
P09874,PARP1,22.361653888221085,22.53581977232761,3,3,NA,FALSE,-0.17416588410652523
P09884,POLA1,17.046087951826266,17.265361040546125,3,3,NA,FALSE,-0.2192730887198593
P09936,UCHL1,21.156345650513085,21.208140523727884,3,3,NA,FALSE,-0.05179487321479925
P09958,FURIN,12.900611738760627,13.264824142398828,1,2,NA,FALSE,-0.3642124036382004
P09960,LTA4H,18.977296603166177,19.040913841502977,3,3,NA,FALSE,-0.06361723833679989
P09972,ALDOC,20.81005637233164,20.619196294967587,3,3,NA,FALSE,0.19086007736405364
P0C024,NUDT7,13.495356335868692,12.721149976324352,3,2,NA,FALSE,0.7742063595443405
P0C0L4,C4A,16.853406785810005,16.77113478744698,3,1,NA,FALSE,0.08227199836302646
P0C1Z6,TFPT,13.841120807880229,14.160207338953258,3,3,NA,FALSE,-0.31908653107302953
P0C2W1,FBXO45,14.386287647073056,14.251347313994499,3,3,NA,FALSE,0.13494033307855702
P0C7P0,CISD3,13.39129556053637,12.854723688477446,2,3,NA,FALSE,0.536571872058925
P0C7T5,ATXN1L,14.540331182519905,14.946244686534646,3,3,NA,FALSE,-0.405913504014741
P0C7X2,ZNF688,14.83199552373773,14.779322985643953,3,3,NA,FALSE,0.05267253809377692
P0C870,JMJD7,12.375072700458269,12.55688048136671,3,3,NA,FALSE,-0.18180778090844107
P0CAP2,POLR2M,14.738872108752265,15.082345863398487,3,3,NA,FALSE,-0.3434737546462223
P0CF51,TRGC1,13.68911735160878,13.575152592346022,3,3,NA,FALSE,0.11396475926275862
P0CG12,DERPC,17.431956803202784,17.434890995767848,3,3,NA,FALSE,-0.0029341925650641087
P0CG13,CHTF8,15.154567188815768,15.131080010537392,3,3,NA,FALSE,0.02348717827837632
P0CJ78,ZNF865,13.263079363598687,13.006743071771716,3,3,NA,FALSE,0.2563362918269707
P0CK96,SLC35E2B,14.490823546435836,14.43055571425413,3,3,NA,FALSE,0.06026783218170628
P0DJ07,PET100,16.89865019316808,17.230791398860276,3,3,NA,FALSE,-0.33214120569219574
P0DJ93,SMIM13,12.684529945724595,12.651394883293257,2,2,NA,FALSE,0.033135062431338014
P0DPB6,POLR1D,17.651916737906365,17.551406627242987,3,3,NA,FALSE,0.10051011066337878
P0DPD7,EEF1AKMT4,12.7638974938788,12.179169007809518,3,3,NA,FALSE,0.584728486069281
P0DTL5,TMEM276,16.705678892368397,14.416085344021022,1,2,NA,FALSE,2.2895935483473746
P0DTL6,ZFTRAF1,15.542556207528612,15.750088064710315,3,3,NA,FALSE,-0.20753185718170286
P10070,GLI2,13.769522960496538,13.878198488307854,3,3,NA,FALSE,-0.10867552781131629
P10071,GLI3,13.097662429883494,13.616146423136342,3,3,NA,FALSE,-0.5184839932528487
P10074,ZBTB48,13.151350498407002,13.33610922544347,3,3,NA,FALSE,-0.18475872703646878
P10109,FDX1,17.25502064950082,17.398781050292772,3,3,NA,FALSE,-0.14376040079195107
P10114,RAP2A,15.360136971919555,15.256663661974478,3,3,NA,FALSE,0.10347330994507686
P10155,RO60,19.798873341584812,19.85479992235037,3,3,NA,FALSE,-0.05592658076555779
P10176,COX8A,14.169428182048527,14.288057445239305,3,3,NA,FALSE,-0.11862926319077793
P10244,MYBL2,15.52740868150984,15.821766545220411,3,3,NA,FALSE,-0.29435786371057127
P10253,GAA,18.65054909102821,18.59630053557662,3,3,NA,FALSE,0.05424855545158991
P10276,RARA,12.401844098671713,12.34793367308782,3,3,NA,FALSE,0.053910425583893584
P10301,RRAS,17.75201075345449,17.558613519923945,3,3,NA,FALSE,0.1933972335305434
P10321,HLA-C,17.925657168545122,17.451130359151264,3,3,NA,FALSE,0.4745268093938577
P10398,ARAF,16.54115104649219,16.56734460645622,3,3,NA,FALSE,-0.02619355996403172
P10412,H1-4,16.322291237647924,17.212206248154132,3,3,NA,FALSE,-0.8899150105062077
P10415,BCL2,15.267036763097675,15.476800197924673,3,3,NA,FALSE,-0.2097634348269981
P10515,DLAT,19.600672843599757,19.658981364280763,3,3,NA,FALSE,-0.058308520681006115
P10586,PTPRF,16.126508078963212,16.485105213348803,3,3,NA,FALSE,-0.35859713438559027
P10588,NR2F6,16.90894129759882,16.767287702529252,3,3,NA,FALSE,0.14165359506956676
P10589,NR2F1,16.482884653474343,16.37796006531403,3,3,NA,FALSE,0.10492458816031203
P10606,COX5B,19.507715934082658,19.589139154295143,3,3,NA,FALSE,-0.0814232202124856
P10619,CTSA,17.157393380186818,16.802245454225677,3,3,NA,FALSE,0.3551479259611412
P10620,MGST1,14.048862774022083,12.606430513562838,2,3,NA,FALSE,1.4424322604592454
P10644,PRKAR1A,18.03303523543606,18.10979131088961,3,3,NA,FALSE,-0.07675607545354879
P10646,TFPI,12.911433408814894,12.38396153113995,1,2,NA,FALSE,0.5274718776749445
P10746,UROS,15.26614693763994,15.087868277559636,3,3,NA,FALSE,0.1782786600803039
P10768,ESD,19.82770632883155,19.868276311428918,3,3,NA,FALSE,-0.04056998259736844
P10809,HSPD1,22.65054409831895,22.606787313322727,3,3,NA,FALSE,0.04375678499622282
P10826,RARB,11.727317807417565,12.876916429631969,2,3,NA,FALSE,-1.1495986222144037
P10909,CLU,14.616078507851865,14.261368346625328,3,3,NA,FALSE,0.35471016122653687
P11021,HSPA5,23.26558467084945,23.155899135333023,3,3,NA,FALSE,0.10968553551642657
P11047,LAMC1,19.907491126912177,19.60922119618445,3,3,NA,FALSE,0.29826993072772723
P11117,ACP2,17.927668307983932,17.867830468948107,3,3,NA,FALSE,0.059837839035825624
P11137,MAP2,13.552445038691529,13.9254047964917,3,3,NA,FALSE,-0.3729597578001709
P11142,HSPA8,23.31983572296711,23.172699049178174,3,3,NA,FALSE,0.14713667378893547
P11166,SLC2A1,16.265684645442143,16.272154457893468,3,3,NA,FALSE,-0.006469812451324941
P11169,SLC2A3,14.521377753189439,14.713784487260364,3,3,NA,FALSE,-0.192406734070925
P11171,EPB41,17.986685327457312,18.21559792116389,3,3,NA,FALSE,-0.22891259370657835
P11172,UMPS,17.820370778438154,17.675850282119665,3,3,NA,FALSE,0.1445204963184885
P11177,PDHB,20.364986832952667,20.56707039755378,3,3,NA,FALSE,-0.20208356460111432
P11182,DBT,18.141171887929737,18.29658308052743,3,3,NA,FALSE,-0.15541119259769332
P11216,PYGB,18.494397947949857,18.728382322083412,3,3,NA,FALSE,-0.23398437413355566
P11233,RALA,19.19564824933185,18.992387202548787,3,3,NA,FALSE,0.20326104678306223
P11234,RALB,17.745613651443946,17.614420105429023,3,3,NA,FALSE,0.1311935460149236
P11274,BCR,16.6054989142374,16.41906571650712,3,3,NA,FALSE,0.1864331977302811
P11277,SPTB,13.504019435261132,13.172068016374268,3,3,NA,FALSE,0.3319514188868631
P11279,LAMP1,17.495461734732245,17.189831865082365,3,3,NA,FALSE,0.3056298696498807
P11310,ACADM,19.67138331690163,19.680934833024576,3,3,NA,FALSE,-0.009551516122947135
P11362,FGFR1,14.35754590042709,13.964070039473505,3,3,NA,FALSE,0.39347586095358444
P11387,TOP1,19.664646327280717,19.632097823256938,3,3,NA,FALSE,0.0325485040237794
P11388,TOP2A,18.56234926835907,18.89396645711874,3,3,NA,FALSE,-0.33161718875966884
P11413,G6PD,20.072985548616497,20.018908752918595,3,3,NA,FALSE,0.05407679569790247
P11441,UBL4A,16.77032099409292,16.974803205099214,3,3,NA,FALSE,-0.20448221100629382
P11474,ESRRA,14.129568167374675,13.301199532689884,3,3,NA,FALSE,0.8283686346847912
P11498,PC,16.36060493148601,16.74943218448126,3,3,NA,FALSE,-0.38882725299525234
P11532,DMD,16.389090700070852,16.478984234981542,3,3,NA,FALSE,-0.08989353491068997
P11586,MTHFD1,20.00098240036853,20.02047435223082,3,3,NA,FALSE,-0.019491951862288914
P11717,IGF2R,17.986580885840688,18.034347628741255,3,3,NA,FALSE,-0.04776674290056704
P11766,ADH5,18.991764724177163,18.944727265410883,3,3,NA,FALSE,0.04703745876627963
P11802,CDK4,18.097941481928174,17.82948086485818,3,3,NA,FALSE,0.26846061706999436
P11908,PRPS2,19.099775006384647,18.86602823017153,3,3,NA,FALSE,0.2337467762131169
P11940,PABPC1,20.577514042397265,20.530018919257643,3,3,NA,FALSE,0.047495123139622564
P12004,PCNA,21.188345847578553,21.003394806089787,3,3,NA,FALSE,0.18495104148876607
P12109,COL6A1,17.770617355163058,16.89864904977544,3,3,NA,FALSE,0.8719683053876182
P12110,COL6A2,16.796130624048025,16.536055444380096,3,3,NA,FALSE,0.26007517966792904
P12235,SLC25A4,19.69649431016564,20.053959396484256,3,3,NA,FALSE,-0.35746508631861573
P12236,SLC25A6,14.155168032993553,13.997717423889899,3,3,NA,FALSE,0.1574506091036536
P12259,F5,16.076824732746562,15.999636510936291,3,3,NA,FALSE,0.07718822181027107
P12268,IMPDH2,20.534891394001374,20.347705227853123,3,3,NA,FALSE,0.18718616614825123
P12270,TPR,19.41050450821854,19.6404657405808,3,3,NA,FALSE,-0.2299612323622604
P12277,CKB,23.08752506682132,23.03383176642199,3,3,NA,FALSE,0.05369330039933118
P12429,ANXA3,16.511586026779387,16.956106066166015,3,3,NA,FALSE,-0.444520039386628
P12532,CKMT1B,20.72916725631626,20.687763294273132,3,3,NA,FALSE,0.041403962043126796
P12694,BCKDHA,16.74637250374847,17.068543286442182,3,3,NA,FALSE,-0.3221707826937106
P12755,SKI,12.030798112648574,11.102919530920547,3,1,NA,FALSE,0.9278785817280273
P12757,SKIL,12.21728907387925,11.639464516117005,3,3,NA,FALSE,0.577824557762245
P12814,ACTN1,18.424926672952704,18.505327286831886,3,3,NA,FALSE,-0.08040061387918129
P12821,ACE,16.285794307276607,16.589945090721898,3,3,NA,FALSE,-0.3041507834452908
P12830,CDH1,13.104602389561066,13.711749260514377,3,3,NA,FALSE,-0.6071468709533114
P12931,SRC,18.809533876012324,18.786504200829555,3,3,NA,FALSE,0.023029675182769438
P12955,PEPD,18.2079330723056,18.31915529769168,3,3,NA,FALSE,-0.11122222538607929
P12956,XRCC6,21.218828158617587,21.434089126772346,3,3,NA,FALSE,-0.21526096815475881
P13010,XRCC5,21.133060349060074,21.30865040882852,3,3,NA,FALSE,-0.17559005976844588
P13051,UNG,17.685630203254348,17.512652942903177,3,3,NA,FALSE,0.17297726035117122
P13056,NR2C1,17.951001320987746,17.948373766287723,3,3,NA,FALSE,0.0026275547000231825
P13073,COX4I1,20.650684872614036,20.705359913971563,3,3,NA,FALSE,-0.054675041357526766
P13196,ALAS1,12.730637434124361,12.386586218834962,3,3,NA,FALSE,0.3440512152893991
P13284,IFI30,12.918710478286448,12.345562217630205,3,3,NA,FALSE,0.573148260656243
P13473,LAMP2,20.989677066120702,20.660076989181135,3,3,NA,FALSE,0.32960007693956683
P13489,RNH1,19.113189977080452,19.37151977817811,3,3,NA,FALSE,-0.25832980109765913
P13498,CYBA,13.597942038351142,12.768579798675969,3,3,NA,FALSE,0.8293622396751736
P13591,NCAM1,16.509739072164393,17.946943542652473,3,3,NA,FALSE,-1.43720447048808
P13611,VCAN,15.7975605027983,15.95342980001519,2,2,NA,FALSE,-0.15586929721689025
P13612,ITGA4,15.80538132613301,15.517371249290745,3,3,NA,FALSE,0.288010076842264
P13637,ATP1A3,14.927203681422773,13.908864300218589,1,3,NA,FALSE,1.0183393812041839
P13639,EEF2,22.123949067976188,22.31053719585296,3,3,NA,FALSE,-0.18658812787677093
P13667,PDIA4,21.162281955119624,20.912359930766357,3,3,NA,FALSE,0.2499220243532676
P13674,P4HA1,18.725876531810226,18.562496048571454,3,3,NA,FALSE,0.16338048323877175
P13693,TPT1,20.030186654281657,20.017780360996735,3,3,NA,FALSE,0.012406293284922043
P13716,ALAD,14.937378344575421,14.930479034980637,3,3,NA,FALSE,0.006899309594784242
P13797,PLS3,21.334859962853855,21.50115775210433,3,3,NA,FALSE,-0.1662977892504749
P13798,APEH,18.52654377838467,18.3951748698368,3,3,NA,FALSE,0.13136890854786998
P13804,ETFA,20.530597394290158,20.7810526889372,3,3,NA,FALSE,-0.2504552946470433
P13807,GYS1,17.917463888580716,17.81063091994792,3,3,NA,FALSE,0.10683296863279779
P13861,PRKAR2A,19.15616274081427,19.3177174296417,3,3,NA,FALSE,-0.16155468882742952
P13929,ENO3,16.22307930391566,15.621519381452323,1,2,NA,FALSE,0.6015599224633377
P13984,GTF2F2,17.99977833209291,18.118655601454435,3,3,NA,FALSE,-0.11887726936152632
P13987,CD59,15.824759256480194,16.129257125427664,3,3,NA,FALSE,-0.30449786894747
P13994,YJU2B,14.608314081896106,14.31783067944927,3,3,NA,FALSE,0.2904834024468368
P13995,MTHFD2,18.609136654815263,19.16668792982396,3,3,NA,FALSE,-0.5575512750086986
P14174,MIF,20.83938261795687,20.868602977951667,3,3,NA,FALSE,-0.029220359994798883
P14209,CD99,14.129076860680708,14.140622457130235,3,3,NA,FALSE,-0.01154559644952613
P14314,PRKCSH,20.73447736870414,20.556795507202203,3,3,NA,FALSE,0.177681861501938
P14316,IRF2,13.923416878041733,13.66716556509929,3,3,NA,FALSE,0.2562513129424424
P14324,FDPS,19.25910824405259,19.0983779492343,3,3,NA,FALSE,0.16073029481828982
P14373,TRIM27,15.668732361228386,15.813973221909286,3,3,NA,FALSE,-0.14524086068090014
P14406,COX7A2,20.63547049947007,20.920778602021436,3,3,NA,FALSE,-0.2853081025513653
P14415,ATP1B2,11.8846369530755,12.116666473616348,3,3,NA,FALSE,-0.23202952054084847
P14543,NID1,17.37724707274054,16.83288270157814,3,3,NA,FALSE,0.544364371162402
P14550,AKR1A1,20.72583489579971,20.904125399269,3,3,NA,FALSE,-0.1782905034692881
P14618,PKM,22.481725249001908,22.432851547553096,3,3,NA,FALSE,0.04887370144881231
P14621,ACYP2,16.448979409680554,16.907691896094523,3,3,NA,FALSE,-0.4587124864139689
P14625,HSP90B1,22.831669845450275,22.573674378403933,3,3,NA,FALSE,0.25799546704634224
P14635,CCNB1,17.89155881644068,17.530135576322994,3,3,NA,FALSE,0.36142324011768423
P14649,MYL6B,20.22210950557168,20.33606758971789,3,3,NA,FALSE,-0.11395808414620845
P14678,SNRPB,21.709066589627813,21.616375431775268,3,3,NA,FALSE,0.09269115785254556
P14735,IDE,19.309898311595756,19.33647989270203,3,3,NA,FALSE,-0.0265815811062744
P14854,COX6B1,16.118855951292694,16.040596942558558,3,3,NA,FALSE,0.07825900873413616
P14859,POU2F1,16.63702234403265,16.939450877125086,3,3,NA,FALSE,-0.302428533092435
P14866,HNRNPL,21.461711456174154,21.341025636473063,3,3,NA,FALSE,0.12068581970109094
P14868,DARS1,19.9475028238766,20.01849902784422,3,3,NA,FALSE,-0.07099620396762063
P14923,JUP,17.61036266351684,17.84661156022444,3,3,NA,FALSE,-0.23624889670759686
P14927,UQCRB,18.896289793286343,18.894963545328864,3,3,NA,FALSE,0.0013262479574791541
P15056,BRAF,15.639955637169805,15.724557103455851,3,3,NA,FALSE,-0.08460146628604548
P15104,GLUL,17.88277628850216,17.64157524188449,3,3,NA,FALSE,0.24120104661767172
P15121,AKR1B1,20.33529383746158,20.249198820934705,3,3,NA,FALSE,0.08609501652687612
P15151,PVR,16.31368934923387,16.786874530812675,3,3,NA,FALSE,-0.4731851815788062
P15170,GSPT1,18.325699998230448,18.306580662020313,3,3,NA,FALSE,0.019119336210135174
P15289,ARSA,18.440922861677052,18.60124148390232,3,3,NA,FALSE,-0.16031862222526883
P15291,B4GALT1,15.149319620376989,15.609188199353024,3,3,NA,FALSE,-0.4598685789760353
P15311,EZR,21.690990225582986,21.685541929953366,3,3,NA,FALSE,0.005448295629619793
P15336,ATF2,16.053607425163513,16.17102291495619,3,3,NA,FALSE,-0.11741548979267691
P15374,UCHL3,19.094914676317384,19.1059017777101,3,3,NA,FALSE,-0.010987101392714749
P15529,CD46,14.490246353036508,14.719150915328255,3,3,NA,FALSE,-0.22890456229174738
P15531,NME1,21.34910414150758,21.216943039421,3,3,NA,FALSE,0.13216110208658094
P15586,GNS,19.835794286528373,19.591478753365873,3,3,NA,FALSE,0.24431553316249932
P15622,ZNF250,14.074190783449573,14.586509839483004,3,3,NA,FALSE,-0.5123190560334301
P15735,PHKG2,16.184256610202105,16.066417663520866,3,3,NA,FALSE,0.11783894668123907
P15848,ARSB,15.097796721918169,15.21573487908572,3,3,NA,FALSE,-0.11793815716755063
P15880,RPS2,21.346697657352316,21.360498039446206,3,3,NA,FALSE,-0.013800382093890562
P15882,CHN1,14.225216129091239,14.360791388395684,3,3,NA,FALSE,-0.1355752593044457
P15923,TCF3,12.996900609779491,12.673234796460221,2,3,NA,FALSE,0.3236658133192698
P15924,DSP,17.698706104529705,17.42603847457424,3,3,NA,FALSE,0.272667629955464
P15927,RPA2,19.855157925528445,19.9122167868421,3,3,NA,FALSE,-0.05705886131365645
P15954,COX7C,17.221298236343127,17.45973514859034,3,3,NA,FALSE,-0.23843691224721297
P16035,TIMP2,13.725576121252685,13.1239859883408,2,3,NA,FALSE,0.601590132911884
P16104,H2AX,23.971412286253877,24.0156549460126,3,3,NA,FALSE,-0.04424265975872288
P16152,CBR1,19.782476829077225,19.82270082487202,3,3,NA,FALSE,-0.04022399579479341
P16157,ANK1,12.251473637407098,11.904404831880694,2,3,NA,FALSE,0.34706880552640484
P16219,ACADS,16.129587542302254,16.28285542897223,3,3,NA,FALSE,-0.15326788666997615
P16220,CREB1,17.488276803833752,17.631027767671856,3,3,NA,FALSE,-0.14275096383810393
P16260,SLC25A16,15.214764481967407,15.342921903033147,3,2,NA,FALSE,-0.12815742106574035
P16278,GLB1,18.786092450032022,18.52345181617638,3,3,NA,FALSE,0.26264063385564285
P16298,PPP3CB,15.737471791974615,15.797439887239753,3,3,NA,FALSE,-0.05996809526513758
P16333,NCK1,17.102093490495005,17.170746133072424,3,3,NA,FALSE,-0.06865264257741899
P16383,GCFC2,18.474411801931,18.496971282293007,3,3,NA,FALSE,-0.022559480362005502
P16402,H1-3,24.160571876228957,24.137601316332066,3,3,NA,FALSE,0.022970559896890563
P16403,H1-2,16.571115313275136,16.71122113927925,3,3,NA,FALSE,-0.14010582600411325
P16435,POR,17.89748191774386,17.680312819220433,3,3,NA,FALSE,0.2171690985234278
P16591,FER,14.553293031211016,14.074374931026481,3,3,NA,FALSE,0.4789181001845346
P16615,ATP2A2,20.000267713949775,19.71589758610894,3,3,NA,FALSE,0.28437012784083393
P16870,CPE,15.175937247108463,14.655807063494343,3,3,NA,FALSE,0.5201301836141194
P16885,PLCG2,15.550582712663022,15.485297297379171,3,3,NA,FALSE,0.06528541528385112
P16930,FAH,17.665006464175224,17.733738545601934,3,3,NA,FALSE,-0.06873208142670961
P16949,STMN1,19.86024338522825,20.299462078556115,3,3,NA,FALSE,-0.439218693327863
P16989,YBX3,20.657226867094998,20.459766859646205,3,3,NA,FALSE,0.1974600074487931
P17010,ZFX,16.48395953606808,16.636375699555792,1,1,NA,FALSE,-0.15241616348771103
P17017,ZNF14,12.308499650517586,11.634223894595532,2,2,NA,FALSE,0.6742757559220536
P17026,ZNF22,15.813203019294539,15.946951422430343,3,3,NA,FALSE,-0.1337484031358045
P17028,ZNF24,16.45102118806987,16.206654971602674,3,3,NA,FALSE,0.24436621646719558
P17029,ZKSCAN1,14.988363102410357,14.533309049625807,3,3,NA,FALSE,0.4550540527845506
P17036,ZNF3,11.308869747387309,11.294654956448493,3,3,NA,FALSE,0.014214790938815725
P17041,ZNF32,11.894619916881133,11.660126823145438,3,3,NA,FALSE,0.23449309373569527
P17050,NAGA,14.802798060409781,14.60189955226084,3,3,NA,FALSE,0.20089850814894206
P17066,HSPA6,22.731575815050284,22.69827129787079,3,2,NA,FALSE,0.03330451717949501
P17096,HMGA1,17.65768395943342,18.563497581861007,3,3,NA,FALSE,-0.905813622427587
P17098,ZNF8,14.59679517836181,14.41706034972526,3,3,NA,FALSE,0.1797348286365512
P17152,TMEM11,16.020594497642342,16.148457738593503,3,3,NA,FALSE,-0.12786324095116086
P17174,GOT1,18.894503801822903,19.00775119879994,3,3,NA,FALSE,-0.11324739697703734
P17252,PRKCA,18.964743103700883,19.33467946530458,3,3,NA,FALSE,-0.3699363616036955
P17301,ITGA2,15.876456346474036,16.11194832464895,3,3,NA,FALSE,-0.23549197817491319
P17302,GJA1,12.81262932671843,12.852660072219848,3,3,NA,FALSE,-0.04003074550141861
P17405,SMPD1,14.75487880140517,14.843539890661978,3,3,NA,FALSE,-0.08866108925680827
P17480,UBTF,18.418830454289147,18.560074492328575,3,3,NA,FALSE,-0.14124403803942798
P17482,HOXB9,16.938111859256733,17.096015769100603,3,3,NA,FALSE,-0.1579039098438706
P17509,HOXB6,14.032343040030305,13.896331674899423,3,3,NA,FALSE,0.13601136513088186
P17535,JUND,14.315864654473717,14.957687553956179,3,3,NA,FALSE,-0.6418228994824613
P17544,ATF7,15.317449886482079,15.180250080383413,3,3,NA,FALSE,0.1371998060986659
P17568,NDUFB7,16.298345916894817,16.144559100715785,3,3,NA,FALSE,0.15378681617903212
P17612,PRKACA,18.804205150822245,18.788207765259823,3,3,NA,FALSE,0.015997385562421584
P17655,CAPN2,18.62141853988106,18.70875562159166,3,3,NA,FALSE,-0.08733708171060073
P17661,DES,17.545755299050086,16.141350799088173,2,2,NA,FALSE,1.4044044999619132
P17676,CEBPB,15.482191290251512,16.57431788970812,3,3,NA,FALSE,-1.0921265994566074
P17706,PTPN2,15.603866191593983,15.563385900601988,3,3,NA,FALSE,0.04048029099199546
P17812,CTPS1,18.97258564275537,18.819615386862974,3,3,NA,FALSE,0.1529702558923951
P17844,DDX5,20.019504269082166,19.6379098853319,3,3,NA,FALSE,0.3815943837502651
P17858,PFKL,19.08024749693374,19.018986638478257,3,3,NA,FALSE,0.06126085845548346
P17861,XBP1,11.012918764683123,11.279904450406734,1,3,NA,FALSE,-0.26698568572361125
P17900,GM2A,17.160201890904478,16.83167015056031,3,3,NA,FALSE,0.3285317403441681
P17931,LGALS3,15.461776728834856,15.723778750154711,3,3,NA,FALSE,-0.26200202131985506
P17948,FLT1,14.970868005687905,15.148841018516261,3,3,NA,FALSE,-0.17797301282835676
P17980,PSMC3,20.266967605457936,20.306942402376922,3,3,NA,FALSE,-0.039974796918986755
P17987,TCP1,20.96719367122099,21.017753410802133,3,3,NA,FALSE,-0.05055973958114279
P18031,PTPN1,18.331882730265615,18.244736351447592,3,3,NA,FALSE,0.0871463788180229
P18065,IGFBP2,13.558221152726713,12.445208795812986,3,3,NA,FALSE,1.1130123569137265
P18074,ERCC2,16.558563013220514,16.51380710433113,3,3,NA,FALSE,0.04475590888938541
P18077,RPL35A,20.761860745109434,20.537841003076565,3,3,NA,FALSE,0.22401974203286912
P18084,ITGB5,15.080402308816781,14.902334763279674,3,3,NA,FALSE,0.17806754553710746
P18085,ARF4,20.350336305569854,20.286562370721878,3,3,NA,FALSE,0.06377393484797622
P18124,RPL7,21.915520177412,21.910436411744456,3,3,NA,FALSE,0.00508376566754265
P18206,VCL,19.417990337619926,19.489713959091798,3,3,NA,FALSE,-0.07172362147187172
P18433,PTPRA,16.442993200567777,16.09313636673622,3,3,NA,FALSE,0.34985683383155575
P18440,NAT1,14.748456240143508,14.665783089215882,3,3,NA,FALSE,0.08267315092762573
P18583,SON,18.137388378384887,17.798229399751182,3,3,NA,FALSE,0.33915897863370503
P18615,NELFE,17.012003652053487,17.255165691121668,3,3,NA,FALSE,-0.24316203906818146
P18621,RPL17,20.64382257222322,20.78220274135938,3,3,NA,FALSE,-0.13838016913616258
P18669,PGAM1,22.23709178626872,22.320480902560426,3,3,NA,FALSE,-0.08338911629170553
P18754,RCC1,20.400689112554456,20.562753638380364,3,3,NA,FALSE,-0.16206452582590813
P18827,SDC1,14.833434945378006,12.54137523006333,1,2,NA,FALSE,2.292059715314675
P18847,ATF3,15.52995194839686,16.147896391319392,3,3,NA,FALSE,-0.617944442922532
P18848,ATF4,12.482014998907687,13.91314535231544,3,3,NA,FALSE,-1.4311303534077524
P18850,ATF6,13.901579699946122,13.695352706787988,3,3,NA,FALSE,0.20622699315813442
P18858,LIG1,16.60805872862129,16.863767174356667,3,3,NA,FALSE,-0.255708445735376
P18859,ATP5PF,13.1539216668456,13.578266134649034,3,3,NA,FALSE,-0.4243444678034347
P18887,XRCC1,17.024196776786248,17.138181024875845,3,3,NA,FALSE,-0.11398424808959717
P19021,PAM,13.78862928461849,14.316316636781217,3,3,NA,FALSE,-0.5276873521627259
P19022,CDH2,17.74232471892971,17.925739610232185,3,3,NA,FALSE,-0.18341489130247624
P19086,GNAZ,15.75322431963138,15.727839582296404,3,3,NA,FALSE,0.025384737334976037
P19174,PLCG1,16.83825296401737,16.88724324105447,3,3,NA,FALSE,-0.048990277037098906
P19256,CD58,15.394395565534873,15.467730005090043,3,3,NA,FALSE,-0.07333443955517005
P19338,NCL,22.571062904996893,22.490845825847565,3,3,NA,FALSE,0.08021707914932819
P19367,HK1,19.34118405492781,19.351960192047116,3,3,NA,FALSE,-0.010776137119307805
P19387,POLR2C,18.47373148113961,18.49106211766607,3,3,NA,FALSE,-0.017330636526459386
P19388,POLR2E,18.736143660433893,18.713116402359073,3,3,NA,FALSE,0.0230272580748192
P19404,NDUFV2,19.118807417678415,19.160108650956822,3,3,NA,FALSE,-0.04130123327840707
P19419,ELK1,14.43472814144869,14.749281238653197,3,3,NA,FALSE,-0.31455309720450586
P19447,ERCC3,17.52277331255787,17.47148081689618,3,3,NA,FALSE,0.05129249566169136
P19484,TFEB,13.445178937480165,13.495212525026378,3,3,NA,FALSE,-0.050033587546213454
P19525,EIF2AK2,18.482172254604738,18.245926136631315,3,3,NA,FALSE,0.23624611797342254
P19532,TFE3,17.389609143012006,17.50327556529819,3,3,NA,FALSE,-0.11366642228618318
P19622,EN2,13.071572669411964,13.069669578548131,3,3,NA,FALSE,0.0019030908638324462
P19623,SRM,19.732637353841415,19.70887247278959,3,3,NA,FALSE,0.02376488105182517
P19634,SLC9A1,13.718832923921594,12.907639573200886,3,3,NA,FALSE,0.8111933507207088
P19784,CSNK2A2,17.88903150695448,17.7995985003145,3,3,NA,FALSE,0.08943300663998244
P19793,RXRA,14.165345693386758,14.287806020736312,3,3,NA,FALSE,-0.12246032734955392
P19823,ITIH2,17.678198673965795,14.966473813169927,3,3,NA,FALSE,2.7117248607958686
P19838,NFKB1,19.032688135582667,18.95011120898878,3,3,NA,FALSE,0.08257692659388738
P20020,ATP2B1,19.639740552602237,19.837898430380417,3,3,NA,FALSE,-0.19815787777817917
P20042,EIF2S2,19.085366494077775,19.087572775132283,3,3,NA,FALSE,-0.0022062810545087075
P20073,ANXA7,18.957728786936606,18.537990571951198,3,3,NA,FALSE,0.41973821498540786
P20226,TBP,16.230070019908943,16.22879724148471,3,3,TBP,TRUE,0.0012727784242336782
P20248,CCNA2,18.59410724905449,18.627561098422213,3,3,NA,FALSE,-0.03345384936772433
P20265,POU3F2,16.008150922509834,14.871967282015609,1,3,NA,FALSE,1.1361836404942256
P20290,BTF3,17.621634982470226,17.18391131587215,3,3,NA,FALSE,0.4377236665980746
P20336,RAB3A,16.24310602188768,15.611903097986062,3,3,NA,FALSE,0.6312029239016184
P20337,RAB3B,14.884246698725008,14.698739184907355,3,3,NA,FALSE,0.18550751381765274
P20338,RAB4A,19.308509720093248,19.165522576352537,3,3,NA,FALSE,0.14298714374071153
P20339,RAB5A,18.069983907719656,18.029616344782642,3,3,NA,FALSE,0.040367562937014156
P20340,RAB6A,19.667565231115002,19.58408573827032,3,3,NA,FALSE,0.08347949284468115
P20472,PVALB,14.612296421848704,14.651521517786133,3,3,NA,FALSE,-0.03922509593742873
P20585,MSH3,17.61890948692736,17.850993844638246,3,3,NA,FALSE,-0.23208435771088531
P20618,PSMB1,19.81200786412295,19.942061260307934,3,3,NA,FALSE,-0.13005339618498368
P20645,M6PR,16.334985482121684,16.744080742369107,3,3,NA,FALSE,-0.4090952602474225
P20674,COX5A,18.269559398357227,18.198875328674013,3,3,NA,FALSE,0.07068406968321383
P20700,LMNB1,21.29641237655522,21.379051841731293,3,3,NA,FALSE,-0.08263946517607224
P20719,HOXA5,15.63152332147687,15.62498696077407,3,3,NA,FALSE,0.006536360702799726
P20810,CAST,16.868490199375707,17.545612698028396,3,3,NA,FALSE,-0.6771224986526896
P20839,IMPDH1,16.367096091597116,16.131725029867262,3,3,NA,FALSE,0.2353710617298539
P20908,COL5A1,12.945800821449359,13.786927447827694,3,1,NA,FALSE,-0.841126626378335
P20933,AGA,17.95306434719008,18.250227478991828,3,3,NA,FALSE,-0.29716313180174936
P20936,RASA1,15.351004020735896,15.538386805848434,3,3,NA,FALSE,-0.18738278511253803
P20962,PTMS,17.801760773164986,18.231001542350707,3,3,NA,FALSE,-0.4292407691857214
P21127,CDK11B,17.594394083352732,17.447166903764277,3,3,NA,FALSE,0.14722717958845521
P21266,GSTM3,20.223259851137794,20.127259492606424,3,3,NA,FALSE,0.09600035853137001
P21281,ATP6V1B2,19.209322991546152,19.074948999255763,3,3,NA,FALSE,0.1343739922903886
P21283,ATP6V1C1,18.229157197977425,17.950718021286136,3,3,NA,FALSE,0.2784391766912897
P21333,FLNA,20.03373425287214,20.258366778377365,3,3,NA,FALSE,-0.22463252550522483
P21359,NF1,16.91431594384311,16.960126390445332,3,3,NA,FALSE,-0.04581044660222133
P21397,MAOA,14.386714512999605,14.64746678547294,3,3,NA,FALSE,-0.26075227247333466
P21399,ACO1,18.138239956886732,18.23719613415637,3,3,NA,FALSE,-0.09895617726963835
P21579,SYT1,15.187541885271498,15.731671082647376,3,3,NA,FALSE,-0.5441291973758773
P21675,TAF1,15.19001119613351,15.291805611308494,3,3,NA,FALSE,-0.10179441517498411
P21796,VDAC1,21.74082743128058,21.609717731699874,3,3,NA,FALSE,0.13110969958070484
P21802,FGFR2,14.874830736471605,14.710233646513558,1,1,NA,FALSE,0.1645970899580469
P21912,SDHB,19.116032671154723,19.244996799948446,3,3,NA,FALSE,-0.1289641287937222
P21926,CD9,17.18624577347694,17.274864002746355,3,3,NA,FALSE,-0.08861822926941443
P21953,BCKDHB,17.16067660545426,17.642999496452934,3,3,NA,FALSE,-0.48232289099867387
P21964,COMT,19.057755690796217,19.323124419496253,3,3,NA,FALSE,-0.2653687287000359
P21980,TGM2,14.184705928159739,14.368227888878401,3,3,NA,FALSE,-0.18352196071866267
P22033,MMUT,17.775619070986444,17.918472810321294,3,3,NA,FALSE,-0.1428537393348499
P22059,OSBP,17.70042004065352,17.784934895210622,3,3,NA,FALSE,-0.08451485455710284
P22061,PCMT1,20.646689634110356,20.637033903428634,3,3,NA,FALSE,0.009655730681721764
P22087,FBL,20.951966356268134,20.831692880324482,3,3,NA,FALSE,0.12027347594365168
P22102,GART,20.128893817903755,20.141838391211234,3,3,NA,FALSE,-0.01294457330747889
P22234,PAICS,21.057256604262587,20.97060261487713,3,3,NA,FALSE,0.08665398938545721
P22303,ACHE,16.306706620383547,15.880559097411652,2,1,NA,FALSE,0.4261475229718954
P22304,IDS,13.531981786184637,13.720718901762481,2,3,NA,FALSE,-0.1887371155778439
P22307,SCP2,19.179310980089408,18.380868993529194,3,3,NA,FALSE,0.7984419865602135
P22314,UBA1,22.11182386650439,22.33079008768841,3,3,NA,FALSE,-0.21896622118401865
P22392,NME2,21.058231377542217,21.002961207803413,3,3,NA,FALSE,0.0552701697388045
P22413,ENPP1,16.296120666352444,16.264502602687433,3,3,NA,FALSE,0.031618063665010965
P22415,USF1,15.33996554097179,15.52000842033147,3,3,NA,FALSE,-0.18004287935968044
P22492,H1-6,14.768979903819414,14.50807980296641,3,3,NA,FALSE,0.26090010085300364
P22570,FDXR,17.76883880871774,17.804711166056254,3,3,NA,FALSE,-0.03587235733851557
P22626,HNRNPA2B1,23.37695862206238,23.222151027828968,3,3,NA,FALSE,0.15480759423341084
P22670,RFX1,15.976480617248868,16.157917690683437,3,3,NA,FALSE,-0.18143707343456938
P22681,CBL,18.321160575327035,18.50187896739536,3,3,NA,FALSE,-0.18071839206832507
P22694,PRKACB,16.92286383331464,16.84916902078634,3,3,NA,FALSE,0.07369481252829857
P22695,UQCRC2,19.118703872974766,19.162307145706738,3,3,NA,FALSE,-0.04360327273197129
P22830,FECH,16.935338713666635,17.188711877740552,3,3,NA,FALSE,-0.25337316407391697
P23025,XPA,16.21208635044557,16.04827044215807,3,3,NA,FALSE,0.16381590828749992
P23142,FBLN1,16.39641970775987,15.065709290132858,3,2,NA,FALSE,1.3307104176270101
P23193,TCEA1,18.51149749900263,18.982623680684537,3,3,NA,FALSE,-0.4711261816819068
P23229,ITGA6,16.1476409498638,16.455478508432666,3,3,NA,FALSE,-0.30783755856886685
P23246,SFPQ,22.36976829607624,22.37111625340162,3,3,NA,FALSE,-0.0013479573253789567
P23258,TUBG1,17.451165223743285,17.320054683270097,3,3,NA,FALSE,0.1311105404731876
P23284,PPIB,21.45779972266026,21.268393405502565,3,3,NA,FALSE,0.18940631715769385
P23368,ME2,18.86544743590749,19.101141492039993,3,3,NA,FALSE,-0.23569405613250183
P23378,GLDC,17.485687509334753,17.526831351022654,3,3,NA,FALSE,-0.04114384168790153
P23381,WARS1,18.990022204750307,19.171238821452675,3,3,NA,FALSE,-0.18121661670236833
P23396,RPS3,21.99361139372274,21.867521903036632,3,3,NA,FALSE,0.12608949068610897
P23434,GCSH,15.868754138885825,15.93195138755532,3,3,NA,FALSE,-0.0631972486694945
P23443,RPS6KB1,16.14320649948021,16.0771153504041,3,3,NA,FALSE,0.06609114907611158
P23458,JAK1,15.491397979934975,15.281408671544161,3,3,NA,FALSE,0.20998930839081353
P23470,PTPRG,16.94984419320802,17.177168476308328,3,3,NA,FALSE,-0.22732428310030883
P23508,MCC,13.675624685758287,14.202394825553101,3,3,NA,FALSE,-0.5267701397948148
P23511,NFYA,17.60922696725993,17.490162666179074,3,3,NA,FALSE,0.1190643010808543
P23526,AHCY,21.425227046797147,21.41460957894658,3,3,NA,FALSE,0.01061746785056883
P23528,CFL1,22.65274554611126,22.520201676643193,3,3,NA,FALSE,0.13254386946806562
P23588,EIF4B,18.238784352077325,18.29518121248052,3,3,NA,FALSE,-0.056396860403197024
P23610,F8A3,14.477938218241366,14.616185950877927,3,3,NA,FALSE,-0.13824773263656098
P23634,ATP2B4,16.216977153680617,16.54644596192845,3,3,NA,FALSE,-0.32946880824783165
P23677,ITPKA,12.851623475396165,12.617798945612666,3,3,NA,FALSE,0.2338245297834991
P23743,DGKA,16.30990584239106,16.466798171522512,3,3,NA,FALSE,-0.1568923291314519
P23760,PAX3,13.01632423570217,13.545688862151383,3,2,NA,FALSE,-0.5293646264492136
P23786,CPT2,17.593814481675107,17.7011334261736,3,3,NA,FALSE,-0.10731894449849477
P23919,DTYMK,18.409416153596727,18.556362918145556,3,3,NA,FALSE,-0.14694676454882938
P23921,RRM1,18.505968445675176,18.094081914712977,3,3,NA,FALSE,0.4118865309621995
P24278,ZBTB25,11.728360233825445,12.154312069064723,2,3,NA,FALSE,-0.42595183523927815
P24311,COX7B,17.22898779705952,17.123908056306465,3,3,NA,FALSE,0.10507974075305526
P24386,CHM,15.184059370717977,14.802358933853334,3,3,NA,FALSE,0.3817004368646426
P24390,KDELR1,16.70567351555998,16.34256897801055,3,3,NA,FALSE,0.36310453754942884
P24468,NR2F2,16.87658647706341,16.884505593510163,3,3,NA,FALSE,-0.007919116446753804
P24522,GADD45A,11.929270943729279,12.57500247575361,2,3,NA,FALSE,-0.6457315320243318
P24534,EEF1B2,21.356649759417845,21.49376213957341,3,3,NA,FALSE,-0.13711238015556404
P24539,ATP5PB,19.486781575748164,19.600005195511986,3,3,NA,FALSE,-0.11322361976382211
P24588,AKAP5,13.287654506080592,13.964085932032631,3,3,NA,FALSE,-0.676431425952039
P24666,ACP1,19.24355407151168,19.28591553971141,3,3,NA,FALSE,-0.0423614681997293
P24723,PRKCH,14.34610742197348,14.150015250738635,3,3,NA,FALSE,0.19609217123484513
P24752,ACAT1,21.50002576282795,21.562924092530725,3,3,NA,FALSE,-0.06289832970277587
P24863,CCNC,15.846310139825793,15.515990289743451,3,3,NA,FALSE,0.33031985008234166
P24864,CCNE1,14.794701074786163,15.261505758608196,2,3,NA,FALSE,-0.46680468382203344
P24928,POLR2A,18.252926585448872,18.252438170442403,3,3,NA,FALSE,4.884150064690118e-4
P24941,CDK2,19.090722312568722,19.255603677776005,3,3,NA,FALSE,-0.16488136520728247
P25054,APC,15.715038881532115,15.804861091783218,3,3,NA,FALSE,-0.08982221025110348
P25098,GRK2,18.789679725764046,18.417828332488707,3,3,NA,FALSE,0.3718513932753389
P25101,EDNRA,11.227620527178935,11.75356172473321,2,2,NA,FALSE,-0.5259411975542747
P25205,MCM3,20.158949588978157,20.38717035240297,3,3,NA,FALSE,-0.22822076342481168
P25208,NFYB,17.35001074213307,17.574670062117477,3,3,NA,FALSE,-0.2246593199844078
P25325,MPST,18.77919124075233,18.925038859964758,3,3,NA,FALSE,-0.14584761921242873
P25398,RPS12,20.577997262869822,20.56531656317696,3,3,NA,FALSE,0.012680699692861452
P25440,BRD2,20.12076801643508,19.912090498661733,3,3,NA,FALSE,0.20867751777334576
P25445,FAS,13.666786351518933,13.794866827738783,3,3,NA,FALSE,-0.12808047621984997
P25490,YY1,18.48885505525329,18.689075441217213,3,3,NA,FALSE,-0.20022038596392377
P25685,DNAJB1,18.9386532973136,19.075581603897554,3,3,NA,FALSE,-0.13692830658395394
P25686,DNAJB2,17.569662198168512,17.70164293691282,3,3,NA,FALSE,-0.13198073874430705
P25705,ATP5F1A,22.28304126825258,22.347174254253975,3,3,NA,FALSE,-0.06413298600139683
P25786,PSMA1,20.17192315119393,20.029582956798794,3,3,NA,FALSE,0.14234019439513546
P25787,PSMA2,19.382433560838983,19.191823025971782,3,3,NA,FALSE,0.1906105348672007
P25788,PSMA3,19.74303865345352,19.603395968701747,3,3,NA,FALSE,0.13964268475177377
P25789,PSMA4,20.25809242220513,20.114160574323453,3,3,NA,FALSE,0.143931847881678
P25815,S100P,15.526690500082248,17.129338134538383,1,3,NA,FALSE,-1.602647634456135
P25963,NFKBIA,15.558310851230978,15.2864363715779,3,3,NA,FALSE,0.27187447965307854
P26006,ITGA3,14.257647913672534,14.385185129767391,3,3,NA,FALSE,-0.1275372160948578
P26022,PTX3,13.371777174702107,12.966310680623,2,3,NA,FALSE,0.40546649407910706
P26038,MSN,19.660358618999147,19.64063663149537,3,3,NA,FALSE,0.01972198750377885
P26045,PTPN3,15.078455322703142,15.108394464172738,2,3,NA,FALSE,-0.029939141469595754
P26196,DDX6,19.3077308012174,19.27707523960834,3,3,NA,FALSE,0.030655561609059134
P26358,DNMT1,18.94258750387746,18.79319581576184,3,3,NA,FALSE,0.14939168811561743
P26367,PAX6,14.49177297351639,14.369130169736847,3,3,NA,FALSE,0.12264280377954329
P26368,U2AF2,20.963555162882212,21.02302056283157,3,3,NA,FALSE,-0.05946539994935662
P26373,RPL13,21.767015075070287,21.644493653345386,3,3,NA,FALSE,0.1225214217249011
P26374,CHML,15.311964743932487,14.948034779967019,3,3,NA,FALSE,0.36392996396546806
P26440,IVD,17.905559065404056,18.0405028813932,3,3,NA,FALSE,-0.13494381598914273
P26572,MGAT1,15.11582361911986,15.250832985245411,3,3,NA,FALSE,-0.13500936612555137
P26583,HMGB2,21.75285010716596,22.18698360448233,3,3,NA,FALSE,-0.4341334973163704
P26599,PTBP1,21.479312601655177,21.545943552488552,3,3,NA,FALSE,-0.06663095083337467
P26639,TARS1,20.215189459966275,20.335816132833514,3,3,NA,FALSE,-0.12062667286723894
P26640,VARS1,17.725876066857595,17.91264700599989,3,3,NA,FALSE,-0.1867709391422956
P26641,EEF1G,22.16843168936133,22.3315604141789,3,3,NA,FALSE,-0.16312872481756813
P26885,FKBP2,20.025527456930806,19.902993908087495,3,3,NA,FALSE,0.12253354884331102
P27105,STOM,16.46848994845414,16.32839863884447,3,3,NA,FALSE,0.14009130960966942
P27144,AK4,18.055385331879727,18.164960599213806,3,3,NA,FALSE,-0.10957526733407974
P27348,YWHAQ,21.78029187587015,21.912123106912237,3,3,NA,FALSE,-0.13183123104208505
P27361,MAPK3,18.560891791069956,18.425906589688843,3,3,NA,FALSE,0.13498520138111303
P27448,MARK3,15.852484015381727,15.686501953664207,3,3,NA,FALSE,0.1659820617175196
P27449,ATP6V0C,16.666802416443844,17.440011409937714,3,3,NA,FALSE,-0.7732089934938706
P27540,ARNT,16.034151656390527,15.879173909614838,3,3,NA,FALSE,0.15497774677568898
P27544,CERS1,15.342780693019161,14.66134574714109,3,3,NA,FALSE,0.6814349458780722
P27635,RPL10,21.229626740538777,21.306195549820693,3,3,NA,FALSE,-0.07656880928191612
P27694,RPA1,19.486005736075857,19.494390683214686,3,3,NA,FALSE,-0.00838494713882909
P27695,APEX1,20.39650937280385,20.708124194058833,3,3,NA,FALSE,-0.3116148212549845
P27701,CD82,15.557679101245693,15.796838597844676,2,2,NA,FALSE,-0.23915949659898317
P27707,DCK,16.597140358987154,16.47836794931133,3,3,NA,FALSE,0.11877240967582381
P27708,CAD,18.56170051463134,18.52263120109743,3,3,NA,FALSE,0.0390693135339113
P27797,CALR,21.675249450539358,21.583363263823937,3,3,NA,FALSE,0.09188618671542059
P27816,MAP4,19.87781405462534,20.694729258712545,3,3,NA,FALSE,-0.8169152040872056
P27824,CANX,22.02482651115856,21.915019461783338,3,3,NA,FALSE,0.1098070493752239
P27986,PIK3R1,16.480970939164692,16.620809182023176,3,3,NA,FALSE,-0.13983824285848456
P27987,ITPKB,13.10664606745789,13.295248138957827,3,3,NA,FALSE,-0.1886020714999379
P28066,PSMA5,19.70077934781072,19.757654228017643,3,3,NA,FALSE,-0.056874880206922995
P28070,PSMB4,19.40532045633983,19.48234400864929,3,3,NA,FALSE,-0.07702355230945912
P28072,PSMB6,20.096457381714846,19.97466666029819,3,3,NA,FALSE,0.12179072141665515
P28074,PSMB5,19.57568263523394,19.529617617626954,3,3,NA,FALSE,0.04606501760698478
P28161,GSTM2,19.531160050413884,19.419891378378953,3,3,NA,FALSE,0.11126867203493163
P28288,ABCD3,19.3811119016069,18.664816190240643,3,3,NA,FALSE,0.7162957113662571
P28289,TMOD1,16.40257444455038,16.65224494442174,3,3,NA,FALSE,-0.24967049987136036
P28290,ITPRID2,20.00865150634047,20.316460242795394,3,3,NA,FALSE,-0.30780873645492335
P28331,NDUFS1,19.33236248648983,19.382062204580425,3,3,NA,FALSE,-0.04969971809059359
P28340,POLD1,19.54156556260793,19.63130223504081,3,3,NA,FALSE,-0.08973667243288119
P28347,TEAD1,16.133828631929052,16.0843053124914,3,3,NA,FALSE,0.04952331943765387
P28370,SMARCA1,19.731996168545308,19.66690982851608,3,3,NA,FALSE,0.06508634002922875
P28482,MAPK1,18.619655966006654,18.614769427947973,3,3,NA,FALSE,0.004886538058681111
P28676,GCA,18.208998214102408,17.993873736099346,3,3,NA,FALSE,0.21512447800306234
P28702,RXRB,16.14719745022344,16.44603680238142,3,3,NA,FALSE,-0.2988393521579802
P28715,ERCC5,12.42124268797258,12.48087921670029,3,3,NA,FALSE,-0.05963652872770986
P28749,RBL1,16.55804450330092,16.944956602046677,3,3,NA,FALSE,-0.38691209874575705
P28799,GRN,14.998600593329646,14.336897934213384,3,3,NA,FALSE,0.661702659116262
P28827,PTPRM,12.697569986879795,13.739770207903199,2,1,NA,FALSE,-1.0422002210234034
P28838,LAP3,18.75004314879148,18.807613970128685,3,3,NA,FALSE,-0.05757082133720459
P29074,PTPN4,14.793264542556322,14.477911397651072,1,1,NA,FALSE,0.31535314490525046
P29083,GTF2E1,16.247856664135682,16.23994774700682,3,3,NA,FALSE,0.007908917128862214
P29084,GTF2E2,16.943098171067433,16.965670270672963,3,3,NA,FALSE,-0.022572099605529417
P29122,PCSK6,13.867838416856468,14.408713066553592,3,3,NA,FALSE,-0.5408746496971233
P29144,TPP2,15.83314045291457,15.890983838239887,3,3,NA,FALSE,-0.05784338532531663
P29218,IMPA1,18.30692820971608,18.061559211279924,3,3,NA,FALSE,0.245368998436156
P29317,EPHA2,15.921185281472939,16.293989140370186,3,3,NA,FALSE,-0.37280385889724776
P29323,EPHB2,16.618288562240416,16.508774928701015,3,3,NA,FALSE,0.10951363353940025
P29350,PTPN6,15.260438386952726,15.164442148496724,2,2,NA,FALSE,0.09599623845600291
P29353,SHC1,15.524893280576478,15.476380785339979,3,3,NA,FALSE,0.048512495236499475
P29372,MPG,17.375775407246746,17.147005547433313,3,3,NA,FALSE,0.22876985981343267
P29373,CRABP2,16.837442766756485,16.855697202679973,3,3,NA,FALSE,-0.018254435923488188
P29374,ARID4A,14.871015617050167,14.78139956046028,3,3,NA,FALSE,0.0896160565898878
P29375,KDM5A,15.117456147927856,15.086323905550977,3,3,NA,FALSE,0.03113224237687895
P29401,TKT,20.908724418644375,21.076576177731475,3,3,NA,FALSE,-0.1678517590870996
P29536,LMOD1,14.57458100388052,14.71088564528878,3,3,NA,FALSE,-0.1363046414082607
P29558,RBMS1,16.27253963594127,16.5217187363936,3,3,NA,FALSE,-0.24917910045232716
P29590,PML,17.140932856651784,17.412231448162107,3,3,NA,FALSE,-0.2712985915103232
P29597,TYK2,14.755797271927259,14.476103491608436,3,3,NA,FALSE,0.27969378031882286
P29692,EEF1D,20.496547690451848,20.505151760030998,3,3,NA,FALSE,-0.008604069579149609
P29966,MARCKS,17.900779665177797,19.211742333854268,3,3,NA,FALSE,-1.3109626686764706
P29992,GNA11,17.97399411637095,18.053290914625958,3,3,NA,FALSE,-0.07929679825500813
P30038,ALDH4A1,16.581030491617597,16.862174112883952,3,3,NA,FALSE,-0.28114362126635584
P30039,PBLD,15.075193741529654,15.225207470020171,3,3,NA,FALSE,-0.1500137284905172
P30040,ERP29,20.990457644225668,20.82555775069085,3,3,NA,FALSE,0.16489989353481604
P30041,PRDX6,22.53483878784229,22.47974745769675,3,3,NA,FALSE,0.05509133014554024
P30043,BLVRB,18.77722957726164,18.694780178900736,3,3,NA,FALSE,0.08244939836090381
P30044,PRDX5,21.037097344401907,21.19249017455686,3,3,NA,FALSE,-0.15539283015495187
P30046,DDT,21.65327579870941,21.55325656183259,3,3,NA,FALSE,0.10001923687681824
P30047,GCHFR,14.019239148607234,13.913705202678555,3,3,NA,FALSE,0.10553394592867882
P30048,PRDX3,21.288031245392872,21.44371637637211,3,3,NA,FALSE,-0.15568513097923642
P30049,ATP5F1D,19.663002512554556,19.754851954090952,3,3,NA,FALSE,-0.09184944153639663
P30050,RPL12,21.512457137675234,21.49377915263062,3,3,NA,FALSE,0.018677985044615042
P30084,ECHS1,19.574125979045608,19.979849155537096,3,3,NA,FALSE,-0.40572317649148815
P30085,CMPK1,18.366465235706254,18.505711487331027,3,3,NA,FALSE,-0.13924625162477255
P30086,PEBP1,21.044745956912088,21.015147745266756,3,3,NA,FALSE,0.029598211645332384
P30101,PDIA3,21.37444199643171,21.156226054768087,3,3,NA,FALSE,0.21821594166362246
P30153,PPP2R1A,20.655311291217753,20.58980742938755,3,3,NA,FALSE,0.06550386183020152
P30154,PPP2R1B,16.269548427617767,15.737555263334084,3,3,NA,FALSE,0.5319931642836835
P30260,CDC27,16.51096817695002,16.314364709442838,3,3,NA,FALSE,0.19660346750718105
P30291,WEE1,15.082670306139422,15.341124719667876,3,3,NA,FALSE,-0.25845441352845455
P30307,CDC25C,15.875803089773882,15.66395161914526,3,3,NA,FALSE,0.21185147062862164
P30405,PPIF,18.567730930681464,18.563122430453344,3,3,NA,FALSE,0.004608500228119539
P30414,NKTR,15.263512556601997,15.242901738981068,3,3,NA,FALSE,0.020610817620928756
P30419,NMT1,19.23798726410117,19.25855909278726,3,3,NA,FALSE,-0.0205718286860872
P30519,HMOX2,18.0309205982853,17.742696644520958,3,3,NA,FALSE,0.28822395376434073
P30520,ADSS2,18.67611885534306,18.471266833940433,3,3,NA,FALSE,0.20485202140262615
P30533,LRPAP1,16.405437111565508,15.989967014647831,3,3,NA,FALSE,0.41547009691767656
P30536,TSPO,16.608229807219143,16.36047931303541,3,3,NA,FALSE,0.24775049418373385
P30566,ADSL,18.519242980654578,18.48316007705055,3,3,NA,FALSE,0.036082903604029326
P30622,CLIP1,19.031127811728282,19.40257135077784,3,3,NA,FALSE,-0.37144353904955807
P30626,SRI,19.58065140058229,19.327028395274173,3,3,NA,FALSE,0.25362300530811765
P30740,SERPINB1,17.37868391305335,17.547231667092024,3,3,NA,FALSE,-0.1685477540386735
P30825,SLC7A1,19.30716707564881,19.77946209899583,3,3,NA,FALSE,-0.47229502334701934
P30837,ALDH1B1,18.457102380837927,18.600249950408784,3,3,NA,FALSE,-0.14314756957085706
P30876,POLR2B,18.84347723205807,18.886872116084493,3,3,NA,FALSE,-0.043394884026422886
P31040,SDHA,20.130217471718375,20.090711127771964,3,3,NA,FALSE,0.03950634394641028
P31146,CORO1A,14.487738534362894,14.698485718883253,3,3,NA,FALSE,-0.21074718452035945
P31150,GDI1,20.202851924490645,20.395338794395403,3,3,NA,FALSE,-0.1924868699047586
P31153,MAT2A,19.206697686414753,19.160565248910025,3,3,NA,FALSE,0.04613243750472762
P31260,HOXA10,16.251074878303037,16.580436786448644,3,3,NA,FALSE,-0.3293619081456072
P31270,HOXA11,13.186962837678951,12.858854879169046,3,3,NA,FALSE,0.3281079585099054
P31271,HOXA13,14.991188787553627,15.05947489745851,3,3,NA,FALSE,-0.06828610990488393
P31274,HOXC9,15.540292031514404,15.869422637259472,3,3,NA,FALSE,-0.3291306057450676
P31276,HOXC13,14.218794382255421,14.014824575163,2,2,NA,FALSE,0.2039698070924203
P31321,PRKAR1B,15.902557918404476,16.82898394210953,3,3,NA,FALSE,-0.926426023705055
P31323,PRKAR2B,16.916136480270996,17.077538985508387,3,3,NA,FALSE,-0.16140250523739041
P31327,CPS1,17.3413087549068,17.570801645333038,3,3,NA,FALSE,-0.22949289042623633
P31350,RRM2,18.685628092299524,18.435227817556697,3,3,NA,FALSE,0.25040027474282667
P31431,SDC4,13.80244724069125,13.767338768107575,1,1,NA,FALSE,0.03510847258367633
P31483,TIA1,19.15984191266015,19.273915339803636,3,3,NA,FALSE,-0.114073427143488
P31689,DNAJA1,19.023803635602984,18.640826093522676,3,3,NA,FALSE,0.3829775420803081
P31749,AKT1,15.672304049256395,15.369589871162638,3,3,NA,FALSE,0.30271417809375656
P31751,AKT2,15.748930341294663,15.421020244821133,3,3,NA,FALSE,0.32791009647353064
P31930,UQCRC1,19.262900953217606,19.281943743755807,3,3,NA,FALSE,-0.019042790538200904
P31937,HIBADH,19.470288222000548,19.76956217308159,3,3,NA,FALSE,-0.29927395108104093
P31939,ATIC,20.796970643253413,20.781833720453758,3,3,NA,FALSE,0.015136922799655395
P31942,HNRNPH3,20.486374897866895,20.818676820280416,3,3,NA,FALSE,-0.33230192241352086
P31943,HNRNPH1,22.31877816162794,22.380830435891724,3,3,NA,FALSE,-0.06205227426378457
P31946,YWHAB,20.71475848162273,20.78954004824548,3,3,NA,FALSE,-0.07478156662275026
P31947,SFN,12.871477762478705,13.592327549837862,2,3,NA,FALSE,-0.7208497873591568
P31948,STIP1,21.5130665784257,21.537793454772572,3,3,NA,FALSE,-0.024726876346871762
P31949,S100A11,19.577441491914588,19.961419478204302,3,3,NA,FALSE,-0.3839779862897146
P32004,L1CAM,12.394400291933287,12.906777389417954,2,2,NA,FALSE,-0.5123770974846664
P32019,INPP5B,14.939742862415123,15.06465052628215,3,3,NA,FALSE,-0.12490766386702745
P32119,PRDX2,22.77760478424008,22.57525507667994,3,3,NA,FALSE,0.20234970756013837
P32121,ARRB2,16.448782618602284,16.389308564717837,3,3,NA,FALSE,0.05947405388444693
P32189,GK,16.33257672006557,16.590044992333123,3,3,NA,FALSE,-0.25746827226755187
P32242,OTX1,12.988095549089525,13.438662559855048,3,3,NA,FALSE,-0.4505670107655231
P32321,DCTD,16.201013575056937,16.315488868384975,3,3,NA,FALSE,-0.11447529332803796
P32322,PYCR1,20.078432775024762,20.308000087624112,3,3,NA,FALSE,-0.22956731259935026
P32418,SLC8A1,14.059207289088173,14.177134370774672,3,3,NA,FALSE,-0.11792708168649924
P32519,ELF1,14.416474108733661,15.010182662059158,3,3,NA,FALSE,-0.5937085533254969
P32780,GTF2H1,17.351478845115274,17.282767046775284,3,3,NA,FALSE,0.06871179833999008
P32856,STX2,16.211712137398422,16.27191182695254,3,3,NA,FALSE,-0.0601996895541177
P32929,CTH,18.446015764103844,19.360315000528022,3,3,NA,FALSE,-0.9142992364241778
P32969,RPL9P9,21.656950661038724,21.86309361845238,3,3,NA,FALSE,-0.20614295741365396
P33121,ACSL1,16.837454336181633,16.779400599008746,3,3,NA,FALSE,0.05805373717288731
P33176,KIF5B,18.295806565353956,18.36626800558634,3,3,NA,FALSE,-0.07046144023238199
P33240,CSTF2,18.535851780749585,18.609969158074957,3,3,NA,FALSE,-0.07411737732537205
P33316,DUT,20.158359770892144,20.093727316703994,3,3,NA,FALSE,0.06463245418814978
P33527,ABCC1,18.157632616287838,18.46127185466338,3,3,NA,FALSE,-0.30363923837554196
P33552,CKS2,16.482061640662295,15.72129579308175,3,3,NA,FALSE,0.7607658475805454
P33897,ABCD1,14.55978154044265,13.952932250689617,3,3,NA,FALSE,0.6068492897530327
P33908,MAN1A1,15.408166403285284,15.28839102894182,3,3,NA,FALSE,0.11977537434346353
P33947,KDELR2,15.4093073314956,15.193507104434637,3,3,NA,FALSE,0.21580022706096358
P33981,TTK,16.505593979030092,16.646614065943616,3,3,NA,FALSE,-0.14102008691352452
P33991,MCM4,20.251137637784744,20.41417543749917,3,3,NA,FALSE,-0.16303779971442722
P33992,MCM5,20.06898936696247,20.239898488019644,3,3,NA,FALSE,-0.17090912105717493
P33993,MCM7,20.267828721364744,20.415904414238312,3,3,NA,FALSE,-0.1480756928735687
P34059,GALNS,17.735235691527507,17.515095757143957,3,3,NA,FALSE,0.22013993438354973
P34741,SDC2,14.800888893542496,14.205525266901487,3,3,NA,FALSE,0.5953636266410083
P34896,SHMT1,16.189712626221368,16.024139042756538,3,3,NA,FALSE,0.16557358346483042
P34897,SHMT2,20.737304938394036,20.826246918118024,3,3,NA,FALSE,-0.08894197972398743
P34913,EPHX2,15.927882268360882,15.836708387525665,3,3,NA,FALSE,0.0911738808352176
P34932,HSPA4,20.723864937907067,20.839725687090993,3,3,NA,FALSE,-0.11586074918392697
P34949,MPI,18.171594337931975,18.401414976168084,3,3,NA,FALSE,-0.22982063823610943
P35052,GPC1,13.559416063004779,13.37143135166024,3,3,NA,FALSE,0.18798471134453898
P35080,PFN2,19.34169203251751,19.48676286406505,3,3,NA,FALSE,-0.14507083154753886
P35219,CA8,16.394270729011847,16.287183312741483,3,3,NA,FALSE,0.10708741627036389
P35221,CTNNA1,20.47577829550546,20.54139797383551,3,3,NA,FALSE,-0.06561967833005156
P35222,CTNNB1,18.138810453188096,18.229376681305332,3,3,NA,FALSE,-0.09056622811723614
P35226,BMI1,16.535028945924225,16.632751927001284,3,3,NA,FALSE,-0.09772298107705879
P35227,PCGF2,14.605343370369564,14.685909070570913,3,3,NA,FALSE,-0.08056570020134934
P35232,PHB1,21.27914027090716,21.159932106343927,3,3,NA,FALSE,0.1192081645632328
P35237,SERPINB6,18.72369628943008,19.491252828402924,3,3,NA,FALSE,-0.767556538972844
P35240,NF2,15.756431552847175,15.780278254209026,3,3,NA,FALSE,-0.023846701361851075
P35241,RDX,18.516466794559175,18.54355406023755,3,3,NA,FALSE,-0.02708726567837516
P35244,RPA3,19.028488944416083,19.12043658162974,3,3,NA,FALSE,-0.09194763721365717
P35249,RFC4,18.620675142589043,18.54853562460235,3,3,NA,FALSE,0.07213951798669171
P35250,RFC2,18.18880248019403,18.14587272738472,3,3,NA,FALSE,0.042929752809310884
P35251,RFC1,17.450050866599017,17.65400589818511,3,3,NA,FALSE,-0.20395503158609074
P35268,RPL22,21.48240575663926,21.723426277598673,3,3,NA,FALSE,-0.24102052095941318
P35269,GTF2F1,16.89768964407172,17.228428333403233,3,3,NA,FALSE,-0.33073868933151473
P35270,SPR,17.86068831287194,17.84652608664006,3,3,NA,FALSE,0.01416222623187835
P35453,HOXD13,16.230989053715934,16.13680337936895,3,3,NA,FALSE,0.09418567434698488
P35475,IDUA,13.59361804495633,13.482273478763235,3,3,NA,FALSE,0.11134456619309496
P35520,CBS,19.07240122999004,19.028500628027594,3,3,NA,FALSE,0.04390060196244505
P35548,MSX2,14.49018884569205,14.117696678485377,2,1,NA,FALSE,0.3724921672066728
P35556,FBN2,14.16906194815581,13.633429434271152,3,3,NA,FALSE,0.5356325138846589
P35558,PCK1,12.89627775843189,12.487453033897028,2,3,NA,FALSE,0.4088247245348615
P35568,IRS1,13.28703812015478,13.775268068455393,3,3,NA,FALSE,-0.4882299483006136
P35573,AGL,18.014418018150586,18.027139718590924,3,3,NA,FALSE,-0.012721700440337713
P35579,MYH9,20.039304281380744,20.40996058161279,3,3,NA,FALSE,-0.37065630023204577
P35580,MYH10,20.458337379473466,21.06287061029845,3,3,NA,FALSE,-0.604533230824984
P35606,COPB2,18.776460250740246,18.815971986870583,3,3,NA,FALSE,-0.03951173613033632
P35609,ACTN2,16.16977563633286,16.149618602036682,1,2,NA,FALSE,0.020157034296179432
P35610,SOAT1,16.80193730768894,16.62638905763836,3,3,NA,FALSE,0.17554825005058206
P35611,ADD1,18.445305298626483,18.685915162227438,3,3,NA,FALSE,-0.24060986360095526
P35612,ADD2,17.504584553760232,17.65389558276191,3,3,NA,FALSE,-0.1493110290016766
P35613,BSG,20.72358178685869,20.74458494751935,3,3,NA,FALSE,-0.021003160660658438
P35637,FUS,22.311390331200023,22.413573130646057,3,3,NA,FALSE,-0.10218279944603381
P35658,NUP214,17.995843843820047,18.166763979753668,3,3,NA,FALSE,-0.17092013593362054
P35659,DEK,20.7322140524889,20.68700294396636,3,3,NA,FALSE,0.0452111085225404
P35670,ATP7B,14.092567304901712,13.936924100313595,3,3,NA,FALSE,0.15564320458811665
P35754,GLRX,15.783636980939658,15.590631704212887,3,3,NA,FALSE,0.1930052767267707
P35790,CHKA,16.379183850346955,16.5299269625389,3,3,NA,FALSE,-0.1507431121919467
P35813,PPM1A,16.715295276842948,16.768850826310707,3,3,NA,FALSE,-0.05355554946775953
P35869,AHR,16.47683225035478,16.382361187603493,3,3,NA,FALSE,0.09447106275128547
P35914,HMGCL,16.593005195562252,16.77217167623479,3,3,NA,FALSE,-0.1791664806725386
P35998,PSMC2,19.63162178990459,19.80117828822087,3,3,NA,FALSE,-0.1695564983162825
P36021,SLC16A2,14.169039729616557,13.88732359559623,3,3,NA,FALSE,0.2817161340203267
P36383,GJC1,13.814864985957238,13.185496255355662,3,3,NA,FALSE,0.6293687306015752
P36404,ARL2,17.74065411581869,17.64512207965316,3,3,NA,FALSE,0.09553203616552963
P36405,ARL3,19.047946557820865,19.173070329171143,3,3,NA,FALSE,-0.1251237713502782
P36507,MAP2K2,17.237693752541443,17.164943901837137,3,3,NA,FALSE,0.07274985070430517
P36508,ZNF76,13.02785700126607,12.963236536534486,2,3,NA,FALSE,0.06462046473158445
P36542,ATP5F1C,20.2695858840812,20.21255485783715,3,3,NA,FALSE,0.05703102624404721
P36543,ATP6V1E1,18.34424025573,18.06497791887106,3,3,NA,FALSE,0.2792623368589382
P36551,CPOX,18.90231277329371,18.93790359868881,3,3,NA,FALSE,-0.03559082539510072
P36578,RPL4,22.09939569677807,22.066882903256477,3,3,NA,FALSE,0.032512793521593863
P36639,NUDT1,17.424344885961762,17.399962001856313,3,3,NA,FALSE,0.02438288410544942
P36776,LONP1,19.05109150894261,19.397763511817807,3,3,NA,FALSE,-0.3466720028751986
P36871,PGM1,19.09067630364982,19.24893481302967,3,3,NA,FALSE,-0.15825850937985209
P36873,PPP1CC,19.38625628340298,19.070365591126926,3,3,NA,FALSE,0.31589069227605293
P36894,BMPR1A,16.570266008177256,16.62467668404528,3,3,NA,FALSE,-0.05441067586802362
P36897,TGFBR1,15.490957511887835,15.634569934359018,3,3,NA,FALSE,-0.14361242247118255
P36915,GNL1,17.317382229953747,17.21619616550696,3,3,NA,FALSE,0.1011860644467859
P36954,POLR2I,13.896613085916586,14.233125771562152,3,3,NA,FALSE,-0.336512685645566
P36955,SERPINF1,16.117194535804543,14.406809761080167,3,3,NA,FALSE,1.7103847747243766
P36956,SREBF1,12.298947137136444,11.813370741565725,2,3,NA,FALSE,0.4855763955707193
P36957,DLST,19.17176220850275,19.411970938632297,3,3,NA,FALSE,-0.2402087301295488
P36969,GPX4,17.787967460728236,17.89351429294692,3,3,NA,FALSE,-0.10554683221868544
P37108,SRP14,19.280402292891118,19.151985404210826,3,3,NA,FALSE,0.12841688868029166
P37198,NUP62,18.035980536408537,18.16878468314753,3,3,NA,FALSE,-0.13280414673899088
P37235,HPCAL1,16.40882278301656,16.523067111228176,3,3,NA,FALSE,-0.11424432821161545
P37268,FDFT1,16.287804996719263,14.527930256661708,3,3,NA,FALSE,1.7598747400575547
P37275,ZEB1,13.31253658858366,13.482505617055724,3,3,NA,FALSE,-0.16996902847206385
P37287,PIGA,14.456877259677542,14.164730488870607,3,3,NA,FALSE,0.2921467708069354
P37802,TAGLN2,21.714421168364552,21.998043811455666,3,3,NA,FALSE,-0.28362264309111396
P37837,TALDO1,20.621146959026074,20.724283451100213,3,3,NA,FALSE,-0.10313649207413889
P37840,SNCA,16.76153982813816,16.638004297629198,3,3,NA,FALSE,0.12353553050896338
P38117,ETFB,20.124261461285048,20.352551685293044,3,3,NA,FALSE,-0.2282902240079956
P38159,RBMX,21.815637472495155,21.544766560317758,3,3,NA,FALSE,0.2708709121773971
P38398,BRCA1,15.780214853562548,15.86990088925811,3,3,NA,FALSE,-0.08968603569556244
P38432,COIL,17.673068253180222,17.21532435041647,3,3,NA,FALSE,0.45774390276375243
P38435,GGCX,16.779727166075475,16.4343440147023,3,3,NA,FALSE,0.34538315137317355
P38571,LIPA,17.29565079504353,16.68539703216549,3,3,NA,FALSE,0.6102537628780418
P38606,ATP6V1A,18.91026723010033,18.62978188459722,3,3,NA,FALSE,0.28048534550310933
P38646,HSPA9,21.334865827270075,21.561893245049333,3,3,NA,FALSE,-0.22702741777925795
P38919,EIF4A3,21.493212403393507,21.214374147027804,3,3,NA,FALSE,0.27883825636570236
P38935,IGHMBP2,16.93840565127487,16.77274972060548,3,3,NA,FALSE,0.16565593066939144
P38936,CDKN1A,14.292739518094336,14.079676029037067,1,3,NA,FALSE,0.21306348905726935
P39019,RPS19,21.469832006333963,21.350317325106335,3,3,NA,FALSE,0.11951468122762776
P39023,RPL3,21.034309817536148,21.087721135723136,3,3,NA,FALSE,-0.05341131818698841
P39060,COL18A1,15.739308382512565,15.337632337612044,3,3,NA,FALSE,0.4016760449005208
P39210,MPV17,15.48440015599739,15.396997656464862,3,3,NA,FALSE,0.08740249953252821
P39656,DDOST,20.703503118748355,20.627779497184463,3,3,NA,FALSE,0.0757236215638919
P39687,ANP32A,20.956189504041962,21.203079088488764,3,3,NA,FALSE,-0.24688958444680154
P39748,FEN1,20.00788358289741,20.093547817848354,3,3,NA,FALSE,-0.08566423495094355
P39880,CUX1,16.22864689827236,16.453696385717894,3,3,NA,FALSE,-0.22504948744553488
P40121,CAPG,13.29905838101721,13.40362217986207,3,3,NA,FALSE,-0.10456379884486111
P40123,CAP2,17.457954932414722,17.547450779557295,3,3,NA,FALSE,-0.08949584714257242
P40189,IL6ST,13.62703010265805,13.722660189282692,2,2,NA,FALSE,-0.09563008662464156
P40222,TXLNA,17.827034258474544,17.874124831657195,3,3,NA,FALSE,-0.04709057318265053
P40227,CCT6A,20.984218940889544,20.946186526891097,3,3,NA,FALSE,0.03803241399844737
P40337,VHL,16.809469040070642,16.717161915429298,3,3,NA,FALSE,0.09230712464134427
P40424,PBX1,15.503768641678864,15.875094685725381,3,3,NA,FALSE,-0.37132604404651737
P40425,PBX2,16.644352587570832,16.88519218314897,3,3,NA,FALSE,-0.24083959557813728
P40426,PBX3,15.991364082479464,16.174869529737443,3,3,NA,FALSE,-0.18350544725797846
P40429,RPL13A,21.186018856105296,20.998739742644396,3,3,NA,FALSE,0.18727911346089954
P40616,ARL1,18.138705410925475,17.975320909332716,3,3,NA,FALSE,0.16338450159275908
P40763,STAT3,16.355781801516716,16.10832975837037,3,3,NA,FALSE,0.24745204314634606
P40818,USP8,15.136994970872202,15.262402987330677,3,3,NA,FALSE,-0.12540801645847566
P40855,PEX19,14.3807837335198,14.24400228329521,3,3,NA,FALSE,0.13678145022459098
P40925,MDH1,21.211242626457185,21.150635377213863,3,3,NA,FALSE,0.06060724924332206
P40926,MDH2,22.377316826320506,22.483763833254226,3,3,NA,FALSE,-0.10644700693372044
P40937,RFC5,18.803548070596367,18.743301086429312,3,3,NA,FALSE,0.06024698416705476
P40938,RFC3,17.690950725326484,17.745519402360646,3,3,NA,FALSE,-0.054568677034161794
P40939,HADHA,19.617304338152593,19.800514616408282,3,3,NA,FALSE,-0.18321027825568947
P41091,EIF2S3,18.949753767811615,18.80425284136424,3,3,NA,FALSE,0.1455009264473759
P41162,ETV3,13.583458748637327,13.890108676539455,2,3,NA,FALSE,-0.30664992790212864
P41208,CETN2,17.900720570044744,17.62534075167974,3,3,NA,FALSE,0.27537981836500336
P41212,ETV6,12.472345502021529,12.142470516063039,3,3,NA,FALSE,0.3298749859584902
P41214,EIF2D,17.901558162477624,18.14591919378203,3,3,NA,FALSE,-0.24436103130440756
P41219,PRPH,15.112133731697831,14.971606989906952,2,2,NA,FALSE,0.14052674179087887
P41221,WNT5A,12.48963670148359,12.771978151436112,3,3,NA,FALSE,-0.2823414499525221
P41223,BUD31,18.00036528935064,17.9949529332388,3,3,NA,FALSE,0.005412356111840211
P41227,NAA10,17.97580519549771,17.90994491892449,3,3,NA,FALSE,0.06586027657321836
P41229,KDM5C,19.838224920396,19.667885154111055,3,3,NA,FALSE,0.17033976628494685
P41236,PPP1R2,16.34043835737735,16.45790422387664,3,3,NA,FALSE,-0.11746586649928759
P41240,CSK,18.268008110776435,18.09299950475559,3,3,NA,FALSE,0.175008606020846
P41250,GARS1,19.867806836127304,20.09019464703768,3,3,NA,FALSE,-0.22238781091037652
P41252,IARS1,20.939068875999386,21.057969614115777,3,3,NA,FALSE,-0.11890073811639112
P41273,TNFSF9,12.17589228911505,11.430109734061391,1,1,NA,FALSE,0.7457825550536583
P41440,SLC19A1,14.411042370824084,14.007015378755943,3,3,NA,FALSE,0.4040269920681414
P41567,EIF1,15.161897272217049,15.769081812963007,3,3,NA,FALSE,-0.6071845407459584
P41743,PRKCI,16.245156350108786,16.38230667643851,3,3,NA,FALSE,-0.13715032632972424
P42025,ACTR1B,16.043654107299766,16.06581608341485,3,3,NA,FALSE,-0.022161976115082638
P42126,ECI1,20.005069191820706,20.150953294767472,3,3,NA,FALSE,-0.14588410294676635
P42166,TMPO,20.579589257666946,21.04125058311357,3,3,NA,FALSE,-0.46166132544662375
P42224,STAT1,17.276842630916153,17.19103471424129,3,3,NA,FALSE,0.0858079166748631
P42226,STAT6,16.063543159682204,15.891299673885994,3,3,NA,FALSE,0.1722434857962103
P42285,MTREX,18.595316574667503,18.424989215040288,3,3,NA,FALSE,0.17032735962721546
P42336,PIK3CA,15.42271992826937,15.34749594909701,3,3,NA,FALSE,0.07522397917236034
P42338,PIK3CB,12.919839775350086,13.142465812314022,3,3,NA,FALSE,-0.2226260369639359
P42345,MTOR,17.571199525870888,17.778163619710867,3,3,NA,FALSE,-0.2069640938399786
P42356,PI4KA,17.557520718145533,17.556688066559037,3,3,NA,FALSE,8.326515864958139e-4
P42566,EPS15,16.68060932471293,16.86723366505155,3,3,NA,FALSE,-0.1866243403386214
P42568,MLLT3,14.4424555816367,14.650523513036282,3,3,NA,FALSE,-0.20806793139958124
P42574,CASP3,18.690668839424934,18.76436933751659,3,3,NA,FALSE,-0.07370049809165735
P42575,CASP2,15.140104026457724,15.237321903148855,3,3,NA,FALSE,-0.09721787669113091
P42677,RPS27,20.782384640266955,21.001112919068255,3,3,NA,FALSE,-0.21872827880130075
P42684,ABL2,15.212141798570077,15.144417921303281,3,3,NA,FALSE,0.06772387726679518
P42694,HELZ,18.108422591382837,18.004549620768177,3,3,NA,FALSE,0.10387297061465972
P42695,NCAPD3,16.81822491297055,16.771681308596737,3,3,NA,FALSE,0.046543604373813
P42696,RBM34,20.153923498863403,19.98213569425604,3,3,NA,FALSE,0.1717878046073622
P42704,LRPPRC,19.888217792836453,19.96036543968878,3,3,NA,FALSE,-0.07214764685232566
P42765,ACAA2,17.89807270274236,18.043837582261663,3,3,NA,FALSE,-0.14576487951930162
P42766,RPL35,21.44017544247443,21.266900404821303,3,3,NA,FALSE,0.17327503765312713
P42771,CDKN2A,17.32902061950646,17.09283709129778,3,3,NA,FALSE,0.23618352820867727
P42773,CDKN2C,14.46467552118148,14.434322593306044,3,3,NA,FALSE,0.030352927875435753
P42785,PRCP,18.26932132973723,17.99008386545107,3,3,NA,FALSE,0.2792374642861617
P42858,HTT,17.584316890297465,17.510795815036722,3,3,NA,FALSE,0.07352107526074292
P42892,ECE1,17.55227054373082,17.847095704697395,3,3,NA,FALSE,-0.29482516096657463
P42898,MTHFR,16.90566716826418,16.542424241716777,3,3,NA,FALSE,0.36324292654740375
P43003,SLC1A3,15.200785150888102,15.17119116666147,3,3,NA,FALSE,0.029593984226631065
P43005,SLC1A1,14.049144647809783,14.22992520604038,3,3,NA,FALSE,-0.18078055823059636
P43007,SLC1A4,16.869327521115718,17.604283531306447,3,3,NA,FALSE,-0.7349560101907286
P43034,PAFAH1B1,18.4786746402691,18.592692639291464,3,3,NA,FALSE,-0.1140179990223622
P43121,MCAM,14.807893556903174,15.044284142109598,3,3,NA,FALSE,-0.23639058520642386
P43155,CRAT,16.521595418167138,16.675663540933268,3,3,NA,FALSE,-0.15406812276613024
P43243,MATR3,21.87389362053926,21.858802308889736,3,3,NA,FALSE,0.01509131164952393
P43246,MSH2,18.704850082410406,18.711564245535236,3,3,NA,FALSE,-0.006714163124829753
P43250,GRK6,16.07547592378709,15.918430723160691,3,3,NA,FALSE,0.15704520062639737
P43251,BTD,16.85111904454013,16.368416070139713,3,3,NA,FALSE,0.4827029744004179
P43304,GPD2,17.8721272135905,18.062303747905826,3,3,NA,FALSE,-0.19017653431532722
P43307,SSR1,19.60150243526363,19.21559751543053,3,3,NA,FALSE,0.3859049198330986
P43378,PTPN9,17.350227040301814,17.39649560497126,3,3,NA,FALSE,-0.04626856466944673
P43405,SYK,14.604393045493564,14.819233621637222,3,3,NA,FALSE,-0.2148405761436578
P43487,RANBP1,20.623198958742563,20.639402795847722,3,3,NA,FALSE,-0.01620383710515938
P43490,NAMPT,18.723010684570166,18.794853878710423,3,3,NA,FALSE,-0.07184319414025708
P43686,PSMC4,19.221751043021893,19.353683650580262,3,3,NA,FALSE,-0.1319326075583689
P43694,GATA4,12.998255420287855,13.57351203781269,3,3,NA,FALSE,-0.5752566175248361
P43897,TSFM,18.8365722259679,18.85607071537212,3,3,NA,FALSE,-0.01949848940422072
P45844,ABCG1,11.96491814734267,13.7137777014294,2,1,NA,FALSE,-1.7488595540867298
P45877,PPIC,17.988038472376154,17.729105317642606,3,3,NA,FALSE,0.2589331547335476
P45880,VDAC2,21.50330965625601,21.594763345732265,3,3,NA,FALSE,-0.09145368947625343
P45954,ACADSB,18.091699275216808,18.25485067679254,3,3,NA,FALSE,-0.16315140157573182
P45973,CBX5,18.87283080997381,19.031992600017094,3,3,NA,FALSE,-0.15916179004328512
P45974,USP5,19.19587895888656,19.295850382777317,3,3,NA,FALSE,-0.0999714238907572
P45983,MAPK8,14.705908547605636,14.772291878979228,3,3,NA,FALSE,-0.06638333137359176
P45984,MAPK9,16.99391931132745,17.02335461289176,3,3,NA,FALSE,-0.02943530156431251
P45985,MAP2K4,17.189223124084485,17.424223082981555,3,3,NA,FALSE,-0.23499995889707037
P46013,MKI67,18.645337703654405,18.446103631737085,3,3,NA,FALSE,0.19923407191732068
P46019,PHKA2,15.432158955605601,15.311225485941932,3,3,NA,FALSE,0.1209334696636688
P46020,PHKA1,17.672210070813474,17.525975099932875,3,3,NA,FALSE,0.14623497088059878
P46060,RANGAP1,20.25941130200399,20.230268414310487,3,3,NA,FALSE,0.029142887693502928
P46063,RECQL,18.530368439435353,18.768989799927795,3,3,NA,FALSE,-0.23862136049244143
P46087,NOP2,19.60995479725325,19.62694817439147,3,3,NA,FALSE,-0.016993377138220467
P46100,ATRX,16.4832736452431,16.461386236940672,3,3,NA,FALSE,0.02188740830242608
P46108,CRK,18.646444915075705,18.6046670539887,3,3,NA,FALSE,0.041777861087005874
P46109,CRKL,19.149944524475533,19.187991878910463,3,3,NA,FALSE,-0.038047354434930014
P46199,MTIF2,16.342454015121536,16.596577261464432,3,3,NA,FALSE,-0.2541232463428962
P46379,BAG6,18.11535248239977,18.308354179513643,3,3,NA,FALSE,-0.19300169711387127
P46459,NSF,19.07626915783139,18.96864556693515,3,3,NA,FALSE,0.10762359089623885
P46531,NOTCH1,13.023078442542865,12.984902036712061,3,3,NA,FALSE,0.03817640583080362
P46734,MAP2K3,15.277094723355265,15.397010194623507,3,3,NA,FALSE,-0.11991547126824109
P46736,BRCC3,16.361561086150832,16.562909030066358,3,3,NA,FALSE,-0.20134794391552546
P46776,RPL27A,21.561097424821853,21.654616309986295,3,3,NA,FALSE,-0.09351888516444262
P46777,RPL5,21.394228347695115,21.41867078758762,3,3,NA,FALSE,-0.024442439892503387
P46778,RPL21,20.543543138729653,20.653361358624622,3,3,NA,FALSE,-0.10981821989496865
P46779,RPL28,20.192099007808796,20.182128115110277,3,3,NA,FALSE,0.009970892698518696
P46781,RPS9,21.83853270388256,21.8419314769635,3,3,NA,FALSE,-0.0033987730809386107
P46782,RPS5,20.685280032589176,20.657350437537804,3,3,NA,FALSE,0.027929595051372047
P46783,RPS10,21.758880882057493,21.603034847810395,3,3,NA,FALSE,0.15584603424709798
P46821,MAP1B,17.94572151325638,18.60467210745763,3,3,NA,FALSE,-0.6589505942012508
P46926,GNPDA1,18.279006783398174,18.13313101492948,3,3,NA,FALSE,0.1458757684686951
P46934,NEDD4,17.03048158062932,17.183183633063788,3,3,NA,FALSE,-0.1527020524344671
P46937,YAP1,15.626017332597295,15.837319510645159,3,3,NA,FALSE,-0.21130217804786433
P46939,UTRN,17.756077134084542,18.025242263381863,3,3,NA,FALSE,-0.2691651292973205
P46940,IQGAP1,19.315314787362812,19.473903048235353,3,3,NA,FALSE,-0.1585882608725413
P46976,GYG1,18.622311659047668,18.69581191760278,3,3,NA,FALSE,-0.07350025855511078
P46977,STT3A,19.10310558150156,19.055445824293386,3,3,NA,FALSE,0.04765975720817295
P47224,RABIF,19.818635979967873,20.046059182369813,3,3,NA,FALSE,-0.22742320240194047
P47712,PLA2G4A,18.067956175620985,17.777498362211784,3,3,NA,FALSE,0.2904578134092013
P47736,RAP1GAP,14.026625243424762,13.983195143770203,3,3,NA,FALSE,0.04343009965455913
P47755,CAPZA2,17.965208839140004,18.231171598268716,3,3,NA,FALSE,-0.2659627591287119
P47756,CAPZB,20.33416907514753,20.42195766848143,3,3,NA,FALSE,-0.08778859333390088
P47813,EIF1AX,20.071530220258637,19.880059507029447,3,3,NA,FALSE,0.19147071322919018
P47897,QARS1,18.909301533306927,18.95049043487926,3,3,NA,FALSE,-0.041188901572333236
P47914,RPL29,19.69511805670297,19.393064982826022,3,3,NA,FALSE,0.302053073876948
P47974,ZFP36L2,14.265050887245083,14.272259159877741,3,3,NA,FALSE,-0.007208272632658108
P47985,UQCRFS1,19.481003628781856,19.368049119043892,3,3,NA,FALSE,0.11295450973796406
P48029,SLC6A8,13.873521078106608,13.957924377034901,3,3,NA,FALSE,-0.08440329892829368
P48047,ATP5PO,20.139072136148,20.279234773245072,3,3,NA,FALSE,-0.14016263709707388
P48059,LIMS1,16.479078669408423,16.434703266727144,3,3,NA,FALSE,0.04437540268127904
P48066,SLC6A11,13.78667715138142,13.446666002148614,3,3,NA,FALSE,0.3400111492328062
P48067,SLC6A9,15.296983996027553,15.807090676905634,3,3,NA,FALSE,-0.5101066808780814
P48147,PREP,20.514945503260545,20.53326962043061,3,3,NA,FALSE,-0.01832411717006366
P48163,ME1,15.9175639268116,15.869423453588498,3,3,NA,FALSE,0.048140473223101665
P48200,IREB2,14.955457123650971,15.003142435129664,3,3,NA,FALSE,-0.04768531147869304
P48380,RFX3,15.81714254325034,16.35384693315546,1,3,NA,FALSE,-0.53670438990512
P48382,RFX5,15.27162855720991,15.511015982894268,3,3,NA,FALSE,-0.23938742568435778
P48426,PIP4K2A,17.581551947729444,17.72258692913113,3,3,NA,FALSE,-0.1410349814016847
P48436,SOX9,14.35956758071586,14.697340279926662,3,3,NA,FALSE,-0.33777269921080233
P48444,ARCN1,18.805737515854474,18.912248596008457,3,3,NA,FALSE,-0.10651108015398236
P48449,LSS,18.747561252159173,18.409284670880474,3,3,NA,FALSE,0.33827658127869853
P48454,PPP3CC,15.561831280693939,15.847098786491904,3,3,NA,FALSE,-0.28526750579796456
P48506,GCLC,16.613541776017357,16.500656195259257,3,3,NA,FALSE,0.11288558075809974
P48507,GCLM,17.016920101177742,17.039210203818236,3,3,NA,FALSE,-0.02229010264049336
P48509,CD151,16.92592830171606,16.788967524295252,3,3,NA,FALSE,0.13696077742080703
P48553,TRAPPC10,14.809425238312532,14.924276389823959,3,3,NA,FALSE,-0.11485115151142722
P48556,PSMD8,18.87977783574116,18.890124337018836,3,3,NA,FALSE,-0.010346501277677334
P48634,PRRC2A,17.503748825278226,17.64142265380243,3,3,NA,FALSE,-0.1376738285242034
P48637,GSS,17.71023321481266,17.546183468409954,3,3,NA,FALSE,0.1640497464027071
P48643,CCT5,20.913849990314244,20.854613737050194,3,3,NA,FALSE,0.05923625326405002
P48651,PTDSS1,16.72174748658521,16.51163589622285,3,3,NA,FALSE,0.21011159036235938
P48681,NES,16.88103148481909,17.267229695553137,3,3,NA,FALSE,-0.38619821073404736
P48723,HSPA13,17.196647033152253,17.25418454082518,3,3,NA,FALSE,-0.05753750767292587
P48729,CSNK1A1,17.743079583002984,17.56647235013109,3,3,NA,FALSE,0.17660723287189484
P48730,CSNK1D,15.545407515641537,15.805764140091185,3,3,NA,FALSE,-0.26035662444964736
P48735,IDH2,19.410792837204408,19.589176737526092,3,3,NA,FALSE,-0.17838390032168405
P48739,PITPNB,18.280008899444343,18.01847698430944,3,3,NA,FALSE,0.2615319151349027
P48960,ADGRE5,14.29488571673629,14.45709329564559,3,3,NA,FALSE,-0.1622075789092996
P49005,POLD2,16.908974164061636,16.956376870327382,3,3,NA,FALSE,-0.047402706265746275
P49006,MARCKSL1,18.255827466506254,19.399415728409576,3,3,NA,FALSE,-1.1435882619033215
P49023,PXN,15.801847128737297,15.953183309256247,3,3,NA,FALSE,-0.1513361805189497
P49069,CAMLG,18.882682401056194,18.524741387576274,3,3,NA,FALSE,0.3579410134799197
P49116,NR2C2,16.456976062703813,16.671600262840453,3,3,NA,FALSE,-0.2146242001366403
P49137,MAPKAPK2,17.097438626289993,16.793471851204657,3,3,NA,FALSE,0.30396677508533543
P49184,DNASE1L1,13.905419692470284,14.275128328547096,1,1,NA,FALSE,-0.3697086360768118
P49189,ALDH9A1,19.006484166281354,18.949659547138484,3,3,NA,FALSE,0.05682461914286918
P49207,RPL34,21.338692862034826,21.235849874059934,3,3,NA,FALSE,0.102842987974892
P49247,RPIA,17.52825067627781,17.452758935406365,3,3,NA,FALSE,0.0754917408714455
P49257,LMAN1,20.393256153053702,20.497191583196233,3,3,NA,FALSE,-0.10393543014253126
P49281,SLC11A2,12.374187823636172,12.66412685825378,3,3,NA,FALSE,-0.2899390346176087
P49321,NASP,20.25067955975458,20.33394367612466,3,3,NA,FALSE,-0.08326411637008135
P49327,FASN,20.674214809038777,20.61072389527734,3,3,NA,FALSE,0.0634909137614379
P49336,CDK8,13.679181155279242,13.766267918191986,2,3,NA,FALSE,-0.08708676291274386
P49354,FNTA,17.59168697570823,17.621415217972302,3,3,NA,FALSE,-0.02972824226407056
P49356,FNTB,16.839407722291448,16.877893977469864,3,3,NA,FALSE,-0.03848625517841597
P49366,DHPS,16.622961182193364,16.46132784461932,3,3,NA,FALSE,0.1616333375740453
P49368,CCT3,22.11301737140835,22.040456186926146,3,3,NA,FALSE,0.07256118448220406
P49406,MRPL19,17.639332563155605,17.756428836566904,3,3,NA,FALSE,-0.11709627341129902
P49407,ARRB1,14.75802980122447,14.209653027932873,3,3,NA,FALSE,0.5483767732915972
P49411,TUFM,21.303630374557635,21.37717166532738,3,3,NA,FALSE,-0.07354129076974658
P49418,AMPH,16.799855281208757,17.107255621446022,3,3,NA,FALSE,-0.30740034023726537
P49419,ALDH7A1,19.26495876520662,19.389309130782284,3,3,NA,FALSE,-0.12435036557566193
P49427,CDC34,16.996177520249198,16.88418576774132,3,3,NA,FALSE,0.11199175250787619
P49441,INPP1,16.273057312643363,16.426534914629723,3,3,NA,FALSE,-0.15347760198635996
P49450,CENPA,14.356978472708056,13.99393531975387,3,3,NA,FALSE,0.36304315295418554
P49454,CENPF,17.54599652374358,17.651544951415666,3,3,NA,FALSE,-0.10554842767208683
P49458,SRP9,19.840385735123878,19.700342895573332,3,3,NA,FALSE,0.14004283955054575
P49459,UBE2A,17.33963990224746,17.36133693746348,3,3,NA,FALSE,-0.02169703521602173
P49585,PCYT1A,16.184756531800595,16.326302363718696,3,3,NA,FALSE,-0.14154583191810133
P49588,AARS1,20.565088834577722,20.630230866040367,3,3,NA,FALSE,-0.06514203146264563
P49589,CARS1,18.659316418894264,18.78922276492252,3,3,NA,FALSE,-0.1299063460282568
P49590,HARS2,19.06147828687192,18.98156328882243,3,3,NA,FALSE,0.07991499804949243
P49591,SARS1,19.766329757974983,20.0954517737647,3,3,NA,FALSE,-0.3291220157897179
P49593,PPM1F,18.446889485291933,18.31932759685235,3,3,NA,FALSE,0.12756188843958327
P49641,MAN2A2,14.060504241290788,14.165622888857643,3,3,NA,FALSE,-0.1051186475668544
P49642,PRIM1,17.343957664746576,17.460065008284552,3,3,NA,FALSE,-0.11610734353797625
P49643,PRIM2,18.55633102100736,18.746937024728076,3,3,NA,FALSE,-0.1906060037207169
P49674,CSNK1E,17.483389105571515,17.3518989167555,3,3,NA,FALSE,0.13149018881601648
P49711,CTCF,17.098426123861913,17.0098941876558,3,3,NA,FALSE,0.08853193620611322
P49715,CEBPA,13.126241686071317,13.042967861072327,3,3,NA,FALSE,0.08327382499899016
P49720,PSMB3,20.081118826378113,19.81797187488578,3,3,NA,FALSE,0.263146951492331
P49721,PSMB2,21.41518047235504,21.239065643737014,3,3,NA,FALSE,0.17611482861802585
P49736,MCM2,20.034371718799594,20.123737862151287,3,3,NA,FALSE,-0.08936614335169324
P49748,ACADVL,17.514692225932553,17.940271959882583,3,3,NA,FALSE,-0.42557973395003046
P49750,YLPM1,17.8287015267593,17.825526661568023,3,3,NA,FALSE,0.0031748651912764103
P49754,VPS41,15.41991151684149,15.561750774221284,3,3,NA,FALSE,-0.14183925737979486
P49755,TMED10,20.615686045581775,20.473888849376596,3,3,NA,FALSE,0.14179719620517872
P49756,RBM25,18.70225903818188,18.670539983698383,3,3,NA,FALSE,0.03171905448349577
P49757,NUMB,16.077967888686654,15.9636566758584,3,3,NA,FALSE,0.11431121282825352
P49760,CLK2,15.159155829168274,14.641813400410177,3,3,NA,FALSE,0.5173424287580968
P49761,CLK3,14.795339681497062,14.863009842892884,3,3,NA,FALSE,-0.0676701613958226
P49768,PSEN1,17.30768905924751,17.47003727242514,3,3,NA,FALSE,-0.16234821317762993
P49770,EIF2B2,19.777366232166326,19.81628422859486,3,3,NA,FALSE,-0.038917996428533996
P49773,HINT1,19.872227796463445,20.070605846774882,3,3,NA,FALSE,-0.19837805031143674
P49789,FHIT,14.945343823714323,15.741117079502297,3,3,NA,FALSE,-0.7957732557879744
P49790,NUP153,17.474362737617664,17.62813820122094,3,3,NA,FALSE,-0.15377546360327443
P49792,RANBP2,18.379593304297746,18.49551229157872,3,3,NA,FALSE,-0.11591898728097405
P49795,RGS19,13.520477607220567,13.229884821670788,3,3,NA,FALSE,0.2905927855497783
P49810,PSEN2,14.17433193294131,14.849736830832711,3,3,NA,FALSE,-0.6754048978914007
P49815,TSC2,16.750255152782408,16.69626920628986,3,3,NA,FALSE,0.053985946492549175
P49821,NDUFV1,18.2712845506429,18.352643694367327,3,3,NA,FALSE,-0.08135914372442699
P49840,GSK3A,16.520970662771507,16.738596300206765,3,3,NA,FALSE,-0.2176256374352583
P49841,GSK3B,16.697225800534124,16.749831191033106,3,3,NA,FALSE,-0.052605390498982274
P49842,STK19,14.775992282533851,15.003674951401756,3,3,NA,FALSE,-0.22768266886790478
P49848,TAF6,15.46886266801178,15.648363450079978,3,3,NA,FALSE,-0.17950078206819775
P49902,NT5C2,16.91630038726837,16.887382293085448,3,3,NA,FALSE,0.02891809418292368
P49903,SEPHS1,18.277106918113578,18.63097863479598,3,3,NA,FALSE,-0.35387171668240214
P49914,MTHFS,15.690765015042468,15.756405977078492,3,3,NA,FALSE,-0.06564096203602432
P49915,GMPS,19.808770212915594,19.927322392536666,3,3,NA,FALSE,-0.1185521796210729
P49916,LIG3,17.72136966332871,17.90730112885091,3,3,NA,FALSE,-0.1859314655222022
P49959,MRE11,18.407402737111497,18.27772246544137,3,3,NA,FALSE,0.12968027167012508
P50053,KHK,13.737558862862654,13.512217696980398,3,3,NA,FALSE,0.22534116588225572
P50148,GNAQ,16.34951488249712,16.441673512535075,3,3,NA,FALSE,-0.09215863003795377
P50150,GNG4,13.28047372627763,13.17475363052139,2,2,NA,FALSE,0.10572009575624008
P50213,IDH3A,19.303799159179263,19.490986729638188,3,3,NA,FALSE,-0.1871875704589243
P50219,MNX1,16.48445846440504,16.942577390187118,3,3,NA,FALSE,-0.45811892578207747
P50225,SULT1A1,16.2942992101476,16.329228487266327,3,3,NA,FALSE,-0.03492927711872795
P50336,PPOX,17.48268661266129,17.767310481822964,3,3,NA,FALSE,-0.28462386916167404
P50395,GDI2,21.064364662802852,21.067448740671455,3,3,NA,FALSE,-0.00308407786860343
P50402,EMD,19.294109704112724,19.153752572507727,3,3,NA,FALSE,0.14035713160499697
P50416,CPT1A,16.497786989139307,16.808442439583047,3,3,NA,FALSE,-0.31065545044373977
P50443,SLC26A2,14.919684320781363,14.66209373369393,3,3,NA,FALSE,0.2575905870874333
P50453,SERPINB9,15.340979690436496,15.521001467550601,3,3,NA,FALSE,-0.1800217771141046
P50454,SERPINH1,20.968722358713585,20.899006396390416,3,3,NA,FALSE,0.06971596232316912
P50479,PDLIM4,15.631442946854948,15.487383965024252,3,3,NA,FALSE,0.1440589818306961
P50539,MXI1,12.999318868083074,12.502320970511457,3,2,NA,FALSE,0.4969978975716174
P50542,PEX5,15.919921602884232,15.949626018395206,3,3,NA,FALSE,-0.029704415510973803
P50548,ERF,14.610029537449435,15.003847319944986,3,3,NA,FALSE,-0.3938177824955513
P50552,VASP,17.417007770208098,17.36839727102487,3,3,NA,FALSE,0.04861049918322635
P50570,DNM2,18.447038780248935,18.382756934649493,3,3,NA,FALSE,0.06428184559944228
P50579,METAP2,17.323217601704624,16.984311815957536,3,3,NA,FALSE,0.3389057857470874
P50583,NUDT2,15.756365285924012,15.80724560874282,3,3,NA,FALSE,-0.0508803228188075
P50607,TUB,13.963799090538915,13.20780608569911,3,3,NA,FALSE,0.7559930048398051
P50613,CDK7,16.47673097444842,16.40132574766138,3,3,NA,FALSE,0.0754052267870371
P50747,HLCS,16.583556460567575,16.710342096291388,3,3,NA,FALSE,-0.12678563572381307
P50748,KNTC1,17.33284378755274,17.35113691526575,3,3,NA,FALSE,-0.018293127713011614
P50749,RASSF2,15.099198046259993,15.33058819535791,3,3,NA,FALSE,-0.23139014909791733
P50750,CDK9,16.98317280846283,17.268443997326436,3,3,NA,FALSE,-0.28527118886360725
P50851,LRBA,19.80819148900549,20.037363056857583,3,3,NA,FALSE,-0.22917156785209158
P50895,BCAM,14.05367689039858,14.855415794002157,3,3,NA,FALSE,-0.801738903603578
P50897,PPT1,17.69063459067016,17.646787137510973,3,3,NA,FALSE,0.04384745315918792
P50914,RPL14,21.461686471282878,21.41123638429246,3,3,NA,FALSE,0.05045008699041631
P50990,CCT8,21.49692473046607,21.446745347332893,3,3,NA,FALSE,0.050179383133176714
P50991,CCT4,21.074495515457684,21.078247284316898,3,3,NA,FALSE,-0.003751768859213911
P50995,ANXA11,20.213441897843964,19.70245512347405,3,3,NA,FALSE,0.5109867743699148
P51003,PAPOLA,16.83508637126573,16.985174870672573,3,3,NA,FALSE,-0.15008849940684144
P51114,FXR1,16.949040217726616,17.00190750372007,3,3,NA,FALSE,-0.052867285993453805
P51116,FXR2,20.18154716375479,20.160520549347808,3,3,NA,FALSE,0.02102661440698128
P51148,RAB5C,20.01700552696093,19.85042911080403,3,3,NA,FALSE,0.1665764161569001
P51149,RAB7A,20.303359736934215,19.97050987770684,3,3,NA,FALSE,0.33284985922737675
P51151,RAB9A,17.53627842383714,17.355886513089178,3,3,NA,FALSE,0.1803919107479608
P51153,RAB13,17.920075612924855,18.008115431337934,3,3,NA,FALSE,-0.08803981841307973
P51157,RAB28,15.738797475986338,15.804991307356323,3,3,NA,FALSE,-0.06619383136998458
P51159,RAB27A,15.40223964103695,15.423591381275598,3,3,NA,FALSE,-0.021351740238648276
P51178,PLCD1,14.8835953818768,15.01393642648025,3,3,NA,FALSE,-0.13034104460344942
P51397,DAP,12.925933241887439,13.76990858730356,3,3,NA,FALSE,-0.843975345416121
P51398,DAP3,18.084388984061842,18.04917467285965,3,3,NA,FALSE,0.03521431120219276
P51452,DUSP3,17.123869325910878,17.13538613449592,3,3,NA,FALSE,-0.011516808585042781
P51513,NOVA1,15.22805348417835,15.05781749019805,3,3,NA,FALSE,0.17023599398030065
P51530,DNA2,16.49477043785069,16.123952661677944,3,3,NA,FALSE,0.37081777617274625
P51531,SMARCA2,16.874395100779736,17.149028640972723,3,3,NA,FALSE,-0.2746335401929869
P51532,SMARCA4,18.50799983164216,18.482174963044457,3,3,NA,FALSE,0.025824868597702277
P51553,IDH3G,17.795416624892734,17.79570248840501,3,3,NA,FALSE,-2.858635122748865e-4
P51570,GALK1,18.00960139967329,17.881077376727703,3,3,NA,FALSE,0.1285240229455873
P51571,SSR4,19.686150153034873,19.41455521655356,3,3,NA,FALSE,0.27159493648131416
P51572,BCAP31,20.597757051884095,20.290504598799213,3,3,NA,FALSE,0.3072524530848817
P51580,TPMT,17.48697246796213,17.451615567711485,3,3,NA,FALSE,0.035356900250643974
P51587,BRCA2,15.986880451077894,15.624687623949326,3,3,NA,FALSE,0.3621928271285686
P51608,MECP2,18.3477472270221,18.621682729305565,3,3,NA,FALSE,-0.2739355022834644
P51610,HCFC1,20.451084256738067,20.49755870442468,3,3,NA,FALSE,-0.04647444768661302
P51617,IRAK1,15.666255597706165,15.709512366107157,3,3,NA,FALSE,-0.04325676840099213
P51636,CAV2,14.418888078117591,13.119019464987602,1,1,NA,FALSE,1.2998686131299895
P51648,ALDH3A2,18.767692699314463,18.441687443701642,3,3,NA,FALSE,0.3260052556128201
P51649,ALDH5A1,18.1512549275314,18.25650439697363,3,3,NA,FALSE,-0.1052494694422279
P51654,GPC3,15.006970745300448,14.811774863524093,3,3,NA,FALSE,0.19519588177635505
P51659,HSD17B4,19.462836599350755,18.53003870374369,3,3,NA,FALSE,0.9327978956070666
P51665,PSMD7,19.08904207513796,19.122664429038124,3,3,NA,FALSE,-0.03362235390016366
P51674,GPM6A,15.031900963070976,14.93349776927427,3,3,NA,FALSE,0.09840319379670603
P51687,SUOX,15.17155509904738,15.059845826506555,3,3,NA,FALSE,0.11170927254082486
P51688,SGSH,16.814260351479582,16.956158727678815,3,3,NA,FALSE,-0.14189837619923296
P51692,STAT5B,16.214344027585526,16.15078595416911,3,3,NA,FALSE,0.0635580734164165
P51784,USP11,16.744209834123687,17.20905979463367,3,3,NA,FALSE,-0.4648499605099836
P51790,CLCN3,15.915208237615833,15.983778755003513,3,3,NA,FALSE,-0.0685705173876805
P51795,CLCN5,15.18425352897945,15.19543827943536,3,3,NA,FALSE,-0.011184750455909054
P51797,CLCN6,13.605583458334419,13.367498565514891,3,3,NA,FALSE,0.23808489281952738
P51798,CLCN7,16.32536477679703,16.191519756062107,3,3,NA,FALSE,0.133845020734924
P51805,PLXNA3,13.325817022733524,13.51756679832848,3,3,NA,FALSE,-0.1917497755949551
P51808,DYNLT3,12.675357664510914,13.067526333865999,3,3,NA,FALSE,-0.392168669355085
P51809,VAMP7,18.107724347627574,18.003854164884782,3,3,NA,FALSE,0.10387018274279214
P51812,RPS6KA3,17.454456376878962,17.57310883919824,3,3,NA,FALSE,-0.11865246231927884
P51825,AFF1,16.823875248156366,16.66529897265852,3,3,NA,FALSE,0.1585762754978468
P51826,AFF3,13.2490565085023,13.744882792055883,2,3,NA,FALSE,-0.4958262835535834
P51858,HDGF,20.06541169062541,20.38057560140804,3,3,NA,FALSE,-0.31516391078262984
P51884,LUM,14.483375725523073,13.933804996023197,3,1,NA,FALSE,0.5495707294998766
P51946,CCNH,15.33558545600251,15.22426733837269,3,3,NA,FALSE,0.11131811762982124
P51948,MNAT1,16.419966911925844,16.38292152906562,3,3,NA,FALSE,0.03704538286022441
P51955,NEK2,13.074428696496296,12.530270921319618,3,3,NA,FALSE,0.5441577751766786
P51956,NEK3,13.810020129167615,13.643040696662613,3,3,NA,FALSE,0.16697943250500202
P51957,NEK4,16.037501332762456,16.046283635047057,3,3,NA,FALSE,-0.008782302284600974
P51970,NDUFA8,18.852363443291825,18.90991321878602,3,3,NA,FALSE,-0.05754977549419493
P51991,HNRNPA3,22.37116347372787,22.365707550726224,3,3,NA,FALSE,0.005455923001644436
P52209,PGD,20.821217421710198,20.778024747233406,3,3,NA,FALSE,0.04319267447679209
P52272,HNRNPM,22.040592325188396,22.054474784331926,3,3,NA,FALSE,-0.013882459143530923
P52292,KPNA2,20.27525180417179,19.89385035142233,3,3,NA,FALSE,0.38140145274946136
P52294,KPNA1,17.63876568715013,17.501333410040868,3,3,NA,FALSE,0.1374322771092622
P52298,NCBP2,18.02524968662628,17.986389345364987,3,3,NA,FALSE,0.03886034126129445
P52306,RAP1GDS1,18.140236884964388,18.04190106459597,3,3,NA,FALSE,0.09833582036841904
P52429,DGKE,15.618481860089327,15.443615338318214,3,3,NA,FALSE,0.17486652177111317
P52434,POLR2H,17.63133471297933,17.4928287395038,3,3,NA,FALSE,0.13850597347553162
P52564,MAP2K6,19.30663914381756,19.273735463663503,3,3,NA,FALSE,0.03290368015405676
P52565,ARHGDIA,21.684361508740142,21.599353736310054,3,3,NA,FALSE,0.08500777243008883
P52569,SLC7A2,14.309712655119041,14.532647755302234,3,3,NA,FALSE,-0.22293510018319296
P52594,AGFG1,17.7780332598421,17.97255521913593,3,3,NA,FALSE,-0.1945219592938301
P52597,HNRNPF,22.307686058925274,22.317202255747723,3,3,NA,FALSE,-0.00951619682244953
P52630,STAT2,15.438435653412384,14.664796793691176,3,3,NA,FALSE,0.773638859721208
P52655,GTF2A1,16.240451843572863,16.437651404754572,3,3,NA,FALSE,-0.19719956118170856
P52657,GTF2A2,16.733121481669073,16.81713913807753,3,3,NA,FALSE,-0.08401765640845582
P52701,MSH6,20.58131424159051,20.639282551270462,3,3,NA,FALSE,-0.05796830967995348
P52732,KIF11,18.648778277806034,18.927989979834333,3,3,NA,FALSE,-0.2792117020282987
P52735,VAV2,14.78908479002395,14.831109127152926,3,3,NA,FALSE,-0.042024337128976796
P52739,ZNF131,14.886107908944275,15.224656276626048,3,3,NA,FALSE,-0.33854836768177243
P52746,ZNF142,15.293733102040084,15.234303866623101,2,2,NA,FALSE,0.05942923541698342
P52747,ZNF143,15.769447448891748,15.903094260145192,3,3,NA,FALSE,-0.1336468112534437
P52756,RBM5,17.003527404911,17.083952666695467,3,3,NA,FALSE,-0.08042526178446607
P52757,CHN2,12.103706906270027,12.549264721788685,2,3,NA,FALSE,-0.4455578155186579
P52758,RIDA,18.16027296827433,18.07640460862833,3,3,NA,FALSE,0.08386835964600081
P52788,SMS,18.542571594774873,18.669254602937436,3,3,NA,FALSE,-0.12668300816256206
P52789,HK2,17.296904913322766,17.355405792487087,3,3,NA,FALSE,-0.05850087916432045
P52790,HK3,14.045708797258648,13.505262635095336,3,3,NA,FALSE,0.5404461621633114
P52797,EFNA3,13.984345005229313,13.821997653818244,1,1,NA,FALSE,0.1623473514110696
P52799,EFNB2,14.100633628581116,15.128611440390337,1,1,NA,FALSE,-1.0279778118092207
P52803,EFNA5,13.74979732269464,13.472893129758289,2,2,NA,FALSE,0.2769041929363514
P52815,MRPL12,17.647481294373137,17.83815661740504,3,3,NA,FALSE,-0.19067532303190404
P52824,DGKQ,12.486373687330092,11.928094617598632,3,2,NA,FALSE,0.5582790697314604
P52848,NDST1,12.951718991239748,13.484816592791692,3,3,NA,FALSE,-0.533097601551944
P52849,NDST2,13.021785614185678,13.112181975230092,3,3,NA,FALSE,-0.09039636104441406
P52888,THOP1,17.4991018314414,17.454458624101242,3,3,NA,FALSE,0.04464320734015814
P52907,CAPZA1,20.50552175384864,20.524266952048087,3,3,NA,FALSE,-0.01874519819944709
P52926,HMGA2,16.713526584471943,17.285496787581927,3,3,NA,FALSE,-0.5719702031099843
P52943,CRIP2,13.809744268612556,14.01960100497057,3,3,NA,FALSE,-0.20985673635801305
P52948,NUP98,18.037019491317515,18.22038663988189,3,3,NA,FALSE,-0.18336714856437553
P52952,NKX2-5,15.991217736904364,16.058266468224303,3,3,NA,FALSE,-0.06704873131993949
P53004,BLVRA,19.078443935713498,19.133113549582763,3,3,NA,FALSE,-0.05466961386926528
P53007,SLC25A1,18.92773941206673,19.079173082842228,3,3,NA,FALSE,-0.1514336707754964
P53041,PPP5C,18.79349744206054,18.7746737271871,3,3,NA,FALSE,0.018823714873441588
P53350,PLK1,17.45739991247522,17.354281701123437,3,3,NA,FALSE,0.10311821135178434
P53355,DAPK1,12.865416552556106,12.793917866331263,3,3,NA,FALSE,0.07149868622484234
P53365,ARFIP2,16.662722798938052,16.590502407522344,3,3,NA,FALSE,0.07222039141570846
P53367,ARFIP1,16.460187970915616,16.54050421734541,3,3,NA,FALSE,-0.08031624642979551
P53370,NUDT6,13.963912121870182,14.03703443393441,3,3,NA,FALSE,-0.07312231206422837
P53384,NUBP1,17.00509942860042,17.332586747371252,3,3,NA,FALSE,-0.3274873187708316
P53396,ACLY,19.791927518546693,19.688470169904253,3,3,NA,FALSE,0.10345734864243994
P53582,METAP1,18.236095581622305,17.874320845300655,3,3,NA,FALSE,0.36177473632164947
P53597,SUCLG1,17.748068451842993,17.852429008290375,3,3,NA,FALSE,-0.10436055644738218
P53602,MVD,17.566993097338024,17.595046213314802,3,3,NA,FALSE,-0.028053115976778287
P53609,PGGT1B,17.023860009314188,17.01836792780961,3,3,NA,FALSE,0.005492081504577584
P53611,RABGGTB,16.113221142761944,15.797759047999085,3,3,NA,FALSE,0.315462094762859
P53618,COPB1,19.600089327639548,19.708444998063683,3,3,NA,FALSE,-0.1083556704241353
P53621,COPA,19.126051594905903,19.223506195725644,3,3,NA,FALSE,-0.09745460081974144
P53634,CTSC,17.502576156298865,17.093677849164944,3,3,NA,FALSE,0.4088983071339207
P53667,LIMK1,14.774956522845198,14.788303468656528,3,3,NA,FALSE,-0.013346945811330002
P53671,LIMK2,13.48721543795406,13.188313579739033,3,3,NA,FALSE,0.2989018582150269
P53675,CLTCL1,13.39008238096177,13.232074811551932,3,3,NA,FALSE,0.15800756940983796
P53677,AP3M2,14.879177679642233,14.960245211013028,3,3,NA,FALSE,-0.08106753137079536
P53680,AP2S1,18.727182794982944,18.524549547204142,3,3,NA,FALSE,0.20263324777880243
P53701,HCCS,18.096218855043535,18.092712896521302,3,3,NA,FALSE,0.0035059585222327883
P53708,ITGA8,19.52150397954197,20.150747229878576,3,3,NA,FALSE,-0.6292432503366072
P53778,MAPK12,15.377470988614466,15.275351014187835,3,3,NA,FALSE,0.10211997442663012
P53794,SLC5A3,15.255653111586446,15.255834862257272,3,3,NA,FALSE,-1.8175067082637497e-4
P53803,POLR2K,16.775083278786042,16.529665232351302,3,3,NA,FALSE,0.24541804643473952
P53804,TTC3,14.033994493310523,13.722031231922712,3,3,NA,FALSE,0.3119632613878114
P53805,RCAN1,13.596707193394987,13.539263508406744,3,3,NA,FALSE,0.05744368498824315
P53814,SMTN,14.389998688702283,14.949799172202397,3,3,NA,FALSE,-0.5598004835001138
P53985,SLC16A1,20.057868315051962,20.05953719770169,3,3,NA,FALSE,-0.0016688826497279763
P53990,IST1,17.310837527850865,17.035818950508393,3,3,NA,FALSE,0.2750185773424718
P53992,SEC24C,17.98513369854368,18.299842200236025,3,3,NA,FALSE,-0.3147085016923441
P53999,SUB1,21.084913578261276,21.078544899800406,3,3,NA,FALSE,0.006368678460869859
P54098,POLG,15.00538166001772,14.965354775699806,3,3,NA,FALSE,0.040026884317914124
P54105,CLNS1A,18.81250792739061,18.613223180315178,3,3,NA,FALSE,0.1992847470754313
P54132,BLM,18.036676054796462,18.12694635696898,3,3,NA,FALSE,-0.09027030217251664
P54136,RARS1,19.717294613493586,19.885517421420396,3,3,NA,FALSE,-0.16822280792681
P54198,HIRA,16.550047638573858,16.325435185386908,3,3,NA,FALSE,0.22461245318694978
P54252,ATXN3,15.40395045776964,15.542879288675262,3,3,NA,FALSE,-0.13892883090562336
P54253,ATXN1,13.54898928283054,14.044837623991665,3,3,NA,FALSE,-0.49584834116112475
P54259,ATN1,11.764580931428686,11.295743195814758,3,3,NA,FALSE,0.4688377356139277
P54274,TERF1,14.736745373791694,14.594749766180676,3,3,NA,FALSE,0.14199560761101715
P54277,PMS1,11.013669636971564,11.534781551692006,2,3,NA,FALSE,-0.5211119147204428
P54284,CACNB3,14.864355524087507,14.60469050800705,3,3,NA,FALSE,0.2596650160804579
P54289,CACNA2D1,16.639772768623807,16.670613405238456,3,3,NA,FALSE,-0.03084063661464853
P54577,YARS1,21.092288461650682,21.286932861579352,3,3,NA,FALSE,-0.19464439992867
P54578,USP14,18.329680663993855,18.769026484341083,3,3,NA,FALSE,-0.4393458203472278
P54619,PRKAG1,17.641199389859143,17.472169770081944,3,3,NA,FALSE,0.16902961977719855
P54646,PRKAA2,16.528051575902047,16.447027488283087,3,3,NA,FALSE,0.0810240876189603
P54652,HSPA2,15.920607763737326,15.728644906777832,3,3,NA,FALSE,0.19196285695949378
P54687,BCAT1,16.97358737062628,17.41036961484587,3,3,NA,FALSE,-0.43678224421958944
P54709,ATP1B3,20.633529406185154,20.792435529862058,3,3,NA,FALSE,-0.15890612367690338
P54725,RAD23A,18.65970665705168,18.62959533074028,3,3,NA,FALSE,0.03011132631139901
P54727,RAD23B,19.492444891182902,19.500245441499306,3,3,NA,FALSE,-0.007800550316403587
P54760,EPHB4,14.972624347469738,15.101663763947489,3,3,NA,FALSE,-0.12903941647775063
P54764,EPHA4,14.982288684603878,15.635555302541109,3,3,NA,FALSE,-0.6532666179372306
P54802,NAGLU,15.938298718247118,15.877805794862919,3,3,NA,FALSE,0.060492923384199315
P54803,GALC,14.09928751902286,14.084510843342544,3,3,NA,FALSE,0.014776675680316487
P54819,AK2,21.021304731600512,21.177322498717626,3,3,NA,FALSE,-0.15601776711711324
P54852,EMP3,16.043547119035104,16.239762230621913,3,3,NA,FALSE,-0.1962151115868096
P54886,ALDH18A1,21.854995013933795,21.832810874804185,3,3,NA,FALSE,0.02218413912961026
P54920,NAPA,18.912606824204403,18.80374417707412,3,3,NA,FALSE,0.10886264713028382
P55010,EIF5,19.769460243449217,19.736906450028926,3,3,NA,FALSE,0.0325537934202913
P55011,SLC12A2,16.506273888500875,16.64863631394052,3,3,NA,FALSE,-0.1423624254396465
P55036,PSMD4,18.900054822869443,19.16297427974004,3,3,NA,FALSE,-0.26291945687059837
P55039,DRG2,19.901261873120223,19.739273988748145,3,3,NA,FALSE,0.16198788437207767
P55055,NR1H2,13.678145877253899,13.010200092099732,1,1,NA,FALSE,0.667945785154167
P55060,CSE1L,21.100765402275602,21.09758875931435,3,3,NA,FALSE,0.0031766429612538616
P55061,TMBIM6,16.522326424274116,16.37133263945019,3,3,NA,FALSE,0.15099378482392467
P55072,VCP,21.518159949476978,21.520606813947705,3,3,NA,FALSE,-0.0024468644707269505
P55081,MFAP1,18.12698431385654,18.058317454602992,3,3,NA,FALSE,0.06866685925354687
P55082,MFAP3,15.061016292494267,14.356038959271764,3,3,NA,FALSE,0.7049773332225033
P55084,HADHB,19.46666131151125,19.673302117140587,3,3,NA,FALSE,-0.20664080562933762
P55107,GDF10,16.968883742209048,16.60778582688918,3,3,NA,FALSE,0.361097915319867
P55145,MANF,19.054350558403286,18.961346621168737,3,3,NA,FALSE,0.09300393723454903
P55196,AFDN,17.91441514794977,17.96753394877841,3,3,NA,FALSE,-0.05311880082863851
P55197,MLLT10,13.154284579964877,13.234392971247775,3,3,NA,FALSE,-0.0801083912828986
P55198,MLLT6,14.15120805817656,13.628063689064653,3,3,NA,FALSE,0.5231443691119058
P55199,ELL,16.38648543262739,15.957961175837614,3,3,NA,FALSE,0.4285242567897747
P55201,BRPF1,16.30130229234386,16.195865472819165,3,3,NA,FALSE,0.10543681952469441
P55209,NAP1L1,21.081505735861178,21.055501181828593,3,3,NA,FALSE,0.026004554032585503
P55210,CASP7,15.455808453954663,15.708482302082416,3,3,NA,FALSE,-0.2526738481277526
P55212,CASP6,16.832857604170314,16.827638021225546,3,3,NA,FALSE,0.0052195829447683195
P55263,ADK,17.726700913197128,17.965963602264402,3,3,NA,FALSE,-0.23926268906727444
P55265,ADAR,19.273242810041772,19.240775371325515,3,3,NA,FALSE,0.03246743871625668
P55268,LAMB2,15.880161047832486,15.727174404808686,3,3,NA,FALSE,0.15298664302379983
P55316,FOXG1,13.232940801430994,12.567269588939567,3,2,NA,FALSE,0.6656712124914268
P55327,TPD52,17.62856166309907,17.970800201781348,3,3,NA,FALSE,-0.3422385386822775
P55345,PRMT2,13.892268372030932,13.427775235247658,3,1,NA,FALSE,0.46449313678327364
P55347,PKNOX1,15.24388795868694,15.673691837954784,3,3,NA,FALSE,-0.429803879267844
P55735,SEC13,17.71946130314732,17.807137424410254,3,3,NA,FALSE,-0.087676121262934
P55769,SNU13,20.22027174578715,20.26236503674109,3,3,NA,FALSE,-0.042093290953939544
P55786,NPEPPS,19.63300725209859,19.627895708123578,3,3,NA,FALSE,0.005111543975012012
P55789,GFER,14.54335207844959,14.812837099030292,3,3,NA,FALSE,-0.2694850205807011
P55795,HNRNPH2,19.520349024186604,19.749083361031605,3,3,NA,FALSE,-0.228734336845001
P55809,OXCT1,18.50787512517423,18.764685615407924,3,3,NA,FALSE,-0.2568104902336934
P55822,SH3BGR,12.179755226146145,14.149178206954677,3,3,NA,FALSE,-1.969422980808531
P55854,SUMO3,22.322531326121066,22.412881862894952,3,3,NA,FALSE,-0.0903505367738866
P55884,EIF3B,19.296385058113554,19.306129854955255,3,3,NA,FALSE,-0.009744796841701486
P55899,FCGRT,14.27451662095255,14.709771035785879,3,3,NA,FALSE,-0.43525441483332905
P56134,ATP5MF,20.80416102089689,20.85496533527969,3,3,NA,FALSE,-0.05080431438280186
P56177,DLX1,14.903359388147924,14.926266243547264,3,3,NA,FALSE,-0.022906855399339676
P56179,DLX6,13.308010567424159,13.066975579127787,3,3,NA,FALSE,0.24103498829637182
P56181,NDUFV3,16.48287853488455,16.46404553904168,3,3,NA,FALSE,0.01883299584286746
P56182,RRP1,17.921904328940137,17.7548274549372,3,3,NA,FALSE,0.16707687400293736
P56192,MARS1,19.890453874763573,20.081772923068318,3,3,NA,FALSE,-0.1913190483047451
P56199,ITGA1,16.058334047266086,16.264727305245767,3,3,NA,FALSE,-0.20639325797968056
P56211,ARPP19,15.151996726181403,15.787431953662546,3,3,NA,FALSE,-0.6354352274811426
P56270,MAZ,17.137062899724135,17.16144227849228,3,3,NA,FALSE,-0.024379378768145443
P56282,POLE2,16.019788243376418,16.010596479820492,3,3,NA,FALSE,0.009191763555925547
P56377,AP1S2,16.31189896393236,16.407000231215296,3,3,NA,FALSE,-0.095101267282935
P56385,ATP5ME,19.144309528659928,19.303410906199645,3,3,NA,FALSE,-0.15910137753971654
P56524,HDAC4,13.505276110479778,13.903828421891488,3,3,NA,FALSE,-0.3985523114117093
P56537,EIF6,19.886240110632407,19.973564898081385,3,3,NA,FALSE,-0.08732478744897776
P56545,CTBP2,18.283719708838344,18.28616016667311,3,3,NA,FALSE,-0.0024404578347656525
P56556,NDUFA6,18.49632399804795,18.310179340431958,3,3,NA,FALSE,0.18614465761599064
P56559,ARL4C,15.551713858048661,16.59373968969209,3,3,NA,FALSE,-1.0420258316434285
P56589,PEX3,16.495475884895384,16.126382053451707,3,3,NA,FALSE,0.3690938314436778
P56749,CLDN12,14.256289828495664,14.834925025937197,3,3,NA,FALSE,-0.5786351974415336
P56937,HSD17B7,16.572433919283778,16.358797336919142,3,3,NA,FALSE,0.21363658236463579
P56945,BCAR1,15.620457818520027,15.662444578760232,3,3,NA,FALSE,-0.041986760240204646
P56962,STX17,15.549957087493462,15.75505851465451,3,3,NA,FALSE,-0.20510142716104696
P57054,PIGP,13.893006636021003,13.610644584299274,3,3,NA,FALSE,0.28236205172172824
P57060,RWDD2B,13.489261038003416,13.475855898604486,3,3,NA,FALSE,0.013405139398930288
P57071,PRDM15,13.694787597709713,13.861508110496084,3,3,NA,FALSE,-0.16672051278637134
P57076,CFAP298,16.865051369718127,16.307485975717597,3,3,NA,FALSE,0.5575653940005303
P57078,RIPK4,14.12617849936441,13.906899664851517,3,3,NA,FALSE,0.21927883451289354
P57081,WDR4,16.270740877569843,16.526054986442904,3,3,NA,FALSE,-0.25531410887306194
P57087,JAM2,13.659848540447381,13.898539028296106,3,3,NA,FALSE,-0.23869048784872504
P57088,TMEM33,18.324629442329908,17.46480711017149,3,3,NA,FALSE,0.8598223321584193
P57105,SYNJ2BP,16.953743731377635,16.821793588140746,3,3,NA,FALSE,0.1319501432368888
P57678,GEMIN4,16.411264553277775,16.136118879359906,3,3,NA,FALSE,0.27514567391786926
P57721,PCBP3,15.838874131939614,16.524918920256685,3,3,NA,FALSE,-0.686044788317071
P57723,PCBP4,12.596823052642272,13.478071577555637,3,3,NA,FALSE,-0.8812485249133655
P57737,CORO7,17.01380893730127,17.057312550749298,3,3,NA,FALSE,-0.04350361344802778
P57740,NUP107,18.33028170493327,18.455900282341364,3,3,NA,FALSE,-0.125618577408094
P57772,EEFSEC,16.741822030069933,16.846093232564392,3,3,NA,FALSE,-0.1042712024944592
P57775,FBXW4,14.432585487364493,14.494665591115428,3,3,NA,FALSE,-0.06208010375093487
P58004,SESN2,17.173528515490577,17.466243858441494,3,3,NA,FALSE,-0.29271534295091683
P58107,EPPK1,18.09733476071825,18.15740400220474,3,3,NA,FALSE,-0.06006924148648807
P58166,INHBE,11.700261268490173,13.532120101142047,1,2,NA,FALSE,-1.8318588326518732
P58317,ZNF121,13.003710971640105,12.913909075920701,3,3,NA,FALSE,0.089801895719404
P58335,ANTXR2,14.31487676739058,14.867537464030168,3,3,NA,FALSE,-0.5526606966395882
P58511,SMIM11,16.472342536820513,16.286397080066855,3,3,NA,FALSE,0.18594545675365737
P58546,MTPN,19.864967632282667,19.980284703139663,3,3,NA,FALSE,-0.11531707085699594
P58557,YBEY,14.901967220815777,15.16773379309244,3,3,NA,FALSE,-0.26576657227666267
P59190,RAB15,21.830987481969046,21.67239506982632,3,3,NA,FALSE,0.15859241214272757
P59780,AP3S2,15.248557167617573,15.078249504835345,3,3,NA,FALSE,0.17030766278222842
P59923,ZNF445,15.370486216494852,15.036437685123305,3,3,NA,FALSE,0.3340485313715469
P59998,ARPC4,19.359149554883718,19.234467819314553,3,3,NA,FALSE,0.1246817355691654
P60033,CD81,17.231283558552892,17.672607967235596,3,3,NA,FALSE,-0.4413244086827035
P60059,SEC61G,19.025260092356902,18.72040811040784,3,3,NA,FALSE,0.3048519819490636
P60174,TPI1,22.601704792960803,22.5726507918487,3,3,NA,FALSE,0.02905400111210099
P60228,EIF3E,19.738061434288674,19.617546264792068,3,3,NA,FALSE,0.12051516949660623
P60468,SEC61B,19.596694608072415,19.312681914702562,3,3,NA,FALSE,0.2840126933698528
P60484,PTEN,14.238755571938107,13.728186961878567,3,3,NA,FALSE,0.5105686100595399
P60510,PPP4C,19.675090202876746,19.645048014829747,3,3,NA,FALSE,0.03004218804699832
P60520,GABARAPL2,17.97060498728792,17.418647126043673,3,3,NA,FALSE,0.5519578612442473
P60602,ROMO1,16.9710709790344,16.048432639086634,3,3,NA,FALSE,0.9226383399477669
P60604,UBE2G2,17.392953477205968,17.10868249484921,3,3,NA,FALSE,0.28427098235675885
P60660,MYL6,20.02408350443627,20.43671348351645,3,3,NA,FALSE,-0.4126299790801795
P60763,RAC3,18.646894875164833,18.840940558440135,3,3,NA,FALSE,-0.19404568327530214
P60842,EIF4A1,22.19297474883327,22.174757916152945,3,3,NA,FALSE,0.01821683268032359
P60866,RPS20,20.939781537323668,20.915280204823503,3,3,NA,FALSE,0.024501332500165063
P60891,PRPS1,19.44121945977408,19.192491645272998,3,3,NA,FALSE,0.2487278145010805
P60900,PSMA6,19.759824000901805,19.739136985104704,3,3,NA,FALSE,0.020687015797101083
P60903,S100A10,17.93928008387989,17.439365143522352,3,3,NA,FALSE,0.49991494035753803
P60953,CDC42,19.506896361111032,19.272247900713204,3,3,NA,FALSE,0.23464846039782827
P60981,DSTN,19.03372297319212,18.943019121714215,3,3,NA,FALSE,0.0907038514779046
P60983,GMFB,18.872903461382162,18.874063825565592,3,3,NA,FALSE,-0.0011603641834305733
P61006,RAB8A,18.11273063690144,17.858364018976182,3,3,NA,FALSE,0.25436661792525683
P61009,SPCS3,18.034313782788598,17.90661700646576,3,3,NA,FALSE,0.12769677632283916
P61011,SRP54,19.37943824914892,19.403876045504084,3,3,NA,FALSE,-0.02443779635516563
P61018,RAB4B,14.810703674866973,15.053603556598803,3,3,NA,FALSE,-0.2428998817318302
P61019,RAB2A,19.31748866313377,19.125338770187643,3,3,NA,FALSE,0.1921498929461265
P61020,RAB5B,17.91460929485508,17.846827132311333,3,3,NA,FALSE,0.0677821625437467
P61024,CKS1B,17.597490869042442,17.42363474441313,3,3,NA,FALSE,0.17385612462931377
P61026,RAB10,21.69966475648284,21.501018593001543,3,3,NA,FALSE,0.19864616348129616
P61077,UBE2D3,20.25573111199959,19.786121511679056,3,3,NA,FALSE,0.4696096003205348
P61081,UBE2M,19.230002757599053,19.36330858459506,3,3,NA,FALSE,-0.13330582699600768
P61086,UBE2K,18.97280966569905,19.046349121786907,3,3,NA,FALSE,-0.0735394560878575
P61088,UBE2N,21.041866287410468,21.01921395550056,3,3,NA,FALSE,0.022652331909906565
P61106,RAB14,18.742823438871234,18.370427208523175,3,3,NA,FALSE,0.372396230348059
P61129,ZC3H6,15.870037436265237,15.66248541965058,3,3,NA,FALSE,0.20755201661465783
P61158,ACTR3,19.066107930655228,19.07910744537424,3,3,NA,FALSE,-0.01299951471901295
P61160,ACTR2,19.635336646444895,19.605431819287407,3,3,NA,FALSE,0.029904827157487546
P61163,ACTR1A,19.74150350403601,19.80106137520423,3,3,NA,FALSE,-0.05955787116822009
P61201,COPS2,17.68328790490168,17.809470331489813,3,3,NA,FALSE,-0.12618242658813372
P61218,POLR2F,16.272622096578562,16.039473419771976,3,3,NA,FALSE,0.2331486768065858
P61221,ABCE1,19.080838301387097,19.0278062126745,3,3,NA,FALSE,0.053032088712598124
P61225,RAP2B,18.989245245424677,19.04338952130671,3,3,NA,FALSE,-0.05414427588203452
P61244,MAX,15.923482097161337,15.89107636535082,3,3,NA,FALSE,0.03240573181051687
P61247,RPS3A,21.549982391310568,21.452983911730545,3,3,NA,FALSE,0.09699847958002294
P61254,RPL26,20.856390885187803,20.897653530760298,3,3,NA,FALSE,-0.041262645572494705
P61289,PSME3,19.504797566130126,19.327120705423752,3,3,NA,FALSE,0.17767686070637367
P61313,RPL15,21.17985451901039,21.0325888775247,3,3,NA,FALSE,0.1472656414856921
P61353,RPL27,21.430191119857337,21.318195066982437,3,3,NA,FALSE,0.11199605287490044
P61421,ATP6V0D1,17.915052287587077,17.793066156973406,3,3,NA,FALSE,0.1219861306136707
P61457,PCBD1,19.15210267402179,19.169790561461415,3,3,NA,FALSE,-0.01768788743962446
P61513,RPL37A,19.177125514015007,19.082748057567347,3,3,NA,FALSE,0.09437745644765982
P61586,RHOA,20.675775975851426,20.525382235999775,3,3,NA,FALSE,0.15039373985165128
P61599,NAA20,15.769123167967285,15.818451848516842,3,3,NA,FALSE,-0.04932868054955719
P61601,NCALD,15.173619374122827,14.338089563606864,2,2,NA,FALSE,0.835529810515963
P61604,HSPE1,22.799843553630264,22.556531279583567,3,3,NA,FALSE,0.24331227404669775
P61619,SEC61A1,18.93531544216513,18.7424325799138,3,3,NA,FALSE,0.19288286225133078
P61758,VBP1,18.928944396622963,18.677690322100077,3,3,NA,FALSE,0.25125407452288684
P61764,STXBP1,17.128593980722354,17.141769655381104,3,3,NA,FALSE,-0.01317567465875058
P61803,DAD1,20.081961670856526,19.944061089497794,3,3,NA,FALSE,0.13790058135873196
P61916,NPC2,19.560099416901096,19.015156827999853,3,3,NA,FALSE,0.5449425889012431
P61923,COPZ1,18.693272072704463,18.778244135028864,3,3,NA,FALSE,-0.08497206232440035
P61956,SUMO2,19.067310972878786,18.791660955633958,3,3,NA,FALSE,0.2756500172448284
P61960,UFM1,19.256050421032143,19.40162608770447,3,3,NA,FALSE,-0.1455756666723289
P61962,DCAF7,18.237963657692724,18.23441307585411,3,3,NA,FALSE,0.0035505818386134536
P61964,WDR5,18.002406244584158,17.993588658521478,3,3,NA,FALSE,0.008817586062679794
P61966,AP1S1,16.9456828431885,17.416925271248346,3,3,NA,FALSE,-0.4712424280598455
P61970,NUTF2,19.992313077556904,20.144718954284897,3,3,NA,FALSE,-0.15240587672799322
P61978,HNRNPK,22.867967927583006,22.864514060444485,3,3,NA,FALSE,0.0034538671385213604
P61981,YWHAG,21.475742620204876,21.5889472527737,3,3,NA,FALSE,-0.11320463256882363
P62068,USP46,14.415642470911589,14.009935970140424,3,3,NA,FALSE,0.4057065007711653
P62070,RRAS2,16.125921190477236,16.070525989863132,3,3,NA,FALSE,0.05539520061410386
P62072,TIMM10,13.976250096228208,14.318773073526474,3,3,NA,FALSE,-0.3425229772982661
P62081,RPS7,20.96836667662649,20.773227158394043,3,3,NA,FALSE,0.19513951823244824
P62136,PPP1CA,20.461873290844164,20.377587428517455,3,3,NA,FALSE,0.0842858623267091
P62140,PPP1CB,19.267366242738866,19.27466182153666,3,3,NA,FALSE,-0.007295578797794633
P62166,NCS1,16.54358424119872,16.263843218062753,3,3,NA,FALSE,0.2797410231359656
P62191,PSMC1,20.043249461082258,20.171051606405936,3,3,NA,FALSE,-0.1278021453236775
P62195,PSMC5,19.92669109765252,20.006875237315565,3,3,NA,FALSE,-0.0801841396630465
P62241,RPS8,22.18164572909937,22.242749250989323,3,3,NA,FALSE,-0.06110352188995449
P62244,RPS15A,21.391614569187617,21.233056255555752,3,3,NA,FALSE,0.15855831363186468
P62249,RPS16,22.374396784102895,22.32731201716892,3,3,NA,FALSE,0.04708476693397401
P62253,UBE2G1,16.925961752431203,17.038782518145577,3,3,NA,FALSE,-0.11282076571437472
P62256,UBE2H,17.65681700229841,17.8934031715011,3,3,NA,FALSE,-0.23658616920268827
P62258,YWHAE,23.31550008999839,23.112170747612705,3,3,NA,FALSE,0.20332934238568612
P62263,RPS14,21.78134225816037,21.651193797748295,3,3,NA,FALSE,0.13014846041207662
P62266,RPS23,21.20324861271122,21.026837132803916,3,3,NA,FALSE,0.17641147990730488
P62269,RPS18,22.38752066899735,22.359627527550828,3,3,NA,FALSE,0.027893141446522662
P62273,RPS29,18.71876157492648,18.82635437669168,3,3,NA,FALSE,-0.10759280176520036
P62277,RPS13,22.149377114032596,22.10323119918886,3,3,NA,FALSE,0.046145914843737756
P62280,RPS11,21.126839372971943,21.147988138613812,3,3,NA,FALSE,-0.021148765641868295
P62304,SNRPE,22.445087206098474,22.315943650970418,3,3,NA,FALSE,0.12914355512805642
P62306,SNRPF,19.270291702511045,19.79651790481793,3,3,NA,FALSE,-0.5262262023068836
P62310,LSM3,19.352271871030446,19.342938894166213,3,3,NA,FALSE,0.009332976864232734
P62312,LSM6,19.023010473672798,18.9090647307045,3,3,NA,FALSE,0.11394574296829774
P62314,SNRPD1,20.431160557288717,20.270782242837875,3,3,NA,FALSE,0.16037831445084194
P62316,SNRPD2,21.079031019259897,20.780512194439503,3,3,NA,FALSE,0.2985188248203947
P62318,SNRPD3,22.16588309891597,22.105696280469033,3,3,NA,FALSE,0.06018681844693674
P62324,BTG1,12.239863255738804,12.38383102997464,3,2,NA,FALSE,-0.1439677742358363
P62330,ARF6,18.816586437337815,18.907560680964483,3,3,NA,FALSE,-0.09097424362666828
P62333,PSMC6,19.773918920751324,19.970319049509065,3,3,NA,FALSE,-0.19640012875774104
P62341,SELENOT,15.851860040630381,15.883078940000061,3,3,NA,FALSE,-0.03121889936968003
P62380,TBPL1,16.78468066117033,16.860195716718408,3,3,NA,FALSE,-0.07551505554807747
P62424,RPL7A,22.154969818968198,22.107161313976167,3,3,NA,FALSE,0.047808504992030265
P62487,POLR2G,16.814210134977674,16.95339779638171,3,3,NA,FALSE,-0.13918766140403704
P62495,ETF1,19.074451443368922,19.070718405171572,3,3,NA,FALSE,0.003733038197349714
P62633,CNBP,18.075287934227926,17.94757129912117,3,3,NA,FALSE,0.1277166351067578
P62699,YPEL5,15.658507373052224,16.12071556467066,3,3,NA,FALSE,-0.46220819161843707
P62701,RPS4X,22.208241775450052,22.171300373336194,3,3,NA,FALSE,0.036941402113857436
P62714,PPP2CB,19.38821445573803,19.385931600087364,3,3,NA,FALSE,0.0022828556506659936
P62745,RHOB,17.343491812788752,17.34322102696564,3,3,NA,FALSE,2.707858231119076e-4
P62750,RPL23A,21.874125184959954,21.733440043179243,3,3,NA,FALSE,0.14068514178071112
P62753,RPS6,21.87048667842359,21.872999398530016,3,3,NA,FALSE,-0.002512720106427224
P62805,H4C16,23.012638692179262,22.832293962690976,3,3,NA,FALSE,0.1803447294882865
P62820,RAB1A,21.517694924245387,21.46914548522368,3,3,NA,FALSE,0.04854943902170561
P62826,RAN,22.677552048656892,22.612400672103643,3,3,NA,FALSE,0.06515137655324921
P62829,RPL23,21.587023361668617,21.68671543562099,3,3,NA,FALSE,-0.09969207395237234
P62834,RAP1A,20.85058484646574,20.73058041794634,3,3,NA,FALSE,0.12000442851940107
P62837,UBE2D2,16.588945519588968,16.52286824116042,3,3,NA,FALSE,0.06607727842854771
P62841,RPS15,19.30845140052539,19.473691587047927,3,3,NA,FALSE,-0.16524018652253858
P62847,RPS24,21.96808312554533,21.858263233553263,3,3,NA,FALSE,0.10981989199206765
P62851,RPS25,21.861011443110172,21.632216751727515,3,3,NA,FALSE,0.22879469138265662
P62854,RPS26,20.808325043829804,20.3209333400153,3,3,NA,FALSE,0.48739170381450236
P62857,RPS28,21.994094537402848,21.788702411741603,3,3,NA,FALSE,0.20539212566124476
P62861,FAU,20.989246692713213,21.253232866837948,3,3,NA,FALSE,-0.26398617412473513
P62873,GNB1,18.674693255257697,18.784487382238787,3,3,NA,FALSE,-0.10979412698108959
P62875,POLR2L,17.591387691330386,17.50918925307363,3,3,NA,FALSE,0.0821984382567571
P62877,RBX1,17.907357579022964,17.550742174335763,3,3,NA,FALSE,0.35661540468720077
P62879,GNB2,17.021507376403783,17.164628127125855,3,3,NA,FALSE,-0.14312075072207264
P62888,RPL30,21.028178531513994,21.167677248536823,3,3,NA,FALSE,-0.13949871702282834
P62899,RPL31,21.74900946983148,21.59423767415316,3,3,NA,FALSE,0.15477179567832167
P62906,RPL10A,21.005780158083827,21.145233953266878,3,3,NA,FALSE,-0.13945379518305145
P62910,RPL32,20.793146603302883,20.85172441590623,3,3,NA,FALSE,-0.05857781260334605
P62913,RPL11,21.97188770535344,22.008559659228744,3,3,NA,FALSE,-0.036671953875305974
P62917,RPL8,21.009938108535202,20.901338515949234,3,3,NA,FALSE,0.10859959258596774
P62942,FKBP1A,20.036691590031186,19.96043003976098,3,3,NA,FALSE,0.07626155027020687
P62987,UBA52,23.750447991864995,23.61654147980425,3,3,NA,FALSE,0.13390651206074367
P62993,GRB2,18.248245708244195,18.22711249227735,3,3,NA,FALSE,0.021133215966845142
P62995,TRA2B,20.423138030209557,20.118534392174396,3,3,NA,FALSE,0.3046036380351609
P63000,RAC1,19.693058051342717,19.83786820113321,3,3,NA,FALSE,-0.14481014979049434
P63010,AP2B1,18.82810095268326,18.796803556081752,3,3,NA,FALSE,0.03129739660150932
P63027,VAMP2,19.063150227045664,19.324962997398142,3,3,NA,FALSE,-0.26181277035247774
P63096,GNAI1,16.466359980706855,16.8628298871359,3,3,NA,FALSE,-0.39646990642904356
P63098,PPP3R1,17.661388745988578,17.805060338542525,3,3,NA,FALSE,-0.14367159255394668
P63104,YWHAZ,22.1911117438147,22.290170275256738,3,3,NA,FALSE,-0.09905853144203647
P63146,UBE2B,13.652472402032322,13.395385296410792,3,3,NA,FALSE,0.2570871056215296
P63151,PPP2R2A,18.184879584045014,18.246324352335563,3,3,NA,FALSE,-0.061444768290549234
P63167,DYNLL1,20.01922612568502,19.96966063085191,3,3,NA,FALSE,0.04956549483311079
P63172,DYNLT1,18.66265537117534,18.62905584393801,3,3,NA,FALSE,0.03359952723733173
P63173,RPL38,20.454887421331257,20.529109067511424,3,3,NA,FALSE,-0.0742216461801668
P63208,SKP1,19.137266492686756,18.985589430323557,3,3,NA,FALSE,0.15167706236319844
P63218,GNG5,16.975929730646484,16.77776832821143,3,3,NA,FALSE,0.19816140243505487
P63220,RPS21,21.190028454869214,21.08606456027925,3,3,NA,FALSE,0.10396389458996325
P63241,EIF5A,21.292262942726044,21.306571411552643,3,3,NA,FALSE,-0.014308468826598641
P63244,RACK1,21.32157197075017,21.249062996605673,3,3,NA,FALSE,0.07250897414449753
P63272,SUPT4H1,16.96859951797715,17.401433904555848,3,3,NA,FALSE,-0.43283438657869766
P67775,PPP2CA,16.890416152446463,16.868034073395624,3,3,NA,FALSE,0.02238207905083911
P67809,YBX1,19.456375576163396,20.324798404288977,3,3,NA,FALSE,-0.8684228281255812
P67812,SEC11A,19.261215285208454,18.945239851298638,3,3,NA,FALSE,0.3159754339098164
P67870,CSNK2B,18.8782045035305,18.804000731697936,3,3,NA,FALSE,0.07420377183256477
P67936,TPM4,19.130126153879317,19.290521540251248,3,3,NA,FALSE,-0.16039538637193118
P68036,UBE2L3,19.914142532266496,19.861486835754597,3,3,NA,FALSE,0.0526556965118985
P68106,FKBP1B,15.344545282938968,15.053389895365548,2,3,NA,FALSE,0.2911553875734203
P68366,TUBA4A,23.08063179552672,23.05376567619526,3,3,NA,FALSE,0.0268661193314621
P68371,TUBB4B,22.264392726268625,22.131579662230425,3,3,NA,FALSE,0.13281306403819926
P68400,CSNK2A1,18.975154338763232,18.957931758858404,3,3,NA,FALSE,0.01722257990482845
P68402,PAFAH1B2,20.20099015036781,20.171251593372755,3,3,NA,FALSE,0.029738556995056342
P78310,CXADR,17.255200296850354,17.479508726695194,3,3,NA,FALSE,-0.22430842984483945
P78312,FAM193A,13.6344981965669,13.473816310757273,3,3,NA,FALSE,0.16068188580962683
P78314,SH3BP2,15.315617898021713,15.735466455109428,2,3,NA,FALSE,-0.4198485570877146
P78316,NOP14,16.82907659743452,16.85911686391119,3,3,NA,FALSE,-0.030040266476671462
P78318,IGBP1,16.47343598015855,16.52204057228168,3,3,NA,FALSE,-0.048604592123130175
P78324,SIRPA,13.58998401473859,13.13863009664961,1,2,NA,FALSE,0.45135391808898007
P78330,PSPH,18.419857139112498,18.789691405894605,3,3,NA,FALSE,-0.3698342667821066
P78332,RBM6,15.972406420381283,15.7587421087737,3,3,NA,FALSE,0.2136643116075838
P78337,PITX1,13.661812056686461,13.365920402854847,3,3,NA,FALSE,0.29589165383161387
P78344,EIF4G2,18.71026639738228,18.858876470979688,3,3,NA,FALSE,-0.14861007359740697
P78345,RPP38,16.90876279658646,16.919111147697823,3,3,NA,FALSE,-0.010348351111364451
P78346,RPP30,17.622256099760897,17.571418445911178,3,3,NA,FALSE,0.050837653849718833
P78347,GTF2I,19.46124155421896,19.570464484478187,3,3,NA,FALSE,-0.10922293025922514
P78348,ASIC1,13.886035424981804,13.111973548380263,3,3,NA,FALSE,0.7740618766015412
P78352,DLG4,13.931739698873479,13.955338533026111,1,1,NA,FALSE,-0.023598834152632975
P78356,PIP4K2B,17.38171298800411,17.41977482810769,3,3,NA,FALSE,-0.03806184010358038
P78357,CNTNAP1,13.637509393231493,13.617687844029685,3,3,NA,FALSE,0.019821549201807898
P78362,SRPK2,17.066801649756627,16.991676510618195,3,3,NA,FALSE,0.07512513913843222
P78364,PHC1,18.213077152363784,18.164874710609986,3,3,NA,FALSE,0.04820244175379784
P78371,CCT2,21.393854306370958,21.345033293155698,3,3,NA,FALSE,0.04882101321526022
P78381,SLC35A2,14.113516108997391,14.60740782765304,3,3,NA,FALSE,-0.4938917186556484
P78382,SLC35A1,15.389396694802743,15.192594740108694,3,3,NA,FALSE,0.19680195469404893
P78383,SLC35B1,16.125874195343545,15.841800634585903,3,3,NA,FALSE,0.28407356075764234
P78406,RAE1,18.178947258292734,18.33847092792914,3,3,NA,FALSE,-0.15952366963640685
P78417,GSTO1,20.235203169472722,20.259543302111492,3,3,NA,FALSE,-0.024340132638769774
P78524,DENND2B,15.799667029942162,15.687733879814266,3,3,NA,FALSE,0.1119331501278964
P78527,PRKDC,20.52682295625002,20.794335683367404,3,3,NA,FALSE,-0.26751272711738494
P78536,ADAM17,15.681626110132347,15.730330536974126,3,3,NA,FALSE,-0.04870442684177867
P78537,BLOC1S1,15.216106401637365,15.389307200917735,3,3,NA,FALSE,-0.17320079928036947
P78540,ARG2,16.043874426765328,16.205817078215386,3,3,NA,FALSE,-0.16194265145005815
P78549,NTHL1,16.697617518630892,16.517551305503268,3,3,NA,FALSE,0.18006621312762405
P78559,MAP1A,15.624774317392962,15.85930338151047,3,3,NA,FALSE,-0.23452906411750796
P78560,CRADD,15.133610338731076,15.059845995847734,3,3,NA,FALSE,0.07376434288334188
P78563,ADARB1,15.23814826762102,15.177546891753924,3,3,NA,FALSE,0.0606013758670958
P79522,PRR3,15.056324146558657,14.564826452040931,3,3,NA,FALSE,0.49149769451772585
P80303,NUCB2,18.04551920152864,18.28669957972213,3,3,NA,FALSE,-0.24118037819348714
P80404,ABAT,16.63008462761901,17.203724823437078,3,3,NA,FALSE,-0.5736401958180686
P80723,BASP1,16.185993240826942,17.74535530949951,3,3,NA,FALSE,-1.5593620686725664
P81274,GPSM2,13.243237033743446,13.123709703009935,2,3,NA,FALSE,0.1195273307335114
P81605,DCD,13.142212861920193,13.333953283517774,3,3,NA,FALSE,-0.1917404215975811
P82094,TMF1,16.42177233772143,16.554115414815726,3,3,NA,FALSE,-0.1323430770942977
P82650,MRPS22,17.943422455734893,18.01373646528044,3,3,NA,FALSE,-0.07031400954554812
P82663,MRPS25,18.812238461153406,18.72928943002823,3,3,NA,FALSE,0.0829490311251746
P82664,MRPS10,17.424476466973147,17.25891257697943,3,3,NA,FALSE,0.16556388999371663
P82673,MRPS35,17.74616199230794,17.638022302842014,3,3,NA,FALSE,0.10813968946592567
P82675,MRPS5,17.002913483425267,16.934909014697862,3,3,NA,FALSE,0.06800446872740551
P82909,KGD4,17.032612922101972,17.262807365633776,3,3,NA,FALSE,-0.23019444353180418
P82912,MRPS11,17.142756213555284,17.34805657263873,3,3,NA,FALSE,-0.20530035908344502
P82914,MRPS15,17.062747471851733,17.19319955308654,3,3,NA,FALSE,-0.13045208123480734
P82921,MRPS21,17.629231054960027,17.877088103162784,3,3,NA,FALSE,-0.2478570482027571
P82930,MRPS34,18.859662986049443,18.753527578103256,3,3,NA,FALSE,0.10613540794618714
P82932,MRPS6,17.37837893171559,17.431716344786487,3,3,NA,FALSE,-0.05333741307089568
P82933,MRPS9,17.56872743406899,17.528660574070308,3,3,NA,FALSE,0.04006685999868154
P82970,HMGN5,17.90134383715239,18.204714537890055,3,3,NA,FALSE,-0.30337070073766625
P82979,SARNP,19.70500052682041,19.942970803622575,3,3,NA,FALSE,-0.23797027680216587
P83111,LACTB,16.476632441542456,16.477771302595247,3,3,NA,FALSE,-0.0011388610527909293
P83369,LSM11,16.13729997904538,15.892649800740449,3,3,NA,FALSE,0.24465017830493174
P83436,COG7,15.83735972889924,15.927726939242296,3,3,NA,FALSE,-0.0903672103430555
P83731,RPL24,21.259176012518996,21.242820661049137,3,3,NA,FALSE,0.016355351469858448
P83876,TXNL4A,17.941717464816897,17.912522415557685,3,3,NA,FALSE,0.02919504925921146
P83881,RPL36A,19.18356793800263,19.23070967115361,3,3,NA,FALSE,-0.0471417331509798
P83916,CBX1,18.190999963967382,18.456697910513295,3,3,NA,FALSE,-0.26569794654591306
P84022,SMAD3,17.279889472200498,17.585442020159896,3,3,NA,FALSE,-0.30555254795939746
P84077,ARF1,21.539944116264987,21.535514001304744,3,3,NA,FALSE,0.004430114960243259
P84085,ARF5,22.256029147317317,22.10652995609318,3,3,NA,FALSE,0.14949919122413746
P84090,ERH,18.767738324310574,18.73462082138881,3,3,NA,FALSE,0.03311750292176541
P84095,RHOG,17.587807633162917,17.758876365964248,3,3,NA,FALSE,-0.17106873280133073
P84098,RPL19,21.454778174395,21.331095717264425,3,3,NA,FALSE,0.12368245713057391
P84101,SERF2,15.367494473603,15.33666923543928,3,3,NA,FALSE,0.03082523816371996
P84103,SRSF3,21.227752898109923,20.82281204952669,3,3,NA,FALSE,0.40494084858323376
P84157,MXRA7,14.338713392184005,14.39711129740121,3,3,NA,FALSE,-0.05839790521720545
P84243,H3-3B,22.135344129571845,21.951350301556495,3,3,NA,FALSE,0.1839938280153497
P85037,FOXK1,16.555319092203405,16.740003935054233,3,3,NA,FALSE,-0.1846848428508281
P85298,ARHGAP8,13.549472282398291,12.932939223659965,3,3,NA,FALSE,0.6165330587383266
P86397,HTD2,14.558973182880509,14.607316558706634,2,3,NA,FALSE,-0.04834337582612491
P86452,ZBED6,13.566277645318412,13.574854425189763,3,3,NA,FALSE,-0.008576779871351192
P98153,DGCR2,13.498788515182817,13.889418804669065,3,3,NA,FALSE,-0.3906302894862481
P98155,VLDLR,16.254141938784457,16.98461075124658,3,3,NA,FALSE,-0.7304688124621244
P98160,HSPG2,15.139269734807533,14.307436690400912,3,3,NA,FALSE,0.8318330444066202
P98170,XIAP,15.672753253480177,15.713985370847356,3,3,NA,FALSE,-0.041232117367178134
P98172,EFNB1,14.042836821850042,14.581647705956534,3,3,NA,FALSE,-0.5388108841064927
P98173,FAM3A,14.937126388823296,14.78280755877392,3,3,NA,FALSE,0.15431883004937674
P98174,FGD1,14.998572917287762,15.141083589142495,3,3,NA,FALSE,-0.14251067185473332
P98175,RBM10,18.082692648586452,18.159740640042273,3,3,NA,FALSE,-0.07704799145582086
P98179,RBM3,17.766450181091272,17.535986052968436,3,3,NA,FALSE,0.23046412812283634
P98194,ATP2C1,18.880957019296726,18.91736333812768,3,3,NA,FALSE,-0.036406318830952245
P98196,ATP11A,13.309368102354474,12.148319393291512,1,1,NA,FALSE,1.1610487090629622
P98198,ATP8B2,14.609907345537945,13.996647671277943,2,2,NA,FALSE,0.6132596742600018
Q00013,MPP1,17.095421545589478,17.41389204198055,3,3,NA,FALSE,-0.31847049639107183
Q00059,TFAM,19.627354856867917,19.71015862948079,3,3,NA,FALSE,-0.08280377261287342
Q00169,PITPNA,17.40502459903709,17.321507871850798,3,3,NA,FALSE,0.08351672718629288
Q00325,SLC25A3,21.232523474325095,21.44214561948728,3,3,NA,FALSE,-0.2096221451621858
Q00341,HDLBP,19.080974655598254,19.121924310226103,3,3,NA,FALSE,-0.040949654627848275
Q00403,GTF2B,18.51100799951247,18.505195129205678,3,3,NA,FALSE,0.005812870306790785
Q00534,CDK6,16.027811696217878,15.803711490060605,3,3,NA,FALSE,0.22410020615727255
Q00535,CDK5,18.061788543165058,18.007555869284143,3,3,NA,FALSE,0.05423267388091446
Q00536,CDK16,15.809568505025545,16.050480284332643,3,3,NA,FALSE,-0.24091177930709762
Q00537,CDK17,14.274926465746182,14.060780328825286,3,3,NA,FALSE,0.21414613692089546
Q00577,PURA,17.492706456818,17.620240100754124,3,3,NA,FALSE,-0.12753364393612543
Q00587,CDC42EP1,16.48590602185225,16.708819861388484,3,3,NA,FALSE,-0.22291383953623267
Q00597,FANCC,12.60406446432392,13.09921106637825,2,2,NA,FALSE,-0.49514660205433003
Q00610,CLTC,21.849666520297774,21.846664302479688,3,3,NA,FALSE,0.0030022178180857395
Q00613,HSF1,17.46758560091167,17.565156362811763,3,3,NA,FALSE,-0.09757076190009428
Q00653,NFKB2,17.235518795479585,17.191486638700166,3,3,NA,FALSE,0.044032156779419296
Q00688,FKBP3,20.311375262600045,20.236258661606637,3,3,NA,FALSE,0.07511660099340745
Q00765,REEP5,18.66134528049767,18.42330190140481,3,3,NA,FALSE,0.23804337909286133
Q00796,SORD,17.715799636134328,17.571398689894185,3,3,NA,FALSE,0.1444009462401432
Q00839,HNRNPU,22.623039022569866,22.642010070987748,3,3,NA,FALSE,-0.018971048417881775
Q01081,U2AF1,19.27636068411405,19.399131382980897,3,3,NA,FALSE,-0.122770698866848
Q01082,SPTBN1,18.97029494731334,19.27922742580952,3,3,NA,FALSE,-0.3089324784961782
Q01085,TIAL1,17.75398960588457,17.768953847405218,3,3,NA,FALSE,-0.014964241520647903
Q01105,SET,22.284366892623105,22.42682409012435,3,3,NA,FALSE,-0.14245719750124408
Q01130,SRSF2,21.001963689816115,20.909285262708707,3,3,NA,FALSE,0.09267842710740837
Q01167,FOXK2,16.43278772241299,16.453657413337503,3,3,NA,FALSE,-0.020869690924513407
Q01415,GALK2,14.361119490845306,14.611325107197123,3,3,NA,FALSE,-0.25020561635181693
Q01433,AMPD2,19.092314499750188,18.972141251488022,3,3,NA,FALSE,0.1201732482621658
Q01459,CTBS,14.912293825099649,14.814937097398158,3,3,NA,FALSE,0.09735672770149151
Q01469,FABP5,17.19941515230808,17.045005967026203,3,3,NA,FALSE,0.15440918528187808
Q01484,ANK2,17.00037889486804,17.348269156989588,3,3,NA,FALSE,-0.34789026212154894
Q01518,CAP1,19.88831381083246,20.052559104736897,3,3,NA,FALSE,-0.1642452939044361
Q01543,FLI1,11.539594996725059,11.438831220832952,1,3,NA,FALSE,0.10076377589210672
Q01581,HMGCS1,18.87460049232422,18.12758810332926,3,3,NA,FALSE,0.7470123889949605
Q01650,SLC7A5,17.877818025869264,18.54256246823683,3,3,NA,FALSE,-0.6647444423675672
Q01658,DR1,18.780218365601563,18.98834104269332,3,3,NA,FALSE,-0.20812267709175813
Q01664,TFAP4,14.634953656098403,14.345483719615592,3,3,NA,FALSE,0.2894699364828117
Q01780,EXOSC10,17.674024238359657,17.646561046326195,3,3,NA,FALSE,0.027463192033462036
Q01804,OTUD4,17.13866863354655,17.264164925378555,3,3,NA,FALSE,-0.12549629183200395
Q01813,PFKP,18.240610451779848,18.191426560176783,3,3,NA,FALSE,0.04918389160306447
Q01826,SATB1,15.624325348934555,15.940779251282075,3,3,NA,FALSE,-0.31645390234752035
Q01831,XPC,16.976148188805137,16.80520124600636,3,3,NA,FALSE,0.17094694279877842
Q01844,EWSR1,20.12165156068112,19.96528304443674,3,3,NA,FALSE,0.15636851624437753
Q01850,CDR2,14.781331761587635,14.594909864326041,3,3,NA,FALSE,0.18642189726159408
Q01968,OCRL,17.764820937744883,17.598445706666574,3,3,NA,FALSE,0.16637523107830887
Q01970,PLCB3,17.02505121760343,17.02785872093836,3,3,NA,FALSE,-0.002807503334931738
Q01973,ROR1,14.138348580232412,14.145609984741505,3,3,NA,FALSE,-0.007261404509092628
Q01974,ROR2,15.442554896452217,15.989353955366994,3,3,NA,FALSE,-0.5467990589147771
Q02040,AKAP17A,16.964940519923736,16.832253468003174,3,3,NA,FALSE,0.13268705192056274
Q02078,MEF2A,12.93301112831723,13.718667438615585,3,3,NA,FALSE,-0.7856563102983554
Q02083,NAAA,14.595709675618364,14.36765980744506,3,3,NA,FALSE,0.2280498681733043
Q02086,SP2,13.399206016370856,13.607560658288628,3,3,NA,FALSE,-0.2083546419177722
Q02108,GUCY1A1,13.464869503742294,13.38942738262312,3,3,NA,FALSE,0.07544212111917403
Q02127,DHODH,15.772749225923436,15.769287891218331,3,3,NA,FALSE,0.0034613347051042354
Q02153,GUCY1B1,15.080801665481752,14.754126030049111,3,3,NA,FALSE,0.32667563543264144
Q02156,PRKCE,14.789716018823041,14.791321722416793,3,3,NA,FALSE,-0.0016057035937517838
Q02218,OGDH,17.807452299285362,18.01545056984527,3,3,NA,FALSE,-0.2079982705599086
Q02224,CENPE,16.327876156516993,16.516914744804193,3,3,NA,FALSE,-0.18903858828720033
Q02241,KIF23,16.746936312430474,16.849110770983312,3,3,NA,FALSE,-0.10217445855283813
Q02252,ALDH6A1,18.224560510283236,18.501781344383144,3,3,NA,FALSE,-0.27722083409990717
Q02338,BDH1,14.790246941909313,14.997967832768996,3,3,NA,FALSE,-0.20772089085968304
Q02446,SP4,14.141308247703153,13.982666726048558,3,3,NA,FALSE,0.15864152165459444
Q02447,SP3,15.45755238098437,15.48714841209493,3,3,NA,FALSE,-0.029596031110560972
Q02487,DSC2,15.001679763401093,15.007140915847156,3,3,NA,FALSE,-0.0054611524460632666
Q02543,RPL18A,20.80280567791645,20.821350960958004,3,3,NA,FALSE,-0.018545283041554228
Q02750,MAP2K1,17.642224192039855,17.782167221175023,3,3,NA,FALSE,-0.13994302913516776
Q02790,FKBP4,20.91048356654655,20.960349831192257,3,3,NA,FALSE,-0.04986626464570776
Q02809,PLOD1,19.090698501298988,18.532588246836557,3,3,NA,FALSE,0.5581102544624308
Q02818,NUCB1,18.046630781951162,18.284455474197088,3,3,NA,FALSE,-0.23782469224592617
Q02833,RASSF7,13.910963424147095,14.182761214891043,3,3,NA,FALSE,-0.27179779074394794
Q02878,RPL6,22.11485584343176,22.032638464129004,3,3,NA,FALSE,0.08221737930275452
Q02880,TOP2B,18.914288269386354,19.01345820064839,3,3,NA,FALSE,-0.099169931262036215
Q02930,CREB5,15.96566507386875,16.057680258629762,3,3,NA,FALSE,-0.09201518476101178
Q02952,AKAP12,16.92909400981304,17.522379144306765,3,3,NA,FALSE,-0.5932851344937262
Q02978,SLC25A11,19.867388455745456,19.939231037568607,3,3,NA,FALSE,-0.07184258182315162
Q03001,DST,19.377569434497115,19.728214356687893,3,3,NA,FALSE,-0.3506449221907779
Q03060,CREM,13.79090669202712,13.740433272776487,3,3,NA,FALSE,0.050473419250632645
Q03111,MLLT1,15.83443131008436,15.752972521630696,3,3,NA,FALSE,0.08145878845366461
Q03112,MECOM,15.17718107342236,15.387374838148796,3,3,NA,FALSE,-0.21019376472643536
Q03113,GNA12,13.685533676853323,13.472173223991962,2,3,NA,FALSE,0.21336045286136063
Q03135,CAV1,14.187275382452938,14.2327298995739,3,3,NA,FALSE,-0.04545451712096238
Q03154,ACY1,15.033128860078802,15.27834746673669,3,3,NA,FALSE,-0.24521860665788786
Q03164,KMT2A,17.89362366206243,17.89116867156248,3,3,NA,FALSE,0.0024549904999524585
Q03188,CENPC,15.995783576942951,16.15441493711603,3,3,NA,FALSE,-0.15863136017307866
Q03252,LMNB2,20.10353165434519,20.17257024684102,3,3,NA,FALSE,-0.06903859249582922
Q03393,PTS,14.341942807813359,14.125740513029609,3,3,NA,FALSE,0.2162022947837503
Q03426,MVK,15.71567294337379,15.492872206024316,3,3,NA,FALSE,0.22280073734947337
Q03468,ERCC6,14.199728673746424,14.115183940384439,3,3,NA,FALSE,0.08454473336198554
Q03518,TAP1,14.45749554976087,13.934366137571088,3,3,NA,FALSE,0.5231294121897818
Q03519,TAP2,14.42679478547275,13.645494010003025,3,3,NA,FALSE,0.7813007754697239
Q03701,CEBPZ,18.163018519869237,18.07443925512233,3,3,NA,FALSE,0.08857926474690814
Q03933,HSF2,13.046479915013316,12.987977393639603,3,3,NA,FALSE,0.058502521373712923
Q04206,RELA,17.556921131058672,17.522082361761473,3,3,NA,FALSE,0.03483876929719898
Q04323,UBXN1,19.083307042644144,18.929555788710722,3,3,NA,FALSE,0.1537512539334216
Q04446,GBE1,16.118223459180886,16.329571793410675,3,3,NA,FALSE,-0.21134833422978971
Q04637,EIF4G1,19.750991989884604,19.90282040964492,3,3,NA,FALSE,-0.15182841976031725
Q04656,ATP7A,17.24839307465561,17.579890953689617,3,3,NA,FALSE,-0.33149787903400707
Q04721,NOTCH2,16.42999214201949,16.360182278066077,3,3,NA,FALSE,0.06980986395341304
Q04724,TLE1,16.32512017541206,16.524537708870202,3,3,NA,FALSE,-0.19941753345814206
Q04726,TLE3,18.40340713639918,18.688351705835867,3,3,NA,FALSE,-0.28494456943668567
Q04727,TLE4,15.57239718010242,15.9677720160667,3,3,NA,FALSE,-0.39537483596427947
Q04741,EMX1,13.799708122744903,13.642231446117629,3,3,NA,FALSE,0.15747667662727416
Q04756,HGFAC,14.752956489428358,14.196522802011906,3,2,NA,FALSE,0.5564336874164528
Q04759,PRKCQ,16.54751203135327,16.840371888796994,3,3,NA,FALSE,-0.2928598574437231
Q04760,GLO1,21.95245552890494,22.031425065123372,3,3,NA,FALSE,-0.07896953621843039
Q04837,SSBP1,20.284054884636067,20.305191821804147,3,3,NA,FALSE,-0.021136937168080294
Q04864,REL,14.711472212848077,14.721659644013076,3,3,NA,FALSE,-0.010187431164998983
Q04917,YWHAH,19.825500101485225,19.820675560062863,3,3,NA,FALSE,0.004824541422362216
Q04941,PLP2,15.0382576054542,15.046535093446925,3,3,NA,FALSE,-0.008277487992724986
Q05048,CSTF1,17.701437931038413,17.599922647861227,3,3,NA,FALSE,0.10151528317718572
Q05084,ICA1,15.199121657010423,15.225024810401253,3,3,NA,FALSE,-0.02590315339083027
Q05086,UBE3A,16.490268469362057,16.56353636696805,3,3,NA,FALSE,-0.07326789760599439
Q05193,DNM1,16.90750520338507,17.287326840068364,3,3,NA,FALSE,-0.3798216366832925
Q05209,PTPN12,13.771178140772621,14.136563174272124,3,3,NA,FALSE,-0.36538503349950346
Q05397,PTK2,16.264449860323374,16.517365495154163,3,3,NA,FALSE,-0.2529156348307886
Q05513,PRKCZ,14.825706411887916,14.657639393661427,3,3,NA,FALSE,0.1680670182264894
Q05519,SRSF11,18.45313835211467,18.498574436774412,3,3,NA,FALSE,-0.04543608465974103
Q05639,EEF1A2,23.94593363941613,23.781867440514826,3,3,NA,FALSE,0.16406619890130258
Q05655,PRKCD,16.13386716096914,16.09006515706925,3,3,NA,FALSE,0.043802003899887865
Q05682,CALD1,17.792026475629022,17.78277406172341,3,3,NA,FALSE,0.009252413905613821
Q05707,COL14A1,15.867562170736518,16.07920152417189,3,3,NA,FALSE,-0.21163935343537155
Q05823,RNASEL,16.1064533330177,16.182103473399938,3,3,NA,FALSE,-0.07565014038223694
Q05932,FPGS,13.92169894719882,13.705696842851003,3,3,NA,FALSE,0.21600210434781708
Q05BQ5,MBTD1,13.707006894191707,13.509683335211546,3,3,NA,FALSE,0.19732355898016074
Q05D32,CTDSPL2,15.27050243282234,15.377473413855368,3,3,NA,FALSE,-0.10697098103302771
Q05DH4,FHIP1A,15.318020026260797,15.625736377331087,3,3,NA,FALSE,-0.3077163510702903
Q06033,ITIH3,16.971651318326757,15.947107429682651,3,3,NA,FALSE,1.0245438886441054
Q06124,PTPN11,18.57425838764317,18.647031824277693,3,3,NA,FALSE,-0.07277343663452385
Q06136,KDSR,16.143725696362733,16.1503789068244,3,3,NA,FALSE,-0.006653210461667669
Q06190,PPP2R3A,15.475515361037989,15.170142099277225,2,3,NA,FALSE,0.3053732617607636
Q06203,PPAT,18.63068695264023,18.501648018377736,3,3,NA,FALSE,0.1290389342624927
Q06210,GFPT1,17.86462670134342,18.113953273374815,3,3,NA,FALSE,-0.2493265720313964
Q06265,EXOSC9,18.109921336832844,18.072753527235296,3,3,NA,FALSE,0.037167809597548285
Q06323,PSME1,19.0487086873175,19.164391891977438,3,3,NA,FALSE,-0.11568320465993764
Q06330,RBPJ,19.43060709328402,19.761140975063416,3,3,NA,FALSE,-0.33053388177939524
Q06413,MEF2C,14.638771363061828,15.400459039383476,3,3,NA,FALSE,-0.7616876763216478
Q06481,APLP2,15.006722369585402,14.719003888027391,3,3,NA,FALSE,0.28771848155801116
Q06546,GABPA,17.659879871662433,17.755673034643003,3,3,NA,FALSE,-0.09579316298056995
Q06547,GABPB1,15.316177162567659,15.052697756589552,3,3,NA,FALSE,0.2634794059781065
Q06587,RING1,16.11112987005342,16.060350300307018,3,3,NA,FALSE,0.0507795697464033
Q06609,RAD51,15.255786265717871,14.977009667706477,3,3,NA,FALSE,0.2787765980113939
Q06787,FMR1,17.89144051409116,17.575578952070746,3,3,NA,FALSE,0.3158615620204124
Q07002,CDK18,14.73027404921916,14.57628145277663,3,3,NA,FALSE,0.15399259644252972
Q07020,RPL18,21.97905444829996,21.96074569235463,3,3,NA,FALSE,0.018308755945326993
Q07021,C1QBP,22.253065382088753,22.002380151899683,3,3,NA,FALSE,0.2506852301890703
Q07065,CKAP4,19.251082023540324,19.275629587392057,3,3,NA,FALSE,-0.0245475638517334
Q07157,TJP1,17.15501730077755,17.287294415868132,3,3,NA,FALSE,-0.13227711509058082
Q07352,ZFP36L1,15.515948572764652,15.112402079614887,3,3,NA,FALSE,0.403546493149765
Q07617,SPAG1,14.171930541414019,14.312602029187852,3,3,NA,FALSE,-0.1406714877738331
Q07666,KHDRBS1,21.17955752563079,21.22621221336081,3,3,NA,FALSE,-0.04665468773001891
Q07687,DLX2,15.702434654719134,15.942074940159662,3,3,NA,FALSE,-0.23964028544052773
Q07812,BAX,19.614170947539797,19.392751487380888,3,3,NA,FALSE,0.22141946015890923
Q07817,BCL2L1,14.185560769081818,14.550639653597273,3,3,NA,FALSE,-0.3650788845154551
Q07820,MCL1,15.577476981278442,15.288431695541895,3,3,NA,FALSE,0.2890452857365471
Q07864,POLE,19.40206155007248,19.40585052471083,3,3,NA,FALSE,-0.0037889746383470424
Q07866,KLC1,17.644874000306963,17.71021999240279,3,3,NA,FALSE,-0.06534599209582836
Q07889,SOS1,15.82893987021521,15.910691601341586,3,3,NA,FALSE,-0.08175173112637601
Q07890,SOS2,12.425599783487332,13.01592615549706,2,2,NA,FALSE,-0.5903263720097272
Q07912,TNK2,13.841682529218398,13.481225582531923,3,3,NA,FALSE,0.3604569466864742
Q07954,LRP1,16.244373730573535,16.517082156912664,3,3,NA,FALSE,-0.27270842633912906
Q07955,SRSF1,21.060727147652404,20.687463383591805,3,3,NA,FALSE,0.37326376406059936
Q07960,ARHGAP1,17.73456716176954,17.580153659725855,3,3,NA,FALSE,0.15441350204368476
Q08050,FOXM1,14.132077323035855,14.853143823437568,3,3,NA,FALSE,-0.7210665004017134
Q08117,TLE5,15.723802666365886,15.927620418036186,3,3,NA,FALSE,-0.20381775167030014
Q08170,SRSF4,21.587266391622258,21.245581453393832,3,3,NA,FALSE,0.3416849382284255
Q08209,PPP3CA,18.05025437679751,18.138132440327535,3,3,NA,FALSE,-0.08787806353002381
Q08211,DHX9,21.675863122719385,21.69868498893231,3,3,NA,FALSE,-0.022821866212925812
Q08257,CRYZ,17.683594748827854,17.71048867785192,3,3,NA,FALSE,-0.026893929024065955
Q08357,SLC20A2,14.082350414246385,13.825067411813306,3,3,NA,FALSE,0.2572830024330788
Q08378,GOLGA3,15.570910790517459,15.759902655101538,3,3,NA,FALSE,-0.18899186458407868
Q08379,GOLGA2,18.172906573640194,18.248798268882354,3,3,NA,FALSE,-0.07589169524215933
Q08380,LGALS3BP,15.72979525282511,15.26345930113701,3,3,NA,FALSE,0.4663359516880998
Q08426,EHHADH,17.00811132278973,15.972584766708021,3,3,NA,FALSE,1.0355265560817095
Q08431,MFGE8,15.670335819839726,15.247782801903888,3,3,NA,FALSE,0.4225530179358383
Q08495,DMTN,13.47099182123948,13.21566872975399,3,3,NA,FALSE,0.25532309148549004
Q08499,PDE4D,14.177055014630032,14.665345654414052,2,2,NA,FALSE,-0.48829063978402054
Q08623,PUDP,15.954328859129365,15.985473716321712,3,3,NA,FALSE,-0.03114485719234672
Q08722,CD47,17.82838565233061,17.80620094987934,3,3,NA,FALSE,0.0221847024512698
Q08752,PPID,19.118100130533435,18.977077491377116,3,3,NA,FALSE,0.14102263915631852
Q08945,SSRP1,18.86977014383249,19.28619395461045,3,3,NA,FALSE,-0.4164238107779603
Q08999,RBL2,14.495169695631482,14.698016728824948,3,3,NA,FALSE,-0.20284703319346598
Q08AD1,CAMSAP2,15.001046698413196,14.890117436584996,3,3,NA,FALSE,0.11092926182820051
Q08AE8,SPIRE1,14.504371602280868,14.306808806553434,3,3,NA,FALSE,0.19756279572743374
Q08AF3,SLFN5,12.69232070096259,13.37755670789104,3,3,NA,FALSE,-0.6852360069284504
Q08AM6,VAC14,17.918331397334796,17.940511648030096,3,3,NA,FALSE,-0.02218025069529972
Q08J23,NSUN2,19.274460540461504,19.509330735835047,3,3,NA,FALSE,-0.23487019537354215
Q09019,DMWD,14.195255662925309,14.097824034781643,3,3,NA,FALSE,0.09743162814366535
Q09028,RBBP4,19.98648984809239,19.94948188015915,3,3,NA,FALSE,0.03700796793323846
Q09161,NCBP1,18.817787553208433,18.862692843202456,3,3,NA,FALSE,-0.044905289994023434
Q09328,MGAT5,14.29635230496108,14.268741966144761,3,3,NA,FALSE,0.027610338816318247
Q09472,EP300,16.23906207382227,16.49474462333295,3,3,NA,FALSE,-0.25568254951067715
Q09666,AHNAK,20.74684678148508,21.125328435667814,3,3,NA,FALSE,-0.3784816541827354
Q0GE19,SLC10A7,14.014780781949211,13.65151260402011,2,3,NA,FALSE,0.3632681779291005
Q0IIM8,TBC1D8B,16.1811652244036,16.3499666467919,3,3,NA,FALSE,-0.16880142238829876
Q0JRZ9,FCHO2,16.691426798433387,17.012666318617782,3,3,NA,FALSE,-0.3212395201843954
Q0P651,ABHD18,12.832674532542313,12.253829888280084,2,1,NA,FALSE,0.5788446442622295
Q0P6H9,TMEM62,12.647459621600893,12.406784658515582,3,3,NA,FALSE,0.24067496308531133
Q0PNE2,ELP6,19.0023249191575,18.72058311677508,3,3,NA,FALSE,0.28174180238241675
Q0VDF9,HSPA14,17.52917886917264,17.294277670576047,3,3,NA,FALSE,0.2349011985965923
Q0VDG4,SCRN3,16.917450539263964,17.055098201473587,3,3,NA,FALSE,-0.13764766220962343
Q0VDI3,TMEM267,13.677537605155006,13.298953541218614,2,3,NA,FALSE,0.3785840639363922
Q0VG06,FAAP100,14.910348248563375,15.02846586906251,3,3,NA,FALSE,-0.11811762049913455
Q0VGL1,LAMTOR4,16.44681998090237,16.20616076778139,3,3,NA,FALSE,0.2406592131209777
Q0ZGT2,NEXN,15.463151946426425,15.532357755204316,3,3,NA,FALSE,-0.06920580877789106
Q10469,MGAT2,17.264418376531758,17.344337337234148,3,3,NA,FALSE,-0.0799189607023898
Q10471,GALNT2,17.849625557063746,18.056552955725284,3,3,NA,FALSE,-0.20692739866153786
Q10472,GALNT1,15.643058145227112,15.508696567380381,3,3,NA,FALSE,0.13436157784673064
Q10567,AP1B1,18.079098526696285,18.121088411062914,3,3,NA,FALSE,-0.04198988436662887
Q10570,CPSF1,18.631865201576737,18.52208406676132,3,3,NA,FALSE,0.1097811348154174
Q10587,TEF,13.236894426232553,12.233184767746355,2,2,NA,FALSE,1.0037096584861978
Q10713,PMPCA,17.706386953210846,17.832584376399076,3,3,NA,FALSE,-0.12619742318823057
Q12756,KIF1A,16.767732981930227,16.80603078276689,3,3,NA,FALSE,-0.03829780083666279
Q12765,SCRN1,18.093960046430194,18.15090216330961,3,3,NA,FALSE,-0.05694211687941575
Q12767,TMEM94,17.61294281838963,17.759757696724936,3,3,NA,FALSE,-0.14681487833530582
Q12768,WASHC5,17.11119207540346,17.029546986115147,3,3,NA,FALSE,0.08164508928831182
Q12769,NUP160,19.506245279154612,19.616683733435362,3,3,NA,FALSE,-0.11043845428075016
Q12770,SCAP,15.76985206332304,15.233493820480012,3,3,NA,FALSE,0.5363582428430274
Q12772,SREBF2,16.44935404758803,15.971199999445309,3,3,NA,FALSE,0.4781540481427218
Q12778,FOXO1,16.251210009753663,16.328213644718378,3,3,NA,FALSE,-0.07700363496471496
Q12788,TBL3,17.669555655964327,17.549640908372062,3,3,NA,FALSE,0.11991474759226506
Q12789,GTF3C1,17.698501452982804,17.70589765643859,3,3,NA,FALSE,-0.007396203455787287
Q12792,TWF1,18.1299667661127,18.030510541471184,3,3,NA,FALSE,0.09945622464151782
Q12797,ASPH,18.320476031859318,18.261575128292144,3,3,NA,FALSE,0.05890090356717437
Q12800,TFCP2,17.992310719143084,18.050370973792035,3,3,NA,FALSE,-0.05806025464895015
Q12802,AKAP13,17.24786750911439,17.53023900679138,3,3,NA,FALSE,-0.28237149767699066
Q12815,TROAP,13.48116185132681,12.948410364002866,2,3,NA,FALSE,0.5327514873239441
Q12824,SMARCB1,18.110397409702227,18.196632009348807,3,3,NA,FALSE,-0.08623459964658053
Q12830,BPTF,16.646626169761806,16.578516388735157,3,3,NA,FALSE,0.06810978102664933
Q12834,CDC20,17.404257587329134,17.320419323542485,3,3,NA,FALSE,0.08383826378664949
Q12840,KIF5A,15.880565061772623,15.65292438682591,3,3,NA,FALSE,0.2276406749467128
Q12841,FSTL1,16.73135132995508,16.52065869160146,3,3,NA,FALSE,0.21069263835361696
Q12846,STX4,17.299761116346534,17.331700251472075,3,3,NA,FALSE,-0.031939135125540474
Q12849,GRSF1,17.782878331096864,17.505125679606802,3,3,NA,FALSE,0.27775265149006145
Q12851,MAP4K2,13.318226605324227,13.612463107320949,2,3,NA,FALSE,-0.29423650199672124
Q12857,NFIA,17.542220011868995,17.74321217135782,3,3,NA,FALSE,-0.20099215948882332
Q12860,CNTN1,14.13060952607828,13.648614317876543,3,3,NA,FALSE,0.48199520820173625
Q12866,MERTK,14.981229759746935,14.909373422139938,3,3,NA,FALSE,0.07185633760699695
Q12872,SFSWAP,18.156937682788918,18.10971572587762,3,3,NA,FALSE,0.04722195691129727
Q12873,CHD3,17.98121434224672,18.07561487751832,3,3,NA,FALSE,-0.09440053527159975
Q12874,SF3A3,19.199295011365912,19.29576015848297,3,3,NA,FALSE,-0.09646514711705834
Q12887,COX10,13.500200627796028,13.787993599931914,2,1,NA,FALSE,-0.28779297213588606
Q12888,TP53BP1,17.595219649644946,17.892987152700798,3,3,NA,FALSE,-0.29776750305585153
Q12893,TMEM115,16.84467422613228,16.852668818131395,3,3,NA,FALSE,-0.007994591999114675
Q12894,IFRD2,16.22275566859998,16.357872191589458,3,3,NA,FALSE,-0.13511652298947752
Q12899,TRIM26,15.201796064750258,14.543540781405417,3,3,NA,FALSE,0.6582552833448414
Q12904,AIMP1,18.300353890177433,18.510970900267836,3,3,NA,FALSE,-0.21061701009040235
Q12905,ILF2,20.95073239931541,20.853678099967038,3,3,NA,FALSE,0.09705429934837184
Q12906,ILF3,21.211127367717506,21.16055833728405,3,3,NA,FALSE,0.05056903043345429
Q12907,LMAN2,19.62435319754516,19.68126196736131,3,3,NA,FALSE,-0.05690876981614679
Q12913,PTPRJ,14.273748313104342,14.385146365186829,3,3,NA,FALSE,-0.1113980520824871
Q12923,PTPN13,18.107458425892773,18.549831681626,3,3,NA,FALSE,-0.4423732557332265
Q12926,ELAVL2,16.32888313096055,16.451168557923303,3,3,NA,FALSE,-0.12228542696275468
Q12929,EPS8,15.854602660405801,16.043058449055717,3,3,NA,FALSE,-0.1884557886499163
Q12931,TRAP1,22.874998201776258,22.98534698351492,3,3,NA,FALSE,-0.11034878173866147
Q12933,TRAF2,16.646538023522584,16.83951360723395,3,3,NA,FALSE,-0.19297558371136603
Q12946,FOXF1,14.438808701986957,14.737252460161148,3,3,NA,FALSE,-0.2984437581741908
Q12947,FOXF2,14.631575483180148,14.897325300940157,3,3,NA,FALSE,-0.2657498177600086
Q12948,FOXC1,16.39732091434397,16.245470441139656,3,3,NA,FALSE,0.15185047320431622
Q12955,ANK3,16.06906173862338,16.260049620791094,3,3,NA,FALSE,-0.19098788216771467
Q12959,DLG1,17.36874850082313,17.335721571441205,3,3,NA,FALSE,0.03302692938192564
Q12962,TAF10,15.848441251359336,15.978578294817579,3,3,NA,FALSE,-0.13013704345824273
Q12965,MYO1E,16.880478310237958,16.846260391816337,3,3,NA,FALSE,0.03421791842162136
Q12968,NFATC3,15.879518635630134,16.088226844248542,3,3,NA,FALSE,-0.20870820861840755
Q12972,PPP1R8,18.781010540945065,18.808118040711904,3,3,NA,FALSE,-0.027107499766838572
Q12974,PTP4A2,16.34592775149722,15.991030610754754,3,3,NA,FALSE,0.3548971407424677
Q12979,ABR,16.579340643944164,16.786126694833012,3,3,NA,FALSE,-0.20678605088884794
Q12980,NPRL3,14.121721624133974,14.056456962146813,3,3,NA,FALSE,0.06526466198716108
Q12981,BNIP1,17.255273176124856,17.082237010001673,3,3,NA,FALSE,0.1730361661231825
Q12982,BNIP2,14.995694590218202,14.829119158809506,3,3,NA,FALSE,0.16657543140869535
Q12986,NFX1,13.37090065518525,13.276343592899023,3,3,NA,FALSE,0.09455706228622773
Q12996,CSTF3,19.367461450702262,19.26428316965001,3,3,NA,FALSE,0.10317828105225146
Q13009,TIAM1,14.353170898063546,14.198287969403717,3,3,NA,FALSE,0.15488292865982878
Q13011,ECH1,19.126299822851518,19.09331776117007,3,3,NA,FALSE,0.032982061681448016
Q13015,MLLT11,16.11977180932066,15.496442818344706,3,3,NA,FALSE,0.6233289909759545
Q13017,ARHGAP5,14.962453341763231,14.912245431653343,3,3,NA,FALSE,0.05020791010988823
Q13029,PRDM2,13.279751568057538,13.7273432716489,3,3,NA,FALSE,-0.44759170359136213
Q13033,STRN3,17.156879449370162,17.33313510995461,3,3,NA,FALSE,-0.17625566058444875
Q13042,CDC16,16.206624831602316,16.123843892577256,3,3,NA,FALSE,0.08278093902506001
Q13043,STK4,17.14587102785447,17.026288330411084,3,3,NA,FALSE,0.11958269744338423
Q13045,FLII,17.676339857044063,17.762251075827468,3,3,NA,FALSE,-0.08591121878340502
Q13049,TRIM32,14.11910214156842,13.918963405507958,3,3,NA,FALSE,0.20013873606046317
Q13057,COASY,17.286671011011272,17.07594265152788,3,3,NA,FALSE,0.21072835948339375
Q13084,MRPL28,16.423210574931666,16.377080424195704,3,3,NA,FALSE,0.04613015073596216
Q13085,ACACA,16.84436191419425,16.8832255599504,3,3,NA,FALSE,-0.038863645756151755
Q13098,GPS1,18.86030535863281,18.889126969597392,3,3,NA,FALSE,-0.028821610964580913
Q13099,IFT88,16.453827227076903,16.591686657672756,3,3,NA,FALSE,-0.13785943059585293
Q13105,ZBTB17,12.238980004560473,11.932843643199844,3,3,NA,FALSE,0.30613636136062894
Q13107,USP4,15.875004801538989,15.77320137879852,3,3,NA,FALSE,0.10180342274046872
Q13111,CHAF1A,16.681547442136292,16.688680442020285,3,3,NA,FALSE,-0.007132999883992852
Q13112,CHAF1B,17.7791033996346,17.619243343636096,3,3,NA,FALSE,0.15986005599850373
Q13114,TRAF3,14.618812133659663,14.880514752605853,3,3,NA,FALSE,-0.26170261894618996
Q13123,IK,17.815894520381235,17.650178759633746,3,3,NA,FALSE,0.16571576074748862
Q13126,MTAP,19.213792072240203,19.150316587193007,3,3,NA,FALSE,0.06347548504719569
Q13127,REST,13.630784484806771,13.356097107161235,2,3,NA,FALSE,0.2746873776455363
Q13129,RLF,17.581615906294427,17.469286378506695,3,3,NA,FALSE,0.11232952778773253
Q13131,PRKAA1,18.619832433747924,18.674399523606265,3,3,NA,FALSE,-0.05456708985834169
Q13136,PPFIA1,17.10576347040394,17.20175753207857,3,3,NA,FALSE,-0.09599406167463087
Q13137,CALCOCO2,14.907736715956572,15.359812471540861,3,3,NA,FALSE,-0.45207575558428914
Q13144,EIF2B5,17.245315288613746,17.44940342807853,3,3,NA,FALSE,-0.20408813946478332
Q13148,TARDBP,19.576775003640694,19.55771641814637,3,3,NA,FALSE,0.019058585494324376
Q13151,HNRNPA0,20.921172410944752,21.185047099965487,3,3,NA,FALSE,-0.2638746890207351
Q13153,PAK1,18.58233409636258,18.718625800962034,3,3,NA,FALSE,-0.13629170459945428
Q13155,AIMP2,19.639362859055467,19.862378048685837,3,3,NA,FALSE,-0.22301518963037026
Q13158,FADD,15.605749730034137,15.582422761270205,3,3,NA,FALSE,0.023326968763932143
Q13162,PRDX4,21.68168577654311,21.4121400530539,3,3,NA,FALSE,0.2695457234892089
Q13164,MAPK7,15.835345114198534,16.208204642437956,3,3,NA,FALSE,-0.37285952823942203
Q13177,PAK2,17.398527929599247,17.501177897386576,3,3,NA,FALSE,-0.10264996778732893
Q13185,CBX3,19.979805602280884,19.96532831547432,3,3,NA,FALSE,0.014477286806563683
Q13188,STK3,16.48056596022981,16.379894701289,3,3,NA,FALSE,0.1006712589408103
Q13190,STX5,19.591819963556382,19.568690664314207,3,3,NA,FALSE,0.023129299242174994
Q13200,PSMD2,19.02096861583194,19.12603259919969,3,3,NA,FALSE,-0.10506398336774936
Q13206,DDX10,16.41867804044439,16.173464107376688,3,3,NA,FALSE,0.24521393306770278
Q13207,TBX2,14.40458490421258,14.259344910954056,3,3,NA,FALSE,0.14523999325852444
Q13217,DNAJC3,18.78931068619802,18.578137316479875,3,3,NA,FALSE,0.21117336971814638
Q13227,GPS2,17.633348782491158,17.765224281450845,3,3,NA,FALSE,-0.13187549895968687
Q13228,SELENBP1,17.558523150158447,17.76482802687208,3,3,NA,FALSE,-0.2063048767136344
Q13232,NME3,18.037587506913017,18.046504912490725,3,3,NA,FALSE,-0.008917405577708593
Q13242,SRSF9,20.31696690005518,20.125206618023213,3,3,NA,FALSE,0.19176028203196793
Q13243,SRSF5,18.365782955291387,18.0877067091063,3,3,NA,FALSE,0.278076246185087
Q13247,SRSF6,18.953125192144288,18.673405516118383,3,3,NA,FALSE,0.27971967602590553
Q13257,MAD2L1,18.986747269672044,18.84857001611753,3,3,NA,FALSE,0.13817725355451316
Q13263,TRIM28,20.734375855376673,20.74920770785545,3,3,NA,FALSE,-0.014831852478778274
Q13268,DHRS2,14.45506721241769,14.80317734513971,3,3,NA,FALSE,-0.3481101327220202
Q13277,STX3,15.985096432845351,15.724727714202011,3,3,NA,FALSE,0.2603687186433401
Q13283,G3BP1,20.19912294142868,20.02476993876042,3,3,NA,FALSE,0.17435300266825848
Q13286,CLN3,14.404316489915994,13.541140727642539,3,3,NA,FALSE,0.863175762273455
Q13287,NMI,12.42454418131503,13.074096067274056,3,3,NA,FALSE,-0.6495518859590259
Q13303,KCNAB2,16.320069015248155,16.29217415040906,3,3,NA,FALSE,0.027894864839094424
Q13308,PTK7,16.969025844284985,17.305022460908106,3,3,NA,FALSE,-0.3359966166231203
Q13309,SKP2,16.056304613190356,15.689769381638246,3,3,NA,FALSE,0.36653523155210976
Q13310,PABPC4,20.091855966371337,20.120991113345024,3,3,NA,FALSE,-0.029135146973686687
Q13315,ATM,17.039477656984605,17.340864957925522,3,3,NA,FALSE,-0.3013873009409167
Q13322,GRB10,16.46415671964382,16.674000957305097,3,3,NA,FALSE,-0.2098442376612759
Q13325,IFIT5,15.109311475483056,15.204944116065642,3,3,NA,FALSE,-0.09563264058258625
Q13330,MTA1,18.904048206308385,18.72392772500745,3,3,NA,FALSE,0.1801204813009356
Q13332,PTPRS,14.412207025937386,14.632998278383651,3,3,NA,FALSE,-0.22079125244626496
Q13347,EIF3I,19.11376348971947,18.990834960188906,3,3,NA,FALSE,0.1229285295305651
Q13352,ITGB3BP,14.130286632745067,14.355619446870374,3,3,NA,FALSE,-0.22533281412530748
Q13356,PPIL2,18.065239603607655,18.064040502504465,3,3,NA,FALSE,0.0011991011031895482
Q13362,PPP2R5C,17.328042693231467,17.17119730278417,3,3,NA,FALSE,0.15684539044729817
Q13363,CTBP1,18.264439040513633,18.38628893817362,3,3,NA,FALSE,-0.12184989765998822
Q13367,AP3B2,12.658438431775288,12.837461125762735,3,3,NA,FALSE,-0.17902269398744686
Q13370,PDE3B,12.860008000521667,12.893997136399472,3,3,NA,FALSE,-0.033989135877805055
Q13371,PDCL,19.37724772376619,19.199985173567327,3,3,NA,FALSE,0.1772625501988614
Q13393,PLD1,15.108945130290637,15.223571262108505,3,3,NA,FALSE,-0.11462613181786807
Q13395,TARBP1,15.500021646772048,15.247297687145233,3,3,NA,FALSE,0.25272395962681493
Q13404,UBE2V1,20.259320844291853,20.15918473592933,3,3,NA,FALSE,0.1001361083625234
Q13405,MRPL49,18.409988048383266,18.416692208836306,3,3,NA,FALSE,-0.006704160453040231
Q13409,DYNC1I2,18.51831721580388,18.518308446700487,3,3,NA,FALSE,8.769103391870203e-6
Q13415,ORC1,13.99575796685805,13.928391020372581,3,3,NA,FALSE,0.06736694648546937
Q13416,ORC2,17.551464240713223,17.715988287581688,3,3,NA,FALSE,-0.16452404686846478
Q13418,ILK,17.49272161451721,17.526889016008834,3,3,NA,FALSE,-0.03416740149162223
Q13423,NNT,19.40779942518009,19.6377498271702,3,3,NA,FALSE,-0.2299504019901093
Q13424,SNTA1,18.659419083425256,18.626353382141712,3,3,NA,FALSE,0.0330657012835438
Q13425,SNTB2,17.818425306234143,17.89717431806609,3,3,NA,FALSE,-0.07874901183194538
Q13426,XRCC4,17.660034571993663,17.873344359617583,3,3,NA,FALSE,-0.2133097876239205
Q13427,PPIG,17.858032564365235,17.61074466592934,3,3,NA,FALSE,0.24728789843589638
Q13428,TCOF1,18.85831501757454,19.086005311752643,3,3,NA,FALSE,-0.22769029417810316
Q13432,UNC119,14.644068786420577,14.14189931505034,3,3,NA,FALSE,0.5021694713702374
Q13433,SLC39A6,15.161622296600179,15.399368571768715,3,3,NA,FALSE,-0.23774627516853641
Q13435,SF3B2,19.402352341949282,19.49095178158372,3,3,NA,FALSE,-0.08859943963443939
Q13438,OS9,16.2360607793761,15.920122553005307,3,3,NA,FALSE,0.3159382263707933
Q13439,GOLGA4,17.21964721930245,17.39374619935748,3,3,NA,FALSE,-0.17409898005503166
Q13442,PDAP1,18.993254558076025,19.13518407372501,3,3,NA,FALSE,-0.14192951564898593
Q13443,ADAM9,14.946411128835727,15.040533337347163,3,3,NA,FALSE,-0.09412220851143616
Q13444,ADAM15,13.86223472539826,13.722626390668086,3,3,NA,FALSE,0.1396083347301733
Q13445,TMED1,17.329919586311867,17.32911709863173,3,3,NA,FALSE,8.024876801364655e-4
Q13451,FKBP5,17.725795075467143,17.990567407175746,3,3,NA,FALSE,-0.2647723317086026
Q13454,TUSC3,14.733594187251668,14.480945280626981,3,3,NA,FALSE,0.2526489066246871
Q13459,MYO9B,16.748947866327452,16.759437993068552,3,3,NA,FALSE,-0.01049012674110017
Q13464,ROCK1,18.261084231615197,18.267047110316966,3,3,NA,FALSE,-0.00596287870176937
Q13472,TOP3A,15.560363056873916,15.626903176346863,3,3,NA,FALSE,-0.06654011947294691
Q13480,GAB1,14.696599925398386,14.850872690703135,3,3,NA,FALSE,-0.1542727653047482
Q13485,SMAD4,15.536446930482587,15.484607925050971,3,3,NA,FALSE,0.05183900543161535
Q13488,TCIRG1,10.343539519414557,10.984732305938406,1,3,NA,FALSE,-0.6411927865238489
Q13490,BIRC2,15.342128229565906,15.587239448986214,3,3,NA,FALSE,-0.24511121942030734
Q13491,GPM6B,14.986414759949321,15.56991912626381,3,3,NA,FALSE,-0.5835043663144894
Q13492,PICALM,18.517023354827806,18.610190862912262,3,3,NA,FALSE,-0.09316750808445562
Q13496,MTM1,15.613734443260473,15.547475039513458,3,3,NA,FALSE,0.066259403747015
Q13501,SQSTM1,15.450069582828318,15.647158243823501,3,3,NA,FALSE,-0.19708866099518296
Q13505,MTX1,17.419148572242438,17.43411493373769,3,3,NA,FALSE,-0.01496636149525088
Q13509,TUBB3,22.573750290205968,22.65108668215416,3,3,NA,FALSE,-0.0773363919481902
Q13510,ASAH1,17.803708346276956,17.785504050092598,3,3,NA,FALSE,0.018204296184357815
Q13523,PRP4K,18.12603824667262,18.089294436415255,3,3,NA,FALSE,0.036743810257366505
Q13526,PIN1,18.053998593443186,18.39923406291536,3,3,NA,FALSE,-0.34523546947217554
Q13530,SERINC3,14.205083056965396,14.065861037348549,2,3,NA,FALSE,0.139222019616847
Q13535,ATR,15.62294812240674,15.75994134586967,3,3,NA,FALSE,-0.1369932234629303
Q13541,EIF4EBP1,14.153079909429552,14.683386838426573,3,3,NA,FALSE,-0.530306928997021
Q13546,RIPK1,19.34845869429174,19.040400946000272,3,3,NA,FALSE,0.3080577482914677
Q13547,HDAC1,19.98474559869763,19.98789206192595,3,3,NA,FALSE,-0.0031464632283224603
Q13554,CAMK2B,12.96331756118597,12.259116680322146,3,3,NA,FALSE,0.7042008808638247
Q13555,CAMK2G,16.588510263042895,16.585275139664063,3,3,NA,FALSE,0.003235123378832583
Q13557,CAMK2D,18.290063535019186,18.43202266499884,3,3,NA,FALSE,-0.14195912997965365
Q13561,DCTN2,19.652834131813403,19.766389740015153,3,3,NA,FALSE,-0.11355560820175015
Q13563,PKD2,17.23612586715905,17.278879760007246,3,3,NA,FALSE,-0.04275389284819653
Q13564,NAE1,18.60932744711593,18.726719518014455,3,3,NA,FALSE,-0.11739207089852499
Q13569,TDG,13.902576072792401,13.630613229863206,3,3,NA,FALSE,0.27196284292919515
Q13572,ITPK1,15.336777459688294,15.084138170734507,3,3,NA,FALSE,0.2526392889537874
Q13573,SNW1,18.345501562383337,18.14324806893596,3,3,NA,FALSE,0.2022534934473761
Q13574,DGKZ,13.254626775735252,13.450631282961686,3,3,NA,FALSE,-0.1960045072264336
Q13576,IQGAP2,16.61353136764434,16.884506493020954,3,3,NA,FALSE,-0.27097512537661217
Q13585,GPR50,14.092162727077751,11.558116809358944,1,1,NA,FALSE,2.5340459177188066
Q13586,STIM1,17.36610166762935,17.233198569383386,3,3,NA,FALSE,0.1329030982459649
Q13595,TRA2A,19.61040237497715,19.29451192370771,3,3,NA,FALSE,0.31589045126943915
Q13596,SNX1,17.139102132577705,17.093031778322537,3,3,NA,FALSE,0.0460703542551677
Q13601,KRR1,17.905133574883664,17.90187959564453,3,3,NA,FALSE,0.0032539792391332867
Q13608,PEX6,14.320723976488868,13.861604295244275,3,3,NA,FALSE,0.45911968124459257
Q13610,PWP1,18.938801664001804,18.633407069480803,3,3,NA,FALSE,0.30539459452100104
Q13613,MTMR1,16.18832612915263,16.16340993013055,3,3,NA,FALSE,0.02491619902208342
Q13614,MTMR2,14.429461925182958,14.445191582320897,3,3,NA,FALSE,-0.015729657137939057
Q13615,MTMR3,15.780637464665729,15.661265955267668,3,3,NA,FALSE,0.11937150939806074
Q13616,CUL1,17.75945657756992,17.650872523337235,3,3,NA,FALSE,0.10858405423268636
Q13617,CUL2,17.831910425000057,17.962427406701106,3,3,NA,FALSE,-0.13051698170104942
Q13618,CUL3,17.973178965513704,18.013187446770765,3,3,NA,FALSE,-0.040008481257061135
Q13619,CUL4A,15.090246201115551,15.010703359159033,3,3,NA,FALSE,0.07954284195651873
Q13620,CUL4B,18.692006314191474,18.592321410538897,3,3,NA,FALSE,0.09968490365257665
Q13625,TP53BP2,15.208311392910566,15.565045022527668,3,3,NA,FALSE,-0.35673362961710176
Q13627,DYRK1A,16.457292233874018,16.796696672603076,3,3,NA,FALSE,-0.33940443872905846
Q13630,GFUS,17.257334775262375,17.227366864186745,3,3,NA,FALSE,0.029967911075630127
Q13635,PTCH1,12.622691583332351,13.22624919617296,3,3,NA,FALSE,-0.6035576128406088
Q13636,RAB31,16.159367322594605,16.371443112858792,3,3,NA,FALSE,-0.212075790264187
Q13637,RAB32,16.145227821746655,15.657597443358673,3,3,NA,FALSE,0.4876303783879816
Q13641,TPBG,15.523172498248325,15.990418423188466,3,3,NA,FALSE,-0.4672459249401406
Q13642,FHL1,20.5031551224482,20.907407623113983,3,3,NA,FALSE,-0.404252500665784
Q13643,FHL3,15.28675505458142,15.396231477654506,3,3,NA,FALSE,-0.10947642307308669
Q13670,PMS2P11,12.970232778708604,13.277076975281528,3,3,NA,FALSE,-0.30684419657292317
Q13683,ITGA7,15.124364380473034,15.480818464213971,3,3,NA,FALSE,-0.3564540837409371
Q13685,AAMP,17.53110782809283,17.686360743745166,3,3,NA,FALSE,-0.155252915652337
Q13686,ALKBH1,14.235439893992107,13.010952527219521,1,3,NA,FALSE,1.2244873667725855
Q13724,MOGS,19.298230507983856,19.23467211489602,3,3,NA,FALSE,0.06355839308783473
Q13740,ALCAM,17.643338775973405,18.25916500535687,3,3,NA,FALSE,-0.6158262293834653
Q13769,THOC5,17.406088729705566,17.28754201409834,3,3,NA,FALSE,0.11854671560722707
Q13794,PMAIP1,12.931171572379592,13.003589426629468,3,3,NA,FALSE,-0.0724178542498759
Q13795,ARFRP1,16.022751515122785,16.730023777064485,3,3,NA,FALSE,-0.7072722619417
Q13813,SPTAN1,20.155788316249144,20.394710759923317,3,3,NA,FALSE,-0.23892244367417348
Q13823,GNL2,17.374329619917823,17.580553994072297,3,3,NA,FALSE,-0.20622437415447337
Q13825,AUH,15.119300118347002,15.509400907959522,3,3,NA,FALSE,-0.3901007896125197
Q13838,DDX39B,22.449517309803024,22.590552944483807,3,3,NA,FALSE,-0.14103563468078306
Q13867,BLMH,18.864023408801664,18.746252549503986,3,3,NA,FALSE,0.1177708592976785
Q13868,EXOSC2,18.452925902246395,18.438352773785724,3,3,NA,FALSE,0.014573128460671825
Q13884,SNTB1,13.802347575634267,14.15072955899901,3,3,NA,FALSE,-0.34838198336474413
Q13885,TUBB2A,19.915127038840634,19.722439338921905,3,3,NA,FALSE,0.19268769991872858
Q13889,GTF2H3,14.712391723058658,14.556862584153373,3,3,NA,FALSE,0.15552913890528508
Q13895,BYSL,17.441501414329135,17.386020882283056,3,3,NA,FALSE,0.05548053204607939
Q13901,C1D,16.965335831994036,16.89802304588062,3,3,NA,FALSE,0.06731278611341551
Q13905,RAPGEF1,14.486291685245938,14.380208799288212,3,3,NA,FALSE,0.10608288595772564
Q13907,IDI1,17.718401622897,17.40010207508909,3,3,NA,FALSE,0.3182995478079107
Q13951,CBFB,17.043685214822855,17.011200301613293,3,3,NA,FALSE,0.03248491320956148
Q13952,NFYC,17.21235642560105,17.416031697847924,3,3,NA,FALSE,-0.20367527224687265
Q13976,PRKG1,16.94520897442101,17.397077307866446,3,3,NA,FALSE,-0.45186833344543587
Q14004,CDK13,16.360464575344253,16.47742613007006,3,3,NA,FALSE,-0.11696155472580827
Q14008,CKAP5,18.350302697093216,18.44598622930479,3,3,NA,FALSE,-0.09568353221157366
Q14011,CIRBP,19.644163876270703,19.47391646677619,3,3,NA,FALSE,0.17024740949451456
Q14012,CAMK1,17.319138277671804,17.292060983465067,3,3,NA,FALSE,0.027077294206737434
Q14019,COTL1,17.485016266267245,17.240355184940942,3,3,NA,FALSE,0.24466108132630282
Q14061,COX17,13.681660536169122,14.419478301066352,2,2,NA,FALSE,-0.7378177648972297
Q14103,HNRNPD,22.237259097096885,22.12532458756809,3,3,NA,FALSE,0.11193450952879402
Q14108,SCARB2,18.59389083015153,18.399716332399336,3,3,NA,FALSE,0.19417449775219353
Q14118,DAG1,15.760470317998765,16.20368877938558,3,3,NA,FALSE,-0.44321846138681487
Q14119,VEZF1,13.9811216505834,14.23692045710554,3,3,NA,FALSE,-0.25579880652214015
Q14126,DSG2,18.383150700848145,18.848532031809697,3,3,NA,FALSE,-0.4653813309615522
Q14135,VGLL4,13.264481737529092,13.581075977751627,2,3,NA,FALSE,-0.31659424022253546
Q14137,BOP1,17.930328572234796,17.87339349418537,3,3,NA,FALSE,0.056935078049427545
Q14139,UBE4A,18.158234352949513,18.14454751832819,3,3,NA,FALSE,0.013686834621324806
Q14141,SEPTIN6,16.461489393834192,16.398546804493048,3,3,NA,FALSE,0.06294258934114438
Q14145,KEAP1,15.042586803699798,14.542233066492221,3,3,NA,FALSE,0.5003537372075773
Q14146,URB2,20.767897699402322,20.545818403795813,3,3,NA,FALSE,0.22207929560650896
Q14147,DHX34,15.434887718962266,15.297423996864234,3,3,NA,FALSE,0.13746372209803148
Q14149,MORC3,15.61378108752461,15.74806680014945,3,3,NA,FALSE,-0.13428571262484112
Q14151,SAFB2,17.704976959205528,17.743058366826787,3,3,NA,FALSE,-0.038081407621259444
Q14152,EIF3A,20.709318342570768,20.62151933186962,3,3,NA,FALSE,0.08779901070114704
Q14155,ARHGEF7,14.712011289045481,14.613813879605498,3,3,NA,FALSE,0.09819740943998312
Q14156,EFR3A,15.791850773410456,15.58475954043634,3,3,NA,FALSE,0.20709123297411658
Q14157,UBAP2L,18.607332509288057,18.717795934755298,3,3,NA,FALSE,-0.1104634254672412
Q14160,SCRIB,17.528055507253907,17.58221872652439,3,3,NA,FALSE,-0.05416321927048173
Q14161,GIT2,16.3947286850621,16.556586155455776,3,3,NA,FALSE,-0.16185747039367726
Q14165,MLEC,18.5334668675053,18.47243086662411,3,3,NA,FALSE,0.061036000881191654
Q14166,TTLL12,19.009854530518822,19.043485992482484,3,3,NA,FALSE,-0.033631461963661735
Q14168,MPP2,18.8073200678475,18.90609208014747,3,3,NA,FALSE,-0.09877201229997112
Q14181,POLA2,17.74103976609619,18.046894668054083,3,3,NA,FALSE,-0.30585490195789333
Q14185,DOCK1,15.47365636461516,15.556374651885118,3,3,NA,FALSE,-0.08271828726995878
Q14186,TFDP1,15.763413913396802,15.402206707088945,3,3,NA,FALSE,0.3612072063078564
Q14188,TFDP2,14.47636931656525,14.685427137372669,3,3,NA,FALSE,-0.20905782080741808
Q14191,WRN,15.030360756928754,15.25383274900509,3,3,NA,FALSE,-0.22347199207633572
Q14192,FHL2,14.16191367520175,14.109501777410095,3,3,NA,FALSE,0.05241189779165545
Q14197,MRPL58,17.30344985471098,17.21116031930186,3,3,NA,FALSE,0.09228953540911888
Q14202,ZMYM3,18.94843105684027,19.096551846636206,3,3,NA,FALSE,-0.1481207897959358
Q14203,DCTN1,18.09944433884591,18.2141904518536,3,3,NA,FALSE,-0.11474611300769055
Q14204,DYNC1H1,19.950186047011613,19.97932593200647,3,3,NA,FALSE,-0.029139884994858534
Q14207,NPAT,14.341395551663537,14.172429560828027,3,3,NA,FALSE,0.16896599083550967
Q14232,EIF2B1,19.83184189835351,19.72066598640701,3,3,NA,FALSE,0.1111759119464999
Q14240,EIF4A2,18.024289822247837,18.2022154009333,3,3,NA,FALSE,-0.1779255786854641
Q14241,ELOA,16.799002403408057,17.00745783369358,3,3,NA,FALSE,-0.20845543028552171
Q14244,MAP7,15.479734253942997,15.719601202864718,3,3,NA,FALSE,-0.2398669489217209
Q14247,CTTN,19.37222911228502,19.485252236531178,3,3,NA,FALSE,-0.11302312424615835
Q14249,ENDOG,15.703942586869006,14.945981233293871,3,2,NA,FALSE,0.7579613535751353
Q14254,FLOT2,17.988266644939234,18.219679035551046,3,3,NA,FALSE,-0.23141239061181196
Q14257,RCN2,19.684586049991502,19.64387501232916,3,3,NA,FALSE,0.04071103766234074
Q14258,TRIM25,18.000498065922674,18.02235133674061,3,3,NA,FALSE,-0.02185327081793531
Q14296,FASTK,12.82597035765059,13.425036218606023,3,3,NA,FALSE,-0.5990658609554327
Q14315,FLNC,16.397654262904602,17.17168923350684,3,3,NA,FALSE,-0.7740349706022371
Q14318,FKBP8,18.056345947180414,17.689744938974556,3,3,NA,FALSE,0.3666010082058584
Q14320,FAM50A,18.936241395914138,19.136857310377838,3,3,NA,FALSE,-0.2006159144637003
Q14331,FRG1,16.744023773024015,16.463617317625545,3,3,NA,FALSE,0.2804064553984702
Q14344,GNA13,21.07093150742838,20.841559308469815,3,3,NA,FALSE,0.22937219895856487
Q14353,GAMT,18.592113398715405,18.32546942719778,3,3,NA,FALSE,0.26664397151762387
Q14376,GALE,17.259958635005216,17.332316813697787,3,3,NA,FALSE,-0.07235817869257133
Q14410,GK2,14.0199768499157,14.148947783073073,2,3,NA,FALSE,-0.1289709331573725
Q14435,GALNT3,12.644775645356255,13.042263699488556,3,3,NA,FALSE,-0.39748805413230137
Q14442,PIGH,15.329245597850061,13.940826088691665,1,2,NA,FALSE,1.3884195091583962
Q14444,CAPRIN1,18.81116550365177,18.51066757690632,3,3,NA,FALSE,0.3004979267454502
Q14451,GRB7,14.716911827577311,14.910610293598339,3,3,NA,FALSE,-0.19369846602102747
Q14457,BECN1,15.464457776405798,15.138251557818984,3,3,NA,FALSE,0.32620621858681353
Q14469,HES1,14.574649837861054,14.974633145144436,3,3,NA,FALSE,-0.3999833072833816
Q14493,SLBP,16.997004068599924,16.64771394593776,3,3,NA,FALSE,0.34929012266216475
Q14494,NFE2L1,11.972346260965166,12.40404856290513,3,3,NA,FALSE,-0.4317023019399642
Q14498,RBM39,19.26715827503569,19.115835640293657,3,3,NA,FALSE,0.15132263474203356
Q14517,FAT1,13.44319810955912,12.53186458051161,3,3,NA,FALSE,0.9113335290475106
Q14527,HLTF,17.723024113271165,17.438992361309538,3,3,NA,FALSE,0.2840317519616278
Q14534,SQLE,16.50546193952571,15.393303150755955,3,3,NA,FALSE,1.1121587887697544
Q14542,SLC29A2,13.658552299808052,13.829395596984172,3,3,NA,FALSE,-0.1708432971761198
Q14554,PDIA5,15.981549614699441,15.997506221237563,3,3,NA,FALSE,-0.01595660653812203
Q14558,PRPSAP1,17.796164572924113,17.606041738206763,3,3,NA,FALSE,0.19012283471735003
Q14562,DHX8,19.54364103746392,19.33250409303081,3,3,NA,FALSE,0.21113694443311104
Q14566,MCM6,19.820955541670855,19.924709265607497,3,3,NA,FALSE,-0.1037537239366415
Q14571,ITPR2,18.046047317317715,18.3414614237186,3,3,NA,FALSE,-0.2954141064008837
Q14573,ITPR3,16.788637917794095,17.149226565542698,3,3,NA,FALSE,-0.3605886477486031
Q14574,DSC3,14.356745555587363,14.250219708430569,3,3,NA,FALSE,0.10652584715679403
Q14596,NBR1,15.605292297391468,15.503910046604975,3,3,NA,FALSE,0.10138225078649299
Q14624,ITIH4,15.423814139522873,13.125610085586587,3,3,NA,FALSE,2.2982040539362867
Q14642,INPP5A,15.576548908223936,15.611748142142725,3,3,NA,FALSE,-0.035199233918788764
Q14643,ITPR1,15.117734927285147,15.474771134313459,3,3,NA,FALSE,-0.35703620702831174
Q14651,PLS1,16.56613349507901,16.56493618272816,3,3,NA,FALSE,0.0011973123508504102
Q14653,IRF3,17.374854575253256,17.48085874004502,3,3,NA,FALSE,-0.10600416479176289
Q14657,LAGE3,16.12318271219388,16.224956496466213,3,3,NA,FALSE,-0.10177378427233208
Q14667,BLTP2,13.347875877211766,13.266676212107978,3,3,NA,FALSE,0.08119966510378873
Q14669,TRIP12,18.97101256920896,18.867616184642216,3,3,NA,FALSE,0.10339638456674294
Q14671,PUM1,17.678883870961418,17.75049734803229,3,3,NA,FALSE,-0.07161347707087273
Q14674,ESPL1,15.854318308680766,15.52890775994259,3,3,NA,FALSE,0.32541054873817465
Q14676,MDC1,18.325471371811584,18.56538431769269,3,3,NA,FALSE,-0.23991294588110534
Q14677,CLINT1,17.880996587354257,17.894797157864787,3,3,NA,FALSE,-0.013800570510529298
Q14678,KANK1,13.385179964377594,13.438086803408273,3,3,NA,FALSE,-0.05290683903067972
Q14679,TTLL4,11.871748721890288,11.857435001661852,3,3,NA,FALSE,0.014313720228436466
Q14680,MELK,14.309654115201507,14.029684062153317,3,3,NA,FALSE,0.27997005304819034
Q14681,KCTD2,14.174675053228412,13.80799642880192,3,3,NA,FALSE,0.366678624426493
Q14683,SMC1A,20.345301314341512,20.350024670666755,3,3,NA,FALSE,-0.004723356325243344
Q14684,RRP1B,18.656123401338142,18.401931900505513,3,3,NA,FALSE,0.2541915008326292
Q14686,NCOA6,14.310242182598357,14.489834849354121,3,3,NA,FALSE,-0.1795926667557648
Q14687,GSE1,15.127272784008925,15.442179117370568,3,3,NA,FALSE,-0.31490633336164287
Q14689,DIP2A,14.192000767020414,14.114448008856726,3,3,NA,FALSE,0.07755275816368723
Q14690,PDCD11,18.3059090729805,18.32338392559655,3,3,NA,FALSE,-0.017474852616047087
Q14691,GINS1,18.235507473743017,18.13282581832872,3,3,NA,FALSE,0.10268165541429752
Q14692,BMS1,17.7995242123529,17.819758377306872,3,3,NA,FALSE,-0.020234164953972567
Q14693,LPIN1,14.717137542198392,14.80410680873884,3,3,NA,FALSE,-0.08696926654044823
Q14694,USP10,17.68393667406633,17.603250922907442,3,3,NA,FALSE,0.08068575115888876
Q14696,MESD,18.399778489725215,18.313320432158715,3,3,NA,FALSE,0.08645805756649949
Q14697,GANAB,20.589434394349087,20.452335403030894,3,3,NA,FALSE,0.1370989913181937
Q14699,RFTN1,14.54308539783062,14.717995206145227,3,3,NA,FALSE,-0.17490980831460767
Q14703,MBTPS1,13.954682004117636,13.624373881281992,2,3,NA,FALSE,0.33030812283564437
Q14728,MFSD10,15.586623215084513,15.09360989572903,3,3,NA,FALSE,0.49301331935548376
Q14738,PPP2R5D,17.350506668689746,17.134886421730773,3,3,NA,FALSE,0.21562024695897364
Q14739,LBR,20.51681142999713,20.52957820524131,3,3,NA,FALSE,-0.012766775244180906
Q14746,COG2,15.84286286922484,15.968325259267466,3,3,NA,FALSE,-0.12546239004262638
Q14781,CBX2,16.224218788996655,16.130517979420766,3,3,NA,FALSE,0.09370080957588911
Q14789,GOLGB1,19.996393844870003,20.107362381759767,3,3,NA,FALSE,-0.11096853688976438
Q14790,CASP8,17.181162659687995,17.26449976954646,3,3,NA,FALSE,-0.08333710985846565
Q147X3,NAA30,15.548050700443843,15.768913740487623,3,3,NA,FALSE,-0.22086304004377943
Q14807,KIF22,17.82748912062664,17.84783479022728,3,3,NA,FALSE,-0.020345669600640548
Q14814,MEF2D,14.642833991630848,14.678190526388597,3,3,NA,FALSE,-0.03535653475774936
Q14839,CHD4,19.768001713726388,19.759083316036133,3,3,NA,FALSE,0.008918397690255375
Q14847,LASP1,17.758192279454892,17.933374612411633,3,3,NA,FALSE,-0.1751823329567408
Q14849,STARD3,16.064619578108925,15.78784329488493,3,3,NA,FALSE,0.2767762832239953
Q14865,ARID5B,15.051389501556958,15.223107958472957,3,3,NA,FALSE,-0.17171845691599863
Q14919,DRAP1,18.07628079685424,18.167361761071234,3,3,NA,FALSE,-0.09108096421699585
Q14934,NFATC4,15.011780236164821,15.038701319806654,3,3,NA,FALSE,-0.026921083641832766
Q14938,NFIX,15.663926482369567,15.656016991593711,3,3,NA,FALSE,0.007909490775855232
Q14964,RAB39A,13.832951197126398,13.125959907519565,3,3,NA,FALSE,0.7069912896068331
Q14966,ZNF638,17.87099931603987,17.767837201428605,3,3,NA,FALSE,0.10316211461126557
Q14974,KPNB1,20.82480954282566,20.78429714910698,3,3,NA,FALSE,0.04051239371867865
Q14978,NOLC1,17.910757263283532,17.899403871059967,3,3,NA,FALSE,0.01135339222356535
Q14980,NUMA1,19.111327034098185,19.238899339914436,3,3,NA,FALSE,-0.12757230581625123
Q14997,PSME4,16.46037840647463,16.550871417570654,3,3,NA,FALSE,-0.09049301109602581
Q14999,CUL7,15.076440364418913,14.954740721629003,3,3,NA,FALSE,0.12169964278990975
Q149N8,SHPRH,17.77358483449459,17.626363260384228,3,3,NA,FALSE,0.14722157411036108
Q14BN4,SLMAP,17.97470644592661,17.959194069621034,3,3,NA,FALSE,0.015512376305576225
Q14C86,GAPVD1,17.41086817744314,17.363291526659317,3,3,NA,FALSE,0.04757665078382445
Q14CB8,ARHGAP19,15.549040457116325,15.613560738265143,3,3,NA,FALSE,-0.06452028114881792
Q14CS0,UBXN2B,14.088213350906434,14.263677408158784,3,3,NA,FALSE,-0.17546405725235026
Q14CX7,NAA25,17.602041408045764,17.72920084586817,3,3,NA,FALSE,-0.12715943782240657
Q14CZ7,FASTKD3,14.487238987584812,14.445254519153162,3,3,NA,FALSE,0.04198446843165016
Q15003,NCAPH,17.72386091738179,17.804798956322546,3,3,NA,FALSE,-0.0809380389407579
Q15004,PCLAF,14.913148386882211,15.188395471668034,3,3,NA,FALSE,-0.27524708478582305
Q15005,SPCS2,18.156804991099303,17.87577743978323,3,3,NA,FALSE,0.2810275513160718
Q15006,EMC2,17.6320532011942,17.471617120917166,3,3,NA,FALSE,0.1604360802770337
Q15007,WTAP,17.539575795479223,17.52973137807483,3,3,NA,FALSE,0.00984441740439479
Q15008,PSMD6,19.148547602082363,19.149540620489894,3,3,NA,FALSE,-9.930184075308546e-4
Q15011,HERPUD1,14.504292899092242,14.680529368294563,3,3,NA,FALSE,-0.17623646920232083
Q15012,LAPTM4A,14.870761038285297,14.950164646126701,2,1,NA,FALSE,-0.07940360784140488
Q15013,MAD2L1BP,15.112186692671424,15.232818094197997,3,3,NA,FALSE,-0.12063140152657326
Q15014,MORF4L2,18.04720369411839,17.75141728394617,3,3,NA,FALSE,0.2957864101722194
Q15018,ABRAXAS2,16.226692291140548,16.229982772522398,3,3,NA,FALSE,-0.0032904813818497303
Q15019,SEPTIN2,20.049875558547186,20.061264974111687,3,3,NA,FALSE,-0.011389415564501348
Q15020,SART3,17.841125861397853,18.054299519422255,3,3,NA,FALSE,-0.21317365802440236
Q15021,NCAPD2,17.39033528344347,17.419541846867425,3,3,NA,FALSE,-0.02920656342395489
Q15022,SUZ12,16.209641692512776,16.169220723027493,3,3,NA,FALSE,0.0404209694852824
Q15024,EXOSC7,18.232839257803615,18.267125245082152,3,3,NA,FALSE,-0.03428598727853682
Q15025,TNIP1,14.142111105022458,13.881531145153971,3,3,NA,FALSE,0.2605799598684868
Q15029,EFTUD2,20.431881599667786,20.327487365721584,3,3,NA,FALSE,0.10439423394620206
Q15031,LARS2,17.60761477357078,17.716042852701847,3,3,NA,FALSE,-0.10842807913106611
Q15032,R3HDM1,14.21313913734427,14.321616698733663,3,3,NA,FALSE,-0.10847756138939424
Q15035,TRAM2,14.139273323626638,13.566009908618856,3,3,NA,FALSE,0.5732634150077818
Q15036,SNX17,18.022854878965397,17.74516631087505,3,3,NA,FALSE,0.2776885680903476
Q15040,JOSD1,13.693266785584594,13.477777929722928,3,3,NA,FALSE,0.21548885586166655
Q15041,ARL6IP1,17.409837748887686,16.952682683872585,3,3,NA,FALSE,0.45715506501510106
Q15042,RAB3GAP1,19.14812563093188,19.183705820260975,3,3,NA,FALSE,-0.0355801893290959
Q15043,SLC39A14,15.055228469187949,15.669729051564488,3,3,NA,FALSE,-0.6145005823765395
Q15046,KARS1,19.240706514639154,19.23066665933987,3,3,NA,FALSE,0.010039855299282863
Q15047,SETDB1,18.61074155871396,18.567536870159827,3,3,NA,FALSE,0.04320468855413395
Q15048,LRRC14,18.968195528065287,19.062936918020768,3,3,NA,FALSE,-0.09474138995548032
Q15050,RRS1,18.85064468198115,19.009764896219462,3,3,NA,FALSE,-0.15912021423831035
Q15051,IQCB1,14.535474298587204,14.465246412396194,3,3,NA,FALSE,0.0702278861910095
Q15052,ARHGEF6,16.29768340680307,16.407883496767074,3,3,NA,FALSE,-0.11020008996400321
Q15054,POLD3,16.62158546773299,16.659371788915582,3,3,NA,FALSE,-0.0377863211825904
Q15056,EIF4H,20.414276345650407,20.383902865532615,3,3,NA,FALSE,0.03037348011779173
Q15057,ACAP2,15.61273112281114,15.92519677766437,3,3,NA,FALSE,-0.31246565485323075
Q15058,KIF14,16.48355199300429,16.40617031061947,3,3,NA,FALSE,0.07738168238482146
Q15059,BRD3,16.57438343487026,16.66829046540185,3,3,NA,FALSE,-0.09390703053158944
Q15061,WDR43,18.475419176735326,18.398891807829088,3,3,NA,FALSE,0.07652736890623757
Q15063,POSTN,15.707063993779292,15.364014526258105,3,1,NA,FALSE,0.3430494675211868
Q15067,ACOX1,17.410642677220633,16.866764694967156,3,3,NA,FALSE,0.5438779822534769
Q15070,OXA1L,16.037326398608748,16.004549323249577,3,3,NA,FALSE,0.03277707535917074
Q15072,ZNF146,14.048679446818129,14.022177726045827,3,3,NA,FALSE,0.02650172077230195
Q15075,EEA1,17.36291192832522,17.82889474601423,3,3,NA,FALSE,-0.4659828176890102
Q15084,PDIA6,21.2566382201921,21.03468237030082,3,3,NA,FALSE,0.22195584989128037
Q15102,PAFAH1B3,19.821769737568907,19.760132284457345,3,3,NA,FALSE,0.06163745311156177
Q15111,PLCL1,13.155110488796765,13.492007893572936,3,3,NA,FALSE,-0.33689740477617036
Q15118,PDK1,16.930456340931595,17.305473630860497,3,3,NA,FALSE,-0.37501728992890193
Q15119,PDK2,18.95790505493909,19.061274461032568,3,3,NA,FALSE,-0.10336940609347778
Q15120,PDK3,18.52671097180013,18.526741818342444,3,3,NA,FALSE,-3.084654231244599e-5
Q15121,PEA15,17.12537314084642,17.245844583485486,3,3,NA,FALSE,-0.12047144263906517
Q15124,PGM5,12.2689675176922,11.775941682013475,2,2,NA,FALSE,0.4930258356787256
Q15125,EBP,19.681789215848656,19.341474886647422,3,3,NA,FALSE,0.3403143292012345
Q15126,PMVK,18.048839837721882,18.046965498072648,3,3,NA,FALSE,0.0018743396492340025
Q15131,CDK10,14.265661517861107,13.843956861812035,3,3,NA,FALSE,0.42170465604907115
Q15139,PRKD1,15.112921224241882,15.266800701712281,3,3,NA,FALSE,-0.1538794774703991
Q15147,PLCB4,12.207672484793898,12.486572219435937,3,3,NA,FALSE,-0.27889973464203877
Q15149,PLEC,18.79614228555762,18.906133210880835,3,3,NA,FALSE,-0.10999092532321342
Q15154,PCM1,15.65568313012277,15.663424995919678,3,3,NA,FALSE,-0.007741865796909053
Q15155,NOMO1,18.228469852819835,17.92482326167769,3,3,NA,FALSE,0.30364659114214376
Q15165,PON2,17.411990464673874,17.290416898460922,3,3,NA,FALSE,0.12157356621295179
Q15170,TCEAL1,14.257186408030018,14.059492420243688,3,3,NA,FALSE,0.19769398778633018
Q15172,PPP2R5A,16.30229050901871,15.886153045138302,3,3,NA,FALSE,0.41613746388040873
Q15173,PPP2R5B,13.728076690974744,14.01608186882642,3,3,NA,FALSE,-0.28800517785167656
Q15181,PPA1,20.711158210118167,20.709209401524458,3,3,NA,FALSE,0.0019488085937098276
Q15185,PTGES3,21.735668663701826,21.707914729783404,3,3,NA,FALSE,0.02775393391842229
Q15208,STK38,15.647221551549745,15.50368830517463,3,3,NA,FALSE,0.14353324637511378
Q15233,NONO,21.839286426315457,21.824825720943036,3,3,NA,FALSE,0.0144607053724215
Q15257,PTPA,18.701949084611936,18.85898336168591,3,3,NA,FALSE,-0.15703427707397566
Q15262,PTPRK,14.310192287031274,14.70372223108739,3,3,NA,FALSE,-0.39352994405611597
Q15269,PWP2,18.66276226498159,18.542642806358515,3,3,NA,FALSE,0.12011945862307627
Q15274,QPRT,18.26408597578423,17.655025620489884,3,3,NA,FALSE,0.6090603552943463
Q15276,RABEP1,21.83853698386759,21.895262854587877,3,3,NA,FALSE,-0.05672587072028534
Q15283,RASA2,14.692884848324306,14.87914333203718,3,3,NA,FALSE,-0.18625848371287468
Q15286,RAB35,18.928564886665885,18.980001511896898,3,3,NA,FALSE,-0.051436625231012556
Q15287,RNPS1,19.71334472310021,19.507765774420907,3,3,NA,FALSE,0.20557894867930315
Q15291,RBBP5,18.000959097475395,18.039181362521166,3,3,NA,FALSE,-0.03822226504577131
Q15293,RCN1,20.301286429209398,20.203312000076618,3,3,NA,FALSE,0.09797442913277976
Q15311,RALBP1,18.3817375834075,18.340728230756092,3,3,NA,FALSE,0.04100935265140748
Q15326,ZMYND11,14.950027709106338,14.763190862479103,3,3,NA,FALSE,0.18683684662723543
Q15329,E2F5,13.392397958810886,13.174276354075067,2,3,NA,FALSE,0.21812160473581876
Q15334,LLGL1,15.873431175182947,16.05600088104197,3,3,NA,FALSE,-0.18256970585902366
Q15345,LRRC41,15.603669848237843,15.620694912377331,3,3,NA,FALSE,-0.017025064139488677
Q15361,TTF1,15.072223369089887,15.060520992047799,3,3,NA,FALSE,0.011702377042087875
Q15363,TMED2,18.94701477729392,18.654629420891524,3,3,NA,FALSE,0.29238535640239505
Q15365,PCBP1,20.973306375247414,21.088634143460567,3,3,NA,FALSE,-0.11532776821315238
Q15366,PCBP2,21.238341337027446,21.54432486700098,3,3,NA,FALSE,-0.30598352997353473
Q15369,ELOC,18.87630651444071,18.826539960375346,3,3,NA,FALSE,0.04976655406536423
Q15370,ELOB,18.864644962515968,18.665427744779205,3,3,NA,FALSE,0.19921721773676282
Q15375,EPHA7,14.374699923061884,14.580610539814034,3,3,NA,FALSE,-0.20591061675214917
Q15382,RHEB,18.57255868373536,18.34284356108579,3,3,NA,FALSE,0.22971512264956928
Q15386,UBE3C,16.6625237427715,16.663465225831334,3,3,NA,FALSE,-9.414830598331037e-4
Q15388,TOMM20,18.85628193684552,18.49987135441794,3,3,NA,FALSE,0.3564105824275785
Q15392,DHCR24,17.43271578981746,16.91026554569763,3,3,NA,FALSE,0.5224502441198311
Q15393,SF3B3,20.323901861428805,20.30531237405522,3,3,NA,FALSE,0.018589487373585456
Q15397,PUM3,17.424344673345843,17.347440409943463,3,3,NA,FALSE,0.07690426340237977
Q15398,DLGAP5,16.609769861238128,16.543544920344846,3,3,NA,FALSE,0.06622494089328157
Q15404,RSU1,17.955862199684905,17.96433859968062,3,3,NA,FALSE,-0.0084763999957147
Q15417,CNN3,18.282327441545306,18.283727349688363,3,3,NA,FALSE,-0.001399908143056905
Q15418,RPS6KA1,17.68641191336591,17.78714403637853,3,3,NA,FALSE,-0.10073212301261947
Q15424,SAFB,19.113823444421623,18.98473900692953,3,3,NA,FALSE,0.12908443749209297
Q15427,SF3B4,18.16453926214054,18.982453398850247,3,3,NA,FALSE,-0.8179141367097067
Q15428,SF3A2,18.916738599800908,18.972648573836057,3,3,NA,FALSE,-0.05590997403514919
Q15434,RBMS2,16.828475126946667,16.931047211110883,3,3,NA,FALSE,-0.10257208416421548
Q15435,PPP1R7,17.96326339252913,17.93343188850001,3,3,NA,FALSE,0.029831504029118605
Q15436,SEC23A,19.605778418147672,19.70862223520641,3,3,NA,FALSE,-0.10284381705873713
Q15437,SEC23B,16.161519590100006,16.43466237024461,3,3,NA,FALSE,-0.27314278014460314
Q15438,CYTH1,14.82970159641057,14.53944725535168,3,3,NA,FALSE,0.2902543410588905
Q15459,SF3A1,19.40924190165683,19.499472983247,3,3,NA,FALSE,-0.09023108159016857
Q15464,SHB,14.294357251270723,14.030783038366721,3,3,NA,FALSE,0.2635742129040022
Q15468,STIL,12.880729448782168,12.243763834974486,3,3,NA,FALSE,0.636965613807682
Q15475,SIX1,15.164681313451608,15.689768191706944,3,3,NA,FALSE,-0.5250868782553368
Q15477,SKIC2,17.71285455747154,17.77940184098571,3,3,NA,FALSE,-0.0665472835141685
Q15506,SPA17,15.320823653577689,14.86032872416928,3,3,NA,FALSE,0.46049492940840864
Q15526,SURF1,16.163332790386487,16.32781180167417,3,3,NA,FALSE,-0.16447901128768194
Q15527,SURF2,15.873850632964935,15.777955187773696,3,3,NA,FALSE,0.09589544519123905
Q15528,MED22,15.197262588742793,15.003866340658675,3,3,NA,FALSE,0.19339624808411848
Q15542,TAF5,16.13720585663512,16.23055688945464,3,3,NA,FALSE,-0.09335103281951973
Q15544,TAF11,14.480242126239085,14.52259876763743,3,3,NA,FALSE,-0.04235664139834405
Q15545,TAF7,15.556855745323945,15.838443308257967,3,3,NA,FALSE,-0.2815875629340212
Q15554,TERF2,17.141298229467196,17.20599456406012,3,3,NA,FALSE,-0.06469633459292368
Q15555,MAPRE2,17.821431570589827,17.90849269002715,3,3,NA,FALSE,-0.08706111943732253
Q15560,TCEA2,14.781410824934134,14.620254912428287,3,3,NA,FALSE,0.1611559125058477
Q15561,TEAD4,14.858079436402901,15.338420120892362,3,3,NA,FALSE,-0.48034068448946066
Q15569,TESK1,11.865282448824363,11.711916035090782,1,2,NA,FALSE,0.15336641373358084
Q15572,TAF1C,13.717947348718667,13.664743906734438,3,3,NA,FALSE,0.05320344198422866
Q15573,TAF1A,13.552501704860653,13.48096375500795,3,3,NA,FALSE,0.07153794985270245
Q15596,NCOA2,15.635710844371529,15.747938730276081,3,3,NA,FALSE,-0.11222788590455224
Q15599,NHERF2,16.26906604541257,15.935585565411666,3,3,NA,FALSE,0.3334804800009028
Q15628,TRADD,15.819015488390841,15.714861042529565,3,3,NA,FALSE,0.1041544458612762
Q15629,TRAM1,17.468101849854342,17.49697253522621,3,3,NA,FALSE,-0.02887068537186721
Q15631,TSN,19.47655477928466,19.459219630058865,3,3,NA,FALSE,0.0173351492257936
Q15633,TARBP2,15.153362127247677,14.825911842772504,3,3,NA,FALSE,0.327450284475173
Q15637,SF1,19.501720598188182,19.593607637695055,3,3,NA,FALSE,-0.09188703950687227
Q15642,TRIP10,16.03730663796786,16.25098027979392,3,3,NA,FALSE,-0.21367364182606252
Q15643,TRIP11,16.80890809219911,16.784721574405218,3,3,NA,FALSE,0.02418651779389336
Q15645,TRIP13,17.524623200785836,17.4655166048465,3,3,NA,FALSE,0.05910659593933687
Q15648,MED1,16.831760344798745,16.795486037556877,3,3,NA,FALSE,0.03627430724186809
Q15649,ZNHIT3,13.149085830480491,13.235859038297399,3,3,NA,FALSE,-0.08677320781690767
Q15650,TRIP4,16.615224856356473,16.65965927166933,3,3,NA,FALSE,-0.044434415312856856
Q15651,HMGN3,12.295837411930805,13.387677530428435,3,3,NA,FALSE,-1.0918401184976307
Q15652,JMJD1C,12.96236852275902,13.051089192321669,3,3,NA,FALSE,-0.08872066956264923
Q15653,NFKBIB,14.50268625627301,14.77814217984626,3,3,NA,FALSE,-0.275455923573249
Q15654,TRIP6,15.142672953684372,15.15005703844422,3,3,NA,FALSE,-0.0073840847598489745
Q15678,PTPN14,15.807340419845524,15.738990362541674,3,3,NA,FALSE,0.06835005730384935
Q15691,MAPRE1,19.56578565914945,19.679565064765193,3,3,NA,FALSE,-0.11377940561574107
Q15714,TSC22D1,15.866912423685523,15.66683349490495,3,3,NA,FALSE,0.20007892878057376
Q15717,ELAVL1,20.867617648627117,20.944412151938874,3,3,NA,FALSE,-0.0767945033117563
Q15723,ELF2,15.935748171670518,15.979751224931634,3,3,NA,FALSE,-0.04400305326111642
Q15738,NSDHL,19.272833747227768,18.871679693481756,3,3,NA,FALSE,0.4011540537460121
Q15742,NAB2,15.887061886107723,16.033318000286975,3,3,NA,FALSE,-0.146256114179252
Q15744,CEBPE,14.364081045437509,14.40983185442345,2,3,NA,FALSE,-0.045750808985941305
Q15750,TAB1,17.17591868564009,17.142785764985447,3,3,NA,FALSE,0.03313292065464424
Q15751,HERC1,15.313678214646226,15.138711535407383,3,3,NA,FALSE,0.17496667923884246
Q15758,SLC1A5,20.126628379837143,20.19872874494163,3,3,NA,FALSE,-0.07210036510448603
Q15768,EFNB3,15.670380651775103,15.70663728815029,3,3,NA,FALSE,-0.03625663637518706
Q15771,RAB30,12.569496465334781,12.21602323135377,3,3,NA,FALSE,0.3534732339810116
Q15773,MLF2,15.664228797488525,15.265459025236547,3,3,NA,FALSE,0.39876977225197763
Q15776,ZKSCAN8,15.237481713230894,15.125176788502506,3,3,NA,FALSE,0.11230492472838804
Q15777,MPPED2,14.912282185258205,15.351790982773506,3,3,NA,FALSE,-0.4395087975153018
Q15785,TOMM34,18.992193631609453,19.03427324298143,3,3,NA,FALSE,-0.04207961137197813
Q15788,NCOA1,14.882278228861818,15.015094534815976,3,3,NA,FALSE,-0.13281630595415805
Q15796,SMAD2,16.13129085966512,15.853174834476368,3,3,NA,FALSE,0.2781160251887531
Q15797,SMAD1,14.54502171389002,14.693438263308703,3,3,NA,FALSE,-0.14841654941868399
Q15800,MSMO1,16.60753823469411,15.94024503490317,3,3,NA,FALSE,0.6672931997909419
Q15811,ITSN1,18.504446717973682,18.550469816060414,3,3,NA,FALSE,-0.04602309808673155
Q15813,TBCE,17.688599651800438,17.749224513361245,3,3,NA,FALSE,-0.060624861560807375
Q15814,TBCC,15.98264187480372,16.152078370966876,3,3,NA,FALSE,-0.16943649616315604
Q15818,NPTX1,13.815955543182282,12.873256225737066,3,3,NA,FALSE,0.9426993174452161
Q15819,UBE2V2,18.637386628886908,18.430033256361305,3,3,NA,FALSE,0.2073533725256027
Q15831,STK11,14.48868095709463,14.242620734706344,3,3,NA,FALSE,0.2460602223882855
Q15833,STXBP2,18.005630114222388,17.98110345100112,3,3,NA,FALSE,0.02452666322126973
Q15836,VAMP3,17.326145597373174,17.93189610064667,3,3,NA,FALSE,-0.605750503273498
Q15853,USF2,16.566676242648878,16.4015153648035,3,3,NA,FALSE,0.16516087784537703
Q15904,ATP6AP1,19.01266431613206,18.59033698997461,3,3,NA,FALSE,0.4223273261574505
Q15906,VPS72,16.40822088600895,16.280947104866243,3,3,NA,FALSE,0.1272737811427085
Q15907,RAB11B,19.898137938721074,19.502103451877844,3,3,NA,FALSE,0.39603448684323084
Q15910,EZH2,17.151897411948287,17.07436894614303,3,3,NA,FALSE,0.0775284658052584
Q15911,ZFHX3,13.78678866752961,14.110840917796976,3,3,NA,FALSE,-0.32405225026736595
Q15942,ZYX,16.577640904793622,17.447900220229343,3,3,NA,FALSE,-0.870259315435721
Q16134,ETFDH,18.239072669278908,18.44464482534709,3,3,NA,FALSE,-0.20557215606818247
Q16143,SNCB,13.674411495737093,13.909343795803627,3,3,NA,FALSE,-0.23493230006653398
Q16181,SEPTIN7,19.132658387625224,19.21813024231083,3,3,NA,FALSE,-0.0854718546856077
Q16186,ADRM1,18.58661267568095,18.74923147152412,3,3,NA,FALSE,-0.1626187958431693
Q16204,CCDC6,16.50031439069784,16.547834054554244,3,3,NA,FALSE,-0.04751966385640216
Q16206,ENOX2,13.281707785598972,12.68339163405139,1,1,NA,FALSE,0.5983161515475821
Q16222,UAP1,17.48877335854648,17.218478780901243,3,3,NA,FALSE,0.2702945776452381
Q16254,E2F4,14.49947262826247,14.34911037674122,3,3,NA,FALSE,0.15036225152125127
Q16270,IGFBP7,11.27677363370234,11.288308115792217,3,3,NA,FALSE,-0.011534482089876619
Q16342,PDCD2,14.92303775667684,14.927669919143854,3,3,NA,FALSE,-0.004632162467014922
Q16352,INA,16.60789263042392,16.61346382590492,3,3,NA,FALSE,-0.005571195481000046
Q16363,LAMA4,13.771362211801708,14.330983464842083,2,1,NA,FALSE,-0.5596212530403744
Q16394,EXT1,13.490332707426534,13.793785016676251,3,3,NA,FALSE,-0.30345230924971744
Q16512,PKN1,16.487743535848022,16.23655630185774,3,3,NA,FALSE,0.251187233990283
Q16513,PKN2,17.226096427354136,17.248168753836815,3,3,NA,FALSE,-0.02207232648267876
Q16514,TAF12,16.003929090306258,15.62616277146137,3,3,NA,FALSE,0.37776631884488765
Q16526,CRY1,15.063471264289626,15.755292254322743,2,1,NA,FALSE,-0.6918209900331167
Q16527,CSRP2,17.50828952012011,17.174144774751724,3,3,NA,FALSE,0.3341447453683841
Q16531,DDB1,19.429695150180503,19.333935700462934,3,3,NA,FALSE,0.09575944971756911
Q16533,SNAPC1,12.730131896725677,12.598084460868561,3,3,NA,FALSE,0.13204743585711576
Q16537,PPP2R5E,15.783431924093964,15.510588163701232,3,3,NA,FALSE,0.27284376039273184
Q16539,MAPK14,18.170538225402595,17.967030962197093,3,3,NA,FALSE,0.20350726320550194
Q16540,MRPL23,17.042919939342703,17.18530080763374,3,3,NA,FALSE,-0.14238086829103835
Q16543,CDC37,19.528969641629615,19.60641879795676,3,3,NA,FALSE,-0.07744915632714466
Q16555,DPYSL2,17.78643970541073,17.97536733837614,3,3,NA,FALSE,-0.18892763296541304
Q16560,SNRNP35,14.608545465058866,14.72598360793964,3,3,NA,FALSE,-0.11743814288077381
Q16563,SYPL1,18.5881668035972,18.37153154525084,3,3,NA,FALSE,0.21663525834636133
Q16566,CAMK4,13.973025417619649,14.447467125302053,3,3,NA,FALSE,-0.4744417076824039
Q16576,RBBP7,21.56791289675065,21.561463701000964,3,3,NA,FALSE,0.006449195749684833
Q16594,TAF9,16.6646673005411,16.831970058142915,3,3,NA,FALSE,-0.16730275760181357
Q16595,FXN,16.563745151145408,16.826217787673773,3,3,NA,FALSE,-0.26247263652836494
Q16611,BAK1,17.24240076907895,17.16191844948144,3,3,NA,FALSE,0.08048231959751107
Q16619,CTF1,12.819877212092832,13.389699118539049,3,3,NA,FALSE,-0.5698219064462169
Q16625,OCLN,16.654693880906226,16.932855089783466,3,3,NA,FALSE,-0.27816120887723983
Q16626,MEA1,14.022756345543812,14.049564900985047,3,3,NA,FALSE,-0.02680855544123517
Q16629,SRSF7,22.034716366324247,21.52200645725003,3,3,NA,FALSE,0.5127099090742178
Q16630,CPSF6,18.693518209873382,18.885589501889196,3,3,NA,FALSE,-0.19207129201581452
Q16635,TAFAZZIN,14.487141641111853,14.86705997657137,3,3,NA,FALSE,-0.3799183354595179
Q16637,SMN2,17.691396947521024,17.68932638480808,3,3,NA,FALSE,0.0020705627129444792
Q16643,DBN1,18.789524180989112,18.862155143086024,3,3,NA,FALSE,-0.07263096209691255
Q16644,MAPKAPK3,16.351682793092923,16.006370172590252,3,3,NA,FALSE,0.3453126205026713
Q16656,NRF1,18.969068168758227,19.195379186414794,3,3,NA,FALSE,-0.2263110176565668
Q16658,FSCN1,17.706938073950976,17.554648514452598,3,3,NA,FALSE,0.15228955949837797
Q16670,ZSCAN26,14.48658452411443,14.597685496544454,3,3,NA,FALSE,-0.11110097243002315
Q16698,DECR1,18.264217460763724,18.35160131915905,3,3,NA,FALSE,-0.08738385839532725
Q16706,MAN2A1,14.803412764860227,14.94951255192362,3,3,NA,FALSE,-0.14609978706339355
Q16718,NDUFA5,18.401956585571376,18.64365158799275,3,3,NA,FALSE,-0.24169500242137332
Q16740,CLPP,18.849273857287596,18.958442244457117,3,3,NA,FALSE,-0.10916838716952171
Q16762,TST,18.78516021375928,19.034210300671052,3,3,NA,FALSE,-0.24905008691177244
Q16763,UBE2S,17.187042389970205,17.06693445230655,3,3,NA,FALSE,0.12010793766365424
Q16769,QPCT,14.211149897896213,13.803236762145298,3,2,NA,FALSE,0.40791313575091515
Q16773,KYAT1,15.248205074077033,15.045407717525842,3,3,NA,FALSE,0.2027973565511907
Q16774,GUK1,17.344660070592795,17.47653753769768,3,3,NA,FALSE,-0.13187746710488568
Q16775,HAGH,17.825778617763287,18.144579210430006,3,3,NA,FALSE,-0.3188005926667188
Q16795,NDUFA9,19.20082373973464,19.162434458116646,3,3,NA,FALSE,0.03838928161799515
Q16799,RTN1,18.510833176075856,18.573887046416775,3,3,NA,FALSE,-0.06305387034091936
Q16822,PCK2,19.265680128222872,19.810350967840645,3,3,NA,FALSE,-0.5446708396177726
Q16831,UPP1,13.87053874418459,14.137833224538761,3,3,NA,FALSE,-0.26729448035417214
Q16832,DDR2,16.109062980483074,16.81218102153212,3,3,NA,FALSE,-0.703118041049045
Q16836,HADH,19.956234881268454,20.067459791433524,3,3,NA,FALSE,-0.11122491016507041
Q16842,ST3GAL2,15.993616665147911,15.951842401249952,2,3,NA,FALSE,0.041774263897959685
Q16850,CYP51A1,16.87035325099414,16.21622220415392,3,3,NA,FALSE,0.6541310468402202
Q16851,UGP2,17.308973571763097,17.34060685212447,3,3,NA,FALSE,-0.031633280361372584
Q16854,DGUOK,15.245073947581805,15.704030508155478,3,3,NA,FALSE,-0.4589565605736734
Q16864,ATP6V1F,16.84930903851418,16.30149922017953,3,3,NA,FALSE,0.5478098183346489
Q16875,PFKFB3,15.527491745147026,15.46136819399941,3,3,NA,FALSE,0.0661235511476157
Q16877,PFKFB4,13.797857421715689,13.764444741316243,3,2,NA,FALSE,0.03341268039944545
Q16880,UGT8,14.63761415005809,14.069954994483096,3,3,NA,FALSE,0.5676591555749937
Q16881,TXNRD1,18.436507997390592,18.397016208532367,3,3,NA,FALSE,0.03949178885822491
Q16890,TPD52L1,18.292505822034695,18.74045008853691,3,3,NA,FALSE,-0.4479442665022155
Q16891,IMMT,20.11653129794657,20.16824244664846,3,3,NA,FALSE,-0.05171114870189086
Q17R31,TATDN3,16.30779494181762,16.133779083515005,3,3,NA,FALSE,0.17401585830261368
Q17R89,ARHGAP44,14.085191798750307,13.363774936948072,3,3,NA,FALSE,0.7214168618022345
Q17RN3,FAM98C,15.062441006312511,15.149180264481387,3,3,NA,FALSE,-0.08673925816887618
Q17RS7,GEN1,14.417608896951707,14.200003356238899,3,3,NA,FALSE,0.21760554071280858
Q17RY0,CPEB4,13.63095897047989,13.925981051951613,3,3,NA,FALSE,-0.29502208147172304
Q1ED39,KNOP1,20.3597025886373,20.077408537532786,3,3,NA,FALSE,0.28229405110451466
Q1KMD3,HNRNPUL2,19.590165240353134,19.770568441950278,3,3,NA,FALSE,-0.1804032015971444
Q1L5Z9,LONRF2,15.204650564615802,14.965745287515466,3,3,NA,FALSE,0.23890527710033638
Q27J81,INF2,16.59125359315281,16.728888187656022,3,3,NA,FALSE,-0.13763459450321136
Q29RF7,PDS5A,17.61371041571571,17.8211242475452,3,3,NA,FALSE,-0.20741383182949136
Q2KHR3,QSER1,15.983035165333261,16.116757827231183,3,3,NA,FALSE,-0.13372266189792192
Q2KHT3,CLEC16A,13.265553007097495,13.227105194365334,3,3,NA,FALSE,0.03844781273216036
Q2M1P5,KIF7,15.45303511891963,15.399703366621713,3,3,NA,FALSE,0.053331752297916424
Q2M296,MTHFSD,15.316785119939397,15.178431526665344,3,3,NA,FALSE,0.1383535932740525
Q2M2I8,AAK1,18.255330575265507,18.457505933005894,3,3,NA,FALSE,-0.20217535774038708
Q2M389,WASHC4,21.73540307343056,21.689465754468415,3,3,NA,FALSE,0.04593731896214592
Q2M3G4,SHROOM1,11.303284802326917,10.35785195333705,2,2,NA,FALSE,0.9454328489898671
Q2NKJ3,CTC1,13.040125617384824,13.304540709211546,3,3,NA,FALSE,-0.26441509182672185
Q2NKX8,ERCC6L,18.89244079985044,18.766412579413096,3,3,NA,FALSE,0.12602822043734463
Q2NKX9,C2orf68,13.870988662671799,13.159662959463217,3,3,NA,FALSE,0.7113257032085816
Q2NL68,PROSER3,13.620541180102501,12.929005629926147,2,2,NA,FALSE,0.6915355501763543
Q2NL82,TSR1,17.841478214407786,17.946093584117637,3,3,NA,FALSE,-0.10461536970985108
Q2PPJ7,RALGAPA2,16.14335857046797,15.883141612706572,3,3,NA,FALSE,0.26021695776139886
Q2PZI1,DPY19L1,15.544564215869286,15.471982712519704,3,3,NA,FALSE,0.07258150334958202
Q2Q1W2,TRIM71,12.797655735280076,12.711145190529077,3,3,NA,FALSE,0.08651054475099862
Q2QGD7,ZXDC,13.120332244530674,13.307026298620618,3,3,NA,FALSE,-0.18669405408994422
Q2T9J0,TYSND1,14.786108426602414,13.95376453457076,3,3,NA,FALSE,0.8323438920316537
Q2TAA2,IAH1,16.041563208280614,16.22112793553398,3,3,NA,FALSE,-0.17956472725336425
Q2TAA5,ALG11,15.479273996491063,15.451986412212666,3,3,NA,FALSE,0.027287584278397503
Q2TAK8,PWWP3A,13.748762606151129,13.443595781502001,3,3,NA,FALSE,0.3051668246491275
Q2TAL8,QRICH1,21.45460499535011,21.59716313465643,3,3,NA,FALSE,-0.14255813930632044
Q2TAM9,TUSC1,16.561771199081345,16.32111401010155,3,3,NA,FALSE,0.24065718897979593
Q2TAY7,SMU1,19.267805252033845,19.1197475353877,3,3,NA,FALSE,0.14805771664614653
Q2TAZ0,ATG2A,14.68125196229096,14.694267112547998,3,3,NA,FALSE,-0.013015150257038144
Q2TB10,ZNF800,14.557830291700022,14.435141658511224,3,3,NA,FALSE,0.12268863318879752
Q2TB18,ASTE1,16.588265275521238,16.15082339932654,3,3,NA,FALSE,0.437441876194697
Q2TBE0,CWF19L2,15.173941455543368,14.998539298024793,3,3,NA,FALSE,0.17540215751857424
Q2V2M9,FHOD3,14.78898633388936,14.961987424083025,3,3,NA,FALSE,-0.17300109019366516
Q2VPB7,AP5B1,15.048561466446673,15.11967385178026,3,3,NA,FALSE,-0.07111238533358666
Q2VPK5,CTU2,15.24863628716703,15.205285061034283,3,3,NA,FALSE,0.04335122613274578
Q30154,HLA-DRB5,16.11053906910741,15.231970241691059,2,2,NA,FALSE,0.8785688274163519
Q32M88,PGGHG,13.08894223001473,13.242196151155271,3,3,NA,FALSE,-0.15325392114054104
Q32MZ4,LRRFIP1,17.10658270510752,17.264181259501612,3,3,NA,FALSE,-0.15759855439409165
Q32NB8,PGS1,15.587838652993304,15.337326573267015,3,3,NA,FALSE,0.2505120797262883
Q32NC0,C18orf21,14.27973766307737,14.232203115650705,3,3,NA,FALSE,0.04753454742666463
Q32P28,P3H1,18.777829973579145,18.10111017551204,3,3,NA,FALSE,0.6767197980671043
Q32P41,TRMT5,17.15182078917342,17.08608640788598,3,3,NA,FALSE,0.06573438128744158
Q32P44,EML3,17.6258567688566,17.634618619814404,3,3,NA,FALSE,-0.008761850957803574
Q330K2,NDUFAF6,14.2412995897173,13.711911699458199,3,3,NA,FALSE,0.5293878902591018
Q3B726,POLR1F,16.039017728571835,16.120637225703216,3,3,NA,FALSE,-0.08161949713138128
Q3B7J2,GFOD2,13.423785052500651,13.16421582290889,3,3,NA,FALSE,0.25956922959176154
Q3B7T1,EDRF1,17.212804639930663,17.05042558310434,3,3,NA,FALSE,0.16237905682632459
Q3B820,FAM161A,12.953797281856527,12.797710798558251,3,3,NA,FALSE,0.15608648329827624
Q3KNV8,PCGF3,18.089664609939906,17.888244163101625,3,3,NA,FALSE,0.20142044683828075
Q3KP31,ZNF791,13.951653138121802,14.136253921754989,3,3,NA,FALSE,-0.18460078363318644
Q3KQU3,MAP7D1,16.322284663770922,16.543261548992625,3,3,NA,FALSE,-0.22097688522170245
Q3KQV9,UAP1L1,15.430750417019338,15.131157950099421,3,3,NA,FALSE,0.2995924669199166
Q3KQZ1,SLC25A35,15.154679497755781,15.855262143907122,3,3,NA,FALSE,-0.7005826461513411
Q3KRA6,C2orf76,16.820087600967213,16.982306602966084,3,3,NA,FALSE,-0.16221900199887074
Q3KRA9,ALKBH6,15.03339041892259,14.58219487149801,3,3,NA,FALSE,0.45119554742458057
Q3L8U1,CHD9,14.389495046454206,14.078504263936182,3,3,NA,FALSE,0.31099078251802403
Q3LXA3,TKFC,17.580326926499904,17.68583331700974,3,3,NA,FALSE,-0.1055063905098379
Q3MHD2,LSM12,17.394379984476508,17.45341399415734,3,3,NA,FALSE,-0.05903400968083261
Q3MII6,TBC1D25,14.375333643875681,14.53171641843666,3,3,NA,FALSE,-0.1563827745609796
Q3MIT2,PUS10,14.445591642452506,14.361887722897665,3,3,NA,FALSE,0.08370391955484102
Q3SXM5,HSDL1,17.733847869402346,17.910484850839826,3,3,NA,FALSE,-0.17663698143747908
Q3SXY8,ARL13B,16.07213554461202,15.901878744151146,3,3,NA,FALSE,0.17025680046087466
Q3SY69,ALDH1L2,17.7266876245547,18.36170554988689,3,3,NA,FALSE,-0.635017925332189
Q3SYG4,BBS9,14.31525183943805,14.360461823612876,3,3,NA,FALSE,-0.0452099841748268
Q3T8J9,GON4L,14.842665611706249,14.737100289973657,3,3,NA,FALSE,0.10556532173259114
Q3T906,GNPTAB,14.465520390547734,14.36559642313465,3,3,NA,FALSE,0.09992396741308518
Q3V6T2,CCDC88A,17.3645274535595,17.247648457032042,3,3,NA,FALSE,0.1168789965274577
Q3YEC7,RABL6,17.674002672684892,17.295054114936846,3,3,NA,FALSE,0.37894855774804626
Q3ZAQ7,VMA21,18.481948810947024,17.871899368343833,3,3,NA,FALSE,0.6100494426031915
Q3ZCQ8,TIMM50,19.39215470804268,19.363240869284944,3,3,NA,FALSE,0.028913838757734567
Q3ZCT1,ZNF260,11.799252041047529,12.381864405754659,3,3,NA,FALSE,-0.5826123647071295
Q3ZCW2,LGALSL,15.87202361159789,15.400905621138868,3,3,NA,FALSE,0.47111799045902103
Q495W5,FUT11,16.074456210885945,15.700106740711776,3,3,NA,FALSE,0.37434947017416853
Q49A26,GLYR1,18.053413440152692,17.90838122397165,3,3,NA,FALSE,0.14503221618104334
Q49A88,CCDC14,14.050985044297107,13.530092430389228,3,3,NA,FALSE,0.5208926139078791
Q49AG3,ZBED5,13.095139254930828,13.099072786531016,3,3,NA,FALSE,-0.003933531600187834
Q49AH0,CDNF,12.980364613058489,12.132792124150198,2,3,NA,FALSE,0.8475724889082912
Q49AM3,TTC31,13.963923996461428,13.7034276381661,3,3,NA,FALSE,0.26049635829532747
Q49AR2,C5orf22,15.94839253281507,15.565995070098927,3,3,NA,FALSE,0.3823974627161437
Q49B96,COX19,14.933555156897011,15.435270054714675,3,3,NA,FALSE,-0.5017148978176635
Q49MG5,MAP9,15.262180202440593,15.22212084530958,3,3,NA,FALSE,0.04005935713101216
Q4AC94,C2CD3,12.239993396770918,12.699260861656837,3,3,NA,FALSE,-0.45926746488591874
Q4ADV7,RIC1,13.153985196823683,13.710311894098643,3,3,NA,FALSE,-0.5563266972749599
Q4AE62,GTDC1,12.309507306032545,12.64668405736014,3,3,NA,FALSE,-0.33717675132759517
Q4FZB7,KMT5B,12.79066770063883,12.758752191733127,3,3,NA,FALSE,0.03191550890570305
Q4G0F5,VPS26B,16.689253921945,16.611051454684187,3,3,NA,FALSE,0.07820246726081237
Q4G0I0,UQCC4,12.79957809506482,13.009974094797416,3,3,NA,FALSE,-0.21039599973259548
Q4G0J3,LARP7,17.595884556770432,17.756287542710542,3,3,NA,FALSE,-0.1604029859401095
Q4G0N4,NADK2,17.807337168169216,18.196138620348382,3,3,NA,FALSE,-0.38880145217916606
Q4G0X4,KCTD21,14.129761866863076,14.095055979506812,3,3,NA,FALSE,0.03470588735626379
Q4G148,GXYLT1,16.6624275890322,16.480115422630643,3,3,NA,FALSE,0.18231216640155523
Q4G176,ACSF3,15.946176766075382,16.273164350412337,3,3,NA,FALSE,-0.32698758433695474
Q4J6C6,PREPL,16.10279031853959,15.977118195653825,3,3,NA,FALSE,0.12567212288576535
Q4KMP7,TBC1D10B,17.586923917486402,17.668010528096158,3,3,NA,FALSE,-0.08108661060975564
Q4KMQ2,ANO6,15.29364516831191,15.53463403344787,3,3,NA,FALSE,-0.24098886513596085
Q4KWH8,PLCH1,17.862855336397516,17.60667465394825,3,3,NA,FALSE,0.2561806824492656
Q4L235,AASDH,14.780920027523074,14.97967464603418,3,3,NA,FALSE,-0.19875461851110643
Q4LDG9,DNAL1,13.373549926026538,13.594884966378316,3,3,NA,FALSE,-0.22133504035177864
Q4LE39,ARID4B,15.804487663594358,15.894914033804815,3,3,NA,FALSE,-0.09042637021045685
Q4U2R6,MRPL51,16.944261249344514,17.11390600387781,3,3,NA,FALSE,-0.16964475453329442
Q4V328,GRIPAP1,18.457892681474256,18.482239466653947,3,3,NA,FALSE,-0.024346785179691466
Q4VC05,BCL7A,17.86832373239286,17.785082027753038,3,3,NA,FALSE,0.08324170463982128
Q4VC31,MIX23,14.42587138557279,14.7781464030779,3,3,NA,FALSE,-0.35227501750510903
Q4VC44,FLYWCH1,15.546251421803728,15.449863464772045,3,3,NA,FALSE,0.09638795703168235
Q4VCS5,AMOT,19.210024157297,19.211143101775782,3,3,NA,FALSE,-0.0011189444787831349
Q4W5G0,TIGD2,14.063764874360217,13.985214010935392,3,3,NA,FALSE,0.07855086342482487
Q4ZIN3,TMEM259,16.601353075260107,16.48734006730397,3,3,NA,FALSE,0.11401300795613878
Q504Q3,PAN2,18.125180156100022,18.230969369818858,3,3,NA,FALSE,-0.1057892137188361
Q52LJ0,FAM98B,17.802392120864333,18.06578379593247,3,3,NA,FALSE,-0.26339167506813865
Q52LR7,EPC2,14.506931342718582,14.49417960517152,3,3,NA,FALSE,0.012751737547061381
Q52LW3,ARHGAP29,13.508391690194024,12.929521019240108,3,3,NA,FALSE,0.5788706709539166
Q53EL6,PDCD4,18.293215477555883,17.872590694461863,3,3,NA,FALSE,0.42062478309401996
Q53EP0,FNDC3B,14.551085009899602,15.454441649530747,3,3,NA,FALSE,-0.903356639631145
Q53EQ6,TIGD5,12.221572452372465,11.837923840998313,3,3,NA,FALSE,0.3836486113741522
Q53ET0,CRTC2,15.078244115212609,15.460264254542551,3,3,NA,FALSE,-0.38202013932994205
Q53EU6,GPAT3,14.906025389071369,14.797418270866391,3,3,NA,FALSE,0.10860711820497748
Q53EZ4,CEP55,15.604185311211825,14.901322462902412,3,3,NA,FALSE,0.7028628483094135
Q53F19,NCBP3,16.960246114757265,16.931514904688257,3,3,NA,FALSE,0.02873121006900803
Q53F39,MPPE1,13.86357947334865,12.905732702311834,2,3,NA,FALSE,0.9578467710368166
Q53FA7,TP53I3,14.502259559118617,14.48758559434151,3,3,NA,FALSE,0.014673964777106363
Q53FT3,HIKESHI,17.895942826655382,17.80480723491525,3,3,NA,FALSE,0.09113559174013375
Q53FV1,ORMDL2,13.565271613882818,13.053184470746139,2,1,NA,FALSE,0.5120871431366787
Q53G59,KLHL12,13.231406785749192,13.035213875969292,3,3,NA,FALSE,0.19619290977989934
Q53GG5,PDLIM3,20.761082966981213,20.92484670771657,3,3,NA,FALSE,-0.16376374073535516
Q53GQ0,HSD17B12,19.385168448788093,19.27791512427043,3,3,NA,FALSE,0.10725332451766434
Q53GS7,GLE1,17.250400990902108,17.370343415797603,3,3,NA,FALSE,-0.11994242489549478
Q53GS9,USP39,18.38417824801969,18.444042957577842,3,3,NA,FALSE,-0.05986470955815193
Q53GT1,KLHL22,15.754282297067308,15.457678669990607,3,3,NA,FALSE,0.29660362707670096
Q53H12,AGK,18.616340393547294,18.56968536600222,3,3,NA,FALSE,0.046655027545075
Q53H47,SETMAR,14.181268735412328,14.339082888203455,3,3,NA,FALSE,-0.15781415279112743
Q53H80,AKIRIN2,13.62375859653273,13.083168149039103,3,3,NA,FALSE,0.5405904474936261
Q53H82,LACTB2,17.73818194788319,17.575977164793535,3,3,NA,FALSE,0.16220478308965625
Q53H96,PYCR3,16.493928725297543,16.537134832953605,3,3,NA,FALSE,-0.043206107656061477
Q53HC0,CCDC92,19.177121153885025,19.009361923946262,3,3,NA,FALSE,0.16775922993876335
Q53HC5,KLHL26,13.737348381883137,13.777013182218813,3,3,NA,FALSE,-0.03966480033567521
Q53HC9,EIPR1,16.37358136169705,16.383737468294047,3,3,NA,FALSE,-0.010156106596998171
Q53HL2,CDCA8,16.88465181687874,16.844487577828424,3,3,NA,FALSE,0.0401642390503163
Q53HV7,SMUG1,15.01574132585803,15.352040315384324,3,3,NA,FALSE,-0.3362989895262931
Q53R41,FASTKD1,15.371452231791894,15.421588692202386,3,3,NA,FALSE,-0.050136460410492134
Q53S33,BOLA3,14.774754674180674,15.135210819159298,3,3,NA,FALSE,-0.3604561449786239
Q53S58,TMEM177,15.568160037790944,15.486604611132636,3,3,NA,FALSE,0.0815554266583085
Q53SF7,COBLL1,13.915699458570641,14.233354050448884,3,3,NA,FALSE,-0.3176545918782434
Q53T59,HS1BP3,17.23068139177671,17.018193936581063,3,3,NA,FALSE,0.21248745519564594
Q53T94,TAF1B,13.635722578933658,13.881085243172462,3,3,NA,FALSE,-0.24536266423880448
Q53TN4,CYBRD1,13.75125456395866,13.8605049381678,3,3,NA,FALSE,-0.10925037420913952
Q562E7,WDR81,15.38223284876456,15.193060630580282,3,3,NA,FALSE,0.18917221818427699
Q562F6,SGO2,18.620860712906044,18.560798209317973,3,3,NA,FALSE,0.06006250358807108
Q562R1,ACTBL2,23.53136852190458,23.326334409127302,3,3,NA,FALSE,0.2050341127772768
Q567U6,CCDC93,18.36462485660574,18.269430586784694,3,3,NA,FALSE,0.09519426982104662
Q567V2,MPV17L2,13.923719757038674,13.393566840109752,3,3,NA,FALSE,0.5301529169289214
Q56A73,SPIN4,13.856763444601853,14.391360458600612,3,3,NA,FALSE,-0.5345970139987593
Q56NI9,ESCO2,15.031313110785591,15.214968978961991,3,3,NA,FALSE,-0.1836558681764
Q56P03,EAPP,17.44754339212102,17.310445577073438,3,3,NA,FALSE,0.13709781504758212
Q587I9,SFT2D3,15.53775705596248,15.422985955199207,3,3,NA,FALSE,0.11477110076327257
Q58A45,PAN3,15.723570850100765,15.768157311563462,3,3,NA,FALSE,-0.04458646146269629
Q58EX2,SDK2,15.179347735084875,15.373514785889329,3,3,NA,FALSE,-0.19416705080445418
Q58EX7,PLEKHG4,13.572609949229552,13.02372118546525,3,3,NA,FALSE,0.5488887637643014
Q58FF6,HSP90AB4P,20.010913338928365,19.77381234199032,3,3,NA,FALSE,0.23710099693804665
Q58FG1,HSP90AA4P,15.031048165432537,15.202972321918464,3,3,NA,FALSE,-0.17192415648592707
Q58WW2,DCAF6,18.133931863267104,18.240037873405225,3,3,NA,FALSE,-0.10610601013812015
Q5BJD5,TMEM41B,16.268533698874247,15.595322903764327,3,3,NA,FALSE,0.6732107951099202
Q5BJF2,TMEM97,17.756210315490744,17.353949283616185,3,3,NA,FALSE,0.4022610318745592
Q5BJF6,ODF2,16.272527144459822,16.651121154156023,3,3,NA,FALSE,-0.37859400969620083
Q5BJH2,TMEM128,15.448347939872708,14.820113147425694,3,3,NA,FALSE,0.6282347924470137
Q5BJH7,YIF1B,16.77536724821779,16.683051507181837,3,3,NA,FALSE,0.09231574103595364
Q5BKT4,ALG10,16.071147200220373,15.794375128014233,3,3,NA,FALSE,0.27677207220614086
Q5BKX5,ACTMAP,14.587054060508938,14.553452071396036,3,3,NA,FALSE,0.033601989112902686
Q5BKX6,SLC45A4,12.402029949272048,12.84226703029507,3,3,NA,FALSE,-0.44023708102302095
Q5BKZ1,ZNF326,18.481662235930404,18.687207618150293,3,3,NA,FALSE,-0.2055453822198885
Q5C9Z4,NOM1,17.85772111538218,17.685255199108685,3,3,NA,FALSE,0.17246591627349517
Q5D0E6,DALRD3,12.817517916125125,12.634505885758163,3,3,NA,FALSE,0.183012030366962
Q5EBL4,RILPL1,17.91918325447458,17.722742955451775,3,3,NA,FALSE,0.1964402990228038
Q5EBL8,PDZD11,15.526324295689465,15.507945108279268,3,3,NA,FALSE,0.018379187410197062
Q5EE01,CENPW,14.417594875390602,14.287465985028492,3,3,NA,FALSE,0.13012889036211028
Q5F1R6,DNAJC21,15.944361689107856,15.992050617631566,3,3,NA,FALSE,-0.04768892852371032
Q5FBB7,SGO1,19.439686652021397,19.213775739420257,3,3,NA,FALSE,0.22591091260114027
Q5FWF4,ZRANB3,12.075324218021583,12.199924982658606,3,3,NA,FALSE,-0.12460076463702308
Q5FWF5,ESCO1,15.172537507468343,15.135179016635156,3,3,NA,FALSE,0.037358490833186764
Q5GLZ8,HERC4,16.202848027801846,16.317903294902248,3,3,NA,FALSE,-0.11505526710040215
Q5H8A4,PIGG,15.310871446504915,15.124410415535404,3,3,NA,FALSE,0.18646103096951094
Q5H9F3,BCORL1,15.997371629144057,15.947668641501023,3,3,NA,FALSE,0.049702987643033936
Q5H9R7,PPP6R3,19.527006029315555,19.564998112995195,3,3,NA,FALSE,-0.03799208367964013
Q5HY92,FIGN,12.860118503063246,13.076616232385355,3,3,NA,FALSE,-0.21649772932210887
Q5HYA8,TMEM67,15.507229052078996,15.513528656467079,3,3,NA,FALSE,-0.006299604388082969
Q5HYI7,MTX3,15.672489034875138,15.761197952221494,3,3,NA,FALSE,-0.08870891734635578
Q5HYI8,RABL3,17.031968460827144,16.80117509466201,3,3,NA,FALSE,0.23079336616513402
Q5HYJ3,FAM76B,14.689024028656839,14.600461673587576,3,3,NA,FALSE,0.08856235506926247
Q5HYK3,COQ5,14.562763353676312,14.93676045401762,3,3,NA,FALSE,-0.37399710034130784
Q5HYK7,SH3D19,13.92040330549357,13.89435178574738,3,3,NA,FALSE,0.02605151974618991
Q5I0X7,TTC32,14.749370714215202,14.754572162081946,3,3,NA,FALSE,-0.005201447866744147
Q5J8M3,EMC4,17.19778897964419,17.22326866152201,3,3,NA,FALSE,-0.025479681877818905
Q5JPH6,EARS2,16.07679389358288,15.961523842398242,3,3,NA,FALSE,0.1152700511846394
Q5JPI3,C3orf38,14.176036986052706,14.370112365301516,3,3,NA,FALSE,-0.1940753792488099
Q5JPI9,EEF1AKMT2,14.714737019048158,14.782464853996007,3,3,NA,FALSE,-0.06772783494784917
Q5JRA6,MIA3,17.08652954197221,16.991715030738114,3,3,NA,FALSE,0.09481451123409812
Q5JRX3,PITRM1,18.01118720592427,18.202819099461312,3,3,NA,FALSE,-0.19163189353704269
Q5JS37,NHLRC3,16.51736283129759,16.609622133347557,3,3,NA,FALSE,-0.09225930204996757
Q5JS54,PSMG4,15.454046230303366,15.42317784117533,3,3,NA,FALSE,0.030868389128036355
Q5JSH3,WDR44,16.696063554065137,16.787973987643227,3,3,NA,FALSE,-0.09191043357808937
Q5JSJ4,INTS6L,15.049935477410601,15.114587524115198,3,3,NA,FALSE,-0.06465204670459634
Q5JSL3,DOCK11,16.538908847454675,16.629214175839273,3,3,NA,FALSE,-0.09030532838459848
Q5JSP0,FGD3,12.489401457824046,12.332496309354047,3,2,NA,FALSE,0.15690514846999903
Q5JSZ5,PRRC2B,15.70681947462285,15.785210084498946,3,3,NA,FALSE,-0.07839060987609514
Q5JTC6,AMER1,12.664457487438671,11.05692661402316,2,2,NA,FALSE,1.6075308734155112
Q5JTD0,TJAP1,15.025820089932438,15.121496346816857,3,3,NA,FALSE,-0.09567625688441872
Q5JTH9,RRP12,17.251032646362937,17.396468418820923,3,3,NA,FALSE,-0.14543577245798645
Q5JTJ3,COA6,16.542047861538705,16.87541371916705,3,3,NA,FALSE,-0.33336585762834403
Q5JTV8,TOR1AIP1,18.25505314610476,18.322340803995413,3,3,NA,FALSE,-0.0672876578906525
Q5JTW2,CEP78,15.194614130781051,15.111288759755418,3,3,NA,FALSE,0.08332537102563364
Q5JTZ9,AARS2,17.848850541450705,18.113085843008204,3,3,NA,FALSE,-0.2642353015574983
Q5JU69,TOR2A,15.49233527545781,15.68129619823921,3,3,NA,FALSE,-0.18896092278139953
Q5JU85,IQSEC2,13.168500804720031,13.420466537482193,3,3,NA,FALSE,-0.2519657327621623
Q5JUX0,SPIN3,12.01018913169613,12.090449260664899,2,3,NA,FALSE,-0.080260128968769
Q5JVF3,PCID2,16.152283450257826,16.068122436643165,3,3,NA,FALSE,0.08416101361466133
Q5JVS0,HABP4,14.008817697236998,13.752350637352409,3,3,NA,FALSE,0.2564670598845886
Q5JWF2,GNAS,20.12040400233966,20.005069180775703,3,3,NA,FALSE,0.11533482156395891
Q5JWR5,DOP1A,13.621933462696845,13.53470746412027,3,3,NA,FALSE,0.08722599857657443
Q5K4L6,SLC27A3,15.114622872947708,15.110910772366971,3,3,NA,FALSE,0.003712100580736788
Q5KU26,COLEC12,16.478118499174588,17.283528598333934,3,3,NA,FALSE,-0.8054100991593458
Q5M775,SPECC1,16.59159108439279,16.647866279711053,3,3,NA,FALSE,-0.05627519531826408
Q5MIZ7,PPP4R3B,16.985793628916905,16.66348414880245,3,3,NA,FALSE,0.3223094801144555
Q5MNZ6,WDR45B,16.269712131084006,16.17556739374037,3,3,NA,FALSE,0.09414473734363682
Q5MNZ9,WIPI1,12.919710798083184,12.917261631531373,3,3,NA,FALSE,0.002449166551810933
Q5NDL2,EOGT,15.244671983058897,14.83824764027527,3,3,NA,FALSE,0.4064243427836267
Q5PRF9,SAMD4B,15.618208892045704,15.255593781205034,3,3,NA,FALSE,0.3626151108406699
Q5PSV4,BRMS1L,16.4326046028638,16.479738063219305,3,3,NA,FALSE,-0.04713346035550359
Q5QJ74,TBCEL,15.89103638830929,16.130042415508168,3,3,NA,FALSE,-0.23900602719887765
Q5QJE6,DNTTIP2,17.19055070065092,17.166424732309167,3,3,NA,FALSE,0.02412596834175318
Q5QP82,DCAF10,14.644849753307561,14.34838731445646,3,3,NA,FALSE,0.29646243885110124
Q5R372,RABGAP1L,15.596587902909842,15.652789532731669,3,3,NA,FALSE,-0.056201629821826415
Q5R3I4,TTC38,15.42084292325391,15.264594109506831,3,3,NA,FALSE,0.15624881374707833
Q5RI15,COX20,15.481104870944359,15.497447508184369,3,3,NA,FALSE,-0.01634263724000995
Q5RKV6,EXOSC6,18.368659123766204,18.07205971340597,3,3,NA,FALSE,0.2965994103602334
Q5SGD2,PPM1L,14.929682045201226,15.245386585969806,3,3,NA,FALSE,-0.31570454076858034
Q5SNT2,TMEM201,15.820955574656196,15.819162547090492,3,3,NA,FALSE,0.0017930275657036532
Q5SQH8,C6orf136,12.42168672708885,12.398370512456141,3,3,NA,FALSE,0.023316214632709276
Q5SQI0,ATAT1,15.800295971307202,15.685691306868785,3,3,NA,FALSE,0.1146046644384171
Q5SQN1,SNAP47,15.096426768515105,15.185640816667757,3,3,NA,FALSE,-0.08921404815265177
Q5SRE5,NUP188,17.14084652023238,17.185708345460267,3,3,NA,FALSE,-0.04486182522788695
Q5SRE7,PHYHD1,14.864621216854168,14.924339103897918,3,3,NA,FALSE,-0.059717887043749585
Q5SRH9,TTC39A,14.197274347087847,14.18818070068027,3,3,NA,FALSE,0.009093646407576372
Q5SRI9,MANEA,14.164347857091505,14.521021161450157,3,3,NA,FALSE,-0.35667330435865274
Q5SSJ5,HP1BP3,18.937561070436207,18.977263173094286,3,3,NA,FALSE,-0.0397021026580795
Q5ST30,VARS2,15.2584694687566,15.452796216821893,3,3,NA,FALSE,-0.1943267480652935
Q5SVS4,SLC25A30,15.968538834090467,15.143270819001614,3,3,NA,FALSE,0.8252680150888523
Q5SVZ6,ZMYM1,15.290262614389752,15.311584430123686,3,3,NA,FALSE,-0.021321815733934102
Q5SW79,CEP170,17.386982160795352,17.429868365875237,3,3,NA,FALSE,-0.04288620507988483
Q5SW96,LDLRAP1,16.225546856565895,16.249348354214337,3,3,NA,FALSE,-0.023801497648442194
Q5SWA1,PPP1R15B,12.595971016196975,12.56462470699687,3,3,NA,FALSE,0.03134630920010473
Q5SWX8,ODR4,16.023339665831376,15.999634711624655,3,3,NA,FALSE,0.02370495420672114
Q5SXM2,SNAPC4,15.338240150778235,14.949849480075294,3,3,NA,FALSE,0.3883906707029414
Q5SXM8,DNLZ,14.24560230134369,14.348342779900868,3,3,NA,FALSE,-0.1027404785571786
Q5SY16,NOL9,17.21930911334008,17.248666242226303,3,3,NA,FALSE,-0.029357128886221773
Q5SYE7,NHSL1,17.446551230509883,18.127286310912567,3,3,NA,FALSE,-0.6807350804026839
Q5SZK8,FREM2,13.244430624924851,12.916495506064807,3,3,NA,FALSE,0.3279351188600437
Q5SZL2,CEP85L,13.421260798381892,13.178313909254632,3,3,NA,FALSE,0.2429468891272606
Q5T011,SZT2,19.488926809273366,19.598996106528354,3,3,NA,FALSE,-0.11006929725498793
Q5T013,HYI,14.384864798116121,14.739590957748783,3,3,NA,FALSE,-0.3547261596326621
Q5T0B9,ZNF362,15.18540284859637,15.53612321010482,3,3,NA,FALSE,-0.35072036150845065
Q5T0D9,TPRG1L,12.984888572824197,13.496246752330432,3,3,NA,FALSE,-0.5113581795062352
Q5T0F9,CC2D1B,16.57788616640218,16.63293538131722,3,3,NA,FALSE,-0.05504921491504078
Q5T0N5,FNBP1L,15.20784343885344,15.186690308510393,3,3,NA,FALSE,0.021153130343046556
Q5T160,RARS2,15.983370617597206,16.082992835678343,3,3,NA,FALSE,-0.09962221808113725
Q5T1C6,THEM4,15.319990350820385,15.564422539484788,3,3,NA,FALSE,-0.24443218866440297
Q5T1M5,FKBP15,18.060346489450353,18.139720883943397,3,3,NA,FALSE,-0.07937439449304406
Q5T1Q4,SLC35F1,12.56188644015313,12.318267976859708,3,3,NA,FALSE,0.24361846329342107
Q5T1V6,DDX59,16.260548869398917,16.586814802163637,3,3,NA,FALSE,-0.32626593276471993
Q5T200,ZC3H13,16.50754843925868,16.28171770624553,3,3,NA,FALSE,0.22583073301315082
Q5T280,SPOUT1,16.116938583745473,15.976889689514584,3,3,NA,FALSE,0.14004889423088862
Q5T2D3,OTUD3,14.551473860278396,14.340742253483892,3,3,NA,FALSE,0.21073160679450353
Q5T2E6,ARMH3,17.813342614948404,18.036103334624094,3,3,NA,FALSE,-0.22276071967569067
Q5T2R2,PDSS1,13.932421489362177,13.50634071420314,3,3,NA,FALSE,0.4260807751590363
Q5T2T1,MPP7,15.700145239526238,15.71938411797184,3,3,NA,FALSE,-0.019238878445602126
Q5T3F8,TMEM63B,14.655338586670362,14.59549948294194,3,3,NA,FALSE,0.059839103728421605
Q5T3I0,GPATCH4,17.959581856041584,17.468990325289457,3,3,NA,FALSE,0.4905915307521269
Q5T3J3,LRIF1,14.865840857035497,14.76746245322933,3,3,NA,FALSE,0.09837840380616747
Q5T3U5,ABCC10,13.753898661024362,14.063502241133241,3,3,NA,FALSE,-0.30960358010887923
Q5T440,IBA57,16.930770051792774,17.332865078160363,3,3,NA,FALSE,-0.40209502636759
Q5T447,HECTD3,15.842188500287962,15.907849190034351,3,3,NA,FALSE,-0.06566068974638917
Q5T481,RBM20,15.075687738763131,15.459001889754614,3,3,NA,FALSE,-0.3833141509914828
Q5T4F4,ZFYVE27,15.157633569208658,15.144547502115037,3,3,NA,FALSE,0.013086067093620812
Q5T4S7,UBR4,19.83934891453775,20.109653093390282,3,3,NA,FALSE,-0.27030417885253044
Q5T5C0,STXBP5,14.840125088582077,14.889427777071308,3,3,NA,FALSE,-0.04930268848923092
Q5T5U3,ARHGAP21,15.035327661032177,15.355014545881403,3,3,NA,FALSE,-0.3196868848492258
Q5T5X7,BEND3,15.250702242879639,15.393927559308747,3,3,NA,FALSE,-0.14322531642910796
Q5T5Y3,CAMSAP1,16.001364671096514,16.246880917624896,3,3,NA,FALSE,-0.245516246528382
Q5T653,MRPL2,16.320108520476786,16.28522810884648,3,3,NA,FALSE,0.03488041163030786
Q5T6C5,ATXN7L2,13.158578988077647,13.143249429645692,3,3,NA,FALSE,0.015329558431954382
Q5T6F0,DCAF12,13.226988603589398,13.521440086405887,3,3,NA,FALSE,-0.2944514828164895
Q5T6F2,UBAP2,15.654368087510168,15.773343240724424,3,3,NA,FALSE,-0.11897515321425622
Q5T6V5,QNG1,17.00524612329237,17.08137212720556,3,3,NA,FALSE,-0.07612600391319191
Q5T7M9,DIPK1A,13.613914976904038,13.397895958923609,3,3,NA,FALSE,0.21601901798042888
Q5T7V8,GORAB,13.885248984320578,14.03293018455788,3,3,NA,FALSE,-0.1476812002373027
Q5T7W0,ZNF618,13.772354115740692,14.131340141054165,3,3,NA,FALSE,-0.3589860253134738
Q5T7W7,TSTD2,13.27258626109251,13.243272514868146,3,3,NA,FALSE,0.029313746224364223
Q5T8D3,ACBD5,16.014013243970613,15.488234649557148,3,3,NA,FALSE,0.525778594413465
Q5T8P6,RBM26,17.456447035566963,17.54763412848875,3,3,NA,FALSE,-0.0911870929217855
Q5T9A4,ATAD3B,18.93860118912101,19.070537804682893,3,3,NA,FALSE,-0.13193661556188374
Q5T9L3,WLS,16.523520200333895,16.450329526523127,3,3,NA,FALSE,0.07319067381076749
Q5T9S5,CCDC18,14.473165189111647,14.493108191738367,2,1,NA,FALSE,-0.019943002626719775
Q5TA45,INTS11,16.59655845796624,16.559454024638953,3,3,NA,FALSE,0.0371044333272863
Q5TA50,CPTP,14.419361102528853,14.183188181396888,3,3,NA,FALSE,0.2361729211319652
Q5TAQ9,DCAF8,22.377694040432306,22.169604551223678,3,3,NA,FALSE,0.20808948920862846
Q5TAX3,TUT4,17.990479960918137,17.985196045542743,3,3,NA,FALSE,0.005283915375393633
Q5TB30,DEPDC1,14.340434921060064,14.281463414398162,3,3,NA,FALSE,0.05897150666190143
Q5TBB1,RNASEH2B,15.559216079034384,15.878816365472996,3,3,NA,FALSE,-0.3196002864386127
Q5TC12,ATPAF1,17.275119437587104,17.342557079580647,3,3,NA,FALSE,-0.06743764199354274
Q5TC82,RC3H1,14.54840280996771,14.763502886811894,3,3,NA,FALSE,-0.21510007684418397
Q5TC84,OGFRL1,14.0415177119348,13.851389390193438,3,3,NA,FALSE,0.19012832174136207
Q5TCQ9,MAGI3,14.998854554227169,14.84637232681605,3,3,NA,FALSE,0.1524822274111184
Q5TCX8,MAP3K21,15.317093542385864,15.112908439577616,3,3,NA,FALSE,0.20418510280824798
Q5TCZ1,SH3PXD2A,14.998460171034727,15.049294208357807,3,3,NA,FALSE,-0.050834037323079784
Q5TDH0,DDI2,17.543313829957373,17.592642344226654,3,3,NA,FALSE,-0.04932851426928053
Q5TEC6,H3-7,23.15504932364766,22.800260366998344,3,3,NA,FALSE,0.3547889566493154
Q5TEU4,NDUFAF5,15.15067355817471,15.435745649367078,3,3,NA,FALSE,-0.28507209119236876
Q5TF21,MTCL3,14.874961437024101,15.001834443205839,3,3,NA,FALSE,-0.12687300618173758
Q5TFE4,NT5DC1,17.923918565776535,18.02818366873684,3,3,NA,FALSE,-0.104265102960305
Q5TGL8,PXDC1,13.670089082018237,13.610109917199313,2,2,NA,FALSE,0.05997916481892318
Q5TGY1,TMCO4,13.67321633202849,13.411430341535006,3,3,NA,FALSE,0.2617859904934843
Q5TGY3,AHDC1,14.094117352310244,13.943108153315855,3,3,NA,FALSE,0.15100919899438914
Q5TGZ0,MICOS10,12.554728118672486,12.497417413167,3,3,NA,FALSE,0.057310705505486226
Q5TH69,ARFGEF3,15.813386301648155,15.931053760879479,3,3,NA,FALSE,-0.11766745923132405
Q5THJ4,VPS13D,20.06094174415573,19.839821786633813,3,3,NA,FALSE,0.2211199575219176
Q5THK1,PRR14L,16.24552066709395,16.25084539026175,3,3,NA,FALSE,-0.005324723167799306
Q5TKA1,LIN9,16.017282473392086,16.024980941896313,3,3,NA,FALSE,-0.007698468504226952
Q5TZA2,CROCC,17.167544447221594,17.367414695106383,3,3,NA,FALSE,-0.1998702478847889
Q5U3C3,TMEM164,15.30540600019904,14.47092221582115,3,3,NA,FALSE,0.8344837843778912
Q5U5Q3,MEX3C,13.912357130558147,14.315401809162832,3,3,NA,FALSE,-0.40304467860468485
Q5U5X0,LYRM7,17.26226217838712,17.02230186845492,3,3,NA,FALSE,0.23996030993220074
Q5UCC4,EMC10,16.966654438587092,17.00401779101709,3,3,NA,FALSE,-0.037363352429999
Q5UIP0,RIF1,17.500578245913854,17.509100233052582,3,3,NA,FALSE,-0.008521987138728093
Q5VIR6,VPS53,16.046387865010107,15.91540871888011,3,3,NA,FALSE,0.13097914612999695
Q5VSG8,MANEAL,13.73379947323926,13.566070355880196,3,3,NA,FALSE,0.16772911735906426
Q5VSL9,STRIP1,16.04826732201488,16.036675509151088,3,3,NA,FALSE,0.011591812863791517
Q5VST6,ABHD17B,15.089850699652848,14.158602408844715,3,3,NA,FALSE,0.9312482908081332
Q5VSY0,GKAP1,12.996552251488366,13.218652038039474,3,3,NA,FALSE,-0.22209978655110874
Q5VT06,CEP350,18.272735173473887,18.36129934839375,3,3,NA,FALSE,-0.08856417491986335
Q5VT25,CDC42BPA,18.941248936529146,19.218114147609743,3,3,NA,FALSE,-0.27686521108059736
Q5VT52,RPRD2,17.025288819932936,17.027404620585536,3,3,NA,FALSE,-0.002115800652600086
Q5VT66,MTARC1,17.05751769587487,17.347748120961356,3,3,NA,FALSE,-0.29023042508648444
Q5VTB9,RNF220,15.341468608144117,15.098687632987449,3,3,NA,FALSE,0.24278097515666808
Q5VTE6,ANGEL2,14.84319888593054,15.005062104240892,3,3,NA,FALSE,-0.16186321831035144
Q5VTL8,PRPF38B,17.95230803681918,17.71298914613487,3,3,NA,FALSE,0.23931889068430934
Q5VTQ0,TTC39B,14.854281013678571,14.801420916250844,3,3,NA,FALSE,0.052860097427727126
Q5VTR2,RNF20,16.88732061506215,16.85389512209747,3,3,NA,FALSE,0.03342549296468178
Q5VTY9,HHAT,16.373808570867638,17.014708954288153,3,3,NA,FALSE,-0.6409003834205151
Q5VU43,PDE4DIP,17.676167858175045,17.688808093318787,3,3,NA,FALSE,-0.012640235143742018
Q5VU97,CACHD1,16.950038907577067,17.522282461100907,3,3,NA,FALSE,-0.5722435535238404
Q5VUA4,ZNF318,18.104851615840744,18.073330377155553,3,3,NA,FALSE,0.03152123868519041
Q5VUB5,FAM171A1,13.840043740159935,12.029769974729458,2,1,NA,FALSE,1.8102737654304768
Q5VUD6,DIPK1B,16.321133170726846,15.955077805341958,3,3,NA,FALSE,0.3660553653848879
Q5VUG0,SFMBT2,14.066114992391347,14.40987776375098,3,3,NA,FALSE,-0.34376277135963385
Q5VUJ6,LRCH2,17.143268852097215,17.46004067995544,3,3,NA,FALSE,-0.31677182785822566
Q5VUM1,SDHAF4,12.366034763759455,12.819137717390639,3,3,NA,FALSE,-0.45310295363118414
Q5VV41,ARHGEF16,15.199070731207476,15.343760450858635,3,3,NA,FALSE,-0.14468971965115962
Q5VV42,CDKAL1,16.588731496916182,16.524283270195852,3,3,NA,FALSE,0.06444822672033013
Q5VV52,ZNF691,14.345732756212263,14.346256008418447,3,3,NA,FALSE,-5.232522061842104e-4
Q5VVJ2,MYSM1,15.062655786107173,15.137571143407945,3,3,NA,FALSE,-0.07491535730077103
Q5VVQ6,YOD1,16.582679327637017,16.47839641528887,3,3,NA,FALSE,0.1042829123481468
Q5VW32,BROX,18.066181337647627,18.07795312761695,3,3,NA,FALSE,-0.011771789969323265
Q5VW36,FOCAD,16.565966885625866,16.754683383935888,3,3,NA,FALSE,-0.18871649831002202
Q5VW38,GPR107,16.28042133904698,16.27858148427424,3,3,NA,FALSE,0.0018398547727400683
Q5VWG9,TAF3,14.762964067226367,14.987545322398962,3,3,NA,FALSE,-0.22458125517259475
Q5VWJ9,SNX30,16.971029550525152,16.88468555385029,3,3,NA,FALSE,0.08634399667486292
Q5VWN6,TASOR2,19.378148353281247,19.084443772181103,3,3,NA,FALSE,0.29370458110014397
Q5VWQ0,RSBN1,15.461934232083225,15.629342751490915,3,3,NA,FALSE,-0.1674085194076902
Q5VWQ8,DAB2IP,14.074913454041415,14.194409030937301,3,3,NA,FALSE,-0.1194955768958863
Q5VWZ2,LYPLAL1,16.570316122165433,16.684633354267888,3,3,NA,FALSE,-0.11431723210245437
Q5VXT5,SYPL2,16.906787494058115,16.50048924302205,1,2,NA,FALSE,0.4062982510360662
Q5VYK3,ECPAS,18.00889314724173,18.28196461446861,3,3,NA,FALSE,-0.273071467226881
Q5VYS8,TUT7,16.466940828169104,16.139710577351792,3,3,NA,FALSE,0.32723025081731194
Q5VYV7,SLX4IP,13.583237990581674,13.445611963244499,3,3,NA,FALSE,0.13762602733717522
Q5VZ89,DENND4C,16.1158968130254,16.06292478495088,3,3,NA,FALSE,0.05297202807452095
Q5VZE5,NAA35,18.335395426264917,18.39275275951697,3,3,NA,FALSE,-0.057357333252053166
Q5VZI3,TMEM268,14.383733865976579,14.826860506669085,3,3,NA,FALSE,-0.4431266406925065
Q5VZK9,CARMIL1,15.860583089628335,16.124557093273182,3,3,NA,FALSE,-0.26397400364484724
Q5VZL5,ZMYM4,16.374106832077523,16.363134095673363,3,3,NA,FALSE,0.010972736404159633
Q5W0B1,OBI1,15.888877610483297,15.802015549949017,3,3,NA,FALSE,0.0868620605342798
Q5W0Q7,USPL1,12.17757229115188,11.765902759442362,2,3,NA,FALSE,0.41166953170951714
Q5W0V3,FHIP2A,16.02804779312039,16.031103505079685,3,3,NA,FALSE,-0.0030557119592948823
Q5W0Z9,ZDHHC20,14.54001610986059,14.284141989175586,3,3,NA,FALSE,0.2558741206850037
Q5W111,SPRYD7,15.444404379229649,15.539518171519564,3,3,NA,FALSE,-0.09511379228991501
Q5XKL5,BTBD8,12.553048210291323,12.333433217682858,2,3,NA,FALSE,0.21961499260846473
Q5XKP0,MICOS13,16.090529808969332,16.02485404154667,3,3,NA,FALSE,0.06567576742266112
Q5XPI4,RNF123,18.706233040761887,18.667693778364985,3,3,NA,FALSE,0.03853926239690253
Q5XUX1,FBXW9,14.691036781594574,14.97140652753938,3,3,NA,FALSE,-0.2803697459448049
Q5ZPR3,CD276,15.75988129189517,15.654436009930263,3,3,NA,FALSE,0.1054452819649061
Q629K1,TRIQK,15.999686926464982,15.803064157965501,3,3,NA,FALSE,0.19662276849948057
Q63HK5,TSHZ3,13.970709523692724,14.678678576372302,3,3,NA,FALSE,-0.7079690526795783
Q63HN8,RNF213,17.934405494570058,18.07110086792835,3,3,NA,FALSE,-0.13669537335829318
Q63HQ0,AP1AR,13.940245763112923,13.811211620511674,3,3,NA,FALSE,0.1290341426012489
Q63HQ2,EGFLAM,12.462452471607632,13.064234241109173,1,1,NA,FALSE,-0.6017817695015406
Q63ZY3,KANK2,16.43355042650256,16.468473757628065,3,3,NA,FALSE,-0.03492333112550483
Q641Q2,WASHC2A,16.82545198989499,16.930361204661956,3,3,NA,FALSE,-0.10490921476696613
Q643R3,LPCAT4,15.88100145215495,15.497791070030264,3,3,NA,FALSE,0.3832103821246857
Q64LD2,WDR25,13.436299222229804,12.933117814476445,3,3,NA,FALSE,0.5031814077533596
Q658P3,STEAP3,16.13555622011907,16.202124760185736,3,3,NA,FALSE,-0.06656854006666535
Q658Y4,FAM91A1,15.60726183503109,15.690049048307978,3,3,NA,FALSE,-0.08278721327688743
Q659A1,ICE2,17.99162637262291,17.684965114078388,3,3,NA,FALSE,0.30666125854452275
Q659C4,LARP1B,15.629938750000276,15.870190712305336,3,3,NA,FALSE,-0.2402519623050594
Q66GS9,CEP135,17.82481438221971,17.864031918883505,3,3,NA,FALSE,-0.039217536663795016
Q66K14,TBC1D9B,16.976207433038805,16.97554327235039,3,3,NA,FALSE,6.641606884159046e-4
Q66K64,DCAF15,14.258146070037444,13.917916266889137,3,3,NA,FALSE,0.34022980314830775
Q66K74,MAP1S,16.092249330136582,16.268092986102168,3,3,NA,FALSE,-0.17584365596558627
Q66LE6,PPP2R2D,14.523749511232994,14.727909030701902,3,3,NA,FALSE,-0.20415951946890765
Q66PJ3,ARL6IP4,16.220567840325987,15.999623468570615,3,3,NA,FALSE,0.22094437175537252
Q674X7,KAZN,13.394490552677587,13.519611224555312,3,3,NA,FALSE,-0.1251206718777258
Q676U5,ATG16L1,16.222299393738275,16.084400845563557,3,3,NA,FALSE,0.13789854817471792
Q68CP4,HGSNAT,17.795601054525445,17.789054168089315,3,3,NA,FALSE,0.006546886436129995
Q68CP9,ARID2,17.416604875372915,17.349466028671745,3,3,NA,FALSE,0.06713884670116954
Q68CQ4,UTP25,17.028581656614218,16.976339856913086,3,3,NA,FALSE,0.05224179970113241
Q68CQ7,GLT8D1,15.39615902548918,15.288355436578264,3,3,NA,FALSE,0.10780358891091524
Q68CZ6,HAUS3,18.000006231807987,18.069094081342353,3,3,NA,FALSE,-0.06908784953436609
Q68D10,SPTY2D1,15.259025945692706,14.930342838880069,3,3,NA,FALSE,0.3286831068126368
Q68D85,NCR3LG1,15.470137416673325,15.370002758695508,3,3,NA,FALSE,0.10013465797781684
Q68D91,MBLAC2,17.655934856618586,17.58532867106402,3,3,NA,FALSE,0.07060618555456699
Q68DC2,ANKS6,13.714913931742705,13.054781389230573,3,2,NA,FALSE,0.660132542512132
Q68DH5,LMBRD2,15.10804784013135,15.157812486991798,3,3,NA,FALSE,-0.04976464686044757
Q68DK2,ZFYVE26,16.893824037927917,16.864566229426554,3,3,NA,FALSE,0.02925780850136306
Q68DK7,MSL1,14.235804517486876,14.632757042066165,3,3,NA,FALSE,-0.3969525245792891
Q68DQ2,CRYBG3,15.329114517914114,15.190984547385899,3,3,NA,FALSE,0.1381299705282153
Q68E01,INTS3,17.582150688855346,17.411978170708103,3,3,NA,FALSE,0.17017251814724332
Q68EM7,ARHGAP17,17.09165859222701,17.234366776770305,3,3,NA,FALSE,-0.14270818454329515
Q69YH5,CDCA2,15.627517280646018,15.329260790541731,3,3,NA,FALSE,0.29825649010428634
Q69YI7,NAIF1,12.712660779862965,13.063922297176552,2,3,NA,FALSE,-0.3512615173135867
Q69YL0,NCBP2AS2,12.95252010375762,12.879961507692128,3,3,NA,FALSE,0.07255859606549109
Q69YN2,CWF19L1,16.92301735804694,17.121340760821926,3,3,NA,FALSE,-0.19832340277498517
Q69YN4,VIRMA,17.68862557155291,17.519930055775593,3,3,NA,FALSE,0.16869551577731912
Q69YQ0,SPECC1L,17.588344510286856,17.66871082744511,3,3,NA,FALSE,-0.08036631715825493
Q69YU5,UQCC6,15.196844015091882,14.758840236640102,2,2,NA,FALSE,0.4380037784517796
Q6AHZ1,ZNF518A,12.552243742557863,12.14389465643083,3,3,NA,FALSE,0.4083490861270338
Q6AI08,HEATR6,17.844659892824367,17.89116343410999,3,3,NA,FALSE,-0.04650354128562384
Q6AI12,ANKRD40,14.490361577026635,14.010884368257937,3,3,NA,FALSE,0.4794772087686976
Q6AWC2,WWC2,12.938766051976176,13.029009653689796,3,3,NA,FALSE,-0.09024360171362034
Q6AZZ1,TRIM68,13.689594935076938,13.510076341191297,3,1,NA,FALSE,0.17951859388564095
Q6B0I6,KDM4D,13.155345988307273,12.723468262156285,2,1,NA,FALSE,0.4318777261509883
Q6BDS2,BLTP3A,15.193905156906121,15.36461488895378,3,3,NA,FALSE,-0.1707097320476585
Q6DCA0,AMMECR1L,16.273315746467304,16.377229388858076,3,3,NA,FALSE,-0.10391364239077205
Q6DD87,ZNF787,14.94562271247453,14.783497047201136,3,3,NA,FALSE,0.16212566527339334
Q6DD88,ATL3,17.694141543421885,17.66406451427366,3,3,NA,FALSE,0.030077029148223744
Q6DHV7,ADAL,14.98146323676135,14.947465502883006,3,3,NA,FALSE,0.03399773387834415
Q6DKI1,RPL7L1,18.645517622283094,18.724011991507737,3,3,NA,FALSE,-0.07849436922464292
Q6DKJ4,NXN,17.094984916332194,17.08772038045485,3,3,NA,FALSE,0.0072645358773435476
Q6DKK2,TTC19,16.120174467581123,16.17333666303459,3,3,NA,FALSE,-0.05316219545346712
Q6DN90,IQSEC1,14.814588980999034,14.838859959188364,3,3,NA,FALSE,-0.024270978189329995
Q6F5E8,CARMIL2,16.260351050994874,16.231548974756855,3,3,NA,FALSE,0.028802076238019225
Q6FI81,CIAPIN1,17.99891571015207,17.99849763266473,3,3,NA,FALSE,4.1807748733901917e-4
Q6FIF0,ZFAND6,15.258979407961752,14.99133320991303,3,3,NA,FALSE,0.2676461980487215
Q6GMV2,SMYD5,15.873728189962788,15.883183804479835,3,3,NA,FALSE,-0.00945561451704613
Q6GMV3,PTRHD1,16.640181872148442,16.84976263752046,3,3,NA,FALSE,-0.2095807653720172
Q6GPH6,ITPRIPL1,15.407481237108524,15.224844689483307,3,3,NA,FALSE,0.18263654762521675
Q6GQQ9,OTUD7B,15.536107249258837,15.541596672557546,3,3,NA,FALSE,-0.005489423298708829
Q6GYQ0,RALGAPA1,18.231717406537552,18.13395858857414,3,3,NA,FALSE,0.09775881796341324
Q6I9Y2,THOC7,17.07978771763568,17.110177483527597,3,3,NA,FALSE,-0.03038976589191833
Q6IA69,NADSYN1,14.382210037817597,14.410821776091884,3,3,NA,FALSE,-0.028611738274287646
Q6IA86,ELP2,15.94354713376057,15.718094104708046,3,3,NA,FALSE,0.22545302905252385
Q6IAA8,LAMTOR1,18.015429293826305,18.079793503091004,3,3,NA,FALSE,-0.06436420926469921
Q6IAN0,DHRS7B,17.73453720090691,17.520568472747463,3,3,NA,FALSE,0.2139687281594469
Q6IBS0,TWF2,17.450924096626828,17.470532052472688,3,3,NA,FALSE,-0.019607955845859948
Q6IBW4,NCAPH2,16.914038420990295,16.821500009223698,3,3,NA,FALSE,0.09253841176659705
Q6IC98,GRAMD4,13.770388965400667,12.056773636046136,1,1,NA,FALSE,1.7136153293545302
Q6ICB0,DESI1,16.628694630681768,16.516749453266392,3,3,NA,FALSE,0.11194517741537524
Q6ICG6,KIAA0930,15.823764787776065,15.556518633775113,3,3,NA,FALSE,0.26724615400095253
Q6ICH7,ASPHD2,14.009588051394259,13.730012669875359,3,3,NA,FALSE,0.2795753815188995
Q6ICL3,TANGO2,17.450732721006872,17.232963460727554,3,3,NA,FALSE,0.21776926027931864
Q6IE81,JADE1,14.206102953461178,14.30279883218446,3,3,NA,FALSE,-0.09669587872328123
Q6IEE7,TMEM132E,13.750448368215688,13.651684147500514,1,1,NA,FALSE,0.09876422071517332
Q6IEG0,SNRNP48,15.966211927409706,15.615540075710719,3,3,NA,FALSE,0.35067185169898707
Q6IN84,MRM1,12.981198645369625,13.438803582438696,3,3,NA,FALSE,-0.4576049370690711
Q6IN85,PPP4R3A,18.05242699433221,18.08756810925134,3,3,NA,FALSE,-0.03514111491912786
Q6IPR1,ETFRF1,14.001497859678274,14.405010975605167,3,3,NA,FALSE,-0.4035131159268932
Q6IPR3,TYW3,11.842868777343169,11.986398145489725,3,3,NA,FALSE,-0.14352936814655592
Q6IPU0,CENPP,15.311668759651539,15.447234889839402,3,3,NA,FALSE,-0.135566130187863
Q6IQ21,ZNF770,13.334843627320634,13.509932625342396,3,3,NA,FALSE,-0.1750889980217618
Q6IQ22,RAB12,15.709617722297212,15.598969759685632,3,3,NA,FALSE,0.11064796261157994
Q6IQ23,PLEKHA7,16.108990989246795,16.23386993019366,3,3,NA,FALSE,-0.12487894094686425
Q6IQ26,DENND5A,13.489517570154028,13.521232969703226,3,3,NA,FALSE,-0.03171539954919744
Q6IQ32,ADNP2,14.184663828971935,14.276360610882023,3,3,NA,FALSE,-0.09169678191008757
Q6IQ49,SDE2,18.1123276119733,18.29779373327242,3,3,NA,FALSE,-0.18546612129912177
Q6JQN1,ACAD10,15.331986181722176,16.065971176730113,3,3,NA,FALSE,-0.7339849950079369
Q6KC79,NIPBL,19.050474451384815,19.092614890644636,3,3,NA,FALSE,-0.04214043925982125
Q6KCM7,SLC25A25,15.83536992757487,16.155708788760723,3,3,NA,FALSE,-0.32033886118585286
Q6L8Q7,PDE12,18.210478722602005,18.239201431539836,3,3,NA,FALSE,-0.028722708937831243
Q6MZP7,LIN54,15.658428511098451,15.869709090962145,3,3,NA,FALSE,-0.21128057986369342
Q6N043,ZNF280D,13.302259178140508,13.355661349441485,3,3,NA,FALSE,-0.05340217130097713
Q6N069,NAA16,17.11471693715004,17.169209564586946,3,3,NA,FALSE,-0.054492627436907526
Q6N075,MFSD5,15.474452134648214,15.310974857465473,3,3,NA,FALSE,0.16347727718274108
Q6NS38,ALKBH2,14.547713737370024,14.316905293152418,3,3,NA,FALSE,0.23080844421760638
Q6NSI4,RADX,17.639828808917603,17.064203308940314,3,3,NA,FALSE,0.5756254999772885
Q6NSJ0,MYORG,13.763724460123326,13.639468386114775,3,3,NA,FALSE,0.12425607400855121
Q6NSJ2,PHLDB3,18.270899983177312,17.823781634702783,3,3,NA,FALSE,0.4471183484745289
Q6NSJ5,LRRC8E,20.09793772556866,20.064067343140632,3,3,NA,FALSE,0.03387038242802731
Q6NSZ9,ZSCAN25,13.485347450772496,13.532469744278643,3,3,NA,FALSE,-0.04712229350614727
Q6NT16,SLC18B1,14.154301684423102,14.234088291333219,3,3,NA,FALSE,-0.07978660691011719
Q6NT76,HMBOX1,14.192838354405794,13.95773678779051,3,3,NA,FALSE,0.23510156661528292
Q6NTE8,MRNIP,18.64560303332858,18.62315815596184,3,3,NA,FALSE,0.022444877366741167
Q6NTF9,RHBDD2,17.042194482004785,17.075633716052046,3,3,NA,FALSE,-0.033439234047261124
Q6NUK1,SLC25A24,19.089058898103474,19.26872674331378,3,3,NA,FALSE,-0.17966784521030732
Q6NUK4,REEP3,14.759278376678981,14.725519412453718,3,3,NA,FALSE,0.03375896422526381
Q6NUM9,RETSAT,17.14843712680441,16.438193493267523,3,3,NA,FALSE,0.7102436335368871
Q6NUN9,ZNF746,14.658859750462254,15.149450959063476,3,3,NA,FALSE,-0.49059120860122185
Q6NUQ1,RINT1,15.791751188378209,15.863536987497303,3,3,NA,FALSE,-0.07178579911909466
Q6NUQ4,TMEM214,17.479166465493197,17.459406880193214,3,3,NA,FALSE,0.01975958529998323
Q6NUS6,TCTN3,14.17621513872744,13.299850304675662,3,3,NA,FALSE,0.8763648340517776
Q6NVV3,NIPAL1,13.697790609988353,13.927135667692287,2,1,NA,FALSE,-0.22934505770393443
Q6NVV7,CDPF1,14.17834889769166,14.248710713125682,3,3,NA,FALSE,-0.07036181543402265
Q6NVY1,HIBCH,18.640922435648406,18.799046873490234,3,3,NA,FALSE,-0.15812443784182761
Q6NW29,RWDD4,15.861304653348023,15.674551811220605,3,3,NA,FALSE,0.18675284212741872
Q6NW34,NEPRO,17.09820289752382,17.031169259863354,3,3,NA,FALSE,0.06703363766046522
Q6NXE6,ARMC6,15.826548986375897,15.944922991048967,3,3,NA,FALSE,-0.11837400467307013
Q6NXR4,TTI2,16.590919980419333,16.650372916764884,3,3,NA,FALSE,-0.05945293634555071
Q6NXT1,ANKRD54,15.276137567766762,15.426187500193041,3,3,NA,FALSE,-0.1500499324262794
Q6NXT4,SLC30A6,15.681229722070542,15.794579322769934,3,3,NA,FALSE,-0.11334960069939193
Q6NXT6,TAPT1,15.354830805292226,15.363561462302403,3,3,NA,FALSE,-0.008730657010177723
Q6NYC1,JMJD6,17.0294891236286,17.10600544842912,3,3,NA,FALSE,-0.07651632480051873
Q6NYC8,PPP1R18,11.549538183062658,12.028966907752787,2,3,NA,FALSE,-0.47942872469012876
Q6NZ67,MZT2B,16.24053320561224,16.22478800812383,3,3,NA,FALSE,0.015745197488410412
Q6NZY4,ZCCHC8,16.675866527893245,17.13079673251036,3,3,NA,FALSE,-0.45493020461711353
Q6P087,RPUSD3,16.102449132808733,15.76172166556345,3,3,NA,FALSE,0.3407274672452836
Q6P0N0,MIS18BP1,16.53350553518052,16.134272590594776,3,3,NA,FALSE,0.3992329445857443
Q6P158,DHX57,20.348792411973733,20.31858499056326,3,3,NA,FALSE,0.0302074214104735
Q6P161,MRPL54,17.153095167215426,17.223981666175145,3,3,NA,FALSE,-0.07088649895971955
Q6P179,ERAP2,13.43157100689068,13.522715194182853,3,3,NA,FALSE,-0.09114418729217277
Q6P1A2,LPCAT3,16.85301064476044,16.64285237552888,3,3,NA,FALSE,0.2101582692315631
Q6P1J9,CDC73,17.80316711060835,17.84226539007683,3,3,NA,FALSE,-0.039098279468479546
Q6P1K2,PMF1,16.80291859709093,16.862099076628965,3,3,NA,FALSE,-0.05918047953803551
Q6P1L5,FAM117B,12.599072024694761,12.90305377603213,3,3,NA,FALSE,-0.3039817513373695
Q6P1L8,MRPL14,17.29811156930881,17.35428127123131,3,3,NA,FALSE,-0.056169701922502924
Q6P1M0,SLC27A4,16.587837265238317,16.105827337670156,3,3,NA,FALSE,0.48200992756816063
Q6P1M3,LLGL2,15.470394564202918,15.324744905847185,3,3,NA,FALSE,0.14564965835573318
Q6P1N0,CC2D1A,16.481440052506976,16.55913804538473,3,3,NA,FALSE,-0.0776979928777557
Q6P1N9,TATDN1,18.434011574155793,18.56477410398098,3,3,NA,FALSE,-0.1307625298251871
Q6P1Q0,LETMD1,14.4854406338517,14.65606136641656,3,3,NA,FALSE,-0.17062073256485988
Q6P1Q9,METTL2B,14.119618327984261,13.845060209483815,3,3,NA,FALSE,0.27455811850044576
Q6P1R3,MSANTD2,12.794441886520445,12.818769486520063,3,3,NA,FALSE,-0.024327599999617533
Q6P1R4,DUS1L,16.008568571688418,15.902511451195771,3,3,NA,FALSE,0.10605712049264682
Q6P1S2,C3orf33,13.448188850791524,13.55759758885425,3,3,NA,FALSE,-0.10940873806272577
Q6P1X5,TAF2,16.878002751833495,16.939841538950176,3,3,NA,FALSE,-0.061838787116681004
Q6P1X6,C8orf82,15.41273736740732,15.60493762437825,3,3,NA,FALSE,-0.19220025697092957
Q6P2C8,MED27,15.76818942462195,15.841042318070413,3,3,NA,FALSE,-0.07285289344846291
Q6P2D0,ZFP1,16.174563925575608,16.282666291858803,3,3,NA,FALSE,-0.10810236628319458
Q6P2E9,EDC4,18.219799635776432,18.24127343664314,3,3,NA,FALSE,-0.02147380086670836
Q6P2H3,CEP85,15.399152879518379,15.343023210330495,3,3,NA,FALSE,0.05612966918788409
Q6P2H8,TMEM53,12.613513756043798,12.136919741030677,2,3,NA,FALSE,0.47659401501312004
Q6P2I3,FAHD2B,13.712857718198634,12.878182366727774,2,3,NA,FALSE,0.8346753514708602
Q6P2P2,PRMT9,14.566368923784575,14.620343525334407,3,3,NA,FALSE,-0.05397460154983236
Q6P2Q9,PRPF8,20.918109996943304,20.808538970212656,3,3,NA,FALSE,0.10957102673064867
Q6P3R8,NEK5,15.452384912076207,15.840663418833536,1,2,NA,FALSE,-0.3882785067573291
Q6P3S1,DENND1B,11.221881198332134,11.680105906778001,1,1,NA,FALSE,-0.4582247084458668
Q6P3S6,FBXO42,17.222485848544444,16.78061497229473,2,3,NA,FALSE,0.44187087624971255
Q6P3W2,DNAJC24,13.21878080737723,13.010798338933933,3,3,NA,FALSE,0.20798246844329782
Q6P3W7,SCYL2,18.57029102160985,18.644683018742978,3,3,NA,FALSE,-0.07439199713312661
Q6P3X3,TTC27,15.08025660760245,15.044739664235975,3,3,NA,FALSE,0.03551694336647593
Q6P444,MTFR2,14.38254518280974,14.438290636891185,3,3,NA,FALSE,-0.055745454081446155
Q6P4A7,SFXN4,17.638608214179886,17.74264412236196,3,3,NA,FALSE,-0.1040359081820732
Q6P4E1,GOLM2,16.10764503355232,16.336098080405534,3,3,NA,FALSE,-0.22845304685321466
Q6P4F2,FDX2,13.94976199511713,14.119446181047346,3,3,NA,FALSE,-0.1696841859302154
Q6P4F7,ARHGAP11A,14.344232887708351,14.165164379847232,3,3,NA,FALSE,0.17906850786111939
Q6P4H8,ATPSCKMT,12.650193533206354,12.923752298240343,3,3,NA,FALSE,-0.27355876503398946
Q6P4I2,WDR73,16.46480712878588,16.195214428756724,3,3,NA,FALSE,0.26959270002915403
Q6P4Q7,CNNM4,15.994350639961613,16.41045746325143,3,3,NA,FALSE,-0.41610682328981596
Q6P4R8,NFRKB,16.889884691230606,16.944292836034187,3,3,NA,FALSE,-0.05440814480358114
Q6P587,FAHD1,17.362050077253393,17.317193070620565,3,3,NA,FALSE,0.04485700663282799
Q6P597,KLC3,14.386648557626096,14.224940030917478,3,3,NA,FALSE,0.16170852670861713
Q6P5R6,RPL22L1,16.80361631236585,16.527028648477696,3,3,NA,FALSE,0.27658766388815437
Q6P5Z2,PKN3,15.923171548283106,16.39824027242833,3,3,NA,FALSE,-0.4750687241452223
Q6P6B1,ERICH5,11.762101355476863,12.855268371212425,2,3,NA,FALSE,-1.0931670157355615
Q6P6B7,ANKRD16,14.413592753069258,14.19997291716187,3,3,NA,FALSE,0.2136198359073873
Q6P6C2,ALKBH5,17.387293861883027,17.200717302805952,3,3,NA,FALSE,0.18657655907707493
Q6P996,PDXDC1,17.96473634593841,17.87160537991613,3,3,NA,FALSE,0.09313096602227944
Q6P9B6,MEAK7,16.83157449664144,16.72128645987154,3,3,NA,FALSE,0.11028803676990151
Q6P9B9,INTS5,16.57829895513774,16.43206130093418,3,3,NA,FALSE,0.14623765420355994
Q6P9F7,LRRC8B,12.317612597498265,12.8909729043525,3,3,NA,FALSE,-0.5733603068542354
Q6PCB5,RSBN1L,15.248529006867466,15.513041099892861,3,3,NA,FALSE,-0.26451209302539525
Q6PCB7,SLC27A1,14.633379099549595,14.67401889152098,3,3,NA,FALSE,-0.04063979197138501
Q6PCB8,EMB,16.122917265441174,15.726165567948726,3,3,NA,FALSE,0.3967516974924479
Q6PCD5,RFWD3,14.45285627797663,14.358676013836613,3,3,NA,FALSE,0.09418026414001801
Q6PCE3,PGM2L1,17.85466608139666,17.847661808077913,3,3,NA,FALSE,0.007004273318745646
Q6PCT2,FBXL19,17.196196351831382,17.11601058559929,3,3,NA,FALSE,0.08018576623209128
Q6PD62,CTR9,16.804921071335993,16.699493421458925,3,3,NA,FALSE,0.10542764987706832
Q6PD74,AAGAB,16.62899822131898,16.52713745652786,3,3,NA,FALSE,0.1018607647911196
Q6PEV8,FAM199X,14.530364065260548,13.84837348245437,1,2,NA,FALSE,0.6819905828061774
Q6PFW1,PPIP5K1,13.543254013053767,13.905761391420405,3,3,NA,FALSE,-0.3625073783666384
Q6PGN9,PSRC1,14.678977201929197,14.346216822875878,3,3,NA,FALSE,0.3327603790533189
Q6PGP7,SKIC3,17.70165779692677,17.747583151202495,3,3,NA,FALSE,-0.04592535427572386
Q6PH81,C16orf87,14.983589290250288,14.639021746823145,3,3,NA,FALSE,0.3445675434271429
Q6PHR2,ULK3,15.774446981548047,15.785822676890012,3,3,NA,FALSE,-0.011375695341964587
Q6PI26,SHQ1,12.490794667451826,12.656588647740044,3,3,NA,FALSE,-0.16579398028821757
Q6PI47,KCTD18,14.2077098860056,13.887462513873452,3,3,NA,FALSE,0.32024737213214927
Q6PI48,DARS2,19.111641010396536,19.337781623618515,3,3,NA,FALSE,-0.22614061322197898
Q6PI78,TMEM65,17.53732138047818,17.905083682796718,3,3,NA,FALSE,-0.367762302318539
Q6PI98,INO80C,14.965703565648422,14.923494788500753,3,3,NA,FALSE,0.04220877714766935
Q6PID6,TTC33,16.450656221869682,16.455308535880775,3,3,NA,FALSE,-0.004652314011092784
Q6PII3,CCDC174,14.373871412262064,14.722585608208723,3,3,NA,FALSE,-0.3487141959466591
Q6PIJ6,FBXO38,12.978254038264348,13.078953099689402,3,3,NA,FALSE,-0.10069906142505403
Q6PIU2,NCEH1,16.322617190011016,16.25745916865428,3,3,NA,FALSE,0.0651580213567371
Q6PIW4,FIGNL1,19.563395146794765,19.261116091062437,3,3,NA,FALSE,0.3022790557323276
Q6PIY7,TENT2,13.356418411001085,13.871638899443079,3,3,NA,FALSE,-0.5152204884419938
Q6PJ61,FBXO46,13.451160268071664,13.344683063620062,3,3,NA,FALSE,0.10647720445160225
Q6PJ69,TRIM65,15.458494998073212,15.660220725414485,3,3,NA,FALSE,-0.20172572734127314
Q6PJG2,MIDEAS,14.795973998007279,14.897532510757111,3,3,NA,FALSE,-0.10155851274983263
Q6PJG6,BRAT1,15.478574863235172,15.271478151617154,3,3,NA,FALSE,0.2070967116180178
Q6PJI9,WDR59,17.11257347091473,17.239337225545498,3,3,NA,FALSE,-0.12676375463076894
Q6PJP8,DCLRE1A,13.229545948766567,12.862593588188764,3,3,NA,FALSE,0.36695236057780356
Q6PJT7,ZC3H14,16.674863269730476,16.5101578746961,3,3,NA,FALSE,0.16470539503437465
Q6PJW8,CNST,14.082219699824106,13.779940484496073,3,3,NA,FALSE,0.30227921532803315
Q6PK04,CCDC137,16.968863444484175,16.87803448636383,3,3,NA,FALSE,0.09082895812034408
Q6PK18,OGFOD3,16.81142118724636,16.58432245187612,3,3,NA,FALSE,0.22709873537024095
Q6PKC3,TXNDC11,13.010072684638255,13.117247214164001,3,3,NA,FALSE,-0.10717452952574646
Q6PKG0,LARP1,19.709899316982597,19.668639441493074,3,3,NA,FALSE,0.04125987548952281
Q6PL18,ATAD2,17.248030154272424,16.888990411217122,3,3,NA,FALSE,0.35903974305530184
Q6PL24,TMED8,17.04455013279639,16.940544621219267,3,3,NA,FALSE,0.10400551157712457
Q6PML9,SLC30A9,16.369139740694475,16.788102695398987,3,3,NA,FALSE,-0.4189629547045115
Q6Q0C0,TRAF7,14.63444580481791,14.755376434682725,3,3,NA,FALSE,-0.12093062986481584
Q6QNY0,BLOC1S3,15.018326839996039,14.908053038374083,3,3,NA,FALSE,0.11027380162195577
Q6QNY1,BLOC1S2,14.767677041359427,14.80568695761983,3,3,NA,FALSE,-0.03800991626040329
Q6R327,RICTOR,18.70507982238841,18.793335108780312,3,3,NA,FALSE,-0.08825528639190239
Q6RFH5,WDR74,17.139549406015238,17.112599437267217,3,3,NA,FALSE,0.02694996874802058
Q6RI45,BRWD3,14.301983875428926,13.684189830480234,3,3,NA,FALSE,0.6177940449486918
Q6RW13,AGTRAP,16.952606420242354,16.679508224136235,3,3,NA,FALSE,0.27309819610611896
Q6SPF0,SAMD1,15.13252458033059,14.93076495047089,3,3,NA,FALSE,0.2017596298597013
Q6STE5,SMARCD3,15.10648854086863,15.19260488314943,3,3,NA,FALSE,-0.08611634228079978
Q6SZW1,SARM1,15.916337122046842,16.07915920226807,3,3,NA,FALSE,-0.16282208022122724
Q6TCH7,PAQR3,13.151212014087996,13.393123958258535,2,3,NA,FALSE,-0.24191194417053907
Q6U841,SLC4A10,15.996169560619702,16.291048049558157,3,3,NA,FALSE,-0.2948784889384548
Q6UB28,METAP1D,15.064411798283992,15.290996658991132,3,3,NA,FALSE,-0.22658486070714012
Q6UB35,MTHFD1L,21.547690392673243,21.840863616157982,3,3,NA,FALSE,-0.2931732234847395
Q6UB99,ANKRD11,17.47021119451538,17.507976707629787,3,3,NA,FALSE,-0.03776551311440812
Q6ULP2,AFTPH,15.865833124145178,16.011054951005868,3,3,NA,FALSE,-0.14522182686068952
Q6UN15,FIP1L1,17.901458541071463,17.66028051640046,3,3,NA,FALSE,0.24117802467100447
Q6UUV7,CRTC3,14.19687957376835,14.409807176940896,3,3,NA,FALSE,-0.2129276031725471
Q6UUV9,CRTC1,17.637888353295544,17.79093628887392,3,3,NA,FALSE,-0.1530479355783747
Q6UVJ0,SASS6,15.722784276342725,15.830254814723139,3,3,NA,FALSE,-0.10747053838041332
Q6UVK1,CSPG4,15.47203594983414,15.536259045987977,2,3,NA,FALSE,-0.06422309615383703
Q6UVY6,MOXD1,16.66674361684943,16.876796150102997,3,3,NA,FALSE,-0.21005253325356676
Q6UW02,CYP20A1,15.425318790185642,15.534310593068282,3,3,NA,FALSE,-0.10899180288263999
Q6UW56,ATRAID,16.785690458094315,16.270535112642904,3,3,NA,FALSE,0.5151553454514115
Q6UW63,POGLUT2,14.736954888017804,14.644022763976318,3,3,NA,FALSE,0.09293212404148576
Q6UW68,TMEM205,18.63849894818194,18.636734086586657,3,3,NA,FALSE,0.0017648615952836622
Q6UW78,UQCC3,15.670146377088404,15.6706065646727,3,3,NA,FALSE,-4.6018758429688944e-4
Q6UWE0,LRSAM1,20.13361979763515,19.93920659027553,3,3,NA,FALSE,0.1944132073596201
Q6UWP2,DHRS11,14.95045830388833,15.00700560925569,3,3,NA,FALSE,-0.05654730536735997
Q6UWP7,LCLAT1,18.87210933426492,18.87111984973137,3,3,NA,FALSE,9.894845335480795e-4
Q6UWS5,PET117,13.999042483964537,13.784168059482154,3,3,NA,FALSE,0.21487442448238347
Q6UWU4,C6orf89,14.165281452666491,14.121310281280856,3,3,NA,FALSE,0.043971171385635444
Q6UWW8,CES3,15.25283092828302,14.870878364770912,3,3,NA,FALSE,0.38195256351210816
Q6UWY0,ARSK,15.142222547742831,15.06641247570725,3,3,NA,FALSE,0.07581007203558165
Q6UWZ7,ABRAXAS1,16.934290024720628,17.252556738653304,3,3,NA,FALSE,-0.318266713932676
Q6UX04,CWC27,16.358826329282103,16.364909205365805,3,3,NA,FALSE,-0.006082876083702615
Q6UX07,DHRS13,14.469468151624389,14.47831573198738,3,3,NA,FALSE,-0.008847580362990826
Q6UX53,TMT1B,15.482261253689664,15.27225031209133,3,3,NA,FALSE,0.210010941598334
Q6UX65,DRAM2,14.583146278403998,14.729784214494437,3,3,NA,FALSE,-0.14663793609043907
Q6UX71,PLXDC2,12.634109317349978,13.05621332862196,3,3,NA,FALSE,-0.4221040112719816
Q6UXD5,SEZ6L2,13.289833873520887,13.062349654828742,3,3,NA,FALSE,0.22748421869214575
Q6UXH1,CRELD2,15.001040563615259,15.102133731496265,3,3,NA,FALSE,-0.10109316788100564
Q6UXN9,WDR82,19.41534789769514,19.545714084225864,3,3,NA,FALSE,-0.13036618653072551
Q6UXV4,APOOL,16.343015797918543,15.972815651311828,3,3,NA,FALSE,0.37020014660671485
Q6V1X1,DPP8,14.006569584384419,14.00433077556993,3,3,NA,FALSE,0.002238808814489346
Q6VMQ6,ATF7IP,15.437123233167648,15.590777085598305,3,3,NA,FALSE,-0.1536538524306561
Q6VN20,RANBP10,15.030657052101908,15.3144695694056,3,3,NA,FALSE,-0.2838125173036925
Q6VY07,PACS1,17.173126509604206,17.188139574349666,3,3,NA,FALSE,-0.01501306474546027
Q6W2J9,BCOR,17.493616126269014,17.280169910018937,3,3,NA,FALSE,0.21344621625007676
Q6WCQ1,MPRIP,15.760767173201389,15.665085019127414,3,3,NA,FALSE,0.09568215407397496
Q6WKZ4,RAB11FIP1,16.166118498840543,16.030193029774317,3,3,NA,FALSE,0.13592546906622616
Q6XQN6,NAPRT,16.367375054281432,16.497280956749865,3,3,NA,FALSE,-0.12990590246843325
Q6XUX3,DSTYK,15.418501562796612,15.103783549975812,3,3,NA,FALSE,0.3147180128207996
Q6XZF7,DNMBP,15.961374931174,16.108501306463854,3,3,NA,FALSE,-0.1471263752898544
Q6Y1H2,HACD2,17.15746954965149,17.054596319097797,3,3,NA,FALSE,0.10287323055369413
Q6Y288,B3GLCT,17.294613421618276,17.194352282516178,3,3,NA,FALSE,0.10026113910209844
Q6Y2X3,DNAJC14,13.809558818040108,13.28466453410029,3,3,NA,FALSE,0.5248942839398172
Q6Y7W6,GIGYF2,16.797848368492918,16.64726923259533,3,3,NA,FALSE,0.15057913589758698
Q6YBV0,SLC36A4,11.85278158444673,11.76126962280992,3,3,NA,FALSE,0.09151196163680986
Q6YHK3,CD109,13.221805330565193,12.776554940893579,3,2,NA,FALSE,0.4452503896716138
Q6YHU6,THADA,14.964683616274385,15.065771182544484,3,3,NA,FALSE,-0.10108756627009896
Q6YN16,HSDL2,18.487721035718813,18.607456421476012,3,3,NA,FALSE,-0.119735385757199
Q6YP21,KYAT3,17.337275553030363,17.464063580419783,3,3,NA,FALSE,-0.12678802738941997
Q6ZMG9,CERS6,16.45215171683329,16.131870600318067,3,3,NA,FALSE,0.32028111651522195
Q6ZMI0,PPP1R21,17.596699002998587,17.685404194804462,3,3,NA,FALSE,-0.08870519180587522
Q6ZMT4,KDM7A,14.330704244887857,13.694500036782486,1,2,NA,FALSE,0.6362042081053705
Q6ZMZ3,SYNE3,18.913030563759776,19.46240749210849,3,3,NA,FALSE,-0.549376928348714
Q6ZN04,MEX3B,14.001538257175987,14.276889979586782,3,3,NA,FALSE,-0.27535172241079486
Q6ZN16,MAP3K15,13.856270950263712,14.14684582036141,3,3,NA,FALSE,-0.2905748700976982
Q6ZN17,LIN28B,16.715727887118124,17.030886380465883,3,3,NA,FALSE,-0.31515849334775936
Q6ZN18,AEBP2,14.120669087649487,14.147346131606957,3,3,NA,FALSE,-0.026677043957469948
Q6ZN55,ZNF574,14.98487264856446,15.082364028500995,3,3,NA,FALSE,-0.09749137993653534
Q6ZNA5,FRRS1,14.387269595442065,14.337365550546652,3,3,NA,FALSE,0.049904044895413335
Q6ZNB6,NFXL1,15.548230334143042,15.601154355294309,3,3,NA,FALSE,-0.05292402115126649
Q6ZNC8,MBOAT1,14.241520874211064,14.376279358416273,3,3,NA,FALSE,-0.13475848420520897
Q6ZNJ1,NBEAL2,13.640497242646827,13.632990505390088,3,3,NA,FALSE,0.00750673725673856
Q6ZNW5,GDPGP1,14.15634566127802,14.105058968889123,3,3,NA,FALSE,0.05128669238889749
Q6ZPD9,DPY19L3,13.928681462434374,13.522682569335448,3,3,NA,FALSE,0.40599889309892667
Q6ZRI6,C15orf39,14.16342364452607,14.228193392624824,3,3,NA,FALSE,-0.06476974809875458
Q6ZRP7,QSOX2,16.919908285934135,17.11610933628581,3,3,NA,FALSE,-0.19620105035167512
Q6ZRQ5,MMS22L,16.160867969810766,16.232018694828863,3,3,NA,FALSE,-0.0711507250180965
Q6ZRS2,SRCAP,16.638409730371222,16.424602071010256,3,3,NA,FALSE,0.2138076593609668
Q6ZRV2,FAM83H,16.10651577077496,16.306648667268547,3,3,NA,FALSE,-0.20013289649358867
Q6ZRY4,RBPMS2,14.67678594747116,14.948093407099533,3,3,NA,FALSE,-0.2713074596283729
Q6ZS17,RIPOR1,15.024173662782573,14.809599327733542,3,3,NA,FALSE,0.214574335049031
Q6ZS30,NBEAL1,13.81747407869955,13.680379221357432,3,3,NA,FALSE,0.13709485734211846
Q6ZS86,GK5,14.612373245392428,13.868326109204094,3,3,NA,FALSE,0.7440471361883336
Q6ZSJ8,C1orf122,15.01706182880905,15.095102546898184,3,3,NA,FALSE,-0.07804071808913449
Q6ZSR9,,15.834047691741628,16.184791077207095,3,3,NA,FALSE,-0.35074338546546713
Q6ZSS7,MFSD6,13.664129601945948,13.525968487040796,2,3,NA,FALSE,0.13816111490515226
Q6ZSY5,PPP1R3F,13.666980076577858,13.748516147875538,3,3,NA,FALSE,-0.08153607129768048
Q6ZSZ5,ARHGEF18,16.698897069994995,16.85197044592599,3,3,NA,FALSE,-0.1530733759309939
Q6ZT12,UBR3,15.363585517400344,15.41873966272196,3,3,NA,FALSE,-0.055154145321616
Q6ZT21,TMPPE,15.006764691013618,15.198923913330097,3,3,NA,FALSE,-0.1921592223164783
Q6ZTN6,ANKRD13D,12.671617572703061,12.580655879954227,3,3,NA,FALSE,0.09096169274883437
Q6ZTW0,TPGS1,13.344613933995483,13.334807249591405,3,3,NA,FALSE,0.009806684404077615
Q6ZU35,CRACD,13.051697873293728,13.193268110203796,3,3,NA,FALSE,-0.1415702369100682
Q6ZU65,UBN2,17.598905053607954,17.54929314144367,3,3,NA,FALSE,0.04961191216428418
Q6ZU80,CEP128,13.62597388824386,14.1897732229614,3,3,NA,FALSE,-0.5637993347175385
Q6ZUT1,NKAPD1,14.954846580170132,15.076490739471515,3,3,NA,FALSE,-0.12164415930138262
Q6ZUT9,DENND5B,14.978765243871207,15.092377016546786,3,3,NA,FALSE,-0.1136117726755792
Q6ZVD8,PHLPP2,13.04396424539495,12.6779801513426,3,3,NA,FALSE,0.3659840940523491
Q6ZVK8,NUDT18,13.955318751682258,14.129976262713178,3,3,NA,FALSE,-0.17465751103092053
Q6ZVM7,TOM1L2,15.251832457375231,15.48712307454195,3,3,NA,FALSE,-0.23529061716671862
Q6ZW31,SYDE1,13.558974940333485,13.745527111999369,3,3,NA,FALSE,-0.186552171665884
Q6ZW49,PAXIP1,16.45140136132676,16.609315005926216,3,3,NA,FALSE,-0.15791364459945711
Q6ZWE6,PLEKHM3,17.554988791291336,17.00770651962206,1,3,NA,FALSE,0.5472822716692747
Q6ZWJ1,STXBP4,17.30857211775127,17.10056328989861,3,3,NA,FALSE,0.2080088278526624
Q6ZWT7,MBOAT2,15.461483187286577,15.119489320099152,3,3,NA,FALSE,0.3419938671874245
Q6ZXV5,TMTC3,18.302301037497834,18.1640351737059,3,3,NA,FALSE,0.13826586379193273
Q6ZYL4,GTF2H5,14.519899672368929,14.503410111606328,3,3,NA,FALSE,0.016489560762600775
Q709C8,VPS13C,17.14050298463552,17.22784997611384,3,3,NA,FALSE,-0.08734699147832004
Q709F0,ACAD11,17.50565906085988,17.50469672338088,3,3,NA,FALSE,9.623374789988759e-4
Q70CQ2,USP34,18.347218085466444,18.68525382897866,3,3,NA,FALSE,-0.338035743512215
Q70CQ3,USP30,15.12267311329657,15.340286606932905,3,3,NA,FALSE,-0.21761349363633542
Q70E73,RAPH1,15.36430232780743,15.847574793282224,3,3,NA,FALSE,-0.4832724654747942
Q70EL1,USP54,12.915861105130313,12.674821920553786,3,3,NA,FALSE,0.24103918457652718
Q70HW3,SLC25A26,13.322900725104644,13.17913908295172,3,3,NA,FALSE,0.1437616421529242
Q70IA6,MOB2,15.896840998091797,15.821133174649237,3,3,NA,FALSE,0.07570782344255989
Q70UQ0,IKBIP,18.72561098744572,18.547411393985172,3,3,NA,FALSE,0.1781995934605476
Q70Z53,FRA10AC1,15.58268691943014,15.537491365272116,3,3,NA,FALSE,0.04519555415802401
Q712K3,UBE2R2,16.07981825424214,16.02834369583834,3,3,NA,FALSE,0.05147455840380033
Q719H9,KCTD1,16.2013047830274,16.293824157953736,3,3,NA,FALSE,-0.09251937492633644
Q71F23,CENPU,15.239920040900405,15.480186703582364,3,3,NA,FALSE,-0.24026666268195918
Q71F56,MED13L,18.42369783092366,18.637615243570576,3,3,NA,FALSE,-0.21391741264691433
Q71H61,ILDR2,12.682121087014538,12.945096995899833,3,3,NA,FALSE,-0.262975908885295
Q71RC2,LARP4,17.23953867372058,17.06012438142064,3,3,NA,FALSE,0.179414292299942
Q71RG4,TMUB2,13.629487806623894,13.012515975256163,3,3,NA,FALSE,0.6169718313677315
Q71SY5,MED25,15.34497961594206,15.277510451286613,3,3,NA,FALSE,0.0674691646554475
Q71UM5,RPS27L,19.29704749357355,19.153036548596717,3,3,NA,FALSE,0.1440109449768343
Q75N03,CBLL1,15.80909674431752,15.987557487096272,3,3,NA,FALSE,-0.17846074277875168
Q75QN2,INTS8,17.21307753060364,17.044014793791323,3,3,NA,FALSE,0.1690627368123181
Q75T13,PGAP1,13.717746175003612,13.878550224466967,3,3,NA,FALSE,-0.16080404946335491
Q76FK4,NOL8,17.9898729528359,17.667524949862322,3,3,NA,FALSE,0.3223480029735768
Q76L83,ASXL2,14.511541229633035,14.30320555769295,3,3,NA,FALSE,0.20833567194008573
Q76N32,CEP68,12.951337741961515,13.473343483927245,3,3,NA,FALSE,-0.5220057419657298
Q7KYR7,BTN2A1,17.099047249695758,17.133787817753877,3,3,NA,FALSE,-0.03474056805811898
Q7KZ85,SUPT6H,17.90680163144606,17.98872801170456,3,3,NA,FALSE,-0.08192638025849774
Q7KZF4,SND1,19.343583769672094,19.39079128693812,3,3,NA,FALSE,-0.047207517266027565
Q7KZI7,MARK2,16.619626311089245,16.655097634850005,3,3,NA,FALSE,-0.03547132376075979
Q7KZN9,COX15,15.728599638223383,15.310520958528025,3,3,NA,FALSE,0.4180786796953573
Q7L014,DDX46,18.40640143791875,18.381190127084928,3,3,NA,FALSE,0.025211310833821443
Q7L099,RUFY3,16.959023380611903,17.111392784716493,3,3,NA,FALSE,-0.15236940410459
Q7L0J3,SV2A,14.078346946600536,14.31358814370883,3,3,NA,FALSE,-0.2352411971082944
Q7L0Q8,RHOU,13.160021393918448,13.294140450443049,3,3,NA,FALSE,-0.1341190565246002
Q7L0Y3,TRMT10C,18.294009510934,18.33415253271284,3,3,NA,FALSE,-0.04014302177883877
Q7L1Q6,BZW1,18.133267761694555,18.077605981397856,3,3,NA,FALSE,0.05566178029669899
Q7L1T6,CYB5R4,16.084156094190952,16.167670931779075,3,3,NA,FALSE,-0.0835148375881225
Q7L1V2,MON1B,13.953755700265408,13.881112691424503,3,3,NA,FALSE,0.07264300884090424
Q7L1W4,LRRC8D,14.764520045603962,15.070685437794669,3,3,NA,FALSE,-0.3061653921907066
Q7L211,ABHD13,12.69872670687201,11.439347361980289,1,2,NA,FALSE,1.2593793448917214
Q7L266,ASRGL1,16.500316884677027,16.606191380376778,3,3,NA,FALSE,-0.10587449569975149
Q7L273,KCTD9,14.341685320785068,13.945440692165642,3,3,NA,FALSE,0.3962446286194261
Q7L2E3,DHX30,19.949611469326804,19.777642272593344,3,3,NA,FALSE,0.17196919673346045
Q7L2H7,EIF3M,18.787410462737025,18.674777478617166,3,3,NA,FALSE,0.112632984119859
Q7L2J0,MEPCE,16.40065974641729,16.772397474595213,3,3,NA,FALSE,-0.37173772817792283
Q7L2K0,TEDC2,17.696084624684403,17.279297577450034,3,3,NA,FALSE,0.41678704723436866
Q7L2Z9,CENPQ,15.339034165674644,15.594012070594056,3,3,NA,FALSE,-0.2549779049194125
Q7L3S4,ZNF771,14.78352033555077,14.799945755276106,3,3,NA,FALSE,-0.01642541972533529
Q7L3T8,PARS2,16.109290255406222,16.447274080489883,3,3,NA,FALSE,-0.3379838250836613
Q7L4I2,RSRC2,16.682879004398316,16.767161273834173,3,3,NA,FALSE,-0.0842822694358567
Q7L523,RRAGA,17.05738926352245,16.997931910317337,3,3,NA,FALSE,0.059457353205111474
Q7L576,CYFIP1,17.892385566927572,17.938547595343636,3,3,NA,FALSE,-0.046162028416063094
Q7L590,MCM10,14.851147122426736,15.050873524173563,3,3,NA,FALSE,-0.1997264017468261
Q7L592,NDUFAF7,16.49726556928283,16.378291482880904,3,3,NA,FALSE,0.11897408640192708
Q7L5D6,GET4,17.48990215916383,17.292872077373794,3,3,NA,FALSE,0.1970300817900359
Q7L5N1,COPS6,17.65248337352135,17.538743839883416,3,3,NA,FALSE,0.11373953363793277
Q7L5N7,LPCAT2,16.56247407545643,16.45895965424669,3,3,NA,FALSE,0.10351442120973786
Q7L5Y1,ENOSF1,15.338101171812758,15.392683852958644,3,3,NA,FALSE,-0.05458268114588627
Q7L5Y6,DET1,10.899672197333661,11.117501482910157,3,3,NA,FALSE,-0.21782928557649583
Q7L5Y9,MAEA,16.243442500095256,16.139748031957737,3,3,NA,FALSE,0.10369446813751892
Q7L7V1,DHX32,13.644005322970452,13.008409452209719,3,3,NA,FALSE,0.6355958707607332
Q7L7X3,TAOK1,17.441120244606424,17.443463531515654,3,3,NA,FALSE,-0.0023432869092303577
Q7L804,RAB11FIP2,13.761965139375127,13.587584988114425,3,3,NA,FALSE,0.17438015126070106
Q7L8J4,SH3BP5L,13.564829636627874,13.478137033932597,2,3,NA,FALSE,0.08669260269527612
Q7L8L6,FASTKD5,17.927352204820078,17.766557309077914,3,3,NA,FALSE,0.1607948957421641
Q7L8W6,DPH6,14.46421148707103,14.361948763587662,3,3,NA,FALSE,0.10226272348336707
Q7L945,ZNF627,13.178322871349387,13.23296977536866,3,3,NA,FALSE,-0.054646904019273634
Q7L9B9,EEPD1,14.675203981019175,14.778617450915856,3,3,NA,FALSE,-0.10341346989668132
Q7LBC6,KDM3B,17.555775582712677,17.800538492867386,3,3,NA,FALSE,-0.24476291015470863
Q7LBR1,CHMP1B,16.594753416081982,16.09821356829915,3,3,NA,FALSE,0.4965398477828309
Q7LG56,RRM2B,17.054016742155603,17.09023888119679,3,3,NA,FALSE,-0.0362221390411861
Q7LGA3,HS2ST1,16.264693965465582,16.476530438747943,3,3,NA,FALSE,-0.21183647328236077
Q7LGC8,CHST3,13.057075656592552,13.472841528048345,3,3,NA,FALSE,-0.41576587145579325
Q7RTN6,STRADA,14.0525341571822,14.259999837944871,3,3,NA,FALSE,-0.20746568076267202
Q7RTP0,NIPA1,15.4720445099351,16.06464716183551,3,3,NA,FALSE,-0.5926026519004086
Q7RTP6,MICAL3,15.988486383277609,15.912454387624319,3,3,NA,FALSE,0.07603199565329
Q7RTS9,DYM,14.581070735273808,14.109938087253159,3,3,NA,FALSE,0.47113264802064947
Q7RTV0,PHF5A,18.4700239016933,18.207322744458423,3,3,NA,FALSE,0.26270115723487564
Q7RTV5,PRXL2C,12.528874553994047,12.798059347835116,2,3,NA,FALSE,-0.2691847938410685
Q7RTY0,SLC16A13,13.792703800200506,13.919827279133742,3,3,NA,FALSE,-0.1271234789332354
Q7Z2E3,APTX,15.29225782193,15.279424499505764,3,3,NA,FALSE,0.012833322424237181
Q7Z2H8,SLC36A1,13.581385228993886,13.035219124327647,3,3,NA,FALSE,0.5461661046662396
Q7Z2K6,ERMP1,16.755563638401807,16.6599025602109,3,3,NA,FALSE,0.09566107819090774
Q7Z2K8,GPRIN1,13.422104701545805,13.477524030730747,3,3,NA,FALSE,-0.05541932918494119
Q7Z2T5,TRMT1L,17.420945375990204,17.52369288943351,3,3,NA,FALSE,-0.10274751344330468
Q7Z2W4,ZC3HAV1,18.023659132769232,17.880397830652395,3,3,NA,FALSE,0.14326130211683719
Q7Z2W9,MRPL21,17.165984866585692,17.11505907119495,3,3,NA,FALSE,0.050925795390742934
Q7Z2Z1,TICRR,17.070871145827557,16.784450783973966,3,3,NA,FALSE,0.2864203618535903
Q7Z2Z2,EFL1,20.253643260435755,20.45145092125377,3,3,NA,FALSE,-0.1978076608180146
Q7Z309,PABIR2,15.702593590763978,15.905063494772577,3,3,NA,FALSE,-0.20246990400859843
Q7Z333,SETX,14.36756949682648,14.367315916599141,3,3,NA,FALSE,2.5358022733890095e-4
Q7Z388,DPY19L4,14.375489414328323,14.054707976142035,3,3,NA,FALSE,0.32078143818628746
Q7Z392,TRAPPC11,17.071756335838003,16.95211176041901,3,3,NA,FALSE,0.11964457541899165
Q7Z3B0,SMIM15,14.183194765413521,13.992413095572724,3,3,NA,FALSE,0.19078166984079736
Q7Z3B3,KANSL1,14.240968852386645,14.164166106690965,3,3,NA,FALSE,0.07680274569568013
Q7Z3B4,NUP54,17.937304726458994,18.007706689966867,3,3,NA,FALSE,-0.07040196350787298
Q7Z3C6,ATG9A,16.592802027727284,16.443123021619915,3,3,NA,FALSE,0.14967900610736962
Q7Z3D4,LYSMD3,14.833740766482922,15.07120168636168,3,3,NA,FALSE,-0.2374609198787585
Q7Z3D6,DGLUCY,15.635814761371392,15.705793407665388,3,3,NA,FALSE,-0.06997864629399508
Q7Z3E2,CCDC186,14.079191591248646,13.59865827380527,2,3,NA,FALSE,0.4805333174433759
Q7Z3E5,ARMC9,16.58794138120793,16.245140033383027,3,3,NA,FALSE,0.3428013478249028
Q7Z3F1,GPR155,12.61803751512858,12.741042790145384,3,3,NA,FALSE,-0.12300527501680314
Q7Z3J2,VPS35L,17.235413172387968,17.34842657271124,3,3,NA,FALSE,-0.1130134003232719
Q7Z3K3,POGZ,16.955538757642106,17.174194551990055,3,3,NA,FALSE,-0.21865579434794924
Q7Z3K6,MIER3,15.034017151676546,14.900637179842334,3,3,NA,FALSE,0.13337997183421102
Q7Z3T8,ZFYVE16,18.094490202408906,18.35950015354127,3,3,NA,FALSE,-0.26500995113236314
Q7Z3U7,MON2,17.57798047512291,17.576784105010752,3,3,NA,FALSE,0.0011963701121580073
Q7Z3V4,UBE3B,14.769728020666594,14.6079728153542,3,3,NA,FALSE,0.16175520531239407
Q7Z401,DENND4A,15.39202131632571,15.383862184467139,3,3,NA,FALSE,0.0081591318585712
Q7Z406,MYH14,17.662640704164353,17.831131034099723,3,3,NA,FALSE,-0.16849032993536994
Q7Z412,PEX26,13.820725287584049,13.383787061160222,3,3,NA,FALSE,0.43693822642382685
Q7Z417,NUFIP2,15.822230615027621,16.066585522920768,3,3,NA,FALSE,-0.24435490789314684
Q7Z422,SZRD1,17.794463356727295,18.06173436350109,3,3,NA,FALSE,-0.2672710067737931
Q7Z434,MAVS,17.266132885238836,17.66723814592781,3,3,NA,FALSE,-0.40110526068897556
Q7Z449,CYP2U1,14.733911681808912,14.469911786188941,3,3,NA,FALSE,0.26399989561997117
Q7Z460,CLASP1,17.83941861018481,17.937842188587776,3,3,NA,FALSE,-0.098423578402965
Q7Z478,DHX29,16.217091910252847,16.0265653763123,3,3,NA,FALSE,0.19052653394054886
Q7Z494,NPHP3,13.349933209655864,13.178932211303055,3,3,NA,FALSE,0.17100099835280957
Q7Z4G1,COMMD6,16.177077051187887,16.27562575817672,3,3,NA,FALSE,-0.09854870698883289
Q7Z4G4,TRMT11,15.775157491406837,15.75477949595139,3,3,NA,FALSE,0.020377995455447717
Q7Z4H3,HDDC2,17.814635906455923,17.83511880211667,3,3,NA,FALSE,-0.020482895660748568
Q7Z4H7,HAUS6,15.577593989272206,15.724845220584553,3,3,NA,FALSE,-0.14725123131234774
Q7Z4H8,POGLUT3,18.150609671215452,17.974512460358827,3,3,NA,FALSE,0.176097210856625
Q7Z4L5,TTC21B,17.0278752414557,16.851283133956166,3,3,NA,FALSE,0.17659210749953402
Q7Z4Q2,HEATR3,19.620126163431845,19.395657933056963,3,3,NA,FALSE,0.22446823037488173
Q7Z4S6,KIF21A,16.673305517740225,16.627887832879995,3,3,NA,FALSE,0.04541768486022946
Q7Z4V5,HDGFL2,18.738997817167537,18.941271249550798,3,3,NA,FALSE,-0.20227343238326156
Q7Z4W1,DCXR,18.813431322995594,18.994506155306382,3,3,NA,FALSE,-0.18107483231078803
Q7Z569,BRAP,17.145007108650187,17.265228075498037,3,3,NA,FALSE,-0.12022096684784955
Q7Z589,EMSY,16.49081446405047,16.612469877485967,3,3,NA,FALSE,-0.1216554134354979
Q7Z5G4,GOLGA7,16.678421879488035,16.859105338978804,3,3,NA,FALSE,-0.18068345949076914
Q7Z5J4,RAI1,13.743036083648843,13.848048767861625,3,3,NA,FALSE,-0.10501268421278276
Q7Z5K2,WAPL,16.922199471222953,17.145019557687796,3,3,NA,FALSE,-0.22282008646484286
Q7Z5L2,R3HCC1L,14.835080150425547,14.82707871035386,3,3,NA,FALSE,0.008001440071687682
Q7Z5L9,IRF2BP2,17.69192506826716,17.811208983613614,3,3,NA,FALSE,-0.119283915346454
Q7Z5N4,SDK1,14.453672899319882,15.183367362152289,3,3,NA,FALSE,-0.7296944628324074
Q7Z5U6,WDR53,13.4315506917659,13.447156974373263,2,3,NA,FALSE,-0.015606282607363298
Q7Z5W3,BCDIN3D,13.295137376769176,12.57133711979955,3,3,NA,FALSE,0.7238002569696267
Q7Z624,CAMKMT,12.959925005067038,12.630744545437713,3,3,NA,FALSE,0.32918045962932574
Q7Z628,NET1,13.759018976362764,13.940450054487588,3,3,NA,FALSE,-0.18143107812482384
Q7Z6B0,CCDC91,14.870011136007887,15.328767089178363,3,3,NA,FALSE,-0.4587559531704759
Q7Z6B7,SRGAP1,15.021376095431858,14.776919753988798,3,3,NA,FALSE,0.24445634144306005
Q7Z6E9,RBBP6,16.558445271395723,16.48138131427842,3,3,NA,FALSE,0.07706395711730352
Q7Z6I8,C5orf24,14.973411672019298,15.126121154601613,3,3,NA,FALSE,-0.1527094825823152
Q7Z6J0,SH3RF1,13.359492788222328,13.859927056149537,3,3,NA,FALSE,-0.5004342679272096
Q7Z6J6,FRMD5,12.788248692194344,13.10262775261743,3,3,NA,FALSE,-0.31437906042308583
Q7Z6J8,UBE3D,14.147445002275786,13.777496518265991,3,3,NA,FALSE,0.36994848400979485
Q7Z6J9,TSEN54,15.205227204296655,15.230612620973973,3,3,NA,FALSE,-0.025385416677318418
Q7Z6K3,PTAR1,14.604205736122427,14.53373221009506,3,3,NA,FALSE,0.07047352602736723
Q7Z6K5,ARPIN,17.17287342126889,17.33564314577968,3,3,NA,FALSE,-0.16276972451079175
Q7Z6L1,TECPR1,13.75993839945532,13.82615881938533,3,3,NA,FALSE,-0.06622041993001027
Q7Z6M1,RABEPK,16.068235493642,16.435532468307986,3,3,NA,FALSE,-0.36729697466598665
Q7Z6M2,FBXO33,13.587154749213036,13.172810766280554,3,2,NA,FALSE,0.41434398293248265
Q7Z6M4,MTERF4,14.323047187931257,14.037926381197838,3,3,NA,FALSE,0.2851208067334188
Q7Z6R9,TFAP2D,17.521558867525197,16.069689532773463,1,1,NA,FALSE,1.4518693347517342
Q7Z6V5,ADAT2,14.157560327802143,14.390107146681697,3,3,NA,FALSE,-0.23254681887955364
Q7Z6Z7,HUWE1,19.0940989969274,19.261056628763047,3,3,NA,FALSE,-0.16695763183564694
Q7Z736,PLEKHH3,14.230023866945572,14.144306064858037,3,3,NA,FALSE,0.08571780208753488
Q7Z739,YTHDF3,16.38254495311995,16.523477529299264,3,3,NA,FALSE,-0.14093257617931343
Q7Z7A3,CTU1,15.748702000242394,15.577284254071195,3,3,NA,FALSE,0.17141774617119943
Q7Z7A4,PXK,17.52906060123675,17.97237257773449,3,3,NA,FALSE,-0.4433119764977391
Q7Z7C8,TAF8,15.503487415155009,15.628113589007974,3,3,NA,FALSE,-0.12462617385296504
Q7Z7E8,UBE2Q1,16.469827752169408,16.348147253719713,3,3,NA,FALSE,0.1216804984496953
Q7Z7F0,KHDC4,14.712776742468176,14.676151274747472,3,3,NA,FALSE,0.03662546772070385
Q7Z7F7,MRPL55,17.88883473558175,17.913140732002425,3,3,NA,FALSE,-0.02430599642067577
Q7Z7G8,VPS13B,13.740366412322434,13.800135131098251,3,3,NA,FALSE,-0.059768718775817575
Q7Z7H5,TMED4,17.992589761111503,17.9929484262482,3,3,NA,FALSE,-3.58665136698022e-4
Q7Z7H8,MRPL10,18.896331530297832,19.116111414431103,3,3,NA,FALSE,-0.21977988413327054
Q7Z7K0,CMC1,14.706502059496515,14.894894764585153,3,3,NA,FALSE,-0.18839270508863848
Q7Z7K6,CENPV,18.35937360026322,18.428329483133513,3,3,NA,FALSE,-0.06895588287029497
Q7Z7L7,ZER1,13.960659703925526,13.693227937443803,3,3,NA,FALSE,0.26743176648172273
Q7Z7M0,MEGF8,15.433032709219475,15.366322486008707,3,3,NA,FALSE,0.0667102232107677
Q7Z7N9,TMEM179B,16.067707290143346,16.01948859062226,3,3,NA,FALSE,0.048218699521086705
Q86SE9,PCGF5,15.292850111360057,14.88894908448451,3,3,NA,FALSE,0.4039010268755465
Q86SF2,GALNT7,15.768768650471234,16.007731745100834,3,3,NA,FALSE,-0.2389630946296002
Q86SK9,SCD5,15.378913963606514,15.037437684149616,3,3,NA,FALSE,0.3414762794568986
Q86SQ0,PHLDB2,15.659723906303597,15.887801325922563,3,3,NA,FALSE,-0.2280774196189661
Q86SQ7,SDCCAG8,12.601809643553409,12.704693371108775,3,3,NA,FALSE,-0.10288372755536557
Q86SQ9,DHDDS,14.872865363817656,14.659167848114672,3,3,NA,FALSE,0.21369751570298412
Q86SX3,TEDC1,16.029038700273613,15.830945739973664,3,3,NA,FALSE,0.19809296029994883
Q86SX6,GLRX5,17.106174667088244,17.475532478060934,3,3,NA,FALSE,-0.3693578109726907
Q86SZ2,TRAPPC6B,15.796013019767418,15.5983774877077,3,3,NA,FALSE,0.19763553205971895
Q86T03,PIP4P1,16.721288955126294,16.513020964260626,3,3,NA,FALSE,0.20826799086566794
Q86T24,ZBTB33,16.454682083967406,15.97527123553214,3,3,NA,FALSE,0.4794108484352648
Q86T82,USP37,16.047828344297606,16.160064258712634,3,3,NA,FALSE,-0.11223591441502734
Q86TB9,PATL1,16.82198330515524,16.722093029658524,3,3,NA,FALSE,0.09989027549671547
Q86TI0,TBC1D1,13.73192283639534,13.460541781348617,3,3,NA,FALSE,0.2713810550467226
Q86TI2,DPP9,16.66579811919525,16.617455116708623,3,3,NA,FALSE,0.048343002486628706
Q86TJ2,TADA2B,15.464785435102698,15.531174560596261,3,3,NA,FALSE,-0.06638912549356313
Q86TL2,STIMATE,14.089585050144281,14.11775629763894,3,3,NA,FALSE,-0.028171247494658047
Q86TM6,SYVN1,16.872067820398325,16.626739105542896,3,3,NA,FALSE,0.24532871485542884
Q86TN4,TRPT1,15.717912290513077,15.520400210599972,3,3,NA,FALSE,0.19751207991310515
Q86TP1,PRUNE1,17.14479312143716,17.08944203467087,3,3,NA,FALSE,0.05535108676629008
Q86TS9,MRPL52,16.391075479672836,16.612608780687264,3,3,NA,FALSE,-0.22153330101442847
Q86TU7,SETD3,16.908686972023933,16.75835841656465,3,3,NA,FALSE,0.15032855545928214
Q86TV6,TTC7B,15.851934334710963,15.844689848648605,3,3,NA,FALSE,0.007244486062358391
Q86TW2,ADCK1,14.929473518024398,14.06549358695769,1,3,NA,FALSE,0.8639799310667087
Q86U06,RBM23,16.145711183773276,16.25810986650326,3,3,NA,FALSE,-0.11239868272998521
Q86U28,ISCA2,17.048017302691544,17.31128123025962,3,3,NA,FALSE,-0.26326392756807593
Q86U38,NOP9,16.58297944060494,16.620986449403645,3,3,NA,FALSE,-0.038007008798704334
Q86U42,PABPN1,20.057415914089265,20.06317437314847,3,3,NA,FALSE,-0.005758459059205023
Q86U44,METTL3,16.993413941563222,17.008198991425264,3,3,NA,FALSE,-0.014785049862041433
Q86U70,LDB1,16.302379989772152,16.34312609751746,3,3,NA,FALSE,-0.040746107745306404
Q86U86,PBRM1,17.064281428745005,17.022106468563944,3,3,NA,FALSE,0.04217496018106104
Q86U90,YRDC,16.472082045424177,16.475998717617454,3,3,NA,FALSE,-0.003916672193277293
Q86UA1,PRPF39,16.04103845647627,16.138700695942248,3,3,NA,FALSE,-0.09766223946597918
Q86UA6,RPAIN,15.201415527270125,15.531139430334491,3,3,NA,FALSE,-0.32972390306436594
Q86UB9,TMEM135,14.428911463849861,13.403827366287906,3,3,NA,FALSE,1.0250840975619546
Q86UD0,SAPCD2,14.584453443950238,13.45117027410382,3,2,NA,FALSE,1.1332831698464183
Q86UE4,MTDH,19.096122388248272,19.21319827775198,3,3,NA,FALSE,-0.11707588950370962
Q86UE8,TLK2,17.983337732341838,18.10452367043804,3,3,NA,FALSE,-0.12118593809620393
Q86UF1,TSPAN33,13.8292890407881,14.120523975612699,3,3,NA,FALSE,-0.2912349348245993
Q86UK7,ZNF598,17.971445823370107,17.69587442839508,3,3,NA,FALSE,0.27557139497502803
Q86UL3,GPAT4,16.000232580980935,15.650707334092806,3,3,NA,FALSE,0.34952524688812936
Q86UN3,RTN4RL2,14.768572111719237,14.13434703710061,2,1,NA,FALSE,0.6342250746186266
Q86UP2,KTN1,18.72852022746197,18.84859690150905,3,3,NA,FALSE,-0.12007667404708045
Q86UP3,ZFHX4,16.949069976374123,16.892242751175747,3,3,NA,FALSE,0.056827225198375686
Q86UQ0,ZNF589,13.58233724974323,13.563612641844136,3,3,NA,FALSE,0.01872460789909347
Q86US8,SMG6,16.709102177132944,16.884747477074683,3,3,NA,FALSE,-0.1756452999417384
Q86UT6,NLRX1,15.770088309244967,15.839115674851083,3,3,NA,FALSE,-0.06902736560611622
Q86UU1,PHLDB1,16.974873635740085,17.062989531710304,3,3,NA,FALSE,-0.08811589597021907
Q86UV5,USP48,17.515459520841517,17.445105425356438,3,3,NA,FALSE,0.07035409548507943
Q86UW6,N4BP2,14.090679983192574,14.231212432725231,3,3,NA,FALSE,-0.14053244953265676
Q86UW9,DTX2,12.032702985872561,11.791628773748393,3,3,NA,FALSE,0.24107421212416824
Q86UX6,STK32C,16.28945844919965,16.050394315588893,3,3,NA,FALSE,0.23906413361075707
Q86UY6,NAA40,17.038290481546177,16.656984516550132,3,3,NA,FALSE,0.3813059649960451
Q86UY8,NT5DC3,16.735930136424336,16.756337672351037,3,3,NA,FALSE,-0.02040753592670086
Q86V15,CASZ1,15.410572604336805,15.626994842441524,3,3,NA,FALSE,-0.2164222381047196
Q86V21,AACS,15.982541274176052,16.081658473490883,3,3,NA,FALSE,-0.09911719931483098
Q86V24,ADIPOR2,13.853986463863208,14.24302410254467,3,3,NA,FALSE,-0.3890376386814616
Q86V48,LUZP1,15.476074484023563,15.613266615261738,3,3,NA,FALSE,-0.13719213123817475
Q86V59,PNMA8A,15.430074704203099,15.073080618818283,3,3,NA,FALSE,0.3569940853848159
Q86V81,ALYREF,21.4096940892254,21.44828092467221,3,3,NA,FALSE,-0.03858683544681085
Q86V85,GPR180,16.08290060888897,16.3394427059066,3,3,NA,FALSE,-0.2565420970176291
Q86V87,FHIP2B,14.645473504580341,14.007463283485452,2,1,NA,FALSE,0.6380102210948895
Q86V88,MDP1,16.03300698498086,15.820186215748704,3,3,NA,FALSE,0.21282076923215776
Q86V97,KBTBD6,17.503779099687197,16.861583705247757,3,3,NA,FALSE,0.6421953944394403
Q86VD7,SLC25A42,14.560901324281426,14.822738726658574,3,3,NA,FALSE,-0.26183740237714836
Q86VH4,LRRTM4,13.209983829923564,11.843891023666918,1,3,NA,FALSE,1.3660928062566455
Q86VI3,IQGAP3,17.76228120705826,17.76305901415611,3,3,NA,FALSE,-7.778070978510243e-4
Q86VI4,LAPTM4B,12.271213471103446,11.557461904570355,3,2,NA,FALSE,0.7137515665330909
Q86VK4,ZNF410,10.642382825921487,11.89899451446478,1,1,NA,FALSE,-1.256611688543293
Q86VM9,ZC3H18,17.438969983783352,17.593753301750507,3,3,NA,FALSE,-0.15478331796715494
Q86VN1,VPS36,18.109048147522902,18.005820212491976,3,3,NA,FALSE,0.10322793503092598
Q86VP1,TAX1BP1,14.514342508946632,14.764651642275304,3,3,NA,FALSE,-0.2503091333286722
Q86VP3,PACS2,14.009533259020003,14.136358781342448,3,3,NA,FALSE,-0.12682552232244504
Q86VP6,CAND1,20.639010832664614,20.70752847591219,3,3,NA,FALSE,-0.06851764324757781
Q86VQ1,GLCCI1,17.999663712122445,18.106687827831923,3,3,NA,FALSE,-0.10702411570947845
Q86VQ6,TXNRD3,14.160420449288296,14.371242221422312,3,3,NA,FALSE,-0.21082177213401643
Q86VR2,RETREG3,16.898751825243057,16.512367418563873,3,3,NA,FALSE,0.38638440667918417
Q86VS8,HOOK3,17.288817488536385,17.49453188693535,3,3,NA,FALSE,-0.205714398398964
Q86VU5,COMTD1,14.818732487714682,14.854618060188034,3,3,NA,FALSE,-0.03588557247335267
Q86VV8,RTTN,14.360350738835665,14.354499312937476,3,3,NA,FALSE,0.005851425898189433
Q86VW0,SESTD1,16.27535580842252,16.086419027829702,3,3,NA,FALSE,0.18893678059281882
Q86VX2,COMMD7,16.14043341906982,16.097354084575052,3,3,NA,FALSE,0.04307933449476664
Q86VX9,MON1A,14.077628887526481,14.073135047737743,3,3,NA,FALSE,0.004493839788738185
Q86VZ5,SGMS1,13.464552673089567,13.478357319713552,2,2,NA,FALSE,-0.01380464662398495
Q86W11,ZSCAN30,14.59070457840297,14.377767287202172,3,3,NA,FALSE,0.21293729120079874
Q86W34,AMZ2,16.661026262661203,16.410362026622053,3,3,NA,FALSE,0.25066423603914956
Q86W42,THOC6,17.90477424363688,17.8648791800707,3,3,NA,FALSE,0.03989506356617767
Q86W50,METTL16,15.843893465405593,15.900347231250956,3,3,NA,FALSE,-0.056453765845363435
Q86W56,PARG,16.675963436301696,16.553506432112194,3,3,NA,FALSE,0.12245700418950278
Q86W74,ANKRD46,16.361477590991928,16.06966422113655,3,3,NA,FALSE,0.29181336985537953
Q86W92,PPFIBP1,16.9347269436376,16.94345386836795,3,3,NA,FALSE,-0.008726924730350305
Q86WA6,BPHL,17.38745941001487,17.409420421497842,3,3,NA,FALSE,-0.021961011482972026
Q86WA8,LONP2,15.467920970765974,14.497481713402873,3,3,NA,FALSE,0.9704392573631004
Q86WA9,SLC26A11,14.63938018729148,14.642440737150514,3,3,NA,FALSE,-0.003060549859034367
Q86WB0,ZC3HC1,16.297411858428195,16.633097552175137,3,3,NA,FALSE,-0.33568569374694235
Q86WC4,OSTM1,15.560444517416075,15.559740995218338,3,3,NA,FALSE,7.03522197737172e-4
Q86WG5,SBF2,13.625747610326416,13.486361547739754,3,3,NA,FALSE,0.1393860625866612
Q86WJ1,CHD1L,17.32344596444817,17.3448645532424,3,3,NA,FALSE,-0.021418588794229976
Q86WN1,FCHSD1,13.255790245667058,13.470223196798264,3,3,NA,FALSE,-0.2144329511312062
Q86WP2,GPBP1,14.609537536518523,14.401508290892094,3,3,NA,FALSE,0.20802924562642922
Q86WQ0,NR2C2AP,15.869487621353938,15.956880215509184,3,3,NA,FALSE,-0.08739259415524536
Q86WR0,CCDC25,17.72139693603712,17.714371254947864,3,3,NA,FALSE,0.007025681089256608
Q86WR7,PROSER2,14.501291776429763,14.409078535503145,3,3,NA,FALSE,0.09221324092661831
Q86WT1,IFT70A,16.582123701844946,16.57458097253837,3,3,NA,FALSE,0.007542729306575069
Q86WU2,LDHD,12.476870506017667,12.480549798548886,2,3,NA,FALSE,-0.003679292531218792
Q86WX3,RPS19BP1,16.412984264642894,16.532839476707686,3,3,NA,FALSE,-0.11985521206479177
Q86X02,CDR2L,15.655878969521517,15.156155620554957,3,3,NA,FALSE,0.49972334896656
Q86X10,RALGAPB,16.361342283911405,16.127782693304226,3,3,NA,FALSE,0.2335595906071788
Q86X27,RALGPS2,14.349366294432402,14.260038394675684,3,3,NA,FALSE,0.08932789975671795
Q86X29,LSR,16.246350022215193,16.422587861655302,3,3,NA,FALSE,-0.17623783944010896
Q86X52,CHSY1,14.06438386369524,14.006324610075382,3,3,NA,FALSE,0.05805925361985764
Q86X53,ERICH1,16.191481232505144,15.886700316305502,3,3,NA,FALSE,0.30478091619964154
Q86X55,CARM1,17.946942585624793,18.139373396618378,3,3,NA,FALSE,-0.19243081099358506
Q86X76,NIT1,17.370862435767723,17.479821974642352,3,3,NA,FALSE,-0.10895953887462895
Q86X83,COMMD2,16.034697761328307,15.970551702274465,3,3,NA,FALSE,0.06414605905384185
Q86X95,CIR1,16.40861523201058,15.649363837662406,3,3,NA,FALSE,0.7592513943481727
Q86XA9,HEATR5A,16.622680479735713,16.438167024786697,3,3,NA,FALSE,0.18451345494901616
Q86XI2,NCAPG2,16.432501532178676,16.394670917750314,3,3,NA,FALSE,0.037830614428362
Q86XI8,ZSWIM9,14.363329241399981,14.54729875622622,3,3,NA,FALSE,-0.1839695148262397
Q86XJ1,GAS2L3,12.240544159937336,12.275887315688449,3,3,NA,FALSE,-0.035343155751112576
Q86XK2,FBXO11,14.885593356213867,14.871977009912548,3,3,NA,FALSE,0.013616346301319027
Q86XK3,SFR1,14.121339161318,14.858943443253406,3,3,NA,FALSE,-0.7376042819354058
Q86XL3,ANKLE2,15.720460715137133,15.561553919392656,3,3,NA,FALSE,0.15890679574447653
Q86XN7,PROSER1,14.059403446404232,13.557754880131398,3,3,NA,FALSE,0.5016485662728343
Q86XN8,MEX3D,13.58742915739517,13.217404807179884,3,3,NA,FALSE,0.3700243502152869
Q86XP1,DGKH,14.815420802707946,15.05779945314464,3,3,NA,FALSE,-0.24237865043669338
Q86XP3,DDX42,20.16260225750295,20.359451230439124,3,3,NA,FALSE,-0.19684897293617354
Q86XT9,TMEM219,14.086127489762864,13.951003105875357,3,3,NA,FALSE,0.1351243838875078
Q86XX4,FRAS1,13.543408944472773,13.273610302125482,3,3,NA,FALSE,0.26979864234729156
Q86XZ4,SPATS2,15.650876640260275,15.517944675888394,3,3,NA,FALSE,0.13293196437188115
Q86Y07,VRK2,15.145524964221222,14.753792460635832,3,3,NA,FALSE,0.3917325035853896
Q86Y13,DZIP3,14.56122385703161,14.607631998877906,3,3,NA,FALSE,-0.04640814184629605
Q86Y37,CACUL1,19.54486145557543,19.622192415274448,3,3,NA,FALSE,-0.07733095969901882
Q86Y39,NDUFA11,18.770910946620265,18.694270316234743,3,3,NA,FALSE,0.07664063038552271
Q86Y56,DNAAF5,17.698913459779384,17.554729252447753,3,3,NA,FALSE,0.14418420733163018
Q86Y79,PTRH1,18.89511613467858,18.877062830683037,3,3,NA,FALSE,0.0180533039955435
Q86Y82,STX12,18.899859683967534,18.923456625278238,3,3,NA,FALSE,-0.023596941310703556
Q86Y91,KIF18B,15.57693703479619,15.73984354402102,3,3,NA,FALSE,-0.16290650922483074
Q86Y97,KMT5C,15.014266630908136,15.450339532687485,3,3,NA,FALSE,-0.4360729017793492
Q86YA3,ZGRF1,12.60999229907547,13.004360565156306,3,3,NA,FALSE,-0.39436826608083564
Q86YB8,ERO1B,15.879410981268444,16.052347821715752,3,3,NA,FALSE,-0.17293684044730817
Q86YC2,PALB2,13.624656324227235,13.345858166244277,3,3,NA,FALSE,0.27879815798295837
Q86YD1,PTOV1,15.465518480112104,14.939118716195997,3,3,NA,FALSE,0.5263997639161069
Q86YH6,PDSS2,14.190013613125332,14.392944786033057,3,3,NA,FALSE,-0.202931172907725
Q86YM7,HOMER1,15.334226627014987,15.376925070962846,3,3,NA,FALSE,-0.04269844394785949
Q86YP4,GATAD2A,16.823314855850615,16.679667574393893,3,3,NA,FALSE,0.14364728145672245
Q86YQ8,CPNE8,15.324964883319517,15.028126274077225,3,3,NA,FALSE,0.29683860924229144
Q86YR5,GPSM1,14.746203795515207,14.791485375246534,3,3,NA,FALSE,-0.04528157973132707
Q86YS6,RAB43,15.944956203702516,16.11849599676254,3,3,NA,FALSE,-0.17353979306002465
Q86YS7,C2CD5,16.122817746993835,16.263171459320258,3,3,NA,FALSE,-0.1403537123264229
Q86YT6,MIB1,16.695523820984896,16.556037839379435,3,3,NA,FALSE,0.13948598160546055
Q86YV9,HPS6,15.25948645803306,15.281986186187444,3,3,NA,FALSE,-0.022499728154384613
Q8IU60,DCP2,16.04647018530757,15.997674472365366,3,3,NA,FALSE,0.048795712942203195
Q8IU81,IRF2BP1,17.10542924118598,17.439208603581275,3,3,NA,FALSE,-0.33377936239529404
Q8IU85,CAMK1D,14.046417088016279,14.186253103207685,3,3,NA,FALSE,-0.1398360151914062
Q8IUC8,GALNT13,12.402434616119857,11.641702559814949,3,3,NA,FALSE,0.7607320563049083
Q8IUD2,ERC1,18.854316111172135,19.163171525275747,3,3,NA,FALSE,-0.3088554141036113
Q8IUE6,H2AC21,20.11770875951218,20.310131655512848,3,3,NA,FALSE,-0.19242289600066798
Q8IUF8,RIOX2,16.536697633147146,16.51773409375236,3,3,NA,FALSE,0.01896353939478601
Q8IUH3,RBM45,16.18129728583209,15.80783952472506,3,3,NA,FALSE,0.37345776110703177
Q8IUH4,ZDHHC13,16.475170122600378,17.01990427682996,3,3,NA,FALSE,-0.5447341542295803
Q8IUH5,ZDHHC17,15.278983495751191,15.556488240044404,3,3,NA,FALSE,-0.27750474429321237
Q8IUI8,CRLF3,14.910192047583285,15.072233649183952,3,3,NA,FALSE,-0.1620416016006665
Q8IUR0,TRAPPC5,15.755726728297677,15.48574729140863,3,3,NA,FALSE,0.2699794368890469
Q8IUR7,ARMC8,18.461060758474183,18.697341266535172,3,3,NA,FALSE,-0.23628050806098955
Q8IUS5,EPHX4,14.475700853565952,14.808228375408504,3,3,NA,FALSE,-0.3325275218425521
Q8IUX1,TMEM126B,15.647577884571815,15.870509288759306,3,3,NA,FALSE,-0.22293140418749147
Q8IUX4,APOBEC3F,15.521996691757606,15.531886668247154,3,3,NA,FALSE,-0.009889976489548147
Q8IUZ5,PHYKPL,17.300704167659553,16.906125715450145,2,3,NA,FALSE,0.3945784522094087
Q8IV08,PLD3,18.271233005243708,18.155536872007154,3,3,NA,FALSE,0.11569613323655403
Q8IV32,CCDC71,15.055289126718723,14.87377422828257,3,3,NA,FALSE,0.1815148984361521
Q8IV36,HID1,14.075197440085352,14.223812199834656,3,3,NA,FALSE,-0.14861475974930372
Q8IV38,ANKMY2,16.51561551312914,16.334360157218743,3,3,NA,FALSE,0.1812553559103982
Q8IV48,ERI1,15.66505395221839,15.524153624793323,3,3,NA,FALSE,0.14090032742506686
Q8IV63,VRK3,16.484275632594898,16.219974783644624,3,3,NA,FALSE,0.26430084895027406
Q8IVB4,SLC9A9,13.691215148773708,13.508167315581751,2,3,NA,FALSE,0.1830478331919565
Q8IVB5,LIX1L,14.075459597401396,13.488027157722765,3,3,NA,FALSE,0.587432439678631
Q8IVD9,NUDCD3,16.708424489769502,16.725704543477306,3,3,NA,FALSE,-0.017280053707803944
Q8IVF2,AHNAK2,15.218213124454355,15.431668075139694,3,3,NA,FALSE,-0.21345495068533893
Q8IVF7,FMNL3,14.955140148551838,15.058841100306456,3,3,NA,FALSE,-0.10370095175461813
Q8IVH2,FOXP4,14.92705526592203,14.862897230051004,3,3,NA,FALSE,0.06415803587102609
Q8IVH4,MMAA,14.52004693877941,15.007118559949147,3,3,NA,FALSE,-0.48707162116973635
Q8IVH8,MAP4K3,14.984572589172595,14.968278279938998,3,3,NA,FALSE,0.016294309233597204
Q8IVL6,P3H3,15.186312217274061,14.886772154039598,3,3,NA,FALSE,0.29954006323446336
Q8IVM0,CCDC50,15.299908670703598,15.593851584468206,3,3,NA,FALSE,-0.29394291376460835
Q8IVP5,FUNDC1,13.699282273817886,13.358219145336317,2,3,NA,FALSE,0.3410631284815686
Q8IVQ6,ZDHHC21,13.224994765870411,13.166002219686922,3,3,NA,FALSE,0.05899254618348948
Q8IVS2,MCAT,16.096700751922675,16.087985216220748,3,3,NA,FALSE,0.008715535701927735
Q8IVT5,KSR1,14.795336120569836,14.917958972525472,3,3,NA,FALSE,-0.12262285195563649
Q8IVV7,GID4,15.47018294410949,15.57544591370001,3,3,NA,FALSE,-0.10526296959051962
Q8IVW6,ARID3B,16.144107775871618,16.376833399730913,3,3,NA,FALSE,-0.23272562385929518
Q8IW19,APLF,12.826856956924157,13.228644701514275,3,3,NA,FALSE,-0.4017877445901181
Q8IW35,CEP97,16.63057778344774,16.761032720974285,3,3,NA,FALSE,-0.1304549375265438
Q8IW41,MAPKAPK5,14.401797953281216,14.547671965953061,3,3,NA,FALSE,-0.14587401267184497
Q8IW45,NAXD,12.232646448660995,12.394956353297985,3,3,NA,FALSE,-0.1623099046369898
Q8IW92,GLB1L2,14.12023924789786,14.280899467804286,3,3,NA,FALSE,-0.16066021990642554
Q8IWA0,WDR75,17.400816038805488,17.38247178795793,3,3,NA,FALSE,0.01834425084755864
Q8IWA4,MFN1,15.173891124517986,15.320295737349587,3,3,NA,FALSE,-0.146404612831601
Q8IWA5,SLC44A2,16.519951959524576,16.57355493931079,3,3,NA,FALSE,-0.05360297978621276
Q8IWB1,ITPRIP,15.77024486453907,15.837319036726637,3,3,NA,FALSE,-0.06707417218756717
Q8IWB7,WDFY1,16.569993478701686,16.537991835937934,3,3,NA,FALSE,0.032001642763752614
Q8IWB9,TEX2,13.99951275502532,14.259242008354157,3,3,NA,FALSE,-0.2597292533288371
Q8IWC1,MAP7D3,15.782490406059456,15.49602748791732,3,3,NA,FALSE,0.286462918142135
Q8IWD4,CCDC117,15.859527753463412,15.969175559625786,3,3,NA,FALSE,-0.10964780616237313
Q8IWE2,FAM114A1,16.000232759840312,16.068386723037303,3,3,NA,FALSE,-0.06815396319699119
Q8IWE4,DCUN1D3,13.186871921164261,13.351419756692964,3,3,NA,FALSE,-0.1645478355287029
Q8IWE5,PLEKHM2,14.957184354542594,14.916328717720287,3,3,NA,FALSE,0.04085563682230742
Q8IWF2,FOXRED2,15.095615099369017,14.925031377959233,3,3,NA,FALSE,0.17058372140978406
Q8IWF6,DENND6A,15.07355164830695,15.012956105509431,3,3,NA,FALSE,0.06059554279751822
Q8IWI9,MGA,15.633431466835374,15.431176776181115,3,3,NA,FALSE,0.20225469065425905
Q8IWJ2,GCC2,17.896371102227793,18.121839620754933,3,3,NA,FALSE,-0.22546851852714056
Q8IWL3,HSCB,14.51730523849754,15.059785722522252,3,3,NA,FALSE,-0.5424804840247113
Q8IWP9,CCDC28A,13.685907130285667,13.8366125925393,3,3,NA,FALSE,-0.15070546225363302
Q8IWQ3,BRSK2,16.505178967968973,16.669674949244982,3,3,NA,FALSE,-0.1644959812760085
Q8IWR0,ZC3H7A,14.553278167797977,14.708778985317757,3,3,NA,FALSE,-0.15550081751977984
Q8IWR1,TRIM59,13.894928022587896,14.006219373053012,3,3,NA,FALSE,-0.11129135046511607
Q8IWS0,PHF6,19.141070712990473,19.09016147026694,3,3,NA,FALSE,0.050909242723534476
Q8IWT0,ZBTB8OS,16.269584897204716,16.270256728932548,3,3,NA,FALSE,-6.718317278320285e-4
Q8IWT3,CUL9,15.592633369984467,15.894032059238839,3,3,NA,FALSE,-0.30139868925437163
Q8IWT6,LRRC8A,15.618785131022664,15.64250193430597,3,3,NA,FALSE,-0.02371680328330683
Q8IWU2,LMTK2,16.450587952740793,16.54726653075107,3,3,NA,FALSE,-0.0966785780102768
Q8IWV7,UBR1,14.90386592286149,15.05358281635192,3,3,NA,FALSE,-0.14971689349042983
Q8IWV8,UBR2,16.730071911213845,16.62630517940585,3,3,NA,FALSE,0.103766731807994
Q8IWW6,ARHGAP12,12.949889380423727,12.78898042222228,3,3,NA,FALSE,0.16090895820144624
Q8IWX8,CHERP,20.136055922724417,20.095984377045163,3,3,NA,FALSE,0.04007154567925397
Q8IWY8,ZSCAN29,14.00688623489567,11.74199085226128,1,2,NA,FALSE,2.264895382634391
Q8IWY9,CDAN1,14.711889503877147,14.66943907956408,3,3,NA,FALSE,0.042450424313067
Q8IWZ3,ANKHD1,16.704507149182092,16.831154771143673,3,3,NA,FALSE,-0.12664762196158108
Q8IWZ6,BBS7,15.651242724559118,15.723377202565493,3,3,NA,FALSE,-0.07213447800637418
Q8IWZ8,SUGP1,16.168130934015135,16.33194592049085,3,3,NA,FALSE,-0.1638149864757139
Q8IX01,SUGP2,18.296923407932606,18.124081836315224,3,3,NA,FALSE,0.17284157161738278
Q8IX04,UEVLD,14.898896389338818,15.092908872098597,3,3,NA,FALSE,-0.19401248275977956
Q8IX05,CD302,14.7941717009218,15.082277456835637,3,3,NA,FALSE,-0.288105755913838
Q8IX12,CCAR1,20.856832817382433,21.006566980169655,3,3,NA,FALSE,-0.1497341627872224
Q8IX15,HOMEZ,14.872632533653947,15.120871185712506,3,3,NA,FALSE,-0.24823865205855888
Q8IX18,DHX40,15.614061147723804,15.312510020398276,3,3,NA,FALSE,0.3015511273255278
Q8IX21,SLF2,13.901935495245294,14.036866364097186,3,3,NA,FALSE,-0.13493086885189243
Q8IX90,SKA3,15.004036190865024,15.080904344201132,3,3,NA,FALSE,-0.07686815333610753
Q8IXB1,DNAJC10,16.921459798428387,16.878429465103142,3,3,NA,FALSE,0.04303033332524464
Q8IXH7,NELFCD,17.308945796987437,17.422284949133502,3,3,NA,FALSE,-0.11333915214606449
Q8IXI1,RHOT2,17.35320906982894,17.542002525388117,3,3,NA,FALSE,-0.18879345555917837
Q8IXI2,RHOT1,16.443432274829576,16.615954755316782,3,3,NA,FALSE,-0.1725224804872063
Q8IXJ6,SIRT2,16.433842667364974,16.125253587391494,3,3,NA,FALSE,0.30858907997347984
Q8IXK0,PHC2,17.468017834165842,17.515770040442234,3,3,NA,FALSE,-0.04775220627639243
Q8IXK2,GALNT12,15.034722022484127,14.83830117038357,3,3,NA,FALSE,0.19642085210055704
Q8IXL7,MSRB3,14.66794489928218,14.905377234056216,3,3,NA,FALSE,-0.23743233477403614
Q8IXM2,BAP18,17.004652629895517,17.266743869787522,3,3,NA,FALSE,-0.2620912398920048
Q8IXM3,MRPL41,17.464508941923878,17.647966862489298,3,3,NA,FALSE,-0.1834579205654201
Q8IXM6,NRM,17.19065600199341,17.20233896115582,3,3,NA,FALSE,-0.011682959162410356
Q8IXQ3,C9orf40,13.760177519986987,14.402156288213805,3,3,NA,FALSE,-0.6419787682268172
Q8IXQ4,GPALPP1,16.678936020037227,16.768026764658643,3,3,NA,FALSE,-0.08909074462141575
Q8IXQ5,KLHL7,15.508971687669101,15.324035333479232,3,3,NA,FALSE,0.18493635418986898
Q8IXQ6,PARP9,13.6706695331288,13.815619416176515,3,3,NA,FALSE,-0.1449498830477154
Q8IXS8,HYCC2,12.75748431637151,12.777323821638692,3,3,NA,FALSE,-0.019839505267182034
Q8IXT5,RBM12B,18.626889060634205,18.49460050261646,3,3,NA,FALSE,0.13228855801774486
Q8IXU6,SLC35F2,14.809236338661176,14.86414043359902,3,3,NA,FALSE,-0.05490409493784476
Q8IXV7,KLHDC8B,14.31995017782216,14.581664129226949,3,3,NA,FALSE,-0.2617139514047899
Q8IXW5,RPAP2,15.070690935935234,14.974125350967647,3,3,NA,FALSE,0.09656558496758727
Q8IXZ2,ZC3H3,11.906011856688455,12.021210091919928,3,3,NA,FALSE,-0.11519823523147288
Q8IY17,PNPLA6,17.01996577911696,17.020501986378054,3,3,NA,FALSE,-5.362072610957114e-4
Q8IY18,SMC5,16.87200676944585,16.94464290840965,3,3,NA,FALSE,-0.0726361389638015
Q8IY22,CMIP,17.227915807784864,17.378912526023655,3,3,NA,FALSE,-0.15099671823879035
Q8IY26,PLPP6,15.73691499162657,15.596266406968445,3,3,NA,FALSE,0.14064858465812513
Q8IY37,DHX37,16.829860484279685,16.617537292765192,3,3,NA,FALSE,0.21232319151449275
Q8IY45,AMN1,13.885917623348556,14.038640487557315,3,3,NA,FALSE,-0.15272286420875858
Q8IY47,KBTBD2,16.14420995065856,15.93414059324872,3,3,NA,FALSE,0.21006935740983934
Q8IY63,AMOTL1,15.870132450047674,16.057585423836194,3,3,NA,FALSE,-0.18745297378852044
Q8IY67,RAVER1,17.294370926671505,17.241917218655615,3,3,NA,FALSE,0.05245370801588933
Q8IY81,FTSJ3,18.48429446108369,18.533661833929038,3,3,NA,FALSE,-0.04936737284534942
Q8IY92,SLX4,15.955239270418906,16.049477246523036,3,3,NA,FALSE,-0.09423797610413054
Q8IY95,TMEM192,17.168584071001103,17.352846945943867,3,3,NA,FALSE,-0.18426287494276394
Q8IYA6,CKAP2L,16.143184298109567,16.256851124067246,3,3,NA,FALSE,-0.11366682595767941
Q8IYB1,MB21D2,14.898944768629166,15.246790699380318,3,3,NA,FALSE,-0.3478459307511521
Q8IYB3,SRRM1,18.449361987167187,18.19325695214618,3,3,NA,FALSE,0.2561050350210081
Q8IYB5,SMAP1,16.95231596634511,16.864273883392926,3,3,NA,FALSE,0.0880420829521853
Q8IYB7,DIS3L2,17.302115323407843,17.334459762196243,3,3,NA,FALSE,-0.03234443878839954
Q8IYB8,SUPV3L1,17.611765945177684,17.69397049148149,3,3,NA,FALSE,-0.08220454630380658
Q8IYD1,GSPT2,15.373517067008631,15.698009001045747,3,3,NA,FALSE,-0.3244919340371162
Q8IYD8,FANCM,12.339355465425603,12.107068518773639,3,3,NA,FALSE,0.23228694665196414
Q8IYH5,ZZZ3,16.227413958529723,16.051082517299104,3,3,NA,FALSE,0.1763314412306194
Q8IYI6,EXOC8,16.675666158435053,16.623860824274836,3,3,NA,FALSE,0.0518053341602176
Q8IYK4,COLGALT2,15.251614238492769,15.089529281512498,3,3,NA,FALSE,0.16208495698027114
Q8IYL2,TRMT44,13.452294770125855,12.9177278654544,3,3,NA,FALSE,0.5345669046714541
Q8IYL3,C1orf174,15.04484729860427,14.777088485616133,3,3,NA,FALSE,0.2677588129881361
Q8IYN0,ZNF100,13.490380711141555,13.545134943830298,3,2,NA,FALSE,-0.0547542326887438
Q8IYQ7,THNSL1,16.975635849044025,17.203701386935304,3,3,NA,FALSE,-0.22806553789127904
Q8IYR2,SMYD4,12.898531502723186,13.131669996374207,3,3,NA,FALSE,-0.2331384936510208
Q8IYS0,GRAMD1C,16.33245775954668,16.40258993409052,2,2,NA,FALSE,-0.07013217454383991
Q8IYS1,PM20D2,17.827012468553367,17.946566459745885,3,3,NA,FALSE,-0.11955399119251808
Q8IYS2,KIAA2013,16.36171523579905,16.67070250940645,3,3,NA,FALSE,-0.30898727360739997
Q8IYU2,HACE1,14.539214023844936,14.620590265281093,3,3,NA,FALSE,-0.08137624143615696
Q8IYU8,MICU2,16.333189275433686,16.502393304906168,3,3,NA,FALSE,-0.16920402947248192
Q8IYW5,RNF168,13.427368241877438,13.05430027011894,3,3,NA,FALSE,0.3730679717584984
Q8IZ07,ANKRD13A,14.854507917520193,14.928364221996933,3,3,NA,FALSE,-0.07385630447673996
Q8IZ13,FAM200C,13.709375001321986,13.822361324895619,3,3,NA,FALSE,-0.11298632357363303
Q8IZ21,PHACTR4,16.68947094678322,16.84572683715129,3,3,NA,FALSE,-0.15625589036806886
Q8IZ40,RCOR2,13.808843308955892,13.551662611921975,3,3,NA,FALSE,0.25718069703391677
Q8IZ41,RASEF,12.07550384387893,11.102508042654083,3,3,NA,FALSE,0.9729958012248474
Q8IZ52,CHPF,14.951361732096657,14.932248888286406,3,3,NA,FALSE,0.01911284381025169
Q8IZ69,TRMT2A,16.573278719757116,16.63960239142082,3,3,NA,FALSE,-0.06632367166370301
Q8IZ73,RPUSD2,17.008186812685906,17.155860638455447,3,3,NA,FALSE,-0.1476738257695409
Q8IZ81,ELMOD2,18.14674851312211,18.12614870503911,3,3,NA,FALSE,0.02059980808299855
Q8IZ83,ALDH16A1,18.121976525184827,18.01744527735202,3,3,NA,FALSE,0.10453124783280643
Q8IZA0,KIAA0319L,16.276668380742727,16.45129456959239,3,3,NA,FALSE,-0.1746261888496612
Q8IZD2,KMT2E,11.93237065433349,12.18136597403858,2,2,NA,FALSE,-0.2489953197050898
Q8IZD4,DCP1B,14.894253296439604,15.009930050496852,3,3,NA,FALSE,-0.11567675405724742
Q8IZD9,DOCK3,13.275856601370455,13.615947745545993,3,3,NA,FALSE,-0.3400911441755383
Q8IZE3,SCYL3,14.610423501560463,14.791465786659296,3,3,NA,FALSE,-0.18104228509883313
Q8IZH2,XRN1,16.824446972966122,16.891224242565944,3,3,NA,FALSE,-0.06677726959982166
Q8IZJ1,UNC5B,13.267882433954036,14.221954642883409,2,3,NA,FALSE,-0.9540722089293734
Q8IZL8,PELP1,18.230218875319718,18.246956503535852,3,3,NA,FALSE,-0.016737628216134226
Q8IZM8,ZNF654,13.145561743785352,13.400449953151341,3,3,NA,FALSE,-0.25488820936598877
Q8IZN3,ZDHHC14,13.316345758755004,12.781962390497238,1,2,NA,FALSE,0.5343833682577657
Q8IZP0,ABI1,17.84535347065783,18.055646981873476,3,3,NA,FALSE,-0.21029351121564588
Q8IZQ1,WDFY3,17.148782135154523,17.470959543677253,3,3,NA,FALSE,-0.32217740852273025
Q8IZQ5,SELENOH,17.418582227844535,17.770782925957935,3,3,NA,FALSE,-0.3522006981133998
Q8IZR5,CMTM4,14.722996330401564,14.831195642445397,3,3,NA,FALSE,-0.10819931204383337
Q8IZT6,ASPM,15.274048309779253,15.048284950252865,3,3,NA,FALSE,0.22576335952638793
Q8IZV5,RDH10,15.453659088808068,15.531486024985739,3,3,NA,FALSE,-0.07782693617767045
Q8N0S6,CENPL,14.859022240945947,15.036316298620465,3,3,NA,FALSE,-0.17729405767451745
Q8N0U4,FAM185A,14.208295080793539,14.390976540791122,2,3,NA,FALSE,-0.18268145999758367
Q8N0U8,VKORC1L1,18.894312720808717,18.856914218450328,3,3,NA,FALSE,0.03739850235838915
Q8N0V3,RBFA,13.862750817264264,14.187982117911988,3,3,NA,FALSE,-0.3252313006477241
Q8N0W3,FCSK,15.3824373288174,15.742049239552776,3,3,NA,FALSE,-0.35961191073537613
Q8N0X4,CLYBL,16.16664554603672,16.383556480037917,3,3,NA,FALSE,-0.21691093400119854
Q8N0X7,SPART,17.922794995758576,18.043257986745196,3,3,NA,FALSE,-0.12046299098662061
Q8N0Y2,ZNF444,13.635128911223038,14.044239326597136,3,3,NA,FALSE,-0.40911041537409787
Q8N0Z3,SPICE1,15.243527096627293,15.132563363118836,3,3,NA,FALSE,0.11096373350845745
Q8N0Z6,TTC5,15.749671078922626,15.53620249663428,3,3,NA,FALSE,0.2134685822883462
Q8N0Z8,PUSL1,15.924689907472914,15.543944075087438,2,3,NA,FALSE,0.3807458323854753
Q8N108,MIER1,16.051240587466857,16.12290709465825,3,3,NA,FALSE,-0.07166650719139156
Q8N118,CYP4X1,15.296531859808777,15.112026976679967,3,3,NA,FALSE,0.18450488312880964
Q8N122,RPTOR,16.5194695567553,16.85668687737068,3,3,NA,FALSE,-0.33721732061538034
Q8N128,FAM177A1,15.505810521198686,15.085824990755372,3,3,NA,FALSE,0.41998553044331466
Q8N129,CNPY4,16.84363241099993,16.804598844499147,3,3,NA,FALSE,0.039033566500783934
Q8N131,TMEM123,16.200090708418475,16.58444283706713,3,3,NA,FALSE,-0.3843521286486542
Q8N138,ORMDL3,16.254216318310483,16.243774079312914,3,3,NA,FALSE,0.010442238997569575
Q8N142,ADSS1,13.974612821734356,13.867891087848022,3,3,NA,FALSE,0.10672173388633333
Q8N163,CCAR2,19.09720946243374,19.183051809583805,3,3,NA,FALSE,-0.08584234715006644
Q8N183,NDUFAF2,17.386963041184988,17.253822692215305,3,3,NA,FALSE,0.13314034896968252
Q8N196,SIX5,13.098991115623482,12.998090947942726,3,3,NA,FALSE,0.10090016768075571
Q8N1B4,VPS52,16.184028282158675,16.17992366031278,3,3,NA,FALSE,0.0041046218458937744
Q8N1F7,NUP93,19.54495727071792,19.546856814549653,3,3,NA,FALSE,-0.0018995438317332969
Q8N1F8,STK11IP,16.00276793291417,15.970166043648938,3,3,NA,FALSE,0.03260188926523355
Q8N1G0,ZNF687,16.16935490532146,16.234045470842997,3,3,NA,FALSE,-0.06469056552153774
Q8N1G1,REXO1,13.332847610433147,13.165225531207785,3,3,NA,FALSE,0.167622079225362
Q8N1G2,CMTR1,16.914700050188618,16.982291626769285,3,3,NA,FALSE,-0.06759157658066783
Q8N1G4,LRRC47,18.162271491981116,18.098575751816018,3,3,NA,FALSE,0.06369574016509816
Q8N1I0,DOCK4,15.872744386793538,16.22428733465729,3,3,NA,FALSE,-0.3515429478637522
Q8N1Q1,CA13,13.951081462323963,13.99618900187074,1,2,NA,FALSE,-0.04510753954677682
Q8N1S5,SLC39A11,15.774682569523184,16.00092856359229,3,3,NA,FALSE,-0.22624599406910484
Q8N1W1,ARHGEF28,11.859034520051264,12.403345502277457,1,3,NA,FALSE,-0.5443109822261931
Q8N201,INTS1,17.260713779518422,17.2005139715691,3,3,NA,FALSE,0.06019980794932067
Q8N2A8,PLD6,13.347064547346479,10.978955945259319,1,2,NA,FALSE,2.36810860208716
Q8N2F6,ARMC10,16.79681920472882,16.881637058096857,3,3,NA,FALSE,-0.08481785336803682
Q8N2G6,ZCCHC24,13.438310446189888,12.930890543822734,3,3,NA,FALSE,0.507419902367154
Q8N2G8,GHDC,19.019915048586597,18.72539866029891,3,3,NA,FALSE,0.2945163882876862
Q8N2H4,SYS1,14.211967865885853,13.944329528707563,3,3,NA,FALSE,0.26763833717829044
Q8N2K0,ABHD12,17.293582674188144,17.227407729692086,3,3,NA,FALSE,0.06617494449605843
Q8N2K1,UBE2J2,14.823568647971662,14.417498648853938,3,3,NA,FALSE,0.4060699991177241
Q8N2M8,CLASRP,16.88649561741864,16.939829109092063,3,3,NA,FALSE,-0.05333349167342405
Q8N2U0,TMEM256,14.41115712151706,16.018650191960017,3,3,NA,FALSE,-1.6074930704429562
Q8N2U9,SLC66A2,14.242520415217259,14.000912332257316,3,3,NA,FALSE,0.2416080829599423
Q8N2W9,PIAS4,17.785707039839405,17.81487677822138,3,3,NA,FALSE,-0.029169738381973787
Q8N2Z9,CENPS,15.406614164760045,15.548377598970346,3,3,NA,FALSE,-0.1417634342103007
Q8N302,AGGF1,13.653334815779706,13.618114725419826,3,3,NA,FALSE,0.035220090359880274
Q8N335,GPD1L,17.558252900414054,17.49090494354554,3,3,NA,FALSE,0.06734795686851314
Q8N344,MIER2,14.596358609067833,14.422595478305883,3,3,NA,FALSE,0.17376313076194982
Q8N357,SLC35F6,16.186045573887004,15.798808933359743,3,3,NA,FALSE,0.38723664052726114
Q8N371,KDM8,16.021026891434936,16.173684618467913,3,3,NA,FALSE,-0.15265772703297742
Q8N392,ARHGAP18,15.404128322057597,15.466931754902696,3,3,NA,FALSE,-0.06280343284509904
Q8N3C0,ASCC3,19.881694561862048,19.828648214228288,3,3,NA,FALSE,0.05304634763376015
Q8N3E9,PLCD3,16.98172773504772,16.739962706121585,3,3,NA,FALSE,0.24176502892613527
Q8N3F0,MTURN,14.033416697029601,13.714202776932824,3,3,NA,FALSE,0.31921392009677696
Q8N3F8,MICALL1,15.976600672717604,16.18831786188855,3,3,NA,FALSE,-0.21171718917094573
Q8N3I7,BBS5,13.47776932264745,13.162882559918984,3,3,NA,FALSE,0.3148867627284666
Q8N3J9,ZNF664,14.385457780133375,14.608405314482573,2,1,NA,FALSE,-0.22294753434919734
Q8N3P4,VPS8,18.454426944709347,18.445146622735237,3,3,NA,FALSE,0.009280321974109995
Q8N3R3,TCAIM,13.06037632546957,12.15154677301777,1,3,NA,FALSE,0.9088295524517989
Q8N3R9,PALS1,16.655288145433037,16.982811758228646,3,3,NA,FALSE,-0.32752361279560915
Q8N3U4,STAG2,18.883847716028725,18.855857862467083,3,3,NA,FALSE,0.02798985356164252
Q8N3X1,FNBP4,16.410210955198874,16.673600995035198,3,3,NA,FALSE,-0.2633900398363238
Q8N3Y1,FBXW8,14.217346609299005,14.113109369777304,3,3,NA,FALSE,0.1042372395217015
Q8N3Z3,GTPBP8,15.210021117552932,14.971813762488605,3,3,NA,FALSE,0.23820735506432733
Q8N3Z6,ZCCHC7,12.948576908494882,12.905145572885635,3,3,NA,FALSE,0.04343133560924706
Q8N414,PGBD5,12.215009606045722,11.863848605547888,3,3,NA,FALSE,0.35116100049783405
Q8N428,GALNT16,16.545113842553313,16.577175875257605,3,3,NA,FALSE,-0.03206203270429242
Q8N442,GUF1,17.349304258777025,17.411917295652646,3,3,NA,FALSE,-0.06261303687562148
Q8N448,LNX2,12.654117473991432,12.81006412743642,3,3,NA,FALSE,-0.15594665344498715
Q8N465,D2HGDH,15.432992067884056,15.62457186471763,3,3,NA,FALSE,-0.19157979683357418
Q8N488,RYBP,13.759484075839602,14.722346581749813,3,3,NA,FALSE,-0.9628625059102109
Q8N490,PNKD,17.399604500909653,17.47192520646572,3,3,NA,FALSE,-0.0723207055560664
Q8N4A0,GALNT4,13.034987759815685,13.148612006651664,3,3,NA,FALSE,-0.11362424683597894
Q8N4B1,PHETA1,14.018208911829719,13.787933128456704,3,3,NA,FALSE,0.23027578337301513
Q8N4C6,NIN,14.426840640101494,14.631119879328388,3,3,NA,FALSE,-0.20427923922689395
Q8N4C8,MINK1,19.36483982191077,19.422970725978637,3,3,NA,FALSE,-0.05813090406786614
Q8N4H5,TOMM5,13.335932655840363,13.584605090401972,3,3,NA,FALSE,-0.24867243456160892
Q8N4J0,CARNMT1,15.692227267629349,15.685098203315388,3,3,NA,FALSE,0.007129064313961209
Q8N4L2,PIP4P2,14.218561696177108,13.862650628304491,3,3,NA,FALSE,0.3559110678726167
Q8N4N3,KLHL36,13.630029508865942,13.233774821788936,3,3,NA,FALSE,0.39625468707700584
Q8N4P2,IFT70B,13.76425601122471,13.371140359666638,3,3,NA,FALSE,0.3931156515580714
Q8N4P3,HDDC3,16.2718165704328,16.188563806683906,3,3,NA,FALSE,0.08325276374889512
Q8N4Q0,PTGR3,16.273064770728595,16.8191312823973,3,3,NA,FALSE,-0.5460665116687053
Q8N4Q1,CHCHD4,15.10092116421659,15.401393760923062,3,3,NA,FALSE,-0.30047259670647186
Q8N4S0,CCDC82,13.007936614740727,13.397620527993682,3,3,NA,FALSE,-0.3896839132529557
Q8N4S7,PAQR4,13.141969747125438,11.892123853342312,1,3,NA,FALSE,1.2498458937831263
Q8N4T8,CBR4,18.0035895238066,18.139773068963304,3,3,NA,FALSE,-0.1361835451567046
Q8N4U5,TCP11L2,15.756543616229038,15.79638685248577,3,3,NA,FALSE,-0.03984323625673092
Q8N4V1,MMGT1,16.380745587142346,15.857690668396856,3,3,NA,FALSE,0.5230549187454905
Q8N511,TMEM199,14.62113889458246,13.828594920411886,3,3,NA,FALSE,0.7925439741705738
Q8N543,OGFOD1,16.868927744052286,16.970697389982067,3,3,NA,FALSE,-0.10176964592978166
Q8N554,ZNF276,12.025122140782033,12.091222918203677,3,3,NA,FALSE,-0.066100777421644
Q8N556,AFAP1,13.12542773812486,12.848343423988446,3,3,NA,FALSE,0.2770843141364132
Q8N565,MREG,11.854682209891429,11.970653293343696,3,3,NA,FALSE,-0.11597108345226737
Q8N567,ZCCHC9,16.454022151324146,16.48157989929554,3,3,NA,FALSE,-0.0275577479713931
Q8N568,DCLK2,16.26641372542138,16.346452835123124,3,3,NA,FALSE,-0.08003910970174388
Q8N573,OXR1,16.02381676400224,16.282708744301715,3,3,NA,FALSE,-0.2588919802994738
Q8N584,TTC39C,15.078374925089127,15.075535201409425,3,3,NA,FALSE,0.0028397236797026437
Q8N594,MPND,13.685094407285298,13.662989828558464,3,3,NA,FALSE,0.022104578726834134
Q8N5A5,ZGPAT,16.542629587952042,16.32710687804239,3,3,NA,FALSE,0.21552270990965283
Q8N5B7,CERS5,14.74552923936225,14.575866800076394,3,3,NA,FALSE,0.16966243928585634
Q8N5C6,SRBD1,17.027706641473962,17.236818262491333,3,3,NA,FALSE,-0.2091116210173709
Q8N5C7,DTWD1,13.97907512888174,13.694595095356874,3,2,NA,FALSE,0.2844800335248667
Q8N5C8,TAB3,12.951384801868688,13.1695344361879,3,3,NA,FALSE,-0.21814963431921264
Q8N5D0,WDTC1,14.802201342596485,14.701965603742122,3,3,NA,FALSE,0.10023573885436221
Q8N5F7,NKAP,16.717813331386477,16.1125052289518,3,3,NA,FALSE,0.6053081024346767
Q8N5G0,SMIM20,15.901279649990016,15.948297965377233,3,3,NA,FALSE,-0.04701831538721635
Q8N5G2,MACO1,18.10942896803736,17.994560556075086,3,3,NA,FALSE,0.1148684119622736
Q8N5I2,ARRDC1,15.723283964135252,15.8635874004724,3,3,NA,FALSE,-0.14030343633714715
Q8N5I4,DHRSX,13.955963538082946,14.11105508654857,3,3,NA,FALSE,-0.15509154846562367
Q8N5I9,NOPCHAP1,16.7739029615231,16.7303578939836,3,3,NA,FALSE,0.043545067539497495
Q8N5J2,MINDY1,14.12931692279923,13.991600660214367,3,3,NA,FALSE,0.13771626258486336
Q8N5K1,CISD2,19.187857808232806,19.181954232694288,3,3,NA,FALSE,0.005903575538518169
Q8N5L8,RPP25L,16.2582622615105,15.868851211063202,3,3,NA,FALSE,0.38941105044729696
Q8N5M1,ATPAF2,16.6565532000113,16.757274576061704,3,3,NA,FALSE,-0.1007213760504051
Q8N5M4,TTC9C,15.991968011105413,15.87829372363946,3,3,NA,FALSE,0.11367428746595287
Q8N5M9,JAGN1,17.97262207110673,17.772771228701266,3,3,NA,FALSE,0.19985084240546414
Q8N5N7,MRPL50,16.47179952006298,16.526139337993886,3,3,NA,FALSE,-0.05433981793090581
Q8N5P1,ZC3H8,16.93405787493468,17.09004773446137,3,3,NA,FALSE,-0.15598985952668798
Q8N5S9,CAMKK1,12.783266645555916,12.420804454877572,3,3,NA,FALSE,0.3624621906783432
Q8N5V2,NGEF,14.046313253999662,13.742707390494308,3,3,NA,FALSE,0.30360586350535357
Q8N5W9,RFLNB,15.436309035915263,15.296049211244773,3,3,NA,FALSE,0.14025982467049047
Q8N5X7,EIF4E3,13.95458901530598,14.218328626885068,3,3,NA,FALSE,-0.2637396115790871
Q8N5Y2,MSL3,15.060181404386583,14.842492093039843,3,3,NA,FALSE,0.2176893113467404
Q8N5Y8,PARP16,14.5152971118183,14.429674968148442,3,3,NA,FALSE,0.08562214366985899
Q8N612,FHIP1B,14.806742122352007,14.97308041201827,3,3,NA,FALSE,-0.16633828966626218
Q8N653,LZTR1,14.257538700540923,14.089755962928683,3,3,NA,FALSE,0.1677827376122405
Q8N668,COMMD1,16.20796111181291,16.438987543643933,3,3,NA,FALSE,-0.23102643183102245
Q8N680,ZBTB2,15.624286880524757,15.849966738247963,3,3,NA,FALSE,-0.22567985772320576
Q8N684,CPSF7,18.85363164069044,18.90030209143212,3,3,NA,FALSE,-0.046670450741679304
Q8N697,SLC15A4,15.129896414041346,14.904004659973412,3,3,NA,FALSE,0.22589175406793416
Q8N6G5,CSGALNACT2,13.58890343422231,13.7706302851611,3,3,NA,FALSE,-0.18172685093879082
Q8N6H7,ARFGAP2,16.338845895494156,16.40117691405122,3,3,NA,FALSE,-0.0623310185570638
Q8N6L1,KRTCAP2,18.459594748063292,18.32051431795915,3,3,NA,FALSE,0.13908043010414062
Q8N6M0,OTUD6B,15.719684052683299,15.693779473842746,3,3,NA,FALSE,0.025904578840552972
Q8N6M3,FITM2,15.999961909505831,15.907953239393224,3,3,NA,FALSE,0.09200867011260705
Q8N6N3,C1orf52,15.29840901886252,15.874246869416027,3,3,NA,FALSE,-0.5758378505535067
Q8N6N6,NATD1,14.000617989308962,14.095730022273823,3,3,NA,FALSE,-0.09511203296486137
Q8N6Q8,METTL25,12.78105050382758,12.354509315258507,3,3,NA,FALSE,0.42654118856907175
Q8N6R0,METTL13,16.071641506436727,16.020772799127364,3,3,NA,FALSE,0.05086870730936255
Q8N6S4,ANKRD13C,14.341062157390526,14.645374115441928,3,3,NA,FALSE,-0.304311958051402
Q8N6S5,ARL6IP6,16.553896369910937,16.695987611276742,3,3,NA,FALSE,-0.14209124136580442
Q8N6T3,ARFGAP1,16.621428409182915,16.475349807816443,3,3,NA,FALSE,0.14607860136647233
Q8N6T7,SIRT6,15.28971795270574,15.149766047401744,3,3,NA,FALSE,0.13995190530399526
Q8N6U8,GPR161,12.700405177531312,12.762481640511433,2,3,NA,FALSE,-0.06207646298012115
Q8N720,ZNF655,13.599109945609213,13.502422851815668,3,3,NA,FALSE,0.09668709379354468
Q8N755,SLC66A3,14.247117849629758,13.77875213195034,3,3,NA,FALSE,0.4683657176794185
Q8N766,EMC1,18.17756413846545,18.05825716578486,3,3,NA,FALSE,0.1193069726805902
Q8N7H5,PAF1,17.50446842886761,17.54648699225079,3,3,NA,FALSE,-0.04201856338318066
Q8N7R7,CCNYL1,15.508678279487736,15.761172163749356,3,3,NA,FALSE,-0.2524938842616198
Q8N7W2,BEND7,13.833888564193652,13.616104000641549,3,3,NA,FALSE,0.21778456355210274
Q8N806,UBR7,16.582268172768153,16.590214818191022,3,3,NA,FALSE,-0.00794664542286938
Q8N8A2,ANKRD44,13.764208725407023,14.005625083514367,3,3,NA,FALSE,-0.24141635810734385
Q8N8A6,DDX51,16.553456433160385,16.332619758514575,3,3,NA,FALSE,0.2208366746458097
Q8N8D1,PDCD7,14.551989166452266,14.298979685860573,3,3,NA,FALSE,0.25300948059169315
Q8N8E3,CEP112,13.864811289635004,14.112004491284873,3,3,NA,FALSE,-0.24719320164986947
Q8N8J7,FAM241A,14.746882327792362,14.824275345112987,3,3,NA,FALSE,-0.07739301732062565
Q8N8K9,KIAA1958,12.950760292592912,13.392339054445099,3,3,NA,FALSE,-0.4415787618521865
Q8N8L6,ARL10,15.336260645535496,16.02669408685508,3,3,NA,FALSE,-0.6904334413195841
Q8N8N7,PTGR2,17.457321096299037,17.621753635089576,3,3,NA,FALSE,-0.16443253879053898
Q8N8Q8,COX18,13.858196014121543,13.317799498505352,2,2,NA,FALSE,0.540396515616191
Q8N8Q9,NIPA2,13.175898560561706,13.31170872950887,3,3,NA,FALSE,-0.1358101689471649
Q8N8R3,SLC25A29,13.46069919535916,13.55279249196678,3,3,NA,FALSE,-0.09209329660762045
Q8N8R5,C2orf69,14.003390239753662,13.56368708270087,3,3,NA,FALSE,0.43970315705279184
Q8N8R7,ARL14EP,15.034574215173011,15.044597856368881,3,3,NA,FALSE,-0.01002364119587007
Q8N8S7,ENAH,18.679954239699278,18.690267542199745,3,3,NA,FALSE,-0.010313302500467358
Q8N8Y5,ZFP41,11.603231997057996,12.279922377913625,3,3,NA,FALSE,-0.6766903808556286
Q8N8Z6,DCBLD1,15.221301835778819,15.757645453416767,1,1,NA,FALSE,-0.5363436176379484
Q8N954,GPATCH11,16.649733415183096,16.61813557107992,3,3,NA,FALSE,0.031597844103174566
Q8N960,CEP120,14.945263812135954,15.495548031708665,3,3,NA,FALSE,-0.5502842195727116
Q8N983,MRPL43,17.226668961658472,17.249158120959237,3,3,NA,FALSE,-0.022489159300764783
Q8N999,RLIG1,15.377146001306928,15.251732690955027,3,3,NA,FALSE,0.12541331035190062
Q8N9A8,CNEP1R1,15.174347647972775,15.242605508814886,3,3,NA,FALSE,-0.06825786084211138
Q8N9B5,JMY,15.648789659848932,15.649959657508804,3,3,NA,FALSE,-0.001169997659872024
Q8N9F7,GDPD1,16.942820210921017,16.694217606066104,3,3,NA,FALSE,0.2486026048549128
Q8N9M1,C19orf47,14.843232367419843,14.974611762580498,3,3,NA,FALSE,-0.13137939516065522
Q8N9M5,TMEM102,15.084484201217887,14.842383480949056,3,3,NA,FALSE,0.24210072026883012
Q8N9N2,ASCC1,16.384586471440308,16.30081386791136,3,3,NA,FALSE,0.08377260352894922
Q8N9N5,BANP,14.54964977701568,14.487349919726558,3,3,NA,FALSE,0.062299857289122684
Q8N9N7,LRRC57,16.572831988505907,16.591502977220753,3,3,NA,FALSE,-0.018670988714845294
Q8N9N8,EIF1AD,17.54157183204445,17.53745545422078,3,3,NA,FALSE,0.004116377823670803
Q8N9R8,SCAI,15.56031311169408,15.516494270897335,3,3,NA,FALSE,0.04381884079674592
Q8N9T8,KRI1,16.328104158161107,16.156031104276735,3,3,NA,FALSE,0.17207305388437177
Q8N9V3,WDSUB1,14.714338956279493,15.210057370933598,3,3,NA,FALSE,-0.49571841465410493
Q8N9Z2,CCDC71L,15.106133596818728,15.269079427903927,3,3,NA,FALSE,-0.16294583108519944
Q8NA72,POC5,14.042233735801892,14.316003824982612,3,3,NA,FALSE,-0.27377008918072043
Q8NAF0,ZNF579,16.846315598564193,16.856137459728405,3,3,NA,FALSE,-0.009821861164212464
Q8NAN2,MIGA1,14.238780865325435,14.716907354520337,3,3,NA,FALSE,-0.47812648919490286
Q8NAP3,ZBTB38,14.313972710257643,12.51826326190477,1,3,NA,FALSE,1.7957094483528735
Q8NAT1,POMGNT2,17.01345819058048,16.833775952413436,3,3,NA,FALSE,0.1796822381670431
Q8NAV1,PRPF38A,17.63173846463791,17.323955761640676,3,3,NA,FALSE,0.3077827029972333
Q8NB14,USP38,14.66699173743158,14.67067076016374,3,3,NA,FALSE,-0.003679022732159254
Q8NB15,ZNF511,13.85122890611084,13.614586178536952,3,3,NA,FALSE,0.23664272757388893
Q8NB37,GATD1,17.013761986431383,17.117233813181656,3,3,NA,FALSE,-0.10347182675027256
Q8NB46,ANKRD52,15.25458521635386,14.825656828877184,3,3,NA,FALSE,0.4289283874766756
Q8NB49,ATP11C,17.170798344548977,17.248121368845794,3,3,NA,FALSE,-0.07732302429681681
Q8NB50,ZFP62,15.074060235096223,15.102246910230576,3,3,NA,FALSE,-0.028186675134353578
Q8NB78,KDM1B,16.356732484393348,16.0474516666284,3,3,NA,FALSE,0.30928081776494665
Q8NB90,AFG2A,18.77864109709393,18.696212723460146,3,3,NA,FALSE,0.08242837363378541
Q8NB91,FANCB,15.345522911415634,15.364473264611837,3,3,NA,FALSE,-0.018950353196203196
Q8NBF2,NHLRC2,17.99502588027959,18.17656592474293,3,3,NA,FALSE,-0.1815400444633397
Q8NBF6,AVL9,17.029620205532915,17.137943459415393,3,3,NA,FALSE,-0.1083232538824781
Q8NBI2,CYB561A3,14.138151689560964,14.389655214670924,2,3,NA,FALSE,-0.25150352510996044
Q8NBI6,XXYLT1,15.998126812778686,15.774957703373373,3,3,NA,FALSE,0.22316910940531365
Q8NBJ4,GOLM1,16.023499583385934,16.212524686688813,3,3,NA,FALSE,-0.18902510330287825
Q8NBJ5,COLGALT1,19.33487786618368,18.87722572047482,3,3,NA,FALSE,0.45765214570886315
Q8NBJ7,SUMF2,18.864899486175183,18.90074136666852,3,3,NA,FALSE,-0.035841880493336475
Q8NBJ9,SIDT2,13.006674316011418,12.986966627689593,3,3,NA,FALSE,0.01970768832182479
Q8NBK3,SUMF1,14.401046816395286,14.14142044649404,3,3,NA,FALSE,0.25962636990124643
Q8NBL1,POGLUT1,15.534822178765213,15.306233419250312,3,3,NA,FALSE,0.22858875951490099
Q8NBM4,UBAC2,16.332215794182638,15.806059336803283,3,3,NA,FALSE,0.5261564573793542
Q8NBM8,PCYOX1L,17.678965821625617,17.36362114949594,3,3,NA,FALSE,0.315344672129676
Q8NBN3,TMEM87A,15.47182672635197,15.737087959051062,3,3,NA,FALSE,-0.26526123269909085
Q8NBN7,RDH13,15.60709847300708,15.642283964505905,3,3,NA,FALSE,-0.03518549149882588
Q8NBP0,TTC13,16.549904420769764,16.285534911887847,3,3,NA,FALSE,0.26436950888191646
Q8NBQ5,HSD17B11,17.389065074859303,17.097073366355875,3,3,NA,FALSE,0.2919917085034278
Q8NBS9,TXNDC5,20.04168341227141,19.818906440042277,3,3,NA,FALSE,0.22277697222913417
Q8NBT0,POC1A,14.971428990040424,14.80726777540886,3,3,NA,FALSE,0.16416121463156408
Q8NBT2,SPC24,16.253753231927114,15.821783404116704,3,3,NA,FALSE,0.43196982781040916
Q8NBU5,ATAD1,17.87107588514333,18.007443993808973,3,3,NA,FALSE,-0.13636810866564275
Q8NBW4,SLC38A9,14.151784618415187,13.739200489457495,3,3,NA,FALSE,0.4125841289576915
Q8NBX0,SCCPDH,16.824821426510358,17.119417249651857,3,3,NA,FALSE,-0.2945958231414991
Q8NBZ0,INO80E,14.019742621609307,14.143167988963906,3,3,NA,FALSE,-0.1234253673545993
Q8NBZ7,UXS1,14.413638310977698,14.214331860034513,3,3,NA,FALSE,0.199306450943185
Q8NC42,RNF149,12.682397184602625,12.20925574360263,3,3,NA,FALSE,0.4731414409999939
Q8NC44,RETREG2,15.35558446000443,15.295850185945628,3,3,NA,FALSE,0.05973427405880116
Q8NC51,SERBP1,21.345582561321798,21.46728167973616,3,3,NA,FALSE,-0.12169911841436232
Q8NC54,KCT2,16.287099964370217,16.266355893594785,3,3,NA,FALSE,0.020744070775432277
Q8NC56,LEMD2,16.929634073722813,16.875442732642075,3,3,NA,FALSE,0.0541913410807382
Q8NC60,NOA1,15.857465862591168,15.702789551001672,3,3,NA,FALSE,0.1546763115894958
Q8NC96,NECAP1,16.032317331767164,16.145344630018883,3,3,NA,FALSE,-0.11302729825171909
Q8NCA5,FAM98A,17.5200147923929,17.48956170107128,3,3,NA,FALSE,0.03045309132161833
Q8NCB2,CAMKV,13.996438587928845,13.188734917752672,3,1,NA,FALSE,0.8077036701761724
Q8NCC3,PLA2G15,16.40704485406341,16.289052205061108,3,3,NA,FALSE,0.11799264900230355
Q8NCC5,SLC37A3,16.419214465737895,16.53028627672028,3,3,NA,FALSE,-0.11107181098238428
Q8NCD3,HJURP,14.23454194384345,14.319272147772324,3,3,NA,FALSE,-0.0847302039288742
Q8NCE0,TSEN2,14.796930986030699,14.926241278663849,3,3,NA,FALSE,-0.12931029263314997
Q8NCE2,MTMR14,15.264928675444837,15.040817062226651,3,3,NA,FALSE,0.22411161321818618
Q8NCF5,NFATC2IP,15.993294272836177,16.093265705337437,3,3,NA,FALSE,-0.09997143250125973
Q8NCG7,DAGLB,17.536772190999002,17.45630420304986,3,3,NA,FALSE,0.08046798794914167
Q8NCH0,CHST14,15.86102521856895,15.872592928838689,3,3,NA,FALSE,-0.01156771026973935
Q8NCL4,GALNT6,13.969520347073999,14.101477476010533,3,3,NA,FALSE,-0.13195712893653422
Q8NCM8,DYNC2H1,17.142723054793898,17.078662274696686,3,3,NA,FALSE,0.06406078009721128
Q8NCN2,ZBTB34,13.462063151232115,13.794785307662288,3,3,NA,FALSE,-0.33272215643017233
Q8NCN4,RNF169,16.521770449698202,16.09130696609581,3,3,NA,FALSE,0.4304634836023915
Q8NCN5,PDPR,17.250159420741213,17.464424026250423,3,3,NA,FALSE,-0.21426460550921078
Q8NCP5,ZBTB44,14.280727164353046,14.601731576715808,3,1,NA,FALSE,-0.3210044123627629
Q8NCR0,B3GALNT2,13.382517912604449,13.479395294546785,3,3,NA,FALSE,-0.09687738194233653
Q8NCS4,TMEM35B,15.222883652789614,14.731314812684307,3,3,NA,FALSE,0.4915688401053071
Q8NCS7,SLC44A5,13.480380335765679,13.496240896468983,2,3,NA,FALSE,-0.015860560703304216
Q8NCW5,NAXE,20.48245072966035,20.630640015713684,3,3,NA,FALSE,-0.14818928605333426
Q8NCW6,GALNT11,14.921099454292502,14.739733709195734,3,3,NA,FALSE,0.18136574509676784
Q8NCY6,MSANTD4,14.830985266239493,14.628988585979215,3,3,NA,FALSE,0.20199668026027773
Q8ND04,SMG8,15.701351090252444,15.750595394611091,3,3,NA,FALSE,-0.04924430435864657
Q8ND24,RNF214,15.89563066553027,16.175627805793972,3,3,NA,FALSE,-0.2799971402637027
Q8ND30,PPFIBP2,15.360977414558604,15.173499777337247,2,3,NA,FALSE,0.1874776372213578
Q8ND56,LSM14A,16.598631637572602,16.67256977465835,3,3,NA,FALSE,-0.07393813708574726
Q8ND76,CCNY,15.21278334740621,15.125757417888767,3,3,NA,FALSE,0.08702592951744315
Q8ND82,ZNF280C,15.098495006115755,15.369943173759715,3,3,NA,FALSE,-0.2714481676439604
Q8ND83,SLAIN1,16.182292934280927,16.166908348865057,3,3,NA,FALSE,0.015384585415869623
Q8ND90,PNMA1,14.200586090084707,13.738687249896762,3,3,NA,FALSE,0.4618988401879456
Q8NDA8,MROH1,14.727935924566761,15.02095433800181,3,3,NA,FALSE,-0.293018413435048
Q8NDD1,C1orf131,17.29514744526101,17.599912489652816,3,3,NA,FALSE,-0.3047650443918073
Q8NDF8,TENT4B,16.644903917250616,16.533910002672567,3,3,NA,FALSE,0.11099391457804941
Q8NDI1,EHBP1,16.288936311003305,16.41622111892613,3,3,NA,FALSE,-0.12728480792282681
Q8NDN9,RCBTB1,14.417820150795253,14.18283418848463,3,3,NA,FALSE,0.2349859623106223
Q8NDT2,RBM15B,18.030536128906583,18.21762343394349,3,3,NA,FALSE,-0.18708730503690774
Q8NDV7,TNRC6A,15.885131959154728,16.013756451690444,3,3,NA,FALSE,-0.12862449253571562
Q8NDX5,PHC3,15.070405677593232,15.05088191282904,3,3,NA,FALSE,0.01952376476419282
Q8NDX6,ZNF740,15.209267921669555,15.411953615274546,3,3,NA,FALSE,-0.202685693604991
Q8NDZ2,SIMC1,14.61746189611554,14.574334841176556,3,3,NA,FALSE,0.04312705493898328
Q8NDZ4,DIPK2A,14.780812408900092,15.237928737285076,3,3,NA,FALSE,-0.45711632838498417
Q8NDZ6,TMEM161B,15.952893356331051,15.905890827268669,3,3,NA,FALSE,0.04700252906238234
Q8NE00,TMEM104,14.857232349123386,14.502720546202271,3,3,NA,FALSE,0.35451180292111495
Q8NE01,CNNM3,16.45975223581778,16.577337104505226,3,3,NA,FALSE,-0.11758486868744455
Q8NE62,CHDH,15.736856079954684,15.704403836901395,3,3,NA,FALSE,0.032452243053288754
Q8NE65,ZNF738,14.728673382398616,14.597919281601415,3,3,NA,FALSE,0.1307541007972013
Q8NE71,ABCF1,21.506689837461348,21.319475139519614,3,3,NA,FALSE,0.18721469794173373
Q8NE86,MCU,16.658360673835837,16.743619307712038,3,3,NA,FALSE,-0.08525863387620092
Q8NEB9,PIK3C3,16.15372844064528,16.106064568398807,3,3,NA,FALSE,0.04766387224647417
Q8NEC7,GSTCD,15.83159488281508,15.461066704728946,3,3,NA,FALSE,0.3705281780861345
Q8NEF9,SRFBP1,15.525762150153662,15.500698672380077,3,3,NA,FALSE,0.02506347777358542
Q8NEJ9,NGDN,16.623643281100147,16.905894012466383,3,3,NA,FALSE,-0.28225073136623635
Q8NEL9,DDHD1,15.54754522728062,15.578051675248442,3,3,NA,FALSE,-0.03050644796782187
Q8NEM2,SHCBP1,14.935608391390018,15.02085845144582,3,3,NA,FALSE,-0.08525006005580238
Q8NEM7,SUPT20H,17.499320918286045,17.628117431310166,3,3,NA,FALSE,-0.12879651302412043
Q8NEN9,PDZD8,16.213401118234813,15.910406096627547,3,3,NA,FALSE,0.3029950216072663
Q8NEU8,APPL2,14.990586826314345,15.075181628228725,3,3,NA,FALSE,-0.0845948019143794
Q8NEW0,SLC30A7,17.329802476711347,17.289443607345707,3,3,NA,FALSE,0.04035886936564026
Q8NEY1,NAV1,15.150904364132327,15.192806465788763,3,3,NA,FALSE,-0.041902101656436486
Q8NEY8,PPHLN1,16.96121423580163,16.7939538246795,3,3,NA,FALSE,0.16726041112212897
Q8NEZ2,VPS37A,14.929130523147984,14.908706973292045,3,3,NA,FALSE,0.020423549855939527
Q8NEZ3,WDR19,15.29700798307994,15.236119550576703,3,3,NA,FALSE,0.060888432503237055
Q8NEZ4,KMT2C,16.968880319026873,16.97138984353963,3,3,NA,FALSE,-0.0025095245127566557
Q8NEZ5,FBXO22,18.11646120392278,17.993588538421932,3,3,NA,FALSE,0.12287266550084652
Q8NF37,LPCAT1,17.640424874350032,17.20165747982448,3,3,NA,FALSE,0.43876739452555213
Q8NF64,ZMIZ2,15.516972211125642,15.47585959092366,3,3,NA,FALSE,0.04111262020198225
Q8NF91,SYNE1,17.046020741119293,17.312602022951626,3,3,NA,FALSE,-0.26658128183233387
Q8NF99,ZNF397,15.995130874893928,14.545111365468863,1,2,NA,FALSE,1.450019509425065
Q8NFA0,USP32,13.590477339167418,13.29171986281916,3,3,NA,FALSE,0.298757476348257
Q8NFC6,BOD1L1,15.727315353342473,16.045163100132537,3,3,NA,FALSE,-0.3178477467900649
Q8NFD5,ARID1B,17.961969152587173,18.091367745128856,3,3,NA,FALSE,-0.1293985925416834
Q8NFF5,FLAD1,17.30632778371174,17.46522222016682,3,3,NA,FALSE,-0.1588944364550784
Q8NFG4,FLCN,14.503177209448596,14.166860273465597,3,3,NA,FALSE,0.3363169359829996
Q8NFH3,NUP43,17.47014723973615,17.529247013241907,3,3,NA,FALSE,-0.059099773505757014
Q8NFH4,NUP37,17.774981204670908,17.98715608790652,3,3,NA,FALSE,-0.21217488323561184
Q8NFH5,NUP35,17.202876093080697,17.529454046168897,3,3,NA,FALSE,-0.3265779530882007
Q8NFH8,REPS2,12.860803787693856,12.888684629962137,3,3,NA,FALSE,-0.02788084226828147
Q8NFI3,ENGASE,15.865916292262932,16.032510701512884,3,3,NA,FALSE,-0.16659440924995117
Q8NFJ5,GPRC5A,14.727635936160896,15.17977525663518,3,3,NA,FALSE,-0.4521393204742843
Q8NFJ9,BBS1,16.670904365065716,16.772552714104325,3,3,NA,FALSE,-0.10164834903860864
Q8NFP7,NUDT10,17.07690513981707,16.975719620695138,3,2,NA,FALSE,0.10118551912193396
Q8NFP9,NBEA,18.081780756022713,18.392225756673007,3,3,NA,FALSE,-0.3104450006502937
Q8NFQ8,TOR1AIP2,17.155352006567195,16.913305463385907,3,3,NA,FALSE,0.2420465431812886
Q8NFT2,STEAP2,14.269037292273046,14.297127513854424,3,3,NA,FALSE,-0.02809022158137786
Q8NFV4,ABHD11,16.58154772006338,16.908404948183968,3,3,NA,FALSE,-0.3268572281205877
Q8NFW8,CMAS,17.849788806365947,17.810654913021672,3,3,NA,FALSE,0.03913389334427464
Q8NFX7,STXBP6,14.002469392217664,14.456273941141095,3,1,NA,FALSE,-0.45380454892343103
Q8NFZ4,NLGN2,14.496180745265354,12.911341396173652,1,3,NA,FALSE,1.5848393490917019
Q8NFZ8,CADM4,15.681927281062986,15.945637710376799,3,3,NA,FALSE,-0.2637104293138126
Q8NG08,HELB,18.395444470757543,17.953809851423383,3,3,NA,FALSE,0.4416346193341596
Q8NG11,TSPAN14,14.07537545768682,13.98775487661447,3,3,NA,FALSE,0.08762058107234871
Q8NG27,PJA1,13.91617333098144,13.776309363982337,3,3,NA,FALSE,0.13986396699910308
Q8NG31,KNL1,18.44707049106666,18.341768689712374,3,3,NA,FALSE,0.1053018013542868
Q8NG68,TTL,15.626864352122356,15.40884735532077,3,3,NA,FALSE,0.2180169968015857
Q8NHG7,SVIP,14.995100909099385,15.204007387210929,3,3,NA,FALSE,-0.20890647811154395
Q8NHH9,ATL2,15.768533025816843,15.4488143337781,3,3,NA,FALSE,0.3197186920387427
Q8NHM5,KDM2B,15.93491453343931,15.973866533798166,3,3,NA,FALSE,-0.038952000358856154
Q8NHP6,MOSPD2,16.48281491734797,16.491276870946308,3,3,NA,FALSE,-0.008461953598338567
Q8NHP8,PLBD2,17.73619888210625,17.57024249927587,3,3,NA,FALSE,0.16595638283038028
Q8NHQ1,CEP70,12.390535696546383,12.228782000397157,1,1,NA,FALSE,0.1617536961492263
Q8NHQ8,RASSF8,15.484173596182792,15.388823070224115,3,3,NA,FALSE,0.09535052595867732
Q8NHQ9,DDX55,17.090859611639363,17.032738272934655,3,3,NA,FALSE,0.05812133870470859
Q8NHS3,MFSD8,13.844108631751892,13.884064106126118,3,3,NA,FALSE,-0.039955474374226085
Q8NHU3,SGMS2,12.170190823911236,12.854493349914701,1,3,NA,FALSE,-0.6843025260034654
Q8NHU6,TDRD7,16.11238186920621,16.26690255667614,3,3,NA,FALSE,-0.15452068746992964
Q8NHV4,NEDD1,16.734705341260646,16.732382279415045,3,3,NA,FALSE,0.00232306184560116
Q8NHX9,TPCN2,12.335956740509168,11.54053472611516,1,1,NA,FALSE,0.7954220143940081
Q8NHY2,COP1,13.469003478521698,13.58993447436009,3,3,NA,FALSE,-0.12093099583839262
Q8NI08,NCOA7,14.450511758663023,14.96214827668513,3,3,NA,FALSE,-0.5116365180221081
Q8NI22,MCFD2,15.024715751490055,15.354651868126778,3,3,NA,FALSE,-0.3299361166367234
Q8NI27,THOC2,18.036651852907674,18.0095799754817,3,3,NA,FALSE,0.027071877425974833
Q8NI35,PATJ,17.32920336069923,17.682610491829166,3,3,NA,FALSE,-0.3534071311299378
Q8NI36,WDR36,17.9207199427921,17.827292904000554,3,3,NA,FALSE,0.09342703879154612
Q8NI37,PPTC7,13.251432925734633,14.174357785613394,3,3,NA,FALSE,-0.9229248598787603
Q8NI60,COQ8A,17.21698251365316,17.16549228809739,3,3,NA,FALSE,0.05149022555577076
Q8NI77,KIF18A,13.842101411258868,13.968286214547526,3,3,NA,FALSE,-0.12618480328865722
Q8TA86,RP9,14.540838397928214,14.489471515997222,3,3,NA,FALSE,0.05136688193099204
Q8TAA5,GRPEL2,16.149217028625348,16.07437612002119,3,3,NA,FALSE,0.07484090860415904
Q8TAA9,VANGL1,15.98186881545097,15.950213048741329,3,3,NA,FALSE,0.03165576670964043
Q8TAC1,RFESD,11.29713744083094,10.48275774412982,2,1,NA,FALSE,0.8143796967011205
Q8TAD4,SLC30A5,15.891179173522334,16.11152080105054,3,3,NA,FALSE,-0.22034162752820485
Q8TAD7,OCC1,13.569456544077813,13.902545092863456,3,3,NA,FALSE,-0.33308854878564276
Q8TAD8,SNIP1,14.75247102459662,14.339441331408219,3,3,NA,FALSE,0.41302969318840077
Q8TAE6,PPP1R14C,14.827984338168289,15.318910988493535,3,3,NA,FALSE,-0.49092665032524607
Q8TAE8,GADD45GIP1,16.968828257793326,17.103013678758412,3,3,NA,FALSE,-0.13418542096508546
Q8TAF3,WDR48,17.982336893053272,17.88857668103195,3,3,NA,FALSE,0.09376021202132279
Q8TAG9,EXOC6,17.089791349586484,16.859848787553787,3,3,NA,FALSE,0.22994256203269714
Q8TAM2,TTC8,14.209115776181674,14.442703408135676,3,3,NA,FALSE,-0.233587631954002
Q8TAP6,CEP76,15.710328387436073,15.521185017301866,3,3,NA,FALSE,0.18914337013420734
Q8TAP8,PPP1R35,12.187920888037286,13.017080943745093,3,3,NA,FALSE,-0.8291600557078063
Q8TAP9,MPLKIP,14.274396963475644,14.296846320291982,3,3,NA,FALSE,-0.022449356816338195
Q8TAQ2,SMARCC2,19.24529432507684,19.359382585288323,3,3,NA,FALSE,-0.11408826021148144
Q8TAQ5,ZNF420,12.571853716525943,11.962727057824832,2,3,NA,FALSE,0.6091266587011113
Q8TAT5,NEIL3,15.277873273574862,15.112128007296123,2,3,NA,FALSE,0.16574526627873887
Q8TAT6,NPLOC4,19.40273364822665,19.663031928411446,3,3,NA,FALSE,-0.26029828018479506
Q8TAV0,FAM76A,16.66486725502927,16.890516311141248,3,3,NA,FALSE,-0.22564905611197617
Q8TB03,CXorf38,15.865192569256283,15.70242885062249,3,3,NA,FALSE,0.16276371863379424
Q8TB22,SPATA20,13.86696607608885,13.786233387834562,3,3,NA,FALSE,0.08073268825428848
Q8TB36,GDAP1,15.958528553716928,16.07837403331645,3,3,NA,FALSE,-0.11984547959952252
Q8TB37,NUBPL,16.14825180480718,16.31499625806233,3,3,NA,FALSE,-0.16674445325514853
Q8TB40,ABHD4,13.697985842120653,12.935274044496431,3,3,NA,FALSE,0.7627117976242221
Q8TB45,DEPTOR,14.160875456857323,13.899528846832878,2,3,NA,FALSE,0.2613466100244448
Q8TB52,FBXO30,14.701970953909393,14.550199142626777,3,3,NA,FALSE,0.1517718112826163
Q8TB61,SLC35B2,15.926541940950754,15.89837813891148,3,3,NA,FALSE,0.028163802039273378
Q8TB72,PUM2,16.563179846221697,16.647189055986715,3,3,NA,FALSE,-0.0840092097650178
Q8TB96,ITFG1,16.35664357024887,16.439541803317248,3,3,NA,FALSE,-0.08289823306837718
Q8TBA6,GOLGA5,17.86777281531137,18.019039243768457,3,3,NA,FALSE,-0.15126642845708815
Q8TBB5,KLHDC4,15.22795378199592,15.061242481323697,3,3,NA,FALSE,0.1667113006722225
Q8TBC3,SHKBP1,16.180111656031507,16.003460771623324,3,3,NA,FALSE,0.17665088440818266
Q8TBC4,UBA3,18.028731089052318,18.158628278846496,3,3,NA,FALSE,-0.1298971897941783
Q8TBE0,BAHD1,14.457954090511441,14.234033202419567,3,3,NA,FALSE,0.2239208880918735
Q8TBE9,NANP,15.62822716135567,15.70190426806871,3,3,NA,FALSE,-0.07367710671304017
Q8TBF2,PRXL2B,15.132592879340061,15.150587977828621,3,3,NA,FALSE,-0.0179950984885604
Q8TBF4,ZCRB1,16.530950256834313,16.485405839153998,3,3,NA,FALSE,0.04554441768031481
Q8TBF5,PIGX,19.093479402886434,19.065359110103373,3,3,NA,FALSE,0.028120292783061274
Q8TBK6,ZCCHC10,15.506169932189804,15.305781447147364,3,3,NA,FALSE,0.20038848504244022
Q8TBM7,TMEM254,14.883477801444425,14.781720520636583,3,3,NA,FALSE,0.10175728080784197
Q8TBM8,DNAJB14,15.055877817778633,15.057281862393353,3,3,NA,FALSE,-0.0014040446147198793
Q8TBN0,RAB3IL1,14.388249136552801,14.373150767378435,3,3,NA,FALSE,0.0150983691743658
Q8TBP6,SLC25A40,14.629325508717807,14.79101868669154,3,3,NA,FALSE,-0.16169317797373317
Q8TBQ9,TMEM167A,18.285223990081043,18.043593461759617,3,3,NA,FALSE,0.2416305283214264
Q8TBR7,TLCD3A,15.167738208982488,15.175120684152933,3,3,NA,FALSE,-0.007382475170444991
Q8TBX8,PIP4K2C,16.82208338300364,16.828621668486992,3,3,NA,FALSE,-0.006538285483351558
Q8TBZ3,WDR20,15.823084277005812,15.677762777896874,3,3,NA,FALSE,0.1453214991089382
Q8TBZ6,TRMT10A,18.15732321890362,18.252436471699777,3,3,NA,FALSE,-0.0951132527961569
Q8TC07,TBC1D15,17.005986206229537,16.86434938193421,3,3,NA,FALSE,0.14163682429532543
Q8TC12,RDH11,18.47557475191314,18.54812641352432,3,3,NA,FALSE,-0.07255166161117899
Q8TC71,SPATA18,15.284490553054399,14.91445590522974,3,2,NA,FALSE,0.37003464782465834
Q8TCA0,LRRC20,16.732275861848176,16.465868749484223,3,3,NA,FALSE,0.26640711236395376
Q8TCB7,METTL6,12.545067657517167,12.593443635420034,3,3,NA,FALSE,-0.048375977902866296
Q8TCC3,MRPL30,14.798208737143598,14.531510396052274,3,3,NA,FALSE,0.26669834109132395
Q8TCD5,NT5C,16.76520151554276,16.774762080778093,3,3,NA,FALSE,-0.009560565235332774
Q8TCE6,DENND10,16.966679404252652,17.03712375574821,3,3,NA,FALSE,-0.07044435149555639
Q8TCF1,ZFAND1,14.07224304149146,14.524090872323699,3,3,NA,FALSE,-0.45184783083223934
Q8TCG1,CIP2A,16.956771272958086,17.048790100314715,3,3,NA,FALSE,-0.09201882735662892
Q8TCG2,PI4K2B,14.826306359459155,14.867786612818364,3,3,NA,FALSE,-0.04148025335920913
Q8TCJ2,STT3B,18.113881058296755,18.00239481768982,3,3,NA,FALSE,0.11148624060693635
Q8TCN5,ZNF507,13.65303400944029,13.785878008872738,3,3,NA,FALSE,-0.1328439994324473
Q8TCS8,PNPT1,17.748502012978683,17.798332388212707,3,3,NA,FALSE,-0.04983037523402345
Q8TCT6,SPPL3,12.112486434684532,12.053144990627771,3,3,NA,FALSE,0.059341444056761006
Q8TCT7,SPPL2B,14.285812317411764,14.23602718804632,3,3,NA,FALSE,0.04978512936544455
Q8TCT8,SPPL2A,13.059296900998087,13.126600390459316,3,3,NA,FALSE,-0.06730348946122966
Q8TCT9,HM13,18.59032299879872,18.213815085246186,3,3,NA,FALSE,0.3765079135525333
Q8TCX1,DYNC2LI1,14.969534237342438,14.777767228857533,3,3,NA,FALSE,0.1917670084849057
Q8TCY9,URGCP,14.755028108369899,14.30989492751333,3,3,NA,FALSE,0.44513318085656906
Q8TD08,MAPK15,16.012507581926123,15.947330417970376,1,2,NA,FALSE,0.06517716395574702
Q8TD16,BICD2,20.507181341328828,20.30949926513992,3,3,NA,FALSE,0.19768207618890798
Q8TD17,ZNF398,12.961592203460123,12.927826968362938,3,3,NA,FALSE,0.0337652350971851
Q8TD19,NEK9,18.4664081112015,18.62273438190358,3,3,NA,FALSE,-0.15632627070208116
Q8TD22,SFXN5,14.793921337909083,15.346446968555671,3,3,NA,FALSE,-0.5525256306465884
Q8TD26,CHD6,15.12343363851475,14.843884616667241,3,3,NA,FALSE,0.27954902184750985
Q8TD30,GPT2,16.53736273947877,17.01080497915029,3,3,NA,FALSE,-0.4734422396715203
Q8TD31,CCHCR1,13.80392816293629,13.484598023785734,3,3,NA,FALSE,0.31933013915055497
Q8TD43,TRPM4,17.856196669215088,17.986699399570107,3,3,NA,FALSE,-0.13050273035501903
Q8TD55,PLEKHO2,13.019433487434858,13.553226292142122,3,3,NA,FALSE,-0.5337928047072644
Q8TDB4,MGARP,15.252522408569364,15.303153433708319,3,3,NA,FALSE,-0.05063102513895501
Q8TDB6,DTX3L,13.575950353118396,13.934949892085921,3,3,NA,FALSE,-0.35899953896752557
Q8TDD1,DDX54,17.16029415921999,17.175570934987093,3,3,NA,FALSE,-0.01527677576710218
Q8TDH9,BLOC1S5,15.622910651835712,15.373058657091855,3,3,NA,FALSE,0.24985199474385666
Q8TDJ6,DMXL2,15.0219321392715,14.761196019650464,3,3,NA,FALSE,0.26073611962103627
Q8TDN4,CABLES1,15.660291585926144,14.736500055017256,3,3,NA,FALSE,0.923791530908888
Q8TDN6,BRIX1,18.83002012926893,18.72653146296644,3,3,NA,FALSE,0.10348866630248921
Q8TDP1,RNASEH2C,18.72057215016993,19.033249893446115,3,3,NA,FALSE,-0.31267774327618625
Q8TDQ7,GNPDA2,14.729847902961524,14.758176824818909,3,3,NA,FALSE,-0.028328921857385225
Q8TDR0,TRAF3IP1,18.08525748309056,17.717384738499767,3,3,NA,FALSE,0.36787274459079455
Q8TDR2,STK35,17.023460596802455,16.58675641826588,3,3,NA,FALSE,0.43670417853657284
Q8TDW0,LRRC8C,18.75585967384553,18.748654652330668,3,3,NA,FALSE,0.007205021514863574
Q8TDW7,FAT3,16.763200815233787,16.021998806434155,1,3,NA,FALSE,0.7412020087996325
Q8TDX7,NEK7,19.17671492497866,19.244028381081694,3,3,NA,FALSE,-0.06731345610303308
Q8TDY2,RB1CC1,15.943133813786073,15.828892852661205,3,3,NA,FALSE,0.11424096112486737
Q8TDY4,ASAP3,13.091242386768743,13.030093953587384,3,3,NA,FALSE,0.06114843318135854
Q8TDY8,IGDCC4,13.139622544141284,13.493060902495078,1,1,NA,FALSE,-0.35343835835379345
Q8TDZ2,MICAL1,18.160708471642195,18.280865629668586,3,3,NA,FALSE,-0.12015715802639093
Q8TE02,ELP5,15.852534358967917,15.66530289382118,3,3,NA,FALSE,0.18723146514673772
Q8TE04,PANK1,15.311444101782293,15.004901861602859,3,3,NA,FALSE,0.306542240179434
Q8TE76,MORC4,15.348171269982924,15.146389473761166,3,3,NA,FALSE,0.2017817962217574
Q8TE77,SSH3,15.54515108565414,15.74030185037354,3,3,NA,FALSE,-0.19515076471939885
Q8TE99,PXYLP1,14.534490379301126,14.27217947430721,3,3,NA,FALSE,0.26231090499391563
Q8TEA1,NSUN6,15.387152890793754,15.315828926755264,3,3,NA,FALSE,0.0713239640384895
Q8TEA7,TBCK,14.437232020937095,14.564706398717018,3,3,NA,FALSE,-0.12747437777992232
Q8TEA8,DTD1,17.097902254905186,16.87974294947958,3,3,NA,FALSE,0.2181593054256048
Q8TEB1,DCAF11,16.040597781347742,15.918064167145117,3,3,NA,FALSE,0.12253361420262543
Q8TEB9,RHBDD1,14.930969699899414,14.492090965507945,3,3,NA,FALSE,0.4388787343914693
Q8TED0,UTP15,18.122801585989276,18.15593811387351,3,3,NA,FALSE,-0.03313652788423482
Q8TED1,GPX8,17.124593511418833,16.8836578350974,3,3,NA,FALSE,0.24093567632143476
Q8TEH3,DENND1A,14.449573027759229,14.828514083339865,3,3,NA,FALSE,-0.3789410555806363
Q8TEJ3,SH3RF3,16.26353522984053,16.19391990587625,2,3,NA,FALSE,0.06961532396428183
Q8TEK3,DOT1L,16.049687240071062,15.681002893033563,3,3,NA,FALSE,0.3686843470374992
Q8TEL6,TRPC4AP,18.014128500446844,17.76643067491863,3,3,NA,FALSE,0.2476978255282134
Q8TEM1,NUP210,19.80888566094911,19.991796431810442,3,3,NA,FALSE,-0.18291077086133356
Q8TEP8,CEP192,15.294806904180266,15.48385879840087,3,3,NA,FALSE,-0.1890518942206043
Q8TEQ6,GEMIN5,18.365879773305032,18.437624164926216,3,3,NA,FALSE,-0.07174439162118418
Q8TEQ8,PIGO,15.961386264406507,15.751737449899798,3,3,NA,FALSE,0.2096488145067088
Q8TER5,ARHGEF40,16.132749315566066,16.07876431849856,3,3,NA,FALSE,0.0539849970675057
Q8TEU7,RAPGEF6,15.96927353092741,16.112679027176956,3,3,NA,FALSE,-0.1434054962495459
Q8TEV9,SMCR8,15.27860517638439,14.964900127671017,3,3,NA,FALSE,0.31370504871337346
Q8TEW0,PARD3,16.616179427197046,16.618592763203793,3,3,NA,FALSE,-0.002413336006746647
Q8TEW8,PARD3B,14.270033158492055,14.691758015792097,3,3,NA,FALSE,-0.42172485730004183
Q8TEX9,IPO4,18.25177038222189,18.330445086367753,3,3,NA,FALSE,-0.07867470414586464
Q8TEY7,USP33,13.91997738949392,13.58146726037469,3,3,NA,FALSE,0.3385101291192285
Q8TF01,PNISR,15.481058312636941,15.37274760725251,3,3,NA,FALSE,0.10831070538443122
Q8TF05,PPP4R1,15.37751053619949,15.517699861441994,3,3,NA,FALSE,-0.14018932524250438
Q8TF42,UBASH3B,14.598829127998853,14.298656628832637,3,3,NA,FALSE,0.3001724991662158
Q8TF44,C2CD4C,14.177726154284976,14.086392461502031,2,3,NA,FALSE,0.09133369278294445
Q8TF46,DIS3L,15.006290860332495,15.080017024675392,3,3,NA,FALSE,-0.07372616434289725
Q8TF47,ZFP90,13.518870064897087,14.185008448343366,3,3,NA,FALSE,-0.6661383834462793
Q8TF68,ZNF384,16.336264645261764,16.41677002646774,3,3,NA,FALSE,-0.0805053812059775
Q8TF71,SLC16A10,14.766864464184087,14.851750661648383,3,3,NA,FALSE,-0.08488619746429649
Q8TF74,WIPF2,14.460923134567654,14.644184884269633,3,3,NA,FALSE,-0.18326174970197862
Q8TF76,HASPIN,14.703454462571258,14.985679462850692,3,3,NA,FALSE,-0.28222500027943376
Q8WTS1,ABHD5,14.508365309650884,14.6916281942075,3,3,NA,FALSE,-0.18326288455661555
Q8WTS6,SETD7,17.28423142156673,17.743517699062945,3,3,NA,FALSE,-0.459286277496215
Q8WTT2,NOC3L,18.63299800009664,18.590475481850934,3,3,NA,FALSE,0.04252251824570763
Q8WTV0,SCARB1,15.888690729500095,15.216800570277407,3,3,NA,FALSE,0.6718901592226878
Q8WTW3,COG1,16.012086271260735,16.25424648857642,3,3,NA,FALSE,-0.2421602173156856
Q8WU10,PYROXD1,13.128272981247163,13.586501907120692,3,3,NA,FALSE,-0.45822892587352904
Q8WU17,RNF139,17.95287381344984,17.900374677300714,3,3,NA,FALSE,0.05249913614912671
Q8WU67,ABHD3,13.232533827576653,12.217504960489862,3,3,NA,FALSE,1.0150288670867909
Q8WU76,SCFD2,15.790670309090128,15.980425389377741,3,3,NA,FALSE,-0.1897550802876129
Q8WU79,SMAP2,16.76387973250271,16.98524695660068,3,3,NA,FALSE,-0.22136722409797116
Q8WU90,ZC3H15,17.984165149774217,17.91872432787056,3,3,NA,FALSE,0.06544082190365685
Q8WUA2,PPIL4,17.34345030381408,17.265099459947855,3,3,NA,FALSE,0.07835084386622526
Q8WUA4,GTF3C2,16.702392196530344,16.793522799078776,3,3,NA,FALSE,-0.0911306025484322
Q8WUA7,TBC1D22A,14.560546817333336,14.612463708260398,3,3,NA,FALSE,-0.0519168909270622
Q8WUB8,PHF10,16.667758021935533,16.764612711570958,3,3,NA,FALSE,-0.09685468963542476
Q8WUD1,RAB2B,15.376439335218087,15.360410706290216,3,3,NA,FALSE,0.016028628927871935
Q8WUD4,CCDC12,16.988833366101357,16.640850570339577,3,3,NA,FALSE,0.34798279576178004
Q8WUD6,CHPT1,14.506931330125221,14.29449338166542,3,3,NA,FALSE,0.2124379484598009
Q8WUF5,PPP1R13L,16.656499377379717,16.881928124603757,3,3,NA,FALSE,-0.22542874722403994
Q8WUF8,ARB2A,14.886495803870119,14.842423432420293,3,3,NA,FALSE,0.044072371449825454
Q8WUH1,CHURC1,15.889681421266248,15.441932944750823,3,3,NA,FALSE,0.44774847651542515
Q8WUH2,TGFBRAP1,16.736901847841043,16.7384628276412,3,3,NA,FALSE,-0.001560979800157014
Q8WUH6,TMEM263,17.072437799192695,17.172579373324687,3,3,NA,FALSE,-0.10014157413199243
Q8WUI4,HDAC7,15.310466081734596,15.506033188390939,3,3,NA,FALSE,-0.19556710665634292
Q8WUJ0,STYX,14.0505807929158,13.478443122105697,3,3,NA,FALSE,0.572137670810104
Q8WUJ1,CYB5D2,13.583949740791715,12.888250501952067,1,1,NA,FALSE,0.6956992388396479
Q8WUK0,PTPMT1,17.356272710119974,17.493916081040737,3,3,NA,FALSE,-0.13764337092076318
Q8WUM0,NUP133,18.220353964028394,18.410951960591415,3,3,NA,FALSE,-0.1905979965630209
Q8WUM4,PDCD6IP,20.20550378882042,20.0967345943542,3,3,NA,FALSE,0.10876919446621969
Q8WUM9,SLC20A1,15.120722829229058,14.697650872971753,3,3,NA,FALSE,0.42307195625730465
Q8WUN7,UBTD2,15.66029149475854,15.678860407876398,3,3,NA,FALSE,-0.018568913117857022
Q8WUP2,FBLIM1,13.821999113068332,12.64131056227247,1,3,NA,FALSE,1.1806885507958622
Q8WUQ7,CACTIN,15.055221475455076,14.901397538849888,3,3,NA,FALSE,0.15382393660518723
Q8WUR7,C15orf40,16.592822605512918,16.633219633889123,3,3,NA,FALSE,-0.04039702837620496
Q8WUU5,GATAD1,14.622370497643319,14.436036493232344,3,3,NA,FALSE,0.18633400441097514
Q8WUW1,BRK1,13.672277089280401,13.348120032687396,3,3,NA,FALSE,0.3241570565930054
Q8WUX2,CHAC2,15.614809511142317,15.554698018813996,3,3,NA,FALSE,0.06011149232832125
Q8WUX9,CHMP7,17.701380958470992,17.606606769450334,3,3,NA,FALSE,0.09477418902065793
Q8WUY1,THEM6,17.77609074184821,17.449289724261345,3,3,NA,FALSE,0.32680101758686675
Q8WUY8,NAT14,16.828207110895384,16.582105696629775,3,3,NA,FALSE,0.24610141426560972
Q8WUY9,DEPDC1B,14.599059689429309,14.529322888104872,3,3,NA,FALSE,0.06973680132443683
Q8WUZ0,BCL7C,16.362153879426998,16.269127609201867,3,3,NA,FALSE,0.09302627022513121
Q8WV16,DCAF4,13.759455058411092,13.876477003087649,3,3,NA,FALSE,-0.1170219446765568
Q8WV22,NSMCE1,16.486175501011218,16.469711439546746,3,3,NA,FALSE,0.01646406146447177
Q8WV41,SNX33,14.54444167141626,14.202042073650473,3,3,NA,FALSE,0.34239959776578743
Q8WV44,TRIM41,14.756134666758614,14.695275458928807,3,3,NA,FALSE,0.06085920782980736
Q8WV60,PTCD2,13.697732382614959,13.365841733625123,2,2,NA,FALSE,0.33189064898983567
Q8WV74,NUDT8,13.58004534405032,14.002245410210152,3,3,NA,FALSE,-0.4222000661598315
Q8WV92,MITD1,16.411403659222845,16.08721435060061,3,3,NA,FALSE,0.32418930862223405
Q8WV93,AFG1L,14.116856415913666,14.302339294147439,3,3,NA,FALSE,-0.1854828782337723
Q8WV99,ZFAND2B,13.86425118851541,14.033269721251028,3,3,NA,FALSE,-0.16901853273561684
Q8WVB3,HEXD,13.025140283512764,12.385200930979755,3,3,NA,FALSE,0.639939352533009
Q8WVB6,CHTF18,16.06127614396955,16.12806918624908,3,3,NA,FALSE,-0.06679304227952798
Q8WVC0,LEO1,16.597606144464486,16.653047996178557,3,3,NA,FALSE,-0.05544185171407179
Q8WVC6,DCAKD,17.93544597647583,17.355256028573873,3,3,NA,FALSE,0.5801899479019568
Q8WVD3,RNF138,15.859934360723775,15.404023599734987,3,3,NA,FALSE,0.4559107609887878
Q8WVD5,RNF141,15.097125669920299,14.763849073668743,3,3,NA,FALSE,0.33327659625155626
Q8WVE0,EEF1AKMT1,13.745835355384015,13.698989436680257,3,3,NA,FALSE,0.04684591870375776
Q8WVF1,OSCP1,16.772920683250927,16.702874040717095,3,3,NA,FALSE,0.07004664253383197
Q8WVI0,UQCC5,15.258754771684124,14.469211068896996,3,3,NA,FALSE,0.7895437027871282
Q8WVJ2,NUDCD2,16.906249977993888,16.865145754088527,3,3,NA,FALSE,0.041104223905360726
Q8WVK2,SNRNP27,17.479998422805085,17.37350125883576,3,3,NA,FALSE,0.10649716396932618
Q8WVK7,SKA2,15.772281715711841,15.892538541465548,3,3,NA,FALSE,-0.12025682575370666
Q8WVL7,ANKRD49,14.662274172245198,14.616566801789673,3,3,NA,FALSE,0.0457073704555242
Q8WVM0,TFB1M,17.21571010587368,16.914427677208725,3,3,NA,FALSE,0.3012824286649547
Q8WVM7,STAG1,16.287870684508945,16.343336089950437,3,3,NA,FALSE,-0.05546540544149181
Q8WVM8,SCFD1,19.6819155015817,19.758188391427648,3,3,NA,FALSE,-0.07627288984594927
Q8WVP7,LMBR1,16.43355977651069,16.361228107311348,3,3,NA,FALSE,0.0723316691993432
Q8WVQ1,CANT1,16.06317352587317,16.123655644808977,3,3,NA,FALSE,-0.06048211893580557
Q8WVR3,TRAPPC14,13.466434515971256,13.567689787459345,3,3,NA,FALSE,-0.101255271488089
Q8WVS4,DYNC2I1,16.55099281683912,16.24672992425611,3,3,NA,FALSE,0.30426289258301153
Q8WVT3,TRAPPC12,21.134380161428606,20.88970526609578,3,3,NA,FALSE,0.2446748953328246
Q8WVV9,HNRNPLL,18.011539986955746,18.271694798779304,3,3,NA,FALSE,-0.2601548118235577
Q8WVX9,FAR1,18.763167505039313,17.88423817733401,3,3,NA,FALSE,0.8789293277053041
Q8WVY7,UBLCP1,17.12601110085646,17.20216837244926,3,3,NA,FALSE,-0.07615727159280183
Q8WVZ9,KBTBD7,16.1152192576375,15.190664144278918,3,3,NA,FALSE,0.924555113358581
Q8WW01,TSEN15,15.95180259873629,15.90584759308588,3,3,NA,FALSE,0.04595500565040922
Q8WW12,PCNP,18.172267555502337,18.57423955704489,3,3,NA,FALSE,-0.4019720015425534
Q8WW35,DYNLT2B,13.762278359190041,13.936493713293766,3,3,NA,FALSE,-0.17421535410372435
Q8WW59,SPRYD4,17.700826688039147,17.93863482176435,3,3,NA,FALSE,-0.2378081337252027
Q8WWC4,MAIP1,17.553832528011974,17.64292072173167,3,3,NA,FALSE,-0.08908819371969656
Q8WWH5,TRUB1,19.246009492339645,19.71085658401722,3,3,NA,FALSE,-0.4648470916775729
Q8WWI1,LMO7,16.1719539818624,16.172861669187792,3,3,NA,FALSE,-9.076873253910378e-4
Q8WWI5,SLC44A1,16.541172012681148,16.62121809809211,3,3,NA,FALSE,-0.08004608541096303
Q8WWK9,CKAP2,17.650046894731343,17.646668914835896,3,3,NA,FALSE,0.0033779798954469697
Q8WWM7,ATXN2L,17.458055398037995,17.749623471926864,3,3,NA,FALSE,-0.2915680738888682
Q8WWQ0,PHIP,18.36346618681241,18.253859687687957,3,3,NA,FALSE,0.1096064991244532
Q8WWV3,RTN4IP1,14.07431296126262,14.26735098408039,3,3,NA,FALSE,-0.1930380228177686
Q8WWW0,RASSF5,11.58649622946395,11.471339842835047,3,3,NA,FALSE,0.11515638662890382
Q8WWX9,SELENOM,14.544050920120531,14.465812938558363,3,3,NA,FALSE,0.0782379815621681
Q8WWY3,PRPF31,18.41603731027458,18.5641699530727,3,3,NA,FALSE,-0.14813264279812088
Q8WWZ3,EDARADD,14.278775637322912,14.89480100473134,3,3,NA,FALSE,-0.6160253674084277
Q8WWZ7,ABCA5,14.670821437543582,14.080013294012671,1,3,NA,FALSE,0.5908081435309107
Q8WX92,NELFB,18.242544496802843,18.32849865231563,3,3,NA,FALSE,-0.08595415551278762
Q8WX93,PALLD,16.89109099099772,16.905355108670122,3,3,NA,FALSE,-0.014264117672400545
Q8WXA3,RUFY2,15.641674852165817,15.840580561470265,3,3,NA,FALSE,-0.19890570930444795
Q8WXA9,SREK1,17.15828707306011,17.177531753598213,3,3,NA,FALSE,-0.019244680538104575
Q8WXB1,METTL21A,15.062578219620784,14.571474951977821,3,3,NA,FALSE,0.49110326764296275
Q8WXD5,GEMIN6,16.265361172315377,16.25518907478115,3,3,NA,FALSE,0.010172097534226765
Q8WXE0,CASKIN2,14.598349773527096,14.524539188181889,3,3,NA,FALSE,0.0738105853452069
Q8WXE1,ATRIP,15.033096011166691,15.105054295655576,3,3,NA,FALSE,-0.07195828448888442
Q8WXE9,STON2,13.276115764361,13.236877777931978,3,3,NA,FALSE,0.03923798642902199
Q8WXF0,SRSF12,16.138267841675596,15.860763523855773,3,3,NA,FALSE,0.27750431781982243
Q8WXF1,PSPC1,19.970425487996298,20.14563830784262,3,3,NA,FALSE,-0.17521281984632253
Q8WXF7,ATL1,14.659534172035016,14.260476969209238,3,3,NA,FALSE,0.3990572028257784
Q8WXG6,MADD,15.521128192893848,15.481954294349121,3,3,NA,FALSE,0.039173898544726526
Q8WXH0,SYNE2,17.50094736079372,17.623905480447053,3,3,NA,FALSE,-0.12295811965333314
Q8WXI9,GATAD2B,17.42287334407733,17.68104343956464,3,3,NA,FALSE,-0.2581700954873085
Q8WXR4,MYO3B,17.13104149888644,17.297121630283257,3,3,NA,FALSE,-0.16608013139681788
Q8WXW3,PIBF1,16.403173508964734,16.07992972579266,3,3,NA,FALSE,0.3232437831720745
Q8WXX5,DNAJC9,18.547628009790174,18.499478793331225,3,3,NA,FALSE,0.048149216458948985
Q8WXX7,AUTS2,14.418189808453219,14.59578434623239,3,3,NA,FALSE,-0.17759453777917145
Q8WY07,SLC7A3,15.070324239258566,16.172695147715263,3,3,NA,FALSE,-1.102370908456697
Q8WY21,SORCS1,16.352497503844425,17.25103478794029,3,3,NA,FALSE,-0.8985372840958661
Q8WY22,BRI3BP,17.629170196120022,17.492203720800138,3,3,NA,FALSE,0.13696647531988404
Q8WY36,BBX,17.918323683785466,18.00237435592157,3,3,NA,FALSE,-0.08405067213610451
Q8WY54,PPM1E,14.698595636567543,14.65186978719026,3,3,NA,FALSE,0.046725849377283524
Q8WYA0,IFT81,15.714421411100753,15.853084691472315,3,3,NA,FALSE,-0.13866328037156173
Q8WYA6,CTNNBL1,18.863273284682712,18.869660109135,3,3,NA,FALSE,-0.006386824452288664
Q8WYB5,KAT6B,15.494836338747486,15.112379666212579,3,3,NA,FALSE,0.3824566725349072
Q8WYH8,ING5,15.685185035995717,15.81436652353541,3,3,NA,FALSE,-0.12918148753969305
Q8WYL5,SSH1,13.150891867806445,13.032138073001674,3,3,NA,FALSE,0.11875379480477122
Q8WYN0,ATG4A,15.684025006710426,16.054557615314934,3,3,NA,FALSE,-0.370532608604508
Q8WYP5,AHCTF1,16.791187176534176,16.92644653119172,3,3,NA,FALSE,-0.13525935465754202
Q8WYQ3,CHCHD10,14.98748077055098,14.764455049905193,3,3,NA,FALSE,0.2230257206457864
Q8WYQ5,DGCR8,14.895068821899862,14.778695146748065,3,3,NA,FALSE,0.11637367515179697
Q8WYQ9,ZCCHC14,14.147500060808522,13.883753316522691,2,3,NA,FALSE,0.26374674428583056
Q8WZ74,CTTNBP2,13.032643688604757,13.096456131982437,3,3,NA,FALSE,-0.06381244337767988
Q8WZ82,OVCA2,14.617804162697793,15.160280311754496,3,3,NA,FALSE,-0.5424761490567036
Q8WZA0,LZIC,17.38784806751227,17.597676405658834,3,3,NA,FALSE,-0.20982833814656487
Q8WZA1,POMGNT1,16.14967045674028,16.036653591348976,3,3,NA,FALSE,0.11301686539130529
Q8WZA9,IRGQ,16.201074660888438,16.333144167993566,3,3,NA,FALSE,-0.132069507105129
Q92466,DDB2,15.849153258439134,16.195771482823822,3,3,NA,FALSE,-0.34661822438468803
Q92484,SMPDL3A,14.914329915104911,14.928461562500006,3,3,NA,FALSE,-0.01413164739509476
Q92485,SMPDL3B,15.839762168136444,15.411437354712065,3,3,NA,FALSE,0.42832481342437845
Q92499,DDX1,18.817697530001823,18.912063646398536,3,3,NA,FALSE,-0.09436611639671355
Q92503,SEC14L1,16.837427230779923,16.11077686285624,3,3,NA,FALSE,0.726650367923682
Q92504,SLC39A7,15.930621211950731,15.883653769560949,3,3,NA,FALSE,0.04696744238978212
Q92506,HSD17B8,16.037592314687707,16.3628763921253,3,3,NA,FALSE,-0.325284077437594
Q92508,PIEZO1,13.368432601650749,13.297677340702593,3,3,NA,FALSE,0.07075526094815565
Q92520,FAM3C,17.2062715486841,17.20919495232456,3,3,NA,FALSE,-0.0029234036404588437
Q92522,H1-10,20.895139325214352,20.84056674482532,3,3,NA,FALSE,0.054572580389031344
Q92530,PSMF1,17.859630078013403,17.74279759576892,3,3,NA,FALSE,0.11683248224448306
Q92536,SLC7A6,14.619196053649896,14.775032396342619,3,3,NA,FALSE,-0.15583634269272295
Q92538,GBF1,17.39189805423578,17.520811196711364,3,3,NA,FALSE,-0.12891314247558228
Q92539,LPIN2,13.717798635132006,13.708572178773823,2,2,NA,FALSE,0.0092264563581832
Q92540,SMG7,15.35055149953272,15.157302518130793,3,3,NA,FALSE,0.19324898140192737
Q92541,RTF1,17.45810301528265,17.66457203791519,3,3,NA,FALSE,-0.20646902263253963
Q92542,NCSTN,18.13920476142821,18.13135930611845,3,3,NA,FALSE,0.00784545530975933
Q92543,SNX19,14.097726645702588,14.072682258850532,3,3,NA,FALSE,0.025044386852055567
Q92544,TM9SF4,17.598982876795635,17.95830459259662,3,3,NA,FALSE,-0.35932171580098426
Q92545,TMEM131,14.867220224539599,14.436017799770182,3,3,NA,FALSE,0.43120242476941684
Q92546,RGP1,14.11775337834289,14.145517572818568,3,3,NA,FALSE,-0.027764194475677684
Q92547,TOPBP1,16.608592619079488,16.60321737261557,3,3,NA,FALSE,0.0053752464639167385
Q92551,IP6K1,15.353377678038239,15.239502735119144,3,3,NA,FALSE,0.11387494291909483
Q92552,MRPS27,18.400030387079585,18.386615863971226,3,3,NA,FALSE,0.013414523108359333
Q92556,ELMO1,13.04473775647479,14.023985139600683,3,3,NA,FALSE,-0.9792473831258928
Q92558,WASF1,16.086274428656388,16.298293058807385,3,3,NA,FALSE,-0.21201863015099676
Q92560,BAP1,14.844644535195712,14.765759048731754,3,3,NA,FALSE,0.07888548646395854
Q92562,FIG4,15.79103207533955,15.772185356293985,3,3,NA,FALSE,0.018846719045564342
Q92564,DCUN1D4,14.339190525618807,14.555988931143757,3,3,NA,FALSE,-0.21679840552494944
Q92567,FAM168A,14.586829065021329,15.044657199437996,2,2,NA,FALSE,-0.45782813441666725
Q92572,AP3S1,17.22470419033879,17.388469310485412,3,3,NA,FALSE,-0.16376512014662126
Q92574,TSC1,14.643632825859415,14.451077579621185,3,3,NA,FALSE,0.19255524623823028
Q92575,UBXN4,16.934731850030126,16.565585007114144,3,3,NA,FALSE,0.3691468429159812
Q92576,PHF3,17.08484538907781,16.934617678743965,3,3,NA,FALSE,0.1502277103338443
Q92581,SLC9A6,14.870962954834841,14.694129599332287,3,3,NA,FALSE,0.17683335550255386
Q92585,MAML1,11.845315563786542,11.909202058016536,2,3,NA,FALSE,-0.06388649422999393
Q92597,NDRG1,18.203466752410066,18.352863667205394,3,3,NA,FALSE,-0.14939691479532868
Q92598,HSPH1,20.358215268345845,20.335709363454388,3,3,NA,FALSE,0.022505904891456652
Q92599,SEPTIN8,19.15723548935272,19.107109039270206,3,3,NA,FALSE,0.050126450082512264
Q92600,CNOT9,18.703017782883876,18.774756354552814,3,3,NA,FALSE,-0.07173857166893782
Q92604,LPGAT1,15.7869347836964,15.826440931931886,3,3,NA,FALSE,-0.03950614823548548
Q92609,TBC1D5,16.56389299365389,16.897176111535366,3,3,NA,FALSE,-0.333283117881475
Q92610,ZNF592,15.96758826615399,15.97058743761788,3,3,NA,FALSE,-0.002999171463889283
Q92611,EDEM1,14.794799744821658,15.528403816909277,3,3,NA,FALSE,-0.7336040720876191
Q92613,JADE3,14.72393903728118,15.008999046526839,3,3,NA,FALSE,-0.2850600092456581
Q92614,MYO18A,18.993650726468385,19.176095236518442,3,3,NA,FALSE,-0.18244451005005757
Q92615,LARP4B,16.69532558759728,16.72461352175539,3,3,NA,FALSE,-0.029287934158109152
Q92616,GCN1,19.48076467418514,19.58422577742968,3,3,NA,FALSE,-0.10346110324454116
Q92618,ZNF516,15.686248870491351,15.482163215513836,3,3,NA,FALSE,0.20408565497751496
Q92620,DHX38,16.562530867283307,16.413552327727754,3,3,NA,FALSE,0.14897853955555362
Q92621,NUP205,18.882103782391873,18.84419857763899,3,3,NA,FALSE,0.037905204752881616
Q92623,TTC9,13.406751547681523,13.50393279147607,3,3,NA,FALSE,-0.09718124379454629
Q92625,ANKS1A,15.106380200051996,15.205730384483708,3,3,NA,FALSE,-0.09935018443171195
Q92626,PXDN,13.969256947794442,14.004052136116767,3,3,NA,FALSE,-0.03479518832232564
Q92633,LPAR1,13.30222472853034,13.143356656834655,3,3,NA,FALSE,0.15886807169568584
Q92636,NSMAF,14.937234229474782,14.855210714195044,3,3,NA,FALSE,0.08202351527973839
Q92643,PIGK,17.041959198448644,16.755918412166995,3,3,NA,FALSE,0.2860407862816494
Q92665,MRPS31,18.135310604829886,18.151875096893473,3,3,NA,FALSE,-0.01656449206358701
Q92667,AKAP1,17.878993817392452,18.059344189684612,3,3,NA,FALSE,-0.18035037229216044
Q92673,SORL1,13.763712985316154,13.834729048960607,3,3,NA,FALSE,-0.07101606364445345
Q92674,CENPI,16.711982785693664,16.69169754612205,3,3,NA,FALSE,0.020285239571613545
Q92685,ALG3,16.300348281968333,16.167613835772872,3,3,NA,FALSE,0.13273444619546027
Q92686,NRGN,12.423096200758833,13.140948208410448,3,3,NA,FALSE,-0.717852007651615
Q92688,ANP32B,21.776336530523878,21.867422576084387,3,3,NA,FALSE,-0.09108604556050892
Q92692,NECTIN2,17.55337579106092,17.801139526305946,3,3,NA,FALSE,-0.2477637352450266
Q92696,RABGGTA,16.829983592421137,16.740850882997023,3,3,NA,FALSE,0.08913270942411344
Q92698,RAD54L,14.104578430544791,14.24871707136264,3,3,NA,FALSE,-0.14413864081784844
Q92733,PRCC,17.01500709450186,17.245987128116372,3,3,NA,FALSE,-0.23098003361451092
Q92734,TFG,19.696135692334803,19.88119452274425,3,3,NA,FALSE,-0.18505883040944582
Q92747,ARPC1A,17.908972908903937,17.825452598585244,3,3,NA,FALSE,0.08352031031869345
Q92750,TAF4B,12.212477439682578,11.846118304645781,3,3,NA,FALSE,0.36635913503679696
Q92754,TFAP2C,13.689460818395013,13.550742421559137,3,3,NA,FALSE,0.13871839683587517
Q92759,GTF2H4,16.69113095235694,16.466850643012204,3,3,NA,FALSE,0.22428030934473497
Q92766,RREB1,15.239416814759123,15.13653847731954,3,3,NA,FALSE,0.10287833743958252
Q92769,HDAC2,19.00493215805679,19.021314590795928,3,3,NA,FALSE,-0.016382432739138864
Q92782,DPF1,14.296720697032747,13.749714942209671,3,3,NA,FALSE,0.5470057548230756
Q92783,STAM,17.548092708689637,17.749530991227168,3,3,NA,FALSE,-0.2014382825375307
Q92784,DPF3,13.705861396064156,13.355815456037135,3,3,NA,FALSE,0.3500459400270213
Q92785,DPF2,17.64465149791244,17.76292159114264,3,3,NA,FALSE,-0.11827009323019766
Q92786,PROX1,14.738236378776564,15.153063408959836,3,3,NA,FALSE,-0.4148270301832717
Q92791,P3H4,14.400548827097559,13.619580411767458,3,3,NA,FALSE,0.7809684153301006
Q92793,CREBBP,17.219900886715003,17.45708711258714,3,3,NA,FALSE,-0.23718622587213645
Q92794,KAT6A,16.338122699095784,16.376952301285833,3,3,NA,FALSE,-0.03882960219004872
Q92796,DLG3,16.24653410654786,16.55777608289093,3,3,NA,FALSE,-0.3112419763430694
Q92797,SYMPK,18.049735671797222,17.93051443988279,3,3,NA,FALSE,0.1192212319144339
Q92802,N4BP2L2,14.77268080275499,14.504008952797374,3,3,NA,FALSE,0.2686718499576166
Q92804,TAF15,17.821588708025907,17.628996216237443,3,3,NA,FALSE,0.1925924917884636
Q92805,GOLGA1,16.679017752499615,16.770276491651796,3,3,NA,FALSE,-0.09125873915218108
Q92820,GGH,19.479018221974957,19.488516183539513,3,3,NA,FALSE,-0.009497961564555624
Q92823,NRCAM,14.44454123265939,15.079927127388391,3,3,NA,FALSE,-0.6353858947290014
Q92828,CORO2A,12.631961238076856,12.975256161940717,3,3,NA,FALSE,-0.3432949238638603
Q92830,KAT2A,15.259926625359236,14.975411314910717,3,3,NA,FALSE,0.2845153104485192
Q92831,KAT2B,15.11642891166428,15.260443998692379,3,3,NA,FALSE,-0.14401508702809984
Q92833,JARID2,14.523234712778622,14.15477948249611,3,3,NA,FALSE,0.36845523028251215
Q92834,RPGR,13.256653738608941,12.761746959589775,3,3,NA,FALSE,0.4949067790191659
Q92841,DDX17,22.15262228811912,22.177986488693328,3,3,NA,FALSE,-0.025364200574209406
Q92843,BCL2L2,14.2497325277081,14.250598596534676,3,3,NA,FALSE,-8.660688265766936e-4
Q92844,TANK,13.281155015021902,13.84870745145709,3,3,NA,FALSE,-0.5675524364351876
Q92845,KIFAP3,14.951422435628071,15.01278810243562,3,3,NA,FALSE,-0.06136566680754818
Q92851,CASP10,14.805402998145519,14.860065340922862,3,3,NA,FALSE,-0.05466234277734294
Q92859,NEO1,13.992001726498488,13.61200314949581,2,3,NA,FALSE,0.37999857700267903
Q92870,APBB2,13.728340021173121,13.448312929084285,3,3,NA,FALSE,0.2800270920888366
Q92871,PMM1,15.031858479201594,14.790278808711635,3,3,NA,FALSE,0.24157967048995843
Q92878,RAD50,18.002272905095996,18.12025762926613,3,3,NA,FALSE,-0.11798472417013528
Q92879,CELF1,18.90443029517346,18.916729123365638,3,3,NA,FALSE,-0.012298828192179201
Q92882,OSTF1,17.17301610980397,17.09514453650621,3,3,NA,FALSE,0.07787157329775951
Q92888,ARHGEF1,17.47722090543296,17.4904587254396,3,3,NA,FALSE,-0.01323782000663698
Q92889,ERCC4,16.444590880811102,16.412632325231133,3,3,NA,FALSE,0.03195855557996907
Q92890,UFD1,18.641992222116883,18.802084491719437,3,3,NA,FALSE,-0.16009226960255418
Q92896,GLG1,17.008344285115246,17.312331359231028,3,3,NA,FALSE,-0.3039870741157813
Q92900,UPF1,18.163980501945204,18.294298627495785,3,3,NA,FALSE,-0.13031812555058053
Q92902,HPS1,14.501616769093227,14.179796445065946,3,3,NA,FALSE,0.32182032402728034
Q92903,CDS1,14.611166932551797,14.380508136405608,3,3,NA,FALSE,0.230658796146189
Q92905,COPS5,18.217730917409792,18.10990563661353,3,3,NA,FALSE,0.10782528079626275
Q92908,GATA6,15.036369318955078,15.30223795648821,3,3,NA,FALSE,-0.2658686375331314
Q92917,GPKOW,16.93806710703672,16.949399127791036,3,3,NA,FALSE,-0.01133202075431683
Q92922,SMARCC1,18.50075162797139,18.512687104442026,3,3,NA,FALSE,-0.01193547647063653
Q92925,SMARCD2,18.76375542510331,18.822022039024485,3,3,NA,FALSE,-0.05826661392117671
Q92930,RAB8B,15.553537940294204,15.39631050512871,3,3,NA,FALSE,0.15722743516549365
Q92934,BAD,14.637144021601953,15.26833705331098,3,3,NA,FALSE,-0.6311930317090262
Q92945,KHSRP,21.191426603362952,21.30458897207719,3,3,NA,FALSE,-0.11316236871423868
Q92947,GCDH,17.428600055270817,17.56036248322046,3,3,NA,FALSE,-0.1317624279496421
Q92963,RIT1,12.24023058147199,13.066536678685562,2,3,NA,FALSE,-0.826306097213573
Q92968,PEX13,14.313787129068894,14.217709896834908,3,3,NA,FALSE,0.09607723223398601
Q92973,TNPO1,19.091142002062142,19.105245186440747,3,3,NA,FALSE,-0.014103184378605249
Q92974,ARHGEF2,17.53957521812232,17.875094042728165,3,3,NA,FALSE,-0.33551882460584537
Q92979,EMG1,18.244563786091433,18.41290848989542,3,3,NA,FALSE,-0.16834470380398514
Q92989,CLP1,16.13659503448347,16.0148312905483,3,3,NA,FALSE,0.12176374393516909
Q92990,GLMN,17.247823598150585,17.270919024228565,3,3,NA,FALSE,-0.023095426077979653
Q92993,KAT5,15.572111553726264,14.96772118453309,3,3,NA,FALSE,0.6043903691931742
Q92994,BRF1,14.349706536353882,14.55652147004348,3,3,NA,FALSE,-0.20681493368959813
Q92995,USP13,15.743617939927152,15.8267623832118,3,3,NA,FALSE,-0.08314444328464887
Q92997,DVL3,15.18282245014003,15.260357447728584,3,3,NA,FALSE,-0.07753499758855398
Q93008,USP9X,17.8342624856758,17.79459586003963,3,3,NA,FALSE,0.03966662563616907
Q93009,USP7,18.477482218798908,18.610946283614723,3,3,NA,FALSE,-0.13346406481581496
Q93015,NAA80,14.665596819366417,14.648077346775198,3,3,NA,FALSE,0.017519472591219554
Q93034,CUL5,17.652606466578938,17.680542887610965,3,3,NA,FALSE,-0.027936421032027425
Q93050,ATP6V0A1,20.685416104090685,20.579235583192972,3,3,NA,FALSE,0.10618052089771268
Q93052,LPP,15.273754016125459,15.858499814355303,3,3,NA,FALSE,-0.5847457982298447
Q93062,RBPMS,17.39623071825185,17.606847519133222,3,3,NA,FALSE,-0.2106168008813718
Q93063,EXT2,17.534124820380196,17.408772198399717,3,3,NA,FALSE,0.12535262198047903
Q93073,SECISBP2L,13.848041175317576,13.614012490905639,2,3,NA,FALSE,0.23402868441193725
Q93074,MED12,15.976355918732738,16.07705999249586,3,3,NA,FALSE,-0.10070407376312396
Q93075,TATDN2,17.649082989053554,17.47384873268094,3,3,NA,FALSE,0.17523425637261525
Q93096,PTP4A1,16.95556754245653,17.27900295703079,3,3,NA,FALSE,-0.3234354145742593
Q93100,PHKB,16.25163041203581,16.256774532475912,3,3,NA,FALSE,-0.0051441204401037055
Q969E2,SCAMP4,17.222700678009044,17.390945489365766,3,3,NA,FALSE,-0.16824481135672187
Q969E8,TSR2,17.504748579769352,17.499391612616154,3,3,NA,FALSE,0.005356967153197445
Q969F1,GTF3C6,15.049077767690255,15.23328815095108,3,3,NA,FALSE,-0.18421038326082417
Q969F9,HPS3,16.456159955066497,16.357815160122215,3,3,NA,FALSE,0.09834479494428194
Q969G3,SMARCE1,18.008468316184587,18.079992312127587,3,3,NA,FALSE,-0.07152399594300007
Q969G6,RFK,15.874662416695463,16.064915455786526,3,3,NA,FALSE,-0.19025303909106306
Q969H6,POP5,15.393619893280189,15.472501988869373,3,3,NA,FALSE,-0.07888209558918469
Q969H8,MYDGF,19.269745704280655,18.938158429139754,3,3,NA,FALSE,0.33158727514090103
Q969J2,ZKSCAN4,13.79010023336221,13.702218084610687,3,3,NA,FALSE,0.08788214875152356
Q969J3,BORCS5,15.421606915182831,15.602880306493041,3,3,NA,FALSE,-0.18127339131021003
Q969K3,RNF34,14.543016965053768,14.417202647020154,3,3,NA,FALSE,0.12581431803361376
Q969L4,LSM10,14.985191879111913,14.747310725932618,3,3,NA,FALSE,0.2378811531792948
Q969M1,TOMM40L,15.606327124154781,15.685419744760031,3,3,NA,FALSE,-0.07909262060525002
Q969M3,YIPF5,16.80353589524571,17.012258863745867,3,3,NA,FALSE,-0.20872296850015815
Q969M7,UBE2F,15.465671140659886,15.839548704207328,3,3,NA,FALSE,-0.37387756354744184
Q969N2,PIGT,16.39808461314923,16.10460536153535,3,3,NA,FALSE,0.29347925161388133
Q969P0,IGSF8,15.671015535557093,15.772439351899664,3,3,NA,FALSE,-0.10142381634257092
Q969Q0,RPL36AL,17.254835217661782,17.019925001593823,3,3,NA,FALSE,0.23491021606795925
Q969Q5,RAB24,16.03848142567486,16.014866031782347,3,3,NA,FALSE,0.02361539389251277
Q969Q6,PPP2R3C,15.29487229546313,15.469203340519263,3,3,NA,FALSE,-0.1743310450561335
Q969R5,L3MBTL2,15.243197952363834,15.09936455731805,3,3,NA,FALSE,0.14383339504578352
Q969R8,ITFG2,14.882344338949174,14.958350218937728,3,3,NA,FALSE,-0.07600587998855346
Q969S0,SLC35B4,17.24442834749826,16.87427468809231,3,3,NA,FALSE,0.37015365940595046
Q969S2,NEIL2,17.159167278316573,17.11037810472237,3,2,NA,FALSE,0.04878917359420498
Q969S3,ZNF622,17.040841895727187,16.98329379325717,3,3,NA,FALSE,0.057548102470015294
Q969S9,GFM2,17.728526098348176,17.966903348480805,3,3,NA,FALSE,-0.23837725013262911
Q969T3,SNX21,13.919482027750522,13.8354072160107,3,3,NA,FALSE,0.08407481173982312
Q969T4,UBE2E3,12.830694594662287,13.489076238200054,3,3,NA,FALSE,-0.6583816435377674
Q969T7,NT5C3B,16.168965402644627,16.20634882272889,3,3,NA,FALSE,-0.03738342008426443
Q969T9,WBP2,18.030642347250136,17.910377621036957,3,3,NA,FALSE,0.12026472621317907
Q969U7,PSMG2,16.573244652122302,16.54505905719177,3,3,NA,FALSE,0.0281855949305303
Q969V3,NCLN,17.71881837265352,17.531494795665484,3,3,NA,FALSE,0.18732357698803526
Q969V5,MUL1,14.609150580577182,14.517559078303895,3,3,NA,FALSE,0.09159150227328716
Q969V6,MRTFA,14.273096421569658,14.752571658874212,3,3,NA,FALSE,-0.47947523730455366
Q969X5,ERGIC1,18.37740049628438,18.242205387685903,3,3,NA,FALSE,0.13519510859847728
Q969X6,UTP4,17.62285260891624,17.674926688546577,3,3,NA,FALSE,-0.05207407963033717
Q969Y2,GTPBP3,16.753876715988188,17.038712334687794,3,3,NA,FALSE,-0.2848356186996064
Q969Z0,TBRG4,16.840817515417818,16.781101218573237,3,3,NA,FALSE,0.059716296844580796
Q969Z3,MTARC2,16.361248939706112,16.49791126601438,3,3,NA,FALSE,-0.1366623263082687
Q96A19,CCDC102A,14.5487704865268,13.894196905434818,3,3,NA,FALSE,0.6545735810919826
Q96A26,FAM162A,19.387144985411663,19.537649034764705,3,3,NA,FALSE,-0.1505040493530423
Q96A29,SLC35C1,13.480579476567854,13.515999674664211,3,2,NA,FALSE,-0.035420198096357325
Q96A33,CCDC47,18.535115656698075,18.60091579091511,3,3,NA,FALSE,-0.06580013421703512
Q96A35,MRPL24,17.152492498509066,17.285938634243095,3,3,NA,FALSE,-0.13344613573402953
Q96A46,SLC25A28,13.039317967643292,12.300403221896422,3,3,NA,FALSE,0.7389147457468699
Q96A47,ISL2,16.525442856273735,17.13884509919574,3,3,NA,FALSE,-0.6134022429220067
Q96A49,SYAP1,17.606940992431348,17.757692011077086,3,3,NA,FALSE,-0.1507510186457388
Q96A54,ADIPOR1,16.282353246920383,15.98734494474781,3,3,NA,FALSE,0.29500830217257246
Q96A57,TMEM230,16.774665199657093,16.57090549581515,3,3,NA,FALSE,0.20375970384194275
Q96A65,EXOC4,16.607858969544715,16.710868650227525,3,3,NA,FALSE,-0.1030096806828098
Q96A73,KIAA1191,16.090132689586792,16.297552971678076,3,3,NA,FALSE,-0.2074202820912845
Q96AA3,RFT1,17.040325056080366,16.781455573437054,3,3,NA,FALSE,0.25886948264331267
Q96AB3,ISOC2,16.54525029131983,16.683189745000803,3,3,NA,FALSE,-0.13793945368097127
Q96AB6,NTAN1,15.511743076418766,15.583994005898084,3,3,NA,FALSE,-0.07225092947931877
Q96AC1,FERMT2,18.732563795268717,18.96229416653585,3,3,NA,FALSE,-0.22973037126713436
Q96AD5,PNPLA2,15.734947703986652,15.916823684587833,3,3,NA,FALSE,-0.1818759806011805
Q96AE4,FUBP1,20.015098491428635,20.04885560425742,3,3,NA,FALSE,-0.03375711282878413
Q96AE7,TTC17,14.827994582476597,14.730160264590564,3,3,NA,FALSE,0.0978343178860328
Q96AG3,SLC25A46,12.90302795426115,13.2683229485383,2,3,NA,FALSE,-0.36529499427714995
Q96AG4,LRRC59,19.893547773961057,19.78565175324959,3,3,NA,FALSE,0.10789602071146831
Q96AH0,NABP1,14.140926046259123,13.946613091981643,2,2,NA,FALSE,0.1943129542774802
Q96AJ1,CLUAP1,14.264697917335592,14.523427068793934,3,3,NA,FALSE,-0.25872915145834163
Q96AJ9,VTI1A,15.175022395963502,15.22420540449203,3,3,NA,FALSE,-0.049183008528528305
Q96AN5,TMEM143,14.481664325390586,13.019917841152136,1,3,NA,FALSE,1.46174648423845
Q96AP0,ACD,17.294499018459884,17.031916742546823,3,3,NA,FALSE,0.2625822759130614
Q96AQ6,PBXIP1,15.573491854975464,15.336628994742126,3,3,NA,FALSE,0.23686286023333736
Q96AQ8,MCUR1,18.628092785271097,18.714812251922297,3,3,NA,FALSE,-0.0867194666511999
Q96AT1,KIAA1143,14.681955467414342,14.876608659072295,3,3,NA,FALSE,-0.19465319165795236
Q96AT9,RPE,16.94483440606763,17.035184956870303,3,3,NA,FALSE,-0.09035055080267185
Q96AV8,E2F7,12.241761060253708,12.438780336797311,3,3,NA,FALSE,-0.19701927654360318
Q96AX1,VPS33A,17.715152106930663,17.575522083360774,3,3,NA,FALSE,0.13963002356988952
Q96AX9,MIB2,13.631613452020687,13.720694394297828,3,3,NA,FALSE,-0.0890809422771408
Q96AY2,EME1,14.543739714950666,14.562167603766271,3,3,NA,FALSE,-0.018427888815605087
Q96AY3,FKBP10,19.53593924824679,18.915826023990792,3,3,NA,FALSE,0.6201132242559986
Q96AY4,TTC28,15.956480153369762,16.01090228429139,3,3,NA,FALSE,-0.054422130921627954
Q96AZ6,ISG20,11.598326213817886,12.23895484955892,2,3,NA,FALSE,-0.6406286357410345
Q96B01,RAD51AP1,18.215931492786975,18.406607385123188,3,3,NA,FALSE,-0.19067589233621263
Q96B02,UBE2W,13.105345713037662,13.432224304144803,2,3,NA,FALSE,-0.3268785911071408
Q96B23,ARK2N,14.89943163439728,15.227577902555634,3,3,NA,FALSE,-0.32814626815835446
Q96B26,EXOSC8,18.997321308085464,18.927619631017176,3,3,NA,FALSE,0.06970167706828789
Q96B36,AKT1S1,16.937935922310334,16.997517968619274,3,3,NA,FALSE,-0.059582046308939596
Q96B45,BORCS7,14.297854868792045,14.52840405254469,3,3,NA,FALSE,-0.230549183752645
Q96B54,ZNF428,14.924798552881985,15.456277438605882,3,3,NA,FALSE,-0.5314788857238977
Q96B70,LENG9,14.730438063426073,14.955084659896874,3,3,NA,FALSE,-0.22464659647080154
Q96B77,TMEM186,12.647940263946861,12.520421711712538,3,3,NA,FALSE,0.1275185522343225
Q96B96,LDAF1,17.956740752468118,17.587001376241957,3,3,NA,FALSE,0.3697393762261605
Q96B97,SH3KBP1,16.840008817529142,16.816341786400336,3,3,NA,FALSE,0.02366703112880586
Q96BD5,PHF21A,14.780497498220754,15.095796598461106,3,3,NA,FALSE,-0.31529910024035246
Q96BD8,SKA1,14.953617869879317,14.701821105882894,3,3,NA,FALSE,0.25179676399642226
Q96BH1,RNF25,15.820562710327268,15.676667830692189,3,3,NA,FALSE,0.14389487963507896
Q96BI1,SLC22A18,15.294962156698888,15.020664355032041,3,3,NA,FALSE,0.27429780166684736
Q96BI3,APH1A,17.170254797804,17.013482894895212,3,3,NA,FALSE,0.15677190290878684
Q96BJ3,AIDA,16.60575937629123,16.470202027292505,3,3,NA,FALSE,0.13555734899872363
Q96BK5,PINX1,13.977199113985034,13.373034468722771,3,3,NA,FALSE,0.6041646452622622
Q96BM9,ARL8A,17.65680196179631,17.690757093615282,3,3,NA,FALSE,-0.033955131818970585
Q96BN2,TADA1,16.063540508091723,16.120824370133896,3,3,NA,FALSE,-0.05728386204217273
Q96BN8,OTULIN,19.447560202898213,19.484107937481937,3,3,NA,FALSE,-0.03654773458372418
Q96BP2,CHCHD1,16.121677770239724,16.158039751929415,3,3,NA,FALSE,-0.03636198168969074
Q96BP3,PPWD1,17.365981360398436,17.478528295274973,3,3,NA,FALSE,-0.11254693487653711
Q96BQ5,CCDC127,16.755509254874603,16.280192434431292,3,3,NA,FALSE,0.4753168204433109
Q96BR1,SGK3,14.692584642158613,14.509929912933469,3,3,NA,FALSE,0.1826547292251437
Q96BR5,COA7,14.823291569186097,15.268736736782767,3,3,NA,FALSE,-0.4454451675966702
Q96BT3,CENPT,14.786860889657495,14.704184997902269,3,3,NA,FALSE,0.08267589175522616
Q96BT7,ALKBH8,13.308049862697764,13.215279861361473,3,3,NA,FALSE,0.09277000133629087
Q96BU1,S100PBP,13.032235032298493,12.704571128478431,3,3,NA,FALSE,0.3276639038200617
Q96BV0,ZNF775,11.67541109417775,11.258688023372486,2,3,NA,FALSE,0.41672307080526494
Q96BW1,UPRT,18.17601834278838,17.9976213855792,3,3,NA,FALSE,0.17839695720918058
Q96BW5,PTER,17.382936456938545,17.857927853280344,3,3,NA,FALSE,-0.47499139634179954
Q96BW9,TAMM41,16.543113585307957,16.607667060858454,3,3,NA,FALSE,-0.06455347555049684
Q96BX8,MOB3A,13.970390992185429,14.109138290602884,3,3,NA,FALSE,-0.1387472984174547
Q96BY7,ATG2B,14.879204293282118,14.917661001854546,3,3,NA,FALSE,-0.038456708572427445
Q96BY9,SARAF,12.838509466022874,9.618253861694715,1,1,NA,FALSE,3.220255604328159
Q96BZ8,LENG1,15.265093323426415,14.99061197373191,3,3,NA,FALSE,0.2744813496945042
Q96BZ9,TBC1D20,15.31884387606069,15.330521473220847,3,3,NA,FALSE,-0.011677597160156594
Q96C00,ZBTB9,13.847445942519633,13.431614760311469,2,3,NA,FALSE,0.41583118220816395
Q96C01,FAM136A,15.345602071694849,15.75111593258821,3,3,NA,FALSE,-0.40551386089336106
Q96C03,MIEF2,13.524838248867589,13.663601223695196,3,3,NA,FALSE,-0.1387629748276069
Q96C19,EFHD2,18.563214081202695,18.511555288169113,3,3,NA,FALSE,0.051658793033581674
Q96C23,GALM,16.434701752891904,16.471642964675407,3,3,NA,FALSE,-0.03694121178350329
Q96C24,SYTL4,15.549836924450831,15.249020776344686,3,3,NA,FALSE,0.3008161481061453
Q96C34,RUNDC1,15.810507590872856,15.901133034880491,3,3,NA,FALSE,-0.09062544400763528
Q96C36,PYCR2,19.712142422564625,19.78045739825336,3,3,NA,FALSE,-0.06831497568873601
Q96C57,CUSTOS,16.172752687406245,16.051472019114875,3,3,NA,FALSE,0.12128066829136941
Q96C86,DCPS,18.112930175138985,18.419698565892695,3,3,NA,FALSE,-0.3067683907537102
Q96C92,ENTR1,14.242609345943698,14.38491280743612,3,3,NA,FALSE,-0.14230346149242123
Q96CB8,INTS12,14.789901065693382,14.978599808105223,3,3,NA,FALSE,-0.18869874241184093
Q96CB9,NSUN4,15.022379373626007,15.214379340411075,3,3,NA,FALSE,-0.19199996678506714
Q96CD0,FBXL8,13.886939390071635,14.00689126111164,3,3,NA,FALSE,-0.11995187104000493
Q96CD2,PPCDC,15.938182955017217,16.081211191437443,3,3,NA,FALSE,-0.14302823642022666
Q96CF2,CHMP4C,13.766889959690499,13.715728529184902,3,3,NA,FALSE,0.05116143050559607
Q96CG3,TIFA,15.299340699797542,14.931515492189368,3,3,NA,FALSE,0.36782520760817405
Q96CK0,ZNF653,13.699588438383524,13.555792311942554,2,2,NA,FALSE,0.14379612644096973
Q96CM3,RPUSD4,14.699147257269114,14.505287908979609,3,3,NA,FALSE,0.19385934828950546
Q96CM8,ACSF2,17.200606630949327,17.28760376015009,3,3,NA,FALSE,-0.08699712920076408
Q96CN4,EVI5L,16.339687942552942,16.028871431205346,3,3,NA,FALSE,0.31081651134759625
Q96CN7,ISOC1,18.05338412104982,18.075269867767922,3,3,NA,FALSE,-0.02188574671810173
Q96CN9,GCC1,14.713258605877595,14.651259726781797,3,3,NA,FALSE,0.06199887909579793
Q96CP2,FLYWCH2,15.800241526805264,16.110064865282318,3,3,NA,FALSE,-0.3098233384770541
Q96CP6,GRAMD1A,15.310491124888216,15.374476554471173,3,3,NA,FALSE,-0.0639854295829565
Q96CP7,TLCD1,13.594998278950136,12.79480154336339,3,3,NA,FALSE,0.8001967355867468
Q96CQ1,SLC25A36,15.541265609728196,15.172614727951828,3,3,NA,FALSE,0.36865088177636807
Q96CS2,HAUS1,14.733835756548052,14.729975903261199,3,3,NA,FALSE,0.00385985328685301
Q96CS3,FAF2,19.31482425417271,19.51615393616165,3,3,NA,FALSE,-0.2013296819889412
Q96CS4,ZNF689,12.258928071957573,12.139486045652136,3,3,NA,FALSE,0.11944202630543721
Q96CT7,CCDC124,17.970276530973052,17.8948165310858,3,3,NA,FALSE,0.07545999988725072
Q96CU9,FOXRED1,15.519489059009523,15.670701331161808,3,3,NA,FALSE,-0.15121227215228572
Q96CV9,OPTN,16.484919262103542,16.566142695551832,3,3,NA,FALSE,-0.0812234334482902
Q96CW1,AP2M1,18.234653086188047,18.21001489984196,3,3,NA,FALSE,0.024638186346088276
Q96CW5,TUBGCP3,16.954258439107107,16.95398309433573,3,3,NA,FALSE,2.753447713779167e-4
Q96CW6,SLC7A6OS,15.092481925466087,14.955575984295791,3,3,NA,FALSE,0.13690594117029597
Q96CX2,KCTD12,18.415693156227377,18.193940153673942,3,3,NA,FALSE,0.22175300255343444
Q96D05,FAM241B,14.86573618158087,15.020742337307944,3,3,NA,FALSE,-0.1550061557270741
Q96D09,GPRASP2,15.588826323975084,15.50500114817056,3,3,NA,FALSE,0.08382517580452387
Q96D31,ORAI1,16.95288393361002,16.987247451258252,3,3,NA,FALSE,-0.03436351764823087
Q96D46,NMD3,16.293575108743287,15.99631061349091,3,3,NA,FALSE,0.2972644952523762
Q96D53,COQ8B,15.551255094420476,15.759311805459005,3,3,NA,FALSE,-0.20805671103852852
Q96D70,R3HDM4,12.18947523443928,12.504713093062847,2,3,NA,FALSE,-0.3152378586235667
Q96D71,REPS1,15.946208928413112,15.94414184034628,3,3,NA,FALSE,0.002067088066832312
Q96D96,HVCN1,11.488252384456176,11.544426806786584,3,3,NA,FALSE,-0.05617442233040748
Q96DA2,RAB39B,16.359114939672843,16.378050175560176,3,3,NA,FALSE,-0.01893523588733359
Q96DA6,DNAJC19,15.84143783964896,16.000957880329707,3,3,NA,FALSE,-0.1595200406807482
Q96DB5,RMDN1,17.288921045824733,17.319218080984438,3,3,NA,FALSE,-0.030297035159705388
Q96DC9,OTUB2,13.672128272233593,13.989984081327107,3,3,NA,FALSE,-0.31785580909351374
Q96DE0,NUDT16,17.124261351263588,16.94869385768841,3,3,NA,FALSE,0.17556749357517631
Q96DE5,ANAPC16,15.108304952718875,15.233686128102422,3,3,NA,FALSE,-0.12538117538354676
Q96DF8,ESS2,15.502207058893193,15.029282867515287,3,3,NA,FALSE,0.4729241913779063
Q96DG6,CMBL,18.32959354023087,18.21810738581005,3,3,NA,FALSE,0.11148615442082033
Q96DH6,MSI2,17.545076281091273,17.690369360423762,3,3,NA,FALSE,-0.14529307933248958
Q96DI7,SNRNP40,19.01344172692263,18.886280946597246,3,3,NA,FALSE,0.12716078032538292
Q96DM3,RMC1,15.774309786695747,15.827345130495667,3,3,NA,FALSE,-0.05303534379991959
Q96DN5,TBC1D31,14.17899288483911,13.984923640438348,3,3,NA,FALSE,0.19406924440076168
Q96DP5,MTFMT,14.991035364251308,15.235653657683011,3,3,NA,FALSE,-0.24461829343170294
Q96DR7,ARHGEF26,13.652817807203778,13.67919592648135,3,3,NA,FALSE,-0.026378119277572054
Q96DT6,ATG4C,15.570309546580983,15.449255009225983,3,3,NA,FALSE,0.12105453735500049
Q96DT7,ZBTB10,15.690203716518392,15.63898897592998,3,3,NA,FALSE,0.0512147405884118
Q96DU7,ITPKC,13.78252258243332,14.13223555707915,3,3,NA,FALSE,-0.34971297464583095
Q96DV4,MRPL38,17.158350869577916,17.324208988246504,3,3,NA,FALSE,-0.1658581186685879
Q96DW6,SLC25A38,12.968839605284538,12.256265140386974,3,3,NA,FALSE,0.712574464897564
Q96DX4,RSPRY1,14.671024074425858,14.865168493865808,3,3,NA,FALSE,-0.1941444194399491
Q96DY7,MTBP,13.445258995890892,13.312316466975638,3,3,NA,FALSE,0.1329425289152546
Q96DZ1,ERLEC1,15.691766628844336,15.716786611098716,3,3,NA,FALSE,-0.025019982254379514
Q96E09,PABIR1,14.058486905841638,14.232398883168493,3,3,NA,FALSE,-0.17391197732685448
Q96E11,MRRF,16.455445828075337,16.695378118546472,3,3,NA,FALSE,-0.23993229047113473
Q96E14,RMI2,15.433754097424815,15.07986085944174,3,3,NA,FALSE,0.35389323798307615
Q96E22,NUS1,13.681228369752157,13.24327731490423,3,3,NA,FALSE,0.43795105484792707
Q96E29,MTERF3,16.140042455385203,16.083509180746173,3,3,NA,FALSE,0.056533274639029685
Q96E39,RBMXL1,16.711648032862968,16.221104143049782,3,3,NA,FALSE,0.49054388981318553
Q96E52,OMA1,14.968988544503311,14.667229675421297,3,3,NA,FALSE,0.30175886908201477
Q96EA4,SPDL1,16.98101410091396,16.982690300868985,3,3,NA,FALSE,-0.0016761999550247708
Q96EB1,ELP4,15.171678842698888,15.042781684863524,3,3,NA,FALSE,0.1288971578353646
Q96EB6,SIRT1,15.957503698330012,16.154787564832912,3,3,NA,FALSE,-0.1972838665029002
Q96EC8,YIPF6,16.53846323085939,16.617228042248072,3,3,NA,FALSE,-0.07876481138868385
Q96ED9,HOOK2,14.67072761489096,14.370055700438721,3,3,NA,FALSE,0.3006719144522396
Q96EE3,SEH1L,17.563065474414856,17.704836977368153,3,3,NA,FALSE,-0.1417715029532971
Q96EE4,CCDC126,14.312716131449394,14.31072651303001,3,3,NA,FALSE,0.0019896184193832767
Q96EF6,FBXO17,14.702176339570707,14.589009585107872,3,3,NA,FALSE,0.11316675446283497
Q96EH3,MALSU1,15.250928598549496,14.991763834614892,3,3,NA,FALSE,0.25916476393460464
Q96EI5,TCEAL4,17.054728444268072,16.772312016571618,3,3,NA,FALSE,0.2824164276964538
Q96EK4,THAP11,15.858254754253121,15.864100914046348,3,3,NA,FALSE,-0.005846159793227557
Q96EK5,KIFBP,18.17891371869052,18.06698237988979,3,3,NA,FALSE,0.11193133880072992
Q96EK6,GNPNAT1,18.072055137388688,17.987816853010358,3,3,NA,FALSE,0.08423828437832981
Q96EK7,FAM120B,16.23944020557074,16.090762240258236,3,3,NA,FALSE,0.14867796531250477
Q96EK9,KTI12,17.04663728852441,17.278496782629112,3,3,NA,FALSE,-0.23185949410470386
Q96EL2,MRPS24,18.22832445325647,18.380458221007405,3,3,NA,FALSE,-0.1521337677509358
Q96EL3,MRPL53,17.558138577046808,17.538269143002225,3,3,NA,FALSE,0.0198694340445833
Q96EM0,L3HYPDH,17.592952964577112,17.664706210750293,3,3,NA,FALSE,-0.07175324617318068
Q96EN8,MOCOS,14.781794980772679,14.978798858900403,3,3,NA,FALSE,-0.1970038781277239
Q96EP0,RNF31,15.996301995482012,16.19729189040391,3,3,NA,FALSE,-0.20098989492189823
Q96EP1,CHFR,13.193713514247069,13.472012390623911,2,3,NA,FALSE,-0.2782988763768426
Q96EP5,DAZAP1,20.093482447026805,20.368436443393875,3,3,NA,FALSE,-0.27495399636707063
Q96EQ0,SGTB,17.21097977850183,17.259408838524134,3,3,NA,FALSE,-0.04842906002230407
Q96ER3,SAAL1,18.046975151032434,18.020033672628244,3,3,NA,FALSE,0.026941478404189922
Q96ER9,CCDC51,16.50563920805206,16.650656071884367,3,3,NA,FALSE,-0.14501686383230705
Q96ES6,MFSD3,16.22023902523146,15.923667782586557,3,3,NA,FALSE,0.2965712426449034
Q96ES7,SGF29,16.048641071452334,16.07790803822579,3,3,NA,FALSE,-0.02926696677345575
Q96EU6,RRP36,15.713687176409161,15.465215841070599,3,3,NA,FALSE,0.24847133533856258
Q96EU7,C1GALT1C1,13.337177169338105,13.804277813347046,3,3,NA,FALSE,-0.4671006440089407
Q96EV2,RBM33,16.169297272957234,16.3795912712306,3,3,NA,FALSE,-0.21029399827336448
Q96EV8,DTNBP1,16.547806370391232,16.462148851415165,3,3,NA,FALSE,0.08565751897606688
Q96EW2,HSPBAP1,13.875253979960384,13.920418245200585,3,3,NA,FALSE,-0.04516426524020112
Q96EX1,SMIM12,16.36170870858999,15.991111200815535,3,3,NA,FALSE,0.37059750777445544
Q96EX3,DYNC2I2,15.03927302795607,14.711991926247258,3,3,NA,FALSE,0.3272811017088113
Q96EY1,DNAJA3,17.823012515136202,17.845387718867816,3,3,NA,FALSE,-0.02237520373161317
Q96EY4,TMA16,17.194398710812838,17.013599839476495,3,3,NA,FALSE,0.18079887133634287
Q96EY5,MVB12A,16.986589019759244,16.959359287010212,3,3,NA,FALSE,0.0272297327490314
Q96EY7,PTCD3,21.048179818135115,21.002689700392516,3,3,NA,FALSE,0.04549011774259881
Q96EY8,MMAB,18.60761747265801,18.712801316427512,3,3,NA,FALSE,-0.10518384376950252
Q96EY9,ADAT3,14.957788982960874,15.119901453137244,3,3,NA,FALSE,-0.16211247017636943
Q96EZ8,MCRS1,14.82446802169387,15.037023740143328,3,3,NA,FALSE,-0.2125557184494582
Q96F07,CYFIP2,17.340878814008533,17.458107108814854,3,3,NA,FALSE,-0.11722829480632058
Q96F10,SAT2,13.932677997191414,14.160536357507729,3,3,NA,FALSE,-0.2278583603163149
Q96F24,NRBF2,14.118869794278265,13.832718861919115,3,3,NA,FALSE,0.2861509323591491
Q96F25,ALG14,15.12444728115133,14.971366958844113,3,3,NA,FALSE,0.15308032230721658
Q96F44,TRIM11,15.046006316297028,15.054096431063304,3,3,NA,FALSE,-0.008090114766275747
Q96F45,ZNF503,14.523934911157205,14.69783797894522,3,3,NA,FALSE,-0.17390306778801445
Q96F46,IL17RA,15.285268637033138,15.073520642601354,3,3,NA,FALSE,0.21174799443178394
Q96F63,CCDC97,14.389226170164019,14.46749860959714,3,3,NA,FALSE,-0.07827243943312112
Q96F85,CNRIP1,13.373961234476024,13.485382834031704,3,3,NA,FALSE,-0.11142159955567976
Q96F86,EDC3,16.82247361955812,16.667115681161185,3,3,NA,FALSE,0.15535793839693568
Q96FC9,DDX11,14.021010790540098,14.076180751912986,3,3,NA,FALSE,-0.05516996137288821
Q96FF9,CDCA5,16.531957821817993,16.748664891218212,3,3,NA,FALSE,-0.21670706940021844
Q96FJ0,STAMBPL1,14.122440619271808,14.145638377971272,3,3,NA,FALSE,-0.023197758699463833
Q96FJ2,DYNLL2,16.657491653368233,16.894414312106985,3,3,NA,FALSE,-0.2369226587387523
Q96FK6,WDR89,15.967121063437965,15.863982518510985,3,3,NA,FALSE,0.10313854492697949
Q96FL8,SLC47A1,14.100274859346339,14.392118485654473,3,3,NA,FALSE,-0.2918436263081343
Q96FN4,CPNE2,16.30866587301577,16.132054717760226,3,3,NA,FALSE,0.17661115525554294
Q96FN9,DTD2,12.052625937521075,12.030700701088698,3,3,NA,FALSE,0.021925236432377204
Q96FS4,SIPA1,16.09275683510569,16.035474020665806,3,3,NA,FALSE,0.05728281443988337
Q96FV2,SCRN2,15.89854187236947,15.888202220042293,3,3,NA,FALSE,0.010339652327177262
Q96FV9,THOC1,17.88169556290274,17.909688631893797,3,3,NA,FALSE,-0.02799306899105858
Q96FW1,OTUB1,19.564515433856613,19.608681364159075,3,3,NA,FALSE,-0.044165930302462186
Q96FX7,TRMT61A,15.561373141562424,15.647588873712843,3,3,NA,FALSE,-0.08621573215041956
Q96FZ2,HMCES,17.900002514104916,17.859123318688273,3,3,NA,FALSE,0.0408791954166432
Q96FZ7,CHMP6,17.21779133233053,17.63936928672589,3,3,NA,FALSE,-0.42157795439536017
Q96G01,BICD1,12.565359102088987,12.042316241560158,3,3,NA,FALSE,0.5230428605288289
Q96G03,PGM2,17.86076132197535,17.87639066772416,3,3,NA,FALSE,-0.015629345748809698
Q96G21,IMP4,17.193001057334637,17.190517923270416,3,3,NA,FALSE,0.002483134064220849
Q96G23,CERS2,18.009484724717506,17.7402712989839,3,3,NA,FALSE,0.2692134257336072
Q96G25,MED8,16.329867830103524,16.520978842126713,3,3,NA,FALSE,-0.19111101202318892
Q96G28,CFAP36,15.236638727454526,15.147875090274985,3,3,NA,FALSE,0.08876363717954128
Q96G46,DUS3L,17.778299021491037,17.983627374807497,3,3,NA,FALSE,-0.20532835331646027
Q96G61,NUDT11,17.423012831575758,17.392585089442083,3,3,NA,FALSE,0.03042774213367494
Q96G74,OTUD5,17.72085173569049,17.926371069543904,3,3,NA,FALSE,-0.20551933385341314
Q96G97,BSCL2,14.893208082717434,14.708441165113843,3,3,NA,FALSE,0.1847669176035911
Q96GA3,LTV1,16.198509921038657,15.549640030210051,3,3,NA,FALSE,0.648869890828605
Q96GA7,SDSL,16.63579759462397,16.822964034978483,3,3,NA,FALSE,-0.18716644035451324
Q96GC5,MRPL48,16.82210951817496,16.668204155241703,3,3,NA,FALSE,0.15390536293325496
Q96GC9,VMP1,16.67245276768631,16.32139955421037,3,3,NA,FALSE,0.35105321347593943
Q96GD0,PDXP,18.00167807160646,17.964202551337333,3,3,NA,FALSE,0.03747552026912615
Q96GD3,SCMH1,13.07144614463736,13.545865409744556,3,3,NA,FALSE,-0.4744192651071959
Q96GD4,AURKB,17.216663252153136,16.93351396123562,3,3,NA,FALSE,0.2831492909175175
Q96GE4,CEP95,13.370213250549943,12.388282183988915,3,3,NA,FALSE,0.9819310665610281
Q96GF1,RNF185,14.516987150565905,13.737054529517915,3,3,NA,FALSE,0.7799326210479904
Q96GG9,DCUN1D1,16.67249697856655,16.639451684709005,3,3,NA,FALSE,0.03304529385754407
Q96GI7,FAM89A,12.95811385504664,13.56954277534522,2,3,NA,FALSE,-0.6114289202985788
Q96GJ1,TRMT2B,15.641510215928648,15.380645983500397,3,3,NA,FALSE,0.26086423242825063
Q96GK7,FAHD2A,17.64141747890887,17.6458915595085,3,3,NA,FALSE,-0.004474080599628394
Q96GM5,SMARCD1,16.527156753059906,16.583183138543895,3,3,NA,FALSE,-0.05602638548398886
Q96GM8,TOE1,16.274296705016607,16.196914989584993,3,3,NA,FALSE,0.07738171543161343
Q96GN5,CDCA7L,14.675944468456,13.898521494321148,3,3,NA,FALSE,0.7774229741348524
Q96GP6,SCARF2,14.904607478181841,14.52954773436042,3,3,NA,FALSE,0.3750597438214207
Q96GQ5,RUSF1,15.68641485349317,15.477257937683339,3,3,NA,FALSE,0.20915691580983164
Q96GQ7,DDX27,18.200459319273104,18.117259673533262,3,3,NA,FALSE,0.08319964573984251
Q96GR4,ZDHHC12,11.569187721896679,10.358649772718833,3,3,NA,FALSE,1.210537949177846
Q96GS4,BORCS6,15.580445498552056,15.748685797512536,3,3,NA,FALSE,-0.16824029896048032
Q96GS6,ABHD17A,13.736438428299827,14.147739368642831,2,1,NA,FALSE,-0.41130094034300413
Q96GV9,MACIR,13.298341112232452,13.1409161820999,3,3,NA,FALSE,0.1574249301325512
Q96GW9,MARS2,16.11999157253664,16.052959906257794,3,3,NA,FALSE,0.06703166627884727
Q96GX1,TCTN2,12.45174957948423,11.995768142676202,3,3,NA,FALSE,0.4559814368080293
Q96GX2,ATXN7L3B,16.72540993405814,16.24486015917476,3,3,NA,FALSE,0.4805497748833787
Q96GX5,MASTL,15.495430202208414,15.62185270127521,3,3,NA,FALSE,-0.1264224990667966
Q96GX9,APIP,17.48596421251377,17.354716393442708,3,3,NA,FALSE,0.13124781907106353
Q96GY0,ZC2HC1A,13.728961240258538,13.624361126659178,3,3,NA,FALSE,0.10460011359936061
Q96GY3,LIN37,14.418792859521808,14.603569079066567,3,3,NA,FALSE,-0.18477621954475865
Q96GZ6,SLC41A3,16.239549057931413,16.069742106013862,2,2,NA,FALSE,0.16980695191755046
Q96H20,SNF8,16.789821749346924,16.646355232618035,3,3,NA,FALSE,0.1434665167288891
Q96H22,CENPN,15.532682341308519,15.65068417660171,3,3,NA,FALSE,-0.11800183529319064
Q96H35,RBM18,13.589437877297797,13.293983712424238,3,3,NA,FALSE,0.2954541648735596
Q96H55,MYO19,15.59134178693957,15.656300374925147,3,3,NA,FALSE,-0.06495858798557741
Q96H78,SLC25A44,14.960303205145568,15.17321438903928,3,3,NA,FALSE,-0.21291118389371277
Q96H79,ZC3HAV1L,16.017025111722187,15.999687919574004,3,3,NA,FALSE,0.017337192148183078
Q96HA1,POM121,13.938403319212668,14.474122577038038,3,3,NA,FALSE,-0.5357192578253702
Q96HA4,C1orf159,12.77102978076828,12.579495213549373,3,3,NA,FALSE,0.19153456721890727
Q96HA7,TONSL,15.626110854136467,15.773247792714642,3,3,NA,FALSE,-0.1471369385781749
Q96HA8,NTAQ1,14.164068027507373,13.901205532660228,3,3,NA,FALSE,0.26286249484714475
Q96HA9,PEX11G,12.90819125402837,12.314250755802298,2,2,NA,FALSE,0.5939404982260719
Q96HC4,PDLIM5,18.645191964706328,18.665822235215135,3,3,NA,FALSE,-0.020630270508807058
Q96HD1,CRELD1,14.74993354973316,15.03012453579785,1,3,NA,FALSE,-0.28019098606468873
Q96HE7,ERO1A,18.852381870662466,18.60440021522578,3,3,NA,FALSE,0.2479816554366856
Q96HE9,PRR11,14.555367223958205,14.565815060119707,3,3,NA,FALSE,-0.010447836161501911
Q96HH6,TMEM19,15.283023949610572,15.185569904649888,3,3,NA,FALSE,0.0974540449606831
Q96HI0,SENP5,13.146928479774052,13.305087521798177,3,3,NA,FALSE,-0.15815904202412412
Q96HJ9,FMC1,16.619022957067255,16.539470902601224,3,3,NA,FALSE,0.07955205446603131
Q96HN2,AHCYL2,14.006427927234826,14.339125436389278,3,3,NA,FALSE,-0.3326975091544515
Q96HP0,DOCK6,16.030918583794442,16.132912130001845,3,3,NA,FALSE,-0.10199354620740309
Q96HP4,OXNAD1,14.095191502548676,14.481811925557732,3,3,NA,FALSE,-0.38662042300905597
Q96HR3,MED30,19.11145189742571,19.149706914415162,3,3,NA,FALSE,-0.038255016989452884
Q96HR8,NAF1,14.37463506221296,14.611619569990419,3,3,NA,FALSE,-0.23698450777745883
Q96HR9,REEP6,19.63768745952015,19.234200533650203,3,3,NA,FALSE,0.4034869258699487
Q96HS1,PGAM5,18.675668365309505,18.55960354941975,3,3,NA,FALSE,0.1160648158897537
Q96HU1,SGSM3,13.591790491843868,12.864059189934315,3,3,NA,FALSE,0.7277313019095537
Q96HV5,TMEM41A,17.09811577036858,16.78386895316198,3,3,NA,FALSE,0.3142468172065982
Q96HW7,INTS4,16.279543136982284,16.141633898041214,3,3,NA,FALSE,0.1379092389410701
Q96HY6,DDRGK1,17.510596539534745,17.603999334420877,3,3,NA,FALSE,-0.09340279488613135
Q96HY7,DHTKD1,16.58321325985654,16.803898994724634,3,3,NA,FALSE,-0.22068573486809484
Q96I15,SCLY,16.561413771597195,16.777275975870023,3,3,NA,FALSE,-0.21586220427282754
Q96I24,FUBP3,19.6646299832704,19.607974026145207,3,3,NA,FALSE,0.056655957125194334
Q96I25,RBM17,18.252874245271034,18.179133357907514,3,3,NA,FALSE,0.07374088736352036
Q96I36,COX14,20.184928055765518,19.793960265589867,3,3,NA,FALSE,0.390967790175651
Q96I51,RCC1L,16.31965386118742,16.223736457957717,3,3,NA,FALSE,0.0959174032297021
Q96I59,NARS2,18.40958000950211,18.526317197477553,3,3,NA,FALSE,-0.11673718797544197
Q96I99,SUCLG2,18.64650357082646,18.80162756583395,3,3,NA,FALSE,-0.1551239950074894
Q96IC2,REXO5,14.138826694968824,14.308286529445478,2,1,NA,FALSE,-0.1694598344766547
Q96IF1,AJUBA,14.54455407405881,14.8109608987293,3,3,NA,FALSE,-0.26640682467049004
Q96IG2,FBXL20,15.197152102650184,14.981402060457828,3,3,NA,FALSE,0.21575004219235616
Q96II8,LRCH3,15.546156470940051,15.110055853318475,3,3,NA,FALSE,0.4361006176215767
Q96IJ6,GMPPA,16.59713761418243,16.67029186021096,3,3,NA,FALSE,-0.07315424602852971
Q96IK0,TMEM101,14.84635892567067,14.421989505281141,3,3,NA,FALSE,0.4243694203895281
Q96IK1,BOD1,15.633735941578793,15.6805371327144,3,3,NA,FALSE,-0.04680119113560721
Q96IK5,GMCL1,15.165122114223191,14.896820530121198,2,3,NA,FALSE,0.2683015841019927
Q96IQ9,ZNF414,13.392349501354195,13.564793934403074,3,3,NA,FALSE,-0.17244443304887902
Q96IU4,ABHD14B,17.54827163391533,17.46399676540229,3,3,NA,FALSE,0.08427486851304167
Q96IV0,NGLY1,17.301913257165147,17.235725279870866,3,3,NA,FALSE,0.06618797729428039
Q96IW7,SEC22A,15.95045692990502,15.726438595683357,3,3,NA,FALSE,0.22401833422166284
Q96IX5,ATP5MK,19.710002540561224,19.712813309972283,3,3,NA,FALSE,-0.0028107694110595105
Q96IY1,NSL1,16.109921483972073,16.153698234577973,3,3,NA,FALSE,-0.04377675060590036
Q96IZ0,PAWR,16.164542619357167,15.85048824216525,3,3,NA,FALSE,0.3140543771919173
Q96IZ5,RBM41,13.78262101182472,14.177945851914794,3,3,NA,FALSE,-0.3953248400900744
Q96IZ7,RSRC1,15.265022802748916,15.473700092212374,3,3,NA,FALSE,-0.20867728946345743
Q96J01,THOC3,18.727623512302888,18.54303609925847,3,3,NA,FALSE,0.18458741304441872
Q96J02,ITCH,16.77660086647191,16.59742361055335,3,3,NA,FALSE,0.17917725591856026
Q96J42,TXNDC15,15.567904813572722,15.093639955071605,3,3,NA,FALSE,0.4742648585011171
Q96J84,KIRREL1,14.66770020616289,15.134431766731252,3,3,NA,FALSE,-0.4667315605683626
Q96JA1,LRIG1,14.36518352575084,14.04747051076723,3,3,NA,FALSE,0.31771301498361026
Q96JA3,PLEKHA8,15.553750644457422,15.026580225560043,3,3,NA,FALSE,0.5271704188973789
Q96JB2,COG3,14.795190562475977,14.972036112703735,3,3,NA,FALSE,-0.1768455502277586
Q96JB3,HIC2,15.544605237289737,15.239057311466938,3,3,NA,FALSE,0.30554792582279866
Q96JB5,CDK5RAP3,17.759750849761517,17.783193518118356,3,3,NA,FALSE,-0.02344266835683939
Q96JC1,VPS39,15.685882335105001,15.799844701522634,3,3,NA,FALSE,-0.11396236641763302
Q96JC9,EAF1,13.492179938776616,13.14919739468722,3,3,NA,FALSE,0.342982544089395
Q96JD6,AKR1E2,17.653810034840014,17.90996942059426,2,1,NA,FALSE,-0.2561593857542448
Q96JF6,ZNF594,15.943037103703688,15.43966773209486,1,3,NA,FALSE,0.5033693716088283
Q96JG6,VPS50,18.291395513576425,18.326901330127306,3,3,NA,FALSE,-0.03550581655088081
Q96JG8,MAGED4B,16.234368639407958,15.851142237477214,3,3,NA,FALSE,0.3832264019307434
Q96JH7,VCPIP1,17.76473358822767,17.824828069060764,3,3,NA,FALSE,-0.060094480833093655
Q96JH8,RADIL,14.770005403585003,14.336585761512296,3,3,NA,FALSE,0.4334196420727068
Q96JI7,SPG11,16.694266979106317,16.688513459885936,3,3,NA,FALSE,0.005753519220380809
Q96JJ3,ELMO2,16.02820171886015,16.34515430423338,3,3,NA,FALSE,-0.31695258537322957
Q96JJ7,TMX3,17.582330261695464,17.49131810564819,3,3,NA,FALSE,0.09101215604727386
Q96JK2,DCAF5,14.722063324001,14.912055689377107,3,3,NA,FALSE,-0.18999236537610642
Q96JM3,CHAMP1,17.1007311911752,17.173685455415935,3,3,NA,FALSE,-0.07295426424073526
Q96JM7,L3MBTL3,16.008617644810453,15.777546597879267,3,3,NA,FALSE,0.23107104693118607
Q96JN0,LCOR,14.732466803243309,14.695889398690168,3,3,NA,FALSE,0.036577404553140624
Q96JN8,NEURL4,14.596186360468684,14.3664903240834,3,3,NA,FALSE,0.2296960363852829
Q96JP5,ZFP91,16.11384989882748,16.18631766837396,3,3,NA,FALSE,-0.07246776954648126
Q96JQ2,CLMN,16.009069204225792,16.299255722989713,3,3,NA,FALSE,-0.290186518763921
Q96JX3,SERAC1,14.912514683821842,14.845200732405873,3,3,NA,FALSE,0.06731395141596863
Q96JY6,PDLIM2,13.496712885215668,13.701719312167448,3,3,NA,FALSE,-0.20500642695177973
Q96K12,FAR2,16.622324898567527,14.314491279579519,1,1,NA,FALSE,2.307833618988008
Q96K17,BTF3L4,19.711844168380825,19.802733900604185,3,3,NA,FALSE,-0.09088973222335994
Q96K19,RNF170,16.4750185417628,16.289479961628047,3,3,NA,FALSE,0.18553858013475377
Q96K21,ZFYVE19,14.64113854206271,14.605275540148305,3,3,NA,FALSE,0.035863001914403725
Q96K37,SLC35E1,15.054508913126552,15.006497854710952,3,3,NA,FALSE,0.04801105841560016
Q96K49,TMEM87B,12.9154448455309,13.155306664820673,3,3,NA,FALSE,-0.23986181928977324
Q96K58,ZNF668,13.467015150870983,13.619725930729407,3,3,NA,FALSE,-0.15271077985842396
Q96K76,USP47,16.793728680444286,16.67967599059973,3,3,NA,FALSE,0.11405268984455574
Q96K80,ZC3H10,13.376544989016931,13.872449806230534,3,3,NA,FALSE,-0.4959048172136029
Q96K83,ZNF521,13.276971530165183,13.841982604999185,3,3,NA,FALSE,-0.5650110748340023
Q96KA5,CLPTM1L,17.03004196800239,16.963727873767944,3,3,NA,FALSE,0.06631409423444623
Q96KB5,PBK,17.92825530500028,18.165871599327435,3,3,NA,FALSE,-0.2376162943271538
Q96KC2,ARL5B,16.578945630499852,16.63178453088146,3,3,NA,FALSE,-0.05283890038160877
Q96KC8,DNAJC1,15.497299830447878,15.535224990391638,3,3,NA,FALSE,-0.03792515994376089
Q96KF7,SMIM8,14.994124573162525,14.376520502256858,3,3,NA,FALSE,0.6176040709056672
Q96KG9,SCYL1,15.839337464638875,16.09954806147158,3,3,NA,FALSE,-0.26021059683270487
Q96KM6,ZNF512B,16.125100237771463,16.329259155007154,3,3,NA,FALSE,-0.20415891723569146
Q96KN1,LRATD2,16.242631127442035,16.230383209807904,3,3,NA,FALSE,0.0122479176341308
Q96KN3,PKNOX2,15.040488600267109,16.029517120568574,3,3,NA,FALSE,-0.9890285203014653
Q96KP1,EXOC2,16.782168688880663,16.677469070322157,3,3,NA,FALSE,0.10469961855850585
Q96KP4,CNDP2,18.125331288381673,18.139875154680922,3,3,NA,FALSE,-0.014543866299248975
Q96KQ4,PPP1R13B,16.063738656849093,16.058646803233394,3,3,NA,FALSE,0.005091853615699193
Q96KQ7,EHMT2,16.188380121352765,16.074014616388915,3,3,NA,FALSE,0.11436550496384967
Q96KR1,ZFR,20.813333969058288,20.84379610865905,3,3,NA,FALSE,-0.030462139600761162
Q96KR6,FAM210B,15.320378605273797,15.2448792568999,3,3,NA,FALSE,0.07549934837389749
Q96L15,ART5,14.761419037429075,14.091918097371567,3,3,NA,FALSE,0.6695009400575085
Q96L34,MARK4,13.074212646745087,12.581377407194063,2,3,NA,FALSE,0.4928352395510238
Q96L50,LRR1,15.20755893833073,15.152186234095376,3,3,NA,FALSE,0.0553727042353529
Q96L58,B3GALT6,15.471298451545051,15.406833553000142,3,3,NA,FALSE,0.06446489854490878
Q96L73,NSD1,15.952552561328437,15.641615879887354,3,3,NA,FALSE,0.310936681441083
Q96L91,EP400,16.557676487156197,16.532776536121492,3,3,NA,FALSE,0.02489995103470477
Q96L92,SNX27,17.01693152049551,16.990674956891603,3,3,NA,FALSE,0.02625656360390849
Q96L93,KIF16B,17.80703009259745,17.866568942607127,3,3,NA,FALSE,-0.059538850009676736
Q96LA8,PRMT6,15.694094173790797,16.271812682590937,3,3,NA,FALSE,-0.5777185088001406
Q96LB3,IFT74,16.458636385064054,16.387956427081328,3,3,NA,FALSE,0.0706799579827262
Q96LD4,TRIM47,13.109768131533297,12.555163859237053,3,2,NA,FALSE,0.55460427229624365
Q96LD8,SENP8,14.9323030128501,15.057361436168968,3,3,NA,FALSE,-0.12505842331886718
Q96LI5,CNOT6L,15.274524043686013,15.134140474180247,3,3,NA,FALSE,0.14038356950576514
Q96LJ7,DHRS1,15.621433606281055,15.31889676899161,3,3,NA,FALSE,0.3025368372894448
Q96LL9,DNAJC30,13.010370490443716,13.441175706643296,3,3,NA,FALSE,-0.43080521619958034
Q96LR5,UBE2E2,18.790981441382264,18.7687649537394,3,3,NA,FALSE,0.02221648764286499
Q96LT4,SAMD8,14.450370181076455,14.368360149580779,3,3,NA,FALSE,0.08201003149567576
Q96LT7,C9orf72,13.95779150956349,13.627100374552546,3,3,NA,FALSE,0.3306911350109445
Q96LT9,RNPC3,16.460653100788193,16.03502565292469,3,3,NA,FALSE,0.4256274478635014
Q96LU5,IMMP1L,14.066830228692243,13.784139854796814,3,3,NA,FALSE,0.28269037389542895
Q96LW7,CARD19,13.526134556337523,13.531841810612008,3,3,NA,FALSE,-0.005707254274485152
Q96LX8,ZNF597,17.000189340473458,15.557058018403973,1,1,NA,FALSE,1.443131322069485
Q96LZ7,RMDN2,14.331911833639044,14.291461929590412,3,3,NA,FALSE,0.040449904048632135
Q96M27,PRRC1,17.068932723576495,17.210435159429082,3,3,NA,FALSE,-0.14150243585258693
Q96M89,CCDC138,13.51615422177548,13.23848402336115,3,2,NA,FALSE,0.2776701984143308
Q96M94,KLHL15,13.841389581471871,13.509429047381442,3,3,NA,FALSE,0.33196053409042925
Q96MD2,KICS2,12.849411666843526,13.13694381859497,3,3,NA,FALSE,-0.287532151751444
Q96ME1,FBXL18,15.457668008330693,15.298110424047337,3,3,NA,FALSE,0.15955758428335542
Q96ME7,ZNF512,18.440871085647416,18.319763132357938,3,3,NA,FALSE,0.12110795328947788
Q96MF7,NSMCE2,19.663156294169085,19.585291432668946,3,3,NA,FALSE,0.07786486150013872
Q96MG7,NSMCE3,17.138447829884193,17.09438087068343,3,3,NA,FALSE,0.04406695920076231
Q96MH2,HEXIM2,13.590010714438057,13.796415143647145,3,3,NA,FALSE,-0.20640442920908875
Q96MH6,TMEM68,15.849683670988682,16.041814865332082,3,3,NA,FALSE,-0.19213119434339987
Q96MM6,HSPA12B,16.04375388937915,16.044853000316525,2,1,NA,FALSE,-0.0010991109373748031
Q96MM7,HS6ST2,13.248530090787765,12.883332204998304,3,3,NA,FALSE,0.36519788578946155
Q96MN5,TCEANC2,15.914102079854828,16.092823780225714,3,3,NA,FALSE,-0.17872170037088608
Q96MU7,YTHDC1,17.94561762912341,17.445651494553584,3,3,NA,FALSE,0.49996613456982786
Q96MV1,TLCD4,15.428026689461808,15.645782726656359,3,3,NA,FALSE,-0.21775603719455106
Q96MW1,CCDC43,16.45498473985727,16.627465442773577,3,3,NA,FALSE,-0.17248070291630668
Q96MW5,COG8,15.417473281159014,15.51747221199362,3,3,NA,FALSE,-0.09999893083460698
Q96MW7,TIGD1,12.410622729583409,12.253380597492603,2,3,NA,FALSE,0.15724213209080595
Q96MX3,ZNF48,15.088985178991472,15.143535268516986,3,3,NA,FALSE,-0.05455008952551488
Q96MX6,DNAAF10,15.856891008844702,15.859620952010525,3,3,NA,FALSE,-0.002729943165823201
Q96MY1,NOL4L,13.170606503929687,13.226180696588521,3,3,NA,FALSE,-0.055574192658834676
Q96N06,SPATA33,13.372910335089914,13.641589420305031,3,3,NA,FALSE,-0.2686790852151173
Q96N11,INTS15,14.668372588353765,14.497774494184352,3,3,NA,FALSE,0.17059809416941363
Q96N19,GPR137,11.845853883096458,11.096171431270761,3,2,NA,FALSE,0.7496824518256968
Q96N28,PRELID3A,12.412831727250467,11.7147758216401,1,3,NA,FALSE,0.6980559056103672
Q96N38,ZNF714,12.569139712235426,12.375514771095986,3,1,NA,FALSE,0.19362494113943995
Q96N46,TTC14,17.309004597807103,16.85702223856072,2,3,NA,FALSE,0.45198235924638297
Q96N64,PWWP2A,14.927840851217814,15.181538846776347,3,3,NA,FALSE,-0.25369799555853234
Q96N66,MBOAT7,17.248730562083278,16.986414893182104,3,3,NA,FALSE,0.26231566890117364
Q96N67,DOCK7,17.020650812374683,17.2158848501775,3,3,NA,FALSE,-0.19523403780281612
Q96NB2,SFXN2,16.10068567000474,16.65776686674136,3,3,NA,FALSE,-0.5570811967366183
Q96NB3,ZNF830,15.788674469101382,15.724558146520296,3,3,NA,FALSE,0.06411632258108568
Q96NC0,ZMAT2,15.822421783066462,15.782083956473713,3,3,NA,FALSE,0.04033782659274898
Q96ND0,FAM210A,14.777660122048266,14.420365329318926,3,3,NA,FALSE,0.3572947927293395
Q96NE9,FRMD6,13.743331758854977,13.5090816238899,3,3,NA,FALSE,0.23425013496507674
Q96NJ6,ZFP3,12.945527602404436,13.512404950840516,1,2,NA,FALSE,-0.5668773484360798
Q96NL6,SCLT1,14.955274063425254,14.881842589337731,3,3,NA,FALSE,0.07343147408752237
Q96NT0,CCDC115,14.046059480636751,14.009465854498123,3,3,NA,FALSE,0.03659362613862882
Q96NT3,GUCD1,13.0519245378382,12.267085056658027,3,3,NA,FALSE,0.7848394811801729
Q96NT5,SLC46A1,14.218865274392687,13.678985422935899,3,3,NA,FALSE,0.5398798514567886
Q96NU1,SAMD11,13.916141709537865,11.959713723937229,2,3,NA,FALSE,1.9564279856006355
Q96NW4,ANKRD27,14.338381318248498,14.032771786819328,3,3,NA,FALSE,0.3056095314291696
Q96NY9,MUS81,15.307259830123554,15.648056518368877,3,3,NA,FALSE,-0.34079668824532305
Q96P11,NSUN5,16.384302137569176,16.261439018046563,3,3,NA,FALSE,0.12286311952261286
Q96P16,RPRD1A,18.79312284968233,18.957826389760474,3,3,NA,FALSE,-0.16470354007814336
Q96P47,AGAP3,16.427402412919715,16.40508355911858,3,3,NA,FALSE,0.022318853801134964
Q96P48,ARAP1,15.688417794608506,15.660694549104916,3,3,NA,FALSE,0.027723245503590732
Q96P50,ACAP3,12.979993022901027,13.031375142807773,2,3,NA,FALSE,-0.051382119906746127
Q96P63,SERPINB12,14.29582016390237,14.90886408748156,2,2,NA,FALSE,-0.6130439235791894
Q96P70,IPO9,19.171964581432334,19.260546284422922,3,3,NA,FALSE,-0.08858170299058798
Q96PC3,AP1S3,15.743975846576065,16.12856735807161,3,3,NA,FALSE,-0.38459151149554494
Q96PC5,MIA2,16.09434360434076,16.17685609647681,3,3,NA,FALSE,-0.0825124921360505
Q96PE3,INPP4A,15.934197337955887,15.878454802436066,3,3,NA,FALSE,0.05574253551982089
Q96PE7,MCEE,18.393862153995997,18.58914632165905,3,3,NA,FALSE,-0.19528416766305412
Q96PK6,RBM14,19.09478767730733,19.20983579452127,3,3,NA,FALSE,-0.11504811721393793
Q96PM5,RCHY1,12.510180721980067,12.186065356712513,3,3,NA,FALSE,0.3241153652675539
Q96PM9,ZNF385A,12.737913470763043,13.09292181436852,3,3,NA,FALSE,-0.3550083436054763
Q96PQ6,ZNF317,13.24634725258737,12.965530836466451,3,3,NA,FALSE,0.2808164161209188
Q96PQ7,KLHL5,13.317067417684424,12.809251561411104,3,3,NA,FALSE,0.5078158562733197
Q96PU4,UHRF2,15.617296324930326,15.533306555350736,3,3,NA,FALSE,0.08398976957959015
Q96PU5,NEDD4L,17.830451226585947,18.01331809131579,3,3,NA,FALSE,-0.18286686472984215
Q96PU8,QKI,18.874377776852562,19.194978392920163,3,3,NA,FALSE,-0.32060061606760115
Q96PV6,LENG8,16.466642985010672,16.577624806643964,3,3,NA,FALSE,-0.11098182163329184
Q96PV7,FAM193B,12.786746461578401,12.574927181011567,3,3,NA,FALSE,0.21181928056683397
Q96PY5,FMNL2,15.20117159540324,15.082726412722092,3,3,NA,FALSE,0.1184451826811479
Q96PY6,NEK1,14.74383373525559,14.831359305630455,3,3,NA,FALSE,-0.08752557037486497
Q96PZ0,PUS7,16.440154290285896,16.59125675764914,3,3,NA,FALSE,-0.15110246736324484
Q96Q05,TRAPPC9,15.525816238385977,15.494943910814058,3,3,NA,FALSE,0.03087232757191849
Q96Q11,TRNT1,16.467513503092558,16.55941615307761,3,3,NA,FALSE,-0.09190264998505171
Q96Q15,SMG1,18.955365559726495,19.157958712164675,3,3,NA,FALSE,-0.20259315243817966
Q96Q42,ALS2,14.72188323299475,14.690287670902034,3,3,NA,FALSE,0.031595562092716634
Q96Q45,TMEM237,15.201079799851696,15.137626168126008,3,3,NA,FALSE,0.06345363172568774
Q96Q83,ALKBH3,13.729601624226948,13.535745503657695,3,3,NA,FALSE,0.1938561205692526
Q96Q89,KIF20B,16.298010893578518,16.407587972784665,3,3,NA,FALSE,-0.10957707920614723
Q96QC0,PPP1R10,19.703121955300336,19.87526935059368,3,3,NA,FALSE,-0.17214739529334366
Q96QD5,DEPDC7,15.53473640752817,15.497479994791725,3,3,NA,FALSE,0.0372564127364452
Q96QD8,SLC38A2,16.751405035340234,17.301290246181452,3,3,NA,FALSE,-0.549885210841218
Q96QD9,FYTTD1,16.691390632225147,16.677349812115633,3,3,NA,FALSE,0.01404082010951413
Q96QE2,SLC2A13,13.620983638417842,13.937625656707985,3,3,NA,FALSE,-0.3166420182901426
Q96QE3,ATAD5,14.847164427177434,14.570639669352774,3,3,NA,FALSE,0.27652475782466013
Q96QE5,TEFM,15.340808610321265,15.109480137187937,3,3,NA,FALSE,0.2313284731333276
Q96QF0,RAB3IP,14.610282791904524,14.738847182424438,3,3,NA,FALSE,-0.12856439051991408
Q96QG7,MTMR9,15.037316178151626,15.22122333389835,3,3,NA,FALSE,-0.18390715574672356
Q96QK1,VPS35,19.36765202962486,19.216201728995557,3,3,NA,FALSE,0.15145030062930331
Q96QR8,PURB,15.335470125517014,15.692063010542851,3,3,NA,FALSE,-0.35659288502583664
Q96QT4,TRPM7,13.723929372853036,13.384555486254119,2,3,NA,FALSE,0.3393738865989171
Q96QT6,PHF12,13.721355754570451,13.608004617274872,3,3,NA,FALSE,0.11335113729557911
Q96QU8,XPO6,16.050856258692754,15.790837343347853,3,3,NA,FALSE,0.26001891534490085
Q96QZ7,MAGI1,16.095896643141014,16.16256889814588,3,3,NA,FALSE,-0.06667225500486751
Q96R05,RBP7,16.51086689980502,16.350843374106777,3,3,NA,FALSE,0.16002352569824296
Q96R06,SPAG5,14.744261885406031,14.64313459822769,3,3,NA,FALSE,0.10112728717834152
Q96R72,OR4K3,17.415501949649975,17.719667519471027,1,3,NA,FALSE,-0.3041655698210519
Q96RD7,PANX1,14.609159590990737,14.366246862636057,3,3,NA,FALSE,0.24291272835468014
Q96RE7,NACC1,15.882020449359702,15.699032406276439,3,3,NA,FALSE,0.1829880430832631
Q96RF0,SNX18,16.001274429024523,16.09115250767745,3,3,NA,FALSE,-0.08987807865292652
Q96RG2,PASK,15.11779412430033,14.90813782671084,3,3,NA,FALSE,0.20965629758948978
Q96RK0,CIC,14.560964324537094,14.751941334469441,3,3,NA,FALSE,-0.19097700993234668
Q96RK4,BBS4,15.04745577175278,15.09797535961006,3,3,NA,FALSE,-0.05051958785728061
Q96RL1,UIMC1,16.106930269594805,16.142325852322188,3,3,NA,FALSE,-0.03539558272738219
Q96RL7,VPS13A,18.535999862254187,18.362013406771258,3,3,NA,FALSE,0.1739864554829289
Q96RN5,MED15,16.428042322952233,16.5615193838238,3,3,NA,FALSE,-0.13347706087156652
Q96RP9,GFM1,18.16870660966851,18.23877399156466,3,3,NA,FALSE,-0.07006738189614836
Q96RQ1,ERGIC2,15.542139545090006,15.386178560771663,3,3,NA,FALSE,0.1559609843183427
Q96RQ3,MCCC1,15.542465065307512,15.824494316349805,3,3,NA,FALSE,-0.2820292510422924
Q96RR1,TWNK,15.660392075424756,15.36906230862263,3,3,NA,FALSE,0.29132976680212685
Q96RR4,CAMKK2,15.125171830315905,15.117513758193073,3,3,NA,FALSE,0.0076580721228314275
Q96RS0,TGS1,14.922457125132349,14.831237544581706,3,3,NA,FALSE,0.09121958055064283
Q96RS6,NUDCD1,16.89617645925844,17.172444334258177,3,3,NA,FALSE,-0.2762678749997356
Q96RT1,ERBIN,16.301589003007116,16.09060318939956,3,3,NA,FALSE,0.2109858136075573
Q96RT7,TUBGCP6,13.483594937821884,13.35834425784786,3,3,NA,FALSE,0.12525067997402495
Q96RT8,TUBGCP5,14.394168451364528,14.196097370386452,3,3,NA,FALSE,0.19807108097807635
Q96RU2,USP28,17.244863980048393,17.628810294209586,3,3,NA,FALSE,-0.38394631416119296
Q96RU3,FNBP1,15.890369433874808,15.902783977008907,3,3,NA,FALSE,-0.012414543134099176
Q96RU7,TRIB3,14.140724893239568,15.66767683998803,2,3,NA,FALSE,-1.5269519467484614
Q96RY5,CRAMP1,14.016293980100409,14.184842133923809,3,3,NA,FALSE,-0.16854815382339972
Q96RY7,IFT140,16.520834078349615,16.313997813126882,3,3,NA,FALSE,0.20683626522273357
Q96S06,LMF1,13.711243281823252,13.609726741750645,3,3,NA,FALSE,0.10151654007260724
Q96S15,WDR24,15.635066240381057,15.490774013473603,3,3,NA,FALSE,0.1442922269074547
Q96S19,METTL26,16.124249136872017,15.9828734956075,3,3,NA,FALSE,0.14137564126451707
Q96S38,RPS6KC1,14.989884433985274,15.000556882470569,3,2,NA,FALSE,-0.010672448485294694
Q96S44,TP53RK,17.955328877697376,18.035215216229595,3,3,NA,FALSE,-0.07988633853221927
Q96S52,PIGS,18.09670574350716,17.855509084008155,3,3,NA,FALSE,0.24119665949900693
Q96S55,WRNIP1,16.923523243711443,17.055705942557957,3,3,NA,FALSE,-0.13218269884651335
Q96S59,RANBP9,16.352400233523795,16.4695429410461,3,3,NA,FALSE,-0.11714270752230505
Q96S66,CLCC1,17.232142315639063,16.86463820942334,3,3,NA,FALSE,0.3675041062157227
Q96S82,UBL7,14.76202575195689,14.72312606517663,3,3,NA,FALSE,0.03889968678026001
Q96S90,LYSMD1,14.668660361046262,14.824162145042669,3,3,NA,FALSE,-0.15550178399640657
Q96S94,CCNL2,13.521977039774812,13.728599099023002,3,3,NA,FALSE,-0.20662205924818977
Q96S97,MYADM,17.87071074586278,18.230387371059052,3,3,NA,FALSE,-0.35967662519627197
Q96S99,PLEKHF1,15.397888007044434,15.617446550448516,3,3,NA,FALSE,-0.21955854340408187
Q96SB3,PPP1R9B,16.93263375124926,17.220464869810606,3,3,NA,FALSE,-0.28783111856134624
Q96SB4,SRPK1,18.000783413605884,17.818551496391276,3,3,NA,FALSE,0.18223191721460807
Q96SB8,SMC6,17.204491434222987,17.231611892894666,3,3,NA,FALSE,-0.02712045867167845
Q96SI1,KCTD15,16.509457249359397,16.65197652713011,3,3,NA,FALSE,-0.14251927777071316
Q96SI9,STRBP,17.69750287919529,17.60683241562268,3,3,NA,FALSE,0.09067046357261077
Q96SK2,TMEM209,16.19904503372434,16.21912046889918,3,3,NA,FALSE,-0.020075435174842227
Q96SL1,SLC49A4,13.57023438840301,12.965807870991576,3,3,NA,FALSE,0.6044265174114347
Q96SL8,FIZ1,15.425566721393448,15.499280029654605,3,3,NA,FALSE,-0.07371330826115674
Q96SN8,CDK5RAP2,15.895079939663727,16.20194807727041,3,3,NA,FALSE,-0.3068681376066813
Q96SQ9,CYP2S1,14.182928405716535,13.994532731162536,3,3,NA,FALSE,0.1883956745539983
Q96ST2,IWS1,18.07081100213509,18.028210906613047,3,3,NA,FALSE,0.0426000955220438
Q96ST3,SIN3A,18.302922928238957,18.26122840829649,3,3,NA,FALSE,0.04169451994246742
Q96SU4,OSBPL9,17.61651854436564,17.642594683242415,3,3,NA,FALSE,-0.026076138876774735
Q96SW2,CRBN,15.46239891988489,15.683915575337014,3,3,NA,FALSE,-0.22151665545212396
Q96SY0,INTS14,16.25833681256553,16.11456702195922,3,3,NA,FALSE,0.14376979060631
Q96SZ5,ADO,16.349456829258074,16.318583666080347,3,3,NA,FALSE,0.030873163177727037
Q96SZ6,CDK5RAP1,15.701879872835452,15.727792864039262,3,3,NA,FALSE,-0.02591299120381052
Q96T17,MAP7D2,15.154563489052201,15.601210627521509,3,3,NA,FALSE,-0.4466471384693076
Q96T21,SECISBP2,14.892566325664443,15.192476069246418,3,3,NA,FALSE,-0.2999097435819742
Q96T23,RSF1,18.49370175019302,18.867148192054554,3,3,NA,FALSE,-0.3734464418615353
Q96T25,ZIC5,14.9007275865125,15.011229252919602,3,3,NA,FALSE,-0.11050166640710124
Q96T37,RBM15,20.11853228703536,20.00441775371564,3,3,NA,FALSE,0.11411453331972155
Q96T51,RUFY1,17.10688956308744,17.055894280998547,3,3,NA,FALSE,0.05099528208889126
Q96T52,IMMP2L,15.340110490924374,14.924249607111069,3,3,NA,FALSE,0.41586088381330555
Q96T58,SPEN,17.463357832340133,17.231863431885948,3,3,NA,FALSE,0.231494400454185
Q96T60,PNKP,17.32049648602592,17.457647013887453,3,3,NA,FALSE,-0.13715052786153237
Q96T76,MMS19,17.530319047174864,17.651517669099515,3,3,NA,FALSE,-0.12119862192465192
Q96T88,UHRF1,18.042079321060335,18.03171693436465,3,3,NA,FALSE,0.010362386695685899
Q96TA1,NIBAN2,16.181179672616654,16.01371446144448,3,3,NA,FALSE,0.16746521117217483
Q96TA2,YME1L1,19.49154873851386,19.413103948493585,3,3,NA,FALSE,0.07844479002027427
Q96TC7,RMDN3,16.357596091189585,16.41280980813302,3,3,NA,FALSE,-0.055213716943434576
Q99081,TCF12,14.616199634057251,14.460424998815864,3,2,NA,FALSE,0.15577463524138757
Q99418,CYTH2,14.000656962465701,13.915491616234089,2,2,NA,FALSE,0.0851653462316122
Q99426,TBCB,18.590651507600967,18.675347068645404,3,3,NA,FALSE,-0.08469556104443754
Q99436,PSMB7,19.049201317456404,18.834530571285985,3,3,NA,FALSE,0.2146707461704196
Q99439,CNN2,17.46621561351756,17.161359487229667,3,3,NA,FALSE,0.30485612628789127
Q99442,SEC62,17.02854835501149,16.614624071013566,3,3,NA,FALSE,0.41392428399792536
Q99447,PCYT2,18.74422979306237,18.68790823436166,3,3,NA,FALSE,0.05632155870070932
Q99459,CDC5L,18.98041261625777,18.864811963838964,3,3,NA,FALSE,0.1156006524188058
Q99460,PSMD1,19.05796074487793,19.231883846136192,3,3,NA,FALSE,-0.17392310125826071
Q99471,PFDN5,15.3467211383116,14.91267228621109,3,3,NA,FALSE,0.4340488521005099
Q99487,PAFAH2,13.93289441665272,13.764146014982586,3,3,NA,FALSE,0.16874840167013438
Q99496,RNF2,17.956794482195896,17.89380174400017,3,3,NA,FALSE,0.06299273819572448
Q99497,PARK7,21.367086973381323,21.29709673411475,3,3,NA,FALSE,0.06999023926657344
Q99502,EYA1,14.267710924063191,14.025784905330905,2,3,NA,FALSE,0.24192601873228625
Q99504,EYA3,15.729551900400859,15.762983721827021,3,3,NA,FALSE,-0.033431821426162855
Q99519,NEU1,15.638766313863398,15.35962034888573,3,3,NA,FALSE,0.2791459649776673
Q99523,SORT1,17.37795714180932,17.585951738835295,3,3,NA,FALSE,-0.20799459702597645
Q99536,VAT1,19.65547485328684,19.767596969072077,3,3,NA,FALSE,-0.11212211578523679
Q99538,LGMN,17.01489169353717,17.585049699813407,3,3,NA,FALSE,-0.5701580062762375
Q99541,PLIN2,18.496051931010527,18.958021995504325,3,3,NA,FALSE,-0.46197006449379785
Q99543,DNAJC2,16.737520332476137,16.716276495040688,3,3,NA,FALSE,0.02124383743544911
Q99547,MPHOSPH6,16.675784602533312,16.56112637859919,3,3,NA,FALSE,0.1146582239341214
Q99549,MPHOSPH8,16.00729247763254,16.0262861579103,3,3,NA,FALSE,-0.018993680277759495
Q99550,MPHOSPH9,13.89343089784284,14.12040457427617,3,3,NA,FALSE,-0.22697367643332989
Q99551,MTERF1,14.282350647793336,14.249467977979073,3,3,NA,FALSE,0.032882669814263465
Q99567,NUP88,17.068044918559785,17.28924881720017,3,3,NA,FALSE,-0.22120389864038614
Q99569,PKP4,16.401367908694446,16.632261798503265,3,3,NA,FALSE,-0.23089388980881864
Q99570,PIK3R4,17.698301422167578,17.601619177892285,3,3,NA,FALSE,0.09668224427529282
Q99571,P2RX4,13.29597867774965,12.923683760010837,3,3,NA,FALSE,0.37229491773881307
Q99574,SERPINI1,13.191331255921106,13.121404471846796,3,3,NA,FALSE,0.06992678407431008
Q99575,POP1,16.558004747453076,16.758865005597563,3,3,NA,FALSE,-0.2008602581444876
Q99576,TSC22D3,19.256176665393795,19.450675760036287,3,3,NA,FALSE,-0.1944990946424916
Q99583,MNT,12.326938597367183,12.761932130901167,3,3,NA,FALSE,-0.4349935335339836
Q99584,S100A13,18.731907396159396,18.54808754272472,3,3,NA,FALSE,0.18381985343467733
Q99590,SCAF11,16.20597453741387,16.03537498389489,3,3,NA,FALSE,0.17059955351897926
Q99594,TEAD3,15.239490006479327,15.086151087214938,2,3,NA,FALSE,0.1533389192643888
Q99595,TIMM17A,13.93667253603601,12.708831852060982,3,3,NA,FALSE,1.2278406839750282
Q99598,TSNAX,18.13802585328637,18.147766855226493,3,3,NA,FALSE,-0.009741001940124505
Q99611,SEPHS2,15.535864173701762,15.596433262191706,3,3,NA,FALSE,-0.06056908848994347
Q99614,TTC1,17.83257677204882,17.44435730823071,3,3,NA,FALSE,0.38821946381811046
Q99615,DNAJC7,18.176923765243675,18.16387233930761,3,3,NA,FALSE,0.013051425936065897
Q99618,CDCA3,13.921991321708742,15.132345391269089,3,2,NA,FALSE,-1.2103540695603474
Q99622,C12orf57,13.317097119704322,13.400488539951514,3,3,NA,FALSE,-0.08339142024719237
Q99623,PHB2,21.214679726296605,21.157922028294873,3,3,NA,FALSE,0.05675769800173214
Q99624,SLC38A3,14.37702486583598,13.984227725830621,3,3,NA,FALSE,0.39279714000535826
Q99626,CDX2,16.913277457022257,16.502109793266193,2,3,NA,FALSE,0.41116766375606417
Q99627,COPS8,17.829586577435997,17.810659007122997,3,3,NA,FALSE,0.018927570313000075
Q99633,PRPF18,14.924710872391271,14.956538396636212,3,3,NA,FALSE,-0.03182752424494062
Q99638,RAD9A,16.04139198973476,16.69373504277961,3,3,NA,FALSE,-0.6523430530448522
Q99640,PKMYT1,15.383431013560415,15.565901142283543,3,3,NA,FALSE,-0.1824701287231285
Q99643,SDHC,17.78926224464104,17.685415305963517,3,3,NA,FALSE,0.10384693867752404
Q99653,CHP1,17.136409152369133,16.9030218881718,3,3,NA,FALSE,0.2333872641973329
Q99661,KIF2C,19.462100714195888,19.412870055691844,3,3,NA,FALSE,0.049230658504043845
Q99666,RGPD6,17.084295779741954,17.209981159581396,3,3,NA,FALSE,-0.1256853798394424
Q99676,ZNF184,13.384118719798895,13.333353494454483,3,3,NA,FALSE,0.050765225344411746
Q99683,MAP3K5,11.38482622103239,11.242335462851027,3,3,NA,FALSE,0.1424907581813617
Q99698,LYST,12.630297207576488,12.81609165823811,3,3,NA,FALSE,-0.18579445066162137
Q99700,ATXN2,16.184886359877574,16.333552406906605,3,3,NA,FALSE,-0.14866604702903174
Q99704,DOK1,13.393813333066593,13.288824260747717,3,3,NA,FALSE,0.104989072318876
Q99707,MTR,20.524645768462516,20.53017979587479,3,3,NA,FALSE,-0.005534027412274156
Q99708,RBBP8,14.337764527261715,14.434382797373473,3,3,NA,FALSE,-0.09661827011175816
Q99714,HSD17B10,20.32941139766872,20.536089494989252,3,3,NA,FALSE,-0.20667809732053044
Q99717,SMAD5,14.96570204838532,15.003348040083283,3,3,NA,FALSE,-0.03764599169796412
Q99719,SEPTIN5,15.140805766810187,15.352114214445036,3,3,NA,FALSE,-0.21130844763484902
Q99720,SIGMAR1,19.004143383759793,18.536337209544474,3,3,NA,FALSE,0.467806174215319
Q99726,SLC30A3,13.73356342130868,13.130863545177247,3,3,NA,FALSE,0.6026998761314335
Q99728,BARD1,16.321851781936143,16.31974376991159,3,3,NA,FALSE,0.002108012024553574
Q99729,HNRNPAB,22.098857765071855,22.120171224512013,3,3,NA,FALSE,-0.021313459440158056
Q99733,NAP1L4,20.36235924403387,20.314250440338277,3,3,NA,FALSE,0.04810880369559101
Q99735,MGST2,18.298558188341588,18.36136858695429,3,3,NA,FALSE,-0.06281039861270088
Q99747,NAPG,16.5703855347951,16.451974108142178,3,3,NA,FALSE,0.11841142665292281
Q99755,PIP5K1A,15.631902751441105,15.805417875556067,3,3,NA,FALSE,-0.17351512411496195
Q99757,TXN2,17.4718951333577,17.511252801183524,3,3,NA,FALSE,-0.03935766782582206
Q99758,ABCA3,15.920814264787596,15.82727711792269,3,3,NA,FALSE,0.09353714686490555
Q99759,MAP3K3,16.522926135761377,16.351709040358994,3,3,NA,FALSE,0.17121709540238328
Q99766,DMAC2L,15.168721386219472,15.567229408573562,3,3,NA,FALSE,-0.3985080223540898
Q99767,APBA2,13.204632784967654,12.18023020167033,3,3,NA,FALSE,1.0244025832973236
Q99797,MIPEP,16.23831777762514,16.119370483321003,3,3,NA,FALSE,0.11894729430413875
Q99798,ACO2,20.811024630670932,21.233711908555073,3,3,NA,FALSE,-0.4226872778841404
Q99805,TM9SF2,17.25739993027494,17.44720831731804,3,3,NA,FALSE,-0.18980838704310088
Q99807,COQ7,15.293461241627563,15.502348725518459,3,3,NA,FALSE,-0.20888748389089606
Q99808,SLC29A1,17.37755553709067,17.22873113222073,3,3,NA,FALSE,0.14882440486994142
Q99816,TSG101,19.1382545303357,18.975123953862443,3,3,NA,FALSE,0.16313057647325735
Q99828,CIB1,13.809648396697236,13.465599973339009,3,3,NA,FALSE,0.3440484233582275
Q99829,CPNE1,18.9963638339253,18.948410276558374,3,3,NA,FALSE,0.04795355736692741
Q99832,CCT7,21.331630045761493,21.307785164553938,3,3,NA,FALSE,0.023844881207555346
Q99835,SMO,13.900507366644627,14.002139811603092,3,3,NA,FALSE,-0.10163244495846513
Q99848,EBNA1BP2,18.83027542861075,18.565859450996367,3,3,NA,FALSE,0.26441597761438373
Q99853,FOXB1,12.989909381299242,14.00366771944699,3,3,NA,FALSE,-1.0137583381477473
Q99856,ARID3A,16.262489266527066,16.573643194206433,3,3,NA,FALSE,-0.3111539276793671
Q99871,HAUS7,14.892267702694731,15.387698748358183,3,3,NA,FALSE,-0.49543104566345164
Q99873,PRMT1,21.417045313112737,21.37546461450934,3,3,NA,FALSE,0.04158069860339708
Q99933,BAG1,14.76262138221035,14.873209025348244,3,3,NA,FALSE,-0.11058764313789382
Q99941,ATF6B,13.427773976337589,13.456414770814956,3,3,NA,FALSE,-0.028640794477366782
Q99943,AGPAT1,16.69698372459477,16.842830728200614,3,3,NA,FALSE,-0.14584700360584435
Q99952,PTPN18,13.466773414696709,13.567494187603941,3,3,NA,FALSE,-0.10072077290723236
Q99956,DUSP9,15.221272312423228,14.78220604320985,3,3,NA,FALSE,0.4390662692133773
Q99959,PKP2,17.327692206826107,17.325214308058722,3,3,NA,FALSE,0.0024778987673848007
Q99961,SH3GL1,18.36119021395553,18.5153553300675,3,3,NA,FALSE,-0.15416511611196881
Q99962,SH3GL2,14.014953688414192,14.485415780691508,3,3,NA,FALSE,-0.47046209227731595
Q99963,SH3GL3,14.426746045588292,14.682970353842528,3,3,NA,FALSE,-0.2562243082542359
Q99985,SEMA3C,14.841668961495195,15.470244526097673,3,3,NA,FALSE,-0.6285755646024782
Q99986,VRK1,18.42480592684009,18.243430435559446,3,3,NA,FALSE,0.18137549128064379
Q99996,AKAP9,17.078792990238227,17.24037760127549,3,3,NA,FALSE,-0.16158461103726296
Q9BPU6,DPYSL5,18.240096706703415,18.294258204977,3,3,NA,FALSE,-0.05416149827358652
Q9BPW8,NIPSNAP1,19.439908527443837,19.473636668720236,3,3,NA,FALSE,-0.03372814127639856
Q9BPX3,NCAPG,18.663180270316428,18.68262227055731,3,3,NA,FALSE,-0.019442000240882606
Q9BPX5,ARPC5L,17.585577117275264,17.676400325662463,3,3,NA,FALSE,-0.09082320838719937
Q9BPX6,MICU1,15.530058042782134,15.662933393523623,3,3,NA,FALSE,-0.13287535074148948
Q9BPX7,C7orf25,14.43311548467811,14.382544227265006,3,3,NA,FALSE,0.050571257413103865
Q9BPY3,FAM118B,15.651102878662542,15.577512571606176,3,3,NA,FALSE,0.07359030705636549
Q9BPZ3,PAIP2,13.35370430018073,12.571410211574099,3,2,NA,FALSE,0.7822940886066316
Q9BPZ7,MAPKAP1,15.60453539949178,15.47412476565754,3,3,NA,FALSE,0.13041063383423968
Q9BQ04,RBM4B,15.000311440737729,15.565695186703923,3,3,NA,FALSE,-0.5653837459661943
Q9BQ24,ZFYVE21,14.56897856867343,14.990329162572264,3,3,NA,FALSE,-0.42135059389883445
Q9BQ39,DDX50,18.273464681528417,18.018807487971678,3,3,NA,FALSE,0.25465719355673855
Q9BQ48,MRPL34,17.288450830808078,17.352130625857928,3,3,NA,FALSE,-0.06367979504985044
Q9BQ49,SMIM7,14.754508042801298,14.786280082166988,3,3,NA,FALSE,-0.03177203936568951
Q9BQ52,ELAC2,17.96420038663209,17.898897878062726,3,3,NA,FALSE,0.06530250856936348
Q9BQ61,TRIR,17.830472824693167,17.98051998903846,3,3,NA,FALSE,-0.15004716434529186
Q9BQ67,GRWD1,19.2479472594966,19.339607909043004,3,3,NA,FALSE,-0.09166064954640518
Q9BQ69,MACROD1,17.45816476743327,17.634485781004017,3,3,NA,FALSE,-0.17632101357074603
Q9BQ70,TCF25,15.286069257766963,14.761990877399166,3,3,NA,FALSE,0.5240783803677971
Q9BQ75,CMSS1,17.536692655792347,17.681721995539434,3,3,NA,FALSE,-0.14502933974708654
Q9BQ95,ECSIT,16.54529921564723,16.778988849828224,3,3,NA,FALSE,-0.23368963418099398
Q9BQA1,WDR77,18.62952192301015,18.643577256274828,3,3,NA,FALSE,-0.014055333264678893
Q9BQA9,CYBC1,17.30190321907935,17.040615048932413,3,3,NA,FALSE,0.26128817014693695
Q9BQB6,VKORC1,17.11084660486225,16.92434614749975,3,3,NA,FALSE,0.18650045736249865
Q9BQC3,DPH2,15.540252293092012,15.575718620351655,3,3,NA,FALSE,-0.03546632725964294
Q9BQC6,MRPL57,15.683721132188131,15.900029710753236,3,3,NA,FALSE,-0.21630857856510488
Q9BQD3,KXD1,15.588574951143803,15.769835517313217,3,3,NA,FALSE,-0.18126056616941355
Q9BQE3,TUBA1C,23.83057831776155,23.576837846880423,3,3,NA,FALSE,0.2537404708811266
Q9BQE4,SELENOS,15.23690422299983,14.949041992431473,3,3,NA,FALSE,0.287862230568356
Q9BQE5,APOL2,15.804908749315796,14.882488462835978,3,3,NA,FALSE,0.9224202864798183
Q9BQE9,BCL7B,13.37739245535536,12.572436878651555,1,3,NA,FALSE,0.8049555767038044
Q9BQF6,SENP7,15.625445479040609,15.828690482836523,3,3,NA,FALSE,-0.2032450037959137
Q9BQG0,MYBBP1A,19.538226363357584,19.567802623482116,3,3,NA,FALSE,-0.029576260124532183
Q9BQG2,NUDT12,15.464544484277164,15.112286900478765,3,3,NA,FALSE,0.35225758379839966
Q9BQI0,AIF1L,16.36071396532884,16.201829817816247,3,3,NA,FALSE,0.1588841475125946
Q9BQI3,EIF2AK1,12.602954404500405,12.985498747934745,2,3,NA,FALSE,-0.38254434343433985
Q9BQI6,SLF1,12.58827195795501,12.427826873521315,3,2,NA,FALSE,0.16044508443369487
Q9BQJ4,TMEM47,14.163607520344849,14.016169454940854,3,3,NA,FALSE,0.1474380654039944
Q9BQK8,LPIN3,13.57843102776114,12.864721945073368,3,3,NA,FALSE,0.713709082687771
Q9BQP7,MGME1,17.462051203039003,17.864521434287816,3,3,NA,FALSE,-0.4024702312488131
Q9BQQ3,GORASP1,17.06450690299849,17.338678418916025,3,3,NA,FALSE,-0.2741715159175335
Q9BQS8,FYCO1,17.088170913257223,17.314904386859702,3,3,NA,FALSE,-0.2267334736024793
Q9BQT8,SLC25A21,15.993013970164752,16.359956138577186,3,3,NA,FALSE,-0.3669421684124341
Q9BQT9,CLSTN3,12.779339821684253,12.247375689433559,3,3,NA,FALSE,0.5319641322506943
Q9BR61,ACBD6,14.840816816469406,14.711098347685162,3,3,NA,FALSE,0.12971846878424387
Q9BR76,CORO1B,18.675235863644723,18.65129880999828,3,3,NA,FALSE,0.023937053646442052
Q9BR77,CCDC77,13.779363420658445,13.438005287001806,2,3,NA,FALSE,0.34135813365663914
Q9BRA0,NAA38,14.802794964919594,14.747658182327463,3,3,NA,FALSE,0.05513678259213073
Q9BRA2,TXNDC17,19.362756970723375,19.302549852443363,3,3,NA,FALSE,0.060207118280011684
Q9BRB3,PIGQ,14.96156591893846,13.072122510410132,1,2,NA,FALSE,1.8894434085283276
Q9BRD0,BUD13,18.74077046148846,18.55194280939186,3,3,NA,FALSE,0.1888276520965988
Q9BRF8,CPPED1,15.01561270656721,15.272647853258261,3,3,NA,FALSE,-0.2570351466910523
Q9BRG1,VPS25,17.54347237175017,17.398504001270375,3,3,NA,FALSE,0.14496837047979483
Q9BRJ2,MRPL45,16.741840872974493,16.789436124313706,3,3,NA,FALSE,-0.04759525133921372
Q9BRJ6,C7orf50,16.928679628070874,17.170811341736457,3,3,NA,FALSE,-0.24213171366558228
Q9BRJ7,NUDT16L1,16.10806126739972,15.981172807592335,3,3,NA,FALSE,0.12688845980738428
Q9BRK0,REEP2,14.530800230125351,14.029115967314143,3,3,NA,FALSE,0.5016842628112084
Q9BRK4,LZTS2,17.048868983261023,17.190502715945524,3,3,NA,FALSE,-0.1416337326845003
Q9BRK5,SDF4,16.66190124020795,16.879976465070495,3,3,NA,FALSE,-0.21807522486254527
Q9BRL6,SRSF8,13.147071547142245,15.09016494376406,3,3,NA,FALSE,-1.9430933966218156
Q9BRN9,TM2D3,15.765425077851345,15.02801548348596,3,3,NA,FALSE,0.7374095943653849
Q9BRP1,PDCD2L,14.19746383079997,14.926201813667852,3,3,NA,FALSE,-0.7287379828678819
Q9BRP4,PAAF1,16.79897978112956,16.48159994926734,3,3,NA,FALSE,0.31737983186221896
Q9BRP8,PYM1,16.4313941376664,16.45662458925855,3,3,NA,FALSE,-0.02523045159215087
Q9BRQ0,PYGO2,13.779581609176104,13.8187266182329,3,3,NA,FALSE,-0.03914500905679574
Q9BRQ6,CHCHD6,15.977432048153151,15.907124213879793,3,3,NA,FALSE,0.07030783427335763
Q9BRR0,ZKSCAN3,11.971177517475759,11.859067819470559,1,3,NA,FALSE,0.11210969800520054
Q9BRR3,PGAP4,14.237518705079863,14.531814922539038,3,3,NA,FALSE,-0.2942962174591752
Q9BRR6,ADPGK,16.606560360098523,16.471792939855288,3,3,NA,FALSE,0.13476742024323585
Q9BRR8,GPATCH1,14.754273448881875,14.655973624588933,3,3,NA,FALSE,0.09829982429294226
Q9BRS2,RIOK1,17.814764922612834,17.733853819566505,3,3,NA,FALSE,0.0809111030463292
Q9BRS8,LARP6,15.23600894786643,15.865554387205517,3,3,NA,FALSE,-0.6295454393390862
Q9BRT2,UQCC2,18.045835997762932,18.1555599297631,3,3,NA,FALSE,-0.10972393200016839
Q9BRT3,MIEN1,17.163117383889123,17.04399498078054,3,3,NA,FALSE,0.1191224031085838
Q9BRT6,LLPH,17.02304136447411,16.90840687469798,3,3,NA,FALSE,0.11463448977612956
Q9BRT9,GINS4,17.210811392266574,17.011508633562503,3,3,NA,FALSE,0.19930275870407144
Q9BRU9,UTP23,15.039449515361097,15.08799279367847,3,3,NA,FALSE,-0.04854327831737315
Q9BRV8,SIKE1,15.740609242237477,16.0591593341348,3,3,NA,FALSE,-0.31855009189732364
Q9BRX2,PELO,16.78173639280471,16.785952538956643,3,3,NA,FALSE,-0.004216146151932776
Q9BRX5,GINS3,18.258330129264802,18.185888123351763,3,3,NA,FALSE,0.07244200591303951
Q9BRX8,PRXL2A,19.055873634677404,18.988735154764004,3,3,NA,FALSE,0.0671384799133996
Q9BRX9,WDR83,13.752263017153911,13.573879103807654,3,3,NA,FALSE,0.17838391334625747
Q9BRY0,SLC39A3,14.896841455818768,14.663446318433568,3,3,NA,FALSE,0.2333951373851999
Q9BRZ2,TRIM56,17.039363051301738,17.094657041676133,3,3,NA,FALSE,-0.05529399037439475
Q9BS16,CENPK,15.367203898889015,15.727314593240848,3,3,NA,FALSE,-0.3601106943518335
Q9BS26,ERP44,18.788885711538693,18.618883019874037,3,3,NA,FALSE,0.17000269166465642
Q9BS40,LXN,15.118526044861909,15.195584262326872,3,3,NA,FALSE,-0.07705821746496255
Q9BSA9,TMEM175,17.19189892290445,16.889209396733897,3,3,NA,FALSE,0.30268952617055334
Q9BSB4,ATG101,15.103580354420576,15.414770333881412,3,3,NA,FALSE,-0.3111899794608366
Q9BSC4,NOL10,16.90437060095504,17.06267118105689,3,3,NA,FALSE,-0.158300580101848
Q9BSD7,NTPCR,18.642130391670054,18.63748154946567,3,3,NA,FALSE,0.0046488422043857724
Q9BSE4,HERPUD2,12.630408463529402,12.792112038117088,3,3,NA,FALSE,-0.16170357458768514
Q9BSF4,TIMM29,15.900238990761517,16.00146545676861,3,3,NA,FALSE,-0.10122646600709295
Q9BSG0,PRADC1,13.780367647867326,13.506584348126612,3,3,NA,FALSE,0.2737832997407139
Q9BSH4,TACO1,16.886205722111427,17.165294080843356,3,3,NA,FALSE,-0.2790883587319293
Q9BSH5,HDHD3,18.96385178900241,19.30702881250564,3,3,NA,FALSE,-0.3431770235032303
Q9BSI4,TINF2,14.408236600534648,14.000958954409425,3,3,NA,FALSE,0.4072776461252232
Q9BSJ2,TUBGCP2,17.02151764870821,16.95653788869204,3,3,NA,FALSE,0.06497976001616834
Q9BSJ5,MTNAP1,15.690778389881585,15.937778049284242,3,3,NA,FALSE,-0.24699965940265756
Q9BSJ6,PIMREG,14.597346771735427,13.858521116314304,3,3,NA,FALSE,0.7388256554211239
Q9BSJ8,ESYT1,21.234515597759156,21.18847827182064,3,3,NA,FALSE,0.04603732593851717
Q9BSK0,MARVELD1,14.66787916632249,14.551973572501755,3,3,NA,FALSE,0.11590559382073451
Q9BSK2,SLC25A33,13.275653631384152,13.143197166315668,3,3,NA,FALSE,0.13245646506848452
Q9BSK4,FEM1A,13.675760286191,13.441860122088617,3,2,NA,FALSE,0.23390016410238346
Q9BSL1,UBAC1,16.859900736236366,16.98239347328923,3,3,NA,FALSE,-0.12249273705286257
Q9BSM1,PCGF1,16.448286503153422,16.24590317143268,3,3,NA,FALSE,0.20238333172074263
Q9BSQ5,CCM2,15.06775104058702,15.078621608226225,3,3,NA,FALSE,-0.010870567639205575
Q9BSR8,YIPF4,17.37476294334845,17.713616718310934,3,3,NA,FALSE,-0.3388537749624838
Q9BST9,RTKN,16.509014528136802,16.705443525525734,3,3,NA,FALSE,-0.1964289973889315
Q9BSU1,PHAF1,16.075263959663253,16.254015549005484,3,3,NA,FALSE,-0.17875158934223023
Q9BSV6,TSEN34,16.313823168217358,16.306563759405307,3,3,NA,FALSE,0.007259408812050339
Q9BSY9,DESI2,15.631620381971992,15.460910948374895,3,3,NA,FALSE,0.17070943359709645
Q9BT04,FUZ,11.776760142006658,12.071085037212399,2,3,NA,FALSE,-0.29432489520574023
Q9BT09,CNPY3,16.719697851123502,16.625179849683597,3,3,NA,FALSE,0.09451800143990496
Q9BT17,MTG1,16.653863871929687,16.589354684581163,3,3,NA,FALSE,0.06450918734852351
Q9BT22,ALG1,16.114004344978238,15.718613968963012,3,3,NA,FALSE,0.3953903760152251
Q9BT23,LIMD2,13.72246449737164,13.679659921365003,3,3,NA,FALSE,0.04280457600663645
Q9BT25,HAUS8,16.158699436403737,16.253825789693288,3,3,NA,FALSE,-0.09512635328955099
Q9BT30,ALKBH7,12.898340474491159,12.942091003677335,3,2,NA,FALSE,-0.043750529186176834
Q9BT40,INPP5K,14.24642174939849,13.862179287886637,3,3,NA,FALSE,0.38424246151185315
Q9BT43,POLR3GL,14.547037363281488,14.892854194508931,3,3,NA,FALSE,-0.34581683122744344
Q9BT73,PSMG3,17.64001650635559,17.570211890421724,3,3,NA,FALSE,0.06980461593386522
Q9BT78,COPS4,18.186922324108032,18.220278409813726,3,3,NA,FALSE,-0.03335608570569448
Q9BTA9,WAC,15.285498413551704,15.501927554002544,3,3,NA,FALSE,-0.21642914045084005
Q9BTC0,DIDO1,16.320572859133414,16.426183128919547,3,3,NA,FALSE,-0.10561026978613341
Q9BTC8,MTA3,16.46833994594795,16.633599374308634,3,3,NA,FALSE,-0.16525942836068452
Q9BTD8,RBM42,16.996291291666353,17.1394731044159,3,3,NA,FALSE,-0.1431818127495461
Q9BTE1,DCTN5,16.18110610835004,16.04929818672322,3,3,NA,FALSE,0.13180792162681954
Q9BTE3,MCMBP,17.21311265281874,17.030232375140802,3,3,NA,FALSE,0.18288027767793835
Q9BTE6,AARSD1,16.70495758048094,16.828780682582856,3,3,NA,FALSE,-0.12382310210191605
Q9BTE7,DCUN1D5,17.53388634312958,17.520042453630722,3,3,NA,FALSE,0.013843889498858175
Q9BTF0,THUMPD2,14.954325619820999,15.034002564620575,3,3,NA,FALSE,-0.07967694479957643
Q9BTK6,PAGR1,17.984634560683215,17.94536768805511,3,3,NA,FALSE,0.039266872628104466
Q9BTL3,RAMAC,14.951362566068182,14.838381401790393,3,3,NA,FALSE,0.11298116427778915
Q9BTM9,URM1,17.154275750416627,16.97717786069265,3,3,NA,FALSE,0.17709788972397789
Q9BTN0,LRFN3,14.052814965839165,14.065633054729522,2,3,NA,FALSE,-0.012818088890357515
Q9BTT0,ANP32E,19.881703481103813,20.17064031787943,3,3,NA,FALSE,-0.28893683677561555
Q9BTT4,MED10,14.105745700484446,14.176268922501976,3,3,NA,FALSE,-0.07052322201752936
Q9BTT6,LRRC1,15.710255692827637,16.12751045906924,3,3,NA,FALSE,-0.4172547662416015
Q9BTU6,PI4K2A,17.82258064892819,18.071534802088586,3,3,NA,FALSE,-0.24895415316039404
Q9BTV4,TMEM43,18.968245503341432,18.816790448661237,3,3,NA,FALSE,0.15145505468019493
Q9BTV5,FSD1,16.101984957151192,16.39209817504124,3,3,NA,FALSE,-0.29011321789004896
Q9BTV6,DPH7,15.69848249473454,15.359400130613423,3,3,NA,FALSE,0.3390823641211167
Q9BTW9,TBCD,17.810760673864504,17.67324057135815,3,3,NA,FALSE,0.13752010250635394
Q9BTX1,NDC1,17.06944915874786,17.075168393168642,3,3,NA,FALSE,-0.0057192344207805945
Q9BTX7,TTPAL,14.60572976867565,14.47820192710462,3,3,NA,FALSE,0.12752784157103036
Q9BTY2,FUCA2,16.42874882066517,16.285378292218184,3,3,NA,FALSE,0.1433705284469866
Q9BTY7,HGH1,15.88608396626225,16.13479159922777,3,3,NA,FALSE,-0.24870763296552134
Q9BTZ2,DHRS4,17.49713773304138,17.092389270806986,3,3,NA,FALSE,0.4047484622343944
Q9BU02,THTPA,15.965958104504878,16.106534869279546,3,3,NA,FALSE,-0.14057676477466785
Q9BU23,LMF2,15.737313240328936,15.533649299546324,3,3,NA,FALSE,0.20366394078261152
Q9BU61,NDUFAF3,17.990325081332298,18.128280267921465,3,3,NA,FALSE,-0.13795518658916706
Q9BU64,CENPO,15.90660119866623,16.119362498374187,3,3,NA,FALSE,-0.21276129970795665
Q9BU76,MMTAG2,17.171713897801613,17.250833465809045,3,3,NA,FALSE,-0.0791195680074317
Q9BU79,TMEM243,13.30449982297681,12.696859618821007,3,3,NA,FALSE,0.6076402041558033
Q9BU89,DOHH,17.084606641327927,17.14915490699559,3,3,NA,FALSE,-0.06454826566766414
Q9BUA3,SPINDOC,15.833708001802291,16.031540251025945,3,3,NA,FALSE,-0.19783224922365328
Q9BUB4,ADAT1,15.502742942215887,15.559588680399992,3,3,NA,FALSE,-0.05684573818410499
Q9BUB5,MKNK1,15.287933607259847,15.184256261270491,3,3,NA,FALSE,0.10367734598935563
Q9BUB7,TMEM70,17.12571331684931,16.966765860889716,3,3,NA,FALSE,0.15894745595959492
Q9BUE0,MED18,16.31779754404431,16.280902895648804,3,3,NA,FALSE,0.03689464839550638
Q9BUE6,ISCA1,15.435170871364518,15.331526017361496,3,3,NA,FALSE,0.10364485400302215
Q9BUF5,TUBB6,23.03595294201691,23.03088445776905,3,3,NA,FALSE,0.005068484247857441
Q9BUH6,PAXX,17.05125138617787,17.27704972456372,3,3,NA,FALSE,-0.22579833838585017
Q9BUI4,POLR3C,16.843363652561596,16.964171243371094,3,3,NA,FALSE,-0.12080759080949832
Q9BUJ2,HNRNPUL1,18.929684596733157,19.04158377259279,3,3,NA,FALSE,-0.11189917585963371
Q9BUK0,CHCHD7,15.009788285292649,14.652108588269629,3,3,NA,FALSE,0.3576796970230198
Q9BUK6,MSTO1,18.154360564374567,18.088518385480047,3,3,NA,FALSE,0.06584217889452049
Q9BUL5,PHF23,16.050120098682953,16.169702256121123,3,3,NA,FALSE,-0.11958215743817036
Q9BUL8,PDCD10,18.18995251954148,18.235710961338842,3,3,NA,FALSE,-0.04575844179736066
Q9BUL9,RPP25,15.191827168648908,15.209724884789766,3,3,NA,FALSE,-0.017897716140858222
Q9BUM1,G6PC3,14.038843646261519,14.272904163270677,3,3,NA,FALSE,-0.23406051700915853
Q9BUN5,CCDC28B,13.955574286224326,14.116494567739412,2,3,NA,FALSE,-0.16092028151508586
Q9BUN8,DERL1,17.580600262625268,17.251200883420807,3,3,NA,FALSE,0.3293993792044603
Q9BUP0,EFHD1,15.33346004339737,15.589260314081017,3,3,NA,FALSE,-0.25580027068364686
Q9BUP3,HTATIP2,15.746225582227618,15.686084534530142,3,3,NA,FALSE,0.06014104769747597
Q9BUQ8,DDX23,17.83748413751266,17.579184232152286,3,3,NA,FALSE,0.2582999053603743
Q9BUR4,WRAP53,16.23701679214736,16.45456898070846,3,3,NA,FALSE,-0.21755218856109693
Q9BUR5,APOO,18.257410976858935,18.21108332889655,3,3,NA,FALSE,0.046327647962385754
Q9BUT1,BDH2,17.26478920382754,17.18917715228583,3,3,NA,FALSE,0.07561205154171091
Q9BUV8,RAB5IF,14.766713205861985,14.603684287268536,3,3,NA,FALSE,0.16302891859344903
Q9BUZ4,TRAF4,12.440020361559835,13.176242503418647,2,2,NA,FALSE,-0.7362221418588124
Q9BV10,ALG12,15.184543822897073,15.03867821291933,3,3,NA,FALSE,0.14586560997774356
Q9BV19,C1orf50,13.577832943423779,13.619117670439032,3,3,NA,FALSE,-0.04128472701525254
Q9BV20,MRI1,18.388275581130827,18.199370025095146,3,3,NA,FALSE,0.1889055560356816
Q9BV23,ABHD6,16.021268833107257,16.004725318684926,3,3,NA,FALSE,0.01654351442233093
Q9BV35,SLC25A23,15.366297185398276,15.408848300440997,3,3,NA,FALSE,-0.04255111504272158
Q9BV38,WDR18,17.875384554744404,17.902470080802185,3,3,NA,FALSE,-0.027085526057781806
Q9BV40,VAMP8,14.970008557449871,14.733950512414273,3,3,NA,FALSE,0.23605804503559824
Q9BV44,THUMPD3,16.295572794042272,15.936302301507233,3,3,NA,FALSE,0.35927049253503895
Q9BV57,ADI1,18.17048580607343,17.959376575043667,3,3,NA,FALSE,0.21110923102976287
Q9BV68,RNF126,14.391288004140327,14.768065845728117,3,3,NA,FALSE,-0.37677784158779026
Q9BV73,CEP250,16.77539074770925,16.865199600592558,3,3,NA,FALSE,-0.08980885288330853
Q9BV79,MECR,17.24156387367369,17.35467594055035,3,3,NA,FALSE,-0.11311206687665987
Q9BV81,EMC6,17.19041102967298,16.843075797144508,3,3,NA,FALSE,0.3473352325284722
Q9BV86,NTMT1,18.026475682134638,17.706110292160748,3,3,NA,FALSE,0.3203653899738903
Q9BV94,EDEM2,14.437239201617851,14.007459598828289,3,3,NA,FALSE,0.4297796027895622
Q9BVA0,KATNB1,15.124716059203108,14.967790319836007,3,3,NA,FALSE,0.1569257393671002
Q9BVA1,TUBB2B,18.763520114943177,18.728960145460565,3,3,NA,FALSE,0.03455996948261131
Q9BVC3,DSCC1,15.257057488486163,15.305974666896201,3,3,NA,FALSE,-0.048917178410038176
Q9BVC4,MLST8,15.22694817374931,15.25683626749988,3,3,NA,FALSE,-0.029888093750569666
Q9BVC5,C2orf49,16.022417096843167,16.189800388866274,3,3,NA,FALSE,-0.1673832920231071
Q9BVC6,TMEM109,19.845082663616076,19.84331580054814,3,3,NA,FALSE,0.001766863067935276
Q9BVG4,PBDC1,17.911045703584747,17.842963343417104,3,3,NA,FALSE,0.06808236016764369
Q9BVG9,PTDSS2,16.722645535644702,16.41190869765451,3,3,NA,FALSE,0.31073683799019136
Q9BVI0,PHF20,12.019208266454452,11.3265478382777,2,3,NA,FALSE,0.6926604281767528
Q9BVI4,NOC4L,17.96323193925508,18.018134032120024,3,3,NA,FALSE,-0.05490209286494263
Q9BVJ6,UTP14A,17.939237467682958,17.983196186419395,3,3,NA,FALSE,-0.04395871873643742
Q9BVK2,ALG8,18.16526628816545,18.10397852128396,3,3,NA,FALSE,0.061287766881491734
Q9BVK6,TMED9,19.869588316693154,19.8934402209657,3,3,NA,FALSE,-0.02385190427254713
Q9BVK8,TMEM147,16.052008404008916,15.638477676044221,3,3,NA,FALSE,0.4135307279646945
Q9BVL2,NUP58,18.002357438466632,18.004377279799776,3,3,NA,FALSE,-0.0020198413331442566
Q9BVL4,SELENOO,15.276294010381875,15.108755006381669,3,3,NA,FALSE,0.16753900400020605
Q9BVM2,DPCD,16.684608820867023,16.340541373595514,3,3,NA,FALSE,0.3440674472715095
Q9BVM4,GGACT,12.493389791719114,13.191060144757289,3,3,NA,FALSE,-0.6976703530381752
Q9BVN2,RUSC1,14.099964137962283,14.408013991142264,3,3,NA,FALSE,-0.30804985317998046
Q9BVP2,GNL3,18.842692687389963,19.02727665574868,3,3,NA,FALSE,-0.18458396835871582
Q9BVQ7,AFG2B,15.050296243472008,14.877413838628135,3,3,NA,FALSE,0.17288240484387352
Q9BVS4,RIOK2,15.771341216153921,15.149208559784396,3,3,NA,FALSE,0.6221326563695246
Q9BVS5,TRMT61B,16.440970098211743,16.43727571366095,3,3,NA,FALSE,0.003694384550794183
Q9BVT8,TMUB1,16.99139922606672,16.55498351214088,3,3,NA,FALSE,0.43641571392583955
Q9BVV6,KIAA0586,13.262579640700874,11.515234433945865,1,3,NA,FALSE,1.7473452067550088
Q9BVV7,TIMM21,15.334853797385694,15.203592786951013,3,3,NA,FALSE,0.13126101043468097
Q9BVW5,TIPIN,15.714241152528809,15.431339645310644,3,3,NA,FALSE,0.2829015072181651
Q9BVX2,TMEM106C,14.87602348138633,14.774195412226707,3,3,NA,FALSE,0.10182806915962317
Q9BW19,KIFC1,16.241974721501215,16.546011933750485,3,3,NA,FALSE,-0.30403721224926983
Q9BW27,NUP85,17.930243717373475,18.091522995419115,3,3,NA,FALSE,-0.16127927804564024
Q9BW30,TPPP3,16.028216282580214,16.294879763227243,3,3,NA,FALSE,-0.26666348064702916
Q9BW60,ELOVL1,14.024151271827057,13.778037678649895,3,3,NA,FALSE,0.24611359317716186
Q9BW61,DDA1,16.48477098792896,16.584410556497033,3,3,NA,FALSE,-0.09963956856807243
Q9BW62,KATNAL1,15.691225498772994,15.553648386519669,3,3,NA,FALSE,0.13757711225332514
Q9BW66,CINP,12.915245391303664,12.761801786170972,3,3,NA,FALSE,0.15344360513269173
Q9BW71,HIRIP3,18.598565358383354,18.612974490644106,3,3,NA,FALSE,-0.014409132260752244
Q9BW72,HIGD2A,16.206512806061863,15.903474977560236,3,3,NA,FALSE,0.3030378285016262
Q9BW83,IFT27,17.479364823754327,17.532616248046445,3,3,NA,FALSE,-0.05325142429211738
Q9BW85,YJU2,16.051297619078646,16.024150000666438,3,3,NA,FALSE,0.02714761841220792
Q9BW91,NUDT9,15.770288554331609,15.770197254950975,3,3,NA,FALSE,9.129938063345833e-5
Q9BW92,TARS2,17.71987536861102,17.738863786231853,3,3,NA,FALSE,-0.018988417620832365
Q9BWC9,CCDC106,14.206677917577304,13.337092844000386,3,3,NA,FALSE,0.8695850735769177
Q9BWD1,ACAT2,19.151705185296134,18.901716331595836,3,3,NA,FALSE,0.2499888537002981
Q9BWD3,RTL8A,16.039381327692027,15.942326814320158,3,3,NA,FALSE,0.09705451337186943
Q9BWE0,REPIN1,15.73783187841447,15.519466331482565,3,3,NA,FALSE,0.21836554693190457
Q9BWF2,TRAIP,12.236543225602732,11.91850745679069,3,3,NA,FALSE,0.31803576881204165
Q9BWF3,RBM4,18.68115218561482,18.2956553970854,3,3,NA,FALSE,0.3854967885294194
Q9BWG6,SCNM1,14.675228306865163,13.93431460068965,3,3,NA,FALSE,0.7409137061755136
Q9BWH2,FUNDC2,17.283854356760134,17.59775064875195,3,3,NA,FALSE,-0.3138962919918171
Q9BWH6,RPAP1,15.34863391454941,15.2138401395011,3,3,NA,FALSE,0.13479377504831014
Q9BWJ5,SF3B5,16.815346081514495,16.609647273613337,3,3,NA,FALSE,0.20569880790115747
Q9BWL3,C1orf43,13.249438574047668,12.700329778467653,3,3,NA,FALSE,0.5491087955800147
Q9BWM7,SFXN3,15.502263196822279,15.392741503292248,3,3,NA,FALSE,0.10952169353003072
Q9BWN1,PRR14,18.315210447059563,18.55392390069275,3,3,NA,FALSE,-0.23871345363318852
Q9BWS9,CHID1,18.07600868212597,17.868904003898447,3,3,NA,FALSE,0.2071046782275232
Q9BWT1,CDCA7,14.413771230266478,13.894028707059574,3,3,NA,FALSE,0.5197425232069044
Q9BWT3,PAPOLG,16.19543342941246,16.058707698136015,3,3,NA,FALSE,0.13672573127644583
Q9BWT6,MND1,14.934518194818034,14.976910759378066,3,3,NA,FALSE,-0.04239256456003204
Q9BWU0,SLC4A1AP,17.09034535904409,17.236613274209205,3,3,NA,FALSE,-0.14626791516511517
Q9BWU1,CDK19,14.757426313041506,14.665616426814802,3,3,NA,FALSE,0.09180988622670405
Q9BWW4,SSBP3,16.42118230035804,16.442677867406605,3,3,NA,FALSE,-0.021495567048564368
Q9BX10,GTPBP2,14.879247727058594,15.180436066002342,3,3,NA,FALSE,-0.3011883389437475
Q9BX40,LSM14B,16.28771782705068,16.304114320411045,3,3,NA,FALSE,-0.016396493360364417
Q9BX63,BRIP1,15.093072786261963,15.213260089452842,3,3,NA,FALSE,-0.12018730319087823
Q9BX66,SORBS1,14.853397713082474,15.579083136830956,3,3,NA,FALSE,-0.725685423748482
Q9BX67,JAM3,15.825638578971207,15.976051263312108,3,3,NA,FALSE,-0.1504126843409015
Q9BX68,HINT2,17.426588689310556,17.988761793103574,3,3,NA,FALSE,-0.5621731037930182
Q9BX70,BTBD2,13.73399863583695,13.362282075082687,3,3,NA,FALSE,0.3717165607542636
Q9BX74,TM2D1,14.775942690143632,14.319583939242928,3,3,NA,FALSE,0.4563587509007032
Q9BX95,SGPP1,15.441111246217906,15.651331099422347,3,3,NA,FALSE,-0.2102198532044408
Q9BXA9,SALL3,13.33206590862481,13.185898113092502,3,2,NA,FALSE,0.14616779553230685
Q9BXB4,OSBPL11,20.688085235446827,20.643408593559883,3,3,NA,FALSE,0.044676641886944424
Q9BXB5,OSBPL10,13.260786983547069,13.388151946716873,3,3,NA,FALSE,-0.1273649631698035
Q9BXC9,BBS2,15.357283479145478,15.4472641246855,3,3,NA,FALSE,-0.08998064554002205
Q9BXD5,NPL,13.306750153928803,13.208184506847445,3,3,NA,FALSE,0.09856564708135807
Q9BXF3,CECR2,15.981500707690133,16.158245833549064,3,3,NA,FALSE,-0.17674512585893076
Q9BXF6,RAB11FIP5,14.297732857135168,14.416400806560656,3,3,NA,FALSE,-0.11866794942548786
Q9BXI6,TBC1D10A,14.907622955644577,15.01064566516862,3,3,NA,FALSE,-0.10302270952404413
Q9BXJ8,TMEM120A,14.117783205002336,13.796549440814086,3,3,NA,FALSE,0.3212337641882499
Q9BXJ9,NAA15,18.864900065199365,18.88781904838667,3,3,NA,FALSE,-0.022918983187306452
Q9BXK1,KLF16,11.135635847202039,10.265579739360943,2,3,NA,FALSE,0.870056107841096
Q9BXK5,BCL2L13,17.37101060350041,17.604982886015254,3,3,NA,FALSE,-0.23397228251484492
Q9BXP2,SLC12A9,15.551281668534477,15.359250561689889,3,3,NA,FALSE,0.19203110684458835
Q9BXP5,SRRT,18.947204181753417,19.04405083728911,3,3,NA,FALSE,-0.0968466555356926
Q9BXR0,QTRT1,16.76172655172217,16.813738767440306,3,3,NA,FALSE,-0.05201221571813619
Q9BXS4,TMEM59,13.336793525542806,13.083277188996046,3,3,NA,FALSE,0.25351633654675965
Q9BXS5,AP1M1,18.75992524597738,18.764340197722102,3,3,NA,FALSE,-0.004414951744720952
Q9BXS6,NUSAP1,17.234910567664542,17.336449321266247,3,3,NA,FALSE,-0.10153875360170517
Q9BXS9,SLC26A6,14.482041658900329,14.46109491429822,3,3,NA,FALSE,0.020946744602108325
Q9BXV9,GON7,13.166858159759403,12.995295891953145,1,3,NA,FALSE,0.17156226780625872
Q9BXW6,OSBPL1A,16.674929505140252,16.417153009078238,3,3,NA,FALSE,0.25777649606201436
Q9BXW7,HDHD5,18.27298652985096,18.42247202303424,3,3,NA,FALSE,-0.14948549318327764
Q9BXW9,FANCD2,17.70481420473426,17.680927448259034,3,3,NA,FALSE,0.023886756475224757
Q9BXY0,MAK16,17.192758030490452,16.973913778234795,3,3,NA,FALSE,0.21884425225565707
Q9BY12,SCAPER,18.684082205180793,18.718248950137664,3,3,NA,FALSE,-0.03416674495687033
Q9BY32,ITPA,17.36309053288715,17.206114103767053,3,3,NA,FALSE,0.15697642912009613
Q9BY41,HDAC8,16.491130315446213,16.809089054094443,3,3,NA,FALSE,-0.31795873864822966
Q9BY42,RTF2,16.12901596705625,15.813641091900696,3,3,NA,FALSE,0.3153748751555554
Q9BY43,CHMP4A,16.750864813129372,16.68205353492909,3,3,NA,FALSE,0.06881127820028254
Q9BY44,EIF2A,17.07129636734125,17.04910832377099,3,3,NA,FALSE,0.022188043570260163
Q9BY49,PECR,14.868837169018635,14.2031336952105,3,3,NA,FALSE,0.6657034738081347
Q9BY50,SEC11C,15.681978126446117,15.465465993574593,3,3,NA,FALSE,0.21651213287152338
Q9BY67,CADM1,19.034685377110502,19.413389719529878,3,3,NA,FALSE,-0.37870434241937545
Q9BY77,POLDIP3,17.818243238704945,17.897919439244113,3,3,NA,FALSE,-0.07967620053916846
Q9BY78,RNF26,12.356380365348866,12.158862532751675,2,2,NA,FALSE,0.1975178325971907
Q9BY89,KIAA1671,14.224292005431982,14.203601374069532,3,3,NA,FALSE,0.020690631362450418
Q9BYB4,GNB1L,15.59090940273713,15.686513901097108,3,3,NA,FALSE,-0.09560449835997709
Q9BYC5,FUT8,14.931293433708314,14.794916684236373,3,3,NA,FALSE,0.13637674947194078
Q9BYC8,MRPL32,15.226587993166738,15.371372216229904,3,3,NA,FALSE,-0.14478422306316574
Q9BYC9,MRPL20,16.69465724047426,16.620430158189773,3,3,NA,FALSE,0.07422708228448727
Q9BYD1,MRPL13,16.86646657598907,17.029776074615587,3,3,NA,FALSE,-0.16330949862651778
Q9BYD2,MRPL9,17.390820816269066,17.55512315874459,3,3,NA,FALSE,-0.16430234247552278
Q9BYD3,MRPL4,17.4346097965501,17.43789014421752,3,3,NA,FALSE,-0.003280347667420358
Q9BYD6,MRPL1,17.461422593623983,17.792258117119825,3,3,NA,FALSE,-0.33083552349584266
Q9BYE7,PCGF6,15.168214920180608,14.900098799996572,3,3,NA,FALSE,0.2681161201840361
Q9BYF1,ACE2,17.75386400803982,16.223235415095132,1,3,NA,FALSE,1.5306285929446872
Q9BYG3,NIFK,18.528655441229933,18.584585501234667,3,3,NA,FALSE,-0.05593006000473366
Q9BYG4,PARD6G,13.303933449633877,13.304842290027548,3,3,NA,FALSE,-9.088403936701184e-4
Q9BYG5,PARD6B,16.455764386326365,16.427119237009823,3,3,NA,FALSE,0.028645149316542273
Q9BYI3,HYCC1,17.273150662796528,17.044659581347485,3,3,NA,FALSE,0.22849108144904307
Q9BYJ9,YTHDF1,15.795917913011316,16.089161677378822,3,3,NA,FALSE,-0.29324376436750654
Q9BYK8,HELZ2,14.759345594170137,14.88078228745495,3,3,NA,FALSE,-0.12143669328481366
Q9BYM8,RBCK1,15.332088405524683,15.424219631117728,3,3,NA,FALSE,-0.09213122559304487
Q9BYN0,SRXN1,15.36384305191323,15.198734955749092,3,3,NA,FALSE,0.16510809616413802
Q9BYN8,MRPS26,17.81247019725199,17.81415749687648,3,3,NA,FALSE,-0.0016872996244892136
Q9BYP7,WNK3,13.76831881618766,13.871244337890053,3,3,NA,FALSE,-0.10292552170239233
Q9BYT3,STK33,16.400202133700542,16.893501678079513,3,3,NA,FALSE,-0.4932995443789707
Q9BYT8,NLN,17.82534264500366,17.813481772155473,3,3,NA,FALSE,0.011860872848185267
Q9BYV8,CEP41,15.738240569862887,15.98075999407812,3,3,NA,FALSE,-0.24251942421523331
Q9BYV9,BACH2,12.513565690728988,12.72482520118106,1,3,NA,FALSE,-0.2112595104520718
Q9BYW2,SETD2,16.31358408728037,16.270129531763285,3,3,NA,FALSE,0.04345455551708355
Q9BZ23,PANK2,14.737814061528486,14.878497416043746,3,3,NA,FALSE,-0.14068335451526082
Q9BZ29,DOCK9,14.054653285012744,14.351531717309193,3,3,NA,FALSE,-0.29687843229644884
Q9BZ67,FRMD8,12.790937278524193,13.082760804674587,3,3,NA,FALSE,-0.2918235261503934
Q9BZ95,NSD3,16.92463332485315,16.880278466259725,3,3,NA,FALSE,0.044354858593425917
Q9BZC7,ABCA2,12.74596202504607,12.697207410180022,3,3,NA,FALSE,0.048754614866048485
Q9BZD2,SLC29A3,13.52643513864109,13.232049013453565,3,3,NA,FALSE,0.2943861251875255
Q9BZD4,NUF2,16.037566724773267,15.93966119957918,3,3,NA,FALSE,0.09790552519408635
Q9BZE1,MRPL37,18.19308630458386,18.236776713567018,3,3,NA,FALSE,-0.04369040898315646
Q9BZE2,PUS3,15.853410541254654,15.755856478836515,3,3,NA,FALSE,0.0975540624181388
Q9BZE4,GTPBP4,18.31192242645475,18.28429806829781,3,3,NA,FALSE,0.0276243581569382
Q9BZE9,ASPSCR1,18.207591647894105,18.247065351688317,3,3,NA,FALSE,-0.039473703794211445
Q9BZF1,OSBPL8,16.87118813840985,16.88579085030992,3,3,NA,FALSE,-0.014602711900071341
Q9BZF2,OSBPL7,12.65126073894384,12.672001541181558,3,3,NA,FALSE,-0.020740802237718015
Q9BZF3,OSBPL6,15.21635234500112,15.056975121687389,3,3,NA,FALSE,0.15937722331373116
Q9BZF9,UACA,17.03330827648422,17.06106884398602,3,3,NA,FALSE,-0.027760567501800892
Q9BZG1,RAB34,15.412094985808539,15.415294516359761,3,3,NA,FALSE,-0.0031995305512229066
Q9BZG8,DPH1,16.377173345103152,16.08656227971058,3,3,NA,FALSE,0.29061106539257153
Q9BZH6,WDR11,16.907210025767526,17.031709717083675,3,3,NA,FALSE,-0.12449969131614935
Q9BZI7,UPF3B,18.111370755632475,17.946299595794503,3,3,NA,FALSE,0.1650711598379715
Q9BZJ0,CRNKL1,17.611363132572002,17.28357333071038,3,3,NA,FALSE,0.32778980186162343
Q9BZK7,TBL1XR1,17.38039615964319,17.545912956257652,3,3,NA,FALSE,-0.16551679661446173
Q9BZL1,UBL5,17.482559294874022,17.144509254463095,3,3,NA,FALSE,0.338050040410927
Q9BZL4,PPP1R12C,15.089637340412777,15.176929230237299,3,3,NA,FALSE,-0.08729188982452207
Q9BZL6,PRKD2,15.220860967218446,15.063832521424438,3,3,NA,FALSE,0.15702844579400832
Q9BZM4,ULBP3,15.835439813170577,14.311643064460565,1,2,NA,FALSE,1.5237967487100121
Q9BZM5,ULBP2,15.92380254489998,16.281955353572876,3,3,NA,FALSE,-0.35815280867289623
Q9BZM6,ULBP1,12.786114750029613,12.650355158859481,1,3,NA,FALSE,0.1357595911701317
Q9BZQ6,EDEM3,16.133561388171092,15.743243448284659,3,3,NA,FALSE,0.39031793988643315
Q9BZQ8,NIBAN1,14.11597231444175,14.94233153898682,3,3,NA,FALSE,-0.8263592245450706
Q9BZV1,UBXN6,17.702193301143588,18.044072886866584,3,3,NA,FALSE,-0.3418795857229959
Q9BZX2,UCK2,17.262280297492197,16.857134061784542,3,3,NA,FALSE,0.4051462357076545
Q9BZZ5,API5,20.97706879727433,21.002980954256415,3,3,NA,FALSE,-0.025912156982084156
Q9C026,TRIM9,14.6348087930005,14.548182680461228,3,3,NA,FALSE,0.08662611253927288
Q9C035,TRIM5,14.246605310920618,14.389938265405739,3,3,NA,FALSE,-0.14333295448512118
Q9C037,TRIM4,15.325101443925144,15.10864990213109,3,3,NA,FALSE,0.21645154179405424
Q9C040,TRIM2,14.592453387899003,14.948789750502629,3,3,NA,FALSE,-0.356336362603626
Q9C086,INO80B,13.793025010170918,13.356448737684989,3,3,NA,FALSE,0.43657627248592945
Q9C091,GREB1L,13.378451966324574,13.256396318140999,3,3,NA,FALSE,0.12205564818357573
Q9C0A6,SETD5,14.10105650898751,14.105661497621822,3,3,NA,FALSE,-0.00460498863431269
Q9C0B0,UNK,15.086152841784854,15.444695273341692,3,3,NA,FALSE,-0.3585424315568382
Q9C0B1,FTO,19.380577297038077,19.49542952979183,3,3,NA,FALSE,-0.11485223275375489
Q9C0B5,ZDHHC5,15.125748210059722,15.427109343979135,3,3,NA,FALSE,-0.30136113391941244
Q9C0B7,TANGO6,15.588015470474748,15.562910159880227,3,3,NA,FALSE,0.025105310594520702
Q9C0C2,TNKS1BP1,17.03661154382698,17.276108255580635,3,3,NA,FALSE,-0.23949671175365594
Q9C0C4,SEMA4C,16.67147238587333,16.980679021911758,3,3,NA,FALSE,-0.3092066360384287
Q9C0C7,AMBRA1,16.971531509368408,16.945690171464197,3,3,NA,FALSE,0.02584133790421106
Q9C0C9,UBE2O,17.187891522128748,17.257929990333505,3,3,NA,FALSE,-0.07003846820475701
Q9C0D2,CEP295,15.267160150375947,14.93046204201037,2,3,NA,FALSE,0.33669810836557623
Q9C0D3,ZYG11B,16.851942052574742,16.537361376782744,3,3,NA,FALSE,0.3145806757919978
Q9C0D4,ZNF518B,11.723027522346182,11.764583243452645,3,3,NA,FALSE,-0.04155572110646233
Q9C0D5,TANC1,16.21113598836613,16.37207813470428,3,3,NA,FALSE,-0.16094214633815085
Q9C0D9,SELENOI,17.69856171582174,17.07875564710017,1,3,NA,FALSE,0.6198060687215694
Q9C0E2,XPO4,17.005633257720334,16.979277493229528,3,3,NA,FALSE,0.026355764490805456
Q9C0E8,LNPK,17.31584553579643,17.33126839545393,3,3,NA,FALSE,-0.015422859657498122
Q9C0F1,CEP44,18.696928959237734,18.761586034254908,3,3,NA,FALSE,-0.06465707501717333
Q9C0H2,TTYH3,16.616761225390444,15.801026419965341,3,3,NA,FALSE,0.8157348054251035
Q9C0I1,MTMR12,15.68500635913222,15.831633870137146,3,3,NA,FALSE,-0.146627511004926
Q9C0J8,WDR33,16.79606979025691,16.68758012192129,3,3,NA,FALSE,0.10848966833562201
Q9C0K0,BCL11B,13.728637221334186,13.741245816049023,3,3,NA,FALSE,-0.012608594714837551
Q9GZL7,WDR12,18.85683568075261,18.769704190777325,3,3,NA,FALSE,0.08713148997528464
Q9GZM5,YIPF3,15.574329403278025,15.666137437156786,3,3,NA,FALSE,-0.09180803387876146
Q9GZM8,NDEL1,13.999077983847593,14.08040195685006,3,3,NA,FALSE,-0.0813239730024673
Q9GZN1,ACTR6,16.12673840026454,15.856621848888762,3,3,NA,FALSE,0.27011655137577684
Q9GZN2,TGIF2,14.240392336371263,12.933319929494209,1,1,NA,FALSE,1.3070724068770545
Q9GZN7,ROGDI,14.005947541022076,13.597609767329232,3,3,NA,FALSE,0.4083377736928444
Q9GZN8,ADISSP,17.277459667439597,17.22722147256562,3,3,NA,FALSE,0.05023819487397674
Q9GZP4,PITHD1,16.637181457205184,16.670410365442986,3,3,NA,FALSE,-0.03322890823780256
Q9GZP9,DERL2,15.502068806609241,15.017217201844995,3,3,NA,FALSE,0.4848516047642466
Q9GZQ3,COMMD5,15.442068241949906,15.685450051802253,3,3,NA,FALSE,-0.24338180985234636
Q9GZR1,SENP6,14.554448927941035,14.378728957111852,3,3,NA,FALSE,0.17571997082918323
Q9GZR2,REXO4,16.039716619159726,15.818305186042682,3,3,NA,FALSE,0.22141143311704425
Q9GZR5,ELOVL4,14.792340055002562,15.206252209632089,3,3,NA,FALSE,-0.4139121546295268
Q9GZR7,DDX24,16.724719158493503,16.782813948003458,3,3,NA,FALSE,-0.058094789509954836
Q9GZS1,POLR1E,16.418498626934863,16.332019338200396,3,3,NA,FALSE,0.08647928873446631
Q9GZS3,SKIC8,18.43374231407852,18.342819858236282,3,3,NA,FALSE,0.0909224558422359
Q9GZT3,SLIRP,19.128604167416274,19.174094201579233,3,3,NA,FALSE,-0.0454900341629596
Q9GZT4,SRR,17.27920451550462,17.499784213956815,3,3,NA,FALSE,-0.2205796984521946
Q9GZT6,CCDC90B,16.646935912150788,16.843860942463213,3,3,NA,FALSE,-0.1969250303124248
Q9GZT8,NIF3L1,18.763311686482382,18.831849900976124,3,3,NA,FALSE,-0.06853821449374209
Q9GZT9,EGLN1,17.433980918697674,17.382034979427665,3,3,NA,FALSE,0.051945939270009234
Q9GZU1,MCOLN1,13.965857577138916,13.404465706905023,2,3,NA,FALSE,0.5613918702338925
Q9GZU3,TMEM39B,12.243025222962896,11.74390932411596,3,3,NA,FALSE,0.4991158988469362
Q9GZU7,CTDSP1,15.341557173004043,15.09114780303618,3,3,NA,FALSE,0.2504093699678638
Q9GZU8,PSME3IP1,15.919074406709319,15.841214638824177,3,3,NA,FALSE,0.07785976788514226
Q9GZV4,EIF5A2,14.775671615575787,15.213419125429212,3,3,NA,FALSE,-0.43774750985342514
Q9GZY4,COA1,14.581761532700638,14.896618518175261,3,3,NA,FALSE,-0.3148569854746235
Q9GZY8,MFF,16.425178023589332,15.964768708822122,3,3,NA,FALSE,0.4604093147672099
Q9GZZ1,NAA50,18.155373553501626,18.186111376317367,3,3,NA,FALSE,-0.03073782281574111
Q9GZZ9,UBA5,17.27037235916084,17.080380903584036,3,3,NA,FALSE,0.18999145557680563
Q9H000,MKRN2,16.776584916868618,16.47456359347501,3,3,NA,FALSE,0.3020213233936069
Q9H008,LHPP,16.275403532136806,16.633829376852827,3,3,NA,FALSE,-0.35842584471602024
Q9H019,MTFR1L,15.240894059872273,15.141143441751547,3,3,NA,FALSE,0.09975061812072639
Q9H040,SPRTN,13.511383505516694,13.691443323060037,2,3,NA,FALSE,-0.18005981754334321
Q9H061,TMEM126A,17.16941568478785,17.416802377784766,3,3,NA,FALSE,-0.2473866929969155
Q9H063,MAF1,13.522506282276,14.238909148237122,3,3,NA,FALSE,-0.7164028659611219
Q9H074,PAIP1,18.291250540509335,18.284969765422076,3,3,NA,FALSE,0.006280775087258661
Q9H078,CLPB,17.663243904863055,17.602418256883706,3,3,NA,FALSE,0.06082564797934964
Q9H079,KATNBL1,14.12389894823986,14.147826677492633,3,3,NA,FALSE,-0.023927729252772423
Q9H081,MIS12,16.881140103637545,17.148263683077964,3,3,NA,FALSE,-0.267123579440419
Q9H082,RAB33B,15.795146145419555,15.615814109207067,3,3,NA,FALSE,0.17933203621248772
Q9H089,LSG1,16.58638585800428,16.41251519450277,3,3,NA,FALSE,0.1738706635015106
Q9H098,FAM107B,15.088707288290298,15.47996667166451,3,3,NA,FALSE,-0.3912593833742122
Q9H0A0,NAT10,18.919618276611715,18.951933853987697,3,3,NA,FALSE,-0.03231557737598223
Q9H0A8,COMMD4,16.364333902554637,16.309223558497596,3,3,NA,FALSE,0.055110344057041516
Q9H0B6,KLC2,17.383553392921225,17.273432903291656,3,3,NA,FALSE,0.11012048962956911
Q9H0C5,BTBD1,16.218404632187852,15.903894989602993,1,1,NA,FALSE,0.31450964258485925
Q9H0C8,ILKAP,17.757159047465056,17.866654083792582,3,3,NA,FALSE,-0.10949503632752666
Q9H0D6,XRN2,19.672069076437083,19.593121183713414,3,3,NA,FALSE,0.07894789272366864
Q9H0E2,TOLLIP,17.270952326265284,17.383612074667816,3,3,NA,FALSE,-0.11265974840253179
Q9H0E3,SAP130,16.074465618836662,16.132372429002785,3,3,NA,FALSE,-0.057906810166123535
Q9H0E9,BRD8,17.74287060776028,17.682605600213748,3,3,NA,FALSE,0.06026500754653341
Q9H0F6,SHARPIN,13.491172472762816,13.24015548372163,3,3,NA,FALSE,0.25101698904118663
Q9H0F7,ARL6,15.898350509609484,15.751582111774834,3,3,NA,FALSE,0.14676839783465034
Q9H0G5,NSRP1,14.683423767674034,14.149823406891562,3,3,NA,FALSE,0.5336003607824722
Q9H0H0,INTS2,16.075254795131876,16.078366569488622,3,3,NA,FALSE,-0.0031117743567463663
Q9H0H3,KLHL25,13.430155259474777,13.005005514783287,3,3,NA,FALSE,0.42514974469149003
Q9H0H5,RACGAP1,16.612286028506954,16.665018971758805,3,3,NA,FALSE,-0.05273294325185063
Q9H0I2,ENKD1,18.18135504607978,18.120339070120597,3,2,NA,FALSE,0.061015975959183066
Q9H0K1,SIK2,15.529808507713762,15.780950956719494,3,3,NA,FALSE,-0.2511424490057319
Q9H0K6,PUS7L,14.444395600582725,14.088497242637347,3,3,NA,FALSE,0.35589835794537805
Q9H0L4,CSTF2T,18.417773985828713,18.57339651015398,3,3,NA,FALSE,-0.1556225243252669
Q9H0M0,WWP1,14.3365482685376,14.018881050773539,3,3,NA,FALSE,0.31766721776406115
Q9H0P0,NT5C3A,15.89653886985551,16.17091884227449,3,3,NA,FALSE,-0.2743799724189788
Q9H0Q3,FXYD6,13.675799984078147,13.477728923617079,3,3,NA,FALSE,0.19807106046106782
Q9H0R1,AP5M1,13.956007140365864,13.943586051079086,3,3,NA,FALSE,0.012421089286778653
Q9H0R4,HDHD2,16.040693021153274,16.286451637548314,3,3,NA,FALSE,-0.24575861639504026
Q9H0R6,QRSL1,16.060447300299302,16.21079153066611,3,3,NA,FALSE,-0.15034423036680877
Q9H0R8,GABARAPL1,17.095653040460324,16.829269813533386,3,3,NA,FALSE,0.26638322692693706
Q9H0S4,DDX47,17.77173593708976,17.48900472744668,3,3,NA,FALSE,0.2827312096430781
Q9H0U3,MAGT1,18.500998811743415,18.340795216922324,3,3,NA,FALSE,0.16020359482109114
Q9H0U4,RAB1B,19.303636774889043,19.351562605300042,3,3,NA,FALSE,-0.04792583041099974
Q9H0U6,MRPL18,16.86995337801344,16.746531006638016,3,3,NA,FALSE,0.12342237137542611
Q9H0U9,TSPYL1,19.807405322035304,19.757124385195507,3,3,NA,FALSE,0.05028093683979762
Q9H0V1,TMEM168,15.259860633071565,15.639677248163578,3,3,NA,FALSE,-0.3798166150920128
Q9H0V9,LMAN2L,17.378967369960325,17.381870114452003,3,3,NA,FALSE,-0.0029027444916778222
Q9H0W5,CCDC8,13.91035273454003,13.861098754191135,3,3,NA,FALSE,0.04925398034889561
Q9H0W8,SMG9,14.58628142066784,14.892008708438897,3,3,NA,FALSE,-0.30572728777105773
Q9H0W9,C11orf54,16.546136790759817,16.647270489264752,3,3,NA,FALSE,-0.1011336985049347
Q9H0X4,FAM234A,14.601391607441808,14.671565005222897,3,3,NA,FALSE,-0.07017339778108855
Q9H0X9,OSBPL5,13.225254711790594,13.29374896705535,3,3,NA,FALSE,-0.06849425526475628
Q9H0Z9,RBM38,14.968252457018977,14.919299372183794,3,3,NA,FALSE,0.04895308483518335
Q9H115,NAPB,13.835879783082078,13.860578195067683,3,3,NA,FALSE,-0.024698411985605517
Q9H116,GZF1,13.297900399755662,12.673527489364742,2,3,NA,FALSE,0.6243729103909192
Q9H147,DNTTIP1,15.280637094767208,15.2694519801257,3,3,NA,FALSE,0.011185114641508065
Q9H160,ING2,16.138416850565843,16.228488078474406,3,3,NA,FALSE,-0.09007122790856315
Q9H165,BCL11A,19.524309262165904,19.61467113956827,3,3,NA,FALSE,-0.09036187740236556
Q9H173,SIL1,15.050911525273051,14.514776674790253,3,3,NA,FALSE,0.5361348504827976
Q9H1A3,METTL9,17.939734811310096,17.54830541218494,3,3,NA,FALSE,0.39142939912515473
Q9H1A4,ANAPC1,16.479100746376496,16.24517647574323,3,3,NA,FALSE,0.23392427063326693
Q9H1B5,XYLT2,13.757871487760173,13.9839598745811,3,3,NA,FALSE,-0.22608838682092625
Q9H1B7,IRF2BPL,15.600660841783471,15.72514095235967,3,3,NA,FALSE,-0.12448011057619901
Q9H1C4,UNC93B1,18.075677001986957,17.569325220492658,3,3,NA,FALSE,0.506351781494299
Q9H1C7,CYSTM1,15.255784674317958,15.37040286764657,3,3,NA,FALSE,-0.1146181933286119
Q9H1D9,POLR3F,16.60327738096127,16.69949986146845,3,3,NA,FALSE,-0.09622248050717985
Q9H1E3,NUCKS1,19.47993610107913,19.770684052579615,3,3,NA,FALSE,-0.29074795150048516
Q9H1E5,TMX4,17.78432812969101,17.64871347674199,3,3,NA,FALSE,0.13561465294901964
Q9H1H9,KIF13A,14.442692602590409,14.461031057443652,3,3,NA,FALSE,-0.018338454853243036
Q9H1I8,ASCC2,16.287857265228233,16.267285370912774,3,3,NA,FALSE,0.02057189431545936
Q9H1K0,RBSN,15.596480730442485,15.437974281554522,3,3,NA,FALSE,0.1585064488879624
Q9H1K1,ISCU,16.33089116332035,16.455624201352048,3,3,NA,FALSE,-0.12473303803169955
Q9H1N7,SLC35B3,14.131206401915104,14.270827053114761,3,3,NA,FALSE,-0.13962065119965672
Q9H1P3,OSBPL2,17.24813967456099,16.789162753080436,3,3,NA,FALSE,0.45897692148055214
Q9H1Q7,PCED1A,11.397775719935533,11.827746619520715,3,3,NA,FALSE,-0.4299708995851823
Q9H1Y0,ATG5,18.335661999947327,18.523954254795242,3,3,NA,FALSE,-0.18829225484791579
Q9H1Z4,WDR13,15.654102331503548,15.443549948852398,3,3,NA,FALSE,0.21055238265114973
Q9H1Z9,TSPAN10,13.133202310606436,12.660252233314006,3,3,NA,FALSE,0.4729500772924293
Q9H211,CDT1,13.508081142155024,13.565643923194607,3,3,NA,FALSE,-0.057562781039582234
Q9H223,EHD4,16.949321877918607,17.01672806870192,3,3,NA,FALSE,-0.06740619078331278
Q9H237,PORCN,14.474817986225888,13.880697722015928,3,3,NA,FALSE,0.5941202642099608
Q9H267,VPS33B,16.687903151065935,16.565014861568667,3,3,NA,FALSE,0.12288828949726849
Q9H269,VPS16,16.302390512648287,16.18951256584573,3,3,NA,FALSE,0.11287794680255558
Q9H270,VPS11,15.845599241863315,15.875262205537936,3,3,NA,FALSE,-0.029662963674621068
Q9H299,SH3BGRL3,18.09836141646766,18.095008043018428,3,3,NA,FALSE,0.0033533734492330325
Q9H2C0,GAN,18.329586042684113,18.370933920681193,3,3,NA,FALSE,-0.04134787799707951
Q9H2C2,ARV1,13.346610980707297,12.944695578215063,3,3,NA,FALSE,0.401915402492234
Q9H2D1,SLC25A32,13.755183667262347,13.665450876474058,3,3,NA,FALSE,0.08973279078828966
Q9H2D6,TRIOBP,18.18213436433288,18.408245554768165,3,3,NA,FALSE,-0.22611119043528305
Q9H2E6,SEMA6A,14.094555694110738,13.866029774583327,3,3,NA,FALSE,0.22852591952741186
Q9H2F5,EPC1,13.914666540930114,14.058271002127762,3,3,NA,FALSE,-0.1436044611976488
Q9H2G2,SLK,18.183713045100273,18.23505502412188,3,3,NA,FALSE,-0.05134197902160764
Q9H2G4,TSPYL2,13.11485127643495,13.126229035425276,3,3,NA,FALSE,-0.011377758990326114
Q9H2G9,BLZF1,13.308006289938287,13.530819989240346,3,3,NA,FALSE,-0.2228136993020584
Q9H2H8,PPIL3,17.072836839634274,17.197493745799886,3,3,NA,FALSE,-0.12465690616561176
Q9H2H9,SLC38A1,16.817751535928302,17.09997760817221,3,3,NA,FALSE,-0.2822260722439083
Q9H2J4,PDCL3,19.171269810727626,18.85217261307398,3,3,NA,FALSE,0.3190971976536474
Q9H2J7,SLC6A15,15.725725682385356,15.612538583049451,3,3,NA,FALSE,0.11318709933590476
Q9H2K0,MTIF3,15.08610453383637,15.182876812489527,3,3,NA,FALSE,-0.09677227865315707
Q9H2K8,TAOK3,15.309323020003822,15.173722561097462,3,3,NA,FALSE,0.1356004589063602
Q9H2M9,RAB3GAP2,16.795834271253693,16.876344227070266,3,3,NA,FALSE,-0.08050995581657361
Q9H2P0,ADNP,16.694322118166365,16.728452031929855,3,3,NA,FALSE,-0.03412991376348984
Q9H2P9,DPH5,16.654856132547348,16.51742221089638,3,3,NA,FALSE,0.1374339216509668
Q9H2T7,RANBP17,12.26265179868324,12.245656215619777,3,3,NA,FALSE,0.016995583063463826
Q9H2U1,DHX36,18.570684272462078,18.331400969914387,3,3,NA,FALSE,0.23928330254769037
Q9H2U2,PPA2,19.7437048796946,19.896621559506016,3,3,NA,FALSE,-0.15291667981141543
Q9H2V7,SPNS1,15.875818096309535,15.807998339853023,3,3,NA,FALSE,0.06781975645651173
Q9H2W6,MRPL46,17.709301764439292,17.750502473962463,3,3,NA,FALSE,-0.041200709523170786
Q9H2Y7,ZNF106,15.424579406966037,15.025484180531915,3,3,NA,FALSE,0.3990952264341221
Q9H2Z4,NKX2-4,14.605082367603863,15.375558253217738,1,1,NA,FALSE,-0.7704758856138749
Q9H300,PARL,14.180218636279568,14.391533582932936,3,3,NA,FALSE,-0.2113149466533688
Q9H307,PNN,19.260026677283282,18.898569535414858,3,3,NA,FALSE,0.36145714186842426
Q9H330,TMEM245,15.383808591934933,15.327582865515367,3,3,NA,FALSE,0.0562257264195658
Q9H334,FOXP1,15.62983739160872,16.12651449814316,3,3,NA,FALSE,-0.4966771065344382
Q9H3C7,GGNBP2,12.14993697828692,12.505373290018227,3,3,NA,FALSE,-0.35543631173130663
Q9H3E2,SNX25,14.094429699126875,14.136493260759677,3,3,NA,FALSE,-0.04206356163280134
Q9H3F6,KCTD10,13.938290734362598,13.773475128465718,3,3,NA,FALSE,0.16481560589688016
Q9H3G5,CPVL,18.956638254074313,18.831895854263845,3,3,NA,FALSE,0.12474239981046864
Q9H3H1,TRIT1,17.189540057220142,16.939208531033582,3,3,NA,FALSE,0.2503315261865602
Q9H3H3,C11orf68,16.946156868053308,16.886135496729345,3,3,NA,FALSE,0.06002137132396257
Q9H3H5,DPAGT1,15.907944426171959,15.626821805335066,3,3,NA,FALSE,0.2811226208368929
Q9H3J6,MTRFR,14.36320065982149,14.379951466615031,3,3,NA,FALSE,-0.016750806793540463
Q9H3K2,GHITM,16.909554016789997,17.13605655038605,3,3,NA,FALSE,-0.22650253359605443
Q9H3K6,BOLA2B,19.618631399035664,19.539874282646625,3,3,NA,FALSE,0.07875711638903837
Q9H3L0,MMADHC,14.071521308737013,13.934610902808096,3,3,NA,FALSE,0.13691040592891746
Q9H3M7,TXNIP,13.790429106306808,13.782753097137187,3,3,NA,FALSE,0.007676009169621523
Q9H3N1,TMX1,19.414274445947445,19.275573500522192,3,3,NA,FALSE,0.1387009454252528
Q9H3P2,NELFA,16.73730401891087,17.05143050113048,3,3,NA,FALSE,-0.3141264822196099
Q9H3P7,ACBD3,17.354410362624517,17.56341737805447,3,3,NA,FALSE,-0.20900701542995392
Q9H3Q1,CDC42EP4,15.592842052813195,15.864844453719368,3,3,NA,FALSE,-0.2720024009061728
Q9H3R5,CENPH,17.218203281730613,17.312054532658223,3,3,NA,FALSE,-0.09385125092761015
Q9H3S5,PIGM,14.20812020855962,14.350645443451567,3,3,NA,FALSE,-0.1425252348919468
Q9H3S7,PTPN23,17.642679264116857,17.77272729143687,3,3,NA,FALSE,-0.13004802732001153
Q9H3U1,UNC45A,18.426360389066115,18.255451634704723,3,3,NA,FALSE,0.17090875436139186
Q9H3U5,MFSD1,15.78090017186003,15.59567892331016,3,3,NA,FALSE,0.185221248549869
Q9H3Z4,DNAJC5,14.993632450601122,15.230671919894602,3,3,NA,FALSE,-0.23703946929347985
Q9H410,DSN1,15.815879543975338,16.046502874084972,3,3,NA,FALSE,-0.23062333010963343
Q9H425,C1orf198,14.251598707962517,14.721081749843082,3,3,NA,FALSE,-0.4694830418805651
Q9H444,CHMP4B,18.2330496441911,18.21352100794974,3,3,NA,FALSE,0.01952863624136114
Q9H446,RWDD1,17.050522696383563,16.708311699244103,3,3,NA,FALSE,0.34221099713946046
Q9H467,CUEDC2,16.07155729474147,15.630917363722856,3,3,NA,FALSE,0.4406399310186142
Q9H469,FBXL15,13.296238619957446,13.044044228271648,3,3,NA,FALSE,0.2521943916857978
Q9H477,RBKS,13.415967145439314,13.639688708921774,3,3,NA,FALSE,-0.22372156348246008
Q9H488,POFUT1,18.005348816834356,18.09787507583949,3,3,NA,FALSE,-0.09252625900513323
Q9H490,PIGU,17.966810177121474,17.83549591072403,3,3,NA,FALSE,0.13131426639744248
Q9H497,TOR3A,14.960732102090574,14.430185522685903,3,3,NA,FALSE,0.5305465794046711
Q9H4A3,WNK1,17.65631927701152,17.72593360934494,3,3,NA,FALSE,-0.06961433233341907
Q9H4A4,RNPEP,19.227389776925595,19.3669999956844,3,3,NA,FALSE,-0.1396102187588042
Q9H4A5,GOLPH3L,17.831640153926912,17.97314497111158,3,3,NA,FALSE,-0.14150481718466779
Q9H4A6,GOLPH3,16.7922811395292,17.00812595486338,3,3,NA,FALSE,-0.21584481533417943
Q9H4B0,OSGEPL1,15.447916448575235,15.688967851753423,3,3,NA,FALSE,-0.2410514031781883
Q9H4B6,SAV1,15.84688113268961,15.592987077948187,3,3,NA,FALSE,0.2538940547414228
Q9H4E7,DEF6,15.00864029565733,14.714539939324549,2,2,NA,FALSE,0.2941003563327804
Q9H4F8,SMOC1,13.647962160773902,13.191338998886778,2,3,NA,FALSE,0.4566231618871246
Q9H4G0,EPB41L1,15.390419495159403,15.356779241706047,3,3,NA,FALSE,0.033640253453356195
Q9H4G4,GLIPR2,16.212029582758316,16.185647547721498,3,3,NA,FALSE,0.026382035036817797
Q9H4H8,FAM83D,14.042505670914286,14.107972647943425,3,3,NA,FALSE,-0.06546697702913917
Q9H4I2,ZHX3,14.250773648766655,14.240597944025899,3,3,NA,FALSE,0.010175704740756686
Q9H4I3,TRABD,16.380194715393436,16.48760545827938,3,3,NA,FALSE,-0.10741074288594277
Q9H4I9,SMDT1,15.742124596198611,15.788772245548966,3,3,NA,FALSE,-0.046647649350354925
Q9H4K7,MTG2,13.287334572925067,13.23544434054853,3,3,NA,FALSE,0.05189023237653778
Q9H4L4,SENP3,18.16929487517265,18.12546658904838,3,3,NA,FALSE,0.04382828612427048
Q9H4L5,OSBPL3,15.866511246784745,15.739779491821249,3,3,NA,FALSE,0.12673175496349565
Q9H4L7,SMARCAD1,16.334931908604993,16.399196331900583,3,3,NA,FALSE,-0.06426442329559023
Q9H4M3,FBXO44,13.579150885735052,13.649163042818998,3,3,NA,FALSE,-0.07001215708394604
Q9H4M9,EHD1,17.482541226221056,17.346490691392212,3,3,NA,FALSE,0.13605053482884344
Q9H4P4,RNF41,16.28915330739063,16.25920926031733,3,3,NA,FALSE,0.02994404707330034
Q9H4W6,EBF3,14.601774044074007,14.426150936646847,3,3,NA,FALSE,0.17562310742716036
Q9H4Z2,ZNF335,12.742267542672998,12.687110318443821,2,3,NA,FALSE,0.055157224229176904
Q9H4Z3,PCIF1,14.965452917289767,15.264284294796976,3,3,NA,FALSE,-0.29883137750720934
Q9H501,ESF1,18.23157418347152,18.062771942736234,3,3,NA,FALSE,0.16880224073528538
Q9H553,ALG2,16.282061162598787,16.398247289210715,3,3,NA,FALSE,-0.11618612661192884
Q9H582,ZNF644,14.884360469695649,14.850837333806766,3,3,NA,FALSE,0.033523135888883004
Q9H583,HEATR1,18.23157282219328,18.245893477886458,3,3,NA,FALSE,-0.014320655693179418
Q9H5H4,ZNF768,17.636407101370818,17.773208197812572,3,3,NA,FALSE,-0.1368010964417543
Q9H5I1,SUV39H2,13.32826069458597,13.482202517195915,3,3,NA,FALSE,-0.15394182260994604
Q9H5J4,ELOVL6,12.230198393443043,12.285136904602728,3,3,NA,FALSE,-0.05493851115968518
Q9H5K3,POMK,15.413479248020746,15.388915137090377,3,3,NA,FALSE,0.0245641109303687
Q9H5L6,THAP9,15.339961018722402,14.84222178233565,1,3,NA,FALSE,0.4977392363867512
Q9H5N1,RABEP2,15.521199697844585,15.405017494679878,3,3,NA,FALSE,0.11618220316470662
Q9H5Q4,TFB2M,15.812067764113596,15.644002348459745,3,3,NA,FALSE,0.16806541565385125
Q9H5U6,ZCCHC4,12.66280673532331,12.774399650046545,3,3,NA,FALSE,-0.11159291472323574
Q9H5V7,IKZF5,14.011548553297388,14.132931763086427,3,3,NA,FALSE,-0.12138320978903927
Q9H5V9,STEEP1,16.397880269575666,16.247417203746068,3,3,NA,FALSE,0.150463065829598
Q9H5X1,CIAO2A,16.281784035436992,15.845406783296353,3,3,NA,FALSE,0.43637725214063927
Q9H5Z1,DHX35,14.93636084380017,14.938103393597196,3,3,NA,FALSE,-0.0017425497970258164
Q9H649,NSUN3,12.864088601455906,13.00912031467254,3,3,NA,FALSE,-0.14503171321663366
Q9H668,STN1,15.16098629319149,15.814511310309104,3,3,NA,FALSE,-0.6535250171176141
Q9H6A9,PCNX3,14.040950015967775,13.737786803412071,3,3,NA,FALSE,0.3031632125557042
Q9H6D3,XKR8,13.103147063389828,13.25652995436599,3,3,NA,FALSE,-0.15338289097616098
Q9H6D7,HAUS4,16.09904914722288,16.156706668414184,3,3,NA,FALSE,-0.05765752119130596
Q9H6E4,CCDC134,17.765012294122908,17.569790035450264,3,3,NA,FALSE,0.19522225867264353
Q9H6E5,TUT1,17.684060742660147,17.545046984418853,3,3,NA,FALSE,0.13901375824129403
Q9H6F2,TMEM38A,13.438878237234587,13.167542130922469,2,3,NA,FALSE,0.271336106312118
Q9H6F5,CCDC86,17.070335900934992,17.258468604864614,3,3,NA,FALSE,-0.18813270392962167
Q9H6H4,REEP4,17.320396353849556,16.954822889216203,3,3,NA,FALSE,0.3655734646333535
Q9H6K1,ILRUN,15.409459990162079,15.220618617366549,3,3,NA,FALSE,0.1888413727955296
Q9H6K4,OPA3,16.651648406445617,16.836573183304807,3,3,NA,FALSE,-0.18492477685919084
Q9H6K5,PRR36,12.447303897888702,13.195156347320195,3,3,NA,FALSE,-0.7478524494314929
Q9H6L2,TMEM231,13.644719668365873,13.417157865796595,3,3,NA,FALSE,0.22756180256927827
Q9H6P5,TASP1,12.666335089387264,12.577902861699597,3,3,NA,FALSE,0.08843222768766701
Q9H6Q4,CIAO3,15.19608490360246,15.165983536018993,3,3,NA,FALSE,0.030101367583466043
Q9H6R0,DHX33,17.42116263302986,17.170539787677544,3,3,NA,FALSE,0.25062284535231427
Q9H6R3,ACSS3,14.710328704689191,15.323512785159279,3,3,NA,FALSE,-0.6131840804700879
Q9H6R4,NOL6,16.843402188947586,16.95829859290242,3,3,NA,FALSE,-0.11489640395483391
Q9H6R6,ZDHHC6,14.916311067293,14.934075543235085,3,3,NA,FALSE,-0.01776447594208541
Q9H6R7,WDCP,17.09026910214912,16.949730830127827,3,3,NA,FALSE,0.140538272021292
Q9H6S0,YTHDC2,17.54611157654949,17.674487467415148,3,3,NA,FALSE,-0.1283758908656587
Q9H6S1,AZI2,13.506749535236718,13.979940981255442,3,3,NA,FALSE,-0.4731914460187241
Q9H6T3,RPAP3,16.3097943810152,16.449847327943697,3,3,NA,FALSE,-0.14005294692849546
Q9H6U6,BCAS3,16.01349314147472,16.200162366666792,3,3,NA,FALSE,-0.18666922519207318
Q9H6U8,ALG9,15.595110062653488,15.572166498647574,3,3,NA,FALSE,0.022943564005913686
Q9H6V9,LDAH,15.661759475763105,15.53203943229697,3,3,NA,FALSE,0.12972004346613453
Q9H6X2,ANTXR1,14.052652591116717,13.76039686027986,3,3,NA,FALSE,0.29225573083685674
Q9H6Y2,WDR55,15.630805125993803,15.664689816754517,3,3,NA,FALSE,-0.033884690760714875
Q9H6Y7,RNF167,14.16485286501402,13.875048812855654,3,3,NA,FALSE,0.2898040521583649
Q9H6Z4,RANBP3,17.26349762503677,17.536429842470824,3,3,NA,FALSE,-0.2729322174340538
Q9H706,GAREM1,14.085822096693246,13.825391236943933,2,3,NA,FALSE,0.260430859749313
Q9H773,DCTPP1,18.192253448278716,18.02134982414724,3,3,NA,FALSE,0.1709036241314763
Q9H788,SH2D4A,13.712510329464024,14.023732744666978,3,3,NA,FALSE,-0.3112224152029537
Q9H792,PEAK1,13.675012326945918,13.786227698349792,3,3,NA,FALSE,-0.11121537140387439
Q9H7B2,RPF2,19.27933850164952,19.262107512713893,3,3,NA,FALSE,0.017230988935626357
Q9H7B4,SMYD3,15.221187074663828,15.180505132617474,3,3,NA,FALSE,0.040681942046353115
Q9H7C9,AAMDC,17.552578922945713,17.49380776090193,3,3,NA,FALSE,0.058771162043782965
Q9H7D0,DOCK5,14.207499704093308,14.138560948805376,3,3,NA,FALSE,0.068938755287932807
Q9H7D7,WDR26,17.405804926493133,17.649138201606487,3,3,NA,FALSE,-0.24333327511335412
Q9H7E2,TDRD3,14.488185094352344,14.216431466389265,3,3,NA,FALSE,0.2717536279630792
Q9H7E9,C8orf33,17.6161175232702,17.668023848365095,3,3,NA,FALSE,-0.0519063250948939
Q9H7F0,ATP13A3,13.010853996790525,12.084649720318302,1,2,NA,FALSE,0.9262042764722231
Q9H7F4,TMEM185B,13.6923239683225,13.048812782465406,2,1,NA,FALSE,0.6435111858570934
Q9H7H0,METTL17,15.30111060909717,15.380997001712565,3,3,NA,FALSE,-0.07988639261539454
Q9H7L9,SUDS3,15.637007561670824,15.576552664467304,3,3,NA,FALSE,0.060454897203520375
Q9H7N4,SCAF1,16.08161518081076,16.106269514011867,3,3,NA,FALSE,-0.02465433320110577
Q9H7S9,ZNF703,16.632883114166493,16.888507579923356,3,3,NA,FALSE,-0.2556244657568634
Q9H7X7,IFT22,14.851963862459252,14.648544633388358,3,3,NA,FALSE,0.20341922907089405
Q9H7Z3,NRDE2,15.496514580085659,15.537252487391624,3,3,NA,FALSE,-0.04073790730596549
Q9H7Z6,KAT8,17.038442915644726,17.072223776983513,3,3,NA,FALSE,-0.033780861338787105
Q9H7Z7,PTGES2,17.64846613094877,17.901556062227005,3,3,NA,FALSE,-0.253089931278236
Q9H813,PACC1,15.638714104515982,15.740931829214208,3,3,NA,FALSE,-0.10221772469822632
Q9H814,PHAX,17.229377716368113,17.132614322425024,3,3,NA,FALSE,0.09676339394308897
Q9H816,DCLRE1B,18.67863817582989,17.861789405304943,1,2,NA,FALSE,0.8168487705249454
Q9H825,METTL8,12.457077839708514,12.28870038183376,3,3,NA,FALSE,0.16837745787475455
Q9H832,UBE2Z,16.80390839511198,16.83401086898469,3,3,NA,FALSE,-0.03010247387271292
Q9H840,GEMIN7,13.64016598768618,13.018856196153958,3,3,NA,FALSE,0.6213097915322212
Q9H845,ACAD9,18.673874022424908,18.820360528101943,3,3,NA,FALSE,-0.1464865056770357
Q9H857,NT5DC2,20.896425595694346,20.723567934832804,3,3,NA,FALSE,0.17285766086154197
Q9H869,YY1AP1,13.560017487899023,13.552049138554151,3,3,NA,FALSE,0.007968349344871228
Q9H871,RMND5A,15.726734290040646,15.706202410624016,3,3,NA,FALSE,0.02053187941663026
Q9H875,PRKRIP1,14.549436091723237,14.600478966789833,3,3,NA,FALSE,-0.05104287506659588
Q9H892,TTC12,13.493817192217342,13.083322626028883,3,3,NA,FALSE,0.4104945661884596
Q9H8E8,KAT14,15.736804029955815,15.477167884486366,3,3,NA,FALSE,0.25963614546944846
Q9H8G2,CAAP1,17.663812917121174,17.684189295722195,3,3,NA,FALSE,-0.020376378601021372
Q9H8H0,NOL11,17.70559257797512,17.551185914565856,3,3,NA,FALSE,0.15440666340926512
Q9H8H2,DDX31,15.796393275128255,15.72653599469678,3,3,NA,FALSE,0.06985728043147432
Q9H8H3,TMT1A,18.46659748741478,18.60016229384961,3,3,NA,FALSE,-0.13356480643482982
Q9H8J5,MANSC1,17.230520232377774,17.068183458019384,1,2,NA,FALSE,0.16233677435839056
Q9H8K7,PAAT,14.366947652392575,13.85593342248203,3,3,NA,FALSE,0.5110142299105451
Q9H8M1,COQ10B,13.961647701628786,13.657732037955737,3,3,NA,FALSE,0.3039156636730489
Q9H8M2,BRD9,14.853995269268486,14.894039121941013,3,3,NA,FALSE,-0.04004385267252708
Q9H8M5,CNNM2,14.1042010431291,14.325851878292763,3,3,NA,FALSE,-0.22165083516366302
Q9H8M7,MINDY3,17.33614639653489,17.81071024169057,3,3,NA,FALSE,-0.4745638451556786
Q9H8T0,AKTIP,14.69848083058555,14.93495379113212,3,3,NA,FALSE,-0.2364729605465694
Q9H8V3,ECT2,15.654707860670786,15.631562806309011,3,3,NA,FALSE,0.023145054361775053
Q9H8W3,FAM204A,16.89913466389624,16.629368042073217,3,3,NA,FALSE,0.2697666218230239
Q9H8W4,PLEKHF2,14.050153738936167,14.176530590182532,3,3,NA,FALSE,-0.12637685124636455
Q9H8Y5,ANKZF1,16.586108449559493,16.354934771067356,3,3,NA,FALSE,0.2311736784921372
Q9H8Y8,GORASP2,18.768528461247936,18.944839150327265,3,3,NA,FALSE,-0.17631068907932956
Q9H900,ZWILCH,16.06150204124473,16.207113239976408,3,3,NA,FALSE,-0.14561119873167883
Q9H910,JPT2,16.139249001940357,17.3218641996298,3,3,NA,FALSE,-1.1826151976894437
Q9H920,RNF121,15.046035989550628,15.687498057521076,3,3,NA,FALSE,-0.6414620679704477
Q9H936,SLC25A22,17.6885522023247,17.927877666812996,3,3,NA,FALSE,-0.23932546448829584
Q9H939,PSTPIP2,14.575629130786128,14.289951880383555,3,3,NA,FALSE,0.2856772504025731
Q9H944,MED20,16.155760947858102,16.153642344440502,3,3,NA,FALSE,0.0021186034175997293
Q9H967,WDR76,16.230719324794222,16.389471157031224,3,3,NA,FALSE,-0.15875183223700162
Q9H974,QTRT2,17.16409078502661,17.127406254117243,3,3,NA,FALSE,0.03668453090936552
Q9H977,WDR54,17.222235844538172,16.767664070053616,3,3,NA,FALSE,0.4545717744845561
Q9H981,ACTR8,16.312128081550046,16.376217082747626,3,3,NA,FALSE,-0.06408900119757988
Q9H993,ARMT1,17.944525629097832,18.040362913209727,3,3,NA,FALSE,-0.0958372841118944
Q9H999,PANK3,13.783043310343928,13.918936760299758,3,3,NA,FALSE,-0.1358934499558302
Q9H9A5,CNOT10,17.626331370817166,17.582829500632016,3,3,NA,FALSE,0.04350187018514973
Q9H9A6,LRRC40,17.790438854758655,17.802608032779137,3,3,NA,FALSE,-0.012169178020482008
Q9H9A7,RMI1,14.55040670061134,14.365644641652775,3,3,NA,FALSE,0.18476205895856523
Q9H9B1,EHMT1,15.797581816568908,15.711865164809689,3,3,NA,FALSE,0.08571665175921872
Q9H9B4,SFXN1,19.70240564706973,19.80332759934994,3,3,NA,FALSE,-0.10092195228020984
Q9H9C1,VIPAS39,16.40227503461249,16.42233192799732,3,3,NA,FALSE,-0.02005689338482952
Q9H9E3,COG4,18.105231169688285,18.205761468320173,3,3,NA,FALSE,-0.10053029863188812
Q9H9F9,ACTR5,15.428900873123796,15.535744922672242,3,3,NA,FALSE,-0.10684404954844595
Q9H9G7,AGO3,14.548857201505813,14.835614335112048,3,3,NA,FALSE,-0.2867571336062351
Q9H9H4,VPS37B,15.362469548349933,15.628293889702652,3,3,NA,FALSE,-0.2658243413527188
Q9H9J2,MRPL44,18.522025078823404,18.503782266170727,3,3,NA,FALSE,0.018242812652676577
Q9H9J4,USP42,14.27942407507516,13.969360023359059,3,3,NA,FALSE,0.3100640517161022
Q9H9L3,ISG20L2,15.991428787240439,16.09851766124016,3,3,NA,FALSE,-0.10708887399971978
Q9H9L4,KANSL2,15.032904313217996,14.899585752649436,3,3,NA,FALSE,0.13331856056855962
Q9H9P8,L2HGDH,17.40736446165774,17.512012667837606,3,3,NA,FALSE,-0.10464820617986703
Q9H9Q2,COPS7B,16.913495919992844,16.916835582073368,3,3,NA,FALSE,-0.003339662080524164
Q9H9Q4,NHEJ1,15.274337511477759,15.481002016428235,3,3,NA,FALSE,-0.20666450495047606
Q9H9S3,SEC61A2,16.46325400440658,16.253608498573968,3,3,NA,FALSE,0.20964550583261143
Q9H9S5,FKRP,17.003093811319047,17.2729300374279,3,3,NA,FALSE,-0.26983622610885405
Q9H9T3,ELP3,16.97674539990001,16.909063041611674,3,3,NA,FALSE,0.06768235828833724
Q9H9V9,JMJD4,13.620566847380276,13.607623196115886,3,3,NA,FALSE,0.0129436512643899
Q9H9Y2,RPF1,17.74045137376841,17.657430888997794,3,3,NA,FALSE,0.08302048477061419
Q9H9Y4,GPN2,14.100572925286189,14.155224218982466,3,3,NA,FALSE,-0.05465129369627775
Q9H9Y6,POLR1B,17.301065013799576,17.24133361617834,3,3,NA,FALSE,0.059731397621234805
Q9HA47,UCK1,15.001776288282604,15.017740010372501,3,3,NA,FALSE,-0.015963722089896493
Q9HA64,FN3KRP,18.124985769794986,18.231621309302366,3,3,NA,FALSE,-0.10663553950737992
Q9HA65,TBC1D17,15.513776834022998,15.399328005283834,3,3,NA,FALSE,0.11444882873916384
Q9HA77,CARS2,18.53701896525578,18.64334958483539,3,3,NA,FALSE,-0.10633061957961232
Q9HA82,CERS4,15.305967576125266,14.793343011836667,3,3,NA,FALSE,0.5126245642885987
Q9HA92,RSAD1,15.01040530473072,15.395515279722972,2,3,NA,FALSE,-0.3851099749922522
Q9HAB8,PPCS,16.80486437121482,16.82186816622671,3,3,NA,FALSE,-0.017003795011891754
Q9HAC7,SUGCT,13.599891992838407,14.186152928236213,3,3,NA,FALSE,-0.5862609353978065
Q9HAC8,UBTD1,14.847882496911993,14.553110999095502,3,3,NA,FALSE,0.29477149781649103
Q9HAD4,WDR41,16.70841850836711,16.380059049531436,3,3,NA,FALSE,0.3283594588356742
Q9HAF1,MEAF6,16.784161089461026,16.559834050693507,3,3,NA,FALSE,0.22432703876751958
Q9HAH7,FBRS,15.05944934647863,15.222781315620226,3,3,NA,FALSE,-0.16333196914159664
Q9HAJ7,SAP30L,15.341994950959176,15.240876574071835,3,3,NA,FALSE,0.10111837688734049
Q9HAN9,NMNAT1,16.67310997391689,16.41702057420344,3,3,NA,FALSE,0.25608939971344924
Q9HAP2,MLXIP,12.822793593244393,13.211740304625563,3,3,NA,FALSE,-0.38894671138116976
Q9HAR2,ADGRL3,15.353761674819578,15.63080396393024,2,3,NA,FALSE,-0.2770422891106623
Q9HAS0,C17orf75,18.846821886668057,18.711943082320023,3,3,NA,FALSE,0.134878804348034
Q9HAT2,SIAE,16.160992113951572,16.33558668360344,3,3,NA,FALSE,-0.1745945696518696
Q9HAU0,PLEKHA5,16.04017859798725,16.155868993064324,3,3,NA,FALSE,-0.11569039507707402
Q9HAU4,SMURF2,16.931292684777173,16.468736888915398,2,3,NA,FALSE,0.46255579586177475
Q9HAU5,UPF2,16.20341929443803,16.250835156409615,3,3,NA,FALSE,-0.047415861971582984
Q9HAV0,GNB4,20.454298861943006,20.31872747308812,3,3,NA,FALSE,0.13557138885488484
Q9HAV4,XPO5,18.54605978654358,18.605876330201887,3,3,NA,FALSE,-0.05981654365830735
Q9HAV7,GRPEL1,19.235117570138772,19.314339951655743,3,3,NA,FALSE,-0.07922238151697059
Q9HAW0,BRF2,14.699203965430202,14.463886709226808,3,3,NA,FALSE,0.23531725620339472
Q9HAW4,CLSPN,15.170977637007788,15.103578835153415,3,3,NA,FALSE,0.06739880185437208
Q9HAZ1,CLK4,14.723227184199027,14.712390446990543,3,3,NA,FALSE,0.010836737208483882
Q9HAZ2,PRDM16,14.494423888294275,14.651740912945613,3,3,NA,FALSE,-0.1573170246513378
Q9HB07,MYG1,18.58014121438111,18.569380792919908,3,3,NA,FALSE,0.010760421461203151
Q9HB09,BCL2L12,14.068843037108802,13.849060848165449,3,3,NA,FALSE,0.21978218894335377
Q9HB19,PLEKHA2,13.135892923256357,13.440961398772847,3,3,NA,FALSE,-0.3050684755164905
Q9HB20,PLEKHA3,16.27031713457278,16.040286064397684,3,3,NA,FALSE,0.23003107017509805
Q9HB21,PLEKHA1,15.05861781804049,15.047399855204828,3,3,NA,FALSE,0.01121796283566212
Q9HB40,SCPEP1,17.795197298468192,18.142790649283704,3,3,NA,FALSE,-0.34759335081551157
Q9HB66,LOC128706665,16.683114889138817,16.93510499851759,3,3,NA,FALSE,-0.25199010937877375
Q9HB71,CACYBP,19.94286797247166,19.64652075817454,3,3,NA,FALSE,0.2963472142971213
Q9HB90,RRAGC,17.85100649580266,17.820277591809493,3,3,NA,FALSE,0.03072890399316819
Q9HB96,FANCE,15.298531045491117,14.99177509362744,3,3,NA,FALSE,0.30675595186367666
Q9HBD1,RC3H2,14.952627049181242,14.950648447479484,3,3,NA,FALSE,0.0019786017017580093
Q9HBE1,PATZ1,17.347384826996613,17.360962127687305,3,3,NA,FALSE,-0.01357730069069163
Q9HBF4,ZFYVE1,15.32959166661958,15.295101588772477,3,3,NA,FALSE,0.034490077847102896
Q9HBG6,IFT122,16.85647488910704,16.728279986410726,3,3,NA,FALSE,0.12819490269631473
Q9HBH1,PDF,15.709161453345159,15.807738066518315,3,3,NA,FALSE,-0.09857661317315625
Q9HBH5,RDH14,16.350208569201094,16.369527966320994,3,3,NA,FALSE,-0.019319397119900827
Q9HBI1,PARVB,15.455492976448635,15.347745006688632,3,3,NA,FALSE,0.10774796976000367
Q9HBK9,AS3MT,15.88618135407121,15.736537159410055,3,3,NA,FALSE,0.14964419466115508
Q9HBL7,PLGRKT,17.750815606301625,17.820391091085405,3,3,NA,FALSE,-0.06957548478377973
Q9HBL8,NMRAL1,13.160397262470996,13.145857477245585,1,3,NA,FALSE,0.014539785225410995
Q9HBM0,VEZT,15.120296756686209,15.334355823722474,3,3,NA,FALSE,-0.2140590670362652
Q9HBM1,SPC25,17.112506235272264,16.858926140494503,3,3,NA,FALSE,0.2535800947777602
Q9HBM6,TAF9B,16.020303297973907,16.204430869572686,3,3,NA,FALSE,-0.18412757159877913
Q9HBR0,SLC38A10,15.293949127573873,15.364855861632146,3,3,NA,FALSE,-0.07090673405827275
Q9HBT8,ZNF286A,12.44432322850991,11.889523948569002,3,2,NA,FALSE,0.5547992799409087
Q9HBU6,ETNK1,14.584892144892269,13.8342484445892,3,3,NA,FALSE,0.750643700303069
Q9HC07,TMEM165,16.215388482415324,16.596987085780036,3,3,NA,FALSE,-0.3815986033647114
Q9HC21,SLC25A19,16.494748437502036,16.585902622194535,3,3,NA,FALSE,-0.09115418469249903
Q9HC35,EML4,18.377203186987085,18.625329210762832,3,3,NA,FALSE,-0.24812602377574677
Q9HC36,MRM3,16.35297200879435,16.406765388359556,3,3,NA,FALSE,-0.05379337956520658
Q9HC38,GLOD4,19.52150920549797,19.478579817624937,3,3,NA,FALSE,0.04292938787303413
Q9HC44,GPBP1L1,16.659112538559388,16.89063532828641,3,3,NA,FALSE,-0.23152278972702334
Q9HC52,CBX8,17.533446826882635,17.509182654610807,3,3,NA,FALSE,0.024264172271827533
Q9HC56,PCDH9,18.696350371886627,17.24869956775398,1,3,NA,FALSE,1.4476508041326461
Q9HC62,SENP2,14.945484476725204,14.955400173085561,3,3,NA,FALSE,-0.009915696360357273
Q9HC98,NEK6,13.844084888557418,13.504206640906595,3,3,NA,FALSE,0.3398782476508231
Q9HCC0,MCCC2,17.741649295994677,17.878507267951854,3,3,NA,FALSE,-0.13685797195717697
Q9HCC6,HES4,12.587644619954574,12.228293590559893,3,3,NA,FALSE,0.35935102939468067
Q9HCD5,NCOA5,17.608793025827666,17.434501595915755,3,3,NA,FALSE,0.1742914299119107
Q9HCD6,TANC2,14.604786230438426,14.472404792661154,3,3,NA,FALSE,0.13238143777727274
Q9HCE0,EPG5,12.584089161170803,12.73940500329787,3,3,NA,FALSE,-0.15531584212706662
Q9HCE1,MOV10,17.417497597774773,17.371032963900014,3,3,NA,FALSE,0.04646463387475919
Q9HCE5,METTL14,16.4306292937484,16.349706713162536,3,3,NA,FALSE,0.0809225805858631
Q9HCE6,ARHGEF10L,12.014579604446851,12.329480867999562,2,3,NA,FALSE,-0.3149012635527111
Q9HCE7,SMURF1,15.50100490640569,15.515184579693518,3,3,NA,FALSE,-0.014179673287827654
Q9HCE9,ANO8,12.758105909932883,12.336739253864724,3,3,NA,FALSE,0.4213666560681588
Q9HCG7,GBA2,14.544008469729208,14.569977348022805,3,3,NA,FALSE,-0.02596887829359673
Q9HCG8,CWC22,16.95543830019588,16.468104521995457,3,3,NA,FALSE,0.4873337782004228
Q9HCH0,NCKAP5L,11.795698537138565,11.656294018254115,3,3,NA,FALSE,0.13940451888444905
Q9HCI6,KIAA1586,13.654874391299476,14.432896753272907,1,1,NA,FALSE,-0.7780223619734308
Q9HCI7,MSL2,17.193520745404395,17.013939454713984,3,3,NA,FALSE,0.17958129069041107
Q9HCJ1,ANKH,14.189196271077622,14.099581643099832,3,3,NA,FALSE,0.08961462797778985
Q9HCJ3,RAVER2,16.654275681458376,16.686691296426332,3,3,NA,FALSE,-0.032415614967955975
Q9HCK1,ZDBF2,13.87614222134229,13.970315794566096,3,3,NA,FALSE,-0.09417357322380582
Q9HCK8,CHD8,17.451024947292886,17.32111144822034,3,3,NA,FALSE,0.129913499072547
Q9HCL2,GPAM,14.119254932098114,13.703930029978766,3,3,NA,FALSE,0.41532490211934814
Q9HCM3,KIAA1549,13.659879388781748,13.563433611547158,3,3,NA,FALSE,0.09644577723459058
Q9HCM4,EPB41L5,15.884996667501689,16.009326820876367,3,3,NA,FALSE,-0.12433015337467879
Q9HCM7,FBRSL1,13.535502114448212,13.065351376991172,3,3,NA,FALSE,0.4701507374570397
Q9HCM9,TRIM39,14.37481927675693,13.665641094869354,1,2,NA,FALSE,0.7091781818875766
Q9HCN4,GPN1,15.717572674832274,15.433367284452467,3,3,NA,FALSE,0.28420539037980674
Q9HCN8,SDF2L1,15.006221445742998,14.485364042149506,3,3,NA,FALSE,0.5208574035934923
Q9HCP0,CSNK1G1,13.579789186081141,13.238768889110817,2,3,NA,FALSE,0.3410202969703242
Q9HCS7,XAB2,19.06493761876105,18.7498894104731,3,3,NA,FALSE,0.3150482082879513
Q9HCU4,CELSR2,14.956747071847811,14.913393862320557,3,3,NA,FALSE,0.043353209527253966
Q9HCU5,PREB,17.35715551528367,17.47191855101002,3,3,NA,FALSE,-0.1147630357263516
Q9HCU9,BRMS1,15.419584798945117,15.46525936570238,3,3,NA,FALSE,-0.045674566757263335
Q9HD15,SRA1,16.30555218403209,16.414443180165243,3,3,NA,FALSE,-0.10889099613315167
Q9HD20,ATP13A1,16.58765480261287,16.515743725618908,3,3,NA,FALSE,0.07191107699396326
Q9HD23,MRS2,17.792591829386666,17.827053018342383,3,3,NA,FALSE,-0.03446118895571715
Q9HD26,GOPC,17.345459005018228,17.24942533284281,3,3,NA,FALSE,0.09603367217541603
Q9HD33,MRPL47,18.04341224350858,17.98450125142988,3,3,NA,FALSE,0.058910992078700986
Q9HD34,LYRM4,18.17056589055642,18.250714773959604,3,3,NA,FALSE,-0.08014888340318294
Q9HD40,SEPSECS,14.695396740529636,14.849495229968438,3,3,NA,FALSE,-0.15409848943880178
Q9HD42,CHMP1A,17.255738522135005,16.8446254066111,3,3,NA,FALSE,0.4111131155239036
Q9HD45,TM9SF3,17.200035851816455,17.332886641202258,3,3,NA,FALSE,-0.13285078938580241
Q9HD47,RANGRF,12.522575134548074,12.204368197054182,3,3,NA,FALSE,0.3182069374938923
Q9HDC5,JPH1,14.992068505589446,14.824393775382676,3,3,NA,FALSE,0.1676747302067696
Q9HDC9,APMAP,19.0075497777165,18.87185680969809,3,3,NA,FALSE,0.13569296801840736
Q9NNW5,WDR6,17.083452259665293,16.761794199609263,3,3,NA,FALSE,0.3216580600560306
Q9NNW7,TXNRD2,17.218264357052504,17.410009079704754,3,3,NA,FALSE,-0.19174472265224907
Q9NNX1,TUFT1,13.076080764573895,13.201030946475923,2,3,NA,FALSE,-0.12495018190202778
Q9NP50,SINHCAF,13.490077182429136,13.162269313234694,2,3,NA,FALSE,0.3278078691944426
Q9NP58,ABCB6,17.105029823543287,17.006375833525507,3,3,NA,FALSE,0.0986539900177803
Q9NP61,ARFGAP3,16.654030627756267,16.785492072057558,3,3,NA,FALSE,-0.1314614443012907
Q9NP64,ZCCHC17,15.508648112058271,15.512502861280808,3,3,NA,FALSE,-0.003854749222536924
Q9NP66,HMG20A,16.829304672657752,16.888707011759223,3,3,NA,FALSE,-0.05940233910147086
Q9NP72,RAB18,19.79854909176214,19.287295922209257,3,3,NA,FALSE,0.5112531695528837
Q9NP73,ALG13,15.39630542677089,15.232254467834343,3,3,NA,FALSE,0.16405095893654753
Q9NP77,SSU72,16.95557385937818,16.768025500664088,3,3,NA,FALSE,0.1875483587140927
Q9NP79,VTA1,18.729168942838502,18.787054515215008,3,3,NA,FALSE,-0.057885572376505934
Q9NP80,PNPLA8,16.957875349500764,17.082081865345604,3,3,NA,FALSE,-0.12420651584483977
Q9NP81,SARS2,16.521413940984967,16.768866628725323,3,3,NA,FALSE,-0.24745268774035623
Q9NP90,RAB9B,15.084465128254424,14.994892388076074,3,3,NA,FALSE,0.08957274017834926
Q9NP92,MRPS30,17.88449104363448,17.989902785986974,3,3,NA,FALSE,-0.10541174235249429
Q9NP97,DYNLRB1,19.019331484434623,19.0358409827289,3,3,NA,FALSE,-0.01650949829427617
Q9NPA0,EMC7,17.05520122980945,16.610236091507364,3,3,NA,FALSE,0.44496513830208784
Q9NPA3,MID1IP1,14.013239017020679,13.810325232816226,3,3,NA,FALSE,0.20291378420445305
Q9NPA8,ENY2,17.76299465762932,17.74909132546746,3,3,NA,FALSE,0.013903332161859794
Q9NPB8,GPCPD1,14.5688403131726,15.040090478091704,3,3,NA,FALSE,-0.47125016491910365
Q9NPD3,EXOSC4,17.656744990653664,17.572958593646817,3,3,NA,FALSE,0.08378639700684687
Q9NPD8,UBE2T,17.651656501893765,17.07518249002518,3,3,NA,FALSE,0.5764740118685836
Q9NPE2,NGRN,14.051582195396284,14.01804880544009,3,3,NA,FALSE,0.033533389956193815
Q9NPE3,NOP10,18.11400693578576,18.185455548629903,3,3,NA,FALSE,-0.07144861284414361
Q9NPF4,OSGEP,17.66882672064751,17.820071145040888,3,3,NA,FALSE,-0.15124442439337926
Q9NPF5,DMAP1,18.74232510871165,18.659169135813244,3,3,NA,FALSE,0.08315597289840682
Q9NPG3,UBN1,16.05351869008616,15.692287272979915,3,3,NA,FALSE,0.3612314171062465
Q9NPH0,ACP6,15.563905689203597,15.626190889268116,3,3,NA,FALSE,-0.062285200064518875
Q9NPH2,ISYNA1,18.819355094224235,18.746385056523888,3,3,NA,FALSE,0.07297003770034749
Q9NPI1,BRD7,15.421180490589299,15.365535786907545,3,3,NA,FALSE,0.05564470368175378
Q9NPI6,DCP1A,19.26875034164913,19.57275866514026,3,3,NA,FALSE,-0.3040083234911286
Q9NPJ3,ACOT13,19.084676673796626,19.16556932536279,3,3,NA,FALSE,-0.08089265156616321
Q9NPJ6,MED4,18.880668895098573,18.888434683019668,3,3,NA,FALSE,-0.0077657879210946135
Q9NPJ8,NXT2,15.09560316105242,14.651682008506807,3,3,NA,FALSE,0.44392115254561304
Q9NPL8,TIMMDC1,16.784860973779505,16.68153462106658,3,3,NA,FALSE,0.10332635271292645
Q9NPQ8,RIC8A,16.74330327004819,16.81770114548566,3,3,NA,FALSE,-0.07439787543746945
Q9NPR9,GPR108,15.140549189415424,15.022166598972792,2,2,NA,FALSE,0.11838259044263211
Q9NQ11,ATP13A2,16.10551669034575,15.847272754709662,3,3,NA,FALSE,0.25824393563608616
Q9NQ29,LUC7L,16.892572044959707,16.7956722260304,3,3,NA,FALSE,0.09689981892930533
Q9NQ48,LZTFL1,17.287998285753172,17.166826889196315,3,3,NA,FALSE,0.12117139655685705
Q9NQ50,MRPL40,18.72915526593989,18.607443596440707,3,3,NA,FALSE,0.12171166949918444
Q9NQ55,PPAN,17.963314830241128,17.837728936731764,3,3,NA,FALSE,0.12558589350936344
Q9NQ66,PLCB1,15.1820060492605,15.568867978328248,3,3,NA,FALSE,-0.38686192906774863
Q9NQ84,GPRC5C,14.260227613722018,14.42027881055466,3,3,NA,FALSE,-0.1600511968326419
Q9NQ86,TRIM36,14.885417531769956,14.61858139740885,2,2,NA,FALSE,0.26683613436110676
Q9NQ88,TIGAR,18.708312987922017,18.751946028497446,3,3,NA,FALSE,-0.04363304057542905
Q9NQ89,FERRY3,14.55335637913986,14.758107424622828,3,3,NA,FALSE,-0.2047510454829684
Q9NQ92,COPRS,14.891293748225193,14.868962886825958,3,3,NA,FALSE,0.02233086139923479
Q9NQA3,WASH6P,16.034624688540415,15.9624197311476,1,3,NA,FALSE,0.07220495739281496
Q9NQB0,TCF7L2,14.874710382471452,15.486429861020438,2,3,NA,FALSE,-0.6117194785489861
Q9NQC3,RTN4,19.220550205936735,19.459549613083087,3,3,NA,FALSE,-0.23899940714635193
Q9NQC7,CYLD,16.42441110770166,16.500780054376946,3,3,NA,FALSE,-0.07636894667528793
Q9NQC8,IFT46,15.328629095499677,15.63544394461454,3,3,NA,FALSE,-0.306814849114863
Q9NQE9,HINT3,16.140883484420794,16.301715348864406,3,3,NA,FALSE,-0.16083186444361175
Q9NQG1,MANBAL,13.770423447632524,12.817276106635415,1,2,NA,FALSE,0.9531473409971092
Q9NQG5,RPRD1B,18.6170076933256,18.70514189187037,3,3,NA,FALSE,-0.08813419854476834
Q9NQG6,MIEF1,15.585705515503182,15.580922493300962,3,3,NA,FALSE,0.004783022202220266
Q9NQH7,XPNPEP3,17.407878623652206,17.38088379503636,3,3,NA,FALSE,0.02699482861584457
Q9NQL2,RRAGD,13.179429383554808,12.940181873185235,3,3,NA,FALSE,0.23924751036957304
Q9NQP4,PFDN4,16.231137062601213,16.08995813051214,3,3,NA,FALSE,0.14117893208907262
Q9NQQ7,SLC35C2,13.879948635667684,13.512136475803867,3,3,NA,FALSE,0.3678121598638171
Q9NQR4,NIT2,17.528118009927848,17.482973039144767,3,3,NA,FALSE,0.045144970783081106
Q9NQS1,AVEN,14.62538078063931,14.89822601272904,3,3,NA,FALSE,-0.27284523208973077
Q9NQS3,NECTIN3,13.42529554126531,13.755216952534965,3,3,NA,FALSE,-0.32992141126965535
Q9NQS7,INCENP,17.239860083906493,17.19502755319496,3,3,NA,FALSE,0.04483253071153115
Q9NQT4,EXOSC5,17.668725808526403,17.608827658026968,3,3,NA,FALSE,0.05989815049943559
Q9NQT5,EXOSC3,17.327761894928788,17.335880130375347,3,3,NA,FALSE,-0.008118235446559652
Q9NQT8,KIF13B,15.829066870499078,15.863820434056363,3,3,NA,FALSE,-0.03475356355728465
Q9NQV6,PRDM10,15.10896149369583,14.95983484029489,3,3,NA,FALSE,0.14912665340093945
Q9NQW6,ANLN,16.641482156075497,16.889225911104333,3,3,NA,FALSE,-0.24774375502883572
Q9NQW7,XPNPEP1,18.510143972931964,18.540881231065235,3,3,NA,FALSE,-0.03073725813327144
Q9NQX3,GPHN,19.899316704662677,19.8977702541954,3,3,NA,FALSE,0.001546450467277083
Q9NQX4,MYO5C,13.07944910052057,12.588775499963235,3,3,NA,FALSE,0.49067360055733467
Q9NQX7,ITM2C,14.628877751301713,14.480962283469799,3,3,NA,FALSE,0.14791546783191478
Q9NQY0,BIN3,15.453678493172154,15.447531609201832,3,3,NA,FALSE,0.006146883970322037
Q9NQZ2,UTP3,18.090426062788357,18.022020068222844,3,3,NA,FALSE,0.06840599456551288
Q9NQZ5,STARD7,14.947948665776787,14.897829608476462,3,3,NA,FALSE,0.050119057300324954
Q9NQZ6,ZC4H2,13.299901320961567,13.130500880955822,2,3,NA,FALSE,0.16940044000574517
Q9NR09,BIRC6,16.837485548826507,16.865966598455188,3,3,NA,FALSE,-0.02848104962868092
Q9NR12,PDLIM7,16.619715201735932,16.72241055058178,3,3,NA,FALSE,-0.10269534884584886
Q9NR19,ACSS2,15.818135063718987,15.813116149141427,3,3,NA,FALSE,0.005018914577560096
Q9NR28,DIABLO,18.4297614171058,18.54250262033475,3,3,NA,FALSE,-0.11274120322894987
Q9NR30,DDX21,19.924302922750908,19.798173473237306,3,3,NA,FALSE,0.12612944951360205
Q9NR31,SAR1A,19.838525356880194,19.481705460055554,3,3,NA,FALSE,0.3568198968246392
Q9NR33,POLE4,16.37732295923684,16.083870121615163,3,3,NA,FALSE,0.2934528376216754
Q9NR34,MAN1C1,13.27423006345932,14.621082067588645,2,2,NA,FALSE,-1.3468520041293246
Q9NR45,NANS,19.283203551113147,19.571878026191555,3,3,NA,FALSE,-0.28867447507840893
Q9NR46,SH3GLB2,16.552626935240436,16.575215387978083,3,3,NA,FALSE,-0.022588452737647202
Q9NR48,ASH1L,13.837789420052738,13.453912712770359,3,3,NA,FALSE,0.3838767072823792
Q9NR50,EIF2B3,16.33934748347005,16.343557286712393,3,3,NA,FALSE,-0.004209803242343213
Q9NR56,MBNL1,15.595999198483181,15.921484148063163,3,3,NA,FALSE,-0.3254849495799821
Q9NR77,PXMP2,16.515122899402236,15.750510123971305,3,3,NA,FALSE,0.7646127754309315
Q9NRA0,SPHK2,14.697655433405744,14.969097153435033,3,3,NA,FALSE,-0.2714417200292889
Q9NRA2,SLC17A5,14.528227892934371,13.82010255756386,3,3,NA,FALSE,0.7081253353705108
Q9NRA8,EIF4ENIF1,15.773686913558489,15.913241809357809,3,3,NA,FALSE,-0.13955489579931957
Q9NRC1,ST7,15.272464025637893,15.116489843505285,3,3,NA,FALSE,0.15597418213260816
Q9NRC8,SIRT7,15.729185149157411,15.40767871014781,3,3,NA,FALSE,0.3215064390096014
Q9NRD5,PICK1,17.623781869419922,17.719583476495643,3,3,NA,FALSE,-0.09580160707572105
Q9NRF2,SH2B1,14.854153981234177,14.783902837952395,3,3,NA,FALSE,0.07025114328178184
Q9NRF8,CTPS2,18.06449167397133,18.015740192235086,3,3,NA,FALSE,0.04875148173624311
Q9NRF9,POLE3,18.427594971176113,18.600489370472694,3,3,NA,FALSE,-0.17289439929658101
Q9NRG0,CHRAC1,17.184238989009653,16.96412866310118,3,3,NA,FALSE,0.2201103259084718
Q9NRG1,PRTFDC1,15.611322447060038,15.857147090428453,3,3,NA,FALSE,-0.24582464336841525
Q9NRG4,SMYD2,13.707631985972107,13.177694610819747,3,3,NA,FALSE,0.5299373751523593
Q9NRG7,SDR39U1,16.457791282560507,16.637629515484115,3,3,NA,FALSE,-0.17983823292360768
Q9NRG9,AAAS,17.60531293974419,17.612808547336925,3,3,NA,FALSE,-0.007495607592733933
Q9NRH1,YAE1,13.30671947023846,13.206531600161778,2,2,NA,FALSE,0.10018787007668273
Q9NRH2,SNRK,14.563632348053929,14.396417773257852,3,3,NA,FALSE,0.16721457479607693
Q9NRK6,ABCB10,16.87911043781946,16.996257123199108,3,3,NA,FALSE,-0.11714668537964812
Q9NRL2,BAZ1A,16.421310804622433,16.11182241706392,3,3,NA,FALSE,0.30948838755851327
Q9NRL3,STRN4,16.045442087861503,16.189116298133754,3,3,NA,FALSE,-0.1436742102722519
Q9NRM2,ZNF277,16.377628585964462,16.306310389425175,3,3,NA,FALSE,0.07131819653928773
Q9NRN7,AASDHPPT,18.4126412547606,18.388749358369253,3,3,NA,FALSE,0.0238918963913477
Q9NRN9,METTL5,15.980862745580598,15.748906584589882,3,3,NA,FALSE,0.23195616099071614
Q9NRP0,OSTC,19.327740906509124,19.498091558635917,3,3,NA,FALSE,-0.17035065212679257
Q9NRP2,CMC2,15.157575549902573,15.579918255964438,3,3,NA,FALSE,-0.4223427060618654
Q9NRR3,CDC42SE2,13.577526005990272,14.472494660805326,3,3,NA,FALSE,-0.8949686548150542
Q9NRR4,DROSHA,15.383172431501116,15.24176589828195,3,3,NA,FALSE,0.14140653321916652
Q9NRR5,UBQLN4,18.7984335471272,19.13163988722485,3,3,NA,FALSE,-0.33320634009765016
Q9NRR6,INPP5E,12.148294273637838,12.068269034867374,3,3,NA,FALSE,0.08002523877046386
Q9NRS6,SNX15,15.543687186775458,15.731243974586729,3,3,NA,FALSE,-0.18755678781127116
Q9NRU3,CNNM1,12.862704130355933,12.059532662081697,1,3,NA,FALSE,0.8031714682742361
Q9NRV9,HEBP1,18.62294469372648,18.524989660029277,3,3,NA,FALSE,0.09795503369720393
Q9NRW1,RAB6B,16.79376687630227,16.776165810343013,3,3,NA,FALSE,0.017601065959258477
Q9NRW3,APOBEC3C,18.336574045452416,18.181116465446202,3,3,NA,FALSE,0.1554575800062139
Q9NRW4,DUSP22,13.639685778966454,13.4379598343653,3,3,NA,FALSE,0.20172594460115434
Q9NRW7,VPS45,17.336795300048784,17.11848041962017,3,3,NA,FALSE,0.2183148804286148
Q9NRX1,PNO1,17.71722268283685,17.559217024287474,3,3,NA,FALSE,0.15800565854937787
Q9NRX2,MRPL17,17.347943361188413,17.178270549415615,3,3,NA,FALSE,0.16967281177279858
Q9NRX4,PHPT1,18.234592763499215,17.874463824741945,3,3,NA,FALSE,0.3601289387572706
Q9NRX5,SERINC1,17.929490241464606,18.115350140099213,3,3,NA,FALSE,-0.1858598986346074
Q9NRY2,INIP,14.062412425002668,14.006657651099962,3,3,NA,FALSE,0.05575477390270578
Q9NRY4,ARHGAP35,19.70382090913123,19.794905459623713,3,3,NA,FALSE,-0.09108455049248221
Q9NRY5,FAM114A2,18.189964871289646,18.206477018053803,3,3,NA,FALSE,-0.01651214676415691
Q9NRY6,PLSCR3,14.86043645857773,15.333268170653575,3,3,NA,FALSE,-0.47283171207584473
Q9NRZ5,AGPAT4,16.383476064391598,16.245297811058087,3,3,NA,FALSE,0.13817825333351053
Q9NRZ7,AGPAT3,16.733222061718394,16.66960338285695,3,3,NA,FALSE,0.06361867886144523
Q9NRZ9,HELLS,17.88023867390065,17.544929056082164,3,3,NA,FALSE,0.3353096178184849
Q9NS00,C1GALT1,14.867855854709662,15.387299005928293,3,3,NA,FALSE,-0.5194431512186313
Q9NS18,GLRX2,14.39400638442527,14.110202535926046,1,3,NA,FALSE,0.2838038484992236
Q9NS23,RASSF1,14.820833562338048,15.104861806352217,3,3,NA,FALSE,-0.28402824401416815
Q9NS56,TOPORS,13.648184075165444,13.480918053442842,3,3,NA,FALSE,0.16726602172260208
Q9NS69,TOMM22,19.45255674986622,19.84238825981849,3,3,NA,FALSE,-0.38983150995227334
Q9NS73,MBIP,19.449339200036654,19.393206855201285,3,3,NA,FALSE,0.056132344835369
Q9NS86,LANCL2,15.862652803281854,16.088222231403133,3,3,NA,FALSE,-0.225569428121279
Q9NS87,KIF15,15.231962406399507,15.250693158929126,3,3,NA,FALSE,-0.018730752529618755
Q9NS91,RAD18,15.971997976657045,15.793092917835072,3,3,NA,FALSE,0.17890505882197338
Q9NS93,TM7SF3,19.930574047539825,19.773280662673415,3,3,NA,FALSE,0.15729338486640998
Q9NSA3,CTNNBIP1,13.744431786268068,13.736059304982918,1,3,NA,FALSE,0.008372481285150002
Q9NSB8,HOMER2,14.454935757826563,14.401454144859395,3,3,NA,FALSE,0.053481612967168246
Q9NSC2,SALL1,14.809669741415732,15.121425179727654,3,3,NA,FALSE,-0.31175543831192165
Q9NSD9,FARSB,18.901051096763688,18.858525643373607,3,3,NA,FALSE,0.042525453390080514
Q9NSE4,IARS2,19.052050967230834,19.127754362639216,3,3,NA,FALSE,-0.07570339540838233
Q9NSG2,FIRRM,16.25138885169087,16.270293602902058,3,3,NA,FALSE,-0.018904751211188398
Q9NSI2,SLX9,16.198660622523235,15.989392377812473,3,3,NA,FALSE,0.20926824471076166
Q9NSI6,BRWD1,13.355763077857548,13.298471178573493,3,3,NA,FALSE,0.05729189928405454
Q9NSK0,KLC4,16.549457413640596,16.668524840177607,3,3,NA,FALSE,-0.1190674265370113
Q9NSK7,C19orf12,15.42528686005538,15.60712508845399,3,3,NA,FALSE,-0.18183822839861108
Q9NSP4,CENPM,16.726998364447493,16.461603665242546,3,3,NA,FALSE,0.26539469920494696
Q9NSV4,DIAPH3,17.027698313665255,17.267481516810676,3,3,NA,FALSE,-0.23978320314542145
Q9NSY0,NRBP2,15.942929855072963,15.812592654395067,3,3,NA,FALSE,0.13033720067789645
Q9NSY1,BMP2K,16.16308353840209,16.006296841423605,3,3,NA,FALSE,0.1567866969784859
Q9NT22,EMILIN3,11.750116727810052,11.571502406792666,3,3,NA,FALSE,0.1786143210173865
Q9NT62,ATG3,17.824472040616392,17.743219285755572,3,3,NA,FALSE,0.08125275486082018
Q9NT99,LRRC4B,14.661623621621958,14.47710604416231,2,3,NA,FALSE,0.1845175774596477
Q9NTG7,SIRT3,17.467169740307227,17.679842893720345,3,3,NA,FALSE,-0.21267315341311743
Q9NTI5,PDS5B,19.621226034463593,19.688949218652144,3,3,NA,FALSE,-0.0677231841885515
Q9NTJ3,SMC4,18.183004793152996,18.22647798381599,3,3,NA,FALSE,-0.04347319066299349
Q9NTJ4,MAN2C1,14.992345183685297,15.344350735375002,3,3,NA,FALSE,-0.3520055516897056
Q9NTJ5,SACM1L,18.604504711000093,18.51152460964227,3,3,NA,FALSE,0.0929801013578242
Q9NTK5,OLA1,19.960582986915885,20.000389843083752,3,3,NA,FALSE,-0.03980685616786772
Q9NTM9,CUTC,17.598714979123752,17.53715761486124,3,3,NA,FALSE,0.06155736426251224
Q9NTN3,SLC35D1,14.75883854903499,14.488615065093784,3,3,NA,FALSE,0.27022348394120677
Q9NTW7,ZFP64,14.735668441269674,14.575268597413606,3,3,NA,FALSE,0.16039984385606765
Q9NTX5,ECHDC1,17.552356391784965,17.702249612036283,3,3,NA,FALSE,-0.14989322025131813
Q9NTX7,RNF146,12.457670661732784,11.86750098069334,2,2,NA,FALSE,0.5901696810394448
Q9NTZ6,RBM12,21.935266637588047,22.0706212350596,3,3,NA,FALSE,-0.13535459747155443
Q9NU19,TBC1D22B,14.19897314747434,14.416856523296033,3,3,NA,FALSE,-0.21788337582169248
Q9NU22,MDN1,17.195424319250307,17.242882130531306,3,3,NA,FALSE,-0.04745781128099935
Q9NU23,LYRM2,16.375199739331748,16.280825894897486,3,3,NA,FALSE,0.09437384443426211
Q9NU53,GINM1,14.710631641202426,14.368149003615953,3,3,NA,FALSE,0.3424826375864729
Q9NUA8,ZBTB40,15.270712785800098,15.428711092613616,3,3,NA,FALSE,-0.15799830681351779
Q9NUB1,ACSS1,15.90201025367096,15.923978681405139,3,3,NA,FALSE,-0.021968427734178064
Q9NUD5,ZCCHC3,16.22558736659494,16.115393915360873,3,3,NA,FALSE,0.11019345123406765
Q9NUE0,ZDHHC18,15.04795853335837,15.311585926586792,3,3,NA,FALSE,-0.2636273932284219
Q9NUG6,PDRG1,14.25718018581127,14.782919415476808,3,3,NA,FALSE,-0.5257392296655379
Q9NUI1,DECR2,15.551249625113336,14.890392707860904,3,3,NA,FALSE,0.6608569172524312
Q9NUJ1,ABHD10,19.099788797970948,19.44250621763171,3,3,NA,FALSE,-0.34271741966076164
Q9NUJ3,TCP11L1,19.203873848285667,19.17638208213683,3,3,NA,FALSE,0.02749176614883808
Q9NUK0,MBNL3,12.70514822495521,13.601975936780294,3,3,NA,FALSE,-0.8968277118250843
Q9NUL3,STAU2,16.410172434390834,16.54705951033329,3,3,NA,FALSE,-0.13688707594245741
Q9NUL7,DDX28,16.908958038155227,16.860268625299206,3,3,NA,FALSE,0.04868941285602091
Q9NUM4,TMEM106B,17.360764587675007,17.183666245549862,3,3,NA,FALSE,0.17709834212514508
Q9NUN5,LMBRD1,14.98750936452793,15.384195399419767,3,3,NA,FALSE,-0.39668603489183596
Q9NUP1,BLOC1S4,15.662293755797696,15.762641525134109,3,3,NA,FALSE,-0.10034776933641254
Q9NUP7,TRMT13,15.843636750674705,15.622812113710255,3,3,NA,FALSE,0.22082463696444954
Q9NUP9,LIN7C,18.094556606755177,18.048805827521313,3,3,NA,FALSE,0.04575077923386317
Q9NUQ2,AGPAT5,15.606969429735198,15.540622074151377,3,3,NA,FALSE,0.06634735558382054
Q9NUQ3,TXLNG,16.732281061291957,16.88245026834722,3,3,NA,FALSE,-0.1501692070552636
Q9NUQ6,SPATS2L,15.771969534627704,15.54008085352067,3,3,NA,FALSE,0.23188868110703353
Q9NUQ7,UFSP2,15.963075284631842,16.100193968419834,3,3,NA,FALSE,-0.13711868378799252
Q9NUQ8,ABCF3,15.393442136061168,15.269267138428711,3,3,NA,FALSE,0.12417499763245665
Q9NUQ9,CYRIB,18.25797428656463,18.254352889378698,3,3,NA,FALSE,0.00362139718593113
Q9NUS5,AP5S1,13.803935607157948,14.030402365212334,3,3,NA,FALSE,-0.22646675805438576
Q9NUT2,ABCB8,16.184568886672107,16.379997380995682,3,3,NA,FALSE,-0.19542849432357556
Q9NUU6,OTULINL,15.494491206839546,15.327251619273607,3,3,NA,FALSE,0.16723958756593937
Q9NUU7,DDX19A,18.621257153940284,18.50409477240566,3,3,NA,FALSE,0.117162381534623
Q9NUW8,TDP1,15.444505540727528,15.445184446280336,3,3,NA,FALSE,-6.789055528084731e-4
Q9NUX5,POT1,15.925622254059215,15.727820603464902,3,3,NA,FALSE,0.19780165059431276
Q9NUY8,TBC1D23,15.738537895498098,16.202265261003333,3,3,NA,FALSE,-0.4637273655052354
Q9NV06,DCAF13,16.15984872275458,16.313216168719425,3,3,NA,FALSE,-0.15336744596484309
Q9NV31,IMP3,17.770685622184036,17.845150350531355,3,3,NA,FALSE,-0.07446472834731921
Q9NV35,NUDT15,16.00832361717338,15.86539585094547,3,3,NA,FALSE,0.1429277662279116
Q9NV56,MRGBP,17.296883478045903,17.370636499623128,3,3,NA,FALSE,-0.0737530215772253
Q9NV64,TMEM39A,13.823548145716446,13.699183888264553,3,3,NA,FALSE,0.12436425745189261
Q9NV66,TYW1,14.086084790885426,14.171274108437263,3,3,NA,FALSE,-0.08518931755183701
Q9NV70,EXOC1,15.85861479962026,15.900105872747023,3,3,NA,FALSE,-0.041491073126762146
Q9NV79,PCMTD2,13.072061217090438,12.724926149676882,2,2,NA,FALSE,0.3471350674135554
Q9NV88,INTS9,15.714414013429517,15.672740481859998,3,3,NA,FALSE,0.041673531569518474
Q9NV92,NDFIP2,13.439408655717523,13.155207859682163,3,3,NA,FALSE,0.2842007960353605
Q9NV96,TMEM30A,16.22800037630345,16.245399357534737,3,3,NA,FALSE,-0.017398981231288246
Q9NVA1,UQCC1,16.870011233070066,16.86527345124036,3,3,NA,FALSE,0.004737781829707188
Q9NVA2,SEPTIN11,18.85251373839914,18.891264401224188,3,3,NA,FALSE,-0.038750662825048465
Q9NVA4,TMEM184C,15.52472579577486,15.451183732719374,3,3,NA,FALSE,0.07354206305548594
Q9NVC3,SLC38A7,16.094635335115754,15.821166317535024,3,3,NA,FALSE,0.27346901758073017
Q9NVC6,MED17,16.9765153394585,17.026535851736373,3,3,NA,FALSE,-0.05002051227787163
Q9NVD7,PARVA,17.176037709549735,17.298234039499153,3,3,NA,FALSE,-0.12219632994941776
Q9NVE5,USP40,13.80830053344484,14.157828806945563,3,3,NA,FALSE,-0.3495282735007237
Q9NVE7,PANK4,16.168244907948832,16.158337875682346,3,3,NA,FALSE,0.009907032266486482
Q9NVF7,FBXO28,14.886990009422332,14.532878913734715,3,3,NA,FALSE,0.35411109568761745
Q9NVG8,TBC1D13,16.42123158546898,16.503272139515648,3,3,NA,FALSE,-0.08204055404666732
Q9NVH0,EXD2,17.091419520950694,17.133412198128152,3,3,NA,FALSE,-0.041992677177457693
Q9NVH1,DNAJC11,17.226169175487964,17.370466291369873,3,3,NA,FALSE,-0.1442971158819084
Q9NVH2,INTS7,15.985976100945782,15.962273929676956,3,3,NA,FALSE,0.023702171268826788
Q9NVH6,TMLHE,16.522479467261352,16.440983975089456,3,3,NA,FALSE,0.08149549217189644
Q9NVI1,FANCI,19.269152465932596,19.24974779678979,3,3,NA,FALSE,0.01940466914280492
Q9NVI7,ATAD3A,19.259210431359776,19.399643327150713,3,3,NA,FALSE,-0.1404328957909371
Q9NVJ2,ARL8B,19.32067216255144,19.16148508034848,3,3,NA,FALSE,0.1591870822029584
Q9NVK5,FGFR1OP2,16.06159422952918,16.015639259805898,3,3,NA,FALSE,0.04595496972328306
Q9NVM4,PRMT7,14.701162890821548,14.28031423301147,3,3,NA,FALSE,0.42084865781007785
Q9NVM6,DNAJC17,15.659408461814001,15.767674199398346,3,3,NA,FALSE,-0.10826573758434499
Q9NVM9,INTS13,17.112661874250428,16.919866135659547,3,3,NA,FALSE,0.19279573859088117
Q9NVN3,RIC8B,15.221946743675412,15.044919265654025,3,3,NA,FALSE,0.17702747802138674
Q9NVN8,GNL3L,16.79775137103909,16.520304536050396,3,3,NA,FALSE,0.2774468349886945
Q9NVP1,DDX18,19.432685150985293,19.301190002420444,3,3,NA,FALSE,0.13149514856484856
Q9NVP2,ASF1B,16.746325281819267,16.19481308946208,3,3,NA,FALSE,0.5515121923571868
Q9NVQ4,FAIM,14.957039956500614,14.812055271221727,3,3,NA,FALSE,0.14498468527888697
Q9NVR0,KLHL11,14.454254146547488,13.848901084922156,3,3,NA,FALSE,0.6053530616253315
Q9NVR2,INTS10,16.598276327740894,16.570296059205614,3,3,NA,FALSE,0.027980268535280572
Q9NVR5,DNAAF2,14.695710516269688,14.83811090555909,3,3,NA,FALSE,-0.14240038928940102
Q9NVS2,MRPS18A,17.27758287584003,17.118199153003424,3,3,NA,FALSE,0.15938372283660485
Q9NVS9,PNPO,16.910899529767093,16.711431316118023,3,3,NA,FALSE,0.19946821364906953
Q9NVT9,ARMC1,16.31171692266858,16.17206491914259,3,3,NA,FALSE,0.13965200352599183
Q9NVU0,POLR3E,16.197687551273745,16.309287363150357,3,3,NA,FALSE,-0.11159981187661216
Q9NVU7,SDAD1,18.821837027090655,18.881156311013456,3,3,NA,FALSE,-0.05931928392280028
Q9NVV0,TMEM38B,17.07406713729696,17.054952439883365,3,3,NA,FALSE,0.019114697413595394
Q9NVV4,MTPAP,17.763466175642435,17.664815559553634,3,3,NA,FALSE,0.09865061608880055
Q9NVV5,AIG1,15.201193214044258,14.944930821080884,3,3,NA,FALSE,0.2562623929633734
Q9NVW2,RLIM,13.79369491848059,13.326106023177994,3,3,NA,FALSE,0.46758889530259573
Q9NVX0,HAUS2,15.69326244742432,15.799730300118492,3,3,NA,FALSE,-0.10646785269417158
Q9NVX2,NLE1,20.59226707895084,20.670915381022674,3,3,NA,FALSE,-0.0786483020718336
Q9NVX7,KBTBD4,13.112422346201477,13.402507570236338,3,3,NA,FALSE,-0.29008522403486126
Q9NVZ3,NECAP2,17.235284149015076,17.259839904058772,3,3,NA,FALSE,-0.024555755043696337
Q9NW07,ZNF358,14.724255740334813,14.617955242941235,3,3,NA,FALSE,0.10630049739357794
Q9NW08,POLR3B,16.622554290760952,16.625126909157572,3,3,NA,FALSE,-0.00257261839661993
Q9NW13,RBM28,17.75088817672713,17.710596813027472,3,3,NA,FALSE,0.04029136369965869
Q9NW15,ANO10,16.8485180802932,16.604775043392344,3,3,NA,FALSE,0.24374303690085597
Q9NW38,FANCL,17.388335935158555,17.384546306899452,3,3,NA,FALSE,0.003789628259102784
Q9NW61,PLEKHJ1,16.519819806166545,16.469072217200768,3,3,NA,FALSE,0.05074758896577691
Q9NW64,RBM22,17.719818836259183,17.614406504534422,3,3,NA,FALSE,0.10541233172476083
Q9NW68,BSDC1,15.702629681399808,15.863833058023692,3,3,NA,FALSE,-0.1612033766238845
Q9NW75,GPATCH2,14.28055551633585,14.237552289059101,3,3,NA,FALSE,0.0430032272767491
Q9NW81,DMAC2,16.228056661806693,16.363378376342745,3,3,NA,FALSE,-0.13532171453605102
Q9NW82,WDR70,16.722897055740518,16.969481717681234,3,3,NA,FALSE,-0.24658466194071593
Q9NW97,TMEM51,12.686165631342464,13.0552983833285,3,3,NA,FALSE,-0.36913275198603657
Q9NWB6,ARGLU1,16.558635814293922,16.46713292343265,3,3,NA,FALSE,0.09150289086127117
Q9NWB7,IFT57,16.180496762403653,16.153532893932926,3,3,NA,FALSE,0.026963868470726737
Q9NWH2,TMEM242,13.236909378483112,13.154856811496508,3,3,NA,FALSE,0.08205256698660435
Q9NWH9,SLTM,16.509333586325667,16.527544723853744,3,3,NA,FALSE,-0.018211137528076904
Q9NWK9,ZNHIT6,19.351536705057594,19.493489345998736,3,3,NA,FALSE,-0.1419526409411418
Q9NWM0,SMOX,13.884933564262656,13.688468176438917,2,2,NA,FALSE,0.19646538782373923
Q9NWM3,CUEDC1,13.454011250290309,13.676074592099102,3,3,NA,FALSE,-0.22206334180879317
Q9NWM8,FKBP14,15.548156777506982,15.221607250879837,3,3,NA,FALSE,0.3265495266271454
Q9NWQ8,PAG1,15.648264615409563,15.857572020322388,3,3,NA,FALSE,-0.20930740491282585
Q9NWR8,MCUB,14.631063273010927,14.66293609008685,3,3,NA,FALSE,-0.031872817075923265
Q9NWS0,PIH1D1,16.67869023363587,16.710482485375504,3,3,NA,FALSE,-0.031792251739634736
Q9NWS8,RMND1,16.094251514598728,16.177378046294496,3,3,NA,FALSE,-0.08312653169576834
Q9NWS9,ZNF446,13.679179017197809,13.268754922749368,3,3,NA,FALSE,0.41042409444844097
Q9NWT1,PAK1IP1,16.60833536458437,16.480762202692162,3,3,NA,FALSE,0.12757316189220802
Q9NWT6,HIF1AN,19.98991136035297,20.11542326705451,3,3,NA,FALSE,-0.12551190670154
Q9NWT8,AURKAIP1,15.587287273395479,15.708503315228695,3,3,NA,FALSE,-0.12121604183321644
Q9NWU1,OXSM,15.32791148441214,15.256901387223632,3,3,NA,FALSE,0.07101009718850726
Q9NWU2,GID8,14.937553925053596,15.124946373373493,3,3,NA,FALSE,-0.18739244831989765
Q9NWU5,MRPL22,17.347198188395577,17.39746287667921,3,3,NA,FALSE,-0.05026468828363306
Q9NWV4,CZIB,18.039398559932263,17.919123733009037,3,3,NA,FALSE,0.12027482692322522
Q9NWV8,BABAM1,16.30680005679985,16.305460685437495,3,3,NA,FALSE,0.0013393713623557346
Q9NWW5,CLN6,15.477662593532497,15.170291009491258,3,3,NA,FALSE,0.3073715840412383
Q9NWW6,NMRK1,14.82475885133692,14.938761851497336,3,3,NA,FALSE,-0.11400300016041598
Q9NWW7,C2orf42,13.406559907592408,13.394092245913814,1,2,NA,FALSE,0.0124676616785937
Q9NWX5,ASB6,14.678150762801858,14.470888006640688,3,3,NA,FALSE,0.2072627561611693
Q9NWX6,THG1L,16.027285928628352,15.871677339407837,3,3,NA,FALSE,0.15560858922051501
Q9NWY4,HPF1,18.057698429182675,18.08419420600295,3,3,NA,FALSE,-0.026495776820276262
Q9NWZ3,IRAK4,16.01137458602418,16.066714656254803,3,3,NA,FALSE,-0.05534007023062415
Q9NWZ5,UCKL1,15.958540705980619,15.720705426664521,3,3,NA,FALSE,0.23783527931609783
Q9NWZ8,GEMIN8,16.209814970939156,15.967034430701421,3,3,NA,FALSE,0.2427805402377352
Q9NX00,TMEM160,16.67953092638612,16.732294712378774,3,3,NA,FALSE,-0.052763785992652856
Q9NX01,TXNL4B,14.67026782487811,14.536018788962988,3,3,NA,FALSE,0.13424903591512205
Q9NX04,AIRIM,13.811387252007652,13.661706192465518,3,3,NA,FALSE,0.14968105954213407
Q9NX05,FAM120C,15.840386171629847,15.890983168015206,3,3,NA,FALSE,-0.05059699638535875
Q9NX07,TRNAU1AP,15.726498635499539,15.629501400950694,3,3,NA,FALSE,0.09699723454884435
Q9NX08,COMMD8,14.719261968386943,14.59819214362483,3,3,NA,FALSE,0.12106982476211314
Q9NX09,DDIT4,12.51725636236758,12.436392752420947,3,3,NA,FALSE,0.08086360994663266
Q9NX14,NDUFB11,17.79939469976588,17.71553009136116,3,3,NA,FALSE,0.08386460840472054
Q9NX20,MRPL16,17.614239532164728,17.759208653446418,3,3,NA,FALSE,-0.14496912128169015
Q9NX24,NHP2,18.658381070933597,18.59034547997359,3,3,NA,FALSE,0.06803559096000811
Q9NX36,DNAJC28,12.539241731423468,12.548879796686698,3,3,NA,FALSE,-0.009638065263230189
Q9NX40,OCIAD1,17.162643046384417,17.111583296625323,3,3,NA,FALSE,0.05105974975909433
Q9NX46,ADPRS,17.3078628031946,17.418493285146987,3,3,NA,FALSE,-0.11063048195238778
Q9NX47,MARCHF5,16.247240618153995,16.448375177074535,3,3,NA,FALSE,-0.20113455892053977
Q9NX55,HYPK,16.771307613581495,17.003038052622284,3,3,NA,FALSE,-0.23173043904078838
Q9NX58,LYAR,18.687116090659053,18.473787996616817,3,3,NA,FALSE,0.21332809404223596
Q9NX61,TMEM161A,15.629999893989817,14.714914764961108,3,3,NA,FALSE,0.915085129028709
Q9NX62,BPNT2,16.857827214253042,16.87972258420006,3,3,NA,FALSE,-0.021895369947017684
Q9NX63,CHCHD3,19.105715903031545,19.241499789974387,3,3,NA,FALSE,-0.1357838869428427
Q9NX74,DUS2,17.559298411032042,17.236078827963322,3,3,NA,FALSE,0.32321958306872034
Q9NX76,CMTM6,15.747184920025015,15.461793815356511,3,3,NA,FALSE,0.2853911046685038
Q9NX78,TMEM260,13.741201165070784,13.935082732540321,3,3,NA,FALSE,-0.19388156746953733
Q9NX95,SYBU,12.872426935061183,13.225647840571707,2,3,NA,FALSE,-0.35322090551052376
Q9NXA8,SIRT5,15.810608156308806,15.960522636694275,3,3,NA,FALSE,-0.14991448038546906
Q9NXB0,MKS1,16.07127021287876,15.872177543788007,3,3,NA,FALSE,0.19909266909075107
Q9NXC5,MIOS,16.86716346821076,16.813171349395823,3,3,NA,FALSE,0.05399211881493571
Q9NXD2,MTMR10,13.1902395516819,13.579579309894699,3,3,NA,FALSE,-0.38933975821279887
Q9NXE4,SMPD4,16.999800111485552,17.060780907782522,3,3,NA,FALSE,-0.060980796296970396
Q9NXE8,CWC25,17.569875015996033,17.284082574195402,3,3,NA,FALSE,0.28579244180063057
Q9NXF1,TEX10,18.23240433755085,18.225847247194515,3,3,NA,FALSE,0.006557090356334783
Q9NXF7,DCAF16,14.858715188769667,14.976322785045022,3,3,NA,FALSE,-0.11760759627535577
Q9NXG0,CNTLN,14.950662702466765,14.969860667436915,2,1,NA,FALSE,-0.01919796497015014
Q9NXG2,THUMPD1,17.05762505571341,17.176510265051594,3,3,NA,FALSE,-0.1188852093381847
Q9NXH9,TRMT1,16.204581857167238,16.397939541609997,3,3,NA,FALSE,-0.19335768444275914
Q9NXK8,FBXL12,15.821490129424092,15.855029959884824,3,3,NA,FALSE,-0.03353983046073239
Q9NXL9,MCM9,14.897597196049299,14.65873949911154,3,3,NA,FALSE,0.2388576969377585
Q9NXN4,GDAP2,15.811668326659147,15.402073066650752,3,3,NA,FALSE,0.40959526000839475
Q9NXR1,NDE1,17.040176611699614,17.122702141675923,3,3,NA,FALSE,-0.08252552997630858
Q9NXR7,BABAM2,18.132421072122256,18.253892237580768,3,3,NA,FALSE,-0.12147116545851233
Q9NXR8,ING3,14.822475555914417,15.01526464983711,3,3,NA,FALSE,-0.19278909392269306
Q9NXS2,QPCTL,16.870654863190225,16.666054245876335,3,3,NA,FALSE,0.2046006173138899
Q9NXU5,ARL15,16.578928919361964,16.71208029490688,3,3,NA,FALSE,-0.13315137554491585
Q9NXV2,KCTD5,17.059208651084237,16.59557140259905,3,3,NA,FALSE,0.4636372484851883
Q9NXV6,CDKN2AIP,18.61527778473446,18.921610948029283,3,3,NA,FALSE,-0.3063331632948234
Q9NXW2,DNAJB12,16.00573988682065,15.7984961566033,3,3,NA,FALSE,0.20724373021734976
Q9NXW9,ALKBH4,14.855160574305499,14.909437234600427,3,3,NA,FALSE,-0.054276660294927837
Q9NXX6,NSMCE4A,16.691551037472124,16.64534445539213,3,3,NA,FALSE,0.04620658207999284
Q9NY12,GAR1,19.478254865561393,19.365485337161346,3,3,NA,FALSE,0.11276952840004739
Q9NY26,SLC39A1,15.203961883997163,15.130626423749739,3,3,NA,FALSE,0.07333546024742432
Q9NY27,PPP4R2,16.694860928174112,16.80873897700181,3,3,NA,FALSE,-0.11387804882769714
Q9NY33,DPP3,17.997134543830224,17.89853239212739,3,3,NA,FALSE,0.09860215170283482
Q9NY35,CLDND1,15.691909633050335,15.757737582822346,3,3,NA,FALSE,-0.0658279497720109
Q9NY47,CACNA2D2,15.317515828195653,14.973224700382673,3,3,NA,FALSE,0.3442911278129799
Q9NY61,AATF,17.688725846910494,17.87818982177537,3,3,NA,FALSE,-0.18946397486487498
Q9NY64,SLC2A8,14.811198562331644,14.834820392617639,3,3,NA,FALSE,-0.02362183028599496
Q9NY93,DDX56,18.45840871656486,18.324127701499947,3,3,NA,FALSE,0.1342810150649143
Q9NYB0,TERF2IP,17.613630488257833,17.707186694267897,3,3,NA,FALSE,-0.09355620601006365
Q9NYB9,ABI2,17.236962130377382,17.420245208947346,3,3,NA,FALSE,-0.18328307856996418
Q9NYD6,HOXC10,14.234026970855526,14.543396867016156,3,3,NA,FALSE,-0.3093698961606304
Q9NYF3,FAM53C,13.459081607122952,13.056957501938964,1,2,NA,FALSE,0.40212410518398833
Q9NYF8,BCLAF1,18.779072536220564,18.66756475815032,3,3,NA,FALSE,0.11150777807024426
Q9NYG2,ZDHHC3,15.73862860928611,15.811781431336211,3,3,NA,FALSE,-0.07315282205010121
Q9NYH9,UTP6,16.92071177476898,16.971099256310364,3,3,NA,FALSE,-0.05038748154138517
Q9NYI0,PSD3,14.03315853779126,14.420798225150364,3,3,NA,FALSE,-0.38763968735910304
Q9NYJ8,TAB2,14.221947110058817,14.425995932513038,3,3,NA,FALSE,-0.2040488224542205
Q9NYK5,MRPL39,18.2364142571683,18.209204717063567,3,3,NA,FALSE,0.027209540104731644
Q9NYL2,MAP3K20,17.550334459122002,17.532421952825743,3,3,NA,FALSE,0.017912506296259068
Q9NYL9,TMOD3,17.669997164867596,17.898061508041625,3,3,NA,FALSE,-0.22806434317402946
Q9NYM9,BET1L,14.823779018006274,15.273422827415065,3,3,NA,FALSE,-0.4496438094087907
Q9NYP3,DONSON,14.105506146304316,14.29068356936806,3,3,NA,FALSE,-0.18517742306374352
Q9NYP7,ELOVL5,14.922396615272568,14.51386214640786,3,3,NA,FALSE,0.40853446886470834
Q9NYP9,MIS18A,15.885992490244044,15.136343711499276,3,3,NA,FALSE,0.7496487787447688
Q9NYQ6,CELSR1,14.085990590830862,14.308863448830428,3,3,NA,FALSE,-0.22287285799956535
Q9NYR9,NKIRAS2,15.569330701060636,15.364784322756478,3,3,NA,FALSE,0.20454637830415834
Q9NYS0,NKIRAS1,13.239916089046897,13.164863286552833,3,3,NA,FALSE,0.07505280249406354
Q9NYU1,UGGT2,16.412898931945602,16.121835962266253,3,3,NA,FALSE,0.2910629696793485
Q9NYU2,UGGT1,18.869777839856077,18.752667726741933,3,3,NA,FALSE,0.1171101131141441
Q9NYV4,CDK12,18.339694439353973,18.372782298993112,3,3,NA,FALSE,-0.03308785963913863
Q9NYV6,RRN3,14.214392672479233,14.206876788745069,3,3,NA,FALSE,0.0075158837341646745
Q9NYY8,FASTKD2,17.158290639534258,16.949014013220665,3,3,NA,FALSE,0.20927662631359212
Q9NYZ1,TVP23B,15.33309700177006,15.385555962849443,3,3,NA,FALSE,-0.05245896107938286
Q9NYZ3,GTSE1,16.296002262950655,16.58375964373524,3,3,NA,FALSE,-0.287757380784587
Q9NZ01,TECR,19.32321751161145,18.868072376366868,3,3,NA,FALSE,0.45514513524458167
Q9NZ08,ERAP1,15.5163242528807,15.61835114218877,3,3,NA,FALSE,-0.10202688930806936
Q9NZ09,UBAP1,14.380995990848303,14.523498816793039,3,3,NA,FALSE,-0.14250282594473518
Q9NZ32,ACTR10,17.170208078127203,17.080704056275273,3,3,NA,FALSE,0.08950402185192985
Q9NZ42,PSENEN,15.262355548596853,15.610832351159049,3,3,NA,FALSE,-0.34847680256219604
Q9NZ43,USE1,17.718376379313977,17.93830995748047,3,3,NA,FALSE,-0.2199335781664935
Q9NZ45,CISD1,18.11622877907135,18.629133861405688,3,3,NA,FALSE,-0.5129050823343384
Q9NZ52,GGA3,17.15475225441673,17.29097058286045,3,3,NA,FALSE,-0.13621832844371795
Q9NZ53,PODXL2,11.266325859987692,11.487763627429281,2,1,NA,FALSE,-0.22143776744158927
Q9NZ56,FMN2,14.16154981337939,14.030857948191729,3,3,NA,FALSE,0.13069186518766074
Q9NZ63,C9orf78,19.37913167590381,19.17891578790833,3,3,NA,FALSE,0.20021588799547985
Q9NZB2,FAM120A,16.92075020775463,17.016582666726645,3,3,NA,FALSE,-0.09583245897201564
Q9NZB8,MOCS1,13.738229769464926,13.792119137098936,3,3,NA,FALSE,-0.0538893676340102
Q9NZC3,GDE1,15.076217708185341,14.856628969086492,3,3,NA,FALSE,0.21958873909884957
Q9NZC7,WWOX,14.218847857821991,14.493074490209498,3,3,NA,FALSE,-0.27422663238750644
Q9NZC9,SMARCAL1,17.825161559828455,17.890465559045104,3,3,NA,FALSE,-0.06530399921664909
Q9NZD2,GLTP,17.92214478110394,17.74021921263401,3,3,NA,FALSE,0.18192556846992858
Q9NZD8,SPG21,16.109680813574773,15.602332025153906,3,3,NA,FALSE,0.5073487884208667
Q9NZE8,MRPL35,15.7977554215517,15.936329818486746,3,3,NA,FALSE,-0.13857439693504503
Q9NZH0,GPRC5B,13.716560307744052,13.633613288864726,3,2,NA,FALSE,0.08294701887932554
Q9NZI5,GRHL1,12.23357937188491,11.059461696179968,2,2,NA,FALSE,1.1741176757049416
Q9NZI7,UBP1,17.71076750846158,17.691860825821692,3,3,NA,FALSE,0.01890668263988715
Q9NZI8,IGF2BP1,21.21669283542142,21.286279965733552,3,3,NA,FALSE,-0.06958713031213293
Q9NZJ0,DTL,15.863819747700898,15.5042753385616,3,3,NA,FALSE,0.3595444091392981
Q9NZJ4,SACS,16.7198024377498,16.63942572939979,3,3,NA,FALSE,0.0803767083500091
Q9NZJ5,EIF2AK3,14.784065279342322,14.453538030458887,3,3,NA,FALSE,0.33052724888343477
Q9NZJ6,COQ3,15.468671599868975,15.845878397313253,3,3,NA,FALSE,-0.37720679744427876
Q9NZJ7,MTCH1,16.99567263733257,17.22233355061704,3,3,NA,FALSE,-0.22666091328446925
Q9NZJ9,NUDT4,16.017347205809575,16.023045493392793,3,3,NA,FALSE,-0.005698287583218331
Q9NZL4,HSPBP1,17.90268237212192,17.896478356278106,3,3,NA,FALSE,0.006204015843813693
Q9NZL9,MAT2B,18.77296825453774,18.809722358363082,3,3,NA,FALSE,-0.03675410382534139
Q9NZM3,ITSN2,15.626807338730915,15.76890631942716,3,3,NA,FALSE,-0.14209898069624494
Q9NZM4,BICRA,15.288037476450237,15.50833352709503,3,3,NA,FALSE,-0.22029605064479263
Q9NZM5,NOP53,18.73634400704187,18.91803814949362,3,3,NA,FALSE,-0.1816941424517502
Q9NZN3,EHD3,15.283076117121569,15.122605700805169,3,3,NA,FALSE,0.16047041631640013
Q9NZN4,EHD2,13.433404500671244,13.118067900132777,3,3,NA,FALSE,0.31533660053846724
Q9NZN5,ARHGEF12,19.581673015979163,19.574294880228063,3,3,NA,FALSE,0.0073781357511002454
Q9NZN8,CNOT2,15.735624643112958,15.937928860291972,3,3,NA,FALSE,-0.20230421717901415
Q9NZQ3,NCKIPSD,16.67456378519683,16.49716619764198,3,3,NA,FALSE,0.17739758755485013
Q9NZR1,TMOD2,15.269723651300076,15.535755148941341,3,3,NA,FALSE,-0.266031497641265
Q9NZS9,BFAR,12.345423206292011,12.48572074014878,2,1,NA,FALSE,-0.1402975338567689
Q9NZT2,OGFR,17.067596028775128,17.13370800756233,3,3,NA,FALSE,-0.06611197878720176
Q9NZU0,FLRT3,15.675758951923546,15.91822601838511,3,3,NA,FALSE,-0.2424670664615629
Q9NZU5,LMCD1,15.747459619838219,16.19045262538463,3,3,NA,FALSE,-0.44299300554641086
Q9NZV5,SELENON,14.950196344279394,14.768622433018793,3,3,NA,FALSE,0.1815739112606014
Q9NZW5,PALS2,17.959126829907518,18.119829677816018,3,3,NA,FALSE,-0.16070284790849954
Q9NZZ3,CHMP5,17.16828934449821,17.023617746094914,3,3,NA,FALSE,0.14467159840329558
Q9P000,COMMD9,15.653425585147057,15.608014630292738,3,3,NA,FALSE,0.045410954854318675
Q9P003,CNIH4,14.2165974147896,13.170619498868511,1,3,NA,FALSE,1.045977915921089
Q9P013,CWC15,17.41577188589482,17.24626137464883,3,3,NA,FALSE,0.16951051124598848
Q9P015,MRPL15,17.520991074604783,17.514581058094382,3,3,NA,FALSE,0.006410016510400851
Q9P016,THYN1,17.65536610860977,17.537447958379133,3,3,NA,FALSE,0.11791815023063634
Q9P021,CRIPT,16.18823694911789,16.197541794152784,3,3,NA,FALSE,-0.009304845034893816
Q9P031,CCDC59,15.314935866524861,15.2097181934254,3,3,NA,FALSE,0.10521767309946028
Q9P032,NDUFAF4,18.20462054150764,18.28130774796879,3,3,NA,FALSE,-0.07668720646114835
Q9P035,HACD3,20.608348875539345,20.547163226048138,3,3,NA,FALSE,0.06118564949120753
Q9P0B6,CCDC167,16.929467112251313,16.635668128958205,3,3,NA,FALSE,0.29379898329310805
Q9P0I2,EMC3,18.279975804351096,18.174200367306998,3,3,NA,FALSE,0.1057754370440982
Q9P0J0,NDUFA13,19.806364453113407,19.8966340130499,3,3,NA,FALSE,-0.09026955993649466
Q9P0J1,PDP1,15.909833947030892,16.12952697605277,3,3,NA,FALSE,-0.2196930290218777
Q9P0J7,KCMF1,14.729173305182577,14.478567024208196,2,2,NA,FALSE,0.250606280974381
Q9P0K1,ADAM22,12.630404573765622,12.626297591475144,3,3,NA,FALSE,0.004106982290478456
Q9P0K7,RAI14,16.020483787029654,16.127611360821962,3,3,NA,FALSE,-0.10712757379230808
Q9P0K8,FOXJ2,13.320944580987033,13.331224532383624,2,3,NA,FALSE,-0.010279951396590548
Q9P0L0,VAPA,18.204951114576545,17.9959350850238,3,3,NA,FALSE,0.20901602955274612
Q9P0L2,MARK1,14.59810740446244,14.579205404980911,3,3,NA,FALSE,0.018901999481528264
Q9P0M2,AKAP7,12.608248808077011,12.824645113055466,3,3,NA,FALSE,-0.21639630497845452
Q9P0M6,MACROH2A2,20.87251760263897,20.89711109910491,3,3,NA,FALSE,-0.024593496465943332
Q9P0M9,MRPL27,16.89230870286231,16.852723157557755,3,3,NA,FALSE,0.03958554530455416
Q9P0N9,TBC1D7,14.37308850434232,14.137923204559755,3,3,NA,FALSE,0.23516529978256528
Q9P0P0,RNF181,14.86409309487418,14.321392745169087,3,3,NA,FALSE,0.5427003497050933
Q9P0P8,MTRES1,15.750514264806135,15.991117364378095,3,3,NA,FALSE,-0.2406030995719597
Q9P0R6,GSKIP,15.434925357002093,15.402350474164995,3,3,NA,FALSE,0.032574882837097974
Q9P0S2,COX16,15.160539503613375,14.864173468621711,3,3,NA,FALSE,0.2963660349916637
Q9P0S3,ORMDL1,14.120579049751937,13.935916277410001,3,3,NA,FALSE,0.18466277234193562
Q9P0S9,TMEM14C,19.509919220407124,19.400255515546842,3,3,NA,FALSE,0.10966370486028154
Q9P0T4,ZNF581,13.92966555435275,13.963405752274028,3,3,NA,FALSE,-0.03374019792127747
Q9P0T7,TMEM9,15.438109490289811,15.260504210651298,3,3,NA,FALSE,0.17760527963851303
Q9P0U3,SENP1,14.784102654144265,14.921758224226526,3,3,NA,FALSE,-0.13765557008226104
Q9P0U4,CXXC1,17.573475785189814,17.839504789738612,3,3,NA,FALSE,-0.2660290045487983
Q9P0V3,SH3BP4,15.023957814279322,15.201265724011602,3,3,NA,FALSE,-0.1773079097322796
Q9P0V9,SEPTIN10,14.912560851487266,14.832014933384775,3,3,NA,FALSE,0.08054591810249079
Q9P0W2,HMG20B,15.552456916128078,15.32799914331829,3,3,NA,FALSE,0.22445777280978696
Q9P107,GMIP,14.503473959794675,15.73424431683529,1,2,NA,FALSE,-1.2307703570406154
Q9P1F3,ABRACL,16.499311639318037,16.360104978411908,3,3,NA,FALSE,0.13920666090612954
Q9P1Q0,VPS54,15.321288380068465,15.216261577327073,3,3,NA,FALSE,0.10502680274139209
Q9P1U1,ACTR3B,15.654066965620512,15.591796882092597,3,3,NA,FALSE,0.06227008352791508
Q9P1Y5,CAMSAP3,16.15735623565005,16.247035326754965,3,3,NA,FALSE,-0.0896790911049159
Q9P1Y6,PHRF1,14.950508674347203,15.053167515752238,3,3,NA,FALSE,-0.10265884140503445
Q9P1Z2,CALCOCO1,15.435486086210044,15.580019238960752,3,3,NA,FALSE,-0.14453315275070722
Q9P206,NHSL3,14.969065609876681,14.989108062886014,3,3,NA,FALSE,-0.020042453009333272
Q9P215,POGK,15.628405306378838,15.885900629583915,3,3,NA,FALSE,-0.2574953232050774
Q9P219,CCDC88C,14.124262413803065,14.328248928272698,3,3,NA,FALSE,-0.20398651446963356
Q9P244,LRFN1,14.556099281501124,14.205401640466302,3,3,NA,FALSE,0.3506976410348219
Q9P246,STIM2,14.213744145788054,14.022341443269744,3,3,NA,FALSE,0.19140270251831026
Q9P253,VPS18,17.11783794907086,17.251524860243578,3,3,NA,FALSE,-0.1336869111727168
Q9P258,RCC2,19.365783474861274,19.291690816051698,3,3,NA,FALSE,0.07409265880957605
Q9P260,RELCH,15.496620652283505,15.523996969202484,3,3,NA,FALSE,-0.02737631691897846
Q9P265,DIP2B,15.935983653078225,15.83625116221987,3,3,NA,FALSE,0.09973249085835434
Q9P270,SLAIN2,14.966363278318255,15.24606322231459,3,3,NA,FALSE,-0.27969994399633435
Q9P273,TENM3,13.89654174577542,13.860383228880531,2,3,NA,FALSE,0.03615851689488814
Q9P275,USP36,15.733955216098632,15.485999735116376,3,3,NA,FALSE,0.24795548098225595
Q9P281,BAHCC1,13.479134531967006,13.444374688610944,3,3,NA,FALSE,0.03475984335606164
Q9P287,BCCIP,17.37454766857377,17.539181887224657,3,3,NA,FALSE,-0.1646342186508889
Q9P289,STK26,18.318742716599473,18.327788037304096,3,3,NA,FALSE,-0.009045320704622384
Q9P2B2,PTGFRN,17.902782655236567,18.403803090022997,3,3,NA,FALSE,-0.5010204347864295
Q9P2B4,CTTNBP2NL,16.279227397222655,16.2919384296148,3,3,NA,FALSE,-0.01271103239214355
Q9P2C4,TMEM181,15.548553605199686,15.666215936269905,3,3,NA,FALSE,-0.1176623310702194
Q9P2D0,IBTK,14.148384725182057,14.218903830872465,3,3,NA,FALSE,-0.07051910569040842
Q9P2D1,CHD7,15.511901885960981,15.319008400795852,3,3,NA,FALSE,0.19289348516512916
Q9P2D3,HEATR5B,16.195581178096916,16.239229659322774,3,3,NA,FALSE,-0.043648481225858404
Q9P2D6,FAM135A,14.277370538350521,14.061941728268575,3,3,NA,FALSE,0.2154288100819457
Q9P2E3,ZNFX1,12.509624850850864,12.567077469693253,3,3,NA,FALSE,-0.0574526188423885
Q9P2E5,CHPF2,14.44814317222926,14.422117425527249,3,3,NA,FALSE,0.026025746702011077
Q9P2E7,PCDH10,13.201052742450013,14.182912439523655,3,3,NA,FALSE,-0.9818596970736415
Q9P2E9,RRBP1,17.944265463404133,17.924788310590113,3,3,NA,FALSE,0.019477152814019405
Q9P2F8,SIPA1L2,14.967171238285305,15.260507104308838,3,3,NA,FALSE,-0.2933358660235328
Q9P2F9,ZNF319,13.428334762383392,13.547386388737323,3,3,NA,FALSE,-0.11905162635393118
Q9P2H3,IFT80,14.939095805229112,14.80540728341824,3,3,NA,FALSE,0.1336885218108712
Q9P2I0,CPSF2,18.554584737117242,18.340820700010934,3,3,NA,FALSE,0.21376403710630854
Q9P2J3,KLHL9,15.761856523534345,15.375786794677143,3,3,NA,FALSE,0.38606972885720126
Q9P2J5,LARS1,19.83511310822536,20.086643414955812,3,3,NA,FALSE,-0.2515303067304515
Q9P2J9,PDP2,12.293166123489792,11.55019617333124,3,2,NA,FALSE,0.7429699501585514
Q9P2K2,TXNDC16,15.990284147090419,15.995392309424098,3,3,NA,FALSE,-0.005108162333678834
Q9P2K3,RCOR3,17.408304562133328,17.436578298394707,3,3,NA,FALSE,-0.028273736261379412
Q9P2K5,MYEF2,18.263004457657953,18.587236883724664,3,3,NA,FALSE,-0.3242324260667111
Q9P2K6,KLHL42,14.943561839521287,15.208480154154831,3,3,NA,FALSE,-0.26491831463354387
Q9P2K8,EIF2AK4,16.643799696821716,16.482218650106564,3,3,NA,FALSE,0.1615810467151526
Q9P2L0,WDR35,14.523213114774183,14.330977448115688,3,3,NA,FALSE,0.19223566665849567
Q9P2M7,CGN,16.87370519772801,16.82944791203829,3,3,NA,FALSE,0.04425728568972076
Q9P2N5,RBM27,18.438411570364693,18.589798707235893,3,3,NA,FALSE,-0.1513871368712003
Q9P2N6,KANSL3,15.096958014372829,15.02622187259084,3,3,NA,FALSE,0.07073614178198895
Q9P2P1,NYNRIN,14.30775307312329,14.368279691581472,3,3,NA,FALSE,-0.06052661845818186
Q9P2R3,ANKFY1,18.835952512058654,19.020461481877152,3,3,NA,FALSE,-0.18450896981849851
Q9P2R6,RERE,16.254743415491664,16.41752832519709,3,3,NA,FALSE,-0.16278490970542592
Q9P2R7,SUCLA2,17.455274172760042,17.65869489425821,3,3,NA,FALSE,-0.20342072149816914
Q9P2S5,WRAP73,17.12509734026771,16.719466829257296,3,3,NA,FALSE,0.4056305110104148
Q9P2T1,GMPR2,16.287504612221102,15.802684685883635,3,3,NA,FALSE,0.48481992633746707
Q9P2W1,PSMC3IP,16.719579142208254,16.61013358585894,3,3,NA,FALSE,0.10944555634931419
Q9P2W9,STX18,17.50720359571591,17.42047092825816,3,3,NA,FALSE,0.08673266745775265
Q9P2X0,DPM3,18.052037484740413,17.893678817484542,3,3,NA,FALSE,0.15835866725587167
Q9P2X3,IMPACT,16.213084178725783,16.137219504430345,3,3,NA,FALSE,0.0758646742954383
Q9P2Y4,ZNF219,13.546044059374754,13.791942349951757,3,3,NA,FALSE,-0.24589829057700285
Q9P2Y5,UVRAG,14.95383162206898,14.898236249648303,3,3,NA,FALSE,0.05559537242067769
Q9P2Z0,THAP10,10.842760735989318,10.918051666910863,3,3,NA,FALSE,-0.07529093092154504
Q9UBB4,ATXN10,18.340258477866847,18.25835728999133,3,3,NA,FALSE,0.08190118787551626
Q9UBB5,MBD2,17.594253793122302,17.518627173501038,3,3,NA,FALSE,0.07562661962126427
Q9UBB6,NCDN,16.914394548226273,16.824317971858648,3,3,NA,FALSE,0.09007657636762545
Q9UBB9,TFIP11,17.085380425665523,17.249848208114262,3,3,NA,FALSE,-0.16446778244873883
Q9UBC1,NFKBIL1,13.939821081857781,14.047281810357442,3,3,NA,FALSE,-0.10746072849966026
Q9UBC2,EPS15L1,17.032829329565065,17.253000396970744,3,3,NA,FALSE,-0.22017106740567982
Q9UBC3,DNMT3B,17.54180548577725,17.362168656429127,3,3,NA,FALSE,0.17963682934812297
Q9UBD5,ORC3,18.75712598666665,18.898381528270637,3,3,NA,FALSE,-0.1412555416039858
Q9UBE0,SAE1,18.88611378442934,19.02287104288868,3,3,NA,FALSE,-0.1367572584593404
Q9UBF2,COPG2,18.877732900486333,19.041526028379405,3,3,NA,FALSE,-0.1637931278930722
Q9UBF6,RNF7,15.108540849791856,15.075034111118624,3,3,NA,FALSE,0.03350673867323195
Q9UBF8,PI4KB,17.15168397808885,16.921736004288263,3,3,NA,FALSE,0.22994797380058785
Q9UBG0,MRC2,15.6592643852616,16.610571321366034,3,3,NA,FALSE,-0.9513069361044337
Q9UBH6,XPR1,15.599927957114327,15.629219562311441,3,3,NA,FALSE,-0.02929160519711438
Q9UBI1,COMMD3,16.63007624228797,16.431563078364896,3,3,NA,FALSE,0.1985131639230744
Q9UBI4,STOML1,13.152663661637158,12.482880675495581,2,3,NA,FALSE,0.6697829861415769
Q9UBI6,GNG12,18.21018853180216,18.507412571313573,3,3,NA,FALSE,-0.29722403951141274
Q9UBI9,HECA,14.973332930901456,15.039024703390394,3,3,NA,FALSE,-0.06569177248893787
Q9UBK8,MTRR,15.544672268871395,15.433735845622502,3,3,NA,FALSE,0.11093642324889252
Q9UBK9,UXT,15.78061861588151,15.838323442783848,3,3,NA,FALSE,-0.05770482690233791
Q9UBL3,ASH2L,17.653720530695125,17.673665695296236,3,3,NA,FALSE,-0.019945164601111287
Q9UBM1,PEMT,13.440592674577704,13.097038185940598,3,3,NA,FALSE,0.3435544886371069
Q9UBM7,DHCR7,18.731120532174515,18.289012164723317,3,3,NA,FALSE,0.44210836745119764
Q9UBN7,HDAC6,20.314649246457154,20.39700083990252,3,3,NA,FALSE,-0.08235159344536669
Q9UBP0,SPAST,16.710258057357297,16.702152796481826,3,3,NA,FALSE,0.008105260875471032
Q9UBP6,METTL1,17.825706421494726,17.969418737827468,3,3,NA,FALSE,-0.14371231633274206
Q9UBP9,GULP1,16.040442156682758,16.04376314636087,3,3,NA,FALSE,-0.0033209896781123405
Q9UBQ0,VPS29,18.485615063051053,18.252822659188475,3,3,NA,FALSE,0.23279240386257882
Q9UBQ5,EIF3K,18.872636445287846,18.75157613701306,3,3,NA,FALSE,0.1210603082747852
Q9UBQ6,EXTL2,16.111043747153698,16.213294183168873,3,3,NA,FALSE,-0.1022504360151757
Q9UBQ7,GRHPR,19.219689145432042,19.149819808016783,3,3,NA,FALSE,0.06986933741525903
Q9UBR2,CTSZ,13.7343232178865,13.799952666670736,3,3,NA,FALSE,-0.06562944878423593
Q9UBS0,RPS6KB2,15.172620773362809,15.468924391556202,3,3,NA,FALSE,-0.29630361819339335
Q9UBS4,DNAJB11,18.80100749849661,18.606790973851563,3,3,NA,FALSE,0.19421652464504646
Q9UBS8,RNF14,15.02802575214397,14.132602719228451,3,3,NA,FALSE,0.8954230329155184
Q9UBS9,SUCO,14.529857033640635,14.304408887106742,3,3,NA,FALSE,0.22544814653389267
Q9UBT2,UBA2,19.453240115755623,19.674249668917504,3,3,NA,FALSE,-0.2210095531618812
Q9UBT6,POLK,13.673181305526905,13.90767721477662,3,3,NA,FALSE,-0.23449590924971453
Q9UBT7,CTNNAL1,16.248837853866814,16.247505061726805,3,3,NA,FALSE,0.0013327921400083653
Q9UBU6,FAM8A1,16.172298940443525,15.9343015606722,3,3,NA,FALSE,0.2379973797713255
Q9UBU7,DBF4,13.92108033532974,13.37061947291873,3,3,NA,FALSE,0.5504608624110112
Q9UBU8,MORF4L1,17.377265087132262,17.214568156542416,3,3,NA,FALSE,0.16269693058984558
Q9UBU9,NXF1,18.162215063082815,18.02203096141992,3,3,NA,FALSE,0.1401841016628964
Q9UBV2,SEL1L,17.45251369041979,17.398599148395856,3,3,NA,FALSE,0.0539145420239322
Q9UBV7,B4GALT7,14.464280544457285,14.777633871157434,3,3,NA,FALSE,-0.3133533267001489
Q9UBV8,PEF1,18.70945662135159,18.46701547542685,3,3,NA,FALSE,0.24244114592473665
Q9UBW7,ZMYM2,17.505608863212693,17.75797224685924,3,3,NA,FALSE,-0.2523633836465464
Q9UBW8,COPS7A,17.026088651723644,17.17475378890826,3,3,NA,FALSE,-0.14866513718461505
Q9UBX3,SLC25A10,18.777472749221623,18.915436166778182,3,3,NA,FALSE,-0.13796341755655916
Q9UBY8,CLN8,13.950261176136385,13.968499537496598,3,3,NA,FALSE,-0.018238361360213062
Q9UC06,ZNF70,12.773371184656105,12.724391170946229,3,3,NA,FALSE,0.04898001370987615
Q9UDR5,AASS,17.375597614523876,17.690402021820887,3,3,NA,FALSE,-0.31480440729701087
Q9UDT6,CLIP2,14.183407727576828,14.140098139018042,3,3,NA,FALSE,0.043309588558786416
Q9UDV7,ZNF282,13.1384452434818,13.174768861226035,1,2,NA,FALSE,-0.03632361774423387
Q9UDW1,UQCR10,19.05802975844564,19.065900667819115,3,3,NA,FALSE,-0.007870909373473012
Q9UDW3,ZMAT5,15.32329074979959,15.123869739042588,3,3,NA,FALSE,0.19942101075700158
Q9UDX5,MTFP1,16.257530443274614,16.34674910070171,3,3,NA,FALSE,-0.08921865742709656
Q9UDY2,TJP2,16.62077559289375,16.759169225867577,3,3,NA,FALSE,-0.1383936329738269
Q9UDY4,DNAJB4,17.468664872176863,17.190623262651357,3,3,NA,FALSE,0.2780416095255056
Q9UDY8,MALT1,16.644295191695036,16.66940272596427,3,3,NA,FALSE,-0.025107534269235288
Q9UEE9,CFDP1,18.26798806546347,18.175867215643247,3,3,NA,FALSE,0.09212084982022262
Q9UEG4,ZNF629,16.28543144547556,16.334608058451884,3,3,NA,FALSE,-0.04917661297632492
Q9UER7,DAXX,16.368683291801993,16.13150040009755,3,3,NA,FALSE,0.2371828917044425
Q9UET6,FTSJ1,14.810845135637217,14.89321830424,3,3,NA,FALSE,-0.08237316860278199
Q9UEU0,VTI1B,15.934545030007566,15.716023619529375,3,3,NA,FALSE,0.21852141047819096
Q9UEW8,STK39,16.573896022642295,16.56731288945247,3,3,NA,FALSE,0.006583133189824508
Q9UEY8,ADD3,17.910486193736038,18.320049164125336,3,3,NA,FALSE,-0.4095629703892989
Q9UFC0,LRWD1,16.867532202966267,17.117451033728926,3,3,NA,FALSE,-0.24991883076265964
Q9UFF9,CNOT8,16.822237767845635,16.943162032644704,3,3,NA,FALSE,-0.12092426479906848
Q9UFN0,NIPSNAP3A,18.475747839067555,18.647547145336397,3,3,NA,FALSE,-0.17179930626884143
Q9UFW8,CGGBP1,18.27381698248989,18.253129737185237,3,3,NA,FALSE,0.0206872453046536
Q9UG01,IFT172,16.31917312793891,16.182499601074248,3,3,NA,FALSE,0.13667352686466216
Q9UG56,PISD,14.702341718612683,14.479458305553752,3,3,NA,FALSE,0.22288341305893056
Q9UG63,ABCF2,18.841331322462725,18.91453714920856,3,3,NA,FALSE,-0.0732058267458342
Q9UGC7,MTRF1L,14.272651411780876,14.378543534042366,3,3,NA,FALSE,-0.10589212226149058
Q9UGH3,SLC23A2,14.337276084960722,14.948110298041179,3,3,NA,FALSE,-0.6108342130804569
Q9UGI8,TES,18.70128196740917,19.18048974204388,3,3,NA,FALSE,-0.479207774634709
Q9UGJ0,PRKAG2,14.38506400948743,14.26069598976401,3,3,NA,FALSE,0.12436801972341982
Q9UGJ1,TUBGCP4,15.817537724457589,15.631420009020868,3,3,NA,FALSE,0.18611771543672084
Q9UGK3,STAP2,14.80228807427556,15.550434919155878,1,1,NA,FALSE,-0.748146844880317
Q9UGK8,SERGEF,13.552235861357591,13.928840946778626,3,3,NA,FALSE,-0.3766050854210352
Q9UGL1,KDM5B,15.839237410132055,15.889589560995145,3,3,NA,FALSE,-0.05035215086308931
Q9UGM6,WARS2,16.45690436559943,16.733993611695578,3,3,NA,FALSE,-0.27708924609614627
Q9UGN5,PARP2,16.54588737066614,16.69817580576257,3,3,NA,FALSE,-0.15228843509643042
Q9UGP4,LIMD1,14.863846623631115,15.384518518325267,3,3,NA,FALSE,-0.5206718946941518
Q9UGP5,POLL,14.451078927918953,14.468369298188033,3,3,NA,FALSE,-0.017290370269080313
Q9UGP8,SEC63,17.740324308200773,17.8202270016996,3,3,NA,FALSE,-0.07990269349882695
Q9UGR2,ZC3H7B,16.402025695898885,16.495544180869906,3,3,NA,FALSE,-0.09351848497102111
Q9UGU0,TCF20,15.521454395042785,15.571291414654103,3,3,NA,FALSE,-0.04983701961131892
Q9UGU5,HMGXB4,15.364158137424067,15.562186416830023,3,3,NA,FALSE,-0.1980282794059569
Q9UGV2,NDRG3,17.19969336272842,16.9994832775274,3,3,NA,FALSE,0.20021008520102157
Q9UGY1,NOL12,16.337481063877917,16.05382730721191,3,3,NA,FALSE,0.28365375666600556
Q9UH03,SEPTIN3,16.51441129971391,16.565783567227303,3,3,NA,FALSE,-0.05137226751339341
Q9UH17,APOBEC3B,14.605468669838062,14.797977868855856,3,3,NA,FALSE,-0.19250919901779362
Q9UH62,ARMCX3,17.465782486913113,17.530294639092716,3,3,NA,FALSE,-0.06451215217960282
Q9UH65,SWAP70,17.209633702835877,17.201442686789093,3,3,NA,FALSE,0.008191016046783517
Q9UH92,MLX,13.468883155130365,12.98705994000326,3,3,NA,FALSE,0.4818232151271058
Q9UH99,SUN2,17.78939335960072,17.769584284236803,3,3,NA,FALSE,0.019809075363916406
Q9UHA2,SS18L2,14.341692954879308,13.280793562352292,1,1,NA,FALSE,1.0608993925270163
Q9UHA3,RSL24D1,16.659715133325925,16.822512509578786,3,3,NA,FALSE,-0.16279737625286117
Q9UHA4,LAMTOR3,18.57598718565609,18.56188489859442,3,3,NA,FALSE,0.01410228706166805
Q9UHB4,NDOR1,14.848859491954373,14.633225883988873,3,3,NA,FALSE,0.21563360796550057
Q9UHB6,LIMA1,17.451495190021674,17.62463634381008,3,3,NA,FALSE,-0.1731411537884071
Q9UHB7,AFF4,17.526184518563934,17.993881155788603,3,3,NA,FALSE,-0.4676966372246696
Q9UHB9,SRP68,18.642318929242286,18.70915530030164,3,3,NA,FALSE,-0.06683637105935247
Q9UHC7,MKRN1,14.106710380326987,13.776397332508207,2,3,NA,FALSE,0.33031304781878035
Q9UHD1,CHORDC1,18.215778669430673,18.1310977987414,3,3,NA,FALSE,0.08468087068927233
Q9UHD2,TBK1,16.039761405686527,16.112456560256383,3,3,NA,FALSE,-0.07269515456985687
Q9UHD8,SEPTIN9,18.669369455352363,18.873418545214104,3,3,NA,FALSE,-0.20404908986174064
Q9UHD9,UBQLN2,19.00040845201429,19.268091842005344,3,3,NA,FALSE,-0.2676833899910527
Q9UHF7,TRPS1,15.163323694176409,15.005686921117626,3,3,NA,FALSE,0.15763677305878332
Q9UHG3,PCYOX1,19.144284000535997,18.73271482053639,3,3,NA,FALSE,0.4115691799996064
Q9UHI6,DDX20,18.42027349934983,18.251869937644738,3,3,NA,FALSE,0.16840356170509097
Q9UHI8,ADAMTS1,13.813302377252862,12.290809021790306,3,3,NA,FALSE,1.5224933554625562
Q9UHJ3,SFMBT1,15.260407575252204,15.125974241885173,3,3,NA,FALSE,0.13443333336703134
Q9UHJ6,SHPK,17.43570227855506,17.368368283981024,3,3,NA,FALSE,0.06733399457403522
Q9UHK0,NUFIP1,14.592272055340032,14.235356107635331,3,3,NA,FALSE,0.35691594770470125
Q9UHK6,AMACR,13.673181812837672,13.423789015236396,3,3,NA,FALSE,0.24939279760127597
Q9UHL9,GTF2IRD1,13.016214914958042,12.851793732929863,3,3,NA,FALSE,0.16442118202817824
Q9UHN1,POLG2,15.106548439112998,14.926440660038116,3,3,NA,FALSE,0.1801077790748824
Q9UHN6,CEMIP2,16.56407304973335,16.61868961892008,3,3,NA,FALSE,-0.05461656918673086
Q9UHP3,USP25,16.405734578761525,16.40809355352978,3,3,NA,FALSE,-0.0023589747682564166
Q9UHQ1,NARF,14.24967917636695,14.246086028731161,3,3,NA,FALSE,0.0035931476357884407
Q9UHQ4,BCAP29,16.01073210670038,15.637785555653336,3,3,NA,FALSE,0.3729465510470451
Q9UHQ9,CYB5R1,17.549629616796217,17.818217589745316,3,3,NA,FALSE,-0.2685879729490992
Q9UHR4,BAIAP2L1,16.13438901428545,16.187331719787178,3,3,NA,FALSE,-0.05294270550172797
Q9UHR5,SAP30BP,16.79715547568483,16.7132277352326,3,3,NA,FALSE,0.0839277404522285
Q9UHR6,ZNHIT2,14.436411173211242,14.267610630445207,3,3,NA,FALSE,0.16880054276603573
Q9UHV7,MED13,14.018799327612367,13.828082025993842,3,3,NA,FALSE,0.19071730161852507
Q9UHV9,PFDN2,18.962595629272307,18.835512816685565,3,3,NA,FALSE,0.12708281258674248
Q9UHW5,GPN3,16.17461129441955,15.940523914020124,3,3,NA,FALSE,0.23408738039942456
Q9UHW9,SLC12A6,13.469925254679397,13.682847718708194,3,3,NA,FALSE,-0.21292246402879655
Q9UHX1,PUF60,19.527686041396645,19.482769068183586,3,3,NA,FALSE,0.04491697321305921
Q9UHY1,NRBP1,17.27999067612203,17.150341136296905,3,3,NA,FALSE,0.12964953982512384
Q9UHY7,ENOPH1,18.022564711041003,18.02126701146716,3,3,NA,FALSE,0.0012976995738434027
Q9UHY8,FEZ2,13.73917520001014,13.927008267975966,3,3,NA,FALSE,-0.18783306796582622
Q9UI08,EVL,13.163113367269768,13.167936178445542,3,3,NA,FALSE,-0.004822811175774433
Q9UI09,NDUFA12,18.144749960402557,18.044337654941682,3,3,NA,FALSE,0.10041230546087476
Q9UI10,EIF2B4,16.34948615388829,16.429228491147185,3,3,NA,FALSE,-0.0797423372588959
Q9UI12,ATP6V1H,16.737648767549665,16.516784419468365,3,3,NA,FALSE,0.2208643480812995
Q9UI14,RABAC1,14.801599564300723,14.817360872328564,3,3,NA,FALSE,-0.015761308027840926
Q9UI15,TAGLN3,15.02227784262552,15.228556333153204,3,3,NA,FALSE,-0.20627849052768354
Q9UI26,IPO11,17.721845362400288,17.6576429802037,3,3,NA,FALSE,0.06420238219658714
Q9UI30,TRMT112,17.560646496686726,17.139169807175367,3,3,NA,FALSE,0.4214766895113584
Q9UI32,GLS2,13.27668815913417,12.60939385192599,3,3,NA,FALSE,0.6672943072081807
Q9UI36,DACH1,16.648542665029105,16.64733409683765,3,3,NA,FALSE,0.001208568191454873
Q9UI43,MRM2,17.468488688705044,17.91809255904035,3,3,NA,FALSE,-0.4496038703353058
Q9UI95,MAD2L2,17.55453192122222,17.15863950081342,3,3,NA,FALSE,0.3958924204088028
Q9UIA9,XPO7,17.547998604125286,17.61413589207266,3,3,NA,FALSE,-0.06613728794737384
Q9UIC8,LCMT1,17.478347164037206,17.43358551691277,3,3,NA,FALSE,0.0447616471244352
Q9UID3,VPS51,17.15650011118013,17.217943852366897,3,3,NA,FALSE,-0.06144374118676765
Q9UID6,ZNF639,12.831235952345827,12.903462688959177,3,3,NA,FALSE,-0.07222673661335044
Q9UIF7,MUTYH,13.207272160929316,13.577820947329538,3,3,NA,FALSE,-0.3705487864002226
Q9UIF8,BAZ2B,13.931711162943579,13.207931896184366,2,3,NA,FALSE,0.7237792667592124
Q9UIF9,BAZ2A,16.279031813833637,16.083151280731805,3,3,NA,FALSE,0.19588053310183184
Q9UIG0,BAZ1B,19.404472373417363,19.302635091176633,3,3,NA,FALSE,0.10183728224073008
Q9UII2,ATP5IF1,17.546894401471263,17.519686845882724,3,3,NA,FALSE,0.02720755558853938
Q9UII4,HERC5,16.1705614295543,16.238099894659946,3,3,NA,FALSE,-0.06753846510564543
Q9UIJ7,AK3,17.433805583552264,17.889318865195985,3,3,NA,FALSE,-0.4555132816437215
Q9UIM3,FKBPL,16.90490216138007,16.7599007927235,3,3,NA,FALSE,0.14500136865656899
Q9UIQ6,LNPEP,17.006885841730316,17.066271258783463,3,3,NA,FALSE,-0.05938541705314648
Q9UIS9,MBD1,14.850966866841766,14.859608049438013,3,3,NA,FALSE,-0.008641182596246466
Q9UIU6,SIX4,15.48068433927627,15.80323654057946,3,3,NA,FALSE,-0.32255220130319096
Q9UIV1,CNOT7,17.060791666700233,16.883375039746813,3,3,NA,FALSE,0.17741662695341986
Q9UIW2,PLXNA1,15.913133491499634,16.10159525271989,3,3,NA,FALSE,-0.18846176122025504
Q9UJ14,GGT7,15.414959626905253,15.187344179600817,3,3,NA,FALSE,0.2276154473044354
Q9UJ41,RABGEF1,15.610508766727932,15.75436036027544,3,3,NA,FALSE,-0.14385159354750776
Q9UJ68,MSRA,14.32980476462197,14.804249026824758,3,3,NA,FALSE,-0.47444426220278757
Q9UJ70,NAGK,17.81063895773629,17.977393774676486,3,3,NA,FALSE,-0.16675481694019467
Q9UJ83,HACL1,16.428096960796797,15.358664816758115,3,3,NA,FALSE,1.0694321440386823
Q9UJA2,CRLS1,13.159844396587141,11.496466542644818,1,2,NA,FALSE,1.6633778539423236
Q9UJA3,MCM8,18.00557588320129,17.576230699606654,3,3,NA,FALSE,0.42934518359463425
Q9UJA5,TRMT6,17.017585585975823,17.192654797494843,3,3,NA,FALSE,-0.17506921151901977
Q9UJA9,ENPP5,13.235498671833177,13.088829126253048,3,3,NA,FALSE,0.14666954558012968
Q9UJC3,HOOK1,16.281166900738892,16.13097981634155,3,3,NA,FALSE,0.1501870843973414
Q9UJC5,SH3BGRL2,13.864527962591007,14.09986859050842,3,3,NA,FALSE,-0.23534062791741306
Q9UJF2,RASAL2,14.958738247328023,14.911083490694287,3,3,NA,FALSE,0.04765475663373664
Q9UJG1,MOSPD1,15.9068374967423,15.496684414069327,3,3,NA,FALSE,0.41015308267297357
Q9UJJ9,GNPTG,13.011594318536599,13.14298345081488,3,2,NA,FALSE,-0.1313891322782812
Q9UJK0,TSR3,14.427228565329036,13.874025772201334,3,3,NA,FALSE,0.5532027931277028
Q9UJS0,SLC25A13,18.45075774562313,18.796227045110903,3,3,NA,FALSE,-0.3454692994877746
Q9UJT0,TUBE1,14.824394638808844,14.81446849826383,3,3,NA,FALSE,0.00992614054501395
Q9UJT1,TUBD1,12.86229502421826,12.959949762870435,3,3,NA,FALSE,-0.09765473865217444
Q9UJU6,DBNL,17.829853294409027,18.031269903720997,3,3,NA,FALSE,-0.2014166093119698
Q9UJV3,MID2,14.363834761200561,14.439267126965628,3,3,NA,FALSE,-0.07543236576506729
Q9UJV9,DDX41,16.916832261444913,16.674854491593564,3,3,NA,FALSE,0.24197776985134922
Q9UJW0,DCTN4,17.524866420406884,17.64456074608101,3,3,NA,FALSE,-0.11969432567412497
Q9UJX2,CDC23,16.699202704378948,16.524149443881672,3,3,NA,FALSE,0.17505326049727543
Q9UJX3,ANAPC7,16.450732685730124,16.18472627438376,3,3,NA,FALSE,0.26600641134636405
Q9UJX4,ANAPC5,16.1874525926838,15.920658527431993,3,3,NA,FALSE,0.2667940652518084
Q9UJX5,ANAPC4,16.026922565177458,15.76288012179654,3,3,NA,FALSE,0.26404244338091765
Q9UJX6,ANAPC2,16.462265963416858,16.12988284779418,3,3,NA,FALSE,0.3323831156226795
Q9UJY4,GGA2,16.434751707248235,16.413853827566882,3,3,NA,FALSE,0.02089787968135326
Q9UJY5,GGA1,17.292593933005932,17.190541463234805,3,3,NA,FALSE,0.10205246977112736
Q9UJZ1,STOML2,21.41644731157791,21.543359103044278,3,3,NA,FALSE,-0.126911791466366
Q9UK22,FBXO2,14.081519529751757,14.134972475539913,3,3,NA,FALSE,-0.053452945788155404
Q9UK33,ZNF580,13.01077275512896,11.910800522281312,3,3,NA,FALSE,1.099972232847648
Q9UK39,NOCT,15.74341713595976,15.969585978388789,3,3,NA,FALSE,-0.22616884242902913
Q9UK41,VPS28,16.516334309625613,16.505946150920796,3,3,NA,FALSE,0.01038815870481713
Q9UK45,LSM7,18.193075620133012,18.34016129656908,3,3,NA,FALSE,-0.14708567643606685
Q9UK53,ING1,13.619213833942979,13.171568243347743,1,2,NA,FALSE,0.44764559059523634
Q9UK58,CCNL1,15.02359858271829,14.790824492996824,3,3,NA,FALSE,0.23277408972146496
Q9UK59,DBR1,16.798376786826488,16.943522594999227,3,3,NA,FALSE,-0.1451458081727388
Q9UK61,TASOR,17.61859281887185,17.58562000648056,3,3,NA,FALSE,0.03297281239128935
Q9UK73,FEM1B,16.685536941059038,16.46261146138519,3,3,NA,FALSE,0.22292547967384735
Q9UK76,JPT1,16.663653729255685,17.729322762557263,3,3,NA,FALSE,-1.0656690333015781
Q9UK97,FBXO9,14.567497084659106,14.147398927632192,3,3,NA,FALSE,0.42009815702691355
Q9UK99,FBXO3,18.326587105462792,18.065804709817996,3,3,NA,FALSE,0.2607823956447959
Q9UKA2,FBXL4,13.321360711168214,13.810034040423817,3,3,NA,FALSE,-0.4886733292556027
Q9UKA4,AKAP11,15.441412660264346,15.444293908466793,3,3,NA,FALSE,-0.002881248202447395
Q9UKA9,PTBP2,18.495732918911646,18.38384859377933,3,3,NA,FALSE,0.11188432513231561
Q9UKB1,FBXW11,15.304480660324657,15.155830623491582,3,3,NA,FALSE,0.1486500368330752
Q9UKB3,DNAJC12,16.73519017394515,16.413123982308747,2,3,NA,FALSE,0.32206619163640227
Q9UKD1,GMEB2,14.560597533653556,14.378624914983252,3,3,NA,FALSE,0.18197261867030434
Q9UKD2,MRTO4,18.126276655219154,18.026964007721844,3,3,NA,FALSE,0.09931264749731028
Q9UKE5,TNIK,15.053212754906767,15.177936995640847,3,3,NA,FALSE,-0.12472424073408028
Q9UKF6,CPSF3,18.121358992650382,17.910024153762095,3,3,NA,FALSE,0.21133483888828763
Q9UKF7,PITPNC1,13.236201562702059,12.765542890966705,3,3,NA,FALSE,0.4706586717353538
Q9UKG1,APPL1,17.1665249478484,17.34555178234048,3,3,NA,FALSE,-0.17902683449207757
Q9UKG9,CROT,15.96665778993805,15.519800524017882,3,3,NA,FALSE,0.44685726592016906
Q9UKI8,TLK1,15.198522228928667,15.168980542822627,3,3,NA,FALSE,0.029541686106039577
Q9UKJ3,GPATCH8,15.380622759570846,15.525567089070359,3,3,NA,FALSE,-0.14494432949951275
Q9UKJ5,CHIC2,15.56510041809671,15.49809239416329,3,3,NA,FALSE,0.06700802393342009
Q9UKK3,PARP4,13.308272854712909,12.97686524082384,3,3,NA,FALSE,0.3314076138890698
Q9UKK6,NXT1,16.45485867944469,16.22516613399189,3,3,NA,FALSE,0.22969254545279938
Q9UKK9,NUDT5,19.527612260712495,19.362612715492368,3,3,NA,FALSE,0.16499954522012672
Q9UKL0,RCOR1,16.781436905217866,16.8387052523067,3,3,NA,FALSE,-0.05726834708883288
Q9UKL3,CASP8AP2,13.920187927733771,13.634216156297125,3,3,NA,FALSE,0.2859717714366461
Q9UKL6,PCTP,14.90677416094966,14.788553667919407,3,3,NA,FALSE,0.11822049303025217
Q9UKM7,MAN1B1,15.417716699569779,15.401513714792442,3,3,NA,FALSE,0.016202984777336837
Q9UKM9,RALY,19.694035751248244,19.68735524731861,3,3,NA,FALSE,0.006680503929633375
Q9UKN8,GTF3C4,17.694170216201083,17.814913714016924,3,3,NA,FALSE,-0.12074349781584104
Q9UKR5,ERG28,17.86752508549986,17.446446407454598,3,3,NA,FALSE,0.4210786780452622
Q9UKS6,PACSIN3,16.669506775650817,16.65660866937243,3,3,NA,FALSE,0.012898106278385058
Q9UKT4,FBXO5,12.659238977916768,11.964359097663923,3,3,NA,FALSE,0.6948798802528451
Q9UKT5,FBXO4,14.823151455574832,14.885952566542489,3,3,NA,FALSE,-0.06280111096765673
Q9UKT7,FBXL3,14.741400298907275,14.575268513805474,3,3,NA,FALSE,0.1661317851018005
Q9UKT8,FBXW2,13.304903951069562,12.983253600367876,3,3,NA,FALSE,0.32165035070168635
Q9UKU0,ACSL6,13.391155131869985,12.952809903152291,3,3,NA,FALSE,0.43834522871769366
Q9UKU7,ACAD8,17.040890430349396,16.919832114401824,3,3,NA,FALSE,0.12105831594757177
Q9UKV3,ACIN1,19.167311858372543,18.846835755735732,3,3,NA,FALSE,0.32047610263681037
Q9UKV5,AMFR,17.79357964594122,16.982376180760905,3,3,NA,FALSE,0.8112034651803164
Q9UKV8,AGO2,16.059731395497245,16.22161337274642,3,3,NA,FALSE,-0.1618819772491733
Q9UKX7,NUP50,17.1768622279365,17.153049441146578,3,3,NA,FALSE,0.023812786789921603
Q9UKY1,ZHX1,15.528083387286209,15.429325371098166,3,3,NA,FALSE,0.09875801618804303
Q9UKY4,POMT2,14.308312855658528,14.320209292813306,3,3,NA,FALSE,-0.011896437154778283
Q9UKY7,CDV3,17.197618802079173,17.76445349071374,3,3,NA,FALSE,-0.5668346886345681
Q9UKZ1,CNOT11,16.192734244598874,16.11311297543252,3,3,NA,FALSE,0.0796212691663527
Q9UL01,DSE,12.895796209688074,12.576609256526,3,3,NA,FALSE,0.3191869531620739
Q9UL03,INTS6,18.424100057554107,18.533657798252328,3,3,NA,FALSE,-0.10955774069822155
Q9UL15,BAG5,16.396333915976264,16.388300360904672,3,3,NA,FALSE,0.008033555071591536
Q9UL18,AGO1,15.411457835631662,15.643098022617256,3,3,NA,FALSE,-0.23164018698559374
Q9UL25,RAB21,18.508744091541526,18.552146276168596,3,3,NA,FALSE,-0.04340218462706957
Q9UL26,RAB22A,16.64625264952371,16.562205815174565,3,3,NA,FALSE,0.08404683434914517
Q9UL33,TRAPPC2L,15.810856602399266,15.67660366572067,3,3,NA,FALSE,0.13425293667859606
Q9UL40,ZNF346,17.096782853957883,17.036378199765725,3,3,NA,FALSE,0.06040465419215835
Q9UL42,PNMA2,15.895451793642552,15.240434279950938,2,3,NA,FALSE,0.6550175136916145
Q9UL45,BLOC1S6,15.419917084191722,16.12804944825265,3,3,NA,FALSE,-0.708132364060928
Q9UL46,PSME2,18.75578277162485,18.679642388151283,3,3,NA,FALSE,0.07614038347356811
Q9UL54,TAOK2,14.430935988632726,14.145970152723493,3,3,NA,FALSE,0.2849658359092331
Q9UL63,MKLN1,16.59224575902976,16.791230728986626,3,3,NA,FALSE,-0.19898496995686799
Q9UL68,MYT1L,13.66943107641107,13.358315351558103,2,2,NA,FALSE,0.3111157248529679
Q9ULA0,DNPEP,17.26975050545371,17.17144503837717,3,3,NA,FALSE,0.09830546707654264
Q9ULC3,RAB23,17.86060435467013,17.92799052923727,3,3,NA,FALSE,-0.06738617456714024
Q9ULC4,MCTS1,19.391649593532065,19.2363013067111,3,3,NA,FALSE,0.15534828682096702
Q9ULD0,OGDHL,13.620077637045824,13.558587997275994,3,3,NA,FALSE,0.06148963976982991
Q9ULD4,BRPF3,14.364536034897856,14.2885358360581,3,3,NA,FALSE,0.07600019883975584
Q9ULD5,ZNF777,15.190227236735149,15.454166686501688,3,3,NA,FALSE,-0.26393944976653927
Q9ULD6,INTU,11.768698563864373,11.490507282292992,3,2,NA,FALSE,0.27819128157138096
Q9ULD9,ZNF608,13.081950404834675,13.696146941734085,3,3,NA,FALSE,-0.61419653689941
Q9ULE6,PALD1,17.392050882293244,16.96933319148247,3,3,NA,FALSE,0.42271769081077437
Q9ULF5,SLC39A10,15.520839867164938,15.960969903961306,3,3,NA,FALSE,-0.44013003679636853
Q9ULG1,INO80,15.44325528172485,15.443377296684607,3,3,NA,FALSE,-1.2201495975716625e-4
Q9ULH0,KIDINS220,16.210986751322793,16.350386477530577,3,3,NA,FALSE,-0.13939972620778462
Q9ULH1,ASAP1,15.37317842203087,15.418518418863943,3,3,NA,FALSE,-0.045339996833073215
Q9ULH7,MRTFB,14.866364420718948,14.848150129961098,3,3,NA,FALSE,0.018214290757850193
Q9ULI0,ATAD2B,16.693625559844136,16.373035369106596,3,3,NA,FALSE,0.3205901907375406
Q9ULJ3,ZBTB21,17.42015478895473,17.57117338528759,3,3,NA,FALSE,-0.15101859633286097
Q9ULJ6,ZMIZ1,13.125961261571481,13.324121425711546,3,3,NA,FALSE,-0.19816016414006477
Q9ULJ7,ANKRD50,17.324438380936833,17.02621157608323,3,3,NA,FALSE,0.2982268048536021
Q9ULJ8,PPP1R9A,14.040164849465235,13.968723210936744,3,3,NA,FALSE,0.07144163852849061
Q9ULK0,GRID1,16.408388702150233,15.949751654189154,1,2,NA,FALSE,0.45863704796107996
Q9ULK4,MED23,16.363262150199276,16.403953250153446,3,3,NA,FALSE,-0.040691099954170085
Q9ULK5,VANGL2,15.41789236360585,15.182836749913328,3,3,NA,FALSE,0.2350556136925217
Q9ULL1,PLEKHG1,13.891566612281657,14.138638855036032,3,3,NA,FALSE,-0.24707224275437412
Q9ULL5,PRR12,13.698242044343596,14.119559680950857,3,3,NA,FALSE,-0.4213176366072613
Q9ULM3,YEATS2,16.261586216094898,16.104752503404335,3,3,NA,FALSE,0.15683371269056323
Q9ULM6,CNOT6,16.080889873975494,15.954131292306744,3,3,NA,FALSE,0.12675858166874931
Q9ULP0,NDRG4,14.160323156490433,13.882039229373502,3,3,NA,FALSE,0.27828392711693084
Q9ULP9,TBC1D24,16.180933093136346,16.22997816989623,3,3,NA,FALSE,-0.04904507675988512
Q9ULQ0,STRIP2,14.652076981947337,14.728357235659374,3,3,NA,FALSE,-0.07628025371203684
Q9ULQ1,TPCN1,12.924533251392228,12.983848431026106,3,3,NA,FALSE,-0.059315179633877335
Q9ULR0,ISY1,15.95616414993648,16.055593427880034,3,3,NA,FALSE,-0.09942927794355327
Q9ULR3,PPM1H,15.447497558158831,15.42208107812179,3,3,NA,FALSE,0.02541648003704111
Q9ULS5,TMCC3,16.46859159384727,16.579538127259788,3,3,NA,FALSE,-0.1109465334125197
Q9ULT0,TTC7A,12.974536501173201,12.602502565972841,2,2,NA,FALSE,0.3720339352003599
Q9ULT8,HECTD1,17.09435245727044,16.711877753973095,3,3,NA,FALSE,0.3824747032973441
Q9ULU4,ZMYND8,16.19858902633434,16.444413271772817,3,3,NA,FALSE,-0.24582424543847736
Q9ULV0,MYO5B,11.379335799401634,11.763867360108177,3,3,NA,FALSE,-0.3845315607065434
Q9ULV3,CIZ1,16.06911669682581,16.03967370467347,3,3,NA,FALSE,0.029442992152340253
Q9ULV4,CORO1C,18.788275752488925,18.9728108746317,3,3,NA,FALSE,-0.18453512214277623
Q9ULW0,TPX2,16.926104877709495,16.621658375841495,3,3,NA,FALSE,0.30444650186800004
Q9ULW3,ABT1,16.072248197083077,15.93703510002293,3,3,NA,FALSE,0.13521309706014684
Q9ULX3,NOB1,18.59567956935469,18.06240738625213,3,3,NA,FALSE,0.5332721831025609
Q9ULX6,AKAP8L,17.364678530802195,17.691451431436313,3,3,NA,FALSE,-0.32677290063411846
Q9ULX9,MAFF,11.041142920833297,10.918700607466436,3,3,NA,FALSE,0.12244231336686084
Q9UM00,TMCO1,18.563910718116517,18.03072604608636,3,3,NA,FALSE,0.5331846720301563
Q9UM13,ANAPC10,18.167611483902828,18.18021882069623,3,3,NA,FALSE,-0.012607336793401203
Q9UM19,HPCAL4,16.279772642712693,16.393111217652386,3,3,NA,FALSE,-0.1133385749396929
Q9UM22,EPDR1,16.349913616373478,16.397244261498884,3,3,NA,FALSE,-0.04733064512540608
Q9UM47,NOTCH3,13.312960747154197,13.08651999100004,3,3,NA,FALSE,0.22644075615415638
Q9UM54,MYO6,18.74012765074542,18.75418446359324,3,3,NA,FALSE,-0.014056812847819344
Q9UM82,SPATA2,12.109758128354043,11.203838309161165,3,3,NA,FALSE,0.9059198191928779
Q9UMF0,ICAM5,13.516645992251721,14.255895300725843,3,3,NA,FALSE,-0.7392493084741218
Q9UMN6,KMT2B,15.578382902773553,15.632632179630772,3,3,NA,FALSE,-0.054249276857218476
Q9UMR2,DDX19B,13.584209492941174,13.682653277098174,3,3,NA,FALSE,-0.09844378415700028
Q9UMR5,PPT2,16.65687317520761,16.724351303972742,3,3,NA,FALSE,-0.06747812876513137
Q9UMS0,NFU1,17.411415254170155,17.442878050980507,3,3,NA,FALSE,-0.031462796810352245
Q9UMS4,PRPF19,20.359382091201333,20.1835960551782,3,3,NA,FALSE,0.17578603602313336
Q9UMX0,UBQLN1,17.658900316686825,17.932783078479957,3,3,NA,FALSE,-0.2738827617931321
Q9UMX1,SUFU,15.968454725763426,15.948469491960083,3,3,NA,FALSE,0.01998523380334305
Q9UMX5,NENF,17.36096184513206,17.156798144725208,3,3,NA,FALSE,0.20416370040685194
Q9UMY1,NOL7,17.78471908272158,17.689275238101118,3,3,NA,FALSE,0.09544384462046196
Q9UMY4,SNX12,18.402644095770665,18.215863067337406,3,3,NA,FALSE,0.18678102843325917
Q9UMZ2,SYNRG,16.17557278129402,16.260496660442122,3,3,NA,FALSE,-0.08492387914810351
Q9UN30,SCML1,12.821191674547753,12.540224041573493,3,3,NA,FALSE,0.2809676329742601
Q9UN36,NDRG2,15.652053786275799,15.722101142261653,3,3,NA,FALSE,-0.07004735598585476
Q9UN37,VPS4A,18.339758230037216,18.17084017246575,3,3,NA,FALSE,0.16891805757146727
Q9UN81,L1RE1,16.46995105017052,16.491181883947647,3,3,NA,FALSE,-0.02123083377712831
Q9UN86,G3BP2,18.77958378369851,18.690852697107605,3,3,NA,FALSE,0.08873108659090434
Q9UNA1,ARHGAP26,14.166743529410253,14.16772626902469,3,3,NA,FALSE,-9.827396144377332e-4
Q9UNA4,POLI,12.664735485648874,13.054822139861198,3,3,NA,FALSE,-0.3900866542123236
Q9UNE7,STUB1,18.171809735666653,18.077414809333064,3,3,NA,FALSE,0.09439492633358881
Q9UNF0,PACSIN2,17.112913854651634,17.214061581503262,3,3,NA,FALSE,-0.10114772685162876
Q9UNF1,MAGED2,19.053814656506148,18.887810139393782,3,3,NA,FALSE,0.1660045171123663
Q9UNH6,SNX7,15.721908505402233,15.726533250597216,3,3,NA,FALSE,-0.004624745194982793
Q9UNH7,SNX6,18.493799976849875,18.415847766334345,3,3,NA,FALSE,0.07795221051553014
Q9UNI6,DUSP12,14.957213834712354,14.963062859066865,3,3,NA,FALSE,-0.005849024354510846
Q9UNK0,STX8,16.824901505934676,16.582139012928234,3,3,NA,FALSE,0.24276249300644182
Q9UNL2,SSR3,18.303100969611496,18.1387713922523,3,3,NA,FALSE,0.1643295773591973
Q9UNL4,ING4,14.735042788998236,14.829273262551313,3,3,NA,FALSE,-0.09423047355307723
Q9UNM6,PSMD13,18.846123267189245,18.910878251032845,3,3,NA,FALSE,-0.06475498384359923
Q9UNN5,FAF1,18.24135554584022,18.314836931875536,3,3,NA,FALSE,-0.07348138603531496
Q9UNN8,PROCR,17.55525603144025,17.656705692326724,3,3,NA,FALSE,-0.10144966088647323
Q9UNP9,PPIE,17.73896191402909,17.53805504784684,3,3,NA,FALSE,0.20090686618225106
Q9UNQ2,DIMT1,18.671572111598646,18.570996107708975,3,3,NA,FALSE,0.10057600388967103
Q9UNS1,TIMELESS,16.636911962433093,16.482499963829593,3,3,NA,FALSE,0.15441199860349997
Q9UNS2,COPS3,18.539235998344704,18.608537578492975,3,3,NA,FALSE,-0.06930158014827015
Q9UNW1,MINPP1,17.623185842451793,17.105545655642878,3,3,NA,FALSE,0.5176401868089151
Q9UNW9,NOVA2,12.683301600122391,12.042082024579997,2,3,NA,FALSE,0.6412195755423937
Q9UNX3,RPL26L1,15.114793131490421,14.777770961696115,3,3,NA,FALSE,0.3370221697943059
Q9UNX4,WDR3,18.206518612860364,18.042459690780195,3,3,NA,FALSE,0.16405892208016937
Q9UNY4,TTF2,18.206835107533085,17.955313734884086,3,3,NA,FALSE,0.2515213726489982
Q9UNZ2,NSFL1C,19.18845851625768,19.228980769159843,3,3,NA,FALSE,-0.04052225290216427
Q9UNZ5,C19orf53,16.79843141528895,16.86172378679017,3,3,NA,FALSE,-0.06329237150121969
Q9UP38,FZD1,12.374333013706652,12.349563487582676,3,3,NA,FALSE,0.024769526123975538
Q9UP83,COG5,20.617087461844477,20.71802250519034,3,3,NA,FALSE,-0.10093504334586356
Q9UP95,SLC12A4,16.64973424568813,16.610557088434238,3,3,NA,FALSE,0.03917715725389215
Q9UPM8,AP4E1,15.681475741720961,15.86659049243504,3,3,NA,FALSE,-0.1851147507140798
Q9UPM9,B9D1,13.558013649517921,13.389492317436078,3,3,NA,FALSE,0.16852133208184306
Q9UPN3,MACF1,18.28829992248034,18.59745863796352,3,3,NA,FALSE,-0.3091587154831785
Q9UPN4,CEP131,16.22126885022862,16.08714463207538,3,3,NA,FALSE,0.13412421815323938
Q9UPN6,SCAF8,19.240230088460166,19.185796535638005,3,3,NA,FALSE,0.05443355282216089
Q9UPN7,PPP6R1,17.867076421350237,17.890826576231085,3,3,NA,FALSE,-0.02375015488084742
Q9UPN9,TRIM33,18.232427322807567,18.260645472430205,3,3,NA,FALSE,-0.028218149622638578
Q9UPP1,PHF8,17.01896391638512,16.87482147690911,3,3,NA,FALSE,0.1441424394760098
Q9UPQ0,LIMCH1,15.300864396738408,15.262502629119025,3,3,NA,FALSE,0.03836176761938326
Q9UPQ3,AGAP1,15.178018865961182,15.206933805386722,3,3,NA,FALSE,-0.028914939425540354
Q9UPQ8,DOLK,15.695268279304653,15.29367137561259,3,3,NA,FALSE,0.401596903692063
Q9UPQ9,TNRC6B,16.6638732221447,16.948932551732266,3,3,NA,FALSE,-0.28505932958756475
Q9UPR0,PLCL2,14.411218850627858,14.592313580173185,3,3,NA,FALSE,-0.18109472954532713
Q9UPR3,SMG5,15.782758867991499,15.41568597168059,3,3,NA,FALSE,0.36707289631090845
Q9UPS6,SETD1B,14.373717929452123,14.587846090499971,3,3,NA,FALSE,-0.2141281610478476
Q9UPS8,ANKRD26,14.60428897139459,14.323282157069885,3,3,NA,FALSE,0.2810068143247051
Q9UPT5,EXOC7,18.242634301514393,18.159503225071184,3,3,NA,FALSE,0.08313107644320894
Q9UPT6,MAPK8IP3,15.397235010380633,15.3744275453715,2,2,NA,FALSE,0.022807465009133665
Q9UPT8,ZC3H4,17.879062833981386,18.42531487259795,3,3,NA,FALSE,-0.546252038616565
Q9UPT9,USP22,15.66578114053041,15.589167423045167,3,3,NA,FALSE,0.07661371748524282
Q9UPU5,USP24,17.36709988005668,17.37541455332884,3,3,NA,FALSE,-0.008314673272160178
Q9UPU7,TBC1D2B,16.905310936359985,16.91479009589546,3,3,NA,FALSE,-0.009479159535473514
Q9UPU9,SAMD4A,12.7054355611532,13.121430732337993,3,2,NA,FALSE,-0.4159951711847931
Q9UPV0,CEP164,15.1927128921938,14.994312089693649,3,3,NA,FALSE,0.19840080250015113
Q9UPV9,TRAK1,16.16518435065656,15.860001810479005,2,1,NA,FALSE,0.30518254017755453
Q9UPW0,FOXJ3,14.893870453124041,15.498937255840781,3,3,NA,FALSE,-0.6050668027167401
Q9UPW5,AGTPBP1,15.021452106387914,15.301909055718287,3,3,NA,FALSE,-0.28045694933037346
Q9UPW6,SATB2,16.155863600960576,16.21067941086737,3,3,NA,FALSE,-0.054815809906795465
Q9UPY3,DICER1,17.53730434346527,17.41081719723976,3,3,NA,FALSE,0.12648714622551083
Q9UPY5,SLC7A11,14.482305056392496,15.597178455524217,3,3,NA,FALSE,-1.1148733991317208
Q9UPY6,WASF3,13.018204611504842,12.812131947310752,3,3,NA,FALSE,0.20607266419409065
Q9UPY8,MAPRE3,15.934633260802142,15.9278878199511,3,3,NA,FALSE,0.006745440851043227
Q9UPZ3,HPS5,15.077013552528369,15.132973253207364,3,3,NA,FALSE,-0.05595970067899536
Q9UQ13,SHOC2,16.22733962873342,16.436140723557628,3,3,NA,FALSE,-0.2088010948242065
Q9UQ16,DNM3,17.962167714260186,18.123818966228153,3,3,NA,FALSE,-0.16165125196796737
Q9UQ35,SRRM2,18.122590547572592,18.089395146852553,3,3,NA,FALSE,0.03319540072003946
Q9UQ49,NEU3,13.467069016951568,13.719175016412239,3,3,NA,FALSE,-0.2521059994606709
Q9UQ53,MGAT4B,15.830839933489555,16.083254876595127,3,3,NA,FALSE,-0.2524149431055722
Q9UQ80,PA2G4,20.644599157968468,20.62657263421667,3,3,NA,FALSE,0.018026523751796475
Q9UQ84,EXO1,15.733152056989885,15.672534546435351,3,3,NA,FALSE,0.06061751055453435
Q9UQ88,CDK11A,14.351198164202671,15.313664032744386,3,3,NA,FALSE,-0.9624658685417149
Q9UQ90,SPG7,15.781494444785274,15.880357271304039,3,3,NA,FALSE,-0.09886282651876499
Q9UQB8,BAIAP2,16.079357771854802,16.032556426556987,3,3,NA,FALSE,0.046801345297815544
Q9UQE7,SMC3,19.163724462802275,19.210516816361398,3,3,NA,FALSE,-0.046792353559123256
Q9UQL6,HDAC5,12.110016540963798,12.11891268716455,3,3,NA,FALSE,-0.008896146200751076
Q9UQN3,CHMP2B,16.966356090859886,16.735226411009222,3,3,NA,FALSE,0.2311296798506639
Q9UQR0,SCML2,17.890124096068394,18.0053315868381,3,3,NA,FALSE,-0.1152074907697056
Q9UQR1,ZNF148,15.74790716753991,15.852071227060936,3,3,NA,FALSE,-0.10416405952102537
Q9Y217,MTMR6,15.74174048592944,15.833152399290666,3,3,NA,FALSE,-0.09141191336122567
Q9Y221,NIP7,17.43241988744208,17.209137215780668,3,3,NA,FALSE,0.22328267166141202
Q9Y222,DMTF1,13.233930650675607,13.844184909593487,3,3,NA,FALSE,-0.6102542589178803
Q9Y223,GNE,17.902838380402304,18.001225781798443,3,3,NA,FALSE,-0.09838740139613833
Q9Y224,RTRAF,18.010083680007142,18.226112492685324,3,3,NA,FALSE,-0.2160288126781822
Q9Y230,RUVBL2,20.483409214430317,20.38087508944068,3,3,NA,FALSE,0.10253412498963854
Q9Y232,CDYL,16.150114021811998,16.163637873973695,3,3,NA,FALSE,-0.013523852161696936
Q9Y233,PDE10A,14.226032372794242,14.199572158400484,3,3,NA,FALSE,0.026460214393758008
Q9Y234,LIPT1,11.671777738313212,12.032112283341421,3,3,NA,FALSE,-0.36033454502820916
Q9Y237,PIN4,19.333360257863074,19.143539181317294,3,3,NA,FALSE,0.18982107654577973
Q9Y243,AKT3,16.24117362283211,16.376334245241008,3,3,NA,FALSE,-0.1351606224088968
Q9Y244,POMP,14.927761559999926,14.549128599223664,3,1,NA,FALSE,0.37863296077626174
Q9Y247,FAM50B,13.352506697553759,12.777440623399443,3,3,NA,FALSE,0.5750660741543161
Q9Y248,GINS2,17.275411254739367,17.21517901755552,3,3,NA,FALSE,0.06023223718384685
Q9Y250,LZTS1,16.375141033317004,16.05223910702769,3,3,NA,FALSE,0.3229019262893118
Q9Y253,POLH,15.103814918084597,15.61372764351946,2,3,NA,FALSE,-0.5099127254348641
Q9Y255,PRELID1,13.584536733634774,14.575352622543425,3,1,NA,FALSE,-0.9908158889086511
Q9Y256,RCE1,14.730225400538654,14.663096668257369,3,3,NA,FALSE,0.0671287322812848
Q9Y262,EIF3L,19.30076982813667,19.223542729360826,3,3,NA,FALSE,0.07722709877584322
Q9Y263,PLAA,17.32584215313682,17.493645841181806,3,3,NA,FALSE,-0.16780368804498735
Q9Y265,RUVBL1,20.40614172832308,20.24165265675937,3,3,NA,FALSE,0.16448907156371106
Q9Y266,NUDC,19.866726598153896,19.642941010131338,3,3,NA,FALSE,0.2237855880225581
Q9Y274,ST3GAL6,12.607657547231646,12.733204673478335,3,3,NA,FALSE,-0.12554712624668873
Q9Y276,BCS1L,18.01220061368601,17.9494403535928,3,3,NA,FALSE,0.06276026009321001
Q9Y277,VDAC3,20.57870713549248,20.535981534897484,3,3,NA,FALSE,0.04272560059499497
Q9Y281,CFL2,22.427403320695554,22.423934618599485,3,3,NA,FALSE,0.003468702096068199
Q9Y282,ERGIC3,17.701538210765722,17.443327165565364,3,3,NA,FALSE,0.2582110452003583
Q9Y283,INVS,12.790428320821677,12.973085072851749,3,3,NA,FALSE,-0.1826567520300717
Q9Y285,FARSA,18.684241542131026,18.739346651607406,3,3,NA,FALSE,-0.055105109476379255
Q9Y287,ITM2B,14.414188679132982,13.88088451947068,3,3,NA,FALSE,0.5333041596623023
Q9Y289,SLC5A6,15.672619282246837,15.694982653849275,3,3,NA,FALSE,-0.022363371602438065
Q9Y291,MRPS33,16.75669415112029,16.9428971193555,3,3,NA,FALSE,-0.18620296823521088
Q9Y294,ASF1A,18.976192205861263,18.92193417260603,3,3,NA,FALSE,0.05425803325523404
Q9Y295,DRG1,18.448512362202717,18.391602930168787,3,3,NA,FALSE,0.05690943203392962
Q9Y296,TRAPPC4,17.382399803030975,17.07156474130311,3,3,NA,FALSE,0.31083506172786457
Q9Y297,BTRC,15.423527270081353,15.333272663879088,3,3,NA,FALSE,0.09025460620226511
Q9Y2A7,NCKAP1,19.1054535280748,19.19269743393403,3,3,NA,FALSE,-0.08724390585922848
Q9Y2B0,CNPY2,19.24652474694357,19.051052420397856,3,3,NA,FALSE,0.19547232654571545
Q9Y2B2,PIGL,13.22868278445452,13.248736396367002,3,3,NA,FALSE,-0.02005361191248234
Q9Y2C2,UST,14.979946507640976,15.70689138692936,3,3,NA,FALSE,-0.7269448792883839
Q9Y2C4,EXOG,13.69451433409775,13.403329792067334,3,3,NA,FALSE,0.29118454203041644
Q9Y2D0,CA5B,15.201412729137164,15.91538746100786,3,3,NA,FALSE,-0.7139747318706959
Q9Y2D4,EXOC6B,16.260002354101623,16.37214686704642,3,3,NA,FALSE,-0.11214451294479844
Q9Y2D5,PALM2AKAP2,15.223833352056632,15.618393721543903,3,3,NA,FALSE,-0.39456036948727125
Q9Y2D8,SSX2IP,14.618552659706815,14.488522139243036,3,3,NA,FALSE,0.1300305204637784
Q9Y2D9,ZNF652,14.737161189454655,14.82667396117895,3,3,NA,FALSE,-0.08951277172429428
Q9Y2E4,DIP2C,13.28193442120401,13.660414022881048,3,3,NA,FALSE,-0.37847960167703754
Q9Y2E5,MAN2B2,14.89987005725498,14.81267180946663,3,3,NA,FALSE,0.08719824778834884
Q9Y2E8,SLC9A8,12.77958041051024,13.433126519308287,3,3,NA,FALSE,-0.6535461087980465
Q9Y2F5,ICE1,14.398435622108618,13.759720856425405,3,3,NA,FALSE,0.6387147656832131
Q9Y2G0,EFR3B,14.419490755158511,14.515273078318646,3,3,NA,FALSE,-0.09578232316013491
Q9Y2G2,CARD8,13.108969590732269,12.976456848017666,3,3,NA,FALSE,0.1325127427146029
Q9Y2G3,ATP11B,15.433009273715156,15.419055947452245,3,3,NA,FALSE,0.013953326262910792
Q9Y2G5,POFUT2,17.199000672102272,17.178565086315132,3,3,NA,FALSE,0.020435585787140553
Q9Y2G8,DNAJC16,17.01338077412249,16.77183108567796,3,3,NA,FALSE,0.24154968844452895
Q9Y2H0,DLGAP4,15.791877039085241,16.05465688758183,3,3,NA,FALSE,-0.2627798484965904
Q9Y2H1,STK38L,16.368669763217927,16.52311165825344,3,3,NA,FALSE,-0.15444189503551442
Q9Y2H2,INPP5F,15.351629371586554,15.30893022955761,3,3,NA,FALSE,0.04269914202894398
Q9Y2H6,FNDC3A,16.8576759293084,16.944101607737217,3,3,NA,FALSE,-0.08642567842881732
Q9Y2I1,NISCH,16.557946897762697,16.363073115117597,3,3,NA,FALSE,0.19487378264510014
Q9Y2I7,PIKFYVE,16.052743594541155,16.11855136970804,3,3,NA,FALSE,-0.06580777516688485
Q9Y2I8,WDR37,14.911813233691342,15.063633364543172,3,3,NA,FALSE,-0.15182013085182966
Q9Y2J2,EPB41L3,17.24654105238112,17.35705476957093,3,3,NA,FALSE,-0.11051371718981073
Q9Y2K1,ZBTB1,13.645429284545902,13.330726451818864,3,3,NA,FALSE,0.31470283272703803
Q9Y2K2,SIK3,14.625138245817162,14.523321826802697,3,3,NA,FALSE,0.10181641901446525
Q9Y2K5,R3HDM2,14.178385456219763,14.426538647723964,3,3,NA,FALSE,-0.24815319150420123
Q9Y2K6,USP20,13.70791526189287,13.35686245874671,3,3,NA,FALSE,0.3510528031461604
Q9Y2K7,KDM2A,17.74840270960013,17.643121138425293,3,3,NA,FALSE,0.10528157117483516
Q9Y2L1,DIS3,18.543854456797185,18.704565173871888,3,3,NA,FALSE,-0.16071071707470352
Q9Y2L5,TRAPPC8,16.07896323643999,16.18013571164642,3,3,NA,FALSE,-0.10117247520643247
Q9Y2L9,LRCH1,15.790785394720787,15.913409348436312,3,3,NA,FALSE,-0.12262395371552515
Q9Y2M5,KLHL20,14.693208132961974,14.356159342676095,3,3,NA,FALSE,0.33704879028587875
Q9Y2P4,SLC27A6,13.899306209660605,12.2790546924678,1,3,NA,FALSE,1.6202515171928038
Q9Y2P5,SLC27A5,15.139627505078275,15.29273771182923,3,3,NA,FALSE,-0.153110206750954
Q9Y2P8,RCL1,17.509547205958402,17.619277847306424,3,3,NA,FALSE,-0.10973064134802257
Q9Y2Q0,ATP8A1,16.574765147567735,16.636092775614102,3,3,NA,FALSE,-0.061327628046367266
Q9Y2Q3,GSTK1,18.346267094837334,18.11602561525598,3,3,NA,FALSE,0.23024147958135188
Q9Y2Q5,LAMTOR2,18.484887537456586,18.469049660023977,3,3,NA,FALSE,0.01583787743260956
Q9Y2Q9,MRPS28,18.253658109943867,18.209375498645358,3,3,NA,FALSE,0.04428261129850952
Q9Y2R0,COA3,18.283061386839076,18.16803337461789,3,3,NA,FALSE,0.11502801222118464
Q9Y2R4,DDX52,16.590344421739534,16.808873161041003,3,3,NA,FALSE,-0.218528739301469
Q9Y2R5,MRPS17,17.857135884505695,17.717530113113458,3,3,NA,FALSE,0.13960577139223673
Q9Y2R9,MRPS7,17.497540432368737,17.57642576758457,3,3,NA,FALSE,-0.07888533521583341
Q9Y2S2,CRYL1,15.833682006088722,15.870505868022809,3,3,NA,FALSE,-0.03682386193408682
Q9Y2S6,TMA7,18.475415870699475,18.562715677941004,3,2,NA,FALSE,-0.08729980724152853
Q9Y2S7,POLDIP2,17.19405172032796,17.110253132110678,3,3,NA,FALSE,0.08379858821728092
Q9Y2T2,AP3M1,17.081317724064167,17.28542851690964,3,3,NA,FALSE,-0.20411079284547284
Q9Y2U5,MAP3K2,15.297777365476403,15.447895849150742,3,3,NA,FALSE,-0.15011848367433878
Q9Y2U8,LEMD3,16.95757217888111,17.166485372489255,3,3,NA,FALSE,-0.20891319360814364
Q9Y2U9,KLHDC2,13.968896471697068,13.533738144214599,3,3,NA,FALSE,0.4351583274824691
Q9Y2V2,CARHSP1,17.660816980574086,17.62030515339203,3,3,NA,FALSE,0.040511827182054816
Q9Y2V7,COG6,15.837317542964342,15.826382355423267,3,3,NA,FALSE,0.01093518754107592
Q9Y2W1,THRAP3,19.098338587066515,18.92750879321484,3,3,NA,FALSE,0.17082979385167363
Q9Y2W2,WBP11,17.60668358185781,17.59569432826237,3,3,NA,FALSE,0.010989253595440118
Q9Y2W6,TDRKH,16.064697321441813,16.368255093369605,3,3,NA,FALSE,-0.30355777192779243
Q9Y2X0,MED16,17.32111472304314,17.34461453553197,3,3,NA,FALSE,-0.023499812488829264
Q9Y2X3,NOP58,19.988715689971535,20.04787025945097,3,3,NA,FALSE,-0.05915456947943554
Q9Y2X7,GIT1,17.10492752022813,16.95842127072344,3,3,NA,FALSE,0.14650624950468938
Q9Y2X9,ZNF281,16.03479442904562,15.699441926217556,3,3,NA,FALSE,0.33535250282806217
Q9Y2Y0,ARL2BP,17.82409312941907,17.66676063186063,3,3,NA,FALSE,0.15733249755843914
Q9Y2Y1,POLR3K,14.83766559463258,15.0060839407768,3,3,NA,FALSE,-0.1684183461442199
Q9Y2Y9,KLF13,12.263061069769737,12.082117096072237,3,3,NA,FALSE,0.18094397369750048
Q9Y2Z0,SUGT1,17.701471206538006,17.71784902496029,3,3,NA,FALSE,-0.016377818422284918
Q9Y2Z2,MTO1,15.212420416677062,15.361613969865601,3,3,NA,FALSE,-0.14919355318853889
Q9Y2Z4,YARS2,17.93644248070519,18.105896005186732,3,3,NA,FALSE,-0.16945352448154338
Q9Y2Z9,COQ6,15.242760683700318,15.555642764337774,3,3,NA,FALSE,-0.31288208063745593
Q9Y303,AMDHD2,14.609331155531166,14.3586601447252,3,3,NA,FALSE,0.25067101080596643
Q9Y305,ACOT9,18.171489124209916,18.262637067117744,3,3,NA,FALSE,-0.09114794290782768
Q9Y312,AAR2,16.766970709176704,16.90702473337019,3,3,NA,FALSE,-0.14005402419348556
Q9Y314,NOSIP,17.25101102657356,17.199903331798915,3,3,NA,FALSE,0.05110769477464672
Q9Y315,DERA,16.606169496183018,16.654680338352364,3,3,NA,FALSE,-0.04851084216934609
Q9Y316,MEMO1,16.56435931570132,16.50988218050567,3,3,NA,FALSE,0.05447713519565056
Q9Y320,TMX2,15.85009633202635,15.119426484915302,3,3,NA,FALSE,0.7306698471110487
Q9Y324,FCF1,15.932639525562532,16.10721597426435,3,3,NA,FALSE,-0.1745764487018171
Q9Y333,LSM2,19.989892738107194,20.018401110753118,3,3,NA,FALSE,-0.02850837264592343
Q9Y342,PLLP,13.897081497743747,13.634945495407479,3,3,NA,FALSE,0.262136002336268
Q9Y343,SNX24,15.723677425886768,15.811001826023329,3,3,NA,FALSE,-0.08732440013656095
Q9Y365,STARD10,14.486644098310945,14.532464596250403,3,3,NA,FALSE,-0.04582049793945764
Q9Y366,IFT52,14.791905814322835,14.778097086887383,3,3,NA,FALSE,0.013808727435451473
Q9Y371,SH3GLB1,17.94134758187527,18.07032017305386,3,3,NA,FALSE,-0.1289725911785915
Q9Y375,NDUFAF1,15.840408594644993,15.903319719458944,3,3,NA,FALSE,-0.06291112481395089
Q9Y376,CAB39,18.431970447999756,18.27184896182286,3,3,NA,FALSE,0.16012148617689448
Q9Y383,LUC7L2,19.24059790260836,19.043264694245092,3,3,NA,FALSE,0.1973332083632684
Q9Y385,UBE2J1,15.364696748948756,15.311157386865885,3,3,NA,FALSE,0.05353936208287102
Q9Y388,RBMX2,16.986328401301325,16.566694605062292,3,3,NA,FALSE,0.4196337962390331
Q9Y394,DHRS7,18.80383318183777,18.705187434580743,3,3,NA,FALSE,0.09864574725702724
Q9Y399,MRPS2,17.79633001088427,17.782636029556258,3,3,NA,FALSE,0.013693981328010807
Q9Y3A2,UTP11,19.300017909060454,19.468597049993264,3,3,NA,FALSE,-0.16857914093280968
Q9Y3A3,MOB4,17.313593114437197,17.40076527177059,3,3,NA,FALSE,-0.087172157333395
Q9Y3A4,RRP7A,17.005098395535565,17.231502590174543,3,3,NA,FALSE,-0.22640419463897743
Q9Y3A5,SBDS,18.550529694514307,18.541323303085516,3,3,NA,FALSE,0.009206391428790539
Q9Y3A6,TMED5,19.040330954018646,18.884927785139016,3,3,NA,FALSE,0.15540316887963002
Q9Y3B1,PRELID3B,13.70768482528579,13.324014988307153,3,3,NA,FALSE,0.3836698369786369
Q9Y3B2,EXOSC1,16.54449827977804,16.540090059609298,3,3,NA,FALSE,0.00440822016874165
Q9Y3B3,TMED7,18.09813862423512,18.074637726889467,3,3,NA,FALSE,0.023500897345652305
Q9Y3B4,SF3B6,19.92367455124252,19.77884383515612,3,3,NA,FALSE,0.14483071608639975
Q9Y3B6,EMC9,15.711393362002143,15.733409556962592,3,3,NA,FALSE,-0.022016194960448487
Q9Y3B7,MRPL11,17.724281168756157,17.768522525314214,3,3,NA,FALSE,-0.044241356558057277
Q9Y3B8,REXO2,17.367771755851948,17.213768419363962,3,3,NA,FALSE,0.15400333648798537
Q9Y3B9,RRP15,17.43733571162327,17.20540556901858,3,3,NA,FALSE,0.23193014260468914
Q9Y3C0,WASHC3,15.85290237923759,15.810750376704041,3,3,NA,FALSE,0.04215200253354823
Q9Y3C1,NOP16,18.596464150326227,18.743493260623577,3,3,NA,FALSE,-0.14702911029734977
Q9Y3C4,TPRKB,17.354959642575693,17.381994343089726,3,3,NA,FALSE,-0.027034700514033005
Q9Y3C5,RNF11,13.68988432655913,13.994670027476179,3,3,NA,FALSE,-0.3047857009170496
Q9Y3C6,PPIL1,18.53938027512224,18.578579774160282,3,3,NA,FALSE,-0.0391994990380411
Q9Y3C8,UFC1,18.094480963351078,18.07842725948239,3,3,NA,FALSE,0.016053703868688984
Q9Y3D0,CIAO2B,15.833522932808119,15.849402564477765,3,3,NA,FALSE,-0.015879631669646344
Q9Y3D2,MSRB2,16.48613890738136,16.67176180385009,3,3,NA,FALSE,-0.18562289646872898
Q9Y3D3,MRPS16,17.84488626666428,17.89736074427831,3,3,NA,FALSE,-0.052474477614030235
Q9Y3D5,MRPS18C,16.705472786099396,17.17652273487755,3,3,NA,FALSE,-0.4710499487781554
Q9Y3D6,FIS1,18.32384286366209,18.34699415608535,3,3,NA,FALSE,-0.023151292423261083
Q9Y3D7,PAM16,17.478044469609827,17.419300463544683,3,3,NA,FALSE,0.05874400606514385
Q9Y3D8,AK6,16.733174957137237,16.69346416561512,3,3,NA,FALSE,0.03971079152211843
Q9Y3D9,MRPS23,18.11823888459305,18.076090339291795,3,3,NA,FALSE,0.04214854530125578
Q9Y3E0,GOLT1B,18.642607357780346,18.496440415190474,3,3,NA,FALSE,0.14616694258987195
Q9Y3E1,HDGFL3,17.488386565073828,17.705933968369553,3,3,NA,FALSE,-0.21754740329572542
Q9Y3E2,BOLA1,15.648982727869031,15.52604966320764,3,3,NA,FALSE,0.12293306466139065
Q9Y3E5,PTRH2,16.651728303251698,16.58291042298219,3,3,NA,FALSE,0.0688178802695063
Q9Y3E7,CHMP3,17.837870350398763,17.863095066397815,3,3,NA,FALSE,-0.02522471599905174
Q9Y3F4,STRAP,19.24749237052561,19.244637323450117,3,3,NA,FALSE,0.002855047075492223
Q9Y3I0,RTCB,19.132733495546347,19.03948402413647,3,3,NA,FALSE,0.0932494714098766
Q9Y3I1,FBXO7,15.737197742253784,15.620067720610322,3,3,NA,FALSE,0.11713002164346165
Q9Y3L3,SH3BP1,16.145408164255663,16.257785334156374,3,3,NA,FALSE,-0.11237716990071078
Q9Y3L5,RAP2C,18.22061784701314,18.361567487451982,3,3,NA,FALSE,-0.14094964043884062
Q9Y3M2,CBY1,16.464063600247645,16.03317749849748,3,3,NA,FALSE,0.43088610175016484
Q9Y3P9,RABGAP1,18.987469828623293,19.074609612561158,3,3,NA,FALSE,-0.08713978393786448
Q9Y3Q3,TMED3,15.545212671564972,15.258205700261843,3,3,NA,FALSE,0.28700697130312847
Q9Y3Q8,TSC22D4,16.162682617684656,16.364155951841266,3,3,NA,FALSE,-0.20147333415660995
Q9Y3R0,GRIP1,13.943188561164662,14.299663248169907,3,3,NA,FALSE,-0.3564746870052442
Q9Y3R5,DOP1B,17.183936501582266,17.356299297321176,3,3,NA,FALSE,-0.1723627957389091
Q9Y3S1,WNK2,15.55755705847716,15.416169319434209,3,3,NA,FALSE,0.1413877390429512
Q9Y3T6,R3HCC1,14.587001458390777,14.556263977509293,3,3,NA,FALSE,0.030737480881484203
Q9Y3T9,NOC2L,18.29399200111379,18.17988535716662,3,3,NA,FALSE,0.11410664394717074
Q9Y3U8,RPL36,20.779628625790956,20.756619987818688,3,3,NA,FALSE,0.02300863797226782
Q9Y3V2,RWDD3,11.776685607164055,11.831038971260181,3,2,NA,FALSE,-0.054353364096126455
Q9Y3X0,CCDC9,17.515624001517427,17.669167829215255,3,3,NA,FALSE,-0.1535438276978276
Q9Y3Y2,CHTOP,18.833297322337085,18.720690550154192,3,3,NA,FALSE,0.11260677218289317
Q9Y3Z3,SAMHD1,17.409920097807493,17.66828204549535,3,3,NA,FALSE,-0.25836194768785603
Q9Y421,FAM32A,15.301236377872094,15.037274917772583,3,3,NA,FALSE,0.2639614600995106
Q9Y448,KNSTRN,16.750535957217377,16.70310066998713,3,3,NA,FALSE,0.047435287230246814
Q9Y450,HBS1L,18.60210695157751,18.745680935823955,3,3,NA,FALSE,-0.1435739842464443
Q9Y462,ZNF711,13.823512681903019,13.901644194057583,3,3,NA,FALSE,-0.07813151215456493
Q9Y467,SALL2,14.20796350749359,14.618501597090544,3,3,NA,FALSE,-0.4105380895969546
Q9Y478,PRKAB1,16.885616475042884,16.797269496321363,3,3,NA,FALSE,0.0883469787215212
Q9Y483,MTF2,15.657352458350903,15.45099208641855,3,3,NA,FALSE,0.20636037193235346
Q9Y484,WDR45,16.972328484759903,17.071674670812115,3,3,NA,FALSE,-0.09934618605221246
Q9Y485,DMXL1,15.919667767309447,15.923332693409211,3,3,NA,FALSE,-0.0036649260997645428
Q9Y487,ATP6V0A2,16.611973025603078,16.67507689183849,3,3,NA,FALSE,-0.0631038662354122
Q9Y490,TLN1,19.07872211479594,19.176801476629375,3,3,NA,FALSE,-0.09807936183343458
Q9Y496,KIF3A,15.719461778282371,15.618455568446532,3,3,NA,FALSE,0.1010062098358393
Q9Y4A0,JRKL,13.336495354892692,13.50527959759042,3,3,NA,FALSE,-0.1687842426977273
Q9Y4A5,TRRAP,21.472327260796284,21.444775579182313,3,3,NA,FALSE,0.02755168161397137
Q9Y4B4,RAD54L2,16.181920914269337,16.28233498346666,3,3,NA,FALSE,-0.1004140691973241
Q9Y4B5,MTCL1,16.01184449372385,15.936996845490436,3,3,NA,FALSE,0.07484764823341372
Q9Y4B6,DCAF1,17.006869125317152,17.17244397268704,3,3,NA,FALSE,-0.16557484736988926
Q9Y4C0,NRXN3,15.654937919162254,15.556090486223198,3,3,NA,FALSE,0.09884743293905629
Q9Y4C1,KDM3A,16.69757973619683,16.82956704067109,3,3,NA,FALSE,-0.13198730447426144
Q9Y4C2,TCAF1,16.69354656227352,16.248526303345194,3,3,NA,FALSE,0.4450202589283272
Q9Y4C8,RBM19,15.570662274282904,15.352576140053547,3,3,NA,FALSE,0.21808613422935785
Q9Y4D1,DAAM1,15.070198518377197,15.017293556281182,3,3,NA,FALSE,0.05290496209601514
Q9Y4D7,PLXND1,14.30035607325849,14.715396294032466,3,3,NA,FALSE,-0.4150402207739763
Q9Y4D8,HECTD4,18.171085984752576,18.460607670410184,3,3,NA,FALSE,-0.2895216856576077
Q9Y4E1,WASHC2C,14.724182135952287,14.808923733928633,3,3,NA,FALSE,-0.08474159797634684
Q9Y4E5,ZNF451,13.867414931810385,13.930801854957542,3,3,NA,FALSE,-0.06338692314715644
Q9Y4E6,WDR7,14.898824937210692,14.844147430490446,3,3,NA,FALSE,0.05467750672024607
Q9Y4E8,USP15,16.086888028873624,16.169079931935904,3,3,NA,FALSE,-0.08219190306228086
Q9Y4F1,FARP1,18.417314771185126,18.65978198545007,3,3,NA,FALSE,-0.24246721426494489
Q9Y4F3,MARF1,13.919793342427562,14.01901330444238,3,3,NA,FALSE,-0.09921996201481775
Q9Y4F5,CEP170B,13.734714531726716,13.633979162529387,3,3,NA,FALSE,0.10073536919732895
Q9Y4G6,TLN2,17.47102149601254,17.706570047380264,3,3,NA,FALSE,-0.23554855136772446
Q9Y4G8,RAPGEF2,15.28075665859149,15.511887131465768,3,3,NA,FALSE,-0.23113047287427868
Q9Y4I1,MYO5A,18.276644891042498,18.222370040325238,3,3,NA,FALSE,0.05427485071725968
Q9Y4J8,DTNA,17.85776812949191,17.943997609152124,3,3,NA,FALSE,-0.08622947966021499
Q9Y4K3,TRAF6,16.021464138265692,15.927424607872954,3,3,NA,FALSE,0.09403953039273816
Q9Y4K4,MAP4K5,15.756580724789895,15.675376194939355,3,3,NA,FALSE,0.08120452985053994
Q9Y4L1,HYOU1,20.007503079163385,19.791434168666534,3,3,NA,FALSE,0.21606891049685117
Q9Y4P1,ATG4B,16.878744610292625,16.76946090878683,3,3,NA,FALSE,0.10928370150579525
Q9Y4P3,TBL2,18.326269794854134,18.36593244085101,3,3,NA,FALSE,-0.03966264599687719
Q9Y4P8,WIPI2,16.098352287033322,15.859834142986735,3,3,NA,FALSE,0.2385181440465871
Q9Y4R8,TELO2,16.346302708124057,16.045114457195286,3,3,NA,FALSE,0.3011882509287709
Q9Y4U1,MMACHC,13.419135954641016,12.170895125521515,3,3,NA,FALSE,1.248240829119501
Q9Y4W2,LAS1L,19.515871311746626,19.515967412943528,3,3,NA,FALSE,-9.61011969025094e-5
Q9Y4W6,AFG3L2,17.796452368040054,17.89389342809368,3,3,NA,FALSE,-0.09744106005362596
Q9Y4X0,AMMECR1,14.584777073110365,14.589869465785101,3,3,NA,FALSE,-0.005092392674736601
Q9Y4X4,KLF12,13.767078808057112,13.861330433273558,3,3,NA,FALSE,-0.09425162521644559
Q9Y4X5,ARIH1,16.486922277740064,16.670444131707523,3,3,NA,FALSE,-0.18352185396745924
Q9Y4Z0,LSM4,20.018506358697625,19.971521080536075,3,3,NA,FALSE,0.04698527816155007
Q9Y508,RNF114,15.924550598625373,15.92065049576785,3,3,NA,FALSE,0.00390010285752318
Q9Y512,SAMM50,18.155266688377385,18.105624464112598,3,3,NA,FALSE,0.049642224264786705
Q9Y519,TMEM184B,14.420515876129192,14.34279653756968,3,3,NA,FALSE,0.07771933855951296
Q9Y520,PRRC2C,18.426458122510493,18.532926366614518,3,3,NA,FALSE,-0.10646824410402544
Q9Y530,OARD1,16.43404665301561,16.526995099756032,3,3,NA,FALSE,-0.09294844674042224
Q9Y535,POLR3H,15.632474416985795,15.745342988857733,3,3,NA,FALSE,-0.1128685718719371
Q9Y546,LRRC42,12.195149086036082,12.270007267016336,3,3,NA,FALSE,-0.07485818098025376
Q9Y547,IFT25,18.32049375781647,18.141455186615204,3,3,NA,FALSE,0.17903857120126787
Q9Y548,YIPF1,14.187698810265397,14.225288548548367,3,3,NA,FALSE,-0.03758973828296952
Q9Y570,PPME1,18.70321019829264,18.784633601007023,3,3,NA,FALSE,-0.08142340271438187
Q9Y575,ASB3,15.004320993224677,14.762747070150041,3,3,NA,FALSE,0.2415739230746361
Q9Y580,RBM7,15.685883427516083,15.849623391698872,3,3,NA,FALSE,-0.16373996418278836
Q9Y584,TIMM22,16.695554343662785,16.737942042685795,3,3,NA,FALSE,-0.04238769902300987
Q9Y587,AP4S1,15.080364641107577,15.181398908456785,3,3,NA,FALSE,-0.10103426734920795
Q9Y592,CEP83,13.80640677526037,13.930834761492372,3,3,NA,FALSE,-0.12442798623200169
Q9Y597,KCTD3,15.610867272759434,15.249029867789499,3,3,NA,FALSE,0.36183740496993444
Q9Y5A6,ZSCAN21,13.870501293572033,13.408791923082221,3,3,NA,FALSE,0.4617093704898121
Q9Y5A7,NUB1,16.482075326507097,16.800045007939357,3,3,NA,FALSE,-0.3179696814322597
Q9Y5A9,YTHDF2,17.568316778842377,17.834342836230103,3,3,NA,FALSE,-0.26602605738772667
Q9Y5B0,CTDP1,16.435092134778845,16.73454142966941,3,3,NA,FALSE,-0.2994492948905645
Q9Y5B6,PAXBP1,17.199117371764178,17.324110710442568,3,3,NA,FALSE,-0.12499333867839013
Q9Y5B8,NME7,16.852042141004617,16.47680818827612,3,3,NA,FALSE,0.3752339527284967
Q9Y5B9,SUPT16H,19.21014461611472,19.639437857366566,3,3,NA,FALSE,-0.42929324125184465
Q9Y5J1,UTP18,17.351282883144712,17.23757826881425,3,3,NA,FALSE,0.1137046143304623
Q9Y5J3,HEY1,15.417978239810171,15.38722994604167,3,3,NA,FALSE,0.030748293768501966
Q9Y5J5,PHLDA3,13.739005666033753,13.857358158985615,3,3,NA,FALSE,-0.11835249295186223
Q9Y5J7,TIMM9,15.108257900190718,14.914130003170344,3,3,NA,FALSE,0.19412789702037436
Q9Y5J9,TIMM8B,14.68315441635172,14.549401003010516,3,3,NA,FALSE,0.1337534133412035
Q9Y5K5,UCHL5,18.248150880485515,18.25047887718051,3,3,NA,FALSE,-0.002327996694994283
Q9Y5K6,CD2AP,17.921382687368347,17.898709568331206,3,3,NA,FALSE,0.02267311903714031
Q9Y5K8,ATP6V1D,16.75682431653002,16.467641165253816,3,3,NA,FALSE,0.2891831512762053
Q9Y5L0,TNPO3,18.231936187875988,18.120612021296676,3,3,NA,FALSE,0.11132416657931188
Q9Y5L4,TIMM13,17.73174640532124,18.137245635454452,3,3,NA,FALSE,-0.40549923013321276
Q9Y5M8,SRPRB,18.329073773427194,18.143861866167224,3,3,NA,FALSE,0.18521190725996917
Q9Y5N5,N6AMT1,15.983919687009172,16.011506860889455,3,3,NA,FALSE,-0.02758717388028309
Q9Y5N6,ORC6,15.728663003074285,15.677744991283182,3,3,NA,FALSE,0.05091801179110256
Q9Y5P4,CERT1,15.812472355731028,15.811056210307695,3,3,NA,FALSE,0.001416145423332793
Q9Y5P6,GMPPB,17.322239424230844,17.668628015190755,3,3,NA,FALSE,-0.34638859095991137
Q9Y5P8,PPP2R3B,15.497945934135732,14.816013606563402,2,2,NA,FALSE,0.6819323275723299
Q9Y5Q0,FADS3,13.552780382959677,13.09866286996825,3,3,NA,FALSE,0.4541175129914272
Q9Y5Q8,GTF3C5,17.36025166244508,17.35319315002105,3,3,NA,FALSE,0.007058512424030994
Q9Y5Q9,GTF3C3,17.187005090048626,17.153239975368706,3,3,NA,FALSE,0.033765114679919606
Q9Y5R4,HEMK1,12.538216289872489,11.350123181470185,1,3,NA,FALSE,1.1880931084023043
Q9Y5R8,TRAPPC1,19.475738192193198,19.22468584229644,3,3,NA,FALSE,0.2510523498967565
Q9Y5S2,CDC42BPB,17.40923008297637,17.43279487333801,3,3,NA,FALSE,-0.02356479036163961
Q9Y5S9,RBM8A,19.816452563675007,19.45852310324814,3,3,NA,FALSE,0.3579294604268668
Q9Y5T5,USP16,15.550909840096224,15.487350096479322,3,3,NA,FALSE,0.06355974361690286
Q9Y5U2,TSSC4,16.331226888210633,16.583275031241946,3,3,NA,FALSE,-0.2520481430313133
Q9Y5U8,MPC1,16.689300081742243,16.813701835696275,3,3,NA,FALSE,-0.1244017539540323
Q9Y5U9,IER3IP1,16.878548035788324,16.967861531653238,3,3,NA,FALSE,-0.08931349586491422
Q9Y5V0,ZNF706,16.071227010375264,16.023501497402044,3,3,NA,FALSE,0.04772551297321925
Q9Y5V3,MAGED1,17.184022307211183,16.610539512671913,3,3,NA,FALSE,0.5734827945392702
Q9Y5W7,SNX14,16.756314531450766,16.462141782593235,3,3,NA,FALSE,0.2941727488575303
Q9Y5W8,SNX13,14.954560668800477,14.886296492944254,3,3,NA,FALSE,0.06826417585622302
Q9Y5W9,SNX11,14.647453379101993,14.550554828516669,3,3,NA,FALSE,0.09689855058532437
Q9Y5X1,SNX9,17.149895070444476,17.280413395249333,3,3,NA,FALSE,-0.13051832480485714
Q9Y5X2,SNX8,14.599576804279806,14.69064481616392,3,3,NA,FALSE,-0.09106801188411318
Q9Y5X3,SNX5,19.274178486974197,19.31927699862272,3,3,NA,FALSE,-0.04509851164852208
Q9Y5Y0,FLVCR1,14.712846019931353,14.692968103998233,3,3,NA,FALSE,0.019877915933120605
Q9Y5Y2,NUBP2,16.946955806212106,17.041919520428646,3,3,NA,FALSE,-0.09496371421654004
Q9Y5Y5,PEX16,15.53123757816759,14.423927825652152,3,3,NA,FALSE,1.1073097525154374
Q9Y5Z4,HEBP2,18.013941426336668,17.903603412137507,3,3,NA,FALSE,0.11033801419916145
Q9Y5Z7,HCFC2,17.07666610307857,17.29450620579529,3,3,NA,FALSE,-0.21784010271672116
Q9Y5Z9,UBIAD1,15.546422534758596,15.471980402546578,3,3,NA,FALSE,0.07444213221201856
Q9Y600,CSAD,12.581755747763575,12.334038434143903,2,2,NA,FALSE,0.2477173136196722
Q9Y605,MRFAP1,17.58820089027341,17.23020890119269,3,3,NA,FALSE,0.3579919890807197
Q9Y606,PUS1,17.386699052550977,17.818393560003177,3,3,NA,FALSE,-0.4316945074521996
Q9Y608,LRRFIP2,16.831395625335052,16.957388042445388,3,3,NA,FALSE,-0.1259924171103357
Q9Y613,FHOD1,16.542731437384123,16.49774106115933,3,3,NA,FALSE,0.04499037622479207
Q9Y617,PSAT1,20.71647650674415,21.070337311978037,3,3,NA,FALSE,-0.35386080523388586
Q9Y618,NCOR2,14.825203763090848,15.087034536267659,3,3,NA,FALSE,-0.26183077317681125
Q9Y619,SLC25A15,16.679514064683254,16.81844184075853,3,3,NA,FALSE,-0.13892777607527762
Q9Y620,RAD54B,17.229909626614365,16.812478928991055,3,3,NA,FALSE,0.41743069762330975
Q9Y624,F11R,17.793065920755797,17.97920426806726,3,3,NA,FALSE,-0.18613834731146284
Q9Y625,GPC6,16.476474783268976,15.527796799317088,1,3,NA,FALSE,0.9486779839518888
Q9Y639,NPTN,17.294298506219135,17.10475878643627,3,3,NA,FALSE,0.18953971978286432
Q9Y646,CPQ,12.505505284347569,13.608963176503828,2,2,NA,FALSE,-1.1034578921562588
Q9Y657,SPIN1,17.13037454114494,17.580490062573794,3,3,NA,FALSE,-0.4501155214288559
Q9Y664,KPTN,19.568521915317792,19.805150928813905,3,3,NA,FALSE,-0.23662901349611332
Q9Y666,SLC12A7,17.871586880157434,17.966405286334155,3,3,NA,FALSE,-0.09481840617672077
Q9Y672,ALG6,17.519882050811827,17.23886720972059,3,3,NA,FALSE,0.2810148410912383
Q9Y673,ALG5,17.772499614400566,17.476177705420195,3,3,NA,FALSE,0.2963219089803708
Q9Y676,MRPS18B,17.064884338617006,17.11603790917037,3,3,NA,FALSE,-0.05115357055336389
Q9Y678,COPG1,18.74327546315493,18.915767441818105,3,3,NA,FALSE,-0.17249197866317445
Q9Y679,AUP1,15.981014148307688,15.58139652961844,3,3,NA,FALSE,0.3996176186892484
Q9Y680,FKBP7,16.624670731333232,16.328203367674256,3,3,NA,FALSE,0.2964673636589765
Q9Y689,ARL5A,13.9178548150163,13.865593644148356,3,3,NA,FALSE,0.05226117086794346
Q9Y692,GMEB1,16.63175270576486,16.40611484401154,3,3,NA,FALSE,0.22563786175332012
Q9Y696,CLIC4,19.928618462117473,20.0688712848618,3,3,NA,FALSE,-0.14025282274432627
Q9Y697,NFS1,17.185509777197193,17.263074642385217,3,3,NA,FALSE,-0.07756486518802319
Q9Y6A1,POMT1,14.36754867252303,14.382879348941298,3,3,NA,FALSE,-0.015330676418267686
Q9Y6A4,CFAP20,21.294750797483726,21.306451581177853,3,3,NA,FALSE,-0.011700783694127637
Q9Y6A5,TACC3,16.296146910780344,16.3594263115459,3,3,NA,FALSE,-0.0632794007655555
Q9Y6A9,SPCS1,18.62929646741228,18.479108669700448,3,3,NA,FALSE,0.15018779771183333
Q9Y6B6,SAR1B,17.2478548483886,16.686962694664796,3,3,NA,FALSE,0.5608921537238025
Q9Y6B7,AP4B1,15.42192591763174,15.386374510018598,3,3,NA,FALSE,0.03555140761314135
Q9Y6C9,MTCH2,18.266460385854963,18.4574666653569,3,3,NA,FALSE,-0.19100627950193783
Q9Y6D0,SELENOK,15.858581435818595,15.816607345507187,3,3,NA,FALSE,0.04197409031140786
Q9Y6D5,ARFGEF2,19.565685013916166,19.660309223751266,3,3,NA,FALSE,-0.0946242098351
Q9Y6D6,ARFGEF1,16.840282903611072,17.00103695254814,3,3,NA,FALSE,-0.16075404893706846
Q9Y6D9,MAD1L1,16.432253902015066,16.830238185181067,3,3,NA,FALSE,-0.3979842831660001
Q9Y6E0,STK24,16.437460137508122,16.535245416950623,3,3,NA,FALSE,-0.09778527944250115
Q9Y6E2,BZW2,18.238383319072224,18.10860588671978,3,3,NA,FALSE,0.12977743235244432
Q9Y6G3,MRPL42,15.109632570359796,15.052721776989555,3,3,NA,FALSE,0.05691079337024085
Q9Y6G5,COMMD10,16.72504119035767,16.797489112802285,3,3,NA,FALSE,-0.07244792244461706
Q9Y6G9,DYNC1LI1,18.13422352828768,18.207290869290983,3,3,NA,FALSE,-0.07306734100330203
Q9Y6H3,ATP23,12.398761024101582,12.159815132077943,2,3,NA,FALSE,0.23894589202363825
Q9Y6I3,EPN1,16.770466047113,16.73408105376243,3,3,NA,FALSE,0.03638499335056977
Q9Y6I4,USP3,14.558428584195896,14.605872955190419,3,3,NA,FALSE,-0.0474443709945227
Q9Y6I8,PXMP4,11.201546296138828,9.999926172372039,3,2,NA,FALSE,1.201620123766789
Q9Y6I9,TEX264,17.6218673588785,17.445100682349864,3,3,NA,FALSE,0.17676667652863642
Q9Y6J0,CABIN1,15.685807350536834,15.390364060226164,3,3,NA,FALSE,0.2954432903106703
Q9Y6J9,TAF6L,16.7702282520928,16.812571886970044,3,3,NA,FALSE,-0.042343634877244796
Q9Y6K0,CEPT1,18.70973413218366,18.438056691443503,3,3,NA,FALSE,0.2716774407401559
Q9Y6K1,DNMT3A,16.23563679908922,16.090772652840155,3,3,NA,FALSE,0.1448641462490663
Q9Y6K5,OAS3,15.078463080429882,15.51236695344192,1,3,NA,FALSE,-0.4339038730120368
Q9Y6K9,IKBKG,16.556392669354228,16.649739007728236,3,3,NA,FALSE,-0.0933463383740083
Q9Y6M1,IGF2BP2,19.138102662151756,19.34366202130874,3,3,NA,FALSE,-0.20555935915698598
Q9Y6M4,CSNK1G3,17.195373883856053,17.08252834040094,3,3,NA,FALSE,0.11284554345511211
Q9Y6M5,SLC30A1,15.386361101371032,15.195111780067647,3,3,NA,FALSE,0.1912493213033848
Q9Y6M7,SLC4A7,16.232524673103256,16.44151262627891,3,3,NA,FALSE,-0.20898795317565444
Q9Y6M9,NDUFB9,17.37443081585468,17.4084286996782,3,3,NA,FALSE,-0.033997883823520425
Q9Y6N1,COX11,15.19672397432723,14.862948372631411,3,3,NA,FALSE,0.33377560169581955
Q9Y6N5,SQOR,15.366372448243022,15.520385529915911,3,3,NA,FALSE,-0.15401308167288974
Q9Y6N7,ROBO1,14.631695554164716,15.544286578487412,3,3,NA,FALSE,-0.9125910243226958
Q9Y6P5,SESN1,14.308447663023243,14.155238498743264,3,3,NA,FALSE,0.15320916427997844
Q9Y6Q2,STON1,14.671798454253537,15.148830307156892,3,3,NA,FALSE,-0.47703185290335526
Q9Y6Q3,ZFP37,13.247577153414985,13.351753261748577,3,3,NA,FALSE,-0.1041761083335917
Q9Y6Q9,NCOA3,15.998019669077344,15.828565326301767,3,3,NA,FALSE,0.1694543427755768
Q9Y6R0,NUMBL,15.535239877271156,15.440142459130378,3,3,NA,FALSE,0.09509741814077799
Q9Y6R1,SLC4A4,13.996608432860743,14.055771988214286,2,2,NA,FALSE,-0.05916355535354256
Q9Y6R4,MAP3K4,15.418270675474126,15.332018265015625,3,3,NA,FALSE,0.08625241045850096
Q9Y6V7,DDX49,16.473569886407134,16.343252559486782,3,3,NA,FALSE,0.13031732692035192
Q9Y6W3,CAPN7,14.294277074296414,14.919359183190881,3,3,NA,FALSE,-0.6250821088944676
Q9Y6W5,WASF2,16.68876157416585,16.89572234840717,3,3,NA,FALSE,-0.20696077424132042
Q9Y6X2,PIAS3,13.824302480137836,13.916003417034778,3,3,NA,FALSE,-0.0917009368969417
Q9Y6X3,MAU2,16.48910356369007,16.462142437397432,3,3,NA,FALSE,0.026961126292636806
Q9Y6X4,FAM169A,16.47697036794419,17.011451691124,3,3,NA,FALSE,-0.5344813231798113
Q9Y6X5,ENPP4,17.25807727574751,17.20659604273924,3,3,NA,FALSE,0.05148123300827123
Q9Y6X8,ZHX2,17.314191893016822,17.501291919990663,3,3,NA,FALSE,-0.18710002697384098
Q9Y6X9,MORC2,16.37271372701759,16.45160859072677,3,3,NA,FALSE,-0.07889486370918064
Q9Y6Y0,IVNS1ABP,15.532087823944192,14.746249958778655,3,3,NA,FALSE,0.7858378651655364
Q9Y6Y8,SEC23IP,16.895532622427474,17.09826373458872,3,3,NA,FALSE,-0.20273111216124562
