Category,CategoryID,GO,Description,PARENT_GO,LogP,Enrichment,Z-score,#TotalGeneInLibrary,#GeneInGO,#GeneInHitList,#GeneInGOAndHitList,%InGO,STDV %InGO,GeneID,Hits,Log(q-value),GeneList
Cell Type Signatures,7,M39175,MURARO PANCREAS MESENCHYMAL STROMAL CELL,,-15,3.1,9.8,30230,680,896,63,7,0.85,71|715|868|1265|1307|1634|1948|2791|3487|4052|4060|4810|4854|5782|5978|6001|6383|6464|6747|6909|6925|7041|7145|7456|8496|8553|10082|10413|10631|11030|23528|25937|25959|25960|26471|30011|30850|51129|51132|51177|51199|51303|51564|54434|57584|57608|57636|64285|79834|81555|83892|84668|85456|89796|94031|112464|114990|140809|151887|170954|219654|284297|359845,ACTG1|C1R|CBLB|CNN2|COL16A1|DCN|EFNB2|GNG11|IGFBP4|LTBP1|LUM|NHS|NOTCH3|PTPN12|REST|RGS10|SDC2|SHC1|SSR3|TBX2|TCF4|TGFB1I1|TNS1|WIPF1|PPFIBP1|BHLHE40|GPC6|YAP1|POSTN|RBPMS|ZNF281|WWTR1|KANK2|ADGRA2|NUPR1|SH3KBP1|CDR2L|ANGPTL4|RLIM|PLEKHO1|NIN|FKBP11|HDAC7|SSH1|ARHGAP21|JCAD|ARHGAP23|RHBDF1|PEAK1|YIPF5|KCTD10|HYCC1|TNKS1BP1|NAV1|HTRA3|CAVIN3|VASN|SRXN1|CCDC80|PPP1R18|ZCCHC24|SSC5D|RFLNB,-10,MyList
Cell Type Signatures,7,M39209,HAY BONE MARROW STROMAL,,-14,3,9.6,30230,765,896,67,7.5,0.88,715|730|858|862|1307|1634|1947|2619|2687|2737|2824|3400|3487|3489|3667|4060|4291|4634|4685|4854|5118|5806|6096|6387|6529|6764|7092|7424|7703|7802|9547|9843|10252|10413|11117|11135|22871|23767|25937|25987|26471|27147|51129|54510|55243|57333|57664|64129|64285|64856|80274|80303|80760|83987|85456|112464|114990|119587|127435|140606|148170|148398|151887|219654|220965|255743|337876,C1R|C7|CAV2|RUNX1T1|COL16A1|DCN|EFNB1|GAS1|GGT5|GLI3|GPM6B|ID4|IGFBP4|IGFBP6|IRS1|LUM|MLF1|MYL3|NCAM2|NOTCH3|PCOLCE|PTX3|RORB|CXCL12|SLC6A1|DENND2B|TLL1|VEGFC|PCGF2|DNALI1|CXCL14|HEPH|SPRY1|YAP1|EMILIN1|CDC42EP1|NLGN1|FLRT3|WWTR1|TSKU|NUPR1|DENND2A|ANGPTL4|PCDH18|KIRREL1|RCN3|PLEKHA4|TINAGL1|RHBDF1|VWA1|SCUBE1|EFHD1|ITIH5|CCDC8|TNKS1BP1|CAVIN3|VASN|CPXM2|PODN|SELENOM|CDC42EP5|SAMD11|CCDC80|ZCCHC24|FAM13C|NPNT|CHSY3,-10,MyList
Cell Type Signatures,7,M39052,MANNO MIDBRAIN NEUROTYPES HOPC,,-12,3.7,9,30230,366,896,40,4.5,0.69,460|575|1501|1997|2077|2824|3479|3707|4299|4661|4685|5098|5662|6529|6660|7145|8641|9289|9813|22871|22986|22997|30812|51286|53826|55553|55872|57348|57555|57636|63827|79006|79870|84441|84631|143282|152503|219654|220296|256643,ASTN1|ADGRB1|CTNND2|ELF1|ERF|GPM6B|IGF1|ITPKB|AFF1|MYT1|NCAM2|PCDHGC3|PSD|SLC6A1|SOX5|TNS1|PCDHGB4|ADGRG1|EFCAB14|NLGN1|SORCS3|IGSF9B|SOX8|CEND1|FXYD6|SOX6|PBK|TTYH1|NLGN2|ARHGAP23|BCAN|METRN|BAALC|MAML2|SLITRK2|FGFBP3|SH3D19|ZCCHC24|HEPACAM|BCLAF3,-7.8,MyList
Transcription Factor Targets,16,M946,GGATTA PITX2 Q2,,-11,3,8.4,30230,594,896,52,5.8,0.78,730|862|2824|3321|4052|4286|4300|5076|5662|6091|6522|6777|6792|6925|7145|7227|8496|9854|10150|10529|11030|22807|23528|23767|25792|26037|26103|51271|54714|56849|57010|57468|57512|57630|57804|64111|65056|79047|83451|84530|84631|90187|94137|112752|116224|140890|151887|153222|159195|339302|344658|359845,C7|RUNX1T1|GPM6B|IGSF3|LTBP1|MITF|MLLT3|PAX2|PSD|ROBO1|SLC4A2|STAT5B|CDKL5|TCF4|TNS1|TRPS1|PPFIBP1|C2CD2L|MBNL2|NEBL|RBPMS|IKZF2|ZNF281|FLRT3|CIZ1|SIPA1L1|LRIT1|UBAP1|CNGB3|TCEAL7|CABP4|SLC12A5|GPR158|SH3RF1|POLD4|NPVF|GPBP1|KCTD15|ABHD11|SRRM4|SLITRK2|EMILIN3|RP1L1|IFT43|PABIR1|SREK1|CCDC80|CREBRF|USP54|CPLX4|SAMD7|RFLNB,-7.4,MyList
Cell Type Signatures,7,M39167,GAO LARGE INTESTINE ADULT CJ IMMUNE CELLS,,-11,3.1,8.5,30230,505,896,47,5.2,0.74,715|858|1634|2687|2737|2791|2869|3489|4060|4854|5118|6320|6383|6387|6909|6925|7145|9411|9547|10082|10398|10631|11030|11117|11170|25937|25959|25960|53826|54510|55243|55553|56548|56977|57608|57664|80310|80760|83987|112464|112574|151887|170954|219654|220965|253827|359845,C1R|CAV2|DCN|GGT5|GLI3|GNG11|GRK5|IGFBP6|LUM|NOTCH3|PCOLCE|CLEC11A|SDC2|CXCL12|TBX2|TCF4|TNS1|ARHGAP29|CXCL14|GPC6|MYL9|POSTN|RBPMS|EMILIN1|FAM107A|WWTR1|KANK2|ADGRA2|FXYD6|PCDH18|KIRREL1|SOX6|CHST7|STOX2|JCAD|PLEKHA4|PDGFD|ITIH5|CCDC8|CAVIN3|SNX18|CCDC80|PPP1R18|ZCCHC24|FAM13C|MSRB3|RFLNB,-7.4,MyList
Cell Type Signatures,7,M40313,DESCARTES FETAL THYMUS STROMAL CELLS,,-11,5.7,9.6,30230,137,896,23,2.6,0.53,715|1634|2619|2719|4060|4685|4969|5099|5118|6320|8425|10078|10631|11117|54507|55033|57333|57683|83987|94031|151887|158038|284297,C1R|DCN|GAS1|GPC3|LUM|NCAM2|OGN|PCDH7|PCOLCE|CLEC11A|LTBP4|TSSC4|POSTN|EMILIN1|ADAMTSL4|FKBP14|RCN3|ZDBF2|CCDC8|HTRA3|CCDC80|LINGO2|SSC5D,-7,MyList
DisGeNET,35,C0014772,Red Blood Cell Count measurement,,-11,2.7,8,30230,717,896,57,6.4,0.82,605|665|705|1489|1611|2122|4286|4299|6239|6387|6522|6764|7059|7145|7227|7942|8766|9107|9811|10723|11346|22864|22983|23112|23368|27086|29911|51070|51599|54806|55553|55589|56181|56478|57337|57479|57619|57690|79058|81558|83546|83860|83986|84444|84969|85302|90355|91289|129685|147339|152485|192668|252983|254102|284058|388588|400916,BCL7A|BNIP3L|BYSL|CTF1|DAP|MECOM|MITF|AFF1|RREB1|CXCL12|SLC4A2|DENND2B|THBS3|TNS1|TRPS1|TFEB|RAB11A|MTMR6|CTIF|SLC12A7|SYNPO|R3HDM2|MAST1|TNRC6B|PPP1R13B|FOXP1|HOOK2|NOSIP|LSR|AHI1|SOX6|BMP2K|MTFR1L|EIF4ENIF1|SENP7|PRR12|SHROOM3|TNRC6C|ASPSCR1|FAM117A|RTBDN|TAF3|FAM234A|DOT1L|TOX2|FBF1|MACIR|LMF2|TAF8|ARK2N|ZNF827|CYS1|STXBP4|EHBP1L1|KANSL1|SMIM1|CHCHD10,-7,MyList
Cell Type Signatures,7,M39264,HU FETAL RETINA FIBROBLAST,,-11,3.4,8.3,30230,385,896,39,4.4,0.68,715|1634|1947|1948|2791|3046|3133|3487|3489|4060|4267|4810|4854|4969|5118|6281|6383|6387|6925|7041|8425|9411|10398|10602|11117|11135|23767|25937|25959|27086|54510|54751|56265|79047|80274|90488|90843|151887|221477,C1R|DCN|EFNB1|EFNB2|GNG11|HBE1|HLA-E|IGFBP4|IGFBP6|LUM|CD99|NHS|NOTCH3|OGN|PCOLCE|S100A10|SDC2|CXCL12|TCF4|TGFB1I1|LTBP4|ARHGAP29|MYL9|CDC42EP3|EMILIN1|CDC42EP1|FLRT3|WWTR1|KANK2|FOXP1|PCDH18|FBLIM1|CPXM1|KCTD15|SCUBE1|TMEM263|TCEAL8|CCDC80|C6orf89,-6.9,MyList
Transcription Factor Targets,16,M10112,RNGTGGGC UNKNOWN,,-10,2.5,7.6,30230,784,896,59,6.6,0.83,320|595|607|868|972|1946|1947|1949|2002|2049|2077|2719|3707|4335|4739|4810|4900|5118|5126|6457|6522|6764|6792|7041|7092|7942|8766|9289|10749|10849|11143|11276|11278|23518|23767|27086|27153|29903|29997|30011|50487|51599|55028|57468|57513|57630|57649|65078|65083|79047|83546|84254|84530|124790|127733|136227|151647|153222|220296,APBA1|CCND1|BCL9|CBLB|CD74|EFNA5|EFNB1|EFNB3|ELK1|EPHB3|ERF|GPC3|ITPKB|MNT|NEDD9|NHS|NRGN|PCOLCE|PCSK2|SH3GL3|SLC4A2|DENND2B|CDKL5|TGFB1I1|TLL1|TFEB|RAB11A|ADGRG1|KIF1C|POLR1G|KAT7|SYNRG|KLF12|R3HDM1|FLRT3|FOXP1|ZNF777|CCDC106|NOP53|SH3KBP1|PLA2G3|LSR|MTNAP1|SLC12A5|CASKIN2|SH3RF1|PHF12|RTN4R|NOL6|KCTD15|RTBDN|CAMKK1|SRRM4|HEXIM2|UBXN10|COL26A1|TAFA4|CREBRF|HEPACAM,-6.6,MyList
Cell Type Signatures,7,M39104,ZHONG PFC C3 MICROGLIA,,-9.6,3,7.7,30230,488,896,43,4.8,0.71,166|862|1979|2039|2044|4062|4300|4756|5361|6925|8496|8660|9811|10133|10297|10602|11278|22983|27086|51308|51335|53822|55095|55859|56776|57690|64219|65009|65265|79058|79608|79870|81706|84530|89796|114787|140597|157695|266727|317781|375449|552889|728568,TLE5|RUNX1T1|EIF4EBP2|DMTN|EPHA5|LY6H|MLLT3|NEO1|PLXNA1|TCF4|PPFIBP1|IRS2|CTIF|OPTN|APC2|CDC42EP3|KLF12|MAST1|FOXP1|REEP2|NGRN|FXYD7|SAMD4B|BEX1|FMN2|TNRC6C|PJA1|NDRG4|C8orf33|ASPSCR1|RIC3|BAALC|PPP1R14C|SRRM4|NAV1|GPRIN1|TCEAL2|TDRP|MDGA1|DDX51|MAST4|ATXN7L3B|UQCC6,-6.1,MyList
Cell Type Signatures,7,M39050,MANNO MIDBRAIN NEUROTYPES HPERIC,,-9.4,2.5,7.3,30230,795,896,58,6.5,0.82,858|1026|1634|2077|2687|2791|3270|3487|3621|3707|4060|4664|4854|5118|5606|6320|6464|6529|6747|6764|6909|7145|8496|9411|9813|9854|10252|10398|10723|11030|11117|11346|23102|25937|25959|25960|30011|51129|51274|54510|55243|57509|57804|64857|79834|80760|81628|83786|83987|84441|94031|112464|112574|148170|253827|254102|337876|389125,CAV2|CDKN1A|DCN|ERF|GGT5|GNG11|HRC|IGFBP4|ING1|ITPKB|LUM|NAB1|NOTCH3|PCOLCE|MAP2K3|CLEC11A|SHC1|SLC6A1|SSR3|DENND2B|TBX2|TNS1|PPFIBP1|ARHGAP29|EFCAB14|C2CD2L|SPRY1|MYL9|SLC12A7|RBPMS|EMILIN1|SYNPO|TBC1D2B|WWTR1|KANK2|ADGRA2|SH3KBP1|ANGPTL4|KLF3|PCDH18|KIRREL1|MTUS1|POLD4|PLEKHG2|PEAK1|ITIH5|TSC22D4|FRMD8|CCDC8|MAML2|HTRA3|CAVIN3|SNX18|CDC42EP5|MSRB3|EHBP1L1|CHSY3|MUSTN1,-6,MyList
Transcription Factor Targets,16,M9769,CTGCAGY UNKNOWN,,-8.9,2.4,7,30230,779,896,56,6.2,0.81,1113|1501|2039|2104|2122|2719|2785|3082|3400|3667|4062|4211|4216|4734|4900|4917|5099|5101|5662|5806|6777|6792|7227|7903|8553|8926|9500|9530|9734|9846|10150|10297|11278|22807|23767|25792|25921|27086|27153|51759|54487|55859|56987|57468|57509|57555|57649|83692|84080|84248|89884|124790|131377|147339|283149|100131755,CHGA|CTNND2|DMTN|ESRRG|MECOM|GPC3|GNG3|HGF|ID4|IRS1|LY6H|MEIS1|MAP3K4|NEDD4|NRGN|NTN3|PCDH7|PCDH9|PSD|PTX3|STAT5B|CDKL5|TRPS1|ST8SIA4|BHLHE40|SNURF|MAGED1|BAG4|HDAC9|GAB2|MBNL2|APC2|KLF12|IKZF2|FLRT3|CIZ1|ZDHHC5|FOXP1|ZNF777|C9orf78|DGCR8|BEX1|BBX|SLC12A5|MTUS1|NLGN2|PHF12|CD99L2|ENKD1|FYTTD1|LHX4|HEXIM2|KLHL40|ARK2N|BCL9L|ARMCX4,-5.5,MyList
Transcription Factor Targets,16,M6052,YCATTAA UNKNOWN,,-8.6,2.7,7,30230,567,896,45,5,0.73,320|607|862|1501|1946|2104|2122|2662|3680|4286|4335|4661|4756|4885|5099|5218|5564|6047|6091|6096|6239|6660|6666|6777|6792|7145|7227|9547|10150|10529|22807|55122|57150|57179|57348|57555|57715|79047|81558|81572|84631|123207|140890|152485|388115,APBA1|BCL9|RUNX1T1|CTNND2|EFNA5|ESRRG|MECOM|GDF10|ITGA9|MITF|MNT|MYT1|NEO1|NPTX2|PCDH7|CDK14|PRKAB1|RNF4|ROBO1|RORB|RREB1|SOX5|SOX12|STAT5B|CDKL5|TNS1|TRPS1|CXCL14|MBNL2|NEBL|IKZF2|AKIRIN2|SMIM8|KIAA1191|TTYH1|NLGN2|SEMA4G|KCTD15|FAM117A|PDRG1|SLITRK2|C15orf40|SREK1|ZNF827|CCDC9B,-5.2,MyList
Cell Type Signatures,7,M39152,GAO LARGE INTESTINE 24W C1 DCLK1POS PROGENITOR,,-8.3,5.8,8.3,30230,99,896,17,1.9,0.46,715|730|1307|1634|3383|4060|4969|5118|6320|8532|10082|56265|57333|84668|114990|145864|151887,C1R|C7|COL16A1|DCN|ICAM1|LUM|OGN|PCOLCE|CLEC11A|CPZ|GPC6|CPXM1|RCN3|HYCC1|VASN|HAPLN3|CCDC80,-4.9,MyList
Cell Type Signatures,7,M40180,DESCARTES FETAL EYE STROMAL CELLS,,-8.1,6,8.3,30230,90,896,16,1.8,0.44,715|1634|3489|4060|4969|5118|6387|8425|10631|11117|54507|54510|90187|114990|127435|140606,C1R|DCN|IGFBP6|LUM|OGN|PCOLCE|CXCL12|LTBP4|POSTN|EMILIN1|ADAMTSL4|PCDH18|EMILIN3|VASN|PODN|SELENOM,-4.7,MyList
Cell Type Signatures,7,M39114,AIZARANI LIVER C10 MVECS 1,,-8,3.5,7.2,30230,269,896,28,3.1,0.58,730|858|862|1026|1947|1948|2791|3133|3487|4739|6387|6925|7145|8553|8751|9411|10252|10602|11170|11346|25937|51564|53826|57513|57636|64129|64856|375449,C7|CAV2|RUNX1T1|CDKN1A|EFNB1|EFNB2|GNG11|HLA-E|IGFBP4|NEDD9|CXCL12|TCF4|TNS1|BHLHE40|ADAM15|ARHGAP29|SPRY1|CDC42EP3|FAM107A|SYNPO|WWTR1|HDAC7|FXYD6|CASKIN2|ARHGAP23|TINAGL1|VWA1|MAST4,-4.7,MyList
Cell Type Signatures,7,M39300,CUI DEVELOPING HEART C3 FIBROBLAST LIKE CELL,,-8,5.2,7.9,30230,117,896,18,2,0.47,715|730|1307|1634|2719|4060|4969|5118|6383|6387|8425|10082|10252|26471|54510|57333|94031|140606,C1R|C7|COL16A1|DCN|GPC3|LUM|OGN|PCOLCE|SDC2|CXCL12|LTBP4|GPC6|SPRY1|NUPR1|PCDH18|RCN3|HTRA3|SELENOM,-4.7,MyList
Cell Type Signatures,7,M39176,MURARO PANCREAS ENDOTHELIAL CELL,,-7.9,3.1,6.9,30230,362,896,33,3.7,0.63,595|868|1636|1948|1949|2122|2791|3133|3383|3487|4739|5782|5978|6387|6925|7903|9289|9411|10723|11346|25937|30011|30850|51177|51564|57496|57636|64856|83786|94031|170954|359845|768211,CCND1|CBLB|ACE|EFNB2|EFNB3|MECOM|GNG11|HLA-E|ICAM1|IGFBP4|NEDD9|PTPN12|REST|CXCL12|TCF4|ST8SIA4|ADGRG1|ARHGAP29|SLC12A7|SYNPO|WWTR1|SH3KBP1|CDR2L|PLEKHO1|HDAC7|MRTFB|ARHGAP23|VWA1|FRMD8|HTRA3|PPP1R18|RFLNB|RELL1,-4.6,MyList
Transcription Factor Targets,16,M4764,TGTTTGY HNF3 Q6,,-7.8,2.3,6.5,30230,748,896,52,5.8,0.78,629|1946|2158|2861|3667|3697|3707|4052|4211|4286|5126|5149|5218|5606|6239|6529|6660|6764|6777|6925|6934|7092|7227|8270|8751|8861|9846|10252|11278|22807|22986|25959|27086|51274|54462|55243|56987|57094|57804|64111|84631|140733|140890|143282|150275|152485|160760|220965|255743|283149|284996|375449,CFB|EFNA5|F9|GPR37|IRS1|ITIH1|ITPKB|LTBP1|MEIS1|MITF|PCSK2|PDE6H|CDK14|MAP2K3|RREB1|SLC6A1|SOX5|DENND2B|STAT5B|TCF4|TCF7L2|TLL1|TRPS1|LAGE3|ADAM15|LDB1|GAB2|SPRY1|KLF12|IKZF2|SORCS3|KANK2|FOXP1|KLF3|CCSER2|KIRREL1|BBX|CPA6|POLD4|NPVF|SLITRK2|MACROD2|SREK1|FGFBP3|CCDC117|ZNF827|PPTC7|FAM13C|NPNT|BCL9L|RNF149|MAST4,-4.6,MyList
Cell Type Signatures,7,M39057,MANNO MIDBRAIN NEUROTYPES HRGL1,,-7.8,3.1,6.9,30230,364,896,33,3.7,0.63,361|1634|2077|2824|3400|3667|3707|4052|4291|4299|4885|5978|6660|6764|6938|9388|9620|10413|10529|24147|25876|55553|57348|57619|63827|79848|81628|84441|85463|114908|220296|255743|400793,AQP4|DCN|ERF|GPM6B|ID4|IRS1|ITPKB|LTBP1|MLF1|AFF1|NPTX2|REST|SOX5|DENND2B|TCF12|LIPG|CELSR1|YAP1|NEBL|FJX1|SPEF1|SOX6|TTYH1|SHROOM3|BCAN|CSPP1|TSC22D4|MAML2|ZC3H12C|TMEM123|HEPACAM|NPNT|C1orf226,-4.6,MyList
DisGeNET,35,C0021704,Intelligence,,-7.7,2.5,6.5,30230,645,896,47,5.2,0.74,320|575|665|862|1307|1946|2044|2104|3697|4299|4900|6047|6787|6925|6942|8766|8861|9745|10010|22927|22983|22986|22997|27086|29855|29911|50485|54820|54901|56987|57512|57591|58493|64084|64129|64375|79884|84441|84444|84901|89796|113263|114800|140733|200186|284058|285672,APBA1|ADGRB1|BNIP3L|RUNX1T1|COL16A1|EFNA5|EPHA5|ESRRG|ITIH1|AFF1|NRGN|RNF4|NEK4|TCF4|TCF20|RAB11A|LDB1|ZNF536|TANK|HABP4|MAST1|SORCS3|IGSF9B|FOXP1|UBN1|HOOK2|SMARCAL1|NDE1|CDKAL1|BBX|GPR158|MRTFA|INIP|CLSTN2|TINAGL1|IKZF4|MAP9|MAML2|DOT1L|NFATC2IP|NAV1|GLCCI1|CCDC85A|MACROD2|CRTC2|KANSL1|SREK1IP1,-4.6,MyList
Cell Type Signatures,7,M39122,AIZARANI LIVER C21 STELLATE CELLS 1,,-7.7,4,7.3,30230,194,896,23,2.6,0.53,715|730|1026|1634|2687|3082|3487|3680|4060|4286|5101|5118|6387|6925|7145|8425|10082|10398|10602|11030|112464|119587|151887,C1R|C7|CDKN1A|DCN|GGT5|HGF|IGFBP4|ITGA9|LUM|MITF|PCDH9|PCOLCE|CXCL12|TCF4|TNS1|LTBP4|GPC6|MYL9|CDC42EP3|RBPMS|CAVIN3|CPXM2|CCDC80,-4.6,MyList
Cell Type Signatures,7,M40292,DESCARTES FETAL SPLEEN MESOTHELIAL CELLS,,-7.7,4,7.3,30230,195,896,23,2.6,0.53,770|1026|1949|2619|3400|4969|6281|7138|7286|8553|8708|10529|23767|54507|56776|57549|65055|80271|83648|113146|158038|255743|283638,CA11|CDKN1A|EFNB3|GAS1|ID4|OGN|S100A10|TNNT1|TUFT1|BHLHE40|B3GALT1|NEBL|FLRT3|ADAMTSL4|FMN2|IGSF9|REEP1|ITPKC|FAM167A|AHNAK2|LINGO2|NPNT|CEP170B,-4.6,MyList
Cell Type Signatures,7,M39128,AIZARANI LIVER C29 MVECS 2,,-7.7,3.2,6.9,30230,313,896,30,3.3,0.6,730|858|1026|1948|2122|2791|3133|3487|4299|4739|4772|5782|6281|6925|8425|9289|10252|10602|10631|11170|11346|23331|25937|51274|53826|57636|64129|65009|80271|375449,C7|CAV2|CDKN1A|EFNB2|MECOM|GNG11|HLA-E|IGFBP4|AFF1|NEDD9|NFATC1|PTPN12|S100A10|TCF4|LTBP4|ADGRG1|SPRY1|CDC42EP3|POSTN|FAM107A|SYNPO|TTC28|WWTR1|KLF3|FXYD6|ARHGAP23|TINAGL1|NDRG4|ITPKC|MAST4,-4.6,MyList
Cell Type Signatures,7,M39066,MANNO MIDBRAIN NEUROTYPES HNBML5,,-7.7,2.8,6.7,30230,465,896,38,4.2,0.67,333|862|1113|2039|2104|2785|4661|5099|5101|6091|6092|8165|9705|10133|10297|22983|25876|27324|51308|56776|57468|59269|60676|65009|79169|84444|84530|84969|85463|89796|114800|134637|148398|150864|201191|221914|256714|266727,APLP1|RUNX1T1|CHGA|DMTN|ESRRG|GNG3|MYT1|PCDH7|PCDH9|ROBO1|ROBO2|AKAP1|ST18|OPTN|APC2|MAST1|SPEF1|TOX3|REEP2|FMN2|SLC12A5|HIVEP3|PAPPA2|NDRG4|C1orf35|DOT1L|SRRM4|TOX2|ZC3H12C|NAV1|CCDC85A|ADAT2|SAMD11|FAM117B|SAMD14|GPC2|MAP7D2|MDGA1,-4.5,MyList
Transcription Factor Targets,16,M1532,EGR1 01,,-7.4,3.4,6.9,30230,269,896,27,3,0.57,1265|1636|2077|3622|4216|4335|4900|5118|5126|6457|6666|6882|7030|7087|11143|23301|29997|30011|51274|51315|55122|64219|116224|127733|152485|200186|255057,CNN2|ACE|ERF|ING2|MAP3K4|MNT|NRGN|PCOLCE|PCSK2|SH3GL3|SOX12|TAF11|TFE3|ICAM5|KAT7|EHBP1|NOP53|SH3KBP1|KLF3|KRCC1|AKIRIN2|PJA1|PABIR1|UBXN10|ZNF827|CRTC2|CBARP,-4.3,MyList
Cell Type Signatures,7,M39234,LAKE ADULT KIDNEY C15 CONNECTING TUBULE,,-7.4,4.1,7.2,30230,171,896,21,2.3,0.51,1946|2104|2122|4286|4300|5099|5101|6938|8496|9760|10413|10529|11030|11278|25937|27324|54806|57619|57630|84441|140733,EFNA5|ESRRG|MECOM|MITF|MLLT3|PCDH7|PCDH9|TCF12|PPFIBP1|TOX|YAP1|NEBL|RBPMS|KLF12|WWTR1|TOX3|AHI1|SHROOM3|SH3RF1|MAML2|MACROD2,-4.3,MyList
Transcription Factor Targets,16,M14011,HIF1 Q3,,-7.4,3.6,6.9,30230,236,896,25,2.8,0.55,862|2049|2077|2824|4052|5662|6529|7092|10018|10179|22807|22986|25987|26009|57468|57649|79047|79365|84444|91289|127733|152485|153222|153443|284018,RUNX1T1|EPHB3|ERF|GPM6B|LTBP1|PSD|SLC6A1|TLL1|BCL2L11|RBM7|IKZF2|SORCS3|TSKU|ZZZ3|SLC12A5|PHF12|KCTD15|BHLHE41|DOT1L|LMF2|UBXN10|ZNF827|CREBRF|SRFBP1|C17orf58,-4.3,MyList
Transcription Factor Targets,16,M18254,MZF1 02,,-7.4,3.6,6.9,30230,236,896,25,2.8,0.55,2122|2869|3166|5076|6522|6934|7030|9547|10082|10489|11278|23054|23301|27086|56849|57513|57555|57649|57804|81558|84441|89884|150864|159195|283149,MECOM|GRK5|HMX1|PAX2|SLC4A2|TCF7L2|TFE3|CXCL14|GPC6|LRRC41|KLF12|NCOA6|EHBP1|FOXP1|TCEAL7|CASKIN2|NLGN2|PHF12|POLD4|FAM117A|MAML2|LHX4|FAM117B|USP54|BCL9L,-4.3,MyList
Transcription Factor Targets,16,M9612,OCT1 01,,-7.3,3.4,6.8,30230,271,896,27,3,0.57,595|2049|3400|3621|4286|4734|6660|6925|6938|7227|9388|9734|9846|10602|11278|27086|27338|30850|51199|51562|57509|59269|79777|81558|90187|126299|144108,CCND1|EPHB3|ID4|ING1|MITF|NEDD4|SOX5|TCF4|TCF12|TRPS1|LIPG|HDAC9|GAB2|CDC42EP3|KLF12|FOXP1|UBE2S|CDR2L|NIN|MBIP|MTUS1|HIVEP3|ACBD4|FAM117A|EMILIN3|ZNF428|SPTY2D1,-4.3,MyList
Cell Type Signatures,7,M39054,MANNO MIDBRAIN NEUROTYPES HRGL2B,,-7.3,2.8,6.5,30230,440,896,36,4,0.66,361|1501|2077|2824|3014|3400|3707|3955|4052|4288|5978|6660|6764|6925|6934|7145|9289|9388|9759|10413|22997|30812|55872|57348|63827|79006|79834|79848|81628|83987|84441|84629|84631|143282|220296|256643,AQP4|CTNND2|ERF|GPM6B|H2AX|ID4|ITPKB|LFNG|LTBP1|MKI67|REST|SOX5|DENND2B|TCF4|TCF7L2|TNS1|ADGRG1|LIPG|HDAC4|YAP1|IGSF9B|SOX8|PBK|TTYH1|BCAN|METRN|PEAK1|CSPP1|TSC22D4|CCDC8|MAML2|TNRC18|SLITRK2|FGFBP3|HEPACAM|BCLAF3,-4.3,MyList
Cell Type Signatures,7,M39053,MANNO MIDBRAIN NEUROTYPES HRGL2C,,-7.3,3.1,6.7,30230,326,896,30,3.3,0.6,320|361|575|1501|2077|2824|3707|3955|4299|4501|5099|6529|9289|10252|22997|25876|30812|55872|57348|63827|79006|81628|83987|84631|89796|143282|145864|152503|220296|255743,APBA1|AQP4|ADGRB1|CTNND2|ERF|GPM6B|ITPKB|LFNG|AFF1|MT1X|PCDH7|SLC6A1|ADGRG1|SPRY1|IGSF9B|SPEF1|SOX8|PBK|TTYH1|BCAN|METRN|TSC22D4|CCDC8|SLITRK2|NAV1|FGFBP3|HAPLN3|SH3D19|HEPACAM|NPNT,-4.3,MyList
Transcription Factor Targets,16,M822,YTATTTTNR MEF2 02,,-7.2,2.3,6.2,30230,715,896,49,5.5,0.76,595|1026|2104|2162|2791|4286|4291|4300|4634|4734|5101|6792|7092|7136|7138|8233|8553|9607|9734|9759|9854|10018|10150|10602|11278|22997|23528|23767|25921|26037|27086|27125|50485|51274|51322|51562|54629|55122|57468|57512|81565|81849|89884|127733|140890|147339|160760|255743|100131755,CCND1|CDKN1A|ESRRG|F13A1|GNG11|MITF|MLF1|MLLT3|MYL3|NEDD4|PCDH9|CDKL5|TLL1|TNNI2|TNNT1|ZRSR2|BHLHE40|CARTPT|HDAC9|HDAC4|C2CD2L|BCL2L11|MBNL2|CDC42EP3|KLF12|IGSF9B|ZNF281|FLRT3|ZDHHC5|SIPA1L1|FOXP1|AFF4|SMARCAL1|KLF3|WAC|MBIP|MINDY2|AKIRIN2|SLC12A5|GPR158|NDEL1|ST6GALNAC5|LHX4|UBXN10|SREK1|ARK2N|PPTC7|NPNT|ARMCX4,-4.2,MyList
Transcription Factor Targets,16,M18558,AP2 Q6,,-7.2,3.4,6.7,30230,259,896,26,2.9,0.56,320|333|1501|2869|4335|4854|5076|5980|6461|6666|6909|8861|11143|26009|27338|29890|51286|51322|55033|55122|57649|65056|80774|84079|221477|348980,APBA1|APLP1|CTNND2|GRK5|MNT|NOTCH3|PAX2|REV3L|SHB|SOX12|TBX2|LDB1|KAT7|ZZZ3|UBE2S|RBM15B|CEND1|WAC|FKBP14|AKIRIN2|PHF12|GPBP1|LIMD2|ANKRD27|C6orf89|HCN1,-4.2,MyList
Transcription Factor Targets,16,M30363,ZNF596 TARGET GENES,,-7.1,2.4,6.2,30230,656,896,46,5.1,0.74,605|607|2122|2737|4211|4300|5099|5101|5980|6660|6925|6934|7200|7227|8601|8861|9139|10220|10413|23112|26037|30812|51070|51562|55225|56987|57150|57509|59269|64856|79047|80789|81628|83636|84441|85379|90378|126374|143282|151987|152485|157697|165215|201191|266727|284058,BCL7A|BCL9|MECOM|GLI3|MEIS1|MLLT3|PCDH7|PCDH9|REV3L|SOX5|TCF4|TCF7L2|TRH|TRPS1|RGS20|LDB1|CBFA2T2|GDF11|YAP1|TNRC6B|SIPA1L1|SOX8|NOSIP|MBIP|RAVER2|BBX|SMIM8|MTUS1|HIVEP3|VWA1|KCTD15|INTS5|TSC22D4|C19orf12|MAML2|KIAA1671|SAMD1|WTIP|FGFBP3|PPP4R2|ZNF827|ERICH1|FAM171B|SAMD14|MDGA1|KANSL1,-4.1,MyList
Cell Type Signatures,7,M41745,RUBENSTEIN SKELETAL MUSCLE FAP CELLS,,-7,4,6.9,30230,179,896,21,2.3,0.51,715|1163|1634|3479|3489|4060|4267|4311|4653|5118|6281|6383|6387|8425|9547|10252|26471|94031|127435|140606|151887,C1R|CKS1B|DCN|IGF1|IGFBP6|LUM|CD99|MME|MYOC|PCOLCE|S100A10|SDC2|CXCL12|LTBP4|CXCL14|SPRY1|NUPR1|HTRA3|PODN|SELENOM|CCDC80,-4.1,MyList
Transcription Factor Targets,16,M10498,TGCGCANK UNKNOWN,,-7,2.5,6.2,30230,554,896,41,4.6,0.7,605|607|770|1164|3479|3622|5099|5126|5662|5782|8926|9500|9611|9854|10179|11143|11201|25792|25978|27125|29903|54901|55122|55228|55975|56100|57337|57468|57496|81565|83546|84524|84909|114928|114984|116224|124790|160760|162427|163126|345757,BCL7A|BCL9|CA11|CKS2|IGF1|ING2|PCDH7|PCSK2|PSD|PTPN12|SNURF|MAGED1|NCOR1|C2CD2L|RBM7|KAT7|POLI|CIZ1|CHMP2B|AFF4|CCDC106|CDKAL1|AKIRIN2|PNMA8A|KLHL7|PCDHGB6|SENP7|SLC12A5|MRTFB|NDEL1|RTBDN|ZC3H8|AOPEP|GPRASP2|FLYWCH2|PABIR1|HEXIM2|PPTC7|RETREG3|EID2|FAM174A,-4.1,MyList
Cell Type Signatures,7,M39040,FAN EMBRYONIC CTX BRAIN ENDOTHELIAL 2,,-6.9,3.1,6.5,30230,303,896,28,3.1,0.58,1634|2687|2791|2824|4060|4854|5118|6320|6529|6764|6909|7041|7145|9411|10252|10398|10723|11135|25959|51129|53826|54510|80760|85456|94031|112464|140606|151887,DCN|GGT5|GNG11|GPM6B|LUM|NOTCH3|PCOLCE|CLEC11A|SLC6A1|DENND2B|TBX2|TGFB1I1|TNS1|ARHGAP29|SPRY1|MYL9|SLC12A7|CDC42EP1|KANK2|ANGPTL4|FXYD6|PCDH18|ITIH5|TNKS1BP1|HTRA3|CAVIN3|SELENOM|CCDC80,-4,MyList
Cell Type Signatures,7,M39018,FAN EMBRYONIC CTX BIG GROUPS BRAIN ENDOTHELIAL,,-6.7,2.9,6.3,30230,365,896,31,3.5,0.61,858|1265|1634|2122|2687|2791|3133|3487|4854|5118|6281|6320|7041|7145|8553|9411|10398|10723|11135|25937|25959|54510|57181|57608|64856|80760|112464|140606|145864|253827|768211,CAV2|CNN2|DCN|MECOM|GGT5|GNG11|HLA-E|IGFBP4|NOTCH3|PCOLCE|S100A10|CLEC11A|TGFB1I1|TNS1|BHLHE40|ARHGAP29|MYL9|SLC12A7|CDC42EP1|WWTR1|KANK2|PCDH18|SLC39A10|JCAD|VWA1|ITIH5|CAVIN3|SELENOM|HAPLN3|MSRB3|RELL1,-3.8,MyList
Transcription Factor Targets,16,M15128,CDPCR3HD 01,,-6.7,3.4,6.5,30230,238,896,24,2.7,0.54,862|1307|2122|3622|4211|4661|6091|6281|6660|6777|6934|9139|11117|22807|51199|55122|57468|64084|79035|79365|124790|152485|255743|257397,RUNX1T1|COL16A1|MECOM|ING2|MEIS1|MYT1|ROBO1|S100A10|SOX5|STAT5B|TCF7L2|CBFA2T2|EMILIN1|IKZF2|NIN|AKIRIN2|SLC12A5|CLSTN2|NABP2|BHLHE41|HEXIM2|ZNF827|NPNT|TAB3,-3.8,MyList
Transcription Factor Targets,16,M9955,TGAYRTCA ATF3 Q6,,-6.7,2.5,6,30230,549,896,40,4.5,0.69,665|972|2785|2824|3479|4052|4286|4661|4772|5126|6764|6882|8220|8496|9139|9607|9846|9956|10150|10252|10529|23767|27125|30850|51271|54806|58191|65056|79080|79169|79848|79884|84070|84530|84872|93380|112752|114928|317781|345757,BNIP3L|CD74|GNG3|GPM6B|IGF1|LTBP1|MITF|MYT1|NFATC1|PCSK2|DENND2B|TAF11|ESS2|PPFIBP1|CBFA2T2|CARTPT|GAB2|HS3ST2|MBNL2|SPRY1|NEBL|FLRT3|AFF4|CDR2L|UBAP1|AHI1|CXCL16|GPBP1|CCDC86|C1orf35|CSPP1|MAP9|FAM186B|SRRM4|ZC3H10|MMGT1|IFT43|GPRASP2|DDX51|FAM174A,-3.8,MyList
DisGeNET,35,C0206682,Follicular thyroid carcinoma,,-6.6,3.1,6.3,30230,293,896,27,3,0.57,664|858|1028|1636|2067|2158|2662|2719|3014|3082|3383|3489|4288|4854|4969|5126|6281|6387|6692|7424|7903|10631|10653|26471|51129|80774|94031,BNIP3|CAV2|CDKN1C|ACE|ERCC1|F9|GDF10|GPC3|H2AX|HGF|ICAM1|IGFBP6|MKI67|NOTCH3|OGN|PCSK2|S100A10|CXCL12|SPINT1|VEGFC|ST8SIA4|POSTN|SPINT2|NUPR1|ANGPTL4|LIMD2|HTRA3,-3.8,MyList
Transcription Factor Targets,16,M10143,CREL 01,,-6.6,3.3,6.4,30230,257,896,25,2.8,0.55,320|972|1307|2869|3082|3383|4286|5126|6281|6660|6934|7030|10318|11143|23368|55589|55815|57513|57575|65056|80271|81558|84335|84441|404093,APBA1|CD74|COL16A1|GRK5|HGF|ICAM1|MITF|PCSK2|S100A10|SOX5|TCF7L2|TFE3|TNIP1|KAT7|PPP1R13B|BMP2K|TSNAXIP1|CASKIN2|PCDH10|GPBP1|ITPKC|FAM117A|AKT1S1|MAML2|CUEDC1,-3.8,MyList
Transcription Factor Targets,16,M17925,MGGAAGTG GABP B,,-6.6,2.2,5.8,30230,771,896,50,5.6,0.77,1163|2067|2077|3622|4286|4885|5099|5782|6047|6464|6882|6938|7030|7136|7270|7456|8658|9500|9530|9846|9854|10489|10524|11276|23518|25921|27086|51132|51599|54552|55589|55850|56181|57649|65124|65980|79159|79884|80774|80817|81706|83590|84872|84909|112942|124565|129685|144108|219654|283899,CKS1B|ERCC1|ERF|ING2|MITF|NPTX2|PCDH7|PTPN12|RNF4|SHC1|TAF11|TCF12|TFE3|TNNI2|TTF1|WIPF1|TNKS|MAGED1|BAG4|GAB2|C2CD2L|LRRC41|KAT5|SYNRG|R3HDM1|ZDHHC5|FOXP1|RLIM|LSR|GNL3L|BMP2K|USE1|MTFR1L|PHF12|SOWAHC|BRD9|NOL12|MAP9|LIMD2|CEP44|PPP1R14C|TMUB1|ZC3H10|AOPEP|CFAP36|SLC38A10|TAF8|SPTY2D1|ZCCHC24|INO80E,-3.8,MyList
Transcription Factor Targets,16,M133,TCF11 01,,-6.6,3.3,6.4,30230,258,896,25,2.8,0.55,595|4286|4335|4661|5076|5125|5126|7319|7739|9500|9846|9956|10150|10749|11276|23239|51132|55122|57555|80303|84631|127733|151887|219541|340719,CCND1|MITF|MNT|MYT1|PAX2|PCSK5|PCSK2|UBE2A|ZNF185|MAGED1|GAB2|HS3ST2|MBNL2|KIF1C|SYNRG|PHLPP1|RLIM|AKIRIN2|NLGN2|EFHD1|SLITRK2|UBXN10|CCDC80|MED19|NANOS1,-3.8,MyList
Cell Type Signatures,7,M39056,MANNO MIDBRAIN NEUROTYPES HRGL3,,-6.6,2.4,6,30230,574,896,41,4.6,0.7,361|1634|1824|1949|2077|2824|3400|3667|3707|4155|4291|6383|6529|6764|7802|8641|9388|9620|9759|9813|10413|10529|23102|23767|24147|25876|25937|57348|57619|63827|65009|79006|80760|81628|81706|83987|119587|220296|221477|400793|100131187,AQP4|DCN|DSC2|EFNB3|ERF|GPM6B|ID4|IRS1|ITPKB|MBP|MLF1|SDC2|SLC6A1|DENND2B|DNALI1|PCDHGB4|LIPG|CELSR1|HDAC4|EFCAB14|YAP1|NEBL|TBC1D2B|FLRT3|FJX1|SPEF1|WWTR1|TTYH1|SHROOM3|BCAN|NDRG4|METRN|ITIH5|TSC22D4|PPP1R14C|CCDC8|CPXM2|HEPACAM|C6orf89|C1orf226|TSTD1,-3.8,MyList
Transcription Factor Targets,16,M572,TGCCAAR NF1 Q6,,-6.6,2.2,5.9,30230,727,896,48,5.4,0.75,862|2044|2104|2122|3082|3270|3489|3667|4286|4634|4734|4969|5076|5099|6091|6769|6925|7227|7799|8660|9139|9547|9846|10602|10631|11117|11278|22807|23767|25978|54629|54751|56478|64856|81572|81849|84254|84285|112752|119587|127435|160760|200186|340719|348980|375449|401474|404093,RUNX1T1|EPHA5|ESRRG|MECOM|HGF|HRC|IGFBP6|IRS1|MITF|MYL3|NEDD4|OGN|PAX2|PCDH7|ROBO1|STAC|TCF4|TRPS1|PRDM2|IRS2|CBFA2T2|CXCL14|GAB2|CDC42EP3|POSTN|EMILIN1|KLF12|IKZF2|FLRT3|CHMP2B|MINDY2|FBLIM1|EIF4ENIF1|VWA1|PDRG1|ST6GALNAC5|CAMKK1|EIF1AD|IFT43|CPXM2|PODN|PPTC7|CRTC2|NANOS1|HCN1|MAST4|SAMD12|CUEDC1,-3.8,MyList
Transcription Factor Targets,16,M2315,NFKAPPAB65 01,,-6.6,3.4,6.4,30230,241,896,24,2.7,0.54,1307|1824|2869|3383|4286|4793|5126|6660|7030|10318|11143|23368|55589|55815|57513|57575|58191|65056|80271|81558|84335|84441|93643|404093,COL16A1|DSC2|GRK5|ICAM1|MITF|NFKBIB|PCSK2|SOX5|TFE3|TNIP1|KAT7|PPP1R13B|BMP2K|TSNAXIP1|CASKIN2|PCDH10|CXCL16|GPBP1|ITPKC|FAM117A|AKT1S1|MAML2|TJAP1|CUEDC1,-3.8,MyList
Cell Type Signatures,7,M39069,MANNO MIDBRAIN NEUROTYPES HDA2,,-6.6,2.5,6,30230,513,896,38,4.2,0.67,320|333|2039|2044|2785|3479|4062|4661|5126|5218|5662|5980|6091|6092|6383|6457|10133|10653|22983|23506|23767|25978|51155|51308|55553|55859|57670|64375|65009|65055|79169|79870|83636|84530|84969|114800|221914|256714,APBA1|APLP1|DMTN|EPHA5|GNG3|IGF1|LY6H|MYT1|PCSK2|CDK14|PSD|REV3L|ROBO1|ROBO2|SDC2|SH3GL3|OPTN|SPINT2|MAST1|BICRAL|FLRT3|CHMP2B|JPT1|REEP2|SOX6|BEX1|KIAA1549|IKZF4|NDRG4|REEP1|C1orf35|BAALC|C19orf12|SRRM4|TOX2|CCDC85A|GPC2|MAP7D2,-3.7,MyList
Cell Type Signatures,7,M39223,LAKE ADULT KIDNEY C4 PROXIMAL TUBULE EPITHELIAL CELLS S2,,-6.5,3.8,6.6,30230,176,896,20,2.2,0.49,4810|5218|6938|8496|10082|11030|11278|22871|23331|26037|54901|55553|56977|57619|64084|64097|84441|84909|284058|375449,NHS|CDK14|TCF12|PPFIBP1|GPC6|RBPMS|KLF12|NLGN1|TTC28|SIPA1L1|CDKAL1|SOX6|STOX2|SHROOM3|CLSTN2|EPB41L4A|MAML2|AOPEP|KANSL1|MAST4,-3.7,MyList
Transcription Factor Targets,16,M19671,TEF Q6,,-6.5,3.2,6.3,30230,262,896,25,2.8,0.55,595|1454|2077|3479|4734|4756|4885|6091|6489|6881|10602|11276|11278|22807|27086|27338|51199|56548|59269|64111|81572|84631|90355|116224|146059,CCND1|CSNK1E|ERF|IGF1|NEDD4|NEO1|NPTX2|ROBO1|ST8SIA1|TAF10|CDC42EP3|SYNRG|KLF12|IKZF2|FOXP1|UBE2S|NIN|CHST7|HIVEP3|NPVF|PDRG1|SLITRK2|MACIR|PABIR1|CDAN1,-3.7,MyList
Transcription Factor Targets,16,M30266,ZNF16 TARGET GENES,,-6.4,5.7,7.2,30230,77,896,13,1.5,0.4,166|1307|2067|7942|8658|9289|10297|10362|10501|25959|29997|55095|284058,TLE5|COL16A1|ERCC1|TFEB|TNKS|ADGRG1|APC2|HMG20B|SEMA6B|KANK2|NOP53|SAMD4B|KANSL1,-3.6,MyList
Transcription Factor Targets,16,M19327,CDC5 01,,-6.4,3.2,6.2,30230,266,896,25,2.8,0.55,1307|2104|2719|2737|3707|5076|5098|6096|6239|7227|10602|11117|11278|27086|59269|64111|65009|79047|83444|84631|116224|136647|140890|152485|100131755,COL16A1|ESRRG|GPC3|GLI3|ITPKB|PAX2|PCDHGC3|RORB|RREB1|TRPS1|CDC42EP3|EMILIN1|KLF12|FOXP1|HIVEP3|NPVF|NDRG4|KCTD15|INO80B|SLITRK2|PABIR1|MPLKIP|SREK1|ZNF827|ARMCX4,-3.6,MyList
Transcription Factor Targets,16,M574,RSRFC4 01,,-6.3,3.3,6.2,30230,249,896,24,2.7,0.54,664|1501|3667|4634|4734|5101|6660|6769|7136|7227|8233|9607|9734|10150|10602|26037|27086|56849|57150|81558|81849|83546|131377|147339,BNIP3|CTNND2|IRS1|MYL3|NEDD4|PCDH9|SOX5|STAC|TNNI2|TRPS1|ZRSR2|CARTPT|HDAC9|MBNL2|CDC42EP3|SIPA1L1|FOXP1|TCEAL7|SMIM8|FAM117A|ST6GALNAC5|RTBDN|KLHL40|ARK2N,-3.5,MyList
Transcription Factor Targets,16,M30272,ZNF197 TARGET GENES,,-6.3,2.3,5.7,30230,655,896,44,4.9,0.72,71|166|550|822|862|1389|4286|6522|6777|9712|9846|10489|11143|22807|23239|27297|29997|50485|51070|51244|54487|54629|54806|55122|55139|55311|55815|55850|57512|57649|58506|64375|79005|81558|83892|91272|146206|146542|200186|221477|254102|284018|388695|105372481,ACTG1|TLE5|AUP1|CAPG|RUNX1T1|CREBL2|MITF|SLC4A2|STAT5B|USP6NL|GAB2|LRRC41|KAT7|IKZF2|PHLPP1|CRCP|NOP53|SMARCAL1|NOSIP|CCDC174|DGCR8|MINDY2|AHI1|AKIRIN2|ANKZF1|ZNF444|TSNAXIP1|USE1|GPR158|PHF12|SCAF1|IKZF4|SCNM1|FAM117A|KCTD10|BOD1|CARMIL2|ZNF688|CRTC2|C6orf89|EHBP1L1|C17orf58|LYSMD1|ERVK3-1,-3.5,MyList
Cell Type Signatures,7,M39067,MANNO MIDBRAIN NEUROTYPES HDA,,-6.3,2.5,5.8,30230,506,896,37,4.1,0.66,333|1113|2039|2044|2785|3479|4062|4703|5662|6091|6092|6457|7737|8165|9498|9723|10133|10602|10653|22983|23301|23506|24147|51308|56977|57468|57549|57636|59269|64084|65055|79169|84530|84969|201191|220965|221914,APLP1|CHGA|DMTN|EPHA5|GNG3|IGF1|LY6H|NEB|PSD|ROBO1|ROBO2|SH3GL3|RNF113A|AKAP1|SLC4A8|SEMA3E|OPTN|CDC42EP3|SPINT2|MAST1|EHBP1|BICRAL|FJX1|REEP2|STOX2|SLC12A5|IGSF9|ARHGAP23|HIVEP3|CLSTN2|REEP1|C1orf35|SRRM4|TOX2|SAMD14|FAM13C|GPC2,-3.5,MyList
Transcription Factor Targets,16,M29900,BANP TARGET GENES,,-6.2,2.2,5.6,30230,748,896,48,5.4,0.75,904|1163|3046|3297|5564|6464|7087|7322|8165|9857|10067|11215|23518|25901|25921|26009|26037|50485|51720|54532|54906|54908|55798|55957|56181|57017|57179|57337|57649|63906|63943|65056|65124|81572|83546|83640|84285|84335|84946|116224|116840|129138|144108|152485|159195|221477|252983|257397,CCNT1|CKS1B|HBE1|HSF1|PRKAB1|SHC1|ICAM5|UBE2D2|AKAP1|CEP350|SCAMP3|AKAP11|R3HDM1|CCDC28A|ZDHHC5|ZZZ3|SIPA1L1|SMARCAL1|UIMC1|USP53|TASOR2|SPDL1|METTL2B|LIN37|MTFR1L|COQ9|KIAA1191|SENP7|PHF12|GPATCH3|FKBPL|GPBP1|SOWAHC|PDRG1|RTBDN|RAMAC|EIF1AD|AKT1S1|LTV1|PABIR1|CNTROB|ANKRD54|SPTY2D1|ZNF827|USP54|C6orf89|STXBP4|TAB3,-3.5,MyList
Transcription Factor Targets,16,M18169,YATGNWAAT OCT C,,-6.2,2.8,5.9,30230,367,896,30,3.3,0.6,595|1634|2049|3621|4734|4848|4885|5218|5978|6457|6660|6925|7227|9139|9388|9734|9854|10150|27086|27338|51199|57509|59269|79777|81558|84335|90187|126299|151887|220296,CCND1|DCN|EPHB3|ING1|NEDD4|CNOT2|NPTX2|CDK14|REST|SH3GL3|SOX5|TCF4|TRPS1|CBFA2T2|LIPG|HDAC9|C2CD2L|MBNL2|FOXP1|UBE2S|NIN|MTUS1|HIVEP3|ACBD4|FAM117A|AKT1S1|EMILIN3|ZNF428|CCDC80|HEPACAM,-3.4,MyList
Transcription Factor Targets,16,M17420,WGGAATGY TEF1 Q6,,-6.2,2.7,5.9,30230,387,896,31,3.5,0.61,1163|1949|3489|4300|4335|4734|4917|5978|6464|6764|8496|8510|9411|10150|10749|10849|11135|51286|54462|57468|57630|57649|64111|64129|64285|84337|84872|89884|93380|112464|152485,CKS1B|EFNB3|IGFBP6|MLLT3|MNT|NEDD4|NTN3|REST|SHC1|DENND2B|PPFIBP1|MMP23B|ARHGAP29|MBNL2|KIF1C|POLR1G|CDC42EP1|CEND1|CCSER2|SLC12A5|SH3RF1|PHF12|NPVF|TINAGL1|RHBDF1|ELOF1|ZC3H10|LHX4|MMGT1|CAVIN3|ZNF827,-3.4,MyList
Transcription Factor Targets,16,M3799,CIZ 01,,-6.2,3.2,6.1,30230,254,896,24,2.7,0.54,361|595|607|822|1307|1946|3321|5099|6925|11278|22807|23767|51177|51244|54462|54785|57715|64111|79035|81849|84631|85456|90861|257397,AQP4|CCND1|BCL9|CAPG|COL16A1|EFNA5|IGSF3|PCDH7|TCF4|KLF12|IKZF2|FLRT3|PLEKHO1|CCDC174|CCSER2|BORCS6|SEMA4G|NPVF|NABP2|ST6GALNAC5|SLITRK2|TNKS1BP1|JPT2|TAB3,-3.4,MyList
Transcription Factor Targets,16,M7691,CATTGTYY SOX9 B1,,-6.2,2.8,5.9,30230,368,896,30,3.3,0.6,1026|1979|2791|2869|2961|3479|4155|4211|4286|4634|4854|5126|5782|6239|6660|6925|7554|8751|9139|9734|10018|10749|23301|30850|51155|54510|55596|89796|220965|221914,CDKN1A|EIF4EBP2|GNG11|GRK5|GTF2E2|IGF1|MBP|MEIS1|MITF|MYL3|NOTCH3|PCSK2|PTPN12|RREB1|SOX5|TCF4|ZNF8|ADAM15|CBFA2T2|HDAC9|BCL2L11|KIF1C|EHBP1|CDR2L|JPT1|PCDH18|ZCCHC8|NAV1|FAM13C|GPC2,-3.4,MyList
Transcription Factor Targets,16,M17712,WGTTNNNNNAAA UNKNOWN,,-6.1,2.4,5.7,30230,554,896,39,4.4,0.68,460|862|1026|1634|2104|2122|3489|4216|4286|4969|5099|5101|5218|6239|6281|6792|6925|8861|9734|9854|23528|23635|25876|51274|54462|54487|54510|59269|65056|80271|81572|84631|84969|90488|112942|127733|140890|152485|256643,ASTN1|RUNX1T1|CDKN1A|DCN|ESRRG|MECOM|IGFBP6|MAP3K4|MITF|OGN|PCDH7|PCDH9|CDK14|RREB1|S100A10|CDKL5|TCF4|LDB1|HDAC9|C2CD2L|ZNF281|SSBP2|SPEF1|KLF3|CCSER2|DGCR8|PCDH18|HIVEP3|GPBP1|ITPKC|PDRG1|SLITRK2|TOX2|TMEM263|CFAP36|UBXN10|SREK1|ZNF827|BCLAF3,-3.4,MyList
Transcription Factor Targets,16,M7023,CRX Q4,,-6.1,3.1,6,30230,274,896,25,2.8,0.55,629|1611|2104|3321|4052|4211|4756|5098|6777|6934|7138|9607|22871|23528|23635|26103|55122|57117|57468|57804|65056|116224|127733|148398|266727,CFB|DAP|ESRRG|IGSF3|LTBP1|MEIS1|NEO1|PCDHGC3|STAT5B|TCF7L2|TNNT1|CARTPT|NLGN1|ZNF281|SSBP2|LRIT1|AKIRIN2|INTS12|SLC12A5|POLD4|GPBP1|PABIR1|UBXN10|SAMD11|MDGA1,-3.4,MyList
Transcription Factor Targets,16,M7477,AP1 Q2 01,,-6.1,3.1,6,30230,274,896,25,2.8,0.55,1026|4286|5101|6925|6938|7030|8165|8751|9547|9846|9854|10529|10849|11030|11155|11278|23054|57094|57512|64129|64285|80271|81565|131377|284996,CDKN1A|MITF|PCDH9|TCF4|TCF12|TFE3|AKAP1|ADAM15|CXCL14|GAB2|C2CD2L|NEBL|POLR1G|RBPMS|LDB3|KLF12|NCOA6|CPA6|GPR158|TINAGL1|RHBDF1|ITPKC|NDEL1|KLHL40|RNF149,-3.4,MyList
Transcription Factor Targets,16,M217,VDR Q6,,-6.1,3.1,6,30230,276,896,25,2.8,0.55,575|770|862|2104|3400|4335|4661|4756|6660|6909|6938|7703|9989|10524|10749|22807|25978|55033|57512|57555|57591|65056|81572|114984|146542,ADGRB1|CA11|RUNX1T1|ESRRG|ID4|MNT|MYT1|NEO1|SOX5|TBX2|TCF12|PCGF2|PPP4R1|KAT5|KIF1C|IKZF2|CHMP2B|FKBP14|GPR158|NLGN2|MRTFA|GPBP1|PDRG1|FLYWCH2|ZNF688,-3.4,MyList
Cell Type Signatures,7,M39068,MANNO MIDBRAIN NEUROTYPES HDA1,,-6,2.3,5.6,30230,584,896,40,4.5,0.69,320|333|1113|2039|2044|2785|3479|5126|5218|5662|5806|5980|6091|6092|9498|9846|10133|10653|22983|23301|23506|26469|27324|57468|57636|59269|65009|65055|79169|83786|84524|84530|84969|89796|114800|140597|201191|221914|255743|337876,APBA1|APLP1|CHGA|DMTN|EPHA5|GNG3|IGF1|PCSK2|CDK14|PSD|PTX3|REV3L|ROBO1|ROBO2|SLC4A8|GAB2|OPTN|SPINT2|MAST1|EHBP1|BICRAL|PTPN18|TOX3|SLC12A5|ARHGAP23|HIVEP3|NDRG4|REEP1|C1orf35|FRMD8|ZC3H8|SRRM4|TOX2|NAV1|CCDC85A|TCEAL2|SAMD14|GPC2|NPNT|CHSY3,-3.3,MyList
Transcription Factor Targets,16,M6325,SMAD3 Q6,,-6,3.2,6,30230,242,896,23,2.6,0.53,1026|2104|2719|4052|4211|4661|5076|6522|6764|9956|11346|27086|51132|51199|55243|57179|57555|79047|79365|80774|81558|81849|283149,CDKN1A|ESRRG|GPC3|LTBP1|MEIS1|MYT1|PAX2|SLC4A2|DENND2B|HS3ST2|SYNPO|FOXP1|RLIM|NIN|KIRREL1|KIAA1191|NLGN2|KCTD15|BHLHE41|LIMD2|FAM117A|ST6GALNAC5|BCL9L,-3.3,MyList
Cell Type Signatures,7,M40167,DESCARTES FETAL CEREBRUM VASCULAR ENDOTHELIAL CELLS,,-6,2.3,5.6,30230,585,896,40,4.5,0.69,858|1634|1636|1953|2002|2122|2687|3487|4060|4501|4854|5118|5148|6281|6320|6387|6628|6909|7424|9411|10723|11030|11135|23627|25937|51129|51599|54510|57181|57608|64129|64856|79080|80760|85456|94031|112464|148170|340527|389125,CAV2|DCN|ACE|MEGF6|ELK1|MECOM|GGT5|IGFBP4|LUM|MT1X|NOTCH3|PCOLCE|PDE6G|S100A10|CLEC11A|CXCL12|SNRPB|TBX2|VEGFC|ARHGAP29|SLC12A7|RBPMS|CDC42EP1|PRND|WWTR1|ANGPTL4|LSR|PCDH18|SLC39A10|JCAD|TINAGL1|VWA1|CCDC86|ITIH5|TNKS1BP1|HTRA3|CAVIN3|CDC42EP5|NHSL2|MUSTN1,-3.3,MyList
Cell Type Signatures,7,M39070,MANNO MIDBRAIN NEUROTYPES HNBGABA,,-5.9,2.2,5.4,30230,703,896,45,5,0.73,333|575|862|1113|1953|2039|2044|3479|5099|5101|5126|5662|5980|6091|6092|6457|6792|8165|9723|10133|10653|22871|22983|22986|26039|26469|27245|51286|51308|55243|56776|57468|57690|64375|65009|65055|79169|79870|84530|84969|114800|140597|165215|256714|266727,APLP1|ADGRB1|RUNX1T1|CHGA|MEGF6|DMTN|EPHA5|IGF1|PCDH7|PCDH9|PCSK2|PSD|REV3L|ROBO1|ROBO2|SH3GL3|CDKL5|AKAP1|SEMA3E|OPTN|SPINT2|NLGN1|MAST1|SORCS3|SS18L1|PTPN18|AHDC1|CEND1|REEP2|KIRREL1|FMN2|SLC12A5|TNRC6C|IKZF4|NDRG4|REEP1|C1orf35|BAALC|SRRM4|TOX2|CCDC85A|TCEAL2|FAM171B|MAP7D2|MDGA1,-3.2,MyList
Transcription Factor Targets,16,M2528,S8 01,,-5.8,3.1,5.9,30230,247,896,23,2.6,0.53,862|1946|1949|4211|4286|4661|4756|5116|5564|6096|6239|6660|8233|8708|8805|9547|11276|27086|57509|57555|64084|79047|84988,RUNX1T1|EFNA5|EFNB3|MEIS1|MITF|MYT1|NEO1|PCNT|PRKAB1|RORB|RREB1|SOX5|ZRSR2|B3GALT1|TRIM24|CXCL14|SYNRG|FOXP1|MTUS1|NLGN2|CLSTN2|KCTD15|PPP1R16A,-3.2,MyList
Transcription Factor Targets,16,M5320,HIF1 Q5,,-5.8,3.1,5.9,30230,249,896,23,2.6,0.53,1611|2049|2077|2824|4052|5662|6529|10018|10179|22807|22986|23239|25987|26009|57468|57649|65078|79365|84444|91289|140606|152485|153222,DAP|EPHB3|ERF|GPM6B|LTBP1|PSD|SLC6A1|BCL2L11|RBM7|IKZF2|SORCS3|PHLPP1|TSKU|ZZZ3|SLC12A5|PHF12|RTN4R|BHLHE41|DOT1L|LMF2|SELENOM|ZNF827|CREBRF,-3.1,MyList
Cell Type Signatures,7,M39074,ZHONG PFC MAJOR TYPES ASTROCYTES,,-5.8,2.8,5.7,30230,325,896,27,3,0.57,361|575|1634|2791|2824|3400|3487|4211|4854|6529|6934|7059|8601|9289|9547|10252|11135|11170|30812|57348|63827|81628|84631|84988|145864|151887|255743,AQP4|ADGRB1|DCN|GNG11|GPM6B|ID4|IGFBP4|MEIS1|NOTCH3|SLC6A1|TCF7L2|THBS3|RGS20|ADGRG1|CXCL14|SPRY1|CDC42EP1|FAM107A|SOX8|TTYH1|BCAN|TSC22D4|SLITRK2|PPP1R16A|HAPLN3|CCDC80|NPNT,-3.1,MyList
Transcription Factor Targets,16,M16722,MYB Q5 01,,-5.7,3,5.8,30230,269,896,24,2.7,0.54,862|2104|2785|2869|4052|4717|4900|5101|5116|5218|6239|6660|6938|11278|23635|27125|27291|56890|81565|84070|84969|126526|200186|348980,RUNX1T1|ESRRG|GNG3|GRK5|LTBP1|NDUFC1|NRGN|PCDH9|PCNT|CDK14|RREB1|SOX5|TCF12|KLF12|SSBP2|AFF4|R3HCC1L|SAXO6|NDEL1|FAM186B|TOX2|C19orf47|CRTC2|HCN1,-3.1,MyList
Transcription Factor Targets,16,M12637,FREAC3 01,,-5.5,3,5.7,30230,257,896,23,2.6,0.53,607|862|1026|1028|1389|1634|1946|1979|2104|4286|4734|6457|6934|7087|10150|23239|65056|84335|84631|84872|94137|256643|284018,BCL9|RUNX1T1|CDKN1A|CDKN1C|CREBL2|DCN|EFNA5|EIF4EBP2|ESRRG|MITF|NEDD4|SH3GL3|TCF7L2|ICAM5|MBNL2|PHLPP1|GPBP1|AKT1S1|SLITRK2|ZC3H10|RP1L1|BCLAF3|C17orf58,-2.9,MyList
Transcription Factor Targets,16,M1460,TGGNNNNNNKCCAR UNKNOWN,,-5.5,2.5,5.4,30230,436,896,32,3.6,0.62,1389|1947|2158|4300|4750|4772|5098|5118|6777|8553|9139|10010|10252|22807|25959|50487|57649|64129|64856|81628|81849|83546|84969|114928|114990|127435|159195|160760|253827|284018|388115|404093,CREBL2|EFNB1|F9|MLLT3|NEK1|NFATC1|PCDHGC3|PCOLCE|STAT5B|BHLHE40|CBFA2T2|TANK|SPRY1|IKZF2|KANK2|PLA2G3|PHF12|TINAGL1|VWA1|TSC22D4|ST6GALNAC5|RTBDN|TOX2|GPRASP2|VASN|PODN|USP54|PPTC7|MSRB3|C17orf58|CCDC9B|CUEDC1,-2.9,MyList
Cell Type Signatures,7,M39121,AIZARANI LIVER C20 LSECS 3,,-5.5,2.9,5.6,30230,295,896,25,2.8,0.55,665|1026|1454|1948|3383|3680|6925|6934|8496|8553|9411|11170|25937|27125|51129|53826|54434|57636|58191|64129|79834|80271|84969|89796|375449,BNIP3L|CDKN1A|CSNK1E|EFNB2|ICAM1|ITGA9|TCF4|TCF7L2|PPFIBP1|BHLHE40|ARHGAP29|FAM107A|WWTR1|AFF4|ANGPTL4|FXYD6|SSH1|ARHGAP23|CXCL16|TINAGL1|PEAK1|ITPKC|TOX2|NAV1|MAST4,-2.9,MyList
Transcription Factor Targets,16,M8603,GR 01,,-5.5,3.3,5.8,30230,203,896,20,2.2,0.49,1026|1501|4155|4734|6938|8553|9547|10150|11117|22807|51562|54714|56478|57724|65056|122060|140890|159195|284058|404093,CDKN1A|CTNND2|MBP|NEDD4|TCF12|BHLHE40|CXCL14|MBNL2|EMILIN1|IKZF2|MBIP|CNGB3|EIF4ENIF1|EPG5|GPBP1|SLAIN1|SREK1|USP54|KANSL1|CUEDC1,-2.9,MyList
Cell Type Signatures,7,M39222,LAKE ADULT KIDNEY C3 PROXIMAL TUBULE EPITHELIAL CELLS S1 S2,,-5.5,3.2,5.8,30230,221,896,21,2.3,0.51,173|4311|4810|5125|5218|7145|7227|8496|10082|22871|23051|23112|23301|23331|26037|79848|84909|140733|140890|143884|375449,AFM|MME|NHS|PCSK5|CDK14|TNS1|TRPS1|PPFIBP1|GPC6|NLGN1|ZHX3|TNRC6B|EHBP1|TTC28|SIPA1L1|CSPP1|AOPEP|MACROD2|SREK1|CWF19L2|MAST4,-2.9,MyList
Cell Type Signatures,7,M41675,TRAVAGLINI LUNG ADVENTITIAL FIBROBLAST CELL,,-5.5,2.8,5.6,30230,296,896,25,2.8,0.55,715|730|972|1634|2619|3479|3487|3489|4060|4653|4969|5118|5806|6001|6281|6387|6747|8425|9547|25987|57333|94031|119587|127435|151887,C1R|C7|CD74|DCN|GAS1|IGF1|IGFBP4|IGFBP6|LUM|MYOC|OGN|PCOLCE|PTX3|RGS10|S100A10|CXCL12|SSR3|LTBP4|CXCL14|TSKU|RCN3|HTRA3|CPXM2|PODN|CCDC80,-2.9,MyList
DisGeNET,35,C0202117,Low density lipoprotein cholesterol measurement,,-5.4,2.4,5.3,30230,483,896,34,3.8,0.64,350|1636|2039|2122|3083|3383|3667|4286|4703|5125|6002|6934|6938|7200|7227|8897|9388|9530|9611|9846|10082|23051|23301|54815|54901|55553|56776|57094|57523|64599|64897|85463|94137|144108,APOH|ACE|DMTN|MECOM|HGFAC|ICAM1|IRS1|MITF|NEB|PCSK5|RGS12|TCF7L2|TCF12|TRH|TRPS1|MTMR3|LIPG|BAG4|NCOR1|GAB2|GPC6|ZHX3|EHBP1|GATAD2A|CDKAL1|SOX6|FMN2|CPA6|NYNRIN|GIGYF1|C12orf43|ZC3H12C|RP1L1|SPTY2D1,-2.8,MyList
Cell Type Signatures,7,M41708,FAN OVARY CL6 PUTATIVE EARLY ATRETIC FOLLICLE THECAL CELL 2,,-5.4,2.8,5.5,30230,300,896,25,2.8,0.55,664|665|715|730|1634|2719|3479|3487|3622|4060|4969|6320|6387|7041|8425|8510|10150|10398|11117|29997|53826|56265|90843|140606|151887,BNIP3|BNIP3L|C1R|C7|DCN|GPC3|IGF1|IGFBP4|ING2|LUM|OGN|CLEC11A|CXCL12|TGFB1I1|LTBP4|MMP23B|MBNL2|MYL9|EMILIN1|NOP53|FXYD6|CPXM1|TCEAL8|SELENOM|CCDC80,-2.8,MyList
DisGeNET,35,C4528257,Corpuscular Hemoglobin Concentration Mean,,-5.4,2.5,5.4,30230,401,896,30,3.3,0.6,705|1489|1501|3046|4299|6764|7942|8766|10723|22983|23331|29911|55815|56006|57010|57035|57649|64285|64599|83546|83986|84080|84444|84988|91289|129685|147339|254102|284058|388588,BYSL|CTF1|CTNND2|HBE1|AFF1|DENND2B|TFEB|RAB11A|SLC12A7|MAST1|TTC28|HOOK2|TSNAXIP1|SMG9|CABP4|RSRP1|PHF12|RHBDF1|GIGYF1|RTBDN|FAM234A|ENKD1|DOT1L|PPP1R16A|LMF2|TAF8|ARK2N|EHBP1L1|KANSL1|SMIM1,-2.8,MyList
Transcription Factor Targets,16,M30396,ZNF830 TARGET GENES,,-5.4,2.9,5.5,30230,282,896,24,2.7,0.54,2067|6002|6239|6787|7942|8425|9878|10018|10179|10848|10849|26586|27245|57513|79058|83546|84285|90850|92482|113263|116840|147339|284018|387032,ERCC1|RGS12|RREB1|NEK4|TFEB|LTBP4|TOX4|BCL2L11|RBM7|PPP1R13L|POLR1G|CKAP2|AHDC1|CASKIN2|ASPSCR1|RTBDN|EIF1AD|ZNF598|BBIP1|GLCCI1|CNTROB|ARK2N|C17orf58|ZKSCAN4,-2.8,MyList
Cell Type Signatures,7,M39233,LAKE ADULT KIDNEY C14 DISTAL CONVOLUTED TUBULE,,-5.4,3.2,5.7,30230,208,896,20,2.2,0.49,868|1946|2104|2122|4286|4810|5218|6938|11278|23112|27324|54806|54901|55553|57619|57630|84441|140733|284058|401474,CBLB|EFNA5|ESRRG|MECOM|MITF|NHS|CDK14|TCF12|KLF12|TNRC6B|TOX3|AHI1|CDKAL1|SOX6|SHROOM3|SH3RF1|MAML2|MACROD2|KANSL1|SAMD12,-2.8,MyList
Cell Type Signatures,7,M39060,MANNO MIDBRAIN NEUROTYPES HPROGFPL,,-5.3,2.7,5.4,30230,323,896,26,2.9,0.56,595|1163|1265|1824|1946|3014|4052|4288|4501|5806|5978|6383|6628|6938|9388|9620|10413|26586|27324|54908|55872|57619|83987|84722|90861|114908,CCND1|CKS1B|CNN2|DSC2|EFNA5|H2AX|LTBP1|MKI67|MT1X|PTX3|REST|SDC2|SNRPB|TCF12|LIPG|CELSR1|YAP1|CKAP2|TOX3|SPDL1|PBK|SHROOM3|CCDC8|PSRC1|JPT2|TMEM123,-2.7,MyList
Transcription Factor Targets,16,M14186,GATA1 03,,-5.3,3,5.6,30230,246,896,22,2.5,0.52,361|1947|2122|4052|5099|5101|5118|6281|6660|8510|8766|23767|25978|27086|51132|57804|59269|81558|84988|136332|140890|151887,AQP4|EFNB1|MECOM|LTBP1|PCDH7|PCDH9|PCOLCE|S100A10|SOX5|MMP23B|RAB11A|FLRT3|CHMP2B|FOXP1|RLIM|POLD4|HIVEP3|FAM117A|PPP1R16A|LRGUK|SREK1|CCDC80,-2.7,MyList
Transcription Factor Targets,16,M14960,POU3F2 02,,-5.3,2.9,5.5,30230,265,896,23,2.6,0.53,1634|3621|4286|4661|4756|4885|6239|9388|9734|27086|56548|56890|56987|57509|59269|64111|90187|126299|148398|151887|152485|220296|284018,DCN|ING1|MITF|MYT1|NEO1|NPTX2|RREB1|LIPG|HDAC9|FOXP1|CHST7|SAXO6|BBX|MTUS1|HIVEP3|NPVF|EMILIN3|ZNF428|SAMD11|CCDC80|ZNF827|HEPACAM|C17orf58,-2.7,MyList
Transcription Factor Targets,16,M492,SRY 01,,-5.3,3.1,5.6,30230,228,896,21,2.3,0.51,607|1028|1389|2104|2869|6489|6660|6934|7059|8861|9846|26009|55243|55553|57715|79035|81849|84441|112950|200186|253827,BCL9|CDKN1C|CREBL2|ESRRG|GRK5|ST8SIA1|SOX5|TCF7L2|THBS3|LDB1|GAB2|ZZZ3|KIRREL1|SOX6|SEMA4G|NABP2|ST6GALNAC5|MAML2|MED8|CRTC2|MSRB3,-2.7,MyList
Cell Type Signatures,7,M39062,MANNO MIDBRAIN NEUROTYPES HNPROG,,-5.3,3.1,5.6,30230,229,896,21,2.3,0.51,595|741|1028|1953|4288|4501|4661|4885|5126|5806|6938|9139|9705|55872|56776|57549|84530|84722|85463|221914|389125,CCND1|ZNHIT2|CDKN1C|MEGF6|MKI67|MT1X|MYT1|NPTX2|PCSK2|PTX3|TCF12|CBFA2T2|ST18|PBK|FMN2|IGSF9|SRRM4|PSRC1|ZC3H12C|GPC2|MUSTN1,-2.7,MyList
Transcription Factor Targets,16,M1328,WTGAAAT UNKNOWN,,-5.3,2.2,5.1,30230,625,896,40,4.5,0.69,770|862|2122|2824|3479|3660|4286|4335|4661|4734|4885|4969|5076|5098|5126|6002|6091|6096|6660|6925|7456|7554|8897|9705|9734|9804|10602|22864|51132|55553|56478|57575|57584|59269|80271|84631|124790|143282|147339|344658,CA11|RUNX1T1|MECOM|GPM6B|IGF1|IRF2|MITF|MNT|MYT1|NEDD4|NPTX2|OGN|PAX2|PCDHGC3|PCSK2|RGS12|ROBO1|RORB|SOX5|TCF4|WIPF1|ZNF8|MTMR3|ST18|HDAC9|TOMM20|CDC42EP3|R3HDM2|RLIM|SOX6|EIF4ENIF1|PCDH10|ARHGAP21|HIVEP3|ITPKC|SLITRK2|HEXIM2|FGFBP3|ARK2N|SAMD7,-2.7,MyList
Transcription Factor Targets,16,M30143,RLF TARGET GENES,,-5.3,2.6,5.4,30230,345,896,27,3,0.57,862|1453|2961|5980|6628|9325|10749|26099|27245|30011|54820|57109|57117|57591|57620|57696|65056|80789|83892|85395|90378|113263|134637|136647|285672|317781|403341,RUNX1T1|CSNK1D|GTF2E2|REV3L|SNRPB|TRIP4|KIF1C|SZRD1|AHDC1|SH3KBP1|NDE1|REXO4|INTS12|MRTFA|STIM2|DDX55|GPBP1|INTS5|KCTD10|SLX9|SAMD1|GLCCI1|ADAT2|MPLKIP|SREK1IP1|DDX51|ZBTB34,-2.7,MyList
Transcription Factor Targets,16,M3403,GTGACGY E4F1 Q6,,-5.3,2.1,5.1,30230,671,896,42,4.7,0.71,904|1026|2077|4052|4750|5099|5126|6881|6882|7903|8553|8658|9478|9811|9825|10018|10082|10524|11143|22983|23239|27125|27291|51132|55859|55975|57117|57575|58191|58515|65056|79169|80817|81565|84530|84872|85453|90488|93380|116840|219654|317781,CCNT1|CDKN1A|ERF|LTBP1|NEK1|PCDH7|PCSK2|TAF10|TAF11|ST8SIA4|BHLHE40|TNKS|CABP1|CTIF|SPATA2|BCL2L11|GPC6|KAT5|KAT7|MAST1|PHLPP1|AFF4|R3HCC1L|RLIM|BEX1|KLHL7|INTS12|PCDH10|CXCL16|SELENOK|GPBP1|C1orf35|CEP44|NDEL1|SRRM4|ZC3H10|TSPYL5|TMEM263|MMGT1|CNTROB|ZCCHC24|DDX51,-2.7,MyList
Cell Type Signatures,7,M39072,MANNO MIDBRAIN NEUROTYPES HSERT,,-5.2,2.4,5.2,30230,450,896,32,3.6,0.62,320|333|575|1113|2039|2719|2785|4062|5099|5101|5662|6092|6457|6529|7145|9498|10133|10653|22983|22986|30011|55859|57468|64388|65009|65055|79870|79948|84530|114800|201191|256714,APBA1|APLP1|ADGRB1|CHGA|DMTN|GPC3|GNG3|LY6H|PCDH7|PCDH9|PSD|ROBO2|SH3GL3|SLC6A1|TNS1|SLC4A8|OPTN|SPINT2|MAST1|SORCS3|SH3KBP1|BEX1|SLC12A5|GREM2|NDRG4|REEP1|BAALC|PLPPR3|SRRM4|CCDC85A|SAMD14|MAP7D2,-2.7,MyList
Transcription Factor Targets,16,M14593,HNF1 C,,-5.2,3,5.5,30230,249,896,22,2.5,0.52,173|361|2147|2162|4756|5076|6906|6925|7145|7227|9139|51132|54714|57555|57715|81849|90861|127733|140890|152485|200186|348980,AFM|AQP4|F2|F13A1|NEO1|PAX2|SERPINA7|TCF4|TNS1|TRPS1|CBFA2T2|RLIM|CNGB3|NLGN2|SEMA4G|ST6GALNAC5|JPT2|UBXN10|SREK1|ZNF827|CRTC2|HCN1,-2.7,MyList
Transcription Factor Targets,16,M15623,SOX5 01,,-5.2,2.9,5.4,30230,268,896,23,2.6,0.53,320|1979|2049|2104|4634|4885|5099|5126|6239|6660|6925|6938|8861|9139|23301|25876|30850|55553|55906|84631|140890|150864|340719,APBA1|EIF4EBP2|EPHB3|ESRRG|MYL3|NPTX2|PCDH7|PCSK2|RREB1|SOX5|TCF4|TCF12|LDB1|CBFA2T2|EHBP1|SPEF1|CDR2L|SOX6|ZC4H2|SLITRK2|SREK1|FAM117B|NANOS1,-2.7,MyList
Transcription Factor Targets,16,M3128,AAANWWTGC UNKNOWN,,-5.2,3.3,5.6,30230,195,896,19,2.1,0.48,1946|1979|2719|2961|4211|4216|6660|9388|10082|10602|11278|23051|27086|27125|81628|148170|152485|220296|401474,EFNA5|EIF4EBP2|GPC3|GTF2E2|MEIS1|MAP3K4|SOX5|LIPG|GPC6|CDC42EP3|KLF12|ZHX3|FOXP1|AFF4|TSC22D4|CDC42EP5|ZNF827|HEPACAM|SAMD12,-2.7,MyList
Transcription Factor Targets,16,M4088,TCF1P Q6,,-5.2,2.9,5.4,30230,271,896,23,2.6,0.53,1026|1946|2104|4756|4863|5101|8532|10602|23518|51274|51322|57555|57575|79365|80271|81558|81628|116224|136332|143282|147339|148113|220965,CDKN1A|EFNA5|ESRRG|NEO1|NPAT|PCDH9|CPZ|CDC42EP3|R3HDM1|KLF3|WAC|NLGN2|PCDH10|BHLHE41|ITPKC|FAM117A|TSC22D4|PABIR1|LRGUK|FGFBP3|ARK2N|CILP2|FAM13C,-2.6,MyList
Transcription Factor Targets,16,M30337,ZNF513 TARGET GENES,,-5.2,2,5,30230,772,896,46,5.1,0.74,166|2737|3660|4734|4756|6001|6239|6482|6925|7703|8861|9498|9686|10413|11030|11201|22807|23373|25792|25937|29998|51133|51322|51728|55095|55311|55957|56006|56987|57630|57649|57804|58191|79047|81628|83648|84335|89884|92482|153222|170954|203069|253827|340719|348801|768206,TLE5|GLI3|IRF2|NEDD4|NEO1|RGS10|RREB1|ST3GAL1|TCF4|PCGF2|LDB1|SLC4A8|VGLL4|YAP1|RBPMS|POLI|IKZF2|CRTC1|CIZ1|WWTR1|BICRA|KCTD3|WAC|POLR3K|SAMD4B|ZNF444|LIN37|SMG9|BBX|SH3RF1|PHF12|POLD4|CXCL16|KCTD15|TSC22D4|FAM167A|AKT1S1|LHX4|BBIP1|CREBRF|PPP1R18|R3HCC1|MSRB3|NANOS1|LNP1|PRCD,-2.6,MyList
Transcription Factor Targets,16,M16200,ISRE 01,,-5.1,2.9,5.4,30230,253,896,22,2.5,0.52,3660|4211|5076|5098|5099|6934|8751|9759|9843|10133|10379|10723|22807|23635|25987|51129|56987|64111|79035|81558|220296|255743,IRF2|MEIS1|PAX2|PCDHGC3|PCDH7|TCF7L2|ADAM15|HDAC4|HEPH|OPTN|IRF9|SLC12A7|IKZF2|SSBP2|TSKU|ANGPTL4|BBX|NPVF|NABP2|FAM117A|HEPACAM|NPNT,-2.6,MyList
Transcription Factor Targets,16,M5667,EGR2 01,,-5.1,3.2,5.5,30230,198,896,19,2.1,0.48,770|2049|2077|4335|4900|5118|6457|6882|9734|10362|10749|10849|22986|23528|29997|84530|127733|136227|153222,CA11|EPHB3|ERF|MNT|NRGN|PCOLCE|SH3GL3|TAF11|HDAC9|HMG20B|KIF1C|POLR1G|SORCS3|ZNF281|NOP53|SRRM4|UBXN10|COL26A1|CREBRF,-2.6,MyList
Transcription Factor Targets,16,M171,GCCATNTTG YY1 Q6,,-5.1,2.4,5.1,30230,437,896,31,3.5,0.61,333|3297|4216|4335|5116|6529|6925|8897|10489|11143|22794|23054|23208|23518|25876|25921|26099|27086|51132|51155|51244|51271|55122|57456|57649|65056|91289|93643|124790|151987|400916,APLP1|HSF1|MAP3K4|MNT|PCNT|SLC6A1|TCF4|MTMR3|LRRC41|KAT7|CASC3|NCOA6|SYT11|R3HDM1|SPEF1|ZDHHC5|SZRD1|FOXP1|RLIM|JPT1|CCDC174|UBAP1|AKIRIN2|KIAA1143|PHF12|GPBP1|LMF2|TJAP1|HEXIM2|PPP4R2|CHCHD10,-2.6,MyList
Cell Type Signatures,7,M41676,TRAVAGLINI LUNG ALVEOLAR FIBROBLAST CELL,,-5.1,3.5,5.6,30230,164,896,17,1.9,0.46,2662|2719|2824|3383|4060|4311|4685|6092|7424|8425|8660|10529|10653|54532|59269|255231|255743,GDF10|GPC3|GPM6B|ICAM1|LUM|MME|NCAM2|ROBO2|VEGFC|LTBP4|IRS2|NEBL|SPINT2|USP53|HIVEP3|MCOLN2|NPNT,-2.6,MyList
DisGeNET,35,C0427460,Red cell distribution width determination,,-5.1,2.2,5,30230,593,896,38,4.2,0.67,665|2122|3046|4756|6764|8660|9139|9326|9388|10524|10723|22864|22983|23301|25959|29911|51129|51274|54806|54815|55553|55589|55596|57035|57512|57636|57724|65980|81558|83986|84079|84969|126526|147339|254102|284058|375449|388588,BNIP3L|MECOM|HBE1|NEO1|DENND2B|IRS2|CBFA2T2|ZNHIT3|LIPG|KAT5|SLC12A7|R3HDM2|MAST1|EHBP1|KANK2|HOOK2|ANGPTL4|KLF3|AHI1|GATAD2A|SOX6|BMP2K|ZCCHC8|RSRP1|GPR158|ARHGAP23|EPG5|BRD9|FAM117A|FAM234A|ANKRD27|TOX2|C19orf47|ARK2N|EHBP1L1|KANSL1|MAST4|SMIM1,-2.6,MyList
DisGeNET,35,C1304746,RDW - Red blood cell distribution width result,,-5.1,2.2,5,30230,593,896,38,4.2,0.67,665|2122|3046|4756|6764|8660|9139|9326|9388|10524|10723|22864|22983|23301|25959|29911|51129|51274|54806|54815|55553|55589|55596|57035|57512|57636|57724|65980|81558|83986|84079|84969|126526|147339|254102|284058|375449|388588,BNIP3L|MECOM|HBE1|NEO1|DENND2B|IRS2|CBFA2T2|ZNHIT3|LIPG|KAT5|SLC12A7|R3HDM2|MAST1|EHBP1|KANK2|HOOK2|ANGPTL4|KLF3|AHI1|GATAD2A|SOX6|BMP2K|ZCCHC8|RSRP1|GPR158|ARHGAP23|EPG5|BRD9|FAM117A|FAM234A|ANKRD27|TOX2|C19orf47|ARK2N|EHBP1L1|KANSL1|MAST4|SMIM1,-2.6,MyList
Transcription Factor Targets,16,M30403,ZSCAN21 TARGET GENES,,-5,2.3,5,30230,504,896,34,3.8,0.64,1453|1454|2737|3321|4795|8496|9139|9289|9530|9825|10297|10653|11135|22794|23054|23112|25937|54906|55122|55225|56987|57117|57179|57507|64857|81628|85395|139231|152485|153443|257415|283899|375449|100507290,CSNK1D|CSNK1E|GLI3|IGSF3|NFKBIL1|PPFIBP1|CBFA2T2|ADGRG1|BAG4|SPATA2|APC2|SPINT2|CDC42EP1|CASC3|NCOA6|TNRC6B|WWTR1|TASOR2|AKIRIN2|RAVER2|BBX|INTS12|KIAA1191|ZNF608|PLEKHG2|TSC22D4|SLX9|FAM199X|ZNF827|SRFBP1|FAM133B|INO80E|MAST4|ZNF865,-2.6,MyList
Transcription Factor Targets,16,M17361,MEF2 03,,-5,3,5.3,30230,240,896,21,2.3,0.51,1501|3667|4300|4969|6660|6769|8233|9611|9734|10150|10602|22997|26037|27086|51564|57150|80303|83546|84872|147339|283149,CTNND2|IRS1|MLLT3|OGN|SOX5|STAC|ZRSR2|NCOR1|HDAC9|MBNL2|CDC42EP3|IGSF9B|SIPA1L1|FOXP1|HDAC7|SMIM8|EFHD1|RTBDN|ZC3H10|ARK2N|BCL9L,-2.5,MyList
DisGeNET,35,C3896643,New Onset Diabetes After Transplant,,-5,22,9.2,30230,6,896,4,0.45,0.22,3667|6934|8660|200186,IRS1|TCF7L2|IRS2|CRTC2,-2.5,MyList
Cell Type Signatures,7,M39055,MANNO MIDBRAIN NEUROTYPES HRGL2A,,-4.9,2.1,4.9,30230,600,896,38,4.2,0.67,361|460|1265|1501|2077|2824|3400|3955|4052|4291|4685|5099|5978|6764|6925|7802|8641|9289|9388|9620|9759|10252|22871|23239|23767|25876|30812|55553|57348|63827|79006|81628|84441|84631|119587|143282|145864|220296,AQP4|ASTN1|CNN2|CTNND2|ERF|GPM6B|ID4|LFNG|LTBP1|MLF1|NCAM2|PCDH7|REST|DENND2B|TCF4|DNALI1|PCDHGB4|ADGRG1|LIPG|CELSR1|HDAC4|SPRY1|NLGN1|PHLPP1|FLRT3|SPEF1|SOX8|SOX6|TTYH1|BCAN|METRN|TSC22D4|MAML2|SLITRK2|CPXM2|FGFBP3|HAPLN3|HEPACAM,-2.5,MyList
Transcription Factor Targets,16,M2459,EGR Q6,,-4.9,2.8,5.2,30230,280,896,23,2.6,0.53,1636|1949|2077|3597|3622|4335|4917|5126|5662|7041|7087|9854|10018|30011|51315|55122|57649|79002|79155|84969|124790|140733|200186,ACE|EFNB3|ERF|IL13RA1|ING2|MNT|NTN3|PCSK2|PSD|TGFB1I1|ICAM5|C2CD2L|BCL2L11|SH3KBP1|KRCC1|AKIRIN2|PHF12|TRIR|TNIP2|TOX2|HEXIM2|MACROD2|CRTC2,-2.4,MyList
Cell Type Signatures,7,M39230,LAKE ADULT KIDNEY C11 THIN ASCENDING LIMB,,-4.9,3.4,5.5,30230,169,896,17,1.9,0.46,1946|1998|2122|4299|5101|6696|7227|10082|10413|23635|27086|54532|54806|57509|65983|375449|401474,EFNA5|ELF2|MECOM|AFF1|PCDH9|SPP1|TRPS1|GPC6|YAP1|SSBP2|FOXP1|USP53|AHI1|MTUS1|GRAMD2B|MAST4|SAMD12,-2.4,MyList
Transcription Factor Targets,16,M14649,FREAC4 01,,-4.9,3.5,5.5,30230,153,896,16,1.8,0.44,862|1026|3479|4734|6934|7227|9843|10150|11278|22807|23239|57630|114990|127733|256643|375449,RUNX1T1|CDKN1A|IGF1|NEDD4|TCF7L2|TRPS1|HEPH|MBNL2|KLF12|IKZF2|PHLPP1|SH3RF1|VASN|UBXN10|BCLAF3|MAST4,-2.4,MyList
Transcription Factor Targets,16,M30288,ZNF257 TARGET GENES,,-4.9,2.2,4.9,30230,559,896,36,4,0.66,595|770|904|1454|3707|4299|4731|4885|5564|5782|6874|8425|9139|9325|9972|10018|10220|10379|10653|10723|26099|29911|54462|55095|55663|64388|65056|79005|83636|92482|123207|140890|146542|147965|257415|388695,CCND1|CA11|CCNT1|CSNK1E|ITPKB|AFF1|NDUFV3|NPTX2|PRKAB1|PTPN12|TAF4|LTBP4|CBFA2T2|TRIP4|NUP153|BCL2L11|GDF11|IRF9|SPINT2|SLC12A7|SZRD1|HOOK2|CCSER2|SAMD4B|ZNF446|GREM2|GPBP1|SCNM1|C19orf12|BBIP1|C15orf40|SREK1|ZNF688|FAM98C|FAM133B|LYSMD1,-2.4,MyList
Transcription Factor Targets,16,M30308,ZNF362 TARGET GENES,,-4.9,2.1,4.8,30230,628,896,39,4.4,0.68,858|1389|1997|2067|3597|4288|4664|6747|6925|6938|9745|10001|10252|10848|11215|11276|22871|23301|26009|29911|29998|51155|51177|54539|54820|63943|79002|79005|80303|83648|84285|153443|159195|200186|257415|283951|284996|387680|100131187,CAV2|CREBL2|ELF1|ERCC1|IL13RA1|MKI67|NAB1|SSR3|TCF4|TCF12|ZNF536|MED6|SPRY1|PPP1R13L|AKAP11|SYNRG|NLGN1|EHBP1|ZZZ3|HOOK2|BICRA|JPT1|PLEKHO1|NDUFB11|NDE1|FKBPL|TRIR|SCNM1|EFHD1|FAM167A|EIF1AD|SRFBP1|USP54|CRTC2|FAM133B|UQCC4|RNF149|WASHC2A|TSTD1,-2.4,MyList
Transcription Factor Targets,16,M1031,FREAC2 01,,-4.8,2.8,5.2,30230,264,896,22,2.5,0.52,607|1026|1028|1389|2049|2122|3479|4286|6457|10150|11278|22807|22927|23239|23301|51274|54510|64375|79047|112950|153222|256643,BCL9|CDKN1A|CDKN1C|CREBL2|EPHB3|MECOM|IGF1|MITF|SH3GL3|MBNL2|KLF12|IKZF2|HABP4|PHLPP1|EHBP1|KLF3|PCDH18|IKZF4|KCTD15|MED8|CREBRF|BCLAF3,-2.4,MyList
Cell Type Signatures,7,M41667,TRAVAGLINI LUNG CAPILLARY INTERMEDIATE 2 CELL,,-4.8,2.4,5,30230,408,896,29,3.2,0.59,166|595|664|1979|2869|4155|6281|10133|10318|10398|10749|11170|11346|26099|51335|51759|57608|58515|63877|79002|79870|81565|84248|91582|112942|152503|203069|359845|387680,TLE5|CCND1|BNIP3|EIF4EBP2|GRK5|MBP|S100A10|OPTN|TNIP1|MYL9|KIF1C|FAM107A|SYNPO|SZRD1|NGRN|C9orf78|JCAD|SELENOK|FAM204A|TRIR|BAALC|NDEL1|FYTTD1|RPS19BP1|CFAP36|SH3D19|R3HCC1|RFLNB|WASHC2A,-2.4,MyList
Cell Type Signatures,7,M40158,DESCARTES FETAL CEREBELLUM VASCULAR ENDOTHELIAL CELLS,,-4.8,2.1,4.8,30230,632,896,39,4.4,0.68,858|1265|1636|2122|2687|2791|3487|4501|4854|5118|6281|6320|6464|6909|7041|8553|9411|10398|10723|11030|11135|23627|25937|25960|51129|51599|54510|57181|57608|64129|64856|80760|85456|90843|94031|112464|148170|359845|389125,CAV2|CNN2|ACE|MECOM|GGT5|GNG11|IGFBP4|MT1X|NOTCH3|PCOLCE|S100A10|CLEC11A|SHC1|TBX2|TGFB1I1|BHLHE40|ARHGAP29|MYL9|SLC12A7|RBPMS|CDC42EP1|PRND|WWTR1|ADGRA2|ANGPTL4|LSR|PCDH18|SLC39A10|JCAD|TINAGL1|VWA1|ITIH5|TNKS1BP1|TCEAL8|HTRA3|CAVIN3|CDC42EP5|RFLNB|MUSTN1,-2.3,MyList
Transcription Factor Targets,16,M15101,RFX1 02,,-4.8,2.7,5.1,30230,286,896,23,2.6,0.53,2039|2719|5662|6239|7059|7087|7227|8658|8660|9411|9759|9825|11170|25876|53822|53826|55815|57555|64792|79005|83444|85456|388695,DMTN|GPC3|PSD|RREB1|THBS3|ICAM5|TRPS1|TNKS|IRS2|ARHGAP29|HDAC4|SPATA2|FAM107A|SPEF1|FXYD7|FXYD6|TSNAXIP1|NLGN2|IFT22|SCNM1|INO80B|TNKS1BP1|LYSMD1,-2.3,MyList
Cell Type Signatures,7,M39073,MANNO MIDBRAIN NEUROTYPES HOMTN,,-4.8,2.4,5,30230,389,896,28,3.1,0.58,333|1113|2039|2104|2785|4661|5099|5101|6769|9498|9705|9723|10297|10653|22983|23138|51286|55859|64388|65055|79169|84530|89884|113146|114787|221914|256714|100131187,APLP1|CHGA|DMTN|ESRRG|GNG3|MYT1|PCDH7|PCDH9|STAC|SLC4A8|ST18|SEMA3E|APC2|SPINT2|MAST1|N4BP3|CEND1|BEX1|GREM2|REEP1|C1orf35|SRRM4|LHX4|AHNAK2|GPRIN1|GPC2|MAP7D2|TSTD1,-2.3,MyList
DisGeNET,35,C1314691,Age at menarche,,-4.8,2.8,5.1,30230,267,896,22,2.5,0.52,705|2044|5126|6096|6660|6925|7799|9325|9705|9846|10150|11278|23373|51720|54901|55663|60676|114800|124565|140733|252983|285672,BYSL|EPHA5|PCSK2|RORB|SOX5|TCF4|PRDM2|TRIP4|ST18|GAB2|MBNL2|KLF12|CRTC1|UIMC1|CDKAL1|ZNF446|PAPPA2|CCDC85A|SLC38A10|MACROD2|STXBP4|SREK1IP1,-2.3,MyList
Transcription Factor Targets,16,M10704,NKX25 02,,-4.8,2.8,5.1,30230,267,896,22,2.5,0.52,2104|4052|4756|5076|5101|5116|5564|6002|6938|8496|8805|9547|9686|9734|9956|10150|11276|11278|79047|81706|91050|127733,ESRRG|LTBP1|NEO1|PAX2|PCDH9|PCNT|PRKAB1|RGS12|TCF12|PPFIBP1|TRIM24|CXCL14|VGLL4|HDAC9|HS3ST2|MBNL2|SYNRG|KLF12|KCTD15|PPP1R14C|CCDC149|UBXN10,-2.3,MyList
Transcription Factor Targets,16,M4468,FOXM1 01,,-4.7,2.9,5.1,30230,248,896,21,2.3,0.51,460|862|3660|4286|4685|4885|5101|6002|6522|6660|6792|6938|9734|9846|10489|57509|80271|85456|140890|143282|266727,ASTN1|RUNX1T1|IRF2|MITF|NCAM2|NPTX2|PCDH9|RGS12|SLC4A2|SOX5|CDKL5|TCF12|HDAC9|GAB2|LRRC41|MTUS1|ITPKC|TNKS1BP1|SREK1|FGFBP3|MDGA1,-2.3,MyList
Cell Type Signatures,7,M39017,FAN EMBRYONIC CTX BIG GROUPS CAJAL RETZIUS,,-4.7,2.2,4.8,30230,499,896,33,3.7,0.63,664|730|1026|2785|2861|4062|4324|4744|5218|7200|8165|10010|10653|22841|26471|51286|51308|57549|64084|64388|65009|66004|81849|83546|83648|114800|152206|158038|256714|375449|388722|654790|100131187,BNIP3|C7|CDKN1A|GNG3|GPR37|LY6H|MMP15|NEFH|CDK14|TRH|AKAP1|TANK|SPINT2|RAB11FIP2|NUPR1|CEND1|REEP2|IGSF9|CLSTN2|GREM2|NDRG4|LYNX1|ST6GALNAC5|RTBDN|FAM167A|CCDC85A|CCDC13|LINGO2|MAP7D2|MAST4|C1orf53|PCP4L1|TSTD1,-2.3,MyList
Transcription Factor Targets,16,M40846,PRDM4 TARGET GENES,,-4.7,2.3,4.9,30230,455,896,31,3.5,0.61,705|2122|2619|2737|4300|5782|6091|6666|7227|7703|8425|8553|10082|10602|23635|27086|55225|55975|56987|57509|57608|58515|60672|80254|81565|81628|84327|84629|114908|126526|152485,BYSL|MECOM|GAS1|GLI3|MLLT3|PTPN12|ROBO1|SOX12|TRPS1|PCGF2|LTBP4|BHLHE40|GPC6|CDC42EP3|SSBP2|FOXP1|RAVER2|KLHL7|BBX|MTUS1|JCAD|SELENOK|MIIP|CEP63|NDEL1|TSC22D4|ZBED3|TNRC18|TMEM123|C19orf47|ZNF827,-2.3,MyList
Transcription Factor Targets,16,M12240,NFKB C,,-4.7,2.8,5.1,30230,268,896,22,2.5,0.52,972|2869|3383|4335|4793|5126|6281|6660|7030|8553|9607|9972|10318|23368|55815|64129|65056|81558|83987|84441|93643|404093,CD74|GRK5|ICAM1|MNT|NFKBIB|PCSK2|S100A10|SOX5|TFE3|BHLHE40|CARTPT|NUP153|TNIP1|PPP1R13B|TSNAXIP1|TINAGL1|GPBP1|FAM117A|CCDC8|MAML2|TJAP1|CUEDC1,-2.3,MyList
Transcription Factor Targets,16,M11022,MAZ Q6,,-4.7,3.1,5.2,30230,193,896,18,2,0.47,460|607|1163|2147|2869|6464|6764|6934|7136|11155|23208|26099|51322|54507|56998|89884|200186|219654,ASTN1|BCL9|CKS1B|F2|GRK5|SHC1|DENND2B|TCF7L2|TNNI2|LDB3|SYT11|SZRD1|WAC|ADAMTSL4|CTNNBIP1|LHX4|CRTC2|ZCCHC24,-2.3,MyList
Cell Type Signatures,7,M39321,CUI DEVELOPING HEART VASCULAR ENDOTHELIAL CELL,,-4.7,3.1,5.2,30230,193,896,18,2,0.47,715|1946|1953|2122|3383|8425|8553|10602|51599|54751|57509|57630|80310|85456|113146|119587|140606|145864,C1R|EFNA5|MEGF6|MECOM|ICAM1|LTBP4|BHLHE40|CDC42EP3|LSR|FBLIM1|MTUS1|SH3RF1|PDGFD|TNKS1BP1|AHNAK2|CPXM2|SELENOM|HAPLN3,-2.3,MyList
Transcription Factor Targets,16,M2120,RP58 01,,-4.7,3,5.2,30230,212,896,19,2.1,0.48,1307|3082|3479|4052|4634|4900|5118|6281|6938|7092|7136|7145|9500|10150|25987|27086|85456|89796|127435,COL16A1|HGF|IGF1|LTBP1|MYL3|NRGN|PCOLCE|S100A10|TCF12|TLL1|TNNI2|TNS1|MAGED1|MBNL2|TSKU|FOXP1|TNKS1BP1|NAV1|PODN,-2.3,MyList
Transcription Factor Targets,16,M14782,VDR Q3,,-4.7,2.9,5.1,30230,232,896,20,2.2,0.49,1949|2122|2869|4900|5099|6909|7227|8553|9547|10524|22864|23054|25978|30011|57468|57513|57649|79006|79365|146542,EFNB3|MECOM|GRK5|NRGN|PCDH7|TBX2|TRPS1|BHLHE40|CXCL14|KAT5|R3HDM2|NCOA6|CHMP2B|SH3KBP1|SLC12A5|CASKIN2|PHF12|METRN|BHLHE41|ZNF688,-2.3,MyList
Cell Type Signatures,7,M39224,LAKE ADULT KIDNEY C5 PROXIMAL TUBULE EPITHELIAL CELLS STRESS INFLAM,,-4.6,2.3,4.8,30230,417,896,29,3.2,0.59,173|665|1039|4311|4324|4810|5076|5125|6092|7145|7456|9611|10133|23051|23112|29855|29911|55906|57670|57690|60676|65980|79058|79848|83636|85379|91050|140733|140890,AFM|BNIP3L|CDR2|MME|MMP15|NHS|PAX2|PCSK5|ROBO2|TNS1|WIPF1|NCOR1|OPTN|ZHX3|TNRC6B|UBN1|HOOK2|ZC4H2|KIAA1549|TNRC6C|PAPPA2|BRD9|ASPSCR1|CSPP1|C19orf12|KIAA1671|CCDC149|MACROD2|SREK1,-2.2,MyList
Transcription Factor Targets,16,M14466,MYB Q3,,-4.6,2.8,5,30230,253,896,21,2.3,0.51,862|1113|2104|2785|2869|3400|4052|4717|4848|4900|5101|6239|6660|11278|23635|27086|55139|81565|84969|126526|348980,RUNX1T1|CHGA|ESRRG|GNG3|GRK5|ID4|LTBP1|NDUFC1|CNOT2|NRGN|PCDH9|RREB1|SOX5|KLF12|SSBP2|FOXP1|ANKZF1|NDEL1|TOX2|C19orf47|HCN1,-2.2,MyList
Transcription Factor Targets,16,M560,CP2 02,,-4.6,2.8,5,30230,253,896,21,2.3,0.51,1824|2719|4052|4335|4810|5076|5218|6461|6909|7286|10524|10602|10749|64285|79047|84080|84872|127435|140733|148113|100131755,DSC2|GPC3|LTBP1|MNT|NHS|PAX2|CDK14|SHB|TBX2|TUFT1|KAT5|CDC42EP3|KIF1C|RHBDF1|KCTD15|ENKD1|ZC3H10|PODN|MACROD2|CILP2|ARMCX4,-2.2,MyList
Transcription Factor Targets,16,M8368,WCAANNNYCAG UNKNOWN,,-4.6,2.8,5,30230,254,896,21,2.3,0.51,770|5546|6522|6792|7554|9854|10849|23239|23301|25876|27291|50485|55906|57506|57575|57649|79005|84080|116224|124790|388695,CA11|PRCC|SLC4A2|CDKL5|ZNF8|C2CD2L|POLR1G|PHLPP1|EHBP1|SPEF1|R3HCC1L|SMARCAL1|ZC4H2|MAVS|PCDH10|PHF12|SCNM1|ENKD1|PABIR1|HEXIM2|LYSMD1,-2.2,MyList
Transcription Factor Targets,16,M13584,HP1SITEFACTOR Q6,,-4.6,2.9,5,30230,235,896,20,2.2,0.49,2104|2122|2719|3479|4211|6792|6909|9611|9734|10150|22807|51070|55105|56998|59269|64219|79365|85456|127733|152485,ESRRG|MECOM|GPC3|IGF1|MEIS1|CDKL5|TBX2|NCOR1|HDAC9|MBNL2|IKZF2|NOSIP|GPATCH2|CTNNBIP1|HIVEP3|PJA1|BHLHE41|TNKS1BP1|UBXN10|ZNF827,-2.2,MyList
Cell Type Signatures,7,M39061,MANNO MIDBRAIN NEUROTYPES HPROGFPM,,-4.6,2.5,4.9,30230,356,896,26,2.9,0.56,595|1163|1164|1265|1824|2077|3667|4052|4288|4300|4501|5806|5978|6383|6938|10150|10413|23138|26586|27324|27338|54908|55872|57619|83987|114908,CCND1|CKS1B|CKS2|CNN2|DSC2|ERF|IRS1|LTBP1|MKI67|MLLT3|MT1X|PTX3|REST|SDC2|TCF12|MBNL2|YAP1|N4BP3|CKAP2|TOX3|UBE2S|SPDL1|PBK|SHROOM3|CCDC8|TMEM123,-2.2,MyList
DisGeNET,35,C0017654,Glomerular Filtration Rate,,-4.6,2.4,4.8,30230,399,896,28,3.1,0.58,735|868|2122|3083|4300|4703|4772|6002|6239|6660|6792|6909|7059|7092|7942|8897|9846|22864|23054|23373|27125|27297|29079|55833|57591|57619|84138|140733,C9|CBLB|MECOM|HGFAC|MLLT3|NEB|NFATC1|RGS12|RREB1|SOX5|CDKL5|TBX2|THBS3|TLL1|TFEB|MTMR3|GAB2|R3HDM2|NCOA6|CRTC1|AFF4|CRCP|MED4|UBAP2|MRTFA|SHROOM3|SLC7A6OS|MACROD2,-2.2,MyList
DisGeNET,35,C0240379,Open mouth (finding),,-4.6,4.2,5.5,30230,96,896,12,1.3,0.38,5980|6660|6925|6942|8220|9326|27086|51244|54487|54806|65062|284058,REV3L|SOX5|TCF4|TCF20|ESS2|ZNHIT3|FOXP1|CCDC174|DGCR8|AHI1|TMEM237|KANSL1,-2.2,MyList
Transcription Factor Targets,16,M8101,NGFIC 01,,-4.6,2.8,5,30230,255,896,21,2.3,0.51,770|1636|2077|4216|4335|4900|5126|6457|6909|7087|8553|9734|11143|23301|30011|51274|64219|116224|129685|152485|200186,CA11|ACE|ERF|MAP3K4|MNT|NRGN|PCSK2|SH3GL3|TBX2|ICAM5|BHLHE40|HDAC9|KAT7|EHBP1|SH3KBP1|KLF3|PJA1|PABIR1|TAF8|ZNF827|CRTC2,-2.2,MyList
Transcription Factor Targets,16,M9937,RSRFC4 Q2,,-4.6,3,5,30230,217,896,19,2.1,0.48,664|1501|3667|4286|4634|4734|5101|6660|6769|7227|9607|9734|10150|10602|51564|57150|81558|131377|283149,BNIP3|CTNND2|IRS1|MITF|MYL3|NEDD4|PCDH9|SOX5|STAC|TRPS1|CARTPT|HDAC9|MBNL2|CDC42EP3|HDAC7|SMIM8|FAM117A|KLHL40|BCL9L,-2.2,MyList
Transcription Factor Targets,16,M2463,MTF1 Q4,,-4.5,2.8,5,30230,256,896,21,2.3,0.51,361|607|1946|2122|2824|4335|5099|9854|10082|10362|11129|23239|25792|51564|55859|57575|84631|84988|89884|90187|146059,AQP4|BCL9|EFNA5|MECOM|GPM6B|MNT|PCDH7|C2CD2L|GPC6|HMG20B|CLASRP|PHLPP1|CIZ1|HDAC7|BEX1|PCDH10|SLITRK2|PPP1R16A|LHX4|EMILIN3|CDAN1,-2.2,MyList
Transcription Factor Targets,16,M12520,SOX9 B1,,-4.5,2.8,5,30230,238,896,20,2.2,0.49,320|2869|4155|4211|4661|4756|5782|6239|6660|7136|9139|9734|10018|22983|23301|23767|51132|51274|89796|116224,APBA1|GRK5|MBP|MEIS1|MYT1|NEO1|PTPN12|RREB1|SOX5|TNNI2|CBFA2T2|HDAC9|BCL2L11|MAST1|EHBP1|FLRT3|RLIM|KLF3|NAV1|PABIR1,-2.1,MyList
Transcription Factor Targets,16,M13849,TGACATY UNKNOWN,,-4.5,2,4.6,30230,676,896,40,4.5,0.69,320|862|1501|1824|2785|3321|3479|3489|4052|4211|4286|4300|4335|4661|4772|5126|6096|6482|6764|7456|8496|9139|9846|10529|10602|23767|30850|51562|54462|55122|59269|64111|64375|79848|80271|84070|84337|160760|253827|100131755,APBA1|RUNX1T1|CTNND2|DSC2|GNG3|IGSF3|IGF1|IGFBP6|LTBP1|MEIS1|MITF|MLLT3|MNT|MYT1|NFATC1|PCSK2|RORB|ST3GAL1|DENND2B|WIPF1|PPFIBP1|CBFA2T2|GAB2|NEBL|CDC42EP3|FLRT3|CDR2L|MBIP|CCSER2|AKIRIN2|HIVEP3|NPVF|IKZF4|CSPP1|ITPKC|FAM186B|ELOF1|PPTC7|MSRB3|ARMCX4,-2.1,MyList
Transcription Factor Targets,16,M1903,SMAD Q6,,-4.5,2.7,4.9,30230,258,896,21,2.3,0.51,550|1163|1454|3263|4052|4854|4900|5662|6464|6522|7044|9705|23208|25876|30011|57649|57804|64129|122060|127733|152485,AUP1|CKS1B|CSNK1E|HPX|LTBP1|NOTCH3|NRGN|PSD|SHC1|SLC4A2|LEFTY2|ST18|SYT11|SPEF1|SH3KBP1|PHF12|POLD4|TINAGL1|SLAIN1|UBXN10|ZNF827,-2.1,MyList
Transcription Factor Targets,16,M15616,RGAGGAARY PU1 Q6,,-4.5,2.2,4.6,30230,515,896,33,3.7,0.63,1949|5101|5125|5978|6002|6281|6660|6938|7030|7092|7903|8751|9289|9500|9686|10501|11276|22807|27153|51132|57575|57630|57804|65980|79884|81706|83786|89796|114990|219738|255743|256643|404093,EFNB3|PCDH9|PCSK5|REST|RGS12|S100A10|SOX5|TCF12|TFE3|TLL1|ST8SIA4|ADAM15|ADGRG1|MAGED1|VGLL4|SEMA6B|SYNRG|IKZF2|ZNF777|RLIM|PCDH10|SH3RF1|POLD4|BRD9|MAP9|PPP1R14C|FRMD8|NAV1|VASN|FAM241B|NPNT|BCLAF3|CUEDC1,-2.1,MyList
Transcription Factor Targets,16,M7093,GATAAGR GATA C,,-4.5,2.6,4.8,30230,299,896,23,2.6,0.53,862|1997|2039|2122|3667|4286|4300|4661|5076|5218|6091|6660|7227|9843|10529|10602|11030|23051|23767|54462|57724|151887|340719,RUNX1T1|ELF1|DMTN|MECOM|IRS1|MITF|MLLT3|MYT1|PAX2|CDK14|ROBO1|SOX5|TRPS1|HEPH|NEBL|CDC42EP3|RBPMS|ZHX3|FLRT3|CCSER2|EPG5|CCDC80|NANOS1,-2.1,MyList
DisGeNET,35,C0018818,Ventricular Septal Defects,,-4.5,2.3,4.7,30230,426,896,29,3.2,0.59,2719|2737|2961|3479|4772|4854|5076|5125|6091|6239|6628|6792|6909|7044|7319|7424|7737|8220|8772|9723|10082|10413|51244|54487|54539|54806|56006|136647|284058,GPC3|GLI3|GTF2E2|IGF1|NFATC1|NOTCH3|PAX2|PCSK5|ROBO1|RREB1|SNRPB|CDKL5|TBX2|LEFTY2|UBE2A|VEGFC|RNF113A|ESS2|FADD|SEMA3E|GPC6|YAP1|CCDC174|DGCR8|NDUFB11|AHI1|SMG9|MPLKIP|KANSL1,-2.1,MyList
DisGeNET,35,C0002793,Anaplasia,,-4.5,2.1,4.6,30230,538,896,34,3.8,0.64,595|607|1028|1311|1634|2158|3082|3383|3400|3479|3667|4267|4286|4288|4311|4854|5076|6660|6692|6696|6934|7270|7942|8751|8861|10220|10413|10631|25937|54507|84444|84939|283149|400566,CCND1|BCL9|CDKN1C|COMP|DCN|F9|HGF|ICAM1|ID4|IGF1|IRS1|CD99|MITF|MKI67|MME|NOTCH3|PAX2|SOX5|SPINT1|SPP1|TCF7L2|TTF1|TFEB|ADAM15|LDB1|GDF11|YAP1|POSTN|WWTR1|ADAMTSL4|DOT1L|PWWP3A|BCL9L|LIAT1,-2.1,MyList
Transcription Factor Targets,16,M9431,AP1 Q6,,-4.5,2.7,4.9,30230,259,896,21,2.3,0.51,1026|1634|4744|5101|5218|6777|6938|7030|7092|9705|9846|9854|9956|25987|57094|57549|64129|80271|84254|84335|131377,CDKN1A|DCN|NEFH|PCDH9|CDK14|STAT5B|TCF12|TFE3|TLL1|ST18|GAB2|C2CD2L|HS3ST2|TSKU|CPA6|IGSF9|TINAGL1|ITPKC|CAMKK1|AKT1S1|KLHL40,-2.1,MyList
Transcription Factor Targets,16,M29950,DYRK1A TARGET GENES,,-4.5,1.9,4.5,30230,774,896,44,4.9,0.72,595|904|2049|6925|7322|7739|8165|8766|9857|11215|26009|26037|51720|54906|54908|55957|56181|57017|57179|57337|57496|57620|57649|63906|63943|64857|65056|65124|79777|80303|81572|83640|84285|84331|84335|84946|112574|124045|129138|144108|159195|221477|252983|257397,CCND1|CCNT1|EPHB3|TCF4|UBE2D2|ZNF185|AKAP1|RAB11A|CEP350|AKAP11|ZZZ3|SIPA1L1|UIMC1|TASOR2|SPDL1|LIN37|MTFR1L|COQ9|KIAA1191|SENP7|MRTFB|STIM2|PHF12|GPATCH3|FKBPL|PLEKHG2|GPBP1|SOWAHC|ACBD4|EFHD1|PDRG1|RAMAC|EIF1AD|MCRIP2|AKT1S1|LTV1|SNX18|SPATA33|ANKRD54|SPTY2D1|USP54|C6orf89|STXBP4|TAB3,-2.1,MyList
Transcription Factor Targets,16,M30300,ZNF329 TARGET GENES,,-4.5,2.1,4.6,30230,585,896,36,4,0.66,607|5662|6628|7060|9325|9611|10318|10413|25959|51728|54507|55095|55872|57035|57109|57117|57150|57696|79155|79778|80789|83892|84285|84939|85395|126374|126526|134637|146542|153443|252983|284615|285672|339287|387032|728568,BCL9|PSD|SNRPB|THBS4|TRIP4|NCOR1|TNIP1|YAP1|KANK2|POLR3K|ADAMTSL4|SAMD4B|PBK|RSRP1|REXO4|INTS12|SMIM8|DDX55|TNIP2|MICALL2|INTS5|KCTD10|EIF1AD|PWWP3A|SLX9|WTIP|C19orf47|ADAT2|ZNF688|SRFBP1|STXBP4|ANKRD34A|SREK1IP1|MSL1|ZKSCAN4|UQCC6,-2.1,MyList
Cell Type Signatures,7,M39232,LAKE ADULT KIDNEY C13 THICK ASCENDING LIMB,,-4.4,3.6,5.2,30230,131,896,14,1.6,0.41,1946|2104|2122|4810|5101|11278|23051|23635|54532|55553|84441|140733|252983|284058,EFNA5|ESRRG|MECOM|NHS|PCDH9|KLF12|ZHX3|SSBP2|USP53|SOX6|MAML2|MACROD2|STXBP4|KANSL1,-2.1,MyList
Transcription Factor Targets,16,M3651,PBX1 01,,-4.4,2.7,4.9,30230,260,896,21,2.3,0.51,595|629|741|4052|4286|4661|5099|6777|9607|9734|10379|55553|57575|79047|81558|84530|84631|90378|114990|140890|340719,CCND1|CFB|ZNHIT2|LTBP1|MITF|MYT1|PCDH7|STAT5B|CARTPT|HDAC9|IRF9|SOX6|PCDH10|KCTD15|FAM117A|SRRM4|SLITRK2|SAMD1|VASN|SREK1|NANOS1,-2.1,MyList
DisGeNET,35,C1849367,Nasal bridge wide,,-4.4,2.3,4.7,30230,429,896,29,3.2,0.59,71|1501|1947|2067|2073|2719|2737|4286|4750|5116|5148|6239|6660|6925|7136|7227|8425|10082|27086|51132|51322|54539|54806|55975|56006|57670|84140|114928|768206,ACTG1|CTNND2|EFNB1|ERCC1|ERCC5|GPC3|GLI3|MITF|NEK1|PCNT|PDE6G|RREB1|SOX5|TCF4|TNNI2|TRPS1|LTBP4|GPC6|FOXP1|RLIM|WAC|NDUFB11|AHI1|KLHL7|SMG9|KIAA1549|FAM161A|GPRASP2|PRCD,-2.1,MyList
Transcription Factor Targets,16,M4815,WTTGKCTG UNKNOWN,,-4.4,2.1,4.6,30230,519,896,33,3.7,0.63,862|972|1026|3400|4052|4211|4335|4661|4854|5076|5098|5116|6792|6925|8165|9530|9734|9843|10010|10101|10297|25921|25960|27086|50487|54820|55122|55815|58515|64320|140733|151887|220296,RUNX1T1|CD74|CDKN1A|ID4|LTBP1|MEIS1|MNT|MYT1|NOTCH3|PAX2|PCDHGC3|PCNT|CDKL5|TCF4|AKAP1|BAG4|HDAC9|HEPH|TANK|NUBP2|APC2|ZDHHC5|ADGRA2|FOXP1|PLA2G3|NDE1|AKIRIN2|TSNAXIP1|SELENOK|RNF25|MACROD2|CCDC80|HEPACAM,-2.1,MyList
Transcription Factor Targets,16,M16417,FOXO4 02,,-4.4,2.7,4.8,30230,263,896,21,2.3,0.51,605|862|1028|1389|4734|6457|8861|11278|22807|23239|54510|54714|64375|80310|84335|140890|152485|153222|200186|256643|266727,BCL7A|RUNX1T1|CDKN1C|CREBL2|NEDD4|SH3GL3|LDB1|KLF12|IKZF2|PHLPP1|PCDH18|CNGB3|IKZF4|PDGFD|AKT1S1|SREK1|ZNF827|CREBRF|CRTC2|BCLAF3|MDGA1,-2,MyList
Transcription Factor Targets,16,M17588,RFX1 01,,-4.4,2.7,4.8,30230,263,896,21,2.3,0.51,1489|1949|2122|3297|3479|4739|4900|6457|6938|9500|9734|53826|55596|57555|64320|79884|81555|83648|84080|119392|127733,CTF1|EFNB3|MECOM|HSF1|IGF1|NEDD9|NRGN|SH3GL3|TCF12|MAGED1|HDAC9|FXYD6|ZCCHC8|NLGN2|RNF25|MAP9|YIPF5|FAM167A|ENKD1|SFR1|UBXN10,-2,MyList
Transcription Factor Targets,16,M8826,FAC1 01,,-4.4,2.9,4.9,30230,224,896,19,2.1,0.48,1947|2791|3400|3479|4335|6091|6660|6934|7802|8897|9734|22807|27086|51132|54462|64111|81558|90861|140890,EFNB1|GNG11|ID4|IGF1|MNT|ROBO1|SOX5|TCF7L2|DNALI1|MTMR3|HDAC9|IKZF2|FOXP1|RLIM|CCSER2|NPVF|FAM117A|JPT2|SREK1,-2,MyList
Cell Type Signatures,7,M40251,DESCARTES FETAL MUSCLE SCHWANN CELLS,,-4.3,3.7,5.2,30230,117,896,13,1.5,0.4,2044|5126|22997|23767|56776|57348|57664|63827|79006|84612|84631|119587|151242,EPHA5|PCSK2|IGSF9B|FLRT3|FMN2|TTYH1|PLEKHA4|BCAN|METRN|PARD6B|SLITRK2|CPXM2|PPP1R1C,-2,MyList
DisGeNET,35,C0040420,Tonometry,,-4.3,2.9,4.9,30230,206,896,18,2,0.47,858|2122|2147|4052|4734|5125|6925|6934|7060|7145|7802|9846|26146|56265|56977|57512|59269|136227,CAV2|MECOM|F2|LTBP1|NEDD4|PCSK5|TCF4|TCF7L2|THBS4|TNS1|DNALI1|GAB2|TRAF3IP1|CPXM1|STOX2|GPR158|HIVEP3|COL26A1,-2,MyList
Transcription Factor Targets,16,M17342,YGCGYRCGC UNKNOWN,,-4.3,2.5,4.7,30230,326,896,24,2.7,0.54,607|862|1164|4335|4900|5116|5662|6489|6666|8897|9854|10653|22986|26009|27338|29903|51322|57468|84248|84530|162427|257415|284018|284996,BCL9|RUNX1T1|CKS2|MNT|NRGN|PCNT|PSD|ST8SIA1|SOX12|MTMR3|C2CD2L|SPINT2|SORCS3|ZZZ3|UBE2S|CCDC106|WAC|SLC12A5|FYTTD1|SRRM4|RETREG3|FAM133B|C17orf58|RNF149,-2,MyList
Transcription Factor Targets,16,M19088,TST1 01,,-4.3,2.7,4.8,30230,265,896,21,2.3,0.51,2049|2104|3489|4300|5076|5218|9478|9843|10602|10749|23767|26037|54510|54785|57348|79047|79365|81558|84631|90861|122060,EPHB3|ESRRG|IGFBP6|MLLT3|PAX2|CDK14|CABP1|HEPH|CDC42EP3|KIF1C|FLRT3|SIPA1L1|PCDH18|BORCS6|TTYH1|KCTD15|BHLHE41|FAM117A|SLITRK2|JPT2|SLAIN1,-2,MyList
DisGeNET,35,C0423813,Splits in nails (finding),,-4.3,17,7.8,30230,8,896,4,0.45,0.22,1947|2961|7737|136647,EFNB1|GTF2E2|RNF113A|MPLKIP,-2,MyList
DisGeNET,35,C0263530,Longitudinal split nail,,-4.3,17,7.8,30230,8,896,4,0.45,0.22,1947|2961|7737|136647,EFNB1|GTF2E2|RNF113A|MPLKIP,-2,MyList
Transcription Factor Targets,16,M15389,PTF1BETA Q6,,-4.3,2.7,4.8,30230,246,896,20,2.2,0.49,320|822|1454|2122|2785|3489|5098|5099|5978|6091|9500|9705|10082|79047|79155|80271|84260|84530|140733|153222,APBA1|CAPG|CSNK1E|MECOM|GNG3|IGFBP6|PCDHGC3|PCDH7|REST|ROBO1|MAGED1|ST18|GPC6|KCTD15|TNIP2|ITPKC|TCHP|SRRM4|MACROD2|CREBRF,-2,MyList
Transcription Factor Targets,16,M19390,TAL1BETAITF2 01,,-4.3,2.7,4.8,30230,266,896,21,2.3,0.51,862|4052|4703|6660|6666|6938|10150|22807|25987|27086|30011|59269|79035|79047|81849|93643|94137|124790|127733|140606|284018,RUNX1T1|LTBP1|NEB|SOX5|SOX12|TCF12|MBNL2|IKZF2|TSKU|FOXP1|SH3KBP1|HIVEP3|NABP2|KCTD15|ST6GALNAC5|TJAP1|RP1L1|HEXIM2|UBXN10|SELENOM|C17orf58,-2,MyList
TRRUST,34,TRR01175,Regulated by: RUNX3,,-4.3,6.9,6.1,30230,34,896,7,0.78,0.29,595|1026|3621|6925|6934|8772|150383,CCND1|CDKN1A|ING1|TCF4|TCF7L2|FADD|CDPF1,-2,MyList
Cell Type Signatures,7,M40199,DESCARTES FETAL HEART STROMAL CELLS,,-4.3,6.9,6.1,30230,34,896,7,0.78,0.29,1634|2719|4060|4885|5118|90187|94031,DCN|GPC3|LUM|NPTX2|PCOLCE|EMILIN3|HTRA3,-2,MyList
DisGeNET,35,C0017606,Primary angle-closure glaucoma,,-4.3,4.3,5.3,30230,87,896,11,1.2,0.37,862|1634|2147|3082|4653|4703|6696|9705|10133|129804|646960,RUNX1T1|DCN|F2|HGF|MYOC|NEB|SPP1|ST18|OPTN|FBLN7|PRSS56,-2,MyList
Transcription Factor Targets,16,M8474,CEBPDELTA Q6,,-4.3,2.7,4.8,30230,247,896,20,2.2,0.49,629|1636|4286|4734|4756|5126|5606|7030|9388|10150|11056|22807|23208|27086|80789|83451|85456|93380|126299|220296,CFB|ACE|MITF|NEDD4|NEO1|PCSK2|MAP2K3|TFE3|LIPG|MBNL2|DDX52|IKZF2|SYT11|FOXP1|INTS5|ABHD11|TNKS1BP1|MMGT1|ZNF428|HEPACAM,-2,MyList
DisGeNET,35,C3665593,Melanocytic nevus of skin,,-4.3,3.9,5.2,30230,103,896,12,1.3,0.38,595|1026|1163|3133|3383|4286|4288|6239|9846|10848|29108|56998,CCND1|CDKN1A|CKS1B|HLA-E|ICAM1|MITF|MKI67|RREB1|GAB2|PPP1R13L|PYCARD|CTNNBIP1,-2,MyList
Transcription Factor Targets,16,M11512,FOXO1 01,,-4.2,2.7,4.8,30230,248,896,20,2.2,0.49,595|1028|1979|2049|2104|3014|4286|6457|9139|11278|22807|57715|64111|84335|112950|131377|140890|147339|153222|200186,CCND1|CDKN1C|EIF4EBP2|EPHB3|ESRRG|H2AX|MITF|SH3GL3|CBFA2T2|KLF12|IKZF2|SEMA4G|NPVF|AKT1S1|MED8|KLHL40|SREK1|ARK2N|CREBRF|CRTC2,-2,MyList
Transcription Factor Targets,16,M30352,ZNF563 TARGET GENES,,-4.2,2,4.4,30230,646,896,38,4.2,0.67,2067|3622|4062|4335|6792|8425|8553|8660|9113|9498|9686|9804|10067|27245|51599|51720|54806|55028|55225|55643|56998|57648|57670|57696|65009|79006|79058|80817|83692|116840|152485|200186|254102|255743|285368|340527|340719|100507290,ERCC1|ING2|LY6H|MNT|CDKL5|LTBP4|BHLHE40|IRS2|LATS1|SLC4A8|VGLL4|TOMM20|SCAMP3|AHDC1|LSR|UIMC1|AHI1|MTNAP1|RAVER2|BTBD2|CTNNBIP1|NHSL3|KIAA1549|DDX55|NDRG4|METRN|ASPSCR1|CEP44|CD99L2|CNTROB|ZNF827|CRTC2|EHBP1L1|NPNT|PRRT3|NHSL2|NANOS1|ZNF865,-2,MyList
Cell Type Signatures,7,M41710,FAN OVARY CL8 MATURE CUMULUS GRANULOSA CELL 2,,-4.2,2,4.4,30230,646,896,38,4.2,0.67,166|1163|1164|2002|2067|4267|4501|4717|6281|8270|8553|9500|10413|10653|10848|26586|29108|51155|54539|55111|55859|58527|65124|79004|80097|84285|84298|90843|112574|114908|126299|140597|388588|400916|401466|644150|653784|100131187,TLE5|CKS1B|CKS2|ELK1|ERCC1|CD99|MT1X|NDUFC1|S100A10|LAGE3|BHLHE40|MAGED1|YAP1|SPINT2|PPP1R13L|CKAP2|PYCARD|JPT1|NDUFB11|PLEKHJ1|BEX1|ABRACL|SOWAHC|CUEDC2|MZT2B|EIF1AD|LLPH|TCEAL8|SNX18|TMEM123|ZNF428|TCEAL2|SMIM1|CHCHD10|RBIS|WIPF3|MZT2A|TSTD1,-2,MyList
DisGeNET,35,C0001948,Alcohol consumption,,-4.2,2.9,4.8,30230,210,896,18,2,0.47,350|2104|2122|3083|4299|5125|7227|8658|22864|23051|23301|51129|54984|55553|57523|57608|94137|144108,APOH|ESRRG|MECOM|HGFAC|AFF1|PCSK5|TRPS1|TNKS|R3HDM2|ZHX3|EHBP1|ANGPTL4|PINX1|SOX6|NYNRIN|JCAD|RP1L1|SPTY2D1,-1.9,MyList
Cell Type Signatures,7,M39039,FAN EMBRYONIC CTX BRAIN ENDOTHELIAL 1,,-4.2,2.2,4.5,30230,440,896,29,3.2,0.59,858|1636|1953|2122|2687|2791|3487|4501|6281|6925|8496|8553|8694|8751|9411|11135|25937|51564|51599|57181|57608|64856|79778|85379|112464|145864|157695|253827|768211,CAV2|ACE|MEGF6|MECOM|GGT5|GNG11|IGFBP4|MT1X|S100A10|TCF4|PPFIBP1|BHLHE40|DGAT1|ADAM15|ARHGAP29|CDC42EP1|WWTR1|HDAC7|LSR|SLC39A10|JCAD|VWA1|MICALL2|KIAA1671|CAVIN3|HAPLN3|TDRP|MSRB3|RELL1,-1.9,MyList
Transcription Factor Targets,16,M19851,FOXO3 01,,-4.2,2.7,4.7,30230,251,896,20,2.2,0.49,460|605|1028|1389|4734|5218|6666|10150|11278|22807|23239|54510|55122|57630|64375|84335|131377|140890|153222|256643,ASTN1|BCL7A|CDKN1C|CREBL2|NEDD4|CDK14|SOX12|MBNL2|KLF12|IKZF2|PHLPP1|PCDH18|AKIRIN2|SH3RF1|IKZF4|AKT1S1|KLHL40|SREK1|CREBRF|BCLAF3,-1.9,MyList
Cell Type Signatures,7,M41691,TRAVAGLINI LUNG PLATELET MEGAKARYOCYTE CELL,,-4.2,2,4.4,30230,604,896,36,4,0.66,664|858|1026|2039|2162|2791|2869|3133|4052|4211|4900|5606|6001|7041|7145|7739|8766|10362|10398|10653|23420|23635|26469|51177|55122|56181|56890|57584|81628|84270|90355|124790|126006|157695|375757|100505573,BNIP3|CAV2|CDKN1A|DMTN|F13A1|GNG11|GRK5|HLA-E|LTBP1|MEIS1|NRGN|MAP2K3|RGS10|TGFB1I1|TNS1|ZNF185|RAB11A|HMG20B|MYL9|SPINT2|NOMO1|SSBP2|PTPN18|PLEKHO1|AKIRIN2|MTFR1L|SAXO6|ARHGAP21|TSC22D4|CARD19|MACIR|HEXIM2|PCP2|TDRP|SWI5|INAFM2,-1.9,MyList
DisGeNET,35,C1535926,Neurodevelopmental Disorders,,-4.2,2.1,4.4,30230,534,896,33,3.7,0.63,460|1948|1979|3383|4685|5662|6091|6096|6529|6660|6792|6925|6934|7030|8766|8926|10413|23112|27086|27245|51322|54751|54806|54820|56776|57094|57468|57479|57555|57724|59269|81565|140733,ASTN1|EFNB2|EIF4EBP2|ICAM1|NCAM2|PSD|ROBO1|RORB|SLC6A1|SOX5|CDKL5|TCF4|TCF7L2|TFE3|RAB11A|SNURF|YAP1|TNRC6B|FOXP1|AHDC1|WAC|FBLIM1|AHI1|NDE1|FMN2|CPA6|SLC12A5|PRR12|NLGN2|EPG5|HIVEP3|NDEL1|MACROD2,-1.9,MyList
DisGeNET,35,C0555198,Malignant Glioma,,-4.2,1.9,4.3,30230,724,896,41,4.6,0.7,361|575|595|664|858|1026|1028|1634|1979|2067|2147|3014|3082|3383|3479|3621|4052|4155|4288|4854|4885|5101|6091|6457|6696|6925|6934|8772|8805|9139|9547|10018|10413|11170|23368|25937|27338|29108|51129|55859|63827,AQP4|ADGRB1|CCND1|BNIP3|CAV2|CDKN1A|CDKN1C|DCN|EIF4EBP2|ERCC1|F2|H2AX|HGF|ICAM1|IGF1|ING1|LTBP1|MBP|MKI67|NOTCH3|NPTX2|PCDH9|ROBO1|SH3GL3|SPP1|TCF4|TCF7L2|FADD|TRIM24|CBFA2T2|CXCL14|BCL2L11|YAP1|FAM107A|PPP1R13B|WWTR1|UBE2S|PYCARD|ANGPTL4|BEX1|BCAN,-1.9,MyList
Transcription Factor Targets,16,M6830,CEBP Q2 01,,-4.2,2.6,4.6,30230,272,896,21,2.3,0.51,1028|1634|2077|2158|4286|4756|5098|5099|5606|6660|6906|6938|7030|9388|9759|11278|27086|59269|64111|126299|404093,CDKN1C|DCN|ERF|F9|MITF|NEO1|PCDHGC3|PCDH7|MAP2K3|SOX5|SERPINA7|TCF12|TFE3|LIPG|HDAC4|KLF12|FOXP1|HIVEP3|NPVF|ZNF428|CUEDC1,-1.9,MyList
DisGeNET,35,C0750974,"Brain Tumor, Primary",,-4.2,3.6,5,30230,122,896,13,1.5,0.4,595|3383|5806|6696|7270|7799|8553|8805|10133|10413|24147|57670|63827,CCND1|ICAM1|PTX3|SPP1|TTF1|PRDM2|BHLHE40|TRIM24|OPTN|YAP1|FJX1|KIAA1549|BCAN,-1.9,MyList
Transcription Factor Targets,16,M1643,FOX Q2,,-4.1,2.9,4.7,30230,213,896,18,2,0.47,862|1026|1979|2104|4286|4661|4756|6239|6934|10529|11278|51286|55033|57715|84631|114990|116224|147339,RUNX1T1|CDKN1A|EIF4EBP2|ESRRG|MITF|MYT1|NEO1|RREB1|TCF7L2|NEBL|KLF12|CEND1|FKBP14|SEMA4G|SLITRK2|VASN|PABIR1|ARK2N,-1.9,MyList
Cell Type Signatures,7,M39065,MANNO MIDBRAIN NEUROTYPES HRN,,-4.1,2.4,4.6,30230,335,896,24,2.7,0.54,333|862|1113|2104|2785|4661|5098|5101|5126|6092|10602|22986|23102|23506|59269|64388|79169|79870|84530|114787|150864|201191|221914|256714,APLP1|RUNX1T1|CHGA|ESRRG|GNG3|MYT1|PCDHGC3|PCDH9|PCSK2|ROBO2|CDC42EP3|SORCS3|TBC1D2B|BICRAL|HIVEP3|GREM2|C1orf35|BAALC|SRRM4|GPRIN1|FAM117B|SAMD14|GPC2|MAP7D2,-1.9,MyList
Transcription Factor Targets,16,M7213,OCT1 02,,-4.1,2.8,4.7,30230,214,896,18,2,0.47,862|1634|2104|2719|4052|4211|4885|5076|5126|5978|6925|7227|9547|9734|23239|27086|65056|126299,RUNX1T1|DCN|ESRRG|GPC3|LTBP1|MEIS1|NPTX2|PAX2|PCSK2|REST|TCF4|TRPS1|CXCL14|HDAC9|PHLPP1|FOXP1|GPBP1|ZNF428,-1.9,MyList
Cell Type Signatures,7,M39063,MANNO MIDBRAIN NEUROTYPES HNBM,,-4.1,2.5,4.6,30230,295,896,22,2.5,0.52,1953|2785|4661|5098|5126|6091|6660|9139|9289|9498|9705|10602|27324|51155|56776|64388|79169|84530|89796|126731|221914|266727,MEGF6|GNG3|MYT1|PCDHGC3|PCSK2|ROBO1|SOX5|CBFA2T2|ADGRG1|SLC4A8|ST18|CDC42EP3|TOX3|JPT1|FMN2|GREM2|C1orf35|SRRM4|NAV1|CCSAP|GPC2|MDGA1,-1.9,MyList
Cell Type Signatures,7,M39235,LAKE ADULT KIDNEY C16 COLLECTING SYSTEM PRINCIPAL CELLS CORTEX,,-4.1,3.3,4.9,30230,141,896,14,1.6,0.41,2122|4299|5980|7227|9760|11030|22871|25937|27324|54806|57630|64097|140733|401474,MECOM|AFF1|REV3L|TRPS1|TOX|RBPMS|NLGN1|WWTR1|TOX3|AHI1|SH3RF1|EPB41L4A|MACROD2|SAMD12,-1.8,MyList
Transcription Factor Targets,16,M6144,STAT5B 01,,-4.1,2.6,4.6,30230,255,896,20,2.2,0.49,320|550|607|730|2158|3383|3660|5118|5126|5606|5662|7456|10282|10379|11346|50487|80271|112752|114990|153222,APBA1|AUP1|BCL9|C7|F9|ICAM1|IRF2|PCOLCE|PCSK2|MAP2K3|PSD|WIPF1|BET1|IRF9|SYNPO|PLA2G3|ITPKC|IFT43|VASN|CREBRF,-1.8,MyList
Transcription Factor Targets,16,M29971,FOXG1 TARGET GENES,,-4.1,2,4.3,30230,587,896,35,3.9,0.65,705|770|2073|4155|4717|5980|6938|8766|9857|10010|10018|10489|23301|23635|50485|51599|54629|54806|55033|55095|55633|55663|55850|55957|57109|57181|80254|84335|84872|84909|136647|283899|284058|400793|728568,BYSL|CA11|ERCC5|MBP|NDUFC1|REV3L|TCF12|RAB11A|CEP350|TANK|BCL2L11|LRRC41|EHBP1|SSBP2|SMARCAL1|LSR|MINDY2|AHI1|FKBP14|SAMD4B|TBC1D22B|ZNF446|USE1|LIN37|REXO4|SLC39A10|CEP63|AKT1S1|ZC3H10|AOPEP|MPLKIP|INO80E|KANSL1|C1orf226|UQCC6,-1.8,MyList
DisGeNET,35,C1968565,Numerous pigmented freckles,,-4.1,15,7.3,30230,9,896,4,0.45,0.22,2073|2961|7737|136647,ERCC5|GTF2E2|RNF113A|MPLKIP,-1.8,MyList
Cell Type Signatures,7,M40135,DESCARTES MAIN FETAL IGFBP1 DKK1 POSITIVE CELLS,,-4.1,3,4.8,30230,178,896,16,1.8,0.44,1634|1636|2619|3487|3489|3621|4060|7044|8660|25987|56100|56265|56548|57804|114990|284297,DCN|ACE|GAS1|IGFBP4|IGFBP6|ING1|LUM|LEFTY2|IRS2|TSKU|PCDHGB6|CPXM1|CHST7|POLD4|VASN|SSC5D,-1.8,MyList
DisGeNET,35,C0205682,Waist-Hip Ratio,,-4,2,4.3,30230,565,896,34,3.8,0.64,595|2122|3680|4211|5125|6091|6239|6777|6934|7424|9326|10018|10082|10602|23051|23112|23331|23373|25771|29855|51308|54901|56181|56987|57584|57608|60676|84444|114990|158038|162427|196513|375449|404093,CCND1|MECOM|ITGA9|MEIS1|PCSK5|ROBO1|RREB1|STAT5B|TCF7L2|VEGFC|ZNHIT3|BCL2L11|GPC6|CDC42EP3|ZHX3|TNRC6B|TTC28|CRTC1|TBC1D22A|UBN1|REEP2|CDKAL1|MTFR1L|BBX|ARHGAP21|JCAD|PAPPA2|DOT1L|VASN|LINGO2|RETREG3|DCP1B|MAST4|CUEDC1,-1.8,MyList
DisGeNET,35,C1578482,Valgus deformities of feet,,-4,7.8,6,30230,26,896,6,0.67,0.27,2737|6925|9325|55033|65055|284058,GLI3|TCF4|TRIP4|FKBP14|REEP1|KANSL1,-1.8,MyList
Transcription Factor Targets,16,M30336,ZNF512B TARGET GENES,,-4,2.8,4.6,30230,218,896,18,2,0.47,605|2122|6383|7227|10082|10220|23635|55553|56987|57512|57664|57696|63877|81628|126526|219654|219738|257415,BCL7A|MECOM|SDC2|TRPS1|GPC6|GDF11|SSBP2|SOX6|BBX|GPR158|PLEKHA4|DDX55|FAM204A|TSC22D4|C19orf47|ZCCHC24|FAM241B|FAM133B,-1.8,MyList
TRRUST,34,TRR00859,Regulated by: NELFCD,,-4,25,8.5,30230,4,896,3,0.33,0.19,595|1026|150383,CCND1|CDKN1A|CDPF1,-1.8,MyList
Cell Type Signatures,7,M39111,AIZARANI LIVER C7 EPCAM POS BILE DUCT CELLS 2,,-4,2.8,4.6,30230,219,896,18,2,0.47,71|595|858|1028|1501|6692|6696|10653|10723|11030|11135|25937|54102|57619|57648|64285|84612|85456,ACTG1|CCND1|CAV2|CDKN1C|CTNND2|SPINT1|SPP1|SPINT2|SLC12A7|RBPMS|CDC42EP1|WWTR1|CLIC6|SHROOM3|NHSL3|RHBDF1|PARD6B|TNKS1BP1,-1.8,MyList
Transcription Factor Targets,16,M17883,STAT5A 01,,-4,2.6,4.5,30230,259,896,20,2.2,0.49,320|730|2158|3383|3622|3660|5118|5126|5606|5662|6489|7456|10282|10379|11346|64375|80271|112752|140890|153222,APBA1|C7|F9|ICAM1|ING2|IRF2|PCOLCE|PCSK2|MAP2K3|PSD|ST8SIA1|WIPF1|BET1|IRF9|SYNPO|IKZF4|ITPKC|IFT43|SREK1|CREBRF,-1.8,MyList
Transcription Factor Targets,16,M9329,SRY 02,,-4,2.6,4.5,30230,259,896,20,2.2,0.49,320|2104|4286|4300|6660|6925|8861|9139|10150|10602|22807|51274|55553|64111|84631|112950|140890|153222|266727|340719,APBA1|ESRRG|MITF|MLLT3|SOX5|TCF4|LDB1|CBFA2T2|MBNL2|CDC42EP3|IKZF2|KLF3|SOX6|NPVF|SLITRK2|MED8|SREK1|CREBRF|MDGA1|NANOS1,-1.8,MyList
DisGeNET,35,C0235833,Congenital diaphragmatic hernia,,-4,2.7,4.6,30230,239,896,19,2.1,0.48,1636|1947|1948|2719|2737|3955|4288|6696|6909|6925|6934|7227|9759|11117|25978|51070|54539|64219|84294,ACE|EFNB1|EFNB2|GPC3|GLI3|LFNG|MKI67|SPP1|TBX2|TCF4|TCF7L2|TRPS1|HDAC4|EMILIN1|CHMP2B|NOSIP|NDUFB11|PJA1|UTP23,-1.8,MyList
DisGeNET,35,C0017605,Angle Closure Glaucoma,,-4,3.9,5,30230,94,896,11,1.2,0.37,862|1634|2147|3082|4653|4703|6696|9705|10133|129804|646960,RUNX1T1|DCN|F2|HGF|MYOC|NEB|SPP1|ST18|OPTN|FBLN7|PRSS56,-1.8,MyList
Transcription Factor Targets,16,M4153,PXR Q2,,-4,2.6,4.5,30230,260,896,20,2.2,0.49,607|1163|3046|4211|4286|6239|6464|7145|8553|8751|9478|10150|22807|27125|55122|57348|79778|114990|127733|348980,BCL9|CKS1B|HBE1|MEIS1|MITF|RREB1|SHC1|TNS1|BHLHE40|ADAM15|CABP1|MBNL2|IKZF2|AFF4|AKIRIN2|TTYH1|MICALL2|VASN|UBXN10|HCN1,-1.8,MyList
Transcription Factor Targets,16,M12934,BRN2 01,,-4,2.7,4.5,30230,240,896,19,2.1,0.48,595|607|1501|2104|2122|4661|4685|6792|6925|7286|10150|11278|23767|54510|56890|56998|57109|57117|136332,CCND1|BCL9|CTNND2|ESRRG|MECOM|MYT1|NCAM2|CDKL5|TCF4|TUFT1|MBNL2|KLF12|FLRT3|PCDH18|SAXO6|CTNNBIP1|REXO4|INTS12|LRGUK,-1.7,MyList
Transcription Factor Targets,16,M3647,GR Q6 01,,-4,2.5,4.5,30230,281,896,21,2.3,0.51,320|361|605|819|862|1501|5076|5101|6239|9500|9854|10150|11117|22864|51274|56006|64375|79047|81558|284058|404093,APBA1|AQP4|BCL7A|CAMLG|RUNX1T1|CTNND2|PAX2|PCDH9|RREB1|MAGED1|C2CD2L|MBNL2|EMILIN1|R3HDM2|KLF3|SMG9|IKZF4|KCTD15|FAM117A|KANSL1|CUEDC1,-1.7,MyList
Cell Type Signatures,7,M39244,LAKE ADULT KIDNEY C25 ENDOTHELIAL CELLS UNASSIGNED,,-4,6.2,5.6,30230,38,896,7,0.78,0.29,1946|6925|6938|8496|27086|56977|64097,EFNA5|TCF4|TCF12|PPFIBP1|FOXP1|STOX2|EPB41L4A,-1.7,MyList
Transcription Factor Targets,16,M29979,GLI3 TARGET GENES,,-3.9,1.9,4.2,30230,741,896,41,4.6,0.7,705|2067|4739|6692|6880|6882|7286|8496|8766|9326|9611|9813|10078|10179|11215|22864|26099|26586|51070|51149|51271|54629|55033|57479|57620|57696|58515|79035|79140|79596|80012|80254|80303|90378|113263|114908|116224|146542|147965|219541|286262,BYSL|ERCC1|NEDD9|SPINT1|TAF9|TAF11|TUFT1|PPFIBP1|RAB11A|ZNHIT3|NCOR1|EFCAB14|TSSC4|RBM7|AKAP11|R3HDM2|SZRD1|CKAP2|NOSIP|MRNIP|UBAP1|MINDY2|FKBP14|PRR12|STIM2|DDX55|SELENOK|NABP2|CCDC28B|OBI1|PHC3|CEP63|EFHD1|SAMD1|GLCCI1|TMEM123|PABIR1|ZNF688|FAM98C|MED19|TPRN,-1.7,MyList
Cell Type Signatures,7,M41690,TRAVAGLINI LUNG BASOPHIL MAST 2 CELL,,-3.9,2.1,4.3,30230,502,896,31,3.5,0.61,665|819|822|1026|1997|2077|3383|4286|4291|4739|4772|4793|8553|9411|10010|10602|10653|27086|30011|54532|55589|56181|58515|65056|81550|81565|90355|112942|118472|140606|375449,BNIP3L|CAMLG|CAPG|CDKN1A|ELF1|ERF|ICAM1|MITF|MLF1|NEDD9|NFATC1|NFKBIB|BHLHE40|ARHGAP29|TANK|CDC42EP3|SPINT2|FOXP1|SH3KBP1|USP53|BMP2K|MTFR1L|SELENOK|GPBP1|TDRD3|NDEL1|MACIR|CFAP36|ZNF511|SELENOM|MAST4,-1.7,MyList
Transcription Factor Targets,16,M17378,AHR Q5,,-3.9,2.7,4.6,30230,221,896,18,2,0.47,4060|4211|4335|4900|5116|5662|5980|10653|22986|51322|79365|84444|84530|126299|152485|162427|283149|388272,LUM|MEIS1|MNT|NRGN|PCNT|PSD|REV3L|SPINT2|SORCS3|WAC|BHLHE41|DOT1L|SRRM4|ZNF428|ZNF827|RETREG3|BCL9L|C16orf87,-1.7,MyList
Transcription Factor Targets,16,M10416,WWTAAGGC UNKNOWN,,-3.9,3.2,4.7,30230,146,896,14,1.6,0.41,1265|3622|4211|6096|6522|6666|6777|6909|8553|9734|10398|56987|81706|84631,CNN2|ING2|MEIS1|RORB|SLC4A2|SOX12|STAT5B|TBX2|BHLHE40|HDAC9|MYL9|BBX|PPP1R14C|SLITRK2,-1.7,MyList
Cell Type Signatures,7,M40222,DESCARTES FETAL KIDNEY STROMAL CELLS,,-3.9,3.2,4.7,30230,146,896,14,1.6,0.41,715|1634|3479|3489|4060|4969|5806|10631|26471|54507|84631|94031|113146|127435,C1R|DCN|IGF1|IGFBP6|LUM|OGN|PTX3|POSTN|NUPR1|ADAMTSL4|SLITRK2|HTRA3|AHNAK2|PODN,-1.7,MyList
TRRUST,34,TRR01225,Regulated by: SIRT1,,-3.9,5.3,5.4,30230,51,896,8,0.89,0.31,595|1026|2104|3046|3297|3383|6464|150383,CCND1|CDKN1A|ESRRG|HBE1|HSF1|ICAM1|SHC1|CDPF1,-1.7,MyList
Transcription Factor Targets,16,M40815,ZBTB44 TARGET GENES,,-3.9,2.4,4.4,30230,325,896,23,2.6,0.53,1997|2073|2785|7942|9411|9686|26009|27125|51070|51308|55872|56776|57117|79004|79058|79169|81628|84248|115939|124790|126526|375449|404093,ELF1|ERCC5|GNG3|TFEB|ARHGAP29|VGLL4|ZZZ3|AFF4|NOSIP|REEP2|PBK|FMN2|INTS12|CUEDC2|ASPSCR1|C1orf35|TSC22D4|FYTTD1|TSR3|HEXIM2|C19orf47|MAST4|CUEDC1,-1.7,MyList
Cell Type Signatures,7,M39113,AIZARANI LIVER C9 LSECS 1,,-3.9,2.4,4.4,30230,304,896,22,2.5,0.52,665|1948|2791|3680|4299|6925|6934|7703|8496|8553|9411|10252|11170|25937|27125|51129|53826|58191|64129|83786|84969|140890,BNIP3L|EFNB2|GNG11|ITGA9|AFF1|TCF4|TCF7L2|PCGF2|PPFIBP1|BHLHE40|ARHGAP29|SPRY1|FAM107A|WWTR1|AFF4|ANGPTL4|FXYD6|CXCL16|TINAGL1|FRMD8|TOX2|SREK1,-1.7,MyList
Transcription Factor Targets,16,M19642,CDPCR1 01,,-3.9,3.4,4.8,30230,129,896,13,1.5,0.4,862|4211|6777|6934|7703|11143|22807|55122|57468|65062|79365|124790|152485,RUNX1T1|MEIS1|STAT5B|TCF7L2|PCGF2|KAT7|IKZF2|AKIRIN2|SLC12A5|TMEM237|BHLHE41|HEXIM2|ZNF827,-1.7,MyList
Transcription Factor Targets,16,M15675,CCCNNGGGAR OLF1 01,,-3.9,2.4,4.4,30230,326,896,23,2.6,0.53,320|862|2049|2122|2824|2869|3383|4756|5076|7059|7703|7903|9854|9956|10318|51271|57348|57620|83987|85456|114990|266727|283149,APBA1|RUNX1T1|EPHB3|MECOM|GPM6B|GRK5|ICAM1|NEO1|PAX2|THBS3|PCGF2|ST8SIA4|C2CD2L|HS3ST2|TNIP1|UBAP1|TTYH1|STIM2|CCDC8|TNKS1BP1|VASN|MDGA1|BCL9L,-1.7,MyList
DisGeNET,35,C1857949,Prominent metopic ridge,,-3.9,6.1,5.5,30230,39,896,7,0.78,0.29,71|1028|2067|2073|4854|55975|56006,ACTG1|CDKN1C|ERCC1|ERCC5|NOTCH3|KLHL7|SMG9,-1.7,MyList
Transcription Factor Targets,16,M14357,TATA C,,-3.9,2.5,4.4,30230,285,896,21,2.3,0.51,664|2104|2122|2869|3014|4052|4734|6281|6660|6925|22997|27086|59269|79004|79047|79159|84631|84872|90861|140890|143282,BNIP3|ESRRG|MECOM|GRK5|H2AX|LTBP1|NEDD4|S100A10|SOX5|TCF4|IGSF9B|FOXP1|HIVEP3|CUEDC2|KCTD15|NOL12|SLITRK2|ZC3H10|JPT2|SREK1|FGFBP3,-1.7,MyList
Transcription Factor Targets,16,M14066,IRF Q6,,-3.9,2.6,4.5,30230,244,896,19,2.1,0.48,595|862|3660|4300|4734|4772|5098|5099|6096|6934|8751|10379|22807|56987|57555|79035|84441|140890|219654,CCND1|RUNX1T1|IRF2|MLLT3|NEDD4|NFATC1|PCDHGC3|PCDH7|RORB|TCF7L2|ADAM15|IRF9|IKZF2|BBX|NLGN2|NABP2|MAML2|SREK1|ZCCHC24,-1.7,MyList
Transcription Factor Targets,16,M17779,PAX2 02,,-3.9,2.5,4.4,30230,265,896,20,2.2,0.49,595|862|2077|2104|2719|3479|4739|5099|6925|6934|6938|7319|9804|11170|23301|59269|64111|84441|90378|114990,CCND1|RUNX1T1|ERF|ESRRG|GPC3|IGF1|NEDD9|PCDH7|TCF4|TCF7L2|TCF12|UBE2A|TOMM20|FAM107A|EHBP1|HIVEP3|NPVF|MAML2|SAMD1|VASN,-1.7,MyList
TRRUST,34,TRR01421,Regulated by: TP63,,-3.9,9.4,6.2,30230,18,896,5,0.56,0.25,1026|6925|6934|8553|150383,CDKN1A|TCF4|TCF7L2|BHLHE40|CDPF1,-1.7,MyList
Cell Type Signatures,7,M39219,ZHENG CORD BLOOD C10 MULTILYMPHOID PROGENITOR,,-3.8,3.8,4.9,30230,97,896,11,1.2,0.37,71|972|4267|4299|4311|51199|51759|57035|57602|79870|84270,ACTG1|CD74|CD99|AFF1|MME|NIN|C9orf78|RSRP1|USP36|BAALC|CARD19,-1.7,MyList
Cell Type Signatures,7,M41662,TRAVAGLINI LUNG ARTERY CELL,,-3.8,3.3,4.7,30230,131,896,13,1.5,0.4,862|1948|2122|4052|5125|6387|8425|8751|10602|11170|54751|84969|112942,RUNX1T1|EFNB2|MECOM|LTBP1|PCSK5|CXCL12|LTBP4|ADAM15|CDC42EP3|FAM107A|FBLIM1|TOX2|CFAP36,-1.7,MyList
Transcription Factor Targets,16,M7165,ACTAYRNNNCCCR UNKNOWN,,-3.8,2.1,4.2,30230,463,896,29,3.2,0.59,770|1489|4286|4793|5546|7554|9811|9972|10067|10282|10849|23518|25876|27291|50485|55596|55663|55906|57649|63943|64897|84080|84901|91272|124790|129685|200186|283899|401474,CA11|CTF1|MITF|NFKBIB|PRCC|ZNF8|CTIF|NUP153|SCAMP3|BET1|POLR1G|R3HDM1|SPEF1|R3HCC1L|SMARCAL1|ZCCHC8|ZNF446|ZC4H2|PHF12|FKBPL|C12orf43|ENKD1|NFATC2IP|BOD1|HEXIM2|TAF8|CRTC2|INO80E|SAMD12,-1.7,MyList
Cell Type Signatures,7,M39254,MENON FETAL KIDNEY 4 PODOCYTES,,-3.8,2.8,4.5,30230,206,896,17,1.9,0.46,665|1028|1824|1948|4311|6092|6383|6387|9411|10398|10529|10653|11346|56265|56987|80760|255743,BNIP3L|CDKN1C|DSC2|EFNB2|MME|ROBO2|SDC2|CXCL12|ARHGAP29|MYL9|NEBL|SPINT2|SYNPO|CPXM1|BBX|ITIH5|NPNT,-1.7,MyList
Transcription Factor Targets,16,M15429,HNF1 01,,-3.8,2.6,4.4,30230,246,896,19,2.1,0.48,173|607|3083|4286|6096|6239|6777|6792|6906|6909|7145|9139|10150|22871|57715|90861|146059|152485|404093,AFM|BCL9|HGFAC|MITF|RORB|RREB1|STAT5B|CDKL5|SERPINA7|TBX2|TNS1|CBFA2T2|MBNL2|NLGN1|SEMA4G|JPT2|CDAN1|ZNF827|CUEDC1,-1.7,MyList
DisGeNET,35,C1261502,Finding of Mean Corpuscular Hemoglobin,,-3.8,1.9,4.1,30230,653,896,37,4.1,0.66,665|2961|3046|4299|4703|4756|6660|6787|7942|8660|8766|9857|10723|11030|11143|22983|23112|27086|29911|51274|51564|54806|54901|55553|55589|57035|57184|57337|57724|58506|81558|83986|84969|90355|147339|254102|284058,BNIP3L|GTF2E2|HBE1|AFF1|NEB|NEO1|SOX5|NEK4|TFEB|IRS2|RAB11A|CEP350|SLC12A7|RBPMS|KAT7|MAST1|TNRC6B|FOXP1|HOOK2|KLF3|HDAC7|AHI1|CDKAL1|SOX6|BMP2K|RSRP1|FAM219B|SENP7|EPG5|SCAF1|FAM117A|FAM234A|TOX2|MACIR|ARK2N|EHBP1L1|KANSL1,-1.7,MyList
DisGeNET,35,C0042580,Vesico-Ureteral Reflux,,-3.8,2.9,4.5,30230,187,896,16,1.8,0.44,1028|1636|5076|5806|6092|6239|6696|6792|7227|7319|9723|10297|27125|80254|284058|644096,CDKN1C|ACE|PAX2|PTX3|ROBO2|RREB1|SPP1|CDKL5|TRPS1|UBE2A|SEMA3E|APC2|AFF4|CEP63|KANSL1|SDHAF1,-1.7,MyList
Cell Type Signatures,7,M39274,DURANTE ADULT OLFACTORY NEUROEPITHELIUM FIBROBLASTS STROMAL CELLS,,-3.8,4.1,4.9,30230,82,896,10,1.1,0.35,715|1634|3082|3487|3489|4060|5118|6320|10631|140606,C1R|DCN|HGF|IGFBP4|IGFBP6|LUM|PCOLCE|CLEC11A|POSTN|SELENOM,-1.7,MyList
DisGeNET,35,C0264303,Laryngomalacia,,-3.8,4.5,5.1,30230,67,896,9,1,0.33,5116|6239|8425|9723|9759|27086|27125|27245|284058,PCNT|RREB1|LTBP4|SEMA3E|HDAC4|FOXP1|AFF4|AHDC1|KANSL1,-1.7,MyList
DisGeNET,35,C0521525,Short neck,,-3.8,2.5,4.4,30230,288,896,21,2.3,0.51,71|1501|1947|2067|2073|2719|3955|4703|4854|6239|6909|6925|7136|7319|9759|10082|50485|51322|55906|83987|92482,ACTG1|CTNND2|EFNB1|ERCC1|ERCC5|GPC3|LFNG|NEB|NOTCH3|RREB1|TBX2|TCF4|TNNI2|UBE2A|HDAC4|GPC6|SMARCAL1|WAC|ZC4H2|CCDC8|BBIP1,-1.7,MyList
Transcription Factor Targets,16,M14012,GATA1 04,,-3.8,2.6,4.4,30230,247,896,19,2.1,0.48,862|1389|2122|3479|4286|5099|7227|8510|10150|10602|11030|11278|11346|54462|80789|81558|84631|148398|151887,RUNX1T1|CREBL2|MECOM|IGF1|MITF|PCDH7|TRPS1|MMP23B|MBNL2|CDC42EP3|RBPMS|KLF12|SYNPO|CCSER2|INTS5|FAM117A|SLITRK2|SAMD11|CCDC80,-1.6,MyList
Transcription Factor Targets,16,M7338,TFIII Q6,,-3.8,2.8,4.5,30230,207,896,17,1.9,0.46,2104|3667|5076|5101|6938|7703|8861|9139|10297|10849|23054|23301|56998|57513|57555|200186|283149,ESRRG|IRS1|PAX2|PCDH9|TCF12|PCGF2|LDB1|CBFA2T2|APC2|POLR1G|NCOA6|EHBP1|CTNNBIP1|CASKIN2|NLGN2|CRTC2|BCL9L,-1.6,MyList
Transcription Factor Targets,16,M5568,ETS1 B,,-3.8,2.5,4.4,30230,268,896,20,2.2,0.49,320|868|3707|4734|5099|6281|7030|7136|8751|9500|10749|11278|27086|51132|56265|57804|79884|80774|81628|129685,APBA1|CBLB|ITPKB|NEDD4|PCDH7|S100A10|TFE3|TNNI2|ADAM15|MAGED1|KIF1C|KLF12|FOXP1|RLIM|CPXM1|POLD4|MAP9|LIMD2|TSC22D4|TAF8,-1.6,MyList
Cell Type Signatures,7,M39139,GAO ESOPHAGUS 25W C4 FGFR1HIGH EPITHELIAL CELLS,,-3.8,2.8,4.4,30230,208,896,17,1.9,0.46,1307|2619|2861|2869|4060|5101|5118|6777|8532|10631|23420|26272|54510|55872|64434|79047|91461,COL16A1|GAS1|GPR37|GRK5|LUM|PCDH9|PCOLCE|STAT5B|CPZ|POSTN|NOMO1|FBXO4|PCDH18|PBK|NOM1|KCTD15|PKDCC,-1.6,MyList
DisGeNET,35,C0428474,Serum LDL cholesterol measurement,,-3.8,2.5,4.3,30230,269,896,20,2.2,0.49,350|1636|2122|3383|3667|4703|6934|7200|8897|9530|9611|10082|23301|54815|54901|55553|56776|57094|57523|144108,APOH|ACE|MECOM|ICAM1|IRS1|NEB|TCF7L2|TRH|MTMR3|BAG4|NCOR1|GPC6|EHBP1|GATAD2A|CDKAL1|SOX6|FMN2|CPA6|NYNRIN|SPTY2D1,-1.6,MyList
TRRUST,34,TRR00253,Regulated by: EGR1,,-3.8,3.7,4.8,30230,99,896,11,1.2,0.37,595|1026|1113|1636|5126|6522|6925|6934|10252|27338|150383,CCND1|CDKN1A|CHGA|ACE|PCSK2|SLC4A2|TCF4|TCF7L2|SPRY1|UBE2S|CDPF1,-1.6,MyList
Transcription Factor Targets,16,M545,EGR3 01,,-3.8,4.1,4.9,30230,83,896,10,1.1,0.35,2077|5118|6457|6882|9734|10362|10849|22986|29997|84530,ERF|PCOLCE|SH3GL3|TAF11|HDAC9|HMG20B|POLR1G|SORCS3|NOP53|SRRM4,-1.6,MyList
Cell Type Signatures,7,M39174,MURARO PANCREAS ACINAR CELL,,-3.8,1.8,4,30230,731,896,40,4.5,0.69,71|629|715|858|972|1265|1979|2122|5978|6387|6747|8553|10150|10413|10723|10749|11030|11135|26471|29997|30850|51129|51132|51155|51274|51303|51599|54102|54532|57509|57619|57648|57804|58191|58527|83451|83786|84140|84612|114908,ACTG1|CFB|C1R|CAV2|CD74|CNN2|EIF4EBP2|MECOM|REST|CXCL12|SSR3|BHLHE40|MBNL2|YAP1|SLC12A7|KIF1C|RBPMS|CDC42EP1|NUPR1|NOP53|CDR2L|ANGPTL4|RLIM|JPT1|KLF3|FKBP11|LSR|CLIC6|USP53|MTUS1|SHROOM3|NHSL3|POLD4|CXCL16|ABRACL|ABHD11|FRMD8|FAM161A|PARD6B|TMEM123,-1.6,MyList
Cell Type Signatures,7,M40281,DESCARTES FETAL PLACENTA IGFBP1 DKK1 POSITIVE CELLS,,-3.8,3.5,4.7,30230,116,896,12,1.3,0.38,715|2619|2687|3487|3489|3621|4060|6096|7044|9843|56265|284297,C1R|GAS1|GGT5|IGFBP4|IGFBP6|ING1|LUM|RORB|LEFTY2|HEPH|CPXM1|SSC5D,-1.6,MyList
DisGeNET,35,C0489786,Height,,-3.8,2.6,4.4,30230,249,896,19,2.1,0.48,2869|3400|3479|4052|4661|5125|5978|6457|9972|10602|23112|60676|79777|80254|84441|84444|112752|124045|144108,GRK5|ID4|IGF1|LTBP1|MYT1|PCSK5|REST|SH3GL3|NUP153|CDC42EP3|TNRC6B|PAPPA2|ACBD4|CEP63|MAML2|DOT1L|IFT43|SPATA33|SPTY2D1,-1.6,MyList
Transcription Factor Targets,16,M7806,HSF Q6,,-3.7,2.7,4.4,30230,209,896,17,1.9,0.46,1163|4052|4300|5564|6091|6464|6881|7092|22807|22864|27153|65056|65983|85456|90861|112752|126299,CKS1B|LTBP1|MLLT3|PRKAB1|ROBO1|SHC1|TAF10|TLL1|IKZF2|R3HDM2|ZNF777|GPBP1|GRAMD2B|TNKS1BP1|JPT2|IFT43|ZNF428,-1.6,MyList
Transcription Factor Targets,16,M15551,IK3 01,,-3.7,2.7,4.4,30230,229,896,18,2,0.47,320|4661|5662|7136|8751|9411|10150|11129|25987|57575|57591|64129|64285|81558|90861|93643|136647|147339,APBA1|MYT1|PSD|TNNI2|ADAM15|ARHGAP29|MBNL2|CLASRP|TSKU|PCDH10|MRTFA|TINAGL1|RHBDF1|FAM117A|JPT2|TJAP1|MPLKIP|ARK2N,-1.6,MyList
Transcription Factor Targets,16,M30090,NKX2 3 TARGET GENES,,-3.7,2,4.1,30230,539,896,32,3.6,0.62,71|333|550|715|4793|5606|6787|8425|9325|10179|10220|10413|11030|22871|23518|25978|27237|51564|51599|54532|56987|57099|58527|64285|64320|79080|83444|83640|85456|92105|92482|339287,ACTG1|APLP1|AUP1|C1R|NFKBIB|MAP2K3|NEK4|LTBP4|TRIP4|RBM7|GDF11|YAP1|RBPMS|NLGN1|R3HDM1|CHMP2B|ARHGEF16|HDAC7|LSR|USP53|BBX|AVEN|ABRACL|RHBDF1|RNF25|CCDC86|INO80B|RAMAC|TNKS1BP1|INTS4|BBIP1|MSL1,-1.6,MyList
Transcription Factor Targets,16,M1365,GGGNNTTTCC NFKB Q6 01,,-3.7,3.3,4.6,30230,134,896,13,1.5,0.4,972|4900|5126|6660|10318|11143|30011|55589|81558|84080|84441|85456|151887,CD74|NRGN|PCSK2|SOX5|TNIP1|KAT7|SH3KBP1|BMP2K|FAM117A|ENKD1|MAML2|TNKS1BP1|CCDC80,-1.6,MyList
DisGeNET,35,C0030848,Peyronie Disease,,-3.7,5.8,5.3,30230,41,896,7,0.78,0.29,595|1634|3479|5806|9734|10631|51564,CCND1|DCN|IGF1|PTX3|HDAC9|POSTN|HDAC7,-1.6,MyList
Cell Type Signatures,7,M39170,MURARO PANCREAS DELTA CELL,,-3.7,2.6,4.3,30230,250,896,19,2.1,0.48,862|5218|6482|7903|8660|9498|10150|53826|54806|55228|55859|65009|79365|79870|79884|83648|91461|140597|158931,RUNX1T1|CDK14|ST3GAL1|ST8SIA4|IRS2|SLC4A8|MBNL2|FXYD6|AHI1|PNMA8A|BEX1|NDRG4|BHLHE41|BAALC|MAP9|FAM167A|PKDCC|TCEAL2|TCEAL6,-1.6,MyList
DisGeNET,35,C0026010,Microphthalmos,,-3.7,2.3,4.2,30230,335,896,23,2.6,0.53,2067|2073|2737|3082|3166|4211|4286|4311|4756|4810|5076|6239|7030|7942|9723|10413|30812|54539|55553|56006|65062|79848|646960,ERCC1|ERCC5|GLI3|HGF|HMX1|MEIS1|MITF|MME|NEO1|NHS|PAX2|RREB1|TFE3|TFEB|SEMA3E|YAP1|SOX8|NDUFB11|SOX6|SMG9|TMEM237|CSPP1|PRSS56,-1.6,MyList
DisGeNET,35,C0242383,Age related macular degeneration,,-3.7,1.9,4,30230,685,896,38,4.2,0.67,629|735|822|1028|1265|1636|2147|2158|2869|2961|3383|3479|4311|5806|5978|6001|6091|6239|6387|7424|7737|9723|9734|9843|10631|25978|26146|51129|53342|54714|56890|56987|57584|63943|94137|136647|196513|768206,CFB|C9|CAPG|CDKN1C|CNN2|ACE|F2|F9|GRK5|GTF2E2|ICAM1|IGF1|MME|PTX3|REST|RGS10|ROBO1|RREB1|CXCL12|VEGFC|RNF113A|SEMA3E|HDAC9|HEPH|POSTN|CHMP2B|TRAF3IP1|ANGPTL4|IL17D|CNGB3|SAXO6|BBX|ARHGAP21|FKBPL|RP1L1|MPLKIP|DCP1B|PRCD,-1.6,MyList
Cell Type Signatures,7,M41703,FAN OVARY CL1 GPRC5A TNFRS12A HIGH SELECTABLE FOLLICLE STROMAL CELL,,-3.7,2.2,4.2,30230,380,896,25,2.8,0.55,71|715|730|819|858|1634|2719|3014|4060|4291|4969|5606|6383|6628|7319|8425|10179|25978|29997|51271|79002|140606|151887|151987|284996,ACTG1|C1R|C7|CAMLG|CAV2|DCN|GPC3|H2AX|LUM|MLF1|OGN|MAP2K3|SDC2|SNRPB|UBE2A|LTBP4|RBM7|CHMP2B|NOP53|UBAP1|TRIR|SELENOM|CCDC80|PPP4R2|RNF149,-1.6,MyList
Transcription Factor Targets,16,M16178,HOXA4 Q2,,-3.7,2.5,4.3,30230,272,896,20,2.2,0.49,595|1949|2719|3014|4052|4286|4756|5101|5564|6660|6764|9759|10150|56181|59269|90861|94137|116224|152485|256714,CCND1|EFNB3|GPC3|H2AX|LTBP1|MITF|NEO1|PCDH9|PRKAB1|SOX5|DENND2B|HDAC4|MBNL2|MTFR1L|HIVEP3|JPT2|RP1L1|PABIR1|ZNF827|MAP7D2,-1.6,MyList
DisGeNET,35,C0020534,Orbital separation excessive,,-3.7,1.9,4,30230,590,896,34,3.8,0.64,71|1501|1947|2077|2719|2737|2961|4703|4854|6239|6909|6938|7319|7737|8270|8425|9325|9723|10297|10653|23247|27086|27125|27245|51132|51322|55975|56006|57724|65062|79848|112752|136647|284058,ACTG1|CTNND2|EFNB1|ERF|GPC3|GLI3|GTF2E2|NEB|NOTCH3|RREB1|TBX2|TCF12|UBE2A|RNF113A|LAGE3|LTBP4|TRIP4|SEMA3E|APC2|SPINT2|KATNIP|FOXP1|AFF4|AHDC1|RLIM|WAC|KLHL7|SMG9|EPG5|TMEM237|CSPP1|IFT43|MPLKIP|KANSL1,-1.6,MyList
Transcription Factor Targets,16,M3994,COMP1 01,,-3.7,3.4,4.6,30230,118,896,12,1.3,0.38,1501|3479|4286|6934|6938|10150|23528|51303|57117|79047|90355|93380,CTNND2|IGF1|MITF|TCF7L2|TCF12|MBNL2|ZNF281|FKBP11|INTS12|KCTD15|MACIR|MMGT1,-1.6,MyList
Transcription Factor Targets,16,M533,STTTCRNTTT IRF Q6,,-3.7,2.8,4.4,30230,192,896,16,1.8,0.44,595|3082|4211|4300|4734|4772|6660|6938|9686|9759|10723|22807|79035|79365|84631|140890,CCND1|HGF|MEIS1|MLLT3|NEDD4|NFATC1|SOX5|TCF12|VGLL4|HDAC4|SLC12A7|IKZF2|NABP2|BHLHE41|SLITRK2|SREK1,-1.6,MyList
Transcription Factor Targets,16,M11495,LHX3 01,,-3.7,2.6,4.3,30230,232,896,18,2,0.47,629|4756|5116|5126|5564|6002|6091|6096|6239|6792|8233|10529|57555|57575|64111|79035|79047|79365,CFB|NEO1|PCNT|PCSK2|PRKAB1|RGS12|ROBO1|RORB|RREB1|CDKL5|ZRSR2|NEBL|NLGN2|PCDH10|NPVF|NABP2|KCTD15|BHLHE41,-1.6,MyList
Transcription Factor Targets,16,M435,YATTNATC UNKNOWN,,-3.7,2.2,4.2,30230,382,896,25,2.8,0.55,2158|2719|2869|3479|4286|4703|4885|5076|5125|6777|6934|9411|10150|11030|11276|22807|23767|55122|57348|84631|148398|151887|219654|283149|340719,F9|GPC3|GRK5|IGF1|MITF|NEB|NPTX2|PAX2|PCSK5|STAT5B|TCF7L2|ARHGAP29|MBNL2|RBPMS|SYNRG|IKZF2|FLRT3|AKIRIN2|TTYH1|SLITRK2|SAMD11|CCDC80|ZCCHC24|BCL9L|NANOS1,-1.6,MyList
DisGeNET,35,C0175699,Saethre-Chotzen Syndrome,,-3.7,6.7,5.5,30230,30,896,6,0.67,0.27,1947|2737|6696|6938|9734|10631,EFNB1|GLI3|SPP1|TCF12|HDAC9|POSTN,-1.6,MyList
Transcription Factor Targets,16,M30200,TERF1 TARGET GENES,,-3.7,2.4,4.2,30230,295,896,21,2.3,0.51,972|1997|3479|4739|5218|5980|6482|10010|11143|23112|27086|54820|56987|57584|57591|79848|81558|147965|201191|283149|552889,CD74|ELF1|IGF1|NEDD9|CDK14|REV3L|ST3GAL1|TANK|KAT7|TNRC6B|FOXP1|NDE1|BBX|ARHGAP21|MRTFA|CSPP1|FAM117A|FAM98C|SAMD14|BCL9L|ATXN7L3B,-1.6,MyList
Transcription Factor Targets,16,M8720,STAT5A 03,,-3.7,2.5,4.3,30230,274,896,20,2.2,0.49,2158|4661|4756|4848|6464|6925|7227|8165|9843|10489|23528|23767|25876|54714|54785|56987|64129|80303|84631|255743,F9|MYT1|NEO1|CNOT2|SHC1|TCF4|TRPS1|AKAP1|HEPH|LRRC41|ZNF281|FLRT3|SPEF1|CNGB3|BORCS6|BBX|TINAGL1|EFHD1|SLITRK2|NPNT,-1.6,MyList
Transcription Factor Targets,16,M40729,CUX1 TARGET GENES,,-3.7,1.9,4,30230,641,896,36,4,0.66,4155|4211|4300|4661|4795|6925|6934|7322|8165|9113|9325|9326|9857|10413|10524|10848|10849|51070|51133|51155|55095|55663|57035|57224|65083|79777|80271|83444|84612|119392|124790|140890|152185|257397|284615|552889,MBP|MEIS1|MLLT3|MYT1|NFKBIL1|TCF4|TCF7L2|UBE2D2|AKAP1|LATS1|TRIP4|ZNHIT3|CEP350|YAP1|KAT5|PPP1R13L|POLR1G|NOSIP|KCTD3|JPT1|SAMD4B|ZNF446|RSRP1|NHSL1|NOL6|ACBD4|ITPKC|INO80B|PARD6B|SFR1|HEXIM2|SREK1|SPICE1|TAB3|ANKRD34A|ATXN7L3B,-1.6,MyList
PaGenBase,36,PGB:00065,Cell-specific: DRG,,-3.6,2.1,4.1,30230,452,896,28,3.1,0.58,1311|1501|2662|2824|3321|3489|4155|4501|4653|4703|4744|4885|5125|5361|6489|6769|7060|9745|10297|10529|11030|22986|23208|29903|51308|65009|65055|113146,COMP|CTNND2|GDF10|GPM6B|IGSF3|IGFBP6|MBP|MT1X|MYOC|NEB|NEFH|NPTX2|PCSK5|PLXNA1|ST8SIA1|STAC|THBS4|ZNF536|APC2|NEBL|RBPMS|SORCS3|SYT11|CCDC106|REEP2|NDRG4|REEP1|AHNAK2,-1.5,MyList
DisGeNET,35,C0022680,Polycystic Kidney Diseases,,-3.6,2.5,4.2,30230,275,896,20,2.2,0.49,629|735|1026|1454|1636|2737|3082|3479|4739|4750|4854|4885|5076|6239|6696|6777|10413|10631|25937|112752,CFB|C9|CDKN1A|CSNK1E|ACE|GLI3|HGF|IGF1|NEDD9|NEK1|NOTCH3|NPTX2|PAX2|RREB1|SPP1|STAT5B|YAP1|POSTN|WWTR1|IFT43,-1.5,MyList
Transcription Factor Targets,16,M14686,ELK1 01,,-3.6,2.5,4.2,30230,275,896,20,2.2,0.49,868|904|1163|3707|5125|5564|6464|7136|10489|11278|27291|55850|57696|57804|83707|84335|116840|200186|284058|345757,CBLB|CCNT1|CKS1B|ITPKB|PCSK5|PRKAB1|SHC1|TNNI2|LRRC41|KLF12|R3HCC1L|USE1|DDX55|POLD4|TRPT1|AKT1S1|CNTROB|CRTC2|KANSL1|FAM174A,-1.5,MyList
Transcription Factor Targets,16,M8536,PAX5 01,,-3.6,3,4.4,30230,156,896,14,1.6,0.41,4335|6457|6934|8510|8766|9846|23054|51132|55105|56998|57117|57513|57804|65124,MNT|SH3GL3|TCF7L2|MMP23B|RAB11A|GAB2|NCOA6|RLIM|GPATCH2|CTNNBIP1|INTS12|CASKIN2|POLD4|SOWAHC,-1.5,MyList
DisGeNET,35,C0008479,Chondrosarcoma,,-3.6,2.2,4.1,30230,385,896,25,2.8,0.55,595|770|1026|1028|1311|1634|1946|2719|3082|3383|3479|4288|5564|6383|6387|6696|7424|7942|8496|8751|9113|10413|10631|51564|153222,CCND1|CA11|CDKN1A|CDKN1C|COMP|DCN|EFNA5|GPC3|HGF|ICAM1|IGF1|MKI67|PRKAB1|SDC2|CXCL12|SPP1|VEGFC|TFEB|PPFIBP1|ADAM15|LATS1|YAP1|POSTN|HDAC7|CREBRF,-1.5,MyList
Transcription Factor Targets,16,M6378,TTCYNRGAA STAT5B 01,,-3.6,2.3,4.1,30230,341,896,23,2.6,0.53,320|550|607|730|2158|3383|3622|3660|4299|5118|5126|5606|7456|10282|10379|25987|50487|51132|79155|80271|112752|114990|153222,APBA1|AUP1|BCL9|C7|F9|ICAM1|ING2|IRF2|AFF1|PCOLCE|PCSK2|MAP2K3|WIPF1|BET1|IRF9|TSKU|PLA2G3|RLIM|TNIP2|ITPKC|IFT43|VASN|CREBRF,-1.5,MyList
DisGeNET,35,C0018935,Hematocrit procedure,,-3.6,3.2,4.5,30230,138,896,13,1.5,0.4,2122|3046|4286|4299|6239|6764|6934|7059|7227|51070|55596|57619|84444,MECOM|HBE1|MITF|AFF1|RREB1|DENND2B|TCF7L2|THBS3|TRPS1|NOSIP|ZCCHC8|SHROOM3|DOT1L,-1.5,MyList
Cell Type Signatures,7,M41717,FAN OVARY CL15 SMALL ANTRAL FOLLICLE GRANULOSA CELL,,-3.6,1.9,4,30230,645,896,36,4,0.66,71|1164|1948|3014|3400|3621|3667|5980|6281|6628|7286|7319|9500|10001|10138|10179|10413|10653|10848|11056|26586|27125|51155|51322|51562|51599|55122|55859|57701|65124|79848|81572|84285|126299|140597|644150,ACTG1|CKS2|EFNB2|H2AX|ID4|ING1|IRS1|REV3L|S100A10|SNRPB|TUFT1|UBE2A|MAGED1|MED6|YAF2|RBM7|YAP1|SPINT2|PPP1R13L|DDX52|CKAP2|AFF4|JPT1|WAC|MBIP|LSR|AKIRIN2|BEX1|NCKAP5L|SOWAHC|CSPP1|PDRG1|EIF1AD|ZNF428|TCEAL2|WIPF3,-1.5,MyList
DisGeNET,35,C1306503,Congenital exomphalos,,-3.6,2.6,4.3,30230,235,896,18,2,0.47,1028|1947|2719|2737|2961|3955|4854|5125|6239|6792|7737|8425|9723|9759|10082|10220|89884|136647,CDKN1C|EFNB1|GPC3|GLI3|GTF2E2|LFNG|NOTCH3|PCSK5|RREB1|CDKL5|RNF113A|LTBP4|SEMA3E|HDAC4|GPC6|GDF11|LHX4|MPLKIP,-1.5,MyList
DisGeNET,35,C1333065,Lung Clear Cell Tumor,,-3.6,20,7.5,30230,5,896,3,0.33,0.19,4286|7030|7942,MITF|TFE3|TFEB,-1.5,MyList
TRRUST,34,TRR01226,Regulated by: SIRT2,,-3.6,20,7.5,30230,5,896,3,0.33,0.19,1026|4734|150383,CDKN1A|NEDD4|CDPF1,-1.5,MyList
DisGeNET,35,C0344511,Atresia of nasolacrimal duct,,-3.6,20,7.5,30230,5,896,3,0.33,0.19,3321|7227|54539,IGSF3|TRPS1|NDUFB11,-1.5,MyList
DisGeNET,35,C4225202,LAMB-SHAFFER SYNDROME,,-3.6,20,7.5,30230,5,896,3,0.33,0.19,6660|30812|55553,SOX5|SOX8|SOX6,-1.5,MyList
Transcription Factor Targets,16,M11442,HNF1 Q6,,-3.6,2.5,4.2,30230,256,896,19,2.1,0.48,173|607|2147|3083|5076|6096|6239|6906|6909|6938|8496|9139|9611|10150|57715|124790|148398|150864|152485,AFM|BCL9|F2|HGFAC|PAX2|RORB|RREB1|SERPINA7|TBX2|TCF12|PPFIBP1|CBFA2T2|NCOR1|MBNL2|SEMA4G|HEXIM2|SAMD11|FAM117B|ZNF827,-1.5,MyList
Cell Type Signatures,7,M41711,FAN OVARY CL9 PUTATIVE APOPTOTIC ENDOTHELIAL CELL,,-3.6,2.2,4.1,30230,365,896,24,2.7,0.54,858|972|1026|1997|2791|3133|3383|5606|6628|6925|8496|8766|9411|9686|10602|25937|26471|27086|51177|57035|57509|79002|153222|375449,CAV2|CD74|CDKN1A|ELF1|GNG11|HLA-E|ICAM1|MAP2K3|SNRPB|TCF4|PPFIBP1|RAB11A|ARHGAP29|VGLL4|CDC42EP3|WWTR1|NUPR1|FOXP1|PLEKHO1|RSRP1|MTUS1|TRIR|CREBRF|MAST4,-1.5,MyList
Cell Type Signatures,7,M39245,LAKE ADULT KIDNEY C26 MESANGIAL CELLS,,-3.6,2.9,4.3,30230,177,896,15,1.7,0.43,730|868|3133|4211|5101|6091|6925|7145|10631|23331|23635|54532|84441|152503|401474,C7|CBLB|HLA-E|MEIS1|PCDH9|ROBO1|TCF4|TNS1|POSTN|TTC28|SSBP2|USP53|MAML2|SH3D19|SAMD12,-1.5,MyList
Transcription Factor Targets,16,M11921,NFKB Q6,,-3.6,2.5,4.2,30230,258,896,19,2.1,0.48,2869|3383|4335|4793|5126|6489|6660|7030|8553|9804|10010|10318|23368|51286|57555|57575|81558|84441|200186,GRK5|ICAM1|MNT|NFKBIB|PCSK2|ST8SIA1|SOX5|TFE3|BHLHE40|TOMM20|TANK|TNIP1|PPP1R13B|CEND1|NLGN2|PCDH10|FAM117A|MAML2|CRTC2,-1.5,MyList
Transcription Factor Targets,16,M9300,SP1 Q4 01,,-3.5,2.5,4.2,30230,259,896,19,2.1,0.48,1453|1636|2002|3622|6666|6792|6882|6925|7703|8861|9854|23054|25959|30011|55033|55975|79365|112574|140733,CSNK1D|ACE|ELK1|ING2|SOX12|CDKL5|TAF11|TCF4|PCGF2|LDB1|C2CD2L|NCOA6|KANK2|SH3KBP1|FKBP14|KLHL7|BHLHE41|SNX18|MACROD2,-1.5,MyList
Transcription Factor Targets,16,M17968,ER Q6 02,,-3.5,2.5,4.2,30230,259,896,19,2.1,0.48,460|1026|1948|3263|4335|4744|5218|5980|6482|6666|6792|6934|7044|22983|25921|54510|57724|80303|388115,ASTN1|CDKN1A|EFNB2|HPX|MNT|NEFH|CDK14|REV3L|ST3GAL1|SOX12|CDKL5|TCF7L2|LEFTY2|MAST1|ZDHHC5|PCDH18|EPG5|EFHD1|CCDC9B,-1.5,MyList
DisGeNET,35,C0424711,Orbital separation diminished,,-3.5,3.8,4.6,30230,89,896,10,1.1,0.35,2619|2961|7737|8270|51132|51199|54820|57724|112752|136647,GAS1|GTF2E2|RNF113A|LAGE3|RLIM|NIN|NDE1|EPG5|IFT43|MPLKIP,-1.4,MyList
DisGeNET,35,C1968564,Defective DNA repair after ultraviolet radiation damage,,-3.5,11,6.2,30230,12,896,4,0.45,0.22,2073|2961|7737|136647,ERCC5|GTF2E2|RNF113A|MPLKIP,-1.4,MyList
DisGeNET,35,C2718092,Acrospiroma,,-3.5,11,6.2,30230,12,896,4,0.45,0.22,4311|23373|64784|84441,MME|CRTC1|CRTC3|MAML2,-1.4,MyList
Transcription Factor Targets,16,M29968,FOXE1 TARGET GENES,,-3.5,1.8,3.9,30230,728,896,39,4.4,0.68,71|595|1997|2737|3014|4299|4335|5101|5546|6281|6461|6522|6628|8694|8766|9113|9813|23301|29997|51133|51244|55122|57117|57507|57509|57649|63905|64434|64857|79005|84335|84872|84946|115939|124790|134637|148398|159195|388695,ACTG1|CCND1|ELF1|GLI3|H2AX|AFF1|MNT|PCDH9|PRCC|S100A10|SHB|SLC4A2|SNRPB|DGAT1|RAB11A|LATS1|EFCAB14|EHBP1|NOP53|KCTD3|CCDC174|AKIRIN2|INTS12|ZNF608|MTUS1|PHF12|MANBAL|NOM1|PLEKHG2|SCNM1|AKT1S1|ZC3H10|LTV1|TSR3|HEXIM2|ADAT2|SAMD11|USP54|LYSMD1,-1.4,MyList
Cell Type Signatures,7,M39236,LAKE ADULT KIDNEY C17 COLLECTING SYSTEM PCS STRESSED DISSOC SUBSET,,-3.5,2.5,4.2,30230,240,896,18,2,0.47,71|2122|3133|4291|4299|4750|5101|7227|9760|11030|25937|27125|54806|57509|57619|57630|140733|401474,ACTG1|MECOM|HLA-E|MLF1|AFF1|NEK1|PCDH9|TRPS1|TOX|RBPMS|WWTR1|AFF4|AHI1|MTUS1|SHROOM3|SH3RF1|MACROD2|SAMD12,-1.4,MyList
Cell Type Signatures,7,M39037,FAN EMBRYONIC CTX OLIG,,-3.5,1.8,3.8,30230,754,896,40,4.5,0.69,333|1028|1307|2861|3707|4155|4286|4756|6457|6522|6881|7799|7942|9705|9745|9825|9846|10150|11155|23208|23247|30011|30812|30850|56987|57509|57636|64856|81628|84909|90861|93643|114908|116224|122060|220965|286262|340277|345757|401474,APLP1|CDKN1C|COL16A1|GPR37|ITPKB|MBP|MITF|NEO1|SH3GL3|SLC4A2|TAF10|PRDM2|TFEB|ST18|ZNF536|SPATA2|GAB2|MBNL2|LDB3|SYT11|KATNIP|SH3KBP1|SOX8|CDR2L|BBX|MTUS1|ARHGAP23|VWA1|TSC22D4|AOPEP|JPT2|TJAP1|TMEM123|PABIR1|SLAIN1|FAM13C|TPRN|FAM221A|FAM174A|SAMD12,-1.4,MyList
DisGeNET,35,C0242852,Proliferative vitreoretinopathy,,-3.5,3.1,4.4,30230,142,896,13,1.5,0.4,595|1026|1634|1636|2147|3082|3489|5806|6091|6387|10413|10631|84260,CCND1|CDKN1A|DCN|ACE|F2|HGF|IGFBP6|PTX3|ROBO1|CXCL12|YAP1|POSTN|TCHP,-1.4,MyList
DisGeNET,35,C0432072,Dysmorphic features,,-3.5,2.1,4,30230,439,896,27,3,0.57,71|1028|2077|3479|4703|4810|5116|6529|6660|6792|6925|6942|7227|7319|7703|9289|22983|25792|27086|51322|55553|55906|57479|57555|80254|91461|284058,ACTG1|CDKN1C|ERF|IGF1|NEB|NHS|PCNT|SLC6A1|SOX5|CDKL5|TCF4|TCF20|TRPS1|UBE2A|PCGF2|ADGRG1|MAST1|CIZ1|FOXP1|WAC|SOX6|ZC4H2|PRR12|NLGN2|CEP63|PKDCC|KANSL1,-1.4,MyList
Transcription Factor Targets,16,M15556,FREAC7 01,,-3.5,2.7,4.2,30230,200,896,16,1.8,0.44,1454|1946|4734|6934|10602|22807|23767|51199|51244|56849|59269|64111|79047|116224|146059|153222,CSNK1E|EFNA5|NEDD4|TCF7L2|CDC42EP3|IKZF2|FLRT3|NIN|CCDC174|TCEAL7|HIVEP3|NPVF|KCTD15|PABIR1|CDAN1|CREBRF,-1.4,MyList
DisGeNET,35,C1301937,Talipes,,-3.5,4.1,4.7,30230,74,896,9,1,0.33,2067|2073|2737|4703|7136|7227|9723|55975|79848,ERCC1|ERCC5|GLI3|NEB|TNNI2|TRPS1|SEMA3E|KLHL7|CSPP1,-1.4,MyList
Transcription Factor Targets,16,M8816,PAX4 02,,-3.5,2.5,4.1,30230,241,896,18,2,0.47,1454|4286|4863|5076|6660|6925|7227|9107|9139|10150|22807|27086|54510|81706|84988|94137|140890|146059,CSNK1E|MITF|NPAT|PAX2|SOX5|TCF4|TRPS1|MTMR6|CBFA2T2|MBNL2|IKZF2|FOXP1|PCDH18|PPP1R14C|PPP1R16A|RP1L1|SREK1|CDAN1,-1.4,MyList
Transcription Factor Targets,16,M2907,NRF1 Q6,,-3.5,2.4,4.1,30230,262,896,19,2.1,0.48,605|1164|4900|5116|5662|9500|10653|29903|51315|57337|57496|80012|81572|116840|126299|162427|163126|256714|388272,BCL7A|CKS2|NRGN|PCNT|PSD|MAGED1|SPINT2|CCDC106|KRCC1|SENP7|MRTFB|PHC3|PDRG1|CNTROB|ZNF428|RETREG3|EID2|MAP7D2|C16orf87,-1.4,MyList
DisGeNET,35,C1335177,Ovarian Serous Adenocarcinoma,,-3.5,3.1,4.3,30230,143,896,13,1.5,0.4,2044|4216|4854|5076|6482|6792|6909|8805|10413|22983|23331|79004|348980,EPHA5|MAP3K4|NOTCH3|PAX2|ST3GAL1|CDKL5|TBX2|TRIM24|YAP1|MAST1|TTC28|CUEDC2|HCN1,-1.4,MyList
Transcription Factor Targets,16,M401,GCGNNANTTCC UNKNOWN,,-3.5,3.2,4.4,30230,125,896,12,1.3,0.38,868|1026|4795|4900|6882|25771|29997|30011|51199|57513|84335|144108,CBLB|CDKN1A|NFKBIL1|NRGN|TAF11|TBC1D22A|NOP53|SH3KBP1|NIN|CASKIN2|AKT1S1|SPTY2D1,-1.4,MyList
DisGeNET,35,C0010278,Craniosynostosis,,-3.5,2,3.9,30230,488,896,29,3.2,0.59,595|1475|1947|2077|2719|2737|2869|2961|3014|3082|3479|3667|4810|5116|6696|6938|7227|7737|9607|10082|10252|10297|10631|27245|55553|64129|112752|113263|136647,CCND1|CSTA|EFNB1|ERF|GPC3|GLI3|GRK5|GTF2E2|H2AX|HGF|IGF1|IRS1|NHS|PCNT|SPP1|TCF12|TRPS1|RNF113A|CARTPT|GPC6|SPRY1|APC2|POSTN|AHDC1|SOX6|TINAGL1|IFT43|GLCCI1|MPLKIP,-1.4,MyList
Transcription Factor Targets,16,M13173,IRF1 Q6,,-3.5,2.4,4.1,30230,263,896,19,2.1,0.48,1501|2104|3082|4286|4634|4685|4734|5098|5101|6522|8660|8751|9686|10723|22807|26037|51599|65980|140890,CTNND2|ESRRG|HGF|MITF|MYL3|NCAM2|NEDD4|PCDHGC3|PCDH9|SLC4A2|IRS2|ADAM15|VGLL4|SLC12A7|IKZF2|SIPA1L1|LSR|BRD9|SREK1,-1.4,MyList
Transcription Factor Targets,16,M8062,CDX2 Q5,,-3.5,2.4,4.1,30230,263,896,19,2.1,0.48,4211|4300|4335|4756|5099|5126|6091|9139|9611|10150|10749|22807|25978|27086|56181|64111|79047|146059|257397,MEIS1|MLLT3|MNT|NEO1|PCDH7|PCSK2|ROBO1|CBFA2T2|NCOR1|MBNL2|KIF1C|IKZF2|CHMP2B|FOXP1|MTFR1L|NPVF|KCTD15|CDAN1|TAB3,-1.4,MyList
Transcription Factor Targets,16,M10921,AREB6 03,,-3.5,2.4,4.1,30230,263,896,19,2.1,0.48,605|4300|5218|9611|9686|10749|22807|25792|51599|56998|57509|57591|57715|81706|84969|150864|160760|255743|404093,BCL7A|MLLT3|CDK14|NCOR1|VGLL4|KIF1C|IKZF2|CIZ1|LSR|CTNNBIP1|MTUS1|MRTFA|SEMA4G|PPP1R14C|TOX2|FAM117B|PPTC7|NPNT|CUEDC1,-1.4,MyList
DisGeNET,35,C0424605,Developmental delay (disorder),,-3.5,1.9,3.9,30230,584,896,33,3.7,0.63,1947|2104|2737|3479|4155|4300|4810|4848|5076|6660|6666|6792|6925|6938|6942|7227|7319|9139|9500|9611|9734|9759|23368|27086|27245|50485|51286|54806|55906|56006|57468|84327|84337,EFNB1|ESRRG|GLI3|IGF1|MBP|MLLT3|NHS|CNOT2|PAX2|SOX5|SOX12|CDKL5|TCF4|TCF12|TCF20|TRPS1|UBE2A|CBFA2T2|MAGED1|NCOR1|HDAC9|HDAC4|PPP1R13B|FOXP1|AHDC1|SMARCAL1|CEND1|AHI1|ZC4H2|SMG9|SLC12A5|ZBED3|ELOF1,-1.4,MyList
Transcription Factor Targets,16,M29953,EBNA1BP2 TARGET GENES,,-3.4,2.2,4,30230,373,896,24,2.7,0.54,1636|1946|2077|3707|4854|6529|7060|8165|8751|11143|11215|23112|25792|27291|55094|57117|58515|65983|81558|92482|116224|149603|153222|257397,ACE|EFNA5|ERF|ITPKB|NOTCH3|SLC6A1|THBS4|AKAP1|ADAM15|KAT7|AKAP11|TNRC6B|CIZ1|R3HCC1L|GPATCH1|INTS12|SELENOK|GRAMD2B|FAM117A|BBIP1|PABIR1|RNF187|CREBRF|TAB3,-1.4,MyList
Transcription Factor Targets,16,M2998,LBP1 Q6,,-3.4,2.6,4.1,30230,222,896,17,1.9,0.46,605|664|2869|3489|5101|5662|6660|7136|9478|9846|10150|11155|57804|59269|159195|219654|283149,BCL7A|BNIP3|GRK5|IGFBP6|PCDH9|PSD|SOX5|TNNI2|CABP1|GAB2|MBNL2|LDB3|POLD4|HIVEP3|USP54|ZCCHC24|BCL9L,-1.4,MyList
Cell Type Signatures,7,M39058,MANNO MIDBRAIN NEUROTYPES HPROGM,,-3.4,2.3,4,30230,307,896,21,2.3,0.51,361|595|1163|1824|1946|2077|3667|4291|5806|6383|9388|9620|9760|10413|27324|55872|57619|57630|83987|84441|400793,AQP4|CCND1|CKS1B|DSC2|EFNA5|ERF|IRS1|MLF1|PTX3|SDC2|LIPG|CELSR1|TOX|YAP1|TOX3|PBK|SHROOM3|SH3RF1|CCDC8|MAML2|C1orf226,-1.4,MyList
Transcription Factor Targets,16,M613,TGANNYRGCA TCF11MAFG 01,,-3.4,2.3,4,30230,307,896,21,2.3,0.51,664|2785|4634|4653|4717|4739|6660|7092|8532|9846|51129|55798|56265|79035|79058|84254|84969|90488|340719|344658|401474,BNIP3|GNG3|MYL3|MYOC|NDUFC1|NEDD9|SOX5|TLL1|CPZ|GAB2|ANGPTL4|METTL2B|CPXM1|NABP2|ASPSCR1|CAMKK1|TOX2|TMEM263|NANOS1|SAMD7|SAMD12,-1.4,MyList
Transcription Factor Targets,16,M12460,AP1 Q4 01,,-3.4,2.4,4.1,30230,264,896,19,2.1,0.48,664|1026|1307|2104|4335|4744|7030|7092|8751|9854|9956|11346|57549|64129|64285|80271|84254|152485|283149,BNIP3|CDKN1A|COL16A1|ESRRG|MNT|NEFH|TFE3|TLL1|ADAM15|C2CD2L|HS3ST2|SYNPO|IGSF9|TINAGL1|RHBDF1|ITPKC|CAMKK1|ZNF827|BCL9L,-1.4,MyList
Transcription Factor Targets,16,M4644,DR1 Q3,,-3.4,2.4,4.1,30230,264,896,19,2.1,0.48,664|1949|4739|5099|5606|5978|6660|9854|25876|25960|57348|79005|79870|83707|112950|140606|160760|201191|388695,BNIP3|EFNB3|NEDD9|PCDH7|MAP2K3|REST|SOX5|C2CD2L|SPEF1|ADGRA2|TTYH1|SCNM1|BAALC|TRPT1|MED8|SELENOM|PPTC7|SAMD14|LYSMD1,-1.4,MyList
Transcription Factor Targets,16,M9034,OCT1 04,,-3.4,2.5,4.1,30230,243,896,18,2,0.47,595|2049|4211|4286|4335|4848|4885|5076|6660|7799|9734|9846|10602|27086|51199|79777|84631|100131755,CCND1|EPHB3|MEIS1|MITF|MNT|CNOT2|NPTX2|PAX2|SOX5|PRDM2|HDAC9|GAB2|CDC42EP3|FOXP1|NIN|ACBD4|SLITRK2|ARMCX4,-1.4,MyList
Cell Type Signatures,7,M39162,GAO LARGE INTESTINE ADULT CE OLFM4HIGH STEM CELL,,-3.4,2.2,4,30230,374,896,24,2.7,0.54,730|4661|4772|4900|6909|9811|10082|11030|11346|23627|51199|57479|57683|57724|64375|84969|85453|114990|151887|340719|400566|400793|644150|728276,C7|MYT1|NFATC1|NRGN|TBX2|CTIF|GPC6|RBPMS|SYNPO|PRND|NIN|PRR12|ZDBF2|EPG5|IKZF4|TOX2|TSPYL5|VASN|CCDC80|NANOS1|LIAT1|C1orf226|WIPF3|CLEC19A,-1.4,MyList
Cell Type Signatures,7,M41713,FAN OVARY CL11 MURAL GRANULOSA CELL,,-3.4,2.1,3.9,30230,443,896,27,3,0.57,71|1164|1265|2002|3667|4267|6001|8496|8660|10138|10318|10413|10653|10848|23528|27086|27125|27338|51155|51322|55859|56987|63877|65124|79848|151987|644150,ACTG1|CKS2|CNN2|ELK1|IRS1|CD99|RGS10|PPFIBP1|IRS2|YAF2|TNIP1|YAP1|SPINT2|PPP1R13L|ZNF281|FOXP1|AFF4|UBE2S|JPT1|WAC|BEX1|BBX|FAM204A|SOWAHC|CSPP1|PPP4R2|WIPF3,-1.4,MyList
DisGeNET,35,C0345967,Malignant mesothelioma,,-3.4,2.1,3.9,30230,420,896,26,2.9,0.56,595|735|1026|2067|2158|2719|2861|3082|3383|3479|4052|6320|6387|6628|6696|7270|7424|9113|9759|9843|10413|29108|79006|317781|340719|400566,CCND1|C9|CDKN1A|ERCC1|F9|GPC3|GPR37|HGF|ICAM1|IGF1|LTBP1|CLEC11A|CXCL12|SNRPB|SPP1|TTF1|VEGFC|LATS1|HDAC4|HEPH|YAP1|PYCARD|METRN|DDX51|NANOS1|LIAT1,-1.4,MyList
Transcription Factor Targets,16,M30025,IGLV5 37 TARGET GENES,,-3.4,1.9,3.8,30230,636,896,35,3.9,0.65,71|1307|2039|2869|3083|3166|3667|3955|4324|4734|4772|6320|6387|6489|7136|7138|8425|9478|9620|10413|10602|27237|57117|57513|57804|59269|65078|80303|89884|90378|134637|152485|284297|404093|768206,ACTG1|COL16A1|DMTN|GRK5|HGFAC|HMX1|IRS1|LFNG|MMP15|NEDD4|NFATC1|CLEC11A|CXCL12|ST8SIA1|TNNI2|TNNT1|LTBP4|CABP1|CELSR1|YAP1|CDC42EP3|ARHGEF16|INTS12|CASKIN2|POLD4|HIVEP3|RTN4R|EFHD1|LHX4|SAMD1|ADAT2|ZNF827|SSC5D|CUEDC1|PRCD,-1.4,MyList
Transcription Factor Targets,16,M1224,TCF4 Q5,,-3.4,2.5,4.1,30230,244,896,18,2,0.47,4286|4311|4634|4739|5099|6660|6934|7799|8165|9139|9846|10067|55553|79005|84530|89884|147339|388695,MITF|MME|MYL3|NEDD9|PCDH7|SOX5|TCF7L2|PRDM2|AKAP1|CBFA2T2|GAB2|SCAMP3|SOX6|SCNM1|SRRM4|LHX4|ARK2N|LYSMD1,-1.4,MyList
DisGeNET,35,C0015302,External exotoses,,-3.4,3.4,4.4,30230,109,896,11,1.2,0.37,822|1634|3479|6239|6696|6934|7227|7286|8751|9759|84444,CAPG|DCN|IGF1|RREB1|SPP1|TCF7L2|TRPS1|TUFT1|ADAM15|HDAC4|DOT1L,-1.4,MyList
Transcription Factor Targets,16,M13482,ZIC1 01,,-3.4,2.4,4,30230,266,896,19,2.1,0.48,1501|4653|4917|6522|8766|9500|11278|29903|50487|57509|57513|57555|57649|81628|84668|124790|148113|401474|404093,CTNND2|MYOC|NTN3|SLC4A2|RAB11A|MAGED1|KLF12|CCDC106|PLA2G3|MTUS1|CASKIN2|NLGN2|PHF12|TSC22D4|HYCC1|HEXIM2|CILP2|SAMD12|CUEDC1,-1.4,MyList
DisGeNET,35,C0035309,Retinal Diseases,,-3.4,1.8,3.8,30230,713,896,38,4.2,0.67,361|595|629|972|1634|1636|1948|2073|2158|3082|3383|3479|3489|3621|4155|4286|4854|4885|5606|5806|6387|6934|7424|9734|10018|25978|29108|51129|53342|54107|54714|54806|55975|57010|57804|84140|84335|94137,AQP4|CCND1|CFB|CD74|DCN|ACE|EFNB2|ERCC5|F9|HGF|ICAM1|IGF1|IGFBP6|ING1|MBP|MITF|NOTCH3|NPTX2|MAP2K3|PTX3|CXCL12|TCF7L2|VEGFC|HDAC9|BCL2L11|CHMP2B|PYCARD|ANGPTL4|IL17D|POLE3|CNGB3|AHI1|KLHL7|CABP4|POLD4|FAM161A|AKT1S1|RP1L1,-1.4,MyList
DisGeNET,35,C0004936,Mental disorders,,-3.4,1.8,3.7,30230,789,896,41,4.6,0.7,71|361|607|1453|1454|1501|1636|3270|3383|3479|4155|4661|4900|5116|5662|5978|6281|6383|6387|6618|6792|6925|7200|8926|9607|9734|9759|22986|23054|27086|29108|51070|54487|54806|54820|57468|57555|79778|81565|140733|147339,ACTG1|AQP4|BCL9|CSNK1D|CSNK1E|CTNND2|ACE|HRC|ICAM1|IGF1|MBP|MYT1|NRGN|PCNT|PSD|REST|S100A10|SDC2|CXCL12|SNAPC2|CDKL5|TCF4|TRH|SNURF|CARTPT|HDAC9|HDAC4|SORCS3|NCOA6|FOXP1|PYCARD|NOSIP|DGCR8|AHI1|NDE1|SLC12A5|NLGN2|MICALL2|NDEL1|MACROD2|ARK2N,-1.4,MyList
Cell Type Signatures,7,M40228,DESCARTES FETAL LIVER MESOTHELIAL CELLS,,-3.4,2.3,4,30230,310,896,21,2.3,0.51,770|2619|3400|4062|4969|6281|6692|7092|7138|10529|23767|53822|54714|55228|57549|112464|148398|151887|255743|266727|392617,CA11|GAS1|ID4|LY6H|OGN|S100A10|SPINT1|TLL1|TNNT1|NEBL|FLRT3|FXYD7|CNGB3|PNMA8A|IGSF9|CAVIN3|SAMD11|CCDC80|NPNT|MDGA1|ELFN1,-1.4,MyList
DisGeNET,35,C0740457,Malignant neoplasm of kidney,,-3.4,1.8,3.8,30230,664,896,36,4,0.66,350|595|858|972|1026|1039|1636|3082|3270|3297|3383|4286|4311|5076|6091|6387|6696|6777|6925|7030|7942|9113|9139|9825|10631|23368|23373|25978|29108|51129|54984|58191|80274|84260|84335|252983,APOH|CCND1|CAV2|CD74|CDKN1A|CDR2|ACE|HGF|HRC|HSF1|ICAM1|MITF|MME|PAX2|ROBO1|CXCL12|SPP1|STAT5B|TCF4|TFE3|TFEB|LATS1|CBFA2T2|SPATA2|POSTN|PPP1R13B|CRTC1|CHMP2B|PYCARD|ANGPTL4|PINX1|CXCL16|SCUBE1|TCHP|AKT1S1|STXBP4,-1.4,MyList
DisGeNET,35,C1842937,"AURAL ATRESIA, CONGENITAL",,-3.4,3.4,4.4,30230,110,896,11,1.2,0.37,1636|2147|2162|3133|4155|4311|4854|6696|8553|9734|10529,ACE|F2|F13A1|HLA-E|MBP|MME|NOTCH3|SPP1|BHLHE40|HDAC9|NEBL,-1.3,MyList
DisGeNET,35,C0041341,Tuberous Sclerosis,,-3.4,2.3,4,30230,289,896,20,2.2,0.49,361|595|3082|3383|3479|3622|3667|4311|5564|6383|6692|6696|6925|7424|8660|10018|23239|23373|57468|83987,AQP4|CCND1|HGF|ICAM1|IGF1|ING2|IRS1|MME|PRKAB1|SDC2|SPINT1|SPP1|TCF4|VEGFC|IRS2|BCL2L11|PHLPP1|CRTC1|SLC12A5|CCDC8,-1.3,MyList
Cell Type Signatures,7,M41750,RUBENSTEIN SKELETAL MUSCLE FBN1 FAP CELLS,,-3.4,2.3,4,30230,289,896,20,2.2,0.49,71|715|1163|1634|2619|3489|4267|5118|6281|6383|6747|6880|8425|26471|80303|94031|112464|140606|151887|284018,ACTG1|C1R|CKS1B|DCN|GAS1|IGFBP6|CD99|PCOLCE|S100A10|SDC2|SSR3|TAF9|LTBP4|NUPR1|EFHD1|HTRA3|CAVIN3|SELENOM|CCDC80|C17orf58,-1.3,MyList
DisGeNET,35,C1378703,Renal carcinoma,,-3.4,1.8,3.8,30230,665,896,36,4,0.66,350|595|858|972|1026|1039|1636|2719|3082|3270|3297|3383|3479|4286|4311|5076|5546|6387|6696|6777|6925|7030|7942|9113|9139|10631|23368|23373|25978|29108|54984|58191|84260|84335|220296|252983,APOH|CCND1|CAV2|CD74|CDKN1A|CDR2|ACE|GPC3|HGF|HRC|HSF1|ICAM1|IGF1|MITF|MME|PAX2|PRCC|CXCL12|SPP1|STAT5B|TCF4|TFE3|TFEB|LATS1|CBFA2T2|POSTN|PPP1R13B|CRTC1|CHMP2B|PYCARD|PINX1|CXCL16|TCHP|AKT1S1|HEPACAM|STXBP4,-1.3,MyList
Cell Type Signatures,7,M39279,DURANTE ADULT OLFACTORY NEUROEPITHELIUM VASCULAR SMOOTH MUSCLE CELLS,,-3.4,3.6,4.4,30230,93,896,10,1.1,0.35,2687|3400|4854|7041|7145|10398|25959|64129|80303|112464,GGT5|ID4|NOTCH3|TGFB1I1|TNS1|MYL9|KANK2|TINAGL1|EFHD1|CAVIN3,-1.3,MyList
Transcription Factor Targets,16,M5331,LXR DR4 Q3,,-3.4,3.6,4.4,30230,93,896,10,1.1,0.35,1307|4286|6882|7942|9759|22807|25978|27086|220296|388115,COL16A1|MITF|TAF11|TFEB|HDAC4|IKZF2|CHMP2B|FOXP1|HEPACAM|CCDC9B,-1.3,MyList
DisGeNET,35,C0271527,Cryptogenic sexual precocity,,-3.4,10,5.9,30230,13,896,4,0.45,0.22,2104|3479|60676|153222,ESRRG|IGF1|PAPPA2|CREBRF,-1.3,MyList
TRRUST,34,TRR01239,Regulated by: SMARCA4,,-3.4,10,5.9,30230,13,896,4,0.45,0.22,595|1026|2122|150383,CCND1|CDKN1A|MECOM|CDPF1,-1.3,MyList
Transcription Factor Targets,16,M17180,CREB 01,,-3.4,2.4,4,30230,268,896,19,2.1,0.48,665|2824|4052|4286|9956|10150|23208|27125|51562|54806|58191|65056|79169|84530|84872|93380|116840|317781|345757,BNIP3L|GPM6B|LTBP1|MITF|HS3ST2|MBNL2|SYT11|AFF4|MBIP|AHI1|CXCL16|GPBP1|C1orf35|SRRM4|ZC3H10|MMGT1|CNTROB|DDX51|FAM174A,-1.3,MyList
DisGeNET,35,C0038379,Strabismus,,-3.4,1.8,3.7,30230,716,896,38,4.2,0.67,2073|2077|2619|4286|4703|4810|5076|5148|5980|6239|6660|6792|6925|6938|6942|7319|9289|9723|10297|10413|10848|22983|23247|26146|27086|29911|51244|51322|54539|54806|55906|55975|57010|65062|79140|79848|284058|646960,ERCC5|ERF|GAS1|MITF|NEB|NHS|PAX2|PDE6G|REV3L|RREB1|SOX5|CDKL5|TCF4|TCF12|TCF20|UBE2A|ADGRG1|SEMA3E|APC2|YAP1|PPP1R13L|MAST1|KATNIP|TRAF3IP1|FOXP1|HOOK2|CCDC174|WAC|NDUFB11|AHI1|ZC4H2|KLHL7|CABP4|TMEM237|CCDC28B|CSPP1|KANSL1|PRSS56,-1.3,MyList
Cell Type Signatures,7,M39168,MURARO PANCREAS ALPHA CELL,,-3.3,1.9,3.8,30230,568,896,32,3.6,0.62,333|350|1113|1501|4717|5126|6383|6489|8766|9500|9705|10082|10602|10653|23420|23635|27324|30011|53826|54539|54806|55859|57555|57630|60676|79080|83648|83692|89796|124565|140597|255743,APLP1|APOH|CHGA|CTNND2|NDUFC1|PCSK2|SDC2|ST8SIA1|RAB11A|MAGED1|ST18|GPC6|CDC42EP3|SPINT2|NOMO1|SSBP2|TOX3|SH3KBP1|FXYD6|NDUFB11|AHI1|BEX1|NLGN2|SH3RF1|PAPPA2|CCDC86|FAM167A|CD99L2|NAV1|SLC38A10|TCEAL2|NPNT,-1.3,MyList
Transcription Factor Targets,16,M15558,OCT1 B,,-3.3,2.4,4,30230,269,896,19,2.1,0.48,1454|2049|4286|4734|6457|6938|9388|9734|9846|11278|27086|27338|30850|51562|79777|81558|126299|144108|100131755,CSNK1E|EPHB3|MITF|NEDD4|SH3GL3|TCF12|LIPG|HDAC9|GAB2|KLF12|FOXP1|UBE2S|CDR2L|MBIP|ACBD4|FAM117A|ZNF428|SPTY2D1|ARMCX4,-1.3,MyList
Transcription Factor Targets,16,M19331,PR Q2,,-3.3,2.4,4,30230,269,896,19,2.1,0.48,607|819|862|2824|4848|5076|6660|6938|9547|9854|23635|25921|51274|54751|57804|64375|146542|159195|220296,BCL9|CAMLG|RUNX1T1|GPM6B|CNOT2|PAX2|SOX5|TCF12|CXCL14|C2CD2L|SSBP2|ZDHHC5|KLF3|FBLIM1|POLD4|IKZF4|ZNF688|USP54|HEPACAM,-1.3,MyList
Transcription Factor Targets,16,M8413,EN1 01,,-3.3,3.3,4.3,30230,111,896,11,1.2,0.37,819|862|2719|4286|4756|5101|6925|7942|26037|27125|140890,CAMLG|RUNX1T1|GPC3|MITF|NEO1|PCDH9|TCF4|TFEB|SIPA1L1|AFF4|SREK1,-1.3,MyList
Transcription Factor Targets,16,M551,TEF1 Q6,,-3.3,2.5,4,30230,227,896,17,1.9,0.46,1163|5076|6464|6764|7059|9411|26099|51286|53826|54462|57804|64129|85456|89884|112464|127733|283149,CKS1B|PAX2|SHC1|DENND2B|THBS3|ARHGAP29|SZRD1|CEND1|FXYD6|CCSER2|POLD4|TINAGL1|TNKS1BP1|LHX4|CAVIN3|UBXN10|BCL9L,-1.3,MyList
Transcription Factor Targets,16,M9364,SRF Q6,,-3.3,2.4,4,30230,248,896,18,2,0.47,1265|1454|3014|3479|5099|6777|7041|9478|10398|11155|27086|55122|57512|57649|59269|80303|89796|127435,CNN2|CSNK1E|H2AX|IGF1|PCDH7|STAT5B|TGFB1I1|CABP1|MYL9|LDB3|FOXP1|AKIRIN2|GPR158|PHF12|HIVEP3|EFHD1|NAV1|PODN,-1.3,MyList
DisGeNET,35,C0010308,Congenital Hypothyroidism,,-3.3,3.6,4.4,30230,94,896,10,1.1,0.35,1946|2044|3479|4744|4900|5076|6906|7200|7270|9611,EFNA5|EPHA5|IGF1|NEFH|NRGN|PAX2|SERPINA7|TRH|TTF1|NCOR1,-1.3,MyList
Transcription Factor Targets,16,M30042,KMT2D TARGET GENES,,-3.3,1.7,3.7,30230,795,896,41,4.6,0.7,904|1454|1475|2067|3955|4216|4685|5101|7942|8601|10252|10318|10413|11135|23635|25771|25937|25987|26037|26586|54906|55553|56998|57509|57549|63905|64097|64129|64285|64857|79608|84444|84629|89796|90378|93643|140733|148223|162427|401466|404093,CCNT1|CSNK1E|CSTA|ERCC1|LFNG|MAP3K4|NCAM2|PCDH9|TFEB|RGS20|SPRY1|TNIP1|YAP1|CDC42EP1|SSBP2|TBC1D22A|WWTR1|TSKU|SIPA1L1|CKAP2|TASOR2|SOX6|CTNNBIP1|MTUS1|IGSF9|MANBAL|EPB41L4A|TINAGL1|RHBDF1|PLEKHG2|RIC3|DOT1L|TNRC18|NAV1|SAMD1|TJAP1|MACROD2|C19orf25|RETREG3|RBIS|CUEDC1,-1.3,MyList
DisGeNET,35,C0206622,Adenomyoma,,-3.3,17,6.8,30230,6,896,3,0.33,0.19,595|1026|4311,CCND1|CDKN1A|MME,-1.3,MyList
DisGeNET,35,C3553517,CORNELIA DE LANGE SYNDROME 4,,-3.3,17,6.8,30230,6,896,3,0.33,0.19,607|7227|84294,BCL9|TRPS1|UTP23,-1.3,MyList
DisGeNET,35,C4732857,Hypoplasia of mandible relative to maxilla,,-3.3,17,6.8,30230,6,896,3,0.33,0.19,2961|7737|136647,GTF2E2|RNF113A|MPLKIP,-1.3,MyList
DisGeNET,35,C0334331,Juxtaglomerular tumor,,-3.3,17,6.8,30230,6,896,3,0.33,0.19,595|1636|7030,CCND1|ACE|TFE3,-1.3,MyList
DisGeNET,35,C4022736,Impaired social reciprocity,,-3.3,17,6.8,30230,6,896,3,0.33,0.19,2961|7737|136647,GTF2E2|RNF113A|MPLKIP,-1.3,MyList
DisGeNET,35,C4024892,Congenital exfoliative erythroderma,,-3.3,17,6.8,30230,6,896,3,0.33,0.19,2961|7737|136647,GTF2E2|RNF113A|MPLKIP,-1.3,MyList
DisGeNET,35,C1511306,Breast Diffuse Large B-Cell Lymphoma,,-3.3,17,6.8,30230,6,896,3,0.33,0.19,4288|4311|84939,MKI67|MME|PWWP3A,-1.3,MyList
DisGeNET,35,C1337036,Renal Cell Carcinoma Associated with Xp11.2 Translocations/TFE3 Gene Fusions,,-3.3,17,6.8,30230,6,896,3,0.33,0.19,4286|7030|7942,MITF|TFE3|TFEB,-1.3,MyList
TRRUST,34,TRR00918,Regulated by: NUPR1,,-3.3,17,6.8,30230,6,896,3,0.33,0.19,1026|150383|339287,CDKN1A|CDPF1|MSL1,-1.3,MyList
TRRUST,34,TRR00871,Regulated by: NFIB,,-3.3,17,6.8,30230,6,896,3,0.33,0.19,1026|4155|150383,CDKN1A|MBP|CDPF1,-1.3,MyList
TRRUST,34,TRR01434,Regulated by: TSC22D3,,-3.3,17,6.8,30230,6,896,3,0.33,0.19,595|1026|150383,CCND1|CDKN1A|CDPF1,-1.3,MyList
DisGeNET,35,C4023792,Paraplegia/paraparesis,,-3.3,17,6.8,30230,6,896,3,0.33,0.19,2961|7737|136647,GTF2E2|RNF113A|MPLKIP,-1.3,MyList
TRRUST,34,TRR00339,Regulated by: FHL2,,-3.3,17,6.8,30230,6,896,3,0.33,0.19,595|1026|150383,CCND1|CDKN1A|CDPF1,-1.3,MyList
Transcription Factor Targets,16,M30115,PCGF1 TARGET GENES,,-3.3,1.9,3.8,30230,546,896,31,3.5,0.61,605|664|1028|1948|2039|4291|4664|4772|6874|8165|8553|8751|9846|23368|26039|27245|51070|51177|54507|57479|57584|57587|57620|57690|64856|65056|79047|79777|80774|114908|340719,BCL7A|BNIP3|CDKN1C|EFNB2|DMTN|MLF1|NAB1|NFATC1|TAF4|AKAP1|BHLHE40|ADAM15|GAB2|PPP1R13B|SS18L1|AHDC1|NOSIP|PLEKHO1|ADAMTSL4|PRR12|ARHGAP21|CFAP97|STIM2|TNRC6C|VWA1|GPBP1|KCTD15|ACBD4|LIMD2|TMEM123|NANOS1,-1.3,MyList
Cell Type Signatures,7,M39291,DURANTE ADULT OLFACTORY NEUROEPITHELIUM MATURE NEURONS,,-3.3,2.7,4.1,30230,187,896,15,1.7,0.43,333|1113|1946|4291|5101|10653|25876|53826|55859|56776|65055|80303|113263|158038|203069,APLP1|CHGA|EFNA5|MLF1|PCDH9|SPINT2|SPEF1|FXYD6|BEX1|FMN2|REEP1|EFHD1|GLCCI1|LINGO2|R3HCC1,-1.3,MyList
TRRUST,34,TRR01521,Regulated by: VHL,,-3.3,7.3,5.3,30230,23,896,5,0.56,0.25,595|1028|6925|6934|8553,CCND1|CDKN1C|TCF4|TCF7L2|BHLHE40,-1.3,MyList
Transcription Factor Targets,16,M11587,CHX10 01,,-3.3,2.5,4,30230,228,896,17,1.9,0.46,2719|4286|4756|5101|5564|6002|10529|23627|23767|54510|57509|57512|57555|64111|79365|84988|94137,GPC3|MITF|NEO1|PCDH9|PRKAB1|RGS12|NEBL|PRND|FLRT3|PCDH18|MTUS1|GPR158|NLGN2|NPVF|BHLHE41|PPP1R16A|RP1L1,-1.3,MyList
Transcription Factor Targets,16,M4774,FOXO1 02,,-3.3,2.4,4,30230,249,896,18,2,0.47,460|1026|1028|1389|1979|4286|4734|6457|6764|7059|11278|54510|57630|64375|84335|140890|153222|266727,ASTN1|CDKN1A|CDKN1C|CREBL2|EIF4EBP2|MITF|NEDD4|SH3GL3|DENND2B|THBS3|KLF12|PCDH18|SH3RF1|IKZF4|AKT1S1|SREK1|CREBRF|MDGA1,-1.3,MyList
Transcription Factor Targets,16,M7689,MEIS1 01,,-3.3,2.4,4,30230,249,896,18,2,0.47,862|2104|4661|4848|6934|8658|9843|9846|10318|10524|23767|51132|55122|56998|57724|85456|148398|153222,RUNX1T1|ESRRG|MYT1|CNOT2|TCF7L2|TNKS|HEPH|GAB2|TNIP1|KAT5|FLRT3|RLIM|AKIRIN2|CTNNBIP1|EPG5|TNKS1BP1|SAMD11|CREBRF,-1.3,MyList
Transcription Factor Targets,16,M13600,OCT1 07,,-3.3,2.8,4.1,30230,168,896,14,1.6,0.41,595|862|2104|4155|4661|4734|4756|5218|9734|9843|57509|151887|220296|284018,CCND1|RUNX1T1|ESRRG|MBP|MYT1|NEDD4|NEO1|CDK14|HDAC9|HEPH|MTUS1|CCDC80|HEPACAM|C17orf58,-1.3,MyList
DisGeNET,35,C0008074,"Child Development Disorders, Pervasive",,-3.3,2.8,4.1,30230,168,896,14,1.6,0.41,2147|4900|5101|6925|6942|22986|23368|27086|57496|57591|79004|140733|284058|348980,F2|NRGN|PCDH9|TCF4|TCF20|SORCS3|PPP1R13B|FOXP1|MRTFB|MRTFA|CUEDC2|MACROD2|KANSL1|HCN1,-1.3,MyList
Transcription Factor Targets,16,M11791,SP1 Q2 01,,-3.3,2.4,4,30230,250,896,18,2,0.47,1636|1949|2122|3622|4854|5076|6909|6938|7703|8861|9854|23054|55815|79365|84254|112574|150864|283149,ACE|EFNB3|MECOM|ING2|NOTCH3|PAX2|TBX2|TCF12|PCGF2|LDB1|C2CD2L|NCOA6|TSNAXIP1|BHLHE41|CAMKK1|SNX18|FAM117B|BCL9L,-1.3,MyList
DisGeNET,35,C0271801,Central hypothyroidism,,-3.3,5.8,4.9,30230,35,896,6,0.67,0.27,1028|1636|7200|23247|51199|89884,CDKN1C|ACE|TRH|KATNIP|NIN|LHX4,-1.3,MyList
DisGeNET,35,C0153690,Secondary malignant neoplasm of bone,,-3.3,1.8,3.7,30230,647,896,35,3.9,0.65,607|1028|1475|1634|2162|3082|3383|3479|4267|4854|5099|5806|5978|6387|6660|6696|6909|8805|9547|10318|10413|10631|10653|10848|25937|26103|27324|29997|58191|80310|112464|138428|219541|255743|400566,BCL9|CDKN1C|CSTA|DCN|F13A1|HGF|ICAM1|IGF1|CD99|NOTCH3|PCDH7|PTX3|REST|CXCL12|SOX5|SPP1|TBX2|TRIM24|CXCL14|TNIP1|YAP1|POSTN|SPINT2|PPP1R13L|WWTR1|LRIT1|TOX3|NOP53|CXCL16|PDGFD|CAVIN3|PTRH1|MED19|NPNT|LIAT1,-1.3,MyList
Transcription Factor Targets,16,M2490,STAT6 01,,-3.3,2.4,3.9,30230,272,896,19,2.1,0.48,2158|3383|4756|4848|5606|6489|6925|7227|8165|23528|23767|25876|51322|54785|56987|80303|84631|90861|255743,F9|ICAM1|NEO1|CNOT2|MAP2K3|ST8SIA1|TCF4|TRPS1|AKAP1|ZNF281|FLRT3|SPEF1|WAC|BORCS6|BBX|EFHD1|SLITRK2|JPT2|NPNT,-1.3,MyList
DisGeNET,35,C0518015,Hemoglobin measurement,,-3.3,3.1,4.2,30230,131,896,12,1.3,0.38,2122|3046|4286|4299|6764|7059|7227|8766|57619|83986|84444|124045,MECOM|HBE1|MITF|AFF1|DENND2B|THBS3|TRPS1|RAB11A|SHROOM3|FAM234A|DOT1L|SPATA33,-1.3,MyList
DisGeNET,35,C1840077,Anteverted nostril,,-3.3,2.1,3.8,30230,407,896,25,2.8,0.55,2077|2619|2719|2737|3955|4286|5148|6792|6925|9326|9759|10082|10297|23247|54806|55906|55975|56006|57670|65062|79848|83987|84140|112752|768206,ERF|GAS1|GPC3|GLI3|LFNG|MITF|PDE6G|CDKL5|TCF4|ZNHIT3|HDAC4|GPC6|APC2|KATNIP|AHI1|ZC4H2|KLHL7|SMG9|KIAA1549|TMEM237|CSPP1|CCDC8|FAM161A|IFT43|PRCD,-1.3,MyList
Transcription Factor Targets,16,M40717,MCM3 TARGET GENES,,-3.3,2.7,4,30230,189,896,15,1.7,0.43,605|607|819|9854|10489|11143|22794|26099|29997|51244|57456|81558|84335|153443|339448,BCL7A|BCL9|CAMLG|C2CD2L|LRRC41|KAT7|CASC3|SZRD1|NOP53|CCDC174|KIAA1143|FAM117A|AKT1S1|SRFBP1|C1orf174,-1.3,MyList
DisGeNET,35,C0027726,Nephrotic Syndrome,,-3.3,2.1,3.8,30230,384,896,24,2.7,0.54,361|595|715|1636|2147|2158|3263|4653|5076|6696|7030|8270|8694|8766|9640|11346|25959|50485|51129|54806|55243|92482|113263|255743,AQP4|CCND1|C1R|ACE|F2|F9|HPX|MYOC|PAX2|SPP1|TFE3|LAGE3|DGAT1|RAB11A|ZNF592|SYNPO|KANK2|SMARCAL1|ANGPTL4|AHI1|KIRREL1|BBIP1|GLCCI1|NPNT,-1.3,MyList
Cell Type Signatures,7,M39277,DURANTE ADULT OLFACTORY NEUROEPITHELIUM PERICYTES,,-3.3,3.8,4.4,30230,79,896,9,1,0.33,972|1026|2791|3133|3487|6387|6925|10252|220965,CD74|CDKN1A|GNG11|HLA-E|IGFBP4|CXCL12|TCF4|SPRY1|FAM13C,-1.3,MyList
Transcription Factor Targets,16,M5164,MYCMAX B,,-3.3,2.3,3.9,30230,273,896,19,2.1,0.48,595|4917|5076|6666|6882|6909|8510|9547|9811|25921|27338|51155|55139|79365|81628|83546|84969|127733|150864,CCND1|NTN3|PAX2|SOX12|TAF11|TBX2|MMP23B|CXCL14|CTIF|ZDHHC5|UBE2S|JPT1|ANKZF1|BHLHE41|TSC22D4|RTBDN|TOX2|UBXN10|FAM117B,-1.3,MyList
Transcription Factor Targets,16,M13237,BACH2 01,,-3.3,2.3,3.9,30230,273,896,19,2.1,0.48,1026|1824|4335|6777|7030|8165|9289|9956|11155|11346|57094|59269|64129|80271|81565|84254|152485|283149|401474,CDKN1A|DSC2|MNT|STAT5B|TFE3|AKAP1|ADGRG1|HS3ST2|LDB3|SYNPO|CPA6|HIVEP3|TINAGL1|ITPKC|NDEL1|CAMKK1|ZNF827|BCL9L|SAMD12,-1.3,MyList
DisGeNET,35,C0687120,Nephronophthisis,,-3.2,3.5,4.3,30230,96,896,10,1.1,0.35,1611|1636|5076|25937|26146|54806|79848|84070|112752|192668,DAP|ACE|PAX2|WWTR1|TRAF3IP1|AHI1|CSPP1|FAM186B|IFT43|CYS1,-1.3,MyList
DisGeNET,35,C0949541,Hurthle Cell Tumor,,-3.2,2.8,4.1,30230,170,896,14,1.6,0.41,595|664|1039|2158|3479|3487|4286|4311|5076|7030|7942|51129|84335|400566,CCND1|BNIP3|CDR2|F9|IGF1|IGFBP4|MITF|MME|PAX2|TFE3|TFEB|ANGPTL4|AKT1S1|LIAT1,-1.3,MyList
Transcription Factor Targets,16,M18894,TCANNTGAY SREBP1 01,,-3.2,2,3.7,30230,479,896,28,3.1,0.58,605|862|4060|5076|6096|6660|9388|9686|9846|10150|10524|11143|11278|22864|25792|25978|27086|27125|54629|55859|56849|63906|79058|84254|90843|136332|152485|283149,BCL7A|RUNX1T1|LUM|PAX2|RORB|SOX5|LIPG|VGLL4|GAB2|MBNL2|KAT5|KAT7|KLF12|R3HDM2|CIZ1|CHMP2B|FOXP1|AFF4|MINDY2|BEX1|TCEAL7|GPATCH3|ASPSCR1|CAMKK1|TCEAL8|LRGUK|ZNF827|BCL9L,-1.3,MyList
Transcription Factor Targets,16,M3572,LEF1 Q2,,-3.2,2.5,4,30230,231,896,17,1.9,0.46,1979|2104|2785|2869|6934|7799|9846|9857|10067|25987|55553|56181|57715|79005|89796|89884|388695,EIF4EBP2|ESRRG|GNG3|GRK5|TCF7L2|PRDM2|GAB2|CEP350|SCAMP3|TSKU|SOX6|MTFR1L|SEMA4G|SCNM1|NAV1|LHX4|LYSMD1,-1.3,MyList
DisGeNET,35,C1858085,Malar flattening,,-3.2,2.7,4,30230,190,896,15,1.7,0.43,2077|4854|6239|6628|7227|7319|7703|8425|9326|9723|10082|51132|54507|65062|83987,ERF|NOTCH3|RREB1|SNRPB|TRPS1|UBE2A|PCGF2|LTBP4|ZNHIT3|SEMA3E|GPC6|RLIM|ADAMTSL4|TMEM237|CCDC8,-1.3,MyList
Transcription Factor Targets,16,M11244,AREB6 01,,-3.2,2.3,3.9,30230,274,896,19,2.1,0.48,862|3400|3489|5099|5980|9734|9843|22997|25960|51070|51155|79365|81550|84254|84872|127733|283149|344658|401474,RUNX1T1|ID4|IGFBP6|PCDH7|REV3L|HDAC9|HEPH|IGSF9B|ADGRA2|NOSIP|JPT1|BHLHE41|TDRD3|CAMKK1|ZC3H10|UBXN10|BCL9L|SAMD7|SAMD12,-1.3,MyList
DisGeNET,35,C0796085,Nance-Horan syndrome,,-3.2,9.6,5.7,30230,14,896,4,0.45,0.22,3297|4810|6792|57224,HSF1|NHS|CDKL5|NHSL1,-1.3,MyList
DisGeNET,35,C0221261,Koilonychia,,-3.2,9.6,5.7,30230,14,896,4,0.45,0.22,2961|7227|7737|136647,GTF2E2|TRPS1|RNF113A|MPLKIP,-1.3,MyList
DisGeNET,35,C1859077,Aplasia/Hypoplasia of the nails,,-3.2,9.6,5.7,30230,14,896,4,0.45,0.22,2961|6660|7737|136647,GTF2E2|SOX5|RNF113A|MPLKIP,-1.3,MyList
Transcription Factor Targets,16,M1181,EFC Q6,,-3.2,2.3,3.9,30230,275,896,19,2.1,0.48,862|1949|4286|4900|5662|6239|6522|6777|8165|8660|9500|9854|51274|53826|55906|64320|83648|85456|152206,RUNX1T1|EFNB3|MITF|NRGN|PSD|RREB1|SLC4A2|STAT5B|AKAP1|IRS2|MAGED1|C2CD2L|KLF3|FXYD6|ZC4H2|RNF25|FAM167A|TNKS1BP1|CCDC13,-1.3,MyList
Cell Type Signatures,7,M39215,ZHENG CORD BLOOD C6 HSC MULTIPOTENT PROGENITOR,,-3.2,3.5,4.3,30230,97,896,10,1.1,0.35,972|2122|3133|4211|4300|6696|6925|55859|57602|58515,CD74|MECOM|HLA-E|MEIS1|MLLT3|SPP1|TCF4|BEX1|USP36|SELENOK,-1.3,MyList
Transcription Factor Targets,16,M3739,PPARA 02,,-3.2,3,4.1,30230,133,896,12,1.3,0.38,2077|2104|4335|4900|7044|10067|10749|25978|55815|57649|64599|160760,ERF|ESRRG|MNT|NRGN|LEFTY2|SCAMP3|KIF1C|CHMP2B|TSNAXIP1|PHF12|GIGYF1|PPTC7,-1.3,MyList
Transcription Factor Targets,16,M2146,STAT1 03,,-3.2,2.4,3.9,30230,254,896,18,2,0.47,595|1307|2077|2869|4900|9734|10282|23301|55122|59269|64375|79005|80271|93643|140890|153222|219654|388695,CCND1|COL16A1|ERF|GRK5|NRGN|HDAC9|BET1|EHBP1|AKIRIN2|HIVEP3|IKZF4|SCNM1|ITPKC|TJAP1|SREK1|CREBRF|ZCCHC24|LYSMD1,-1.3,MyList
Transcription Factor Targets,16,M2389,E47 02,,-3.2,2.4,3.9,30230,254,896,18,2,0.47,607|4885|5218|6666|9607|9734|22807|23518|51599|57513|57591|57715|59269|79035|127733|159195|160760|404093,BCL9|NPTX2|CDK14|SOX12|CARTPT|HDAC9|IKZF2|R3HDM1|LSR|CASKIN2|MRTFA|SEMA4G|HIVEP3|NABP2|UBXN10|USP54|PPTC7|CUEDC1,-1.3,MyList
Cell Type Signatures,7,M39221,LAKE ADULT KIDNEY C2 PODOCYTES,,-3.2,2.5,3.9,30230,212,896,16,1.8,0.44,868|1028|4311|6092|10082|10529|23635|55243|55553|56776|57117|57630|79848|140733|255743|644150,CBLB|CDKN1C|MME|ROBO2|GPC6|NEBL|SSBP2|KIRREL1|SOX6|FMN2|INTS12|SH3RF1|CSPP1|MACROD2|NPNT|WIPF3,-1.3,MyList
PaGenBase,36,PGB:00033,Tissue-specific: thyroid,,-3.2,2.5,3.9,30230,233,896,17,1.9,0.46,862|3400|3622|3667|4703|5126|6383|6482|6792|7136|7903|8751|9388|55859|81706|284297|440073,RUNX1T1|ID4|ING2|IRS1|NEB|PCSK2|SDC2|ST3GAL1|CDKL5|TNNI2|ST8SIA4|ADAM15|LIPG|BEX1|PPP1R14C|SSC5D|IQSEC3,-1.3,MyList
Transcription Factor Targets,16,M12915,NF1 Q6 01,,-3.2,2.3,3.9,30230,276,896,19,2.1,0.48,607|1113|1947|5098|6777|9139|10010|10150|10252|10631|25978|27125|54751|57512|57591|64320|64856|81849|401474,BCL9|CHGA|EFNB1|PCDHGC3|STAT5B|CBFA2T2|TANK|MBNL2|SPRY1|POSTN|CHMP2B|AFF4|FBLIM1|GPR158|MRTFA|RNF25|VWA1|ST6GALNAC5|SAMD12,-1.3,MyList
Transcription Factor Targets,16,M16022,CTAWWWATA RSRFC4 Q2,,-3.2,2.1,3.8,30230,366,896,23,2.6,0.53,1501|2824|3270|3479|3667|4772|6660|6769|8165|9611|9734|10602|22807|26037|27086|51564|57468|65055|80303|81558|84872|131377|283149,CTNND2|GPM6B|HRC|IGF1|IRS1|NFATC1|SOX5|STAC|AKAP1|NCOR1|HDAC9|CDC42EP3|IKZF2|SIPA1L1|FOXP1|HDAC7|SLC12A5|REEP1|EFHD1|FAM117A|ZC3H10|KLHL40|BCL9L,-1.3,MyList
Transcription Factor Targets,16,M16414,TAL1BETAE47 01,,-3.2,2.4,3.9,30230,255,896,18,2,0.47,862|4052|4703|6096|6281|6660|6938|10150|23518|25987|27086|30011|79035|81849|93643|127733|140606|284018,RUNX1T1|LTBP1|NEB|RORB|S100A10|SOX5|TCF12|MBNL2|R3HDM1|TSKU|FOXP1|SH3KBP1|NABP2|ST6GALNAC5|TJAP1|UBXN10|SELENOM|C17orf58,-1.3,MyList
DisGeNET,35,C0085220,Cerebral Amyloid Angiopathy,,-3.2,4.2,4.4,30230,65,896,8,0.89,0.31,361|1636|2147|4155|4311|4854|9734|51129,AQP4|ACE|F2|MBP|MME|NOTCH3|HDAC9|ANGPTL4,-1.3,MyList
Cell Type Signatures,7,M41673,TRAVAGLINI LUNG MYOFIBROBLAST CELL,,-3.2,4.2,4.4,30230,65,896,8,0.89,0.31,1307|1311|4739|6091|6092|6281|9547|10631,COL16A1|COMP|NEDD9|ROBO1|ROBO2|S100A10|CXCL14|POSTN,-1.3,MyList
Cell Type Signatures,7,M39034,FAN EMBRYONIC CTX ASTROCYTE 2,,-3.2,2.9,4,30230,153,896,13,1.5,0.4,361|3400|4501|5101|6383|6489|9289|57348|57575|65983|79608|84631|145864,AQP4|ID4|MT1X|PCDH9|SDC2|ST8SIA1|ADGRG1|TTYH1|PCDH10|GRAMD2B|RIC3|SLITRK2|HAPLN3,-1.3,MyList
DisGeNET,35,C0240063,Coloboma of iris,,-3.2,2.9,4,30230,153,896,13,1.5,0.4,71|2077|2619|4653|4854|9723|10413|23247|54539|54806|57479|65062|79848,ACTG1|ERF|GAS1|MYOC|NOTCH3|SEMA3E|YAP1|KATNIP|NDUFB11|AHI1|PRR12|TMEM237|CSPP1,-1.3,MyList
DisGeNET,35,C0206161,Reticulocyte count (procedure),,-3.2,2.5,3.9,30230,234,896,17,1.9,0.46,665|4795|6239|6764|6787|7145|7227|8660|10018|22983|25959|29911|55553|57664|147339|284058|388588,BNIP3L|NFKBIL1|RREB1|DENND2B|NEK4|TNS1|TRPS1|IRS2|BCL2L11|MAST1|KANK2|HOOK2|SOX6|PLEKHA4|ARK2N|KANSL1|SMIM1,-1.3,MyList
DisGeNET,35,C0007787,Transient Ischemic Attack,,-3.2,2.2,3.8,30230,344,896,22,2.5,0.52,71|361|664|972|1636|2002|2147|3014|3297|3383|3479|4052|4155|4744|4854|6387|6529|6696|6934|10133|50485|55872,ACTG1|AQP4|BNIP3|CD74|ACE|ELK1|F2|H2AX|HSF1|ICAM1|IGF1|LTBP1|MBP|NEFH|NOTCH3|CXCL12|SLC6A1|SPP1|TCF7L2|OPTN|SMARCAL1|PBK,-1.2,MyList
Transcription Factor Targets,16,M14862,P300 01,,-3.2,2.4,3.9,30230,256,896,18,2,0.47,770|1163|1949|2104|2719|2869|3622|4216|4772|6464|7942|8751|27086|54960|57804|79365|80012|81572,CA11|CKS1B|EFNB3|ESRRG|GPC3|GRK5|ING2|MAP3K4|NFATC1|SHC1|TFEB|ADAM15|FOXP1|GEMIN8|POLD4|BHLHE41|PHC3|PDRG1,-1.2,MyList
Transcription Factor Targets,16,M30281,ZNF223 TARGET GENES,,-3.2,2.2,3.8,30230,322,896,21,2.3,0.51,1028|3597|4267|5218|5782|7041|57648|57661|57804|66004|84248|84939|85302|89796|149603|157695|162427|283149|374395|404093|653784,CDKN1C|IL13RA1|CD99|CDK14|PTPN12|TGFB1I1|NHSL3|PHRF1|POLD4|LYNX1|FYTTD1|PWWP3A|FBF1|NAV1|RNF187|TDRP|RETREG3|BCL9L|TMEM179B|CUEDC1|MZT2A,-1.2,MyList
Cell Type Signatures,7,M41659,TRAVAGLINI LUNG ALVEOLAR EPITHELIAL TYPE 1 CELL,,-3.2,2.1,3.7,30230,391,896,24,2.7,0.54,71|361|858|1026|2869|3383|4501|4739|6281|6692|7145|8496|9411|9723|10398|10653|51177|57224|58191|79834|81849|84612|91461|374395,ACTG1|AQP4|CAV2|CDKN1A|GRK5|ICAM1|MT1X|NEDD9|S100A10|SPINT1|TNS1|PPFIBP1|ARHGAP29|SEMA3E|MYL9|SPINT2|PLEKHO1|NHSL1|CXCL16|PEAK1|ST6GALNAC5|PARD6B|PKDCC|TMEM179B,-1.2,MyList
DisGeNET,35,C0023465,Acute monocytic leukemia,,-3.1,1.8,3.6,30230,633,896,34,3.8,0.64,166|862|972|1026|1028|1611|1636|2122|2147|2737|3014|4211|4286|4300|4772|5564|6092|6239|6696|6777|7030|7424|9289|9607|9611|9734|9759|10010|10018|11143|55553|55872|79870|84441,TLE5|RUNX1T1|CD74|CDKN1A|CDKN1C|DAP|ACE|MECOM|F2|GLI3|H2AX|MEIS1|MITF|MLLT3|NFATC1|PRKAB1|ROBO2|RREB1|SPP1|STAT5B|TFE3|VEGFC|ADGRG1|CARTPT|NCOR1|HDAC9|HDAC4|TANK|BCL2L11|KAT7|SOX6|PBK|BAALC|MAML2,-1.2,MyList
DisGeNET,35,C1445957,Serum total cholesterol measurement,,-3.1,1.9,3.7,30230,486,896,28,3.1,0.58,350|1026|1997|2039|2122|3383|3667|5125|6002|6934|6938|7200|7227|9388|9530|9846|23051|23301|25959|54815|54901|55596|57523|64897|85463|112752|144108|150864,APOH|CDKN1A|ELF1|DMTN|MECOM|ICAM1|IRS1|PCSK5|RGS12|TCF7L2|TCF12|TRH|TRPS1|LIPG|BAG4|GAB2|ZHX3|EHBP1|KANK2|GATAD2A|CDKAL1|ZCCHC8|NYNRIN|C12orf43|ZC3H12C|IFT43|SPTY2D1|FAM117B,-1.2,MyList
Transcription Factor Targets,16,M30173,SOX10 TARGET GENES,,-3.1,2.2,3.8,30230,301,896,20,2.2,0.49,4286|4739|6660|7227|8601|8658|9759|11135|23051|27086|30011|54462|54820|54960|55553|57507|57509|57591|122060|159195,MITF|NEDD9|SOX5|TRPS1|RGS20|TNKS|HDAC4|CDC42EP1|ZHX3|FOXP1|SH3KBP1|CCSER2|NDE1|GEMIN8|SOX6|ZNF608|MTUS1|MRTFA|SLAIN1|USP54,-1.2,MyList
Transcription Factor Targets,16,M40788,NFXL1 TARGET GENES,,-3.1,2.1,3.7,30230,369,896,23,2.6,0.53,770|2737|3007|3660|6001|6692|6934|7030|9289|9686|10220|22841|22983|27245|54552|57664|65078|81628|81706|83692|84629|124565|170954,CA11|GLI3|H1-3|IRF2|RGS10|SPINT1|TCF7L2|TFE3|ADGRG1|VGLL4|GDF11|RAB11FIP2|MAST1|AHDC1|GNL3L|PLEKHA4|RTN4R|TSC22D4|PPP1R14C|CD99L2|TNRC18|SLC38A10|PPP1R18,-1.2,MyList
Transcription Factor Targets,16,M1793,ZF5 01,,-3.1,2.4,3.8,30230,237,896,17,1.9,0.46,605|1948|4324|4772|6777|6909|10489|22986|25921|51199|57649|79047|80774|84872|124790|220965|284018,BCL7A|EFNB2|MMP15|NFATC1|STAT5B|TBX2|LRRC41|SORCS3|ZDHHC5|NIN|PHF12|KCTD15|LIMD2|ZC3H10|HEXIM2|FAM13C|C17orf58,-1.2,MyList
Transcription Factor Targets,16,M1728,TCCCRNNRTGC UNKNOWN,,-3.1,2.5,3.9,30230,216,896,16,1.8,0.44,4155|5546|6522|10282|10849|22794|23518|25901|26146|51286|55122|55596|55957|79002|84901|126299,MBP|PRCC|SLC4A2|BET1|POLR1G|CASC3|R3HDM1|CCDC28A|TRAF3IP1|CEND1|AKIRIN2|ZCCHC8|LIN37|TRIR|NFATC2IP|ZNF428,-1.2,MyList
DisGeNET,35,C0008925,Cleft Palate,,-3.1,1.8,3.6,30230,611,896,33,3.7,0.63,1028|1947|2049|2162|2619|2719|2737|3955|4335|4703|4750|5980|6239|6628|6696|6792|6909|6934|7145|8897|9411|9611|9723|9759|10413|23767|27086|54806|55975|57619|57724|65062|79848,CDKN1C|EFNB1|EPHB3|F13A1|GAS1|GPC3|GLI3|LFNG|MNT|NEB|NEK1|REV3L|RREB1|SNRPB|SPP1|CDKL5|TBX2|TCF7L2|TNS1|MTMR3|ARHGAP29|NCOR1|SEMA3E|HDAC4|YAP1|FLRT3|FOXP1|AHI1|KLHL7|SHROOM3|EPG5|TMEM237|CSPP1,-1.2,MyList
Transcription Factor Targets,16,M30335,ZNF512 TARGET GENES,,-3.1,2,3.7,30230,441,896,26,2.9,0.56,1389|2122|4311|4750|4795|5546|6383|6660|7227|10133|10653|51070|51129|51133|54107|55553|57664|60676|79004|79596|93643|136332|219654|219738|266727|400916,CREBL2|MECOM|MME|NEK1|NFKBIL1|PRCC|SDC2|SOX5|TRPS1|OPTN|SPINT2|NOSIP|ANGPTL4|KCTD3|POLE3|SOX6|PLEKHA4|PAPPA2|CUEDC2|OBI1|TJAP1|LRGUK|ZCCHC24|FAM241B|MDGA1|CHCHD10,-1.2,MyList
Cell Type Signatures,7,M40029,BUSSLINGER DUODENAL MATURE ENTEROCYTES,,-3.1,2.3,3.8,30230,259,896,18,2,0.47,972|1026|1453|1636|3487|4311|6692|8694|10723|27237|29911|51129|54751|57549|57804|79778|93643|255743,CD74|CDKN1A|CSNK1D|ACE|IGFBP4|MME|SPINT1|DGAT1|SLC12A7|ARHGEF16|HOOK2|ANGPTL4|FBLIM1|IGSF9|POLD4|MICALL2|TJAP1|NPNT,-1.2,MyList
Transcription Factor Targets,16,M7355,HLF 01,,-3.1,2.3,3.8,30230,259,896,18,2,0.47,1454|2077|3621|5126|6091|6792|7942|8553|10150|23208|25921|27086|55975|56849|59269|64111|80012|83451,CSNK1E|ERF|ING1|PCSK2|ROBO1|CDKL5|TFEB|BHLHE40|MBNL2|SYT11|ZDHHC5|FOXP1|KLHL7|TCEAL7|HIVEP3|NPVF|PHC3|ABHD11,-1.2,MyList
Transcription Factor Targets,16,M13641,HFH3 01,,-3.1,2.6,3.9,30230,196,896,15,1.7,0.43,1454|4734|5978|6934|10602|11276|11278|22997|51199|54806|79047|84631|114990|127733|146059,CSNK1E|NEDD4|REST|TCF7L2|CDC42EP3|SYNRG|KLF12|IGSF9B|NIN|AHI1|KCTD15|SLITRK2|VASN|UBXN10|CDAN1,-1.2,MyList
DisGeNET,35,C1387005,Penis agenesis,,-3.1,2.5,3.8,30230,217,896,16,1.8,0.44,1028|2737|3479|4703|6792|6925|7319|7737|9723|23247|23767|51132|54539|60676|79140|131377,CDKN1C|GLI3|IGF1|NEB|CDKL5|TCF4|UBE2A|RNF113A|SEMA3E|KATNIP|FLRT3|RLIM|NDUFB11|PAPPA2|CCDC28B|KLHL40,-1.2,MyList
DisGeNET,35,C0027092,Myopia,,-3.1,1.9,3.6,30230,490,896,28,3.1,0.58,1501|1634|2961|3082|3479|4060|4653|5076|6660|6925|6934|6942|7737|7802|10133|50485|51322|54539|54820|55033|55589|55975|57010|79140|79848|112752|136647|646960,CTNND2|DCN|GTF2E2|HGF|IGF1|LUM|MYOC|PAX2|SOX5|TCF4|TCF7L2|TCF20|RNF113A|DNALI1|OPTN|SMARCAL1|WAC|NDUFB11|NDE1|FKBP14|BMP2K|KLHL7|CABP4|CCDC28B|CSPP1|IFT43|MPLKIP|PRSS56,-1.2,MyList
Transcription Factor Targets,16,M30211,TOP2B TARGET GENES,,-3.1,1.8,3.6,30230,613,896,33,3.7,0.63,1946|1947|4052|6047|7942|8694|8766|9325|10010|10362|10489|27086|29079|51133|51149|54908|57696|64375|64792|79777|80789|83444|83860|84331|134637|136647|146206|219738|257415|401466|403341|728568|768206,EFNA5|EFNB1|LTBP1|RNF4|TFEB|DGAT1|RAB11A|TRIP4|TANK|HMG20B|LRRC41|FOXP1|MED4|KCTD3|MRNIP|SPDL1|DDX55|IKZF4|IFT22|ACBD4|INTS5|INO80B|TAF3|MCRIP2|ADAT2|MPLKIP|CARMIL2|FAM241B|FAM133B|RBIS|ZBTB34|UQCC6|PRCD,-1.2,MyList
DisGeNET,35,C0206717,Olfactory Neuroblastoma,,-3.1,5.3,4.7,30230,38,896,6,0.67,0.27,595|1026|3479|4267|6777|7270,CCND1|CDKN1A|IGF1|CD99|STAT5B|TTF1,-1.2,MyList
Transcription Factor Targets,16,M14402,ATF4 Q2,,-3.1,2.3,3.8,30230,260,896,18,2,0.47,2824|4052|5101|5662|6882|9289|9956|10150|10524|51155|54806|58191|80271|83451|83648|84248|140606|317781,GPM6B|LTBP1|PCDH9|PSD|TAF11|ADGRG1|HS3ST2|MBNL2|KAT5|JPT1|AHI1|CXCL16|ITPKC|ABHD11|FAM167A|FYTTD1|SELENOM|DDX51,-1.2,MyList
Transcription Factor Targets,16,M17000,CP2 01,,-3.1,2.3,3.8,30230,260,896,18,2,0.47,2719|3489|4062|6666|6934|7041|7286|9478|9734|10749|51286|57555|64084|79047|80774|81628|84872|85456,GPC3|IGFBP6|LY6H|SOX12|TCF7L2|TGFB1I1|TUFT1|CABP1|HDAC9|KIF1C|CEND1|NLGN2|CLSTN2|KCTD15|LIMD2|TSC22D4|ZC3H10|TNKS1BP1,-1.2,MyList
DisGeNET,35,C0265535,Trigonocephaly,,-3.1,4.5,4.5,30230,52,896,7,0.78,0.29,71|1947|2077|2737|6938|27086|55975,ACTG1|EFNB1|ERF|GLI3|TCF12|FOXP1|KLHL7,-1.2,MyList
Transcription Factor Targets,16,M5959,IK1 01,,-3.1,2.3,3.8,30230,282,896,19,2.1,0.48,320|3383|3597|4052|5662|6787|9547|10318|11129|23518|27086|54107|56478|57591|64285|81558|84901|90861|93643,APBA1|ICAM1|IL13RA1|LTBP1|PSD|NEK4|CXCL14|TNIP1|CLASRP|R3HDM1|FOXP1|POLE3|EIF4ENIF1|MRTFA|RHBDF1|FAM117A|NFATC2IP|JPT2|TJAP1,-1.2,MyList
PaGenBase,36,PGB:00053,Tissue-specific: Prefrontal Cortex,,-3.1,14,6.2,30230,7,896,3,0.33,0.19,6925|6934|114787,TCF4|TCF7L2|GPRIN1,-1.2,MyList
DisGeNET,35,C1970269,"Choreoathetosis, Hypothyroidism, And Neonatal Respiratory Distress",,-3.1,14,6.2,30230,7,896,3,0.33,0.19,7270|25937|51562,TTF1|WWTR1|MBIP,-1.2,MyList
DisGeNET,35,C4073178,Tiger tail banding,,-3.1,14,6.2,30230,7,896,3,0.33,0.19,2961|7737|136647,GTF2E2|RNF113A|MPLKIP,-1.2,MyList
TRRUST,34,TRR01254,Regulated by: SOX6,,-3.1,14,6.2,30230,7,896,3,0.33,0.19,595|1026|150383,CCND1|CDKN1A|CDPF1,-1.2,MyList
Transcription Factor Targets,16,M4831,SP1 01,,-3.1,2.4,3.8,30230,239,896,17,1.9,0.46,2122|3622|4335|6909|6938|8897|9500|10101|10749|25959|27125|55033|55815|79365|84254|127435|283149,MECOM|ING2|MNT|TBX2|TCF12|MTMR3|MAGED1|NUBP2|KIF1C|KANK2|AFF4|FKBP14|TSNAXIP1|BHLHE41|CAMKK1|PODN|BCL9L,-1.2,MyList
Transcription Factor Targets,16,M15591,PIT1 Q6,,-3.1,2.4,3.8,30230,239,896,17,1.9,0.46,595|2104|4211|5076|6666|9607|9846|10150|22864|22997|54510|81706|83987|84631|90843|340719|387032,CCND1|ESRRG|MEIS1|PAX2|SOX12|CARTPT|GAB2|MBNL2|R3HDM2|IGSF9B|PCDH18|PPP1R14C|CCDC8|SLITRK2|TCEAL8|NANOS1|ZKSCAN4,-1.2,MyList
Transcription Factor Targets,16,M9852,CHOP 01,,-3.1,2.4,3.8,30230,239,896,17,1.9,0.46,862|4211|4863|5099|5101|5218|6522|6769|7456|8553|10018|11278|22997|51274|54510|57468|79047,RUNX1T1|MEIS1|NPAT|PCDH7|PCDH9|CDK14|SLC4A2|STAC|WIPF1|BHLHE40|BCL2L11|KLF12|IGSF9B|KLF3|PCDH18|SLC12A5|KCTD15,-1.2,MyList
DisGeNET,35,C4086152,Childhood Astrocytoma,,-3.1,1.8,3.5,30230,615,896,33,3.7,0.63,361|595|904|1026|2002|3014|3082|3383|3400|3479|3487|3621|4155|4267|4288|6387|6696|6777|6909|6925|6934|7200|8658|9113|9289|10133|10413|10848|23054|23239|23627|29108|65078,AQP4|CCND1|CCNT1|CDKN1A|ELK1|H2AX|HGF|ICAM1|ID4|IGF1|IGFBP4|ING1|MBP|CD99|MKI67|CXCL12|SPP1|STAT5B|TBX2|TCF4|TCF7L2|TRH|TNKS|LATS1|ADGRG1|OPTN|YAP1|PPP1R13L|NCOA6|PHLPP1|PRND|PYCARD|RTN4R,-1.2,MyList
Cell Type Signatures,7,M39064,MANNO MIDBRAIN NEUROTYPES HNBML1,,-3.1,2.2,3.7,30230,328,896,21,2.3,0.51,2785|4661|5101|6091|6092|9498|9723|10653|22983|27324|56776|57549|65009|79169|79948|80274|84524|84530|89796|221914|256714,GNG3|MYT1|PCDH9|ROBO1|ROBO2|SLC4A8|SEMA3E|SPINT2|MAST1|TOX3|FMN2|IGSF9|NDRG4|C1orf35|PLPPR3|SCUBE1|ZC3H8|SRRM4|NAV1|GPC2|MAP7D2,-1.2,MyList
Transcription Factor Targets,16,M40719,PAX6 TARGET GENES,,-3.1,1.7,3.5,30230,768,896,39,4.4,0.68,3400|3621|3955|4299|5806|5978|6047|6874|6925|6938|7942|8766|9326|9705|9759|9854|10010|10489|11056|23112|25901|27147|29855|29911|54462|55553|55791|55850|57117|64857|66004|80254|80789|83444|84872|124790|151887|200186|257397,ID4|ING1|LFNG|AFF1|PTX3|REST|RNF4|TAF4|TCF4|TCF12|TFEB|RAB11A|ZNHIT3|ST18|HDAC4|C2CD2L|TANK|LRRC41|DDX52|TNRC6B|CCDC28A|DENND2A|UBN1|HOOK2|CCSER2|SOX6|LRIF1|USE1|INTS12|PLEKHG2|LYNX1|CEP63|INTS5|INO80B|ZC3H10|HEXIM2|CCDC80|CRTC2|TAB3,-1.2,MyList
DisGeNET,35,C0220611,Childhood Rhabdomyosarcoma,,-3.1,1.9,3.6,30230,517,896,29,3.2,0.59,595|858|1026|1028|2737|3014|3082|3383|3479|3489|3667|4267|4288|4810|4854|6387|6696|6909|7030|7138|7903|8772|9734|9759|10252|10413|23528|58191|340719,CCND1|CAV2|CDKN1A|CDKN1C|GLI3|H2AX|HGF|ICAM1|IGF1|IGFBP6|IRS1|CD99|MKI67|NHS|NOTCH3|CXCL12|SPP1|TBX2|TFE3|TNNT1|ST8SIA4|FADD|HDAC9|HDAC4|SPRY1|YAP1|ZNF281|CXCL16|NANOS1,-1.2,MyList
DisGeNET,35,C3898147,Neonatal Hypoxic Ischemic Encephalopathy,,-3.1,6.5,4.9,30230,26,896,5,0.56,0.25,2147|2662|5564|6091|29108,F2|GDF10|PRKAB1|ROBO1|PYCARD,-1.2,MyList
DisGeNET,35,C4551568,Joubert syndrome 1,,-3.1,6.5,4.9,30230,26,896,5,0.56,0.25,23247|54806|65062|79778|79848,KATNIP|AHI1|TMEM237|MICALL2|CSPP1,-1.2,MyList
Transcription Factor Targets,16,M2958,GATA1 05,,-3,2.3,3.7,30230,284,896,19,2.1,0.48,862|2039|2122|4734|4756|5101|5782|6096|6239|6660|7227|11278|22807|65056|81558|84988|127733|148398|151887,RUNX1T1|DMTN|MECOM|NEDD4|NEO1|PCDH9|PTPN12|RORB|RREB1|SOX5|TRPS1|KLF12|IKZF2|GPBP1|FAM117A|PPP1R16A|UBXN10|SAMD11|CCDC80,-1.2,MyList
Transcription Factor Targets,16,M15061,HAND1E47 01,,-3,2.3,3.7,30230,284,896,19,2.1,0.48,730|862|2039|2122|4661|6281|6660|6777|6881|7737|8553|9139|9854|10101|10602|57591|64320|80817|85456,C7|RUNX1T1|DMTN|MECOM|MYT1|S100A10|SOX5|STAT5B|TAF10|RNF113A|BHLHE40|CBFA2T2|C2CD2L|NUBP2|CDC42EP3|MRTFA|RNF25|CEP44|TNKS1BP1,-1.2,MyList
Cell Type Signatures,7,M39259,MENON FETAL KIDNEY 9 ENDOTHELIAL CELLS,,-3,3.3,4.1,30230,102,896,10,1.1,0.35,595|972|1948|2791|3133|3487|4288|6925|9411|51199,CCND1|CD74|EFNB2|GNG11|HLA-E|IGFBP4|MKI67|TCF4|ARHGAP29|NIN,-1.2,MyList
DisGeNET,35,C1853737,Prominent occiput,,-3,4.5,4.4,30230,53,896,7,0.78,0.29,1028|2077|2737|3955|56006|112752|147965,CDKN1C|ERF|GLI3|LFNG|SMG9|IFT43|FAM98C,-1.2,MyList
Transcription Factor Targets,16,M30170,SNIP1 TARGET GENES,,-3,1.7,3.5,30230,771,896,39,4.4,0.68,705|2039|2067|3622|4335|6281|6787|6792|6881|6925|7286|9813|9878|10067|10749|24147|25937|27245|29079|29911|51599|55095|55139|57591|79004|83546|84629|84872|85456|90850|92482|123207|147339|203069|219654|220965|257415|317781|387032,BYSL|DMTN|ERCC1|ING2|MNT|S100A10|NEK4|CDKL5|TAF10|TCF4|TUFT1|EFCAB14|TOX4|SCAMP3|KIF1C|FJX1|WWTR1|AHDC1|MED4|HOOK2|LSR|SAMD4B|ANKZF1|MRTFA|CUEDC2|RTBDN|TNRC18|ZC3H10|TNKS1BP1|ZNF598|BBIP1|C15orf40|ARK2N|R3HCC1|ZCCHC24|FAM13C|FAM133B|DDX51|ZKSCAN4,-1.1,MyList
Transcription Factor Targets,16,M16291,YNGTTNNNATT UNKNOWN,,-3,2.1,3.6,30230,376,896,23,2.6,0.53,607|862|868|2104|4286|4734|6096|6660|6909|6938|9686|11143|22807|22864|23767|25978|57575|79047|79365|79848|81706|81849|143884,BCL9|RUNX1T1|CBLB|ESRRG|MITF|NEDD4|RORB|SOX5|TBX2|TCF12|VGLL4|KAT7|IKZF2|R3HDM2|FLRT3|CHMP2B|PCDH10|KCTD15|BHLHE41|CSPP1|PPP1R14C|ST6GALNAC5|CWF19L2,-1.1,MyList
DisGeNET,35,C0151908,Dry skin,,-3,2.8,3.9,30230,159,896,13,1.5,0.4,2073|2737|2961|4286|5116|7200|7319|7737|9325|10848|112752|136647|284058,ERCC5|GLI3|GTF2E2|MITF|PCNT|TRH|UBE2A|RNF113A|TRIP4|PPP1R13L|IFT43|MPLKIP|KANSL1,-1.1,MyList
Cell Type Signatures,7,M40233,DESCARTES FETAL LIVER STELLATE CELLS,,-3,2.8,3.9,30230,159,896,13,1.5,0.4,2687|3082|4060|6092|6764|6909|9547|10082|10252|10631|25960|80760|220965,GGT5|HGF|LUM|ROBO2|DENND2B|TBX2|CXCL14|GPC6|SPRY1|POSTN|ADGRA2|ITIH5|FAM13C,-1.1,MyList
DisGeNET,35,C4704874,"Mammary Carcinoma, Human",,-3,1.9,3.5,30230,545,896,30,3.3,0.6,595|972|2122|2662|3014|3479|4211|4288|4311|4854|6387|6696|7087|7424|8425|8751|9611|10010|10297|10318|10413|27324|51129|56100|63943|80774|90355|151647|252983|284615,CCND1|CD74|MECOM|GDF10|H2AX|IGF1|MEIS1|MKI67|MME|NOTCH3|CXCL12|SPP1|ICAM5|VEGFC|LTBP4|ADAM15|NCOR1|TANK|APC2|TNIP1|YAP1|TOX3|ANGPTL4|PCDHGB6|FKBPL|LIMD2|MACIR|TAFA4|STXBP4|ANKRD34A,-1.1,MyList
Transcription Factor Targets,16,M13889,PPAR DR1 Q2,,-3,2.3,3.7,30230,264,896,18,2,0.47,1307|1949|4739|5099|5606|5978|9547|9759|25876|57348|57584|79005|79365|83707|112950|160760|201191|388695,COL16A1|EFNB3|NEDD9|PCDH7|MAP2K3|REST|CXCL14|HDAC4|SPEF1|TTYH1|ARHGAP21|SCNM1|BHLHE41|TRPT1|MED8|PPTC7|SAMD14|LYSMD1,-1.1,MyList
DisGeNET,35,C1854113,Prominent nasal bridge,,-3,2.6,3.8,30230,180,896,14,1.6,0.41,2067|4286|4810|5116|6239|6925|23247|51132|54806|54820|65062|79848|92482|284058,ERCC1|MITF|NHS|PCNT|RREB1|TCF4|KATNIP|RLIM|AHI1|NDE1|TMEM237|CSPP1|BBIP1|KANSL1,-1.1,MyList
Transcription Factor Targets,16,M6359,ZF5 B,,-3,2.4,3.7,30230,243,896,17,1.9,0.46,605|4810|5098|5662|6522|6882|8553|8897|11030|23054|29911|57468|64285|79596|80254|91289|152485,BCL7A|NHS|PCDHGC3|PSD|SLC4A2|TAF11|BHLHE40|MTMR3|RBPMS|NCOA6|HOOK2|SLC12A5|RHBDF1|OBI1|CEP63|LMF2|ZNF827,-1.1,MyList
Transcription Factor Targets,16,M15440,FOXJ2 02,,-3,2.4,3.7,30230,243,896,17,1.9,0.46,2104|2122|2824|4052|4756|4885|5218|6096|6925|9734|9854|22864|27086|51274|81558|84631|255743,ESRRG|MECOM|GPM6B|LTBP1|NEO1|NPTX2|CDK14|RORB|TCF4|HDAC9|C2CD2L|R3HDM2|FOXP1|KLF3|FAM117A|SLITRK2|NPNT,-1.1,MyList
Transcription Factor Targets,16,M30246,ZFP3 TARGET GENES,,-3,2.1,3.6,30230,355,896,22,2.5,0.52,71|166|904|1265|2049|4731|5101|5662|6522|6934|9745|10848|10849|56987|57224|65083|84335|139231|148223|153443|201191|348801,ACTG1|TLE5|CCNT1|CNN2|EPHB3|NDUFV3|PCDH9|PSD|SLC4A2|TCF7L2|ZNF536|PPP1R13L|POLR1G|BBX|NHSL1|NOL6|AKT1S1|FAM199X|C19orf25|SRFBP1|SAMD14|LNP1,-1.1,MyList
Cell Type Signatures,7,M39247,LAKE ADULT KIDNEY C28 INTERSTITIUM,,-3,3.5,4.1,30230,86,896,9,1,0.33,730|868|1634|4211|5980|6938|23331|23635|54532,C7|CBLB|DCN|MEIS1|REV3L|TCF12|TTC28|SSBP2|USP53,-1.1,MyList
Transcription Factor Targets,16,M16231,CETS1P54 01,,-3,2.3,3.7,30230,265,896,18,2,0.47,1163|6464|6628|7030|9530|10489|10524|25921|51070|51132|51244|83444|84335|112950|116840|144108|284058|345757,CKS1B|SHC1|SNRPB|TFE3|BAG4|LRRC41|KAT5|ZDHHC5|NOSIP|RLIM|CCDC174|INO80B|AKT1S1|MED8|CNTROB|SPTY2D1|KANSL1|FAM174A,-1.1,MyList
Transcription Factor Targets,16,M15349,DBP Q6,,-3,2.3,3.7,30230,265,896,18,2,0.47,1946|3697|3707|4286|5076|5101|10082|10150|22997|51274|55243|79365|79778|80274|84631|84872|220965|257397,EFNA5|ITIH1|ITPKB|MITF|PAX2|PCDH9|GPC6|MBNL2|IGSF9B|KLF3|KIRREL1|BHLHE41|MICALL2|SCUBE1|SLITRK2|ZC3H10|FAM13C|TAB3,-1.1,MyList
DisGeNET,35,C4025763,Abnormality of the rib cage,,-3,8.4,5.2,30230,16,896,4,0.45,0.22,1947|4703|4854|7138,EFNB1|NEB|NOTCH3|TNNT1,-1.1,MyList
DisGeNET,35,C1856963,Fragile nails,,-3,6.2,4.8,30230,27,896,5,0.56,0.25,1947|2961|7227|7737|136647,EFNB1|GTF2E2|TRPS1|RNF113A|MPLKIP,-1.1,MyList
DisGeNET,35,C0042454,Velopharyngeal Insufficiency,,-3,6.2,4.8,30230,27,896,5,0.56,0.25,4750|8220|9411|51132|54487,NEK1|ESS2|ARHGAP29|RLIM|DGCR8,-1.1,MyList
DisGeNET,35,C0346053,Atypical fibroxanthoma of skin,,-3,6.2,4.8,30230,27,896,5,0.56,0.25,595|972|4286|4288|4311,CCND1|CD74|MITF|MKI67|MME,-1.1,MyList
Transcription Factor Targets,16,M4321,DR4 Q2,,-3,2.3,3.7,30230,266,896,18,2,0.47,3622|4286|4885|4969|6239|6660|6881|7942|9388|9759|10067|10133|25978|27086|57649|84969|89884|252983,ING2|MITF|NPTX2|OGN|RREB1|SOX5|TAF10|TFEB|LIPG|HDAC4|SCAMP3|OPTN|CHMP2B|FOXP1|PHF12|TOX2|LHX4|STXBP4,-1.1,MyList
Transcription Factor Targets,16,M12580,GATA3 01,,-3,2.3,3.7,30230,245,896,17,1.9,0.46,1389|1489|1997|2039|2049|3479|4286|4900|6002|6660|6666|9734|11030|22807|30011|127435|340277,CREBL2|CTF1|ELF1|DMTN|EPHB3|IGF1|MITF|NRGN|RGS12|SOX5|SOX12|HDAC9|RBPMS|IKZF2|SH3KBP1|PODN|FAM221A,-1.1,MyList
PaGenBase,36,PGB:00067,Cell-specific: Testis Germ Cell,,-3,3.5,4.1,30230,87,896,9,1,0.33,1113|2861|3400|4885|6457|6764|23627|65055|140597,CHGA|GPR37|ID4|NPTX2|SH3GL3|DENND2B|PRND|REEP1|TCEAL2,-1.1,MyList
Transcription Factor Targets,16,M4134,AP2REP 01,,-3,2.6,3.8,30230,182,896,14,1.6,0.41,862|1307|1946|1947|2785|10018|10067|25978|53826|57649|64375|85456|283149|375449,RUNX1T1|COL16A1|EFNA5|EFNB1|GNG3|BCL2L11|SCAMP3|CHMP2B|FXYD6|PHF12|IKZF4|TNKS1BP1|BCL9L|MAST4,-1.1,MyList
DisGeNET,35,C0021841,Intestinal Neoplasms,,-3,2.6,3.8,30230,182,896,14,1.6,0.41,595|607|1026|1634|6091|6387|6692|6696|6925|6934|9607|9846|79884|283149,CCND1|BCL9|CDKN1A|DCN|ROBO1|CXCL12|SPINT1|SPP1|TCF4|TCF7L2|CARTPT|GAB2|MAP9|BCL9L,-1.1,MyList
Transcription Factor Targets,16,M18920,GATA C,,-2.9,2.3,3.6,30230,268,896,18,2,0.47,607|862|1634|2039|2104|2122|4286|5076|6096|6660|9843|11030|11278|23051|25987|54462|84631|90355,BCL9|RUNX1T1|DCN|DMTN|ESRRG|MECOM|MITF|PAX2|RORB|SOX5|HEPH|RBPMS|KLF12|ZHX3|TSKU|CCSER2|SLITRK2|MACIR,-1.1,MyList
Transcription Factor Targets,16,M3339,STAT4 01,,-2.9,2.3,3.6,30230,268,896,18,2,0.47,2077|2122|3479|4286|4634|4734|5546|6489|7092|55872|57509|57513|57620|64375|84248|84335|85456|255743,ERF|MECOM|IGF1|MITF|MYL3|NEDD4|PRCC|ST8SIA1|TLL1|PBK|MTUS1|CASKIN2|STIM2|IKZF4|FYTTD1|AKT1S1|TNKS1BP1|NPNT,-1.1,MyList
DisGeNET,35,C0201976,"Creatinine measurement, serum (procedure)",,-2.9,3,3.9,30230,124,896,11,1.2,0.37,735|4772|6002|6660|6909|7942|9846|22864|23054|57591|57619,C9|NFATC1|RGS12|SOX5|TBX2|TFEB|GAB2|R3HDM2|NCOA6|MRTFA|SHROOM3,-1.1,MyList
Transcription Factor Targets,16,M8684,ZID 01,,-2.9,2.3,3.6,30230,269,896,18,2,0.47,2077|2104|4052|5662|6792|6925|8165|23239|27086|27125|29890|55033|79006|81628|83590|85456|160760|286262,ERF|ESRRG|LTBP1|PSD|CDKL5|TCF4|AKAP1|PHLPP1|FOXP1|AFF4|RBM15B|FKBP14|METRN|TSC22D4|TMUB1|TNKS1BP1|PPTC7|TPRN,-1.1,MyList
Cell Type Signatures,7,M39271,HU FETAL RETINA RPE,,-2.9,2.2,3.6,30230,292,896,19,2.1,0.48,1039|2791|3707|4052|4286|6383|8553|9388|10398|10413|11170|25937|25987|54102|84612|119587|151887|286262|359845,CDR2|GNG11|ITPKB|LTBP1|MITF|SDC2|BHLHE40|LIPG|MYL9|YAP1|FAM107A|WWTR1|TSKU|CLIC6|PARD6B|CPXM2|CCDC80|TPRN|RFLNB,-1,MyList
DisGeNET,35,C0362046,Prediabetes syndrome,,-2.9,2.5,3.7,30230,205,896,15,1.7,0.43,173|2662|3082|3479|4810|6387|6522|6696|6934|7060|9498|54901|65078|138428|148113,AFM|GDF10|HGF|IGF1|NHS|CXCL12|SLC4A2|SPP1|TCF7L2|THBS4|SLC4A8|CDKAL1|RTN4R|PTRH1|CILP2,-1,MyList
Transcription Factor Targets,16,M9557,SP1 Q6 01,,-2.9,2.3,3.6,30230,248,896,17,1.9,0.46,333|1453|1636|1949|4854|6387|6925|7703|8751|8861|9854|10524|10849|11276|25959|89796|283149,APLP1|CSNK1D|ACE|EFNB3|NOTCH3|CXCL12|TCF4|PCGF2|ADAM15|LDB1|C2CD2L|KAT5|POLR1G|SYNRG|KANK2|NAV1|BCL9L,-1,MyList
DisGeNET,35,C1862939,AMYOTROPHIC LATERAL SCLEROSIS 1,,-2.9,2.7,3.8,30230,164,896,13,1.5,0.4,1501|3082|3297|3680|4501|4744|6464|10133|25978|26039|51303|55033|400916,CTNND2|HGF|HSF1|ITGA9|MT1X|NEFH|SHC1|OPTN|CHMP2B|SS18L1|FKBP11|FKBP14|CHCHD10,-1,MyList
Transcription Factor Targets,16,M4238,OCT C,,-2.9,2.2,3.6,30230,270,896,18,2,0.47,2049|3621|4734|4739|5218|6457|9139|9734|9846|22807|27338|30850|57509|81558|84631|90187|126299|100131755,EPHB3|ING1|NEDD4|NEDD9|CDK14|SH3GL3|CBFA2T2|HDAC9|GAB2|IKZF2|UBE2S|CDR2L|MTUS1|FAM117A|SLITRK2|EMILIN3|ZNF428|ARMCX4,-1,MyList
DisGeNET,35,C0023508,White Blood Cell Count procedure,,-2.9,1.7,3.4,30230,681,896,35,3.9,0.65,350|607|1026|2687|3487|4286|6239|6387|6464|6764|7903|7942|9734|9811|10413|10723|11030|22807|22871|23331|51274|51564|54806|54901|55243|55553|56890|56987|57636|83986|84969|113263|129685|147339|284058,APOH|BCL9|CDKN1A|GGT5|IGFBP4|MITF|RREB1|CXCL12|SHC1|DENND2B|ST8SIA4|TFEB|HDAC9|CTIF|YAP1|SLC12A7|RBPMS|IKZF2|NLGN1|TTC28|KLF3|HDAC7|AHI1|CDKAL1|KIRREL1|SOX6|SAXO6|BBX|ARHGAP23|FAM234A|TOX2|GLCCI1|TAF8|ARK2N|KANSL1,-1,MyList
DisGeNET,35,C0022679,Cystic kidney,,-2.9,3.4,4,30230,89,896,9,1,0.33,629|5076|6091|6092|7145|10413|24147|54806|192668,CFB|PAX2|ROBO1|ROBO2|TNS1|YAP1|FJX1|AHI1|CYS1,-1,MyList
DisGeNET,35,C1300347,Atypical polypoid adenomyoma,,-2.9,13,5.8,30230,8,896,3,0.33,0.19,595|1026|4311,CCND1|CDKN1A|MME,-1,MyList
Transcription Factor Targets,16,M8634,HNF4 Q6,,-2.9,2.2,3.6,30230,271,896,18,2,0.47,629|735|1947|3014|5098|6692|6792|7227|9500|10252|10524|10749|23368|25987|65124|79006|255743|284058,CFB|C9|EFNB1|H2AX|PCDHGC3|SPINT1|CDKL5|TRPS1|MAGED1|SPRY1|KAT5|KIF1C|PPP1R13B|TSKU|SOWAHC|METRN|NPNT|KANSL1,-1,MyList
Cell Type Signatures,7,M39270,HU FETAL RETINA RPC,,-2.9,3.2,3.9,30230,107,896,10,1.1,0.35,595|1163|1164|4211|5099|6628|6696|6909|9760|54806,CCND1|CKS1B|CKS2|MEIS1|PCDH7|SNRPB|SPP1|TBX2|TOX|AHI1,-1,MyList
Transcription Factor Targets,16,M15185,GATA1 02,,-2.9,2.3,3.6,30230,249,896,17,1.9,0.46,320|862|1389|1997|2104|4286|4661|5099|9734|10602|11030|22807|30011|51132|54462|57690|64375,APBA1|RUNX1T1|CREBL2|ELF1|ESRRG|MITF|MYT1|PCDH7|HDAC9|CDC42EP3|RBPMS|IKZF2|SH3KBP1|RLIM|CCSER2|TNRC6C|IKZF4,-1,MyList
Transcription Factor Targets,16,M10836,SP3 Q3,,-2.9,2.3,3.6,30230,249,896,17,1.9,0.46,605|1949|3667|4756|5980|6522|7030|7136|7903|27086|54507|57468|57513|57555|127435|146059|285368,BCL7A|EFNB3|IRS1|NEO1|REV3L|SLC4A2|TFE3|TNNI2|ST8SIA4|FOXP1|ADAMTSL4|SLC12A5|CASKIN2|NLGN2|PODN|CDAN1|PRRT3,-1,MyList
DisGeNET,35,C0022548,Keloid,,-2.9,2.7,3.7,30230,165,896,13,1.5,0.4,595|822|1311|1634|1636|3082|4734|6281|6387|6696|10413|10631|64129,CCND1|CAPG|COMP|DCN|ACE|HGF|NEDD4|S100A10|CXCL12|SPP1|YAP1|POSTN|TINAGL1,-1,MyList
DisGeNET,35,C1854885,Cerebral dysmyelination,,-2.9,7.9,5,30230,17,896,4,0.45,0.22,2961|7737|9289|136647,GTF2E2|RNF113A|ADGRG1|MPLKIP,-1,MyList
Transcription Factor Targets,16,M16805,AR Q2,,-2.9,2.9,3.8,30230,126,896,11,1.2,0.37,770|6239|8766|9854|10602|22807|56478|79047|84080|140890|159195,CA11|RREB1|RAB11A|C2CD2L|CDC42EP3|IKZF2|EIF4ENIF1|KCTD15|ENKD1|SREK1|USP54,-1,MyList
DisGeNET,35,C0428883,Diastolic blood pressure,,-2.9,1.9,3.4,30230,507,896,28,3.1,0.58,350|1636|2122|2662|4634|5076|6909|6934|7145|9759|9846|10150|22986|23112|51199|51564|54984|55105|55553|55596|57337|57608|59269|89796|158038|254102|255743|375449,APOH|ACE|MECOM|GDF10|MYL3|PAX2|TBX2|TCF7L2|TNS1|HDAC4|GAB2|MBNL2|SORCS3|TNRC6B|NIN|HDAC7|PINX1|GPATCH2|SOX6|ZCCHC8|SENP7|JCAD|HIVEP3|NAV1|LINGO2|EHBP1L1|NPNT|MAST4,-1,MyList
DisGeNET,35,C0016529,Forced expiratory volume function,,-2.9,2.2,3.6,30230,272,896,18,2,0.47,2104|2122|3479|3955|4324|6457|7145|9611|11155|27086|29108|57117|64084|79058|81706|253827|255743|284058,ESRRG|MECOM|IGF1|LFNG|MMP15|SH3GL3|TNS1|NCOR1|LDB3|FOXP1|PYCARD|INTS12|CLSTN2|ASPSCR1|PPP1R14C|MSRB3|NPNT|KANSL1,-1,MyList
Transcription Factor Targets,16,M7179,MIF1 01,,-2.9,2.5,3.7,30230,186,896,14,1.6,0.41,862|868|1949|4739|4900|6660|6792|9500|9854|57804|64320|79884|83648|84080,RUNX1T1|CBLB|EFNB3|NEDD9|NRGN|SOX5|CDKL5|MAGED1|C2CD2L|POLD4|RNF25|MAP9|FAM167A|ENKD1,-1,MyList
DisGeNET,35,C0428886,Mean blood pressure,,-2.9,2.8,3.8,30230,146,896,12,1.3,0.38,350|2104|2122|2662|4634|6909|7092|9759|54984|55553|94137|254102,APOH|ESRRG|MECOM|GDF10|MYL3|TBX2|TLL1|HDAC4|PINX1|SOX6|RP1L1|EHBP1L1,-1,MyList
Cell Type Signatures,7,M39301,CUI DEVELOPING HEART C4 ENDOTHELIAL CELL,,-2.9,2.8,3.8,30230,146,896,12,1.3,0.38,858|1948|2791|3133|3487|5099|9411|10631|10653|25937|51129|53826,CAV2|EFNB2|GNG11|HLA-E|IGFBP4|PCDH7|ARHGAP29|POSTN|SPINT2|WWTR1|ANGPTL4|FXYD6,-1,MyList
DisGeNET,35,C4023616,Abnormality of immune system physiology,,-2.9,4.8,4.3,30230,42,896,6,0.67,0.27,2067|2073|3955|8270|9723|10297,ERCC1|ERCC5|LFNG|LAGE3|SEMA3E|APC2,-1,MyList
Transcription Factor Targets,16,M15595,CART1 01,,-2.8,2.4,3.6,30230,229,896,16,1.8,0.44,862|2104|4661|4885|6660|6792|10150|23528|51132|56987|57509|64111|79047|84668|140890|253827,RUNX1T1|ESRRG|MYT1|NPTX2|SOX5|CDKL5|MBNL2|ZNF281|RLIM|BBX|MTUS1|NPVF|KCTD15|HYCC1|SREK1|MSRB3,-1,MyList
DisGeNET,35,C0279550,Adult Rhabdomyosarcoma,,-2.8,1.9,3.4,30230,509,896,28,3.1,0.58,595|858|1026|1028|2737|3014|3082|3383|3479|3489|3667|4267|4288|4810|4854|6387|6696|6909|7030|7138|7903|8772|9734|9759|10252|10413|23528|58191,CCND1|CAV2|CDKN1A|CDKN1C|GLI3|H2AX|HGF|ICAM1|IGF1|IGFBP6|IRS1|CD99|MKI67|NHS|NOTCH3|CXCL12|SPP1|TBX2|TFE3|TNNT1|ST8SIA4|FADD|HDAC9|HDAC4|SPRY1|YAP1|ZNF281|CXCL16,-1,MyList
Transcription Factor Targets,16,M30167,SNAI1 TARGET GENES,,-2.8,1.9,3.4,30230,509,896,28,3.1,0.58,3955|4155|4300|4324|4717|4739|7286|8766|9325|10413|23518|25959|27086|29079|51070|51599|55798|56006|57117|57724|83860|84335|84872|85379|92105|339448|345757|728568,LFNG|MBP|MLLT3|MMP15|NDUFC1|NEDD9|TUFT1|RAB11A|TRIP4|YAP1|R3HDM1|KANK2|FOXP1|MED4|NOSIP|LSR|METTL2B|SMG9|INTS12|EPG5|TAF3|AKT1S1|ZC3H10|KIAA1671|INTS4|C1orf174|FAM174A|UQCC6,-1,MyList
DisGeNET,35,C0339467,Proliferative retinopathy,,-2.8,4.1,4.2,30230,57,896,7,0.78,0.29,1636|3479|6091|6387|9388|9723|51129,ACE|IGF1|ROBO1|CXCL12|LIPG|SEMA3E|ANGPTL4,-1,MyList
Transcription Factor Targets,16,M11698,YY1 Q6,,-2.8,2.3,3.6,30230,251,896,17,1.9,0.46,595|3297|4216|4335|5116|6925|8926|9611|10489|22794|23208|25921|26099|29890|51244|57456|93643,CCND1|HSF1|MAP3K4|MNT|PCNT|TCF4|SNURF|NCOR1|LRRC41|CASC3|SYT11|ZDHHC5|SZRD1|RBM15B|CCDC174|KIAA1143|TJAP1,-1,MyList
Transcription Factor Targets,16,M9645,GGGYGTGNY UNKNOWN,,-2.8,1.7,3.3,30230,686,896,35,3.9,0.65,819|1489|1947|2791|2869|4286|4772|5101|5662|6320|6522|6666|7030|7041|8553|8897|9686|9724|10282|10524|30011|55028|57630|64375|65078|80271|81558|84254|84668|91289|92105|127435|153443|221914|388272,CAMLG|CTF1|EFNB1|GNG11|GRK5|MITF|NFATC1|PCDH9|PSD|CLEC11A|SLC4A2|SOX12|TFE3|TGFB1I1|BHLHE40|MTMR3|VGLL4|UTP14C|BET1|KAT5|SH3KBP1|MTNAP1|SH3RF1|IKZF4|RTN4R|ITPKC|FAM117A|CAMKK1|HYCC1|LMF2|INTS4|PODN|SRFBP1|GPC2|C16orf87,-1,MyList
Transcription Factor Targets,16,M19101,MMEF2 Q6,,-2.8,2.2,3.5,30230,274,896,18,2,0.47,862|1454|4286|4734|5218|6660|6792|8553|9139|10150|10602|22807|23767|57468|59269|131377|283149|340719,RUNX1T1|CSNK1E|MITF|NEDD4|CDK14|SOX5|CDKL5|BHLHE40|CBFA2T2|MBNL2|CDC42EP3|IKZF2|FLRT3|SLC12A5|HIVEP3|KLHL40|BCL9L|NANOS1,-1,MyList
DisGeNET,35,C0201973,Creatine kinase measurement,,-2.8,5.8,4.5,30230,29,896,5,0.56,0.25,350|4703|9846|51271|57591,APOH|NEB|GAB2|UBAP1|MRTFA,-1,MyList
Transcription Factor Targets,16,M18230,ETS Q4,,-2.8,2.3,3.6,30230,252,896,17,1.9,0.46,2067|4734|5099|6777|6938|9530|9846|11278|27086|51132|51599|57804|79884|80774|81706|84872|129685,ERCC1|NEDD4|PCDH7|STAT5B|TCF12|BAG4|GAB2|KLF12|FOXP1|RLIM|LSR|POLD4|MAP9|LIMD2|PPP1R14C|ZC3H10|TAF8,-1,MyList
DisGeNET,35,C1397307,Cardiac fibrosis,,-2.8,2.2,3.5,30230,297,896,19,2.1,0.48,1489|1634|1636|2869|3082|3297|3479|4060|4286|4969|6047|6696|8553|9734|10631|57333|57591|64388|80310,CTF1|DCN|ACE|GRK5|HGF|HSF1|IGF1|LUM|MITF|OGN|RNF4|SPP1|BHLHE40|HDAC9|POSTN|RCN3|MRTFA|GREM2|PDGFD,-0.99,MyList
Cell Type Signatures,7,M41651,TRAVAGLINI LUNG BASAL CELL,,-2.8,2.5,3.6,30230,188,896,14,1.6,0.41,71|715|1265|1634|1946|2719|3487|3489|6002|6925|8425|64129|65062|84909,ACTG1|C1R|CNN2|DCN|EFNA5|GPC3|IGFBP4|IGFBP6|RGS12|TCF4|LTBP4|TINAGL1|TMEM237|AOPEP,-0.99,MyList
Transcription Factor Targets,16,M4873,OLF1 01,,-2.8,2.2,3.5,30230,275,896,18,2,0.47,2104|2122|4324|4756|5662|6660|7227|7554|9854|10524|23518|26099|57620|81558|81628|126299|160760|256643,ESRRG|MECOM|MMP15|NEO1|PSD|SOX5|TRPS1|ZNF8|C2CD2L|KAT5|R3HDM1|SZRD1|STIM2|FAM117A|TSC22D4|ZNF428|PPTC7|BCLAF3,-0.98,MyList
Transcription Factor Targets,16,M30340,ZNF528 TARGET GENES,,-2.8,1.7,3.3,30230,793,896,39,4.4,0.68,705|822|904|2002|2067|3083|4060|4750|6529|7041|7138|7145|7554|8425|9325|9759|10413|10524|11129|23767|51070|51271|57224|57724|79155|79884|80789|83636|84132|84909|115939|124790|126526|219541|253725|284058|344658|387680|728568,BYSL|CAPG|CCNT1|ELK1|ERCC1|HGFAC|LUM|NEK1|SLC6A1|TGFB1I1|TNNT1|TNS1|ZNF8|LTBP4|TRIP4|HDAC4|YAP1|KAT5|CLASRP|FLRT3|NOSIP|UBAP1|NHSL1|EPG5|TNIP2|MAP9|INTS5|C19orf12|USP42|AOPEP|TSR3|HEXIM2|C19orf47|MED19|WASHC2C|KANSL1|SAMD7|WASHC2A|UQCC6,-0.98,MyList
DisGeNET,35,C0241210,Speech Delay,,-2.8,4.1,4.1,30230,58,896,7,0.78,0.29,2077|5662|6660|6792|25792|27086|284058,ERF|PSD|SOX5|CDKL5|CIZ1|FOXP1|KANSL1,-0.98,MyList
Transcription Factor Targets,16,M2274,AR 03,,-2.8,4.1,4.1,30230,58,896,7,0.78,0.29,4900|9547|22807|57724|122060|140890|159195,NRGN|CXCL14|IKZF2|EPG5|SLAIN1|SREK1|USP54,-0.98,MyList
DisGeNET,35,C0202236,Triglycerides measurement,,-2.8,1.8,3.3,30230,563,896,30,3.3,0.6,350|1026|3083|3383|3479|4211|4299|4854|6934|8220|9411|9478|9846|10524|22864|23368|26037|51129|54487|54815|54984|55596|56776|57094|81849|85463|91050|94137|112752|284018,APOH|CDKN1A|HGFAC|ICAM1|IGF1|MEIS1|AFF1|NOTCH3|TCF7L2|ESS2|ARHGAP29|CABP1|GAB2|KAT5|R3HDM2|PPP1R13B|SIPA1L1|ANGPTL4|DGCR8|GATAD2A|PINX1|ZCCHC8|FMN2|CPA6|ST6GALNAC5|ZC3H12C|CCDC149|RP1L1|IFT43|C17orf58,-0.97,MyList
DisGeNET,35,C0085669,Acute leukemia,,-2.8,1.7,3.3,30230,639,896,33,3.7,0.63,173|595|664|862|1611|1636|2122|2147|2158|3014|3133|3400|4211|4291|4299|4300|4311|6387|6777|7456|8233|8805|8861|9611|9734|10413|10848|25901|57099|79870|84260|84444|129685,AFM|CCND1|BNIP3|RUNX1T1|DAP|ACE|MECOM|F2|F9|H2AX|HLA-E|ID4|MEIS1|MLF1|AFF1|MLLT3|MME|CXCL12|STAT5B|WIPF1|ZRSR2|TRIM24|LDB1|NCOR1|HDAC9|YAP1|PPP1R13L|CCDC28A|AVEN|BAALC|TCHP|DOT1L|TAF8,-0.97,MyList
Cell Type Signatures,7,M41718,FAN OVARY CL16 LYMPHATIC ENDOTHELIAL CELL,,-2.8,2.3,3.5,30230,232,896,16,1.8,0.44,595|2791|3133|3487|5806|6281|6464|6925|8496|8766|9411|9686|53826|57035|57509|114908,CCND1|GNG11|HLA-E|IGFBP4|PTX3|S100A10|SHC1|TCF4|PPFIBP1|RAB11A|ARHGAP29|VGLL4|FXYD6|RSRP1|MTUS1|TMEM123,-0.97,MyList
DisGeNET,35,C0039101,synovial sarcoma,,-2.8,2.1,3.5,30230,299,896,19,2.1,0.48,595|629|1026|1636|2002|2073|2147|3082|3383|3479|4267|4288|4734|5076|6387|9734|26039|26471|65980,CCND1|CFB|CDKN1A|ACE|ELK1|ERCC5|F2|HGF|ICAM1|IGF1|CD99|MKI67|NEDD4|PAX2|CXCL12|HDAC9|SS18L1|NUPR1|BRD9,-0.97,MyList
Transcription Factor Targets,16,M29962,F10 TARGET GENES,,-2.8,2.2,3.5,30230,277,896,18,2,0.47,1501|4052|4685|4739|6002|6383|6660|6938|8658|11030|23301|23635|25960|80789|84441|134637|153443|552889,CTNND2|LTBP1|NCAM2|NEDD9|RGS12|SDC2|SOX5|TCF12|TNKS|RBPMS|EHBP1|SSBP2|ADGRA2|INTS5|MAML2|ADAT2|SRFBP1|ATXN7L3B,-0.96,MyList
DisGeNET,35,C0678230,Congenital Epicanthus,,-2.8,1.9,3.4,30230,417,896,24,2.7,0.54,71|1501|2719|2961|4854|5980|6239|6628|6660|6909|6925|6942|7424|7737|9326|9723|10082|51322|54806|65062|79848|112752|136647|284058,ACTG1|CTNND2|GPC3|GTF2E2|NOTCH3|REV3L|RREB1|SNRPB|SOX5|TBX2|TCF4|TCF20|VEGFC|RNF113A|ZNHIT3|SEMA3E|GPC6|WAC|AHI1|TMEM237|CSPP1|IFT43|MPLKIP|KANSL1,-0.96,MyList
TRRUST,34,TRR00601,Regulated by: ING4,,-2.8,7.5,4.8,30230,18,896,4,0.45,0.22,595|1026|6696|150383,CCND1|CDKN1A|SPP1|CDPF1,-0.96,MyList
Transcription Factor Targets,16,M11469,AP2 Q3,,-2.8,2.2,3.5,30230,255,896,17,1.9,0.46,333|2077|2122|3667|4335|6666|8805|11143|23054|55139|57804|65056|81849|84872|89884|221477|388115,APLP1|ERF|MECOM|IRS1|MNT|SOX12|TRIM24|KAT7|NCOA6|ANKZF1|POLD4|GPBP1|ST6GALNAC5|ZC3H10|LHX4|C6orf89|CCDC9B,-0.95,MyList
Transcription Factor Targets,16,M14786,CREB Q3,,-2.8,2.2,3.5,30230,255,896,17,1.9,0.46,595|1501|2104|4286|6909|7087|10150|23208|23239|27125|29890|51199|51562|57602|80097|80303|91289,CCND1|CTNND2|ESRRG|MITF|TBX2|ICAM5|MBNL2|SYT11|PHLPP1|AFF4|RBM15B|NIN|MBIP|USP36|MZT2B|EFHD1|LMF2,-0.95,MyList
DisGeNET,35,C0393554,Amyotrophic Lateral Sclerosis With Dementia,,-2.8,5.6,4.4,30230,30,896,5,0.56,0.25,4750|6529|10133|25978|400916,NEK1|SLC6A1|OPTN|CHMP2B|CHCHD10,-0.94,MyList
DisGeNET,35,C4509816,Squamous non-small cell lung cancer,,-2.8,5.6,4.4,30230,30,896,5,0.56,0.25,3082|3479|7270|23373|84335,HGF|IGF1|TTF1|CRTC1|AKT1S1,-0.94,MyList
DisGeNET,35,C3494422,Retrognathia,,-2.8,2.5,3.6,30230,191,896,14,1.6,0.41,71|2077|2961|5116|7737|8220|8425|9326|27086|54487|54539|55906|55975|136647,ACTG1|ERF|GTF2E2|PCNT|RNF113A|ESS2|LTBP4|ZNHIT3|FOXP1|DGCR8|NDUFB11|ZC4H2|KLHL7|MPLKIP,-0.94,MyList
Transcription Factor Targets,16,M19224,ELK1 02,,-2.8,2.2,3.5,30230,256,896,17,1.9,0.46,1163|6464|6628|10489|11143|25921|51244|54552|55589|57337|81572|83444|84298|84335|112950|255057|345757,CKS1B|SHC1|SNRPB|LRRC41|KAT7|ZDHHC5|CCDC174|GNL3L|BMP2K|SENP7|PDRG1|INO80B|LLPH|AKT1S1|MED8|CBARP|FAM174A,-0.94,MyList
Transcription Factor Targets,16,M40807,SS18 SSX1 FUSION UNIPROT Q8IZH1 UNREVIEWED TARGET GENES,,-2.8,3.3,3.8,30230,93,896,9,1,0.33,6777|6934|7227|9723|54532|84939|136227|150275|200186,STAT5B|TCF7L2|TRPS1|SEMA3E|USP53|PWWP3A|COL26A1|CCDC117|CRTC2,-0.94,MyList
Cell Type Signatures,7,M39269,HU FETAL RETINA RGC,,-2.8,1.9,3.3,30230,443,896,25,2.8,0.55,333|664|665|2044|5126|6001|6092|6281|6880|9289|10133|11030|51155|51286|53822|53826|55859|56849|65009|65055|84969|89796|151242|165215|219738,APLP1|BNIP3|BNIP3L|EPHA5|PCSK2|RGS10|ROBO2|S100A10|TAF9|ADGRG1|OPTN|RBPMS|JPT1|CEND1|FXYD7|FXYD6|BEX1|TCEAL7|NDRG4|REEP1|TOX2|NAV1|PPP1R1C|FAM171B|FAM241B,-0.94,MyList
Transcription Factor Targets,16,M40847,ELF5 TARGET GENES,,-2.7,1.9,3.3,30230,444,896,25,2.8,0.55,904|2122|3621|3707|7270|8772|9325|9686|10082|10318|10413|29079|57117|65056|65980|79005|84285|84629|84872|85395|114908|124565|200186|388695|401466,CCNT1|MECOM|ING1|ITPKB|TTF1|FADD|TRIP4|VGLL4|GPC6|TNIP1|YAP1|MED4|INTS12|GPBP1|BRD9|SCNM1|EIF1AD|TNRC18|ZC3H10|SLX9|TMEM123|SLC38A10|CRTC2|LYSMD1|RBIS,-0.93,MyList
Transcription Factor Targets,16,M10627,GAANYNYGACNY UNKNOWN,,-2.7,3.6,3.9,30230,76,896,8,0.89,0.31,1026|1163|3479|5218|6464|6938|80789|89796,CDKN1A|CKS1B|IGF1|CDK14|SHC1|TCF12|INTS5|NAV1,-0.93,MyList
Transcription Factor Targets,16,M4998,MYOD Q6 01,,-2.7,2.2,3.5,30230,257,896,17,1.9,0.46,605|862|2861|5662|7059|11155|22807|27125|51155|54806|56849|57513|64084|65009|81628|84668|266727,BCL7A|RUNX1T1|GPR37|PSD|THBS3|LDB3|IKZF2|AFF4|JPT1|AHI1|TCEAL7|CASKIN2|CLSTN2|NDRG4|TSC22D4|HYCC1|MDGA1,-0.93,MyList
Transcription Factor Targets,16,M17997,TGACGTCA ATF3 Q6,,-2.7,2.3,3.5,30230,235,896,16,1.8,0.44,665|2824|4052|4286|9956|10150|27125|54806|58191|65056|79169|84530|84872|93380|317781|345757,BNIP3L|GPM6B|LTBP1|MITF|HS3ST2|MBNL2|AFF4|AHI1|CXCL16|GPBP1|C1orf35|SRRM4|ZC3H10|MMGT1|DDX51|FAM174A,-0.93,MyList
Transcription Factor Targets,16,M17319,SPZ1 01,,-2.7,2.3,3.5,30230,235,896,16,1.8,0.44,605|2162|2824|2869|5076|5126|5662|8861|10489|23635|26099|51132|51271|57513|57649|65056,BCL7A|F13A1|GPM6B|GRK5|PAX2|PCSK2|PSD|LDB1|LRRC41|SSBP2|SZRD1|RLIM|UBAP1|CASKIN2|PHF12|GPBP1,-0.93,MyList
Transcription Factor Targets,16,M829,YTAATTAA LHX3 01,,-2.7,2.5,3.5,30230,192,896,14,1.6,0.41,862|4661|4756|5116|5564|6096|6239|8233|8805|57555|79035|79047|79365|84631,RUNX1T1|MYT1|NEO1|PCNT|PRKAB1|RORB|RREB1|ZRSR2|TRIM24|NLGN2|NABP2|KCTD15|BHLHE41|SLITRK2,-0.93,MyList
Cell Type Signatures,7,M39255,MENON FETAL KIDNEY 5 PROXIMAL TUBULE CELLS,,-2.7,3,3.7,30230,112,896,10,1.1,0.35,2719|2791|3400|4717|6281|6696|8496|10653|23767|552889,GPC3|GNG11|ID4|NDUFC1|S100A10|SPP1|PPFIBP1|SPINT2|FLRT3|ATXN7L3B,-0.93,MyList
Transcription Factor Targets,16,M4372,STAT5A 04,,-2.7,2.4,3.5,30230,214,896,15,1.7,0.43,607|2122|3479|4286|6096|7227|22807|23301|23635|55872|64375|65056|84248|140890|147339,BCL9|MECOM|IGF1|MITF|RORB|TRPS1|IKZF2|EHBP1|SSBP2|PBK|IKZF4|GPBP1|FYTTD1|SREK1|ARK2N,-0.92,MyList
DisGeNET,35,C2732374,Edema of dorsum of hand,,-2.7,11,5.4,30230,9,896,3,0.33,0.19,4703|9326|131377,NEB|ZNHIT3|KLHL40,-0.92,MyList
DisGeNET,35,C0684354,Benign neoplasm of sweat gland,,-2.7,11,5.4,30230,9,896,3,0.33,0.19,4311|64784|84441,MME|CRTC3|MAML2,-0.92,MyList
DisGeNET,35,C1836933,Low-set nipples,,-2.7,11,5.4,30230,9,896,3,0.33,0.19,2961|7737|136647,GTF2E2|RNF113A|MPLKIP,-0.92,MyList
DisGeNET,35,C2717981,Poroma,,-2.7,11,5.4,30230,9,896,3,0.33,0.19,10413|25937|84441,YAP1|WWTR1|MAML2,-0.92,MyList
DisGeNET,35,C0155015,"Color Blindness, Red",,-2.7,11,5.4,30230,9,896,3,0.33,0.19,4810|5149|54714,NHS|PDE6H|CNGB3,-0.92,MyList
DisGeNET,35,C1333324,Barretts esophagus with dysplasia,,-2.7,11,5.4,30230,9,896,3,0.33,0.19,595|1636|3014,CCND1|ACE|H2AX,-0.92,MyList
Transcription Factor Targets,16,M2814,SREBP Q3,,-2.7,2.2,3.4,30230,258,896,17,1.9,0.46,4060|4900|5076|5980|7136|10379|11278|23301|25959|29903|30011|50487|51286|57649|65055|79047|127733,LUM|NRGN|PAX2|REV3L|TNNI2|IRF9|KLF12|EHBP1|KANK2|CCDC106|SH3KBP1|PLA2G3|CEND1|PHF12|REEP1|KCTD15|UBXN10,-0.92,MyList
Transcription Factor Targets,16,M16079,P53 DECAMER Q2,,-2.7,2.2,3.4,30230,258,896,17,1.9,0.46,1026|2785|3621|4052|4685|6764|10362|11155|25792|25978|57555|79778|80303|81550|84530|140890|147339,CDKN1A|GNG3|ING1|LTBP1|NCAM2|DENND2B|HMG20B|LDB3|CIZ1|CHMP2B|NLGN2|MICALL2|EFHD1|TDRD3|SRRM4|SREK1|ARK2N,-0.92,MyList
Transcription Factor Targets,16,M11407,MEF2 02,,-2.7,2.3,3.5,30230,236,896,16,1.8,0.44,2104|3667|4300|6660|6769|7136|8233|9734|22997|26037|27086|51564|81849|131377|255743|283149,ESRRG|IRS1|MLLT3|SOX5|STAC|TNNI2|ZRSR2|HDAC9|IGSF9B|SIPA1L1|FOXP1|HDAC7|ST6GALNAC5|KLHL40|NPNT|BCL9L,-0.92,MyList
Transcription Factor Targets,16,M6568,TAAWWATAG RSRFC4 Q2,,-2.7,2.6,3.6,30230,172,896,13,1.5,0.4,1026|1501|4634|4703|5101|6660|6925|7227|8233|9759|27086|56849|81849,CDKN1A|CTNND2|MYL3|NEB|PCDH9|SOX5|TCF4|TRPS1|ZRSR2|HDAC4|FOXP1|TCEAL7|ST6GALNAC5,-0.92,MyList
DisGeNET,35,C0027809,Neurilemmoma,,-2.7,2.4,3.5,30230,193,896,14,1.6,0.41,595|2147|3479|4155|4288|4653|4810|6696|6777|9113|25937|29108|58191|80310,CCND1|F2|IGF1|MBP|MKI67|MYOC|NHS|SPP1|STAT5B|LATS1|WWTR1|PYCARD|CXCL16|PDGFD,-0.92,MyList
DisGeNET,35,C0392885,High density lipoprotein measurement,,-2.7,1.8,3.3,30230,545,896,29,3.2,0.59,2147|3082|3383|3479|4211|4299|4854|6934|7200|7227|9388|9530|9611|9846|22864|23054|26037|51129|54901|55553|55596|56776|58506|80310|83892|85463|94137|146206|158038,F2|HGF|ICAM1|IGF1|MEIS1|AFF1|NOTCH3|TCF7L2|TRH|TRPS1|LIPG|BAG4|NCOR1|GAB2|R3HDM2|NCOA6|SIPA1L1|ANGPTL4|CDKAL1|SOX6|ZCCHC8|FMN2|SCAF1|PDGFD|KCTD10|ZC3H12C|RP1L1|CARMIL2|LINGO2,-0.92,MyList
Transcription Factor Targets,16,M29890,ARNT2 TARGET GENES,,-2.7,1.7,3.2,30230,673,896,34,3.8,0.64,550|1389|1453|2067|3621|4299|4863|9813|9857|23301|51335|54806|54815|55095|55850|55975|56006|56181|57035|57117|58493|79035|80789|80817|84132|84909|116840|126299|126526|150864|196513|375449|401474|644096,AUP1|CREBL2|CSNK1D|ERCC1|ING1|AFF1|NPAT|EFCAB14|CEP350|EHBP1|NGRN|AHI1|GATAD2A|SAMD4B|USE1|KLHL7|SMG9|MTFR1L|RSRP1|INTS12|INIP|NABP2|INTS5|CEP44|USP42|AOPEP|CNTROB|ZNF428|C19orf47|FAM117B|DCP1B|MAST4|SAMD12|SDHAF1,-0.91,MyList
Transcription Factor Targets,16,M10411,MYOGENIN Q6,,-2.7,2.2,3.4,30230,259,896,17,1.9,0.46,664|1389|2077|3270|3321|5076|7286|9478|11155|22983|54751|57664|64856|65124|84080|127435|219654,BNIP3|CREBL2|ERF|HRC|IGSF3|PAX2|TUFT1|CABP1|LDB3|MAST1|FBLIM1|PLEKHA4|VWA1|SOWAHC|ENKD1|PODN|ZCCHC24,-0.91,MyList
Transcription Factor Targets,16,M2549,NFKB Q6 01,,-2.7,2.3,3.5,30230,237,896,16,1.8,0.44,2869|3383|4286|4793|5126|5980|6660|7030|10318|23368|51286|55589|65056|81558|84441|93643,GRK5|ICAM1|MITF|NFKBIB|PCSK2|REV3L|SOX5|TFE3|TNIP1|PPP1R13B|CEND1|BMP2K|GPBP1|FAM117A|MAML2|TJAP1,-0.9,MyList
DisGeNET,35,C3501848,"Nephrosis, congenital",,-2.7,5.4,4.3,30230,31,896,5,0.56,0.25,333|1636|2719|5076|6383,APLP1|ACE|GPC3|PAX2|SDC2,-0.9,MyList
DisGeNET,35,C0346629,Malignant neoplasm of large intestine,,-2.7,2.5,3.5,30230,173,896,13,1.5,0.4,595|2044|6047|6934|7942|55094|56478|64784|79870|84294|84969|152485|162427,CCND1|EPHA5|RNF4|TCF7L2|TFEB|GPATCH1|EIF4ENIF1|CRTC3|BAALC|UTP23|TOX2|ZNF827|RETREG3,-0.9,MyList
Cell Type Signatures,7,M39263,HU FETAL RETINA BLOOD,,-2.7,2.2,3.4,30230,282,896,18,2,0.47,1164|1997|2039|2791|3046|3133|3297|4288|4501|5118|6001|6387|7145|10133|11135|51274|84337|388588,CKS2|ELF1|DMTN|GNG11|HBE1|HLA-E|HSF1|MKI67|MT1X|PCOLCE|RGS10|CXCL12|TNS1|OPTN|CDC42EP1|KLF3|ELOF1|SMIM1,-0.9,MyList
Cell Type Signatures,7,M39216,ZHENG CORD BLOOD C7 PUTATIVE LYMPHOID PRIMED MULTIPOTENT PROGENITOR 1,,-2.7,3.2,3.7,30230,95,896,9,1,0.33,605|4267|6934|7270|8805|57602|84140|359845|388341,BCL7A|CD99|TCF7L2|TTF1|TRIM24|USP36|FAM161A|RFLNB|LRRC75A,-0.9,MyList
Transcription Factor Targets,16,M15966,TTTNNANAGCYR UNKNOWN,,-2.7,2.8,3.6,30230,133,896,11,1.2,0.37,862|2824|2869|3007|3400|4211|4772|6529|6906|6925|27086,RUNX1T1|GPM6B|GRK5|H1-3|ID4|MEIS1|NFATC1|SLC6A1|SERPINA7|TCF4|FOXP1,-0.9,MyList
Transcription Factor Targets,16,M9525,SP1 Q6,,-2.7,2.2,3.4,30230,260,896,17,1.9,0.46,1453|1636|2002|3622|6666|6792|6882|6925|7703|8861|9854|23054|25959|29890|30011|55033|112574,CSNK1D|ACE|ELK1|ING2|SOX12|CDKL5|TAF11|TCF4|PCGF2|LDB1|C2CD2L|NCOA6|KANK2|RBM15B|SH3KBP1|FKBP14|SNX18,-0.9,MyList
DisGeNET,35,C0085167,Granular cell tumor,,-2.7,7.1,4.7,30230,19,896,4,0.45,0.22,4288|6696|7030|7270,MKI67|SPP1|TFE3|TTF1,-0.9,MyList
DisGeNET,35,C0162869,"Aneurysm, Ruptured",,-2.7,7.1,4.7,30230,19,896,4,0.45,0.22,1636|3383|7456|51129,ACE|ICAM1|WIPF1|ANGPTL4,-0.9,MyList
Transcription Factor Targets,16,M12298,CEBP Q2,,-2.7,2.3,3.4,30230,238,896,16,1.8,0.44,1028|1454|4286|4756|5782|5806|6906|6925|6938|9388|9759|11030|27086|56548|57109|84631,CDKN1C|CSNK1E|MITF|NEO1|PTPN12|PTX3|SERPINA7|TCF4|TCF12|LIPG|HDAC4|RBPMS|FOXP1|CHST7|REXO4|SLITRK2,-0.89,MyList
DisGeNET,35,C0158734,Polydactyly of toes,,-2.7,3.9,3.9,30230,61,896,7,0.78,0.29,2737|6239|23247|54806|65062|79140|79848,GLI3|RREB1|KATNIP|AHI1|TMEM237|CCDC28B|CSPP1,-0.89,MyList
Cell Type Signatures,7,M39303,CUI DEVELOPING HEART C6 EPICARDIAL CELL,,-2.7,2.4,3.5,30230,195,896,14,1.6,0.41,629|715|3400|6281|7138|23767|26471|51303|57035|57664|65055|140597|151887|255743,CFB|C1R|ID4|S100A10|TNNT1|FLRT3|NUPR1|FKBP11|RSRP1|PLEKHA4|REEP1|TCEAL2|CCDC80|NPNT,-0.89,MyList
Transcription Factor Targets,16,M12043,EVI1 05,,-2.7,2.5,3.5,30230,174,896,13,1.5,0.4,862|2104|3479|4685|4969|5218|6660|7737|10150|22807|114990|127733|348980,RUNX1T1|ESRRG|IGF1|NCAM2|OGN|CDK14|SOX5|RNF113A|MBNL2|IKZF2|VASN|UBXN10|HCN1,-0.89,MyList
DisGeNET,35,C0019562,Von Hippel-Lindau Syndrome,,-2.7,2.5,3.5,30230,174,896,13,1.5,0.4,350|595|1026|1113|3479|4286|4288|4810|5076|6387|6696|51129|84260,APOH|CCND1|CDKN1A|CHGA|IGF1|MITF|MKI67|NHS|PAX2|CXCL12|SPP1|ANGPTL4|TCHP,-0.89,MyList
DisGeNET,35,C0392784,Dermatofibrosarcoma Protuberans,,-2.7,3.5,3.8,30230,78,896,8,0.89,0.31,595|2073|2162|4288|4311|7030|10631|80310,CCND1|ERCC5|F13A1|MKI67|MME|TFE3|POSTN|PDGFD,-0.88,MyList
DisGeNET,35,C0015310,Exotropia,,-2.7,3.5,3.8,30230,78,896,8,0.89,0.31,1947|5149|6660|9289|54714|55906|56776|57479,EFNB1|PDE6H|SOX5|ADGRG1|CNGB3|ZC4H2|FMN2|PRR12,-0.88,MyList
Transcription Factor Targets,16,M30144,RORA TARGET GENES,,-2.6,2.2,3.4,30230,262,896,17,1.9,0.46,2067|4300|4795|9325|9854|9972|23283|51070|51335|57117|80789|83444|83892|84285|136647|159195|728568,ERCC1|MLLT3|NFKBIL1|TRIP4|C2CD2L|NUP153|CSTF2T|NOSIP|NGRN|INTS12|INTS5|INO80B|KCTD10|EIF1AD|MPLKIP|USP54|UQCC6,-0.87,MyList
Cell Type Signatures,7,M39290,DURANTE ADULT OLFACTORY NEUROEPITHELIUM OLFACTORY ENSHEATHING GLIA,,-2.6,2.9,3.6,30230,115,896,10,1.1,0.35,2824|5101|6281|6696|57348|57664|64856|79006|80760|81628,GPM6B|PCDH9|S100A10|SPP1|TTYH1|PLEKHA4|VWA1|METRN|ITIH5|TSC22D4,-0.87,MyList
Transcription Factor Targets,16,M30268,ZNF169 TARGET GENES,,-2.6,4.4,4,30230,46,896,6,0.67,0.27,605|6792|10133|22794|81628|129138,BCL7A|CDKL5|OPTN|CASC3|TSC22D4|ANKRD54,-0.87,MyList
Cell Type Signatures,7,M39202,HAY BONE MARROW NAIVE T CELL,,-2.6,1.9,3.3,30230,403,896,23,2.6,0.53,166|1265|1997|3707|6482|23112|27086|29997|51070|51599|51759|53822|54462|57602|58515|79608|84441|112942|114908|129804|145864|219738|100131187,TLE5|CNN2|ELF1|ITPKB|ST3GAL1|TNRC6B|FOXP1|NOP53|NOSIP|LSR|C9orf78|FXYD7|CCSER2|USP36|SELENOK|RIC3|MAML2|CFAP36|TMEM123|FBLN7|HAPLN3|FAM241B|TSTD1,-0.86,MyList
Cell Type Signatures,7,M39171,MURARO PANCREAS PANCREATIC POLYPEPTIDE CELL,,-2.6,2.6,3.5,30230,155,896,12,1.3,0.38,333|1026|3400|4211|5101|5980|9607|9723|9760|27324|57507|140890,APLP1|CDKN1A|ID4|MEIS1|PCDH9|REV3L|CARTPT|SEMA3E|TOX|TOX3|ZNF608|SREK1,-0.86,MyList
Transcription Factor Targets,16,M30063,MEF2D TARGET GENES,,-2.6,1.7,3.2,30230,654,896,33,3.7,0.63,665|1998|2067|2122|4216|8601|9712|9734|9813|9825|10524|22794|26272|51070|51129|51244|51564|51599|54487|54552|54806|54908|55833|57661|65009|79834|84335|89796|91272|134637|283149|284615|375449,BNIP3L|ELF2|ERCC1|MECOM|MAP3K4|RGS20|USP6NL|HDAC9|EFCAB14|SPATA2|KAT5|CASC3|FBXO4|NOSIP|ANGPTL4|CCDC174|HDAC7|LSR|DGCR8|GNL3L|AHI1|SPDL1|UBAP2|PHRF1|NDRG4|PEAK1|AKT1S1|NAV1|BOD1|ADAT2|BCL9L|ANKRD34A|MAST4,-0.86,MyList
DisGeNET,35,C0263630,"Hypertrophic disorder of skin, unspecified",,-2.6,3.8,3.9,30230,62,896,7,0.78,0.29,1489|1824|2104|3479|5978|9759|387032,CTF1|DSC2|ESRRG|IGF1|REST|HDAC4|ZKSCAN4,-0.86,MyList
DisGeNET,35,C0023529,"Leukomalacia, Periventricular",,-2.6,3.8,3.9,30230,62,896,7,0.78,0.29,1636|2961|4155|4661|7737|29997|136647,ACE|GTF2E2|MBP|MYT1|RNF113A|NOP53|MPLKIP,-0.86,MyList
Transcription Factor Targets,16,M17769,STAT1 02,,-2.6,2.2,3.4,30230,263,896,17,1.9,0.46,595|1163|2077|4900|6464|9734|10282|10489|55122|56181|59269|64375|79005|80271|93643|140890|388695,CCND1|CKS1B|ERF|NRGN|SHC1|HDAC9|BET1|LRRC41|AKIRIN2|MTFR1L|HIVEP3|IKZF4|SCNM1|ITPKC|TJAP1|SREK1|LYSMD1,-0.86,MyList
DisGeNET,35,C0149651,Clubbing,,-2.6,5.3,4.2,30230,32,896,5,0.56,0.25,1311|2961|6925|7737|136647,COMP|GTF2E2|TCF4|RNF113A|MPLKIP,-0.86,MyList
DisGeNET,35,C1257931,"Mammary Neoplasms, Human",,-2.6,1.8,3.2,30230,527,896,28,3.1,0.58,595|972|2122|2662|3014|3479|4211|4288|4311|4854|6387|6696|7087|7424|9611|10010|10297|10318|10413|27324|51129|56100|63943|80774|90355|151647|252983|284615,CCND1|CD74|MECOM|GDF10|H2AX|IGF1|MEIS1|MKI67|MME|NOTCH3|CXCL12|SPP1|ICAM5|VEGFC|NCOR1|TANK|APC2|TNIP1|YAP1|TOX3|ANGPTL4|PCDHGB6|FKBPL|LIMD2|MACIR|TAFA4|STXBP4|ANKRD34A,-0.86,MyList
Transcription Factor Targets,16,M18233,CCGNMNNTNACG UNKNOWN,,-2.6,3.4,3.8,30230,79,896,8,0.89,0.31,2824|6882|10362|10524|55589|80271|80817|374395,GPM6B|TAF11|HMG20B|KAT5|BMP2K|ITPKC|CEP44|TMEM179B,-0.86,MyList
DisGeNET,35,C1834055,Underdeveloped nasal alae,,-2.6,3.4,3.8,30230,79,896,8,0.89,0.31,4286|5116|6792|7227|7319|8220|9759|54487,MITF|PCNT|CDKL5|TRPS1|UBE2A|ESS2|HDAC4|DGCR8,-0.86,MyList
Transcription Factor Targets,16,M9896,NCX 01,,-2.6,2.5,3.5,30230,176,896,13,1.5,0.4,2719|3597|5101|5564|9972|11276|11278|54629|57649|84988|122060|140890|253827,GPC3|IL13RA1|PCDH9|PRKAB1|NUP153|SYNRG|KLF12|MINDY2|PHF12|PPP1R16A|SLAIN1|SREK1|MSRB3,-0.86,MyList
Cell Type Signatures,7,M41652,TRAVAGLINI LUNG PROXIMAL BASAL CELL,,-2.6,1.7,3.2,30230,629,896,32,3.6,0.62,166|595|819|822|1475|3487|3489|4501|5099|6002|6692|6925|8553|10252|10631|11170|23635|25987|29108|29997|51155|51315|57496|57620|57804|63905|65983|79778|84909|114908|126299|400916,TLE5|CCND1|CAMLG|CAPG|CSTA|IGFBP4|IGFBP6|MT1X|PCDH7|RGS12|SPINT1|TCF4|BHLHE40|SPRY1|POSTN|FAM107A|SSBP2|TSKU|PYCARD|NOP53|JPT1|KRCC1|MRTFB|STIM2|POLD4|MANBAL|GRAMD2B|MICALL2|AOPEP|TMEM123|ZNF428|CHCHD10,-0.86,MyList
Transcription Factor Targets,16,M13127,KMCATNNWGGA UNKNOWN,,-2.6,3.1,3.7,30230,97,896,9,1,0.33,862|6666|9411|9478|23528|26099|91289|151987|285672,RUNX1T1|SOX12|ARHGAP29|CABP1|ZNF281|SZRD1|LMF2|PPP4R2|SREK1IP1,-0.86,MyList
Transcription Factor Targets,16,M7173,TCCATTKW UNKNOWN,,-2.6,2.2,3.4,30230,241,896,16,1.8,0.44,605|819|862|1501|3479|3487|4685|6660|6792|9478|23528|26099|30850|55859|89796|136332,BCL7A|CAMLG|RUNX1T1|CTNND2|IGF1|IGFBP4|NCAM2|SOX5|CDKL5|CABP1|ZNF281|SZRD1|CDR2L|BEX1|NAV1|LRGUK,-0.86,MyList
DisGeNET,35,C4277690,Ciliopathies,,-2.6,2.2,3.4,30230,241,896,16,1.8,0.44,595|1611|3479|4750|5116|6787|7044|9857|26146|54806|65062|79140|79848|84140|112752|123811,CCND1|DAP|IGF1|NEK1|PCNT|NEK4|LEFTY2|CEP350|TRAF3IP1|AHI1|TMEM237|CCDC28B|CSPP1|FAM161A|IFT43|CEP20,-0.86,MyList
Transcription Factor Targets,16,M14583,MAF Q6,,-2.6,2.2,3.3,30230,264,896,17,1.9,0.46,1949|2104|3707|4286|6522|7942|8658|9846|22807|23518|51315|57575|57630|57649|79047|84668|220296,EFNB3|ESRRG|ITPKB|MITF|SLC4A2|TFEB|TNKS|GAB2|IKZF2|R3HDM1|KRCC1|PCDH10|SH3RF1|PHF12|KCTD15|HYCC1|HEPACAM,-0.85,MyList
Transcription Factor Targets,16,M16699,CREBP1CJUN 01,,-2.6,2.2,3.3,30230,264,896,17,1.9,0.46,665|2824|4052|4286|9956|10150|23208|27125|54806|58191|65056|79169|84530|84872|93380|317781|345757,BNIP3L|GPM6B|LTBP1|MITF|HS3ST2|MBNL2|SYT11|AFF4|AHI1|CXCL16|GPBP1|C1orf35|SRRM4|ZC3H10|MMGT1|DDX51|FAM174A,-0.85,MyList
DisGeNET,35,C0280803,Primary central nervous system lymphoma,,-2.6,2.6,3.5,30230,156,896,12,1.3,0.38,1026|4155|4311|6281|6387|6696|9760|27086|65078|83987|84939|201191,CDKN1A|MBP|MME|S100A10|CXCL12|SPP1|TOX|FOXP1|RTN4R|CCDC8|PWWP3A|SAMD14,-0.85,MyList
DisGeNET,35,C0278660,Adult Synovial Sarcoma,,-2.6,2.4,3.4,30230,198,896,14,1.6,0.41,595|1026|2002|3082|3479|4267|4288|4734|5076|6387|9734|26039|26471|65980,CCND1|CDKN1A|ELK1|HGF|IGF1|CD99|MKI67|NEDD4|PAX2|CXCL12|HDAC9|SS18L1|NUPR1|BRD9,-0.85,MyList
DisGeNET,35,C0279982,Childhood Synovial Sarcoma,,-2.6,2.4,3.4,30230,198,896,14,1.6,0.41,595|1026|2002|3082|3479|4267|4288|4734|5076|6387|9734|26039|26471|65980,CCND1|CDKN1A|ELK1|HGF|IGF1|CD99|MKI67|NEDD4|PAX2|CXCL12|HDAC9|SS18L1|NUPR1|BRD9,-0.85,MyList
Transcription Factor Targets,16,M30201,TERF2 TARGET GENES,,-2.6,2.7,3.5,30230,136,896,11,1.2,0.37,2104|5980|6482|11143|23112|57591|58527|65983|81558|89796|91582,ESRRG|REV3L|ST3GAL1|KAT7|TNRC6B|MRTFA|ABRACL|GRAMD2B|FAM117A|NAV1|RPS19BP1,-0.85,MyList
DisGeNET,35,C0042834,Vital capacity,,-2.6,1.9,3.2,30230,430,896,24,2.7,0.54,71|350|2122|2869|3479|4052|4299|6239|6942|7145|8425|9611|9734|23301|27086|54102|55553|57117|57619|79058|84444|253827|255743|284058,ACTG1|APOH|MECOM|GRK5|IGF1|LTBP1|AFF1|RREB1|TCF20|TNS1|LTBP4|NCOR1|HDAC9|EHBP1|FOXP1|CLIC6|SOX6|INTS12|SHROOM3|ASPSCR1|DOT1L|MSRB3|NPNT|KANSL1,-0.84,MyList
Transcription Factor Targets,16,M9376,AP1 Q2,,-2.6,2.2,3.3,30230,265,896,17,1.9,0.46,1634|3489|4744|4810|5101|6281|6777|6938|9500|9705|9846|9956|25792|84254|84335|94137|131377,DCN|IGFBP6|NEFH|NHS|PCDH9|S100A10|STAT5B|TCF12|MAGED1|ST18|GAB2|HS3ST2|CIZ1|CAMKK1|AKT1S1|RP1L1|KLHL40,-0.84,MyList
Transcription Factor Targets,16,M3489,AMEF2 Q6,,-2.6,2.2,3.3,30230,265,896,17,1.9,0.46,2104|4734|6096|6660|6792|9734|9854|10150|10602|23528|57509|59269|83546|127733|131377|147339|283149,ESRRG|NEDD4|RORB|SOX5|CDKL5|HDAC9|C2CD2L|MBNL2|CDC42EP3|ZNF281|MTUS1|HIVEP3|RTBDN|UBXN10|KLHL40|ARK2N|BCL9L,-0.84,MyList
DisGeNET,35,C0029400,Osteitis,,-2.6,4.3,4,30230,47,896,6,0.67,0.27,2737|6696|10631|53342|54751|54901,GLI3|SPP1|POSTN|IL17D|FBLIM1|CDKAL1,-0.84,MyList
DisGeNET,35,C0917805,Transient Cerebral Ischemia,,-2.6,3.1,3.6,30230,98,896,9,1,0.33,361|972|1636|2147|3479|4854|6696|6934|55872,AQP4|CD74|ACE|F2|IGF1|NOTCH3|SPP1|TCF7L2|PBK,-0.84,MyList
DisGeNET,35,C3273019,Early Hepatocellular Carcinoma,,-2.6,6.7,4.5,30230,20,896,4,0.45,0.22,2147|2719|3479|5101,F2|GPC3|IGF1|PCDH9,-0.84,MyList
TRRUST,34,TRR00069,Regulated by: BCL6,,-2.6,6.7,4.5,30230,20,896,4,0.45,0.22,1026|9734|51564|150383,CDKN1A|HDAC9|HDAC7|CDPF1,-0.84,MyList
DisGeNET,35,C0268731,Renal glomerular disease,,-2.6,2.3,3.4,30230,221,896,15,1.7,0.43,1028|1634|1636|4286|5076|6696|6906|6934|7456|7942|10413|11346|50485|51129|255743,CDKN1C|DCN|ACE|MITF|PAX2|SPP1|SERPINA7|TCF7L2|WIPF1|TFEB|YAP1|SYNPO|SMARCAL1|ANGPTL4|NPNT,-0.83,MyList
PaGenBase,36,PGB:00094,Cell-specific: Bronchial Epithelial Cells,,-2.6,2.7,3.5,30230,137,896,11,1.2,0.37,858|1824|3321|3667|4501|6692|7424|9388|23767|81706|113146,CAV2|DSC2|IGSF3|IRS1|MT1X|SPINT1|VEGFC|LIPG|FLRT3|PPP1R14C|AHNAK2,-0.83,MyList
Transcription Factor Targets,16,M1855,EVI1 02,,-2.6,2.7,3.5,30230,137,896,11,1.2,0.37,862|2104|4685|5076|10150|22807|84631|114990|123811|127733|147339,RUNX1T1|ESRRG|NCAM2|PAX2|MBNL2|IKZF2|SLITRK2|VASN|CEP20|UBXN10|ARK2N,-0.83,MyList
DisGeNET,35,C1963094,"Dry Skin, CTCAE",,-2.6,2.7,3.5,30230,137,896,11,1.2,0.37,2073|2961|4286|5116|7200|7319|7737|9325|112752|136647|284058,ERCC5|GTF2E2|MITF|PCNT|TRH|UBE2A|RNF113A|TRIP4|IFT43|MPLKIP|KANSL1,-0.83,MyList
Transcription Factor Targets,16,M40773,ZNF394 TARGET GENES,,-2.6,1.9,3.2,30230,383,896,22,2.5,0.52,2861|4267|4734|9325|10362|10413|10489|11201|27291|56987|57017|57109|57117|58191|80817|84248|85395|85456|92482|134637|337876|387680,GPR37|CD99|NEDD4|TRIP4|HMG20B|YAP1|LRRC41|POLI|R3HCC1L|BBX|COQ9|REXO4|INTS12|CXCL16|CEP44|FYTTD1|SLX9|TNKS1BP1|BBIP1|ADAT2|CHSY3|WASHC2A,-0.83,MyList
Cell Type Signatures,7,M39161,GAO LARGE INTESTINE ADULT CA ENTEROENDOCRINE CELLS,,-2.6,2.1,3.3,30230,312,896,19,2.1,0.48,333|664|730|1501|5101|6666|9705|9734|10220|55859|56776|60676|79884|84080|114787|122060|143282|157695|256714,APLP1|BNIP3|C7|CTNND2|PCDH9|SOX12|ST18|HDAC9|GDF11|BEX1|FMN2|PAPPA2|MAP9|ENKD1|GPRIN1|SLAIN1|FGFBP3|TDRP|MAP7D2,-0.83,MyList
DisGeNET,35,C4721806,"Carcinoma, Basal Cell",,-2.6,1.8,3.1,30230,557,896,29,3.2,0.59,595|1311|1634|1636|2067|2073|2158|2737|3082|3383|3621|3622|4311|4756|5564|6387|6777|6934|9113|10413|10848|10849|29997|54984|55872|57587|57591|79035|400566,CCND1|COMP|DCN|ACE|ERCC1|ERCC5|F9|GLI3|HGF|ICAM1|ING1|ING2|MME|NEO1|PRKAB1|CXCL12|STAT5B|TCF7L2|LATS1|YAP1|PPP1R13L|POLR1G|NOP53|PINX1|PBK|CFAP97|MRTFA|NABP2|LIAT1,-0.83,MyList
DisGeNET,35,C0019522,"Adenoma, Sweat Gland",,-2.6,10,5,30230,10,896,3,0.33,0.19,4311|64784|84441,MME|CRTC3|MAML2,-0.83,MyList
DisGeNET,35,C4688308,Advanced Lung Non-Squamous Non-Small Cell Carcinoma,,-2.6,10,5,30230,10,896,3,0.33,0.19,3082|3479|7270,HGF|IGF1|TTF1,-0.83,MyList
DisGeNET,35,C0341862,Hypothalamic amenorrhea,,-2.6,10,5,30230,10,896,3,0.33,0.19,3479|3487|60676,IGF1|IGFBP4|PAPPA2,-0.83,MyList
DisGeNET,35,C4021959,Round ear,,-2.6,10,5,30230,10,896,3,0.33,0.19,2077|7136|7227,ERF|TNNI2|TRPS1,-0.83,MyList
DisGeNET,35,C2169795,Recurrent bronchopulmonary infections,,-2.6,10,5,30230,10,896,3,0.33,0.19,2961|7737|136647,GTF2E2|RNF113A|MPLKIP,-0.83,MyList
DisGeNET,35,C1335903,Mucoepidermoid carcinoma of salivary gland,,-2.6,10,5,30230,10,896,3,0.33,0.19,6387|23373|84441,CXCL12|CRTC1|MAML2,-0.83,MyList
DisGeNET,35,C4518356,MiT family translocation renal cell carcinoma,,-2.6,5.1,4.1,30230,33,896,5,0.56,0.25,4286|5546|7030|7942|79058,MITF|PRCC|TFE3|TFEB|ASPSCR1,-0.83,MyList
TRRUST,34,TRR00705,Regulated by: LEF1,,-2.6,5.1,4.1,30230,33,896,5,0.56,0.25,595|1113|4286|6925|6934,CCND1|CHGA|MITF|TCF4|TCF7L2,-0.83,MyList
DisGeNET,35,C0409974,Lupus Erythematosus,,-2.6,1.8,3.1,30230,558,896,29,3.2,0.59,350|715|862|1026|1636|1997|2147|3082|3383|4299|4739|4810|5806|6383|6387|6628|6696|8694|9734|9825|10318|11346|53342|57506|57591|57661|59269|83648|84337,APOH|C1R|RUNX1T1|CDKN1A|ACE|ELF1|F2|HGF|ICAM1|AFF1|NEDD9|NHS|PTX3|SDC2|CXCL12|SNRPB|SPP1|DGAT1|HDAC9|SPATA2|TNIP1|SYNPO|IL17D|MAVS|MRTFA|PHRF1|HIVEP3|FAM167A|ELOF1,-0.82,MyList
Transcription Factor Targets,16,M8280,NFAT Q4 01,,-2.6,2.1,3.3,30230,267,896,17,1.9,0.46,2719|3383|4286|5606|6489|6522|6660|7227|8553|10150|23301|27086|57575|57630|90861|140890|404093,GPC3|ICAM1|MITF|MAP2K3|ST8SIA1|SLC4A2|SOX5|TRPS1|BHLHE40|MBNL2|EHBP1|FOXP1|PCDH10|SH3RF1|JPT2|SREK1|CUEDC1,-0.82,MyList
Cell Type Signatures,7,M40010,BUSSLINGER GASTRIC ISTHMUS CELLS,,-2.6,1.8,3.2,30230,458,896,25,2.8,0.55,71|550|595|822|1164|1948|3955|4288|6281|6628|6934|8165|8496|8553|8751|9611|10653|10749|51155|51274|54751|57584|57630|57648|148170,ACTG1|AUP1|CCND1|CAPG|CKS2|EFNB2|LFNG|MKI67|S100A10|SNRPB|TCF7L2|AKAP1|PPFIBP1|BHLHE40|ADAM15|NCOR1|SPINT2|KIF1C|JPT1|KLF3|FBLIM1|ARHGAP21|SH3RF1|NHSL3|CDC42EP5,-0.82,MyList
Transcription Factor Targets,16,M30360,ZNF589 TARGET GENES,,-2.6,1.7,3.1,30230,688,896,34,3.8,0.64,71|822|862|6522|6777|7322|8751|9712|9846|10379|10489|11276|27297|29997|51070|54434|54487|54806|54906|55139|55815|57512|57602|57649|58191|79005|83892|84335|91272|146206|221477|254102|388695|768211,ACTG1|CAPG|RUNX1T1|SLC4A2|STAT5B|UBE2D2|ADAM15|USP6NL|GAB2|IRF9|LRRC41|SYNRG|CRCP|NOP53|NOSIP|SSH1|DGCR8|AHI1|TASOR2|ANKZF1|TSNAXIP1|GPR158|USP36|PHF12|CXCL16|SCNM1|KCTD10|AKT1S1|BOD1|CARMIL2|C6orf89|EHBP1L1|LYSMD1|RELL1,-0.81,MyList
Transcription Factor Targets,16,M16459,GATA Q6,,-2.6,2.3,3.4,30230,201,896,14,1.6,0.41,862|2039|2104|5076|5101|6091|7227|8510|10602|11030|11278|81558|84631|348980,RUNX1T1|DMTN|ESRRG|PAX2|PCDH9|ROBO1|TRPS1|MMP23B|CDC42EP3|RBPMS|KLF12|FAM117A|SLITRK2|HCN1,-0.81,MyList
Cell Type Signatures,7,M39318,CUI DEVELOPING HEART SMOOTH MUSCLE CELL,,-2.5,4.2,3.9,30230,48,896,6,0.67,0.27,715|3487|5118|8532|57333|151887,C1R|IGFBP4|PCOLCE|CPZ|RCN3|CCDC80,-0.81,MyList
Transcription Factor Targets,16,M6136,HNF3B 01,,-2.5,2.3,3.3,30230,223,896,15,1.7,0.43,862|3707|4286|4734|5101|6909|10602|11278|22807|51274|79047|90861|127733|146059|152485,RUNX1T1|ITPKB|MITF|NEDD4|PCDH9|TBX2|CDC42EP3|KLF12|IKZF2|KLF3|KCTD15|JPT2|UBXN10|CDAN1|ZNF827,-0.81,MyList
Transcription Factor Targets,16,M6422,TTAYRTAA E4BP4 01,,-2.5,2.1,3.3,30230,268,896,17,1.9,0.46,1454|2077|3400|3621|4885|5126|5606|7942|9825|10150|22807|22997|25921|59269|65056|153222|253827,CSNK1E|ERF|ID4|ING1|NPTX2|PCSK2|MAP2K3|TFEB|SPATA2|MBNL2|IKZF2|IGSF9B|ZDHHC5|HIVEP3|GPBP1|CREBRF|MSRB3,-0.81,MyList
DisGeNET,35,C0154830,Proliferative diabetic retinopathy,,-2.5,2.4,3.4,30230,180,896,13,1.5,0.4,1636|1948|3082|3383|3479|6091|6387|6934|7424|10631|51129|53342|55105,ACE|EFNB2|HGF|ICAM1|IGF1|ROBO1|CXCL12|TCF7L2|VEGFC|POSTN|ANGPTL4|IL17D|GPATCH2,-0.8,MyList
DisGeNET,35,C1840379,Cerebellar vermis hypoplasia,,-2.5,3,3.6,30230,100,896,9,1,0.33,2719|7703|23247|27086|27245|54806|57724|65062|79848,GPC3|PCGF2|KATNIP|FOXP1|AHDC1|AHI1|EPG5|TMEM237|CSPP1,-0.8,MyList
Transcription Factor Targets,16,M2209,CACBINDINGPROTEIN Q6,,-2.5,2.2,3.3,30230,246,896,16,1.8,0.44,605|1634|1949|2869|4335|4900|4917|5662|7059|10524|10749|51132|57513|57591|57649|79002,BCL7A|DCN|EFNB3|GRK5|MNT|NRGN|NTN3|PSD|THBS3|KAT5|KIF1C|RLIM|CASKIN2|MRTFA|PHF12|TRIR,-0.8,MyList
Cell Type Signatures,7,M39288,DURANTE ADULT OLFACTORY NEUROEPITHELIUM IMMATURE NEURONS,,-2.5,2.7,3.4,30230,139,896,11,1.2,0.37,333|1946|5101|9607|23208|23635|51155|53826|55859|80303|165215,APLP1|EFNA5|PCDH9|CARTPT|SYT11|SSBP2|JPT1|FXYD6|BEX1|EFHD1|FAM171B,-0.8,MyList
DisGeNET,35,C0524587,Mean Corpuscular Volume (result),,-2.5,2.1,3.3,30230,269,896,17,1.9,0.46,605|3046|4299|8766|8897|10723|11030|11143|23112|27086|29911|55553|57010|81558|83986|147339|284058,BCL7A|HBE1|AFF1|RAB11A|MTMR3|SLC12A7|RBPMS|KAT7|TNRC6B|FOXP1|HOOK2|SOX6|CABP4|FAM117A|FAM234A|ARK2N|KANSL1,-0.79,MyList
DisGeNET,35,C0007124,Noninfiltrating Intraductal Carcinoma,,-2.5,1.8,3.1,30230,486,896,26,2.9,0.56,595|607|664|665|1026|1475|1611|3082|3383|3667|4288|4311|4854|6281|6387|6777|7227|8660|9547|9611|9620|9846|10631|27086|29108|55872,CCND1|BCL9|BNIP3|BNIP3L|CDKN1A|CSTA|DAP|HGF|ICAM1|IRS1|MKI67|MME|NOTCH3|S100A10|CXCL12|STAT5B|TRPS1|IRS2|CXCL14|NCOR1|CELSR1|GAB2|POSTN|FOXP1|PYCARD|PBK,-0.79,MyList
Transcription Factor Targets,16,M40718,DNMT1 TARGET GENES,,-2.5,2.4,3.4,30230,181,896,13,1.5,0.4,741|2067|4848|25876|51070|51244|63906|64129|79155|92105|153443|159195|404093,ZNHIT2|ERCC1|CNOT2|SPEF1|NOSIP|CCDC174|GPATCH3|TINAGL1|TNIP2|INTS4|SRFBP1|USP54|CUEDC1,-0.79,MyList
Transcription Factor Targets,16,M9142,ACCTGTTG UNKNOWN,,-2.5,2.5,3.4,30230,160,896,12,1.3,0.38,607|2077|22986|54487|54806|57509|57513|65983|81558|90488|148398|340719,BCL9|ERF|SORCS3|DGCR8|AHI1|MTUS1|CASKIN2|GRAMD2B|FAM117A|TMEM263|SAMD11|NANOS1,-0.79,MyList
DisGeNET,35,C1512694,Increased Cellularity Present,,-2.5,6.4,4.3,30230,21,896,4,0.45,0.22,595|664|4288|6938,CCND1|BNIP3|MKI67|TCF12,-0.78,MyList
DisGeNET,35,C1184919,Thoracic kyphosis,,-2.5,6.4,4.3,30230,21,896,4,0.45,0.22,2961|7737|50485|136647,GTF2E2|RNF113A|SMARCAL1|MPLKIP,-0.78,MyList
DisGeNET,35,C3811653,Experimental Organism Basal Cell Carcinoma,,-2.5,1.9,3.1,30230,437,896,24,2.7,0.54,595|1311|1634|1636|2067|2737|3082|3383|3621|3622|4311|4756|5564|6387|6777|6934|9113|10413|10848|10849|54984|55872|79035|400566,CCND1|COMP|DCN|ACE|ERCC1|GLI3|HGF|ICAM1|ING1|ING2|MME|NEO1|PRKAB1|CXCL12|STAT5B|TCF7L2|LATS1|YAP1|PPP1R13L|POLR1G|PINX1|PBK|NABP2|LIAT1,-0.78,MyList
Transcription Factor Targets,16,M11934,SRF Q5 01,,-2.5,2.2,3.3,30230,225,896,15,1.7,0.43,1265|3014|4286|5099|6777|7041|8861|10010|10398|27086|55122|57649|65056|80303|127435,CNN2|H2AX|MITF|PCDH7|STAT5B|TGFB1I1|LDB1|TANK|MYL9|FOXP1|AKIRIN2|PHF12|GPBP1|EFHD1|PODN,-0.78,MyList
DisGeNET,35,C0007133,"Carcinoma, Papillary",,-2.5,2.2,3.3,30230,225,896,15,1.7,0.43,361|595|2158|2719|3479|4060|4288|6281|6383|7227|7270|7424|26471|151887|100131187,AQP4|CCND1|F9|GPC3|IGF1|LUM|MKI67|S100A10|SDC2|TRPS1|TTF1|VEGFC|NUPR1|CCDC80|TSTD1,-0.78,MyList
DisGeNET,35,C2675021,Narrow palpebral fissure,,-2.5,5,4,30230,34,896,5,0.56,0.25,5116|7703|8220|10082|54487,PCNT|PCGF2|ESS2|GPC6|DGCR8,-0.78,MyList
DisGeNET,35,C4721208,Metastatic castration-resistant prostate cancer,,-2.5,2.7,3.4,30230,140,896,11,1.2,0.37,166|1113|1163|2067|5978|6660|6696|8805|9734|10631|23373,TLE5|CHGA|CKS1B|ERCC1|REST|SOX5|SPP1|TRIM24|HDAC9|POSTN|CRTC1,-0.78,MyList
DisGeNET,35,C0026846,Muscular Atrophy,,-2.5,4.1,3.8,30230,49,896,6,0.67,0.27,868|3297|3479|4734|9804|25937,CBLB|HSF1|IGF1|NEDD4|TOMM20|WWTR1,-0.78,MyList
Transcription Factor Targets,16,M6994,TBP 01,,-2.5,2.2,3.3,30230,248,896,16,1.8,0.44,1454|2104|3270|3479|4211|6660|6769|9611|9734|10602|11143|22997|51564|79047|84872|340719,CSNK1E|ESRRG|HRC|IGF1|MEIS1|SOX5|STAC|NCOR1|HDAC9|CDC42EP3|KAT7|IGSF9B|HDAC7|KCTD15|ZC3H10|NANOS1,-0.77,MyList
DisGeNET,35,C0036220,Kaposi Sarcoma,,-2.5,1.8,3.1,30230,488,896,26,2.9,0.56,320|595|1026|1634|1948|2162|3014|3082|3383|3479|3660|4288|5076|5806|6239|6387|7424|8772|10318|10413|10524|26103|51129|84260|84939|136647,APBA1|CCND1|CDKN1A|DCN|EFNB2|F13A1|H2AX|HGF|ICAM1|IGF1|IRF2|MKI67|PAX2|PTX3|RREB1|CXCL12|VEGFC|FADD|TNIP1|YAP1|KAT5|LRIT1|ANGPTL4|TCHP|PWWP3A|MPLKIP,-0.77,MyList
Transcription Factor Targets,16,M16207,AP2 Q6 01,,-2.5,2.1,3.2,30230,271,896,17,1.9,0.46,333|1949|2077|4756|7942|8861|11129|23054|23528|27338|51286|54487|55033|55122|64285|65056|153222,APLP1|EFNB3|ERF|NEO1|TFEB|LDB1|CLASRP|NCOA6|ZNF281|UBE2S|CEND1|DGCR8|FKBP14|AKIRIN2|RHBDF1|GPBP1|CREBRF,-0.77,MyList
Transcription Factor Targets,16,M5440,AP1 Q4,,-2.5,2.1,3.2,30230,271,896,17,1.9,0.46,664|1026|3489|4744|5101|6281|6777|6938|8165|9705|9846|11346|25792|84254|84335|94137|131377,BNIP3|CDKN1A|IGFBP6|NEFH|PCDH9|S100A10|STAT5B|TCF12|AKAP1|ST18|GAB2|SYNPO|CIZ1|CAMKK1|AKT1S1|RP1L1|KLHL40,-0.77,MyList
Transcription Factor Targets,16,M16919,AP1FJ Q2,,-2.5,2.1,3.2,30230,271,896,17,1.9,0.46,1634|3489|4810|5101|6281|6777|6938|8165|9705|9846|9956|11346|25792|55815|84254|84335|131377,DCN|IGFBP6|NHS|PCDH9|S100A10|STAT5B|TCF12|AKAP1|ST18|GAB2|HS3ST2|SYNPO|CIZ1|TSNAXIP1|CAMKK1|AKT1S1|KLHL40,-0.77,MyList
Transcription Factor Targets,16,M13982,CREB Q2 01,,-2.5,2.2,3.3,30230,226,896,15,1.7,0.43,2077|2824|4052|9956|10150|23208|27125|54806|54984|65056|83648|84530|93380|317781|345757,ERF|GPM6B|LTBP1|HS3ST2|MBNL2|SYT11|AFF4|AHI1|PINX1|GPBP1|FAM167A|SRRM4|MMGT1|DDX51|FAM174A,-0.77,MyList
DisGeNET,35,C4317009,Diverticular Diseases,,-2.5,3.3,3.6,30230,83,896,8,0.89,0.31,5125|7145|7227|8772|10653|23112|57512|392617,PCSK5|TNS1|TRPS1|FADD|SPINT2|TNRC6B|GPR158|ELFN1,-0.77,MyList
DisGeNET,35,C1134719,Invasive Ductal Breast Carcinoma,,-2.5,1.9,3.1,30230,414,896,23,2.6,0.53,361|595|1026|1475|1634|2662|3082|3667|4288|4854|6387|6489|6696|9547|9825|10631|29997|54487|57575|64285|80760|84260|116840,AQP4|CCND1|CDKN1A|CSTA|DCN|GDF10|HGF|IRS1|MKI67|NOTCH3|CXCL12|ST8SIA1|SPP1|CXCL14|SPATA2|POSTN|NOP53|DGCR8|PCDH10|RHBDF1|ITIH5|TCHP|CNTROB,-0.77,MyList
DisGeNET,35,C0035412,Rhabdomyosarcoma,,-2.5,1.7,3.1,30230,565,896,29,3.2,0.59,595|858|1026|1028|2719|2737|3014|3082|3383|3479|3489|3667|4267|4288|4810|4854|6387|6696|6909|7030|7138|7903|8772|9734|9759|10252|10413|23528|58191,CCND1|CAV2|CDKN1A|CDKN1C|GPC3|GLI3|H2AX|HGF|ICAM1|IGF1|IGFBP6|IRS1|CD99|MKI67|NHS|NOTCH3|CXCL12|SPP1|TBX2|TFE3|TNNT1|ST8SIA4|FADD|HDAC9|HDAC4|SPRY1|YAP1|ZNF281|CXCL16,-0.77,MyList
Transcription Factor Targets,16,M30190,TAF9B TARGET GENES,,-2.5,1.7,3.1,30230,565,896,29,3.2,0.59,4299|4717|6787|8553|9325|10010|11269|23373|23506|26009|29079|29997|57017|57109|57117|57661|63877|79834|80789|83892|83987|84285|91289|93643|123811|124790|136647|257415|400916,AFF1|NDUFC1|NEK4|BHLHE40|TRIP4|TANK|DDX19B|CRTC1|BICRAL|ZZZ3|MED4|NOP53|COQ9|REXO4|INTS12|PHRF1|FAM204A|PEAK1|INTS5|KCTD10|CCDC8|EIF1AD|LMF2|TJAP1|CEP20|HEXIM2|MPLKIP|FAM133B|CHCHD10,-0.77,MyList
DisGeNET,35,C0033036,Atrial Premature Complexes,,-2.5,2.4,3.3,30230,183,896,13,1.5,0.4,350|595|972|2737|3014|6387|6925|6934|8658|10018|10297|10413|64285,APOH|CCND1|CD74|GLI3|H2AX|CXCL12|TCF4|TCF7L2|TNKS|BCL2L11|APC2|YAP1|RHBDF1,-0.76,MyList
DisGeNET,35,C0205647,Follicular adenoma,,-2.5,2.4,3.3,30230,183,896,13,1.5,0.4,361|972|1026|1636|2158|2719|3014|3082|3479|5126|6383|10631|100131187,AQP4|CD74|CDKN1A|ACE|F9|GPC3|H2AX|HGF|IGF1|PCSK2|SDC2|POSTN|TSTD1,-0.76,MyList
Transcription Factor Targets,16,M15359,CREBP1 01,,-2.5,2.4,3.3,30230,183,896,13,1.5,0.4,1454|2077|3400|4885|5126|5606|7942|10150|22807|23208|25921|51562|59269,CSNK1E|ERF|ID4|NPTX2|PCSK2|MAP2K3|TFEB|MBNL2|IKZF2|SYT11|ZDHHC5|MBIP|HIVEP3,-0.76,MyList
DisGeNET,35,C0200641,Blood basophil count (lab test),,-2.5,2.1,3.2,30230,272,896,17,1.9,0.46,770|1611|2687|4299|6239|10018|10318|10723|11030|22807|51274|54806|59269|83986|113263|147339|284058,CA11|DAP|GGT5|AFF1|RREB1|BCL2L11|TNIP1|SLC12A7|RBPMS|IKZF2|KLF3|AHI1|HIVEP3|FAM234A|GLCCI1|ARK2N|KANSL1,-0.76,MyList
DisGeNET,35,C1512981,Mammary Tumorigenesis,,-2.5,2.5,3.3,30230,162,896,12,1.3,0.38,595|664|3082|3297|3479|6482|8660|9846|10524|10631|64285|283149,CCND1|BNIP3|HGF|HSF1|IGF1|ST3GAL1|IRS2|GAB2|KAT5|POSTN|RHBDF1|BCL9L,-0.76,MyList
DisGeNET,35,C0037369,Smoking,,-2.5,1.9,3.1,30230,391,896,22,2.5,0.52,1946|2104|4052|5101|5980|6934|9478|9760|10010|54984|55833|56987|64084|64375|89796|119587|146059|151647|158038|283899|340527|768211,EFNA5|ESRRG|LTBP1|PCDH9|REV3L|TCF7L2|CABP1|TOX|TANK|PINX1|UBAP2|BBX|CLSTN2|IKZF4|NAV1|CPXM2|CDAN1|TAFA4|LINGO2|INO80E|NHSL2|RELL1,-0.76,MyList
Transcription Factor Targets,16,M40741,HDGF TARGET GENES,,-2.5,2.1,3.2,30230,273,896,17,1.9,0.46,1453|3046|6925|7138|8270|8425|8766|9325|10362|23635|51564|57620|65009|81628|84722|90355|100507290,CSNK1D|HBE1|TCF4|TNNT1|LAGE3|LTBP4|RAB11A|TRIP4|HMG20B|SSBP2|HDAC7|STIM2|NDRG4|TSC22D4|PSRC1|MACIR|ZNF865,-0.75,MyList
Transcription Factor Targets,16,M40704,ZC3H11A TARGET GENES,,-2.5,1.7,3,30230,593,896,30,3.3,0.6,4501|4793|4795|6938|7739|8694|9325|10150|23283|29903|51070|57109|57117|57150|57456|57696|65265|79004|79159|80789|83444|84285|85395|112574|134637|136647|147965|203069|317781|728568,MT1X|NFKBIB|NFKBIL1|TCF12|ZNF185|DGAT1|TRIP4|MBNL2|CSTF2T|CCDC106|NOSIP|REXO4|INTS12|SMIM8|KIAA1143|DDX55|C8orf33|CUEDC2|NOL12|INTS5|INO80B|EIF1AD|SLX9|SNX18|ADAT2|MPLKIP|FAM98C|R3HCC1|DDX51|UQCC6,-0.75,MyList
DisGeNET,35,C0016059,Fibrosis,,-2.5,2.4,3.3,30230,184,896,13,1.5,0.4,595|1026|1634|1636|3082|3383|3479|4060|4288|6387|6696|9759|80310,CCND1|CDKN1A|DCN|ACE|HGF|ICAM1|IGF1|LUM|MKI67|CXCL12|SPP1|HDAC4|PDGFD,-0.75,MyList
Transcription Factor Targets,16,M13773,ARGGGTTAA UNKNOWN,,-2.5,2.8,3.4,30230,122,896,10,1.1,0.35,862|3014|6934|7041|7145|7227|11278|80271|151887|152485,RUNX1T1|H2AX|TCF7L2|TGFB1I1|TNS1|TRPS1|KLF12|ITPKC|CCDC80|ZNF827,-0.75,MyList
Cell Type Signatures,7,M40084,DESCARTES MAIN FETAL ASTROCYTES,,-2.5,4,3.8,30230,50,896,6,0.67,0.27,2824|6489|8601|9289|143282|220296,GPM6B|ST8SIA1|RGS20|ADGRG1|FGFBP3|HEPACAM,-0.75,MyList
DisGeNET,35,C0206702,Klatskin Tumor,,-2.5,4,3.8,30230,50,896,6,0.67,0.27,595|3082|4311|6383|6925|84939,CCND1|HGF|MME|SDC2|TCF4|PWWP3A,-0.75,MyList
DisGeNET,35,C1392786,Cognitive changes,,-2.5,4,3.8,30230,50,896,6,0.67,0.27,1026|1501|1636|3479|3667|25978,CDKN1A|CTNND2|ACE|IGF1|IRS1|CHMP2B,-0.75,MyList
Transcription Factor Targets,16,M4121,TCF11MAFG 01,,-2.5,2.3,3.3,30230,206,896,14,1.6,0.41,3597|4286|4335|4900|5101|6096|6660|6764|7092|9846|27086|57555|79058|84335,IL13RA1|MITF|MNT|NRGN|PCDH9|RORB|SOX5|DENND2B|TLL1|GAB2|FOXP1|NLGN2|ASPSCR1|AKT1S1,-0.75,MyList
DisGeNET,35,C1704230,Grade I Astrocytoma,,-2.5,4.8,4,30230,35,896,5,0.56,0.25,3082|4501|9113|57670|255231,HGF|MT1X|LATS1|KIAA1549|MCOLN2,-0.75,MyList
DisGeNET,35,C1306889,Peripheral arterial occlusive disease,,-2.5,4.8,4,30230,35,896,5,0.56,0.25,629|1636|2147|3383|10631,CFB|ACE|F2|ICAM1|POSTN,-0.75,MyList
DisGeNET,35,C1843496,Bilateral microphthalmos,,-2.5,4.8,4,30230,35,896,5,0.56,0.25,2067|2961|7737|10413|136647,ERCC1|GTF2E2|RNF113A|YAP1|MPLKIP,-0.75,MyList
Cell Type Signatures,7,M39240,LAKE ADULT KIDNEY C21 COLLECTING DUCT INTERCALATED CELLS TYPE B,,-2.4,2.9,3.5,30230,103,896,9,1,0.33,2104|4286|10082|10529|23635|27086|55553|113263|140733,ESRRG|MITF|GPC6|NEBL|SSBP2|FOXP1|SOX6|GLCCI1|MACROD2,-0.74,MyList
DisGeNET,35,C0206743,Rhabdoid Tumor,,-2.4,2.9,3.5,30230,103,896,9,1,0.33,595|1026|1028|2719|3479|4288|6696|23373|65980,CCND1|CDKN1A|CDKN1C|GPC3|IGF1|MKI67|SPP1|CRTC1|BRD9,-0.74,MyList
DisGeNET,35,C0520947,Clumsiness - motor delay,,-2.4,1.9,3.1,30230,393,896,22,2.5,0.52,2961|3479|4703|4854|5662|5980|6660|6925|7138|8425|9289|9325|9640|27086|50485|55033|56776|57724|84668|131377|220296|644096,GTF2E2|IGF1|NEB|NOTCH3|PSD|REV3L|SOX5|TCF4|TNNT1|LTBP4|ADGRG1|TRIP4|ZNF592|FOXP1|SMARCAL1|FKBP14|FMN2|EPG5|HYCC1|KLHL40|HEPACAM|SDHAF1,-0.74,MyList
DisGeNET,35,C1533161,Eccrine Poroma,,-2.4,9.2,4.8,30230,11,896,3,0.33,0.19,10413|25937|84441,YAP1|WWTR1|MAML2,-0.74,MyList
DisGeNET,35,C0241267,Absence of subcutaneous fat,,-2.4,9.2,4.8,30230,11,896,3,0.33,0.19,2961|7737|136647,GTF2E2|RNF113A|MPLKIP,-0.74,MyList
TRRUST,34,TRR01402,Regulated by: TFAP2C,,-2.4,9.2,4.8,30230,11,896,3,0.33,0.19,1026|1475|150383,CDKN1A|CSTA|CDPF1,-0.74,MyList
Transcription Factor Targets,16,M5297,ROAZ 01,,-2.4,9.2,4.8,30230,11,896,3,0.33,0.19,1026|55859|84988,CDKN1A|BEX1|PPP1R16A,-0.74,MyList
DisGeNET,35,C0423820,Ridged nails,,-2.4,6.1,4.2,30230,22,896,4,0.45,0.22,1947|2961|7737|136647,EFNB1|GTF2E2|RNF113A|MPLKIP,-0.74,MyList
Transcription Factor Targets,16,M11595,STAT3 01,,-2.4,6.1,4.2,30230,22,896,4,0.45,0.22,320|3383|112752|153222,APBA1|ICAM1|IFT43|CREBRF,-0.74,MyList
DisGeNET,35,C0238286,Mucolipidosis Type IV,,-2.4,6.1,4.2,30230,22,896,4,0.45,0.22,4703|7942|23373|255231,NEB|TFEB|CRTC1|MCOLN2,-0.74,MyList
Cell Type Signatures,7,M39146,GAO SMALL INTESTINE 24W C2 PROCRPOS PROGENITOR,,-2.4,6.1,4.2,30230,22,896,4,0.45,0.22,2719|5118|57333|79004,GPC3|PCOLCE|RCN3|CUEDC2,-0.74,MyList
PaGenBase,36,PGB:00022,Tissue-specific: Thalamus,,-2.4,6.1,4.2,30230,22,896,4,0.45,0.22,320|6934|9607|284058,APBA1|TCF7L2|CARTPT|KANSL1,-0.74,MyList
DisGeNET,35,C0240543,Bulbous nose,,-2.4,2.7,3.4,30230,123,896,10,1.1,0.35,6239|6660|6942|7227|8220|50485|51322|54487|83987|284058,RREB1|SOX5|TCF20|TRPS1|ESS2|SMARCAL1|WAC|DGCR8|CCDC8|KANSL1,-0.74,MyList
Transcription Factor Targets,16,M16396,AP2GAMMA 01,,-2.4,2.1,3.2,30230,252,896,16,1.8,0.44,333|1949|2077|2122|4756|4854|6660|8861|9854|10524|11278|23528|51286|55033|65056|221477,APLP1|EFNB3|ERF|MECOM|NEO1|NOTCH3|SOX5|LDB1|C2CD2L|KAT5|KLF12|ZNF281|CEND1|FKBP14|GPBP1|C6orf89,-0.74,MyList
Transcription Factor Targets,16,M7797,ZIC2 01,,-2.4,2.1,3.2,30230,252,896,16,1.8,0.44,3263|4917|6666|7319|7703|8766|10379|27086|56998|57509|57513|57555|57575|57649|81628|124790,HPX|NTN3|SOX12|UBE2A|PCGF2|RAB11A|IRF9|FOXP1|CTNNBIP1|MTUS1|CASKIN2|NLGN2|PCDH10|PHF12|TSC22D4|HEXIM2,-0.74,MyList
Transcription Factor Targets,16,M1608,NFE2 01,,-2.4,2.1,3.2,30230,275,896,17,1.9,0.46,605|664|1026|2104|4286|4335|5101|7092|9846|9956|11030|23331|51129|57094|57804|64129|84335,BCL7A|BNIP3|CDKN1A|ESRRG|MITF|MNT|PCDH9|TLL1|GAB2|HS3ST2|RBPMS|TTC28|ANGPTL4|CPA6|POLD4|TINAGL1|AKT1S1,-0.74,MyList
Transcription Factor Targets,16,M7038,GR Q6,,-2.4,2.1,3.2,30230,275,896,17,1.9,0.46,1026|1501|4155|4286|5076|8553|9547|22807|22864|23767|54510|55975|65056|114990|140890|159195|256643,CDKN1A|CTNND2|MBP|MITF|PAX2|BHLHE40|CXCL14|IKZF2|R3HDM2|FLRT3|PCDH18|KLHL7|GPBP1|VASN|SREK1|USP54|BCLAF3,-0.74,MyList
DisGeNET,35,C1857042,Sparse scalp hair,,-2.4,3.2,3.5,30230,85,896,8,0.89,0.31,2961|5116|7227|7703|7737|9759|25959|136647,GTF2E2|PCNT|TRPS1|PCGF2|RNF113A|HDAC4|KANK2|MPLKIP,-0.73,MyList
Cell Type Signatures,7,M39302,CUI DEVELOPING HEART C5 VALVAR CELL,,-2.4,2.3,3.2,30230,208,896,14,1.6,0.41,1026|3400|3479|4739|4772|6091|6281|6938|7227|8425|55859|56849|140606|151887,CDKN1A|ID4|IGF1|NEDD9|NFATC1|ROBO1|S100A10|TCF12|TRPS1|LTBP4|BEX1|TCEAL7|SELENOM|CCDC80,-0.72,MyList
Transcription Factor Targets,16,M13279,HFH8 01,,-2.4,2.3,3.2,30230,208,896,14,1.6,0.41,595|1997|2104|3707|4734|6934|11278|23767|51199|51274|79047|146059|153222|256643,CCND1|ELF1|ESRRG|ITPKB|NEDD4|TCF7L2|KLF12|FLRT3|NIN|KLF3|KCTD15|CDAN1|CREBRF|BCLAF3,-0.72,MyList
Transcription Factor Targets,16,M17596,E2A Q2,,-2.4,2.1,3.2,30230,253,896,16,1.8,0.44,605|3270|3479|5076|5662|7136|9846|11155|22807|22983|51155|54806|56478|56849|65056|266727,BCL7A|HRC|IGF1|PAX2|PSD|TNNI2|GAB2|LDB3|IKZF2|MAST1|JPT1|AHI1|EIF4ENIF1|TCEAL7|GPBP1|MDGA1,-0.72,MyList
Transcription Factor Targets,16,M30038,KLF14 TARGET GENES,,-2.4,2.1,3.2,30230,253,896,16,1.8,0.44,1949|4335|8751|10362|23102|51070|55122|57109|57117|59269|83444|84285|85395|90861|252983|387680,EFNB3|MNT|ADAM15|HMG20B|TBC1D2B|NOSIP|AKIRIN2|REXO4|INTS12|HIVEP3|INO80B|EIF1AD|SLX9|JPT2|STXBP4|WASHC2A,-0.72,MyList
Transcription Factor Targets,16,M13967,ATF3 Q6,,-2.4,2.1,3.2,30230,253,896,16,1.8,0.44,595|665|1026|2824|3479|4286|4772|8496|9956|10150|23767|54806|65056|81565|317781|345757,CCND1|BNIP3L|CDKN1A|GPM6B|IGF1|MITF|NFATC1|PPFIBP1|HS3ST2|MBNL2|FLRT3|AHI1|GPBP1|NDEL1|DDX51|FAM174A,-0.72,MyList
TRRUST,34,TRR00230,Regulated by: E2F1,,-2.4,2.6,3.3,30230,144,896,11,1.2,0.37,595|1026|1028|2067|2073|4863|23368|56776|56998|146059|150383,CCND1|CDKN1A|CDKN1C|ERCC1|ERCC5|NPAT|PPP1R13B|FMN2|CTNNBIP1|CDAN1|CDPF1,-0.72,MyList
DisGeNET,35,C0341038,Jaw Keratocyst,,-2.4,4,3.7,30230,51,896,6,0.67,0.27,595|1026|2158|2737|4288|4311,CCND1|CDKN1A|F9|GLI3|MKI67|MME,-0.72,MyList
DisGeNET,35,C3896960,Childhood Pre-B Acute Lymphoblastic Leukemia,,-2.4,4,3.7,30230,51,896,6,0.67,0.27,862|2122|4299|4311|54751|56776,RUNX1T1|MECOM|AFF1|MME|FBLIM1|FMN2,-0.72,MyList
DisGeNET,35,C2677123,"COLORECTAL CANCER, SUSCEPTIBILITY TO, 3",,-2.4,2.5,3.3,30230,165,896,12,1.3,0.38,2044|6047|6934|7942|55094|56478|64784|79870|84294|84969|152485|162427,EPHA5|RNF4|TCF7L2|TFEB|GPATCH1|EIF4ENIF1|CRTC3|BAALC|UTP23|TOX2|ZNF827|RETREG3,-0.72,MyList
DisGeNET,35,C0008626,Congenital chromosomal disease,,-2.4,1.6,3,30230,756,896,36,4,0.66,595|605|862|1028|1163|1611|1636|2067|2073|2122|2158|2737|3014|3082|3667|4211|4267|4288|4300|4311|5076|5116|6239|7942|9759|11135|23373|26039|27086|50485|51720|55872|79870|84132|84441|219541,CCND1|BCL7A|RUNX1T1|CDKN1C|CKS1B|DAP|ACE|ERCC1|ERCC5|MECOM|F9|GLI3|H2AX|HGF|IRS1|MEIS1|CD99|MKI67|MLLT3|MME|PAX2|PCNT|RREB1|TFEB|HDAC4|CDC42EP1|CRTC1|SS18L1|FOXP1|SMARCAL1|UIMC1|PBK|BAALC|USP42|MAML2|MED19,-0.72,MyList
Transcription Factor Targets,16,M13012,TGCTGAY UNKNOWN,,-2.4,1.7,3,30230,547,896,28,3.1,0.58,350|862|2824|3489|3667|4211|4286|4653|5076|5098|6909|6925|8861|9686|29890|51132|53826|54510|56265|57575|59269|64111|65056|65078|151887|340719|344658|388115,APOH|RUNX1T1|GPM6B|IGFBP6|IRS1|MEIS1|MITF|MYOC|PAX2|PCDHGC3|TBX2|TCF4|LDB1|VGLL4|RBM15B|RLIM|FXYD6|PCDH18|CPXM1|PCDH10|HIVEP3|NPVF|GPBP1|RTN4R|CCDC80|NANOS1|SAMD7|CCDC9B,-0.72,MyList
Transcription Factor Targets,16,M13325,FOXJ2 01,,-2.4,2.3,3.2,30230,187,896,13,1.5,0.4,2104|4286|4756|5978|7227|11278|51274|51286|55553|79047|84631|116224|146059,ESRRG|MITF|NEO1|REST|TRPS1|KLF12|KLF3|CEND1|SOX6|KCTD15|SLITRK2|PABIR1|CDAN1,-0.71,MyList
DisGeNET,35,C0392514,Hereditary hemochromatosis,,-2.4,2.1,3.1,30230,254,896,16,1.8,0.44,2719|2737|3082|3383|3489|4634|4756|6925|7200|7424|8766|9734|9843|23373|25978|29997,GPC3|GLI3|HGF|ICAM1|IGFBP6|MYL3|NEO1|TCF4|TRH|VEGFC|RAB11A|HDAC9|HEPH|CRTC1|CHMP2B|NOP53,-0.71,MyList
DisGeNET,35,C0878659,Disproportionate short stature,,-2.4,3.1,3.5,30230,86,896,8,0.89,0.31,1028|1311|2737|4750|5116|7227|10082|50485,CDKN1C|COMP|GLI3|NEK1|PCNT|TRPS1|GPC6|SMARCAL1,-0.71,MyList
DisGeNET,35,C1378050,Oncocytic Neoplasm,,-2.4,2.9,3.4,30230,105,896,9,1,0.33,595|1039|3479|4286|5076|7030|7942|84335|400566,CCND1|CDR2|IGF1|MITF|PAX2|TFE3|TFEB|AKT1S1|LIAT1,-0.71,MyList
DisGeNET,35,C0740392,"Infarction, Middle Cerebral Artery",,-2.4,2.6,3.3,30230,145,896,11,1.2,0.37,361|664|665|1636|3383|3479|8772|9734|9759|23373|63827,AQP4|BNIP3|BNIP3L|ACE|ICAM1|IGF1|FADD|HDAC9|HDAC4|CRTC1|BCAN,-0.71,MyList
PaGenBase,36,PGB:00080,Cell-specific: Adipocyte,,-2.4,2.6,3.3,30230,145,896,11,1.2,0.37,715|1311|1634|2619|3487|4060|4311|5118|6383|25987|54510,C1R|COMP|DCN|GAS1|IGFBP4|LUM|MME|PCOLCE|SDC2|TSKU|PCDH18,-0.71,MyList
DisGeNET,35,C2675481,"COLORECTAL CANCER, SUSCEPTIBILITY TO, 10",,-2.4,2.4,3.2,30230,166,896,12,1.3,0.38,2044|6047|6934|7942|55094|56478|64784|79870|84294|84969|152485|162427,EPHA5|RNF4|TCF7L2|TFEB|GPATCH1|EIF4ENIF1|CRTC3|BAALC|UTP23|TOX2|ZNF827|RETREG3,-0.71,MyList
Cell Type Signatures,7,M41671,TRAVAGLINI LUNG AIRWAY SMOOTH MUSCLE CELL,,-2.4,2.4,3.2,30230,166,896,12,1.3,0.38,858|3400|4900|7041|8165|10398|11155|25959|64129|80097|80303|253827,CAV2|ID4|NRGN|TGFB1I1|AKAP1|MYL9|LDB3|KANK2|TINAGL1|MZT2B|EFHD1|MSRB3,-0.71,MyList
DisGeNET,35,C1837315,"COLORECTAL CANCER, SUSCEPTIBILITY TO, 1",,-2.4,2.4,3.2,30230,166,896,12,1.3,0.38,2044|6047|6934|7942|55094|56478|64784|79870|84294|84969|152485|162427,EPHA5|RNF4|TCF7L2|TFEB|GPATCH1|EIF4ENIF1|CRTC3|BAALC|UTP23|TOX2|ZNF827|RETREG3,-0.71,MyList
DisGeNET,35,C3554460,"COLORECTAL CANCER, SUSCEPTIBILITY TO, 12",,-2.4,2.4,3.2,30230,166,896,12,1.3,0.38,2044|6047|6934|7942|55094|56478|64784|79870|84294|84969|152485|162427,EPHA5|RNF4|TCF7L2|TFEB|GPATCH1|EIF4ENIF1|CRTC3|BAALC|UTP23|TOX2|ZNF827|RETREG3,-0.71,MyList
Cell Type Signatures,7,M39131,AIZARANI LIVER C32 MVECS 3,,-2.4,2.7,3.3,30230,125,896,10,1.1,0.35,730|3133|4299|7145|8496|8553|10252|25937|51564|219654,C7|HLA-E|AFF1|TNS1|PPFIBP1|BHLHE40|SPRY1|WWTR1|HDAC7|ZCCHC24,-0.7,MyList
DisGeNET,35,C0279530,Malignant Bone Neoplasm,,-2.4,2.7,3.3,30230,125,896,10,1.1,0.35,5978|6091|6387|6696|9734|10018|11346|23373|27086|57468,REST|ROBO1|CXCL12|SPP1|HDAC9|BCL2L11|SYNPO|CRTC1|FOXP1|SLC12A5,-0.7,MyList
Transcription Factor Targets,16,M2709,IRF1 01,,-2.4,2.1,3.1,30230,255,896,16,1.8,0.44,862|3707|4286|5076|6096|8861|9686|9759|10379|22807|26099|56987|79035|80817|140890|220965,RUNX1T1|ITPKB|MITF|PAX2|RORB|LDB1|VGLL4|HDAC4|IRF9|IKZF2|SZRD1|BBX|NABP2|CEP44|SREK1|FAM13C,-0.7,MyList
DisGeNET,35,C0008924,Cleft upper lip,,-2.4,2.1,3.1,30230,255,896,16,1.8,0.44,1947|2049|2104|2162|2719|2737|6909|8897|9411|9723|27324|55975|56006|57619|57724|284058,EFNB1|EPHB3|ESRRG|F13A1|GPC3|GLI3|TBX2|MTMR3|ARHGAP29|SEMA3E|TOX3|KLHL7|SMG9|SHROOM3|EPG5|KANSL1,-0.7,MyList
DisGeNET,35,C0042345,Varicosity,,-2.4,2.3,3.2,30230,188,896,13,1.5,0.4,858|2147|3383|4854|6239|6281|6696|7200|7424|25959|29108|51564|54714,CAV2|F2|ICAM1|NOTCH3|RREB1|S100A10|SPP1|TRH|VEGFC|KANK2|PYCARD|HDAC7|CNGB3,-0.7,MyList
DisGeNET,35,C0234533,Generalized seizures,,-2.4,2.2,3.2,30230,210,896,14,1.6,0.41,1501|2961|5978|6529|6792|6925|7200|7737|9289|56776|57468|136647|348980|401474,CTNND2|GTF2E2|REST|SLC6A1|CDKL5|TCF4|TRH|RNF113A|ADGRG1|FMN2|SLC12A5|MPLKIP|HCN1|SAMD12,-0.7,MyList
DisGeNET,35,C4054727,Infant Acute Lymphoblastic Leukemia,,-2.4,3.9,3.6,30230,52,896,6,0.67,0.27,862|4211|4299|4311|9734|27125,RUNX1T1|MEIS1|AFF1|MME|HDAC9|AFF4,-0.69,MyList
Transcription Factor Targets,16,M11894,AACWWCAANK UNKNOWN,,-2.4,2.5,3.3,30230,146,896,11,1.2,0.37,770|2049|4335|6660|23301|23518|25876|55122|56987|57333|140890,CA11|EPHB3|MNT|SOX5|EHBP1|R3HDM1|SPEF1|AKIRIN2|BBX|RCN3|SREK1,-0.69,MyList
DisGeNET,35,C0677898,invasive cancer,,-2.4,2.5,3.3,30230,146,896,11,1.2,0.37,595|664|1026|1164|2147|3383|4810|6696|10631|57575|57591,CCND1|BNIP3|CDKN1A|CKS2|F2|ICAM1|NHS|SPP1|POSTN|PCDH10|MRTFA,-0.69,MyList
Cell Type Signatures,7,M39036,FAN EMBRYONIC CTX NSC 2,,-2.4,2.2,3.1,30230,233,896,15,1.7,0.43,1163|1164|3014|4288|6047|26586|27338|51070|51155|54820|54908|55872|80817|84722|219541,CKS1B|CKS2|H2AX|MKI67|RNF4|CKAP2|UBE2S|NOSIP|JPT1|NDE1|SPDL1|PBK|CEP44|PSRC1|MED19,-0.69,MyList
DisGeNET,35,C1837463,Narrow face,,-2.4,3.1,3.4,30230,87,896,8,0.89,0.31,4286|4703|4810|4854|5116|7136|9723|51132,MITF|NEB|NHS|NOTCH3|PCNT|TNNI2|SEMA3E|RLIM,-0.69,MyList
Transcription Factor Targets,16,M3147,PAX4 03,,-2.4,2.1,3.1,30230,256,896,16,1.8,0.44,1028|4335|4634|4900|6489|7059|7319|8766|9854|10379|55028|55122|56987|57555|124790|100131755,CDKN1C|MNT|MYL3|NRGN|ST8SIA1|THBS3|UBE2A|RAB11A|C2CD2L|IRF9|MTNAP1|AKIRIN2|BBX|NLGN2|HEXIM2|ARMCX4,-0.69,MyList
Transcription Factor Targets,16,M8585,TFIIA Q6,,-2.4,2.1,3.1,30230,256,896,16,1.8,0.44,595|605|1307|2719|4211|4324|7942|9854|10362|11117|26099|51199|54785|57649|127733|145864,CCND1|BCL7A|COL16A1|GPC3|MEIS1|MMP15|TFEB|C2CD2L|HMG20B|EMILIN1|SZRD1|NIN|BORCS6|PHF12|UBXN10|HAPLN3,-0.69,MyList
Transcription Factor Targets,16,M17627,STAT1 01,,-2.4,3.4,3.5,30230,69,896,7,0.78,0.29,320|10067|55663|79155|80817|112752|153222,APBA1|SCAMP3|ZNF446|TNIP2|CEP44|IFT43|CREBRF,-0.69,MyList
Transcription Factor Targets,16,M29991,HDAC4 TARGET GENES,,-2.4,1.6,2.9,30230,681,896,33,3.7,0.63,2067|3621|4335|6461|6482|6747|6874|6938|7799|8425|9734|10101|11143|23635|56987|57507|57555|57649|65056|65265|79035|79777|81558|84331|85395|91272|92105|115939|124790|129138|317781|400916|100131187,ERCC1|ING1|MNT|SHB|ST3GAL1|SSR3|TAF4|TCF12|PRDM2|LTBP4|HDAC9|NUBP2|KAT7|SSBP2|BBX|ZNF608|NLGN2|PHF12|GPBP1|C8orf33|NABP2|ACBD4|FAM117A|MCRIP2|SLX9|BOD1|INTS4|TSR3|HEXIM2|ANKRD54|DDX51|CHCHD10|TSTD1,-0.69,MyList
DisGeNET,35,C1846223,Adrenal hypoplasia,,-2.4,5.9,4.1,30230,23,896,4,0.45,0.22,1028|2737|6091|89884,CDKN1C|GLI3|ROBO1|LHX4,-0.69,MyList
TRRUST,34,TRR01047,Regulated by: PML,,-2.4,5.9,4.1,30230,23,896,4,0.45,0.22,595|904|1026|150383,CCND1|CCNT1|CDKN1A|CDPF1,-0.69,MyList
Transcription Factor Targets,16,M10428,HNF3ALPHA Q6,,-2.4,2.2,3.2,30230,211,896,14,1.6,0.41,1026|3707|4756|6239|6934|10529|10602|11278|27086|51274|79047|84631|114990|140890,CDKN1A|ITPKB|NEO1|RREB1|TCF7L2|NEBL|CDC42EP3|KLF12|FOXP1|KLF3|KCTD15|SLITRK2|VASN|SREK1,-0.69,MyList
Cell Type Signatures,7,M39132,AIZARANI LIVER C33 STELLATE CELLS 2,,-2.4,2.7,3.3,30230,126,896,10,1.1,0.35,730|3400|4854|6909|7145|10398|11030|25959|53826|112464,C7|ID4|NOTCH3|TBX2|TNS1|MYL9|RBPMS|KANK2|FXYD6|CAVIN3,-0.69,MyList
DisGeNET,35,C0024131,Lupus Vulgaris,,-2.4,1.7,3,30230,526,896,27,3,0.57,350|862|1026|1636|1997|2147|3082|4299|4739|4810|5806|6383|6387|6628|6696|8694|9734|9825|10318|11346|53342|57506|57591|57661|59269|83648|84337,APOH|RUNX1T1|CDKN1A|ACE|ELF1|F2|HGF|AFF1|NEDD9|NHS|PTX3|SDC2|CXCL12|SNRPB|SPP1|DGAT1|HDAC9|SPATA2|TNIP1|SYNPO|IL17D|MAVS|MRTFA|PHRF1|HIVEP3|FAM167A|ELOF1,-0.69,MyList
Transcription Factor Targets,16,M40822,AUTS2 TARGET GENES,,-2.4,1.8,3,30230,450,896,24,2.7,0.54,595|1389|2122|2619|2737|5564|5980|6281|7737|10018|11056|51759|57507|57584|79047|80097|81565|83640|90355|116840|124790|219738|284058|728568,CCND1|CREBL2|MECOM|GAS1|GLI3|PRKAB1|REV3L|S100A10|RNF113A|BCL2L11|DDX52|C9orf78|ZNF608|ARHGAP21|KCTD15|MZT2B|NDEL1|RAMAC|MACIR|CNTROB|HEXIM2|FAM241B|KANSL1|UQCC6,-0.69,MyList
DisGeNET,35,C0376634,Craniofacial Abnormalities,,-2.4,2.2,3.1,30230,234,896,15,1.7,0.43,71|1947|2077|2737|3166|4335|6925|7227|8772|10082|54901|63906|129804|158038|284058,ACTG1|EFNB1|ERF|GLI3|HMX1|MNT|TCF4|TRPS1|FADD|GPC6|CDKAL1|GPATCH3|FBLN7|LINGO2|KANSL1,-0.68,MyList
DisGeNET,35,C0024138,"Lupus Erythematosus, Discoid",,-2.4,1.7,2.9,30230,552,896,28,3.1,0.58,350|715|862|1026|1636|1997|2147|3082|4299|4739|4810|5806|6383|6387|6628|6696|8694|9734|9825|10318|11346|53342|57506|57591|57661|59269|83648|84337,APOH|C1R|RUNX1T1|CDKN1A|ACE|ELF1|F2|HGF|AFF1|NEDD9|NHS|PTX3|SDC2|CXCL12|SNRPB|SPP1|DGAT1|HDAC9|SPATA2|TNIP1|SYNPO|IL17D|MAVS|MRTFA|PHRF1|HIVEP3|FAM167A|ELOF1,-0.68,MyList
Transcription Factor Targets,16,M2685,AP4 Q6 01,,-2.4,2.1,3.1,30230,257,896,16,1.8,0.44,2077|2869|5662|6002|6666|7136|10150|11276|22807|51070|51155|56478|57804|131377|159195|340719,ERF|GRK5|PSD|RGS12|SOX12|TNNI2|MBNL2|SYNRG|IKZF2|NOSIP|JPT1|EIF4ENIF1|POLD4|KLHL40|USP54|NANOS1,-0.68,MyList
Transcription Factor Targets,16,M18645,MYB Q6,,-2.4,2.1,3.1,30230,257,896,16,1.8,0.44,862|2104|2785|3400|3487|4052|4335|5101|5218|11346|23635|27338|56890|84969|126526|220296,RUNX1T1|ESRRG|GNG3|ID4|IGFBP4|LTBP1|MNT|PCDH9|CDK14|SYNPO|SSBP2|UBE2S|SAXO6|TOX2|C19orf47|HEPACAM,-0.68,MyList
TRRUST,34,TRR01150,Regulated by: RB1,,-2.3,4.6,3.8,30230,37,896,5,0.56,0.25,1026|1997|3479|84337|150383,CDKN1A|ELF1|IGF1|ELOF1|CDPF1,-0.68,MyList
Transcription Factor Targets,16,M3956,ETS2 B,,-2.3,2,3.1,30230,281,896,17,1.9,0.46,320|1949|2791|3479|5099|5978|6002|6281|6938|7136|8766|11278|51132|79884|80774|200186|404093,APBA1|EFNB3|GNG11|IGF1|PCDH7|REST|RGS12|S100A10|TCF12|TNNI2|RAB11A|KLF12|RLIM|MAP9|LIMD2|CRTC2|CUEDC1,-0.67,MyList
DisGeNET,35,C0030297,Pancreatic Neoplasm,,-2.3,1.6,2.9,30230,764,896,36,4,0.66,595|664|1028|1113|1634|2067|3082|3083|3297|3383|3479|3660|3667|4060|4286|4311|4772|4854|4885|6281|6387|6696|7424|8553|8660|9289|9500|9547|9734|10631|25937|27086|51129|51564|58191|80310,CCND1|BNIP3|CDKN1C|CHGA|DCN|ERCC1|HGF|HGFAC|HSF1|ICAM1|IGF1|IRF2|IRS1|LUM|MITF|MME|NFATC1|NOTCH3|NPTX2|S100A10|CXCL12|SPP1|VEGFC|BHLHE40|IRS2|ADGRG1|MAGED1|CXCL14|HDAC9|POSTN|WWTR1|FOXP1|ANGPTL4|HDAC7|CXCL16|PDGFD,-0.67,MyList
Transcription Factor Targets,16,M3827,CCAWWNAAGG SRF Q4,,-2.3,3.1,3.4,30230,88,896,8,0.89,0.31,5099|6925|7030|55957|57649|79047|127435|140890,PCDH7|TCF4|TFE3|LIN37|PHF12|KCTD15|PODN|SREK1,-0.67,MyList
Transcription Factor Targets,16,M11968,NKX61 01,,-2.3,2.2,3.1,30230,235,896,15,1.7,0.43,862|2104|4661|5126|6047|6660|6792|6925|9611|10150|54462|84631|143282|148398|266727,RUNX1T1|ESRRG|MYT1|PCSK2|RNF4|SOX5|CDKL5|TCF4|NCOR1|MBNL2|CCSER2|SLITRK2|FGFBP3|SAMD11|MDGA1,-0.67,MyList
Transcription Factor Targets,16,M6490,IPF1 Q4,,-2.3,2.1,3.1,30230,258,896,16,1.8,0.44,595|1501|1634|1947|4756|4969|6938|9139|10602|23051|51274|56849|84631|140890|148398|152485,CCND1|CTNND2|DCN|EFNB1|NEO1|OGN|TCF12|CBFA2T2|CDC42EP3|ZHX3|KLF3|TCEAL7|SLITRK2|SREK1|SAMD11|ZNF827,-0.67,MyList
Transcription Factor Targets,16,M11439,TAL1ALPHAE47 01,,-2.3,2.1,3.1,30230,258,896,16,1.8,0.44,862|4052|6666|6938|10150|22807|25987|27086|30011|79035|81849|93643|124790|127733|140606|284018,RUNX1T1|LTBP1|SOX12|TCF12|MBNL2|IKZF2|TSKU|FOXP1|SH3KBP1|NABP2|ST6GALNAC5|TJAP1|HEXIM2|UBXN10|SELENOM|C17orf58,-0.67,MyList
DisGeNET,35,C4551687,Sarcoma of soft tissue,,-2.3,2.1,3.1,30230,258,896,16,1.8,0.44,1028|2719|3479|3621|3622|4286|5806|6320|6696|7030|7424|9113|9759|10413|23528|79058,CDKN1C|GPC3|IGF1|ING1|ING2|MITF|PTX3|CLEC11A|SPP1|TFE3|VEGFC|LATS1|HDAC4|YAP1|ZNF281|ASPSCR1,-0.67,MyList
Transcription Factor Targets,16,M5,STAT 01,,-2.3,2.1,3.1,30230,258,896,16,1.8,0.44,320|607|2158|3383|4734|5118|5606|5662|10067|10282|50487|79155|80271|112752|114990|153222,APBA1|BCL9|F9|ICAM1|NEDD4|PCOLCE|MAP2K3|PSD|SCAMP3|BET1|PLA2G3|TNIP2|ITPKC|IFT43|VASN|CREBRF,-0.67,MyList
Transcription Factor Targets,16,M30110,PAX7 TARGET GENES,,-2.3,1.6,2.9,30230,711,896,34,3.8,0.64,1501|1634|3383|4211|5980|6383|6938|8165|8658|8766|9811|10529|10602|22794|22871|23368|23627|25937|51199|56987|57117|79004|79834|79870|80789|81565|81706|84909|146206|152485|157697|219654|284297|389125,CTNND2|DCN|ICAM1|MEIS1|REV3L|SDC2|TCF12|AKAP1|TNKS|RAB11A|CTIF|NEBL|CDC42EP3|CASC3|NLGN1|PPP1R13B|PRND|WWTR1|NIN|BBX|INTS12|CUEDC2|PEAK1|BAALC|INTS5|NDEL1|PPP1R14C|AOPEP|CARMIL2|ZNF827|ERICH1|ZCCHC24|SSC5D|MUSTN1,-0.67,MyList
DisGeNET,35,C4024949,Generalized hyperreflexia,,-2.3,8.4,4.5,30230,12,896,3,0.33,0.19,2961|7737|136647,GTF2E2|RNF113A|MPLKIP,-0.67,MyList
DisGeNET,35,C1837758,Bird-like facies,,-2.3,8.4,4.5,30230,12,896,3,0.33,0.19,2961|7737|136647,GTF2E2|RNF113A|MPLKIP,-0.67,MyList
TRRUST,34,TRR00894,Regulated by: NPM1,,-2.3,8.4,4.5,30230,12,896,3,0.33,0.19,595|1026|150383,CCND1|CDKN1A|CDPF1,-0.67,MyList
DisGeNET,35,C0151864,Disorder of pregnancy,,-2.3,8.4,4.5,30230,12,896,3,0.33,0.19,3082|3133|60676,HGF|HLA-E|PAPPA2,-0.67,MyList
DisGeNET,35,C1848873,Abnormality of the diaphragm,,-2.3,8.4,4.5,30230,12,896,3,0.33,0.19,1634|4703|131377,DCN|NEB|KLHL40,-0.67,MyList
Cell Type Signatures,7,M39138,GAO ESOPHAGUS 25W C3 FGFR1LOW EPITHELIAL CELLS,,-2.3,3.8,3.6,30230,53,896,6,0.67,0.27,23373|30011|65009|84668|84946|129401,CRTC1|SH3KBP1|NDRG4|HYCC1|LTV1|NUP35,-0.67,MyList
Cell Type Signatures,7,M39319,CUI DEVELOPING HEART ENDOCARDIAL CELL,,-2.3,3.8,3.6,30230,53,896,6,0.67,0.27,5099|6320|10631|11117|51129|53826,PCDH7|CLEC11A|POSTN|EMILIN1|ANGPTL4|FXYD6,-0.67,MyList
DisGeNET,35,C0266551,Congenital coloboma of iris,,-2.3,2.5,3.2,30230,148,896,11,1.2,0.37,71|2077|2619|4854|9723|10413|23247|54539|54806|65062|79848,ACTG1|ERF|GAS1|NOTCH3|SEMA3E|YAP1|KATNIP|NDUFB11|AHI1|TMEM237|CSPP1,-0.67,MyList
Transcription Factor Targets,16,M10518,CCAWYNNGAAR UNKNOWN,,-2.3,2.5,3.2,30230,148,896,11,1.2,0.37,1163|2122|3400|6464|9686|10489|51132|57630|57649|112942|112950,CKS1B|MECOM|ID4|SHC1|VGLL4|LRRC41|RLIM|SH3RF1|PHF12|CFAP36|MED8,-0.67,MyList
Cell Type Signatures,7,M39108,AIZARANI LIVER C4 EPCAM POS BILE DUCT CELLS 1,,-2.3,2.3,3.1,30230,191,896,13,1.5,0.4,858|1028|6692|6696|10653|11030|11135|25937|25959|54102|55553|57619|57648,CAV2|CDKN1C|SPINT1|SPP1|SPINT2|RBPMS|CDC42EP1|WWTR1|KANK2|CLIC6|SOX6|SHROOM3|NHSL3,-0.67,MyList
Transcription Factor Targets,16,M10046,ATF B,,-2.3,2.3,3.1,30230,191,896,13,1.5,0.4,2824|4052|4286|4750|9956|10150|27125|54806|65056|79169|84530|116840|345757,GPM6B|LTBP1|MITF|NEK1|HS3ST2|MBNL2|AFF4|AHI1|GPBP1|C1orf35|SRRM4|CNTROB|FAM174A,-0.67,MyList
Transcription Factor Targets,16,M18963,HSF2 01,,-2.3,2.1,3.1,30230,259,896,16,1.8,0.44,607|1307|1949|5099|10150|11030|11129|27153|29998|57575|57620|57804|64599|65056|93643|114928,BCL9|COL16A1|EFNB3|PCDH7|MBNL2|RBPMS|CLASRP|ZNF777|BICRA|PCDH10|STIM2|POLD4|GIGYF1|GPBP1|TJAP1|GPRASP2,-0.67,MyList
DisGeNET,35,C0025362,Mental Retardation,,-2.3,1.7,2.9,30230,504,896,26,2.9,0.56,361|862|1501|1947|2158|2662|2719|3479|4155|4661|4734|6792|6925|6938|6942|7319|9640|22871|23054|27086|51322|54806|57555|65055|140733|220296,AQP4|RUNX1T1|CTNND2|EFNB1|F9|GDF10|GPC3|IGF1|MBP|MYT1|NEDD4|CDKL5|TCF4|TCF12|TCF20|UBE2A|ZNF592|NLGN1|NCOA6|FOXP1|WAC|AHI1|NLGN2|REEP1|MACROD2|HEPACAM,-0.66,MyList
DisGeNET,35,C0428472,Serum HDL cholesterol measurement,,-2.3,2,3,30230,283,896,17,1.9,0.46,2147|3082|3383|3479|4854|7200|7227|9388|9530|9611|22864|51129|54901|55553|56776|80310|83892,F2|HGF|ICAM1|IGF1|NOTCH3|TRH|TRPS1|LIPG|BAG4|NCOR1|R3HDM2|ANGPTL4|CDKAL1|SOX6|FMN2|PDGFD|KCTD10,-0.66,MyList
Transcription Factor Targets,16,M14350,NKX22 01,,-2.3,2.3,3.1,30230,192,896,13,1.5,0.4,2104|4634|4734|4756|6777|22864|27086|30011|55872|57348|57555|79365|112752,ESRRG|MYL3|NEDD4|NEO1|STAT5B|R3HDM2|FOXP1|SH3KBP1|PBK|TTYH1|NLGN2|BHLHE41|IFT43,-0.65,MyList
Transcription Factor Targets,16,M1631,DR3 Q4,,-2.3,2.5,3.2,30230,149,896,11,1.2,0.37,607|2719|5099|9989|22807|23635|51303|56998|81849|140890|284058,BCL9|GPC3|PCDH7|PPP4R1|IKZF2|SSBP2|FKBP11|CTNNBIP1|ST6GALNAC5|SREK1|KANSL1,-0.65,MyList
Transcription Factor Targets,16,M7994,STAT6 02,,-2.3,2.1,3,30230,260,896,16,1.8,0.44,460|868|1265|2077|3083|6792|7092|7227|10010|57509|57513|57649|81628|84335|200186|284058,ASTN1|CBLB|CNN2|ERF|HGFAC|CDKL5|TLL1|TRPS1|TANK|MTUS1|CASKIN2|PHF12|TSC22D4|AKT1S1|CRTC2|KANSL1,-0.65,MyList
Transcription Factor Targets,16,M12826,ATF1 Q6,,-2.3,2.1,3.1,30230,237,896,15,1.7,0.43,595|665|2077|2104|2824|7030|9956|10150|22927|27086|27125|79169|84530|85453|90488,CCND1|BNIP3L|ERF|ESRRG|GPM6B|TFE3|HS3ST2|MBNL2|HABP4|FOXP1|AFF4|C1orf35|SRRM4|TSPYL5|TMEM263,-0.65,MyList
DisGeNET,35,C0266011,Accessory nipple,,-2.3,4.4,3.7,30230,38,896,5,0.56,0.25,2719|6925|9759|55975|79848,GPC3|TCF4|HDAC4|KLHL7|CSPP1,-0.65,MyList
Transcription Factor Targets,16,M30285,ZNF239 TARGET GENES,,-2.3,4.4,3.7,30230,38,896,5,0.56,0.25,1265|2067|9289|22794|57117,CNN2|ERCC1|ADGRG1|CASC3|INTS12,-0.65,MyList
DisGeNET,35,C0042167,"Uveitis, Posterior",,-2.3,5.6,4,30230,24,896,4,0.45,0.22,1636|3383|27086|53342,ACE|ICAM1|FOXP1|IL17D,-0.65,MyList
Transcription Factor Targets,16,M12443,SRF C,,-2.3,2.2,3.1,30230,215,896,14,1.6,0.41,1265|4052|4211|4286|6777|7041|7286|10010|10398|11155|27086|57649|79047|80303,CNN2|LTBP1|MEIS1|MITF|STAT5B|TGFB1I1|TUFT1|TANK|MYL9|LDB3|FOXP1|PHF12|KCTD15|EFHD1,-0.65,MyList
DisGeNET,35,C1862475,Abnormality of retinal pigmentation,,-2.3,2.2,3.1,30230,215,896,14,1.6,0.41,2067|2073|4286|5148|26146|54539|54714|54806|55975|57670|57724|84140|646960|768206,ERCC1|ERCC5|MITF|PDE6G|TRAF3IP1|NDUFB11|CNGB3|AHI1|KLHL7|KIAA1549|EPG5|FAM161A|PRSS56|PRCD,-0.65,MyList
DisGeNET,35,C0236664,Alcohol-Related Disorders,,-2.3,3.7,3.5,30230,54,896,6,0.67,0.27,2104|2869|9607|10150|11278|22997,ESRRG|GRK5|CARTPT|MBNL2|KLF12|IGSF9B,-0.65,MyList
Transcription Factor Targets,16,M40716,YBX3 TARGET GENES,,-2.3,3.7,3.5,30230,54,896,6,0.67,0.27,10001|57696|63906|65265|83892|115939,MED6|DDX55|GPATCH3|C8orf33|KCTD10|TSR3,-0.65,MyList
DisGeNET,35,C3160889,Node-negative breast cancer,,-2.3,3.7,3.5,30230,54,896,6,0.67,0.27,3014|3479|6696|7424|8601|80760,H2AX|IGF1|SPP1|VEGFC|RGS20|ITIH5,-0.65,MyList
DisGeNET,35,C0221352,Syndactyly of fingers,,-2.3,2.4,3.1,30230,171,896,12,1.3,0.38,1501|1947|2077|2122|2719|2737|3955|4750|5980|9759|92482|112752,CTNND2|EFNB1|ERF|MECOM|GPC3|GLI3|LFNG|NEK1|REV3L|HDAC4|BBIP1|IFT43,-0.65,MyList
DisGeNET,35,C0027868,Neuromuscular Diseases,,-2.3,2.4,3.1,30230,171,896,12,1.3,0.38,858|1611|1636|3082|3479|4703|7138|8926|9325|11155|131377|400916,CAV2|DAP|ACE|HGF|IGF1|NEB|TNNT1|SNURF|TRIP4|LDB3|KLHL40|CHCHD10,-0.65,MyList
Cell Type Signatures,7,M40147,DESCARTES FETAL ADRENAL SCHWANN CELLS,,-2.3,2.6,3.2,30230,129,896,10,1.1,0.35,2824|5806|30812|57348|63827|79006|84631|143282|151242|220296,GPM6B|PTX3|SOX8|TTYH1|BCAN|METRN|SLITRK2|FGFBP3|PPP1R1C|HEPACAM,-0.65,MyList
Transcription Factor Targets,16,M13457,GRE C,,-2.3,2.6,3.2,30230,129,896,10,1.1,0.35,4634|6792|6938|8766|9846|10010|10150|22807|79047|140890,MYL3|CDKL5|TCF12|RAB11A|GAB2|TANK|MBNL2|IKZF2|KCTD15|SREK1,-0.65,MyList
DisGeNET,35,C0009363,Congenital ocular coloboma (disorder),,-2.3,2.6,3.2,30230,129,896,10,1.1,0.35,71|3166|4286|5076|6909|8772|10413|10653|65062|84260,ACTG1|HMX1|MITF|PAX2|TBX2|FADD|YAP1|SPINT2|TMEM237|TCHP,-0.65,MyList
Transcription Factor Targets,16,M16345,NKX3A 01,,-2.3,2.1,3,30230,238,896,15,1.7,0.43,4661|4734|5126|6660|6938|8805|22794|30011|51132|57630|64375|84631|94137|116224|127733,MYT1|NEDD4|PCSK2|SOX5|TCF12|TRIM24|CASC3|SH3KBP1|RLIM|SH3RF1|IKZF4|SLITRK2|RP1L1|PABIR1|UBXN10,-0.64,MyList
DisGeNET,35,C0005845,Blood urea nitrogen measurement,,-2.3,3,3.3,30230,90,896,8,0.89,0.31,2122|4772|7059|11030|22864|57619|64897|79948,MECOM|NFATC1|THBS3|RBPMS|R3HDM2|SHROOM3|C12orf43|PLPPR3,-0.64,MyList
Transcription Factor Targets,16,M9581,RYTGCNNRGNAAC MIF1 01,,-2.3,3,3.3,30230,90,896,8,0.89,0.31,1949|2719|3297|4900|9500|64320|79884|84080,EFNB3|GPC3|HSF1|NRGN|MAGED1|RNF25|MAP9|ENKD1,-0.64,MyList
Transcription Factor Targets,16,M399,SMTTTTGT UNKNOWN,,-2.3,1.8,2.9,30230,407,896,22,2.5,0.52,862|1501|2719|3479|4052|6660|6925|9500|11278|22807|23767|27086|27338|51155|51199|54714|57509|57649|79047|84530|124790|146059,RUNX1T1|CTNND2|GPC3|IGF1|LTBP1|SOX5|TCF4|MAGED1|KLF12|IKZF2|FLRT3|FOXP1|UBE2S|JPT1|NIN|CNGB3|MTUS1|PHF12|KCTD15|SRRM4|HEXIM2|CDAN1,-0.63,MyList
DisGeNET,35,C0025990,Micrognathism,,-2.3,1.7,2.9,30230,586,896,29,3.2,0.59,71|715|2067|2073|2737|3479|4286|4703|4750|4854|5116|5980|6239|6628|7136|7227|8270|8425|9723|10082|10297|27245|51132|54539|55906|57724|79848|84294|112752,ACTG1|C1R|ERCC1|ERCC5|GLI3|IGF1|MITF|NEB|NEK1|NOTCH3|PCNT|REV3L|RREB1|SNRPB|TNNI2|TRPS1|LAGE3|LTBP4|SEMA3E|GPC6|APC2|AHDC1|RLIM|NDUFB11|ZC4H2|EPG5|CSPP1|UTP23|IFT43,-0.63,MyList
DisGeNET,35,C2316810,Chronic kidney disease stage 5,,-2.3,1.6,2.8,30230,665,896,32,3.6,0.62,664|822|1113|1636|1948|2147|3082|3383|3479|3667|4211|5076|5564|5806|6239|6281|6387|6696|6934|7456|7903|9734|10133|10318|10631|26146|50485|54806|55906|58191|65983|153222,BNIP3|CAPG|CHGA|ACE|EFNB2|F2|HGF|ICAM1|IGF1|IRS1|MEIS1|PAX2|PRKAB1|PTX3|RREB1|S100A10|CXCL12|SPP1|TCF7L2|WIPF1|ST8SIA4|HDAC9|OPTN|TNIP1|POSTN|TRAF3IP1|SMARCAL1|AHI1|ZC4H2|CXCL16|GRAMD2B|CREBRF,-0.63,MyList
DisGeNET,35,C0018498,Hair Color,,-2.3,2.6,3.2,30230,130,896,10,1.1,0.35,361|4286|5148|6942|9686|9846|54901|55553|56776|124045,AQP4|MITF|PDE6G|TCF20|VGLL4|GAB2|CDKAL1|SOX6|FMN2|SPATA33,-0.63,MyList
Transcription Factor Targets,16,M9140,RACTNNRTTTNC UNKNOWN,,-2.3,2.6,3.2,30230,130,896,10,1.1,0.35,1489|3082|6792|7227|10282|55815|79005|83692|256643|388695,CTF1|HGF|CDKL5|TRPS1|BET1|TSNAXIP1|SCNM1|CD99L2|BCLAF3|LYSMD1,-0.63,MyList
Transcription Factor Targets,16,M30136,RAX2 TARGET GENES,,-2.3,3.3,3.4,30230,72,896,7,0.78,0.29,2067|5546|10848|10849|25901|55850|80817,ERCC1|PRCC|PPP1R13L|POLR1G|CCDC28A|USE1|CEP44,-0.63,MyList
Transcription Factor Targets,16,M8746,RGAANNTTC HSF1 01,,-2.3,1.8,2.9,30230,458,896,24,2.7,0.54,607|730|1949|1998|3400|6096|6489|7227|8751|9759|10150|11030|11129|27153|51070|55957|56478|57575|57584|57724|57804|64599|65056|114928,BCL9|C7|EFNB3|ELF2|ID4|RORB|ST8SIA1|TRPS1|ADAM15|HDAC4|MBNL2|RBPMS|CLASRP|ZNF777|NOSIP|LIN37|EIF4ENIF1|PCDH10|ARHGAP21|EPG5|POLD4|GIGYF1|GPBP1|GPRASP2,-0.63,MyList
Transcription Factor Targets,16,M8942,GCTNWTTGK UNKNOWN,,-2.3,2,3,30230,310,896,18,2,0.47,2147|2719|3667|4211|4335|6522|6909|22807|27338|50487|51155|57348|65056|84872|89884|123811|151647|220296,F2|GPC3|IRS1|MEIS1|MNT|SLC4A2|TBX2|IKZF2|UBE2S|PLA2G3|JPT1|TTYH1|GPBP1|ZC3H10|LHX4|CEP20|TAFA4|HEPACAM,-0.63,MyList
Transcription Factor Targets,16,M12891,GGAANCGGAANY UNKNOWN,,-2.3,2.8,3.2,30230,110,896,9,1,0.33,5564|6881|11129|25921|57696|64320|79608|84285|112950,PRKAB1|TAF10|CLASRP|ZDHHC5|DDX55|RNF25|RIC3|EIF1AD|MED8,-0.63,MyList
Transcription Factor Targets,16,M30209,THRA TARGET GENES,,-2.3,2.8,3.2,30230,110,896,9,1,0.33,735|4863|9857|22794|57035|57591|84444|283464|283951,C9|NPAT|CEP350|CASC3|RSRP1|MRTFA|DOT1L|GXYLT1|UQCC4,-0.63,MyList
DisGeNET,35,C0002726,Amyloidosis,,-2.3,1.6,2.8,30230,693,896,33,3.7,0.63,333|361|595|862|972|1634|1636|3297|3479|3621|3667|4155|4299|4311|4653|4744|4900|5806|6387|6696|7942|8766|9607|9734|9804|10018|10133|10524|22871|23373|25978|29108|55850,APLP1|AQP4|CCND1|RUNX1T1|CD74|DCN|ACE|HSF1|IGF1|ING1|IRS1|MBP|AFF1|MME|MYOC|NEFH|NRGN|PTX3|CXCL12|SPP1|TFEB|RAB11A|CARTPT|HDAC9|TOMM20|BCL2L11|OPTN|KAT5|NLGN1|CRTC1|CHMP2B|PYCARD|USE1,-0.62,MyList
DisGeNET,35,C3888194,MIXED LINEAGE LEUKEMIA,,-2.3,2.1,3,30230,240,896,15,1.7,0.43,173|595|862|2122|3082|3479|4211|4299|4300|4311|9734|10524|10529|27125|84444,AFM|CCND1|RUNX1T1|MECOM|HGF|IGF1|MEIS1|AFF1|MLLT3|MME|HDAC9|KAT5|NEBL|AFF4|DOT1L,-0.62,MyList
Transcription Factor Targets,16,M5155,TEL2 Q6,,-2.3,2.1,3,30230,240,896,15,1.7,0.43,1163|4211|6464|6628|6938|7030|9854|10524|25921|51132|51599|83444|116840|129685|283899,CKS1B|MEIS1|SHC1|SNRPB|TCF12|TFE3|C2CD2L|KAT5|ZDHHC5|RLIM|LSR|INO80B|CNTROB|TAF8|INO80E,-0.62,MyList
Cell Type Signatures,7,M39299,CUI DEVELOPING HEART C2 CARDIOMYOCYTE,,-2.2,3,3.3,30230,91,896,8,0.89,0.31,664|4291|4634|10398|10529|11155|81706|400916,BNIP3|MLF1|MYL3|MYL9|NEBL|LDB3|PPP1R14C|CHCHD10,-0.62,MyList
DisGeNET,35,C0220636,Malignant neoplasm of salivary gland,,-2.2,3,3.3,30230,91,896,8,0.89,0.31,595|1026|3082|6387|6777|23373|80303|84441,CCND1|CDKN1A|HGF|CXCL12|STAT5B|CRTC1|EFHD1|MAML2,-0.62,MyList
DisGeNET,35,C1956089,Osteophyte,,-2.2,3,3.3,30230,91,896,8,0.89,0.31,822|3479|6239|6696|7286|8751|9759|84444,CAPG|IGF1|RREB1|SPP1|TUFT1|ADAM15|HDAC4|DOT1L,-0.62,MyList
Cell Type Signatures,7,M39079,ZHONG PFC MAJOR TYPES OPC,,-2.2,3,3.3,30230,91,896,8,0.89,0.31,2824|10252|30812|55553|57348|63827|81628|84631,GPM6B|SPRY1|SOX8|SOX6|TTYH1|BCAN|TSC22D4|SLITRK2,-0.62,MyList
Transcription Factor Targets,16,M8004,TGASTMAGC NFE2 01,,-2.2,2.2,3.1,30230,195,896,13,1.5,0.4,664|4744|7092|8751|9854|9956|11346|51129|55122|57094|64129|80271|84254,BNIP3|NEFH|TLL1|ADAM15|C2CD2L|HS3ST2|SYNPO|ANGPTL4|AKIRIN2|CPA6|TINAGL1|ITPKC|CAMKK1,-0.62,MyList
DisGeNET,35,C4022588,Fatigable weakness of swallowing muscles,,-2.2,4.3,3.6,30230,39,896,5,0.56,0.25,4744|4750|10133|25978|400916,NEFH|NEK1|OPTN|CHMP2B|CHCHD10,-0.62,MyList
DisGeNET,35,C0013528,Echolalia,,-2.2,4.3,3.6,30230,39,896,5,0.56,0.25,71|6925|7319|25978|54539,ACTG1|TCF4|UBE2A|CHMP2B|NDUFB11,-0.62,MyList
DisGeNET,35,C0041696,Unipolar Depression,,-2.2,1.6,2.8,30230,641,896,31,3.5,0.61,361|595|607|1454|1501|1636|3479|3697|4900|4969|5101|5116|5806|6281|6925|7200|8553|8658|9607|9734|23051|29108|57512|57555|64084|79365|84530|84969|112464|266727|348980,AQP4|CCND1|BCL9|CSNK1E|CTNND2|ACE|IGF1|ITIH1|NRGN|OGN|PCDH9|PCNT|PTX3|S100A10|TCF4|TRH|BHLHE40|TNKS|CARTPT|HDAC9|ZHX3|PYCARD|GPR158|NLGN2|CLSTN2|BHLHE41|SRRM4|TOX2|CAVIN3|MDGA1|HCN1,-0.62,MyList
DisGeNET,35,C0018799,Heart Diseases,,-2.2,1.7,2.8,30230,537,896,27,3,0.57,664|665|1489|1636|1824|1946|2147|2869|3082|3297|3383|3479|3597|4634|4734|4772|5564|5978|6387|6696|6925|9843|10220|11155|23054|55859|257397,BNIP3|BNIP3L|CTF1|ACE|DSC2|EFNA5|F2|GRK5|HGF|HSF1|ICAM1|IGF1|IL13RA1|MYL3|NEDD4|NFATC1|PRKAB1|REST|CXCL12|SPP1|TCF4|HEPH|GDF11|LDB3|NCOA6|BEX1|TAB3,-0.61,MyList
Transcription Factor Targets,16,M7220,GTTGNYNNRGNAAC UNKNOWN,,-2.2,2.7,3.2,30230,111,896,9,1,0.33,2039|3622|6777|9825|25987|53822|53826|57555|83444,DMTN|ING2|STAT5B|SPATA2|TSKU|FXYD7|FXYD6|NLGN2|INO80B,-0.61,MyList
DisGeNET,35,C3266102,Steroid resistant nephrotic syndrome of childhood,,-2.2,3.2,3.3,30230,73,896,7,0.78,0.29,1636|5076|8270|8766|50485|55243|57017,ACE|PAX2|LAGE3|RAB11A|SMARCAL1|KIRREL1|COQ9,-0.61,MyList
DisGeNET,35,C0403397,Steroid-resistant nephrotic syndrome,,-2.2,3.2,3.3,30230,73,896,7,0.78,0.29,1636|5076|8270|8766|50485|55243|57017,ACE|PAX2|LAGE3|RAB11A|SMARCAL1|KIRREL1|COQ9,-0.61,MyList
Transcription Factor Targets,16,M6093,TAAYNRNNTCC UNKNOWN,,-2.2,2.3,3.1,30230,174,896,12,1.3,0.38,2104|4286|5118|5978|6522|6764|9611|22864|64111|219654|255743|266727,ESRRG|MITF|PCOLCE|REST|SLC4A2|DENND2B|NCOR1|R3HDM2|NPVF|ZCCHC24|NPNT|MDGA1,-0.61,MyList
DisGeNET,35,C2987516,Cervix Intraepithelial Neoplasia Grade 3 AJCC v7,,-2.2,5.4,3.8,30230,25,896,4,0.45,0.22,7424|7903|29108|81849,VEGFC|ST8SIA4|PYCARD|ST6GALNAC5,-0.61,MyList
DisGeNET,35,C0282606,Myomatous neoplasm,,-2.2,5.4,3.8,30230,25,896,4,0.45,0.22,3479|4311|4739|146206,IGF1|MME|NEDD9|CARMIL2,-0.61,MyList
DisGeNET,35,C1833340,Synostotic Posterior Plagiocephaly,,-2.2,5.4,3.8,30230,25,896,4,0.45,0.22,1947|2077|2737|6938,EFNB1|ERF|GLI3|TCF12,-0.61,MyList
DisGeNET,35,C4725092,Advanced Uveal Melanoma,,-2.2,7.8,4.3,30230,13,896,3,0.33,0.19,3082|3479|9734,HGF|IGF1|HDAC9,-0.61,MyList
DisGeNET,35,C4531297,Increased mean corpuscular hemoglobin concentration,,-2.2,7.8,4.3,30230,13,896,3,0.33,0.19,2961|7737|136647,GTF2E2|RNF113A|MPLKIP,-0.61,MyList
DisGeNET,35,C0271148,Secondary Open Angle Glaucoma,,-2.2,7.8,4.3,30230,13,896,3,0.33,0.19,858|4653|10133,CAV2|MYOC|OPTN,-0.61,MyList
DisGeNET,35,C0018924,Hemarthrosis,,-2.2,7.8,4.3,30230,13,896,3,0.33,0.19,2147|2158|2162,F2|F9|F13A1,-0.61,MyList
DisGeNET,35,C0032181,Platelet Count measurement,,-2.2,2,3,30230,265,896,16,1.8,0.44,350|2122|3083|5978|6002|6764|7227|10653|11030|51564|55633|55643|81628|83986|219654|375449,APOH|MECOM|HGFAC|REST|RGS12|DENND2B|TRPS1|SPINT2|RBPMS|HDAC7|TBC1D22B|BTBD2|TSC22D4|FAM234A|ZCCHC24|MAST4,-0.61,MyList
Transcription Factor Targets,16,M6985,GABP B,,-2.2,2,3,30230,265,896,16,1.8,0.44,4863|5564|6881|9530|9972|10067|10489|10524|11276|25921|51599|54552|55850|83590|84285|124565,NPAT|PRKAB1|TAF10|BAG4|NUP153|SCAMP3|LRRC41|KAT5|SYNRG|ZDHHC5|LSR|GNL3L|USE1|TMUB1|EIF1AD|SLC38A10,-0.61,MyList
Cell Type Signatures,7,M40151,DESCARTES FETAL ADRENAL STROMAL CELLS,,-2.2,2.4,3.1,30230,153,896,11,1.2,0.37,715|730|1634|3489|4060|4969|5118|10631|54510|127435|151887,C1R|C7|DCN|IGFBP6|LUM|OGN|PCOLCE|POSTN|PCDH18|PODN|CCDC80,-0.6,MyList
Transcription Factor Targets,16,M1830,YKACATTT UNKNOWN,,-2.2,2,2.9,30230,290,896,17,1.9,0.46,320|862|3479|3667|4052|4211|4300|10282|10602|11278|51562|59269|64111|80271|160760|344658|100131755,APBA1|RUNX1T1|IGF1|IRS1|LTBP1|MEIS1|MLLT3|BET1|CDC42EP3|KLF12|MBIP|HIVEP3|NPVF|ITPKC|PPTC7|SAMD7|ARMCX4,-0.59,MyList
DisGeNET,35,C4551686,Malignant neoplasm of soft tissue,,-2.2,1.6,2.8,30230,699,896,33,3.7,0.63,595|1026|1028|1311|1634|2067|2073|3014|3082|3479|4267|4288|4311|4772|5978|6239|6281|6777|7030|7270|7424|8660|9113|9734|9825|10398|10413|23373|27086|51274|57496|79058|84441,CCND1|CDKN1A|CDKN1C|COMP|DCN|ERCC1|ERCC5|H2AX|HGF|IGF1|CD99|MKI67|MME|NFATC1|REST|RREB1|S100A10|STAT5B|TFE3|TTF1|VEGFC|IRS2|LATS1|HDAC9|SPATA2|MYL9|YAP1|CRTC1|FOXP1|KLF3|MRTFB|ASPSCR1|MAML2,-0.58,MyList
DisGeNET,35,C1857656,Prematurely aged appearance,,-2.2,4.2,3.6,30230,40,896,5,0.56,0.25,2073|2961|5116|7737|136647,ERCC5|GTF2E2|PCNT|RNF113A|MPLKIP,-0.58,MyList
DisGeNET,35,C0027439,Nasopharyngeal Neoplasms,,-2.2,4.2,3.6,30230,40,896,5,0.56,0.25,2067|2122|3082|3680|7424,ERCC1|MECOM|HGF|ITGA9|VEGFC,-0.58,MyList
DisGeNET,35,C1956147,Microlissencephaly,,-2.2,4.2,3.6,30230,40,896,5,0.56,0.25,71|6925|54820|55906|80254,ACTG1|TCF4|NDE1|ZC4H2|CEP63,-0.58,MyList
DisGeNET,35,C1398312,Narrow palate,,-2.2,4.2,3.6,30230,40,896,5,0.56,0.25,2077|6660|6909|7227|284058,ERF|SOX5|TBX2|TRPS1|KANSL1,-0.58,MyList
DisGeNET,35,C0023223,Leg Ulcer,,-2.2,4.2,3.6,30230,40,896,5,0.56,0.25,1311|2147|2162|3082|3383,COMP|F2|F13A1|HGF|ICAM1,-0.58,MyList
Transcription Factor Targets,16,M3285,CTGRYYYNATT UNKNOWN,,-2.2,3.2,3.3,30230,74,896,7,0.78,0.29,460|5116|6239|6792|9478|9846|25978,ASTN1|PCNT|RREB1|CDKL5|CABP1|GAB2|CHMP2B,-0.58,MyList
Transcription Factor Targets,16,M2330,YTCCCRNNAGGY UNKNOWN,,-2.2,3.2,3.3,30230,74,896,7,0.78,0.29,4286|4917|6482|7044|23239|55906|65124,MITF|NTN3|ST3GAL1|LEFTY2|PHLPP1|ZC4H2|SOWAHC,-0.58,MyList
DisGeNET,35,C0271561,Somatotropin deficiency,,-2.2,2.4,3.1,30230,154,896,11,1.2,0.37,1028|2737|3479|4155|6777|6909|9723|23247|51236|83987|89884,CDKN1C|GLI3|IGF1|MBP|STAT5B|TBX2|SEMA3E|KATNIP|HGH1|CCDC8|LHX4,-0.58,MyList
DisGeNET,35,C0205645,"Adenocarcinoma, Tubular",,-2.2,2.5,3.1,30230,133,896,10,1.1,0.35,595|1028|1636|2158|4288|6091|6522|6696|6934|29108,CCND1|CDKN1C|ACE|F9|MKI67|ROBO1|SLC4A2|SPP1|TCF7L2|PYCARD,-0.58,MyList
DisGeNET,35,C0014548,"Epilepsy, Generalized",,-2.2,2.9,3.2,30230,93,896,8,0.89,0.31,5099|6096|6529|6792|29108|57094|348980|375449,PCDH7|RORB|SLC6A1|CDKL5|PYCARD|CPA6|HCN1|MAST4,-0.58,MyList
Transcription Factor Targets,16,M8756,GTTRYCATRR UNKNOWN,,-2.2,2.3,3,30230,176,896,12,1.3,0.38,2662|5662|6764|8861|9759|9825|53826|55228|83444|85456|112942|284018,GDF10|PSD|DENND2B|LDB1|HDAC4|SPATA2|FXYD6|PNMA8A|INO80B|TNKS1BP1|CFAP36|C17orf58,-0.58,MyList
DisGeNET,35,C0001807,Aggressive behavior,,-2.2,2.3,3,30230,176,896,12,1.3,0.38,6096|6529|6660|6925|6942|7319|8220|25978|27086|51132|51322|54487,RORB|SLC6A1|SOX5|TCF4|TCF20|UBE2A|ESS2|CHMP2B|FOXP1|RLIM|WAC|DGCR8,-0.58,MyList
DisGeNET,35,C0018777,Conductive hearing loss,,-2.2,2,2.9,30230,291,896,17,1.9,0.46,2077|4750|4854|5148|6239|6383|6628|7227|7703|9411|9759|10297|54806|55975|57670|84140|768206,ERF|NEK1|NOTCH3|PDE6G|RREB1|SDC2|SNRPB|TRPS1|PCGF2|ARHGAP29|HDAC4|APC2|AHI1|KLHL7|KIAA1549|FAM161A|PRCD,-0.58,MyList
Transcription Factor Targets,16,M18670,SMAD4 Q6,,-2.2,2.1,2.9,30230,244,896,15,1.7,0.43,3667|4854|6925|7227|8861|57468|57513|57649|57804|79047|84530|84668|89884|140733|220296,IRS1|NOTCH3|TCF4|TRPS1|LDB1|SLC12A5|CASKIN2|PHF12|POLD4|KCTD15|SRRM4|HYCC1|LHX4|MACROD2|HEPACAM,-0.58,MyList
DisGeNET,35,C0206638,Giant Cell Tumor of Bone,,-2.2,2.7,3.1,30230,113,896,9,1,0.33,595|1634|3082|3479|4060|6387|6696|10133|51129,CCND1|DCN|HGF|IGF1|LUM|CXCL12|SPP1|OPTN|ANGPTL4,-0.57,MyList
Transcription Factor Targets,16,M40778,CDC73 TARGET GENES,,-2.2,1.7,2.8,30230,517,896,26,2.9,0.56,2049|3297|3621|4717|7942|9804|10067|10078|10524|27237|29079|54507|55095|56181|57348|57513|64857|79777|80774|84331|84872|146059|147339|257415|340719|401466,EPHB3|HSF1|ING1|NDUFC1|TFEB|TOMM20|SCAMP3|TSSC4|KAT5|ARHGEF16|MED4|ADAMTSL4|SAMD4B|MTFR1L|TTYH1|CASKIN2|PLEKHG2|ACBD4|LIMD2|MCRIP2|ZC3H10|CDAN1|ARK2N|FAM133B|NANOS1|RBIS,-0.57,MyList
Transcription Factor Targets,16,M13493,E4F1 Q6,,-2.2,2,2.9,30230,292,896,17,1.9,0.46,2039|2077|4052|4739|4750|6881|22927|23767|51271|57117|58191|65056|84872|85453|90488|150864|317781,DMTN|ERF|LTBP1|NEDD9|NEK1|TAF10|HABP4|FLRT3|UBAP1|INTS12|CXCL16|GPBP1|ZC3H10|TSPYL5|TMEM263|FAM117B|DDX51,-0.57,MyList
DisGeNET,35,C0240896,Fundus coloboma,,-2.2,3.6,3.4,30230,57,896,6,0.67,0.27,5076|9723|10413|10653|54806|65062,PAX2|SEMA3E|YAP1|SPINT2|AHI1|TMEM237,-0.57,MyList
DisGeNET,35,C0007138,"Carcinoma, Transitional Cell",,-2.2,1.6,2.8,30230,622,896,30,3.3,0.6,595|972|1026|1113|1163|1478|1634|2002|2067|3479|4060|4267|4288|4311|4772|4854|5076|8658|9611|9734|9759|10379|10602|10631|51129|54487|54984|80254|220296|400566,CCND1|CD74|CDKN1A|CHGA|CKS1B|CSTF2|DCN|ELK1|ERCC1|IGF1|LUM|CD99|MKI67|MME|NFATC1|NOTCH3|PAX2|TNKS|NCOR1|HDAC9|HDAC4|IRF9|CDC42EP3|POSTN|ANGPTL4|DGCR8|PINX1|CEP63|HEPACAM|LIAT1,-0.57,MyList
Cell Type Signatures,7,M41679,TRAVAGLINI LUNG MESOTHELIAL CELL,,-2.2,1.6,2.8,30230,649,896,31,3.5,0.61,629|705|822|972|1164|1948|2619|2791|3487|4501|4969|6001|6281|6881|7138|27338|29108|51155|51303|51599|56265|57636|57804|58527|79006|80097|151887|284996|375449|653784|100131187,CFB|BYSL|CAPG|CD74|CKS2|EFNB2|GAS1|GNG11|IGFBP4|MT1X|OGN|RGS10|S100A10|TAF10|TNNT1|UBE2S|PYCARD|JPT1|FKBP11|LSR|CPXM1|ARHGAP23|POLD4|ABRACL|METRN|MZT2B|CCDC80|RNF149|MAST4|MZT2A|TSTD1,-0.56,MyList
DisGeNET,35,C0085207,Gestational Diabetes,,-2.2,1.6,2.8,30230,649,896,31,3.5,0.61,71|173|665|1489|1634|1636|2619|3270|3383|3479|3487|3667|4060|4810|5564|5806|6239|6934|8660|8694|9388|9759|51129|54487|54901|55850|58191|60676|80274|83444|158038,ACTG1|AFM|BNIP3L|CTF1|DCN|ACE|GAS1|HRC|ICAM1|IGF1|IGFBP4|IRS1|LUM|NHS|PRKAB1|PTX3|RREB1|TCF7L2|IRS2|DGAT1|LIPG|HDAC4|ANGPTL4|DGCR8|CDKAL1|USE1|CXCL16|PAPPA2|SCUBE1|INO80B|LINGO2,-0.56,MyList
DisGeNET,35,C0158733,Hand polydactyly,,-2.2,3.1,3.3,30230,75,896,7,0.78,0.29,1947|6239|9723|23247|54806|65062|79848,EFNB1|RREB1|SEMA3E|KATNIP|AHI1|TMEM237|CSPP1,-0.56,MyList
DisGeNET,35,C0265224,Freeman-Sheldon syndrome,,-2.2,5.2,3.7,30230,26,896,4,0.45,0.22,3479|6387|7136|55906,IGF1|CXCL12|TNNI2|ZC4H2,-0.56,MyList
DisGeNET,35,C0023015,Language Disorders,,-2.2,2.9,3.2,30230,94,896,8,0.89,0.31,715|4795|4863|6091|6696|9289|27086|29108,C1R|NFKBIL1|NPAT|ROBO1|SPP1|ADGRG1|FOXP1|PYCARD,-0.56,MyList
DisGeNET,35,C0332840,Amputated structure (morphologic abnormality),,-2.2,2.9,3.2,30230,94,896,8,0.89,0.31,972|3082|4810|5806|6387|6696|9734|79834,CD74|HGF|NHS|PTX3|CXCL12|SPP1|HDAC9|PEAK1,-0.56,MyList
DisGeNET,35,C0549523,Oropharynx (excludes nasopharynx),,-2.2,2.9,3.2,30230,94,896,8,0.89,0.31,595|1026|2067|2073|3479|6387|7030|7270,CCND1|CDKN1A|ERCC1|ERCC5|IGF1|CXCL12|TFE3|TTF1,-0.56,MyList
Cell Type Signatures,7,M39256,MENON FETAL KIDNEY 6 COLLECTING DUCT CELLS,,-2.2,2.9,3.2,30230,94,896,8,0.89,0.31,1948|2122|6281|10653|22841|54806|255743|100131187,EFNB2|MECOM|S100A10|SPINT2|RAB11FIP2|AHI1|NPNT|TSTD1,-0.56,MyList
DisGeNET,35,C1292778,Chronic myeloproliferative disorder,,-2.2,1.8,2.8,30230,366,896,20,2.2,0.49,664|862|868|2122|2147|3014|3479|3667|4211|5116|5806|6387|6777|8660|9734|10524|11155|25901|27086|51199,BNIP3|RUNX1T1|CBLB|MECOM|F2|H2AX|IGF1|IRS1|MEIS1|PCNT|PTX3|CXCL12|STAT5B|IRS2|HDAC9|KAT5|LDB3|CCDC28A|FOXP1|NIN,-0.56,MyList
DisGeNET,35,C1510502,Oxyphilic Adenoma,,-2.2,2.7,3.1,30230,114,896,9,1,0.33,595|1039|3479|4286|5076|7030|7942|84335|400566,CCND1|CDR2|IGF1|MITF|PAX2|TFE3|TFEB|AKT1S1|LIAT1,-0.56,MyList
Transcription Factor Targets,16,M11461,FOXO4 01,,-2.2,2.1,2.9,30230,246,896,15,1.7,0.43,1389|2122|4756|6457|6764|7227|9139|9734|11278|22807|112950|114990|131377|153222|200186,CREBL2|MECOM|NEO1|SH3GL3|DENND2B|TRPS1|CBFA2T2|HDAC9|KLF12|IKZF2|MED8|VASN|KLHL40|CREBRF|CRTC2,-0.56,MyList
Transcription Factor Targets,16,M18078,E4BP4 01,,-2.2,2.1,2.9,30230,223,896,14,1.6,0.41,1454|2077|2104|4900|5126|5606|7942|9686|9825|22807|23208|25921|51199|59269,CSNK1E|ERF|ESRRG|NRGN|PCSK2|MAP2K3|TFEB|VGLL4|SPATA2|IKZF2|SYT11|ZDHHC5|NIN|HIVEP3,-0.56,MyList
Transcription Factor Targets,16,M4215,PAX4 04,,-2.2,2.1,2.9,30230,223,896,14,1.6,0.41,2002|2077|4211|4335|4661|4848|6925|6938|22807|27086|57509|84530|131377|148170,ELK1|ERF|MEIS1|MNT|MYT1|CNOT2|TCF4|TCF12|IKZF2|FOXP1|MTUS1|SRRM4|KLHL40|CDC42EP5,-0.56,MyList
DisGeNET,35,C1857486,"Low-set, posteriorly rotated ears",,-2.2,2.1,2.9,30230,223,896,14,1.6,0.41,1501|2067|2077|2719|2737|3955|7227|9723|54806|55975|65062|79848|84294|92482,CTNND2|ERCC1|ERF|GPC3|GLI3|LFNG|TRPS1|SEMA3E|AHI1|KLHL7|TMEM237|CSPP1|UTP23|BBIP1,-0.56,MyList
Cell Type Signatures,7,M39316,CUI DEVELOPING HEART RIGHT ATRIAL CARDIOMYOCYTE,,-2.2,4.1,3.5,30230,41,896,5,0.56,0.25,1026|1947|6881|65078|149603,CDKN1A|EFNB1|TAF10|RTN4R|RNF187,-0.56,MyList
DisGeNET,35,C0027719,Nephrosclerosis,,-2.2,4.1,3.5,30230,41,896,5,0.56,0.25,1113|1634|1636|6387|11346,CHGA|DCN|ACE|CXCL12|SYNPO,-0.56,MyList
Transcription Factor Targets,16,M6097,PR 02,,-2.2,2.5,3.1,30230,135,896,10,1.1,0.35,1026|4155|4734|6660|9547|22807|56478|57724|140890|159195,CDKN1A|MBP|NEDD4|SOX5|CXCL14|IKZF2|EIF4ENIF1|EPG5|SREK1|USP54,-0.55,MyList
Transcription Factor Targets,16,M4803,NF1 Q6,,-2.2,2,2.9,30230,270,896,16,1.8,0.44,1113|1947|2077|4335|5098|7059|7286|9139|10010|10150|23635|25978|27125|64320|90355|401474,CHGA|EFNB1|ERF|MNT|PCDHGC3|THBS3|TUFT1|CBFA2T2|TANK|MBNL2|SSBP2|CHMP2B|AFF4|RNF25|MACIR|SAMD12,-0.55,MyList
Transcription Factor Targets,16,M40810,ZNF579 TARGET GENES,,-2.1,1.6,2.7,30230,652,896,31,3.5,0.61,858|1946|2067|2122|3133|3955|4324|6457|9686|22997|25959|29911|51070|51133|51720|55095|55139|57648|64857|65055|79848|80254|84248|84285|118472|139231|150275|257415|285368|286262|400916,CAV2|EFNA5|ERCC1|MECOM|HLA-E|LFNG|MMP15|SH3GL3|VGLL4|IGSF9B|KANK2|HOOK2|NOSIP|KCTD3|UIMC1|SAMD4B|ANKZF1|NHSL3|PLEKHG2|REEP1|CSPP1|CEP63|FYTTD1|EIF1AD|ZNF511|FAM199X|CCDC117|FAM133B|PRRT3|TPRN|CHCHD10,-0.54,MyList
DisGeNET,35,C0409959,"Osteoarthritis, Knee",,-2.1,1.8,2.8,30230,368,896,20,2.2,0.49,595|607|1311|1636|2719|2869|3479|3697|4052|4060|4810|6320|6696|7060|10631|22864|51564|79058|84444|146059,CCND1|BCL9|COMP|ACE|GPC3|GRK5|IGF1|ITIH1|LTBP1|LUM|NHS|CLEC11A|SPP1|THBS4|POSTN|R3HDM2|HDAC7|ASPSCR1|DOT1L|CDAN1,-0.54,MyList
DisGeNET,35,C0431399,Familial aplasia of the vermis,,-2.1,2.8,3.1,30230,95,896,8,0.89,0.31,595|9289|10524|23247|51286|54806|65062|79848,CCND1|ADGRG1|KAT5|KATNIP|CEND1|AHI1|TMEM237|CSPP1,-0.54,MyList
DisGeNET,35,C0334588,Giant Cell Glioblastoma,,-2.1,2.8,3.1,30230,95,896,8,0.89,0.31,1475|1501|3014|4854|8425|8553|9611|90355,CSTA|CTNND2|H2AX|NOTCH3|LTBP4|BHLHE40|NCOR1|MACIR,-0.54,MyList
DisGeNET,35,C3540764,Coloboma of the Retina,,-2.1,3.5,3.3,30230,58,896,6,0.67,0.27,5076|9723|10413|10653|54806|65062,PAX2|SEMA3E|YAP1|SPINT2|AHI1|TMEM237,-0.54,MyList
DisGeNET,35,C1389018,Atrioventricular Septal Defect,,-2.1,3.5,3.3,30230,58,896,6,0.67,0.27,1636|4772|6909|27086|50485|255743,ACE|NFATC1|TBX2|FOXP1|SMARCAL1|NPNT,-0.54,MyList
DisGeNET,35,C0026847,Spinal Muscular Atrophy,,-2.1,1.9,2.8,30230,319,896,18,2,0.47,1311|1489|3479|4155|4744|6281|6696|6777|7200|8926|9325|9734|9759|10179|54960|83987|348980|400916,COMP|CTF1|IGF1|MBP|NEFH|S100A10|SPP1|STAT5B|TRH|SNURF|TRIP4|HDAC9|HDAC4|RBM7|GEMIN8|CCDC8|HCN1|CHCHD10,-0.54,MyList
Transcription Factor Targets,16,M14276,LYF1 01,,-2.1,2,2.9,30230,271,896,16,1.8,0.44,1949|2719|3489|4211|4335|4900|6522|6925|7138|10252|10379|10602|22807|79005|151987|388695,EFNB3|GPC3|IGFBP6|MEIS1|MNT|NRGN|SLC4A2|TCF4|TNNT1|SPRY1|IRF9|CDC42EP3|IKZF2|SCNM1|PPP4R2|LYSMD1,-0.54,MyList
DisGeNET,35,C0022665,Kidney Neoplasm,,-2.1,1.9,2.8,30230,295,896,17,1.9,0.46,595|972|1454|2719|3479|4267|4286|4288|4311|4772|5076|6387|7030|7942|79058|80274|84335,CCND1|CD74|CSNK1E|GPC3|IGF1|CD99|MITF|MKI67|MME|NFATC1|PAX2|CXCL12|TFE3|TFEB|ASPSCR1|SCUBE1|AKT1S1,-0.54,MyList
Transcription Factor Targets,16,M30197,TCOF1 TARGET GENES,,-2.1,7.2,4.1,30230,14,896,3,0.33,0.19,5546|91272|317781,PRCC|BOD1|DDX51,-0.54,MyList
DisGeNET,35,C2047886,(Idiopathic) normal pressure hydrocephalus,,-2.1,7.2,4.1,30230,14,896,3,0.33,0.19,361|29108|63827,AQP4|PYCARD|BCAN,-0.54,MyList
DisGeNET,35,C0006105,Brain Abscess,,-2.1,7.2,4.1,30230,14,896,3,0.33,0.19,361|3383|57506,AQP4|ICAM1|MAVS,-0.54,MyList
DisGeNET,35,C0231678,Ulnar deviation of the wrist,,-2.1,7.2,4.1,30230,14,896,3,0.33,0.19,1311|7136|55975,COMP|TNNI2|KLHL7,-0.54,MyList
TRRUST,34,TRR00232,Regulated by: E2F3,,-2.1,7.2,4.1,30230,14,896,3,0.33,0.19,1026|7030|150383,CDKN1A|TFE3|CDPF1,-0.54,MyList
DisGeNET,35,C4023588,Abnormality of the gastrointestinal tract,,-2.1,7.2,4.1,30230,14,896,3,0.33,0.19,595|715|6696,CCND1|C1R|SPP1,-0.54,MyList
Transcription Factor Targets,16,M30070,MSX1 TARGET GENES,,-2.1,2.2,2.9,30230,202,896,13,1.5,0.4,4052|4155|9813|9857|10010|23518|26009|79834|83640|159195|221477|252983|400793,LTBP1|MBP|EFCAB14|CEP350|TANK|R3HDM1|ZZZ3|PEAK1|RAMAC|USP54|C6orf89|STXBP4|C1orf226,-0.53,MyList
Cell Type Signatures,7,M41669,TRAVAGLINI LUNG BRONCHIAL VESSEL 2 CELL,,-2.1,2,2.9,30230,272,896,16,1.8,0.44,71|1026|1997|4739|6387|6925|8553|10179|10252|10398|10602|11030|11135|64856|220965|257415,ACTG1|CDKN1A|ELF1|NEDD9|CXCL12|TCF4|BHLHE40|RBM7|SPRY1|MYL9|CDC42EP3|RBPMS|CDC42EP1|VWA1|FAM13C|FAM133B,-0.53,MyList
Transcription Factor Targets,16,M12023,CREB Q4,,-2.1,2,2.9,30230,272,896,16,1.8,0.44,665|2077|2824|4052|9956|10150|54806|58191|65056|79169|83648|84872|93380|116840|317781|345757,BNIP3L|ERF|GPM6B|LTBP1|HS3ST2|MBNL2|AHI1|CXCL16|GPBP1|C1orf35|FAM167A|ZC3H10|MMGT1|CNTROB|DDX51|FAM174A,-0.53,MyList
DisGeNET,35,C0027962,Melanocytic nevus,,-2.1,1.9,2.8,30230,296,896,17,1.9,0.46,595|1026|1163|2073|2077|2719|3133|3383|4286|4288|6239|9846|10848|26103|29108|50485|56998,CCND1|CDKN1A|CKS1B|ERCC5|ERF|GPC3|HLA-E|ICAM1|MITF|MKI67|RREB1|GAB2|PPP1R13L|LRIT1|PYCARD|SMARCAL1|CTNNBIP1,-0.53,MyList
DisGeNET,35,C0338508,Optic Atrophy 1,,-2.1,2.6,3.1,30230,116,896,9,1,0.33,173|664|665|1026|3014|5564|8165|10133|10413,AFM|BNIP3|BNIP3L|CDKN1A|H2AX|PRKAB1|AKAP1|OPTN|YAP1,-0.53,MyList
Transcription Factor Targets,16,M18699,NFAT Q6,,-2.1,2,2.9,30230,249,896,15,1.7,0.43,822|1307|4286|6660|7092|7227|9500|22807|24147|27086|57575|57630|84631|140890|257397,CAPG|COL16A1|MITF|SOX5|TLL1|TRPS1|MAGED1|IKZF2|FJX1|FOXP1|PCDH10|SH3RF1|SLITRK2|SREK1|TAB3,-0.53,MyList
DisGeNET,35,C0333463,Senile Plaques,,-2.1,2,2.9,30230,249,896,15,1.7,0.43,71|361|595|715|862|1113|1489|1634|1636|3383|4311|4900|9734|25978|29911,ACTG1|AQP4|CCND1|C1R|RUNX1T1|CHGA|CTF1|DCN|ACE|ICAM1|MME|NRGN|HDAC9|CHMP2B|HOOK2,-0.53,MyList
Transcription Factor Targets,16,M29917,CDX1 TARGET GENES,,-2.1,4,3.4,30230,42,896,5,0.56,0.25,8766|10524|51564|64285|83892,RAB11A|KAT5|HDAC7|RHBDF1|KCTD10,-0.53,MyList
Cell Type Signatures,7,M39267,HU FETAL RETINA MULLER,,-2.1,4,3.4,30230,42,896,5,0.56,0.25,595|2824|6696|55859|57348,CCND1|GPM6B|SPP1|BEX1|TTYH1,-0.53,MyList
DisGeNET,35,C0271680,Diabetic Polyneuropathies,,-2.1,4,3.4,30230,42,896,5,0.56,0.25,1636|3082|3479|3487|4311,ACE|HGF|IGF1|IGFBP4|MME,-0.53,MyList
DisGeNET,35,C0002991,Cutaneous Fibrous Histiocytoma,,-2.1,4,3.4,30230,42,896,5,0.56,0.25,2162|3479|4311|7270|8510,F13A1|IGF1|MME|TTF1|MMP23B,-0.53,MyList
DisGeNET,35,C0272242,Complement deficiency disease,,-2.1,4,3.4,30230,42,896,5,0.56,0.25,629|715|730|735|1636,CFB|C1R|C7|C9|ACE,-0.53,MyList
DisGeNET,35,C0178879,Urinary tract obstruction,,-2.1,5,3.6,30230,27,896,4,0.45,0.22,1636|3383|5076|5116,ACE|ICAM1|PAX2|PCNT,-0.52,MyList
DisGeNET,35,C4054726,Infant Leukemia,,-2.1,5,3.6,30230,27,896,4,0.45,0.22,4299|4703|10529|27125,AFF1|NEB|NEBL|AFF4,-0.52,MyList
DisGeNET,35,C0410702,Adolescent idiopathic scoliosis,,-2.1,1.6,2.7,30230,656,896,31,3.5,0.61,320|1311|1501|1636|2104|3082|3479|3660|5099|5101|5980|9723|9745|9760|9811|10749|11278|22871|22986|23247|23635|55553|56998|57117|57575|60676|84441|84668|252983|255743|768211,APBA1|COMP|CTNND2|ACE|ESRRG|HGF|IGF1|IRF2|PCDH7|PCDH9|REV3L|SEMA3E|ZNF536|TOX|CTIF|KIF1C|KLF12|NLGN1|SORCS3|KATNIP|SSBP2|SOX6|CTNNBIP1|INTS12|PCDH10|PAPPA2|MAML2|HYCC1|STXBP4|NPNT|RELL1,-0.52,MyList
DisGeNET,35,C3693482,Giant Cell Fibroblastoma,,-2.1,3.1,3.2,30230,77,896,7,0.78,0.29,595|2162|4288|4311|7030|10631|80310,CCND1|F13A1|MKI67|MME|TFE3|POSTN|PDGFD,-0.52,MyList
DisGeNET,35,C0006625,Cachexia,,-2.1,2,2.8,30230,273,896,16,1.8,0.44,664|1636|2073|3082|3479|3489|5116|5564|6696|7739|9734|10220|11143|51129|58191|81628,BNIP3|ACE|ERCC5|HGF|IGF1|IGFBP6|PCNT|PRKAB1|SPP1|ZNF185|HDAC9|GDF11|KAT7|ANGPTL4|CXCL16|TSC22D4,-0.52,MyList
DisGeNET,35,C3553764,Joint hyperflexibility,,-2.1,2.2,2.9,30230,181,896,12,1.3,0.38,715|1311|1501|1947|4854|5076|5116|6239|7227|9759|83987|112752,C1R|COMP|CTNND2|EFNB1|NOTCH3|PAX2|PCNT|RREB1|TRPS1|HDAC4|CCDC8|IFT43,-0.52,MyList
Transcription Factor Targets,16,M15929,MEF2 Q6 01,,-2.1,2,2.8,30230,250,896,15,1.7,0.43,1501|4286|4734|5101|6660|6769|9607|9759|9956|10150|10602|27086|51564|127733|131377,CTNND2|MITF|NEDD4|PCDH9|SOX5|STAC|CARTPT|HDAC4|HS3ST2|MBNL2|CDC42EP3|FOXP1|HDAC7|UBXN10|KLHL40,-0.52,MyList
Transcription Factor Targets,16,M3265,NFMUE1 Q6,,-2.1,2,2.8,30230,250,896,15,1.7,0.43,595|5076|5116|5978|6925|9611|10489|23283|25987|29890|54552|57456|80012|84530|122060,CCND1|PAX2|PCNT|REST|TCF4|NCOR1|LRRC41|CSTF2T|TSKU|RBM15B|GNL3L|KIAA1143|PHC3|SRRM4|SLAIN1,-0.52,MyList
Transcription Factor Targets,16,M40818,ZNF680 TARGET GENES,,-2.1,1.6,2.7,30230,631,896,30,3.3,0.6,665|1636|6880|9325|9620|9724|9813|10001|10067|10413|25771|54806|55975|56006|57109|57117|57649|57701|63906|64857|65083|65983|91050|124790|126299|134637|136647|147339|284996|285672,BNIP3L|ACE|TAF9|TRIP4|CELSR1|UTP14C|EFCAB14|MED6|SCAMP3|YAP1|TBC1D22A|AHI1|KLHL7|SMG9|REXO4|INTS12|PHF12|NCKAP5L|GPATCH3|PLEKHG2|NOL6|GRAMD2B|CCDC149|HEXIM2|ZNF428|ADAT2|MPLKIP|ARK2N|RNF149|SREK1IP1,-0.51,MyList
DisGeNET,35,C0085636,Photophobia,,-2.1,2.1,2.9,30230,227,896,14,1.6,0.41,2073|2961|4286|5148|5149|7737|54714|54806|55975|57010|57670|84140|136647|768206,ERCC5|GTF2E2|MITF|PDE6G|PDE6H|RNF113A|CNGB3|AHI1|KLHL7|CABP4|KIAA1549|FAM161A|MPLKIP|PRCD,-0.51,MyList
DisGeNET,35,C0452138,"Sensorineural hearing loss, bilateral",,-2.1,2.6,3,30230,117,896,9,1,0.33,71|2961|3479|4286|7737|136647|253827|286262|400916,ACTG1|GTF2E2|IGF1|MITF|RNF113A|MPLKIP|MSRB3|TPRN|CHCHD10,-0.51,MyList
DisGeNET,35,C4552811,"Generalized Muscle Weakness, CTCAE",,-2.1,2.6,3,30230,117,896,9,1,0.33,595|4703|4744|4750|10133|11155|25978|400916|644096,CCND1|NEB|NEFH|NEK1|OPTN|LDB3|CHMP2B|CHCHD10|SDHAF1,-0.51,MyList
Transcription Factor Targets,16,M14230,HFH1 01,,-2.1,2,2.8,30230,251,896,15,1.7,0.43,862|1946|1979|1997|4734|4756|5099|6239|6881|11278|51199|57468|129685|150275|153222,RUNX1T1|EFNA5|EIF4EBP2|ELF1|NEDD4|NEO1|PCDH7|RREB1|TAF10|KLF12|NIN|SLC12A5|TAF8|CCDC117|CREBRF,-0.5,MyList
DisGeNET,35,C1836047,Long face,,-2.1,2.2,2.9,30230,182,896,12,1.3,0.38,4703|4810|6239|6942|7703|10297|23247|51244|54806|65062|79848|284058,NEB|NHS|RREB1|TCF20|PCGF2|APC2|KATNIP|CCDC174|AHI1|TMEM237|CSPP1|KANSL1,-0.5,MyList
DisGeNET,35,C1739135,Progression of prostate cancer,,-2.1,1.8,2.7,30230,398,896,21,2.3,0.51,595|1026|1113|1265|1311|1501|3082|3479|3622|6387|6660|6696|6777|7041|7739|10379|10631|25937|29108|29998|80310,CCND1|CDKN1A|CHGA|CNN2|COMP|CTNND2|HGF|IGF1|ING2|CXCL12|SOX5|SPP1|STAT5B|TGFB1I1|ZNF185|IRF9|POSTN|WWTR1|PYCARD|BICRA|PDGFD,-0.5,MyList
Transcription Factor Targets,16,M29986,GUCY1B1 TARGET GENES,,-2.1,1.6,2.7,30230,686,896,32,3.6,0.62,1453|4052|4299|6628|6882|8766|9759|10489|10524|10848|10849|25792|26009|27125|27245|51244|55663|57035|57109|57661|64857|65083|83892|84331|84909|126526|143884|253725|257415|387680|404093|728568,CSNK1D|LTBP1|AFF1|SNRPB|TAF11|RAB11A|HDAC4|LRRC41|KAT5|PPP1R13L|POLR1G|CIZ1|ZZZ3|AFF4|AHDC1|CCDC174|ZNF446|RSRP1|REXO4|PHRF1|PLEKHG2|NOL6|KCTD10|MCRIP2|AOPEP|C19orf47|CWF19L2|WASHC2C|FAM133B|WASHC2A|CUEDC1|UQCC6,-0.5,MyList
Transcription Factor Targets,16,M6441,CAGNYGKNAAA UNKNOWN,,-2.1,3,3.1,30230,78,896,7,0.78,0.29,2869|9139|25978|64084|65056|81558|90187,GRK5|CBFA2T2|CHMP2B|CLSTN2|GPBP1|FAM117A|EMILIN3,-0.5,MyList
Transcription Factor Targets,16,M12497,E2F Q3,,-2.1,2.1,2.8,30230,228,896,14,1.6,0.41,1501|3007|4211|9972|23208|55596|57456|57649|79002|84901|127435|140890|152485|266727,CTNND2|H1-3|MEIS1|NUP153|SYT11|ZCCHC8|KIAA1143|PHF12|TRIR|NFATC2IP|PODN|SREK1|ZNF827|MDGA1,-0.5,MyList
DisGeNET,35,C4022587,Fatigable weakness of respiratory muscles,,-2.1,3.4,3.2,30230,60,896,6,0.67,0.27,4703|4744|4750|10133|25978|400916,NEB|NEFH|NEK1|OPTN|CHMP2B|CHCHD10,-0.49,MyList
DisGeNET,35,C1854418,Biparietal narrowing,,-2.1,3.4,3.2,30230,60,896,6,0.67,0.27,9326|23247|54806|55975|65062|79848,ZNHIT3|KATNIP|AHI1|KLHL7|TMEM237|CSPP1,-0.49,MyList
Transcription Factor Targets,16,M3938,CCAATNNSNNNGCG UNKNOWN,,-2.1,3.4,3.2,30230,60,896,6,0.67,0.27,4211|6489|10297|25921|84722|153222,MEIS1|ST8SIA1|APC2|ZDHHC5|PSRC1|CREBRF,-0.49,MyList
PaGenBase,36,PGB:00133,Cell-specific: Cardiac Myocytes,,-2.1,3.4,3.2,30230,60,896,6,0.67,0.27,2791|9411|10631|25937|57575|81555,GNG11|ARHGAP29|POSTN|WWTR1|PCDH10|YIPF5,-0.49,MyList
DisGeNET,35,C0013264,"Muscular Dystrophy, Duchenne",,-2.1,1.8,2.7,30230,374,896,20,2.2,0.49,71|361|1028|1634|1636|2158|3133|3263|3479|4703|5564|6002|6696|7060|7903|8425|9388|9734|10631|58506,ACTG1|AQP4|CDKN1C|DCN|ACE|F9|HLA-E|HPX|IGF1|NEB|PRKAB1|RGS12|SPP1|THBS4|ST8SIA4|LTBP4|LIPG|HDAC9|POSTN|SCAF1,-0.49,MyList
DisGeNET,35,C0025286,Meningioma,,-2.1,1.6,2.7,30230,634,896,30,3.3,0.6,361|595|1026|1028|1164|2073|2162|3082|3297|3479|3489|3622|4211|4267|4288|4311|4969|5806|6281|6387|6696|6938|7799|8658|10413|29998|58191|65009|84260|84444,AQP4|CCND1|CDKN1A|CDKN1C|CKS2|ERCC5|F13A1|HGF|HSF1|IGF1|IGFBP6|ING2|MEIS1|CD99|MKI67|MME|OGN|PTX3|S100A10|CXCL12|SPP1|TCF12|PRDM2|TNKS|YAP1|BICRA|CXCL16|NDRG4|TCHP|DOT1L,-0.49,MyList
Transcription Factor Targets,16,M30323,ZNF436 TARGET GENES,,-2.1,1.7,2.7,30230,502,896,25,2.8,0.55,2067|3083|3489|3621|3697|7059|9289|9686|9811|10653|25792|27237|51070|55643|64111|64285|84254|92482|116224|124565|129138|147700|148398|150275|266727,ERCC1|HGFAC|IGFBP6|ING1|ITIH1|THBS3|ADGRG1|VGLL4|CTIF|SPINT2|CIZ1|ARHGEF16|NOSIP|BTBD2|NPVF|RHBDF1|CAMKK1|BBIP1|PABIR1|SLC38A10|ANKRD54|KLC3|SAMD11|CCDC117|MDGA1,-0.49,MyList
Transcription Factor Targets,16,M7937,AP1 C,,-2.1,2,2.8,30230,276,896,16,1.8,0.44,1307|2104|4335|4744|5101|6777|7092|8751|9843|9956|57094|57804|64285|80271|94137|131377,COL16A1|ESRRG|MNT|NEFH|PCDH9|STAT5B|TLL1|ADAM15|HEPH|HS3ST2|CPA6|POLD4|RHBDF1|ITPKC|RP1L1|KLHL40,-0.49,MyList
DisGeNET,35,C1336076,Sporadic Breast Carcinoma,,-2.1,2.2,2.9,30230,183,896,12,1.3,0.38,595|2067|3014|3400|3479|3621|4311|6387|7227|51720|57661|375757,CCND1|ERCC1|H2AX|ID4|IGF1|ING1|MME|CXCL12|TRPS1|UIMC1|PHRF1|SWI5,-0.49,MyList
DisGeNET,35,C0042373,Vascular Diseases,,-2.1,1.6,2.6,30230,688,896,32,3.6,0.62,350|575|1311|1634|1636|1949|2122|2147|3082|3133|3383|3479|4311|4854|5564|5806|5978|6387|6696|6777|7942|9388|9734|9759|10398|10631|57496|57555|57591|58191|80310|196513,APOH|ADGRB1|COMP|DCN|ACE|EFNB3|MECOM|F2|HGF|HLA-E|ICAM1|IGF1|MME|NOTCH3|PRKAB1|PTX3|REST|CXCL12|SPP1|STAT5B|TFEB|LIPG|HDAC9|HDAC4|MYL9|POSTN|MRTFB|NLGN2|MRTFA|CXCL16|PDGFD|DCP1B,-0.49,MyList
Cell Type Signatures,7,M40255,DESCARTES FETAL MUSCLE STROMAL CELLS,,-2.1,2.8,3,30230,98,896,8,0.89,0.31,715|1634|3489|4060|4969|5118|9547|10631,C1R|DCN|IGFBP6|LUM|OGN|PCOLCE|CXCL14|POSTN,-0.49,MyList
Transcription Factor Targets,16,M11607,AAAYRNCTG UNKNOWN,,-2.1,1.8,2.7,30230,375,896,20,2.2,0.49,607|2104|3082|3479|4052|4211|4750|6529|6660|6666|7145|7227|23518|23635|25959|51155|51244|54510|124790|127733,BCL9|ESRRG|HGF|IGF1|LTBP1|MEIS1|NEK1|SLC6A1|SOX5|SOX12|TNS1|TRPS1|R3HDM1|SSBP2|KANK2|JPT1|CCDC174|PCDH18|HEXIM2|UBXN10,-0.49,MyList
Transcription Factor Targets,16,M30065,MIER1 TARGET GENES,,-2.1,1.8,2.7,30230,375,896,20,2.2,0.49,3133|5662|8425|9289|9607|9956|10220|23635|54434|57512|57513|57624|64285|65078|84629|152206|219654|266727|284018|375449,HLA-E|PSD|LTBP4|ADGRG1|CARTPT|HS3ST2|GDF11|SSBP2|SSH1|GPR158|CASKIN2|NYAP2|RHBDF1|RTN4R|TNRC18|CCDC13|ZCCHC24|MDGA1|C17orf58|MAST4,-0.49,MyList
DisGeNET,35,C0011265,Presenile dementia,,-2.1,1.6,2.6,30230,716,896,33,3.7,0.63,71|770|862|1026|1039|1636|2147|2869|3082|3297|3383|3479|3667|4311|4810|4854|4885|4900|6387|6696|7942|8553|8772|9388|23239|25978|29108|54107|55850|56776|64084|83636|400916,ACTG1|CA11|RUNX1T1|CDKN1A|CDR2|ACE|F2|GRK5|HGF|HSF1|ICAM1|IGF1|IRS1|MME|NHS|NOTCH3|NPTX2|NRGN|CXCL12|SPP1|TFEB|BHLHE40|FADD|LIPG|PHLPP1|CHMP2B|PYCARD|POLE3|USE1|FMN2|CLSTN2|C19orf12|CHCHD10,-0.49,MyList
Cell Type Signatures,7,M39089,ZHONG PFC C2 SOX5 BCL11B POS EXCITATORY NEURON,,-2.1,4.8,3.5,30230,28,896,4,0.45,0.22,6660|9705|23635|53822,SOX5|ST18|SSBP2|FXYD7,-0.48,MyList
DisGeNET,35,C0795841,Jacobsen Distal 11q Deletion Syndrome,,-2.1,4.8,3.5,30230,28,896,4,0.45,0.22,595|3479|4900|54806,CCND1|IGF1|NRGN|AHI1,-0.48,MyList
DisGeNET,35,C2939447,Right ventricular failure,,-2.1,4.8,3.5,30230,28,896,4,0.45,0.22,1636|3479|4311|10631,ACE|IGF1|MME|POSTN,-0.48,MyList
DisGeNET,35,C2347613,Childhood Atypical Teratoid/Rhabdoid Tumor,,-2.1,4.8,3.5,30230,28,896,4,0.45,0.22,595|3479|4267|6696,CCND1|IGF1|CD99|SPP1,-0.48,MyList
DisGeNET,35,C0278510,Childhood Medulloblastoma,,-2,1.5,2.6,30230,771,896,35,3.9,0.65,173|575|595|1311|1946|1947|2719|2737|2869|3014|3082|3479|3660|3667|4211|4267|4335|5978|6281|6387|6696|6925|6934|7703|7799|8658|8660|9734|10413|10653|25792|57575|79047|83987|124641,AFM|ADGRB1|CCND1|COMP|EFNA5|EFNB1|GPC3|GLI3|GRK5|H2AX|HGF|IGF1|IRF2|IRS1|MEIS1|CD99|MNT|REST|S100A10|CXCL12|SPP1|TCF4|TCF7L2|PCGF2|PRDM2|TNKS|IRS2|HDAC9|YAP1|SPINT2|CIZ1|PCDH10|KCTD15|CCDC8|OVCA2,-0.48,MyList
DisGeNET,35,C0271183,Severe myopia,,-2,2.2,2.9,30230,184,896,12,1.3,0.38,1501|1634|3082|3479|3487|3667|4060|4653|8658|54714|55589|57010,CTNND2|DCN|HGF|IGF1|IGFBP4|IRS1|LUM|MYOC|TNKS|CNGB3|BMP2K|CABP4,-0.48,MyList
DisGeNET,35,C2931196,Craniofacial dysostosis type 1,,-2,6.7,3.9,30230,15,896,3,0.33,0.19,2077|2719|10101,ERF|GPC3|NUBP2,-0.48,MyList
DisGeNET,35,C0020225,Hydranencephaly,,-2,6.7,3.9,30230,15,896,3,0.33,0.19,6383|6628|54820,SDC2|SNRPB|NDE1,-0.48,MyList
DisGeNET,35,C1320468,Nephrogenic rest,,-2,6.7,3.9,30230,15,896,3,0.33,0.19,2719|3082|5076,GPC3|HGF|PAX2,-0.48,MyList
DisGeNET,35,C3808039,Nemaline bodies,,-2,6.7,3.9,30230,15,896,3,0.33,0.19,4703|7138|131377,NEB|TNNT1|KLHL40,-0.48,MyList
DisGeNET,35,C1853490,22q13.3 Deletion Syndrome,,-2,6.7,3.9,30230,15,896,3,0.33,0.19,3479|5662|284058,IGF1|PSD|KANSL1,-0.48,MyList
DisGeNET,35,C0340569,Internal Carotid Artery Stenosis,,-2,6.7,3.9,30230,15,896,3,0.33,0.19,1636|6320|6696,ACE|CLEC11A|SPP1,-0.48,MyList
DisGeNET,35,C1853171,Multiple prenatal fractures,,-2,6.7,3.9,30230,15,896,3,0.33,0.19,4703|9325|131377,NEB|TRIP4|KLHL40,-0.48,MyList
Transcription Factor Targets,16,M11597,GGAMTNNNNNTCCY UNKNOWN,,-2,2.6,3,30230,119,896,9,1,0.33,2869|5126|10849|55815|84335|84901|116224|283899|401474,GRK5|PCSK2|POLR1G|TSNAXIP1|AKT1S1|NFATC2IP|PABIR1|INO80E|SAMD12,-0.48,MyList
Transcription Factor Targets,16,M958,CEBP C,,-2,2.1,2.8,30230,207,896,13,1.5,0.4,1634|4211|4286|5606|5782|9734|9972|10150|27086|51070|56998|64375|100131755,DCN|MEIS1|MITF|MAP2K3|PTPN12|HDAC9|NUP153|MBNL2|FOXP1|NOSIP|CTNNBIP1|IKZF4|ARMCX4,-0.48,MyList
DisGeNET,35,C0200638,Eosinophil count procedure,,-2,1.6,2.6,30230,610,896,29,3.2,0.59,350|770|1611|2687|3707|6464|6777|10018|10318|10723|11030|11201|22807|27086|51274|57636|59269|64599|79834|80012|83986|84260|84969|113263|146206|147339|152206|284058|401474,APOH|CA11|DAP|GGT5|ITPKB|SHC1|STAT5B|BCL2L11|TNIP1|SLC12A7|RBPMS|POLI|IKZF2|FOXP1|KLF3|ARHGAP23|HIVEP3|GIGYF1|PEAK1|PHC3|FAM234A|TCHP|TOX2|GLCCI1|CARMIL2|ARK2N|CCDC13|KANSL1|SAMD12,-0.48,MyList
DisGeNET,35,C0595921,Intraocular pressure disorder,,-2,1.9,2.7,30230,302,896,17,1.9,0.46,858|862|1636|3479|4060|4653|4810|5662|6387|6696|7041|10133|11030|57512|91461|113263|401474,CAV2|RUNX1T1|ACE|IGF1|LUM|MYOC|NHS|PSD|CXCL12|SPP1|TGFB1I1|OPTN|RBPMS|GPR158|PKDCC|GLCCI1|SAMD12,-0.48,MyList
Transcription Factor Targets,16,M18594,COUP DR1 Q6,,-2,2,2.8,30230,254,896,15,1.7,0.43,1163|1949|1979|5606|5978|6239|6464|9547|25771|25960|57348|79005|112950|201191|388695,CKS1B|EFNB3|EIF4EBP2|MAP2K3|REST|RREB1|SHC1|CXCL14|TBC1D22A|ADGRA2|TTYH1|SCNM1|MED8|SAMD14|LYSMD1,-0.48,MyList
DisGeNET,35,C0015644,Muscular fasciculation,,-2,2.7,3,30230,99,896,8,0.89,0.31,2737|4685|4744|6091|6092|10749|25978|400916,GLI3|NCAM2|NEFH|ROBO1|ROBO2|KIF1C|CHMP2B|CHCHD10,-0.47,MyList
Transcription Factor Targets,16,M30399,ZNF85 TARGET GENES,,-2,1.9,2.7,30230,327,896,18,2,0.47,71|1949|5099|7703|9325|22864|23301|54906|56478|57117|57696|58527|79035|83640|84070|84285|387032|400566,ACTG1|EFNB3|PCDH7|PCGF2|TRIP4|R3HDM2|EHBP1|TASOR2|EIF4ENIF1|INTS12|DDX55|ABRACL|NABP2|RAMAC|FAM186B|EIF1AD|ZKSCAN4|LIAT1,-0.47,MyList
Cell Type Signatures,7,M41719,FAN OVARY CL17 PUTATIVE APOPTOTIC SMOOTH MUSCLE CELL,,-2,2,2.8,30230,231,896,14,1.6,0.41,1026|5606|10078|10398|27338|51177|53826|57664|58515|64129|80303|84909|114990|140606,CDKN1A|MAP2K3|TSSC4|MYL9|UBE2S|PLEKHO1|FXYD6|PLEKHA4|SELENOK|TINAGL1|EFHD1|AOPEP|VASN|SELENOM,-0.47,MyList
Cell Type Signatures,7,M39125,AIZARANI LIVER C24 EPCAM POS BILE DUCT CELLS 3,,-2,2.2,2.8,30230,185,896,12,1.3,0.38,71|595|858|1028|6281|6692|6696|10653|10723|11135|57619|57648,ACTG1|CCND1|CAV2|CDKN1C|S100A10|SPINT1|SPP1|SPINT2|SLC12A7|CDC42EP1|SHROOM3|NHSL3,-0.47,MyList
DisGeNET,35,C0546967,Posterior embryotoxon,,-2,3.8,3.3,30230,44,896,5,0.56,0.25,6239|8220|10413|54487|54539,RREB1|ESS2|YAP1|DGCR8|NDUFB11,-0.47,MyList
Transcription Factor Targets,16,M40700,CREB3 TARGET GENES,,-2,1.8,2.7,30230,403,896,21,2.3,0.51,1454|7060|7322|7456|8601|9813|9854|10489|10524|51070|54552|54806|54906|55139|57109|57512|79058|84285|91272|146542|339448,CSNK1E|THBS4|UBE2D2|WIPF1|RGS20|EFCAB14|C2CD2L|LRRC41|KAT5|NOSIP|GNL3L|AHI1|TASOR2|ANKZF1|REXO4|GPR158|ASPSCR1|EIF1AD|BOD1|ZNF688|C1orf174,-0.47,MyList
Transcription Factor Targets,16,M7622,ZIC3 01,,-2,2,2.8,30230,255,896,15,1.7,0.43,2039|2104|4653|4917|8766|10524|25987|27086|29911|57509|57555|57575|57649|124790|404093,DMTN|ESRRG|MYOC|NTN3|RAB11A|KAT5|TSKU|FOXP1|HOOK2|MTUS1|NLGN2|PCDH10|PHF12|HEXIM2|CUEDC1,-0.47,MyList
DisGeNET,35,C0025500,Mesothelioma,,-2,1.6,2.6,30230,559,896,27,3,0.57,595|972|1026|1028|2067|2662|2719|3082|3383|3479|4286|4288|5361|5980|6383|6696|7270|7424|9139|9734|10413|23368|25937|55850|57099|80310|400566,CCND1|CD74|CDKN1A|CDKN1C|ERCC1|GDF10|GPC3|HGF|ICAM1|IGF1|MITF|MKI67|PLXNA1|REV3L|SDC2|SPP1|TTF1|VEGFC|CBFA2T2|HDAC9|YAP1|PPP1R13B|WWTR1|USE1|AVEN|PDGFD|LIAT1,-0.46,MyList
DisGeNET,35,C0524528,Pervasive Development Disorder,,-2,1.9,2.7,30230,328,896,18,2,0.47,1501|2044|2861|3667|5662|6387|6529|6925|6942|9611|11278|22871|27086|57496|57555|57575|84530|140733,CTNND2|EPHA5|GPR37|IRS1|PSD|CXCL12|SLC6A1|TCF4|TCF20|NCOR1|KLF12|NLGN1|FOXP1|MRTFB|NLGN2|PCDH10|SRRM4|MACROD2,-0.46,MyList
DisGeNET,35,C0151779,Cutaneous Melanoma,,-2,1.7,2.6,30230,507,896,25,2.8,0.55,595|1026|2073|2158|2861|3082|3383|3479|4286|4288|6383|6387|6692|6696|7424|7799|9759|10413|27086|51129|54901|54906|55872|84335|84441,CCND1|CDKN1A|ERCC5|F9|GPR37|HGF|ICAM1|IGF1|MITF|MKI67|SDC2|CXCL12|SPINT1|SPP1|VEGFC|PRDM2|HDAC4|YAP1|FOXP1|ANGPTL4|CDKAL1|TASOR2|PBK|AKT1S1|MAML2,-0.46,MyList
DisGeNET,35,C0454644,Delayed speech and language development,,-2,1.6,2.6,30230,560,896,27,3,0.57,4286|6096|6660|6792|6942|8270|8425|9289|9325|9411|22983|27086|27245|29911|50485|51132|51244|51322|55906|56776|57479|79140|80254|83636|284058|286262|348980,MITF|RORB|SOX5|CDKL5|TCF20|LAGE3|LTBP4|ADGRG1|TRIP4|ARHGAP29|MAST1|FOXP1|AHDC1|HOOK2|SMARCAL1|RLIM|CCDC174|WAC|ZC4H2|FMN2|PRR12|CCDC28B|CEP63|C19orf12|KANSL1|TPRN|HCN1,-0.46,MyList
DisGeNET,35,C0857490,Granulocyte count,,-2,2.7,3,30230,100,896,8,0.89,0.31,770|1265|10723|11030|54806|57636|113263|147339,CA11|CNN2|SLC12A7|RBPMS|AHI1|ARHGAP23|GLCCI1|ARK2N,-0.45,MyList
Transcription Factor Targets,16,M19434,ER Q6 01,,-2,1.9,2.7,30230,280,896,16,1.8,0.44,665|862|4286|4335|5218|6792|7227|9500|9956|22807|22864|54107|54487|57649|57690|84988,BNIP3L|RUNX1T1|MITF|MNT|CDK14|CDKL5|TRPS1|MAGED1|HS3ST2|IKZF2|R3HDM2|POLE3|DGCR8|PHF12|TNRC6C|PPP1R16A,-0.45,MyList
Cell Type Signatures,7,M41670,TRAVAGLINI LUNG LYMPHATIC CELL,,-2,2.1,2.8,30230,209,896,13,1.5,0.4,1946|1953|2039|2687|3479|5806|6281|8425|8496|11117|57224|84668|151887,EFNA5|MEGF6|DMTN|GGT5|IGF1|PTX3|S100A10|LTBP4|PPFIBP1|EMILIN1|NHSL1|HYCC1|CCDC80,-0.45,MyList
Cell Type Signatures,7,M39078,ZHONG PFC MAJOR TYPES NPCS,,-2,2.4,2.9,30230,142,896,10,1.1,0.35,1163|1164|1947|2737|3014|3400|4288|6628|26586|55872,CKS1B|CKS2|EFNB1|GLI3|H2AX|ID4|MKI67|SNRPB|CKAP2|PBK,-0.45,MyList
