"ID","Description","GeneRatio","BgRatio","RichFactor","FoldEnrichment","zScore","pvalue","p.adjust","qvalue","geneID","Count"
"GO:0071635","negative regulation of transforming growth factor beta production","2/44","6/7628",0.333333333333333,57.7878787878788,10.5986572790086,0.000480685916009817,0.199641992129338,0.162844333351711,"FN1/TSKU",2
"GO:0048667","cell morphogenesis involved in neuron differentiation","7/44","296/7628",0.0236486486486486,4.09981572481573,4.14309177582951,0.00137469370567825,0.199641992129338,0.162844333351711,"CRABP2/CUL7/ERBB2/FN1/TSKU/UNC5B/WNT5A",7
"GO:0042634","regulation of hair cycle","2/44","10/7628",0.2,34.6727272727273,8.11543601490911,0.00142103708655199,0.199641992129338,0.162844333351711,"TSKU/WNT5A",2
"GO:0045785","positive regulation of cell adhesion","6/44","218/7628",0.0275229357798165,4.77147623019183,4.30313099511284,0.00144778940122101,0.199641992129338,0.162844333351711,"CD81/ERBB2/FN1/GCNT1/SDC4/WNT5A",6
"GO:0007409","axonogenesis","6/44","226/7628",0.0265486725663717,4.60257441673371,4.18742160124385,0.00174088715846432,0.199641992129338,0.162844333351711,"CRABP2/ERBB2/FN1/TSKU/UNC5B/WNT5A",6
"GO:0048812","neuron projection morphogenesis","7/44","328/7628",0.0213414634146341,3.69983370288248,3.80685693138634,0.00247454403911361,0.199641992129338,0.162844333351711,"CRABP2/CUL7/ERBB2/FN1/TSKU/UNC5B/WNT5A",7
"GO:0045198","establishment of epithelial cell apical/basal polarity","2/44","14/7628",0.142857142857143,24.7662337662338,6.7790992991341,0.00283182511142194,0.199641992129338,0.162844333351711,"FAT1/WNT5A",2
"GO:0060122","inner ear receptor cell stereocilium organization","2/44","14/7628",0.142857142857143,24.7662337662338,6.7790992991341,0.00283182511142194,0.199641992129338,0.162844333351711,"SDC4/TSKU",2
"GO:0120039","plasma membrane bounded cell projection morphogenesis","7/44","340/7628",0.0205882352941176,3.5692513368984,3.69144087652585,0.00302883948586912,0.199641992129338,0.162844333351711,"CRABP2/CUL7/ERBB2/FN1/TSKU/UNC5B/WNT5A",7
"GO:0061564","axon development","6/44","255/7628",0.0235294117647059,4.07914438502674,3.80918509708246,0.00319594458080919,0.199641992129338,0.162844333351711,"CRABP2/ERBB2/FN1/TSKU/UNC5B/WNT5A",6
"GO:0061387","regulation of extent of cell growth","3/44","53/7628",0.0566037735849057,9.81303602058319,4.90372616998471,0.00343105556558025,0.199641992129338,0.162844333351711,"CRABP2/FN1/WNT5A",3
"GO:0048593","camera-type eye morphogenesis","3/44","54/7628",0.0555555555555556,9.63131313131313,4.84802835496415,0.00361835926818317,0.199641992129338,0.162844333351711,"FAT1/TSKU/WNT5A",3
"GO:0071634","regulation of transforming growth factor beta production","2/44","16/7628",0.125,21.6704545454545,6.30397783813802,0.00370702815711267,0.199641992129338,0.162844333351711,"FN1/TSKU",2
"GO:0071604","transforming growth factor beta production","2/44","17/7628",0.117647058823529,20.3957219251337,6.09766552064385,0.00418595191049379,0.199641992129338,0.162844333351711,"FN1/TSKU",2
"GO:0098609","cell-cell adhesion","7/44","362/7628",0.0193370165745856,3.35233550979407,3.4926888866049,0.00428908494942117,0.199641992129338,0.162844333351711,"CD81/ERBB2/FAT1/GCNT1/PCDHGA11/SDC4/WNT5A",7
"GO:0002695","negative regulation of leukocyte activation","3/44","58/7628",0.0517241379310345,8.96708463949843,4.63894835181303,0.00442969909910657,0.199641992129338,0.162844333351711,"ERBB2/FN1/SDC4",3
"GO:0007155","cell adhesion","9/44","571/7628",0.0157618213660245,2.73252666772807,3.27824926751939,0.00458992834223762,0.199641992129338,0.162844333351711,"CD81/ERBB2/FAT1/FN1/GCNT1/PCDHGA11/SDC4/SUSD5/WNT5A",9
"GO:0030859","polarized epithelial cell differentiation","2/44","18/7628",0.111111111111111,19.2626262626263,5.90828185224924,0.00469200036108182,0.199641992129338,0.162844333351711,"FAT1/WNT5A",2
"GO:0035089","establishment of apical/basal cell polarity","2/44","18/7628",0.111111111111111,19.2626262626263,5.90828185224924,0.00469200036108182,0.199641992129338,0.162844333351711,"FAT1/WNT5A",2
"GO:0060119","inner ear receptor cell development","2/44","18/7628",0.111111111111111,19.2626262626263,5.90828185224924,0.00469200036108182,0.199641992129338,0.162844333351711,"SDC4/TSKU",2
"GO:0040007","growth","8/44","469/7628",0.0170575692963753,2.95716224074433,3.33227717079926,0.00479145616761133,0.199641992129338,0.162844333351711,"CD81/CRABP2/ERBB2/FN1/IER3IP1/MT2A/TSKU/WNT5A",8
"GO:0043491","phosphatidylinositol 3-kinase/protein kinase B signal transduction","4/44","124/7628",0.032258064516129,5.59237536656892,3.92695439681752,0.00546642585246789,0.199641992129338,0.162844333351711,"ERBB2/FN1/MYORG/UNC5B",4
"GO:0061162","establishment of monopolar cell polarity","2/44","20/7628",0.1,17.3363636363636,5.57171876492089,0.00578421657997394,0.199641992129338,0.162844333351711,"FAT1/WNT5A",2
"GO:0042129","regulation of T cell proliferation","3/44","64/7628",0.046875,8.12642045454546,4.36053441104677,0.0058394547182034,0.199641992129338,0.162844333351711,"CD81/ERBB2/SDC4",3
"GO:0042060","wound healing","5/44","206/7628",0.0242718446601942,4.20785525154457,3.55501917678758,0.0063133585976993,0.199641992129338,0.162844333351711,"ERBB2/FN1/SDC4/TSKU/WNT5A",5
"GO:0050866","negative regulation of cell activation","3/44","66/7628",0.0454545454545455,7.8801652892562,4.2756933702973,0.00636246715961149,0.199641992129338,0.162844333351711,"ERBB2/FN1/SDC4",3
"GO:0061339","establishment or maintenance of monopolar cell polarity","2/44","21/7628",0.0952380952380952,16.5108225108225,5.42115490155178,0.00636976339530799,0.199641992129338,0.162844333351711,"FAT1/WNT5A",2
"GO:0022407","regulation of cell-cell adhesion","5/44","207/7628",0.0241545893719807,4.18752744839701,3.54129364004214,0.00644219460338204,0.199641992129338,0.162844333351711,"CD81/ERBB2/GCNT1/SDC4/WNT5A",5
"GO:0048592","eye morphogenesis","3/44","67/7628",0.0447761194029851,7.76255088195387,4.23459984598092,0.00663414532653904,0.199641992129338,0.162844333351711,"FAT1/TSKU/WNT5A",3
"GO:0051897","positive regulation of phosphatidylinositol 3-kinase/protein kinase B signal transduction","3/44","67/7628",0.0447761194029851,7.76255088195387,4.23459984598092,0.00663414532653904,0.199641992129338,0.162844333351711,"FN1/MYORG/UNC5B",3
"GO:0048146","positive regulation of fibroblast proliferation","2/44","23/7628",0.0869565217391304,15.0750988142292,5.14896346889087,0.00761820116664365,0.199641992129338,0.162844333351711,"FN1/WNT5A",2
"GO:0000902","cell morphogenesis","8/44","507/7628",0.0157790927021696,2.73552088936704,3.0804728213779,0.00761957593190821,0.199641992129338,0.162844333351711,"CRABP2/CUL7/ERBB2/FAT1/FN1/TSKU/UNC5B/WNT5A",8
"GO:0002694","regulation of leukocyte activation","5/44","223/7628",0.0224215246636771,3.88707704851203,3.33274682673907,0.00876425951571417,0.199641992129338,0.162844333351711,"CD81/ERBB2/FN1/SDC4/WNT5A",5
"GO:0090162","establishment of epithelial cell polarity","2/44","25/7628",0.08,13.8690909090909,4.9088462206039,0.00896774949047536,0.199641992129338,0.162844333351711,"FAT1/WNT5A",2
"GO:0050770","regulation of axonogenesis","3/44","75/7628",0.04,6.93454545454545,3.93380111605493,0.00905727392639503,0.199641992129338,0.162844333351711,"CRABP2/FN1/WNT5A",3
"GO:0002685","regulation of leukocyte migration","3/44","77/7628",0.038961038961039,6.75442739079103,3.86544315767474,0.00973380826744368,0.199641992129338,0.162844333351711,"CD81/GCNT1/WNT5A",3
"GO:0010975","regulation of neuron projection development","5/44","230/7628",0.0217391304347826,3.76877470355731,3.24749448518508,0.00994314625502526,0.199641992129338,0.162844333351711,"CRABP2/CUL7/FN1/TSKU/WNT5A",5
"GO:0042490","mechanoreceptor differentiation","2/44","27/7628",0.0740740740740741,12.8417508417508,4.69479338606627,0.0104160252281837,0.199641992129338,0.162844333351711,"SDC4/TSKU",2
"GO:0060113","inner ear receptor cell differentiation","2/44","27/7628",0.0740740740740741,12.8417508417508,4.69479338606627,0.0104160252281837,0.199641992129338,0.162844333351711,"SDC4/TSKU",2
"GO:0050670","regulation of lymphocyte proliferation","3/44","79/7628",0.0379746835443038,6.58342922899885,3.79947768335412,0.0104391833426117,0.199641992129338,0.162844333351711,"CD81/ERBB2/SDC4",3
"GO:0032944","regulation of mononuclear cell proliferation","3/44","81/7628",0.037037037037037,6.42087542087542,3.73575864753924,0.011173634474652,0.199641992129338,0.162844333351711,"CD81/ERBB2/SDC4",3
"GO:0002720","positive regulation of cytokine production involved in immune response","2/44","28/7628",0.0714285714285714,12.3831168831169,4.59607877862139,0.0111764519055749,0.199641992129338,0.162844333351711,"CD81/WNT5A",2
"GO:0009880","embryonic pattern specification","2/44","28/7628",0.0714285714285714,12.3831168831169,4.59607877862139,0.0111764519055749,0.199641992129338,0.162844333351711,"MEIS2/WNT5A",2
"GO:0046148","pigment biosynthetic process","2/44","28/7628",0.0714285714285714,12.3831168831169,4.59607877862139,0.0111764519055749,0.199641992129338,0.162844333351711,"UROS/WNT5A",2
"GO:0042098","T cell proliferation","3/44","82/7628",0.0365853658536585,6.34257206208426,3.70469930430104,0.0115518318978805,0.199641992129338,0.162844333351711,"CD81/ERBB2/SDC4",3
"GO:0007423","sensory organ development","5/44","240/7628",0.0208333333333333,3.61174242424242,3.13131364430897,0.0118115576516083,0.199641992129338,0.162844333351711,"FAT1/MEIS2/SDC4/TSKU/WNT5A",5
"GO:1903037","regulation of leukocyte cell-cell adhesion","4/44","155/7628",0.0258064516129032,4.47390029325513,3.32804934185516,0.0118475075961006,0.199641992129338,0.162844333351711,"CD81/ERBB2/GCNT1/SDC4",4
"GO:0043406","positive regulation of MAP kinase activity","2/44","29/7628",0.0689655172413793,11.9561128526646,4.50226779201458,0.0119606845331394,0.199641992129338,0.162844333351711,"ERBB2/WNT5A",2
"GO:0048589","developmental growth","6/44","336/7628",0.0178571428571429,3.09577922077922,2.99258081959653,0.0119841868248438,0.199641992129338,0.162844333351711,"CD81/CRABP2/FN1/IER3IP1/TSKU/WNT5A",6
"GO:0050865","regulation of cell activation","5/44","243/7628",0.0205761316872428,3.56715301159746,3.09765959666484,0.0124159859515739,0.199641992129338,0.162844333351711,"CD81/ERBB2/FN1/SDC4/WNT5A",5
"GO:0001738","morphogenesis of a polarized epithelium","2/44","30/7628",0.0666666666666667,11.5575757575758,4.41295235422404,0.0127684361782274,0.199641992129338,0.162844333351711,"FAT1/WNT5A",2
"GO:0048839","inner ear development","3/44","86/7628",0.0348837209302326,6.04756871035941,3.58543827548148,0.0131383444259291,0.199641992129338,0.162844333351711,"SDC4/TSKU/WNT5A",3
"GO:0030155","regulation of cell adhesion","6/44","344/7628",0.0174418604651163,3.0237843551797,2.92558375813553,0.013349720333025,0.199641992129338,0.162844333351711,"CD81/ERBB2/FN1/GCNT1/SDC4/WNT5A",6
"GO:0030307","positive regulation of cell growth","3/44","87/7628",0.0344827586206897,5.97805642633229,3.55679651822966,0.0135535156741982,0.199641992129338,0.162844333351711,"CRABP2/ERBB2/FN1",3
"GO:0070663","regulation of leukocyte proliferation","3/44","87/7628",0.0344827586206897,5.97805642633229,3.55679651822966,0.0135535156741982,0.199641992129338,0.162844333351711,"CD81/ERBB2/SDC4",3
"GO:0042632","cholesterol homeostasis","2/44","31/7628",0.0645161290322581,11.1847507331378,4.32777065012754,0.0135994222948485,0.199641992129338,0.162844333351711,"CNBP/TSKU",2
"GO:0055092","sterol homeostasis","2/44","31/7628",0.0645161290322581,11.1847507331378,4.32777065012754,0.0135994222948485,0.199641992129338,0.162844333351711,"CNBP/TSKU",2
"GO:0048666","neuron development","8/44","565/7628",0.0141592920353982,2.45470635559131,2.73690048360407,0.0141884217538414,0.199641992129338,0.162844333351711,"CRABP2/CUL7/ERBB2/FN1/SDC4/TSKU/UNC5B/WNT5A",8
"GO:0032945","negative regulation of mononuclear cell proliferation","2/44","32/7628",0.0625,10.8352272727273,4.24640057959076,0.014453360706692,0.199641992129338,0.162844333351711,"ERBB2/SDC4",2
"GO:0050672","negative regulation of lymphocyte proliferation","2/44","32/7628",0.0625,10.8352272727273,4.24640057959076,0.014453360706692,0.199641992129338,0.162844333351711,"ERBB2/SDC4",2
"GO:0001654","eye development","4/44","165/7628",0.0242424242424242,4.20275482093664,3.16783821915035,0.0146300755406285,0.199641992129338,0.162844333351711,"FAT1/MEIS2/TSKU/WNT5A",4
"GO:0150063","visual system development","4/44","165/7628",0.0242424242424242,4.20275482093664,3.16783821915035,0.0146300755406285,0.199641992129338,0.162844333351711,"FAT1/MEIS2/TSKU/WNT5A",4
"GO:0048880","sensory system development","4/44","167/7628",0.0239520958083832,4.15242242787153,3.13731534347666,0.0152323240035558,0.199641992129338,0.162844333351711,"FAT1/MEIS2/TSKU/WNT5A",4
"GO:0070664","negative regulation of leukocyte proliferation","2/44","33/7628",0.0606060606060606,10.5068870523416,4.16855431281057,0.0153299715902559,0.199641992129338,0.162844333351711,"ERBB2/SDC4",2
"GO:0002367","cytokine production involved in immune response","2/44","34/7628",0.0588235294117647,10.1978609625668,4.09397373175143,0.016228977458086,0.199641992129338,0.162844333351711,"CD81/WNT5A",2
"GO:0002718","regulation of cytokine production involved in immune response","2/44","34/7628",0.0588235294117647,10.1978609625668,4.09397373175143,0.016228977458086,0.199641992129338,0.162844333351711,"CD81/WNT5A",2
"GO:0048514","blood vessel morphogenesis","5/44","263/7628",0.0190114068441065,3.29588662288282,2.88599773253769,0.0169933098246411,0.199641992129338,0.162844333351711,"CUL7/ERBB2/FN1/UNC5B/WNT5A",5
"GO:0007159","leukocyte cell-cell adhesion","4/44","173/7628",0.023121387283237,4.0084077771939,3.0485265357345,0.0171329099933256,0.199641992129338,0.162844333351711,"CD81/ERBB2/GCNT1/SDC4",4
"GO:1904951","positive regulation of establishment of protein localization","4/44","173/7628",0.023121387283237,4.0084077771939,3.0485265357345,0.0171329099933256,0.199641992129338,0.162844333351711,"CD81/ERBB2/IER3IP1/TMEM132A",4
"GO:0045197","establishment or maintenance of epithelial cell apical/basal polarity","2/44","35/7628",0.0571428571428571,9.90649350649351,4.02242659206672,0.0171501031421228,0.199641992129338,0.162844333351711,"FAT1/WNT5A",2
"GO:0002072","optic cup morphogenesis involved in camera-type eye development","1/44","3/7628",0.333333333333333,57.7878787878788,7.49290798367604,0.0172072847370883,0.199641992129338,0.162844333351711,"WNT5A",1
"GO:0002291","T cell activation via T cell receptor contact with antigen bound to MHC molecule on antigen presenting cell","1/44","3/7628",0.333333333333333,57.7878787878788,7.49290798367604,0.0172072847370883,0.199641992129338,0.162844333351711,"CD81",1
"GO:0002830","positive regulation of type 2 immune response","1/44","3/7628",0.333333333333333,57.7878787878788,7.49290798367604,0.0172072847370883,0.199641992129338,0.162844333351711,"CD81",1
"GO:0003433","chondrocyte development involved in endochondral bone morphogenesis","1/44","3/7628",0.333333333333333,57.7878787878788,7.49290798367604,0.0172072847370883,0.199641992129338,0.162844333351711,"TSKU",1
"GO:0014905","myoblast fusion involved in skeletal muscle regeneration","1/44","3/7628",0.333333333333333,57.7878787878788,7.49290798367604,0.0172072847370883,0.199641992129338,0.162844333351711,"CD81",1
"GO:0018199","peptidyl-glutamine modification","1/44","3/7628",0.333333333333333,57.7878787878788,7.49290798367604,0.0172072847370883,0.199641992129338,0.162844333351711,"QPCT",1
"GO:0021540","corpus callosum morphogenesis","1/44","3/7628",0.333333333333333,57.7878787878788,7.49290798367604,0.0172072847370883,0.199641992129338,0.162844333351711,"TSKU",1
"GO:0032148","activation of protein kinase B activity","1/44","3/7628",0.333333333333333,57.7878787878788,7.49290798367604,0.0172072847370883,0.199641992129338,0.162844333351711,"WNT5A",1
"GO:0033564","anterior/posterior axon guidance","1/44","3/7628",0.333333333333333,57.7878787878788,7.49290798367604,0.0172072847370883,0.199641992129338,0.162844333351711,"UNC5B",1
"GO:0035743","CD4-positive, alpha-beta T cell cytokine production","1/44","3/7628",0.333333333333333,57.7878787878788,7.49290798367604,0.0172072847370883,0.199641992129338,0.162844333351711,"CD81",1
"GO:0035745","T-helper 2 cell cytokine production","1/44","3/7628",0.333333333333333,57.7878787878788,7.49290798367604,0.0172072847370883,0.199641992129338,0.162844333351711,"CD81",1
"GO:0036015","response to interleukin-3","1/44","3/7628",0.333333333333333,57.7878787878788,7.49290798367604,0.0172072847370883,0.199641992129338,0.162844333351711,"MT2A",1
"GO:0036016","cellular response to interleukin-3","1/44","3/7628",0.333333333333333,57.7878787878788,7.49290798367604,0.0172072847370883,0.199641992129338,0.162844333351711,"MT2A",1
"GO:0036114","medium-chain fatty-acyl-CoA catabolic process","1/44","3/7628",0.333333333333333,57.7878787878788,7.49290798367604,0.0172072847370883,0.199641992129338,0.162844333351711,"NUDT8",1
"GO:0043568","positive regulation of insulin-like growth factor receptor signaling pathway","1/44","3/7628",0.333333333333333,57.7878787878788,7.49290798367604,0.0172072847370883,0.199641992129338,0.162844333351711,"MYORG",1
"GO:0044848","biological phase","1/44","3/7628",0.333333333333333,57.7878787878788,7.49290798367604,0.0172072847370883,0.199641992129338,0.162844333351711,"WNT5A",1
"GO:0044851","hair cycle phase","1/44","3/7628",0.333333333333333,57.7878787878788,7.49290798367604,0.0172072847370883,0.199641992129338,0.162844333351711,"WNT5A",1
"GO:0048570","notochord morphogenesis","1/44","3/7628",0.333333333333333,57.7878787878788,7.49290798367604,0.0172072847370883,0.199641992129338,0.162844333351711,"WNT5A",1
"GO:0048819","regulation of hair follicle maturation","1/44","3/7628",0.333333333333333,57.7878787878788,7.49290798367604,0.0172072847370883,0.199641992129338,0.162844333351711,"WNT5A",1
"GO:0050861","positive regulation of B cell receptor signaling pathway","1/44","3/7628",0.333333333333333,57.7878787878788,7.49290798367604,0.0172072847370883,0.199641992129338,0.162844333351711,"CD81",1
"GO:0060004","reflex","1/44","3/7628",0.333333333333333,57.7878787878788,7.49290798367604,0.0172072847370883,0.199641992129338,0.162844333351711,"USP46",1
"GO:0060601","lateral sprouting from an epithelium","1/44","3/7628",0.333333333333333,57.7878787878788,7.49290798367604,0.0172072847370883,0.199641992129338,0.162844333351711,"WNT5A",1
"GO:0060751","branch elongation involved in mammary gland duct branching","1/44","3/7628",0.333333333333333,57.7878787878788,7.49290798367604,0.0172072847370883,0.199641992129338,0.162844333351711,"WNT5A",1
"GO:0060762","regulation of branching involved in mammary gland duct morphogenesis","1/44","3/7628",0.333333333333333,57.7878787878788,7.49290798367604,0.0172072847370883,0.199641992129338,0.162844333351711,"WNT5A",1
"GO:0061643","chemorepulsion of axon","1/44","3/7628",0.333333333333333,57.7878787878788,7.49290798367604,0.0172072847370883,0.199641992129338,0.162844333351711,"WNT5A",1
"GO:0070245","positive regulation of thymocyte apoptotic process","1/44","3/7628",0.333333333333333,57.7878787878788,7.49290798367604,0.0172072847370883,0.199641992129338,0.162844333351711,"WNT5A",1
"GO:0070541","response to platinum ion","1/44","3/7628",0.333333333333333,57.7878787878788,7.49290798367604,0.0172072847370883,0.199641992129338,0.162844333351711,"UROS",1
"GO:0072674","multinuclear osteoclast differentiation","1/44","3/7628",0.333333333333333,57.7878787878788,7.49290798367604,0.0172072847370883,0.199641992129338,0.162844333351711,"CD81",1
"GO:0072675","osteoclast fusion","1/44","3/7628",0.333333333333333,57.7878787878788,7.49290798367604,0.0172072847370883,0.199641992129338,0.162844333351711,"CD81",1
"GO:0080120","CAAX-box protein maturation","1/44","3/7628",0.333333333333333,57.7878787878788,7.49290798367604,0.0172072847370883,0.199641992129338,0.162844333351711,"RCE1",1
"GO:0110021","cardiac muscle myoblast proliferation","1/44","3/7628",0.333333333333333,57.7878787878788,7.49290798367604,0.0172072847370883,0.199641992129338,0.162844333351711,"MEIS2",1
"GO:0110022","regulation of cardiac muscle myoblast proliferation","1/44","3/7628",0.333333333333333,57.7878787878788,7.49290798367604,0.0172072847370883,0.199641992129338,0.162844333351711,"MEIS2",1
"GO:0110024","positive regulation of cardiac muscle myoblast proliferation","1/44","3/7628",0.333333333333333,57.7878787878788,7.49290798367604,0.0172072847370883,0.199641992129338,0.162844333351711,"MEIS2",1
"GO:1900019","regulation of protein kinase C activity","1/44","3/7628",0.333333333333333,57.7878787878788,7.49290798367604,0.0172072847370883,0.199641992129338,0.162844333351711,"WNT5A",1
"GO:1900020","positive regulation of protein kinase C activity","1/44","3/7628",0.333333333333333,57.7878787878788,7.49290798367604,0.0172072847370883,0.199641992129338,0.162844333351711,"WNT5A",1
"GO:1902035","positive regulation of hematopoietic stem cell proliferation","1/44","3/7628",0.333333333333333,57.7878787878788,7.49290798367604,0.0172072847370883,0.199641992129338,0.162844333351711,"WNT5A",1
"GO:1902858","propionyl-CoA metabolic process","1/44","3/7628",0.333333333333333,57.7878787878788,7.49290798367604,0.0172072847370883,0.199641992129338,0.162844333351711,"NUDT8",1
"GO:1903236","regulation of leukocyte tethering or rolling","1/44","3/7628",0.333333333333333,57.7878787878788,7.49290798367604,0.0172072847370883,0.199641992129338,0.162844333351711,"GCNT1",1
"GO:1903238","positive regulation of leukocyte tethering or rolling","1/44","3/7628",0.333333333333333,57.7878787878788,7.49290798367604,0.0172072847370883,0.199641992129338,0.162844333351711,"GCNT1",1
"GO:1903553","positive regulation of extracellular exosome assembly","1/44","3/7628",0.333333333333333,57.7878787878788,7.49290798367604,0.0172072847370883,0.199641992129338,0.162844333351711,"SDC4",1
"GO:1904235","regulation of substrate-dependent cell migration, cell attachment to substrate","1/44","3/7628",0.333333333333333,57.7878787878788,7.49290798367604,0.0172072847370883,0.199641992129338,0.162844333351711,"FN1",1
"GO:1904237","positive regulation of substrate-dependent cell migration, cell attachment to substrate","1/44","3/7628",0.333333333333333,57.7878787878788,7.49290798367604,0.0172072847370883,0.199641992129338,0.162844333351711,"FN1",1
"GO:1904761","negative regulation of myofibroblast differentiation","1/44","3/7628",0.333333333333333,57.7878787878788,7.49290798367604,0.0172072847370883,0.199641992129338,0.162844333351711,"TSKU",1
"GO:1905331","negative regulation of morphogenesis of an epithelium","1/44","3/7628",0.333333333333333,57.7878787878788,7.49290798367604,0.0172072847370883,0.199641992129338,0.162844333351711,"WNT5A",1
"GO:2000551","regulation of T-helper 2 cell cytokine production","1/44","3/7628",0.333333333333333,57.7878787878788,7.49290798367604,0.0172072847370883,0.199641992129338,0.162844333351711,"CD81",1
"GO:2000553","positive regulation of T-helper 2 cell cytokine production","1/44","3/7628",0.333333333333333,57.7878787878788,7.49290798367604,0.0172072847370883,0.199641992129338,0.162844333351711,"CD81",1
"GO:2000563","positive regulation of CD4-positive, alpha-beta T cell proliferation","1/44","3/7628",0.333333333333333,57.7878787878788,7.49290798367604,0.0172072847370883,0.199641992129338,0.162844333351711,"CD81",1
"GO:2001294","malonyl-CoA catabolic process","1/44","3/7628",0.333333333333333,57.7878787878788,7.49290798367604,0.0172072847370883,0.199641992129338,0.162844333351711,"NUDT8",1
"GO:0007156","homophilic cell adhesion via plasma membrane adhesion molecules","2/44","36/7628",0.0555555555555556,9.63131313131313,3.95370327462267,0.0180930757771569,0.199641992129338,0.162844333351711,"FAT1/PCDHGA11",2
"GO:0043583","ear development","3/44","97/7628",0.0309278350515464,5.36176194939082,3.29287732960843,0.0181181774041466,0.199641992129338,0.162844333351711,"SDC4/TSKU/WNT5A",3
"GO:0008361","regulation of cell size","3/44","98/7628",0.0306122448979592,5.30705009276438,3.26850777084337,0.0186162481989871,0.199641992129338,0.162844333351711,"CRABP2/FN1/WNT5A",3
"GO:0097485","neuron projection guidance","3/44","98/7628",0.0306122448979592,5.30705009276438,3.26850777084337,0.0186162481989871,0.199641992129338,0.162844333351711,"ERBB2/UNC5B/WNT5A",3
"GO:0002088","lens development in camera-type eye","2/44","37/7628",0.0540540540540541,9.37100737100737,3.8876140224381,0.0190576247843911,0.199641992129338,0.162844333351711,"FAT1/WNT5A",2
"GO:0035088","establishment or maintenance of apical/basal cell polarity","2/44","37/7628",0.0540540540540541,9.37100737100737,3.8876140224381,0.0190576247843911,0.199641992129338,0.162844333351711,"FAT1/WNT5A",2
"GO:0061245","establishment or maintenance of bipolar cell polarity","2/44","37/7628",0.0540540540540541,9.37100737100737,3.8876140224381,0.0190576247843911,0.199641992129338,0.162844333351711,"FAT1/WNT5A",2
"GO:0009611","response to wounding","5/44","274/7628",0.0182481751824818,3.1635700066357,2.77803984295026,0.0199381948127991,0.199641992129338,0.162844333351711,"ERBB2/FN1/SDC4/TSKU/WNT5A",5
"GO:0031016","pancreas development","2/44","38/7628",0.0526315789473684,9.1244019138756,3.82398657954069,0.0200434818551093,0.199641992129338,0.162844333351711,"MEIS2/WNT5A",2
"GO:0008284","positive regulation of cell population proliferation","6/44","378/7628",0.0158730158730159,2.75180375180375,2.66082552499661,0.0203921744486198,0.199641992129338,0.162844333351711,"CD81/CNBP/ERBB2/FN1/MEIS2/WNT5A",6
"GO:0050767","regulation of neurogenesis","4/44","183/7628",0.0218579234972678,3.78936910084451,2.90906368439466,0.0206204160589187,0.199641992129338,0.162844333351711,"CRABP2/CUL7/FN1/WNT5A",4
"GO:0060284","regulation of cell development","6/44","379/7628",0.0158311345646438,2.7445430558887,2.65348292200299,0.020631556420107,0.199641992129338,0.162844333351711,"CRABP2/CUL7/ERBB2/FN1/MEIS2/WNT5A",6
"GO:0051896","regulation of phosphatidylinositol 3-kinase/protein kinase B signal transduction","3/44","102/7628",0.0294117647058824,5.09893048128342,3.17426061670567,0.0206846854512538,0.199641992129338,0.162844333351711,"FN1/MYORG/UNC5B",3
"GO:0035239","tube morphogenesis","6/44","380/7628",0.0157894736842105,2.73732057416268,2.6461637642489,0.020872867044266,0.199641992129338,0.162844333351711,"CUL7/ERBB2/FN1/SDC4/UNC5B/WNT5A",6
"GO:0042440","pigment metabolic process","2/44","39/7628",0.0512820512820513,8.89044289044289,3.76266416439123,0.0210503809344517,0.199641992129338,0.162844333351711,"UROS/WNT5A",2
"GO:0006888","endoplasmic reticulum to Golgi vesicle-mediated transport","3/44","103/7628",0.029126213592233,5.04942630185349,3.15146805224141,0.0212208656462395,0.199641992129338,0.162844333351711,"IER3IP1/SEC22A/YIPF4",3
"GO:1902533","positive regulation of intracellular signal transduction","7/44","498/7628",0.0140562248995984,2.43683826213947,2.52599124053705,0.0226044774825894,0.199641992129338,0.162844333351711,"CD81/ERBB2/FN1/MYORG/UNC5B/WNT5A/ZDHHC13",7
"GO:0002863","positive regulation of inflammatory response to antigenic stimulus","1/44","4/7628",0.25,43.3409090909091,6.45138231758646,0.0228784820448354,0.199641992129338,0.162844333351711,"CD81",1
"GO:0003330","regulation of extracellular matrix constituent secretion","1/44","4/7628",0.25,43.3409090909091,6.45138231758646,0.0228784820448354,0.199641992129338,0.162844333351711,"IER3IP1",1
"GO:0003418","growth plate cartilage chondrocyte differentiation","1/44","4/7628",0.25,43.3409090909091,6.45138231758646,0.0228784820448354,0.199641992129338,0.162844333351711,"TSKU",1
"GO:0006931","substrate-dependent cell migration, cell attachment to substrate","1/44","4/7628",0.25,43.3409090909091,6.45138231758646,0.0228784820448354,0.199641992129338,0.162844333351711,"FN1",1
"GO:0021891","olfactory bulb interneuron development","1/44","4/7628",0.25,43.3409090909091,6.45138231758646,0.0228784820448354,0.199641992129338,0.162844333351711,"WNT5A",1
"GO:0021960","anterior commissure morphogenesis","1/44","4/7628",0.25,43.3409090909091,6.45138231758646,0.0228784820448354,0.199641992129338,0.162844333351711,"TSKU",1
"GO:0032911","negative regulation of transforming growth factor beta1 production","1/44","4/7628",0.25,43.3409090909091,6.45138231758646,0.0228784820448354,0.199641992129338,0.162844333351711,"TSKU",1
"GO:0033087","negative regulation of immature T cell proliferation","1/44","4/7628",0.25,43.3409090909091,6.45138231758646,0.0228784820448354,0.199641992129338,0.162844333351711,"ERBB2",1
"GO:0033088","negative regulation of immature T cell proliferation in thymus","1/44","4/7628",0.25,43.3409090909091,6.45138231758646,0.0228784820448354,0.199641992129338,0.162844333351711,"ERBB2",1
"GO:0036112","medium-chain fatty-acyl-CoA metabolic process","1/44","4/7628",0.25,43.3409090909091,6.45138231758646,0.0228784820448354,0.199641992129338,0.162844333351711,"NUDT8",1
"GO:0042695","thelarche","1/44","4/7628",0.25,43.3409090909091,6.45138231758646,0.0228784820448354,0.199641992129338,0.162844333351711,"WNT5A",1
"GO:0048149","behavioral response to ethanol","1/44","4/7628",0.25,43.3409090909091,6.45138231758646,0.0228784820448354,0.199641992129338,0.162844333351711,"USP46",1
"GO:0048341","paraxial mesoderm formation","1/44","4/7628",0.25,43.3409090909091,6.45138231758646,0.0228784820448354,0.199641992129338,0.162844333351711,"WNT5A",1
"GO:0048843","negative regulation of axon extension involved in axon guidance","1/44","4/7628",0.25,43.3409090909091,6.45138231758646,0.0228784820448354,0.199641992129338,0.162844333351711,"WNT5A",1
"GO:0060026","convergent extension","1/44","4/7628",0.25,43.3409090909091,6.45138231758646,0.0228784820448354,0.199641992129338,0.162844333351711,"WNT5A",1
"GO:0060068","vagina development","1/44","4/7628",0.25,43.3409090909091,6.45138231758646,0.0228784820448354,0.199641992129338,0.162844333351711,"WNT5A",1
"GO:0060638","mesenchymal-epithelial cell signaling","1/44","4/7628",0.25,43.3409090909091,6.45138231758646,0.0228784820448354,0.199641992129338,0.162844333351711,"WNT5A",1
"GO:0060744","mammary gland branching involved in thelarche","1/44","4/7628",0.25,43.3409090909091,6.45138231758646,0.0228784820448354,0.199641992129338,0.162844333351711,"WNT5A",1
"GO:0061355","Wnt protein secretion","1/44","4/7628",0.25,43.3409090909091,6.45138231758646,0.0228784820448354,0.199641992129338,0.162844333351711,"TMEM132A",1
"GO:0061356","regulation of Wnt protein secretion","1/44","4/7628",0.25,43.3409090909091,6.45138231758646,0.0228784820448354,0.199641992129338,0.162844333351711,"TMEM132A",1
"GO:0061357","positive regulation of Wnt protein secretion","1/44","4/7628",0.25,43.3409090909091,6.45138231758646,0.0228784820448354,0.199641992129338,0.162844333351711,"TMEM132A",1
"GO:0070234","positive regulation of T cell apoptotic process","1/44","4/7628",0.25,43.3409090909091,6.45138231758646,0.0228784820448354,0.199641992129338,0.162844333351711,"WNT5A",1
"GO:0090713","immunological memory process","1/44","4/7628",0.25,43.3409090909091,6.45138231758646,0.0228784820448354,0.199641992129338,0.162844333351711,"CD81",1
"GO:0150012","positive regulation of neuron projection arborization","1/44","4/7628",0.25,43.3409090909091,6.45138231758646,0.0228784820448354,0.199641992129338,0.162844333351711,"WNT5A",1
"GO:1901166","neural crest cell migration involved in autonomic nervous system development","1/44","4/7628",0.25,43.3409090909091,6.45138231758646,0.0228784820448354,0.199641992129338,0.162844333351711,"FN1",1
"GO:1904760","regulation of myofibroblast differentiation","1/44","4/7628",0.25,43.3409090909091,6.45138231758646,0.0228784820448354,0.199641992129338,0.162844333351711,"TSKU",1
"GO:1904862","inhibitory synapse assembly","1/44","4/7628",0.25,43.3409090909091,6.45138231758646,0.0228784820448354,0.199641992129338,0.162844333351711,"WNT5A",1
"GO:1903829","positive regulation of protein localization","5/44","285/7628",0.0175438596491228,3.0414673046252,2.6753594730367,0.0232034360618135,0.201279510453365,0.164180027195392,"CD81/ERBB2/IER3IP1/TMEM132A/WNT5A",5
"GO:0046651","lymphocyte proliferation","3/44","107/7628",0.0280373831775701,4.8606627017842,3.06316226727941,0.0234419982981888,0.202152761794969,0.16489232239469,"CD81/ERBB2/SDC4",3
"GO:0090596","sensory organ morphogenesis","3/44","108/7628",0.0277777777777778,4.81565656565657,3.04176938968752,0.0240163951824971,0.203464469693906,0.165962258614402,"FAT1/TSKU/WNT5A",3
"GO:1903532","positive regulation of secretion by cell","3/44","108/7628",0.0277777777777778,4.81565656565657,3.04176938968752,0.0240163951824971,0.203464469693906,0.165962258614402,"IER3IP1/SDC4/TMEM132A",3
"GO:0035418","protein localization to synapse","2/44","43/7628",0.0465116279069767,8.06342494714588,3.53773924541118,0.0252831542260293,0.203464469693906,0.165962258614402,"ERBB2/WNT5A",2
"GO:0050729","positive regulation of inflammatory response","2/44","43/7628",0.0465116279069767,8.06342494714588,3.53773924541118,0.0252831542260293,0.203464469693906,0.165962258614402,"CD81/WNT5A",2
"GO:0032943","mononuclear cell proliferation","3/44","111/7628",0.027027027027027,4.68550368550369,2.9791345169752,0.0257854636579023,0.203464469693906,0.165962258614402,"CD81/ERBB2/SDC4",3
"GO:0030516","regulation of axon extension","2/44","44/7628",0.0454545454545455,7.8801652892562,3.48602178835436,0.0263913502879988,0.203464469693906,0.165962258614402,"FN1/WNT5A",2
"GO:0050772","positive regulation of axonogenesis","2/44","44/7628",0.0454545454545455,7.8801652892562,3.48602178835436,0.0263913502879988,0.203464469693906,0.165962258614402,"CRABP2/FN1",2
"GO:0040008","regulation of growth","5/44","295/7628",0.0169491525423729,2.93836671802774,2.5861883980057,0.026459828974499,0.203464469693906,0.165962258614402,"CRABP2/ERBB2/FN1/MT2A/WNT5A",5
"GO:0050868","negative regulation of T cell activation","2/44","45/7628",0.0444444444444444,7.70505050505051,3.43591041309536,0.0275190384649824,0.203464469693906,0.165962258614402,"ERBB2/SDC4",2
"GO:0051047","positive regulation of secretion","3/44","114/7628",0.0263157894736842,4.5622009569378,2.91869890751915,0.0276233095433922,0.203464469693906,0.165962258614402,"IER3IP1/SDC4/TMEM132A",3
"GO:0010273","detoxification of copper ion","1/44","5/7628",0.2,34.6727272727273,5.73659756729816,0.0285176933236952,0.203464469693906,0.165962258614402,"MT2A",1
"GO:0014908","myotube differentiation involved in skeletal muscle regeneration","1/44","5/7628",0.2,34.6727272727273,5.73659756729816,0.0285176933236952,0.203464469693906,0.165962258614402,"CD81",1
"GO:0036017","response to erythropoietin","1/44","5/7628",0.2,34.6727272727273,5.73659756729816,0.0285176933236952,0.203464469693906,0.165962258614402,"MT2A",1
"GO:0036018","cellular response to erythropoietin","1/44","5/7628",0.2,34.6727272727273,5.73659756729816,0.0285176933236952,0.203464469693906,0.165962258614402,"MT2A",1
"GO:0038007","netrin-activated signaling pathway","1/44","5/7628",0.2,34.6727272727273,5.73659756729816,0.0285176933236952,0.203464469693906,0.165962258614402,"UNC5B",1
"GO:0042117","monocyte activation","1/44","5/7628",0.2,34.6727272727273,5.73659756729816,0.0285176933236952,0.203464469693906,0.165962258614402,"FN1",1
"GO:0048254","snoRNA localization","1/44","5/7628",0.2,34.6727272727273,5.73659756729816,0.0285176933236952,0.203464469693906,0.165962258614402,"ZNHIT3",1
"GO:0048672","positive regulation of collateral sprouting","1/44","5/7628",0.2,34.6727272727273,5.73659756729816,0.0285176933236952,0.203464469693906,0.165962258614402,"CRABP2",1
"GO:0048853","forebrain morphogenesis","1/44","5/7628",0.2,34.6727272727273,5.73659756729816,0.0285176933236952,0.203464469693906,0.165962258614402,"WNT5A",1
"GO:0051798","positive regulation of hair follicle development","1/44","5/7628",0.2,34.6727272727273,5.73659756729816,0.0285176933236952,0.203464469693906,0.165962258614402,"WNT5A",1
"GO:0060352","cell adhesion molecule production","1/44","5/7628",0.2,34.6727272727273,5.73659756729816,0.0285176933236952,0.203464469693906,0.165962258614402,"GCNT1",1
"GO:0060572","morphogenesis of an epithelial bud","1/44","5/7628",0.2,34.6727272727273,5.73659756729816,0.0285176933236952,0.203464469693906,0.165962258614402,"WNT5A",1
"GO:0060900","embryonic camera-type eye formation","1/44","5/7628",0.2,34.6727272727273,5.73659756729816,0.0285176933236952,0.203464469693906,0.165962258614402,"WNT5A",1
"GO:0070230","positive regulation of lymphocyte apoptotic process","1/44","5/7628",0.2,34.6727272727273,5.73659756729816,0.0285176933236952,0.203464469693906,0.165962258614402,"WNT5A",1
"GO:0070278","extracellular matrix constituent secretion","1/44","5/7628",0.2,34.6727272727273,5.73659756729816,0.0285176933236952,0.203464469693906,0.165962258614402,"IER3IP1",1
"GO:0071971","extracellular exosome assembly","1/44","5/7628",0.2,34.6727272727273,5.73659756729816,0.0285176933236952,0.203464469693906,0.165962258614402,"SDC4",1
"GO:0072201","negative regulation of mesenchymal cell proliferation","1/44","5/7628",0.2,34.6727272727273,5.73659756729816,0.0285176933236952,0.203464469693906,0.165962258614402,"WNT5A",1
"GO:1903551","regulation of extracellular exosome assembly","1/44","5/7628",0.2,34.6727272727273,5.73659756729816,0.0285176933236952,0.203464469693906,0.165962258614402,"SDC4",1
"GO:1904352","positive regulation of protein catabolic process in the vacuole","1/44","5/7628",0.2,34.6727272727273,5.73659756729816,0.0285176933236952,0.203464469693906,0.165962258614402,"CD81",1
"GO:1904948","midbrain dopaminergic neuron differentiation","1/44","5/7628",0.2,34.6727272727273,5.73659756729816,0.0285176933236952,0.203464469693906,0.165962258614402,"WNT5A",1
"GO:1990169","stress response to copper ion","1/44","5/7628",0.2,34.6727272727273,5.73659756729816,0.0285176933236952,0.203464469693906,0.165962258614402,"MT2A",1
"GO:0007030","Golgi organization","3/44","116/7628",0.0258620689655172,4.48354231974922,2.87956141250475,0.0288867019614497,0.203464469693906,0.165962258614402,"CUL7/TANGO2/YIPF4",3
"GO:0000165","MAPK cascade","5/44","303/7628",0.0165016501650165,2.86078607860786,2.51749140936801,0.0292679822492136,0.203464469693906,0.165962258614402,"CD81/ERBB2/FN1/RCE1/WNT5A",5
"GO:0031346","positive regulation of cell projection organization","4/44","205/7628",0.0195121951219512,3.38270509977827,2.63397436486516,0.0297546945811727,0.203464469693906,0.165962258614402,"CRABP2/CUL7/FN1/WNT5A",4
"GO:0048145","regulation of fibroblast proliferation","2/44","47/7628",0.0425531914893617,7.37717601547389,3.34016663834461,0.0298318903981443,0.203464469693906,0.165962258614402,"FN1/WNT5A",2
"GO:0001558","regulation of cell growth","4/44","206/7628",0.0194174757281553,3.36628420123566,2.62237072856445,0.0302188794521325,0.203464469693906,0.165962258614402,"CRABP2/ERBB2/FN1/WNT5A",4
"GO:0051960","regulation of nervous system development","4/44","208/7628",0.0192307692307692,3.33391608391608,2.59937537894544,0.0311602190227923,0.203464469693906,0.165962258614402,"CRABP2/CUL7/FN1/WNT5A",4
"GO:0048588","developmental cell growth","3/44","120/7628",0.025,4.33409090909091,2.80388358221542,0.0315048667464447,0.203464469693906,0.165962258614402,"CRABP2/FN1/WNT5A",3
"GO:0051241","negative regulation of multicellular organismal process","6/44","419/7628",0.0143198090692124,2.48253417227164,2.37754234473495,0.0318566399492991,0.203464469693906,0.165962258614402,"ERBB2/FN1/SDC4/SFMBT1/TSKU/WNT5A",6
"GO:0070661","leukocyte proliferation","3/44","121/7628",0.0247933884297521,4.29827197595793,2.78547965835067,0.0321784013642598,0.203464469693906,0.165962258614402,"CD81/ERBB2/SDC4",3
"GO:0021954","central nervous system neuron development","2/44","49/7628",0.0408163265306122,7.0760667903525,3.24989009999414,0.0322197296800341,0.203464469693906,0.165962258614402,"TSKU/WNT5A",2
"GO:0001568","blood vessel development","5/44","311/7628",0.0160771704180064,2.78719672610348,2.45098174415876,0.0322605464096169,0.203464469693906,0.165962258614402,"CUL7/ERBB2/FN1/UNC5B/WNT5A",5
"GO:1903038","negative regulation of leukocyte cell-cell adhesion","2/44","50/7628",0.04,6.93454545454545,3.20663265965508,0.0334411599078665,0.203464469693906,0.165962258614402,"ERBB2/SDC4",2
"GO:0050769","positive regulation of neurogenesis","3/44","123/7628",0.024390243902439,4.22838137472284,2.74926174969084,0.0335481991055307,0.203464469693906,0.165962258614402,"CRABP2/CUL7/FN1",3
"GO:0003139","secondary heart field specification","1/44","6/7628",0.166666666666667,28.8939393939394,5.20601068587376,0.0341250948052322,0.203464469693906,0.165962258614402,"WNT5A",1
"GO:0003413","chondrocyte differentiation involved in endochondral bone morphogenesis","1/44","6/7628",0.166666666666667,28.8939393939394,5.20601068587376,0.0341250948052322,0.203464469693906,0.165962258614402,"TSKU",1
"GO:0003417","growth plate cartilage development","1/44","6/7628",0.166666666666667,28.8939393939394,5.20601068587376,0.0341250948052322,0.203464469693906,0.165962258614402,"TSKU",1
"GO:0007442","hindgut morphogenesis","1/44","6/7628",0.166666666666667,28.8939393939394,5.20601068587376,0.0341250948052322,0.203464469693906,0.165962258614402,"WNT5A",1
"GO:0007494","midgut development","1/44","6/7628",0.166666666666667,28.8939393939394,5.20601068587376,0.0341250948052322,0.203464469693906,0.165962258614402,"WNT5A",1
"GO:0010867","positive regulation of triglyceride biosynthetic process","1/44","6/7628",0.166666666666667,28.8939393939394,5.20601068587376,0.0341250948052322,0.203464469693906,0.165962258614402,"CNEP1R1",1
"GO:0018149","peptide cross-linking","1/44","6/7628",0.166666666666667,28.8939393939394,5.20601068587376,0.0341250948052322,0.203464469693906,0.165962258614402,"FN1",1
"GO:0021889","olfactory bulb interneuron differentiation","1/44","6/7628",0.166666666666667,28.8939393939394,5.20601068587376,0.0341250948052322,0.203464469693906,0.165962258614402,"WNT5A",1
"GO:0033079","immature T cell proliferation","1/44","6/7628",0.166666666666667,28.8939393939394,5.20601068587376,0.0341250948052322,0.203464469693906,0.165962258614402,"ERBB2",1
"GO:0033080","immature T cell proliferation in thymus","1/44","6/7628",0.166666666666667,28.8939393939394,5.20601068587376,0.0341250948052322,0.203464469693906,0.165962258614402,"ERBB2",1
"GO:0033083","regulation of immature T cell proliferation","1/44","6/7628",0.166666666666667,28.8939393939394,5.20601068587376,0.0341250948052322,0.203464469693906,0.165962258614402,"ERBB2",1
"GO:0033084","regulation of immature T cell proliferation in thymus","1/44","6/7628",0.166666666666667,28.8939393939394,5.20601068587376,0.0341250948052322,0.203464469693906,0.165962258614402,"ERBB2",1
"GO:0033085","negative regulation of T cell differentiation in thymus","1/44","6/7628",0.166666666666667,28.8939393939394,5.20601068587376,0.0341250948052322,0.203464469693906,0.165962258614402,"ERBB2",1
"GO:0038133","ERBB2-ERBB3 signaling pathway","1/44","6/7628",0.166666666666667,28.8939393939394,5.20601068587376,0.0341250948052322,0.203464469693906,0.165962258614402,"ERBB2",1
"GO:0043455","regulation of secondary metabolic process","1/44","6/7628",0.166666666666667,28.8939393939394,5.20601068587376,0.0341250948052322,0.203464469693906,0.165962258614402,"WNT5A",1
"GO:0045836","positive regulation of meiotic nuclear division","1/44","6/7628",0.166666666666667,28.8939393939394,5.20601068587376,0.0341250948052322,0.203464469693906,0.165962258614402,"WNT5A",1
"GO:0046543","development of secondary female sexual characteristics","1/44","6/7628",0.166666666666667,28.8939393939394,5.20601068587376,0.0341250948052322,0.203464469693906,0.165962258614402,"WNT5A",1
"GO:0048021","regulation of melanin biosynthetic process","1/44","6/7628",0.166666666666667,28.8939393939394,5.20601068587376,0.0341250948052322,0.203464469693906,0.165962258614402,"WNT5A",1
"GO:0050855","regulation of B cell receptor signaling pathway","1/44","6/7628",0.166666666666667,28.8939393939394,5.20601068587376,0.0341250948052322,0.203464469693906,0.165962258614402,"CD81",1
"GO:0070863","positive regulation of protein exit from endoplasmic reticulum","1/44","6/7628",0.166666666666667,28.8939393939394,5.20601068587376,0.0341250948052322,0.203464469693906,0.165962258614402,"CD81",1
"GO:0071294","cellular response to zinc ion","1/44","6/7628",0.166666666666667,28.8939393939394,5.20601068587376,0.0341250948052322,0.203464469693906,0.165962258614402,"MT2A",1
"GO:0150011","regulation of neuron projection arborization","1/44","6/7628",0.166666666666667,28.8939393939394,5.20601068587376,0.0341250948052322,0.203464469693906,0.165962258614402,"WNT5A",1
"GO:1900376","regulation of secondary metabolite biosynthetic process","1/44","6/7628",0.166666666666667,28.8939393939394,5.20601068587376,0.0341250948052322,0.203464469693906,0.165962258614402,"WNT5A",1
"GO:1902033","regulation of hematopoietic stem cell proliferation","1/44","6/7628",0.166666666666667,28.8939393939394,5.20601068587376,0.0341250948052322,0.203464469693906,0.165962258614402,"WNT5A",1
"GO:2000288","positive regulation of myoblast proliferation","1/44","6/7628",0.166666666666667,28.8939393939394,5.20601068587376,0.0341250948052322,0.203464469693906,0.165962258614402,"MEIS2",1
"GO:0048762","mesenchymal cell differentiation","3/44","125/7628",0.024,4.16072727272727,2.71380480054845,0.0349482310800297,0.203464469693906,0.165962258614402,"CUL7/FN1/WNT5A",3
"GO:0060560","developmental growth involved in morphogenesis","3/44","125/7628",0.024,4.16072727272727,2.71380480054845,0.0349482310800297,0.203464469693906,0.165962258614402,"CRABP2/FN1/WNT5A",3
"GO:0050900","leukocyte migration","3/44","126/7628",0.0238095238095238,4.12770562770563,2.69635247285354,0.0356595560976005,0.203464469693906,0.165962258614402,"CD81/GCNT1/WNT5A",3
"GO:0042303","molting cycle","2/44","52/7628",0.0384615384615385,6.66783216783217,3.12358062137384,0.0359378403400965,0.203464469693906,0.165962258614402,"TSKU/WNT5A",2
"GO:0042633","hair cycle","2/44","52/7628",0.0384615384615385,6.66783216783217,3.12358062137384,0.0359378403400965,0.203464469693906,0.165962258614402,"TSKU/WNT5A",2
"GO:0043405","regulation of MAP kinase activity","2/44","52/7628",0.0384615384615385,6.66783216783217,3.12358062137384,0.0359378403400965,0.203464469693906,0.165962258614402,"ERBB2/WNT5A",2
"GO:0051250","negative regulation of lymphocyte activation","2/44","52/7628",0.0384615384615385,6.66783216783217,3.12358062137384,0.0359378403400965,0.203464469693906,0.165962258614402,"ERBB2/SDC4",2
"GO:0045927","positive regulation of growth","3/44","127/7628",0.0236220472440945,4.09520400858984,2.67907953066556,0.0363784038569809,0.203464469693906,0.165962258614402,"CRABP2/ERBB2/FN1",3
"GO:0030334","regulation of cell migration","6/44","434/7628",0.0138248847926267,2.39673229995811,2.28205902818092,0.0369406800526986,0.203464469693906,0.165962258614402,"CD81/FAT1/FN1/GCNT1/SDC4/WNT5A",6
"GO:0051962","positive regulation of nervous system development","3/44","128/7628",0.0234375,4.06321022727273,2.66198255924104,0.0371047611364819,0.203464469693906,0.165962258614402,"CRABP2/CUL7/FN1",3
"GO:0002702","positive regulation of production of molecular mediator of immune response","2/44","53/7628",0.0377358490566038,6.54202401372213,3.08367832915932,0.0372126162136069,0.203464469693906,0.165962258614402,"CD81/WNT5A",2
"GO:0014902","myotube differentiation","2/44","53/7628",0.0377358490566038,6.54202401372213,3.08367832915932,0.0372126162136069,0.203464469693906,0.165962258614402,"CD81/MYORG",2
"GO:0001525","angiogenesis","4/44","221/7628",0.0180995475113122,3.13780337309749,2.45638689525214,0.037703196289494,0.203464469693906,0.165962258614402,"ERBB2/FN1/UNC5B/WNT5A",4
"GO:0051222","positive regulation of protein transport","3/44","130/7628",0.0230769230769231,4.0006993006993,2.62830332488824,0.0385799483847995,0.203464469693906,0.165962258614402,"CD81/IER3IP1/TMEM132A",3
"GO:0001944","vasculature development","5/44","328/7628",0.0152439024390244,2.64273835920177,2.31631670591591,0.0392461104663905,0.203464469693906,0.165962258614402,"CUL7/ERBB2/FN1/UNC5B/WNT5A",5
"GO:0001771","immunological synapse formation","1/44","7/7628",0.142857142857143,24.7662337662338,4.79134510743647,0.0397008617730318,0.203464469693906,0.165962258614402,"CD81",1
"GO:0010819","regulation of T cell chemotaxis","1/44","7/7628",0.142857142857143,24.7662337662338,4.79134510743647,0.0397008617730318,0.203464469693906,0.165962258614402,"WNT5A",1
"GO:0010820","positive regulation of T cell chemotaxis","1/44","7/7628",0.142857142857143,24.7662337662338,4.79134510743647,0.0397008617730318,0.203464469693906,0.165962258614402,"WNT5A",1
"GO:0021670","lateral ventricle development","1/44","7/7628",0.142857142857143,24.7662337662338,4.79134510743647,0.0397008617730318,0.203464469693906,0.165962258614402,"TSKU",1
"GO:0032905","transforming growth factor beta1 production","1/44","7/7628",0.142857142857143,24.7662337662338,4.79134510743647,0.0397008617730318,0.203464469693906,0.165962258614402,"TSKU",1
"GO:0032908","regulation of transforming growth factor beta1 production","1/44","7/7628",0.142857142857143,24.7662337662338,4.79134510743647,0.0397008617730318,0.203464469693906,0.165962258614402,"TSKU",1
"GO:0036342","post-anal tail morphogenesis","1/44","7/7628",0.142857142857143,24.7662337662338,4.79134510743647,0.0397008617730318,0.203464469693906,0.165962258614402,"WNT5A",1
"GO:0036446","myofibroblast differentiation","1/44","7/7628",0.142857142857143,24.7662337662338,4.79134510743647,0.0397008617730318,0.203464469693906,0.165962258614402,"TSKU",1
"GO:0038129","ERBB3 signaling pathway","1/44","7/7628",0.142857142857143,24.7662337662338,4.79134510743647,0.0397008617730318,0.203464469693906,0.165962258614402,"ERBB2",1
"GO:0042438","melanin biosynthetic process","1/44","7/7628",0.142857142857143,24.7662337662338,4.79134510743647,0.0397008617730318,0.203464469693906,0.165962258614402,"WNT5A",1
"GO:0042573","retinoic acid metabolic process","1/44","7/7628",0.142857142857143,24.7662337662338,4.79134510743647,0.0397008617730318,0.203464469693906,0.165962258614402,"CRABP2",1
"GO:0046641","positive regulation of alpha-beta T cell proliferation","1/44","7/7628",0.142857142857143,24.7662337662338,4.79134510743647,0.0397008617730318,0.203464469693906,0.165962258614402,"CD81",1
"GO:0048340","paraxial mesoderm morphogenesis","1/44","7/7628",0.142857142857143,24.7662337662338,4.79134510743647,0.0397008617730318,0.203464469693906,0.165962258614402,"WNT5A",1
"GO:0048841","regulation of axon extension involved in axon guidance","1/44","7/7628",0.142857142857143,24.7662337662338,4.79134510743647,0.0397008617730318,0.203464469693906,0.165962258614402,"WNT5A",1
"GO:0051797","regulation of hair follicle development","1/44","7/7628",0.142857142857143,24.7662337662338,4.79134510743647,0.0397008617730318,0.203464469693906,0.165962258614402,"WNT5A",1
"GO:0051964","negative regulation of synapse assembly","1/44","7/7628",0.142857142857143,24.7662337662338,4.79134510743647,0.0397008617730318,0.203464469693906,0.165962258614402,"WNT5A",1
"GO:0060907","positive regulation of macrophage cytokine production","1/44","7/7628",0.142857142857143,24.7662337662338,4.79134510743647,0.0397008617730318,0.203464469693906,0.165962258614402,"WNT5A",1
"GO:0061525","hindgut development","1/44","7/7628",0.142857142857143,24.7662337662338,4.79134510743647,0.0397008617730318,0.203464469693906,0.165962258614402,"WNT5A",1
"GO:0061687","detoxification of inorganic compound","1/44","7/7628",0.142857142857143,24.7662337662338,4.79134510743647,0.0397008617730318,0.203464469693906,0.165962258614402,"MT2A",1
"GO:0070243","regulation of thymocyte apoptotic process","1/44","7/7628",0.142857142857143,24.7662337662338,4.79134510743647,0.0397008617730318,0.203464469693906,0.165962258614402,"WNT5A",1
"GO:0097501","stress response to metal ion","1/44","7/7628",0.142857142857143,24.7662337662338,4.79134510743647,0.0397008617730318,0.203464469693906,0.165962258614402,"MT2A",1
"GO:0140131","positive regulation of lymphocyte chemotaxis","1/44","7/7628",0.142857142857143,24.7662337662338,4.79134510743647,0.0397008617730318,0.203464469693906,0.165962258614402,"WNT5A",1
"GO:1901569","fatty acid derivative catabolic process","1/44","7/7628",0.142857142857143,24.7662337662338,4.79134510743647,0.0397008617730318,0.203464469693906,0.165962258614402,"NUDT8",1
"GO:1901623","regulation of lymphocyte chemotaxis","1/44","7/7628",0.142857142857143,24.7662337662338,4.79134510743647,0.0397008617730318,0.203464469693906,0.165962258614402,"WNT5A",1
"GO:2000052","positive regulation of non-canonical Wnt signaling pathway","1/44","7/7628",0.142857142857143,24.7662337662338,4.79134510743647,0.0397008617730318,0.203464469693906,0.165962258614402,"WNT5A",1
"GO:2000269","regulation of fibroblast apoptotic process","1/44","7/7628",0.142857142857143,24.7662337662338,4.79134510743647,0.0397008617730318,0.203464469693906,0.165962258614402,"IER3IP1",1
"GO:2000291","regulation of myoblast proliferation","1/44","7/7628",0.142857142857143,24.7662337662338,4.79134510743647,0.0397008617730318,0.203464469693906,0.165962258614402,"MEIS2",1
"GO:0071675","regulation of mononuclear cell migration","2/44","55/7628",0.0363636363636364,6.30413223140496,3.00687765729863,0.0398138686410777,0.203464469693906,0.165962258614402,"CD81/WNT5A",2
"GO:0050714","positive regulation of protein secretion","2/44","56/7628",0.0357142857142857,6.19155844155844,2.96989098019895,0.0411398829570681,0.203464469693906,0.165962258614402,"IER3IP1/TMEM132A",2
"GO:0022409","positive regulation of cell-cell adhesion","3/44","135/7628",0.0222222222222222,3.85252525252525,2.54696258382108,0.0423982946711656,0.203464469693906,0.165962258614402,"CD81/GCNT1/WNT5A",3
"GO:0022604","regulation of cell morphogenesis","3/44","136/7628",0.0220588235294118,3.82419786096257,2.53116081688562,0.0431841822525128,0.203464469693906,0.165962258614402,"CUL7/FN1/WNT5A",3
"GO:0048144","fibroblast proliferation","2/44","58/7628",0.0344827586206897,5.97805642633229,2.89854416001538,0.0438415470643847,0.203464469693906,0.165962258614402,"FN1/WNT5A",2
"GO:0055088","lipid homeostasis","2/44","58/7628",0.0344827586206897,5.97805642633229,2.89854416001538,0.0438415470643847,0.203464469693906,0.165962258614402,"CNBP/TSKU",2
"GO:0001667","ameboidal-type cell migration","3/44","137/7628",0.0218978102189781,3.79628400796284,2.51550806043546,0.0439774345356765,0.203464469693906,0.165962258614402,"FN1/SDC4/WNT5A",3
"GO:2000145","regulation of cell motility","6/44","454/7628",0.013215859030837,2.29114937925511,2.1606169575235,0.0445042998087199,0.203464469693906,0.165962258614402,"CD81/FAT1/FN1/GCNT1/SDC4/WNT5A",6
"GO:0120035","regulation of plasma membrane bounded cell projection organization","5/44","340/7628",0.0147058823529412,2.54946524064171,2.22623580804114,0.0447004419965171,0.203464469693906,0.165962258614402,"CRABP2/CUL7/FN1/TSKU/WNT5A",5
"GO:0030534","adult behavior","2/44","59/7628",0.0338983050847458,5.87673343605547,2.86411083364006,0.0452167464501532,0.203464469693906,0.165962258614402,"NTAN1/USP46",2
"GO:0048675","axon extension","2/44","59/7628",0.0338983050847458,5.87673343605547,2.86411083364006,0.0452167464501532,0.203464469693906,0.165962258614402,"FN1/WNT5A",2
"GO:0098742","cell-cell adhesion via plasma-membrane adhesion molecules","2/44","59/7628",0.0338983050847458,5.87673343605547,2.86411083364006,0.0452167464501532,0.203464469693906,0.165962258614402,"FAT1/PCDHGA11",2
"GO:0002828","regulation of type 2 immune response","1/44","8/7628",0.125,21.6704545454545,4.45524492343369,0.0452451685676762,0.203464469693906,0.165962258614402,"CD81",1
"GO:0006582","melanin metabolic process","1/44","8/7628",0.125,21.6704545454545,4.45524492343369,0.0452451685676762,0.203464469693906,0.165962258614402,"WNT5A",1
"GO:0006782","protoporphyrinogen IX biosynthetic process","1/44","8/7628",0.125,21.6704545454545,4.45524492343369,0.0452451685676762,0.203464469693906,0.165962258614402,"UROS",1
"GO:0007351","tripartite regional subdivision","1/44","8/7628",0.125,21.6704545454545,4.45524492343369,0.0452451685676762,0.203464469693906,0.165962258614402,"WNT5A",1
"GO:0008595","anterior/posterior axis specification, embryo","1/44","8/7628",0.125,21.6704545454545,4.45524492343369,0.0452451685676762,0.203464469693906,0.165962258614402,"WNT5A",1
"GO:0010742","macrophage derived foam cell differentiation","1/44","8/7628",0.125,21.6704545454545,4.45524492343369,0.0452451685676762,0.203464469693906,0.165962258614402,"WNT5A",1
"GO:0010866","regulation of triglyceride biosynthetic process","1/44","8/7628",0.125,21.6704545454545,4.45524492343369,0.0452451685676762,0.203464469693906,0.165962258614402,"CNEP1R1",1
"GO:0015693","magnesium ion transport","1/44","8/7628",0.125,21.6704545454545,4.45524492343369,0.0452451685676762,0.203464469693906,0.165962258614402,"ZDHHC13",1
"GO:0035739","CD4-positive, alpha-beta T cell proliferation","1/44","8/7628",0.125,21.6704545454545,4.45524492343369,0.0452451685676762,0.203464469693906,0.165962258614402,"CD81",1
"GO:0043032","positive regulation of macrophage activation","1/44","8/7628",0.125,21.6704545454545,4.45524492343369,0.0452451685676762,0.203464469693906,0.165962258614402,"WNT5A",1
"GO:0043567","regulation of insulin-like growth factor receptor signaling pathway","1/44","8/7628",0.125,21.6704545454545,4.45524492343369,0.0452451685676762,0.203464469693906,0.165962258614402,"MYORG",1
"GO:0044550","secondary metabolite biosynthetic process","1/44","8/7628",0.125,21.6704545454545,4.45524492343369,0.0452451685676762,0.203464469693906,0.165962258614402,"WNT5A",1
"GO:0045136","development of secondary sexual characteristics","1/44","8/7628",0.125,21.6704545454545,4.45524492343369,0.0452451685676762,0.203464469693906,0.165962258614402,"WNT5A",1
"GO:0046492","heme B metabolic process","1/44","8/7628",0.125,21.6704545454545,4.45524492343369,0.0452451685676762,0.203464469693906,0.165962258614402,"UROS",1
"GO:0048033","heme O metabolic process","1/44","8/7628",0.125,21.6704545454545,4.45524492343369,0.0452451685676762,0.203464469693906,0.165962258614402,"UROS",1
"GO:0048280","vesicle fusion with Golgi apparatus","1/44","8/7628",0.125,21.6704545454545,4.45524492343369,0.0452451685676762,0.203464469693906,0.165962258614402,"YIPF4",1
"GO:0048635","negative regulation of muscle organ development","1/44","8/7628",0.125,21.6704545454545,4.45524492343369,0.0452451685676762,0.203464469693906,0.165962258614402,"SFMBT1",1
"GO:0048820","hair follicle maturation","1/44","8/7628",0.125,21.6704545454545,4.45524492343369,0.0452451685676762,0.203464469693906,0.165962258614402,"WNT5A",1
"GO:0060571","morphogenesis of an epithelial fold","1/44","8/7628",0.125,21.6704545454545,4.45524492343369,0.0452451685676762,0.203464469693906,0.165962258614402,"WNT5A",1
"GO:0090103","cochlea morphogenesis","1/44","8/7628",0.125,21.6704545454545,4.45524492343369,0.0452451685676762,0.203464469693906,0.165962258614402,"WNT5A",1
"GO:0090208","positive regulation of triglyceride metabolic process","1/44","8/7628",0.125,21.6704545454545,4.45524492343369,0.0452451685676762,0.203464469693906,0.165962258614402,"CNEP1R1",1
"GO:1903830","magnesium ion transmembrane transport","1/44","8/7628",0.125,21.6704545454545,4.45524492343369,0.0452451685676762,0.203464469693906,0.165962258614402,"ZDHHC13",1
"GO:1903911","positive regulation of receptor clustering","1/44","8/7628",0.125,21.6704545454545,4.45524492343369,0.0452451685676762,0.203464469693906,0.165962258614402,"CD81",1
"GO:1905809","negative regulation of synapse organization","1/44","8/7628",0.125,21.6704545454545,4.45524492343369,0.0452451685676762,0.203464469693906,0.165962258614402,"WNT5A",1
"GO:2000049","positive regulation of cell-cell adhesion mediated by cadherin","1/44","8/7628",0.125,21.6704545454545,4.45524492343369,0.0452451685676762,0.203464469693906,0.165962258614402,"WNT5A",1
"GO:2000561","regulation of CD4-positive, alpha-beta T cell proliferation","1/44","8/7628",0.125,21.6704545454545,4.45524492343369,0.0452451685676762,0.203464469693906,0.165962258614402,"CD81",1
"GO:0043010","camera-type eye development","3/44","141/7628",0.0212765957446809,3.68858800773694,2.45433559634114,0.0472237072638383,0.211281865181353,0.172338765596336,"FAT1/TSKU/WNT5A",3
"GO:0009306","protein secretion","3/44","142/7628",0.0211267605633803,3.66261203585147,2.4393897851767,0.048053491134481,0.211281865181353,0.172338765596336,"IER3IP1/TANGO2/TMEM132A",3
"GO:0031344","regulation of cell projection organization","5/44","350/7628",0.0142857142857143,2.47662337662338,2.15403018722505,0.0495818230227582,0.211281865181353,0.172338765596336,"CRABP2/CUL7/FN1/TSKU/WNT5A",5
"GO:0035592","establishment of protein localization to extracellular region","3/44","144/7628",0.0208333333333333,3.61174242424242,2.40989848992371,0.0497347706528265,0.211281865181353,0.172338765596336,"IER3IP1/TANGO2/TMEM132A",3
"GO:0071692","protein localization to extracellular region","3/44","145/7628",0.0206896551724138,3.58683385579937,2.39534853328772,0.0505862224161552,0.211281865181353,0.172338765596336,"IER3IP1/TANGO2/TMEM132A",3
"GO:0000492","box C/D snoRNP assembly","1/44","9/7628",0.111111111111111,19.2626262626263,4.17531791338753,0.0507581885916953,0.211281865181353,0.172338765596336,"ZNHIT3",1
"GO:0002724","regulation of T cell cytokine production","1/44","9/7628",0.111111111111111,19.2626262626263,4.17531791338753,0.0507581885916953,0.211281865181353,0.172338765596336,"CD81",1
"GO:0002726","positive regulation of T cell cytokine production","1/44","9/7628",0.111111111111111,19.2626262626263,4.17531791338753,0.0507581885916953,0.211281865181353,0.172338765596336,"CD81",1
"GO:0006953","acute-phase response","1/44","9/7628",0.111111111111111,19.2626262626263,4.17531791338753,0.0507581885916953,0.211281865181353,0.172338765596336,"FN1",1
"GO:0010818","T cell chemotaxis","1/44","9/7628",0.111111111111111,19.2626262626263,4.17531791338753,0.0507581885916953,0.211281865181353,0.172338765596336,"WNT5A",1
"GO:0030903","notochord development","1/44","9/7628",0.111111111111111,19.2626262626263,4.17531791338753,0.0507581885916953,0.211281865181353,0.172338765596336,"WNT5A",1
"GO:0033622","integrin activation","1/44","9/7628",0.111111111111111,19.2626262626263,4.17531791338753,0.0507581885916953,0.211281865181353,0.172338765596336,"FN1",1
"GO:0040037","negative regulation of fibroblast growth factor receptor signaling pathway","1/44","9/7628",0.111111111111111,19.2626262626263,4.17531791338753,0.0507581885916953,0.211281865181353,0.172338765596336,"WNT5A",1
"GO:0046160","heme a metabolic process","1/44","9/7628",0.111111111111111,19.2626262626263,4.17531791338753,0.0507581885916953,0.211281865181353,0.172338765596336,"UROS",1
"GO:0046501","protoporphyrinogen IX metabolic process","1/44","9/7628",0.111111111111111,19.2626262626263,4.17531791338753,0.0507581885916953,0.211281865181353,0.172338765596336,"UROS",1
"GO:0048247","lymphocyte chemotaxis","1/44","9/7628",0.111111111111111,19.2626262626263,4.17531791338753,0.0507581885916953,0.211281865181353,0.172338765596336,"WNT5A",1
"GO:0051446","positive regulation of meiotic cell cycle","1/44","9/7628",0.111111111111111,19.2626262626263,4.17531791338753,0.0507581885916953,0.211281865181353,0.172338765596336,"WNT5A",1
"GO:0051480","regulation of cytosolic calcium ion concentration","1/44","9/7628",0.111111111111111,19.2626262626263,4.17531791338753,0.0507581885916953,0.211281865181353,0.172338765596336,"WNT5A",1
"GO:0062009","secondary palate development","1/44","9/7628",0.111111111111111,19.2626262626263,4.17531791338753,0.0507581885916953,0.211281865181353,0.172338765596336,"WNT5A",1
"GO:0090077","foam cell differentiation","1/44","9/7628",0.111111111111111,19.2626262626263,4.17531791338753,0.0507581885916953,0.211281865181353,0.172338765596336,"WNT5A",1
"GO:1904350","regulation of protein catabolic process in the vacuole","1/44","9/7628",0.111111111111111,19.2626262626263,4.17531791338753,0.0507581885916953,0.211281865181353,0.172338765596336,"CD81",1
"GO:1904996","positive regulation of leukocyte adhesion to vascular endothelial cell","1/44","9/7628",0.111111111111111,19.2626262626263,4.17531791338753,0.0507581885916953,0.211281865181353,0.172338765596336,"GCNT1",1
"GO:0002700","regulation of production of molecular mediator of immune response","2/44","63/7628",0.0317460317460317,5.5036075036075,2.73388594246227,0.050874828382686,0.211281865181353,0.172338765596336,"CD81/WNT5A",2
"GO:0007044","cell-substrate junction assembly","2/44","63/7628",0.0317460317460317,5.5036075036075,2.73388594246227,0.050874828382686,0.211281865181353,0.172338765596336,"FN1/SDC4",2
"GO:0010811","positive regulation of cell-substrate adhesion","2/44","63/7628",0.0317460317460317,5.5036075036075,2.73388594246227,0.050874828382686,0.211281865181353,0.172338765596336,"FN1/SDC4",2
"GO:0040012","regulation of locomotion","6/44","471/7628",0.0127388535031847,2.20845396641575,2.06219203794685,0.0516588304105278,0.21393176661535,0.174500241886291,"CD81/FAT1/FN1/GCNT1/SDC4/WNT5A",6
"GO:0010038","response to metal ion","3/44","147/7628",0.0204081632653061,3.53803339517625,2.36662921546013,0.0523106368553134,0.214279988148466,0.174784279842506,"MT2A/UROS/WNT5A",3
"GO:0010977","negative regulation of neuron projection development","2/44","64/7628",0.03125,5.41761363636364,2.70306199289525,0.0523275823718628,0.214279988148466,0.174784279842506,"TSKU/WNT5A",2
"GO:1902414","protein localization to cell junction","2/44","64/7628",0.03125,5.41761363636364,2.70306199289525,0.0523275823718628,0.214279988148466,0.174784279842506,"ERBB2/WNT5A",2
"GO:1905477","positive regulation of protein localization to membrane","2/44","64/7628",0.03125,5.41761363636364,2.70306199289525,0.0523275823718628,0.214279988148466,0.174784279842506,"CD81/ERBB2",2
"GO:0001822","kidney development","3/44","148/7628",0.0202702702702703,3.51412776412776,2.35245569090132,0.0531835529723577,0.216575246270768,0.176656480048533,"GCNT1/SDC4/WNT5A",3
"GO:0048638","regulation of developmental growth","3/44","148/7628",0.0202702702702703,3.51412776412776,2.35245569090132,0.0531835529723577,0.216575246270768,0.176656480048533,"CRABP2/FN1/WNT5A",3
"GO:0043408","regulation of MAPK cascade","4/44","248/7628",0.0161290322580645,2.79618768328446,2.19029909047024,0.0536634166840172,0.21696836385537,0.176977138895455,"CD81/ERBB2/FN1/WNT5A",4
"GO:0060485","mesenchyme development","3/44","150/7628",0.02,3.46727272727273,2.32447086214107,0.0549506833974408,0.21696836385537,0.176977138895455,"CUL7/FN1/WNT5A",3
"GO:0030326","embryonic limb morphogenesis","2/44","66/7628",0.0303030303030303,5.2534435261708,2.64331153703265,0.0552774742621398,0.21696836385537,0.176977138895455,"CRABP2/WNT5A",2
"GO:0035113","embryonic appendage morphogenesis","2/44","66/7628",0.0303030303030303,5.2534435261708,2.64331153703265,0.0552774742621398,0.21696836385537,0.176977138895455,"CRABP2/WNT5A",2
"GO:0051050","positive regulation of transport","5/44","361/7628",0.0138504155124654,2.40115839838832,2.0773864970113,0.0553072983923102,0.21696836385537,0.176977138895455,"CD81/IER3IP1/SDC4/TMEM132A/WNT5A",5
"GO:0010934","macrophage cytokine production","1/44","10/7628",0.1,17.3363636363636,3.93721342299991,0.0562400943144888,0.21696836385537,0.176977138895455,"WNT5A",1
"GO:0010935","regulation of macrophage cytokine production","1/44","10/7628",0.1,17.3363636363636,3.93721342299991,0.0562400943144888,0.21696836385537,0.176977138895455,"WNT5A",1
"GO:0018342","protein prenylation","1/44","10/7628",0.1,17.3363636363636,3.93721342299991,0.0562400943144888,0.21696836385537,0.176977138895455,"RCE1",1
"GO:0031055","chromatin remodeling at centromere","1/44","10/7628",0.1,17.3363636363636,3.93721342299991,0.0562400943144888,0.21696836385537,0.176977138895455,"MIS18A",1
"GO:0032228","regulation of synaptic transmission, GABAergic","1/44","10/7628",0.1,17.3363636363636,3.93721342299991,0.0562400943144888,0.21696836385537,0.176977138895455,"USP46",1
"GO:0034080","CENP-A containing chromatin assembly","1/44","10/7628",0.1,17.3363636363636,3.93721342299991,0.0562400943144888,0.21696836385537,0.176977138895455,"MIS18A",1
"GO:0042092","type 2 immune response","1/44","10/7628",0.1,17.3363636363636,3.93721342299991,0.0562400943144888,0.21696836385537,0.176977138895455,"CD81",1
"GO:0048846","axon extension involved in axon guidance","1/44","10/7628",0.1,17.3363636363636,3.93721342299991,0.0562400943144888,0.21696836385537,0.176977138895455,"WNT5A",1
"GO:0050901","leukocyte tethering or rolling","1/44","10/7628",0.1,17.3363636363636,3.93721342299991,0.0562400943144888,0.21696836385537,0.176977138895455,"GCNT1",1
"GO:0071276","cellular response to cadmium ion","1/44","10/7628",0.1,17.3363636363636,3.93721342299991,0.0562400943144888,0.21696836385537,0.176977138895455,"MT2A",1
"GO:0097354","prenylation","1/44","10/7628",0.1,17.3363636363636,3.93721342299991,0.0562400943144888,0.21696836385537,0.176977138895455,"RCE1",1
"GO:1902284","neuron projection extension involved in neuron projection guidance","1/44","10/7628",0.1,17.3363636363636,3.93721342299991,0.0562400943144888,0.21696836385537,0.176977138895455,"WNT5A",1
"GO:1903909","regulation of receptor clustering","1/44","10/7628",0.1,17.3363636363636,3.93721342299991,0.0562400943144888,0.21696836385537,0.176977138895455,"CD81",1
"GO:1904754","positive regulation of vascular associated smooth muscle cell migration","1/44","10/7628",0.1,17.3363636363636,3.93721342299991,0.0562400943144888,0.21696836385537,0.176977138895455,"FAT1",1
"GO:1904994","regulation of leukocyte adhesion to vascular endothelial cell","1/44","10/7628",0.1,17.3363636363636,3.93721342299991,0.0562400943144888,0.21696836385537,0.176977138895455,"GCNT1",1
"GO:0072001","renal system development","3/44","152/7628",0.0197368421052632,3.42165071770335,2.29695612976278,0.0567460470939143,0.218345682518841,0.178100592619662,"GCNT1/SDC4/WNT5A",3
"GO:0016049","cell growth","4/44","255/7628",0.0156862745098039,2.71942959001783,2.12709270849007,0.0583238872813487,0.223306394983752,0.182146955339658,"CRABP2/ERBB2/FN1/WNT5A",4
"GO:0035295","tube development","6/44","487/7628",0.0123203285420945,2.13589695725219,1.97323108999159,0.0590143867081881,0.223306394983752,0.182146955339658,"CUL7/ERBB2/FN1/SDC4/UNC5B/WNT5A",6
"GO:0001704","formation of primary germ layer","2/44","69/7628",0.0289855072463768,5.02503293807642,2.55809023959434,0.0598101349396078,0.223306394983752,0.182146955339658,"FN1/WNT5A",2
"GO:0002274","myeloid leukocyte activation","2/44","69/7628",0.0289855072463768,5.02503293807642,2.55809023959434,0.0598101349396078,0.223306394983752,0.182146955339658,"FN1/WNT5A",2
"GO:0150115","cell-substrate junction organization","2/44","69/7628",0.0289855072463768,5.02503293807642,2.55809023959434,0.0598101349396078,0.223306394983752,0.182146955339658,"FN1/SDC4",2
"GO:0006612","protein targeting to membrane","2/44","70/7628",0.0285714285714286,4.95324675324675,2.53077507424074,0.0613489508225656,0.223306394983752,0.182146955339658,"ERBB2/ZDHHC13",2
"GO:0043410","positive regulation of MAPK cascade","3/44","157/7628",0.0191082802547771,3.31268094962362,2.23013025836536,0.061356630775177,0.223306394983752,0.182146955339658,"CD81/ERBB2/WNT5A",3
"GO:0050863","regulation of T cell activation","3/44","157/7628",0.0191082802547771,3.31268094962362,2.23013025836536,0.061356630775177,0.223306394983752,0.182146955339658,"CD81/ERBB2/SDC4",3
"GO:0000491","small nucleolar ribonucleoprotein complex assembly","1/44","11/7628",0.0909090909090909,15.7603305785124,3.73125128716036,0.0616910572772302,0.223306394983752,0.182146955339658,"ZNHIT3",1
"GO:0002053","positive regulation of mesenchymal cell proliferation","1/44","11/7628",0.0909090909090909,15.7603305785124,3.73125128716036,0.0616910572772302,0.223306394983752,0.182146955339658,"WNT5A",1
"GO:0002455","humoral immune response mediated by circulating immunoglobulin","1/44","11/7628",0.0909090909090909,15.7603305785124,3.73125128716036,0.0616910572772302,0.223306394983752,0.182146955339658,"CD81",1
"GO:0003416","endochondral bone growth","1/44","11/7628",0.0909090909090909,15.7603305785124,3.73125128716036,0.0616910572772302,0.223306394983752,0.182146955339658,"TSKU",1
"GO:0033081","regulation of T cell differentiation in thymus","1/44","11/7628",0.0909090909090909,15.7603305785124,3.73125128716036,0.0616910572772302,0.223306394983752,0.182146955339658,"ERBB2",1
"GO:0035025","positive regulation of Rho protein signal transduction","1/44","11/7628",0.0909090909090909,15.7603305785124,3.73125128716036,0.0616910572772302,0.223306394983752,0.182146955339658,"ERBB2",1
"GO:0038128","ERBB2 signaling pathway","1/44","11/7628",0.0909090909090909,15.7603305785124,3.73125128716036,0.0616910572772302,0.223306394983752,0.182146955339658,"ERBB2",1
"GO:0048670","regulation of collateral sprouting","1/44","11/7628",0.0909090909090909,15.7603305785124,3.73125128716036,0.0616910572772302,0.223306394983752,0.182146955339658,"CRABP2",1
"GO:0051450","myoblast proliferation","1/44","11/7628",0.0909090909090909,15.7603305785124,3.73125128716036,0.0616910572772302,0.223306394983752,0.182146955339658,"MEIS2",1
"GO:0060340","positive regulation of type I interferon-mediated signaling pathway","1/44","11/7628",0.0909090909090909,15.7603305785124,3.73125128716036,0.0616910572772302,0.223306394983752,0.182146955339658,"WNT5A",1
"GO:0071280","cellular response to copper ion","1/44","11/7628",0.0909090909090909,15.7603305785124,3.73125128716036,0.0616910572772302,0.223306394983752,0.182146955339658,"MT2A",1
"GO:0098868","bone growth","1/44","11/7628",0.0909090909090909,15.7603305785124,3.73125128716036,0.0616910572772302,0.223306394983752,0.182146955339658,"TSKU",1
"GO:1903543","positive regulation of exosomal secretion","1/44","11/7628",0.0909090909090909,15.7603305785124,3.73125128716036,0.0616910572772302,0.223306394983752,0.182146955339658,"SDC4",1
"GO:2000108","positive regulation of leukocyte apoptotic process","1/44","11/7628",0.0909090909090909,15.7603305785124,3.73125128716036,0.0616910572772302,0.223306394983752,0.182146955339658,"WNT5A",1
"GO:0071674","mononuclear cell migration","2/44","73/7628",0.0273972602739726,4.74968866749689,2.45184750445496,0.0660463587945949,0.232588864565681,0.189718496551026,"CD81/WNT5A",2
"GO:0002691","regulation of cellular extravasation","1/44","12/7628",0.0833333333333333,14.4469696969697,3.55063173812017,0.0671112480977375,0.232588864565681,0.189718496551026,"GCNT1",1
"GO:0003283","atrial septum development","1/44","12/7628",0.0833333333333333,14.4469696969697,3.55063173812017,0.0671112480977375,0.232588864565681,0.189718496551026,"WNT5A",1
"GO:0006878","intracellular copper ion homeostasis","1/44","12/7628",0.0833333333333333,14.4469696969697,3.55063173812017,0.0671112480977375,0.232588864565681,0.189718496551026,"MT2A",1
"GO:0032731","positive regulation of interleukin-1 beta production","1/44","12/7628",0.0833333333333333,14.4469696969697,3.55063173812017,0.0671112480977375,0.232588864565681,0.189718496551026,"WNT5A",1
"GO:0044346","fibroblast apoptotic process","1/44","12/7628",0.0833333333333333,14.4469696969697,3.55063173812017,0.0671112480977375,0.232588864565681,0.189718496551026,"IER3IP1",1
"GO:0048339","paraxial mesoderm development","1/44","12/7628",0.0833333333333333,14.4469696969697,3.55063173812017,0.0671112480977375,0.232588864565681,0.189718496551026,"WNT5A",1
"GO:0060065","uterus development","1/44","12/7628",0.0833333333333333,14.4469696969697,3.55063173812017,0.0671112480977375,0.232588864565681,0.189718496551026,"WNT5A",1
"GO:0060512","prostate gland morphogenesis","1/44","12/7628",0.0833333333333333,14.4469696969697,3.55063173812017,0.0671112480977375,0.232588864565681,0.189718496551026,"WNT5A",1
"GO:0060602","branch elongation of an epithelium","1/44","12/7628",0.0833333333333333,14.4469696969697,3.55063173812017,0.0671112480977375,0.232588864565681,0.189718496551026,"WNT5A",1
"GO:0060740","prostate gland epithelium morphogenesis","1/44","12/7628",0.0833333333333333,14.4469696969697,3.55063173812017,0.0671112480977375,0.232588864565681,0.189718496551026,"WNT5A",1
"GO:0071243","cellular response to arsenic-containing substance","1/44","12/7628",0.0833333333333333,14.4469696969697,3.55063173812017,0.0671112480977375,0.232588864565681,0.189718496551026,"UROS",1
"GO:0071404","cellular response to low-density lipoprotein particle stimulus","1/44","12/7628",0.0833333333333333,14.4469696969697,3.55063173812017,0.0671112480977375,0.232588864565681,0.189718496551026,"CD81",1
"GO:1903541","regulation of exosomal secretion","1/44","12/7628",0.0833333333333333,14.4469696969697,3.55063173812017,0.0671112480977375,0.232588864565681,0.189718496551026,"SDC4",1
"GO:2000047","regulation of cell-cell adhesion mediated by cadherin","1/44","12/7628",0.0833333333333333,14.4469696969697,3.55063173812017,0.0671112480977375,0.232588864565681,0.189718496551026,"WNT5A",1
"GO:2000050","regulation of non-canonical Wnt signaling pathway","1/44","12/7628",0.0833333333333333,14.4469696969697,3.55063173812017,0.0671112480977375,0.232588864565681,0.189718496551026,"WNT5A",1
"GO:0048639","positive regulation of developmental growth","2/44","74/7628",0.027027027027027,4.68550368550369,2.42648867512454,0.0676384870060465,0.233312992825563,0.190309154771192,"CRABP2/FN1",2
"GO:0071248","cellular response to metal ion","2/44","74/7628",0.027027027027027,4.68550368550369,2.42648867512454,0.0676384870060465,0.233312992825563,0.190309154771192,"MT2A/WNT5A",2
"GO:0045321","leukocyte activation","5/44","383/7628",0.0130548302872063,2.26323285070021,1.93204684587828,0.0678822314120817,0.233604110915755,0.190546614490054,"CD81/ERBB2/FN1/SDC4/WNT5A",5
"GO:0022603","regulation of anatomical structure morphogenesis","5/44","384/7628",0.0130208333333333,2.25733901515152,1.92567429188139,0.0684894174260045,0.235141653270545,0.191800759758267,"CRABP2/CUL7/ERBB2/FN1/WNT5A",5
"GO:0070201","regulation of establishment of protein localization","4/44","271/7628",0.014760147601476,2.55887286145589,1.99021049983634,0.0697747024506339,0.238309924378531,0.194385060741015,"CD81/ERBB2/IER3IP1/TMEM132A",4
"GO:0048646","anatomical structure formation involved in morphogenesis","6/44","509/7628",0.0117878192534381,2.04357921057332,1.85621750000854,0.0701260912584162,0.238309924378531,0.194385060741015,"CD81/ERBB2/FN1/SDC4/UNC5B/WNT5A",6
"GO:0016331","morphogenesis of embryonic epithelium","2/44","76/7628",0.0263157894736842,4.5622009569378,2.37710448115744,0.0708610598636408,0.238309924378531,0.194385060741015,"SDC4/WNT5A",2
"GO:0022408","negative regulation of cell-cell adhesion","2/44","76/7628",0.0263157894736842,4.5622009569378,2.37710448115744,0.0708610598636408,0.238309924378531,0.194385060741015,"ERBB2/SDC4",2
"GO:0035265","organ growth","2/44","76/7628",0.0263157894736842,4.5622009569378,2.37710448115744,0.0708610598636408,0.238309924378531,0.194385060741015,"IER3IP1/TSKU",2
"GO:0001736","establishment of planar polarity","1/44","13/7628",0.0769230769230769,13.3356643356643,3.39041854525016,0.072500836475324,0.238309924378531,0.194385060741015,"WNT5A",1
"GO:0002063","chondrocyte development","1/44","13/7628",0.0769230769230769,13.3356643356643,3.39041854525016,0.072500836475324,0.238309924378531,0.194385060741015,"TSKU",1
"GO:0003156","regulation of animal organ formation","1/44","13/7628",0.0769230769230769,13.3356643356643,3.39041854525016,0.072500836475324,0.238309924378531,0.194385060741015,"WNT5A",1
"GO:0003323","type B pancreatic cell development","1/44","13/7628",0.0769230769230769,13.3356643356643,3.39041854525016,0.072500836475324,0.238309924378531,0.194385060741015,"WNT5A",1
"GO:0007164","establishment of tissue polarity","1/44","13/7628",0.0769230769230769,13.3356643356643,3.39041854525016,0.072500836475324,0.238309924378531,0.194385060741015,"WNT5A",1
"GO:0022038","corpus callosum development","1/44","13/7628",0.0769230769230769,13.3356643356643,3.39041854525016,0.072500836475324,0.238309924378531,0.194385060741015,"TSKU",1
"GO:0030517","negative regulation of axon extension","1/44","13/7628",0.0769230769230769,13.3356643356643,3.39041854525016,0.072500836475324,0.238309924378531,0.194385060741015,"WNT5A",1
"GO:0040020","regulation of meiotic nuclear division","1/44","13/7628",0.0769230769230769,13.3356643356643,3.39041854525016,0.072500836475324,0.238309924378531,0.194385060741015,"WNT5A",1
"GO:0046189","phenol-containing compound biosynthetic process","1/44","13/7628",0.0769230769230769,13.3356643356643,3.39041854525016,0.072500836475324,0.238309924378531,0.194385060741015,"WNT5A",1
"GO:0055094","response to lipoprotein particle","1/44","13/7628",0.0769230769230769,13.3356643356643,3.39041854525016,0.072500836475324,0.238309924378531,0.194385060741015,"CD81",1
"GO:0060444","branching involved in mammary gland duct morphogenesis","1/44","13/7628",0.0769230769230769,13.3356643356643,3.39041854525016,0.072500836475324,0.238309924378531,0.194385060741015,"WNT5A",1
"GO:0070242","thymocyte apoptotic process","1/44","13/7628",0.0769230769230769,13.3356643356643,3.39041854525016,0.072500836475324,0.238309924378531,0.194385060741015,"WNT5A",1
"GO:0090314","positive regulation of protein targeting to membrane","1/44","13/7628",0.0769230769230769,13.3356643356643,3.39041854525016,0.072500836475324,0.238309924378531,0.194385060741015,"ERBB2",1
"GO:2000767","positive regulation of cytoplasmic translation","1/44","13/7628",0.0769230769230769,13.3356643356643,3.39041854525016,0.072500836475324,0.238309924378531,0.194385060741015,"CNBP",1
"GO:0051093","negative regulation of developmental process","5/44","393/7628",0.0127226463104326,2.20564422854499,1.86917613833508,0.0740928525299426,0.242998035366657,0.198209067406134,"ERBB2/MEIS2/SFMBT1/TSKU/WNT5A",5
"GO:0002682","regulation of immune system process","7/44","648/7628",0.0108024691358025,1.87275533108866,1.76891250133595,0.0754925968924236,0.245468273317816,0.200223995468542,"CD81/ERBB2/FN1/GCNT1/MEIS2/SDC4/WNT5A",7
"GO:0048729","tissue morphogenesis","4/44","279/7628",0.014336917562724,2.48550016291952,1.92537235136218,0.0759107050944391,0.245468273317816,0.200223995468542,"FAT1/GCNT1/SDC4/WNT5A",4
"GO:0001817","regulation of cytokine production","4/44","281/7628",0.0142348754448399,2.46780977030087,1.90951011613574,0.0774868337128455,0.245468273317816,0.200223995468542,"CD81/FN1/TSKU/WNT5A",4
"GO:0040011","locomotion","6/44","523/7628",0.011472275334608,1.9888753693725,1.7846966659126,0.0778019840382666,0.245468273317816,0.200223995468542,"CD81/FAT1/FN1/GCNT1/SDC4/WNT5A",6
"GO:0006882","intracellular zinc ion homeostasis","1/44","14/7628",0.0714285714285714,12.3831168831169,3.24692925447598,0.0778599911956238,0.245468273317816,0.200223995468542,"MT2A",1
"GO:0014850","response to muscle activity","1/44","14/7628",0.0714285714285714,12.3831168831169,3.24692925447598,0.0778599911956238,0.245468273317816,0.200223995468542,"FN1",1
"GO:0015936","coenzyme A metabolic process","1/44","14/7628",0.0714285714285714,12.3831168831169,3.24692925447598,0.0778599911956238,0.245468273317816,0.200223995468542,"NUDT8",1
"GO:0021952","central nervous system projection neuron axonogenesis","1/44","14/7628",0.0714285714285714,12.3831168831169,3.24692925447598,0.0778599911956238,0.245468273317816,0.200223995468542,"TSKU",1
"GO:0030890","positive regulation of B cell proliferation","1/44","14/7628",0.0714285714285714,12.3831168831169,3.24692925447598,0.0778599911956238,0.245468273317816,0.200223995468542,"CD81",1
"GO:0035115","embryonic forelimb morphogenesis","1/44","14/7628",0.0714285714285714,12.3831168831169,3.24692925447598,0.0778599911956238,0.245468273317816,0.200223995468542,"CRABP2",1
"GO:0040036","regulation of fibroblast growth factor receptor signaling pathway","1/44","14/7628",0.0714285714285714,12.3831168831169,3.24692925447598,0.0778599911956238,0.245468273317816,0.200223995468542,"WNT5A",1
"GO:0050922","negative regulation of chemotaxis","1/44","14/7628",0.0714285714285714,12.3831168831169,3.24692925447598,0.0778599911956238,0.245468273317816,0.200223995468542,"WNT5A",1
"GO:0060351","cartilage development involved in endochondral bone morphogenesis","1/44","14/7628",0.0714285714285714,12.3831168831169,3.24692925447598,0.0778599911956238,0.245468273317816,0.200223995468542,"TSKU",1
"GO:2000516","positive regulation of CD4-positive, alpha-beta T cell activation","1/44","14/7628",0.0714285714285714,12.3831168831169,3.24692925447598,0.0778599911956238,0.245468273317816,0.200223995468542,"CD81",1
"GO:0001816","cytokine production","4/44","282/7628",0.0141843971631206,2.45905867182463,1.90162946313606,0.0782811702595822,0.246266514164265,0.200875105974442,"CD81/FN1/TSKU/WNT5A",4
"GO:0035107","appendage morphogenesis","2/44","81/7628",0.0246913580246914,4.28058361391695,2.26079141340729,0.0791321095485922,0.246872263721628,0.201369204845099,"CRABP2/WNT5A",2
"GO:0035108","limb morphogenesis","2/44","81/7628",0.0246913580246914,4.28058361391695,2.26079141340729,0.0791321095485922,0.246872263721628,0.201369204845099,"CRABP2/WNT5A",2
"GO:0045596","negative regulation of cell differentiation","4/44","284/7628",0.0140845070422535,2.44174135723431,1.88596766226669,0.0798823425556636,0.246872263721628,0.201369204845099,"ERBB2/MEIS2/TSKU/WNT5A",4
"GO:0030177","positive regulation of Wnt signaling pathway","2/44","82/7628",0.024390243902439,4.22838137472284,2.23865623036411,0.0808216164898599,0.246872263721628,0.201369204845099,"TMEM132A/WNT5A",2
"GO:0050679","positive regulation of epithelial cell proliferation","2/44","83/7628",0.0240963855421687,4.17743702081051,2.21687101262543,0.0825224618844545,0.246872263721628,0.201369204845099,"ERBB2/WNT5A",2
"GO:0051216","cartilage development","2/44","83/7628",0.0240963855421687,4.17743702081051,2.21687101262543,0.0825224618844545,0.246872263721628,0.201369204845099,"TSKU/WNT5A",2
"GO:0000578","embryonic axis specification","1/44","15/7628",0.0666666666666667,11.5575757575758,3.11735290707476,0.0831888801353918,0.246872263721628,0.201369204845099,"WNT5A",1
"GO:0001702","gastrulation with mouth forming second","1/44","15/7628",0.0666666666666667,11.5575757575758,3.11735290707476,0.0831888801353918,0.246872263721628,0.201369204845099,"WNT5A",1
"GO:0003309","type B pancreatic cell differentiation","1/44","15/7628",0.0666666666666667,11.5575757575758,3.11735290707476,0.0831888801353918,0.246872263721628,0.201369204845099,"WNT5A",1
"GO:0021772","olfactory bulb development","1/44","15/7628",0.0666666666666667,11.5575757575758,3.11735290707476,0.0831888801353918,0.246872263721628,0.201369204845099,"WNT5A",1
"GO:0032729","positive regulation of type II interferon production","1/44","15/7628",0.0666666666666667,11.5575757575758,3.11735290707476,0.0831888801353918,0.246872263721628,0.201369204845099,"WNT5A",1
"GO:0035136","forelimb morphogenesis","1/44","15/7628",0.0666666666666667,11.5575757575758,3.11735290707476,0.0831888801353918,0.246872263721628,0.201369204845099,"CRABP2",1
"GO:0046633","alpha-beta T cell proliferation","1/44","15/7628",0.0666666666666667,11.5575757575758,3.11735290707476,0.0831888801353918,0.246872263721628,0.201369204845099,"CD81",1
"GO:0046640","regulation of alpha-beta T cell proliferation","1/44","15/7628",0.0666666666666667,11.5575757575758,3.11735290707476,0.0831888801353918,0.246872263721628,0.201369204845099,"CD81",1
"GO:0046688","response to copper ion","1/44","15/7628",0.0666666666666667,11.5575757575758,3.11735290707476,0.0831888801353918,0.246872263721628,0.201369204845099,"MT2A",1
"GO:0055070","copper ion homeostasis","1/44","15/7628",0.0666666666666667,11.5575757575758,3.11735290707476,0.0831888801353918,0.246872263721628,0.201369204845099,"MT2A",1
"GO:0061036","positive regulation of cartilage development","1/44","15/7628",0.0666666666666667,11.5575757575758,3.11735290707476,0.0831888801353918,0.246872263721628,0.201369204845099,"WNT5A",1
"GO:0070232","regulation of T cell apoptotic process","1/44","15/7628",0.0666666666666667,11.5575757575758,3.11735290707476,0.0831888801353918,0.246872263721628,0.201369204845099,"WNT5A",1
"GO:0071402","cellular response to lipoprotein particle stimulus","1/44","15/7628",0.0666666666666667,11.5575757575758,3.11735290707476,0.0831888801353918,0.246872263721628,0.201369204845099,"CD81",1
"GO:0097734","extracellular exosome biogenesis","1/44","15/7628",0.0666666666666667,11.5575757575758,3.11735290707476,0.0831888801353918,0.246872263721628,0.201369204845099,"SDC4",1
"GO:1901099","negative regulation of signal transduction in absence of ligand","1/44","15/7628",0.0666666666666667,11.5575757575758,3.11735290707476,0.0831888801353918,0.246872263721628,0.201369204845099,"UNC5B",1
"GO:1904861","excitatory synapse assembly","1/44","15/7628",0.0666666666666667,11.5575757575758,3.11735290707476,0.0831888801353918,0.246872263721628,0.201369204845099,"WNT5A",1
"GO:1905521","regulation of macrophage migration","1/44","15/7628",0.0666666666666667,11.5575757575758,3.11735290707476,0.0831888801353918,0.246872263721628,0.201369204845099,"CD81",1
"GO:1990182","exosomal secretion","1/44","15/7628",0.0666666666666667,11.5575757575758,3.11735290707476,0.0831888801353918,0.246872263721628,0.201369204845099,"SDC4",1
"GO:2001240","negative regulation of extrinsic apoptotic signaling pathway in absence of ligand","1/44","15/7628",0.0666666666666667,11.5575757575758,3.11735290707476,0.0831888801353918,0.246872263721628,0.201369204845099,"UNC5B",1
"GO:0009887","animal organ morphogenesis","5/44","408/7628",0.0122549019607843,2.12455436720143,1.77826298454209,0.0839836305720053,0.248727277613252,0.202882305858156,"FAT1/GCNT1/MEIS2/TSKU/WNT5A",5
"GO:0030111","regulation of Wnt signaling pathway","3/44","180/7628",0.0166666666666667,2.88939393939394,1.95385794756498,0.0847217363764945,0.2504073901773,0.204252743046897,"TMEM132A/TSKU/WNT5A",3
"GO:0002440","production of molecular mediator of immune response","2/44","85/7628",0.0235294117647059,4.07914438502674,2.17431024544919,0.0859574503432656,0.250914747798508,0.204666585408993,"CD81/WNT5A",2
"GO:0003401","axis elongation","1/44","16/7628",0.0625,10.8352272727273,2.99950127482598,0.0884876702672772,0.250914747798508,0.204666585408993,"WNT5A",1
"GO:0010464","regulation of mesenchymal cell proliferation","1/44","16/7628",0.0625,10.8352272727273,2.99950127482598,0.0884876702672772,0.250914747798508,0.204666585408993,"WNT5A",1
"GO:0014075","response to amine","1/44","16/7628",0.0625,10.8352272727273,2.99950127482598,0.0884876702672772,0.250914747798508,0.204666585408993,"UROS",1
"GO:0019432","triglyceride biosynthetic process","1/44","16/7628",0.0625,10.8352272727273,2.99950127482598,0.0884876702672772,0.250914747798508,0.204666585408993,"CNEP1R1",1
"GO:0031295","T cell costimulation","1/44","16/7628",0.0625,10.8352272727273,2.99950127482598,0.0884876702672772,0.250914747798508,0.204666585408993,"CD81",1
"GO:0032722","positive regulation of chemokine production","1/44","16/7628",0.0625,10.8352272727273,2.99950127482598,0.0884876702672772,0.250914747798508,0.204666585408993,"WNT5A",1
"GO:0032732","positive regulation of interleukin-1 production","1/44","16/7628",0.0625,10.8352272727273,2.99950127482598,0.0884876702672772,0.250914747798508,0.204666585408993,"WNT5A",1
"GO:0032757","positive regulation of interleukin-8 production","1/44","16/7628",0.0625,10.8352272727273,2.99950127482598,0.0884876702672772,0.250914747798508,0.204666585408993,"WNT5A",1
"GO:0044331","cell-cell adhesion mediated by cadherin","1/44","16/7628",0.0625,10.8352272727273,2.99950127482598,0.0884876702672772,0.250914747798508,0.204666585408993,"WNT5A",1
"GO:0048048","embryonic eye morphogenesis","1/44","16/7628",0.0625,10.8352272727273,2.99950127482598,0.0884876702672772,0.250914747798508,0.204666585408993,"WNT5A",1
"GO:0048483","autonomic nervous system development","1/44","16/7628",0.0625,10.8352272727273,2.99950127482598,0.0884876702672772,0.250914747798508,0.204666585408993,"FN1",1
"GO:0048741","skeletal muscle fiber development","1/44","16/7628",0.0625,10.8352272727273,2.99950127482598,0.0884876702672772,0.250914747798508,0.204666585408993,"MYORG",1
"GO:0051894","positive regulation of focal adhesion assembly","1/44","16/7628",0.0625,10.8352272727273,2.99950127482598,0.0884876702672772,0.250914747798508,0.204666585408993,"SDC4",1
"GO:0051932","synaptic transmission, GABAergic","1/44","16/7628",0.0625,10.8352272727273,2.99950127482598,0.0884876702672772,0.250914747798508,0.204666585408993,"USP46",1
"GO:0070861","regulation of protein exit from endoplasmic reticulum","1/44","16/7628",0.0625,10.8352272727273,2.99950127482598,0.0884876702672772,0.250914747798508,0.204666585408993,"CD81",1
"GO:0090313","regulation of protein targeting to membrane","1/44","16/7628",0.0625,10.8352272727273,2.99950127482598,0.0884876702672772,0.250914747798508,0.204666585408993,"ERBB2",1
"GO:0099054","presynapse assembly","1/44","16/7628",0.0625,10.8352272727273,2.99950127482598,0.0884876702672772,0.250914747798508,0.204666585408993,"WNT5A",1
"GO:0099633","protein localization to postsynaptic specialization membrane","1/44","16/7628",0.0625,10.8352272727273,2.99950127482598,0.0884876702672772,0.250914747798508,0.204666585408993,"ERBB2",1
"GO:0099645","neurotransmitter receptor localization to postsynaptic specialization membrane","1/44","16/7628",0.0625,10.8352272727273,2.99950127482598,0.0884876702672772,0.250914747798508,0.204666585408993,"ERBB2",1
"GO:0140112","extracellular vesicle biogenesis","1/44","16/7628",0.0625,10.8352272727273,2.99950127482598,0.0884876702672772,0.250914747798508,0.204666585408993,"SDC4",1
"GO:0021953","central nervous system neuron differentiation","2/44","88/7628",0.0227272727272727,3.9400826446281,2.11285284640401,0.0911905279216337,0.255003839622019,0.20800198306212,"TSKU/WNT5A",2
"GO:0030178","negative regulation of Wnt signaling pathway","2/44","88/7628",0.0227272727272727,3.9400826446281,2.11285284640401,0.0911905279216337,0.255003839622019,0.20800198306212,"TSKU/WNT5A",2
"GO:1990138","neuron projection extension","2/44","88/7628",0.0227272727272727,3.9400826446281,2.11285284640401,0.0911905279216337,0.255003839622019,0.20800198306212,"FN1/WNT5A",2
"GO:0045595","regulation of cell differentiation","7/44","679/7628",0.0103092783505155,1.78725398313027,1.63697726278876,0.0917545646662326,0.255003839622019,0.20800198306212,"CRABP2/CUL7/ERBB2/FN1/MEIS2/TSKU/WNT5A",7
"GO:0048598","embryonic morphogenesis","4/44","300/7628",0.0133333333333333,2.31151515151515,1.76520544544463,0.0932827002663545,0.255003839622019,0.20800198306212,"CRABP2/FN1/SDC4/WNT5A",4
"GO:0000463","maturation of LSU-rRNA from tricistronic rRNA transcript (SSU-rRNA, 5.8S rRNA, LSU-rRNA)","1/44","17/7628",0.0588235294117647,10.1978609625668,2.89164176881925,0.093756527664576,0.255003839622019,0.20800198306212,"ZNHIT3",1
"GO:0001662","behavioral fear response","1/44","17/7628",0.0588235294117647,10.1978609625668,2.89164176881925,0.093756527664576,0.255003839622019,0.20800198306212,"USP46",1
"GO:0007039","protein catabolic process in the vacuole","1/44","17/7628",0.0588235294117647,10.1978609625668,2.89164176881925,0.093756527664576,0.255003839622019,0.20800198306212,"CD81",1
"GO:0007520","myoblast fusion","1/44","17/7628",0.0588235294117647,10.1978609625668,2.89164176881925,0.093756527664576,0.255003839622019,0.20800198306212,"CD81",1
"GO:0014904","myotube cell development","1/44","17/7628",0.0588235294117647,10.1978609625668,2.89164176881925,0.093756527664576,0.255003839622019,0.20800198306212,"MYORG",1
"GO:0016266","O-glycan processing","1/44","17/7628",0.0588235294117647,10.1978609625668,2.89164176881925,0.093756527664576,0.255003839622019,0.20800198306212,"GCNT1",1
"GO:0031076","embryonic camera-type eye development","1/44","17/7628",0.0588235294117647,10.1978609625668,2.89164176881925,0.093756527664576,0.255003839622019,0.20800198306212,"WNT5A",1
"GO:0031294","lymphocyte costimulation","1/44","17/7628",0.0588235294117647,10.1978609625668,2.89164176881925,0.093756527664576,0.255003839622019,0.20800198306212,"CD81",1
"GO:0035883","enteroendocrine cell differentiation","1/44","17/7628",0.0588235294117647,10.1978609625668,2.89164176881925,0.093756527664576,0.255003839622019,0.20800198306212,"WNT5A",1
"GO:0043030","regulation of macrophage activation","1/44","17/7628",0.0588235294117647,10.1978609625668,2.89164176881925,0.093756527664576,0.255003839622019,0.20800198306212,"WNT5A",1
"GO:0048806","genitalia development","1/44","17/7628",0.0588235294117647,10.1978609625668,2.89164176881925,0.093756527664576,0.255003839622019,0.20800198306212,"WNT5A",1
"GO:0060603","mammary gland duct morphogenesis","1/44","17/7628",0.0588235294117647,10.1978609625668,2.89164176881925,0.093756527664576,0.255003839622019,0.20800198306212,"WNT5A",1
"GO:0061756","leukocyte adhesion to vascular endothelial cell","1/44","17/7628",0.0588235294117647,10.1978609625668,2.89164176881925,0.093756527664576,0.255003839622019,0.20800198306212,"GCNT1",1
"GO:0090207","regulation of triglyceride metabolic process","1/44","17/7628",0.0588235294117647,10.1978609625668,2.89164176881925,0.093756527664576,0.255003839622019,0.20800198306212,"CNEP1R1",1
"GO:0099170","postsynaptic modulation of chemical synaptic transmission","1/44","17/7628",0.0588235294117647,10.1978609625668,2.89164176881925,0.093756527664576,0.255003839622019,0.20800198306212,"WNT5A",1
"GO:2000178","negative regulation of neural precursor cell proliferation","1/44","17/7628",0.0588235294117647,10.1978609625668,2.89164176881925,0.093756527664576,0.255003839622019,0.20800198306212,"WNT5A",1
"GO:0051783","regulation of nuclear division","2/44","91/7628",0.021978021978022,3.81018981018981,2.0540506216156,0.096516165753436,0.26202351665655,0.213727805645036,"CUL7/WNT5A",2
"GO:0002699","positive regulation of immune effector process","2/44","92/7628",0.0217391304347826,3.76877470355731,2.03500338751515,0.098311155991655,0.262912274028505,0.214452748830604,"CD81/WNT5A",2
"GO:0002068","glandular epithelial cell development","1/44","18/7628",0.0555555555555556,9.63131313131313,2.79238210328926,0.0989956175059583,0.262912274028505,0.214452748830604,"WNT5A",1
"GO:0002209","behavioral defense response","1/44","18/7628",0.0555555555555556,9.63131313131313,2.79238210328926,0.0989956175059583,0.262912274028505,0.214452748830604,"USP46",1
"GO:0006929","substrate-dependent cell migration","1/44","18/7628",0.0555555555555556,9.63131313131313,2.79238210328926,0.0989956175059583,0.262912274028505,0.214452748830604,"FN1",1
"GO:0008542","visual learning","1/44","18/7628",0.0555555555555556,9.63131313131313,2.79238210328926,0.0989956175059583,0.262912274028505,0.214452748830604,"MEIS2",1
"GO:0021591","ventricular system development","1/44","18/7628",0.0555555555555556,9.63131313131313,2.79238210328926,0.0989956175059583,0.262912274028505,0.214452748830604,"TSKU",1
"GO:0042026","protein refolding","1/44","18/7628",0.0555555555555556,9.63131313131313,2.79238210328926,0.0989956175059583,0.262912274028505,0.214452748830604,"HSPA6",1
"GO:0048668","collateral sprouting","1/44","18/7628",0.0555555555555556,9.63131313131313,2.79238210328926,0.0989956175059583,0.262912274028505,0.214452748830604,"CRABP2",1
"GO:1902473","regulation of protein localization to synapse","1/44","18/7628",0.0555555555555556,9.63131313131313,2.79238210328926,0.0989956175059583,0.262912274028505,0.214452748830604,"WNT5A",1
"GO:2000406","positive regulation of T cell migration","1/44","18/7628",0.0555555555555556,9.63131313131313,2.79238210328926,0.0989956175059583,0.262912274028505,0.214452748830604,"WNT5A",1
"GO:0042127","regulation of cell population proliferation","7/44","694/7628",0.0100864553314121,1.74862457427299,1.57545478996406,0.100301301827309,0.264298758791568,0.215583679175142,"CD81/CNBP/ERBB2/FN1/MEIS2/SDC4/WNT5A",7
"GO:1903530","regulation of secretion by cell","3/44","195/7628",0.0153846153846154,2.66713286713287,1.79621989422795,0.101738992923466,0.264298758791568,0.215583679175142,"IER3IP1/SDC4/TMEM132A",3
"GO:0031345","negative regulation of cell projection organization","2/44","94/7628",0.0212765957446809,3.68858800773694,1.99769611626839,0.10192980615516,0.264298758791568,0.215583679175142,"TSKU/WNT5A",2
"GO:0050708","regulation of protein secretion","2/44","95/7628",0.0210526315789474,3.64976076555024,1.97942264100716,0.103753139104332,0.264298758791568,0.215583679175142,"IER3IP1/TMEM132A",2
"GO:0002683","negative regulation of immune system process","3/44","197/7628",0.0152284263959391,2.64005537609599,1.77632342834116,0.104106304439586,0.264298758791568,0.215583679175142,"ERBB2/FN1/SDC4",3
"GO:0002861","regulation of inflammatory response to antigenic stimulus","1/44","19/7628",0.0526315789473684,9.1244019138756,2.70058877074074,0.104205104080168,0.264298758791568,0.215583679175142,"CD81",1
"GO:0003230","cardiac atrium development","1/44","19/7628",0.0526315789473684,9.1244019138756,2.70058877074074,0.104205104080168,0.264298758791568,0.215583679175142,"WNT5A",1
"GO:0007632","visual behavior","1/44","19/7628",0.0526315789473684,9.1244019138756,2.70058877074074,0.104205104080168,0.264298758791568,0.215583679175142,"MEIS2",1
"GO:0010043","response to zinc ion","1/44","19/7628",0.0526315789473684,9.1244019138756,2.70058877074074,0.104205104080168,0.264298758791568,0.215583679175142,"MT2A",1
"GO:0010463","mesenchymal cell proliferation","1/44","19/7628",0.0526315789473684,9.1244019138756,2.70058877074074,0.104205104080168,0.264298758791568,0.215583679175142,"WNT5A",1
"GO:0019748","secondary metabolic process","1/44","19/7628",0.0526315789473684,9.1244019138756,2.70058877074074,0.104205104080168,0.264298758791568,0.215583679175142,"WNT5A",1
"GO:0021983","pituitary gland development","1/44","19/7628",0.0526315789473684,9.1244019138756,2.70058877074074,0.104205104080168,0.264298758791568,0.215583679175142,"WNT5A",1
"GO:0042596","fear response","1/44","19/7628",0.0526315789473684,9.1244019138756,2.70058877074074,0.104205104080168,0.264298758791568,0.215583679175142,"USP46",1
"GO:0045620","negative regulation of lymphocyte differentiation","1/44","19/7628",0.0526315789473684,9.1244019138756,2.70058877074074,0.104205104080168,0.264298758791568,0.215583679175142,"ERBB2",1
"GO:0046460","neutral lipid biosynthetic process","1/44","19/7628",0.0526315789473684,9.1244019138756,2.70058877074074,0.104205104080168,0.264298758791568,0.215583679175142,"CNEP1R1",1
"GO:0046463","acylglycerol biosynthetic process","1/44","19/7628",0.0526315789473684,9.1244019138756,2.70058877074074,0.104205104080168,0.264298758791568,0.215583679175142,"CNEP1R1",1
"GO:0050853","B cell receptor signaling pathway","1/44","19/7628",0.0526315789473684,9.1244019138756,2.70058877074074,0.104205104080168,0.264298758791568,0.215583679175142,"CD81",1
"GO:0060914","heart formation","1/44","19/7628",0.0526315789473684,9.1244019138756,2.70058877074074,0.104205104080168,0.264298758791568,0.215583679175142,"WNT5A",1
"GO:0071425","hematopoietic stem cell proliferation","1/44","19/7628",0.0526315789473684,9.1244019138756,2.70058877074074,0.104205104080168,0.264298758791568,0.215583679175142,"WNT5A",1
"GO:0090102","cochlea development","1/44","19/7628",0.0526315789473684,9.1244019138756,2.70058877074074,0.104205104080168,0.264298758791568,0.215583679175142,"WNT5A",1
"GO:1901889","negative regulation of cell junction assembly","1/44","19/7628",0.0526315789473684,9.1244019138756,2.70058877074074,0.104205104080168,0.264298758791568,0.215583679175142,"WNT5A",1
"GO:1903055","positive regulation of extracellular matrix organization","1/44","19/7628",0.0526315789473684,9.1244019138756,2.70058877074074,0.104205104080168,0.264298758791568,0.215583679175142,"IER3IP1",1
"GO:1904752","regulation of vascular associated smooth muscle cell migration","1/44","19/7628",0.0526315789473684,9.1244019138756,2.70058877074074,0.104205104080168,0.264298758791568,0.215583679175142,"FAT1",1
"GO:2000403","positive regulation of lymphocyte migration","1/44","19/7628",0.0526315789473684,9.1244019138756,2.70058877074074,0.104205104080168,0.264298758791568,0.215583679175142,"WNT5A",1
"GO:2000648","positive regulation of stem cell proliferation","1/44","19/7628",0.0526315789473684,9.1244019138756,2.70058877074074,0.104205104080168,0.264298758791568,0.215583679175142,"WNT5A",1
"GO:0070372","regulation of ERK1 and ERK2 cascade","2/44","96/7628",0.0208333333333333,3.61174242424242,1.96139405114201,0.105585595129895,0.26733762082975,0.218062423538879,"ERBB2/FN1",2
"GO:0001775","cell activation","5/44","442/7628",0.0113122171945701,1.96112710818593,1.5856320080481,0.108899310962262,0.271794289930802,0.221697647276076,"CD81/ERBB2/FN1/SDC4/WNT5A",5
"GO:0001523","retinoid metabolic process","1/44","20/7628",0.05,8.66818181818182,2.61532820156415,0.109385150790705,0.271794289930802,0.221697647276076,"CRABP2",1
"GO:0001755","neural crest cell migration","1/44","20/7628",0.05,8.66818181818182,2.61532820156415,0.109385150790705,0.271794289930802,0.221697647276076,"FN1",1
"GO:0010092","specification of animal organ identity","1/44","20/7628",0.05,8.66818181818182,2.61532820156415,0.109385150790705,0.271794289930802,0.221697647276076,"WNT5A",1
"GO:0014911","positive regulation of smooth muscle cell migration","1/44","20/7628",0.05,8.66818181818182,2.61532820156415,0.109385150790705,0.271794289930802,0.221697647276076,"FAT1",1
"GO:0050918","positive chemotaxis","1/44","20/7628",0.05,8.66818181818182,2.61532820156415,0.109385150790705,0.271794289930802,0.221697647276076,"WNT5A",1
"GO:0050919","negative chemotaxis","1/44","20/7628",0.05,8.66818181818182,2.61532820156415,0.109385150790705,0.271794289930802,0.221697647276076,"WNT5A",1
"GO:1904738","vascular associated smooth muscle cell migration","1/44","20/7628",0.05,8.66818181818182,2.61532820156415,0.109385150790705,0.271794289930802,0.221697647276076,"FAT1",1
"GO:1905517","macrophage migration","1/44","20/7628",0.05,8.66818181818182,2.61532820156415,0.109385150790705,0.271794289930802,0.221697647276076,"CD81",1
"GO:0051249","regulation of lymphocyte activation","3/44","202/7628",0.0148514851485149,2.57470747074707,1.72763561910769,0.110121155228472,0.273160090634417,0.22281170601041,"CD81/ERBB2/SDC4",3
"GO:0001818","negative regulation of cytokine production","2/44","99/7628",0.0202020202020202,3.50229568411387,1.90871736605523,0.11113611115387,0.275212059039819,0.224485459229723,"FN1/TSKU",2
"GO:0000768","syncytium formation by plasma membrane fusion","1/44","21/7628",0.0476190476190476,8.25541125541126,2.53582350404711,0.114535920160475,0.276902874004501,0.225864626171547,"CD81",1
"GO:0002526","acute inflammatory response","1/44","21/7628",0.0476190476190476,8.25541125541126,2.53582350404711,0.114535920160475,0.276902874004501,0.225864626171547,"FN1",1
"GO:0007200","phospholipase C-activating G protein-coupled receptor signaling pathway","1/44","21/7628",0.0476190476190476,8.25541125541126,2.53582350404711,0.114535920160475,0.276902874004501,0.225864626171547,"WNT5A",1
"GO:0007631","feeding behavior","1/44","21/7628",0.0476190476190476,8.25541125541126,2.53582350404711,0.114535920160475,0.276902874004501,0.225864626171547,"USP46",1
"GO:0009948","anterior/posterior axis specification","1/44","21/7628",0.0476190476190476,8.25541125541126,2.53582350404711,0.114535920160475,0.276902874004501,0.225864626171547,"WNT5A",1
"GO:0030888","regulation of B cell proliferation","1/44","21/7628",0.0476190476190476,8.25541125541126,2.53582350404711,0.114535920160475,0.276902874004501,0.225864626171547,"CD81",1
"GO:0033598","mammary gland epithelial cell proliferation","1/44","21/7628",0.0476190476190476,8.25541125541126,2.53582350404711,0.114535920160475,0.276902874004501,0.225864626171547,"WNT5A",1
"GO:0048854","brain morphogenesis","1/44","21/7628",0.0476190476190476,8.25541125541126,2.53582350404711,0.114535920160475,0.276902874004501,0.225864626171547,"WNT5A",1
"GO:0071526","semaphorin-plexin signaling pathway","1/44","21/7628",0.0476190476190476,8.25541125541126,2.53582350404711,0.114535920160475,0.276902874004501,0.225864626171547,"ERBB2",1
"GO:0140253","cell-cell fusion","1/44","21/7628",0.0476190476190476,8.25541125541126,2.53582350404711,0.114535920160475,0.276902874004501,0.225864626171547,"CD81",1
"GO:0150117","positive regulation of cell-substrate junction organization","1/44","21/7628",0.0476190476190476,8.25541125541126,2.53582350404711,0.114535920160475,0.276902874004501,0.225864626171547,"SDC4",1
"GO:2000404","regulation of T cell migration","1/44","21/7628",0.0476190476190476,8.25541125541126,2.53582350404711,0.114535920160475,0.276902874004501,0.225864626171547,"WNT5A",1
"GO:2001239","regulation of extrinsic apoptotic signaling pathway in absence of ligand","1/44","21/7628",0.0476190476190476,8.25541125541126,2.53582350404711,0.114535920160475,0.276902874004501,0.225864626171547,"UNC5B",1
"GO:0010721","negative regulation of cell development","2/44","101/7628",0.0198019801980198,3.43294329432943,1.87471720418771,0.114879180023202,0.276902874004501,0.225864626171547,"ERBB2/WNT5A",2
"GO:0045926","negative regulation of growth","2/44","101/7628",0.0198019801980198,3.43294329432943,1.87471720418771,0.114879180023202,0.276902874004501,0.225864626171547,"MT2A/WNT5A",2
"GO:0010720","positive regulation of cell development","3/44","206/7628",0.0145631067961165,2.52471315092674,1.68972228034133,0.115029911506645,0.276902874004501,0.225864626171547,"CRABP2/CUL7/FN1",3
"GO:0032535","regulation of cellular component size","3/44","207/7628",0.0144927536231884,2.51251646903821,1.68038237755651,0.116270242770602,0.278000005141357,0.226759536038329,"CRABP2/FN1/WNT5A",3
"GO:0048736","appendage development","2/44","103/7628",0.0194174757281553,3.36628420123566,1.84156186749329,0.118654994751639,0.278000005141357,0.226759536038329,"CRABP2/WNT5A",2
"GO:0060173","limb development","2/44","103/7628",0.0194174757281553,3.36628420123566,1.84156186749329,0.118654994751639,0.278000005141357,0.226759536038329,"CRABP2/WNT5A",2
"GO:0051046","regulation of secretion","3/44","209/7628",0.0143540669856459,2.4884732492388,1.66186423214063,0.11876641118093,0.278000005141357,0.226759536038329,"IER3IP1/SDC4/TMEM132A",3
"GO:0003382","epithelial cell morphogenesis","1/44","22/7628",0.0454545454545455,7.8801652892562,2.46142213057307,0.119657573836423,0.278000005141357,0.226759536038329,"FAT1",1
"GO:0006949","syncytium formation","1/44","22/7628",0.0454545454545455,7.8801652892562,2.46142213057307,0.119657573836423,0.278000005141357,0.226759536038329,"CD81",1
"GO:0009988","cell-cell recognition","1/44","22/7628",0.0454545454545455,7.8801652892562,2.46142213057307,0.119657573836423,0.278000005141357,0.226759536038329,"CD81",1
"GO:0031018","endocrine pancreas development","1/44","22/7628",0.0454545454545455,7.8801652892562,2.46142213057307,0.119657573836423,0.278000005141357,0.226759536038329,"WNT5A",1
"GO:0032611","interleukin-1 beta production","1/44","22/7628",0.0454545454545455,7.8801652892562,2.46142213057307,0.119657573836423,0.278000005141357,0.226759536038329,"WNT5A",1
"GO:0032637","interleukin-8 production","1/44","22/7628",0.0454545454545455,7.8801652892562,2.46142213057307,0.119657573836423,0.278000005141357,0.226759536038329,"WNT5A",1
"GO:0032651","regulation of interleukin-1 beta production","1/44","22/7628",0.0454545454545455,7.8801652892562,2.46142213057307,0.119657573836423,0.278000005141357,0.226759536038329,"WNT5A",1
"GO:0032677","regulation of interleukin-8 production","1/44","22/7628",0.0454545454545455,7.8801652892562,2.46142213057307,0.119657573836423,0.278000005141357,0.226759536038329,"WNT5A",1
"GO:0043403","skeletal muscle tissue regeneration","1/44","22/7628",0.0454545454545455,7.8801652892562,2.46142213057307,0.119657573836423,0.278000005141357,0.226759536038329,"CD81",1
"GO:0045773","positive regulation of axon extension","1/44","22/7628",0.0454545454545455,7.8801652892562,2.46142213057307,0.119657573836423,0.278000005141357,0.226759536038329,"FN1",1
"GO:0046685","response to arsenic-containing substance","1/44","22/7628",0.0454545454545455,7.8801652892562,2.46142213057307,0.119657573836423,0.278000005141357,0.226759536038329,"UROS",1
"GO:0048546","digestive tract morphogenesis","1/44","22/7628",0.0454545454545455,7.8801652892562,2.46142213057307,0.119657573836423,0.278000005141357,0.226759536038329,"WNT5A",1
"GO:0050775","positive regulation of dendrite morphogenesis","1/44","22/7628",0.0454545454545455,7.8801652892562,2.46142213057307,0.119657573836423,0.278000005141357,0.226759536038329,"CUL7",1
"GO:0060071","Wnt signaling pathway, planar cell polarity pathway","1/44","22/7628",0.0454545454545455,7.8801652892562,2.46142213057307,0.119657573836423,0.278000005141357,0.226759536038329,"WNT5A",1
"GO:0060688","regulation of morphogenesis of a branching structure","1/44","22/7628",0.0454545454545455,7.8801652892562,2.46142213057307,0.119657573836423,0.278000005141357,0.226759536038329,"WNT5A",1
"GO:0071300","cellular response to retinoic acid","1/44","22/7628",0.0454545454545455,7.8801652892562,2.46142213057307,0.119657573836423,0.278000005141357,0.226759536038329,"WNT5A",1
"GO:0090497","mesenchymal cell migration","1/44","22/7628",0.0454545454545455,7.8801652892562,2.46142213057307,0.119657573836423,0.278000005141357,0.226759536038329,"FN1",1
"GO:0001961","positive regulation of cytokine-mediated signaling pathway","1/44","23/7628",0.0434782608695652,7.53754940711462,2.3915713500549,0.12475027259414,0.285756093160952,0.23308603563642,"WNT5A",1
"GO:0010770","positive regulation of cell morphogenesis","1/44","23/7628",0.0434782608695652,7.53754940711462,2.3915713500549,0.12475027259414,0.285756093160952,0.23308603563642,"CUL7",1
"GO:0016101","diterpenoid metabolic process","1/44","23/7628",0.0434782608695652,7.53754940711462,2.3915713500549,0.12475027259414,0.285756093160952,0.23308603563642,"CRABP2",1
"GO:0030514","negative regulation of BMP signaling pathway","1/44","23/7628",0.0434782608695652,7.53754940711462,2.3915713500549,0.12475027259414,0.285756093160952,0.23308603563642,"WNT5A",1
"GO:0030850","prostate gland development","1/44","23/7628",0.0434782608695652,7.53754940711462,2.3915713500549,0.12475027259414,0.285756093160952,0.23308603563642,"WNT5A",1
"GO:0033344","cholesterol efflux","1/44","23/7628",0.0434782608695652,7.53754940711462,2.3915713500549,0.12475027259414,0.285756093160952,0.23308603563642,"TSKU",1
"GO:0070228","regulation of lymphocyte apoptotic process","1/44","23/7628",0.0434782608695652,7.53754940711462,2.3915713500549,0.12475027259414,0.285756093160952,0.23308603563642,"WNT5A",1
"GO:0099172","presynapse organization","1/44","23/7628",0.0434782608695652,7.53754940711462,2.3915713500549,0.12475027259414,0.285756093160952,0.23308603563642,"WNT5A",1
"GO:1905330","regulation of morphogenesis of an epithelium","1/44","23/7628",0.0434782608695652,7.53754940711462,2.3915713500549,0.12475027259414,0.285756093160952,0.23308603563642,"WNT5A",1
"GO:0051223","regulation of protein transport","3/44","214/7628",0.014018691588785,2.4303313508921,1.61648360050788,0.125095506503468,0.286099863547713,0.2333664428737,"CD81/IER3IP1/TMEM132A",3
"GO:0007160","cell-matrix adhesion","2/44","107/7628",0.0186915887850467,3.24044180118946,1.77763179991545,0.126300068938266,0.287509163142078,0.2345159828602,"FN1/SDC4",2
"GO:0007369","gastrulation","2/44","107/7628",0.0186915887850467,3.24044180118946,1.77763179991545,0.126300068938266,0.287509163142078,0.2345159828602,"FN1/WNT5A",2
"GO:0033674","positive regulation of kinase activity","2/44","107/7628",0.0186915887850467,3.24044180118946,1.77763179991545,0.126300068938266,0.287509163142078,0.2345159828602,"ERBB2/WNT5A",2
"GO:0032940","secretion by cell","4/44","336/7628",0.0119047619047619,2.06385281385281,1.51908440261471,0.127077383318627,0.288254989685085,0.235124339974335,"IER3IP1/SDC4/TANGO2/TMEM132A",4
"GO:0061025","membrane fusion","2/44","108/7628",0.0185185185185185,3.21043771043771,1.76211921846888,0.128229949575168,0.288254989685085,0.235124339974335,"SEC22A/YIPF4",2
"GO:0006779","porphyrin-containing compound biosynthetic process","1/44","24/7628",0.0416666666666667,7.22348484848485,2.32579939170518,0.129814176342445,0.288254989685085,0.235124339974335,"UROS",1
"GO:0032602","chemokine production","1/44","24/7628",0.0416666666666667,7.22348484848485,2.32579939170518,0.129814176342445,0.288254989685085,0.235124339974335,"WNT5A",1
"GO:0032609","type II interferon production","1/44","24/7628",0.0416666666666667,7.22348484848485,2.32579939170518,0.129814176342445,0.288254989685085,0.235124339974335,"WNT5A",1
"GO:0032642","regulation of chemokine production","1/44","24/7628",0.0416666666666667,7.22348484848485,2.32579939170518,0.129814176342445,0.288254989685085,0.235124339974335,"WNT5A",1
"GO:0032649","regulation of type II interferon production","1/44","24/7628",0.0416666666666667,7.22348484848485,2.32579939170518,0.129814176342445,0.288254989685085,0.235124339974335,"WNT5A",1
"GO:0045123","cellular extravasation","1/44","24/7628",0.0416666666666667,7.22348484848485,2.32579939170518,0.129814176342445,0.288254989685085,0.235124339974335,"GCNT1",1
"GO:0045778","positive regulation of ossification","1/44","24/7628",0.0416666666666667,7.22348484848485,2.32579939170518,0.129814176342445,0.288254989685085,0.235124339974335,"WNT5A",1
"GO:0048634","regulation of muscle organ development","1/44","24/7628",0.0416666666666667,7.22348484848485,2.32579939170518,0.129814176342445,0.288254989685085,0.235124339974335,"SFMBT1",1
"GO:0050771","negative regulation of axonogenesis","1/44","24/7628",0.0416666666666667,7.22348484848485,2.32579939170518,0.129814176342445,0.288254989685085,0.235124339974335,"WNT5A",1
"GO:1903539","protein localization to postsynaptic membrane","1/44","24/7628",0.0416666666666667,7.22348484848485,2.32579939170518,0.129814176342445,0.288254989685085,0.235124339974335,"ERBB2",1
"GO:1904385","cellular response to angiotensin","1/44","24/7628",0.0416666666666667,7.22348484848485,2.32579939170518,0.129814176342445,0.288254989685085,0.235124339974335,"FAT1",1
"GO:0007611","learning or memory","2/44","109/7628",0.018348623853211,3.18098415346122,1.74678625508162,0.130166987156566,0.288254989685085,0.235124339974335,"MEIS2/NTAN1",2
"GO:0010810","regulation of cell-substrate adhesion","2/44","109/7628",0.018348623853211,3.18098415346122,1.74678625508162,0.130166987156566,0.288254989685085,0.235124339974335,"FN1/SDC4",2
"GO:0070371","ERK1 and ERK2 cascade","2/44","109/7628",0.018348623853211,3.18098415346122,1.74678625508162,0.130166987156566,0.288254989685085,0.235124339974335,"ERBB2/FN1",2
"GO:0002064","epithelial cell development","2/44","111/7628",0.018018018018018,3.12366912366912,1.71664351167038,0.134061968094011,0.294618904756431,0.24031526947893,"FAT1/WNT5A",2
"GO:0001947","heart looping","1/44","25/7628",0.04,6.93454545454545,2.26370077197671,0.134849444127943,0.294618904756431,0.24031526947893,"WNT5A",1
"GO:0043113","receptor clustering","1/44","25/7628",0.04,6.93454545454545,2.26370077197671,0.134849444127943,0.294618904756431,0.24031526947893,"CD81",1
"GO:0051085","chaperone cofactor-dependent protein refolding","1/44","25/7628",0.04,6.93454545454545,2.26370077197671,0.134849444127943,0.294618904756431,0.24031526947893,"HSPA6",1
"GO:0060760","positive regulation of response to cytokine stimulus","1/44","25/7628",0.04,6.93454545454545,2.26370077197671,0.134849444127943,0.294618904756431,0.24031526947893,"WNT5A",1
"GO:2000027","regulation of animal organ morphogenesis","1/44","25/7628",0.04,6.93454545454545,2.26370077197671,0.134849444127943,0.294618904756431,0.24031526947893,"WNT5A",1
"GO:2000243","positive regulation of reproductive process","1/44","25/7628",0.04,6.93454545454545,2.26370077197671,0.134849444127943,0.294618904756431,0.24031526947893,"WNT5A",1
"GO:2000026","regulation of multicellular organismal development","6/44","611/7628",0.00981996726677578,1.70242523434013,1.37879284535535,0.136603688069874,0.298007450461958,0.243079244435115,"CRABP2/CUL7/ERBB2/FN1/MEIS2/WNT5A",6
"GO:0045765","regulation of angiogenesis","2/44","113/7628",0.0176991150442478,3.06838294448914,1.68717342665608,0.137983894836855,0.299523317220194,0.244315709314383,"ERBB2/WNT5A",2
"GO:0001954","positive regulation of cell-matrix adhesion","1/44","26/7628",0.0384615384615385,6.66783216783217,2.20492474976505,0.139856234139566,0.299523317220194,0.244315709314383,"SDC4",1
"GO:0002437","inflammatory response to antigenic stimulus","1/44","26/7628",0.0384615384615385,6.66783216783217,2.20492474976505,0.139856234139566,0.299523317220194,0.244315709314383,"CD81",1
"GO:0032755","positive regulation of interleukin-6 production","1/44","26/7628",0.0384615384615385,6.66783216783217,2.20492474976505,0.139856234139566,0.299523317220194,0.244315709314383,"WNT5A",1
"GO:0046686","response to cadmium ion","1/44","26/7628",0.0384615384615385,6.66783216783217,2.20492474976505,0.139856234139566,0.299523317220194,0.244315709314383,"MT2A",1
"GO:0060443","mammary gland morphogenesis","1/44","26/7628",0.0384615384615385,6.66783216783217,2.20492474976505,0.139856234139566,0.299523317220194,0.244315709314383,"WNT5A",1
"GO:0061371","determination of heart left/right asymmetry","1/44","26/7628",0.0384615384615385,6.66783216783217,2.20492474976505,0.139856234139566,0.299523317220194,0.244315709314383,"WNT5A",1
"GO:0062237","protein localization to postsynapse","1/44","26/7628",0.0384615384615385,6.66783216783217,2.20492474976505,0.139856234139566,0.299523317220194,0.244315709314383,"ERBB2",1
"GO:0072132","mesenchyme morphogenesis","1/44","26/7628",0.0384615384615385,6.66783216783217,2.20492474976505,0.139856234139566,0.299523317220194,0.244315709314383,"WNT5A",1
"GO:0090630","activation of GTPase activity","1/44","26/7628",0.0384615384615385,6.66783216783217,2.20492474976505,0.139856234139566,0.299523317220194,0.244315709314383,"WNT5A",1
"GO:0007162","negative regulation of cell adhesion","2/44","114/7628",0.0175438596491228,3.0414673046252,1.67268171104746,0.139954619574238,0.299523317220194,0.244315709314383,"ERBB2/SDC4",2
"GO:0030010","establishment of cell polarity","2/44","114/7628",0.0175438596491228,3.0414673046252,1.67268171104746,0.139954619574238,0.299523317220194,0.244315709314383,"FAT1/WNT5A",2
