Name,Category,CategoryID,GO,Description,PARENT_GO,LogP,Enrichment,Z-score,#TotalGeneInLibrary,#GeneInGO,#GeneInHitList,#GeneInGOAndHitList,%InGO,STDV %InGO,GeneID,Hits,Log(q-value)
MyList,GO Cellular Components,20,GO:0031966,mitochondrial membrane,,-20,4.5,12,30230,793,467,55,12,1.5,22|706|1468|2182|2710|4504|4508|4514|4540|4541|4706|4833|6391|6392|8834|9016|9481|9489|9927|10463|10975|23175|23456|23761|25875|26521|51300|51537|51660|54968|54996|55669|56997|57038|57169|57380|58472|60558|63933|79109|79671|81554|84129|84274|90550|91137|113612|114789|114971|119559|123096|197257|221154|286097|340061,ABCB7|TSPO|SLC25A10|ACSL4|GK|MT3|ATP6|COX3|ND5|ND6|NDUFAB1|NME4|SDHC|SDHD|TMEM11|SLC25A14|SLC25A27|PGS1|MFN2|SLC30A9|UQCR11|LPIN1|ABCB10|PISD|LETMD1|TIMM8B|TIMMDC1|MTFP1|MPC1|TMEM70|MTARC2|MFN1|COQ8A|RARS2|ZNFX1|MRS2|SQOR|GUF1|MCUR1|MAPKAP1|NLRX1|RCC1L|ACAD11|COQ5|MCU|SLC25A46|CYP2U1|SLC25A25|PTPMT1|SFXN4|SLC25A29|LDHD|MICU2|MICU3|STING1,-16
MyList,GO Biological Processes,19,GO:0008610,lipid biosynthetic process,19_GO:0009987 cellular process,-18,4.9,12,30230,593,467,45,9.6,1.4,20|706|1040|1718|2182|2710|3988|4706|5286|5287|5290|5563|5587|6307|8443|9374|9489|9517|9926|10162|10682|10948|11001|23049|23175|23761|25979|27132|30849|51205|51422|55825|64924|65258|81490|83723|84302|93183|114971|128869|137695|197322|200576|253260|729920,ABCA2|TSPO|CDS1|DHCR24|ACSL4|GK|LIPA|NDUFAB1|PIK3C2A|PIK3C2B|PIK3CA|PRKAA2|PRKD1|MSMO1|GNPAT|PPT2|PGS1|SPTLC2|LPGAT1|LPCAT3|EBP|STARD3|SLC27A2|SMG1|LPIN1|PISD|DHRS7B|CPNE7|PIK3R4|ACP6|PRKAG2|PECR|SLC30A5|MPPE1|PTDSS2|TLCD3B|PGAP4|PIGM|PTPMT1|PIGU|TMEM68|ACSF3|PIKFYVE|RICTOR|CRPPA,-14
MyList,Reactome Gene Sets,6,R-HSA-556833,Metabolism of lipids,,-17,4.3,11,30230,757,467,50,11,1.4,406|416|706|1040|1718|2182|2710|4706|5286|5287|5290|5563|5587|6095|6307|6721|6837|8310|8443|9374|9439|9489|9517|9885|9915|9926|10162|10478|10682|10948|11001|23175|23761|25979|27132|30849|51205|51360|51422|54545|55825|56261|59338|66036|81490|84129|113612|114971|197322|200576,BMAL1|ARSF|TSPO|CDS1|DHCR24|ACSL4|GK|NDUFAB1|PIK3C2A|PIK3C2B|PIK3CA|PRKAA2|PRKD1|RORA|MSMO1|SREBF2|MED22|ACOX3|GNPAT|PPT2|MED23|PGS1|SPTLC2|OSBPL2|ARNT2|LPGAT1|LPCAT3|SLC25A17|EBP|STARD3|SLC27A2|LPIN1|PISD|DHRS7B|CPNE7|PIK3R4|ACP6|MBTPS2|PRKAG2|MTMR12|PECR|GPCPD1|PLEKHA1|MTMR9|PTDSS2|ACAD11|CYP2U1|PTPMT1|ACSF3|PIKFYVE,-14
MyList,GO Cellular Components,20,GO:0005743,mitochondrial inner membrane,,-16,5.1,12,30230,508,467,40,8.6,1.3,22|1468|4508|4514|4540|4541|4706|4833|6391|6392|8834|9016|9481|9489|10975|23456|23761|25875|26521|51300|51537|51660|54968|56997|57380|58472|60558|63933|81554|84129|84274|90550|113612|114789|114971|119559|123096|197257|221154|286097,ABCB7|SLC25A10|ATP6|COX3|ND5|ND6|NDUFAB1|NME4|SDHC|SDHD|TMEM11|SLC25A14|SLC25A27|PGS1|UQCR11|ABCB10|PISD|LETMD1|TIMM8B|TIMMDC1|MTFP1|MPC1|TMEM70|COQ8A|MRS2|SQOR|GUF1|MCUR1|RCC1L|ACAD11|COQ5|MCU|CYP2U1|SLC25A25|PTPMT1|SFXN4|SLC25A29|LDHD|MICU2|MICU3,-13
MyList,GO Cellular Components,20,GO:0019866,organelle inner membrane,,-16,4.8,11,30230,565,467,42,9,1.3,22|1468|4508|4514|4540|4541|4706|4833|6391|6392|8834|9016|9481|9489|10975|23411|23456|23761|25875|26521|51300|51537|51660|54968|56997|57380|58472|60558|63933|81554|83862|84129|84274|90550|113612|114789|114971|119559|123096|197257|221154|286097,ABCB7|SLC25A10|ATP6|COX3|ND5|ND6|NDUFAB1|NME4|SDHC|SDHD|TMEM11|SLC25A14|SLC25A27|PGS1|UQCR11|SIRT1|ABCB10|PISD|LETMD1|TIMM8B|TIMMDC1|MTFP1|MPC1|TMEM70|COQ8A|MRS2|SQOR|GUF1|MCUR1|RCC1L|TMEM120A|ACAD11|COQ5|MCU|CYP2U1|SLC25A25|PTPMT1|SFXN4|SLC25A29|LDHD|MICU2|MICU3,-13
MyList,GO Biological Processes,19,GO:0090407,organophosphate biosynthetic process,19_GO:0009987 cellular process,-16,4.8,11,30230,565,467,42,9,1.3,1040|1468|2182|2710|2977|3988|4337|4508|4540|4541|4706|4833|5286|5287|5290|6391|6392|8443|9374|9489|9517|9677|9926|10162|11001|23049|23761|25875|26289|27132|30849|51205|51422|64924|65258|81490|84302|93183|114971|128869|197322|200576,CDS1|SLC25A10|ACSL4|GK|GUCY1A2|LIPA|MOCS1|ATP6|ND5|ND6|NDUFAB1|NME4|PIK3C2A|PIK3C2B|PIK3CA|SDHC|SDHD|GNPAT|PPT2|PGS1|SPTLC2|PPIP5K1|LPGAT1|LPCAT3|SLC27A2|SMG1|PISD|LETMD1|AK5|CPNE7|PIK3R4|ACP6|PRKAG2|SLC30A5|MPPE1|PTDSS2|PGAP4|PIGM|PTPMT1|PIGU|ACSF3|PIKFYVE,-13
MyList,GO Biological Processes,19,GO:0045017,glycerolipid biosynthetic process,19_GO:0009987 cellular process,-13,7.2,11,30230,216,467,24,5.1,1,1040|2710|5286|5287|5290|8443|9489|9926|10162|23049|23175|23761|27132|30849|51205|64924|65258|81490|84302|93183|114971|128869|137695|200576,CDS1|GK|PIK3C2A|PIK3C2B|PIK3CA|GNPAT|PGS1|LPGAT1|LPCAT3|SMG1|LPIN1|PISD|CPNE7|PIK3R4|ACP6|SLC30A5|MPPE1|PTDSS2|PGAP4|PIGM|PTPMT1|PIGU|TMEM68|PIKFYVE,-10
MyList,GO Biological Processes,19,GO:0031669,cellular response to nutrient levels,19_GO:0050896 response to stimulus,-13,6.4,11,30230,251,467,25,5.4,1,2353|5287|5563|5587|6721|6845|8850|9213|9681|10325|23411|26100|27072|27244|30849|51422|55062|64121|79109|79726|84219|90550|201163|253260|440275,FOS|PIK3C2B|PRKAA2|PRKD1|SREBF2|VAMP7|KAT2B|XPR1|DEPDC5|RRAGB|SIRT1|WIPI2|VPS41|SESN1|PIK3R4|PRKAG2|WIPI1|RRAGC|MAPKAP1|WDR59|WDR24|MCU|FLCN|RICTOR|EIF2AK4,-10
MyList,GO Biological Processes,19,GO:0009267,cellular response to starvation,19_GO:0050896 response to stimulus,-12,7.4,11,30230,193,467,22,4.7,0.98,2353|5287|5563|5587|6721|6845|9213|9681|10325|23411|26100|27072|27244|30849|51422|55062|64121|79726|84219|90550|201163|440275,FOS|PIK3C2B|PRKAA2|PRKD1|SREBF2|VAMP7|XPR1|DEPDC5|RRAGB|SIRT1|WIPI2|VPS41|SESN1|PIK3R4|PRKAG2|WIPI1|RRAGC|WDR59|WDR24|MCU|FLCN|EIF2AK4,-9.7
MyList,GO Biological Processes,19,GO:0046486,glycerolipid metabolic process,19_GO:0009987 cellular process,-12,5.2,10,30230,359,467,29,6.2,1.1,21|1040|2710|3988|5286|5287|5290|8443|9489|9926|10162|23049|23175|23411|23761|27132|30849|51205|56261|64924|65258|66036|81490|84302|93183|114971|128869|137695|200576,ABCA3|CDS1|GK|LIPA|PIK3C2A|PIK3C2B|PIK3CA|GNPAT|PGS1|LPGAT1|LPCAT3|SMG1|LPIN1|SIRT1|PISD|CPNE7|PIK3R4|ACP6|GPCPD1|SLC30A5|MPPE1|MTMR9|PTDSS2|PGAP4|PIGM|PTPMT1|PIGU|TMEM68|PIKFYVE,-9.6
MyList,GO Biological Processes,19,GO:1901137,carbohydrate derivative biosynthetic process,19_GO:0009987 cellular process,-12,4.2,9.4,30230,561,467,36,7.7,1.2,1468|1798|2710|2977|3988|4249|4508|4540|4541|4706|4833|6391|6392|8693|9517|10195|10585|25875|26035|26289|29880|29929|29954|51422|54916|55454|55624|64924|65258|84061|84302|91869|93183|124583|128869|729920,SLC25A10|DPAGT1|GK|GUCY1A2|LIPA|MGAT5|ATP6|ND5|ND6|NDUFAB1|NME4|SDHC|SDHD|GALNT4|SPTLC2|ALG3|POMT1|LETMD1|GLCE|AK5|ALG5|ALG6|POMT2|PRKAG2|TMEM260|CSGALNACT2|POMGNT1|SLC30A5|MPPE1|MAGT1|PGAP4|RFT1|PIGM|CANT1|PIGU|CRPPA,-9.4
MyList,GO Biological Processes,19,GO:0010506,regulation of autophagy,19_GO:0050789 regulation of biological process,-12,5,9.8,30230,374,467,29,6.2,1.1,373|706|5286|5290|5563|5587|6721|8925|9517|9638|9681|9817|9821|10325|11043|23032|23400|23411|27244|30849|55062|60673|64121|66036|84219|84861|90423|201163|340061,TRIM23|TSPO|PIK3C2A|PIK3CA|PRKAA2|PRKD1|SREBF2|HERC1|SPTLC2|FEZ1|DEPDC5|KEAP1|RB1CC1|RRAGB|MID2|USP33|ATP13A2|SIRT1|SESN1|PIK3R4|WIPI1|ATG101|RRAGC|MTMR9|WDR24|KLHL22|ATP6V1E2|FLCN|STING1,-9.2
MyList,GO Biological Processes,19,GO:0070647,protein modification by small protein conjugation or removal,19_GO:0009987 cellular process,-11,3.5,8.8,30230,782,467,42,9,1.3,373|1540|1959|5192|7126|7328|8925|9817|9960|11043|23032|23038|23113|23411|26249|29761|29882|54542|55167|55958|57161|57448|57520|57542|57558|57559|57560|63891|64682|64750|80013|80067|84078|84219|84447|84669|84861|89890|91947|142678|151525|257218,TRIM23|CYLD|EGR2|PEX10|TNFAIP1|UBE2H|HERC1|KEAP1|USP3|MID2|USP33|WDTC1|CUL9|SIRT1|KLHL3|USP25|ANAPC2|RC3H2|MSL2|KLHL9|PELI2|BIRC6|HECW2|KLHL42|USP35|STAMBPL1|IFT80|RNF123|ANAPC1|SMURF2|MINDY3|DCAF17|KBTBD7|WDR24|SYVN1|USP32|KLHL22|KBTBD6|ARRDC4|MIB2|WDSUB1|SHPRH,-8.9
MyList,GO Biological Processes,19,GO:0006650,glycerophospholipid metabolic process,19_GO:0009987 cellular process,-11,5.7,9.9,30230,285,467,25,5.4,1,21|1040|5286|5287|5290|8443|9489|9926|10162|23049|23175|23761|27132|30849|51205|56261|64924|65258|66036|81490|84302|93183|114971|128869|200576,ABCA3|CDS1|PIK3C2A|PIK3C2B|PIK3CA|GNPAT|PGS1|LPGAT1|LPCAT3|SMG1|LPIN1|PISD|CPNE7|PIK3R4|ACP6|GPCPD1|SLC30A5|MPPE1|MTMR9|PTDSS2|PGAP4|PIGM|PTPMT1|PIGU|PIKFYVE,-8.9
MyList,GO Biological Processes,19,GO:0042594,response to starvation,19_GO:0050896 response to stimulus,-11,6.1,9.8,30230,232,467,22,4.7,0.98,2353|5287|5563|5587|6721|6845|9213|9681|10325|23411|26100|27072|27244|30849|51422|55062|64121|79726|84219|90550|201163|440275,FOS|PIK3C2B|PRKAA2|PRKD1|SREBF2|VAMP7|XPR1|DEPDC5|RRAGB|SIRT1|WIPI2|VPS41|SESN1|PIK3R4|PRKAG2|WIPI1|RRAGC|WDR59|WDR24|MCU|FLCN|EIF2AK4,-8.3
MyList,GO Biological Processes,19,GO:0006644,phospholipid metabolic process,19_GO:0009987 cellular process,-11,4.8,9.2,30230,362,467,27,5.8,1.1,20|21|1040|5286|5287|5290|8443|9489|9517|9926|10162|23049|23175|23761|27132|30849|51205|56261|64924|65258|66036|81490|84302|93183|114971|128869|200576,ABCA2|ABCA3|CDS1|PIK3C2A|PIK3C2B|PIK3CA|GNPAT|PGS1|SPTLC2|LPGAT1|LPCAT3|SMG1|LPIN1|PISD|CPNE7|PIK3R4|ACP6|GPCPD1|SLC30A5|MPPE1|MTMR9|PTDSS2|PGAP4|PIGM|PTPMT1|PIGU|PIKFYVE,-8.2
MyList,GO Biological Processes,19,GO:0008654,phospholipid biosynthetic process,19_GO:0009987 cellular process,-11,6,9.7,30230,238,467,22,4.7,0.98,1040|5286|5287|5290|8443|9489|9517|9926|10162|23049|23761|27132|30849|51205|64924|65258|81490|84302|93183|114971|128869|200576,CDS1|PIK3C2A|PIK3C2B|PIK3CA|GNPAT|PGS1|SPTLC2|LPGAT1|LPCAT3|SMG1|PISD|CPNE7|PIK3R4|ACP6|SLC30A5|MPPE1|PTDSS2|PGAP4|PIGM|PTPMT1|PIGU|PIKFYVE,-8.2
MyList,GO Biological Processes,19,GO:0046474,glycerophospholipid biosynthetic process,19_GO:0009987 cellular process,-11,6.7,10,30230,193,467,20,4.3,0.94,1040|5286|5287|5290|8443|9489|10162|23049|23761|27132|30849|51205|64924|65258|81490|84302|93183|114971|128869|200576,CDS1|PIK3C2A|PIK3C2B|PIK3CA|GNPAT|PGS1|LPCAT3|SMG1|PISD|CPNE7|PIK3R4|ACP6|SLC30A5|MPPE1|PTDSS2|PGAP4|PIGM|PTPMT1|PIGU|PIKFYVE,-8.2
MyList,GO Biological Processes,19,GO:0141124,intracellular signaling cassette,19_GO:0050896 response to stimulus,-10,3.3,8.1,30230,793,467,40,8.6,1.3,673|1052|1121|1600|1718|2353|2899|2977|3551|3611|3726|3988|4615|5286|5287|5290|5311|5580|5587|5602|5609|6016|6300|6655|7410|7867|9138|9986|10451|10454|23682|25875|30849|51776|57560|59338|64121|81704|90550|440275,BRAF|CEBPD|CHM|DAB1|DHCR24|FOS|GRIK3|GUCY1A2|IKBKB|ILK|JUNB|LIPA|MYD88|PIK3C2A|PIK3C2B|PIK3CA|PKD2|PRKCD|PRKD1|MAPK10|MAP2K7|RIT1|MAPK12|SOS2|VAV2|MAPKAPK3|ARHGEF1|RCE1|VAV3|TAB1|RAB38|LETMD1|PIK3R4|MAP3K20|IFT80|PLEKHA1|RRAGC|DOCK8|MCU|EIF2AK4,-7.8
MyList,Reactome Gene Sets,6,R-HSA-1483257,Phospholipid metabolism,,-9.8,6.1,9.3,30230,212,467,20,4.3,0.94,1040|5286|5287|5290|8443|9489|9926|10162|23175|23761|27132|30849|51205|54545|56261|59338|66036|81490|114971|200576,CDS1|PIK3C2A|PIK3C2B|PIK3CA|GNPAT|PGS1|LPGAT1|LPCAT3|LPIN1|PISD|CPNE7|PIK3R4|ACP6|MTMR12|GPCPD1|PLEKHA1|MTMR9|PTDSS2|PTPMT1|PIKFYVE,-7.5
MyList,GO Biological Processes,19,GO:0016567,protein ubiquitination,19_GO:0009987 cellular process,-9.5,3.6,8,30230,594,467,33,7.1,1.2,373|5192|7126|7328|8925|9817|11043|23038|23113|23411|26249|29882|54542|55167|55958|57161|57448|57520|57542|57560|63891|64682|64750|80067|84078|84219|84447|84861|89890|91947|142678|151525|257218,TRIM23|PEX10|TNFAIP1|UBE2H|HERC1|KEAP1|MID2|WDTC1|CUL9|SIRT1|KLHL3|ANAPC2|RC3H2|MSL2|KLHL9|PELI2|BIRC6|HECW2|KLHL42|IFT80|RNF123|ANAPC1|SMURF2|DCAF17|KBTBD7|WDR24|SYVN1|KLHL22|KBTBD6|ARRDC4|MIB2|WDSUB1|SHPRH,-7.2
MyList,KEGG Pathway,24,hsa04150,mTOR signaling pathway,,-9.3,7,9.4,30230,158,467,17,3.6,0.87,673|3551|5290|5563|5582|6655|9681|10325|23175|64121|79109|79726|84219|90423|201163|253260|729438,BRAF|IKBKB|PIK3CA|PRKAA2|PRKCG|SOS2|DEPDC5|RRAGB|LPIN1|RRAGC|MAPKAP1|WDR59|WDR24|ATP6V1E2|FLCN|RICTOR|CASTOR2,-7.1
MyList,GO Biological Processes,19,GO:0031667,response to nutrient levels,19_GO:0050896 response to stimulus,-9.3,3.8,8,30230,509,467,30,6.4,1.1,706|1143|2353|3988|5287|5563|5587|6721|6845|8850|9213|9681|10325|23411|26100|27072|27244|29086|30849|51422|55062|64121|79109|79726|84219|90550|114789|201163|253260|440275,TSPO|CHRNB4|FOS|LIPA|PIK3C2B|PRKAA2|PRKD1|SREBF2|VAMP7|KAT2B|XPR1|DEPDC5|RRAGB|SIRT1|WIPI2|VPS41|SESN1|BABAM1|PIK3R4|PRKAG2|WIPI1|RRAGC|MAPKAP1|WDR59|WDR24|MCU|SLC25A25|FLCN|RICTOR|EIF2AK4,-7
MyList,GO Cellular Components,20,GO:0005759,mitochondrial matrix,,-9.3,3.7,8,30230,541,467,31,6.6,1.2,1757|4285|4337|4706|4833|5428|6041|9238|9489|10873|22868|23395|25902|51106|51205|51601|54704|54802|55149|56922|57038|57570|60558|64745|79736|80324|81554|84274|84340|84461|197322,SARDH|MIPEP|MOCS1|NDUFAB1|NME4|POLG|RNASEL|TBRG4|PGS1|ME3|FASTKD2|LARS2|MTHFD1L|TFB1M|ACP6|LIPT1|PDP1|TRIT1|MTPAP|MCCC1|RARS2|TRMT5|GUF1|METTL17|TEFM|PUS1|RCC1L|COQ5|GFM2|NEURL4|ACSF3,-7
MyList,GO Cellular Components,20,GO:0030991,intraciliary transport particle A,,-8.9,23,13,30230,23,467,8,1.7,0.6,8100|9742|26160|55764|57560|57728|79809|90410,IFT88|IFT140|IFT172|IFT122|IFT80|WDR19|TTC21B|IFT20,-6.7
MyList,GO Biological Processes,19,GO:0032446,protein modification by small protein conjugation,19_GO:0009987 cellular process,-8.7,3.3,7.5,30230,671,467,34,7.3,1.2,373|1959|5192|7126|7328|8925|9817|11043|23038|23113|23411|26249|29882|54542|55167|55958|57161|57448|57520|57542|57560|63891|64682|64750|80067|84078|84219|84447|84861|89890|91947|142678|151525|257218,TRIM23|EGR2|PEX10|TNFAIP1|UBE2H|HERC1|KEAP1|MID2|WDTC1|CUL9|SIRT1|KLHL3|ANAPC2|RC3H2|MSL2|KLHL9|PELI2|BIRC6|HECW2|KLHL42|IFT80|RNF123|ANAPC1|SMURF2|DCAF17|KBTBD7|WDR24|SYVN1|KLHL22|KBTBD6|ARRDC4|MIB2|WDSUB1|SHPRH,-6.6
MyList,Reactome Gene Sets,6,R-HSA-73887,Death Receptor Signaling,,-8.6,7.4,9.2,30230,132,467,15,3.2,0.82,1540|3551|4615|6655|7410|8439|9138|9639|10451|10454|23229|50649|51107|55160|142678,CYLD|IKBKB|MYD88|SOS2|VAV2|NSMAF|ARHGEF1|ARHGEF10|VAV3|TAB1|ARHGEF9|ARHGEF4|APH1A|ARHGEF10L|MIB2,-6.5
MyList,GO Cellular Components,20,GO:0030990,intraciliary transport particle,,-8.6,21,12,30230,25,467,8,1.7,0.6,8100|9742|26160|55764|57560|57728|79809|90410,IFT88|IFT140|IFT172|IFT122|IFT80|WDR19|TTC21B|IFT20,-6.5
MyList,KEGG Pathway,24,hsa05208,Chemical carcinogenesis - reactive oxygen species,,-8.5,5.4,8.4,30230,227,467,19,4.1,0.91,673|2353|3551|4508|4514|4540|4541|4706|5290|5580|5587|5602|5609|6300|6391|6392|6655|9817|10975,BRAF|FOS|IKBKB|ATP6|COX3|ND5|ND6|NDUFAB1|PIK3CA|PRKCD|PRKD1|MAPK10|MAP2K7|MAPK12|SDHC|SDHD|SOS2|KEAP1|UQCR11,-6.4
MyList,GO Cellular Components,20,GO:0005774,vacuolar membrane,,-8.5,3.6,7.5,30230,518,467,29,6.2,1.1,20|21|373|1185|1186|5587|6836|6845|9681|9821|10325|10948|23001|23400|23461|26100|27072|55062|56262|64121|79109|79726|84061|84219|200576|201163|201931|253260|340061,ABCA2|ABCA3|TRIM23|CLCN6|CLCN7|PRKD1|SURF4|VAMP7|DEPDC5|RB1CC1|RRAGB|STARD3|WDFY3|ATP13A2|ABCA5|WIPI2|VPS41|WIPI1|LRRC8A|RRAGC|MAPKAP1|WDR59|MAGT1|WDR24|PIKFYVE|FLCN|TMEM192|RICTOR|STING1,-6.4
MyList,GO Biological Processes,19,GO:0032006,regulation of TOR signaling,19_GO:0050896 response to stimulus,-8.4,6.5,8.7,30230,160,467,16,3.4,0.84,406|5290|5563|9681|10325|23411|27244|57559|64121|79726|84219|84669|84861|201163|253260|729438,BMAL1|PIK3CA|PRKAA2|DEPDC5|RRAGB|SIRT1|SESN1|STAMBPL1|RRAGC|WDR59|WDR24|USP32|KLHL22|FLCN|RICTOR|CASTOR2,-6.3
MyList,GO Cellular Components,20,GO:0097542,ciliary tip,,-8.3,13,10,30230,51,467,10,2.1,0.67,1540|8100|9742|22920|26160|55764|57560|57728|79809|90410,CYLD|IFT88|IFT140|KIFAP3|IFT172|IFT122|IFT80|WDR19|TTC21B|IFT20,-6.2
MyList,GO Biological Processes,19,GO:0010508,positive regulation of autophagy,19_GO:0048518 positive regulation of biological process,-8.2,6.4,8.6,30230,163,467,16,3.4,0.84,373|5286|5563|5587|9517|9681|9821|11043|23032|23411|27244|55062|60673|84219|201163|340061,TRIM23|PIK3C2A|PRKAA2|PRKD1|SPTLC2|DEPDC5|RB1CC1|MID2|USP33|SIRT1|SESN1|WIPI1|ATG101|WDR24|FLCN|STING1,-6.2
MyList,Reactome Gene Sets,6,R-HSA-1852241,Organelle biogenesis and maintenance,,-8,4.6,7.8,30230,297,467,21,4.5,0.96,4508|5311|5563|6300|8100|8834|9742|22920|23354|26160|50807|51106|51422|55764|57560|57728|79809|79867|84131|90410|123016,ATP6|PKD2|PRKAA2|MAPK12|IFT88|TMEM11|IFT140|KIFAP3|HAUS5|IFT172|ASAP1|TFB1M|PRKAG2|IFT122|IFT80|WDR19|TTC21B|TCTN2|CEP78|IFT20|TTC8,-6
MyList,GO Cellular Components,20,GO:0061695,"transferase complex, transferring phosphorus-containing groups",,-7.9,4.3,7.6,30230,331,467,22,4.7,0.98,90|2068|2071|2968|3551|4615|5129|5290|5428|5563|6908|9821|10454|23049|30849|51422|55181|55703|57169|60673|200576|340061,ACVR1|ERCC2|ERCC3|GTF2H4|IKBKB|MYD88|CDK18|PIK3CA|POLG|PRKAA2|TBP|RB1CC1|TAB1|SMG1|PIK3R4|PRKAG2|SMG8|POLR3B|ZNFX1|ATG101|PIKFYVE|STING1,-5.9
MyList,GO Biological Processes,19,GO:0048193,Golgi vesicle transport,19_GO:0051179 localization,-7.9,4.5,7.6,30230,303,467,21,4.5,0.96,5587|6836|6845|8677|9179|9382|10079|10239|23041|23074|25837|27072|51542|55062|58485|65258|79591|80262|84342|134957|339122,PRKD1|SURF4|VAMP7|STX10|AP4M1|COG1|ATP9A|AP3S2|MON2|BLTP3B|RAB26|VPS41|VPS54|WIPI1|TRAPPC1|MPPE1|ARMH3|PHAF1|COG8|STXBP5|RAB43,-5.9
MyList,GO Cellular Components,20,GO:0005802,trans-Golgi network,,-7.7,4.6,7.6,30230,280,467,20,4.3,0.94,5286|5587|6845|8677|9179|9382|10079|11154|23682|26225|50807|51542|51761|55062|55676|57448|64924|80262|84342|339122,PIK3C2A|PRKD1|VAMP7|STX10|AP4M1|COG1|ATP9A|AP4S1|RAB38|ARL5A|ASAP1|VPS54|ATP8A2|WIPI1|SLC30A6|BIRC6|SLC30A5|PHAF1|COG8|RAB43,-5.7
MyList,GO Cellular Components,20,GO:0000151,ubiquitin ligase complex,,-7.4,3.8,7.1,30230,414,467,24,5.1,1,4289|5192|7126|9681|9817|23032|23038|23113|26249|29882|54620|55336|55958|57542|63891|64682|64750|79018|80067|84078|84447|84861|89890|142678,MKLN1|PEX10|TNFAIP1|DEPDC5|KEAP1|USP33|WDTC1|CUL9|KLHL3|ANAPC2|FBXL19|FBXL8|KLHL9|KLHL42|RNF123|ANAPC1|SMURF2|GID4|DCAF17|KBTBD7|SYVN1|KLHL22|KBTBD6|MIB2,-5.5
MyList,WikiPathways,27,WP5470,Effect of omega 3 PUFA on Huntington 39 s disease pathways,,-7.3,7,8.3,30230,120,467,13,2.8,0.76,2562|3551|5286|5287|5290|5563|5602|5609|6721|9252|30849|51422|253260,GABRB3|IKBKB|PIK3C2A|PIK3C2B|PIK3CA|PRKAA2|MAPK10|MAP2K7|SREBF2|RPS6KA5|PIK3R4|PRKAG2|RICTOR,-5.4
MyList,GO Biological Processes,19,GO:0046488,phosphatidylinositol metabolic process,19_GO:0009987 cellular process,-7.2,6.3,8,30230,144,467,14,3,0.79,1040|5286|5287|5290|9926|23049|30849|64924|65258|66036|84302|93183|128869|200576,CDS1|PIK3C2A|PIK3C2B|PIK3CA|LPGAT1|SMG1|PIK3R4|SLC30A5|MPPE1|MTMR9|PGAP4|PIGM|PIGU|PIKFYVE,-5.3
MyList,GO Biological Processes,19,GO:1903432,regulation of TORC1 signaling,19_GO:0050896 response to stimulus,-7.2,7.6,8.4,30230,102,467,12,2.6,0.73,5563|9681|10325|27244|57559|64121|79726|84219|84669|84861|201163|729438,PRKAA2|DEPDC5|RRAGB|SESN1|STAMBPL1|RRAGC|WDR59|WDR24|USP32|KLHL22|FLCN|CASTOR2,-5.3
MyList,KEGG Pathway,24,hsa04140,Autophagy - animal,,-7.2,5.7,7.7,30230,169,467,15,3.2,0.82,5290|5563|5580|5602|9821|10325|23001|26100|27072|30849|55062|57448|60673|64121|440275,PIK3CA|PRKAA2|PRKCD|MAPK10|RB1CC1|RRAGB|WDFY3|WIPI2|VPS41|PIK3R4|WIPI1|BIRC6|ATG101|RRAGC|EIF2AK4,-5.3
MyList,GO Cellular Components,20,GO:1902911,protein kinase complex,,-7.1,5.6,7.7,30230,172,467,15,3.2,0.82,90|2068|2071|2968|3551|4615|5129|5563|9821|10454|23049|51422|55181|60673|340061,ACVR1|ERCC2|ERCC3|GTF2H4|IKBKB|MYD88|CDK18|PRKAA2|RB1CC1|TAB1|SMG1|PRKAG2|SMG8|ATG101|STING1,-5.2
MyList,GO Cellular Components,20,GO:0000139,Golgi membrane,,-7.1,2.9,6.5,30230,711,467,32,6.9,1.2,373|757|1718|4249|6721|6836|8677|8693|9382|23461|25837|26035|50807|51107|51360|51761|55062|55454|55624|55638|56180|64924|79109|79591|83723|84302|84342|84669|90410|200576|339122|340061,TRIM23|TMEM50B|DHCR24|MGAT5|SREBF2|SURF4|STX10|GALNT4|COG1|ABCA5|RAB26|GLCE|ASAP1|APH1A|MBTPS2|ATP8A2|WIPI1|CSGALNACT2|POMGNT1|SYBU|MOSPD1|SLC30A5|MAPKAP1|ARMH3|TLCD3B|PGAP4|COG8|USP32|IFT20|PIKFYVE|RAB43|STING1,-5.2
MyList,GO Cellular Components,20,GO:0098791,Golgi apparatus subcompartment,,-7,3.7,6.9,30230,401,467,23,4.9,1,5286|5587|6845|8677|9179|9382|10079|11154|23682|26225|50807|51107|51542|51761|55062|55454|55676|57448|64924|80262|84342|124583|339122,PIK3C2A|PRKD1|VAMP7|STX10|AP4M1|COG1|ATP9A|AP4S1|RAB38|ARL5A|ASAP1|APH1A|VPS54|ATP8A2|WIPI1|CSGALNACT2|SLC30A6|BIRC6|SLC30A5|PHAF1|COG8|CANT1|RAB43,-5.2
MyList,Reactome Gene Sets,6,R-HSA-2262752,Cellular responses to stress,,-7,2.8,6.4,30230,789,467,34,7.3,1.2,406|2353|3310|4514|5563|5580|5602|5609|6095|7029|7290|7867|9681|9817|10325|23411|23511|25842|27244|29882|51360|55062|55706|64121|64682|79726|84219|84447|90423|167227|192670|201163|440275|729438,BMAL1|FOS|HSPA6|COX3|PRKAA2|PRKCD|MAPK10|MAP2K7|RORA|TFDP2|HIRA|MAPKAPK3|DEPDC5|KEAP1|RRAGB|SIRT1|NUP188|ASF1A|SESN1|ANAPC2|MBTPS2|WIPI1|NDC1|RRAGC|ANAPC1|WDR59|WDR24|SYVN1|ATP6V1E2|DCP2|AGO4|FLCN|EIF2AK4|CASTOR2,-5.2
MyList,GO Biological Processes,19,GO:0034198,cellular response to amino acid starvation,19_GO:0050896 response to stimulus,-6.9,11,9.1,30230,53,467,9,1.9,0.64,5587|9681|10325|27244|64121|79726|84219|201163|440275,PRKD1|DEPDC5|RRAGB|SESN1|RRAGC|WDR59|WDR24|FLCN|EIF2AK4,-5.1
MyList,WikiPathways,27,WP4666,Hepatitis B infection,,-6.9,6,7.7,30230,152,467,14,3,0.79,673|1959|2353|3551|4615|5290|5582|5602|5609|6300|6655|6773|6778|10454,BRAF|EGR2|FOS|IKBKB|MYD88|PIK3CA|PRKCG|MAPK10|MAP2K7|MAPK12|SOS2|STAT2|STAT6|TAB1,-5.1
MyList,Reactome Gene Sets,6,R-HSA-5620924,Intraflagellar transport,,-6.9,11,9,30230,54,467,9,1.9,0.64,8100|9742|22920|26160|55764|57560|57728|79809|90410,IFT88|IFT140|KIFAP3|IFT172|IFT122|IFT80|WDR19|TTC21B|IFT20,-5
MyList,WikiPathways,27,WP3915,Angiopoietin like protein 8 regulatory pathway,,-6.8,6.4,7.8,30230,132,467,13,2.8,0.76,5286|5290|5563|5602|5609|6300|6655|6721|9252|30849|51422|79109|253260,PIK3C2A|PIK3CA|PRKAA2|MAPK10|MAP2K7|MAPK12|SOS2|SREBF2|RPS6KA5|PIK3R4|PRKAG2|MAPKAP1|RICTOR,-5
MyList,GO Biological Processes,19,GO:1990928,response to amino acid starvation,19_GO:0050896 response to stimulus,-6.8,11,8.9,30230,55,467,9,1.9,0.64,5587|9681|10325|27244|64121|79726|84219|201163|440275,PRKD1|DEPDC5|RRAGB|SESN1|RRAGC|WDR59|WDR24|FLCN|EIF2AK4,-5
MyList,Reactome Gene Sets,6,R-HSA-9639288,Amino acids regulate mTORC1,,-6.8,11,8.9,30230,55,467,9,1.9,0.64,9681|10325|27244|64121|79726|84219|90423|201163|729438,DEPDC5|RRAGB|SESN1|RRAGC|WDR59|WDR24|ATP6V1E2|FLCN|CASTOR2,-5
MyList,GO Biological Processes,19,GO:0006259,DNA metabolic process,19_GO:0009987 cellular process,-6.7,2.7,6.2,30230,777,467,33,7.1,1.2,2068|2071|2968|3981|4292|5428|7374|8882|9557|9582|9960|10463|11200|23049|23405|23411|25842|29086|51542|54617|54799|55135|64318|79605|80198|80314|81602|84142|84461|91419|93973|200316|257218,ERCC2|ERCC3|GTF2H4|LIG4|MLH1|POLG|UNG|ZPR1|CHD1L|APOBEC3B|USP3|SLC30A9|CHEK2|SMG1|DICER1|SIRT1|ASF1A|BABAM1|VPS54|INO80|MBTD1|WRAP53|NOC3L|PGBD5|MUS81|EPC1|CDADC1|ABRAXAS1|NEURL4|ATP23|ACTR8|APOBEC3F|SHPRH,-4.9
MyList,Reactome Gene Sets,6,R-HSA-193704,p75 NTR receptor-mediated signalling,,-6.6,7.6,8,30230,94,467,11,2.4,0.7,3551|4615|6655|7410|9138|9639|10451|23229|50649|51107|55160,IKBKB|MYD88|SOS2|VAV2|ARHGEF1|ARHGEF10|VAV3|ARHGEF9|ARHGEF4|APH1A|ARHGEF10L,-4.8
MyList,GO Biological Processes,19,GO:0006661,phosphatidylinositol biosynthetic process,19_GO:0009987 cellular process,-6.6,6.7,7.7,30230,116,467,12,2.6,0.73,1040|5286|5287|5290|23049|30849|64924|65258|84302|93183|128869|200576,CDS1|PIK3C2A|PIK3C2B|PIK3CA|SMG1|PIK3R4|SLC30A5|MPPE1|PGAP4|PIGM|PIGU|PIKFYVE,-4.8
MyList,KEGG Pathway,24,hsa05161,Hepatitis B,,-6.6,5.6,7.3,30230,163,467,14,3,0.79,673|1959|2353|3551|4615|5290|5582|5602|5609|6300|6655|6773|6778|10454,BRAF|EGR2|FOS|IKBKB|MYD88|PIK3CA|PRKCG|MAPK10|MAP2K7|MAPK12|SOS2|STAT2|STAT6|TAB1,-4.8
MyList,GO Biological Processes,19,GO:0019216,regulation of lipid metabolic process,19_GO:0050789 regulation of biological process,-6.6,3.8,6.6,30230,362,467,21,4.5,0.96,20|21|706|1958|5580|5581|6095|6721|8850|9926|10162|23038|23175|23399|23411|23682|26580|51360|51422|54704|66036,ABCA2|ABCA3|TSPO|EGR1|PRKCD|PRKCE|RORA|SREBF2|KAT2B|LPGAT1|LPCAT3|WDTC1|LPIN1|CTDNEP1|SIRT1|RAB38|BSCL2|MBTPS2|PRKAG2|PDP1|MTMR9,-4.8
MyList,CORUM,33,CORUM:6585,Intraflagellar transport complex A,,-6.6,52,14,30230,5,467,4,0.86,0.43,9742|55764|57728|79809,IFT140|IFT122|WDR19|TTC21B,-4.8
MyList,GO Biological Processes,19,GO:0061919,process utilizing autophagic mechanism,19_GO:0009987 cellular process,-6.5,3.9,6.6,30230,335,467,20,4.3,0.94,5287|5563|6845|9179|9821|9927|23001|23092|23400|26100|26249|27072|30849|55062|57655|60673|84219|91137|339122|340061,PIK3C2B|PRKAA2|VAMP7|AP4M1|RB1CC1|MFN2|WDFY3|ARHGAP26|ATP13A2|WIPI2|KLHL3|VPS41|PIK3R4|WIPI1|GRAMD1A|ATG101|WDR24|SLC25A46|RAB43|STING1,-4.7
MyList,GO Biological Processes,19,GO:0006914,autophagy,19_GO:0009987 cellular process,-6.5,3.9,6.6,30230,335,467,20,4.3,0.94,5287|5563|6845|9179|9821|9927|23001|23092|23400|26100|26249|27072|30849|55062|57655|60673|84219|91137|339122|340061,PIK3C2B|PRKAA2|VAMP7|AP4M1|RB1CC1|MFN2|WDFY3|ARHGAP26|ATP13A2|WIPI2|KLHL3|VPS41|PIK3R4|WIPI1|GRAMD1A|ATG101|WDR24|SLC25A46|RAB43|STING1,-4.7
MyList,GO Biological Processes,19,GO:0032008,positive regulation of TOR signaling,19_GO:0048518 positive regulation of biological process,-6.4,8.2,8,30230,79,467,10,2.1,0.67,5290|10325|57559|64121|79726|84219|84669|84861|201163|253260,PIK3CA|RRAGB|STAMBPL1|RRAGC|WDR59|WDR24|USP32|KLHL22|FLCN|RICTOR,-4.6
MyList,KEGG Pathway,24,hsa05014,Amyotrophic lateral sclerosis,,-6.4,3.7,6.5,30230,371,467,21,4.5,0.96,2733|4508|4514|4540|4541|4706|6300|6391|6392|9821|10975|23511|26100|29107|30849|55062|55706|60673|79139|90550|144983,GLE1|ATP6|COX3|ND5|ND6|NDUFAB1|MAPK12|SDHC|SDHD|RB1CC1|UQCR11|NUP188|WIPI2|NXT1|PIK3R4|WIPI1|NDC1|ATG101|DERL1|MCU|HNRNPA1L2,-4.6
MyList,KEGG Pathway,24,hsa05131,Shigellosis,,-6.3,4.3,6.7,30230,253,467,17,3.6,0.87,3551|3611|4615|5290|5580|5581|5602|6300|9252|10325|10454|26100|30849|55062|57180|64121|340061,IKBKB|ILK|MYD88|PIK3CA|PRKCD|PRKCE|MAPK10|MAPK12|RPS6KA5|RRAGB|TAB1|WIPI2|PIK3R4|WIPI1|ACTR3B|RRAGC|STING1,-4.6
MyList,GO Biological Processes,19,GO:0033044,regulation of chromosome organization,19_GO:0050789 regulation of biological process,-6.3,4.3,6.7,30230,253,467,17,3.6,0.87,3981|4931|5609|8850|10592|23049|23411|29882|51776|54617|55135|56984|57520|64682|84861|93973|167227,LIG4|NVL|MAP2K7|KAT2B|SMC2|SMG1|SIRT1|ANAPC2|MAP3K20|INO80|WRAP53|PSMG2|HECW2|ANAPC1|KLHL22|ACTR8|DCP2,-4.6
MyList,GO Biological Processes,19,GO:0016236,macroautophagy,19_GO:0009987 cellular process,-6.3,4.6,6.8,30230,225,467,16,3.4,0.84,5287|6845|9179|9821|9927|23001|23092|23400|26100|26249|27072|30849|55062|60673|339122|340061,PIK3C2B|VAMP7|AP4M1|RB1CC1|MFN2|WDFY3|ARHGAP26|ATP13A2|WIPI2|KLHL3|VPS41|PIK3R4|WIPI1|ATG101|RAB43|STING1,-4.6
MyList,GO Biological Processes,19,GO:0016241,regulation of macroautophagy,19_GO:0050789 regulation of biological process,-6.3,4.9,6.9,30230,199,467,15,3.2,0.82,706|5290|5563|6721|9517|9638|23032|23400|23411|27244|30849|55062|84219|90423|340061,TSPO|PIK3CA|PRKAA2|SREBF2|SPTLC2|FEZ1|USP33|ATP13A2|SIRT1|SESN1|PIK3R4|WIPI1|WDR24|ATP6V1E2|STING1,-4.5
MyList,GO Biological Processes,19,GO:0055088,lipid homeostasis,19_GO:0042592 homeostatic process,-6.2,4.9,6.9,30230,200,467,15,3.2,0.82,20|21|706|3988|5563|6095|6721|6836|9481|23400|23411|23461|79850|83723|91137,ABCA2|ABCA3|TSPO|LIPA|PRKAA2|RORA|SREBF2|SURF4|SLC25A27|ATP13A2|SIRT1|ABCA5|TLCD3A|TLCD3B|SLC25A46,-4.5
MyList,Reactome Gene Sets,6,R-HSA-5617833,Cilium Assembly,,-6.2,4.8,6.8,30230,201,467,15,3.2,0.82,5311|8100|9742|22920|23354|26160|50807|55764|57560|57728|79809|79867|84131|90410|123016,PKD2|IFT88|IFT140|KIFAP3|HAUS5|IFT172|ASAP1|IFT122|IFT80|WDR19|TTC21B|TCTN2|CEP78|IFT20|TTC8,-4.5
MyList,WikiPathways,27,WP4536,Genes related to primary cilium development based on CRISPR,,-6.2,6.8,7.5,30230,104,467,11,2.4,0.7,8100|9742|22920|26160|55764|57560|57728|79809|79867|90410|123016,IFT88|IFT140|KIFAP3|IFT172|IFT122|IFT80|WDR19|TTC21B|TCTN2|IFT20|TTC8,-4.5
MyList,Reactome Gene Sets,6,R-HSA-1428517,Aerobic respiration and respiratory electron transport,,-6.2,4.3,6.6,30230,258,467,17,3.6,0.87,4289|4508|4514|4540|4541|4706|6391|6392|9016|9481|10873|10975|51300|51660|54704|79018|119559,MKLN1|ATP6|COX3|ND5|ND6|NDUFAB1|SDHC|SDHD|SLC25A14|SLC25A27|ME3|UQCR11|TIMMDC1|MPC1|PDP1|GID4|SFXN4,-4.5
MyList,WikiPathways,27,WP5531,AKT signaling and ARTD family members,,-6.1,13,9,30230,34,467,7,1.5,0.56,5286|5287|5290|23411|30849|79109|253260,PIK3C2A|PIK3C2B|PIK3CA|SIRT1|PIK3R4|MAPKAP1|RICTOR,-4.4
MyList,Reactome Gene Sets,6,R-HSA-1483206,Glycerophospholipid biosynthesis,,-6.1,6,7.2,30230,129,467,12,2.6,0.73,1040|8443|9489|9926|10162|23175|23761|27132|51205|56261|81490|114971,CDS1|GNPAT|PGS1|LPGAT1|LPCAT3|LPIN1|PISD|CPNE7|ACP6|GPCPD1|PTDSS2|PTPMT1,-4.4
MyList,GO Biological Processes,19,GO:0051056,regulation of small GTPase mediated signal transduction,19_GO:0050896 response to stimulus,-6.1,3.8,6.4,30230,323,467,19,4.1,0.91,5922|7126|7410|9138|9639|9927|10451|22821|23092|23229|50649|55160|79109|79658|81704|84078|89890|143872|201163,RASA2|TNFAIP1|VAV2|ARHGEF1|ARHGEF10|MFN2|VAV3|RASA3|ARHGAP26|ARHGEF9|ARHGEF4|ARHGEF10L|MAPKAP1|ARHGAP10|DOCK8|KBTBD7|KBTBD6|ARHGAP42|FLCN,-4.4
MyList,GO Biological Processes,19,GO:0140694,membraneless organelle assembly,19_GO:0009987 cellular process,-6,3.5,6.2,30230,390,467,21,4.5,0.96,1040|3833|4292|4706|8225|8736|9639|11200|22868|23354|23761|25819|26580|51106|54617|64745|64946|81554|84142|85378|127294,CDS1|KIFC1|MLH1|NDUFAB1|GTPBP6|MYOM1|ARHGEF10|CHEK2|FASTKD2|HAUS5|PISD|NOCT|BSCL2|TFB1M|INO80|METTL17|CENPH|RCC1L|ABRAXAS1|TUBGCP6|MYOM3,-4.4
MyList,GO Biological Processes,19,GO:0046890,regulation of lipid biosynthetic process,19_GO:0050789 regulation of biological process,-6,4.6,6.6,30230,209,467,15,3.2,0.82,20|21|706|1958|5580|6721|8850|9926|10162|23038|23175|23399|23411|23682|51360,ABCA2|ABCA3|TSPO|EGR1|PRKCD|SREBF2|KAT2B|LPGAT1|LPCAT3|WDTC1|LPIN1|CTDNEP1|SIRT1|RAB38|MBTPS2,-4.3
MyList,Reactome Gene Sets,6,R-HSA-168138,Toll Like Receptor 9 (TLR9) Cascade,,-6,6.5,7.2,30230,109,467,11,2.4,0.7,2353|3551|4615|5602|5609|7867|9252|10454|30849|57161|79671,FOS|IKBKB|MYD88|MAPK10|MAP2K7|MAPKAPK3|RPS6KA5|TAB1|PIK3R4|PELI2|NLRX1,-4.3
MyList,GO Biological Processes,19,GO:0006281,DNA repair,19_GO:0050896 response to stimulus,-6,3,6,30230,532,467,25,5.4,1,2068|2071|2968|3981|4292|5428|7374|9557|9960|10463|11200|23049|23411|25842|29086|54617|54799|55135|80198|80314|84142|84461|91419|93973|257218,ERCC2|ERCC3|GTF2H4|LIG4|MLH1|POLG|UNG|CHD1L|USP3|SLC30A9|CHEK2|SMG1|SIRT1|ASF1A|BABAM1|INO80|MBTD1|WRAP53|MUS81|EPC1|ABRAXAS1|NEURL4|ATP23|ACTR8|SHPRH,-4.3
MyList,WikiPathways,27,WP5234,Bardet Biedl syndrome,,-6,7.4,7.5,30230,88,467,10,2.1,0.67,406|5311|9742|26160|55764|57560|57728|79809|123016|201163,BMAL1|PKD2|IFT140|IFT172|IFT122|IFT80|WDR19|TTC21B|TTC8|FLCN,-4.3
MyList,GO Biological Processes,19,GO:0072522,purine-containing compound biosynthetic process,19_GO:0009987 cellular process,-5.9,4.3,6.5,30230,239,467,16,3.4,0.84,2182|2977|3988|4508|4540|4541|4706|4833|6391|6392|9374|11001|25875|26289|51422|197322,ACSL4|GUCY1A2|LIPA|ATP6|ND5|ND6|NDUFAB1|NME4|SDHC|SDHD|PPT2|SLC27A2|LETMD1|AK5|PRKAG2|ACSF3,-4.3
MyList,GO Cellular Components,20,GO:0031463,Cul3-RING ubiquitin ligase complex,,-5.9,8.4,7.8,30230,69,467,9,1.9,0.64,7126|9681|9817|26249|55958|57542|84078|84861|89890,TNFAIP1|DEPDC5|KEAP1|KLHL3|KLHL9|KLHL42|KBTBD7|KLHL22|KBTBD6,-4.3
MyList,GO Cellular Components,20,GO:1902554,serine/threonine protein kinase complex,,-5.9,5.3,6.8,30230,158,467,13,2.8,0.76,90|2068|2071|2968|3551|4615|5129|9821|10454|23049|55181|60673|340061,ACVR1|ERCC2|ERCC3|GTF2H4|IKBKB|MYD88|CDK18|RB1CC1|TAB1|SMG1|SMG8|ATG101|STING1,-4.3
MyList,GO Biological Processes,19,GO:0007005,mitochondrion organization,19_GO:0009987 cellular process,-5.9,3.6,6.2,30230,363,467,20,4.3,0.94,3988|4540|4541|8834|9638|9927|23682|23761|25875|26521|51300|51537|51542|54968|55669|81554|91137|91419|114971|131474,LIPA|ND5|ND6|TMEM11|FEZ1|MFN2|RAB38|PISD|LETMD1|TIMM8B|TIMMDC1|MTFP1|VPS54|TMEM70|MFN1|RCC1L|SLC25A46|ATP23|PTPMT1|CHCHD4,-4.3
MyList,WikiPathways,27,WP4803,Ciliopathies,,-5.9,4.9,6.7,30230,184,467,14,3,0.79,5311|9742|26160|30849|55624|55764|57560|57728|79809|79867|83479|84131|123016|201163,PKD2|IFT140|IFT172|PIK3R4|POMGNT1|IFT122|IFT80|WDR19|TTC21B|TCTN2|DDX59|CEP78|TTC8|FLCN,-4.3
MyList,GO Biological Processes,19,GO:0033365,protein localization to organelle,19_GO:0051179 localization,-5.9,2.7,5.7,30230,725,467,30,6.4,1.1,706|5192|5563|5824|9179|9742|11043|23041|23399|23400|23511|25842|26225|26521|27072|30849|50807|51542|55135|55764|57560|57728|64121|79809|79867|84131|90410|131474|200576|340061,TSPO|PEX10|PRKAA2|PEX19|AP4M1|IFT140|MID2|MON2|CTDNEP1|ATP13A2|NUP188|ASF1A|ARL5A|TIMM8B|VPS41|PIK3R4|ASAP1|VPS54|WRAP53|IFT122|IFT80|WDR19|RRAGC|TTC21B|TCTN2|CEP78|IFT20|CHCHD4|PIKFYVE|STING1,-4.2
MyList,WikiPathways,27,WP481,Insulin signaling,,-5.9,5.3,6.8,30230,160,467,13,2.8,0.76,1958|2353|3551|5286|5290|5563|5580|5602|5609|6300|6655|9252|30849,EGR1|FOS|IKBKB|PIK3C2A|PIK3CA|PRKAA2|PRKCD|MAPK10|MAP2K7|MAPK12|SOS2|RPS6KA5|PIK3R4,-4.2
MyList,GO Biological Processes,19,GO:0006091,generation of precursor metabolites and energy,19_GO:0009987 cellular process,-5.9,3.5,6.1,30230,367,467,20,4.3,0.94,3988|4504|4508|4514|4540|4541|4706|6391|6392|9016|9821|9927|10975|26100|51422|51542|55062|63933|90550|114789,LIPA|MT3|ATP6|COX3|ND5|ND6|NDUFAB1|SDHC|SDHD|SLC25A14|RB1CC1|MFN2|UQCR11|WIPI2|PRKAG2|VPS54|WIPI1|MCUR1|MCU|SLC25A25,-4.2
MyList,GO Biological Processes,19,GO:0015980,energy derivation by oxidation of organic compounds,19_GO:0009987 cellular process,-5.8,3.8,6.2,30230,305,467,18,3.9,0.89,3988|4504|4508|4514|4540|4541|4706|6391|6392|9016|9821|9927|10975|26100|51422|51542|55062|114789,LIPA|MT3|ATP6|COX3|ND5|ND6|NDUFAB1|SDHC|SDHD|SLC25A14|RB1CC1|MFN2|UQCR11|WIPI2|PRKAG2|VPS54|WIPI1|SLC25A25,-4.2
MyList,KEGG Pathway,24,hsa04621,NOD-like receptor signaling pathway,,-5.8,4.8,6.6,30230,189,467,14,3,0.79,3551|4615|4938|5580|5602|6041|6300|6773|9927|10454|55669|79671|90550|340061,IKBKB|MYD88|OAS1|PRKCD|MAPK10|RNASEL|MAPK12|STAT2|MFN2|TAB1|MFN1|NLRX1|MCU|STING1,-4.1
MyList,GO Cellular Components,20,GO:0032588,trans-Golgi network membrane,,-5.8,6.2,7,30230,114,467,11,2.4,0.7,8677|9179|9382|10079|11154|50807|51542|55676|64924|84342|339122,STX10|AP4M1|COG1|ATP9A|AP4S1|ASAP1|VPS54|SLC30A6|SLC30A5|COG8|RAB43,-4.1
MyList,KEGG Pathway,24,hsa05135,Yersinia infection,,-5.8,5.6,6.8,30230,138,467,12,2.6,0.73,2353|3551|4615|5290|5602|5609|6300|7410|9138|10451|10454|57180,FOS|IKBKB|MYD88|PIK3CA|MAPK10|MAP2K7|MAPK12|VAV2|ARHGEF1|VAV3|TAB1|ACTR3B,-4.1
MyList,GO Biological Processes,19,GO:0042073,intraciliary transport,19_GO:0051179 localization,-5.8,9.6,7.9,30230,54,467,8,1.7,0.6,8100|9742|26160|55764|57560|57728|79809|90410,IFT88|IFT140|IFT172|IFT122|IFT80|WDR19|TTC21B|IFT20,-4.1
MyList,WikiPathways,27,WP382,MAPK signaling,,-5.8,4.2,6.3,30230,247,467,16,3.4,0.84,673|2353|3310|3551|5580|5582|5602|5609|5922|6300|6655|7867|9252|10454|27091|51776,BRAF|FOS|HSPA6|IKBKB|PRKCD|PRKCG|MAPK10|MAP2K7|RASA2|MAPK12|SOS2|MAPKAPK3|RPS6KA5|TAB1|CACNG5|MAP3K20,-4.1
MyList,Reactome Gene Sets,6,R-HSA-983169,Class I MHC mediated antigen processing & presentation,,-5.7,3.5,6,30230,373,467,20,4.3,0.94,3551|4615|7328|8925|9817|26249|29882|30849|54620|55336|55958|57520|57542|63891|64682|64750|84078|84861|89890|142678,IKBKB|MYD88|UBE2H|HERC1|KEAP1|KLHL3|ANAPC2|PIK3R4|FBXL19|FBXL8|KLHL9|HECW2|KLHL42|RNF123|ANAPC1|SMURF2|KBTBD7|KLHL22|KBTBD6|MIB2,-4.1
MyList,GO Biological Processes,19,GO:1905037,autophagosome organization,19_GO:0009987 cellular process,-5.7,7,7.2,30230,93,467,10,2.1,0.67,5287|9179|9821|9927|23400|26100|55062|60673|339122|340061,PIK3C2B|AP4M1|RB1CC1|MFN2|ATP13A2|WIPI2|WIPI1|ATG101|RAB43|STING1,-4.1
MyList,Reactome Gene Sets,6,R-HSA-204998,"Cell death signalling via NRAGE, NRIF and NADE",,-5.7,8,7.5,30230,73,467,9,1.9,0.64,6655|7410|9138|9639|10451|23229|50649|51107|55160,SOS2|VAV2|ARHGEF1|ARHGEF10|VAV3|ARHGEF9|ARHGEF4|APH1A|ARHGEF10L,-4.1
MyList,GO Biological Processes,19,GO:0000959,mitochondrial RNA metabolic process,19_GO:0009987 cellular process,-5.7,9.4,7.8,30230,55,467,8,1.7,0.6,9238|22868|51106|54802|55149|57570|79736|80324,TBRG4|FASTKD2|TFB1M|TRIT1|MTPAP|TRMT5|TEFM|PUS1,-4.1
MyList,Reactome Gene Sets,6,R-HSA-168142,Toll Like Receptor 10 (TLR10) Cascade,,-5.7,6.8,7.1,30230,95,467,10,2.1,0.67,2353|3551|4615|5602|5609|7867|9252|10454|57161|79671,FOS|IKBKB|MYD88|MAPK10|MAP2K7|MAPKAPK3|RPS6KA5|TAB1|PELI2|NLRX1,-4
MyList,Reactome Gene Sets,6,R-HSA-975871,MyD88 cascade initiated on plasma membrane,,-5.7,6.8,7.1,30230,95,467,10,2.1,0.67,2353|3551|4615|5602|5609|7867|9252|10454|57161|79671,FOS|IKBKB|MYD88|MAPK10|MAP2K7|MAPKAPK3|RPS6KA5|TAB1|PELI2|NLRX1,-4
MyList,Reactome Gene Sets,6,R-HSA-168176,Toll Like Receptor 5 (TLR5) Cascade,,-5.7,6.8,7.1,30230,95,467,10,2.1,0.67,2353|3551|4615|5602|5609|7867|9252|10454|57161|79671,FOS|IKBKB|MYD88|MAPK10|MAP2K7|MAPKAPK3|RPS6KA5|TAB1|PELI2|NLRX1,-4
MyList,GO Biological Processes,19,GO:1904263,positive regulation of TORC1 signaling,19_GO:0048518 positive regulation of biological process,-5.6,9.2,7.7,30230,56,467,8,1.7,0.6,10325|57559|64121|79726|84219|84669|84861|201163,RRAGB|STAMBPL1|RRAGC|WDR59|WDR24|USP32|KLHL22|FLCN,-4
MyList,GO Cellular Components,20,GO:0035859,Seh1-associated complex,,-5.6,22,10,30230,15,467,5,1.1,0.48,9681|27244|79726|84219|729438,DEPDC5|SESN1|WDR59|WDR24|CASTOR2,-4
MyList,GO Biological Processes,19,GO:0009314,response to radiation,19_GO:0050896 response to stimulus,-5.6,3.2,5.8,30230,448,467,22,4.7,0.98,24|673|1040|1958|2068|2071|2353|3981|5580|5602|5609|11200|23411|29086|51761|51776|54617|84142|84446|90410|92840|440275,ABCA4|BRAF|CDS1|EGR1|ERCC2|ERCC3|FOS|LIG4|PRKCD|MAPK10|MAP2K7|CHEK2|SIRT1|BABAM1|ATP8A2|MAP3K20|INO80|ABRAXAS1|BRSK1|IFT20|REEP6|EIF2AK4,-4
MyList,Reactome Gene Sets,6,R-HSA-3700989,Transcriptional Regulation by TP53,,-5.6,3.5,6,30230,348,467,19,4.1,0.91,1121|2068|2071|2353|2968|4292|4514|5563|5934|6908|7029|10325|11200|27244|51422|64121|79109|192670|253260,CHM|ERCC2|ERCC3|FOS|GTF2H4|MLH1|COX3|PRKAA2|RBL2|TBP|TFDP2|RRAGB|CHEK2|SESN1|PRKAG2|RRAGC|MAPKAP1|AGO4|RICTOR,-4
MyList,Reactome Gene Sets,6,R-HSA-193648,NRAGE signals death through JNK,,-5.6,9.1,7.7,30230,57,467,8,1.7,0.6,6655|7410|9138|9639|10451|23229|50649|55160,SOS2|VAV2|ARHGEF1|ARHGEF10|VAV3|ARHGEF9|ARHGEF4|ARHGEF10L,-4
MyList,KEGG Pathway,24,hsa05017,Spinocerebellar ataxia,,-5.6,5.4,6.6,30230,144,467,12,2.6,0.73,1600|5290|5582|5602|6095|6908|9821|26100|30849|55062|60673|90550,DAB1|PIK3CA|PRKCG|MAPK10|RORA|TBP|RB1CC1|WIPI2|PIK3R4|WIPI1|ATG101|MCU,-4
MyList,GO Biological Processes,19,GO:0009206,purine ribonucleoside triphosphate biosynthetic process,19_GO:0009987 cellular process,-5.6,6.7,7,30230,97,467,10,2.1,0.67,3988|4508|4540|4541|4706|4833|6391|6392|25875|51422,LIPA|ATP6|ND5|ND6|NDUFAB1|NME4|SDHC|SDHD|LETMD1|PRKAG2,-4
MyList,GO Cellular Components,20,GO:0005815,microtubule organizing center,,-5.6,2.5,5.5,30230,793,467,31,6.6,1.2,20|1540|2733|3310|3611|3833|3985|5311|5563|8100|8850|9638|9639|9742|22920|23032|23354|26160|50807|55764|57448|57560|84131|84446|84461|84861|85378|90410|123016|201163|387119,ABCA2|CYLD|GLE1|HSPA6|ILK|KIFC1|LIMK2|PKD2|PRKAA2|IFT88|KAT2B|FEZ1|ARHGEF10|IFT140|KIFAP3|USP33|HAUS5|IFT172|ASAP1|IFT122|BIRC6|IFT80|CEP78|BRSK1|NEURL4|KLHL22|TUBGCP6|IFT20|TTC8|FLCN|CEP85L,-4
MyList,GO Biological Processes,19,GO:0006468,protein phosphorylation,19_GO:0009987 cellular process,-5.6,3.7,6,30230,318,467,18,3.9,0.89,673|3551|3985|5580|5587|5602|6041|8476|9252|9874|11200|23049|30849|51776|57448|84446|200576|440275,BRAF|IKBKB|LIMK2|PRKCD|PRKD1|MAPK10|RNASEL|CDC42BPA|RPS6KA5|TLK1|CHEK2|SMG1|PIK3R4|MAP3K20|BIRC6|BRSK1|PIKFYVE|EIF2AK4,-4
MyList,GO Biological Processes,19,GO:0009152,purine ribonucleotide biosynthetic process,19_GO:0009987 cellular process,-5.5,5.4,6.6,30230,145,467,12,2.6,0.73,2977|3988|4508|4540|4541|4706|4833|6391|6392|25875|26289|51422,GUCY1A2|LIPA|ATP6|ND5|ND6|NDUFAB1|NME4|SDHC|SDHD|LETMD1|AK5|PRKAG2,-3.9
MyList,Reactome Gene Sets,6,R-HSA-1632852,Macroautophagy,,-5.5,5.4,6.6,30230,145,467,12,2.6,0.73,5563|8100|9821|9927|10325|26100|30849|51422|55062|55669|60673|64121,PRKAA2|IFT88|RB1CC1|MFN2|RRAGB|WIPI2|PIK3R4|PRKAG2|WIPI1|MFN1|ATG101|RRAGC,-3.9
MyList,Reactome Gene Sets,6,R-HSA-382551,Transport of small molecules,,-5.5,2.6,5.5,30230,716,467,29,6.2,1.1,20|21|22|24|1185|1186|1468|3988|5824|6515|6533|10079|23400|23456|23461|51360|51761|56262|57380|64924|79139|81539|84061|90423|90550|114134|123096|221154|286097,ABCA2|ABCA3|ABCB7|ABCA4|CLCN6|CLCN7|SLC25A10|LIPA|PEX19|SLC2A3|SLC6A6|ATP9A|ATP13A2|ABCB10|ABCA5|MBTPS2|ATP8A2|LRRC8A|MRS2|SLC30A5|DERL1|SLC38A1|MAGT1|ATP6V1E2|MCU|SLC2A13|SLC25A29|MICU2|MICU3,-3.9
MyList,GO Biological Processes,19,GO:0009145,purine nucleoside triphosphate biosynthetic process,19_GO:0009987 cellular process,-5.5,6.6,7,30230,98,467,10,2.1,0.67,3988|4508|4540|4541|4706|4833|6391|6392|25875|51422,LIPA|ATP6|ND5|ND6|NDUFAB1|NME4|SDHC|SDHD|LETMD1|PRKAG2,-3.9
MyList,GO Biological Processes,19,GO:0032007,negative regulation of TOR signaling,19_GO:0048519 negative regulation of biological process,-5.5,7.6,7.2,30230,77,467,9,1.9,0.64,406|5563|9681|23411|27244|79726|84219|201163|729438,BMAL1|PRKAA2|DEPDC5|SIRT1|SESN1|WDR59|WDR24|FLCN|CASTOR2,-3.9
MyList,GO Biological Processes,19,GO:0061668,mitochondrial ribosome assembly,19_GO:0009987 cellular process,-5.5,14,8.7,30230,27,467,6,1.3,0.52,4706|8225|22868|51106|64745|81554,NDUFAB1|GTPBP6|FASTKD2|TFB1M|METTL17|RCC1L,-3.9
MyList,GO Biological Processes,19,GO:0140053,mitochondrial gene expression,19_GO:0009987 cellular process,-5.5,5.3,6.6,30230,146,467,12,2.6,0.73,9238|22868|23395|51106|54802|55149|57038|57570|79736|80324|84340|283459,TBRG4|FASTKD2|LARS2|TFB1M|TRIT1|MTPAP|RARS2|TRMT5|TEFM|PUS1|GFM2|GATC,-3.9
MyList,GO Biological Processes,19,GO:0006869,lipid transport,19_GO:0051179 localization,-5.5,3.5,5.9,30230,354,467,19,4.1,0.91,20|21|24|706|1468|3988|4833|6836|9885|10079|10478|10948|11001|23074|23461|51542|51761|57655|91869,ABCA2|ABCA3|ABCA4|TSPO|SLC25A10|LIPA|NME4|SURF4|OSBPL2|ATP9A|SLC25A17|STARD3|SLC27A2|BLTP3B|ABCA5|VPS54|ATP8A2|GRAMD1A|RFT1,-3.9
MyList,GO Biological Processes,19,GO:0010876,lipid localization,19_GO:0051179 localization,-5.5,3.5,5.9,30230,355,467,19,4.1,0.91,20|21|24|706|1468|3988|4833|6836|9885|10079|10478|10948|11001|23074|23461|51542|51761|57655|91869,ABCA2|ABCA3|ABCA4|TSPO|SLC25A10|LIPA|NME4|SURF4|OSBPL2|ATP9A|SLC25A17|STARD3|SLC27A2|BLTP3B|ABCA5|VPS54|ATP8A2|GRAMD1A|RFT1,-3.9
MyList,GO Biological Processes,19,GO:0044088,regulation of vacuole organization,19_GO:0050789 regulation of biological process,-5.5,8.8,7.5,30230,59,467,8,1.7,0.6,8100|9638|11200|23032|55062|90410|200576|201163,IFT88|FEZ1|CHEK2|USP33|WIPI1|IFT20|PIKFYVE|FLCN,-3.9
MyList,GO Biological Processes,19,GO:0006511,ubiquitin-dependent protein catabolic process,19_GO:0009987 cellular process,-5.5,2.8,5.5,30230,606,467,26,5.6,1.1,406|4289|5192|7126|7328|9817|23032|23113|23411|26249|29882|54542|54620|55336|55958|57520|57542|63891|64682|64750|79018|79139|84078|84447|84861|89890,BMAL1|MKLN1|PEX10|TNFAIP1|UBE2H|KEAP1|USP33|CUL9|SIRT1|KLHL3|ANAPC2|RC3H2|FBXL19|FBXL8|KLHL9|HECW2|KLHL42|RNF123|ANAPC1|SMURF2|GID4|DERL1|KBTBD7|SYVN1|KLHL22|KBTBD6,-3.9
MyList,GO Biological Processes,19,GO:0009896,positive regulation of catabolic process,19_GO:0048518 positive regulation of biological process,-5.5,2.7,5.5,30230,645,467,27,5.8,1.1,20|373|4292|5286|5563|5580|5581|5587|9517|9681|9817|9821|11043|23032|23411|23658|25819|27244|27257|54542|55062|60673|84219|91304|167227|201163|340061,ABCA2|TRIM23|MLH1|PIK3C2A|PRKAA2|PRKCD|PRKCE|PRKD1|SPTLC2|DEPDC5|KEAP1|RB1CC1|MID2|USP33|SIRT1|LSM5|NOCT|SESN1|LSM1|RC3H2|WIPI1|ATG101|WDR24|TMEM259|DCP2|FLCN|STING1,-3.9
MyList,GO Biological Processes,19,GO:0051603,proteolysis involved in protein catabolic process,19_GO:0009987 cellular process,-5.4,2.6,5.4,30230,724,467,29,6.2,1.1,406|1519|4289|5192|7126|7328|9817|23032|23113|23411|26249|29882|54542|54620|55336|55958|57520|57542|57560|63891|64682|64750|79018|79139|84078|84447|84861|89890|89970,BMAL1|CTSO|MKLN1|PEX10|TNFAIP1|UBE2H|KEAP1|USP33|CUL9|SIRT1|KLHL3|ANAPC2|RC3H2|FBXL19|FBXL8|KLHL9|HECW2|KLHL42|IFT80|RNF123|ANAPC1|SMURF2|GID4|DERL1|KBTBD7|SYVN1|KLHL22|KBTBD6|RSPRY1,-3.9
MyList,KEGG Pathway,24,hsa05010,Alzheimer disease,,-5.4,3.3,5.8,30230,391,467,20,4.3,0.94,673|3551|4508|4514|4540|4541|4706|5290|5602|5609|6391|6392|9821|10975|26100|30849|51107|55062|60673|90550,BRAF|IKBKB|ATP6|COX3|ND5|ND6|NDUFAB1|PIK3CA|MAPK10|MAP2K7|SDHC|SDHD|RB1CC1|UQCR11|WIPI2|PIK3R4|APH1A|WIPI1|ATG101|MCU,-3.9
MyList,GO Biological Processes,19,GO:0000209,protein polyubiquitination,19_GO:0009987 cellular process,-5.4,4,6,30230,262,467,16,3.4,0.84,5192|7328|11043|26249|29882|54542|57161|57542|63891|64682|84078|84219|84447|89890|91947|257218,PEX10|UBE2H|MID2|KLHL3|ANAPC2|RC3H2|PELI2|KLHL42|RNF123|ANAPC1|KBTBD7|WDR24|SYVN1|KBTBD6|ARRDC4|SHPRH,-3.9
MyList,GO Cellular Components,20,GO:0005777,peroxisome,,-5.4,5.2,6.5,30230,149,467,12,2.6,0.73,2182|5192|5824|8310|8443|10478|11001|25979|54996|55825|84129|340061,ACSL4|PEX10|PEX19|ACOX3|GNPAT|SLC25A17|SLC27A2|DHRS7B|MTARC2|PECR|ACAD11|STING1,-3.9
MyList,GO Cellular Components,20,GO:0042579,microbody,,-5.4,5.2,6.5,30230,149,467,12,2.6,0.73,2182|5192|5824|8310|8443|10478|11001|25979|54996|55825|84129|340061,ACSL4|PEX10|PEX19|ACOX3|GNPAT|SLC25A17|SLC27A2|DHRS7B|MTARC2|PECR|ACAD11|STING1,-3.9
MyList,Reactome Gene Sets,6,R-HSA-975138,TRAF6 mediated induction of NFkB and MAP kinases upon TLR7/8 or 9 activation,,-5.4,6.4,6.8,30230,101,467,10,2.1,0.67,2353|3551|4615|5602|5609|7867|9252|10454|57161|79671,FOS|IKBKB|MYD88|MAPK10|MAP2K7|MAPKAPK3|RPS6KA5|TAB1|PELI2|NLRX1,-3.8
MyList,GO Cellular Components,20,GO:0005741,mitochondrial outer membrane,,-5.4,4.2,6.1,30230,233,467,15,3.2,0.82,706|2182|2710|4504|4833|9927|23175|25875|54996|55669|57169|79109|79671|91137|340061,TSPO|ACSL4|GK|MT3|NME4|MFN2|LPIN1|LETMD1|MTARC2|MFN1|ZNFX1|MAPKAP1|NLRX1|SLC25A46|STING1,-3.8
MyList,KEGG Pathway,24,hsa05415,Diabetic cardiomyopathy,,-5.4,4.4,6.2,30230,205,467,14,3,0.79,4508|4514|4540|4541|4706|5290|5580|5582|5602|6300|6391|6392|10975|51660,ATP6|COX3|ND5|ND6|NDUFAB1|PIK3CA|PRKCD|PRKCG|MAPK10|MAPK12|SDHC|SDHD|UQCR11|MPC1,-3.8
MyList,GO Biological Processes,19,GO:0016310,phosphorylation,19_GO:0009987 cellular process,-5.4,3.4,5.8,30230,361,467,19,4.1,0.91,673|3551|3985|5580|5587|5602|6041|8476|9252|9874|11200|23049|30849|51776|56997|57448|84446|200576|440275,BRAF|IKBKB|LIMK2|PRKCD|PRKD1|MAPK10|RNASEL|CDC42BPA|RPS6KA5|TLK1|CHEK2|SMG1|PIK3R4|MAP3K20|COQ8A|BIRC6|BRSK1|PIKFYVE|EIF2AK4,-3.8
MyList,Reactome Gene Sets,6,R-HSA-975155,MyD88 dependent cascade initiated on endosome,,-5.4,6.3,6.8,30230,102,467,10,2.1,0.67,2353|3551|4615|5602|5609|7867|9252|10454|57161|79671,FOS|IKBKB|MYD88|MAPK10|MAP2K7|MAPKAPK3|RPS6KA5|TAB1|PELI2|NLRX1,-3.8
MyList,Reactome Gene Sets,6,R-HSA-983168,Antigen processing: Ubiquitination & Proteasome degradation,,-5.4,3.7,5.9,30230,296,467,17,3.6,0.87,7328|8925|9817|26249|29882|54620|55336|55958|57520|57542|63891|64682|64750|84078|84861|89890|142678,UBE2H|HERC1|KEAP1|KLHL3|ANAPC2|FBXL19|FBXL8|KLHL9|HECW2|KLHL42|RNF123|ANAPC1|SMURF2|KBTBD7|KLHL22|KBTBD6|MIB2,-3.8
MyList,GO Biological Processes,19,GO:0043161,proteasome-mediated ubiquitin-dependent protein catabolic process,19_GO:0009987 cellular process,-5.4,3.2,5.6,30230,431,467,21,4.5,0.96,406|4289|5192|7126|7328|9817|23411|26249|29882|54620|55336|55958|57542|64682|64750|79018|79139|84078|84447|84861|89890,BMAL1|MKLN1|PEX10|TNFAIP1|UBE2H|KEAP1|SIRT1|KLHL3|ANAPC2|FBXL19|FBXL8|KLHL9|KLHL42|ANAPC1|SMURF2|GID4|DERL1|KBTBD7|SYVN1|KLHL22|KBTBD6,-3.8
MyList,GO Biological Processes,19,GO:0009201,ribonucleoside triphosphate biosynthetic process,19_GO:0009987 cellular process,-5.3,6.3,6.7,30230,103,467,10,2.1,0.67,3988|4508|4540|4541|4706|4833|6391|6392|25875|51422,LIPA|ATP6|ND5|ND6|NDUFAB1|NME4|SDHC|SDHD|LETMD1|PRKAG2,-3.8
MyList,GO Biological Processes,19,GO:0000963,mitochondrial RNA processing,19_GO:0009987 cellular process,-5.3,13,8.4,30230,29,467,6,1.3,0.52,9238|22868|54802|55149|57570|80324,TBRG4|FASTKD2|TRIT1|MTPAP|TRMT5|PUS1,-3.8
MyList,WikiPathways,27,WP4577,Neurodegeneration with brain iron accumulation NBIA subtypes pathway,,-5.3,10,7.7,30230,44,467,7,1.5,0.56,9821|23400|26100|30849|55062|60673|80067,RB1CC1|ATP13A2|WIPI2|PIK3R4|WIPI1|ATG101|DCAF17,-3.8
MyList,GO Biological Processes,19,GO:0019941,modification-dependent protein catabolic process,19_GO:0009987 cellular process,-5.3,2.7,5.4,30230,618,467,26,5.6,1.1,406|4289|5192|7126|7328|9817|23032|23113|23411|26249|29882|54542|54620|55336|55958|57520|57542|63891|64682|64750|79018|79139|84078|84447|84861|89890,BMAL1|MKLN1|PEX10|TNFAIP1|UBE2H|KEAP1|USP33|CUL9|SIRT1|KLHL3|ANAPC2|RC3H2|FBXL19|FBXL8|KLHL9|HECW2|KLHL42|RNF123|ANAPC1|SMURF2|GID4|DERL1|KBTBD7|SYVN1|KLHL22|KBTBD6,-3.8
MyList,GO Biological Processes,19,GO:0061512,protein localization to cilium,19_GO:0051179 localization,-5.3,7.1,6.9,30230,82,467,9,1.9,0.64,9742|50807|55764|57560|57728|79809|79867|84131|90410,IFT140|ASAP1|IFT122|IFT80|WDR19|TTC21B|TCTN2|CEP78|IFT20,-3.8
MyList,GO Cellular Components,20,GO:0005765,lysosomal membrane,,-5.3,3,5.5,30230,471,467,22,4.7,0.98,20|21|373|1185|1186|6836|6845|9681|10325|10948|23400|23461|27072|56262|64121|79109|79726|84061|84219|201163|201931|253260,ABCA2|ABCA3|TRIM23|CLCN6|CLCN7|SURF4|VAMP7|DEPDC5|RRAGB|STARD3|ATP13A2|ABCA5|VPS41|LRRC8A|RRAGC|MAPKAP1|WDR59|MAGT1|WDR24|FLCN|TMEM192|RICTOR,-3.7
MyList,GO Biological Processes,19,GO:0044283,small molecule biosynthetic process,19_GO:0009987 cellular process,-5.3,3,5.5,30230,471,467,22,4.7,0.98,20|1468|1718|2182|3988|4706|5563|6307|9517|9677|9885|10682|10873|10948|11001|25902|51422|55825|56997|81539|84274|197322,ABCA2|SLC25A10|DHCR24|ACSL4|LIPA|NDUFAB1|PRKAA2|MSMO1|SPTLC2|PPIP5K1|OSBPL2|EBP|ME3|STARD3|SLC27A2|MTHFD1L|PRKAG2|PECR|COQ8A|SLC38A1|COQ5|ACSF3,-3.7
MyList,GO Cellular Components,20,GO:0098852,lytic vacuole membrane,,-5.3,3,5.5,30230,471,467,22,4.7,0.98,20|21|373|1185|1186|6836|6845|9681|10325|10948|23400|23461|27072|56262|64121|79109|79726|84061|84219|201163|201931|253260,ABCA2|ABCA3|TRIM23|CLCN6|CLCN7|SURF4|VAMP7|DEPDC5|RRAGB|STARD3|ATP13A2|ABCA5|VPS41|LRRC8A|RRAGC|MAPKAP1|WDR59|MAGT1|WDR24|FLCN|TMEM192|RICTOR,-3.7
MyList,GO Cellular Components,20,GO:0048471,perinuclear region of cytoplasm,,-5.3,2.5,5.3,30230,738,467,29,6.2,1.1,1540|1600|3985|4504|5290|5580|5581|5582|5587|5922|8677|8693|8882|9681|9885|10079|23032|23405|23682|25819|51542|54514|56180|66036|79109|79591|79658|201931|340061,CYLD|DAB1|LIMK2|MT3|PIK3CA|PRKCD|PRKCE|PRKCG|PRKD1|RASA2|STX10|GALNT4|ZPR1|DEPDC5|OSBPL2|ATP9A|USP33|DICER1|RAB38|NOCT|VPS54|DDX4|MOSPD1|MTMR9|MAPKAP1|ARMH3|ARHGAP10|TMEM192|STING1,-3.7
MyList,WikiPathways,27,WP111,Electron transport chain OXPHOS system in mitochondria,,-5.3,6.2,6.6,30230,105,467,10,2.1,0.67,4508|4514|4540|4541|4706|6391|6392|9016|9481|10975,ATP6|COX3|ND5|ND6|NDUFAB1|SDHC|SDHD|SLC25A14|SLC25A27|UQCR11,-3.7
MyList,GO Biological Processes,19,GO:0043632,modification-dependent macromolecule catabolic process,19_GO:0009987 cellular process,-5.3,2.7,5.4,30230,623,467,26,5.6,1.1,406|4289|5192|7126|7328|9817|23032|23113|23411|26249|29882|54542|54620|55336|55958|57520|57542|63891|64682|64750|79018|79139|84078|84447|84861|89890,BMAL1|MKLN1|PEX10|TNFAIP1|UBE2H|KEAP1|USP33|CUL9|SIRT1|KLHL3|ANAPC2|RC3H2|FBXL19|FBXL8|KLHL9|HECW2|KLHL42|RNF123|ANAPC1|SMURF2|GID4|DERL1|KBTBD7|SYVN1|KLHL22|KBTBD6,-3.7
MyList,WikiPathways,27,WP5504,Disorders of mitochondrial homeostatis dynamics protein import and quality control,,-5.3,8.2,7.2,30230,63,467,8,1.7,0.6,4285|6773|9927|51300|55669|84274|91137|119559,MIPEP|STAT2|MFN2|TIMMDC1|MFN1|COQ5|SLC25A46|SFXN4,-3.7
MyList,WikiPathways,27,WP4923,Autophagy,,-5.2,13,8.2,30230,30,467,6,1.3,0.52,5563|9821|26100|30849|51422|60673,PRKAA2|RB1CC1|WIPI2|PIK3R4|PRKAG2|ATG101,-3.7
MyList,Reactome Gene Sets,6,R-HSA-168181,Toll Like Receptor 7/8 (TLR7/8) Cascade,,-5.2,6.1,6.6,30230,106,467,10,2.1,0.67,2353|3551|4615|5602|5609|7867|9252|10454|57161|79671,FOS|IKBKB|MYD88|MAPK10|MAP2K7|MAPKAPK3|RPS6KA5|TAB1|PELI2|NLRX1,-3.7
MyList,GO Biological Processes,19,GO:0035720,intraciliary anterograde transport,19_GO:0051179 localization,-5.2,18,9,30230,18,467,5,1.1,0.48,8100|26160|55764|57560|90410,IFT88|IFT172|IFT122|IFT80|IFT20,-3.7
MyList,GO Biological Processes,19,GO:0009101,glycoprotein biosynthetic process,19_GO:0009987 cellular process,-5.2,3.8,5.8,30230,273,467,16,3.4,0.84,1798|4249|8693|10195|10585|26035|29880|29929|29954|54916|55454|55624|84061|91869|124583|729920,DPAGT1|MGAT5|GALNT4|ALG3|POMT1|GLCE|ALG5|ALG6|POMT2|TMEM260|CSGALNACT2|POMGNT1|MAGT1|RFT1|CANT1|CRPPA,-3.7
MyList,GO Cellular Components,20,GO:0031461,cullin-RING ubiquitin ligase complex,,-5.2,3.8,5.8,30230,273,467,16,3.4,0.84,7126|9681|9817|23038|23113|26249|29882|54620|55336|55958|57542|64682|80067|84078|84861|89890,TNFAIP1|DEPDC5|KEAP1|WDTC1|CUL9|KLHL3|ANAPC2|FBXL19|FBXL8|KLHL9|KLHL42|ANAPC1|DCAF17|KBTBD7|KLHL22|KBTBD6,-3.7
MyList,GO Cellular Components,20,GO:0000421,autophagosome membrane,,-5.2,8.1,7.1,30230,64,467,8,1.7,0.6,5587|6845|9821|23001|23400|26100|55062|340061,PRKD1|VAMP7|RB1CC1|WDFY3|ATP13A2|WIPI2|WIPI1|STING1,-3.7
MyList,KEGG Pathway,24,hsa04932,Non-alcoholic fatty liver disease,,-5.2,4.9,6.2,30230,157,467,12,2.6,0.73,2353|3551|4514|4706|5290|5563|5602|6300|6391|6392|10975|51422,FOS|IKBKB|COX3|NDUFAB1|PIK3CA|PRKAA2|MAPK10|MAPK12|SDHC|SDHD|UQCR11|PRKAG2,-3.7
MyList,WikiPathways,27,WP2533,Glycerophospholipid biosynthetic pathway,,-5.2,13,8,30230,31,467,6,1.3,0.52,2710|5290|8443|9489|23175|114971,GK|PIK3CA|GNPAT|PGS1|LPIN1|PTPMT1,-3.6
MyList,WikiPathways,27,WP437,EGF EGFR signaling,,-5.1,4.9,6.2,30230,159,467,12,2.6,0.73,673|2353|3985|5287|5580|6655|7410|9138|9252|10451|50807|253260,BRAF|FOS|LIMK2|PIK3C2B|PRKCD|SOS2|VAV2|ARHGEF1|RPS6KA5|VAV3|ASAP1|RICTOR,-3.6
MyList,WikiPathways,27,WP5381,Smith Magenis and Potocki Lupski syndrome copy number variation,,-5.1,4.9,6.2,30230,159,467,12,2.6,0.73,406|4289|4615|8100|9821|26160|51422|57560|60673|79018|90410|201163,BMAL1|MKLN1|MYD88|IFT88|RB1CC1|IFT172|PRKAG2|IFT80|ATG101|GID4|IFT20|FLCN,-3.6
MyList,GO Biological Processes,19,GO:2000785,regulation of autophagosome assembly,19_GO:0050789 regulation of biological process,-5.1,9.6,7.4,30230,47,467,7,1.5,0.56,8100|9638|11200|23032|55062|90410|200576,IFT88|FEZ1|CHEK2|USP33|WIPI1|IFT20|PIKFYVE,-3.6
MyList,GO Biological Processes,19,GO:0006754,ATP biosynthetic process,19_GO:0009987 cellular process,-5.1,6.8,6.7,30230,86,467,9,1.9,0.64,3988|4508|4540|4541|4706|6391|6392|25875|51422,LIPA|ATP6|ND5|ND6|NDUFAB1|SDHC|SDHD|LETMD1|PRKAG2,-3.6
MyList,GO Biological Processes,19,GO:0141188,nucleic acid catabolic process,19_GO:0009987 cellular process,-5.1,3.9,5.8,30230,246,467,15,3.2,0.82,4292|8882|23049|23405|23658|25819|27257|51542|54542|55149|55181|80198|162394|167227|192670,MLH1|ZPR1|SMG1|DICER1|LSM5|NOCT|LSM1|VPS54|RC3H2|MTPAP|SMG8|MUS81|SLFN5|DCP2|AGO4,-3.6
MyList,GO Biological Processes,19,GO:0006892,post-Golgi vesicle-mediated transport,19_GO:0051179 localization,-5.1,5.9,6.5,30230,109,467,10,2.1,0.67,9179|10079|10239|23041|25837|51542|55062|79591|80262|134957,AP4M1|ATP9A|AP3S2|MON2|RAB26|VPS54|WIPI1|ARMH3|PHAF1|STXBP5,-3.6
MyList,KEGG Pathway,24,hsa05022,Pathways of neurodegeneration - multiple diseases,,-5.1,2.9,5.4,30230,483,467,22,4.7,0.98,673|4508|4514|4540|4541|4706|5582|5602|5609|6300|6391|6392|9821|9927|10975|26100|30849|55062|55669|60673|79139|90550,BRAF|ATP6|COX3|ND5|ND6|NDUFAB1|PRKCG|MAPK10|MAP2K7|MAPK12|SDHC|SDHD|RB1CC1|MFN2|UQCR11|WIPI2|PIK3R4|WIPI1|MFN1|ATG101|DERL1|MCU,-3.6
MyList,Reactome Gene Sets,6,R-HSA-9612973,Autophagy,,-5.1,4.9,6.1,30230,160,467,12,2.6,0.73,5563|8100|9821|9927|10325|26100|30849|51422|55062|55669|60673|64121,PRKAA2|IFT88|RB1CC1|MFN2|RRAGB|WIPI2|PIK3R4|PRKAG2|WIPI1|MFN1|ATG101|RRAGC,-3.6
MyList,GO Cellular Components,20,GO:0005778,peroxisomal membrane,,-5.1,7.8,7,30230,66,467,8,1.7,0.6,2182|5192|5824|8443|10478|11001|25979|55825,ACSL4|PEX10|PEX19|GNPAT|SLC25A17|SLC27A2|DHRS7B|PECR,-3.6
MyList,GO Cellular Components,20,GO:0031903,microbody membrane,,-5.1,7.8,7,30230,66,467,8,1.7,0.6,2182|5192|5824|8443|10478|11001|25979|55825,ACSL4|PEX10|PEX19|GNPAT|SLC25A17|SLC27A2|DHRS7B|PECR,-3.6
MyList,GO Biological Processes,19,GO:0035269,protein O-linked glycosylation via mannose,19_GO:0009987 cellular process,-5.1,17,8.8,30230,19,467,5,1.1,0.48,10585|29954|54916|55624|729920,POMT1|POMT2|TMEM260|POMGNT1|CRPPA,-3.6
MyList,GO Biological Processes,19,GO:0009260,ribonucleotide biosynthetic process,19_GO:0009987 cellular process,-5.1,4.8,6.1,30230,161,467,12,2.6,0.73,2977|3988|4508|4540|4541|4706|4833|6391|6392|25875|26289|51422,GUCY1A2|LIPA|ATP6|ND5|ND6|NDUFAB1|NME4|SDHC|SDHD|LETMD1|AK5|PRKAG2,-3.6
MyList,Reactome Gene Sets,6,R-HSA-168188,Toll Like Receptor TLR6:TLR2 Cascade,,-5,5.8,6.4,30230,111,467,10,2.1,0.67,2353|3551|4615|5602|5609|7867|9252|10454|57161|79671,FOS|IKBKB|MYD88|MAPK10|MAP2K7|MAPKAPK3|RPS6KA5|TAB1|PELI2|NLRX1,-3.5
MyList,GO Biological Processes,19,GO:0009142,nucleoside triphosphate biosynthetic process,19_GO:0009987 cellular process,-5,5.8,6.4,30230,111,467,10,2.1,0.67,3988|4508|4540|4541|4706|4833|6391|6392|25875|51422,LIPA|ATP6|ND5|ND6|NDUFAB1|NME4|SDHC|SDHD|LETMD1|PRKAG2,-3.5
MyList,Reactome Gene Sets,6,R-HSA-166058,MyD88:MAL(TIRAP) cascade initiated on plasma membrane,,-5,5.8,6.4,30230,111,467,10,2.1,0.67,2353|3551|4615|5602|5609|7867|9252|10454|57161|79671,FOS|IKBKB|MYD88|MAPK10|MAP2K7|MAPKAPK3|RPS6KA5|TAB1|PELI2|NLRX1,-3.5
MyList,GO Cellular Components,20,GO:1990351,transporter complex,,-5,2.8,5.3,30230,563,467,24,5.1,1,20|22|1143|1186|2562|2899|3769|4508|4514|4540|4541|4706|5311|10975|23456|27091|51761|55676|56262|64924|90550|134957|221154|286097,ABCA2|ABCB7|CHRNB4|CLCN7|GABRB3|GRIK3|KCNJ13|ATP6|COX3|ND5|ND6|NDUFAB1|PKD2|UQCR11|ABCB10|CACNG5|ATP8A2|SLC30A6|LRRC8A|SLC30A5|MCU|STXBP5|MICU2|MICU3,-3.5
MyList,GO Biological Processes,19,GO:0051054,positive regulation of DNA metabolic process,19_GO:0048518 positive regulation of biological process,-5,3.7,5.6,30230,282,467,16,3.4,0.84,2068|4292|4931|5580|5582|5609|6778|7126|23411|29086|54617|54799|55135|80314|84142|93973,ERCC2|MLH1|NVL|PRKCD|PRKCG|MAP2K7|STAT6|TNFAIP1|SIRT1|BABAM1|INO80|MBTD1|WRAP53|EPC1|ABRAXAS1|ACTR8,-3.5
MyList,WikiPathways,27,WP2637,Interleukin 1 IL 1 structural pathway,,-5,9.2,7.2,30230,49,467,7,1.5,0.56,2353|3551|4615|5602|5609|9252|10454,FOS|IKBKB|MYD88|MAPK10|MAP2K7|RPS6KA5|TAB1,-3.5
MyList,WikiPathways,27,WP4971,Phosphoinositides metabolism,,-5,9.2,7.2,30230,49,467,7,1.5,0.56,5286|5287|5290|30849|54545|66036|200576,PIK3C2A|PIK3C2B|PIK3CA|PIK3R4|MTMR12|MTMR9|PIKFYVE,-3.5
MyList,WikiPathways,27,WP422,MAPK cascade,,-5,12,7.8,30230,33,467,6,1.3,0.52,673|5602|5609|6300|6655|22821,BRAF|MAPK10|MAP2K7|MAPK12|SOS2|RASA3,-3.5
MyList,GO Biological Processes,19,GO:0009205,purine ribonucleoside triphosphate metabolic process,19_GO:0009987 cellular process,-5,4.4,5.9,30230,193,467,13,2.8,0.76,3988|4508|4540|4541|4706|4833|6391|6392|25875|26289|51422|55669|114789,LIPA|ATP6|ND5|ND6|NDUFAB1|NME4|SDHC|SDHD|LETMD1|AK5|PRKAG2|MFN1|SLC25A25,-3.5
MyList,GO Biological Processes,19,GO:0006488,dolichol-linked oligosaccharide biosynthetic process,19_GO:0009987 cellular process,-5,16,8.5,30230,20,467,5,1.1,0.48,1798|10195|29880|29929|91869,DPAGT1|ALG3|ALG5|ALG6|RFT1,-3.5
MyList,GO Biological Processes,19,GO:0006895,Golgi to endosome transport,19_GO:0051179 localization,-5,16,8.5,30230,20,467,5,1.1,0.48,9179|10079|23041|55062|79591,AP4M1|ATP9A|MON2|WIPI1|ARMH3,-3.5
MyList,Reactome Gene Sets,6,R-HSA-168179,Toll Like Receptor TLR1:TLR2 Cascade,,-4.9,5.7,6.3,30230,114,467,10,2.1,0.67,2353|3551|4615|5602|5609|7867|9252|10454|57161|79671,FOS|IKBKB|MYD88|MAPK10|MAP2K7|MAPKAPK3|RPS6KA5|TAB1|PELI2|NLRX1,-3.5
MyList,Reactome Gene Sets,6,R-HSA-181438,Toll Like Receptor 2 (TLR2) Cascade,,-4.9,5.7,6.3,30230,114,467,10,2.1,0.67,2353|3551|4615|5602|5609|7867|9252|10454|57161|79671,FOS|IKBKB|MYD88|MAPK10|MAP2K7|MAPKAPK3|RPS6KA5|TAB1|PELI2|NLRX1,-3.5
MyList,GO Biological Processes,19,GO:0046390,ribose phosphate biosynthetic process,19_GO:0009987 cellular process,-4.9,4.7,5.9,30230,167,467,12,2.6,0.73,2977|3988|4508|4540|4541|4706|4833|6391|6392|25875|26289|51422,GUCY1A2|LIPA|ATP6|ND5|ND6|NDUFAB1|NME4|SDHC|SDHD|LETMD1|AK5|PRKAG2,-3.4
MyList,Canonical Pathways,11,M270,PID MAPK TRK PATHWAY,,-4.9,11,7.6,30230,34,467,6,1.3,0.52,673|1958|2353|5580|6016|9252,BRAF|EGR1|FOS|PRKCD|RIT1|RPS6KA5,-3.4
MyList,Reactome Gene Sets,6,R-HSA-187037,Signaling by NTRK1 (TRKA),,-4.9,5.6,6.2,30230,115,467,10,2.1,0.67,673|1958|1959|2353|3726|5290|6016|6300|7867|9252,BRAF|EGR1|EGR2|FOS|JUNB|PIK3CA|RIT1|MAPK12|MAPKAPK3|RPS6KA5,-3.4
MyList,Reactome Gene Sets,6,R-HSA-8932506,DAG1 core M1 glycosylations,,-4.8,49,12,30230,4,467,3,0.64,0.37,10585|29954|55624,POMT1|POMT2|POMGNT1,-3.4
MyList,GO Cellular Components,20,GO:1902495,transmembrane transporter complex,,-4.8,2.8,5.2,30230,541,467,23,4.9,1,20|22|1143|1186|2562|2899|3769|4508|4514|4540|4541|4706|5311|10975|23456|27091|55676|56262|64924|90550|134957|221154|286097,ABCA2|ABCB7|CHRNB4|CLCN7|GABRB3|GRIK3|KCNJ13|ATP6|COX3|ND5|ND6|NDUFAB1|PKD2|UQCR11|ABCB10|CACNG5|SLC30A6|LRRC8A|SLC30A5|MCU|STXBP5|MICU2|MICU3,-3.4
MyList,GO Biological Processes,19,GO:0051604,protein maturation,19_GO:0009987 cellular process,-4.8,2.7,5.1,30230,581,467,24,5.1,1,1718|3310|3551|4285|4706|5824|8850|8882|9986|23761|26160|51107|51360|51601|54916|63891|64924|65258|79591|84302|91419|93183|128869|131474,DHCR24|HSPA6|IKBKB|MIPEP|NDUFAB1|PEX19|KAT2B|ZPR1|RCE1|PISD|IFT172|APH1A|MBTPS2|LIPT1|TMEM260|RNF123|SLC30A5|MPPE1|ARMH3|PGAP4|ATP23|PIGM|PIGU|CHCHD4,-3.4
MyList,GO Biological Processes,19,GO:0009144,purine nucleoside triphosphate metabolic process,19_GO:0009987 cellular process,-4.8,4.2,5.7,30230,200,467,13,2.8,0.76,3988|4508|4540|4541|4706|4833|6391|6392|25875|26289|51422|55669|114789,LIPA|ATP6|ND5|ND6|NDUFAB1|NME4|SDHC|SDHD|LETMD1|AK5|PRKAG2|MFN1|SLC25A25,-3.3
MyList,KEGG Pathway,24,hsa04936,Alcoholic liver disease,,-4.8,4.9,5.9,30230,144,467,11,2.4,0.7,3551|4615|5563|5602|5609|6300|8310|10454|23175|23411|51422,IKBKB|MYD88|PRKAA2|MAPK10|MAP2K7|MAPK12|ACOX3|TAB1|LPIN1|SIRT1|PRKAG2,-3.3
MyList,Reactome Gene Sets,6,R-HSA-8953854,Metabolism of RNA,,-4.8,2.4,5,30230,742,467,28,6,1.1,2068|2071|2733|2968|5580|9238|9582|10785|22868|23049|23511|23658|27257|27292|29107|51106|54802|55149|55181|55706|57570|60487|64852|80324|81554|92856|167227|339487,ERCC2|ERCC3|GLE1|GTF2H4|PRKCD|TBRG4|APOBEC3B|WDR4|FASTKD2|SMG1|NUP188|LSM5|LSM1|DIMT1|NXT1|TFB1M|TRIT1|MTPAP|SMG8|NDC1|TRMT5|TRMT11|TUT1|PUS1|RCC1L|IMP4|DCP2|ZBTB8OS,-3.3
MyList,GO Biological Processes,19,GO:1901293,nucleoside phosphate biosynthetic process,19_GO:0009987 cellular process,-4.8,3.5,5.4,30230,294,467,16,3.4,0.84,2182|2977|3988|4508|4540|4541|4706|4833|6391|6392|9374|11001|25875|26289|51422|197322,ACSL4|GUCY1A2|LIPA|ATP6|ND5|ND6|NDUFAB1|NME4|SDHC|SDHD|PPT2|SLC27A2|LETMD1|AK5|PRKAG2|ACSF3,-3.3
MyList,KEGG Pathway,24,hsa04668,TNF signaling pathway,,-4.8,5.4,6.1,30230,119,467,10,2.1,0.67,1540|2353|3551|3726|5290|5602|5609|6300|9252|10454,CYLD|FOS|IKBKB|JUNB|PIK3CA|MAPK10|MAP2K7|MAPK12|RPS6KA5|TAB1,-3.3
MyList,WikiPathways,27,WP4787,Osteoblast differentiation and related diseases,,-4.8,5.4,6.1,30230,119,467,10,2.1,0.67,5286|5287|5290|5580|5581|5582|5587|5602|6300|30849,PIK3C2A|PIK3C2B|PIK3CA|PRKCD|PRKCE|PRKCG|PRKD1|MAPK10|MAPK12|PIK3R4,-3.3
MyList,GO Cellular Components,20,GO:0031968,organelle outer membrane,,-4.8,3.7,5.5,30230,263,467,15,3.2,0.82,706|2182|2710|4504|4833|9927|23175|25875|54996|55669|57169|79109|79671|91137|340061,TSPO|ACSL4|GK|MT3|NME4|MFN2|LPIN1|LETMD1|MTARC2|MFN1|ZNFX1|MAPKAP1|NLRX1|SLC25A46|STING1,-3.3
MyList,GO Biological Processes,19,GO:0009416,response to light stimulus,19_GO:0050896 response to stimulus,-4.8,3.3,5.4,30230,329,467,17,3.6,0.87,24|673|1040|2068|2071|2353|5580|5602|5609|23411|51761|51776|54617|84446|90410|92840|440275,ABCA4|BRAF|CDS1|ERCC2|ERCC3|FOS|PRKCD|MAPK10|MAP2K7|SIRT1|ATP8A2|MAP3K20|INO80|BRSK1|IFT20|REEP6|EIF2AK4,-3.3
MyList,GO Cellular Components,20,GO:0061700,GATOR2 complex,,-4.8,24,9.4,30230,11,467,4,0.86,0.43,27244|79726|84219|729438,SESN1|WDR59|WDR24|CASTOR2,-3.3
MyList,Reactome Gene Sets,6,R-HSA-1660517,Synthesis of PIPs at the late endosome membrane,,-4.8,24,9.4,30230,11,467,4,0.86,0.43,5286|30849|66036|200576,PIK3C2A|PIK3R4|MTMR9|PIKFYVE,-3.3
MyList,WikiPathways,27,WP1471,Target of rapamycin signaling,,-4.8,11,7.4,30230,36,467,6,1.3,0.52,5563|10325|51422|64121|79109|253260,PRKAA2|RRAGB|PRKAG2|RRAGC|MAPKAP1|RICTOR,-3.3
MyList,GO Cellular Components,20,GO:0019867,outer membrane,,-4.7,3.7,5.5,30230,265,467,15,3.2,0.82,706|2182|2710|4504|4833|9927|23175|25875|54996|55669|57169|79109|79671|91137|340061,TSPO|ACSL4|GK|MT3|NME4|MFN2|LPIN1|LETMD1|MTARC2|MFN1|ZNFX1|MAPKAP1|NLRX1|SLC25A46|STING1,-3.3
MyList,Reactome Gene Sets,6,R-HSA-8978868,Fatty acid metabolism,,-4.7,4.4,5.7,30230,175,467,12,2.6,0.73,2182|4706|5563|8310|9374|10478|11001|51422|55825|84129|113612|197322,ACSL4|NDUFAB1|PRKAA2|ACOX3|PPT2|SLC25A17|SLC27A2|PRKAG2|PECR|ACAD11|CYP2U1|ACSF3,-3.3
MyList,GO Biological Processes,19,GO:0007034,vacuolar transport,19_GO:0051179 localization,-4.7,4.4,5.7,30230,175,467,12,2.6,0.73,757|3988|6845|9179|10239|23041|23400|23484|23585|27072|30849|51542,TMEM50B|LIPA|VAMP7|AP4M1|AP3S2|MON2|ATP13A2|LEPROTL1|TMEM50A|VPS41|PIK3R4|VPS54,-3.3
MyList,GO Biological Processes,19,GO:0006164,purine nucleotide biosynthetic process,19_GO:0009987 cellular process,-4.7,4.4,5.7,30230,175,467,12,2.6,0.73,2977|3988|4508|4540|4541|4706|4833|6391|6392|25875|26289|51422,GUCY1A2|LIPA|ATP6|ND5|ND6|NDUFAB1|NME4|SDHC|SDHD|LETMD1|AK5|PRKAG2,-3.3
MyList,KEGG Pathway,24,hsa04714,Thermogenesis,,-4.7,3.9,5.5,30230,235,467,14,3,0.79,2182|4508|4514|4540|4541|4706|5563|6300|6391|6392|6655|10975|51422|123096,ACSL4|ATP6|COX3|ND5|ND6|NDUFAB1|PRKAA2|MAPK12|SDHC|SDHD|SOS2|UQCR11|PRKAG2|SLC25A29,-3.3
MyList,GO Biological Processes,19,GO:0008202,steroid metabolic process,19_GO:0009987 cellular process,-4.7,3.6,5.4,30230,267,467,15,3.2,0.82,706|1718|3988|5563|6307|6721|9885|10682|10948|11001|23461|51360|51422|59338|113612,TSPO|DHCR24|LIPA|PRKAA2|MSMO1|SREBF2|OSBPL2|EBP|STARD3|SLC27A2|ABCA5|MBTPS2|PRKAG2|PLEKHA1|CYP2U1,-3.3
MyList,KEGG Pathway,24,hsa04010,MAPK signaling pathway,,-4.7,3.5,5.3,30230,300,467,16,3.4,0.84,673|2353|3310|3551|4615|5582|5602|5609|5922|6300|6655|7867|9252|10454|27091|51776,BRAF|FOS|HSPA6|IKBKB|MYD88|PRKCG|MAPK10|MAP2K7|RASA2|MAPK12|SOS2|MAPKAPK3|RPS6KA5|TAB1|CACNG5|MAP3K20,-3.2
MyList,GO Biological Processes,19,GO:1903725,regulation of phospholipid metabolic process,19_GO:0050789 regulation of biological process,-4.7,10,7.2,30230,37,467,6,1.3,0.52,20|21|5580|23175|23682|66036,ABCA2|ABCA3|PRKCD|LPIN1|RAB38|MTMR9,-3.2
MyList,GO Biological Processes,19,GO:0010498,proteasomal protein catabolic process,19_GO:0009987 cellular process,-4.7,2.8,5.1,30230,516,467,22,4.7,0.98,406|4289|5192|7126|7328|9817|23411|26249|29882|54620|55336|55958|57542|57560|64682|64750|79018|79139|84078|84447|84861|89890,BMAL1|MKLN1|PEX10|TNFAIP1|UBE2H|KEAP1|SIRT1|KLHL3|ANAPC2|FBXL19|FBXL8|KLHL9|KLHL42|IFT80|ANAPC1|SMURF2|GID4|DERL1|KBTBD7|SYVN1|KLHL22|KBTBD6,-3.2
MyList,GO Cellular Components,20,GO:0097730,non-motile cilium,,-4.7,4.4,5.7,30230,177,467,12,2.6,0.73,24|5145|5311|5873|8100|9742|22920|55764|57560|57728|90410|123016,ABCA4|PDE6A|PKD2|RAB27A|IFT88|IFT140|KIFAP3|IFT122|IFT80|WDR19|IFT20|TTC8,-3.2
MyList,GO Biological Processes,19,GO:1902115,regulation of organelle assembly,19_GO:0050789 regulation of biological process,-4.6,3.8,5.4,30230,238,467,14,3,0.79,1540|3985|5563|8100|8850|9638|9742|11200|23032|23229|55062|90410|115704|200576,CYLD|LIMK2|PRKAA2|IFT88|KAT2B|FEZ1|IFT140|CHEK2|USP33|ARHGEF9|WIPI1|IFT20|EVI5L|PIKFYVE,-3.2
MyList,KEGG Pathway,24,hsa04666,Fc gamma R-mediated phagocytosis,,-4.6,5.9,6.1,30230,99,467,9,1.9,0.64,3985|5290|5580|5581|5582|7410|10451|50807|57180,LIMK2|PIK3CA|PRKCD|PRKCE|PRKCG|VAV2|VAV3|ASAP1|ACTR3B,-3.2
MyList,GO Biological Processes,19,GO:0009100,glycoprotein metabolic process,19_GO:0009987 cellular process,-4.6,3.2,5.2,30230,339,467,17,3.6,0.87,1798|4249|8693|10195|10585|26035|29880|29929|29954|54916|55454|55624|84061|84447|91869|124583|729920,DPAGT1|MGAT5|GALNT4|ALG3|POMT1|GLCE|ALG5|ALG6|POMT2|TMEM260|CSGALNACT2|POMGNT1|MAGT1|SYVN1|RFT1|CANT1|CRPPA,-3.2
MyList,GO Biological Processes,19,GO:0009451,RNA modification,19_GO:0009987 cellular process,-4.6,4.3,5.6,30230,181,467,12,2.6,0.73,9582|10785|22868|27292|51106|54802|57570|60487|80324|126789|200316|285605,APOBEC3B|WDR4|FASTKD2|DIMT1|TFB1M|TRIT1|TRMT5|TRMT11|PUS1|PUSL1|APOBEC3F|DTWD2,-3.1
MyList,Reactome Gene Sets,6,R-HSA-416482,G alpha (12/13) signalling events,,-4.6,6.6,6.2,30230,78,467,8,1.7,0.6,6655|7410|9138|9639|10451|23229|50649|55160,SOS2|VAV2|ARHGEF1|ARHGEF10|VAV3|ARHGEF9|ARHGEF4|ARHGEF10L,-3.1
MyList,GO Biological Processes,19,GO:0071248,cellular response to metal ion,19_GO:0050896 response to stimulus,-4.5,4.3,5.5,30230,182,467,12,2.6,0.73,673|706|2353|2562|3726|4504|5311|5563|23400|27132|221154|286097,BRAF|TSPO|FOS|GABRB3|JUNB|MT3|PKD2|PRKAA2|ATP13A2|CPNE7|MICU2|MICU3,-3.1
MyList,GO Cellular Components,20,GO:0031902,late endosome membrane,,-4.5,4.3,5.5,30230,182,467,12,2.6,0.73,21|1185|5873|6490|6845|10079|10948|23400|23461|27072|79109|200576,ABCA3|CLCN6|RAB27A|PMEL|VAMP7|ATP9A|STARD3|ATP13A2|ABCA5|VPS41|MAPKAP1|PIKFYVE,-3.1
MyList,GO Biological Processes,19,GO:0051560,mitochondrial calcium ion homeostasis,19_GO:0042592 homeostatic process,-4.5,13,7.7,30230,24,467,5,1.1,0.48,9481|63933|90550|221154|286097,SLC25A27|MCUR1|MCU|MICU2|MICU3,-3.1
MyList,GO Biological Processes,19,GO:0036092,phosphatidylinositol-3-phosphate biosynthetic process,19_GO:0009987 cellular process,-4.5,13,7.7,30230,24,467,5,1.1,0.48,5286|5287|5290|30849|200576,PIK3C2A|PIK3C2B|PIK3CA|PIK3R4|PIKFYVE,-3.1
MyList,GO Cellular Components,20,GO:0005776,autophagosome,,-4.5,5.1,5.8,30230,128,467,10,2.1,0.67,5587|6845|9821|23001|23400|26100|30849|55062|57655|340061,PRKD1|VAMP7|RB1CC1|WDFY3|ATP13A2|WIPI2|PIK3R4|WIPI1|GRAMD1A|STING1,-3.1
MyList,KEGG Pathway,24,hsa05016,Huntington disease,,-4.5,3.3,5.2,30230,311,467,16,3.4,0.84,4508|4514|4540|4541|4706|5602|5609|6391|6392|6908|9821|10975|26100|30849|55062|60673,ATP6|COX3|ND5|ND6|NDUFAB1|MAPK10|MAP2K7|SDHC|SDHD|TBP|RB1CC1|UQCR11|WIPI2|PIK3R4|WIPI1|ATG101,-3.1
MyList,GO Biological Processes,19,GO:0007033,vacuole organization,19_GO:0009987 cellular process,-4.5,3.9,5.4,30230,214,467,13,2.8,0.76,3988|5287|9179|9821|9927|23400|26100|51542|55062|60673|200576|339122|340061,LIPA|PIK3C2B|AP4M1|RB1CC1|MFN2|ATP13A2|WIPI2|VPS54|WIPI1|ATG101|PIKFYVE|RAB43|STING1,-3.1
MyList,KEGG Pathway,24,hsa05170,Human immunodeficiency virus 1 infection,,-4.5,3.9,5.4,30230,214,467,13,2.8,0.76,2353|3551|3985|4615|5290|5582|5602|5609|6300|9582|10454|200316|340061,FOS|IKBKB|LIMK2|MYD88|PIK3CA|PRKCG|MAPK10|MAP2K7|MAPK12|APOBEC3B|TAB1|APOBEC3F|STING1,-3.1
MyList,KEGG Pathway,24,hsa05020,Prion disease,,-4.5,3.5,5.2,30230,278,467,15,3.2,0.82,1958|3310|4508|4514|4540|4541|4706|5290|5580|5602|6300|6391|6392|10975|90550,EGR1|HSPA6|ATP6|COX3|ND5|ND6|NDUFAB1|PIK3CA|PRKCD|MAPK10|MAPK12|SDHC|SDHD|UQCR11|MCU,-3.1
MyList,KEGG Pathway,24,hsa00564,Glycerophospholipid metabolism,,-4.5,5.7,5.9,30230,103,467,9,1.9,0.64,1040|8443|9489|9926|10162|23175|23761|56261|81490,CDS1|GNPAT|PGS1|LPGAT1|LPCAT3|LPIN1|PISD|GPCPD1|PTDSS2,-3.1
MyList,GO Cellular Components,20,GO:0010008,endosome membrane,,-4.5,2.6,4.8,30230,609,467,24,5.1,1,20|21|1185|4289|4615|5873|6490|6845|10079|10454|10948|23041|23092|23400|23461|27072|51107|51324|51761|55062|79109|79658|83891|200576,ABCA2|ABCA3|CLCN6|MKLN1|MYD88|RAB27A|PMEL|VAMP7|ATP9A|TAB1|STARD3|MON2|ARHGAP26|ATP13A2|ABCA5|VPS41|APH1A|SPG21|ATP8A2|WIPI1|MAPKAP1|ARHGAP10|SNX25|PIKFYVE,-3.1
MyList,Reactome Gene Sets,6,R-HSA-9006934,Signaling by Receptor Tyrosine Kinases,,-4.5,2.7,4.9,30230,531,467,22,4.7,0.98,673|1958|1959|2353|2562|3726|5290|5580|5581|6016|6300|6778|7410|7867|9252|10451|26018|30849|51107|79109|90423|253260,BRAF|EGR1|EGR2|FOS|GABRB3|JUNB|PIK3CA|PRKCD|PRKCE|RIT1|MAPK12|STAT6|VAV2|MAPKAPK3|RPS6KA5|VAV3|LRIG1|PIK3R4|APH1A|MAPKAP1|ATP6V1E2|RICTOR,-3.1
MyList,GO Biological Processes,19,GO:0032787,monocarboxylic acid metabolic process,19_GO:0009987 cellular process,-4.5,2.7,4.9,30230,531,467,22,4.7,0.98,2182|3988|4706|5563|6307|8310|8824|9885|10478|10873|11001|23175|25902|51422|55825|56922|57380|81539|84129|113612|197257|197322,ACSL4|LIPA|NDUFAB1|PRKAA2|MSMO1|ACOX3|CES2|OSBPL2|SLC25A17|ME3|SLC27A2|LPIN1|MTHFD1L|PRKAG2|PECR|MCCC1|MRS2|SLC38A1|ACAD11|CYP2U1|LDHD|ACSF3,-3.1
MyList,Reactome Gene Sets,6,R-HSA-9013148,CDC42 GTPase cycle,,-4.5,4.6,5.6,30230,156,467,11,2.4,0.7,7410|8476|9639|10451|23092|23229|50649|79658|81704|81839|143872,VAV2|CDC42BPA|ARHGEF10|VAV3|ARHGAP26|ARHGEF9|ARHGEF4|ARHGAP10|DOCK8|VANGL1|ARHGAP42,-3.1
MyList,GO Biological Processes,19,GO:0071277,cellular response to calcium ion,19_GO:0050896 response to stimulus,-4.5,6.5,6.1,30230,80,467,8,1.7,0.6,673|2353|3726|5311|5563|27132|221154|286097,BRAF|FOS|JUNB|PKD2|PRKAA2|CPNE7|MICU2|MICU3,-3.1
MyList,Reactome Gene Sets,6,R-HSA-5688426,Deubiquitination,,-4.5,3.5,5.2,30230,279,467,15,3.2,0.82,1540|8850|9817|9960|9986|10454|23032|29086|29761|54617|57559|63891|64750|84142|93973,CYLD|KAT2B|KEAP1|USP3|RCE1|TAB1|USP33|BABAM1|USP25|INO80|STAMBPL1|RNF123|SMURF2|ABRAXAS1|ACTR8,-3.1
MyList,Reactome Gene Sets,6,R-HSA-9013149,RAC1 GTPase cycle,,-4.5,4.2,5.5,30230,185,467,12,2.6,0.73,5290|6655|7410|8476|9639|10451|23092|50649|79658|81704|81839|143872,PIK3CA|SOS2|VAV2|CDC42BPA|ARHGEF10|VAV3|ARHGAP26|ARHGEF4|ARHGAP10|DOCK8|VANGL1|ARHGAP42,-3.1
MyList,GO Biological Processes,19,GO:0038093,Fc receptor signaling pathway,19_GO:0002376 immune system process,-4.5,7.7,6.4,30230,59,467,7,1.5,0.56,3551|5580|5581|5602|5609|7410|10451,IKBKB|PRKCD|PRKCE|MAPK10|MAP2K7|VAV2|VAV3,-3.1
MyList,KEGG Pathway,24,hsa05417,Lipid and atherosclerosis,,-4.5,3.9,5.4,30230,216,467,13,2.8,0.76,2353|3310|3551|4615|5290|5602|5609|6300|7410|9138|10451|10454|142678,FOS|HSPA6|IKBKB|MYD88|PIK3CA|MAPK10|MAP2K7|MAPK12|VAV2|ARHGEF1|VAV3|TAB1|MIB2,-3.1
MyList,GO Biological Processes,19,GO:0038095,Fc-epsilon receptor signaling pathway,19_GO:0002376 immune system process,-4.5,13,7.5,30230,25,467,5,1.1,0.48,3551|5602|5609|7410|10451,IKBKB|MAPK10|MAP2K7|VAV2|VAV3,-3.1
MyList,GO Biological Processes,19,GO:0033687,osteoblast proliferation,19_GO:0009987 cellular process,-4.4,39,11,30230,5,467,3,0.64,0.37,3726|57560|80198,JUNB|IFT80|MUS81,-3
MyList,Reactome Gene Sets,6,R-HSA-8932504,DAG1 core M2 glycosylations,,-4.4,39,11,30230,5,467,3,0.64,0.37,10585|29954|55624,POMT1|POMT2|POMGNT1,-3
MyList,CORUM,33,CORUM:6174,Intraflagellar transport complex B peripheral subcomplex,,-4.4,39,11,30230,5,467,3,0.64,0.37,26160|57560|90410,IFT172|IFT80|IFT20,-3
MyList,GO Biological Processes,19,GO:0036444,calcium import into the mitochondrion,19_GO:0051179 localization,-4.4,20,8.5,30230,13,467,4,0.86,0.43,63933|90550|221154|286097,MCUR1|MCU|MICU2|MICU3,-3
MyList,WikiPathways,27,WP5472,Phosphoinositide 3 kinase PI3K family,,-4.4,20,8.5,30230,13,467,4,0.86,0.43,5286|5287|5290|30849,PIK3C2A|PIK3C2B|PIK3CA|PIK3R4,-3
MyList,Canonical Pathways,11,M164,PID ERBB1 DOWNSTREAM PATHWAY,,-4.4,5.5,5.8,30230,105,467,9,1.9,0.64,673|1958|2353|5290|5580|7410|9252|79109|253260,BRAF|EGR1|FOS|PIK3CA|PRKCD|VAV2|RPS6KA5|MAPKAP1|RICTOR,-3
MyList,GO Biological Processes,19,GO:0043491,phosphatidylinositol 3-kinase/protein kinase B signal transduction,19_GO:0050896 response to stimulus,-4.4,7.6,6.4,30230,60,467,7,1.5,0.56,3611|5286|5287|5290|30849|57560|59338,ILK|PIK3C2A|PIK3C2B|PIK3CA|PIK3R4|IFT80|PLEKHA1,-3
MyList,GO Biological Processes,19,GO:0009141,nucleoside triphosphate metabolic process,19_GO:0009987 cellular process,-4.4,3.9,5.3,30230,218,467,13,2.8,0.76,3988|4508|4540|4541|4706|4833|6391|6392|25875|26289|51422|55669|114789,LIPA|ATP6|ND5|ND6|NDUFAB1|NME4|SDHC|SDHD|LETMD1|AK5|PRKAG2|MFN1|SLC25A25,-3
MyList,GO Biological Processes,19,GO:0050778,positive regulation of immune response,19_GO:0002376 immune system process,-4.4,2.4,4.7,30230,700,467,26,5.6,1.1,673|1540|3551|3988|4292|4615|4938|5290|5580|5581|5587|6778|7410|7867|10451|10454|23411|25875|51324|54542|55703|57169|59338|84861|340061|440275,BRAF|CYLD|IKBKB|LIPA|MLH1|MYD88|OAS1|PIK3CA|PRKCD|PRKCE|PRKD1|STAT6|VAV2|MAPKAPK3|VAV3|TAB1|SIRT1|LETMD1|SPG21|RC3H2|POLR3B|ZNFX1|PLEKHA1|KLHL22|STING1|EIF2AK4,-3
MyList,WikiPathways,27,WP405,Eukaryotic transcription initiation,,-4.4,9.2,6.7,30230,42,467,6,1.3,0.52,2068|2071|2968|3611|6908|55703,ERCC2|ERCC3|GTF2H4|ILK|TBP|POLR3B,-3
MyList,WikiPathways,27,WP5500,Bempedoic acid therapy in atherosclerosis and metabolic syndrome,,-4.4,12,7.3,30230,26,467,5,1.1,0.48,5563|5602|6300|11001|51422,PRKAA2|MAPK10|MAPK12|SLC27A2|PRKAG2,-3
MyList,KEGG Pathway,24,hsa04068,FoxO signaling pathway,,-4.4,4.9,5.6,30230,133,467,10,2.1,0.67,673|3551|5290|5563|5602|5934|6300|6655|23411|51422,BRAF|IKBKB|PIK3CA|PRKAA2|MAPK10|RBL2|MAPK12|SOS2|SIRT1|PRKAG2,-3
MyList,Reactome Gene Sets,6,R-HSA-166520,Signaling by NTRKs,,-4.4,4.9,5.6,30230,133,467,10,2.1,0.67,673|1958|1959|2353|3726|5290|6016|6300|7867|9252,BRAF|EGR1|EGR2|FOS|JUNB|PIK3CA|RIT1|MAPK12|MAPKAPK3|RPS6KA5,-3
MyList,GO Biological Processes,19,GO:0010970,transport along microtubule,19_GO:0051179 localization,-4.4,4.1,5.3,30230,190,467,12,2.6,0.73,8100|9742|10239|22920|26160|55638|55764|57560|57728|79809|80128|90410,IFT88|IFT140|AP3S2|KIFAP3|IFT172|SYBU|IFT122|IFT80|WDR19|TTC21B|TRIM46|IFT20,-3
MyList,KEGG Pathway,24,hsa04146,Peroxisome,,-4.4,6.2,6,30230,83,467,8,1.7,0.6,2182|5192|5824|8310|8443|10478|11001|55825,ACSL4|PEX10|PEX19|ACOX3|GNPAT|SLC25A17|SLC27A2|PECR,-3
MyList,GO Biological Processes,19,GO:0006401,RNA catabolic process,19_GO:0009987 cellular process,-4.4,3.8,5.2,30230,221,467,13,2.8,0.76,4292|8882|23049|23405|23658|25819|27257|54542|55149|55181|162394|167227|192670,MLH1|ZPR1|SMG1|DICER1|LSM5|NOCT|LSM1|RC3H2|MTPAP|SMG8|SLFN5|DCP2|AGO4,-3
MyList,GO Biological Processes,19,GO:0032535,regulation of cellular component size,19_GO:0065007 biological regulation,-4.3,3.1,5,30230,356,467,17,3.6,0.87,1185|4504|5290|5580|5581|5587|7410|9821|10451|23038|23400|29882|56262|80128|91663|140469|253260,CLCN6|MT3|PIK3CA|PRKCD|PRKCE|PRKD1|VAV2|RB1CC1|VAV3|WDTC1|ATP13A2|ANAPC2|LRRC8A|TRIM46|MYADM|MYO3B|RICTOR,-3
MyList,Reactome Gene Sets,6,R-HSA-1483255,PI Metabolism,,-4.3,6.2,5.9,30230,84,467,8,1.7,0.6,5286|5287|5290|30849|54545|59338|66036|200576,PIK3C2A|PIK3C2B|PIK3CA|PIK3R4|MTMR12|PLEKHA1|MTMR9|PIKFYVE,-2.9
MyList,GO Biological Processes,19,GO:0016126,sterol biosynthetic process,19_GO:0009987 cellular process,-4.3,9,6.6,30230,43,467,6,1.3,0.52,1718|3988|5563|6307|10682|51422,DHCR24|LIPA|PRKAA2|MSMO1|EBP|PRKAG2,-2.9
MyList,GO Biological Processes,19,GO:0021702,cerebellar Purkinje cell differentiation,19_GO:0032502 developmental process,-4.3,18,8.2,30230,14,467,4,0.86,0.43,6095|8925|79809|91137,RORA|HERC1|TTC21B|SLC25A46,-2.9
MyList,GO Biological Processes,19,GO:0062197,cellular response to chemical stress,19_GO:0050896 response to stimulus,-4.3,3.4,5,30230,289,467,15,3.2,0.82,406|706|2353|4504|5192|5290|5311|5563|5580|5587|8850|9817|23400|23411|59338,BMAL1|TSPO|FOS|MT3|PEX10|PIK3CA|PKD2|PRKAA2|PRKCD|PRKD1|KAT2B|KEAP1|ATP13A2|SIRT1|PLEKHA1,-2.9
MyList,KEGG Pathway,24,hsa04620,Toll-like receptor signaling pathway,,-4.3,5.3,5.7,30230,109,467,9,1.9,0.64,2353|3551|4615|5290|5602|5609|6300|6773|10454,FOS|IKBKB|MYD88|PIK3CA|MAPK10|MAP2K7|MAPK12|STAT2|TAB1,-2.9
MyList,GO Biological Processes,19,GO:0006886,intracellular protein transport,19_GO:0051179 localization,-4.3,2.6,4.7,30230,547,467,22,4.7,0.98,373|1121|1959|5192|5824|8677|9179|9874|10239|23041|23511|23682|25842|26225|27072|29107|30849|51542|79139|84447|203062|339122,TRIM23|CHM|EGR2|PEX10|PEX19|STX10|AP4M1|TLK1|AP3S2|MON2|NUP188|RAB38|ASF1A|ARL5A|VPS41|NXT1|PIK3R4|VPS54|DERL1|SYVN1|TSNARE1|RAB43,-2.9
MyList,GO Biological Processes,19,GO:0098655,monoatomic cation transmembrane transport,19_GO:0051179 localization,-4.3,2.4,4.6,30230,709,467,26,5.6,1.1,22|1186|3769|4508|4514|4540|4541|5311|6533|9016|9481|10463|23400|27091|55676|57380|63933|64924|81539|84061|90423|90550|114789|221154|286097|340061,ABCB7|CLCN7|KCNJ13|ATP6|COX3|ND5|ND6|PKD2|SLC6A6|SLC25A14|SLC25A27|SLC30A9|ATP13A2|CACNG5|SLC30A6|MRS2|MCUR1|SLC30A5|SLC38A1|MAGT1|ATP6V1E2|MCU|SLC25A25|MICU2|MICU3|STING1,-2.9
MyList,GO Biological Processes,19,GO:0000045,autophagosome assembly,19_GO:0009987 cellular process,-4.3,6.1,5.9,30230,85,467,8,1.7,0.6,9179|9821|9927|26100|55062|60673|339122|340061,AP4M1|RB1CC1|MFN2|WIPI2|WIPI1|ATG101|RAB43|STING1,-2.9
MyList,Reactome Gene Sets,6,R-HSA-450294,MAP kinase activation,,-4.3,7.2,6.2,30230,63,467,7,1.5,0.56,2353|3551|5602|5609|7867|9252|10454,FOS|IKBKB|MAPK10|MAP2K7|MAPKAPK3|RPS6KA5|TAB1,-2.9
MyList,GO Cellular Components,20,GO:0036064,ciliary basal body,,-4.3,3.7,5.1,30230,226,467,13,2.8,0.76,1540|2733|5311|5563|8100|9742|22920|26160|55764|57560|84131|90410|123016,CYLD|GLE1|PKD2|PRKAA2|IFT88|IFT140|KIFAP3|IFT172|IFT122|IFT80|CEP78|IFT20|TTC8,-2.9
MyList,GO Cellular Components,20,GO:0032391,photoreceptor connecting cilium,,-4.2,8.8,6.5,30230,44,467,6,1.3,0.52,9742|22920|55764|57728|90410|123016,IFT140|KIFAP3|IFT122|WDR19|IFT20|TTC8,-2.9
MyList,GO Biological Processes,19,GO:0009150,purine ribonucleotide metabolic process,19_GO:0009987 cellular process,-4.2,3.3,5,30230,293,467,15,3.2,0.82,2977|3988|4508|4540|4541|4706|4833|6095|6391|6392|25875|26289|51422|55669|114789,GUCY1A2|LIPA|ATP6|ND5|ND6|NDUFAB1|NME4|RORA|SDHC|SDHD|LETMD1|AK5|PRKAG2|MFN1|SLC25A25,-2.9
MyList,GO Cellular Components,20,GO:0005770,late endosome,,-4.2,3.1,4.9,30230,329,467,16,3.4,0.84,21|1185|5873|6490|6845|10079|10948|23400|23461|27072|30849|54887|79109|79139|200576|201931,ABCA3|CLCN6|RAB27A|PMEL|VAMP7|ATP9A|STARD3|ATP13A2|ABCA5|VPS41|PIK3R4|BLTP3A|MAPKAP1|DERL1|PIKFYVE|TMEM192,-2.8
MyList,GO Cellular Components,20,GO:0005813,centrosome,,-4.2,2.4,4.6,30230,635,467,24,5.1,1,1540|2733|3611|3833|3985|8100|8850|9638|9639|9742|22920|23032|23354|50807|57448|57560|84131|84446|84861|85378|90410|123016|201163|387119,CYLD|GLE1|ILK|KIFC1|LIMK2|IFT88|KAT2B|FEZ1|ARHGEF10|IFT140|KIFAP3|USP33|HAUS5|ASAP1|BIRC6|IFT80|CEP78|BRSK1|KLHL22|TUBGCP6|IFT20|TTC8|FLCN|CEP85L,-2.8
MyList,GO Biological Processes,19,GO:0048284,organelle fusion,19_GO:0009987 cellular process,-4.2,4.7,5.4,30230,139,467,10,2.1,0.67,6845|8677|9927|10451|23400|27072|55669|81554|200576|203062,VAMP7|STX10|MFN2|VAV3|ATP13A2|VPS41|MFN1|RCC1L|PIKFYVE|TSNARE1,-2.8
MyList,GO Biological Processes,19,GO:0034599,cellular response to oxidative stress,19_GO:0050896 response to stimulus,-4.2,3.7,5.1,30230,229,467,13,2.8,0.76,406|2353|4504|5192|5311|5563|5580|5587|8850|9817|23400|23411|59338,BMAL1|FOS|MT3|PEX10|PKD2|PRKAA2|PRKCD|PRKD1|KAT2B|KEAP1|ATP13A2|SIRT1|PLEKHA1,-2.8
MyList,KEGG Pathway,24,hsa02010,ABC transporters,,-4.2,8.6,6.4,30230,45,467,6,1.3,0.52,20|21|22|24|23456|23461,ABCA2|ABCA3|ABCB7|ABCA4|ABCB10|ABCA5,-2.8
MyList,GO Biological Processes,19,GO:0006338,chromatin remodeling,19_GO:0009987 cellular process,-4.2,2.3,4.6,30230,720,467,26,5.6,1.1,1958|2145|4615|5290|5563|7290|7403|8850|9252|9557|9960|23411|23522|25842|29086|54514|54531|54617|54620|55167|57169|79885|80314|93973|200316|257218,EGR1|EZH1|MYD88|PIK3CA|PRKAA2|HIRA|KDM6A|KAT2B|RPS6KA5|CHD1L|USP3|SIRT1|KAT6B|ASF1A|BABAM1|DDX4|MIER2|INO80|FBXL19|MSL2|ZNFX1|HDAC11|EPC1|ACTR8|APOBEC3F|SHPRH,-2.8
MyList,CORUM,33,CORUM:6172,Intraflagellar transport complex B,,-4.2,17,7.9,30230,15,467,4,0.86,0.43,8100|26160|57560|90410,IFT88|IFT172|IFT80|IFT20,-2.8
MyList,GO Biological Processes,19,GO:0043201,response to L-leucine,19_GO:0050896 response to stimulus,-4.2,17,7.9,30230,15,467,4,0.86,0.43,5290|27244|57559|84861,PIK3CA|SESN1|STAMBPL1|KLHL22,-2.8
MyList,GO Biological Processes,19,GO:0001101,response to acid chemical,19_GO:0050896 response to stimulus,-4.2,4.6,5.4,30230,140,467,10,2.1,0.67,2562|4615|5290|5311|10325|27244|57559|64121|84861|729438,GABRB3|MYD88|PIK3CA|PKD2|RRAGB|SESN1|STAMBPL1|RRAGC|KLHL22|CASTOR2,-2.8
MyList,GO Biological Processes,19,GO:0046034,ATP metabolic process,19_GO:0009987 cellular process,-4.2,4.2,5.2,30230,169,467,11,2.4,0.7,3988|4508|4540|4541|4706|6391|6392|25875|26289|51422|114789,LIPA|ATP6|ND5|ND6|NDUFAB1|SDHC|SDHD|LETMD1|AK5|PRKAG2|SLC25A25,-2.8
MyList,GO Biological Processes,19,GO:0045333,cellular respiration,19_GO:0009987 cellular process,-4.2,3.6,5.1,30230,231,467,13,2.8,0.76,3988|4508|4514|4540|4541|4706|6391|6392|9016|9927|10975|51542|114789,LIPA|ATP6|COX3|ND5|ND6|NDUFAB1|SDHC|SDHD|SLC25A14|MFN2|UQCR11|VPS54|SLC25A25,-2.8
MyList,GO Cellular Components,20,GO:1990246,uniplex complex,,-4.2,32,9.6,30230,6,467,3,0.64,0.37,90550|221154|286097,MCU|MICU2|MICU3,-2.8
MyList,Reactome Gene Sets,6,R-HSA-389599,Alpha-oxidation of phytanate,,-4.2,32,9.6,30230,6,467,3,0.64,0.37,10478|11001|55825,SLC25A17|SLC27A2|PECR,-2.8
MyList,GO Biological Processes,19,GO:0006402,mRNA catabolic process,19_GO:0048519 negative regulation of biological process,-4.1,4.6,5.4,30230,141,467,10,2.1,0.67,4292|23049|23658|25819|27257|54542|55149|55181|167227|192670,MLH1|SMG1|LSM5|NOCT|LSM1|RC3H2|MTPAP|SMG8|DCP2|AGO4,-2.8
MyList,Reactome Gene Sets,6,R-HSA-168898,Toll-like Receptor Cascades,,-4.1,4.2,5.2,30230,170,467,11,2.4,0.7,2353|3551|4615|5602|5609|7867|9252|10454|30849|57161|79671,FOS|IKBKB|MYD88|MAPK10|MAP2K7|MAPKAPK3|RPS6KA5|TAB1|PIK3R4|PELI2|NLRX1,-2.8
MyList,GO Biological Processes,19,GO:0000288,"nuclear-transcribed mRNA catabolic process, deadenylation-dependent decay",19_GO:0048519 negative regulation of biological process,-4.1,8.4,6.3,30230,46,467,6,1.3,0.52,4292|23658|25819|27257|54542|167227,MLH1|LSM5|NOCT|LSM1|RC3H2|DCP2,-2.8
MyList,GO Biological Processes,19,GO:0021587,cerebellum morphogenesis,19_GO:0032502 developmental process,-4.1,8.4,6.3,30230,46,467,6,1.3,0.52,1600|6095|8443|8925|79809|91137,DAB1|RORA|GNPAT|HERC1|TTC21B|SLC25A46,-2.8
MyList,GO Biological Processes,19,GO:0010948,negative regulation of cell cycle process,19_GO:0048519 negative regulation of biological process,-4.1,3.2,4.9,30230,299,467,15,3.2,0.82,90|5311|5934|8850|11200|23411|29086|51360|51776|56984|80198|84142|84446|84861|440275,ACVR1|PKD2|RBL2|KAT2B|CHEK2|SIRT1|BABAM1|MBTPS2|MAP3K20|PSMG2|MUS81|ABRAXAS1|BRSK1|KLHL22|EIF2AK4,-2.8
MyList,GO Biological Processes,19,GO:0051640,organelle localization,19_GO:0051179 localization,-4.1,2.5,4.6,30230,561,467,22,4.7,0.98,1600|3833|3985|4292|5873|6854|8677|9638|9927|10239|10948|22920|23411|54849|55062|55638|55669|58485|80128|84142|201163|203062,DAB1|KIFC1|LIMK2|MLH1|RAB27A|SYN2|STX10|FEZ1|MFN2|AP3S2|STARD3|KIFAP3|SIRT1|DEF8|WIPI1|SYBU|MFN1|TRAPPC1|TRIM46|ABRAXAS1|FLCN|TSNARE1,-2.8
MyList,GO Biological Processes,19,GO:0045739,positive regulation of DNA repair,19_GO:0048518 positive regulation of biological process,-4.1,4.6,5.3,30230,142,467,10,2.1,0.67,5580|5582|23411|29086|54617|54799|55135|80314|84142|93973,PRKCD|PRKCG|SIRT1|BABAM1|INO80|MBTD1|WRAP53|EPC1|ABRAXAS1|ACTR8,-2.8
MyList,GO Biological Processes,19,GO:0002764,immune response-regulating signaling pathway,19_GO:0002376 immune system process,-4.1,2.9,4.7,30230,408,467,18,3.9,0.89,673|1540|3551|4615|4938|5290|5580|5581|5602|5609|7410|7867|10451|25875|51324|54542|59338|340061,BRAF|CYLD|IKBKB|MYD88|OAS1|PIK3CA|PRKCD|PRKCE|MAPK10|MAP2K7|VAV2|MAPKAPK3|VAV3|LETMD1|SPG21|RC3H2|PLEKHA1|STING1,-2.8
MyList,Reactome Gene Sets,6,R-HSA-382556,ABC-family proteins mediated transport,,-4.1,5.8,5.7,30230,90,467,8,1.7,0.6,20|21|22|24|5824|23456|23461|79139,ABCA2|ABCA3|ABCB7|ABCA4|PEX19|ABCB10|ABCA5|DERL1,-2.8
MyList,GO Biological Processes,19,GO:0051058,negative regulation of small GTPase mediated signal transduction,19_GO:0048519 negative regulation of biological process,-4.1,6.8,5.9,30230,67,467,7,1.5,0.56,5922|7126|9927|22821|79109|143872|201163,RASA2|TNFAIP1|MFN2|RASA3|MAPKAP1|ARHGAP42|FLCN,-2.8
MyList,KEGG Pathway,24,hsa04380,Osteoclast differentiation,,-4.1,4.5,5.3,30230,143,467,10,2.1,0.67,1540|2353|3551|3726|5290|5602|5609|6300|6773|10454,CYLD|FOS|IKBKB|JUNB|PIK3CA|MAPK10|MAP2K7|MAPK12|STAT2|TAB1,-2.8
MyList,GO Biological Processes,19,GO:0016125,sterol metabolic process,19_GO:0009987 cellular process,-4.1,4.5,5.3,30230,143,467,10,2.1,0.67,1718|3988|5563|6307|6721|10682|10948|23461|51360|51422,DHCR24|LIPA|PRKAA2|MSMO1|SREBF2|EBP|STARD3|ABCA5|MBTPS2|PRKAG2,-2.8
MyList,WikiPathways,27,WP35,G protein signaling,,-4.1,5.7,5.6,30230,91,467,8,1.7,0.6,5137|5580|5581|5582|5587|9138|9465|9630,PDE1C|PRKCD|PRKCE|PRKCG|PRKD1|ARHGEF1|AKAP7|GNA14,-2.7
MyList,Reactome Gene Sets,6,R-HSA-8980692,RHOA GTPase cycle,,-4.1,4.5,5.3,30230,144,467,10,2.1,0.67,7410|9138|9639|10451|23092|50649|55160|79658|81839|143872,VAV2|ARHGEF1|ARHGEF10|VAV3|ARHGAP26|ARHGEF4|ARHGEF10L|ARHGAP10|VANGL1|ARHGAP42,-2.7
MyList,GO Biological Processes,19,GO:1900864,mitochondrial RNA modification,19_GO:0009987 cellular process,-4.1,16,7.6,30230,16,467,4,0.86,0.43,22868|54802|57570|80324,FASTKD2|TRIT1|TRMT5|PUS1,-2.7
MyList,GO Biological Processes,19,GO:0021694,cerebellar Purkinje cell layer formation,19_GO:0032502 developmental process,-4.1,16,7.6,30230,16,467,4,0.86,0.43,6095|8925|79809|91137,RORA|HERC1|TTC21B|SLC25A46,-2.7
MyList,GO Biological Processes,19,GO:1902775,mitochondrial large ribosomal subunit assembly,19_GO:0009987 cellular process,-4.1,16,7.6,30230,16,467,4,0.86,0.43,4706|8225|22868|81554,NDUFAB1|GTPBP6|FASTKD2|RCC1L,-2.7
MyList,GO Biological Processes,19,GO:0030242,autophagy of peroxisome,19_GO:0009987 cellular process,-4.1,16,7.6,30230,16,467,4,0.86,0.43,9821|26100|30849|55062,RB1CC1|WIPI2|PIK3R4|WIPI1,-2.7
MyList,GO Biological Processes,19,GO:0000425,pexophagy,19_GO:0009987 cellular process,-4.1,16,7.6,30230,16,467,4,0.86,0.43,9821|26100|30849|55062,RB1CC1|WIPI2|PIK3R4|WIPI1,-2.7
MyList,Reactome Gene Sets,6,R-HSA-1660516,Synthesis of PIPs at the early endosome membrane,,-4.1,16,7.6,30230,16,467,4,0.86,0.43,5286|30849|54545|200576,PIK3C2A|PIK3R4|MTMR12|PIKFYVE,-2.7
MyList,GO Biological Processes,19,GO:0007051,spindle organization,19_GO:0009987 cellular process,-4,4.1,5.1,30230,174,467,11,2.4,0.7,3611|3833|3985|4292|9639|11200|23354|54617|64946|84142|85378,ILK|KIFC1|LIMK2|MLH1|ARHGEF10|CHEK2|HAUS5|INO80|CENPH|ABRAXAS1|TUBGCP6,-2.7
MyList,GO Biological Processes,19,GO:0099111,microtubule-based transport,19_GO:0051179 localization,-4,3.6,4.9,30230,237,467,13,2.8,0.76,8100|9742|10239|22920|26160|55638|55764|57560|57728|79809|80128|81839|90410,IFT88|IFT140|AP3S2|KIFAP3|IFT172|SYBU|IFT122|IFT80|WDR19|TTC21B|TRIM46|VANGL1|IFT20,-2.7
MyList,Reactome Gene Sets,6,R-HSA-166016,Toll Like Receptor 4 (TLR4) Cascade,,-4,4.5,5.2,30230,145,467,10,2.1,0.67,2353|3551|4615|5602|5609|7867|9252|10454|57161|79671,FOS|IKBKB|MYD88|MAPK10|MAP2K7|MAPKAPK3|RPS6KA5|TAB1|PELI2|NLRX1,-2.7
MyList,WikiPathways,27,WP1449,Regulation of toll like receptor signaling,,-4,4.5,5.2,30230,145,467,10,2.1,0.67,1540|2353|3551|4615|5290|5602|5609|6300|10454|57161,CYLD|FOS|IKBKB|MYD88|PIK3CA|MAPK10|MAP2K7|MAPK12|TAB1|PELI2,-2.7
MyList,GO Biological Processes,19,GO:0006605,protein targeting,19_GO:0051179 localization,-4,3.5,4.9,30230,238,467,13,2.8,0.76,706|1121|4285|5824|9179|9927|11154|23041|26521|27072|30849|51542|200576,TSPO|CHM|MIPEP|PEX19|AP4M1|MFN2|AP4S1|MON2|TIMM8B|VPS41|PIK3R4|VPS54|PIKFYVE,-2.7
MyList,WikiPathways,27,WP1982,Sterol regulatory element binding proteins SREBP signaling,,-4,6.6,5.8,30230,69,467,7,1.5,0.56,5290|5563|6721|23175|23411|51360|51422,PIK3CA|PRKAA2|SREBF2|LPIN1|SIRT1|MBTPS2|PRKAG2,-2.7
MyList,KEGG Pathway,24,hsa04664,Fc epsilon RI signaling pathway,,-4,6.6,5.8,30230,69,467,7,1.5,0.56,5290|5602|5609|6300|6655|7410|10451,PIK3CA|MAPK10|MAP2K7|MAPK12|SOS2|VAV2|VAV3,-2.7
MyList,Canonical Pathways,11,M121,PID MTOR 4PATHWAY,,-4,6.6,5.8,30230,69,467,7,1.5,0.56,673|3551|9821|10325|64121|79109|253260,BRAF|IKBKB|RB1CC1|RRAGB|RRAGC|MAPKAP1|RICTOR,-2.7
MyList,GO Biological Processes,19,GO:0006399,tRNA metabolic process,19_GO:0009987 cellular process,-4,3.8,5,30230,207,467,12,2.6,0.73,10785|23395|23405|54802|57038|57570|60487|80324|126789|283459|285605|339487,WDR4|LARS2|DICER1|TRIT1|RARS2|TRMT5|TRMT11|PUS1|PUSL1|GATC|DTWD2|ZBTB8OS,-2.7
MyList,GO Biological Processes,19,GO:0000956,nuclear-transcribed mRNA catabolic process,19_GO:0048519 negative regulation of biological process,-4,4.9,5.3,30230,119,467,9,1.9,0.64,4292|23049|23658|25819|27257|54542|55149|55181|167227,MLH1|SMG1|LSM5|NOCT|LSM1|RC3H2|MTPAP|SMG8|DCP2,-2.7
MyList,GO Cellular Components,20,GO:0097731,9+0 non-motile cilium,,-4,4.4,5.2,30230,147,467,10,2.1,0.67,24|5145|5873|9742|22920|55764|57560|57728|90410|123016,ABCA4|PDE6A|RAB27A|IFT140|KIFAP3|IFT122|IFT80|WDR19|IFT20|TTC8,-2.7
MyList,Canonical Pathways,11,M81,PID CDC42 PATHWAY,,-4,6.5,5.7,30230,70,467,7,1.5,0.56,673|3985|5290|5581|5609|7410|8476,BRAF|LIMK2|PIK3CA|PRKCE|MAP2K7|VAV2|CDC42BPA,-2.7
MyList,GO Biological Processes,19,GO:0021575,hindbrain morphogenesis,19_GO:0032502 developmental process,-4,7.9,6.1,30230,49,467,6,1.3,0.52,1600|6095|8443|8925|79809|91137,DAB1|RORA|GNPAT|HERC1|TTC21B|SLC25A46,-2.7
MyList,WikiPathways,27,WP5477,Molecular pathway for oxidative stress,,-4,7.9,6.1,30230,49,467,6,1.3,0.52,2353|3551|5290|9252|9817|23411,FOS|IKBKB|PIK3CA|RPS6KA5|KEAP1|SIRT1,-2.7
MyList,Canonical Pathways,11,M136,PID FOXO PATHWAY,,-4,7.9,6.1,30230,49,467,6,1.3,0.52,3551|5602|5934|8850|23411|53944,IKBKB|MAPK10|RBL2|KAT2B|SIRT1|CSNK1G1,-2.7
MyList,GO Biological Processes,19,GO:0180046,GPI anchored protein biosynthesis,19_GO:0009987 cellular process,-4,10,6.6,30230,31,467,5,1.1,0.48,64924|65258|84302|93183|128869,SLC30A5|MPPE1|PGAP4|PIGM|PIGU,-2.7
MyList,GO Biological Processes,19,GO:0006506,GPI anchor biosynthetic process,19_GO:0009987 cellular process,-4,10,6.6,30230,31,467,5,1.1,0.48,64924|65258|84302|93183|128869,SLC30A5|MPPE1|PGAP4|PIGM|PIGU,-2.7
MyList,GO Biological Processes,19,GO:0006505,GPI anchor metabolic process,19_GO:0009987 cellular process,-4,10,6.6,30230,31,467,5,1.1,0.48,64924|65258|84302|93183|128869,SLC30A5|MPPE1|PGAP4|PIGM|PIGU,-2.7
MyList,KEGG Pathway,24,hsa04722,Neurotrophin signaling pathway,,-4,4.9,5.3,30230,120,467,9,1.9,0.64,673|3551|5290|5580|5602|5609|6300|6655|9252,BRAF|IKBKB|PIK3CA|PRKCD|MAPK10|MAP2K7|MAPK12|SOS2|RPS6KA5,-2.7
MyList,GO Biological Processes,19,GO:1901699,cellular response to nitrogen compound,19_GO:0050896 response to stimulus,-4,2.4,4.4,30230,617,467,23,4.9,1,1143|1958|2353|2562|4938|5286|5290|5311|5580|5587|6655|6778|8850|9465|9630|23038|23175|27244|57559|79109|84861|340061|729438,CHRNB4|EGR1|FOS|GABRB3|OAS1|PIK3C2A|PIK3CA|PKD2|PRKCD|PRKD1|SOS2|STAT6|KAT2B|AKAP7|GNA14|WDTC1|LPIN1|SESN1|STAMBPL1|MAPKAP1|KLHL22|STING1|CASTOR2,-2.7
MyList,GO Biological Processes,19,GO:0009165,nucleotide biosynthetic process,19_GO:0009987 cellular process,-4,3.7,4.9,30230,209,467,12,2.6,0.73,2977|3988|4508|4540|4541|4706|4833|6391|6392|25875|26289|51422,GUCY1A2|LIPA|ATP6|ND5|ND6|NDUFAB1|NME4|SDHC|SDHD|LETMD1|AK5|PRKAG2,-2.6
MyList,Reactome Gene Sets,6,R-HSA-448424,Interleukin-17 signaling,,-3.9,6.4,5.7,30230,71,467,7,1.5,0.56,2353|3551|5602|5609|7867|9252|10454,FOS|IKBKB|MAPK10|MAP2K7|MAPKAPK3|RPS6KA5|TAB1,-2.6
MyList,GO Biological Processes,19,GO:0002757,immune response-activating signaling pathway,19_GO:0002376 immune system process,-3.9,3,4.7,30230,347,467,16,3.4,0.84,673|1540|3551|4615|4938|5290|5580|5581|7410|7867|10451|25875|51324|54542|59338|340061,BRAF|CYLD|IKBKB|MYD88|OAS1|PIK3CA|PRKCD|PRKCE|VAV2|MAPKAPK3|VAV3|LETMD1|SPG21|RC3H2|PLEKHA1|STING1,-2.6
MyList,GO Biological Processes,19,GO:0006694,steroid biosynthetic process,19_GO:0009987 cellular process,-3.9,5.5,5.4,30230,95,467,8,1.7,0.6,706|1718|3988|5563|6307|10682|10948|51422,TSPO|DHCR24|LIPA|PRKAA2|MSMO1|EBP|STARD3|PRKAG2,-2.6
MyList,GO Biological Processes,19,GO:0034655,nucleobase-containing compound catabolic process,19_GO:0009987 cellular process,-3.9,2.9,4.6,30230,384,467,17,3.6,0.87,3988|4292|7374|8882|23049|23405|23658|25819|27257|51542|54542|55149|55181|80198|162394|167227|192670,LIPA|MLH1|UNG|ZPR1|SMG1|DICER1|LSM5|NOCT|LSM1|VPS54|RC3H2|MTPAP|SMG8|MUS81|SLFN5|DCP2|AGO4,-2.6
MyList,GO Biological Processes,19,GO:0045071,negative regulation of viral genome replication,19_GO:0016032 viral process,-3.9,7.8,6,30230,50,467,6,1.3,0.52,4938|6041|6590|9582|57169|200316,OAS1|RNASEL|SLPI|APOBEC3B|ZNFX1|APOBEC3F,-2.6
MyList,GO Biological Processes,19,GO:0007059,chromosome segregation,19_GO:0009987 cellular process,-3.9,3,4.6,30230,348,467,16,3.4,0.84,2068|3833|4292|9639|9874|10592|11200|23354|51776|54617|55706|64946|84142|84861|85378|192670,ERCC2|KIFC1|MLH1|ARHGEF10|TLK1|SMC2|CHEK2|HAUS5|MAP3K20|INO80|NDC1|CENPH|ABRAXAS1|KLHL22|TUBGCP6|AGO4,-2.6
MyList,KEGG Pathway,24,hsa04660,T cell receptor signaling pathway,,-3.9,4.8,5.2,30230,122,467,9,1.9,0.64,2353|3551|5290|5602|5609|6300|6655|7410|10451,FOS|IKBKB|PIK3CA|MAPK10|MAP2K7|MAPK12|SOS2|VAV2|VAV3,-2.6
MyList,GO Biological Processes,19,GO:0006066,alcohol metabolic process,19_GO:0009987 cellular process,-3.9,3.1,4.7,30230,313,467,15,3.2,0.82,20|1718|2710|3988|5563|6307|6721|8824|9517|9677|10682|10948|23461|51360|55825,ABCA2|DHCR24|GK|LIPA|PRKAA2|MSMO1|SREBF2|CES2|SPTLC2|PPIP5K1|EBP|STARD3|ABCA5|MBTPS2|PECR,-2.6
MyList,GO Biological Processes,19,GO:2000671,regulation of motor neuron apoptotic process,19_GO:0050789 regulation of biological process,-3.9,28,8.9,30230,7,467,3,0.64,0.37,5609|8882|51542,MAP2K7|ZPR1|VPS54,-2.6
MyList,Reactome Gene Sets,6,R-HSA-2871796,FCERI mediated MAPK activation,,-3.9,10,6.5,30230,32,467,5,1.1,0.48,2353|5602|5609|7410|10451,FOS|MAPK10|MAP2K7|VAV2|VAV3,-2.6
MyList,KEGG Pathway,24,hsa04622,RIG-I-like receptor signaling pathway,,-3.9,6.3,5.6,30230,72,467,7,1.5,0.56,1540|3551|5602|6300|57169|79671|340061,CYLD|IKBKB|MAPK10|MAPK12|ZNFX1|NLRX1|STING1,-2.6
MyList,GO Biological Processes,19,GO:0009259,ribonucleotide metabolic process,19_GO:0009987 cellular process,-3.9,3.1,4.7,30230,314,467,15,3.2,0.82,2977|3988|4508|4540|4541|4706|4833|6095|6391|6392|25875|26289|51422|55669|114789,GUCY1A2|LIPA|ATP6|ND5|ND6|NDUFAB1|NME4|RORA|SDHC|SDHD|LETMD1|AK5|PRKAG2|MFN1|SLC25A25,-2.6
MyList,GO Biological Processes,19,GO:0006351,DNA-templated transcription,19_GO:0009987 cellular process,-3.9,2.6,4.5,30230,503,467,20,4.3,0.94,1052|1958|2068|2071|2353|2968|6837|6908|7290|8850|9439|25819|51043|51106|54617|55703|64121|79736|80314|200316,CEBPD|EGR1|ERCC2|ERCC3|FOS|GTF2H4|MED22|TBP|HIRA|KAT2B|MED23|NOCT|ZBTB7B|TFB1M|INO80|POLR3B|RRAGC|TEFM|EPC1|APOBEC3F,-2.6
MyList,GO Biological Processes,19,GO:0008203,cholesterol metabolic process,19_GO:0009987 cellular process,-3.9,4.7,5.2,30230,123,467,9,1.9,0.64,1718|3988|5563|6307|6721|10682|10948|23461|51360,DHCR24|LIPA|PRKAA2|MSMO1|SREBF2|EBP|STARD3|ABCA5|MBTPS2,-2.6
MyList,GO Cellular Components,20,GO:0097733,photoreceptor cell cilium,,-3.9,4.7,5.2,30230,123,467,9,1.9,0.64,24|5145|5873|9742|22920|55764|57728|90410|123016,ABCA4|PDE6A|RAB27A|IFT140|KIFAP3|IFT122|WDR19|IFT20|TTC8,-2.6
MyList,GO Biological Processes,19,GO:1904262,negative regulation of TORC1 signaling,19_GO:0048519 negative regulation of biological process,-3.9,7.6,5.9,30230,51,467,6,1.3,0.52,5563|9681|27244|79726|84219|729438,PRKAA2|DEPDC5|SESN1|WDR59|WDR24|CASTOR2,-2.6
MyList,GO Biological Processes,19,GO:0010507,negative regulation of autophagy,19_GO:0048519 negative regulation of biological process,-3.9,5.3,5.4,30230,97,467,8,1.7,0.6,706|5290|8925|9638|10325|64121|66036|84861,TSPO|PIK3CA|HERC1|FEZ1|RRAGB|RRAGC|MTMR9|KLHL22,-2.6
MyList,GO Biological Processes,19,GO:0070936,protein K48-linked ubiquitination,19_GO:0009987 cellular process,-3.9,5.3,5.4,30230,97,467,8,1.7,0.6,7328|11043|26249|29882|64682|84078|84447|89890,UBE2H|MID2|KLHL3|ANAPC2|ANAPC1|KBTBD7|SYVN1|KBTBD6,-2.6
MyList,GO Biological Processes,19,GO:0016239,positive regulation of macroautophagy,19_GO:0048518 positive regulation of biological process,-3.9,5.3,5.4,30230,97,467,8,1.7,0.6,5563|9517|23032|23411|27244|55062|84219|340061,PRKAA2|SPTLC2|USP33|SIRT1|SESN1|WIPI1|WDR24|STING1,-2.6
MyList,GO Biological Processes,19,GO:0046165,alcohol biosynthetic process,19_GO:0009987 cellular process,-3.9,5.3,5.4,30230,97,467,8,1.7,0.6,20|1718|3988|5563|6307|9517|9677|10682,ABCA2|DHCR24|LIPA|PRKAA2|MSMO1|SPTLC2|PPIP5K1|EBP,-2.6
MyList,GO Biological Processes,19,GO:0072521,purine-containing compound metabolic process,19_GO:0009987 cellular process,-3.9,2.6,4.4,30230,505,467,20,4.3,0.94,2182|2977|3988|4508|4540|4541|4706|4833|6095|6391|6392|9374|11001|25819|25875|26289|51422|55669|114789|197322,ACSL4|GUCY1A2|LIPA|ATP6|ND5|ND6|NDUFAB1|NME4|RORA|SDHC|SDHD|PPT2|SLC27A2|NOCT|LETMD1|AK5|PRKAG2|MFN1|SLC25A25|ACSF3,-2.6
MyList,GO Biological Processes,19,GO:0010638,positive regulation of organelle organization,19_GO:0048518 positive regulation of biological process,-3.9,2.6,4.4,30230,505,467,20,4.3,0.94,673|3981|4931|5581|5587|5609|6836|8100|9639|10592|23032|54617|55062|55135|55160|90410|90550|93973|143425|253260,BRAF|LIG4|NVL|PRKCE|PRKD1|MAP2K7|SURF4|IFT88|ARHGEF10|SMC2|USP33|INO80|WIPI1|WRAP53|ARHGEF10L|IFT20|MCU|ACTR8|SYT9|RICTOR,-2.6
MyList,GO Biological Processes,19,GO:0030705,cytoskeleton-dependent intracellular transport,19_GO:0051179 localization,-3.9,3.6,4.8,30230,214,467,12,2.6,0.73,8100|9742|10239|22920|26160|55638|55764|57560|57728|79809|80128|90410,IFT88|IFT140|AP3S2|KIFAP3|IFT172|SYBU|IFT122|IFT80|WDR19|TTC21B|TRIM46|IFT20,-2.6
MyList,GO Biological Processes,19,GO:0051174,regulation of phosphorus metabolic process,19_GO:0050789 regulation of biological process,-3.9,2.4,4.4,30230,587,467,22,4.7,0.98,20|21|673|706|4504|4615|5290|5563|5580|5934|6773|23175|23411|23682|51422|51527|54704|55181|57161|66036|115825|201163,ABCA2|ABCA3|BRAF|TSPO|MT3|MYD88|PIK3CA|PRKAA2|PRKCD|RBL2|STAT2|LPIN1|SIRT1|RAB38|PRKAG2|GSKIP|PDP1|SMG8|PELI2|MTMR9|WDFY2|FLCN,-2.6
MyList,GO Biological Processes,19,GO:1901988,negative regulation of cell cycle phase transition,19_GO:0048519 negative regulation of biological process,-3.8,3.4,4.7,30230,248,467,13,2.8,0.76,90|5311|5934|11200|29086|51360|51776|56984|80198|84142|84446|84861|440275,ACVR1|PKD2|RBL2|CHEK2|BABAM1|MBTPS2|MAP3K20|PSMG2|MUS81|ABRAXAS1|BRSK1|KLHL22|EIF2AK4,-2.6
MyList,GO Biological Processes,19,GO:0071229,cellular response to acid chemical,19_GO:0050896 response to stimulus,-3.8,5.3,5.3,30230,98,467,8,1.7,0.6,5290|5311|10325|27244|57559|64121|84861|729438,PIK3CA|PKD2|RRAGB|SESN1|STAMBPL1|RRAGC|KLHL22|CASTOR2,-2.6
MyList,Reactome Gene Sets,6,R-HSA-4420097,VEGFA-VEGFR2 Pathway,,-3.8,5.3,5.3,30230,98,467,8,1.7,0.6,5290|5580|6300|7410|7867|10451|79109|253260,PIK3CA|PRKCD|MAPK12|VAV2|MAPKAPK3|VAV3|MAPKAP1|RICTOR,-2.6
MyList,WikiPathways,27,WP4880,Host pathogen interaction of human coronaviruses interferon induction,,-3.8,9.8,6.3,30230,33,467,5,1.1,0.48,2353|3551|4615|4938|6773,FOS|IKBKB|MYD88|OAS1|STAT2,-2.6
MyList,GO Biological Processes,19,GO:0051668,localization within membrane,19_GO:0051179 localization,-3.8,2.4,4.4,30230,588,467,22,4.7,0.98,673|1121|3551|5824|9179|23682|25837|26225|26521|27091|55706|57560|57728|64121|79726|80262|84219|90410|91663|123016|134957|200576,BRAF|CHM|IKBKB|PEX19|AP4M1|RAB38|RAB26|ARL5A|TIMM8B|CACNG5|NDC1|IFT80|WDR19|RRAGC|WDR59|PHAF1|WDR24|IFT20|MYADM|TTC8|STXBP5|PIKFYVE,-2.6
MyList,Reactome Gene Sets,6,R-HSA-8931838,DAG1 glycosylations,,-3.8,14,7.1,30230,18,467,4,0.86,0.43,10585|29954|55624|729920,POMT1|POMT2|POMGNT1|CRPPA,-2.6
MyList,GO Cellular Components,20,GO:0030992,intraciliary transport particle B,,-3.8,14,7.1,30230,18,467,4,0.86,0.43,8100|26160|57560|90410,IFT88|IFT172|IFT80|IFT20,-2.6
MyList,Reactome Gene Sets,6,R-HSA-1369062,ABC transporters in lipid homeostasis,,-3.8,14,7.1,30230,18,467,4,0.86,0.43,20|21|5824|23461,ABCA2|ABCA3|PEX19|ABCA5,-2.6
MyList,GO Biological Processes,19,GO:0043200,response to amino acid,19_GO:0050896 response to stimulus,-3.8,4.7,5.1,30230,125,467,9,1.9,0.64,2562|4615|5290|10325|27244|57559|64121|84861|729438,GABRB3|MYD88|PIK3CA|RRAGB|SESN1|STAMBPL1|RRAGC|KLHL22|CASTOR2,-2.5
MyList,GO Biological Processes,19,GO:0032368,regulation of lipid transport,19_GO:0051179 localization,-3.8,4.2,5,30230,154,467,10,2.1,0.67,20|21|706|2182|6721|6836|10162|23411|23461|51761,ABCA2|ABCA3|TSPO|ACSL4|SREBF2|SURF4|LPCAT3|SIRT1|ABCA5|ATP8A2,-2.5
MyList,GO Biological Processes,19,GO:0007346,regulation of mitotic cell cycle,19_GO:0050789 regulation of biological process,-3.8,2.5,4.4,30230,549,467,21,4.5,0.96,90|1540|2068|2071|5311|5934|11200|23113|23411|29086|29882|51360|51776|54617|56984|57520|64682|80198|84142|84446|84861,ACVR1|CYLD|ERCC2|ERCC3|PKD2|RBL2|CHEK2|CUL9|SIRT1|BABAM1|ANAPC2|MBTPS2|MAP3K20|INO80|PSMG2|HECW2|ANAPC1|MUS81|ABRAXAS1|BRSK1|KLHL22,-2.5
MyList,GO Biological Processes,19,GO:0098657,import into cell,19_GO:0051179 localization,-3.8,2.3,4.3,30230,716,467,25,5.4,1,3769|3988|4615|4642|5286|5290|5580|5581|6515|6533|6845|7410|7867|10079|10239|10451|11001|23032|25875|53944|56262|64924|66036|81539|200576,KCNJ13|LIPA|MYD88|MYO1D|PIK3C2A|PIK3CA|PRKCD|PRKCE|SLC2A3|SLC6A6|VAMP7|VAV2|MAPKAPK3|ATP9A|AP3S2|VAV3|SLC27A2|USP33|LETMD1|CSNK1G1|LRRC8A|SLC30A5|MTMR9|SLC38A1|PIKFYVE,-2.5
MyList,GO Biological Processes,19,GO:0090066,regulation of anatomical structure size,19_GO:0065007 biological regulation,-3.8,2.5,4.4,30230,510,467,20,4.3,0.94,1185|4504|5286|5290|5580|5581|5587|7410|8850|9821|10451|23038|23400|29882|56262|80128|91663|140469|143872|253260,CLCN6|MT3|PIK3C2A|PIK3CA|PRKCD|PRKCE|PRKD1|VAV2|KAT2B|RB1CC1|VAV3|WDTC1|ATP13A2|ANAPC2|LRRC8A|TRIM46|MYADM|MYO3B|ARHGAP42|RICTOR,-2.5
MyList,GO Biological Processes,19,GO:0042552,myelination,19_GO:0032502 developmental process,-3.8,4.6,5.1,30230,126,467,9,1.9,0.64,20|1959|2068|3611|8443|9639|23405|55624|91137,ABCA2|EGR2|ERCC2|ILK|GNPAT|ARHGEF10|DICER1|POMGNT1|SLC25A46,-2.5
MyList,KEGG Pathway,24,hsa05132,Salmonella infection,,-3.8,3.4,4.7,30230,251,467,13,2.8,0.76,2353|3551|4615|5286|5287|5290|5602|5609|6300|8677|10454|27072|57180,FOS|IKBKB|MYD88|PIK3C2A|PIK3C2B|PIK3CA|MAPK10|MAP2K7|MAPK12|STX10|TAB1|VPS41|ACTR3B,-2.5
MyList,GO Biological Processes,19,GO:0019693,ribose phosphate metabolic process,19_GO:0009987 cellular process,-3.8,3,4.6,30230,321,467,15,3.2,0.82,2977|3988|4508|4540|4541|4706|4833|6095|6391|6392|25875|26289|51422|55669|114789,GUCY1A2|LIPA|ATP6|ND5|ND6|NDUFAB1|NME4|RORA|SDHC|SDHD|LETMD1|AK5|PRKAG2|MFN1|SLC25A25,-2.5
MyList,GO Biological Processes,19,GO:0002768,immune response-regulating cell surface receptor signaling pathway,19_GO:0002376 immune system process,-3.8,3,4.6,30230,322,467,15,3.2,0.82,673|3551|4615|4938|5290|5580|5581|5602|5609|7410|10451|25875|51324|54542|59338,BRAF|IKBKB|MYD88|OAS1|PIK3CA|PRKCD|PRKCE|MAPK10|MAP2K7|VAV2|VAV3|LETMD1|SPG21|RC3H2|PLEKHA1,-2.5
MyList,Reactome Gene Sets,6,R-HSA-9711097,Cellular response to starvation,,-3.8,4.1,4.9,30230,157,467,10,2.1,0.67,9681|10325|27244|64121|79726|84219|90423|201163|440275|729438,DEPDC5|RRAGB|SESN1|RRAGC|WDR59|WDR24|ATP6V1E2|FLCN|EIF2AK4|CASTOR2,-2.5
MyList,GO Biological Processes,19,GO:0008366,axon ensheathment,19_GO:0032502 developmental process,-3.8,4.6,5,30230,128,467,9,1.9,0.64,20|1959|2068|3611|8443|9639|23405|55624|91137,ABCA2|EGR2|ERCC2|ILK|GNPAT|ARHGEF10|DICER1|POMGNT1|SLC25A46,-2.5
MyList,GO Biological Processes,19,GO:0007272,ensheathment of neurons,19_GO:0032502 developmental process,-3.8,4.6,5,30230,128,467,9,1.9,0.64,20|1959|2068|3611|8443|9639|23405|55624|91137,ABCA2|EGR2|ERCC2|ILK|GNPAT|ARHGEF10|DICER1|POMGNT1|SLC25A46,-2.5
MyList,GO Biological Processes,19,GO:0048525,negative regulation of viral process,19_GO:0016032 viral process,-3.8,6,5.4,30230,76,467,7,1.5,0.56,4938|6041|6590|9582|11043|57169|200316,OAS1|RNASEL|SLPI|APOBEC3B|MID2|ZNFX1|APOBEC3F,-2.5
MyList,GO Biological Processes,19,GO:0072657,protein localization to membrane,19_GO:0051179 localization,-3.8,3,4.5,30230,324,467,15,3.2,0.82,3551|5824|9179|23682|25837|26225|57560|57728|64121|79726|80262|84219|90410|91663|123016,IKBKB|PEX19|AP4M1|RAB38|RAB26|ARL5A|IFT80|WDR19|RRAGC|WDR59|PHAF1|WDR24|IFT20|MYADM|TTC8,-2.5
MyList,GO Biological Processes,19,GO:0035721,intraciliary retrograde transport,19_GO:0051179 localization,-3.7,14,6.9,30230,19,467,4,0.86,0.43,9742|55764|57728|79809,IFT140|IFT122|WDR19|TTC21B,-2.5
MyList,GO Biological Processes,19,GO:0000077,DNA damage checkpoint signaling,19_GO:0048519 negative regulation of biological process,-3.7,5.1,5.2,30230,102,467,8,1.7,0.6,11200|29086|51360|51776|80198|84142|84446|440275,CHEK2|BABAM1|MBTPS2|MAP3K20|MUS81|ABRAXAS1|BRSK1|EIF2AK4,-2.5
MyList,GO Biological Processes,19,GO:1902882,regulation of response to oxidative stress,19_GO:0050896 response to stimulus,-3.7,9.2,6.1,30230,35,467,5,1.1,0.48,9016|9817|27244|29761|79109,SLC25A14|KEAP1|SESN1|USP25|MAPKAP1,-2.4
MyList,GO Biological Processes,19,GO:0080135,regulation of cellular response to stress,19_GO:0050896 response to stimulus,-3.7,2.4,4.3,30230,559,467,21,4.5,0.96,673|5580|5582|8850|9016|10162|23411|29086|29761|51043|51360|51776|54617|54799|55135|79109|80314|84142|84447|91304|93973,BRAF|PRKCD|PRKCG|KAT2B|SLC25A14|LPCAT3|SIRT1|BABAM1|USP25|ZBTB7B|MBTPS2|MAP3K20|INO80|MBTD1|WRAP53|MAPKAP1|EPC1|ABRAXAS1|SYVN1|TMEM259|ACTR8,-2.4
MyList,GO Cellular Components,20,GO:0031501,mannosyltransferase complex,,-3.7,24,8.2,30230,8,467,3,0.64,0.37,10585|29954|93183,POMT1|POMT2|PIGM,-2.4
MyList,GO Biological Processes,19,GO:0180026,mitochondrial small ribosomal subunit assembly,19_GO:0009987 cellular process,-3.7,24,8.2,30230,8,467,3,0.64,0.37,51106|64745|81554,TFB1M|METTL17|RCC1L,-2.4
MyList,Reactome Gene Sets,6,R-HSA-6807062,Zymostenol biosynthesis via lathosterol (Kandutsch-Russell pathway),,-3.7,24,8.2,30230,8,467,3,0.64,0.37,1718|6307|6721,DHCR24|MSMO1|SREBF2,-2.4
MyList,CORUM,33,CORUM:6217,GATOR complex,,-3.7,24,8.2,30230,8,467,3,0.64,0.37,9681|79726|84219,DEPDC5|WDR59|WDR24,-2.4
MyList,GO Biological Processes,19,GO:0000075,cell cycle checkpoint signaling,19_GO:0048519 negative regulation of biological process,-3.7,4,4.8,30230,160,467,10,2.1,0.67,11200|29086|51360|51776|56984|80198|84142|84446|84861|440275,CHEK2|BABAM1|MBTPS2|MAP3K20|PSMG2|MUS81|ABRAXAS1|BRSK1|KLHL22|EIF2AK4,-2.4
MyList,GO Biological Processes,19,GO:0072665,protein localization to vacuole,19_GO:0051179 localization,-3.7,5.8,5.3,30230,78,467,7,1.5,0.56,9179|23041|23400|27072|30849|51542|64121,AP4M1|MON2|ATP13A2|VPS41|PIK3R4|VPS54|RRAGC,-2.4
MyList,Reactome Gene Sets,6,R-HSA-9012999,RHO GTPase cycle,,-3.7,2.6,4.3,30230,442,467,18,3.9,0.89,5290|6655|7126|7410|8476|9138|9639|10451|23074|23092|23229|50649|54514|55160|79658|81704|81839|143872,PIK3CA|SOS2|TNFAIP1|VAV2|CDC42BPA|ARHGEF1|ARHGEF10|VAV3|BLTP3B|ARHGAP26|ARHGEF9|ARHGEF4|DDX4|ARHGEF10L|ARHGAP10|DOCK8|VANGL1|ARHGAP42,-2.4
MyList,KEGG Pathway,24,hsa05166,Human T-cell leukemia virus 1 infection,,-3.7,3.5,4.6,30230,224,467,12,2.6,0.73,706|1958|1959|2353|3551|5290|5602|6908|8850|11200|29882|64682,TSPO|EGR1|EGR2|FOS|IKBKB|PIK3CA|MAPK10|TBP|KAT2B|CHEK2|ANAPC2|ANAPC1,-2.4
MyList,GO Biological Processes,19,GO:0055082,intracellular chemical homeostasis,19_GO:0042592 homeostatic process,-3.7,2.4,4.2,30230,604,467,22,4.7,0.98,20|22|1657|4504|5290|5311|5563|9213|9481|9885|10463|23038|23400|23411|23682|51542|56262|63933|64924|90550|221154|286097,ABCA2|ABCB7|DMXL1|MT3|PIK3CA|PKD2|PRKAA2|XPR1|SLC25A27|OSBPL2|SLC30A9|WDTC1|ATP13A2|SIRT1|RAB38|VPS54|LRRC8A|MCUR1|SLC30A5|MCU|MICU2|MICU3,-2.4
MyList,WikiPathways,27,WP4877,Host pathogen interaction of human coronaviruses MAPK signaling,,-3.7,9,6,30230,36,467,5,1.1,0.48,2353|3726|5602|5609|6300,FOS|JUNB|MAPK10|MAP2K7|MAPK12,-2.4
MyList,WikiPathways,27,WP2374,Oncostatin M signaling,,-3.7,6.9,5.6,30230,56,467,6,1.3,0.52,1958|2353|3726|5580|5581|253260,EGR1|FOS|JUNB|PRKCD|PRKCE|RICTOR,-2.4
MyList,KEGG Pathway,24,hsa00510,N-Glycan biosynthesis,,-3.7,6.9,5.6,30230,56,467,6,1.3,0.52,1798|4249|10195|29880|29929|84061,DPAGT1|MGAT5|ALG3|ALG5|ALG6|MAGT1,-2.4
MyList,GO Biological Processes,19,GO:0006163,purine nucleotide metabolic process,19_GO:0009987 cellular process,-3.7,2.8,4.4,30230,368,467,16,3.4,0.84,2977|3988|4508|4540|4541|4706|4833|6095|6391|6392|25819|25875|26289|51422|55669|114789,GUCY1A2|LIPA|ATP6|ND5|ND6|NDUFAB1|NME4|RORA|SDHC|SDHD|NOCT|LETMD1|AK5|PRKAG2|MFN1|SLC25A25,-2.4
MyList,KEGG Pathway,24,hsa00100,Steroid biosynthesis,,-3.7,13,6.7,30230,20,467,4,0.86,0.43,1718|3988|6307|10682,DHCR24|LIPA|MSMO1|EBP,-2.4
MyList,WikiPathways,27,WP5275,Ether lipid biosynthesis,,-3.7,13,6.7,30230,20,467,4,0.86,0.43,5824|8443|23175|25979,PEX19|GNPAT|LPIN1|DHRS7B,-2.4
MyList,GO Biological Processes,19,GO:0000290,deadenylation-dependent decapping of nuclear-transcribed mRNA,19_GO:0048519 negative regulation of biological process,-3.7,13,6.7,30230,20,467,4,0.86,0.43,23658|25819|27257|167227,LSM5|NOCT|LSM1|DCP2,-2.4
MyList,GO Biological Processes,19,GO:0021692,cerebellar Purkinje cell layer morphogenesis,19_GO:0032502 developmental process,-3.7,13,6.7,30230,20,467,4,0.86,0.43,6095|8925|79809|91137,RORA|HERC1|TTC21B|SLC25A46,-2.4
MyList,Reactome Gene Sets,6,R-HSA-3781860,Diseases associated with N-glycosylation of proteins,,-3.7,13,6.7,30230,20,467,4,0.86,0.43,1798|10195|29929|91869,DPAGT1|ALG3|ALG6|RFT1,-2.4
MyList,Reactome Gene Sets,6,R-HSA-9609507,Protein localization,,-3.6,4,4.8,30230,162,467,10,2.1,0.67,5192|5824|8310|8443|10478|11001|26521|55825|131474|197257,PEX10|PEX19|ACOX3|GNPAT|SLC25A17|SLC27A2|TIMM8B|PECR|CHCHD4|LDHD,-2.4
MyList,KEGG Pathway,24,hsa04625,C-type lectin receptor signaling pathway,,-3.6,4.9,5.1,30230,105,467,8,1.7,0.6,1540|1959|3551|5290|5580|5602|6300|6773,CYLD|EGR2|IKBKB|PIK3CA|PRKCD|MAPK10|MAPK12|STAT2,-2.4
MyList,Reactome Gene Sets,6,R-HSA-168164,Toll Like Receptor 3 (TLR3) Cascade,,-3.6,4.9,5.1,30230,105,467,8,1.7,0.6,2353|3551|5602|5609|7867|9252|10454|79671,FOS|IKBKB|MAPK10|MAP2K7|MAPKAPK3|RPS6KA5|TAB1|NLRX1,-2.4
MyList,GO Biological Processes,19,GO:0002429,immune response-activating cell surface receptor signaling pathway,19_GO:0002376 immune system process,-3.6,3.2,4.5,30230,262,467,13,2.8,0.76,673|3551|4615|4938|5290|5580|5581|7410|10451|25875|51324|54542|59338,BRAF|IKBKB|MYD88|OAS1|PIK3CA|PRKCD|PRKCE|VAV2|VAV3|LETMD1|SPG21|RC3H2|PLEKHA1,-2.4
MyList,GO Biological Processes,19,GO:1905515,non-motile cilium assembly,19_GO:0009987 cellular process,-3.6,6.8,5.5,30230,57,467,6,1.3,0.52,8100|9742|26160|55764|57560|123016,IFT88|IFT140|IFT172|IFT122|IFT80|TTC8,-2.4
MyList,GO Biological Processes,19,GO:0046854,phosphatidylinositol phosphate biosynthetic process,19_GO:0009987 cellular process,-3.6,6.8,5.5,30230,57,467,6,1.3,0.52,5286|5287|5290|23049|30849|200576,PIK3C2A|PIK3C2B|PIK3CA|SMG1|PIK3R4|PIKFYVE,-2.4
MyList,WikiPathways,27,WP5153,N glycan biosynthesis,,-3.6,6.8,5.5,30230,57,467,6,1.3,0.52,1798|4249|10195|29880|29929|91869,DPAGT1|MGAT5|ALG3|ALG5|ALG6|RFT1,-2.4
MyList,GO Biological Processes,19,GO:1902652,secondary alcohol metabolic process,19_GO:0009987 cellular process,-3.6,4.3,4.9,30230,134,467,9,1.9,0.64,1718|3988|5563|6307|6721|10682|10948|23461|51360,DHCR24|LIPA|PRKAA2|MSMO1|SREBF2|EBP|STARD3|ABCA5|MBTPS2,-2.4
MyList,GO Biological Processes,19,GO:0006695,cholesterol biosynthetic process,19_GO:0009987 cellular process,-3.6,8.7,5.9,30230,37,467,5,1.1,0.48,1718|3988|5563|6307|10682,DHCR24|LIPA|PRKAA2|MSMO1|EBP,-2.3
MyList,WikiPathways,27,WP722,Serotonin HTR1 group and FOS pathway,,-3.6,8.7,5.9,30230,37,467,5,1.1,0.48,673|2353|5290|7867|9252,BRAF|FOS|PIK3CA|MAPKAPK3|RPS6KA5,-2.3
MyList,GO Biological Processes,19,GO:1902653,secondary alcohol biosynthetic process,19_GO:0009987 cellular process,-3.6,8.7,5.9,30230,37,467,5,1.1,0.48,1718|3988|5563|6307|10682,DHCR24|LIPA|PRKAA2|MSMO1|EBP,-2.3
MyList,GO Biological Processes,19,GO:0002253,activation of immune response,19_GO:0002376 immune system process,-3.6,2.7,4.3,30230,410,467,17,3.6,0.87,673|1540|3551|4615|4938|5290|5580|5581|7410|7867|10451|25875|51324|54542|57169|59338|340061,BRAF|CYLD|IKBKB|MYD88|OAS1|PIK3CA|PRKCD|PRKCE|VAV2|MAPKAPK3|VAV3|LETMD1|SPG21|RC3H2|ZNFX1|PLEKHA1|STING1,-2.3
MyList,GO Biological Processes,19,GO:0006631,fatty acid metabolic process,19_GO:0009987 cellular process,-3.6,2.9,4.4,30230,335,467,15,3.2,0.82,2182|3988|4706|5563|6307|8310|8824|10478|11001|23175|51422|55825|84129|113612|197322,ACSL4|LIPA|NDUFAB1|PRKAA2|MSMO1|ACOX3|CES2|SLC25A17|SLC27A2|LPIN1|PRKAG2|PECR|ACAD11|CYP2U1|ACSF3,-2.3
MyList,GO Biological Processes,19,GO:0015918,sterol transport,19_GO:0051179 localization,-3.6,5.6,5.2,30230,81,467,7,1.5,0.56,706|3988|9885|10948|23461|51542|57655,TSPO|LIPA|OSBPL2|STARD3|ABCA5|VPS54|GRAMD1A,-2.3
MyList,GO Biological Processes,19,GO:0031399,regulation of protein modification process,19_GO:0050789 regulation of biological process,-3.6,2.3,4.1,30230,656,467,23,4.9,1,20|406|673|706|1958|4504|4615|5290|5581|5582|6773|8850|9821|23411|51527|55181|57161|60673|79139|84131|91947|115825|201163,ABCA2|BMAL1|BRAF|TSPO|EGR1|MT3|MYD88|PIK3CA|PRKCE|PRKCG|STAT2|KAT2B|RB1CC1|SIRT1|GSKIP|SMG8|PELI2|ATG101|DERL1|CEP78|ARRDC4|WDFY2|FLCN,-2.3
MyList,Reactome Gene Sets,6,R-HSA-194138,Signaling by VEGF,,-3.6,4.8,5,30230,107,467,8,1.7,0.6,5290|5580|6300|7410|7867|10451|79109|253260,PIK3CA|PRKCD|MAPK12|VAV2|MAPKAPK3|VAV3|MAPKAP1|RICTOR,-2.3
MyList,GO Biological Processes,19,GO:0022904,respiratory electron transport chain,19_GO:0009987 cellular process,-3.6,4.8,5,30230,107,467,8,1.7,0.6,4514|4540|4541|4706|6391|6392|10975|51542,COX3|ND5|ND6|NDUFAB1|SDHC|SDHD|UQCR11|VPS54,-2.3
MyList,GO Biological Processes,19,GO:0051225,spindle assembly,19_GO:0009987 cellular process,-3.6,4.8,5,30230,107,467,8,1.7,0.6,3833|4292|9639|11200|23354|54617|84142|85378,KIFC1|MLH1|ARHGEF10|CHEK2|HAUS5|INO80|ABRAXAS1|TUBGCP6,-2.3
MyList,GO Biological Processes,19,GO:0006851,mitochondrial calcium ion transmembrane transport,19_GO:0051179 localization,-3.6,12,6.5,30230,21,467,4,0.86,0.43,63933|90550|221154|286097,MCUR1|MCU|MICU2|MICU3,-2.3
MyList,WikiPathways,27,WP4630,Measles virus infection,,-3.6,4.3,4.8,30230,136,467,9,1.9,0.64,2353|3310|3551|4615|4938|5290|5602|6773|440275,FOS|HSPA6|IKBKB|MYD88|OAS1|PIK3CA|MAPK10|STAT2|EIF2AK4,-2.3
MyList,GO Biological Processes,19,GO:0016482,cytosolic transport,19_GO:0051179 localization,-3.6,4.3,4.8,30230,136,467,9,1.9,0.64,8677|9179|10079|23041|23074|51542|55062|79591|200576,STX10|AP4M1|ATP9A|MON2|BLTP3B|VPS54|WIPI1|ARMH3|PIKFYVE,-2.3
MyList,WikiPathways,27,WP2261,Glioblastoma signaling,,-3.6,5.5,5.1,30230,82,467,7,1.5,0.56,673|5286|5287|5290|5580|5582|5609,BRAF|PIK3C2A|PIK3C2B|PIK3CA|PRKCD|PRKCG|MAP2K7,-2.3
MyList,GO Cellular Components,20,GO:0035869,ciliary transition zone,,-3.6,5.5,5.1,30230,82,467,7,1.5,0.56,9742|22920|55764|57728|79867|90410|123016,IFT140|KIFAP3|IFT122|WDR19|TCTN2|IFT20|TTC8,-2.3
MyList,Reactome Gene Sets,6,R-HSA-5628897,TP53 Regulates Metabolic Genes,,-3.6,5.5,5.1,30230,82,467,7,1.5,0.56,4514|5563|10325|27244|51422|64121|192670,COX3|PRKAA2|RRAGB|SESN1|PRKAG2|RRAGC|AGO4,-2.3
MyList,WikiPathways,27,WP5215,Targeted agents in triple negative breast cancer,,-3.5,8.5,5.8,30230,38,467,5,1.1,0.48,673|5290|6655|79109|253260,BRAF|PIK3CA|SOS2|MAPKAP1|RICTOR,-2.3
MyList,Reactome Gene Sets,6,R-HSA-449147,Signaling by Interleukins,,-3.5,2.6,4.2,30230,454,467,18,3.9,0.89,1052|2353|3551|3726|4615|5290|5602|5609|6095|6655|6773|6778|6845|7867|9252|10454|57161|79671,CEBPD|FOS|IKBKB|JUNB|MYD88|PIK3CA|MAPK10|MAP2K7|RORA|SOS2|STAT2|STAT6|VAMP7|MAPKAPK3|RPS6KA5|TAB1|PELI2|NLRX1,-2.3
MyList,GO Biological Processes,19,GO:0140112,extracellular vesicle biogenesis,19_GO:0009987 cellular process,-3.5,22,7.7,30230,9,467,3,0.64,0.37,5873|23400|91947,RAB27A|ATP13A2|ARRDC4,-2.3
MyList,GO Biological Processes,19,GO:0051561,positive regulation of mitochondrial calcium ion concentration,19_GO:0042592 homeostatic process,-3.5,22,7.7,30230,9,467,3,0.64,0.37,63933|90550|221154,MCUR1|MCU|MICU2,-2.3
MyList,GO Biological Processes,19,GO:0070383,DNA cytosine deamination,19_GO:0009987 cellular process,-3.5,22,7.7,30230,9,467,3,0.64,0.37,9582|81602|200316,APOBEC3B|CDADC1|APOBEC3F,-2.3
MyList,GO Cellular Components,20,GO:0043190,ATP-binding cassette (ABC) transporter complex,,-3.5,22,7.7,30230,9,467,3,0.64,0.37,20|22|23456,ABCA2|ABCB7|ABCB10,-2.3
MyList,CORUM,33,CORUM:107,TFIIH transcription factor complex,,-3.5,22,7.7,30230,9,467,3,0.64,0.37,2068|2071|2968,ERCC2|ERCC3|GTF2H4,-2.3
MyList,CORUM,33,CORUM:1036,TFIIH transcription factor complex,,-3.5,22,7.7,30230,9,467,3,0.64,0.37,2068|2071|2968,ERCC2|ERCC3|GTF2H4,-2.3
MyList,GO Biological Processes,19,GO:0006753,nucleoside phosphate metabolic process,19_GO:0009987 cellular process,-3.5,2.4,4.1,30230,577,467,21,4.5,0.96,2182|2977|3988|4508|4540|4541|4706|4833|6095|6391|6392|7374|9374|11001|25819|25875|26289|51422|55669|114789|197322,ACSL4|GUCY1A2|LIPA|ATP6|ND5|ND6|NDUFAB1|NME4|RORA|SDHC|SDHD|UNG|PPT2|SLC27A2|NOCT|LETMD1|AK5|PRKAG2|MFN1|SLC25A25|ACSF3,-2.3
MyList,KEGG Pathway,24,hsa04931,Insulin resistance,,-3.5,4.8,4.9,30230,109,467,8,1.7,0.6,3551|5290|5563|5580|5581|5602|11001|51422,IKBKB|PIK3CA|PRKAA2|PRKCD|PRKCE|MAPK10|SLC27A2|PRKAG2,-2.3
MyList,Reactome Gene Sets,6,R-HSA-8951664,Neddylation,,-3.5,3.3,4.5,30230,233,467,12,2.6,0.73,9817|23038|23113|26249|54620|55336|55958|57542|80067|84078|84861|89890,KEAP1|WDTC1|CUL9|KLHL3|FBXL19|FBXL8|KLHL9|KLHL42|DCAF17|KBTBD7|KLHL22|KBTBD6,-2.3
MyList,GO Biological Processes,19,GO:0045786,negative regulation of cell cycle,19_GO:0048519 negative regulation of biological process,-3.5,2.7,4.3,30230,378,467,16,3.4,0.84,90|5311|5934|6300|8850|11200|23411|29086|51360|51776|56984|80198|84142|84446|84861|440275,ACVR1|PKD2|RBL2|MAPK12|KAT2B|CHEK2|SIRT1|BABAM1|MBTPS2|MAP3K20|PSMG2|MUS81|ABRAXAS1|BRSK1|KLHL22|EIF2AK4,-2.3
MyList,KEGG Pathway,24,hsa00190,Oxidative phosphorylation,,-3.5,4.2,4.8,30230,138,467,9,1.9,0.64,4508|4514|4540|4541|4706|6391|6392|10975|90423,ATP6|COX3|ND5|ND6|NDUFAB1|SDHC|SDHD|UQCR11|ATP6V1E2,-2.3
MyList,Reactome Gene Sets,6,R-HSA-166166,MyD88-independent TLR4 cascade,,-3.5,4.7,4.9,30230,110,467,8,1.7,0.6,2353|3551|5602|5609|7867|9252|10454|79671,FOS|IKBKB|MAPK10|MAP2K7|MAPKAPK3|RPS6KA5|TAB1|NLRX1,-2.3
MyList,Reactome Gene Sets,6,R-HSA-937061,TRIF (TICAM1)-mediated TLR4 signaling,,-3.5,4.7,4.9,30230,110,467,8,1.7,0.6,2353|3551|5602|5609|7867|9252|10454|79671,FOS|IKBKB|MAPK10|MAP2K7|MAPKAPK3|RPS6KA5|TAB1|NLRX1,-2.3
MyList,GO Biological Processes,19,GO:0018105,peptidyl-serine phosphorylation,19_GO:0009987 cellular process,-3.5,8.3,5.7,30230,39,467,5,1.1,0.48,3551|5580|23049|84446|200576,IKBKB|PRKCD|SMG1|BRSK1|PIKFYVE,-2.3
MyList,GO Biological Processes,19,GO:0140467,integrated stress response signaling,19_GO:0050896 response to stimulus,-3.5,8.3,5.7,30230,39,467,5,1.1,0.48,1052|2353|3726|51776|440275,CEBPD|FOS|JUNB|MAP3K20|EIF2AK4,-2.3
MyList,GO Cellular Components,20,GO:0000407,phagophore assembly site,,-3.5,8.3,5.7,30230,39,467,5,1.1,0.48,9821|26100|55062|60673|80262,RB1CC1|WIPI2|WIPI1|ATG101|PHAF1,-2.3
MyList,WikiPathways,27,WP3865,Novel intracellular components of RIG I like receptor pathway,,-3.5,6.5,5.3,30230,60,467,6,1.3,0.52,1540|3551|5602|6300|79671|340061,CYLD|IKBKB|MAPK10|MAPK12|NLRX1|STING1,-2.3
MyList,GO Biological Processes,19,GO:0034204,lipid translocation,19_GO:0051179 localization,-3.5,6.5,5.3,30230,60,467,6,1.3,0.52,20|21|24|10079|51761|91869,ABCA2|ABCA3|ABCA4|ATP9A|ATP8A2|RFT1,-2.3
MyList,GO Biological Processes,19,GO:0032288,myelin assembly,19_GO:0032502 developmental process,-3.5,12,6.3,30230,22,467,4,0.86,0.43,20|2068|8443|23405,ABCA2|ERCC2|GNPAT|DICER1,-2.2
MyList,GO Biological Processes,19,GO:0110156,mRNA methylguanosine-cap decapping,19_GO:0009987 cellular process,-3.5,12,6.3,30230,22,467,4,0.86,0.43,23658|25819|27257|167227,LSM5|NOCT|LSM1|DCP2,-2.2
MyList,Reactome Gene Sets,6,R-HSA-72306,tRNA processing,,-3.5,4.7,4.8,30230,111,467,8,1.7,0.6,10785|23511|54802|55706|57570|60487|80324|339487,WDR4|NUP188|TRIT1|NDC1|TRMT5|TRMT11|PUS1|ZBTB8OS,-2.2
MyList,KEGG Pathway,24,hsa05012,Parkinson disease,,-3.5,3.1,4.4,30230,271,467,13,2.8,0.76,4508|4514|4540|4541|4706|5602|6391|6392|9817|9927|10975|55669|90550,ATP6|COX3|ND5|ND6|NDUFAB1|MAPK10|SDHC|SDHD|KEAP1|MFN2|UQCR11|MFN1|MCU,-2.2
MyList,GO Biological Processes,19,GO:0051592,response to calcium ion,19_GO:0050896 response to stimulus,-3.5,4.2,4.7,30230,140,467,9,1.9,0.64,673|2353|3726|5311|5563|27132|51542|221154|286097,BRAF|FOS|JUNB|PKD2|PRKAA2|CPNE7|VPS54|MICU2|MICU3,-2.2
MyList,GO Biological Processes,19,GO:0031344,regulation of cell projection organization,19_GO:0050789 regulation of biological process,-3.5,2.2,4,30230,669,467,23,4.9,1,673|1540|1600|3985|4504|5290|5580|5587|8100|8850|9638|9742|10154|26035|29882|51761|54849|57520|80128|84446|90410|115704|140469,BRAF|CYLD|DAB1|LIMK2|MT3|PIK3CA|PRKCD|PRKD1|IFT88|KAT2B|FEZ1|IFT140|PLXNC1|GLCE|ANAPC2|ATP8A2|DEF8|HECW2|TRIM46|BRSK1|IFT20|EVI5L|MYO3B,-2.2
MyList,GO Biological Processes,19,GO:0051052,regulation of DNA metabolic process,19_GO:0050789 regulation of biological process,-3.4,2.4,4.1,30230,503,467,19,4.1,0.91,2068|4292|4931|5580|5582|5609|6778|7126|8850|23049|23411|29086|54617|54799|55135|80314|84142|93973|167227,ERCC2|MLH1|NVL|PRKCD|PRKCG|MAP2K7|STAT6|TNFAIP1|KAT2B|SMG1|SIRT1|BABAM1|INO80|MBTD1|WRAP53|EPC1|ABRAXAS1|ACTR8|DCP2,-2.2
MyList,GO Biological Processes,19,GO:0016579,protein deubiquitination,19_GO:0009987 cellular process,-3.4,4.6,4.8,30230,112,467,8,1.7,0.6,1540|9960|23032|29761|57558|57559|80013|84669,CYLD|USP3|USP33|USP25|USP35|STAMBPL1|MINDY3|USP32,-2.2
MyList,GO Biological Processes,19,GO:0009060,aerobic respiration,19_GO:0009987 cellular process,-3.4,3.5,4.5,30230,204,467,11,2.4,0.7,3988|4508|4514|4540|4541|4706|6391|6392|9016|9927|10975,LIPA|ATP6|COX3|ND5|ND6|NDUFAB1|SDHC|SDHD|SLC25A14|MFN2|UQCR11,-2.2
MyList,Reactome Gene Sets,6,R-HSA-9716542,"Signaling by Rho GTPases, Miro GTPases and RHOBTB3",,-3.4,2.2,4,30230,715,467,24,5.1,1,3985|5290|5580|6655|7126|7410|8476|9138|9639|9927|10451|23074|23092|23229|30849|50649|54514|55160|55669|64946|79658|81704|81839|143872,LIMK2|PIK3CA|PRKCD|SOS2|TNFAIP1|VAV2|CDC42BPA|ARHGEF1|ARHGEF10|MFN2|VAV3|BLTP3B|ARHGAP26|ARHGEF9|PIK3R4|ARHGEF4|DDX4|ARHGEF10L|MFN1|CENPH|ARHGAP10|DOCK8|VANGL1|ARHGAP42,-2.2
MyList,KEGG Pathway,24,hsa05418,Fluid shear stress and atherosclerosis,,-3.4,4.1,4.6,30230,142,467,9,1.9,0.64,90|2353|3551|5290|5563|5602|5609|6300|9817,ACVR1|FOS|IKBKB|PIK3CA|PRKAA2|MAPK10|MAP2K7|MAPK12|KEAP1,-2.2
MyList,KEGG Pathway,24,hsa04120,Ubiquitin mediated proteolysis,,-3.4,4.1,4.6,30230,142,467,9,1.9,0.64,7328|8925|9817|29882|55958|57448|64682|64750|84447,UBE2H|HERC1|KEAP1|ANAPC2|KLHL9|BIRC6|ANAPC1|SMURF2|SYVN1,-2.2
MyList,Reactome Gene Sets,6,R-HSA-2454202,Fc epsilon receptor (FCERI) signaling,,-3.4,4.6,4.8,30230,113,467,8,1.7,0.6,2353|3551|5290|5602|5609|7410|10451|10454,FOS|IKBKB|PIK3CA|MAPK10|MAP2K7|VAV2|VAV3|TAB1,-2.2
MyList,GO Biological Processes,19,GO:0009117,nucleotide metabolic process,19_GO:0009987 cellular process,-3.4,2.6,4.1,30230,426,467,17,3.6,0.87,2977|3988|4508|4540|4541|4706|4833|6095|6391|6392|7374|25819|25875|26289|51422|55669|114789,GUCY1A2|LIPA|ATP6|ND5|ND6|NDUFAB1|NME4|RORA|SDHC|SDHD|UNG|NOCT|LETMD1|AK5|PRKAG2|MFN1|SLC25A25,-2.2
MyList,GO Biological Processes,19,GO:0009895,negative regulation of catabolic process,19_GO:0048519 negative regulation of biological process,-3.4,2.7,4.2,30230,387,467,16,3.4,0.84,706|4504|4615|5290|5582|8925|9638|10325|23400|25819|26580|29761|64121|66036|84861|201163,TSPO|MT3|MYD88|PIK3CA|PRKCG|HERC1|FEZ1|RRAGB|ATP13A2|NOCT|BSCL2|USP25|RRAGC|MTMR9|KLHL22|FLCN,-2.2
MyList,GO Biological Processes,19,GO:0006289,nucleotide-excision repair,19_GO:0050896 response to stimulus,-3.4,6.3,5.2,30230,62,467,6,1.3,0.52,2068|2071|2968|3981|10463|23411,ERCC2|ERCC3|GTF2H4|LIG4|SLC30A9|SIRT1,-2.2
MyList,GO Biological Processes,19,GO:1990778,protein localization to cell periphery,19_GO:0051179 localization,-3.4,3.2,4.4,30230,240,467,12,2.6,0.73,3551|3611|9179|25837|57560|57728|79726|80262|84219|90410|91663|123016,IKBKB|ILK|AP4M1|RAB26|IFT80|WDR19|WDR59|PHAF1|WDR24|IFT20|MYADM|TTC8,-2.2
MyList,GO Biological Processes,19,GO:0038096,Fc-gamma receptor signaling pathway involved in phagocytosis,19_GO:0002376 immune system process,-3.4,11,6.2,30230,23,467,4,0.86,0.43,5580|5581|7410|10451,PRKCD|PRKCE|VAV2|VAV3,-2.2
MyList,GO Biological Processes,19,GO:0002433,immune response-regulating cell surface receptor signaling pathway involved in phagocytosis,19_GO:0002376 immune system process,-3.4,11,6.2,30230,23,467,4,0.86,0.43,5580|5581|7410|10451,PRKCD|PRKCE|VAV2|VAV3,-2.2
MyList,WikiPathways,27,WP712,Estrogen signaling,,-3.4,11,6.2,30230,23,467,4,0.86,0.43,673|2353|3551|5290,BRAF|FOS|IKBKB|PIK3CA,-2.2
MyList,KEGG Pathway,24,hsa00515,Mannose type O-glycan biosynthesis,,-3.4,11,6.2,30230,23,467,4,0.86,0.43,10585|29954|55624|729920,POMT1|POMT2|POMGNT1|CRPPA,-2.2
MyList,GO Cellular Components,20,GO:0098803,respiratory chain complex,,-3.4,4.5,4.7,30230,114,467,8,1.7,0.6,4508|4514|4540|4541|4706|6391|6392|10975,ATP6|COX3|ND5|ND6|NDUFAB1|SDHC|SDHD|UQCR11,-2.2
MyList,GO Biological Processes,19,GO:0031570,DNA integrity checkpoint signaling,19_GO:0048519 negative regulation of biological process,-3.4,4.5,4.7,30230,114,467,8,1.7,0.6,11200|29086|51360|51776|80198|84142|84446|440275,CHEK2|BABAM1|MBTPS2|MAP3K20|MUS81|ABRAXAS1|BRSK1|EIF2AK4,-2.2
MyList,GO Biological Processes,19,GO:0019646,aerobic electron transport chain,19_GO:0009987 cellular process,-3.4,5.2,4.9,30230,87,467,7,1.5,0.56,4514|4540|4541|4706|6391|6392|10975,COX3|ND5|ND6|NDUFAB1|SDHC|SDHD|UQCR11,-2.2
MyList,CORUM,33,CORUM:1009,TFIIH transcription factor complex,,-3.4,19,7.3,30230,10,467,3,0.64,0.37,2068|2071|2968,ERCC2|ERCC3|GTF2H4,-2.2
MyList,Reactome Gene Sets,6,R-HSA-2151209,Activation of PPARGC1A (PGC-1alpha) by phosphorylation,,-3.4,19,7.3,30230,10,467,3,0.64,0.37,5563|6300|51422,PRKAA2|MAPK12|PRKAG2,-2.2
MyList,CORUM,33,CORUM:1029,TFIIH transcription factor complex,,-3.4,19,7.3,30230,10,467,3,0.64,0.37,2068|2071|2968,ERCC2|ERCC3|GTF2H4,-2.2
MyList,Reactome Gene Sets,6,R-HSA-6807047,Cholesterol biosynthesis via desmosterol (Bloch pathway),,-3.4,19,7.3,30230,10,467,3,0.64,0.37,1718|6307|10682,DHCR24|MSMO1|EBP,-2.2
MyList,GO Biological Processes,19,GO:0018209,peptidyl-serine modification,19_GO:0009987 cellular process,-3.4,7.9,5.5,30230,41,467,5,1.1,0.48,3551|5580|23049|84446|200576,IKBKB|PRKCD|SMG1|BRSK1|PIKFYVE,-2.2
MyList,GO Biological Processes,19,GO:0030097,hemopoiesis,19_GO:0032502 developmental process,-3.4,2.2,3.9,30230,721,467,24,5.1,1,673|1052|1540|1958|2068|2353|3726|3981|3988|4615|6095|6778|10682|23411|23456|29086|51043|51205|51542|54542|56262|57560|84447|201163,BRAF|CEBPD|CYLD|EGR1|ERCC2|FOS|JUNB|LIG4|LIPA|MYD88|RORA|STAT6|EBP|SIRT1|ABCB10|BABAM1|ZBTB7B|ACP6|VPS54|RC3H2|LRRC8A|IFT80|SYVN1|FLCN,-2.2
MyList,GO Cellular Components,20,GO:0090575,RNA polymerase II transcription regulator complex,,-3.4,3,4.3,30230,277,467,13,2.8,0.76,406|1052|2068|2071|2353|2968|3726|6773|6778|6837|6908|7029|9439,BMAL1|CEBPD|ERCC2|ERCC3|FOS|GTF2H4|JUNB|STAT2|STAT6|MED22|TBP|TFDP2|MED23,-2.2
MyList,GO Biological Processes,19,GO:0051983,regulation of chromosome segregation,19_GO:0050789 regulation of biological process,-3.4,4,4.6,30230,144,467,9,1.9,0.64,8850|10592|23411|29882|51776|56984|57520|64682|84861,KAT2B|SMC2|SIRT1|ANAPC2|MAP3K20|PSMG2|HECW2|ANAPC1|KLHL22,-2.2
MyList,GO Biological Processes,19,GO:0006119,oxidative phosphorylation,19_GO:0009987 cellular process,-3.4,4.5,4.7,30230,115,467,8,1.7,0.6,4508|4514|4540|4541|4706|6391|6392|10975,ATP6|COX3|ND5|ND6|NDUFAB1|SDHC|SDHD|UQCR11,-2.2
MyList,GO Biological Processes,19,GO:0001775,cell activation,19_GO:0032501 multicellular organismal process,-3.4,2.1,3.9,30230,769,467,25,5.4,1,673|1540|1958|3611|3981|3988|4292|4615|5290|5580|5581|5873|6095|6778|6845|7374|7410|10451|22821|51043|54542|56262|81704|84447|440275,BRAF|CYLD|EGR1|ILK|LIG4|LIPA|MLH1|MYD88|PIK3CA|PRKCD|PRKCE|RAB27A|RORA|STAT6|VAMP7|UNG|VAV2|VAV3|RASA3|ZBTB7B|RC3H2|LRRC8A|DOCK8|SYVN1|EIF2AK4,-2.1
MyList,GO Biological Processes,19,GO:0033045,regulation of sister chromatid segregation,19_GO:0050789 regulation of biological process,-3.3,4.5,4.7,30230,116,467,8,1.7,0.6,8850|23411|29882|51776|56984|57520|64682|84861,KAT2B|SIRT1|ANAPC2|MAP3K20|PSMG2|HECW2|ANAPC1|KLHL22,-2.1
MyList,GO Biological Processes,19,GO:0008361,regulation of cell size,19_GO:0065007 biological regulation,-3.3,3.7,4.4,30230,177,467,10,2.1,0.67,1185|4504|5587|7410|9821|10451|23038|29882|56262|80128,CLCN6|MT3|PRKD1|VAV2|RB1CC1|VAV3|WDTC1|ANAPC2|LRRC8A|TRIM46,-2.1
MyList,GO Biological Processes,19,GO:0031929,TOR signaling,19_GO:0050896 response to stimulus,-3.3,7.7,5.4,30230,42,467,5,1.1,0.48,3988|5290|9252|79109|253260,LIPA|PIK3CA|RPS6KA5|MAPKAP1|RICTOR,-2.1
MyList,GO Biological Processes,19,GO:0042776,proton motive force-driven mitochondrial ATP synthesis,19_GO:0009987 cellular process,-3.3,6.1,5.1,30230,64,467,6,1.3,0.52,4508|4540|4541|4706|6391|6392,ATP6|ND5|ND6|NDUFAB1|SDHC|SDHD,-2.1
MyList,GO Biological Processes,19,GO:0019432,triglyceride biosynthetic process,19_GO:0009987 cellular process,-3.3,11,6,30230,24,467,4,0.86,0.43,2710|9926|23175|137695,GK|LPGAT1|LPIN1|TMEM68,-2.1
MyList,GO Biological Processes,19,GO:0070498,interleukin-1-mediated signaling pathway,19_GO:0050896 response to stimulus,-3.3,11,6,30230,24,467,4,0.86,0.43,1958|3551|4615|9252,EGR1|IKBKB|MYD88|RPS6KA5,-2.1
MyList,CORUM,33,CORUM:103,RNA polymerase II holoenzyme complex,,-3.3,11,6,30230,24,467,4,0.86,0.43,2068|2071|2968|6908,ERCC2|ERCC3|GTF2H4|TBP,-2.1
MyList,GO Biological Processes,19,GO:0022900,electron transport chain,19_GO:0009987 cellular process,-3.3,4.4,4.7,30230,117,467,8,1.7,0.6,4514|4540|4541|4706|6391|6392|10975|51542,COX3|ND5|ND6|NDUFAB1|SDHC|SDHD|UQCR11|VPS54,-2.1
MyList,GO Cellular Components,20,GO:0036464,cytoplasmic ribonucleoprotein granule,,-3.3,3.2,4.3,30230,246,467,12,2.6,0.73,406|5563|9582|23049|25819|27257|54514|54542|57169|167227|192670|200316,BMAL1|PRKAA2|APOBEC3B|SMG1|NOCT|LSM1|DDX4|RC3H2|ZNFX1|DCP2|AGO4|APOBEC3F,-2.1
MyList,GO Biological Processes,19,GO:0006643,membrane lipid metabolic process,19_GO:0009987 cellular process,-3.3,3.4,4.3,30230,212,467,11,2.4,0.7,20|5587|8439|9517|51542|64924|65258|83723|84302|93183|128869,ABCA2|PRKD1|NSMAF|SPTLC2|VPS54|SLC30A5|MPPE1|TLCD3B|PGAP4|PIGM|PIGU,-2.1
MyList,KEGG Pathway,24,hsa04211,Longevity regulating pathway,,-3.3,5,4.8,30230,90,467,7,1.5,0.56,5290|5563|9821|23411|27244|51422|60673,PIK3CA|PRKAA2|RB1CC1|SIRT1|SESN1|PRKAG2|ATG101,-2.1
MyList,Canonical Pathways,11,M15,PID LYSOPHOSPHOLIPID PATHWAY,,-3.3,6,5,30230,65,467,6,1.3,0.52,2353|5580|5581|5587|9138|9630,FOS|PRKCD|PRKCE|PRKD1|ARHGEF1|GNA14,-2.1
MyList,GO Biological Processes,19,GO:0019218,regulation of steroid metabolic process,19_GO:0050789 regulation of biological process,-3.3,4.4,4.6,30230,118,467,8,1.7,0.6,20|706|1958|6095|6721|10162|23411|51360,ABCA2|TSPO|EGR1|RORA|SREBF2|LPCAT3|SIRT1|MBTPS2,-2.1
MyList,Reactome Gene Sets,6,R-HSA-75893,TNF signaling,,-3.3,7.5,5.4,30230,43,467,5,1.1,0.48,1540|3551|8439|10454|142678,CYLD|IKBKB|NSMAF|TAB1|MIB2,-2.1
MyList,Canonical Pathways,11,M238,PID THROMBIN PAR1 PATHWAY,,-3.3,7.5,5.4,30230,43,467,5,1.1,0.48,5290|5580|5582|9138|9630,PIK3CA|PRKCD|PRKCG|ARHGEF1|GNA14,-2.1
MyList,GO Biological Processes,19,GO:0046467,membrane lipid biosynthetic process,19_GO:0009987 cellular process,-3.3,3.9,4.5,30230,148,467,9,1.9,0.64,20|5587|9517|64924|65258|83723|84302|93183|128869,ABCA2|PRKD1|SPTLC2|SLC30A5|MPPE1|TLCD3B|PGAP4|PIGM|PIGU,-2.1
MyList,GO Biological Processes,19,GO:0072330,monocarboxylic acid biosynthetic process,19_GO:0009987 cellular process,-3.3,3.6,4.4,30230,180,467,10,2.1,0.67,2182|4706|5563|9885|10873|11001|25902|51422|55825|197322,ACSL4|NDUFAB1|PRKAA2|OSBPL2|ME3|SLC27A2|MTHFD1L|PRKAG2|PECR|ACSF3,-2.1
MyList,GO Biological Processes,19,GO:0042773,ATP synthesis coupled electron transport,19_GO:0009987 cellular process,-3.3,5,4.8,30230,91,467,7,1.5,0.56,4514|4540|4541|4706|6391|6392|10975,COX3|ND5|ND6|NDUFAB1|SDHC|SDHD|UQCR11,-2.1
MyList,GO Biological Processes,19,GO:0042775,mitochondrial ATP synthesis coupled electron transport,19_GO:0009987 cellular process,-3.3,5,4.8,30230,91,467,7,1.5,0.56,4514|4540|4541|4706|6391|6392|10975,COX3|ND5|ND6|NDUFAB1|SDHC|SDHD|UQCR11,-2.1
MyList,GO Biological Processes,19,GO:0055086,nucleobase-containing small molecule metabolic process,19_GO:0009987 cellular process,-3.3,2.3,3.9,30230,604,467,21,4.5,0.96,2182|2977|3988|4508|4540|4541|4706|4833|6095|6391|6392|7374|9374|11001|25819|25875|26289|51422|55669|114789|197322,ACSL4|GUCY1A2|LIPA|ATP6|ND5|ND6|NDUFAB1|NME4|RORA|SDHC|SDHD|UNG|PPT2|SLC27A2|NOCT|LETMD1|AK5|PRKAG2|MFN1|SLC25A25|ACSF3,-2.1
MyList,GO Biological Processes,19,GO:1905952,regulation of lipid localization,19_GO:0051179 localization,-3.3,3.6,4.4,30230,181,467,10,2.1,0.67,20|21|706|2182|6721|6836|10162|23411|23461|51761,ABCA2|ABCA3|TSPO|ACSL4|SREBF2|SURF4|LPCAT3|SIRT1|ABCA5|ATP8A2,-2.1
MyList,Reactome Gene Sets,6,R-HSA-9013026,RHOB GTPase cycle,,-3.3,5.9,5,30230,66,467,6,1.3,0.52,7410|9138|9639|23092|55160|81839,VAV2|ARHGEF1|ARHGEF10|ARHGAP26|ARHGEF10L|VANGL1,-2.1
MyList,GO Biological Processes,19,GO:0021533,cell differentiation in hindbrain,19_GO:0032502 developmental process,-3.3,10,5.9,30230,25,467,4,0.86,0.43,6095|8925|79809|91137,RORA|HERC1|TTC21B|SLC25A46,-2.1
MyList,GO Biological Processes,19,GO:0046580,negative regulation of Ras protein signal transduction,19_GO:0048519 negative regulation of biological process,-3.3,10,5.9,30230,25,467,4,0.86,0.43,5922|9927|22821|79109,RASA2|MFN2|RASA3|MAPKAP1,-2.1
MyList,GO Biological Processes,19,GO:0140861,DNA repair-dependent chromatin remodeling,19_GO:0050896 response to stimulus,-3.3,10,5.9,30230,25,467,4,0.86,0.43,9960|23411|25842|29086,USP3|SIRT1|ASF1A|BABAM1,-2.1
MyList,WikiPathways,27,WP4521,Glycosylation and related congenital defects,,-3.3,10,5.9,30230,25,467,4,0.86,0.43,1798|10195|29929|84061,DPAGT1|ALG3|ALG6|MAGT1,-2.1
MyList,GO Biological Processes,19,GO:0002431,Fc receptor mediated stimulatory signaling pathway,19_GO:0002376 immune system process,-3.3,10,5.9,30230,25,467,4,0.86,0.43,5580|5581|7410|10451,PRKCD|PRKCE|VAV2|VAV3,-2.1
MyList,GO Biological Processes,19,GO:1990542,mitochondrial transmembrane transport,19_GO:0051179 localization,-3.3,10,5.9,30230,25,467,4,0.86,0.43,23456|51660|119559|123096,ABCB10|MPC1|SFXN4|SLC25A29,-2.1
MyList,WikiPathways,27,WP5523,HINT1 pathway,,-3.3,10,5.9,30230,25,467,4,0.86,0.43,2068|2071|2353|2968,ERCC2|ERCC3|FOS|GTF2H4,-2.1
MyList,GO Biological Processes,19,GO:0071294,cellular response to zinc ion,19_GO:0050896 response to stimulus,-3.3,10,5.9,30230,25,467,4,0.86,0.43,706|2562|4504|23400,TSPO|GABRB3|MT3|ATP13A2,-2.1
MyList,WikiPathways,27,WP5501,GNAQ p R183Q drives capillary malformation,,-3.3,10,5.9,30230,25,467,4,0.86,0.43,5580|5581|5582|5587,PRKCD|PRKCE|PRKCG|PRKD1,-2.1
MyList,GO Biological Processes,19,GO:0038203,TORC2 signaling,19_GO:0050896 response to stimulus,-3.3,18,6.9,30230,11,467,3,0.64,0.37,5290|79109|253260,PIK3CA|MAPKAP1|RICTOR,-2.1
MyList,Reactome Gene Sets,6,R-HSA-9937008,Mitochondrial mRNA modification,,-3.3,18,6.9,30230,11,467,3,0.64,0.37,22868|55149|81554,FASTKD2|MTPAP|RCC1L,-2.1
MyList,GO Biological Processes,19,GO:0010807,regulation of synaptic vesicle priming,19_GO:0051179 localization,-3.3,18,6.9,30230,11,467,3,0.64,0.37,9885|84446|134957,OSBPL2|BRSK1|STXBP5,-2.1
MyList,GO Cellular Components,20,GO:0030133,transport vesicle,,-3.3,2.4,3.9,30230,480,467,18,3.9,0.89,4504|5873|6721|6836|6845|6854|6856|8677|9179|23400|25837|51324|64924|80262|84446|134957|143425|203062,MT3|RAB27A|SREBF2|SURF4|VAMP7|SYN2|SYPL1|STX10|AP4M1|ATP13A2|RAB26|SPG21|SLC30A5|PHAF1|BRSK1|STXBP5|SYT9|TSNARE1,-2.1
MyList,GO Biological Processes,19,GO:0048285,organelle fission,19_GO:0009987 cellular process,-3.3,2.7,4,30230,361,467,15,3.2,0.82,3833|4292|5824|9639|10592|11200|51537|54514|54617|55706|80198|84142|84861|91137|192670,KIFC1|MLH1|PEX19|ARHGEF10|SMC2|CHEK2|MTFP1|DDX4|INO80|NDC1|MUS81|ABRAXAS1|KLHL22|SLC25A46|AGO4,-2.1
MyList,GO Biological Processes,19,GO:0120035,regulation of plasma membrane bounded cell projection organization,19_GO:0050789 regulation of biological process,-3.2,2.2,3.8,30230,650,467,22,4.7,0.98,673|1540|1600|3985|4504|5290|5580|5587|8100|8850|9638|9742|10154|29882|51761|54849|57520|80128|84446|90410|115704|140469,BRAF|CYLD|DAB1|LIMK2|MT3|PIK3CA|PRKCD|PRKD1|IFT88|KAT2B|FEZ1|IFT140|PLXNC1|ANAPC2|ATP8A2|DEF8|HECW2|TRIM46|BRSK1|IFT20|EVI5L|MYO3B,-2
MyList,GO Biological Processes,19,GO:0007093,mitotic cell cycle checkpoint signaling,19_GO:0048519 negative regulation of biological process,-3.2,4.3,4.6,30230,120,467,8,1.7,0.6,11200|29086|51360|56984|80198|84142|84446|84861,CHEK2|BABAM1|MBTPS2|PSMG2|MUS81|ABRAXAS1|BRSK1|KLHL22,-2
MyList,Reactome Gene Sets,6,R-HSA-1280215,Cytokine Signaling in Immune system,,-3.2,2.1,3.8,30230,783,467,25,5.4,1,1052|1958|2353|3551|3726|4615|4938|5290|5580|5602|5609|6041|6095|6655|6773|6778|6845|7867|9252|10454|23511|55706|57161|79671|80128,CEBPD|EGR1|FOS|IKBKB|JUNB|MYD88|OAS1|PIK3CA|PRKCD|MAPK10|MAP2K7|RNASEL|RORA|SOS2|STAT2|STAT6|VAMP7|MAPKAPK3|RPS6KA5|TAB1|NUP188|NDC1|PELI2|NLRX1|TRIM46,-2
MyList,GO Biological Processes,19,GO:0002521,leukocyte differentiation,19_GO:0032502 developmental process,-3.2,2.5,4,30230,442,467,17,3.6,0.87,673|1540|1958|2353|3726|3981|3988|4615|6095|6778|23411|51043|51542|54542|56262|57560|84447,BRAF|CYLD|EGR1|FOS|JUNB|LIG4|LIPA|MYD88|RORA|STAT6|SIRT1|ZBTB7B|VPS54|RC3H2|LRRC8A|IFT80|SYVN1,-2
MyList,GO Biological Processes,19,GO:0072594,establishment of protein localization to organelle,19_GO:0051179 localization,-3.2,2.7,4,30230,363,467,15,3.2,0.82,706|4285|5192|5824|9179|9927|23041|23511|25842|26521|27072|30849|51542|55764|131474,TSPO|MIPEP|PEX10|PEX19|AP4M1|MFN2|MON2|NUP188|ASF1A|TIMM8B|VPS41|PIK3R4|VPS54|IFT122|CHCHD4,-2
MyList,GO Biological Processes,19,GO:0006979,response to oxidative stress,19_GO:0050896 response to stimulus,-3.2,2.6,4,30230,403,467,16,3.4,0.84,406|2068|2071|2353|4504|4540|5192|5311|5563|5580|5587|8850|9817|23400|23411|59338,BMAL1|ERCC2|ERCC3|FOS|MT3|ND5|PEX10|PKD2|PRKAA2|PRKCD|PRKD1|KAT2B|KEAP1|ATP13A2|SIRT1|PLEKHA1,-2
MyList,GO Biological Processes,19,GO:0009411,response to UV,19_GO:0050896 response to stimulus,-3.2,3.8,4.4,30230,152,467,9,1.9,0.64,2068|2071|5580|5609|23411|51776|54617|84446|440275,ERCC2|ERCC3|PRKCD|MAP2K7|SIRT1|MAP3K20|INO80|BRSK1|EIF2AK4,-2
MyList,GO Biological Processes,19,GO:0031641,regulation of myelination,19_GO:0032502 developmental process,-3.2,7.2,5.2,30230,45,467,5,1.1,0.48,1959|5129|8882|23175|23405,EGR2|CDK18|ZPR1|LPIN1|DICER1,-2
MyList,Reactome Gene Sets,6,R-HSA-6782315,tRNA modification in the nucleus and cytosol,,-3.2,7.2,5.2,30230,45,467,5,1.1,0.48,10785|54802|57570|60487|80324,WDR4|TRIT1|TRMT5|TRMT11|PUS1,-2
MyList,GO Biological Processes,19,GO:0097035,regulation of membrane lipid distribution,19_GO:0065007 biological regulation,-3.2,5.7,4.9,30230,68,467,6,1.3,0.52,20|21|24|10079|51761|91869,ABCA2|ABCA3|ABCA4|ATP9A|ATP8A2|RFT1,-2
MyList,GO Biological Processes,19,GO:0110154,RNA decapping,19_GO:0009987 cellular process,-3.2,10,5.7,30230,26,467,4,0.86,0.43,23658|25819|27257|167227,LSM5|NOCT|LSM1|DCP2,-2
MyList,WikiPathways,27,WP5496,Targeted therapy in breast cancer,,-3.2,10,5.7,30230,26,467,4,0.86,0.43,5286|5287|5290|30849,PIK3C2A|PIK3C2B|PIK3CA|PIK3R4,-2
MyList,CORUM,33,CORUM:2825,BRCA1-RNA polymerase II complex,,-3.2,10,5.7,30230,26,467,4,0.86,0.43,2068|2071|2968|6908,ERCC2|ERCC3|GTF2H4|TBP,-2
MyList,GO Biological Processes,19,GO:0070536,protein K63-linked deubiquitination,19_GO:0009987 cellular process,-3.2,10,5.7,30230,26,467,4,0.86,0.43,1540|23032|29761|57559,CYLD|USP33|USP25|STAMBPL1,-2
MyList,GO Biological Processes,19,GO:0007622,rhythmic behavior,19_GO:0032501 multicellular organismal process,-3.2,10,5.7,30230,26,467,4,0.86,0.43,1958|1959|2562|114781,EGR1|EGR2|GABRB3|BTBD9,-2
MyList,GO Biological Processes,19,GO:0043434,response to peptide hormone,19_GO:0050896 response to stimulus,-3.2,2.5,3.9,30230,407,467,16,3.4,0.84,1958|2353|5286|5290|5580|5582|5587|6655|6773|6778|8850|23038|23175|23411|51043|79109,EGR1|FOS|PIK3C2A|PIK3CA|PRKCD|PRKCG|PRKD1|SOS2|STAT2|STAT6|KAT2B|WDTC1|LPIN1|SIRT1|ZBTB7B|MAPKAP1,-2
MyList,Reactome Gene Sets,6,R-HSA-8957322,Metabolism of steroids,,-3.2,3.8,4.3,30230,154,467,9,1.9,0.64,706|1718|6307|6721|9885|10682|10948|11001|51360,TSPO|DHCR24|MSMO1|SREBF2|OSBPL2|EBP|STARD3|SLC27A2|MBTPS2,-2
MyList,GO Biological Processes,19,GO:0042770,signal transduction in response to DNA damage,19_GO:0050896 response to stimulus,-3.2,3.8,4.3,30230,154,467,9,1.9,0.64,6300|11200|29086|51360|51776|80198|84142|84446|440275,MAPK12|CHEK2|BABAM1|MBTPS2|MAP3K20|MUS81|ABRAXAS1|BRSK1|EIF2AK4,-2
MyList,WikiPathways,27,WP4396,Nonalcoholic fatty liver disease,,-3.2,3.8,4.3,30230,154,467,9,1.9,0.64,3551|4514|4706|5290|5563|6391|6392|10975|51422,IKBKB|COX3|NDUFAB1|PIK3CA|PRKAA2|SDHC|SDHD|UQCR11|PRKAG2,-2
MyList,GO Biological Processes,19,GO:0015698,inorganic anion transport,19_GO:0051179 localization,-3.2,3.8,4.3,30230,154,467,9,1.9,0.64,706|1185|1186|1468|2562|9016|9213|9481|56262,TSPO|CLCN6|CLCN7|SLC25A10|GABRB3|SLC25A14|XPR1|SLC25A27|LRRC8A,-2
MyList,GO Biological Processes,19,GO:0009615,response to virus,19_GO:0044419 biological process involved in interspecies interaction between organisms,-3.2,2.5,3.9,30230,408,467,16,3.4,0.84,3551|4615|4938|6041|6773|9213|9582|9821|11043|55703|57169|79591|83862|200316|340061|440275,IKBKB|MYD88|OAS1|RNASEL|STAT2|XPR1|APOBEC3B|RB1CC1|MID2|POLR3B|ZNFX1|ARMH3|TMEM120A|APOBEC3F|STING1|EIF2AK4,-2
MyList,WikiPathways,27,WP75,Toll like receptor signaling,,-3.2,4.8,4.6,30230,95,467,7,1.5,0.56,2353|3551|4615|5602|5609|6300|10454,FOS|IKBKB|MYD88|MAPK10|MAP2K7|MAPK12|TAB1,-2
MyList,GO Biological Processes,19,GO:0006487,protein N-linked glycosylation,19_GO:0009987 cellular process,-3.2,4.8,4.6,30230,95,467,7,1.5,0.56,1798|4249|10195|29880|29929|84061|91869,DPAGT1|MGAT5|ALG3|ALG5|ALG6|MAGT1|RFT1,-2
MyList,GO Biological Processes,19,GO:0042063,gliogenesis,19_GO:0032502 developmental process,-3.2,3,4.1,30230,256,467,12,2.6,0.73,20|706|1600|1959|2068|3611|4615|9639|23405|51542|79809|91137,ABCA2|TSPO|DAB1|EGR2|ERCC2|ILK|MYD88|ARHGEF10|DICER1|VPS54|TTC21B|SLC25A46,-2
MyList,GO Biological Processes,19,GO:0009792,embryo development ending in birth or egg hatching,19_GO:0032502 developmental process,-3.2,2.1,3.7,30230,704,467,23,4.9,1,90|2068|2182|3726|3981|5311|8882|9742|9817|9915|9927|10454|23038|25902|26160|51542|54799|55764|57448|57718|57728|201163|253260,ACVR1|ERCC2|ACSL4|JUNB|LIG4|PKD2|ZPR1|IFT140|KEAP1|ARNT2|MFN2|TAB1|WDTC1|MTHFD1L|IFT172|VPS54|MBTD1|IFT122|BIRC6|PPP4R4|WDR19|FLCN|RICTOR,-2
MyList,Canonical Pathways,11,M128,PID TNF PATHWAY,,-3.2,7,5.1,30230,46,467,5,1.1,0.48,1540|3551|5609|8439|10454,CYLD|IKBKB|MAP2K7|NSMAF|TAB1,-2
MyList,WikiPathways,27,WP4566,Translation inhibitors in chronically activated PDGFRA cells,,-3.2,7,5.1,30230,46,467,5,1.1,0.48,5290|5580|5602|5609|9252,PIK3CA|PRKCD|MAPK10|MAP2K7|RPS6KA5,-2
MyList,Canonical Pathways,11,M68,PID RHOA REG PATHWAY,,-3.2,7,5.1,30230,46,467,5,1.1,0.48,7410|9138|9639|10451|55160,VAV2|ARHGEF1|ARHGEF10|VAV3|ARHGEF10L,-2
MyList,GO Biological Processes,19,GO:0000012,single strand break repair,19_GO:0050896 response to stimulus,-3.1,16,6.6,30230,12,467,3,0.64,0.37,3981|7374|23411,LIG4|UNG|SIRT1,-2
MyList,GO Cellular Components,20,GO:0000439,transcription factor TFIIH core complex,,-3.1,16,6.6,30230,12,467,3,0.64,0.37,2068|2071|2968,ERCC2|ERCC3|GTF2H4,-2
MyList,GO Biological Processes,19,GO:0071233,cellular response to L-leucine,19_GO:0050896 response to stimulus,-3.1,16,6.6,30230,12,467,3,0.64,0.37,27244|57559|84861,SESN1|STAMBPL1|KLHL22,-2
MyList,GO Biological Processes,19,GO:0061723,glycophagy,19_GO:0009987 cellular process,-3.1,16,6.6,30230,12,467,3,0.64,0.37,9821|26100|55062,RB1CC1|WIPI2|WIPI1,-2
MyList,GO Biological Processes,19,GO:0021675,nerve development,19_GO:0032502 developmental process,-3.1,4.7,4.6,30230,96,467,7,1.5,0.56,1959|2562|3611|5582|23405|26018|91137,EGR2|GABRB3|ILK|PRKCG|DICER1|LRIG1|SLC25A46,-2
MyList,GO Cellular Components,20,GO:0001750,photoreceptor outer segment,,-3.1,4.7,4.6,30230,96,467,7,1.5,0.56,24|5145|5873|9742|22920|57728|90410,ABCA4|PDE6A|RAB27A|IFT140|KIFAP3|WDR19|IFT20,-2
MyList,GO Biological Processes,19,GO:0019752,carboxylic acid metabolic process,19_GO:0009987 cellular process,-3.1,2,3.7,30230,797,467,25,5.4,1,1757|2182|3988|4706|5563|6307|6515|8310|8824|9885|10478|10873|11001|23175|25902|51422|55825|56922|57380|81539|84129|92292|113612|197257|197322,SARDH|ACSL4|LIPA|NDUFAB1|PRKAA2|MSMO1|SLC2A3|ACOX3|CES2|OSBPL2|SLC25A17|ME3|SLC27A2|LPIN1|MTHFD1L|PRKAG2|PECR|MCCC1|MRS2|SLC38A1|ACAD11|GLYATL1|CYP2U1|LDHD|ACSF3,-2
MyList,WikiPathways,27,WP4532,Intraflagellar transport proteins binding to dynein,,-3.1,9.6,5.6,30230,27,467,4,0.86,0.43,9742|55764|57560|57728,IFT140|IFT122|IFT80|WDR19,-2
MyList,WikiPathways,27,WP4905,1q21 1 copy number variation syndrome,,-3.1,9.6,5.6,30230,27,467,4,0.86,0.43,5563|9557|51205|51422,PRKAA2|CHD1L|ACP6|PRKAG2,-2
MyList,Reactome Gene Sets,6,R-HSA-191273,Cholesterol biosynthesis,,-3.1,9.6,5.6,30230,27,467,4,0.86,0.43,1718|6307|6721|10682,DHCR24|MSMO1|SREBF2|EBP,-2
MyList,Reactome Gene Sets,6,R-HSA-9013106,RHOC GTPase cycle,,-3.1,5.5,4.8,30230,70,467,6,1.3,0.52,7410|9138|9639|23092|55160|81839,VAV2|ARHGEF1|ARHGEF10|ARHGAP26|ARHGEF10L|VANGL1,-1.9
MyList,Reactome Gene Sets,6,R-HSA-2559583,Cellular Senescence,,-3.1,3.4,4.2,30230,189,467,10,2.1,0.67,2353|5602|5609|7029|7290|7867|25842|29882|64682|192670,FOS|MAPK10|MAP2K7|TFDP2|HIRA|MAPKAPK3|ASF1A|ANAPC2|ANAPC1|AGO4,-1.9
MyList,GO Biological Processes,19,GO:0043523,regulation of neuron apoptotic process,19_GO:0050789 regulation of biological process,-3.1,3,4,30230,259,467,12,2.6,0.73,673|1958|3981|4504|5290|5582|5609|8882|9481|23400|23411|51542,BRAF|EGR1|LIG4|MT3|PIK3CA|PRKCG|MAP2K7|ZPR1|SLC25A27|ATP13A2|SIRT1|VPS54,-1.9
MyList,GO Biological Processes,19,GO:0051607,defense response to virus,19_GO:0044419 biological process involved in interspecies interaction between organisms,-3.1,2.8,4,30230,296,467,13,2.8,0.76,4615|4938|6041|6773|9582|9821|11043|55703|57169|83862|200316|340061|440275,MYD88|OAS1|RNASEL|STAT2|APOBEC3B|RB1CC1|MID2|POLR3B|ZNFX1|TMEM120A|APOBEC3F|STING1|EIF2AK4,-1.9
MyList,GO Biological Processes,19,GO:0014037,Schwann cell differentiation,19_GO:0032502 developmental process,-3.1,6.9,5.1,30230,47,467,5,1.1,0.48,1959|3611|9639|23405|91137,EGR2|ILK|ARHGEF10|DICER1|SLC25A46,-1.9
MyList,KEGG Pathway,24,hsa04930,Type II diabetes mellitus,,-3.1,6.9,5.1,30230,47,467,5,1.1,0.48,3551|5290|5580|5581|5602,IKBKB|PIK3CA|PRKCD|PRKCE|MAPK10,-1.9
MyList,WikiPathways,27,WP4718,Cholesterol metabolism with Bloch and Kandutsch Russell pathways,,-3.1,6.9,5.1,30230,47,467,5,1.1,0.48,1718|2182|6307|6721|10682,DHCR24|ACSL4|MSMO1|SREBF2|EBP,-1.9
MyList,Canonical Pathways,11,M183,PID IL6 7 PATHWAY,,-3.1,6.9,5.1,30230,47,467,5,1.1,0.48,1052|2353|3726|5290|5580,CEBPD|FOS|JUNB|PIK3CA|PRKCD,-1.9
MyList,Reactome Gene Sets,6,R-HSA-73762,RNA Polymerase I Transcription Initiation,,-3.1,6.9,5.1,30230,47,467,5,1.1,0.48,2068|2071|2968|6908|8850,ERCC2|ERCC3|GTF2H4|TBP|KAT2B,-1.9
MyList,GO Biological Processes,19,GO:0016050,vesicle organization,19_GO:0009987 cellular process,-3.1,2.6,3.9,30230,373,467,15,3.2,0.82,5873|6490|6836|6845|8677|10239|10451|23400|23682|27072|58485|80067|84131|200576|203062,RAB27A|PMEL|SURF4|VAMP7|STX10|AP3S2|VAV3|ATP13A2|RAB38|VPS41|TRAPPC1|DCAF17|CEP78|PIKFYVE|TSNARE1,-1.9
MyList,GO Biological Processes,19,GO:0006302,double-strand break repair,19_GO:0050896 response to stimulus,-3.1,3.2,4.1,30230,224,467,11,2.4,0.7,3981|4292|11200|29086|54617|54799|80198|80314|84142|91419|93973,LIG4|MLH1|CHEK2|BABAM1|INO80|MBTD1|MUS81|EPC1|ABRAXAS1|ATP23|ACTR8,-1.9
MyList,GO Biological Processes,19,GO:0045598,regulation of fat cell differentiation,19_GO:0032502 developmental process,-3.1,3.7,4.3,30230,157,467,9,1.9,0.64,406|1040|6095|23411|25819|51043|83723|115825|201163,BMAL1|CDS1|RORA|SIRT1|NOCT|ZBTB7B|TLCD3B|WDFY2|FLCN,-1.9
MyList,Reactome Gene Sets,6,R-HSA-611105,Respiratory electron transport,,-3.1,3.7,4.3,30230,157,467,9,1.9,0.64,4514|4540|4541|4706|6391|6392|10975|51300|119559,COX3|ND5|ND6|NDUFAB1|SDHC|SDHD|UQCR11|TIMMDC1|SFXN4,-1.9
MyList,GO Biological Processes,19,GO:1901987,regulation of cell cycle phase transition,19_GO:0050789 regulation of biological process,-3.1,2.4,3.8,30230,495,467,18,3.9,0.89,90|2068|2071|5129|5311|5934|11200|29086|51360|51776|54617|56984|57520|80198|84142|84446|84861|440275,ACVR1|ERCC2|ERCC3|CDK18|PKD2|RBL2|CHEK2|BABAM1|MBTPS2|MAP3K20|INO80|PSMG2|HECW2|MUS81|ABRAXAS1|BRSK1|KLHL22|EIF2AK4,-1.9
MyList,GO Biological Processes,19,GO:0042255,ribosome assembly,19_GO:0009987 cellular process,-3.1,5.5,4.7,30230,71,467,6,1.3,0.52,4706|8225|22868|51106|64745|81554,NDUFAB1|GTPBP6|FASTKD2|TFB1M|METTL17|RCC1L,-1.9
MyList,GO Biological Processes,19,GO:0006352,DNA-templated transcription initiation,19_GO:0009987 cellular process,-3.1,3.2,4.1,30230,225,467,11,2.4,0.7,1958|2068|2071|2968|6837|6908|8850|9439|51106|55703|200316,EGR1|ERCC2|ERCC3|GTF2H4|MED22|TBP|KAT2B|MED23|TFB1M|POLR3B|APOBEC3F,-1.9
MyList,GO Biological Processes,19,GO:0002366,leukocyte activation involved in immune response,19_GO:0002376 immune system process,-3.1,3.2,4.1,30230,225,467,11,2.4,0.7,3981|4292|4615|5581|5873|6095|6778|6845|7374|54542|440275,LIG4|MLH1|MYD88|PRKCE|RAB27A|RORA|STAT6|VAMP7|UNG|RC3H2|EIF2AK4,-1.9
MyList,GO Biological Processes,19,GO:0001701,in utero embryonic development,19_GO:0032502 developmental process,-3.1,2.5,3.8,30230,415,467,16,3.4,0.84,90|2068|3726|3981|5311|8882|9817|9915|9927|10454|23038|51542|57448|57718|57728|201163,ACVR1|ERCC2|JUNB|LIG4|PKD2|ZPR1|KEAP1|ARNT2|MFN2|TAB1|WDTC1|VPS54|BIRC6|PPP4R4|WDR19|FLCN,-1.9
MyList,KEGG Pathway,24,hsa04070,Phosphatidylinositol signaling system,,-3.1,4.6,4.5,30230,98,467,7,1.5,0.56,1040|5286|5287|5290|5582|9677|200576,CDS1|PIK3C2A|PIK3C2B|PIK3CA|PRKCG|PPIP5K1|PIKFYVE,-1.9
MyList,GO Biological Processes,19,GO:0002285,lymphocyte activation involved in immune response,19_GO:0002376 immune system process,-3.1,3.7,4.2,30230,159,467,9,1.9,0.64,3981|4292|5873|6095|6778|6845|7374|54542|440275,LIG4|MLH1|RAB27A|RORA|STAT6|VAMP7|UNG|RC3H2|EIF2AK4,-1.9
MyList,Reactome Gene Sets,6,R-HSA-390918,Peroxisomal lipid metabolism,,-3.1,9.2,5.5,30230,28,467,4,0.86,0.43,8310|10478|11001|55825,ACOX3|SLC25A17|SLC27A2|PECR,-1.9
MyList,GO Biological Processes,19,GO:0046949,fatty-acyl-CoA biosynthetic process,19_GO:0009987 cellular process,-3.1,9.2,5.5,30230,28,467,4,0.86,0.43,2182|9374|11001|197322,ACSL4|PPT2|SLC27A2|ACSF3,-1.9
MyList,GO Biological Processes,19,GO:0021697,cerebellar cortex formation,19_GO:0032502 developmental process,-3.1,9.2,5.5,30230,28,467,4,0.86,0.43,6095|8925|79809|91137,RORA|HERC1|TTC21B|SLC25A46,-1.9
MyList,GO Biological Processes,19,GO:0019725,cellular homeostasis,19_GO:0042592 homeostatic process,-3.1,2.1,3.7,30230,716,467,23,4.9,1,20|22|1185|1657|4504|5290|5311|5563|9213|9481|9885|10463|23038|23400|23411|23682|51542|56262|63933|64924|90550|221154|286097,ABCA2|ABCB7|CLCN6|DMXL1|MT3|PIK3CA|PKD2|PRKAA2|XPR1|SLC25A27|OSBPL2|SLC30A9|WDTC1|ATP13A2|SIRT1|RAB38|VPS54|LRRC8A|MCUR1|SLC30A5|MCU|MICU2|MICU3,-1.9
MyList,GO Biological Processes,19,GO:0015986,proton motive force-driven ATP synthesis,19_GO:0009987 cellular process,-3.1,5.4,4.7,30230,72,467,6,1.3,0.52,4508|4540|4541|4706|6391|6392,ATP6|ND5|ND6|NDUFAB1|SDHC|SDHD,-1.9
MyList,WikiPathways,27,WP5304,Cholesterol metabolism,,-3.1,5.4,4.7,30230,72,467,6,1.3,0.52,706|1718|3988|6307|10682|10948,TSPO|DHCR24|LIPA|MSMO1|EBP|STARD3,-1.9
MyList,GO Biological Processes,19,GO:0044773,mitotic DNA damage checkpoint signaling,19_GO:0048519 negative regulation of biological process,-3.1,5.4,4.7,30230,72,467,6,1.3,0.52,11200|29086|51360|80198|84142|84446,CHEK2|BABAM1|MBTPS2|MUS81|ABRAXAS1|BRSK1,-1.9
MyList,GO Cellular Components,20,GO:0000932,P-body,,-3.1,4.6,4.5,30230,99,467,7,1.5,0.56,9582|25819|27257|54542|167227|192670|200316,APOBEC3B|NOCT|LSM1|RC3H2|DCP2|AGO4|APOBEC3F,-1.9
MyList,GO Biological Processes,19,GO:0000278,mitotic cell cycle,19_GO:0009987 cellular process,-3,2.2,3.7,30230,586,467,20,4.3,0.94,3611|3833|3988|9639|10592|11200|23175|23399|29086|29882|51360|54617|56984|64682|64946|80198|84142|84446|84861|85378,ILK|KIFC1|LIPA|ARHGEF10|SMC2|CHEK2|LPIN1|CTDNEP1|BABAM1|ANAPC2|MBTPS2|INO80|PSMG2|ANAPC1|CENPH|MUS81|ABRAXAS1|BRSK1|KLHL22|TUBGCP6,-1.9
MyList,WikiPathways,27,WP5124,Alzheimer 39 s disease,,-3,2.9,4,30230,264,467,12,2.6,0.73,673|3551|5290|5602|5609|9821|26100|30849|51107|55062|60673|90550,BRAF|IKBKB|PIK3CA|MAPK10|MAP2K7|RB1CC1|WIPI2|PIK3R4|APH1A|WIPI1|ATG101|MCU,-1.9
MyList,GO Biological Processes,19,GO:0032868,response to insulin,19_GO:0050896 response to stimulus,-3,3.1,4,30230,228,467,11,2.4,0.7,1958|2353|5286|5290|6655|8850|23038|23175|23411|51043|79109,EGR1|FOS|PIK3C2A|PIK3CA|SOS2|KAT2B|WDTC1|LPIN1|SIRT1|ZBTB7B|MAPKAP1,-1.9
MyList,Canonical Pathways,11,M186,PID PDGFRB PATHWAY,,-3,4,4.3,30230,129,467,8,1.7,0.6,673|2353|5290|5580|5581|5602|5609|7410,BRAF|FOS|PIK3CA|PRKCD|PRKCE|MAPK10|MAP2K7|VAV2,-1.9
MyList,GO Biological Processes,19,GO:0070900,mitochondrial tRNA modification,19_GO:0009987 cellular process,-3,15,6.3,30230,13,467,3,0.64,0.37,54802|57570|80324,TRIT1|TRMT5|PUS1,-1.9
MyList,Reactome Gene Sets,6,R-HSA-6793080,rRNA modification in the mitochondrion,,-3,15,6.3,30230,13,467,3,0.64,0.37,22868|51106|81554,FASTKD2|TFB1M|RCC1L,-1.9
MyList,WikiPathways,27,WP4318,Mitochondrial fission and fusion,,-3,15,6.3,30230,13,467,3,0.64,0.37,9927|51537|55669,MFN2|MTFP1|MFN1,-1.9
MyList,GO Cellular Components,20,GO:0005675,transcription factor TFIIH holo complex,,-3,15,6.3,30230,13,467,3,0.64,0.37,2068|2071|2968,ERCC2|ERCC3|GTF2H4,-1.9
MyList,GO Biological Processes,19,GO:0045006,DNA deamination,19_GO:0009987 cellular process,-3,15,6.3,30230,13,467,3,0.64,0.37,9582|81602|200316,APOBEC3B|CDADC1|APOBEC3F,-1.9
MyList,GO Biological Processes,19,GO:0098771,inorganic ion homeostasis,19_GO:0042592 homeostatic process,-3,2.4,3.8,30230,461,467,17,3.6,0.87,22|4504|5311|9213|9481|9885|10463|23400|25875|26249|51542|63933|64924|90550|114781|221154|286097,ABCB7|MT3|PKD2|XPR1|SLC25A27|OSBPL2|SLC30A9|ATP13A2|LETMD1|KLHL3|VPS54|MCUR1|SLC30A5|MCU|BTBD9|MICU2|MICU3,-1.9
MyList,GO Biological Processes,19,GO:0071479,cellular response to ionizing radiation,19_GO:0050896 response to stimulus,-3,5.3,4.6,30230,73,467,6,1.3,0.52,1958|3981|11200|23411|51776|54617,EGR1|LIG4|CHEK2|SIRT1|MAP3K20|INO80,-1.9
MyList,GO Biological Processes,19,GO:0002263,cell activation involved in immune response,19_GO:0002376 immune system process,-3,3.1,4,30230,229,467,11,2.4,0.7,3981|4292|4615|5581|5873|6095|6778|6845|7374|54542|440275,LIG4|MLH1|MYD88|PRKCE|RAB27A|RORA|STAT6|VAMP7|UNG|RC3H2|EIF2AK4,-1.9
MyList,GO Biological Processes,19,GO:0006623,protein targeting to vacuole,19_GO:0051179 localization,-3,6.6,4.9,30230,49,467,5,1.1,0.48,9179|23041|27072|30849|51542,AP4M1|MON2|VPS41|PIK3R4|VPS54,-1.9
MyList,Reactome Gene Sets,6,R-HSA-70268,Pyruvate metabolism,,-3,6.6,4.9,30230,49,467,5,1.1,0.48,4289|10873|51660|54704|79018,MKLN1|ME3|MPC1|PDP1|GID4,-1.9
MyList,GO Biological Processes,19,GO:0061462,protein localization to lysosome,19_GO:0051179 localization,-3,6.6,4.9,30230,49,467,5,1.1,0.48,9179|23400|30849|51542|64121,AP4M1|ATP13A2|PIK3R4|VPS54|RRAGC,-1.9
MyList,Reactome Gene Sets,6,R-HSA-6811440,Retrograde transport at the Trans-Golgi-Network,,-3,6.6,4.9,30230,49,467,5,1.1,0.48,8677|9382|51542|84342|339122,STX10|COG1|VPS54|COG8|RAB43,-1.9
MyList,GO Biological Processes,19,GO:0010038,response to metal ion,19_GO:0050896 response to stimulus,-3,2.7,3.9,30230,341,467,14,3,0.79,673|706|2353|2562|3726|4504|5311|5563|23400|27132|51542|64924|221154|286097,BRAF|TSPO|FOS|GABRB3|JUNB|MT3|PKD2|PRKAA2|ATP13A2|CPNE7|VPS54|SLC30A5|MICU2|MICU3,-1.9
MyList,GO Biological Processes,19,GO:0045444,fat cell differentiation,19_GO:0032502 developmental process,-3,4,4.3,30230,130,467,8,1.7,0.6,1052|1959|6041|23411|26580|64318|83862|123016,CEBPD|EGR2|RNASEL|SIRT1|BSCL2|NOC3L|TMEM120A|TTC8,-1.9
MyList,GO Biological Processes,19,GO:0045930,negative regulation of mitotic cell cycle,19_GO:0048519 negative regulation of biological process,-3,3.1,4,30230,230,467,11,2.4,0.7,90|5311|5934|11200|29086|51360|56984|80198|84142|84446|84861,ACVR1|PKD2|RBL2|CHEK2|BABAM1|MBTPS2|PSMG2|MUS81|ABRAXAS1|BRSK1|KLHL22,-1.9
MyList,GO Biological Processes,19,GO:0006909,phagocytosis,19_GO:0051179 localization,-3,3.6,4.2,30230,162,467,9,1.9,0.64,4615|5290|5580|5581|6845|7410|10451|25875|200576,MYD88|PIK3CA|PRKCD|PRKCE|VAMP7|VAV2|VAV3|LETMD1|PIKFYVE,-1.9
MyList,GO Biological Processes,19,GO:0006304,DNA modification,19_GO:0009987 cellular process,-3,8.9,5.4,30230,29,467,4,0.86,0.43,7374|9582|81602|200316,UNG|APOBEC3B|CDADC1|APOBEC3F,-1.9
MyList,Reactome Gene Sets,6,R-HSA-5218920,VEGFR2 mediated vascular permeability,,-3,8.9,5.4,30230,29,467,4,0.86,0.43,7410|10451|79109|253260,VAV2|VAV3|MAPKAP1|RICTOR,-1.9
MyList,GO Cellular Components,20,GO:0032585,multivesicular body membrane,,-3,8.9,5.4,30230,29,467,4,0.86,0.43,21|5873|6490|23400,ABCA3|RAB27A|PMEL|ATP13A2,-1.9
MyList,Reactome Gene Sets,6,R-HSA-380972,Energy dependent regulation of mTOR by LKB1-AMPK,,-3,8.9,5.4,30230,29,467,4,0.86,0.43,5563|10325|51422|64121,PRKAA2|RRAGB|PRKAG2|RRAGC,-1.9
MyList,GO Biological Processes,19,GO:0000027,ribosomal large subunit assembly,19_GO:0009987 cellular process,-3,8.9,5.4,30230,29,467,4,0.86,0.43,4706|8225|22868|81554,NDUFAB1|GTPBP6|FASTKD2|RCC1L,-1.9
MyList,GO Biological Processes,19,GO:0034250,positive regulation of amide metabolic process,19_GO:0048518 positive regulation of biological process,-3,8.9,5.4,30230,29,467,4,0.86,0.43,20|5580|54704|114134,ABCA2|PRKCD|PDP1|SLC2A13,-1.9
MyList,GO Biological Processes,19,GO:0046889,positive regulation of lipid biosynthetic process,19_GO:0048518 positive regulation of biological process,-3,4.5,4.4,30230,101,467,7,1.5,0.56,5580|6721|8850|9926|23399|23682|51360,PRKCD|SREBF2|KAT2B|LPGAT1|CTDNEP1|RAB38|MBTPS2,-1.8
MyList,GO Biological Processes,19,GO:0048511,rhythmic process,19_GO:0048511 rhythmic process,-3,2.9,3.9,30230,267,467,12,2.6,0.73,406|1958|2562|5563|5582|5602|6095|8850|23411|25819|59338|114781,BMAL1|EGR1|GABRB3|PRKAA2|PRKCG|MAPK10|RORA|KAT2B|SIRT1|NOCT|PLEKHA1|BTBD9,-1.8
MyList,GO Biological Processes,19,GO:0031175,neuron projection development,19_GO:0032502 developmental process,-3,2.1,3.6,30230,724,467,23,4.9,1,706|1600|1959|2562|8100|8882|8925|9252|9638|10079|23032|23405|51324|51542|51761|80128|84446|90410|91137|123016|285527|440275|729920,TSPO|DAB1|EGR2|GABRB3|IFT88|ZPR1|HERC1|RPS6KA5|FEZ1|ATP9A|USP33|DICER1|SPG21|VPS54|ATP8A2|TRIM46|BRSK1|IFT20|SLC25A46|TTC8|FRYL|EIF2AK4|CRPPA,-1.8
MyList,GO Biological Processes,19,GO:0000422,autophagy of mitochondrion,19_GO:0009987 cellular process,-3,5.2,4.6,30230,74,467,6,1.3,0.52,9821|9927|23092|26100|55062|91137,RB1CC1|MFN2|ARHGAP26|WIPI2|WIPI1|SLC25A46,-1.8
MyList,WikiPathways,27,WP4674,Head and neck squamous cell carcinoma,,-3,5.2,4.6,30230,74,467,6,1.3,0.52,5290|5563|9817|27244|79109|253260,PIK3CA|PRKAA2|KEAP1|SESN1|MAPKAP1|RICTOR,-1.8
MyList,WikiPathways,27,WP236,Adipogenesis,,-3,4,4.2,30230,131,467,8,1.7,0.6,1052|1959|5934|6095|6773|6778|23175|26580,CEBPD|EGR2|RBL2|RORA|STAT2|STAT6|LPIN1|BSCL2,-1.8
MyList,GO Cellular Components,20,GO:0140534,endoplasmic reticulum protein-containing complex,,-3,4,4.2,30230,131,467,8,1.7,0.6,6721|10585|29954|79139|84061|84447|93183|128869,SREBF2|POMT1|POMT2|DERL1|MAGT1|SYVN1|PIGM|PIGU,-1.8
MyList,GO Biological Processes,19,GO:0070646,protein modification by small protein removal,19_GO:0009987 cellular process,-3,4,4.2,30230,131,467,8,1.7,0.6,1540|9960|23032|29761|57558|57559|80013|84669,CYLD|USP3|USP33|USP25|USP35|STAMBPL1|MINDY3|USP32,-1.8
MyList,GO Biological Processes,19,GO:0042149,cellular response to glucose starvation,19_GO:0050896 response to stimulus,-3,6.5,4.9,30230,50,467,5,1.1,0.48,5563|23411|27244|30849|51422,PRKAA2|SIRT1|SESN1|PIK3R4|PRKAG2,-1.8
MyList,GO Biological Processes,19,GO:1903131,mononuclear cell differentiation,19_GO:0032502 developmental process,-3,2.5,3.8,30230,384,467,15,3.2,0.82,673|1540|1958|2353|3981|3988|4615|6095|6778|23411|51043|51542|54542|56262|84447,BRAF|CYLD|EGR1|FOS|LIG4|LIPA|MYD88|RORA|STAT6|SIRT1|ZBTB7B|VPS54|RC3H2|LRRC8A|SYVN1,-1.8
MyList,WikiPathways,27,WP185,Integrin mediated cell adhesion,,-3,4.4,4.4,30230,102,467,7,1.5,0.56,673|3611|5602|6300|7410|10451|23473,BRAF|ILK|MAPK10|MAPK12|VAV2|VAV3|CAPN7,-1.8
MyList,GO Biological Processes,19,GO:0006897,endocytosis,19_GO:0051179 localization,-3,2.3,3.7,30230,508,467,18,3.9,0.89,3988|4615|4642|5286|5290|5580|5581|6845|7410|7867|10079|10239|10451|23032|25875|53944|66036|200576,LIPA|MYD88|MYO1D|PIK3C2A|PIK3CA|PRKCD|PRKCE|VAMP7|VAV2|MAPKAPK3|ATP9A|AP3S2|VAV3|USP33|LETMD1|CSNK1G1|MTMR9|PIKFYVE,-1.8
MyList,WikiPathways,27,WP2059,Alzheimer 39 s disease and miRNA effects,,-3,2.9,3.9,30230,269,467,12,2.6,0.73,673|3551|5290|5602|5609|9821|26100|30849|51107|55062|60673|90550,BRAF|IKBKB|PIK3CA|MAPK10|MAP2K7|RB1CC1|WIPI2|PIK3R4|APH1A|WIPI1|ATG101|MCU,-1.8
MyList,GO Biological Processes,19,GO:1903047,mitotic cell cycle process,19_GO:0009987 cellular process,-3,2.3,3.7,30230,509,467,18,3.9,0.89,3611|3833|9639|10592|11200|23175|23399|29086|29882|51360|54617|56984|64682|64946|80198|84142|84446|84861,ILK|KIFC1|ARHGEF10|SMC2|CHEK2|LPIN1|CTDNEP1|BABAM1|ANAPC2|MBTPS2|INO80|PSMG2|ANAPC1|CENPH|MUS81|ABRAXAS1|BRSK1|KLHL22,-1.8
MyList,GO Biological Processes,19,GO:0060173,limb development,19_GO:0032502 developmental process,-3,3.3,4,30230,198,467,10,2.1,0.67,8850|9742|26160|51324|51542|51776|54542|55764|57560|57728,KAT2B|IFT140|IFT172|SPG21|VPS54|MAP3K20|RC3H2|IFT122|IFT80|WDR19,-1.8
MyList,GO Biological Processes,19,GO:0048736,appendage development,19_GO:0032502 developmental process,-3,3.3,4,30230,198,467,10,2.1,0.67,8850|9742|26160|51324|51542|51776|54542|55764|57560|57728,KAT2B|IFT140|IFT172|SPG21|VPS54|MAP3K20|RC3H2|IFT122|IFT80|WDR19,-1.8
MyList,GO Biological Processes,19,GO:0046649,lymphocyte activation,19_GO:0002376 immune system process,-3,2.3,3.7,30230,510,467,18,3.9,0.89,673|1540|1958|3981|3988|4292|5580|5873|6095|6778|6845|7374|51043|54542|56262|81704|84447|440275,BRAF|CYLD|EGR1|LIG4|LIPA|MLH1|PRKCD|RAB27A|RORA|STAT6|VAMP7|UNG|ZBTB7B|RC3H2|LRRC8A|DOCK8|SYVN1|EIF2AK4,-1.8
MyList,GO Cellular Components,20,GO:0005819,spindle,,-3,2.4,3.7,30230,427,467,16,3.4,0.84,1540|2068|3833|3985|5311|8850|22920|23354|54617|57448|57520|57542|84861|84942|85378|201163,CYLD|ERCC2|KIFC1|LIMK2|PKD2|KAT2B|KIFAP3|HAUS5|INO80|BIRC6|HECW2|KLHL42|KLHL22|WDR73|TUBGCP6|FLCN,-1.8
MyList,KEGG Pathway,24,hsa05142,Chagas disease,,-3,4.4,4.3,30230,103,467,7,1.5,0.56,2353|3551|4615|5290|5602|6300|9630,FOS|IKBKB|MYD88|PIK3CA|MAPK10|MAPK12|GNA14,-1.8
MyList,GO Biological Processes,19,GO:0010927,cellular component assembly involved in morphogenesis,19_GO:0032502 developmental process,-3,3.9,4.2,30230,133,467,8,1.7,0.6,20|2068|8443|8736|23405|80067|84131|127294,ABCA2|ERCC2|GNPAT|MYOM1|DICER1|DCAF17|CEP78|MYOM3,-1.8
MyList,GO Biological Processes,19,GO:0032989,cellular anatomical entity morphogenesis,19_GO:0009987 cellular process,-3,3.9,4.2,30230,133,467,8,1.7,0.6,20|2068|8443|8736|23405|80067|84131|127294,ABCA2|ERCC2|GNPAT|MYOM1|DICER1|DCAF17|CEP78|MYOM3,-1.8
MyList,KEGG Pathway,24,hsa04142,Lysosome,,-3,3.9,4.2,30230,133,467,8,1.7,0.6,20|1519|1657|3988|9179|9374|10239|11154,ABCA2|CTSO|DMXL1|LIPA|AP4M1|PPT2|AP3S2|AP4S1,-1.8
MyList,GO Biological Processes,19,GO:0046463,acylglycerol biosynthetic process,19_GO:0009987 cellular process,-3,8.6,5.2,30230,30,467,4,0.86,0.43,2710|9926|23175|137695,GK|LPGAT1|LPIN1|TMEM68,-1.8
MyList,GO Biological Processes,19,GO:0022011,myelination in peripheral nervous system,19_GO:0032502 developmental process,-3,8.6,5.2,30230,30,467,4,0.86,0.43,3611|9639|23405|91137,ILK|ARHGEF10|DICER1|SLC25A46,-1.8
MyList,GO Biological Processes,19,GO:0032292,peripheral nervous system axon ensheathment,19_GO:0032502 developmental process,-3,8.6,5.2,30230,30,467,4,0.86,0.43,3611|9639|23405|91137,ILK|ARHGEF10|DICER1|SLC25A46,-1.8
MyList,GO Biological Processes,19,GO:0046460,neutral lipid biosynthetic process,19_GO:0009987 cellular process,-3,8.6,5.2,30230,30,467,4,0.86,0.43,2710|9926|23175|137695,GK|LPGAT1|LPIN1|TMEM68,-1.8
MyList,KEGG Pathway,24,hsa00563,Glycosylphosphatidylinositol (GPI)-anchor biosynthesis,,-3,8.6,5.2,30230,30,467,4,0.86,0.43,65258|84302|93183|128869,MPPE1|PGAP4|PIGM|PIGU,-1.8
MyList,GO Biological Processes,19,GO:0010043,response to zinc ion,19_GO:0050896 response to stimulus,-2.9,6.3,4.8,30230,51,467,5,1.1,0.48,706|2562|4504|23400|64924,TSPO|GABRB3|MT3|ATP13A2|SLC30A5,-1.8
MyList,WikiPathways,27,WP4341,Non genomic actions of 1 25 dihydroxyvitamin D3,,-2.9,5.1,4.5,30230,76,467,6,1.3,0.52,3551|5580|5581|5582|6300|6773,IKBKB|PRKCD|PRKCE|PRKCG|MAPK12|STAT2,-1.8
MyList,GO Biological Processes,19,GO:0044774,mitotic DNA integrity checkpoint signaling,19_GO:0048519 negative regulation of biological process,-2.9,5.1,4.5,30230,76,467,6,1.3,0.52,11200|29086|51360|80198|84142|84446,CHEK2|BABAM1|MBTPS2|MUS81|ABRAXAS1|BRSK1,-1.8
MyList,KEGG Pathway,24,hsa03320,PPAR signaling pathway,,-2.9,5.1,4.5,30230,76,467,6,1.3,0.52,2182|2710|3611|8310|10873|11001,ACSL4|GK|ILK|ACOX3|ME3|SLC27A2,-1.8
MyList,GO Biological Processes,19,GO:0045911,positive regulation of DNA recombination,19_GO:0048518 positive regulation of biological process,-2.9,5.1,4.5,30230,76,467,6,1.3,0.52,2068|4292|6778|54799|55135|80314,ERCC2|MLH1|STAT6|MBTD1|WRAP53|EPC1,-1.8
MyList,GO Cellular Components,20,GO:0072686,mitotic spindle,,-2.9,3.5,4.1,30230,166,467,9,1.9,0.64,3833|3985|5311|8850|23354|57448|57520|84861|201163,KIFC1|LIMK2|PKD2|KAT2B|HAUS5|BIRC6|HECW2|KLHL22|FLCN,-1.8
MyList,GO Biological Processes,19,GO:0006986,response to unfolded protein,19_GO:0050896 response to stimulus,-2.9,3.9,4.2,30230,134,467,8,1.7,0.6,3310|9927|23411|23456|51360|79139|89890|339487,HSPA6|MFN2|SIRT1|ABCB10|MBTPS2|DERL1|KBTBD6|ZBTB8OS,-1.8
MyList,GO Biological Processes,19,GO:0006906,vesicle fusion,19_GO:0051179 localization,-2.9,4.4,4.3,30230,104,467,7,1.5,0.56,6845|8677|10451|23400|27072|200576|203062,VAMP7|STX10|VAV3|ATP13A2|VPS41|PIKFYVE|TSNARE1,-1.8
MyList,GO Biological Processes,19,GO:0015850,organic hydroxy compound transport,19_GO:0051179 localization,-2.9,3.5,4,30230,167,467,9,1.9,0.64,24|706|3988|9885|10948|23461|51542|57655|114134,ABCA4|TSPO|LIPA|OSBPL2|STARD3|ABCA5|VPS54|GRAMD1A|SLC2A13,-1.8
MyList,WikiPathways,27,WP3594,Circadian rhythm genes,,-2.9,3.2,4,30230,201,467,10,2.1,0.67,406|1958|5563|5582|5602|6095|9915|23411|25819|114781,BMAL1|EGR1|PRKAA2|PRKCG|MAPK10|RORA|ARNT2|SIRT1|NOCT|BTBD9,-1.8
MyList,GO Biological Processes,19,GO:0007264,small GTPase-mediated signal transduction,19_GO:0050896 response to stimulus,-2.9,2.8,3.8,30230,274,467,12,2.6,0.73,1121|1600|1718|3988|6016|6655|7410|9138|10451|23682|64121|81704,CHM|DAB1|DHCR24|LIPA|RIT1|SOS2|VAV2|ARHGEF1|VAV3|RAB38|RRAGC|DOCK8,-1.8
MyList,GO Biological Processes,19,GO:2001252,positive regulation of chromosome organization,19_GO:0048518 positive regulation of biological process,-2.9,4.3,4.3,30230,105,467,7,1.5,0.56,3981|4931|5609|10592|54617|55135|93973,LIG4|NVL|MAP2K7|SMC2|INO80|WRAP53|ACTR8,-1.8
MyList,GO Biological Processes,19,GO:0021510,spinal cord development,19_GO:0032502 developmental process,-2.9,4.3,4.3,30230,105,467,7,1.5,0.56,1600|2068|5311|8882|26160|55764|57560,DAB1|ERCC2|PKD2|ZPR1|IFT172|IFT122|IFT80,-1.8
MyList,Canonical Pathways,11,M63,PID AVB3 OPN PATHWAY,,-2.9,8.4,5.1,30230,31,467,4,0.86,0.43,2353|3611|5290|10451,FOS|ILK|PIK3CA|VAV3,-1.8
MyList,KEGG Pathway,24,hsa05162,Measles,,-2.9,3.8,4.1,30230,136,467,8,1.7,0.6,2353|3310|3551|4615|4938|5290|5602|6773,FOS|HSPA6|IKBKB|MYD88|OAS1|PIK3CA|MAPK10|STAT2,-1.8
MyList,Reactome Gene Sets,6,R-HSA-5358351,Signaling by Hedgehog,,-2.9,3.8,4.1,30230,136,467,8,1.7,0.6,8100|9742|26160|55764|57728|64750|79809|84447,IFT88|IFT140|IFT172|IFT122|WDR19|SMURF2|TTC21B|SYVN1,-1.8
MyList,GO Biological Processes,19,GO:0006639,acylglycerol metabolic process,19_GO:0009987 cellular process,-2.9,4.3,4.2,30230,106,467,7,1.5,0.56,2710|3988|9489|9926|23175|23411|137695,GK|LIPA|PGS1|LPGAT1|LPIN1|SIRT1|TMEM68,-1.7
MyList,Reactome Gene Sets,6,R-HSA-1660499,Synthesis of PIPs at the plasma membrane,,-2.9,6.1,4.7,30230,53,467,5,1.1,0.48,5286|5287|5290|59338|66036,PIK3C2A|PIK3C2B|PIK3CA|PLEKHA1|MTMR9,-1.7
MyList,GO Biological Processes,19,GO:0008033,tRNA processing,19_GO:0009987 cellular process,-2.9,3.8,4.1,30230,137,467,8,1.7,0.6,10785|54802|57570|60487|80324|126789|285605|339487,WDR4|TRIT1|TRMT5|TRMT11|PUS1|PUSL1|DTWD2|ZBTB8OS,-1.7
MyList,WikiPathways,27,WP2380,Brain derived neurotrophic factor BDNF signaling,,-2.9,3.8,4.1,30230,137,467,8,1.7,0.6,2562|3551|5563|5580|5602|7410|9252|10451,GABRB3|IKBKB|PRKAA2|PRKCD|MAPK10|VAV2|RPS6KA5|VAV3,-1.7
MyList,GO Biological Processes,19,GO:0002221,pattern recognition receptor signaling pathway,19_GO:0044419 biological process involved in interspecies interaction between organisms,-2.9,3.8,4.1,30230,137,467,8,1.7,0.6,1540|3551|4615|4938|5581|7867|25875|340061,CYLD|IKBKB|MYD88|OAS1|PRKCE|MAPKAPK3|LETMD1|STING1,-1.7
MyList,GO Biological Processes,19,GO:0006282,regulation of DNA repair,19_GO:0050896 response to stimulus,-2.9,3,3.8,30230,240,467,11,2.4,0.7,5580|5582|8850|23411|29086|54617|54799|55135|80314|84142|93973,PRKCD|PRKCG|KAT2B|SIRT1|BABAM1|INO80|MBTD1|WRAP53|EPC1|ABRAXAS1|ACTR8,-1.7
MyList,GO Biological Processes,19,GO:0006638,neutral lipid metabolic process,19_GO:0009987 cellular process,-2.9,4.2,4.2,30230,107,467,7,1.5,0.56,2710|3988|9489|9926|23175|23411|137695,GK|LIPA|PGS1|LPGAT1|LPIN1|SIRT1|TMEM68,-1.7
MyList,GO Biological Processes,19,GO:0010001,glial cell differentiation,19_GO:0032502 developmental process,-2.9,3.2,3.9,30230,205,467,10,2.1,0.67,20|1959|2068|3611|4615|9639|23405|51542|79809|91137,ABCA2|EGR2|ERCC2|ILK|MYD88|ARHGEF10|DICER1|VPS54|TTC21B|SLC25A46,-1.7
MyList,GO Biological Processes,19,GO:0071347,cellular response to interleukin-1,19_GO:0050896 response to stimulus,-2.8,4.9,4.4,30230,79,467,6,1.3,0.52,1958|3551|4615|5609|6095|9252,EGR1|IKBKB|MYD88|MAP2K7|RORA|RPS6KA5,-1.7
MyList,GO Biological Processes,19,GO:0032371,regulation of sterol transport,19_GO:0051179 localization,-2.8,4.9,4.4,30230,79,467,6,1.3,0.52,20|21|706|6721|23411|23461,ABCA2|ABCA3|TSPO|SREBF2|SIRT1|ABCA5,-1.7
MyList,GO Biological Processes,19,GO:0032374,regulation of cholesterol transport,19_GO:0051179 localization,-2.8,4.9,4.4,30230,79,467,6,1.3,0.52,20|21|706|6721|23411|23461,ABCA2|ABCA3|TSPO|SREBF2|SIRT1|ABCA5,-1.7
MyList,GO Biological Processes,19,GO:0045069,regulation of viral genome replication,19_GO:0016032 viral process,-2.8,4.9,4.4,30230,79,467,6,1.3,0.52,4938|6041|6590|9582|57169|200316,OAS1|RNASEL|SLPI|APOBEC3B|ZNFX1|APOBEC3F,-1.7
MyList,GO Biological Processes,19,GO:0006641,triglyceride metabolic process,19_GO:0009987 cellular process,-2.8,4.9,4.4,30230,79,467,6,1.3,0.52,2710|3988|9926|23175|23411|137695,GK|LIPA|LPGAT1|LPIN1|SIRT1|TMEM68,-1.7
MyList,GO Biological Processes,19,GO:0062012,regulation of small molecule metabolic process,19_GO:0050789 regulation of biological process,-2.8,2.5,3.7,30230,356,467,14,3,0.79,706|1958|5563|6095|6721|8850|9926|10162|23038|23411|51360|51422|54704|201163,TSPO|EGR1|PRKAA2|RORA|SREBF2|KAT2B|LPGAT1|LPCAT3|WDTC1|SIRT1|MBTPS2|PRKAG2|PDP1|FLCN,-1.7
MyList,WikiPathways,27,WP5530,MAPK signaling and ARTD family members,,-2.8,8.1,5,30230,32,467,4,0.86,0.43,673|5602|5609|6300,BRAF|MAPK10|MAP2K7|MAPK12,-1.7
MyList,KEGG Pathway,24,hsa04136,Autophagy - other,,-2.8,8.1,5,30230,32,467,4,0.86,0.43,26100|30849|55062|60673,WIPI2|PIK3R4|WIPI1|ATG101,-1.7
MyList,Reactome Gene Sets,6,R-HSA-73863,RNA Polymerase I Transcription Termination,,-2.8,8.1,5,30230,32,467,4,0.86,0.43,2068|2071|2968|6908,ERCC2|ERCC3|GTF2H4|TBP,-1.7
MyList,WikiPathways,27,WP3844,PI3K AKT mTOR signaling and therapeutic opportunities in prostate cancer,,-2.8,8.1,5,30230,32,467,4,0.86,0.43,5290|9821|79109|253260,PIK3CA|RB1CC1|MAPKAP1|RICTOR,-1.7
MyList,GO Biological Processes,19,GO:0021680,cerebellar Purkinje cell layer development,19_GO:0032502 developmental process,-2.8,8.1,5,30230,32,467,4,0.86,0.43,6095|8925|79809|91137,RORA|HERC1|TTC21B|SLC25A46,-1.7
MyList,Reactome Gene Sets,6,R-HSA-194315,Signaling by Rho GTPases,,-2.8,2,3.5,30230,699,467,22,4.7,0.98,3985|5290|5580|6655|7126|7410|8476|9138|9639|10451|23074|23092|23229|30849|50649|54514|55160|64946|79658|81704|81839|143872,LIMK2|PIK3CA|PRKCD|SOS2|TNFAIP1|VAV2|CDC42BPA|ARHGEF1|ARHGEF10|VAV3|BLTP3B|ARHGAP26|ARHGEF9|PIK3R4|ARHGEF4|DDX4|ARHGEF10L|CENPH|ARHGAP10|DOCK8|VANGL1|ARHGAP42,-1.7
MyList,Reactome Gene Sets,6,R-HSA-430039,mRNA decay by 5' to 3' exoribonuclease,,-2.8,13,5.8,30230,15,467,3,0.64,0.37,23658|27257|167227,LSM5|LSM1|DCP2,-1.7
MyList,WikiPathways,27,WP3873,RIOK1 and RIOK2 in EGFR and PI3K mediated tumorigenesis,,-2.8,13,5.8,30230,15,467,3,0.64,0.37,5290|79109|253260,PIK3CA|MAPKAP1|RICTOR,-1.7
MyList,WikiPathways,27,WP195,IL1 signaling,,-2.8,6,4.6,30230,54,467,5,1.1,0.48,3551|4615|5609|10454|57161,IKBKB|MYD88|MAP2K7|TAB1|PELI2,-1.7
MyList,GO Biological Processes,19,GO:0043473,pigmentation,19_GO:0043473 pigmentation,-2.8,4.2,4.2,30230,108,467,7,1.5,0.56,2562|5873|6490|10239|23682|81839|200576,GABRB3|RAB27A|PMEL|AP3S2|RAB38|VANGL1|PIKFYVE,-1.7
MyList,GO Biological Processes,19,GO:0061013,regulation of mRNA catabolic process,19_GO:0048519 negative regulation of biological process,-2.8,2.6,3.7,30230,318,467,13,2.8,0.76,4292|4615|5580|6041|9238|22868|23049|23658|25819|27257|54542|55181|167227,MLH1|MYD88|PRKCD|RNASEL|TBRG4|FASTKD2|SMG1|LSM5|NOCT|LSM1|RC3H2|SMG8|DCP2,-1.7
MyList,GO Biological Processes,19,GO:0045834,positive regulation of lipid metabolic process,19_GO:0048518 positive regulation of biological process,-2.8,3.7,4,30230,139,467,8,1.7,0.6,5580|5581|6721|8850|9926|23399|23682|51360,PRKCD|PRKCE|SREBF2|KAT2B|LPGAT1|CTDNEP1|RAB38|MBTPS2,-1.7
MyList,GO Biological Processes,19,GO:0090174,organelle membrane fusion,19_GO:0009987 cellular process,-2.8,4.2,4.1,30230,109,467,7,1.5,0.56,6845|8677|10451|23400|27072|200576|203062,VAMP7|STX10|VAV3|ATP13A2|VPS41|PIKFYVE|TSNARE1,-1.7
MyList,GO Biological Processes,19,GO:0006367,transcription initiation at RNA polymerase II promoter,19_GO:0009987 cellular process,-2.8,3.4,3.9,30230,173,467,9,1.9,0.64,1958|2068|2071|2968|6837|6908|8850|9439|200316,EGR1|ERCC2|ERCC3|GTF2H4|MED22|TBP|KAT2B|MED23|APOBEC3F,-1.7
MyList,GO Biological Processes,19,GO:0046578,regulation of Ras protein signal transduction,19_GO:0050896 response to stimulus,-2.8,5.9,4.5,30230,55,467,5,1.1,0.48,5922|9927|22821|79109|201163,RASA2|MFN2|RASA3|MAPKAP1|FLCN,-1.7
MyList,GO Biological Processes,19,GO:0007224,smoothened signaling pathway,19_GO:0050896 response to stimulus,-2.8,4.8,4.3,30230,81,467,6,1.3,0.52,26160|57560|57728|79809|79867|90410,IFT172|IFT80|WDR19|TTC21B|TCTN2|IFT20,-1.7
MyList,GO Biological Processes,19,GO:0006626,protein targeting to mitochondrion,19_GO:0051179 localization,-2.8,7.8,4.9,30230,33,467,4,0.86,0.43,706|4285|9927|26521,TSPO|MIPEP|MFN2|TIMM8B,-1.7
MyList,GO Biological Processes,19,GO:0046471,phosphatidylglycerol metabolic process,19_GO:0009987 cellular process,-2.8,7.8,4.9,30230,33,467,4,0.86,0.43,21|9489|9926|114971,ABCA3|PGS1|LPGAT1|PTPMT1,-1.7
MyList,GO Biological Processes,19,GO:0032479,regulation of type I interferon production,19_GO:0032501 multicellular organismal process,-2.8,3.7,4,30230,141,467,8,1.7,0.6,1540|4615|4938|55703|79671|84861|91947|340061,CYLD|MYD88|OAS1|POLR3B|NLRX1|KLHL22|ARRDC4|STING1,-1.7
MyList,WikiPathways,27,WP710,DNA damage response only ATM dependent,,-2.8,4.1,4.1,30230,110,467,7,1.5,0.56,5286|5287|5290|5602|5934|6655|30849,PIK3C2A|PIK3C2B|PIK3CA|MAPK10|RBL2|SOS2|PIK3R4,-1.7
MyList,GO Biological Processes,19,GO:0055080,monoatomic cation homeostasis,19_GO:0042592 homeostatic process,-2.8,2.2,3.5,30230,529,467,18,3.9,0.89,22|1657|4504|5311|9481|9885|10463|23400|23682|25875|26249|51542|63933|64924|90550|114781|221154|286097,ABCB7|DMXL1|MT3|PKD2|SLC25A27|OSBPL2|SLC30A9|ATP13A2|RAB38|LETMD1|KLHL3|VPS54|MCUR1|SLC30A5|MCU|BTBD9|MICU2|MICU3,-1.7
MyList,GO Biological Processes,19,GO:0010212,response to ionizing radiation,19_GO:0050896 response to stimulus,-2.8,3.6,4,30230,142,467,8,1.7,0.6,1958|3981|11200|23411|29086|51776|54617|84142,EGR1|LIG4|CHEK2|SIRT1|BABAM1|MAP3K20|INO80|ABRAXAS1,-1.7
MyList,GO Biological Processes,19,GO:0021549,cerebellum development,19_GO:0032502 developmental process,-2.8,4.1,4.1,30230,111,467,7,1.5,0.56,1600|2562|6095|8443|8925|79809|91137,DAB1|GABRB3|RORA|GNPAT|HERC1|TTC21B|SLC25A46,-1.6
MyList,GO Biological Processes,19,GO:0032204,regulation of telomere maintenance,19_GO:0050789 regulation of biological process,-2.8,4.1,4.1,30230,111,467,7,1.5,0.56,4931|5609|23049|54617|55135|93973|167227,NVL|MAP2K7|SMG1|INO80|WRAP53|ACTR8|DCP2,-1.6
MyList,WikiPathways,27,WP4324,Mitochondrial complex I assembly model OXPHOS system,,-2.8,5.8,4.5,30230,56,467,5,1.1,0.48,4540|4541|4706|51300|54968,ND5|ND6|NDUFAB1|TIMMDC1|TMEM70,-1.6
MyList,Canonical Pathways,11,M99,PID TXA2PATHWAY,,-2.8,5.8,4.5,30230,56,467,5,1.1,0.48,5580|5581|5582|9138|9630,PRKCD|PRKCE|PRKCG|ARHGEF1|GNA14,-1.6
MyList,Reactome Gene Sets,6,R-HSA-8949664,Processing of SMDT1,,-2.8,12,5.6,30230,16,467,3,0.64,0.37,90550|221154|286097,MCU|MICU2|MICU3,-1.6
MyList,WikiPathways,27,WP4705,Pathways of nucleic acid metabolism and innate immune sensing,,-2.8,12,5.6,30230,16,467,3,0.64,0.37,4938|6041|340061,OAS1|RNASEL|STING1,-1.6
MyList,Reactome Gene Sets,6,R-HSA-9920951,Dengue virus modulates apoptosis,,-2.8,12,5.6,30230,16,467,3,0.64,0.37,30849|79109|253260,PIK3R4|MAPKAP1|RICTOR,-1.6
MyList,WikiPathways,27,WP2435,Quercetin and Nf kB AP 1 induced apoptosis,,-2.8,12,5.6,30230,16,467,3,0.64,0.37,2353|3551|9817,FOS|IKBKB|KEAP1,-1.6
MyList,WikiPathways,27,WP4928,MAPK pathway in congenital thyroid cancer,,-2.8,12,5.6,30230,16,467,3,0.64,0.37,673|2353|6655,BRAF|FOS|SOS2,-1.6
MyList,GO Biological Processes,19,GO:1903530,regulation of secretion by cell,19_GO:0051179 localization,-2.7,2.1,3.4,30230,577,467,19,4.1,0.91,406|673|706|1143|2182|5581|5582|5587|5873|6392|6845|10079|23400|25837|56262|90550|134957|143425|286097,BMAL1|BRAF|TSPO|CHRNB4|ACSL4|PRKCE|PRKCG|PRKD1|RAB27A|SDHD|VAMP7|ATP9A|ATP13A2|RAB26|LRRC8A|MCU|STXBP5|SYT9|MICU3,-1.6
MyList,Reactome Gene Sets,6,R-HSA-9634815,Transcriptional Regulation by NPAS4,,-2.7,7.6,4.8,30230,34,467,4,0.86,0.43,406|2353|9915|192670,BMAL1|FOS|ARNT2|AGO4,-1.6
MyList,KEGG Pathway,24,hsa04710,Circadian rhythm,,-2.7,7.6,4.8,30230,34,467,4,0.86,0.43,406|5563|6095|51422,BMAL1|PRKAA2|RORA|PRKAG2,-1.6
MyList,GO Biological Processes,19,GO:0006829,zinc ion transport,19_GO:0051179 localization,-2.7,7.6,4.8,30230,34,467,4,0.86,0.43,4504|10463|55676|64924,MT3|SLC30A9|SLC30A6|SLC30A5,-1.6
MyList,GO Biological Processes,19,GO:0034142,toll-like receptor 4 signaling pathway,19_GO:0044419 biological process involved in interspecies interaction between organisms,-2.7,7.6,4.8,30230,34,467,4,0.86,0.43,4615|4938|5581|25875,MYD88|OAS1|PRKCE|LETMD1,-1.6
MyList,Canonical Pathways,11,M110,PID IL1 PATHWAY,,-2.7,7.6,4.8,30230,34,467,4,0.86,0.43,3551|4615|5290|10454,IKBKB|MYD88|PIK3CA|TAB1,-1.6
MyList,Reactome Gene Sets,6,R-HSA-187687,Signalling to ERKs,,-2.7,7.6,4.8,30230,34,467,4,0.86,0.43,673|6016|6300|7867,BRAF|RIT1|MAPK12|MAPKAPK3,-1.6
MyList,Canonical Pathways,11,M12705,SIG CD40PATHWAYMAP,,-2.7,7.6,4.8,30230,34,467,4,0.86,0.43,5290|5602|5609|6300,PIK3CA|MAPK10|MAP2K7|MAPK12,-1.6
MyList,GO Biological Processes,19,GO:0043122,regulation of canonical NF-kappaB signal transduction,19_GO:0050896 response to stimulus,-2.7,2.6,3.6,30230,326,467,13,2.8,0.76,1540|3551|3611|4615|5581|5587|6095|11043|23411|57161|79671|124583|142678,CYLD|IKBKB|ILK|MYD88|PRKCE|PRKD1|RORA|MID2|SIRT1|PELI2|NLRX1|CANT1|MIB2,-1.6
MyList,WikiPathways,27,WP4673,Male infertility,,-2.7,3.6,3.9,30230,144,467,8,1.7,0.6,406|2068|3981|4292|5192|5428|8476|54514,BMAL1|ERCC2|LIG4|MLH1|PEX10|POLG|CDC42BPA|DDX4,-1.6
MyList,GO Biological Processes,19,GO:0010874,regulation of cholesterol efflux,19_GO:0051179 localization,-2.7,5.7,4.4,30230,57,467,5,1.1,0.48,20|21|6721|23411|23461,ABCA2|ABCA3|SREBF2|SIRT1|ABCA5,-1.6
MyList,GO Biological Processes,19,GO:0015748,organophosphate ester transport,19_GO:0051179 localization,-2.7,3.3,3.8,30230,178,467,9,1.9,0.64,21|24|4833|9885|10079|10478|51761|56262|114789,ABCA3|ABCA4|NME4|OSBPL2|ATP9A|SLC25A17|ATP8A2|LRRC8A|SLC25A25,-1.6
MyList,GO Cellular Components,20,GO:0005769,early endosome,,-2.7,2.3,3.5,30230,450,467,16,3.4,0.84,3833|4642|9179|10079|10239|23041|23074|23682|27072|79109|79139|91947|115825|142678|200576|219285,KIFC1|MYO1D|AP4M1|ATP9A|AP3S2|MON2|BLTP3B|RAB38|VPS41|MAPKAP1|DERL1|ARRDC4|WDFY2|MIB2|PIKFYVE|SAMD9L,-1.6
MyList,GO Biological Processes,19,GO:0120032,regulation of plasma membrane bounded cell projection assembly,19_GO:0050789 regulation of biological process,-2.7,3,3.7,30230,214,467,10,2.1,0.67,1540|3985|5290|5580|8100|9742|54849|90410|115704|140469,CYLD|LIMK2|PIK3CA|PRKCD|IFT88|IFT140|DEF8|IFT20|EVI5L|MYO3B,-1.6
MyList,GO Biological Processes,19,GO:1902017,regulation of cilium assembly,19_GO:0050789 regulation of biological process,-2.7,4.6,4.2,30230,84,467,6,1.3,0.52,1540|3985|8100|9742|90410|115704,CYLD|LIMK2|IFT88|IFT140|IFT20|EVI5L,-1.6
MyList,Reactome Gene Sets,6,R-HSA-5696399,Global Genome Nucleotide Excision Repair (GG-NER),,-2.7,4.6,4.2,30230,84,467,6,1.3,0.52,2068|2071|2968|9557|54617|93973,ERCC2|ERCC3|GTF2H4|CHD1L|INO80|ACTR8,-1.6
MyList,GO Biological Processes,19,GO:1901991,negative regulation of mitotic cell cycle phase transition,19_GO:0048519 negative regulation of biological process,-2.7,3.3,3.8,30230,179,467,9,1.9,0.64,90|5311|5934|29086|51360|56984|84142|84446|84861,ACVR1|PKD2|RBL2|BABAM1|MBTPS2|PSMG2|ABRAXAS1|BRSK1|KLHL22,-1.6
MyList,GO Biological Processes,19,GO:0043524,negative regulation of neuron apoptotic process,19_GO:0048519 negative regulation of biological process,-2.7,3.3,3.8,30230,179,467,9,1.9,0.64,673|3981|4504|5290|5582|8882|9481|23411|51542,BRAF|LIG4|MT3|PIK3CA|PRKCG|ZPR1|SLC25A27|SIRT1|VPS54,-1.6
MyList,GO Biological Processes,19,GO:0051276,chromosome organization,19_GO:0009987 cellular process,-2.7,2.3,3.5,30230,453,467,16,3.4,0.84,2071|3833|3981|4292|9639|10592|11200|54617|55135|55706|64946|80198|84142|84861|93973|192670,ERCC3|KIFC1|LIG4|MLH1|ARHGEF10|SMC2|CHEK2|INO80|WRAP53|NDC1|CENPH|MUS81|ABRAXAS1|KLHL22|ACTR8|AGO4,-1.6
MyList,GO Biological Processes,19,GO:0050801,monoatomic ion homeostasis,19_GO:0042592 homeostatic process,-2.7,2.2,3.4,30230,540,467,18,3.9,0.89,22|1657|4504|5311|9481|9885|10463|23400|23682|25875|26249|51542|63933|64924|90550|114781|221154|286097,ABCB7|DMXL1|MT3|PKD2|SLC25A27|OSBPL2|SLC30A9|ATP13A2|RAB38|LETMD1|KLHL3|VPS54|MCUR1|SLC30A5|MCU|BTBD9|MICU2|MICU3,-1.6
MyList,WikiPathways,27,WP2571,Polycystic kidney disease pathway,,-2.7,4.6,4.1,30230,85,467,6,1.3,0.52,673|2353|3551|5311|5563|51422,BRAF|FOS|IKBKB|PKD2|PRKAA2|PRKAG2,-1.6
MyList,WikiPathways,27,WP4352,Ciliary landscape,,-2.7,3,3.7,30230,216,467,10,2.1,0.67,4289|7328|8100|9742|26160|55764|57560|79018|90410|123016,MKLN1|UBE2H|IFT88|IFT140|IFT172|IFT122|IFT80|GID4|IFT20|TTC8,-1.6
MyList,GO Biological Processes,19,GO:0006664,glycolipid metabolic process,19_GO:0009987 cellular process,-2.7,3.9,4,30230,115,467,7,1.5,0.56,20|9517|64924|65258|84302|93183|128869,ABCA2|SPTLC2|SLC30A5|MPPE1|PGAP4|PIGM|PIGU,-1.6
MyList,WikiPathways,27,WP4659,Gastrin signaling,,-2.7,3.9,4,30230,115,467,7,1.5,0.56,1958|2353|3551|5290|5580|5581|5587,EGR1|FOS|IKBKB|PIK3CA|PRKCD|PRKCE|PRKD1,-1.6
MyList,GO Biological Processes,19,GO:0051403,stress-activated MAPK cascade,19_GO:0050896 response to stimulus,-2.7,11,5.4,30230,17,467,3,0.64,0.37,3551|5609|51776,IKBKB|MAP2K7|MAP3K20,-1.6
MyList,Canonical Pathways,11,M12771,SA PTEN PATHWAY,,-2.7,11,5.4,30230,17,467,3,0.64,0.37,3611|5290|5934,ILK|PIK3CA|RBL2,-1.6
MyList,GO Biological Processes,19,GO:0090646,mitochondrial tRNA processing,19_GO:0009987 cellular process,-2.7,11,5.4,30230,17,467,3,0.64,0.37,54802|57570|80324,TRIT1|TRMT5|PUS1,-1.6
MyList,Reactome Gene Sets,6,R-HSA-8868766,rRNA processing in the mitochondrion,,-2.7,11,5.4,30230,17,467,3,0.64,0.37,22868|51106|81554,FASTKD2|TFB1M|RCC1L,-1.6
MyList,GO Biological Processes,19,GO:0034497,protein localization to phagophore assembly site,19_GO:0051179 localization,-2.7,11,5.4,30230,17,467,3,0.64,0.37,9927|26100|55062,MFN2|WIPI2|WIPI1,-1.6
MyList,WikiPathways,27,WP5526,Age related macular degeneration,,-2.7,11,5.4,30230,17,467,3,0.64,0.37,5563|23411|51422,PRKAA2|SIRT1|PRKAG2,-1.6
MyList,GO Biological Processes,19,GO:0060491,regulation of cell projection assembly,19_GO:0050789 regulation of biological process,-2.7,3,3.7,30230,217,467,10,2.1,0.67,1540|3985|5290|5580|8100|9742|54849|90410|115704|140469,CYLD|LIMK2|PIK3CA|PRKCD|IFT88|IFT140|DEF8|IFT20|EVI5L|MYO3B,-1.6
MyList,KEGG Pathway,24,hsa05213,Endometrial cancer,,-2.7,5.5,4.3,30230,59,467,5,1.1,0.48,673|3611|4292|5290|6655,BRAF|ILK|MLH1|PIK3CA|SOS2,-1.6
MyList,KEGG Pathway,24,hsa04012,ErbB signaling pathway,,-2.7,4.5,4.1,30230,86,467,6,1.3,0.52,673|5290|5582|5602|5609|6655,BRAF|PIK3CA|PRKCG|MAPK10|MAP2K7|SOS2,-1.6
MyList,GO Biological Processes,19,GO:0009247,glycolipid biosynthetic process,19_GO:0009987 cellular process,-2.7,4.5,4.1,30230,86,467,6,1.3,0.52,9517|64924|65258|84302|93183|128869,SPTLC2|SLC30A5|MPPE1|PGAP4|PIGM|PIGU,-1.6
MyList,GO Biological Processes,19,GO:0002218,activation of innate immune response,19_GO:0044419 biological process involved in interspecies interaction between organisms,-2.7,3.2,3.7,30230,182,467,9,1.9,0.64,1540|3551|4615|4938|5581|7867|25875|57169|340061,CYLD|IKBKB|MYD88|OAS1|PRKCE|MAPKAPK3|LETMD1|ZNFX1|STING1,-1.6
MyList,GO Biological Processes,19,GO:1903509,liposaccharide metabolic process,19_GO:0009987 cellular process,-2.7,3.9,3.9,30230,116,467,7,1.5,0.56,20|9517|64924|65258|84302|93183|128869,ABCA2|SPTLC2|SLC30A5|MPPE1|PGAP4|PIGM|PIGU,-1.6
MyList,GO Biological Processes,19,GO:0038094,Fc-gamma receptor signaling pathway,19_GO:0002376 immune system process,-2.6,7.2,4.7,30230,36,467,4,0.86,0.43,5580|5581|7410|10451,PRKCD|PRKCE|VAV2|VAV3,-1.5
MyList,WikiPathways,27,WP3529,Zinc homeostasis,,-2.6,7.2,4.7,30230,36,467,4,0.86,0.43,4504|10463|55676|64924,MT3|SLC30A9|SLC30A6|SLC30A5,-1.5
MyList,Reactome Gene Sets,6,R-HSA-168638,NOD1/2 Signaling Pathway,,-2.6,7.2,4.7,30230,36,467,4,0.86,0.43,1540|3551|6300|10454,CYLD|IKBKB|MAPK12|TAB1,-1.5
MyList,GO Biological Processes,19,GO:0007095,mitotic G2 DNA damage checkpoint signaling,19_GO:0048519 negative regulation of biological process,-2.6,7.2,4.7,30230,36,467,4,0.86,0.43,29086|51360|84142|84446,BABAM1|MBTPS2|ABRAXAS1|BRSK1,-1.5
MyList,Reactome Gene Sets,6,R-HSA-73894,DNA Repair,,-2.6,2.5,3.5,30230,334,467,13,2.8,0.76,2068|2071|2968|3981|4292|7374|9557|11200|29086|54617|80198|84142|93973,ERCC2|ERCC3|GTF2H4|LIG4|MLH1|UNG|CHD1L|CHEK2|BABAM1|INO80|MUS81|ABRAXAS1|ACTR8,-1.5
MyList,Reactome Gene Sets,6,R-HSA-9013404,RAC2 GTPase cycle,,-2.6,4.5,4.1,30230,87,467,6,1.3,0.52,5290|7410|10451|23092|81839|143872,PIK3CA|VAV2|VAV3|ARHGAP26|VANGL1|ARHGAP42,-1.5
MyList,KEGG Pathway,24,hsa05210,Colorectal cancer,,-2.6,4.5,4.1,30230,87,467,6,1.3,0.52,673|2353|4292|5290|5602|6655,BRAF|FOS|MLH1|PIK3CA|MAPK10|SOS2,-1.5
MyList,GO Biological Processes,19,GO:0006493,protein O-linked glycosylation,19_GO:0009987 cellular process,-2.6,3.5,3.8,30230,150,467,8,1.7,0.6,8693|10585|26035|29954|54916|55454|55624|729920,GALNT4|POMT1|GLCE|POMT2|TMEM260|CSGALNACT2|POMGNT1|CRPPA,-1.5
MyList,WikiPathways,27,WP51,Regulation of actin cytoskeleton,,-2.6,3.5,3.8,30230,150,467,8,1.7,0.6,673|5286|5287|5290|6655|9138|30849|50649,BRAF|PIK3C2A|PIK3C2B|PIK3CA|SOS2|ARHGEF1|PIK3R4|ARHGEF4,-1.5
MyList,GO Biological Processes,19,GO:0045321,leukocyte activation,19_GO:0002376 immune system process,-2.6,2,3.3,30230,637,467,20,4.3,0.94,673|1540|1958|3981|3988|4292|4615|5580|5581|5873|6095|6778|6845|7374|51043|54542|56262|81704|84447|440275,BRAF|CYLD|EGR1|LIG4|LIPA|MLH1|MYD88|PRKCD|PRKCE|RAB27A|RORA|STAT6|VAMP7|UNG|ZBTB7B|RC3H2|LRRC8A|DOCK8|SYVN1|EIF2AK4,-1.5
MyList,GO Biological Processes,19,GO:0140895,cell surface toll-like receptor signaling pathway,19_GO:0044419 biological process involved in interspecies interaction between organisms,-2.6,7,4.6,30230,37,467,4,0.86,0.43,4615|4938|5581|25875,MYD88|OAS1|PRKCE|LETMD1,-1.5
MyList,Reactome Gene Sets,6,R-HSA-5689901,Metalloprotease DUBs,,-2.6,7,4.6,30230,37,467,4,0.86,0.43,8850|29086|57559|84142,KAT2B|BABAM1|STAMBPL1|ABRAXAS1,-1.5
MyList,GO Biological Processes,19,GO:0006882,intracellular zinc ion homeostasis,19_GO:0042592 homeostatic process,-2.6,7,4.6,30230,37,467,4,0.86,0.43,4504|10463|23400|64924,MT3|SLC30A9|ATP13A2|SLC30A5,-1.5
MyList,Reactome Gene Sets,6,R-HSA-75105,Fatty acyl-CoA biosynthesis,,-2.6,7,4.6,30230,37,467,4,0.86,0.43,2182|9374|11001|197322,ACSL4|PPT2|SLC27A2|ACSF3,-1.5
MyList,GO Biological Processes,19,GO:0035966,response to topologically incorrect protein,19_GO:0050896 response to stimulus,-2.6,3.4,3.7,30230,151,467,8,1.7,0.6,3310|9927|23411|23456|51360|79139|89890|339487,HSPA6|MFN2|SIRT1|ABCB10|MBTPS2|DERL1|KBTBD6|ZBTB8OS,-1.5
MyList,GO Biological Processes,19,GO:0006997,nucleus organization,19_GO:0009987 cellular process,-2.6,3.4,3.7,30230,151,467,8,1.7,0.6,8882|23175|23399|23411|55135|55706|80314|84942,ZPR1|LPIN1|CTDNEP1|SIRT1|WRAP53|NDC1|EPC1|WDR73,-1.5
MyList,GO Biological Processes,19,GO:0043009,chordate embryonic development,19_GO:0032502 developmental process,-2.6,2,3.3,30230,685,467,21,4.5,0.96,90|2068|3726|3981|5311|8882|9742|9817|9915|9927|10454|23038|25902|26160|51542|54799|55764|57448|57718|57728|201163,ACVR1|ERCC2|JUNB|LIG4|PKD2|ZPR1|IFT140|KEAP1|ARNT2|MFN2|TAB1|WDTC1|MTHFD1L|IFT172|VPS54|MBTD1|IFT122|BIRC6|PPP4R4|WDR19|FLCN,-1.5
MyList,WikiPathways,27,WP5101,Congenital generalized lipodystrophy,,-2.6,11,5.2,30230,18,467,3,0.64,0.37,5290|23175|26580,PIK3CA|LPIN1|BSCL2,-1.5
MyList,WikiPathways,27,WP5193,Cholesterol synthesis disorders,,-2.6,11,5.2,30230,18,467,3,0.64,0.37,1718|6307|10682,DHCR24|MSMO1|EBP,-1.5
MyList,Reactome Gene Sets,6,R-HSA-1660514,Synthesis of PIPs at the Golgi membrane,,-2.6,11,5.2,30230,18,467,3,0.64,0.37,5286|30849|200576,PIK3C2A|PIK3R4|PIKFYVE,-1.5
MyList,GO Biological Processes,19,GO:0090398,cellular senescence,19_GO:0050896 response to stimulus,-2.6,5.3,4.2,30230,61,467,5,1.1,0.48,406|5580|5602|5609|23411,BMAL1|PRKCD|MAPK10|MAP2K7|SIRT1,-1.5
MyList,Reactome Gene Sets,6,R-HSA-198725,Nuclear Events (kinase and transcription factor activation),,-2.6,5.3,4.2,30230,61,467,5,1.1,0.48,1958|1959|2353|3726|9252,EGR1|EGR2|FOS|JUNB|RPS6KA5,-1.5
MyList,GO Biological Processes,19,GO:0072666,establishment of protein localization to vacuole,19_GO:0051179 localization,-2.6,5.3,4.2,30230,61,467,5,1.1,0.48,9179|23041|27072|30849|51542,AP4M1|MON2|VPS41|PIK3R4|VPS54,-1.5
MyList,GO Biological Processes,19,GO:1901990,regulation of mitotic cell cycle phase transition,19_GO:0050789 regulation of biological process,-2.6,2.4,3.4,30230,379,467,14,3,0.79,90|2068|2071|5311|5934|29086|51360|51776|54617|56984|57520|84142|84446|84861,ACVR1|ERCC2|ERCC3|PKD2|RBL2|BABAM1|MBTPS2|MAP3K20|INO80|PSMG2|HECW2|ABRAXAS1|BRSK1|KLHL22,-1.5
MyList,GO Biological Processes,19,GO:0000165,MAPK cascade,19_GO:0050896 response to stimulus,-2.6,3.1,3.7,30230,186,467,9,1.9,0.64,673|3551|4615|5602|5609|6300|7867|9986|51776,BRAF|IKBKB|MYD88|MAPK10|MAP2K7|MAPK12|MAPKAPK3|RCE1|MAP3K20,-1.5
MyList,GO Biological Processes,19,GO:0035264,multicellular organism growth,19_GO:0040007 growth,-2.6,3.8,3.8,30230,119,467,7,1.5,0.56,2068|23038|54542|57560|59338|114789|123016,ERCC2|WDTC1|RC3H2|IFT80|PLEKHA1|SLC25A25|TTC8,-1.5
MyList,GO Biological Processes,19,GO:0120161,regulation of cold-induced thermogenesis,19_GO:0042592 homeostatic process,-2.6,3.4,3.7,30230,152,467,8,1.7,0.6,406|6778|9927|23175|25875|26580|51043|201163,BMAL1|STAT6|MFN2|LPIN1|LETMD1|BSCL2|ZBTB7B|FLCN,-1.5
MyList,GO Biological Processes,19,GO:0071230,cellular response to amino acid stimulus,19_GO:0050896 response to stimulus,-2.6,4.4,4,30230,89,467,6,1.3,0.52,10325|27244|57559|64121|84861|729438,RRAGB|SESN1|STAMBPL1|RRAGC|KLHL22|CASTOR2,-1.5
MyList,KEGG Pathway,24,hsa04213,Longevity regulating pathway - multiple species,,-2.6,5.2,4.2,30230,62,467,5,1.1,0.48,3310|5290|5563|23411|51422,HSPA6|PIK3CA|PRKAA2|SIRT1|PRKAG2,-1.5
MyList,Reactome Gene Sets,6,R-HSA-6796648,TP53 Regulates Transcription of DNA Repair Genes,,-2.6,5.2,4.2,30230,62,467,5,1.1,0.48,2068|2071|2353|2968|4292,ERCC2|ERCC3|FOS|GTF2H4|MLH1,-1.5
MyList,Canonical Pathways,11,M94,PID FAS PATHWAY,,-2.6,6.8,4.5,30230,38,467,4,0.86,0.43,3551|5290|5602|5609,IKBKB|PIK3CA|MAPK10|MAP2K7,-1.5
MyList,GO Biological Processes,19,GO:0045324,late endosome to vacuole transport,19_GO:0051179 localization,-2.6,6.8,4.5,30230,38,467,4,0.86,0.43,757|23484|23585|30849,TMEM50B|LEPROTL1|TMEM50A|PIK3R4,-1.5
MyList,WikiPathways,27,WP5497,Cyclin dependent kinase 4 6 inhibitors in breast cancer,,-2.6,6.8,4.5,30230,38,467,4,0.86,0.43,5286|5287|5290|30849,PIK3C2A|PIK3C2B|PIK3CA|PIK3R4,-1.5
MyList,GO Biological Processes,19,GO:0032438,melanosome organization,19_GO:0043473 pigmentation,-2.6,6.8,4.5,30230,38,467,4,0.86,0.43,6490|10239|23682|200576,PMEL|AP3S2|RAB38|PIKFYVE,-1.5
MyList,WikiPathways,27,WP673,ErbB signaling,,-2.6,4.3,3.9,30230,90,467,6,1.3,0.52,673|5290|5582|5602|5609|6655,BRAF|PIK3CA|PRKCG|MAPK10|MAP2K7|SOS2,-1.5
MyList,GO Biological Processes,19,GO:0050810,regulation of steroid biosynthetic process,19_GO:0050789 regulation of biological process,-2.6,4.3,3.9,30230,90,467,6,1.3,0.52,706|1958|6721|10162|23411|51360,TSPO|EGR1|SREBF2|LPCAT3|SIRT1|MBTPS2,-1.5
MyList,GO Biological Processes,19,GO:0000226,microtubule cytoskeleton organization,19_GO:0009987 cellular process,-2.6,2,3.3,30230,600,467,19,4.1,0.91,3611|3833|3985|4292|5311|8882|9639|11200|23032|23113|23354|26160|54617|64946|80128|84142|84446|84942|85378,ILK|KIFC1|LIMK2|MLH1|PKD2|ZPR1|ARHGEF10|CHEK2|USP33|CUL9|HAUS5|IFT172|INO80|CENPH|TRIM46|ABRAXAS1|BRSK1|WDR73|TUBGCP6,-1.5
MyList,GO Biological Processes,19,GO:0022037,metencephalon development,19_GO:0032502 developmental process,-2.6,3.7,3.8,30230,121,467,7,1.5,0.56,1600|2562|6095|8443|8925|79809|91137,DAB1|GABRB3|RORA|GNPAT|HERC1|TTC21B|SLC25A46,-1.5
MyList,Canonical Pathways,11,M8,PID ENDOTHELIN PATHWAY,,-2.5,5.1,4.1,30230,63,467,5,1.1,0.48,2353|5580|5581|5582|9630,FOS|PRKCD|PRKCE|PRKCG|GNA14,-1.5
MyList,WikiPathways,27,WP4155,Endometrial cancer,,-2.5,5.1,4.1,30230,63,467,5,1.1,0.48,673|2353|3611|5290|6655,BRAF|FOS|ILK|PIK3CA|SOS2,-1.5
MyList,GO Biological Processes,19,GO:0033059,cellular pigmentation,19_GO:0043473 pigmentation,-2.5,5.1,4.1,30230,63,467,5,1.1,0.48,5873|6490|10239|23682|200576,RAB27A|PMEL|AP3S2|RAB38|PIKFYVE,-1.5
MyList,Reactome Gene Sets,6,R-HSA-9033241,Peroxisomal protein import,,-2.5,5.1,4.1,30230,63,467,5,1.1,0.48,5192|8310|8443|11001|55825,PEX10|ACOX3|GNPAT|SLC27A2|PECR,-1.5
MyList,KEGG Pathway,24,hsa04662,B cell receptor signaling pathway,,-2.5,4.3,3.9,30230,91,467,6,1.3,0.52,2353|3551|5290|6655|7410|10451,FOS|IKBKB|PIK3CA|SOS2|VAV2|VAV3,-1.5
MyList,GO Biological Processes,19,GO:0051648,vesicle localization,19_GO:0051179 localization,-2.5,3.1,3.6,30230,190,467,9,1.9,0.64,3985|5873|6854|10239|10948|22920|55062|58485|80128,LIMK2|RAB27A|SYN2|AP3S2|STARD3|KIFAP3|WIPI1|TRAPPC1|TRIM46,-1.4
MyList,GO Biological Processes,19,GO:1902600,proton transmembrane transport,19_GO:0051179 localization,-2.5,3.1,3.6,30230,190,467,9,1.9,0.64,1186|4508|4514|4540|4541|9016|9481|90423|340061,CLCN7|ATP6|COX3|ND5|ND6|SLC25A14|SLC25A27|ATP6V1E2|STING1,-1.4
MyList,KEGG Pathway,24,hsa04935,"Growth hormone synthesis, secretion and action",,-2.5,3.7,3.8,30230,122,467,7,1.5,0.56,2353|3726|5290|5582|5602|6300|6655,FOS|JUNB|PIK3CA|PRKCG|MAPK10|MAPK12|SOS2,-1.4
MyList,Reactome Gene Sets,6,R-HSA-9006925,Intracellular signaling by second messengers,,-2.5,2.6,3.4,30230,304,467,12,2.6,0.73,1958|4615|5137|5290|5580|5581|5582|10325|64121|79109|192670|253260,EGR1|MYD88|PDE1C|PIK3CA|PRKCD|PRKCE|PRKCG|RRAGB|RRAGC|MAPKAP1|AGO4|RICTOR,-1.4
MyList,WikiPathways,27,WP734,Serotonin receptor 4 6 7 and NR3C signaling,,-2.5,10,5,30230,19,467,3,0.64,0.37,673|1958|9252,BRAF|EGR1|RPS6KA5,-1.4
MyList,GO Biological Processes,19,GO:0033490,cholesterol biosynthetic process via lathosterol,19_GO:0009987 cellular process,-2.5,10,5,30230,19,467,3,0.64,0.37,1718|6307|10682,DHCR24|MSMO1|EBP,-1.4
MyList,WikiPathways,27,WP4863,Host pathogen interaction of human coronaviruses autophagy,,-2.5,10,5,30230,19,467,3,0.64,0.37,9821|30849|55062,RB1CC1|PIK3R4|WIPI1,-1.4
MyList,GO Biological Processes,19,GO:0033489,cholesterol biosynthetic process via desmosterol,19_GO:0009987 cellular process,-2.5,10,5,30230,19,467,3,0.64,0.37,1718|6307|10682,DHCR24|MSMO1|EBP,-1.4
MyList,Canonical Pathways,11,M273,PID EPHA2 FWD PATHWAY,,-2.5,10,5,30230,19,467,3,0.64,0.37,5290|7410|10451,PIK3CA|VAV2|VAV3,-1.4
MyList,GO Biological Processes,19,GO:0014072,response to isoquinoline alkaloid,19_GO:0050896 response to stimulus,-2.5,10,5,30230,19,467,3,0.64,0.37,2562|5581|5582,GABRB3|PRKCE|PRKCG,-1.4
MyList,GO Cellular Components,20,GO:0005942,phosphatidylinositol 3-kinase complex,,-2.5,10,5,30230,19,467,3,0.64,0.37,5290|9821|30849,PIK3CA|RB1CC1|PIK3R4,-1.4
MyList,GO Biological Processes,19,GO:0071071,regulation of phospholipid biosynthetic process,19_GO:0050789 regulation of biological process,-2.5,10,5,30230,19,467,3,0.64,0.37,20|23175|23682,ABCA2|LPIN1|RAB38,-1.4
MyList,GO Biological Processes,19,GO:0043278,response to morphine,19_GO:0050896 response to stimulus,-2.5,10,5,30230,19,467,3,0.64,0.37,2562|5581|5582,GABRB3|PRKCE|PRKCG,-1.4
MyList,WikiPathways,27,WP4871,Kisspeptin kisspeptin receptor system in the ovary,,-2.5,6.6,4.4,30230,39,467,4,0.86,0.43,5290|5580|5581|5582,PIK3CA|PRKCD|PRKCE|PRKCG,-1.4
MyList,Reactome Gene Sets,6,R-HSA-9031628,NGF-stimulated transcription,,-2.5,6.6,4.4,30230,39,467,4,0.86,0.43,1958|1959|2353|3726,EGR1|EGR2|FOS|JUNB,-1.4
MyList,GO Biological Processes,19,GO:0021696,cerebellar cortex morphogenesis,19_GO:0032502 developmental process,-2.5,6.6,4.4,30230,39,467,4,0.86,0.43,6095|8925|79809|91137,RORA|HERC1|TTC21B|SLC25A46,-1.4
MyList,GO Biological Processes,19,GO:0048753,pigment granule organization,19_GO:0043473 pigmentation,-2.5,6.6,4.4,30230,39,467,4,0.86,0.43,6490|10239|23682|200576,PMEL|AP3S2|RAB38|PIKFYVE,-1.4
MyList,GO Biological Processes,19,GO:0002758,innate immune response-activating signaling pathway,19_GO:0044419 biological process involved in interspecies interaction between organisms,-2.5,3.3,3.6,30230,156,467,8,1.7,0.6,1540|3551|4615|4938|5581|7867|25875|340061,CYLD|IKBKB|MYD88|OAS1|PRKCE|MAPKAPK3|LETMD1|STING1,-1.4
MyList,GO Biological Processes,19,GO:0034614,cellular response to reactive oxygen species,19_GO:0050896 response to stimulus,-2.5,3.7,3.7,30230,123,467,7,1.5,0.56,2353|4504|5192|5311|5580|23411|59338,FOS|MT3|PEX10|PKD2|PRKCD|SIRT1|PLEKHA1,-1.4
MyList,GO Biological Processes,19,GO:0008283,cell population proliferation,19_GO:0009987 cellular process,-2.5,2.1,3.2,30230,561,467,18,3.9,0.89,1958|2068|2353|3726|3981|3988|5580|6095|6778|8882|29086|54542|57560|63933|80198|81704|90410|90550,EGR1|ERCC2|FOS|JUNB|LIG4|LIPA|PRKCD|RORA|STAT6|ZPR1|BABAM1|RC3H2|IFT80|MCUR1|MUS81|DOCK8|IFT20|MCU,-1.4
MyList,Reactome Gene Sets,6,R-HSA-1834949,Cytosolic sensors of pathogen-associated DNA,,-2.5,5.1,4.1,30230,64,467,5,1.1,0.48,3551|4615|6778|55703|340061,IKBKB|MYD88|STAT6|POLR3B|STING1,-1.4
MyList,GO Biological Processes,19,GO:0032648,regulation of interferon-beta production,19_GO:0032501 multicellular organismal process,-2.5,5.1,4.1,30230,64,467,5,1.1,0.48,4938|55703|79671|91947|340061,OAS1|POLR3B|NLRX1|ARRDC4|STING1,-1.4
MyList,GO Cellular Components,20,GO:0044232,organelle membrane contact site,,-2.5,5.1,4.1,30230,64,467,5,1.1,0.48,2182|10948|23682|30849|57655,ACSL4|STARD3|RAB38|PIK3R4|GRAMD1A,-1.4
MyList,GO Biological Processes,19,GO:0017157,regulation of exocytosis,19_GO:0051179 localization,-2.5,3,3.5,30230,192,467,9,1.9,0.64,673|5582|5873|6845|10079|23400|25837|134957|143425,BRAF|PRKCG|RAB27A|VAMP7|ATP9A|ATP13A2|RAB26|STXBP5|SYT9,-1.4
MyList,GO Biological Processes,19,GO:0090263,positive regulation of canonical Wnt signaling pathway,19_GO:0048518 positive regulation of biological process,-2.5,3.7,3.7,30230,124,467,7,1.5,0.56,406|3611|23399|51527|53944|64750|79809,BMAL1|ILK|CTDNEP1|GSKIP|CSNK1G1|SMURF2|TTC21B,-1.4
MyList,GO Biological Processes,19,GO:0006821,chloride transport,19_GO:0051179 localization,-2.5,3.7,3.7,30230,124,467,7,1.5,0.56,706|1185|1186|2562|9016|9481|56262,TSPO|CLCN6|CLCN7|GABRB3|SLC25A14|SLC25A27|LRRC8A,-1.4
MyList,KEGG Pathway,24,hsa04912,GnRH signaling pathway,,-2.5,4.2,3.8,30230,93,467,6,1.3,0.52,1958|5580|5602|5609|6300|6655,EGR1|PRKCD|MAPK10|MAP2K7|MAPK12|SOS2,-1.4
MyList,WikiPathways,27,WP3937,Microglia pathogen phagocytosis pathway,,-2.5,6.5,4.3,30230,40,467,4,0.86,0.43,5286|5290|7410|10451,PIK3C2A|PIK3CA|VAV2|VAV3,-1.4
MyList,GO Biological Processes,19,GO:0031646,positive regulation of nervous system process,19_GO:0048518 positive regulation of biological process,-2.5,6.5,4.3,30230,40,467,4,0.86,0.43,1143|1959|5129|23405,CHRNB4|EGR2|CDK18|DICER1,-1.4
MyList,Canonical Pathways,11,M272,PID CD8 TCR DOWNSTREAM PATHWAY,,-2.5,5,4,30230,65,467,5,1.1,0.48,673|1958|2353|3726|5581,BRAF|EGR1|FOS|JUNB|PRKCE,-1.4
MyList,Reactome Gene Sets,6,R-HSA-8873719,RAB geranylgeranylation,,-2.5,5,4,30230,65,467,5,1.1,0.48,1121|5873|23682|25837|339122,CHM|RAB27A|RAB38|RAB26|RAB43,-1.4
MyList,Reactome Gene Sets,6,R-HSA-9705671,SARS-CoV-2 activates/modulates innate and adaptive immune responses,,-2.5,3.6,3.7,30230,125,467,7,1.5,0.56,3551|6773|10454|23511|30849|55706|340061,IKBKB|STAT2|TAB1|NUP188|PIK3R4|NDC1|STING1,-1.4
MyList,KEGG Pathway,24,hsa04071,Sphingolipid signaling pathway,,-2.5,3.6,3.7,30230,125,467,7,1.5,0.56,5290|5581|5582|5602|6300|8439|9517,PIK3CA|PRKCE|PRKCG|MAPK10|MAPK12|NSMAF|SPTLC2,-1.4
MyList,GO Biological Processes,19,GO:0030902,hindbrain development,19_GO:0032502 developmental process,-2.5,3.3,3.6,30230,159,467,8,1.7,0.6,1600|1959|2562|6095|8443|8925|79809|91137,DAB1|EGR2|GABRB3|RORA|GNPAT|HERC1|TTC21B|SLC25A46,-1.4
MyList,GO Biological Processes,19,GO:0002244,hematopoietic progenitor cell differentiation,19_GO:0032502 developmental process,-2.5,4.1,3.8,30230,94,467,6,1.3,0.52,673|1052|2068|3981|3988|51205,BRAF|CEBPD|ERCC2|LIG4|LIPA|ACP6,-1.4
MyList,GO Biological Processes,19,GO:0031098,stress-activated protein kinase signaling cascade,19_GO:0050896 response to stimulus,-2.5,9.7,4.9,30230,20,467,3,0.64,0.37,3551|5609|51776,IKBKB|MAP2K7|MAP3K20,-1.4
MyList,KEGG Pathway,24,hsa04810,Regulation of actin cytoskeleton,,-2.5,2.8,3.4,30230,232,467,10,2.1,0.67,673|3985|5290|6655|7410|9138|10451|50649|57180|200576,BRAF|LIMK2|PIK3CA|SOS2|VAV2|ARHGEF1|VAV3|ARHGEF4|ACTR3B|PIKFYVE,-1.4
MyList,GO Biological Processes,19,GO:0055074,calcium ion homeostasis,19_GO:0042592 homeostatic process,-2.5,2.8,3.4,30230,232,467,10,2.1,0.67,5311|9481|9885|23400|25875|51542|63933|90550|221154|286097,PKD2|SLC25A27|OSBPL2|ATP13A2|LETMD1|VPS54|MCUR1|MCU|MICU2|MICU3,-1.4
MyList,GO Biological Processes,19,GO:0002833,positive regulation of response to biotic stimulus,19_GO:0048518 positive regulation of biological process,-2.5,2.4,3.3,30230,351,467,13,2.8,0.76,1540|3551|4615|4938|5581|5587|7867|10454|25875|55703|57169|84861|340061,CYLD|IKBKB|MYD88|OAS1|PRKCE|PRKD1|MAPKAPK3|TAB1|LETMD1|POLR3B|ZNFX1|KLHL22|STING1,-1.4
MyList,GO Biological Processes,19,GO:0007610,behavior,19_GO:0032501 multicellular organismal process,-2.5,2,3.1,30230,659,467,20,4.3,0.94,20|673|706|1143|1600|1958|1959|2353|2562|5581|5582|8850|51324|51542|51761|84446|90410|91137|114781|440275,ABCA2|BRAF|TSPO|CHRNB4|DAB1|EGR1|EGR2|FOS|GABRB3|PRKCE|PRKCG|KAT2B|SPG21|VPS54|ATP8A2|BRSK1|IFT20|SLC25A46|BTBD9|EIF2AK4,-1.4
MyList,GO Biological Processes,19,GO:0006400,tRNA modification,19_GO:0009987 cellular process,-2.4,4.1,3.8,30230,95,467,6,1.3,0.52,10785|54802|57570|80324|126789|285605,WDR4|TRIT1|TRMT5|PUS1|PUSL1|DTWD2,-1.4
MyList,Reactome Gene Sets,6,R-HSA-446203,Asparagine N-linked glycosylation,,-2.4,2.5,3.3,30230,312,467,12,2.6,0.73,1798|4249|9382|10195|29880|29929|58485|79139|84061|84342|84447|91869,DPAGT1|MGAT5|COG1|ALG3|ALG5|ALG6|TRAPPC1|DERL1|MAGT1|COG8|SYVN1|RFT1,-1.4
MyList,Reactome Gene Sets,6,R-HSA-165159,MTOR signalling,,-2.4,6.3,4.3,30230,41,467,4,0.86,0.43,5563|10325|51422|64121,PRKAA2|RRAGB|PRKAG2|RRAGC,-1.4
MyList,GO Biological Processes,19,GO:0010257,NADH dehydrogenase complex assembly,19_GO:0009987 cellular process,-2.4,6.3,4.3,30230,41,467,4,0.86,0.43,4540|4541|51300|54968,ND5|ND6|TIMMDC1|TMEM70,-1.4
MyList,GO Biological Processes,19,GO:0032981,mitochondrial respiratory chain complex I assembly,19_GO:0009987 cellular process,-2.4,6.3,4.3,30230,41,467,4,0.86,0.43,4540|4541|51300|54968,ND5|ND6|TIMMDC1|TMEM70,-1.4
MyList,Reactome Gene Sets,6,R-HSA-5696400,Dual Incision in GG-NER,,-2.4,6.3,4.3,30230,41,467,4,0.86,0.43,2068|2071|2968|9557,ERCC2|ERCC3|GTF2H4|CHD1L,-1.4
MyList,GO Biological Processes,19,GO:0043583,ear development,19_GO:0032502 developmental process,-2.4,2.8,3.4,30230,234,467,10,2.1,0.67,1052|2562|8100|9481|26018|51761|57728|90410|123016|140469,CEBPD|GABRB3|IFT88|SLC25A27|LRIG1|ATP8A2|WDR19|IFT20|TTC8|MYO3B,-1.4
MyList,GO Cellular Components,20,GO:0031965,nuclear membrane,,-2.4,2.6,3.3,30230,273,467,11,2.4,0.7,1195|2733|10682|23001|23175|23399|23411|55706|80013|80314|83862,CLK1|GLE1|EBP|WDFY3|LPIN1|CTDNEP1|SIRT1|NDC1|MINDY3|EPC1|TMEM120A,-1.4
MyList,GO Biological Processes,19,GO:0006839,mitochondrial transport,19_GO:0051179 localization,-2.4,4,3.7,30230,96,467,6,1.3,0.52,10948|23456|51660|91137|119559|123096,STARD3|ABCB10|MPC1|SLC25A46|SFXN4|SLC25A29,-1.4
MyList,Reactome Gene Sets,6,R-HSA-1592230,Mitochondrial biogenesis,,-2.4,4,3.7,30230,96,467,6,1.3,0.52,4508|5563|6300|8834|51106|51422,ATP6|PRKAA2|MAPK12|TMEM11|TFB1M|PRKAG2,-1.4
MyList,GO Biological Processes,19,GO:0097009,energy homeostasis,19_GO:0042592 homeostatic process,-2.4,4,3.7,30230,96,467,6,1.3,0.52,3988|5290|5563|23411|114789|201163,LIPA|PIK3CA|PRKAA2|SIRT1|SLC25A25|FLCN,-1.4
MyList,GO Biological Processes,19,GO:0032922,circadian regulation of gene expression,19_GO:0048511 rhythmic process,-2.4,4.8,3.9,30230,67,467,5,1.1,0.48,406|1958|6095|23411|25819,BMAL1|EGR1|RORA|SIRT1|NOCT,-1.4
MyList,GO Cellular Components,20,GO:0099023,vesicle tethering complex,,-2.4,4.8,3.9,30230,67,467,5,1.1,0.48,9382|27072|51542|58485|84342,COG1|VPS41|VPS54|TRAPPC1|COG8,-1.4
MyList,Reactome Gene Sets,6,R-HSA-6799198,Complex I biogenesis,,-2.4,4.8,3.9,30230,67,467,5,1.1,0.48,4540|4541|4706|51300|119559,ND5|ND6|NDUFAB1|TIMMDC1|SFXN4,-1.4
MyList,GO Biological Processes,19,GO:0062013,positive regulation of small molecule metabolic process,19_GO:0048518 positive regulation of biological process,-2.4,3.2,3.5,30230,162,467,8,1.7,0.6,5563|6721|8850|9926|23411|51360|51422|54704,PRKAA2|SREBF2|KAT2B|LPGAT1|SIRT1|MBTPS2|PRKAG2|PDP1,-1.4
MyList,GO Cellular Components,20,GO:0030119,AP-type membrane coat adaptor complex,,-2.4,6.2,4.2,30230,42,467,4,0.86,0.43,9179|10239|11154|27072,AP4M1|AP3S2|AP4S1|VPS41,-1.3
MyList,GO Biological Processes,19,GO:0140042,lipid droplet formation,19_GO:0009987 cellular process,-2.4,9.2,4.7,30230,21,467,3,0.64,0.37,1040|23761|26580,CDS1|PISD|BSCL2,-1.3
MyList,GO Biological Processes,19,GO:0070977,bone maturation,19_GO:0032502 developmental process,-2.4,9.2,4.7,30230,21,467,3,0.64,0.37,10682|51360|57560,EBP|MBTPS2|IFT80,-1.3
MyList,GO Biological Processes,19,GO:0008053,mitochondrial fusion,19_GO:0009987 cellular process,-2.4,9.2,4.7,30230,21,467,3,0.64,0.37,9927|55669|81554,MFN2|MFN1|RCC1L,-1.3
MyList,GO Biological Processes,19,GO:0045190,isotype switching,19_GO:0002376 immune system process,-2.4,9.2,4.7,30230,21,467,3,0.64,0.37,3981|4292|7374,LIG4|MLH1|UNG,-1.3
MyList,WikiPathways,27,WP5521,SLC25A46 pathway,,-2.4,9.2,4.7,30230,21,467,3,0.64,0.37,9927|55669|91137,MFN2|MFN1|SLC25A46,-1.3
MyList,GO Biological Processes,19,GO:0031643,positive regulation of myelination,19_GO:0032502 developmental process,-2.4,9.2,4.7,30230,21,467,3,0.64,0.37,1959|5129|23405,EGR2|CDK18|DICER1,-1.3
MyList,WikiPathways,27,WP4961,STING pathway in Kawasaki like disease and COVID 19,,-2.4,9.2,4.7,30230,21,467,3,0.64,0.37,3551|79671|340061,IKBKB|NLRX1|STING1,-1.3
MyList,GO Biological Processes,19,GO:0070525,tRNA threonylcarbamoyladenosine metabolic process,19_GO:0009987 cellular process,-2.4,9.2,4.7,30230,21,467,3,0.64,0.37,54802|57570|80324,TRIT1|TRMT5|PUS1,-1.3
MyList,GO Cellular Components,20,GO:0032806,carboxy-terminal domain protein kinase complex,,-2.4,9.2,4.7,30230,21,467,3,0.64,0.37,2068|2071|2968,ERCC2|ERCC3|GTF2H4,-1.3
MyList,GO Biological Processes,19,GO:0002204,somatic recombination of immunoglobulin genes involved in immune response,19_GO:0002376 immune system process,-2.4,9.2,4.7,30230,21,467,3,0.64,0.37,3981|4292|7374,LIG4|MLH1|UNG,-1.3
MyList,Reactome Gene Sets,6,R-HSA-5357956,TNFR1-induced NF-kappa-B signaling pathway,,-2.4,9.2,4.7,30230,21,467,3,0.64,0.37,1540|3551|10454,CYLD|IKBKB|TAB1,-1.3
MyList,GO Cellular Components,20,GO:0035770,ribonucleoprotein granule,,-2.4,1.9,3.1,30230,714,467,21,4.5,0.96,406|2968|5563|8882|9238|9582|22868|23049|25819|27257|29107|54514|54542|55135|57169|64318|64750|64852|167227|192670|200316,BMAL1|GTF2H4|PRKAA2|ZPR1|TBRG4|APOBEC3B|FASTKD2|SMG1|NOCT|LSM1|NXT1|DDX4|RC3H2|WRAP53|ZNFX1|NOC3L|SMURF2|TUT1|DCP2|AGO4|APOBEC3F,-1.3
MyList,Canonical Pathways,11,M153,PID P75 NTR PATHWAY,,-2.4,4.8,3.9,30230,68,467,5,1.1,0.48,3551|4615|5290|5602|51107,IKBKB|MYD88|PIK3CA|MAPK10|APH1A,-1.3
MyList,GO Biological Processes,19,GO:0044782,cilium organization,19_GO:0009987 cellular process,-2.4,2.3,3.2,30230,400,467,14,3,0.79,5311|8100|9742|22920|26160|50807|55764|57560|57728|79809|79867|84131|90410|123016,PKD2|IFT88|IFT140|KIFAP3|IFT172|ASAP1|IFT122|IFT80|WDR19|TTC21B|TCTN2|CEP78|IFT20|TTC8,-1.3
MyList,GO Biological Processes,19,GO:0030217,T cell differentiation,19_GO:0002376 immune system process,-2.4,2.9,3.4,30230,200,467,9,1.9,0.64,673|1540|1958|3981|3988|6095|6778|51043|54542,BRAF|CYLD|EGR1|LIG4|LIPA|RORA|STAT6|ZBTB7B|RC3H2,-1.3
MyList,KEGG Pathway,24,hsa05171,Coronavirus disease - COVID-19,,-2.4,2.7,3.3,30230,238,467,10,2.1,0.67,2353|3551|4615|4938|5290|5582|5602|6300|6773|340061,FOS|IKBKB|MYD88|OAS1|PIK3CA|PRKCG|MAPK10|MAPK12|STAT2|STING1,-1.3
MyList,GO Biological Processes,19,GO:1905897,regulation of response to endoplasmic reticulum stress,19_GO:0050896 response to stimulus,-2.4,4,3.7,30230,98,467,6,1.3,0.52,10162|23411|29761|51360|84447|91304,LPCAT3|SIRT1|USP25|MBTPS2|SYVN1|TMEM259,-1.3
MyList,GO Biological Processes,19,GO:0000902,cell morphogenesis,19_GO:0032502 developmental process,-2.4,1.9,3,30230,717,467,21,4.5,0.96,1959|2562|3611|3988|9252|9638|10079|23032|23405|51324|51542|51761|57728|80067|80128|84446|91137|123016|285527|440275|729920,EGR2|GABRB3|ILK|LIPA|RPS6KA5|FEZ1|ATP9A|USP33|DICER1|SPG21|VPS54|ATP8A2|WDR19|DCAF17|TRIM46|BRSK1|SLC25A46|TTC8|FRYL|EIF2AK4|CRPPA,-1.3
MyList,GO Biological Processes,19,GO:0006874,intracellular calcium ion homeostasis,19_GO:0042592 homeostatic process,-2.4,2.9,3.4,30230,201,467,9,1.9,0.64,5311|9481|9885|23400|51542|63933|90550|221154|286097,PKD2|SLC25A27|OSBPL2|ATP13A2|VPS54|MCUR1|MCU|MICU2|MICU3,-1.3
MyList,GO Cellular Components,20,GO:0070382,exocytic vesicle,,-2.4,2.6,3.3,30230,278,467,11,2.4,0.7,4504|5873|6854|6856|8677|25837|80262|84446|134957|143425|203062,MT3|RAB27A|SYN2|SYPL1|STX10|RAB26|PHAF1|BRSK1|STXBP5|SYT9|TSNARE1,-1.3
MyList,WikiPathways,27,WP3929,Chemokine signaling,,-2.4,3.1,3.5,30230,165,467,8,1.7,0.6,673|3551|5290|5580|6655|6773|7410|10451,BRAF|IKBKB|PIK3CA|PRKCD|SOS2|STAT2|VAV2|VAV3,-1.3
MyList,GO Biological Processes,19,GO:0045599,negative regulation of fat cell differentiation,19_GO:0032502 developmental process,-2.4,4.7,3.8,30230,69,467,5,1.1,0.48,406|6095|23411|83723|201163,BMAL1|RORA|SIRT1|TLCD3B|FLCN,-1.3
MyList,GO Biological Processes,19,GO:0002220,innate immune response activating cell surface receptor signaling pathway,19_GO:0044419 biological process involved in interspecies interaction between organisms,-2.4,4.7,3.8,30230,69,467,5,1.1,0.48,3551|4615|4938|5581|25875,IKBKB|MYD88|OAS1|PRKCE|LETMD1,-1.3
MyList,GO Biological Processes,19,GO:0030301,cholesterol transport,19_GO:0051179 localization,-2.4,4.7,3.8,30230,69,467,5,1.1,0.48,3988|9885|10948|23461|51542,LIPA|OSBPL2|STARD3|ABCA5|VPS54,-1.3
MyList,GO Biological Processes,19,GO:0014044,Schwann cell development,19_GO:0032502 developmental process,-2.4,6,4.1,30230,43,467,4,0.86,0.43,3611|9639|23405|91137,ILK|ARHGEF10|DICER1|SLC25A46,-1.3
MyList,Reactome Gene Sets,6,R-HSA-1489509,DAG and IP3 signaling,,-2.4,6,4.1,30230,43,467,4,0.86,0.43,5137|5580|5581|5582,PDE1C|PRKCD|PRKCE|PRKCG,-1.3
MyList,GO Biological Processes,19,GO:0051298,centrosome duplication,19_GO:0009987 cellular process,-2.4,6,4.1,30230,43,467,4,0.86,0.43,5311|9639|23032|84446,PKD2|ARHGEF10|USP33|BRSK1,-1.3
MyList,Reactome Gene Sets,6,R-HSA-5696395,Formation of Incision Complex in GG-NER,,-2.4,6,4.1,30230,43,467,4,0.86,0.43,2068|2071|2968|9557,ERCC2|ERCC3|GTF2H4|CHD1L,-1.3
MyList,GO Biological Processes,19,GO:0032728,positive regulation of interferon-beta production,19_GO:0048518 positive regulation of biological process,-2.4,6,4.1,30230,43,467,4,0.86,0.43,4938|55703|91947|340061,OAS1|POLR3B|ARRDC4|STING1,-1.3
MyList,GO Biological Processes,19,GO:0007041,lysosomal transport,19_GO:0051179 localization,-2.4,3.5,3.5,30230,131,467,7,1.5,0.56,3988|6845|9179|23400|27072|30849|51542,LIPA|VAMP7|AP4M1|ATP13A2|VPS41|PIK3R4|VPS54,-1.3
MyList,GO Biological Processes,19,GO:0051259,protein complex oligomerization,19_GO:0009987 cellular process,-2.4,2.6,3.3,30230,279,467,11,2.4,0.7,4833|4938|5311|7126|9885|54968|56262|63933|83862|90550|340061,NME4|OAS1|PKD2|TNFAIP1|OSBPL2|TMEM70|LRRC8A|MCUR1|TMEM120A|MCU|STING1,-1.3
MyList,KEGG Pathway,24,hsa04750,Inflammatory mediator regulation of TRP channels,,-2.4,3.9,3.6,30230,99,467,6,1.3,0.52,5290|5580|5581|5582|5602|6300,PIK3CA|PRKCD|PRKCE|PRKCG|MAPK10|MAPK12,-1.3
MyList,GO Cellular Components,20,GO:0000123,histone acetyltransferase complex,,-2.4,3.9,3.6,30230,99,467,6,1.3,0.52,8850|23522|25842|54799|55167|80314,KAT2B|KAT6B|ASF1A|MBTD1|MSL2|EPC1,-1.3
MyList,KEGG Pathway,24,hsa05231,Choline metabolism in cancer,,-2.4,3.9,3.6,30230,99,467,6,1.3,0.52,2353|5290|5582|5602|6655|56261,FOS|PIK3CA|PRKCG|MAPK10|SOS2|GPCPD1,-1.3
MyList,KEGG Pathway,24,hsa01522,Endocrine resistance,,-2.4,3.9,3.6,30230,99,467,6,1.3,0.52,673|2353|5290|5602|6300|6655,BRAF|FOS|PIK3CA|MAPK10|MAPK12|SOS2,-1.3
MyList,GO Biological Processes,19,GO:0045089,positive regulation of innate immune response,19_GO:0044419 biological process involved in interspecies interaction between organisms,-2.4,2.4,3.2,30230,320,467,12,2.6,0.73,1540|3551|4615|4938|5581|5587|7867|10454|25875|55703|57169|340061,CYLD|IKBKB|MYD88|OAS1|PRKCE|PRKD1|MAPKAPK3|TAB1|LETMD1|POLR3B|ZNFX1|STING1,-1.3
MyList,GO Biological Processes,19,GO:0009410,response to xenobiotic stimulus,19_GO:0050896 response to stimulus,-2.4,2.2,3.2,30230,404,467,14,3,0.79,20|21|673|706|2353|2562|3988|5563|5581|6095|7410|8824|10451|113612,ABCA2|ABCA3|BRAF|TSPO|FOS|GABRB3|LIPA|PRKAA2|PRKCE|RORA|VAV2|CES2|VAV3|CYP2U1,-1.3
MyList,GO Biological Processes,19,GO:0046394,carboxylic acid biosynthetic process,19_GO:0009987 cellular process,-2.3,2.5,3.2,30230,280,467,11,2.4,0.7,2182|4706|5563|9885|10873|11001|25902|51422|55825|81539|197322,ACSL4|NDUFAB1|PRKAA2|OSBPL2|ME3|SLC27A2|MTHFD1L|PRKAG2|PECR|SLC38A1|ACSF3,-1.3
MyList,GO Biological Processes,19,GO:0071375,cellular response to peptide hormone stimulus,19_GO:0050896 response to stimulus,-2.3,2.5,3.2,30230,280,467,11,2.4,0.7,2353|5286|5290|5580|5587|6655|6778|8850|23038|23175|79109,FOS|PIK3C2A|PIK3CA|PRKCD|PRKD1|SOS2|STAT6|KAT2B|WDTC1|LPIN1|MAPKAP1,-1.3
MyList,GO Biological Processes,19,GO:0006366,transcription by RNA polymerase II,19_GO:0009987 cellular process,-2.3,2.3,3.2,30230,362,467,13,2.8,0.76,1052|1958|2068|2071|2353|2968|6837|6908|8850|9439|25819|51043|200316,CEBPD|EGR1|ERCC2|ERCC3|FOS|GTF2H4|MED22|TBP|KAT2B|MED23|NOCT|ZBTB7B|APOBEC3F,-1.3
MyList,GO Biological Processes,19,GO:0030003,intracellular monoatomic cation homeostasis,19_GO:0042592 homeostatic process,-2.3,2.2,3.1,30230,448,467,15,3.2,0.82,22|1657|4504|5311|9481|9885|10463|23400|23682|51542|63933|64924|90550|221154|286097,ABCB7|DMXL1|MT3|PKD2|SLC25A27|OSBPL2|SLC30A9|ATP13A2|RAB38|VPS54|MCUR1|SLC30A5|MCU|MICU2|MICU3,-1.3
MyList,Reactome Gene Sets,6,R-HSA-5689880,Ub-specific processing proteases,,-2.3,2.9,3.3,30230,203,467,9,1.9,0.64,1540|9817|9960|9986|10454|23032|29761|63891|64750,CYLD|KEAP1|USP3|RCE1|TAB1|USP33|USP25|RNF123|SMURF2,-1.3
MyList,KEGG Pathway,24,hsa05130,Pathogenic Escherichia coli infection,,-2.3,2.9,3.3,30230,203,467,9,1.9,0.64,2353|3551|4615|4642|5602|6300|9138|10454|57180,FOS|IKBKB|MYD88|MYO1D|MAPK10|MAPK12|ARHGEF1|TAB1|ACTR3B,-1.3
MyList,Reactome Gene Sets,6,R-HSA-450321,JNK (c-Jun kinases) phosphorylation and  activation mediated by activated human TAK1,,-2.3,8.8,4.6,30230,22,467,3,0.64,0.37,5602|5609|10454,MAPK10|MAP2K7|TAB1,-1.3
MyList,GO Biological Processes,19,GO:0071044,histone mRNA catabolic process,19_GO:0048519 negative regulation of biological process,-2.3,8.8,4.6,30230,22,467,3,0.64,0.37,27257|55149|167227,LSM1|MTPAP|DCP2,-1.3
MyList,WikiPathways,27,WP4722,Glycerolipids and glycerophospholipids,,-2.3,8.8,4.6,30230,22,467,3,0.64,0.37,1040|23761|81490,CDS1|PISD|PTDSS2,-1.3
MyList,GO Cellular Components,20,GO:0034045,phagophore assembly site membrane,,-2.3,8.8,4.6,30230,22,467,3,0.64,0.37,9821|26100|55062,RB1CC1|WIPI2|WIPI1,-1.3
MyList,WikiPathways,27,WP4141,PI3K AKT mTOR vitamin D3 signaling,,-2.3,8.8,4.6,30230,22,467,3,0.64,0.37,5290|5563|6515,PIK3CA|PRKAA2|SLC2A3,-1.3
MyList,GO Biological Processes,19,GO:0043369,"CD4-positive or CD8-positive, alpha-beta T cell lineage commitment",19_GO:0002376 immune system process,-2.3,8.8,4.6,30230,22,467,3,0.64,0.37,673|1540|6778,BRAF|CYLD|STAT6,-1.3
MyList,Reactome Gene Sets,6,R-HSA-9768919,NPAS4 regulates expression of target genes,,-2.3,8.8,4.6,30230,22,467,3,0.64,0.37,406|2353|9915,BMAL1|FOS|ARNT2,-1.3
MyList,KEGG Pathway,24,hsa04920,Adipocytokine signaling pathway,,-2.3,4.6,3.8,30230,70,467,5,1.1,0.48,2182|3551|5563|5602|51422,ACSL4|IKBKB|PRKAA2|MAPK10|PRKAG2,-1.3
MyList,KEGG Pathway,24,hsa05211,Renal cell carcinoma,,-2.3,4.6,3.8,30230,70,467,5,1.1,0.48,673|5290|6655|9915|201163,BRAF|PIK3CA|SOS2|ARNT2|FLCN,-1.3
MyList,WikiPathways,27,WP5130,Th17 cell differentiation pathway,,-2.3,4.6,3.8,30230,70,467,5,1.1,0.48,406|2353|3551|6095|6778,BMAL1|FOS|IKBKB|RORA|STAT6,-1.3
MyList,GO Cellular Components,20,GO:0019898,extrinsic component of membrane,,-2.3,3.1,3.4,30230,167,467,8,1.7,0.6,4615|5290|9630|9821|30849|56997|84274|134957,MYD88|PIK3CA|GNA14|RB1CC1|PIK3R4|COQ8A|COQ5|STXBP5,-1.3
MyList,GO Biological Processes,19,GO:0007052,mitotic spindle organization,19_GO:0009987 cellular process,-2.3,3.9,3.6,30230,100,467,6,1.3,0.52,3611|3833|9639|11200|64946|84142,ILK|KIFC1|ARHGEF10|CHEK2|CENPH|ABRAXAS1,-1.3
MyList,Reactome Gene Sets,6,R-HSA-5610787,Hedgehog 'off' state,,-2.3,3.9,3.6,30230,100,467,6,1.3,0.52,8100|9742|26160|55764|57728|79809,IFT88|IFT140|IFT172|IFT122|WDR19|TTC21B,-1.3
MyList,GO Biological Processes,19,GO:0048839,inner ear development,19_GO:0032502 developmental process,-2.3,2.9,3.3,30230,204,467,9,1.9,0.64,1052|2562|8100|9481|26018|51761|90410|123016|140469,CEBPD|GABRB3|IFT88|SLC25A27|LRIG1|ATP8A2|IFT20|TTC8|MYO3B,-1.3
MyList,GO Biological Processes,19,GO:0120009,intermembrane lipid transfer,19_GO:0051179 localization,-2.3,5.9,4.1,30230,44,467,4,0.86,0.43,21|4833|9885|23074,ABCA3|NME4|OSBPL2|BLTP3B,-1.3
MyList,GO Biological Processes,19,GO:0034389,lipid droplet organization,19_GO:0009987 cellular process,-2.3,5.9,4.1,30230,44,467,4,0.86,0.43,1040|5563|23761|26580,CDS1|PRKAA2|PISD|BSCL2,-1.3
MyList,KEGG Pathway,24,hsa03022,Basal transcription factors,,-2.3,5.9,4.1,30230,44,467,4,0.86,0.43,2068|2071|2968|6908,ERCC2|ERCC3|GTF2H4|TBP,-1.3
MyList,GO Cellular Components,20,GO:0005669,transcription factor TFIID complex,,-2.3,5.9,4.1,30230,44,467,4,0.86,0.43,2068|2071|2968|6908,ERCC2|ERCC3|GTF2H4|TBP,-1.3
MyList,GO Biological Processes,19,GO:0046148,pigment biosynthetic process,19_GO:0009987 cellular process,-2.3,5.9,4.1,30230,44,467,4,0.86,0.43,22|706|6490|23456,ABCB7|TSPO|PMEL|ABCB10,-1.3
MyList,GO Biological Processes,19,GO:0051046,regulation of secretion,19_GO:0051179 localization,-2.3,1.9,3,30230,631,467,19,4.1,0.91,406|673|706|1143|2182|5581|5582|5587|5873|6392|6845|10079|23400|25837|56262|90550|134957|143425|286097,BMAL1|BRAF|TSPO|CHRNB4|ACSL4|PRKCE|PRKCG|PRKD1|RAB27A|SDHD|VAMP7|ATP9A|ATP13A2|RAB26|LRRC8A|MCU|STXBP5|SYT9|MICU3,-1.3
MyList,KEGG Pathway,24,hsa05169,Epstein-Barr virus infection,,-2.3,2.8,3.3,30230,205,467,9,1.9,0.64,3551|4615|4938|5290|5602|5609|6300|6773|10454,IKBKB|MYD88|OAS1|PIK3CA|MAPK10|MAP2K7|MAPK12|STAT2|TAB1,-1.3
MyList,GO Biological Processes,19,GO:0016053,organic acid biosynthetic process,19_GO:0009987 cellular process,-2.3,2.5,3.2,30230,283,467,11,2.4,0.7,2182|4706|5563|9885|10873|11001|25902|51422|55825|81539|197322,ACSL4|NDUFAB1|PRKAA2|OSBPL2|ME3|SLC27A2|MTHFD1L|PRKAG2|PECR|SLC38A1|ACSF3,-1.3
MyList,KEGG Pathway,24,hsa04933,AGE-RAGE signaling pathway in diabetic complications,,-2.3,3.8,3.6,30230,101,467,6,1.3,0.52,1958|5290|5580|5581|5602|6300,EGR1|PIK3CA|PRKCD|PRKCE|MAPK10|MAPK12,-1.3
MyList,GO Biological Processes,19,GO:0048812,neuron projection morphogenesis,19_GO:0032502 developmental process,-2.3,2.1,3.1,30230,496,467,16,3.4,0.84,1959|2562|9252|9638|10079|23032|23405|51324|51542|51761|80128|84446|91137|123016|440275|729920,EGR2|GABRB3|RPS6KA5|FEZ1|ATP9A|USP33|DICER1|SPG21|VPS54|ATP8A2|TRIM46|BRSK1|SLC25A46|TTC8|EIF2AK4|CRPPA,-1.3
MyList,KEGG Pathway,24,hsa04917,Prolactin signaling pathway,,-2.3,4.6,3.8,30230,71,467,5,1.1,0.48,2353|5290|5602|6300|6655,FOS|PIK3CA|MAPK10|MAPK12|SOS2,-1.3
MyList,GO Biological Processes,19,GO:0000302,response to reactive oxygen species,19_GO:0050896 response to stimulus,-2.3,3.1,3.4,30230,169,467,8,1.7,0.6,2353|4504|4540|5192|5311|5580|23411|59338,FOS|MT3|ND5|PEX10|PKD2|PRKCD|SIRT1|PLEKHA1,-1.3
MyList,GO Cellular Components,20,GO:0030135,coated vesicle,,-2.3,2.4,3.2,30230,325,467,12,2.6,0.73,5286|5873|6721|6836|6845|9179|27072|51324|55062|64924|92840|143425,PIK3C2A|RAB27A|SREBF2|SURF4|VAMP7|AP4M1|VPS41|SPG21|WIPI1|SLC30A5|REEP6|SYT9,-1.3
MyList,Reactome Gene Sets,6,R-HSA-199991,Membrane Trafficking,,-2.3,1.9,3,30230,635,467,19,4.1,0.91,1121|3833|5286|5563|5873|6836|6845|8677|9179|9382|11154|22920|23682|51422|51542|58485|84342|143425|339122,CHM|KIFC1|PIK3C2A|PRKAA2|RAB27A|SURF4|VAMP7|STX10|AP4M1|COG1|AP4S1|KIFAP3|RAB38|PRKAG2|VPS54|TRAPPC1|COG8|SYT9|RAB43,-1.3
MyList,GO Biological Processes,19,GO:0007249,canonical NF-kappaB signal transduction,19_GO:0050896 response to stimulus,-2.3,5.8,4,30230,45,467,4,0.86,0.43,3551|4615|10454|57560,IKBKB|MYD88|TAB1|IFT80,-1.3
MyList,Canonical Pathways,11,M60,PID NFAT TFPATHWAY,,-2.3,5.8,4,30230,45,467,4,0.86,0.43,1958|1959|2353|3726,EGR1|EGR2|FOS|JUNB,-1.3
MyList,GO Biological Processes,19,GO:0035337,fatty-acyl-CoA metabolic process,19_GO:0009987 cellular process,-2.3,5.8,4,30230,45,467,4,0.86,0.43,2182|9374|11001|197322,ACSL4|PPT2|SLC27A2|ACSF3,-1.3
MyList,GO Biological Processes,19,GO:0033108,mitochondrial respiratory chain complex assembly,19_GO:0009987 cellular process,-2.3,3.8,3.6,30230,102,467,6,1.3,0.52,4540|4541|51300|54968|91419|131474,ND5|ND6|TIMMDC1|TMEM70|ATP23|CHCHD4,-1.3
MyList,GO Cellular Components,20,GO:0044297,cell body,,-2.3,2,3,30230,544,467,17,3.6,0.87,673|2899|4642|5137|5563|6515|6533|8882|9481|9638|23001|23032|23400|23585|23682|81539|114134,BRAF|GRIK3|MYO1D|PDE1C|PRKAA2|SLC2A3|SLC6A6|ZPR1|SLC25A27|FEZ1|WDFY3|USP33|ATP13A2|TMEM50A|RAB38|SLC38A1|SLC2A13,-1.2
MyList,GO Biological Processes,19,GO:0044804,nucleophagy,19_GO:0009987 cellular process,-2.3,8.4,4.5,30230,23,467,3,0.64,0.37,9821|26100|55062,RB1CC1|WIPI2|WIPI1,-1.2
MyList,GO Biological Processes,19,GO:0018279,protein N-linked glycosylation via asparagine,19_GO:0009987 cellular process,-2.3,8.4,4.5,30230,23,467,3,0.64,0.37,4249|29880|84061,MGAT5|ALG5|MAGT1,-1.2
MyList,GO Biological Processes,19,GO:0035024,negative regulation of Rho protein signal transduction,19_GO:0048519 negative regulation of biological process,-2.3,8.4,4.5,30230,23,467,3,0.64,0.37,7126|143872|201163,TNFAIP1|ARHGAP42|FLCN,-1.2
MyList,WikiPathways,27,WP3612,Photodynamic therapy induced NFE2L2 NRF2 survival signaling,,-2.3,8.4,4.5,30230,23,467,3,0.64,0.37,2353|6300|9817,FOS|MAPK12|KEAP1,-1.2
MyList,Reactome Gene Sets,6,R-HSA-8949215,Mitochondrial calcium ion transport,,-2.3,8.4,4.5,30230,23,467,3,0.64,0.37,90550|221154|286097,MCU|MICU2|MICU3,-1.2
MyList,GO Cellular Components,20,GO:0045009,chitosome,,-2.3,8.4,4.5,30230,23,467,3,0.64,0.37,5873|6490|23682,RAB27A|PMEL|RAB38,-1.2
MyList,GO Cellular Components,20,GO:0090741,pigment granule membrane,,-2.3,8.4,4.5,30230,23,467,3,0.64,0.37,5873|6490|23682,RAB27A|PMEL|RAB38,-1.2
MyList,GO Cellular Components,20,GO:0033162,melanosome membrane,,-2.3,8.4,4.5,30230,23,467,3,0.64,0.37,5873|6490|23682,RAB27A|PMEL|RAB38,-1.2
MyList,GO Biological Processes,19,GO:0098813,nuclear chromosome segregation,19_GO:0009987 cellular process,-2.3,2.6,3.2,30230,246,467,10,2.1,0.67,3833|4292|9639|10592|11200|54617|55706|84142|84861|192670,KIFC1|MLH1|ARHGEF10|SMC2|CHEK2|INO80|NDC1|ABRAXAS1|KLHL22|AGO4,-1.2
MyList,GO Cellular Components,20,GO:0034702,monoatomic ion channel complex,,-2.3,2.3,3.1,30230,369,467,13,2.8,0.76,1143|1186|2562|2899|3769|4508|5311|27091|56262|90550|134957|221154|286097,CHRNB4|CLCN7|GABRB3|GRIK3|KCNJ13|ATP6|PKD2|CACNG5|LRRC8A|MCU|STXBP5|MICU2|MICU3,-1.2
MyList,GO Biological Processes,19,GO:0120031,plasma membrane bounded cell projection assembly,19_GO:0009987 cellular process,-2.3,2.1,3,30230,456,467,15,3.2,0.82,7410|8100|9742|10451|26160|50649|50807|55764|57560|57728|79809|79867|84131|90410|123016,VAV2|IFT88|IFT140|VAV3|IFT172|ARHGEF4|ASAP1|IFT122|IFT80|WDR19|TTC21B|TCTN2|CEP78|IFT20|TTC8,-1.2
MyList,GO Biological Processes,19,GO:0120039,plasma membrane bounded cell projection morphogenesis,19_GO:0032502 developmental process,-2.3,2.1,3,30230,501,467,16,3.4,0.84,1959|2562|9252|9638|10079|23032|23405|51324|51542|51761|80128|84446|91137|123016|440275|729920,EGR2|GABRB3|RPS6KA5|FEZ1|ATP9A|USP33|DICER1|SPG21|VPS54|ATP8A2|TRIM46|BRSK1|SLC25A46|TTC8|EIF2AK4|CRPPA,-1.2
MyList,GO Biological Processes,19,GO:1905954,positive regulation of lipid localization,19_GO:0051179 localization,-2.3,3.8,3.5,30230,103,467,6,1.3,0.52,21|6721|10162|23411|23461|51761,ABCA3|SREBF2|LPCAT3|SIRT1|ABCA5|ATP8A2,-1.2
MyList,GO Biological Processes,19,GO:0006873,intracellular monoatomic ion homeostasis,19_GO:0042592 homeostatic process,-2.3,2.1,3,30230,457,467,15,3.2,0.82,22|1657|4504|5311|9481|9885|10463|23400|23682|51542|63933|64924|90550|221154|286097,ABCB7|DMXL1|MT3|PKD2|SLC25A27|OSBPL2|SLC30A9|ATP13A2|RAB38|VPS54|MCUR1|SLC30A5|MCU|MICU2|MICU3,-1.2
MyList,GO Biological Processes,19,GO:0007018,microtubule-based movement,19_GO:0009987 cellular process,-2.3,2.1,3,30230,502,467,16,3.4,0.84,3833|8100|9742|10239|22920|26160|54514|55638|55764|57560|57728|79809|80128|81839|84131|90410,KIFC1|IFT88|IFT140|AP3S2|KIFAP3|IFT172|DDX4|SYBU|IFT122|IFT80|WDR19|TTC21B|TRIM46|VANGL1|CEP78|IFT20,-1.2
MyList,Canonical Pathways,11,M40,PID E2F PATHWAY,,-2.3,4.4,3.7,30230,73,467,5,1.1,0.48,5934|7029|8824|8850|23411,RBL2|TFDP2|CES2|KAT2B|SIRT1,-1.2
MyList,WikiPathways,27,WP5411,Phosphatidyl inositol phosphate pathway,,-2.3,5.6,3.9,30230,46,467,4,0.86,0.43,5286|5287|5290|200576,PIK3C2A|PIK3C2B|PIK3CA|PIKFYVE,-1.2
MyList,WikiPathways,27,WP5283,Chronic hyperglycemia impairment of neuron function,,-2.3,5.6,3.9,30230,46,467,4,0.86,0.43,5580|5581|5582|6515,PRKCD|PRKCE|PRKCG|SLC2A3,-1.2
MyList,GO Biological Processes,19,GO:0050792,regulation of viral process,19_GO:0016032 viral process,-2.3,3.3,3.4,30230,137,467,7,1.5,0.56,4938|6041|6590|9582|11043|57169|200316,OAS1|RNASEL|SLPI|APOBEC3B|MID2|ZNFX1|APOBEC3F,-1.2
MyList,GO Biological Processes,19,GO:0120162,positive regulation of cold-induced thermogenesis,19_GO:0042592 homeostatic process,-2.3,3.7,3.5,30230,104,467,6,1.3,0.52,6778|9927|23175|25875|26580|51043,STAT6|MFN2|LPIN1|LETMD1|BSCL2|ZBTB7B,-1.2
MyList,KEGG Pathway,24,hsa05164,Influenza A,,-2.2,3,3.3,30230,173,467,8,1.7,0.6,3551|4615|4938|5290|6041|6773|29107|79671,IKBKB|MYD88|OAS1|PIK3CA|RNASEL|STAT2|NXT1|NLRX1,-1.2
MyList,GO Biological Processes,19,GO:0000280,nuclear division,19_GO:0009987 cellular process,-2.2,2.3,3.1,30230,331,467,12,2.6,0.73,3833|4292|9639|10592|11200|54514|54617|55706|80198|84142|84861|192670,KIFC1|MLH1|ARHGEF10|SMC2|CHEK2|DDX4|INO80|NDC1|MUS81|ABRAXAS1|KLHL22|AGO4,-1.2
MyList,KEGG Pathway,24,hsa04910,Insulin signaling pathway,,-2.2,3.3,3.4,30230,138,467,7,1.5,0.56,673|3551|5290|5563|5602|6655|51422,BRAF|IKBKB|PIK3CA|PRKAA2|MAPK10|SOS2|PRKAG2,-1.2
MyList,WikiPathways,27,WP4655,Cytosolic DNA sensing pathway,,-2.2,4.4,3.6,30230,74,467,5,1.1,0.48,1540|3551|55703|79671|340061,CYLD|IKBKB|POLR3B|NLRX1|STING1,-1.2
MyList,GO Biological Processes,19,GO:0032206,positive regulation of telomere maintenance,19_GO:0048518 positive regulation of biological process,-2.2,4.4,3.6,30230,74,467,5,1.1,0.48,4931|5609|54617|55135|93973,NVL|MAP2K7|INO80|WRAP53|ACTR8,-1.2
MyList,GO Biological Processes,19,GO:0048512,circadian behavior,19_GO:0048511 rhythmic process,-2.2,8.1,4.4,30230,24,467,3,0.64,0.37,1958|2562|114781,EGR1|GABRB3|BTBD9,-1.2
MyList,Canonical Pathways,11,M17200,SA B CELL RECEPTOR COMPLEXES,,-2.2,8.1,4.4,30230,24,467,3,0.64,0.37,2353|7410|10451,FOS|VAV2|VAV3,-1.2
MyList,GO Biological Processes,19,GO:0000028,ribosomal small subunit assembly,19_GO:0009987 cellular process,-2.2,8.1,4.4,30230,24,467,3,0.64,0.37,51106|64745|81554,TFB1M|METTL17|RCC1L,-1.2
MyList,GO Biological Processes,19,GO:0006896,Golgi to vacuole transport,19_GO:0051179 localization,-2.2,8.1,4.4,30230,24,467,3,0.64,0.37,9179|10239|51542,AP4M1|AP3S2|VPS54,-1.2
MyList,GO Biological Processes,19,GO:0045722,positive regulation of gluconeogenesis,19_GO:0048518 positive regulation of biological process,-2.2,8.1,4.4,30230,24,467,3,0.64,0.37,8850|23411|51422,KAT2B|SIRT1|PRKAG2,-1.2
MyList,GO Cellular Components,20,GO:0031201,SNARE complex,,-2.2,5.5,3.9,30230,47,467,4,0.86,0.43,6845|6854|8677|203062,VAMP7|SYN2|STX10|TSNARE1,-1.2
MyList,GO Biological Processes,19,GO:0071616,acyl-CoA biosynthetic process,19_GO:0009987 cellular process,-2.2,5.5,3.9,30230,47,467,4,0.86,0.43,2182|9374|11001|197322,ACSL4|PPT2|SLC27A2|ACSF3,-1.2
MyList,GO Biological Processes,19,GO:0071214,cellular response to abiotic stimulus,19_GO:0050896 response to stimulus,-2.2,2.3,3.1,30230,333,467,12,2.6,0.73,706|1958|3981|4615|5290|5311|5580|11200|23411|51776|54617|440275,TSPO|EGR1|LIG4|MYD88|PIK3CA|PKD2|PRKCD|CHEK2|SIRT1|MAP3K20|INO80|EIF2AK4,-1.2
MyList,GO Biological Processes,19,GO:0104004,cellular response to environmental stimulus,19_GO:0050896 response to stimulus,-2.2,2.3,3.1,30230,333,467,12,2.6,0.73,706|1958|3981|4615|5290|5311|5580|11200|23411|51776|54617|440275,TSPO|EGR1|LIG4|MYD88|PIK3CA|PKD2|PRKCD|CHEK2|SIRT1|MAP3K20|INO80|EIF2AK4,-1.2
MyList,GO Biological Processes,19,GO:0051090,regulation of DNA-binding transcription factor activity,19_GO:0050789 regulation of biological process,-2.2,3,3.3,30230,175,467,8,1.7,0.6,1540|3551|4615|5587|9252|23411|285315|440275,CYLD|IKBKB|MYD88|PRKD1|RPS6KA5|SIRT1|C3orf33|EIF2AK4,-1.2
MyList,GO Biological Processes,19,GO:0071478,cellular response to radiation,19_GO:0050896 response to stimulus,-2.2,3,3.3,30230,175,467,8,1.7,0.6,1958|3981|5580|11200|23411|51776|54617|440275,EGR1|LIG4|PRKCD|CHEK2|SIRT1|MAP3K20|INO80|EIF2AK4,-1.2
MyList,GO Biological Processes,19,GO:0048858,cell projection morphogenesis,19_GO:0032502 developmental process,-2.2,2,3,30230,508,467,16,3.4,0.84,1959|2562|9252|9638|10079|23032|23405|51324|51542|51761|80128|84446|91137|123016|440275|729920,EGR2|GABRB3|RPS6KA5|FEZ1|ATP9A|USP33|DICER1|SPG21|VPS54|ATP8A2|TRIM46|BRSK1|SLC25A46|TTC8|EIF2AK4|CRPPA,-1.2
MyList,GO Biological Processes,19,GO:0043488,regulation of mRNA stability,19_GO:0048519 negative regulation of biological process,-2.2,2.4,3.1,30230,292,467,11,2.4,0.7,4292|4615|5580|6041|9238|22868|23658|25819|27257|54542|167227,MLH1|MYD88|PRKCD|RNASEL|TBRG4|FASTKD2|LSM5|NOCT|LSM1|RC3H2|DCP2,-1.2
MyList,GO Biological Processes,19,GO:0002753,cytoplasmic pattern recognition receptor signaling pathway,19_GO:0044419 biological process involved in interspecies interaction between organisms,-2.2,4.3,3.6,30230,75,467,5,1.1,0.48,1540|3551|4615|4938|340061,CYLD|IKBKB|MYD88|OAS1|STING1,-1.2
MyList,GO Biological Processes,19,GO:0007623,circadian rhythm,19_GO:0048511 rhythmic process,-2.2,3.2,3.3,30230,140,467,7,1.5,0.56,406|1958|2562|6095|23411|25819|114781,BMAL1|EGR1|GABRB3|RORA|SIRT1|NOCT|BTBD9,-1.2
MyList,WikiPathways,27,WP5083,Neuroinflammation and glutamatergic signaling,,-2.2,3.2,3.3,30230,140,467,7,1.5,0.56,2353|2899|5582|6515|6778|56262|81539,FOS|GRIK3|PRKCG|SLC2A3|STAT6|LRRC8A|SLC38A1,-1.2
MyList,GO Biological Processes,19,GO:0051650,establishment of vesicle localization,19_GO:0051179 localization,-2.2,2.9,3.2,30230,176,467,8,1.7,0.6,3985|5873|10239|10948|22920|55062|58485|80128,LIMK2|RAB27A|AP3S2|STARD3|KIFAP3|WIPI1|TRAPPC1|TRIM46,-1.2
MyList,Canonical Pathways,11,M219,PID HEDGEHOG GLI PATHWAY,,-2.2,5.4,3.8,30230,48,467,4,0.86,0.43,5580|8100|26160|53944,PRKCD|IFT88|IFT172|CSNK1G1,-1.2
MyList,Reactome Gene Sets,6,R-HSA-73776,RNA Polymerase II Promoter Escape,,-2.2,5.4,3.8,30230,48,467,4,0.86,0.43,2068|2071|2968|6908,ERCC2|ERCC3|GTF2H4|TBP,-1.2
MyList,Reactome Gene Sets,6,R-HSA-75953,RNA Polymerase II Transcription Initiation,,-2.2,5.4,3.8,30230,48,467,4,0.86,0.43,2068|2071|2968|6908,ERCC2|ERCC3|GTF2H4|TBP,-1.2
MyList,Reactome Gene Sets,6,R-HSA-76042,RNA Polymerase II Transcription Initiation And Promoter Clearance,,-2.2,5.4,3.8,30230,48,467,4,0.86,0.43,2068|2071|2968|6908,ERCC2|ERCC3|GTF2H4|TBP,-1.2
MyList,WikiPathways,27,WP1541,Energy metabolism,,-2.2,5.4,3.8,30230,48,467,4,0.86,0.43,5563|23411|51106|51422,PRKAA2|SIRT1|TFB1M|PRKAG2,-1.2
MyList,GO Biological Processes,19,GO:0002224,toll-like receptor signaling pathway,19_GO:0044419 biological process involved in interspecies interaction between organisms,-2.2,5.4,3.8,30230,48,467,4,0.86,0.43,3551|4615|5581|7867,IKBKB|MYD88|PRKCE|MAPKAPK3,-1.2
MyList,Reactome Gene Sets,6,R-HSA-167161,HIV Transcription Initiation,,-2.2,5.4,3.8,30230,48,467,4,0.86,0.43,2068|2071|2968|6908,ERCC2|ERCC3|GTF2H4|TBP,-1.2
MyList,Reactome Gene Sets,6,R-HSA-167162,RNA Polymerase II HIV Promoter Escape,,-2.2,5.4,3.8,30230,48,467,4,0.86,0.43,2068|2071|2968|6908,ERCC2|ERCC3|GTF2H4|TBP,-1.2
MyList,Reactome Gene Sets,6,R-HSA-73779,RNA Polymerase II Transcription Pre-Initiation And Promoter Opening,,-2.2,5.4,3.8,30230,48,467,4,0.86,0.43,2068|2071|2968|6908,ERCC2|ERCC3|GTF2H4|TBP,-1.2
MyList,GO Biological Processes,19,GO:0070555,response to interleukin-1,19_GO:0050896 response to stimulus,-2.2,3.6,3.4,30230,107,467,6,1.3,0.52,1958|3551|4615|5609|6095|9252,EGR1|IKBKB|MYD88|MAP2K7|RORA|RPS6KA5,-1.2
MyList,GO Biological Processes,19,GO:0050890,cognition,19_GO:0032501 multicellular organismal process,-2.2,2.3,3,30230,336,467,12,2.6,0.73,673|1958|2353|2562|5582|8850|84061|84446|90410|114781|123016|440275,BRAF|EGR1|FOS|GABRB3|PRKCG|KAT2B|MAGT1|BRSK1|IFT20|BTBD9|TTC8|EIF2AK4,-1.2
MyList,GO Biological Processes,19,GO:0006112,energy reserve metabolic process,19_GO:0009987 cellular process,-2.2,4.3,3.6,30230,76,467,5,1.1,0.48,4504|9821|26100|51422|55062,MT3|RB1CC1|WIPI2|PRKAG2|WIPI1,-1.2
MyList,GO Biological Processes,19,GO:0001736,establishment of planar polarity,19_GO:0032502 developmental process,-2.2,7.8,4.2,30230,25,467,3,0.64,0.37,84446|90410|123016,BRSK1|IFT20|TTC8,-1.2
MyList,GO Biological Processes,19,GO:0140894,endolysosomal toll-like receptor signaling pathway,19_GO:0044419 biological process involved in interspecies interaction between organisms,-2.2,7.8,4.2,30230,25,467,3,0.64,0.37,3551|4615|4938,IKBKB|MYD88|OAS1,-1.2
MyList,Reactome Gene Sets,6,R-HSA-2029485,Role of phospholipids in phagocytosis,,-2.2,7.8,4.2,30230,25,467,3,0.64,0.37,5290|5580|5581,PIK3CA|PRKCD|PRKCE,-1.2
MyList,GO Biological Processes,19,GO:0048799,animal organ maturation,19_GO:0032502 developmental process,-2.2,7.8,4.2,30230,25,467,3,0.64,0.37,10682|51360|57560,EBP|MBTPS2|IFT80,-1.2
MyList,GO Biological Processes,19,GO:0048015,phosphatidylinositol-mediated signaling,19_GO:0050896 response to stimulus,-2.2,7.8,4.2,30230,25,467,3,0.64,0.37,5286|5287|5290,PIK3C2A|PIK3C2B|PIK3CA,-1.2
MyList,GO Biological Processes,19,GO:0002208,somatic diversification of immunoglobulins involved in immune response,19_GO:0002376 immune system process,-2.2,7.8,4.2,30230,25,467,3,0.64,0.37,3981|4292|7374,LIG4|MLH1|UNG,-1.2
MyList,GO Biological Processes,19,GO:0071108,protein K48-linked deubiquitination,19_GO:0009987 cellular process,-2.2,7.8,4.2,30230,25,467,3,0.64,0.37,23032|29761|80013,USP33|USP25|MINDY3,-1.2
MyList,GO Biological Processes,19,GO:0007164,establishment of tissue polarity,19_GO:0032502 developmental process,-2.2,7.8,4.2,30230,25,467,3,0.64,0.37,84446|90410|123016,BRSK1|IFT20|TTC8,-1.2
MyList,GO Biological Processes,19,GO:0050770,regulation of axonogenesis,19_GO:0032502 developmental process,-2.2,3.2,3.3,30230,142,467,7,1.5,0.56,673|1600|4504|10154|29882|80128|84446,BRAF|DAB1|MT3|PLXNC1|ANAPC2|TRIM46|BRSK1,-1.2
MyList,WikiPathways,27,WP4321,Thermogenesis,,-2.2,3.6,3.4,30230,108,467,6,1.3,0.52,2182|5563|6300|6655|51422|123096,ACSL4|PRKAA2|MAPK12|SOS2|PRKAG2|SLC25A29,-1.2
MyList,GO Biological Processes,19,GO:0030031,cell projection assembly,19_GO:0009987 cellular process,-2.2,2.1,2.9,30230,469,467,15,3.2,0.82,7410|8100|9742|10451|26160|50649|50807|55764|57560|57728|79809|79867|84131|90410|123016,VAV2|IFT88|IFT140|VAV3|IFT172|ARHGEF4|ASAP1|IFT122|IFT80|WDR19|TTC21B|TCTN2|CEP78|IFT20|TTC8,-1.1
MyList,GO Biological Processes,19,GO:0030098,lymphocyte differentiation,19_GO:0002376 immune system process,-2.2,2.4,3,30230,297,467,11,2.4,0.7,673|1540|1958|3981|3988|6095|6778|51043|54542|56262|84447,BRAF|CYLD|EGR1|LIG4|LIPA|RORA|STAT6|ZBTB7B|RC3H2|LRRC8A|SYVN1,-1.1
MyList,GO Cellular Components,20,GO:0042645,mitochondrial nucleoid,,-2.2,5.3,3.8,30230,49,467,4,0.86,0.43,5428|22868|51106|79736,POLG|FASTKD2|TFB1M|TEFM,-1.1
MyList,GO Biological Processes,19,GO:0002752,cell surface pattern recognition receptor signaling pathway,19_GO:0044419 biological process involved in interspecies interaction between organisms,-2.2,5.3,3.8,30230,49,467,4,0.86,0.43,4615|4938|5581|25875,MYD88|OAS1|PRKCE|LETMD1,-1.1
MyList,GO Cellular Components,20,GO:0009295,nucleoid,,-2.2,5.3,3.8,30230,49,467,4,0.86,0.43,5428|22868|51106|79736,POLG|FASTKD2|TFB1M|TEFM,-1.1
MyList,KEGG Pathway,24,hsa04659,Th17 cell differentiation,,-2.2,3.6,3.4,30230,109,467,6,1.3,0.52,2353|3551|5602|6095|6300|6778,FOS|IKBKB|MAPK10|RORA|MAPK12|STAT6,-1.1
MyList,Reactome Gene Sets,6,R-HSA-5696398,Nucleotide Excision Repair,,-2.2,3.6,3.4,30230,109,467,6,1.3,0.52,2068|2071|2968|9557|54617|93973,ERCC2|ERCC3|GTF2H4|CHD1L|INO80|ACTR8,-1.1
MyList,GO Cellular Components,20,GO:0031248,protein acetyltransferase complex,,-2.2,3.6,3.4,30230,109,467,6,1.3,0.52,8850|23522|25842|54799|55167|80314,KAT2B|KAT6B|ASF1A|MBTD1|MSL2|EPC1,-1.1
MyList,KEGG Pathway,24,hsa05168,Herpes simplex virus 1 infection,,-2.1,2.9,3.2,30230,180,467,8,1.7,0.6,3551|4615|4938|5290|6041|6773|10454|340061,IKBKB|MYD88|OAS1|PIK3CA|RNASEL|STAT2|TAB1|STING1,-1.1
MyList,GO Biological Processes,19,GO:0044089,positive regulation of cellular component biogenesis,19_GO:0048518 positive regulation of biological process,-2.1,2,2.9,30230,517,467,16,3.4,0.84,21|673|4615|5290|5581|5587|8100|9639|23032|23400|54849|55062|55160|90410|140469|253260,ABCA3|BRAF|MYD88|PIK3CA|PRKCE|PRKD1|IFT88|ARHGEF10|USP33|ATP13A2|DEF8|WIPI1|ARHGEF10L|IFT20|MYO3B|RICTOR,-1.1
MyList,KEGG Pathway,24,hsa00562,Inositol phosphate metabolism,,-2.1,4.1,3.5,30230,78,467,5,1.1,0.48,5286|5287|5290|9677|200576,PIK3C2A|PIK3C2B|PIK3CA|PPIP5K1|PIKFYVE,-1.1
MyList,GO Biological Processes,19,GO:0005980,glycogen catabolic process,19_GO:0009987 cellular process,-2.1,7.5,4.1,30230,26,467,3,0.64,0.37,9821|26100|55062,RB1CC1|WIPI2|WIPI1,-1.1
MyList,WikiPathways,27,WP5505,Glycosylphosphatidyl inositol anchor pathway,,-2.1,7.5,4.1,30230,26,467,3,0.64,0.37,65258|93183|128869,MPPE1|PIGM|PIGU,-1.1
MyList,GO Cellular Components,20,GO:0031312,extrinsic component of organelle membrane,,-2.1,7.5,4.1,30230,26,467,3,0.64,0.37,56997|84274|134957,COQ8A|COQ5|STXBP5,-1.1
MyList,GO Biological Processes,19,GO:0015914,phospholipid transport,19_GO:0051179 localization,-2.1,3.5,3.3,30230,110,467,6,1.3,0.52,21|24|4833|9885|10079|51761,ABCA3|ABCA4|NME4|OSBPL2|ATP9A|ATP8A2,-1.1
MyList,WikiPathways,27,WP3998,Prader Willi and Angelman syndrome,,-2.1,3.5,3.3,30230,110,467,6,1.3,0.52,2562|2733|9638|23511|55706|85378,GABRB3|GLE1|FEZ1|NUP188|NDC1|TUBGCP6,-1.1
MyList,GO Biological Processes,19,GO:0046777,protein autophosphorylation,19_GO:0009987 cellular process,-2.1,3.5,3.3,30230,110,467,6,1.3,0.52,5587|11200|23049|51776|200576|440275,PRKD1|CHEK2|SMG1|MAP3K20|PIKFYVE|EIF2AK4,-1.1
MyList,GO Biological Processes,19,GO:0022618,protein-RNA complex assembly,19_GO:0009987 cellular process,-2.1,2.5,3,30230,259,467,10,2.1,0.67,4706|4931|8225|22868|23405|23658|51106|64745|81554|192670,NDUFAB1|NVL|GTPBP6|FASTKD2|DICER1|LSM5|TFB1M|METTL17|RCC1L|AGO4,-1.1
MyList,WikiPathways,27,WP2018,RANKL RANK signaling,,-2.1,5.2,3.7,30230,50,467,4,0.86,0.43,2353|3551|5609|10454,FOS|IKBKB|MAP2K7|TAB1,-1.1
MyList,WikiPathways,27,WP395,IL4 signaling,,-2.1,5.2,3.7,30230,50,467,4,0.86,0.43,2353|3551|5290|6778,FOS|IKBKB|PIK3CA|STAT6,-1.1
MyList,GO Biological Processes,19,GO:0071985,multivesicular body sorting pathway,19_GO:0051179 localization,-2.1,5.2,3.7,30230,50,467,4,0.86,0.43,757|5873|23484|23585,TMEM50B|RAB27A|LEPROTL1|TMEM50A,-1.1
MyList,Reactome Gene Sets,6,R-HSA-3781865,Diseases of glycosylation,,-2.1,3.1,3.2,30230,145,467,7,1.5,0.56,1798|10195|10585|29929|29954|55624|91869,DPAGT1|ALG3|POMT1|ALG6|POMT2|POMGNT1|RFT1,-1.1
MyList,GO Cellular Components,20,GO:0008021,synaptic vesicle,,-2.1,2.5,3,30230,260,467,10,2.1,0.67,4504|6854|6856|8677|25837|80262|84446|134957|143425|203062,MT3|SYN2|SYPL1|STX10|RAB26|PHAF1|BRSK1|STXBP5|SYT9|TSNARE1,-1.1
MyList,GO Biological Processes,19,GO:0048871,multicellular organismal-level homeostasis,19_GO:0042592 homeostatic process,-2.1,1.8,2.8,30230,708,467,20,4.3,0.94,21|24|1540|1958|2068|3988|4938|5290|5563|6655|10162|23411|23456|51542|54542|54943|57560|114781|114789|201163,ABCA3|ABCA4|CYLD|EGR1|ERCC2|LIPA|OAS1|PIK3CA|PRKAA2|SOS2|LPCAT3|SIRT1|ABCB10|VPS54|RC3H2|DNAJC28|IFT80|BTBD9|SLC25A25|FLCN,-1.1
MyList,GO Cellular Components,20,GO:0098798,mitochondrial protein-containing complex,,-2.1,2.8,3.1,30230,182,467,8,1.7,0.6,4706|5428|26521|51660|55669|90550|221154|286097,NDUFAB1|POLG|TIMM8B|MPC1|MFN1|MCU|MICU2|MICU3,-1.1
MyList,GO Biological Processes,19,GO:0032481,positive regulation of type I interferon production,19_GO:0048518 positive regulation of biological process,-2.1,4.1,3.5,30230,79,467,5,1.1,0.48,4615|4938|55703|91947|340061,MYD88|OAS1|POLR3B|ARRDC4|STING1,-1.1
MyList,GO Biological Processes,19,GO:1903900,regulation of viral life cycle,19_GO:0016032 viral process,-2.1,3.5,3.3,30230,111,467,6,1.3,0.52,4938|6041|6590|9582|57169|200316,OAS1|RNASEL|SLPI|APOBEC3B|ZNFX1|APOBEC3F,-1.1
MyList,KEGG Pathway,24,hsa04914,Progesterone-mediated oocyte maturation,,-2.1,3.5,3.3,30230,111,467,6,1.3,0.52,673|5290|5602|6300|29882|64682,BRAF|PIK3CA|MAPK10|MAPK12|ANAPC2|ANAPC1,-1.1
MyList,GO Biological Processes,19,GO:0042110,T cell activation,19_GO:0002376 immune system process,-2.1,2.3,2.9,30230,344,467,12,2.6,0.73,673|1540|1958|3981|3988|5873|6095|6778|51043|54542|81704|440275,BRAF|CYLD|EGR1|LIG4|LIPA|RAB27A|RORA|STAT6|ZBTB7B|RC3H2|DOCK8|EIF2AK4,-1.1
MyList,GO Cellular Components,20,GO:0030658,transport vesicle membrane,,-2.1,2.5,3,30230,261,467,10,2.1,0.67,6721|6845|6854|6856|8677|9179|25837|64924|80262|143425,SREBF2|VAMP7|SYN2|SYPL1|STX10|AP4M1|RAB26|SLC30A5|PHAF1|SYT9,-1.1
MyList,WikiPathways,27,WP3888,VEGFA VEGFR2 signaling,,-2.1,2.1,2.9,30230,432,467,14,3,0.79,1958|5290|5563|5580|5581|5587|5609|6300|6778|7410|9252|79109|114789|253260,EGR1|PIK3CA|PRKAA2|PRKCD|PRKCE|PRKD1|MAP2K7|MAPK12|STAT6|VAV2|RPS6KA5|MAPKAP1|SLC25A25|RICTOR,-1.1
MyList,GO Biological Processes,19,GO:0051301,cell division,19_GO:0009987 cellular process,-2.1,2,2.8,30230,523,467,16,3.4,0.84,2068|3833|3981|5581|10592|11200|23354|29086|29882|54617|55958|57448|57542|64682|84861|93973,ERCC2|KIFC1|LIG4|PRKCE|SMC2|CHEK2|HAUS5|BABAM1|ANAPC2|INO80|KLHL9|BIRC6|KLHL42|ANAPC1|KLHL22|ACTR8,-1.1
MyList,Reactome Gene Sets,6,R-HSA-112043,PLC beta mediated events,,-2.1,5.1,3.7,30230,51,467,4,0.86,0.43,5137|5580|5582|9630,PDE1C|PRKCD|PRKCG|GNA14,-1.1
MyList,GO Biological Processes,19,GO:0097479,synaptic vesicle localization,19_GO:0051179 localization,-2.1,5.1,3.7,30230,51,467,4,0.86,0.43,5873|6854|10239|80128,RAB27A|SYN2|AP3S2|TRIM46,-1.1
MyList,Reactome Gene Sets,6,R-HSA-2980766,Nuclear Envelope Breakdown,,-2.1,5.1,3.7,30230,51,467,4,0.86,0.43,23175|23399|23511|55706,LPIN1|CTDNEP1|NUP188|NDC1,-1.1
MyList,WikiPathways,27,WP3611,Photodynamic therapy induced AP 1 survival signaling,,-2.1,5.1,3.7,30230,51,467,4,0.86,0.43,2353|3726|5609|6300,FOS|JUNB|MAP2K7|MAPK12,-1.1
MyList,GO Biological Processes,19,GO:0090307,mitotic spindle assembly,19_GO:0009987 cellular process,-2.1,5.1,3.7,30230,51,467,4,0.86,0.43,3833|9639|11200|84142,KIFC1|ARHGEF10|CHEK2|ABRAXAS1,-1.1
MyList,Reactome Gene Sets,6,R-HSA-5368287,Mitochondrial translation,,-2.1,3.5,3.3,30230,112,467,6,1.3,0.52,4508|4514|4540|4541|4706|84340,ATP6|COX3|ND5|ND6|NDUFAB1|GFM2,-1.1
MyList,KEGG Pathway,24,hsa05145,Toxoplasmosis,,-2.1,3.5,3.3,30230,112,467,6,1.3,0.52,3310|3551|4615|5602|6300|10454,HSPA6|IKBKB|MYD88|MAPK10|MAPK12|TAB1,-1.1
MyList,GO Biological Processes,19,GO:0072655,establishment of protein localization to mitochondrion,19_GO:0051179 localization,-2.1,4,3.4,30230,80,467,5,1.1,0.48,706|4285|9927|26521|131474,TSPO|MIPEP|MFN2|TIMM8B|CHCHD4,-1.1
MyList,GO Biological Processes,19,GO:0042273,ribosomal large subunit biogenesis,19_GO:0009987 cellular process,-2.1,4,3.4,30230,80,467,5,1.1,0.48,4706|4931|8225|22868|81554,NDUFAB1|NVL|GTPBP6|FASTKD2|RCC1L,-1.1
MyList,Reactome Gene Sets,6,R-HSA-446193,"Biosynthesis of the N-glycan precursor (dolichol lipid-linked oligosaccharide, LLO) and transfer to a nascent protein",,-2.1,4,3.4,30230,80,467,5,1.1,0.48,1798|10195|29880|29929|91869,DPAGT1|ALG3|ALG5|ALG6|RFT1,-1.1
MyList,GO Cellular Components,20,GO:0019908,nuclear cyclin-dependent protein kinase holoenzyme complex,,-2.1,7.2,4,30230,27,467,3,0.64,0.37,2068|2071|2968,ERCC2|ERCC3|GTF2H4,-1.1
MyList,GO Biological Processes,19,GO:0009251,glucan catabolic process,19_GO:0009987 cellular process,-2.1,7.2,4,30230,27,467,3,0.64,0.37,9821|26100|55062,RB1CC1|WIPI2|WIPI1,-1.1
MyList,GO Biological Processes,19,GO:0002381,immunoglobulin production involved in immunoglobulin-mediated immune response,19_GO:0002376 immune system process,-2.1,7.2,4,30230,27,467,3,0.64,0.37,3981|4292|7374,LIG4|MLH1|UNG,-1.1
MyList,Canonical Pathways,11,M1718,SIG IL4RECEPTOR IN B LYPHOCYTES,,-2.1,7.2,4,30230,27,467,3,0.64,0.37,5290|6655|6778,PIK3CA|SOS2|STAT6,-1.1
MyList,GO Biological Processes,19,GO:0006308,DNA catabolic process,19_GO:0009987 cellular process,-2.1,7.2,4,30230,27,467,3,0.64,0.37,23405|51542|80198,DICER1|VPS54|MUS81,-1.1
MyList,Reactome Gene Sets,6,R-HSA-389357,CD28 dependent PI3K/Akt signaling,,-2.1,7.2,4,30230,27,467,3,0.64,0.37,5290|79109|253260,PIK3CA|MAPKAP1|RICTOR,-1.1
MyList,Reactome Gene Sets,6,R-HSA-167160,RNA Pol II CTD phosphorylation and interaction with CE during HIV infection,,-2.1,7.2,4,30230,27,467,3,0.64,0.37,2068|2071|2968,ERCC2|ERCC3|GTF2H4,-1.1
MyList,Reactome Gene Sets,6,R-HSA-77075,RNA Pol II CTD phosphorylation and interaction with CE,,-2.1,7.2,4,30230,27,467,3,0.64,0.37,2068|2071|2968,ERCC2|ERCC3|GTF2H4,-1.1
MyList,GO Biological Processes,19,GO:0043123,positive regulation of canonical NF-kappaB signal transduction,19_GO:0048518 positive regulation of biological process,-2.1,2.6,3,30230,223,467,9,1.9,0.64,3551|3611|4615|5581|5587|11043|57161|124583|142678,IKBKB|ILK|MYD88|PRKCE|PRKD1|MID2|PELI2|CANT1|MIB2,-1.1
MyList,GO Biological Processes,19,GO:1902476,chloride transmembrane transport,19_GO:0051179 localization,-2.1,3.4,3.3,30230,113,467,6,1.3,0.52,1185|1186|2562|9016|9481|56262,CLCN6|CLCN7|GABRB3|SLC25A14|SLC25A27|LRRC8A,-1.1
MyList,GO Biological Processes,19,GO:0000070,mitotic sister chromatid segregation,19_GO:0009987 cellular process,-2.1,3.1,3.1,30230,148,467,7,1.5,0.56,3833|9639|10592|11200|54617|84142|84861,KIFC1|ARHGEF10|SMC2|CHEK2|INO80|ABRAXAS1|KLHL22,-1.1
MyList,Reactome Gene Sets,6,R-HSA-162587,HIV Life Cycle,,-2.1,3.1,3.1,30230,148,467,7,1.5,0.56,2068|2071|2968|3981|6908|23511|55706,ERCC2|ERCC3|GTF2H4|LIG4|TBP|NUP188|NDC1,-1.1
MyList,GO Biological Processes,19,GO:1902116,negative regulation of organelle assembly,19_GO:0048519 negative regulation of biological process,-2.1,5,3.6,30230,52,467,4,0.86,0.43,3985|8850|9638|115704,LIMK2|KAT2B|FEZ1|EVI5L,-1.1
MyList,GO Biological Processes,19,GO:0007254,JNK cascade,19_GO:0050896 response to stimulus,-2.1,5,3.6,30230,52,467,4,0.86,0.43,4615|5602|5609|51776,MYD88|MAPK10|MAP2K7|MAP3K20,-1.1
MyList,GO Biological Processes,19,GO:0032369,negative regulation of lipid transport,19_GO:0051179 localization,-2.1,5,3.6,30230,52,467,4,0.86,0.43,20|706|2182|6721,ABCA2|TSPO|ACSL4|SREBF2,-1.1
MyList,GO Biological Processes,19,GO:0043487,regulation of RNA stability,19_GO:0050789 regulation of biological process,-2.1,2.3,2.9,30230,306,467,11,2.4,0.7,4292|4615|5580|6041|9238|22868|23658|25819|27257|54542|167227,MLH1|MYD88|PRKCD|RNASEL|TBRG4|FASTKD2|LSM5|NOCT|LSM1|RC3H2|DCP2,-1.1
MyList,Reactome Gene Sets,6,R-HSA-388841,Regulation of T cell activation by CD28 family,,-2.1,2.4,3,30230,265,467,10,2.1,0.67,2353|5290|5563|51422|79109|79139|84061|142678|192670|253260,FOS|PIK3CA|PRKAA2|PRKAG2|MAPKAP1|DERL1|MAGT1|MIB2|AGO4|RICTOR,-1.1
MyList,KEGG Pathway,24,hsa04723,Retrograde endocannabinoid signaling,,-2.1,3,3.1,30230,149,467,7,1.5,0.56,2562|4540|4541|4706|5582|5602|6300,GABRB3|ND5|ND6|NDUFAB1|PRKCG|MAPK10|MAPK12,-1.1
MyList,GO Cellular Components,20,GO:0030136,clathrin-coated vesicle,,-2.1,2.6,3,30230,225,467,9,1.9,0.64,5286|5873|6845|9179|27072|51324|55062|92840|143425,PIK3C2A|RAB27A|VAMP7|AP4M1|VPS41|SPG21|WIPI1|REEP6|SYT9,-1.1
MyList,GO Biological Processes,19,GO:0042274,ribosomal small subunit biogenesis,19_GO:0009987 cellular process,-2.1,3.4,3.2,30230,114,467,6,1.3,0.52,2068|27292|51106|64745|81554|92856,ERCC2|DIMT1|TFB1M|METTL17|RCC1L|IMP4,-1.1
MyList,GO Cellular Components,20,GO:0030670,phagocytic vesicle membrane,,-2.1,3.9,3.3,30230,82,467,5,1.1,0.48,6845|23682|30849|200576|339122,VAMP7|RAB38|PIK3R4|PIKFYVE|RAB43,-1
MyList,GO Biological Processes,19,GO:2000377,regulation of reactive oxygen species metabolic process,19_GO:0050789 regulation of biological process,-2,3,3.1,30230,150,467,7,1.5,0.56,22|706|4504|5580|5581|5873|200576,ABCB7|TSPO|MT3|PRKCD|PRKCE|RAB27A|PIKFYVE,-1
MyList,Reactome Gene Sets,6,R-HSA-5223345,Miscellaneous transport and binding events,,-2,6.9,3.9,30230,28,467,3,0.64,0.37,56262|57380|84061,LRRC8A|MRS2|MAGT1,-1
MyList,Canonical Pathways,11,M252,PID IL8 CXCR1 PATHWAY,,-2,6.9,3.9,30230,28,467,3,0.64,0.37,5581|5582|9630,PRKCE|PRKCG|GNA14,-1
MyList,Canonical Pathways,11,M69,PID REELIN PATHWAY,,-2,6.9,3.9,30230,28,467,3,0.64,0.37,1600|5290|5609,DAB1|PIK3CA|MAP2K7,-1
MyList,GO Biological Processes,19,GO:0090335,regulation of brown fat cell differentiation,19_GO:0032502 developmental process,-2,6.9,3.9,30230,28,467,3,0.64,0.37,23411|51043|201163,SIRT1|ZBTB7B|FLCN,-1
MyList,WikiPathways,27,WP3851,TLR4 signaling and tolerance,,-2,6.9,3.9,30230,28,467,3,0.64,0.37,3551|4615|10454,IKBKB|MYD88|TAB1,-1
MyList,GO Biological Processes,19,GO:0008334,histone mRNA metabolic process,19_GO:0009987 cellular process,-2,6.9,3.9,30230,28,467,3,0.64,0.37,27257|55149|167227,LSM1|MTPAP|DCP2,-1
MyList,GO Biological Processes,19,GO:0071480,cellular response to gamma radiation,19_GO:0050896 response to stimulus,-2,6.9,3.9,30230,28,467,3,0.64,0.37,1958|11200|51776,EGR1|CHEK2|MAP3K20,-1
MyList,GO Biological Processes,19,GO:0032366,intracellular sterol transport,19_GO:0051179 localization,-2,6.9,3.9,30230,28,467,3,0.64,0.37,9885|51542|57655,OSBPL2|VPS54|GRAMD1A,-1
MyList,GO Biological Processes,19,GO:0002360,T cell lineage commitment,19_GO:0002376 immune system process,-2,6.9,3.9,30230,28,467,3,0.64,0.37,673|1540|6778,BRAF|CYLD|STAT6,-1
MyList,GO Biological Processes,19,GO:0032511,late endosome to vacuole transport via multivesicular body sorting pathway,19_GO:0051179 localization,-2,6.9,3.9,30230,28,467,3,0.64,0.37,757|23484|23585,TMEM50B|LEPROTL1|TMEM50A,-1
MyList,GO Biological Processes,19,GO:0072329,monocarboxylic acid catabolic process,19_GO:0009987 cellular process,-2,3.4,3.2,30230,115,467,6,1.3,0.52,8310|10478|11001|23175|84129|197257,ACOX3|SLC25A17|SLC27A2|LPIN1|ACAD11|LDHD,-1
MyList,GO Biological Processes,19,GO:1901570,fatty acid derivative biosynthetic process,19_GO:0009987 cellular process,-2,4.9,3.5,30230,53,467,4,0.86,0.43,2182|9374|11001|197322,ACSL4|PPT2|SLC27A2|ACSF3,-1
MyList,GO Biological Processes,19,GO:0015931,nucleobase-containing compound transport,19_GO:0051179 localization,-2,2.6,3,30230,227,467,9,1.9,0.64,2733|10478|23049|23511|29107|55706|56262|114789|144983,GLE1|SLC25A17|SMG1|NUP188|NXT1|NDC1|LRRC8A|SLC25A25|HNRNPA1L2,-1
MyList,GO Biological Processes,19,GO:0071826,protein-RNA complex organization,19_GO:0009987 cellular process,-2,2.4,2.9,30230,268,467,10,2.1,0.67,4706|4931|8225|22868|23405|23658|51106|64745|81554|192670,NDUFAB1|NVL|GTPBP6|FASTKD2|DICER1|LSM5|TFB1M|METTL17|RCC1L|AGO4,-1
MyList,Reactome Gene Sets,6,R-HSA-381340,Transcriptional regulation of white adipocyte differentiation,,-2,3.9,3.3,30230,83,467,5,1.1,0.48,1052|1959|6721|6837|9439,CEBPD|EGR2|SREBF2|MED22|MED23,-1
MyList,GO Cellular Components,20,GO:0099568,cytoplasmic region,,-2,2.2,2.8,30230,353,467,12,2.6,0.73,2899|5311|9742|9885|10239|22920|26160|30849|55638|57560|79809|80128,GRIK3|PKD2|IFT140|OSBPL2|AP3S2|KIFAP3|IFT172|PIK3R4|SYBU|IFT80|TTC21B|TRIM46,-1
MyList,GO Cellular Components,20,GO:0098562,cytoplasmic side of membrane,,-2,2.6,3,30230,228,467,9,1.9,0.64,1540|3551|4615|5311|9517|9630|9885|22821|29880,CYLD|IKBKB|MYD88|PKD2|SPTLC2|GNA14|OSBPL2|RASA3|ALG5,-1
MyList,GO Biological Processes,19,GO:0042632,cholesterol homeostasis,19_GO:0042592 homeostatic process,-2,3.3,3.2,30230,116,467,6,1.3,0.52,20|706|6095|6721|23411|23461,ABCA2|TSPO|RORA|SREBF2|SIRT1|ABCA5,-1
MyList,GO Biological Processes,19,GO:0002252,immune effector process,19_GO:0002376 immune system process,-2,2,2.8,30230,488,467,15,3.2,0.82,3981|3988|4292|4615|5580|5581|5873|6095|6778|6845|7374|7410|10451|54542|440275,LIG4|LIPA|MLH1|MYD88|PRKCD|PRKCE|RAB27A|RORA|STAT6|VAMP7|UNG|VAV2|VAV3|RC3H2|EIF2AK4,-1
MyList,GO Biological Processes,19,GO:0000819,sister chromatid segregation,19_GO:0009987 cellular process,-2,3,3.1,30230,152,467,7,1.5,0.56,3833|9639|10592|11200|54617|84142|84861,KIFC1|ARHGEF10|SMC2|CHEK2|INO80|ABRAXAS1|KLHL22,-1
MyList,Canonical Pathways,11,M256,PID TAP63 PATHWAY,,-2,4.8,3.5,30230,54,467,4,0.86,0.43,1959|3551|5580|23405,EGR2|IKBKB|PRKCD|DICER1,-1
MyList,WikiPathways,27,WP5510,16p12 2 copy number variation syndrome 520kb,,-2,4.8,3.5,30230,54,467,4,0.86,0.43,5563|6300|10975|51422,PRKAA2|MAPK12|UQCR11|PRKAG2,-1
MyList,GO Biological Processes,19,GO:0060119,inner ear receptor cell development,19_GO:0032502 developmental process,-2,4.8,3.5,30230,54,467,4,0.86,0.43,2562|8100|90410|123016,GABRB3|IFT88|IFT20|TTC8,-1
MyList,Reactome Gene Sets,6,R-HSA-5668914,Diseases of metabolism,,-2,2.4,2.9,30230,270,467,10,2.1,0.67,21|1798|10195|10585|29929|29954|55624|56922|91869|113612,ABCA3|DPAGT1|ALG3|POMT1|ALG6|POMT2|POMGNT1|MCCC1|RFT1|CYP2U1,-1
MyList,GO Cellular Components,20,GO:1902493,acetyltransferase complex,,-2,3.3,3.1,30230,117,467,6,1.3,0.52,8850|23522|25842|54799|55167|80314,KAT2B|KAT6B|ASF1A|MBTD1|MSL2|EPC1,-1
MyList,GO Cellular Components,20,GO:0030880,RNA polymerase complex,,-2,3.3,3.1,30230,117,467,6,1.3,0.52,2068|2071|2968|6908|55703|57169,ERCC2|ERCC3|GTF2H4|TBP|POLR3B|ZNFX1,-1
MyList,Reactome Gene Sets,6,R-HSA-1989781,PPARA activates gene expression,,-2,3.3,3.1,30230,117,467,6,1.3,0.52,406|6095|6721|6837|9439|9915,BMAL1|RORA|SREBF2|MED22|MED23|ARNT2,-1
MyList,GO Biological Processes,19,GO:0055092,sterol homeostasis,19_GO:0042592 homeostatic process,-2,3.3,3.1,30230,117,467,6,1.3,0.52,20|706|6095|6721|23411|23461,ABCA2|TSPO|RORA|SREBF2|SIRT1|ABCA5,-1
MyList,GO Biological Processes,19,GO:0032370,positive regulation of lipid transport,19_GO:0051179 localization,-2,3.9,3.3,30230,84,467,5,1.1,0.48,21|10162|23411|23461|51761,ABCA3|LPCAT3|SIRT1|ABCA5|ATP8A2,-1
MyList,GO Biological Processes,19,GO:0007422,peripheral nervous system development,19_GO:0032502 developmental process,-2,3.9,3.3,30230,84,467,5,1.1,0.48,1959|3611|9639|23405|91137,EGR2|ILK|ARHGEF10|DICER1|SLC25A46,-1
MyList,GO Biological Processes,19,GO:0034620,cellular response to unfolded protein,19_GO:0050896 response to stimulus,-2,3.9,3.3,30230,84,467,5,1.1,0.48,23411|23456|51360|79139|339487,SIRT1|ABCB10|MBTPS2|DERL1|ZBTB8OS,-1
MyList,Reactome Gene Sets,6,R-HSA-5653656,Vesicle-mediated transport,,-2,1.8,2.7,30230,678,467,19,4.1,0.91,1121|3833|5286|5563|5873|6836|6845|8677|9179|9382|11154|22920|23682|51422|51542|58485|84342|143425|339122,CHM|KIFC1|PIK3C2A|PRKAA2|RAB27A|SURF4|VAMP7|STX10|AP4M1|COG1|AP4S1|KIFAP3|RAB38|PRKAG2|VPS54|TRAPPC1|COG8|SYT9|RAB43,-1
MyList,GO Biological Processes,19,GO:0010565,regulation of ketone metabolic process,19_GO:0050789 regulation of biological process,-2,3,3,30230,153,467,7,1.5,0.56,1958|8850|9926|23038|23411|51422|54704,EGR1|KAT2B|LPGAT1|WDTC1|SIRT1|PRKAG2|PDP1,-1
MyList,GO Biological Processes,19,GO:0006820,monoatomic anion transport,19_GO:0051179 localization,-2,3,3,30230,153,467,7,1.5,0.56,706|1185|1186|2562|9016|9481|56262,TSPO|CLCN6|CLCN7|GABRB3|SLC25A14|SLC25A27|LRRC8A,-1
MyList,GO Biological Processes,19,GO:2000319,regulation of T-helper 17 cell differentiation,19_GO:0002376 immune system process,-2,6.7,3.8,30230,29,467,3,0.64,0.37,3726|51043|54542,JUNB|ZBTB7B|RC3H2,-1
MyList,Canonical Pathways,11,M125,PID IGF1 PATHWAY,,-2,6.7,3.8,30230,29,467,3,0.64,0.37,5290|5580|5587,PIK3CA|PRKCD|PRKD1,-1
MyList,Reactome Gene Sets,6,R-HSA-2424491,DAP12 signaling,,-2,6.7,3.8,30230,29,467,3,0.64,0.37,5290|7410|10451,PIK3CA|VAV2|VAV3,-1
MyList,GO Biological Processes,19,GO:0000272,polysaccharide catabolic process,19_GO:0009987 cellular process,-2,6.7,3.8,30230,29,467,3,0.64,0.37,9821|26100|55062,RB1CC1|WIPI2|WIPI1,-1
MyList,WikiPathways,27,WP5200,Dravet syndrome,,-2,6.7,3.8,30230,29,467,3,0.64,0.37,5290|79109|253260,PIK3CA|MAPKAP1|RICTOR,-1
MyList,GO Biological Processes,19,GO:0006783,heme biosynthetic process,19_GO:0009987 cellular process,-2,6.7,3.8,30230,29,467,3,0.64,0.37,22|706|23456,ABCB7|TSPO|ABCB10,-1
MyList,Reactome Gene Sets,6,R-HSA-72086,mRNA Capping,,-2,6.7,3.8,30230,29,467,3,0.64,0.37,2068|2071|2968,ERCC2|ERCC3|GTF2H4,-1
MyList,GO Biological Processes,19,GO:0060384,innervation,19_GO:0032502 developmental process,-2,6.7,3.8,30230,29,467,3,0.64,0.37,2562|5582|26018,GABRB3|PRKCG|LRIG1,-1
MyList,WikiPathways,27,WP3972,PDGFR beta pathway,,-2,6.7,3.8,30230,29,467,3,0.64,0.37,2353|5290|6778,FOS|PIK3CA|STAT6,-1
MyList,GO Biological Processes,19,GO:0007423,sensory organ development,19_GO:0032502 developmental process,-2,1.8,2.7,30230,631,467,18,3.9,0.89,1052|2353|2562|3985|5145|8100|8736|9481|9742|9927|26018|51761|55764|57728|90410|114789|123016|140469,CEBPD|FOS|GABRB3|LIMK2|PDE6A|IFT88|MYOM1|SLC25A27|IFT140|MFN2|LRIG1|ATP8A2|IFT122|WDR19|IFT20|SLC25A25|TTC8|MYO3B,-1
MyList,GO Biological Processes,19,GO:0051960,regulation of nervous system development,19_GO:0032502 developmental process,-2,2,2.8,30230,445,467,14,3,0.79,406|673|706|1600|1959|3981|4504|5129|8882|10154|23175|23405|29882|80128,BMAL1|BRAF|TSPO|DAB1|EGR2|LIG4|MT3|CDK18|ZPR1|PLXNC1|LPIN1|DICER1|ANAPC2|TRIM46,-1
MyList_MCODE_ALL,GO Cellular Components,20,GO:0030991,intraciliary transport particle A,,-14,99,28,30230,23,106,8,7.5,2.6,8100|9742|26160|55764|57560|57728|79809|90410,IFT88|IFT140|IFT172|IFT122|IFT80|WDR19|TTC21B|IFT20,-11
MyList_MCODE_ALL,GO Cellular Components,20,GO:0030990,intraciliary transport particle,,-14,91,27,30230,25,106,8,7.5,2.6,8100|9742|26160|55764|57560|57728|79809|90410,IFT88|IFT140|IFT172|IFT122|IFT80|WDR19|TTC21B|IFT20,-11
MyList_MCODE_ALL,Reactome Gene Sets,6,R-HSA-2262752,Cellular responses to stress,,-13,8,12,30230,789,106,22,21,3.9,2353|4514|5563|5580|5602|5609|6095|9681|9817|10325|23511|27244|29882|55706|64121|64682|79726|84219|90423|167227|192670|729438,FOS|COX3|PRKAA2|PRKCD|MAPK10|MAP2K7|RORA|DEPDC5|KEAP1|RRAGB|NUP188|SESN1|ANAPC2|NDC1|RRAGC|ANAPC1|WDR59|WDR24|ATP6V1E2|DCP2|AGO4|CASTOR2,-11
MyList_MCODE_ALL,KEGG Pathway,24,hsa05208,Chemical carcinogenesis - reactive oxygen species,,-12,16,14,30230,227,106,13,12,3.2,673|2353|3551|4508|4514|4541|4706|5580|5587|5602|5609|9817|10975,BRAF|FOS|IKBKB|ATP6|COX3|ND6|NDUFAB1|PRKCD|PRKD1|MAPK10|MAP2K7|KEAP1|UQCR11,-9.2
MyList_MCODE_ALL,GO Cellular Components,20,GO:0031463,Cul3-RING ubiquitin ligase complex,,-12,37,18,30230,69,106,9,8.5,2.7,7126|9681|9817|26249|55958|57542|84078|84861|89890,TNFAIP1|DEPDC5|KEAP1|KLHL3|KLHL9|KLHL42|KBTBD7|KLHL22|KBTBD6,-9
MyList_MCODE_ALL,GO Biological Processes,19,GO:0009267,cellular response to starvation,19_GO:0050896 response to stimulus,-11,18,14,30230,193,106,12,11,3.1,2353|5563|5587|6845|9681|10325|27244|51422|64121|79726|84219|90550,FOS|PRKAA2|PRKD1|VAMP7|DEPDC5|RRAGB|SESN1|PRKAG2|RRAGC|WDR59|WDR24|MCU,-8.8
MyList_MCODE_ALL,GO Cellular Components,20,GO:0097542,ciliary tip,,-11,45,19,30230,51,106,8,7.5,2.6,8100|9742|26160|55764|57560|57728|79809|90410,IFT88|IFT140|IFT172|IFT122|IFT80|WDR19|TTC21B|IFT20,-8.5
MyList_MCODE_ALL,KEGG Pathway,24,hsa04150,mTOR signaling pathway,,-11,20,14,30230,158,106,11,10,3,673|3551|5563|5582|9681|10325|64121|79726|84219|90423|729438,BRAF|IKBKB|PRKAA2|PRKCG|DEPDC5|RRAGB|RRAGC|WDR59|WDR24|ATP6V1E2|CASTOR2,-8.5
MyList_MCODE_ALL,Reactome Gene Sets,6,R-HSA-5620924,Intraflagellar transport,,-11,42,18,30230,54,106,8,7.5,2.6,8100|9742|26160|55764|57560|57728|79809|90410,IFT88|IFT140|IFT172|IFT122|IFT80|WDR19|TTC21B|IFT20,-8.3
MyList_MCODE_ALL,GO Biological Processes,19,GO:0042073,intraciliary transport,19_GO:0051179 localization,-11,42,18,30230,54,106,8,7.5,2.6,8100|9742|26160|55764|57560|57728|79809|90410,IFT88|IFT140|IFT172|IFT122|IFT80|WDR19|TTC21B|IFT20,-8.3
MyList_MCODE_ALL,Reactome Gene Sets,6,R-HSA-9639288,Amino acids regulate mTORC1,,-11,41,18,30230,55,106,8,7.5,2.6,9681|10325|27244|64121|79726|84219|90423|729438,DEPDC5|RRAGB|SESN1|RRAGC|WDR59|WDR24|ATP6V1E2|CASTOR2,-8.3
MyList_MCODE_ALL,GO Biological Processes,19,GO:0042594,response to starvation,19_GO:0050896 response to stimulus,-10,15,12,30230,232,106,12,11,3.1,2353|5563|5587|6845|9681|10325|27244|51422|64121|79726|84219|90550,FOS|PRKAA2|PRKD1|VAMP7|DEPDC5|RRAGB|SESN1|PRKAG2|RRAGC|WDR59|WDR24|MCU,-8
MyList_MCODE_ALL,GO Biological Processes,19,GO:0031669,cellular response to nutrient levels,19_GO:0050896 response to stimulus,-10,14,12,30230,251,106,12,11,3.1,2353|5563|5587|6845|9681|10325|27244|51422|64121|79726|84219|90550,FOS|PRKAA2|PRKD1|VAMP7|DEPDC5|RRAGB|SESN1|PRKAG2|RRAGC|WDR59|WDR24|MCU,-7.7
MyList_MCODE_ALL,GO Biological Processes,19,GO:1903432,regulation of TORC1 signaling,19_GO:0050896 response to stimulus,-10,25,15,30230,102,106,9,8.5,2.7,5563|9681|10325|27244|64121|79726|84219|84861|729438,PRKAA2|DEPDC5|RRAGB|SESN1|RRAGC|WDR59|WDR24|KLHL22|CASTOR2,-7.7
MyList_MCODE_ALL,WikiPathways,27,WP4536,Genes related to primary cilium development based on CRISPR,,-9.9,25,14,30230,104,106,9,8.5,2.7,8100|9742|26160|55764|57560|57728|79809|90410|123016,IFT88|IFT140|IFT172|IFT122|IFT80|WDR19|TTC21B|IFT20|TTC8,-7.6
MyList_MCODE_ALL,Reactome Gene Sets,6,R-HSA-3700989,Transcriptional Regulation by TP53,,-9.5,11,11,30230,348,106,13,12,3.2,2068|2071|2353|2968|4292|4514|5563|6908|10325|27244|51422|64121|192670,ERCC2|ERCC3|FOS|GTF2H4|MLH1|COX3|PRKAA2|TBP|RRAGB|SESN1|PRKAG2|RRAGC|AGO4,-7.2
MyList_MCODE_ALL,Reactome Gene Sets,6,R-HSA-1852241,Organelle biogenesis and maintenance,,-9.2,12,11,30230,297,106,12,11,3.1,4508|5563|8100|9742|26160|51422|55764|57560|57728|79809|90410|123016,ATP6|PRKAA2|IFT88|IFT140|IFT172|PRKAG2|IFT122|IFT80|WDR19|TTC21B|IFT20|TTC8,-7
MyList_MCODE_ALL,CORUM,33,CORUM:6585,Intraflagellar transport complex A,,-9.1,2.3e+02,30,30230,5,106,4,3.8,1.9,9742|55764|57728|79809,IFT140|IFT122|WDR19|TTC21B,-6.9
MyList_MCODE_ALL,GO Biological Processes,19,GO:0034198,cellular response to amino acid starvation,19_GO:0050896 response to stimulus,-9.1,38,16,30230,53,106,7,6.6,2.4,5587|9681|10325|27244|64121|79726|84219,PRKD1|DEPDC5|RRAGB|SESN1|RRAGC|WDR59|WDR24,-6.9
MyList_MCODE_ALL,GO Biological Processes,19,GO:1990928,response to amino acid starvation,19_GO:0050896 response to stimulus,-9,36,16,30230,55,106,7,6.6,2.4,5587|9681|10325|27244|64121|79726|84219,PRKD1|DEPDC5|RRAGB|SESN1|RRAGC|WDR59|WDR24,-6.8
MyList_MCODE_ALL,GO Cellular Components,20,GO:0035859,Seh1-associated complex,,-8.9,95,22,30230,15,106,5,4.7,2.1,9681|27244|79726|84219|729438,DEPDC5|SESN1|WDR59|WDR24|CASTOR2,-6.7
MyList_MCODE_ALL,GO Biological Processes,19,GO:0038093,Fc receptor signaling pathway,19_GO:0002376 immune system process,-8.8,34,15,30230,59,106,7,6.6,2.4,3551|5580|5581|5602|5609|7410|10451,IKBKB|PRKCD|PRKCE|MAPK10|MAP2K7|VAV2|VAV3,-6.6
MyList_MCODE_ALL,GO Biological Processes,19,GO:0141124,intracellular signaling cassette,19_GO:0050896 response to stimulus,-8.6,6.1,8.7,30230,793,106,17,16,3.6,673|1052|2353|3551|3726|3988|5580|5587|5602|5609|7410|9138|10451|10454|57560|64121|90550,BRAF|CEBPD|FOS|IKBKB|JUNB|LIPA|PRKCD|PRKD1|MAPK10|MAP2K7|VAV2|ARHGEF1|VAV3|TAB1|IFT80|RRAGC|MCU,-6.5
MyList_MCODE_ALL,GO Cellular Components,20,GO:0031461,cullin-RING ubiquitin ligase complex,,-8.5,11,10,30230,273,106,11,10,3,7126|9681|9817|26249|29882|55958|57542|64682|84078|84861|89890,TNFAIP1|DEPDC5|KEAP1|KLHL3|ANAPC2|KLHL9|KLHL42|ANAPC1|KBTBD7|KLHL22|KBTBD6,-6.4
MyList_MCODE_ALL,GO Biological Processes,19,GO:0035720,intraciliary anterograde transport,19_GO:0051179 localization,-8.4,79,20,30230,18,106,5,4.7,2.1,8100|26160|55764|57560|90410,IFT88|IFT172|IFT122|IFT80|IFT20,-6.3
MyList_MCODE_ALL,GO Biological Processes,19,GO:0032006,regulation of TOR signaling,19_GO:0050896 response to stimulus,-8.3,16,11,30230,160,106,9,8.5,2.7,5563|9681|10325|27244|64121|79726|84219|84861|729438,PRKAA2|DEPDC5|RRAGB|SESN1|RRAGC|WDR59|WDR24|KLHL22|CASTOR2,-6.2
MyList_MCODE_ALL,KEGG Pathway,24,hsa05014,Amyotrophic lateral sclerosis,,-8.1,9.2,9.5,30230,371,106,12,11,3.1,2733|4508|4514|4541|4706|9821|10975|23511|29107|55706|60673|90550,GLE1|ATP6|COX3|ND6|NDUFAB1|RB1CC1|UQCR11|NUP188|NXT1|NDC1|ATG101|MCU,-6.1
MyList_MCODE_ALL,GO Biological Processes,19,GO:0010506,regulation of autophagy,19_GO:0050789 regulation of biological process,-8.1,9.2,9.4,30230,374,106,12,11,3.1,5563|5587|9681|9817|9821|10325|27244|60673|64121|84219|84861|90423,PRKAA2|PRKD1|DEPDC5|KEAP1|RB1CC1|RRAGB|SESN1|ATG101|RRAGC|WDR24|KLHL22|ATP6V1E2,-6
MyList_MCODE_ALL,GO Cellular Components,20,GO:1902911,protein kinase complex,,-8,15,11,30230,172,106,9,8.5,2.7,2068|2071|2968|3551|5563|9821|10454|51422|60673,ERCC2|ERCC3|GTF2H4|IKBKB|PRKAA2|RB1CC1|TAB1|PRKAG2|ATG101,-6
MyList_MCODE_ALL,KEGG Pathway,24,hsa05010,Alzheimer disease,,-7.9,8.8,9.2,30230,391,106,12,11,3.1,673|3551|4508|4514|4541|4706|5602|5609|9821|10975|60673|90550,BRAF|IKBKB|ATP6|COX3|ND6|NDUFAB1|MAPK10|MAP2K7|RB1CC1|UQCR11|ATG101|MCU,-5.9
MyList_MCODE_ALL,Reactome Gene Sets,6,R-HSA-5628897,TP53 Regulates Metabolic Genes,,-7.8,24,13,30230,82,106,7,6.6,2.4,4514|5563|10325|27244|51422|64121|192670,COX3|PRKAA2|RRAGB|SESN1|PRKAG2|RRAGC|AGO4,-5.8
MyList_MCODE_ALL,GO Biological Processes,19,GO:0016567,protein ubiquitination,19_GO:0009987 cellular process,-7.7,6.7,8.4,30230,594,106,14,13,3.3,5192|7126|9817|26249|29882|55958|57448|57542|57560|64682|84078|84219|84861|89890,PEX10|TNFAIP1|KEAP1|KLHL3|ANAPC2|KLHL9|BIRC6|KLHL42|IFT80|ANAPC1|KBTBD7|WDR24|KLHL22|KBTBD6,-5.7
MyList_MCODE_ALL,GO Biological Processes,19,GO:0038095,Fc-epsilon receptor signaling pathway,19_GO:0002376 immune system process,-7.6,57,17,30230,25,106,5,4.7,2.1,3551|5602|5609|7410|10451,IKBKB|MAPK10|MAP2K7|VAV2|VAV3,-5.6
MyList_MCODE_ALL,GO Cellular Components,20,GO:0061695,"transferase complex, transferring phosphorus-containing groups",,-7.6,9.5,9.2,30230,331,106,11,10,3,2068|2071|2968|3551|5563|6908|9821|10454|51422|55703|60673,ERCC2|ERCC3|GTF2H4|IKBKB|PRKAA2|TBP|RB1CC1|TAB1|PRKAG2|POLR3B|ATG101,-5.6
MyList_MCODE_ALL,GO Biological Processes,19,GO:1904262,negative regulation of TORC1 signaling,19_GO:0048519 negative regulation of biological process,-7.6,34,14,30230,51,106,6,5.7,2.2,5563|9681|27244|79726|84219|729438,PRKAA2|DEPDC5|SESN1|WDR59|WDR24|CASTOR2,-5.6
MyList_MCODE_ALL,GO Cellular Components,20,GO:0000151,ubiquitin ligase complex,,-7.6,8.3,8.8,30230,414,106,12,11,3.1,5192|7126|9681|9817|26249|29882|55958|57542|64682|84078|84861|89890,PEX10|TNFAIP1|DEPDC5|KEAP1|KLHL3|ANAPC2|KLHL9|KLHL42|ANAPC1|KBTBD7|KLHL22|KBTBD6,-5.6
MyList_MCODE_ALL,WikiPathways,27,WP5234,Bardet Biedl syndrome,,-7.6,23,12,30230,88,106,7,6.6,2.4,9742|26160|55764|57560|57728|79809|123016,IFT140|IFT172|IFT122|IFT80|WDR19|TTC21B|TTC8,-5.6
MyList_MCODE_ALL,GO Biological Processes,19,GO:0031667,response to nutrient levels,19_GO:0050896 response to stimulus,-7.5,7.3,8.5,30230,509,106,13,12,3.2,2353|3988|5563|5587|6845|9681|10325|27244|51422|64121|79726|84219|90550,FOS|LIPA|PRKAA2|PRKD1|VAMP7|DEPDC5|RRAGB|SESN1|PRKAG2|RRAGC|WDR59|WDR24|MCU,-5.6
MyList_MCODE_ALL,KEGG Pathway,24,hsa05135,Yersinia infection,,-7.5,17,11,30230,138,106,8,7.5,2.6,2353|3551|5602|5609|7410|9138|10451|10454,FOS|IKBKB|MAPK10|MAP2K7|VAV2|ARHGEF1|VAV3|TAB1,-5.5
MyList_MCODE_ALL,Reactome Gene Sets,6,R-HSA-5617833,Cilium Assembly,,-7.4,13,9.9,30230,201,106,9,8.5,2.7,8100|9742|26160|55764|57560|57728|79809|90410|123016,IFT88|IFT140|IFT172|IFT122|IFT80|WDR19|TTC21B|IFT20|TTC8,-5.5
MyList_MCODE_ALL,GO Cellular Components,20,GO:0061700,GATOR2 complex,,-7.3,1e+02,20,30230,11,106,4,3.8,1.9,27244|79726|84219|729438,SESN1|WDR59|WDR24|CASTOR2,-5.4
MyList_MCODE_ALL,GO Biological Processes,19,GO:1905515,non-motile cilium assembly,19_GO:0009987 cellular process,-7.3,30,13,30230,57,106,6,5.7,2.2,8100|9742|26160|55764|57560|123016,IFT88|IFT140|IFT172|IFT122|IFT80|TTC8,-5.4
MyList_MCODE_ALL,GO Cellular Components,20,GO:0090575,RNA polymerase II transcription regulator complex,,-7.3,10,9.2,30230,277,106,10,9.4,2.8,1052|2068|2071|2353|2968|3726|6778|6837|6908|9439,CEBPD|ERCC2|ERCC3|FOS|GTF2H4|JUNB|STAT6|MED22|TBP|MED23,-5.4
MyList_MCODE_ALL,GO Biological Processes,19,GO:0009896,positive regulation of catabolic process,19_GO:0048518 positive regulation of biological process,-7.2,6.2,7.9,30230,645,106,14,13,3.3,4292|5563|5580|5581|5587|9681|9817|9821|23658|27244|27257|60673|84219|167227,MLH1|PRKAA2|PRKCD|PRKCE|PRKD1|DEPDC5|KEAP1|RB1CC1|LSM5|SESN1|LSM1|ATG101|WDR24|DCP2,-5.3
MyList_MCODE_ALL,WikiPathways,27,WP4666,Hepatitis B infection,,-7.2,15,10,30230,152,106,8,7.5,2.6,673|2353|3551|5582|5602|5609|6778|10454,BRAF|FOS|IKBKB|PRKCG|MAPK10|MAP2K7|STAT6|TAB1,-5.3
MyList_MCODE_ALL,KEGG Pathway,24,hsa04932,Non-alcoholic fatty liver disease,,-7.1,15,10,30230,157,106,8,7.5,2.6,2353|3551|4514|4706|5563|5602|10975|51422,FOS|IKBKB|COX3|NDUFAB1|PRKAA2|MAPK10|UQCR11|PRKAG2,-5.2
MyList_MCODE_ALL,Reactome Gene Sets,6,R-HSA-9711097,Cellular response to starvation,,-7.1,15,10,30230,157,106,8,7.5,2.6,9681|10325|27244|64121|79726|84219|90423|729438,DEPDC5|RRAGB|SESN1|RRAGC|WDR59|WDR24|ATP6V1E2|CASTOR2,-5.2
MyList_MCODE_ALL,Reactome Gene Sets,6,R-HSA-2871796,FCERI mediated MAPK activation,,-7,45,15,30230,32,106,5,4.7,2.1,2353|5602|5609|7410|10451,FOS|MAPK10|MAP2K7|VAV2|VAV3,-5.2
MyList_MCODE_ALL,GO Biological Processes,19,GO:0032446,protein modification by small protein conjugation,19_GO:0009987 cellular process,-7,6,7.7,30230,671,106,14,13,3.3,5192|7126|9817|26249|29882|55958|57448|57542|57560|64682|84078|84219|84861|89890,PEX10|TNFAIP1|KEAP1|KLHL3|ANAPC2|KLHL9|BIRC6|KLHL42|IFT80|ANAPC1|KBTBD7|WDR24|KLHL22|KBTBD6,-5.1
MyList_MCODE_ALL,GO Cellular Components,20,GO:0036064,ciliary basal body,,-7,11,9.3,30230,226,106,9,8.5,2.7,2733|5563|8100|9742|26160|55764|57560|90410|123016,GLE1|PRKAA2|IFT88|IFT140|IFT172|IFT122|IFT80|IFT20|TTC8,-5.1
MyList_MCODE_ALL,KEGG Pathway,24,hsa05161,Hepatitis B,,-6.9,14,9.9,30230,163,106,8,7.5,2.6,673|2353|3551|5582|5602|5609|6778|10454,BRAF|FOS|IKBKB|PRKCG|MAPK10|MAP2K7|STAT6|TAB1,-5.1
MyList_MCODE_ALL,KEGG Pathway,24,hsa05022,Pathways of neurodegeneration - multiple diseases,,-6.9,7.1,8,30230,483,106,12,11,3.1,673|4508|4514|4541|4706|5582|5602|5609|9821|10975|60673|90550,BRAF|ATP6|COX3|ND6|NDUFAB1|PRKCG|MAPK10|MAP2K7|RB1CC1|UQCR11|ATG101|MCU,-5
MyList_MCODE_ALL,Reactome Gene Sets,6,R-HSA-2454202,Fc epsilon receptor (FCERI) signaling,,-6.8,18,11,30230,113,106,7,6.6,2.4,2353|3551|5602|5609|7410|10451|10454,FOS|IKBKB|MAPK10|MAP2K7|VAV2|VAV3|TAB1,-5
MyList_MCODE_ALL,KEGG Pathway,24,hsa04140,Autophagy - animal,,-6.8,14,9.7,30230,169,106,8,7.5,2.6,5563|5580|5602|9821|10325|57448|60673|64121,PRKAA2|PRKCD|MAPK10|RB1CC1|RRAGB|BIRC6|ATG101|RRAGC,-5
MyList_MCODE_ALL,KEGG Pathway,24,hsa05016,Huntington disease,,-6.8,9.2,8.6,30230,311,106,10,9.4,2.8,4508|4514|4541|4706|5602|5609|6908|9821|10975|60673,ATP6|COX3|ND6|NDUFAB1|MAPK10|MAP2K7|TBP|RB1CC1|UQCR11|ATG101,-5
MyList_MCODE_ALL,CORUM,33,CORUM:6172,Intraflagellar transport complex B,,-6.7,76,17,30230,15,106,4,3.8,1.9,8100|26160|57560|90410,IFT88|IFT172|IFT80|IFT20,-4.9
MyList_MCODE_ALL,GO Biological Processes,19,GO:0010498,proteasomal protein catabolic process,19_GO:0009987 cellular process,-6.6,6.6,7.7,30230,516,106,12,11,3.1,5192|7126|9817|26249|29882|55958|57542|57560|64682|84078|84861|89890,PEX10|TNFAIP1|KEAP1|KLHL3|ANAPC2|KLHL9|KLHL42|IFT80|ANAPC1|KBTBD7|KLHL22|KBTBD6,-4.8
MyList_MCODE_ALL,GO Biological Processes,19,GO:0032007,negative regulation of TOR signaling,19_GO:0048519 negative regulation of biological process,-6.5,22,11,30230,77,106,6,5.7,2.2,5563|9681|27244|79726|84219|729438,PRKAA2|DEPDC5|SESN1|WDR59|WDR24|CASTOR2,-4.7
MyList_MCODE_ALL,GO Biological Processes,19,GO:0043161,proteasome-mediated ubiquitin-dependent protein catabolic process,19_GO:0009987 cellular process,-6.4,7.3,7.8,30230,431,106,11,10,3,5192|7126|9817|26249|29882|55958|57542|64682|84078|84861|89890,PEX10|TNFAIP1|KEAP1|KLHL3|ANAPC2|KLHL9|KLHL42|ANAPC1|KBTBD7|KLHL22|KBTBD6,-4.7
MyList_MCODE_ALL,WikiPathways,27,WP405,Eukaryotic transcription initiation,,-6.4,34,13,30230,42,106,5,4.7,2.1,2068|2071|2968|6908|55703,ERCC2|ERCC3|GTF2H4|TBP|POLR3B,-4.7
MyList_MCODE_ALL,GO Biological Processes,19,GO:0010970,transport along microtubule,19_GO:0051179 localization,-6.4,12,9,30230,190,106,8,7.5,2.6,8100|9742|26160|55764|57560|57728|79809|90410,IFT88|IFT140|IFT172|IFT122|IFT80|WDR19|TTC21B|IFT20,-4.7
MyList_MCODE_ALL,Canonical Pathways,11,M186,PID PDGFRB PATHWAY,,-6.4,15,9.8,30230,129,106,7,6.6,2.4,673|2353|5580|5581|5602|5609|7410,BRAF|FOS|PRKCD|PRKCE|MAPK10|MAP2K7|VAV2,-4.7
MyList_MCODE_ALL,GO Biological Processes,19,GO:0071277,cellular response to calcium ion,19_GO:0050896 response to stimulus,-6.4,21,11,30230,80,106,6,5.7,2.2,673|2353|3726|5563|221154|286097,BRAF|FOS|JUNB|PRKAA2|MICU2|MICU3,-4.6
MyList_MCODE_ALL,CORUM,33,CORUM:6174,Intraflagellar transport complex B peripheral subcomplex,,-6.4,1.7e+02,23,30230,5,106,3,2.8,1.6,26160|57560|90410,IFT172|IFT80|IFT20,-4.6
MyList_MCODE_ALL,GO Cellular Components,20,GO:0030992,intraciliary transport particle B,,-6.4,63,16,30230,18,106,4,3.8,1.9,8100|26160|57560|90410,IFT88|IFT172|IFT80|IFT20,-4.6
MyList_MCODE_ALL,GO Biological Processes,19,GO:0061512,protein localization to cilium,19_GO:0051179 localization,-6.3,21,11,30230,82,106,6,5.7,2.2,9742|55764|57560|57728|79809|90410,IFT140|IFT122|IFT80|WDR19|TTC21B|IFT20,-4.6
MyList_MCODE_ALL,GO Cellular Components,20,GO:0032391,photoreceptor connecting cilium,,-6.3,32,12,30230,44,106,5,4.7,2.1,9742|55764|57728|90410|123016,IFT140|IFT122|WDR19|IFT20|TTC8,-4.6
MyList_MCODE_ALL,GO Biological Processes,19,GO:0035721,intraciliary retrograde transport,19_GO:0051179 localization,-6.3,60,15,30230,19,106,4,3.8,1.9,9742|55764|57728|79809,IFT140|IFT122|WDR19|TTC21B,-4.5
MyList_MCODE_ALL,GO Biological Processes,19,GO:0120031,plasma membrane bounded cell projection assembly,19_GO:0009987 cellular process,-6.2,6.9,7.5,30230,456,106,11,10,3,7410|8100|9742|10451|26160|55764|57560|57728|79809|90410|123016,VAV2|IFT88|IFT140|VAV3|IFT172|IFT122|IFT80|WDR19|TTC21B|IFT20|TTC8,-4.5
MyList_MCODE_ALL,GO Biological Processes,19,GO:0070647,protein modification by small protein conjugation or removal,19_GO:0009987 cellular process,-6.2,5.1,6.9,30230,782,106,14,13,3.3,5192|7126|9817|26249|29882|55958|57448|57542|57560|64682|84078|84219|84861|89890,PEX10|TNFAIP1|KEAP1|KLHL3|ANAPC2|KLHL9|BIRC6|KLHL42|IFT80|ANAPC1|KBTBD7|WDR24|KLHL22|KBTBD6,-4.5
MyList_MCODE_ALL,Reactome Gene Sets,6,R-HSA-1280215,Cytokine Signaling in Immune system,,-6.2,5.1,6.9,30230,783,106,14,13,3.3,1052|2353|3551|3726|5580|5602|5609|6041|6095|6778|6845|10454|23511|55706,CEBPD|FOS|IKBKB|JUNB|PRKCD|MAPK10|MAP2K7|RNASEL|RORA|STAT6|VAMP7|TAB1|NUP188|NDC1,-4.5
MyList_MCODE_ALL,GO Biological Processes,19,GO:0051592,response to calcium ion,19_GO:0050896 response to stimulus,-6.2,14,9.3,30230,140,106,7,6.6,2.4,673|2353|3726|5563|51542|221154|286097,BRAF|FOS|JUNB|PRKAA2|VPS54|MICU2|MICU3,-4.5
MyList_MCODE_ALL,GO Cellular Components,20,GO:0005802,trans-Golgi network,,-6.2,9.2,8.1,30230,280,106,9,8.5,2.7,5587|6845|8677|9382|10079|51542|57448|84342|339122,PRKD1|VAMP7|STX10|COG1|ATP9A|VPS54|BIRC6|COG8|RAB43,-4.5
MyList_MCODE_ALL,KEGG Pathway,24,hsa05415,Diabetic cardiomyopathy,,-6.2,11,8.6,30230,205,106,8,7.5,2.6,4508|4514|4541|4706|5580|5582|5602|10975,ATP6|COX3|ND6|NDUFAB1|PRKCD|PRKCG|MAPK10|UQCR11,-4.5
MyList_MCODE_ALL,GO Biological Processes,19,GO:0006091,generation of precursor metabolites and energy,19_GO:0009987 cellular process,-6.2,7.8,7.7,30230,367,106,10,9.4,2.8,3988|4508|4514|4541|4706|9821|10975|51422|51542|90550,LIPA|ATP6|COX3|ND6|NDUFAB1|RB1CC1|UQCR11|PRKAG2|VPS54|MCU,-4.5
MyList_MCODE_ALL,KEGG Pathway,24,hsa05017,Spinocerebellar ataxia,,-6.1,14,9.2,30230,144,106,7,6.6,2.4,5582|5602|6095|6908|9821|60673|90550,PRKCG|MAPK10|RORA|TBP|RB1CC1|ATG101|MCU,-4.4
MyList_MCODE_ALL,Reactome Gene Sets,6,R-HSA-983169,Class I MHC mediated antigen processing & presentation,,-6.1,7.6,7.7,30230,373,106,10,9.4,2.8,3551|9817|26249|29882|55958|57542|64682|84078|84861|89890,IKBKB|KEAP1|KLHL3|ANAPC2|KLHL9|KLHL42|ANAPC1|KBTBD7|KLHL22|KBTBD6,-4.4
MyList_MCODE_ALL,WikiPathways,27,WP2637,Interleukin 1 IL 1 structural pathway,,-6.1,29,12,30230,49,106,5,4.7,2.1,2353|3551|5602|5609|10454,FOS|IKBKB|MAPK10|MAP2K7|TAB1,-4.4
MyList_MCODE_ALL,Reactome Gene Sets,6,R-HSA-6811440,Retrograde transport at the Trans-Golgi-Network,,-6.1,29,12,30230,49,106,5,4.7,2.1,8677|9382|51542|84342|339122,STX10|COG1|VPS54|COG8|RAB43,-4.4
MyList_MCODE_ALL,GO Biological Processes,19,GO:0030031,cell projection assembly,19_GO:0009987 cellular process,-6.1,6.7,7.4,30230,469,106,11,10,3,7410|8100|9742|10451|26160|55764|57560|57728|79809|90410|123016,VAV2|IFT88|IFT140|VAV3|IFT172|IFT122|IFT80|WDR19|TTC21B|IFT20|TTC8,-4.4
MyList_MCODE_ALL,Reactome Gene Sets,6,R-HSA-1632852,Macroautophagy,,-6.1,14,9.1,30230,145,106,7,6.6,2.4,5563|8100|9821|10325|51422|60673|64121,PRKAA2|IFT88|RB1CC1|RRAGB|PRKAG2|ATG101|RRAGC,-4.4
MyList_MCODE_ALL,GO Cellular Components,20,GO:1990246,uniplex complex,,-6.1,1.4e+02,21,30230,6,106,3,2.8,1.6,90550|221154|286097,MCU|MICU2|MICU3,-4.4
MyList_MCODE_ALL,GO Biological Processes,19,GO:0030705,cytoskeleton-dependent intracellular transport,19_GO:0051179 localization,-6,11,8.4,30230,214,106,8,7.5,2.6,8100|9742|26160|55764|57560|57728|79809|90410,IFT88|IFT140|IFT172|IFT122|IFT80|WDR19|TTC21B|IFT20,-4.4
MyList_MCODE_ALL,KEGG Pathway,24,hsa05170,Human immunodeficiency virus 1 infection,,-6,11,8.4,30230,214,106,8,7.5,2.6,2353|3551|5582|5602|5609|9582|10454|200316,FOS|IKBKB|PRKCG|MAPK10|MAP2K7|APOBEC3B|TAB1|APOBEC3F,-4.4
MyList_MCODE_ALL,Reactome Gene Sets,6,R-HSA-162587,HIV Life Cycle,,-6,13,9,30230,148,106,7,6.6,2.4,2068|2071|2968|3981|6908|23511|55706,ERCC2|ERCC3|GTF2H4|LIG4|TBP|NUP188|NDC1,-4.3
MyList_MCODE_ALL,KEGG Pathway,24,hsa05417,Lipid and atherosclerosis,,-6,11,8.4,30230,216,106,8,7.5,2.6,2353|3551|5602|5609|7410|9138|10451|10454,FOS|IKBKB|MAPK10|MAP2K7|VAV2|ARHGEF1|VAV3|TAB1,-4.3
MyList_MCODE_ALL,Reactome Gene Sets,6,R-HSA-983168,Antigen processing: Ubiquitination & Proteasome degradation,,-6,8.7,7.9,30230,296,106,9,8.5,2.7,9817|26249|29882|55958|57542|64682|84078|84861|89890,KEAP1|KLHL3|ANAPC2|KLHL9|KLHL42|ANAPC1|KBTBD7|KLHL22|KBTBD6,-4.3
MyList_MCODE_ALL,GO Biological Processes,19,GO:0050778,positive regulation of immune response,19_GO:0002376 immune system process,-6,5.3,6.8,30230,700,106,13,12,3.2,673|3551|3988|4292|5580|5581|5587|6778|7410|10451|10454|55703|84861,BRAF|IKBKB|LIPA|MLH1|PRKCD|PRKCE|PRKD1|STAT6|VAV2|VAV3|TAB1|POLR3B|KLHL22,-4.3
MyList_MCODE_ALL,GO Biological Processes,19,GO:0002433,immune response-regulating cell surface receptor signaling pathway involved in phagocytosis,19_GO:0002376 immune system process,-5.9,50,14,30230,23,106,4,3.8,1.9,5580|5581|7410|10451,PRKCD|PRKCE|VAV2|VAV3,-4.3
MyList_MCODE_ALL,GO Biological Processes,19,GO:0038096,Fc-gamma receptor signaling pathway involved in phagocytosis,19_GO:0002376 immune system process,-5.9,50,14,30230,23,106,4,3.8,1.9,5580|5581|7410|10451,PRKCD|PRKCE|VAV2|VAV3,-4.3
MyList_MCODE_ALL,GO Biological Processes,19,GO:0048193,Golgi vesicle transport,19_GO:0051179 localization,-5.9,8.5,7.8,30230,303,106,9,8.5,2.7,5587|6845|8677|9382|10079|51542|84342|134957|339122,PRKD1|VAMP7|STX10|COG1|ATP9A|VPS54|COG8|STXBP5|RAB43,-4.2
MyList_MCODE_ALL,GO Biological Processes,19,GO:0006352,DNA-templated transcription initiation,19_GO:0009987 cellular process,-5.9,10,8.2,30230,225,106,8,7.5,2.6,2068|2071|2968|6837|6908|9439|55703|200316,ERCC2|ERCC3|GTF2H4|MED22|TBP|MED23|POLR3B|APOBEC3F,-4.2
MyList_MCODE_ALL,GO Biological Processes,19,GO:0015980,energy derivation by oxidation of organic compounds,19_GO:0009987 cellular process,-5.9,8.4,7.7,30230,305,106,9,8.5,2.7,3988|4508|4514|4541|4706|9821|10975|51422|51542,LIPA|ATP6|COX3|ND6|NDUFAB1|RB1CC1|UQCR11|PRKAG2|VPS54,-4.2
MyList_MCODE_ALL,CORUM,33,CORUM:103,RNA polymerase II holoenzyme complex,,-5.8,48,14,30230,24,106,4,3.8,1.9,2068|2071|2968|6908,ERCC2|ERCC3|GTF2H4|TBP,-4.2
MyList_MCODE_ALL,Reactome Gene Sets,6,R-HSA-5610787,Hedgehog 'off' state,,-5.8,17,9.6,30230,100,106,6,5.7,2.2,8100|9742|26160|55764|57728|79809,IFT88|IFT140|IFT172|IFT122|WDR19|TTC21B,-4.2
MyList_MCODE_ALL,GO Cellular Components,20,GO:1902554,serine/threonine protein kinase complex,,-5.8,13,8.7,30230,158,106,7,6.6,2.4,2068|2071|2968|3551|9821|10454|60673,ERCC2|ERCC3|GTF2H4|IKBKB|RB1CC1|TAB1|ATG101,-4.2
MyList_MCODE_ALL,WikiPathways,27,WP5381,Smith Magenis and Potocki Lupski syndrome copy number variation,,-5.8,13,8.7,30230,159,106,7,6.6,2.4,8100|9821|26160|51422|57560|60673|90410,IFT88|RB1CC1|IFT172|PRKAG2|IFT80|ATG101|IFT20,-4.2
MyList_MCODE_ALL,GO Biological Processes,19,GO:1904263,positive regulation of TORC1 signaling,19_GO:0048518 positive regulation of biological process,-5.8,25,11,30230,56,106,5,4.7,2.1,10325|64121|79726|84219|84861,RRAGB|RRAGC|WDR59|WDR24|KLHL22,-4.2
MyList_MCODE_ALL,Reactome Gene Sets,6,R-HSA-9612973,Autophagy,,-5.8,12,8.6,30230,160,106,7,6.6,2.4,5563|8100|9821|10325|51422|60673|64121,PRKAA2|IFT88|RB1CC1|RRAGB|PRKAG2|ATG101|RRAGC,-4.2
MyList_MCODE_ALL,GO Biological Processes,19,GO:0006351,DNA-templated transcription,19_GO:0009987 cellular process,-5.8,6.2,7,30230,503,106,11,10,3,1052|2068|2071|2353|2968|6837|6908|9439|55703|64121|200316,CEBPD|ERCC2|ERCC3|FOS|GTF2H4|MED22|TBP|MED23|POLR3B|RRAGC|APOBEC3F,-4.1
MyList_MCODE_ALL,WikiPathways,27,WP5523,HINT1 pathway,,-5.8,46,13,30230,25,106,4,3.8,1.9,2068|2071|2353|2968,ERCC2|ERCC3|FOS|GTF2H4,-4.1
MyList_MCODE_ALL,GO Biological Processes,19,GO:0002431,Fc receptor mediated stimulatory signaling pathway,19_GO:0002376 immune system process,-5.8,46,13,30230,25,106,4,3.8,1.9,5580|5581|7410|10451,PRKCD|PRKCE|VAV2|VAV3,-4.1
MyList_MCODE_ALL,WikiPathways,27,WP5501,GNAQ p R183Q drives capillary malformation,,-5.8,46,13,30230,25,106,4,3.8,1.9,5580|5581|5582|5587,PRKCD|PRKCE|PRKCG|PRKD1,-4.1
MyList_MCODE_ALL,GO Biological Processes,19,GO:0010508,positive regulation of autophagy,19_GO:0048518 positive regulation of biological process,-5.7,12,8.5,30230,163,106,7,6.6,2.4,5563|5587|9681|9821|27244|60673|84219,PRKAA2|PRKD1|DEPDC5|RB1CC1|SESN1|ATG101|WDR24,-4.1
MyList_MCODE_ALL,KEGG Pathway,24,hsa04714,Thermogenesis,,-5.7,9.7,7.9,30230,235,106,8,7.5,2.6,2182|4508|4514|4541|4706|5563|10975|51422,ACSL4|ATP6|COX3|ND6|NDUFAB1|PRKAA2|UQCR11|PRKAG2,-4.1
MyList_MCODE_ALL,GO Biological Processes,19,GO:0099111,microtubule-based transport,19_GO:0051179 localization,-5.7,9.6,7.9,30230,237,106,8,7.5,2.6,8100|9742|26160|55764|57560|57728|79809|90410,IFT88|IFT140|IFT172|IFT122|IFT80|WDR19|TTC21B|IFT20,-4.1
MyList_MCODE_ALL,CORUM,33,CORUM:2825,BRCA1-RNA polymerase II complex,,-5.7,44,13,30230,26,106,4,3.8,1.9,2068|2071|2968|6908,ERCC2|ERCC3|GTF2H4|TBP,-4.1
MyList_MCODE_ALL,Reactome Gene Sets,6,R-HSA-8953854,Metabolism of RNA,,-5.7,5,6.5,30230,742,106,13,12,3.2,2068|2071|2733|2968|5580|9582|23511|23658|27257|29107|55706|80324|167227,ERCC2|ERCC3|GLE1|GTF2H4|PRKCD|APOBEC3B|NUP188|LSM5|LSM1|NXT1|NDC1|PUS1|DCP2,-4.1
MyList_MCODE_ALL,GO Biological Processes,19,GO:0072522,purine-containing compound biosynthetic process,19_GO:0009987 cellular process,-5.7,9.5,7.9,30230,239,106,8,7.5,2.6,2182|3988|4508|4541|4706|26289|51422|197322,ACSL4|LIPA|ATP6|ND6|NDUFAB1|AK5|PRKAG2|ACSF3,-4.1
MyList_MCODE_ALL,CORUM,33,CORUM:6217,GATOR complex,,-5.6,1.1e+02,18,30230,8,106,3,2.8,1.6,9681|79726|84219,DEPDC5|WDR59|WDR24,-4
MyList_MCODE_ALL,WikiPathways,27,WP4532,Intraflagellar transport proteins binding to dynein,,-5.6,42,13,30230,27,106,4,3.8,1.9,9742|55764|57560|57728,IFT140|IFT122|IFT80|WDR19,-4
MyList_MCODE_ALL,KEGG Pathway,24,hsa04931,Insulin resistance,,-5.6,16,9.1,30230,109,106,6,5.7,2.2,3551|5563|5580|5581|5602|51422,IKBKB|PRKAA2|PRKCD|PRKCE|MAPK10|PRKAG2,-4
MyList_MCODE_ALL,Reactome Gene Sets,6,R-HSA-6796648,TP53 Regulates Transcription of DNA Repair Genes,,-5.6,23,10,30230,62,106,5,4.7,2.1,2068|2071|2353|2968|4292,ERCC2|ERCC3|FOS|GTF2H4|MLH1,-4
MyList_MCODE_ALL,WikiPathways,27,WP382,MAPK signaling,,-5.6,9.2,7.7,30230,247,106,8,7.5,2.6,673|2353|3551|5580|5582|5602|5609|10454,BRAF|FOS|IKBKB|PRKCD|PRKCG|MAPK10|MAP2K7|TAB1,-4
MyList_MCODE_ALL,GO Biological Processes,19,GO:0006367,transcription initiation at RNA polymerase II promoter,19_GO:0009987 cellular process,-5.6,12,8.2,30230,173,106,7,6.6,2.4,2068|2071|2968|6837|6908|9439|200316,ERCC2|ERCC3|GTF2H4|MED22|TBP|MED23|APOBEC3F,-4
MyList_MCODE_ALL,Reactome Gene Sets,6,R-HSA-450294,MAP kinase activation,,-5.5,23,10,30230,63,106,5,4.7,2.1,2353|3551|5602|5609|10454,FOS|IKBKB|MAPK10|MAP2K7|TAB1,-3.9
MyList_MCODE_ALL,GO Cellular Components,20,GO:0097730,non-motile cilium,,-5.5,11,8.1,30230,177,106,7,6.6,2.4,8100|9742|55764|57560|57728|90410|123016,IFT88|IFT140|IFT122|IFT80|WDR19|IFT20|TTC8,-3.9
MyList_MCODE_ALL,GO Cellular Components,20,GO:0032588,trans-Golgi network membrane,,-5.5,15,8.9,30230,114,106,6,5.7,2.2,8677|9382|10079|51542|84342|339122,STX10|COG1|ATP9A|VPS54|COG8|RAB43,-3.9
MyList_MCODE_ALL,Reactome Gene Sets,6,R-HSA-380972,Energy dependent regulation of mTOR by LKB1-AMPK,,-5.5,39,12,30230,29,106,4,3.8,1.9,5563|10325|51422|64121,PRKAA2|RRAGB|PRKAG2|RRAGC,-3.9
MyList_MCODE_ALL,Canonical Pathways,11,M15,PID LYSOPHOSPHOLIPID PATHWAY,,-5.5,22,10,30230,65,106,5,4.7,2.1,2353|5580|5581|5587|9138,FOS|PRKCD|PRKCE|PRKD1|ARHGEF1,-3.9
MyList_MCODE_ALL,CORUM,33,CORUM:107,TFIIH transcription factor complex,,-5.5,95,17,30230,9,106,3,2.8,1.6,2068|2071|2968,ERCC2|ERCC3|GTF2H4,-3.9
MyList_MCODE_ALL,CORUM,33,CORUM:1036,TFIIH transcription factor complex,,-5.5,95,17,30230,9,106,3,2.8,1.6,2068|2071|2968,ERCC2|ERCC3|GTF2H4,-3.9
MyList_MCODE_ALL,GO Cellular Components,20,GO:0005667,transcription regulator complex,,-5.5,5.8,6.6,30230,545,106,11,10,3,1052|2068|2071|2353|2968|3726|6778|6837|6908|9439|80324,CEBPD|ERCC2|ERCC3|FOS|GTF2H4|JUNB|STAT6|MED22|TBP|MED23|PUS1,-3.9
MyList_MCODE_ALL,WikiPathways,27,WP4923,Autophagy,,-5.4,38,12,30230,30,106,4,3.8,1.9,5563|9821|51422|60673,PRKAA2|RB1CC1|PRKAG2|ATG101,-3.9
MyList_MCODE_ALL,WikiPathways,27,WP4803,Ciliopathies,,-5.4,11,7.9,30230,184,106,7,6.6,2.4,9742|26160|55764|57560|57728|79809|123016,IFT140|IFT172|IFT122|IFT80|WDR19|TTC21B|TTC8,-3.8
MyList_MCODE_ALL,KEGG Pathway,24,hsa04668,TNF signaling pathway,,-5.4,14,8.7,30230,119,106,6,5.7,2.2,2353|3551|3726|5602|5609|10454,FOS|IKBKB|JUNB|MAPK10|MAP2K7|TAB1,-3.8
MyList_MCODE_ALL,GO Biological Processes,19,GO:0000209,protein polyubiquitination,19_GO:0009987 cellular process,-5.4,8.7,7.4,30230,262,106,8,7.5,2.6,5192|26249|29882|57542|64682|84078|84219|89890,PEX10|KLHL3|ANAPC2|KLHL42|ANAPC1|KBTBD7|WDR24|KBTBD6,-3.8
MyList_MCODE_ALL,Canonical Pathways,11,M121,PID MTOR 4PATHWAY,,-5.3,21,9.7,30230,69,106,5,4.7,2.1,673|3551|9821|10325|64121,BRAF|IKBKB|RB1CC1|RRAGB|RRAGC,-3.8
MyList_MCODE_ALL,GO Biological Processes,19,GO:0008283,cell population proliferation,19_GO:0009987 cellular process,-5.3,5.6,6.5,30230,561,106,11,10,3,2068|2353|3726|3981|3988|5580|6095|6778|57560|90410|90550,ERCC2|FOS|JUNB|LIG4|LIPA|PRKCD|RORA|STAT6|IFT80|IFT20|MCU,-3.8
MyList_MCODE_ALL,Reactome Gene Sets,6,R-HSA-449147,Signaling by Interleukins,,-5.3,6.3,6.7,30230,454,106,10,9.4,2.8,1052|2353|3551|3726|5602|5609|6095|6778|6845|10454,CEBPD|FOS|IKBKB|JUNB|MAPK10|MAP2K7|RORA|STAT6|VAMP7|TAB1,-3.8
MyList_MCODE_ALL,KEGG Pathway,24,hsa04660,T cell receptor signaling pathway,,-5.3,14,8.6,30230,122,106,6,5.7,2.2,2353|3551|5602|5609|7410|10451,FOS|IKBKB|MAPK10|MAP2K7|VAV2|VAV3,-3.8
MyList_MCODE_ALL,Reactome Gene Sets,6,R-HSA-73863,RNA Polymerase I Transcription Termination,,-5.3,36,12,30230,32,106,4,3.8,1.9,2068|2071|2968|6908,ERCC2|ERCC3|GTF2H4|TBP,-3.8
MyList_MCODE_ALL,KEGG Pathway,24,hsa04920,Adipocytokine signaling pathway,,-5.3,20,9.6,30230,70,106,5,4.7,2.1,2182|3551|5563|5602|51422,ACSL4|IKBKB|PRKAA2|MAPK10|PRKAG2,-3.8
MyList_MCODE_ALL,CORUM,33,CORUM:1009,TFIIH transcription factor complex,,-5.3,86,16,30230,10,106,3,2.8,1.6,2068|2071|2968,ERCC2|ERCC3|GTF2H4,-3.8
MyList_MCODE_ALL,CORUM,33,CORUM:1029,TFIIH transcription factor complex,,-5.3,86,16,30230,10,106,3,2.8,1.6,2068|2071|2968,ERCC2|ERCC3|GTF2H4,-3.8
MyList_MCODE_ALL,Reactome Gene Sets,6,R-HSA-448424,Interleukin-17 signaling,,-5.3,20,9.5,30230,71,106,5,4.7,2.1,2353|3551|5602|5609|10454,FOS|IKBKB|MAPK10|MAP2K7|TAB1,-3.7
MyList_MCODE_ALL,KEGG Pathway,24,hsa05012,Parkinson disease,,-5.3,8.4,7.3,30230,271,106,8,7.5,2.6,4508|4514|4541|4706|5602|9817|10975|90550,ATP6|COX3|ND6|NDUFAB1|MAPK10|KEAP1|UQCR11|MCU,-3.7
MyList_MCODE_ALL,GO Biological Processes,19,GO:0060271,cilium assembly,19_GO:0009987 cellular process,-5.3,7.1,6.9,30230,362,106,9,8.5,2.7,8100|9742|26160|55764|57560|57728|79809|90410|123016,IFT88|IFT140|IFT172|IFT122|IFT80|WDR19|TTC21B|IFT20|TTC8,-3.7
MyList_MCODE_ALL,GO Biological Processes,19,GO:0006366,transcription by RNA polymerase II,19_GO:0009987 cellular process,-5.3,7.1,6.9,30230,362,106,9,8.5,2.7,1052|2068|2071|2353|2968|6837|6908|9439|200316,CEBPD|ERCC2|ERCC3|FOS|GTF2H4|MED22|TBP|MED23|APOBEC3F,-3.7
MyList_MCODE_ALL,KEGG Pathway,24,hsa05020,Prion disease,,-5.2,8.2,7.2,30230,278,106,8,7.5,2.6,4508|4514|4541|4706|5580|5602|10975|90550,ATP6|COX3|ND6|NDUFAB1|PRKCD|MAPK10|UQCR11|MCU,-3.7
MyList_MCODE_ALL,GO Biological Processes,19,GO:0006633,fatty acid biosynthetic process,19_GO:0009987 cellular process,-5.2,13,8.2,30230,130,106,6,5.7,2.2,2182|4706|5563|51422|55825|197322,ACSL4|NDUFAB1|PRKAA2|PRKAG2|PECR|ACSF3,-3.6
MyList_MCODE_ALL,GO Biological Processes,19,GO:0009792,embryo development ending in birth or egg hatching,19_GO:0032502 developmental process,-5.2,4.9,6.1,30230,704,106,12,11,3.1,2068|2182|3726|3981|9742|9817|10454|26160|51542|55764|57448|57728,ERCC2|ACSL4|JUNB|LIG4|IFT140|KEAP1|TAB1|IFT172|VPS54|IFT122|BIRC6|WDR19,-3.6
MyList_MCODE_ALL,GO Biological Processes,19,GO:0051054,positive regulation of DNA metabolic process,19_GO:0048518 positive regulation of biological process,-5.1,8.1,7.1,30230,282,106,8,7.5,2.6,2068|4292|4931|5580|5582|5609|6778|7126,ERCC2|MLH1|NVL|PRKCD|PRKCG|MAP2K7|STAT6|TNFAIP1,-3.6
MyList_MCODE_ALL,GO Biological Processes,19,GO:0051668,localization within membrane,19_GO:0051179 localization,-5.1,5.3,6.3,30230,588,106,11,10,3,673|3551|55706|57560|57728|64121|79726|84219|90410|123016|134957,BRAF|IKBKB|NDC1|IFT80|WDR19|RRAGC|WDR59|WDR24|IFT20|TTC8|STXBP5,-3.6
MyList_MCODE_ALL,WikiPathways,27,WP4877,Host pathogen interaction of human coronaviruses MAPK signaling,,-5.1,32,11,30230,36,106,4,3.8,1.9,2353|3726|5602|5609,FOS|JUNB|MAPK10|MAP2K7,-3.6
MyList_MCODE_ALL,GO Biological Processes,19,GO:0038094,Fc-gamma receptor signaling pathway,19_GO:0002376 immune system process,-5.1,32,11,30230,36,106,4,3.8,1.9,5580|5581|7410|10451,PRKCD|PRKCE|VAV2|VAV3,-3.6
MyList_MCODE_ALL,WikiPathways,27,WP1471,Target of rapamycin signaling,,-5.1,32,11,30230,36,106,4,3.8,1.9,5563|10325|51422|64121,PRKAA2|RRAGB|PRKAG2|RRAGC,-3.6
MyList_MCODE_ALL,Reactome Gene Sets,6,R-HSA-162599,Late Phase of HIV Life Cycle,,-5.1,13,8.1,30230,135,106,6,5.7,2.2,2068|2071|2968|6908|23511|55706,ERCC2|ERCC3|GTF2H4|TBP|NUP188|NDC1,-3.6
MyList_MCODE_ALL,Reactome Gene Sets,6,R-HSA-5358351,Signaling by Hedgehog,,-5.1,13,8,30230,136,106,6,5.7,2.2,8100|9742|26160|55764|57728|79809,IFT88|IFT140|IFT172|IFT122|WDR19|TTC21B,-3.6
MyList_MCODE_ALL,GO Biological Processes,19,GO:0002252,immune effector process,19_GO:0002376 immune system process,-5.1,5.8,6.4,30230,488,106,10,9.4,2.8,3981|3988|4292|5580|5581|6095|6778|6845|7410|10451,LIG4|LIPA|MLH1|PRKCD|PRKCE|RORA|STAT6|VAMP7|VAV2|VAV3,-3.6
MyList_MCODE_ALL,GO Biological Processes,19,GO:0032008,positive regulation of TOR signaling,19_GO:0048518 positive regulation of biological process,-5.1,18,9,30230,79,106,5,4.7,2.1,10325|64121|79726|84219|84861,RRAGB|RRAGC|WDR59|WDR24|KLHL22,-3.5
MyList_MCODE_ALL,GO Cellular Components,20,GO:0000439,transcription factor TFIIH core complex,,-5,71,14,30230,12,106,3,2.8,1.6,2068|2071|2968,ERCC2|ERCC3|GTF2H4,-3.5
MyList_MCODE_ALL,WikiPathways,27,WP2380,Brain derived neurotrophic factor BDNF signaling,,-5,12,8,30230,137,106,6,5.7,2.2,3551|5563|5580|5602|7410|10451,IKBKB|PRKAA2|PRKCD|MAPK10|VAV2|VAV3,-3.5
MyList_MCODE_ALL,GO Biological Processes,19,GO:0051603,proteolysis involved in protein catabolic process,19_GO:0009987 cellular process,-5,4.7,6,30230,724,106,12,11,3.1,5192|7126|9817|26249|29882|55958|57542|57560|64682|84078|84861|89890,PEX10|TNFAIP1|KEAP1|KLHL3|ANAPC2|KLHL9|KLHL42|IFT80|ANAPC1|KBTBD7|KLHL22|KBTBD6,-3.5
MyList_MCODE_ALL,KEGG Pathway,24,hsa00190,Oxidative phosphorylation,,-5,12,8,30230,138,106,6,5.7,2.2,4508|4514|4541|4706|10975|90423,ATP6|COX3|ND6|NDUFAB1|UQCR11|ATP6V1E2,-3.5
MyList_MCODE_ALL,GO Biological Processes,19,GO:0006511,ubiquitin-dependent protein catabolic process,19_GO:0009987 cellular process,-5,5.2,6.2,30230,606,106,11,10,3,5192|7126|9817|26249|29882|55958|57542|64682|84078|84861|89890,PEX10|TNFAIP1|KEAP1|KLHL3|ANAPC2|KLHL9|KLHL42|ANAPC1|KBTBD7|KLHL22|KBTBD6,-3.5
MyList_MCODE_ALL,GO Biological Processes,19,GO:1901293,nucleoside phosphate biosynthetic process,19_GO:0009987 cellular process,-5,7.8,6.9,30230,294,106,8,7.5,2.6,2182|3988|4508|4541|4706|26289|51422|197322,ACSL4|LIPA|ATP6|ND6|NDUFAB1|AK5|PRKAG2|ACSF3,-3.5
MyList_MCODE_ALL,GO Biological Processes,19,GO:0007224,smoothened signaling pathway,19_GO:0050896 response to stimulus,-5,18,8.9,30230,81,106,5,4.7,2.1,26160|57560|57728|79809|90410,IFT172|IFT80|WDR19|TTC21B|IFT20,-3.5
MyList_MCODE_ALL,GO Cellular Components,20,GO:0035869,ciliary transition zone,,-5,17,8.8,30230,82,106,5,4.7,2.1,9742|55764|57728|90410|123016,IFT140|IFT122|WDR19|IFT20|TTC8,-3.5
MyList_MCODE_ALL,Reactome Gene Sets,6,R-HSA-162906,HIV Infection,,-5,9.3,7.3,30230,214,106,7,6.6,2.4,2068|2071|2968|3981|6908|23511|55706,ERCC2|ERCC3|GTF2H4|LIG4|TBP|NUP188|NDC1,-3.5
MyList_MCODE_ALL,KEGG Pathway,24,hsa05418,Fluid shear stress and atherosclerosis,,-5,12,7.8,30230,142,106,6,5.7,2.2,2353|3551|5563|5602|5609|9817,FOS|IKBKB|PRKAA2|MAPK10|MAP2K7|KEAP1,-3.5
MyList_MCODE_ALL,GO Biological Processes,19,GO:0019941,modification-dependent protein catabolic process,19_GO:0009987 cellular process,-4.9,5.1,6.1,30230,618,106,11,10,3,5192|7126|9817|26249|29882|55958|57542|64682|84078|84861|89890,PEX10|TNFAIP1|KEAP1|KLHL3|ANAPC2|KLHL9|KLHL42|ANAPC1|KBTBD7|KLHL22|KBTBD6,-3.5
MyList_MCODE_ALL,WikiPathways,27,WP4352,Ciliary landscape,,-4.9,9.2,7.2,30230,216,106,7,6.6,2.4,8100|9742|26160|55764|57560|90410|123016,IFT88|IFT140|IFT172|IFT122|IFT80|IFT20|TTC8,-3.5
MyList_MCODE_ALL,KEGG Pathway,24,hsa04380,Osteoclast differentiation,,-4.9,12,7.8,30230,143,106,6,5.7,2.2,2353|3551|3726|5602|5609|10454,FOS|IKBKB|JUNB|MAPK10|MAP2K7|TAB1,-3.4
MyList_MCODE_ALL,GO Biological Processes,19,GO:0036444,calcium import into the mitochondrion,19_GO:0051179 localization,-4.9,66,14,30230,13,106,3,2.8,1.6,90550|221154|286097,MCU|MICU2|MICU3,-3.4
MyList_MCODE_ALL,GO Cellular Components,20,GO:0005675,transcription factor TFIIH holo complex,,-4.9,66,14,30230,13,106,3,2.8,1.6,2068|2071|2968,ERCC2|ERCC3|GTF2H4,-3.4
MyList_MCODE_ALL,GO Biological Processes,19,GO:0044782,cilium organization,19_GO:0009987 cellular process,-4.9,6.4,6.5,30230,400,106,9,8.5,2.7,8100|9742|26160|55764|57560|57728|79809|90410|123016,IFT88|IFT140|IFT172|IFT122|IFT80|WDR19|TTC21B|IFT20|TTC8,-3.4
MyList_MCODE_ALL,KEGG Pathway,24,hsa04936,Alcoholic liver disease,,-4.9,12,7.8,30230,144,106,6,5.7,2.2,3551|5563|5602|5609|10454|51422,IKBKB|PRKAA2|MAPK10|MAP2K7|TAB1|PRKAG2,-3.4
MyList_MCODE_ALL,GO Cellular Components,20,GO:0098791,Golgi apparatus subcompartment,,-4.9,6.4,6.5,30230,401,106,9,8.5,2.7,5587|6845|8677|9382|10079|51542|57448|84342|339122,PRKD1|VAMP7|STX10|COG1|ATP9A|VPS54|BIRC6|COG8|RAB43,-3.4
MyList_MCODE_ALL,GO Biological Processes,19,GO:0043632,modification-dependent macromolecule catabolic process,19_GO:0009987 cellular process,-4.9,5,6,30230,623,106,11,10,3,5192|7126|9817|26249|29882|55958|57542|64682|84078|84861|89890,PEX10|TNFAIP1|KEAP1|KLHL3|ANAPC2|KLHL9|KLHL42|ANAPC1|KBTBD7|KLHL22|KBTBD6,-3.4
MyList_MCODE_ALL,GO Biological Processes,19,GO:0009152,purine ribonucleotide biosynthetic process,19_GO:0009987 cellular process,-4.9,12,7.7,30230,145,106,6,5.7,2.2,3988|4508|4541|4706|26289|51422,LIPA|ATP6|ND6|NDUFAB1|AK5|PRKAG2,-3.4
MyList_MCODE_ALL,WikiPathways,27,WP2571,Polycystic kidney disease pathway,,-4.9,17,8.6,30230,85,106,5,4.7,2.1,673|2353|3551|5563|51422,BRAF|FOS|IKBKB|PRKAA2|PRKAG2,-3.4
MyList_MCODE_ALL,Reactome Gene Sets,6,R-HSA-165159,MTOR signalling,,-4.9,28,10,30230,41,106,4,3.8,1.9,5563|10325|51422|64121,PRKAA2|RRAGB|PRKAG2|RRAGC,-3.4
MyList_MCODE_ALL,GO Biological Processes,19,GO:0006754,ATP biosynthetic process,19_GO:0009987 cellular process,-4.9,17,8.6,30230,86,106,5,4.7,2.1,3988|4508|4541|4706|51422,LIPA|ATP6|ND6|NDUFAB1|PRKAG2,-3.4
MyList_MCODE_ALL,GO Cellular Components,20,GO:0097731,9+0 non-motile cilium,,-4.9,12,7.7,30230,147,106,6,5.7,2.2,9742|55764|57560|57728|90410|123016,IFT140|IFT122|IFT80|WDR19|IFT20|TTC8,-3.4
MyList_MCODE_ALL,GO Biological Processes,19,GO:0071230,cellular response to amino acid stimulus,19_GO:0050896 response to stimulus,-4.8,16,8.4,30230,89,106,5,4.7,2.1,10325|27244|64121|84861|729438,RRAGB|SESN1|RRAGC|KLHL22|CASTOR2,-3.3
MyList_MCODE_ALL,KEGG Pathway,24,hsa04211,Longevity regulating pathway,,-4.8,16,8.4,30230,90,106,5,4.7,2.1,5563|9821|27244|51422|60673,PRKAA2|RB1CC1|SESN1|PRKAG2|ATG101,-3.3
MyList_MCODE_ALL,GO Cellular Components,20,GO:0005669,transcription factor TFIID complex,,-4.8,26,9.8,30230,44,106,4,3.8,1.9,2068|2071|2968|6908,ERCC2|ERCC3|GTF2H4|TBP,-3.3
MyList_MCODE_ALL,KEGG Pathway,24,hsa03022,Basal transcription factors,,-4.8,26,9.8,30230,44,106,4,3.8,1.9,2068|2071|2968|6908,ERCC2|ERCC3|GTF2H4|TBP,-3.3
MyList_MCODE_ALL,WikiPathways,27,WP35,G protein signaling,,-4.8,16,8.3,30230,91,106,5,4.7,2.1,5580|5581|5582|5587|9138,PRKCD|PRKCE|PRKCG|PRKD1|ARHGEF1,-3.3
MyList_MCODE_ALL,WikiPathways,27,WP4396,Nonalcoholic fatty liver disease,,-4.8,11,7.5,30230,154,106,6,5.7,2.2,3551|4514|4706|5563|10975|51422,IKBKB|COX3|NDUFAB1|PRKAA2|UQCR11|PRKAG2,-3.3
MyList_MCODE_ALL,GO Biological Processes,19,GO:0045333,cellular respiration,19_GO:0009987 cellular process,-4.7,8.6,6.9,30230,231,106,7,6.6,2.4,3988|4508|4514|4541|4706|10975|51542,LIPA|ATP6|COX3|ND6|NDUFAB1|UQCR11|VPS54,-3.3
MyList_MCODE_ALL,Reactome Gene Sets,6,R-HSA-430039,mRNA decay by 5' to 3' exoribonuclease,,-4.7,57,13,30230,15,106,3,2.8,1.6,23658|27257|167227,LSM5|LSM1|DCP2,-3.3
MyList_MCODE_ALL,GO Biological Processes,19,GO:0002768,immune response-regulating cell surface receptor signaling pathway,19_GO:0002376 immune system process,-4.7,7.1,6.5,30230,322,106,8,7.5,2.6,673|3551|5580|5581|5602|5609|7410|10451,BRAF|IKBKB|PRKCD|PRKCE|MAPK10|MAP2K7|VAV2|VAV3,-3.3
MyList_MCODE_ALL,Reactome Gene Sets,6,R-HSA-8951664,Neddylation,,-4.7,8.6,6.9,30230,233,106,7,6.6,2.4,9817|26249|55958|57542|84078|84861|89890,KEAP1|KLHL3|KLHL9|KLHL42|KBTBD7|KLHL22|KBTBD6,-3.3
MyList_MCODE_ALL,GO Biological Processes,19,GO:0072657,protein localization to membrane,19_GO:0051179 localization,-4.7,7,6.5,30230,324,106,8,7.5,2.6,3551|57560|57728|64121|79726|84219|90410|123016,IKBKB|IFT80|WDR19|RRAGC|WDR59|WDR24|IFT20|TTC8,-3.3
MyList_MCODE_ALL,WikiPathways,27,WP2355,Corticotropin releasing hormone signaling,,-4.7,15,8.2,30230,93,106,5,4.7,2.1,673|2353|3726|5563|5580,BRAF|FOS|JUNB|PRKAA2|PRKCD,-3.3
MyList_MCODE_ALL,GO Biological Processes,19,GO:0002244,hematopoietic progenitor cell differentiation,19_GO:0032502 developmental process,-4.7,15,8.2,30230,94,106,5,4.7,2.1,673|1052|2068|3981|3988,BRAF|CEBPD|ERCC2|LIG4|LIPA,-3.2
MyList_MCODE_ALL,GO Biological Processes,19,GO:0000288,"nuclear-transcribed mRNA catabolic process, deadenylation-dependent decay",19_GO:0048519 negative regulation of biological process,-4.7,25,9.6,30230,46,106,4,3.8,1.9,4292|23658|27257|167227,MLH1|LSM5|LSM1|DCP2,-3.2
MyList_MCODE_ALL,WikiPathways,27,WP437,EGF EGFR signaling,,-4.7,11,7.3,30230,159,106,6,5.7,2.2,673|2353|5580|7410|9138|10451,BRAF|FOS|PRKCD|VAV2|ARHGEF1|VAV3,-3.2
MyList_MCODE_ALL,GO Biological Processes,19,GO:0009416,response to light stimulus,19_GO:0050896 response to stimulus,-4.7,6.9,6.4,30230,329,106,8,7.5,2.6,673|2068|2071|2353|5580|5602|5609|90410,BRAF|ERCC2|ERCC3|FOS|PRKCD|MAPK10|MAP2K7|IFT20,-3.2
MyList_MCODE_ALL,WikiPathways,27,WP75,Toll like receptor signaling,,-4.7,15,8.1,30230,95,106,5,4.7,2.1,2353|3551|5602|5609|10454,FOS|IKBKB|MAPK10|MAP2K7|TAB1,-3.2
MyList_MCODE_ALL,Reactome Gene Sets,6,R-HSA-168176,Toll Like Receptor 5 (TLR5) Cascade,,-4.7,15,8.1,30230,95,106,5,4.7,2.1,2353|3551|5602|5609|10454,FOS|IKBKB|MAPK10|MAP2K7|TAB1,-3.2
MyList_MCODE_ALL,Reactome Gene Sets,6,R-HSA-168142,Toll Like Receptor 10 (TLR10) Cascade,,-4.7,15,8.1,30230,95,106,5,4.7,2.1,2353|3551|5602|5609|10454,FOS|IKBKB|MAPK10|MAP2K7|TAB1,-3.2
MyList_MCODE_ALL,GO Biological Processes,19,GO:0008589,regulation of smoothened signaling pathway,19_GO:0050896 response to stimulus,-4.7,15,8.1,30230,95,106,5,4.7,2.1,6095|9742|26160|55764|79809,RORA|IFT140|IFT172|IFT122|TTC21B,-3.2
MyList_MCODE_ALL,Reactome Gene Sets,6,R-HSA-975871,MyD88 cascade initiated on plasma membrane,,-4.7,15,8.1,30230,95,106,5,4.7,2.1,2353|3551|5602|5609|10454,FOS|IKBKB|MAPK10|MAP2K7|TAB1,-3.2
MyList_MCODE_ALL,WikiPathways,27,WP481,Insulin signaling,,-4.7,11,7.3,30230,160,106,6,5.7,2.2,2353|3551|5563|5580|5602|5609,FOS|IKBKB|PRKAA2|PRKCD|MAPK10|MAP2K7,-3.2
MyList_MCODE_ALL,KEGG Pathway,24,hsa04930,Type II diabetes mellitus,,-4.6,24,9.5,30230,47,106,4,3.8,1.9,3551|5580|5581|5602,IKBKB|PRKCD|PRKCE|MAPK10,-3.2
MyList_MCODE_ALL,GO Cellular Components,20,GO:0031201,SNARE complex,,-4.6,24,9.5,30230,47,106,4,3.8,1.9,6845|6854|8677|203062,VAMP7|SYN2|STX10|TSNARE1,-3.2
MyList_MCODE_ALL,Canonical Pathways,11,M183,PID IL6 7 PATHWAY,,-4.6,24,9.5,30230,47,106,4,3.8,1.9,1052|2353|3726|5580,CEBPD|FOS|JUNB|PRKCD,-3.2
MyList_MCODE_ALL,Reactome Gene Sets,6,R-HSA-73762,RNA Polymerase I Transcription Initiation,,-4.6,24,9.5,30230,47,106,4,3.8,1.9,2068|2071|2968|6908,ERCC2|ERCC3|GTF2H4|TBP,-3.2
MyList_MCODE_ALL,Reactome Gene Sets,6,R-HSA-8949664,Processing of SMDT1,,-4.6,53,12,30230,16,106,3,2.8,1.6,90550|221154|286097,MCU|MICU2|MICU3,-3.2
MyList_MCODE_ALL,WikiPathways,27,WP2435,Quercetin and Nf kB AP 1 induced apoptosis,,-4.6,53,12,30230,16,106,3,2.8,1.6,2353|3551|9817,FOS|IKBKB|KEAP1,-3.2
MyList_MCODE_ALL,GO Biological Processes,19,GO:1990778,protein localization to cell periphery,19_GO:0051179 localization,-4.6,8.3,6.8,30230,240,106,7,6.6,2.4,3551|57560|57728|79726|84219|90410|123016,IKBKB|IFT80|WDR19|WDR59|WDR24|IFT20|TTC8,-3.2
MyList_MCODE_ALL,GO Biological Processes,19,GO:0009260,ribonucleotide biosynthetic process,19_GO:0009987 cellular process,-4.6,11,7.3,30230,161,106,6,5.7,2.2,3988|4508|4541|4706|26289|51422,LIPA|ATP6|ND6|NDUFAB1|AK5|PRKAG2,-3.2
MyList_MCODE_ALL,GO Biological Processes,19,GO:0009206,purine ribonucleoside triphosphate biosynthetic process,19_GO:0009987 cellular process,-4.6,15,8,30230,97,106,5,4.7,2.1,3988|4508|4541|4706|51422,LIPA|ATP6|ND6|NDUFAB1|PRKAG2,-3.2
MyList_MCODE_ALL,GO Biological Processes,19,GO:0070936,protein K48-linked ubiquitination,19_GO:0009987 cellular process,-4.6,15,8,30230,97,106,5,4.7,2.1,26249|29882|64682|84078|89890,KLHL3|ANAPC2|ANAPC1|KBTBD7|KBTBD6,-3.2
MyList_MCODE_ALL,Reactome Gene Sets,6,R-HSA-73776,RNA Polymerase II Promoter Escape,,-4.6,24,9.4,30230,48,106,4,3.8,1.9,2068|2071|2968|6908,ERCC2|ERCC3|GTF2H4|TBP,-3.2
MyList_MCODE_ALL,Reactome Gene Sets,6,R-HSA-75953,RNA Polymerase II Transcription Initiation,,-4.6,24,9.4,30230,48,106,4,3.8,1.9,2068|2071|2968|6908,ERCC2|ERCC3|GTF2H4|TBP,-3.2
MyList_MCODE_ALL,Reactome Gene Sets,6,R-HSA-73779,RNA Polymerase II Transcription Pre-Initiation And Promoter Opening,,-4.6,24,9.4,30230,48,106,4,3.8,1.9,2068|2071|2968|6908,ERCC2|ERCC3|GTF2H4|TBP,-3.2
MyList_MCODE_ALL,Reactome Gene Sets,6,R-HSA-167162,RNA Polymerase II HIV Promoter Escape,,-4.6,24,9.4,30230,48,106,4,3.8,1.9,2068|2071|2968|6908,ERCC2|ERCC3|GTF2H4|TBP,-3.2
MyList_MCODE_ALL,Reactome Gene Sets,6,R-HSA-167161,HIV Transcription Initiation,,-4.6,24,9.4,30230,48,106,4,3.8,1.9,2068|2071|2968|6908,ERCC2|ERCC3|GTF2H4|TBP,-3.2
MyList_MCODE_ALL,Reactome Gene Sets,6,R-HSA-76042,RNA Polymerase II Transcription Initiation And Promoter Clearance,,-4.6,24,9.4,30230,48,106,4,3.8,1.9,2068|2071|2968|6908,ERCC2|ERCC3|GTF2H4|TBP,-3.2
MyList_MCODE_ALL,WikiPathways,27,WP4540,Hippo signaling regulation,,-4.6,15,8,30230,98,106,5,4.7,2.1,5563|5580|5581|5582|51422,PRKAA2|PRKCD|PRKCE|PRKCG|PRKAG2,-3.2
MyList_MCODE_ALL,GO Biological Processes,19,GO:0009145,purine nucleoside triphosphate biosynthetic process,19_GO:0009987 cellular process,-4.6,15,8,30230,98,106,5,4.7,2.1,3988|4508|4541|4706|51422,LIPA|ATP6|ND6|NDUFAB1|PRKAG2,-3.2
MyList_MCODE_ALL,GO Biological Processes,19,GO:0071229,cellular response to acid chemical,19_GO:0050896 response to stimulus,-4.6,15,8,30230,98,106,5,4.7,2.1,10325|27244|64121|84861|729438,RRAGB|SESN1|RRAGC|KLHL22|CASTOR2,-3.2
MyList_MCODE_ALL,GO Biological Processes,19,GO:0002521,leukocyte differentiation,19_GO:0032502 developmental process,-4.6,5.8,6,30230,442,106,9,8.5,2.7,673|2353|3726|3981|3988|6095|6778|51542|57560,BRAF|FOS|JUNB|LIG4|LIPA|RORA|STAT6|VPS54|IFT80,-3.2
MyList_MCODE_ALL,GO Cellular Components,20,GO:0000932,P-body,,-4.6,14,7.9,30230,99,106,5,4.7,2.1,9582|27257|167227|192670|200316,APOBEC3B|LSM1|DCP2|AGO4|APOBEC3F,-3.2
MyList_MCODE_ALL,KEGG Pathway,24,hsa04666,Fc gamma R-mediated phagocytosis,,-4.6,14,7.9,30230,99,106,5,4.7,2.1,5580|5581|5582|7410|10451,PRKCD|PRKCE|PRKCG|VAV2|VAV3,-3.2
MyList_MCODE_ALL,GO Biological Processes,19,GO:0141188,nucleic acid catabolic process,19_GO:0009987 cellular process,-4.6,8.1,6.6,30230,246,106,7,6.6,2.4,4292|23405|23658|27257|51542|167227|192670,MLH1|DICER1|LSM5|LSM1|VPS54|DCP2|AGO4,-3.2
MyList_MCODE_ALL,GO Biological Processes,19,GO:0046390,ribose phosphate biosynthetic process,19_GO:0009987 cellular process,-4.6,10,7.1,30230,167,106,6,5.7,2.2,3988|4508|4541|4706|26289|51422,LIPA|ATP6|ND6|NDUFAB1|AK5|PRKAG2,-3.1
MyList_MCODE_ALL,WikiPathways,27,WP2018,RANKL RANK signaling,,-4.5,23,9.2,30230,50,106,4,3.8,1.9,2353|3551|5609|10454,FOS|IKBKB|MAP2K7|TAB1,-3.1
MyList_MCODE_ALL,Reactome Gene Sets,6,R-HSA-975138,TRAF6 mediated induction of NFkB and MAP kinases upon TLR7/8 or 9 activation,,-4.5,14,7.8,30230,101,106,5,4.7,2.1,2353|3551|5602|5609|10454,FOS|IKBKB|MAPK10|MAP2K7|TAB1,-3.1
MyList_MCODE_ALL,GO Biological Processes,19,GO:0009314,response to radiation,19_GO:0050896 response to stimulus,-4.5,5.7,6,30230,448,106,9,8.5,2.7,673|2068|2071|2353|3981|5580|5602|5609|90410,BRAF|ERCC2|ERCC3|FOS|LIG4|PRKCD|MAPK10|MAP2K7|IFT20,-3.1
MyList_MCODE_ALL,GO Biological Processes,19,GO:0043009,chordate embryonic development,19_GO:0032502 developmental process,-4.5,4.6,5.6,30230,685,106,11,10,3,2068|3726|3981|9742|9817|10454|26160|51542|55764|57448|57728,ERCC2|JUNB|LIG4|IFT140|KEAP1|TAB1|IFT172|VPS54|IFT122|BIRC6|WDR19,-3.1
MyList_MCODE_ALL,GO Biological Processes,19,GO:0046034,ATP metabolic process,19_GO:0009987 cellular process,-4.5,10,7.1,30230,169,106,6,5.7,2.2,3988|4508|4541|4706|26289|51422,LIPA|ATP6|ND6|NDUFAB1|AK5|PRKAG2,-3.1
MyList_MCODE_ALL,WikiPathways,27,WP399,Wnt signaling and pluripotency,,-4.5,14,7.8,30230,102,106,5,4.7,2.1,5580|5581|5582|5587|5602,PRKCD|PRKCE|PRKCG|PRKD1|MAPK10,-3.1
MyList_MCODE_ALL,Reactome Gene Sets,6,R-HSA-975155,MyD88 dependent cascade initiated on endosome,,-4.5,14,7.8,30230,102,106,5,4.7,2.1,2353|3551|5602|5609|10454,FOS|IKBKB|MAPK10|MAP2K7|TAB1,-3.1
MyList_MCODE_ALL,GO Biological Processes,19,GO:0033044,regulation of chromosome organization,19_GO:0050789 regulation of biological process,-4.5,7.9,6.5,30230,253,106,7,6.6,2.4,3981|4931|5609|29882|64682|84861|167227,LIG4|NVL|MAP2K7|ANAPC2|ANAPC1|KLHL22|DCP2,-3.1
MyList_MCODE_ALL,KEGG Pathway,24,hsa05131,Shigellosis,,-4.5,7.9,6.5,30230,253,106,7,6.6,2.4,3551|5580|5581|5602|10325|10454|64121,IKBKB|PRKCD|PRKCE|MAPK10|RRAGB|TAB1|RRAGC,-3.1
MyList_MCODE_ALL,GO Biological Processes,19,GO:0009201,ribonucleoside triphosphate biosynthetic process,19_GO:0009987 cellular process,-4.5,14,7.7,30230,103,106,5,4.7,2.1,3988|4508|4541|4706|51422,LIPA|ATP6|ND6|NDUFAB1|PRKAG2,-3.1
MyList_MCODE_ALL,WikiPathways,27,WP111,Electron transport chain OXPHOS system in mitochondria,,-4.5,14,7.7,30230,105,106,5,4.7,2.1,4508|4514|4541|4706|10975,ATP6|COX3|ND6|NDUFAB1|UQCR11,-3.1
MyList_MCODE_ALL,Reactome Gene Sets,6,R-HSA-168164,Toll Like Receptor 3 (TLR3) Cascade,,-4.5,14,7.7,30230,105,106,5,4.7,2.1,2353|3551|5602|5609|10454,FOS|IKBKB|MAPK10|MAP2K7|TAB1,-3.1
MyList_MCODE_ALL,Reactome Gene Sets,6,R-HSA-8978868,Fatty acid metabolism,,-4.4,9.8,6.9,30230,175,106,6,5.7,2.2,2182|4706|5563|51422|55825|197322,ACSL4|NDUFAB1|PRKAA2|PRKAG2|PECR|ACSF3,-3
MyList_MCODE_ALL,GO Biological Processes,19,GO:0006164,purine nucleotide biosynthetic process,19_GO:0009987 cellular process,-4.4,9.8,6.9,30230,175,106,6,5.7,2.2,3988|4508|4541|4706|26289|51422,LIPA|ATP6|ND6|NDUFAB1|AK5|PRKAG2,-3
MyList_MCODE_ALL,GO Biological Processes,19,GO:1903530,regulation of secretion by cell,19_GO:0051179 localization,-4.4,4.9,5.7,30230,577,106,10,9.4,2.8,673|2182|5581|5582|5587|6845|10079|90550|134957|286097,BRAF|ACSL4|PRKCE|PRKCG|PRKD1|VAMP7|ATP9A|MCU|STXBP5|MICU3,-3
MyList_MCODE_ALL,Reactome Gene Sets,6,R-HSA-168181,Toll Like Receptor 7/8 (TLR7/8) Cascade,,-4.4,13,7.6,30230,106,106,5,4.7,2.1,2353|3551|5602|5609|10454,FOS|IKBKB|MAPK10|MAP2K7|TAB1,-3
MyList_MCODE_ALL,Reactome Gene Sets,6,R-HSA-6785807,Interleukin-4 and Interleukin-13 signaling,,-4.4,13,7.6,30230,106,106,5,4.7,2.1,1052|2353|3726|6095|6778,CEBPD|FOS|JUNB|RORA|STAT6,-3
MyList_MCODE_ALL,GO Biological Processes,19,GO:0022904,respiratory electron transport chain,19_GO:0009987 cellular process,-4.4,13,7.6,30230,107,106,5,4.7,2.1,4514|4541|4706|10975|51542,COX3|ND6|NDUFAB1|UQCR11|VPS54,-3
MyList_MCODE_ALL,WikiPathways,27,WP5124,Alzheimer 39 s disease,,-4.4,7.6,6.4,30230,264,106,7,6.6,2.4,673|3551|5602|5609|9821|60673|90550,BRAF|IKBKB|MAPK10|MAP2K7|RB1CC1|ATG101|MCU,-3
MyList_MCODE_ALL,KEGG Pathway,24,hsa04620,Toll-like receptor signaling pathway,,-4.4,13,7.5,30230,109,106,5,4.7,2.1,2353|3551|5602|5609|10454,FOS|IKBKB|MAPK10|MAP2K7|TAB1,-3
MyList_MCODE_ALL,KEGG Pathway,24,hsa04659,Th17 cell differentiation,,-4.4,13,7.5,30230,109,106,5,4.7,2.1,2353|3551|5602|6095|6778,FOS|IKBKB|MAPK10|RORA|STAT6,-3
MyList_MCODE_ALL,Reactome Gene Sets,6,R-HSA-168138,Toll Like Receptor 9 (TLR9) Cascade,,-4.4,13,7.5,30230,109,106,5,4.7,2.1,2353|3551|5602|5609|10454,FOS|IKBKB|MAPK10|MAP2K7|TAB1,-3
MyList_MCODE_ALL,GO Biological Processes,19,GO:0072330,monocarboxylic acid biosynthetic process,19_GO:0009987 cellular process,-4.4,9.5,6.8,30230,180,106,6,5.7,2.2,2182|4706|5563|51422|55825|197322,ACSL4|NDUFAB1|PRKAA2|PRKAG2|PECR|ACSF3,-3
MyList_MCODE_ALL,Reactome Gene Sets,6,R-HSA-166166,MyD88-independent TLR4 cascade,,-4.4,13,7.5,30230,110,106,5,4.7,2.1,2353|3551|5602|5609|10454,FOS|IKBKB|MAPK10|MAP2K7|TAB1,-3
MyList_MCODE_ALL,Reactome Gene Sets,6,R-HSA-937061,TRIF (TICAM1)-mediated TLR4 signaling,,-4.4,13,7.5,30230,110,106,5,4.7,2.1,2353|3551|5602|5609|10454,FOS|IKBKB|MAPK10|MAP2K7|TAB1,-3
MyList_MCODE_ALL,GO Biological Processes,19,GO:0071248,cellular response to metal ion,19_GO:0050896 response to stimulus,-4.3,9.4,6.7,30230,182,106,6,5.7,2.2,673|2353|3726|5563|221154|286097,BRAF|FOS|JUNB|PRKAA2|MICU2|MICU3,-3
MyList_MCODE_ALL,Canonical Pathways,11,M99,PID TXA2PATHWAY,,-4.3,20,8.6,30230,56,106,4,3.8,1.9,5580|5581|5582|9138,PRKCD|PRKCE|PRKCG|ARHGEF1,-3
MyList_MCODE_ALL,WikiPathways,27,WP2374,Oncostatin M signaling,,-4.3,20,8.6,30230,56,106,4,3.8,1.9,2353|3726|5580|5581,FOS|JUNB|PRKCD|PRKCE,-3
MyList_MCODE_ALL,GO Biological Processes,19,GO:0000290,deadenylation-dependent decapping of nuclear-transcribed mRNA,19_GO:0048519 negative regulation of biological process,-4.3,43,11,30230,20,106,3,2.8,1.6,23658|27257|167227,LSM5|LSM1|DCP2,-3
MyList_MCODE_ALL,Reactome Gene Sets,6,R-HSA-168188,Toll Like Receptor TLR6:TLR2 Cascade,,-4.3,13,7.4,30230,111,106,5,4.7,2.1,2353|3551|5602|5609|10454,FOS|IKBKB|MAPK10|MAP2K7|TAB1,-3
MyList_MCODE_ALL,GO Biological Processes,19,GO:0009142,nucleoside triphosphate biosynthetic process,19_GO:0009987 cellular process,-4.3,13,7.4,30230,111,106,5,4.7,2.1,3988|4508|4541|4706|51422,LIPA|ATP6|ND6|NDUFAB1|PRKAG2,-3
MyList_MCODE_ALL,Reactome Gene Sets,6,R-HSA-166058,MyD88:MAL(TIRAP) cascade initiated on plasma membrane,,-4.3,13,7.4,30230,111,106,5,4.7,2.1,2353|3551|5602|5609|10454,FOS|IKBKB|MAPK10|MAP2K7|TAB1,-3
MyList_MCODE_ALL,GO Biological Processes,19,GO:0030097,hemopoiesis,19_GO:0032502 developmental process,-4.3,4.4,5.4,30230,721,106,11,10,3,673|1052|2068|2353|3726|3981|3988|6095|6778|51542|57560,BRAF|CEBPD|ERCC2|FOS|JUNB|LIG4|LIPA|RORA|STAT6|VPS54|IFT80,-2.9
MyList_MCODE_ALL,WikiPathways,27,WP2059,Alzheimer 39 s disease and miRNA effects,,-4.3,7.4,6.3,30230,269,106,7,6.6,2.4,673|3551|5602|5609|9821|60673|90550,BRAF|IKBKB|MAPK10|MAP2K7|RB1CC1|ATG101|MCU,-2.9
MyList_MCODE_ALL,GO Biological Processes,19,GO:1901655,cellular response to ketone,19_GO:0050896 response to stimulus,-4.3,13,7.4,30230,112,106,5,4.7,2.1,2353|5563|5581|5587|51542,FOS|PRKAA2|PRKCE|PRKD1|VPS54,-2.9
MyList_MCODE_ALL,GO Biological Processes,19,GO:0033365,protein localization to organelle,19_GO:0051179 localization,-4.3,4.3,5.4,30230,725,106,11,10,3,5192|5563|9742|23511|51542|55764|57560|57728|64121|79809|90410,PEX10|PRKAA2|IFT140|NUP188|VPS54|IFT122|IFT80|WDR19|RRAGC|TTC21B|IFT20,-2.9
MyList_MCODE_ALL,GO Cellular Components,20,GO:0098803,respiratory chain complex,,-4.3,13,7.3,30230,114,106,5,4.7,2.1,4508|4514|4541|4706|10975,ATP6|COX3|ND6|NDUFAB1|UQCR11,-2.9
MyList_MCODE_ALL,GO Cellular Components,20,GO:0000428,DNA-directed RNA polymerase complex,,-4.3,13,7.3,30230,114,106,5,4.7,2.1,2068|2071|2968|6908|55703,ERCC2|ERCC3|GTF2H4|TBP|POLR3B,-2.9
MyList_MCODE_ALL,Reactome Gene Sets,6,R-HSA-168179,Toll Like Receptor TLR1:TLR2 Cascade,,-4.3,13,7.3,30230,114,106,5,4.7,2.1,2353|3551|5602|5609|10454,FOS|IKBKB|MAPK10|MAP2K7|TAB1,-2.9
MyList_MCODE_ALL,Reactome Gene Sets,6,R-HSA-181438,Toll Like Receptor 2 (TLR2) Cascade,,-4.3,13,7.3,30230,114,106,5,4.7,2.1,2353|3551|5602|5609|10454,FOS|IKBKB|MAPK10|MAP2K7|TAB1,-2.9
MyList_MCODE_ALL,GO Cellular Components,20,GO:0032806,carboxy-terminal domain protein kinase complex,,-4.3,41,11,30230,21,106,3,2.8,1.6,2068|2071|2968,ERCC2|ERCC3|GTF2H4,-2.9
MyList_MCODE_ALL,GO Biological Processes,19,GO:0006851,mitochondrial calcium ion transmembrane transport,19_GO:0051179 localization,-4.3,41,11,30230,21,106,3,2.8,1.6,90550|221154|286097,MCU|MICU2|MICU3,-2.9
MyList_MCODE_ALL,GO Biological Processes,19,GO:0006119,oxidative phosphorylation,19_GO:0009987 cellular process,-4.3,12,7.3,30230,115,106,5,4.7,2.1,4508|4514|4541|4706|10975,ATP6|COX3|ND6|NDUFAB1|UQCR11,-2.9
MyList_MCODE_ALL,WikiPathways,27,WP4659,Gastrin signaling,,-4.3,12,7.3,30230,115,106,5,4.7,2.1,2353|3551|5580|5581|5587,FOS|IKBKB|PRKCD|PRKCE|PRKD1,-2.9
MyList_MCODE_ALL,KEGG Pathway,24,hsa04621,NOD-like receptor signaling pathway,,-4.3,9.1,6.6,30230,189,106,6,5.7,2.2,3551|5580|5602|6041|10454|90550,IKBKB|PRKCD|MAPK10|RNASEL|TAB1|MCU,-2.9
MyList_MCODE_ALL,Reactome Gene Sets,6,R-HSA-2559583,Cellular Senescence,,-4.3,9.1,6.6,30230,189,106,6,5.7,2.2,2353|5602|5609|29882|64682|192670,FOS|MAPK10|MAP2K7|ANAPC2|ANAPC1|AGO4,-2.9
MyList_MCODE_ALL,GO Biological Processes,19,GO:0022900,electron transport chain,19_GO:0009987 cellular process,-4.2,12,7.2,30230,117,106,5,4.7,2.1,4514|4541|4706|10975|51542,COX3|ND6|NDUFAB1|UQCR11|VPS54,-2.9
MyList_MCODE_ALL,GO Cellular Components,20,GO:0030880,RNA polymerase complex,,-4.2,12,7.2,30230,117,106,5,4.7,2.1,2068|2071|2968|6908|55703,ERCC2|ERCC3|GTF2H4|TBP|POLR3B,-2.9
MyList_MCODE_ALL,Reactome Gene Sets,6,R-HSA-450321,JNK (c-Jun kinases) phosphorylation and  activation mediated by activated human TAK1,,-4.2,39,11,30230,22,106,3,2.8,1.6,5602|5609|10454,MAPK10|MAP2K7|TAB1,-2.8
MyList_MCODE_ALL,GO Biological Processes,19,GO:0110156,mRNA methylguanosine-cap decapping,19_GO:0009987 cellular process,-4.2,39,11,30230,22,106,3,2.8,1.6,23658|27257|167227,LSM5|LSM1|DCP2,-2.8
MyList_MCODE_ALL,GO Biological Processes,19,GO:0009205,purine ribonucleoside triphosphate metabolic process,19_GO:0009987 cellular process,-4.2,8.9,6.5,30230,193,106,6,5.7,2.2,3988|4508|4541|4706|26289|51422,LIPA|ATP6|ND6|NDUFAB1|AK5|PRKAG2,-2.8
MyList_MCODE_ALL,WikiPathways,27,WP4787,Osteoblast differentiation and related diseases,,-4.2,12,7.1,30230,119,106,5,4.7,2.1,5580|5581|5582|5587|5602,PRKCD|PRKCE|PRKCG|PRKD1|MAPK10,-2.8
MyList_MCODE_ALL,WikiPathways,27,WP5541,BDNF signaling in neurodevelopment,,-4.2,12,7.1,30230,119,106,5,4.7,2.1,3551|5580|5581|5582|5609,IKBKB|PRKCD|PRKCE|PRKCG|MAP2K7,-2.8
MyList_MCODE_ALL,GO Biological Processes,19,GO:0034655,nucleobase-containing compound catabolic process,19_GO:0009987 cellular process,-4.2,5.9,5.8,30230,384,106,8,7.5,2.6,3988|4292|23405|23658|27257|51542|167227|192670,LIPA|MLH1|DICER1|LSM5|LSM1|VPS54|DCP2|AGO4,-2.8
MyList_MCODE_ALL,KEGG Pathway,24,hsa04722,Neurotrophin signaling pathway,,-4.2,12,7.1,30230,120,106,5,4.7,2.1,673|3551|5580|5602|5609,BRAF|IKBKB|PRKCD|MAPK10|MAP2K7,-2.8
MyList_MCODE_ALL,WikiPathways,27,WP5470,Effect of omega 3 PUFA on Huntington 39 s disease pathways,,-4.2,12,7.1,30230,120,106,5,4.7,2.1,3551|5563|5602|5609|51422,IKBKB|PRKAA2|MAPK10|MAP2K7|PRKAG2,-2.8
MyList_MCODE_ALL,GO Biological Processes,19,GO:0006289,nucleotide-excision repair,19_GO:0050896 response to stimulus,-4.2,18,8.1,30230,62,106,4,3.8,1.9,2068|2071|2968|3981,ERCC2|ERCC3|GTF2H4|LIG4,-2.8
MyList_MCODE_ALL,WikiPathways,27,WP4946,DNA repair pathways full network,,-4.2,12,7.1,30230,121,106,5,4.7,2.1,2068|2071|2968|3981|4292,ERCC2|ERCC3|GTF2H4|LIG4|MLH1,-2.8
MyList_MCODE_ALL,Reactome Gene Sets,6,R-HSA-8949215,Mitochondrial calcium ion transport,,-4.2,37,10,30230,23,106,3,2.8,1.6,90550|221154|286097,MCU|MICU2|MICU3,-2.8
MyList_MCODE_ALL,WikiPathways,27,WP712,Estrogen signaling,,-4.2,37,10,30230,23,106,3,2.8,1.6,673|2353|3551,BRAF|FOS|IKBKB,-2.8
MyList_MCODE_ALL,GO Biological Processes,19,GO:0051052,regulation of DNA metabolic process,19_GO:0050789 regulation of biological process,-4.1,5.1,5.5,30230,503,106,9,8.5,2.7,2068|4292|4931|5580|5582|5609|6778|7126|167227,ERCC2|MLH1|NVL|PRKCD|PRKCG|MAP2K7|STAT6|TNFAIP1|DCP2,-2.8
MyList_MCODE_ALL,GO Biological Processes,19,GO:0048736,appendage development,19_GO:0032502 developmental process,-4.1,8.6,6.4,30230,198,106,6,5.7,2.2,9742|26160|51542|55764|57560|57728,IFT140|IFT172|VPS54|IFT122|IFT80|WDR19,-2.8
MyList_MCODE_ALL,GO Biological Processes,19,GO:0060173,limb development,19_GO:0032502 developmental process,-4.1,8.6,6.4,30230,198,106,6,5.7,2.2,9742|26160|51542|55764|57560|57728,IFT140|IFT172|VPS54|IFT122|IFT80|WDR19,-2.8
MyList_MCODE_ALL,Canonical Pathways,11,M8,PID ENDOTHELIN PATHWAY,,-4.1,18,8.1,30230,63,106,4,3.8,1.9,2353|5580|5581|5582,FOS|PRKCD|PRKCE|PRKCG,-2.8
MyList_MCODE_ALL,GO Biological Processes,19,GO:0010638,positive regulation of organelle organization,19_GO:0048518 positive regulation of biological process,-4.1,5.1,5.5,30230,505,106,9,8.5,2.7,673|3981|4931|5581|5587|5609|8100|90410|90550,BRAF|LIG4|NVL|PRKCE|PRKD1|MAP2K7|IFT88|IFT20|MCU,-2.8
MyList_MCODE_ALL,GO Biological Processes,19,GO:0072521,purine-containing compound metabolic process,19_GO:0009987 cellular process,-4.1,5.1,5.5,30230,505,106,9,8.5,2.7,2182|3988|4508|4541|4706|6095|26289|51422|197322,ACSL4|LIPA|ATP6|ND6|NDUFAB1|RORA|AK5|PRKAG2|ACSF3,-2.8
MyList_MCODE_ALL,GO Cellular Components,20,GO:0097733,photoreceptor cell cilium,,-4.1,12,7,30230,123,106,5,4.7,2.1,9742|55764|57728|90410|123016,IFT140|IFT122|WDR19|IFT20|TTC8,-2.8
MyList_MCODE_ALL,GO Biological Processes,19,GO:0009144,purine nucleoside triphosphate metabolic process,19_GO:0009987 cellular process,-4.1,8.6,6.4,30230,200,106,6,5.7,2.2,3988|4508|4541|4706|26289|51422,LIPA|ATP6|ND6|NDUFAB1|AK5|PRKAG2,-2.8
MyList_MCODE_ALL,GO Biological Processes,19,GO:0051046,regulation of secretion,19_GO:0051179 localization,-4.1,4.5,5.3,30230,631,106,10,9.4,2.8,673|2182|5581|5582|5587|6845|10079|90550|134957|286097,BRAF|ACSL4|PRKCE|PRKCG|PRKD1|VAMP7|ATP9A|MCU|STXBP5|MICU3,-2.8
MyList_MCODE_ALL,GO Cellular Components,20,GO:0005743,mitochondrial inner membrane,,-4.1,5.1,5.5,30230,508,106,9,8.5,2.7,4508|4514|4541|4706|10975|60558|90550|221154|286097,ATP6|COX3|ND6|NDUFAB1|UQCR11|GUF1|MCU|MICU2|MICU3,-2.8
MyList_MCODE_ALL,WikiPathways,27,WP5434,Cancer pathways,,-4.1,5,5.5,30230,509,106,9,8.5,2.7,673|2353|3551|4292|5582|5602|6778|9138|9817,BRAF|FOS|IKBKB|MLH1|PRKCG|MAPK10|STAT6|ARHGEF1|KEAP1,-2.8
MyList_MCODE_ALL,GO Biological Processes,19,GO:0051560,mitochondrial calcium ion homeostasis,19_GO:0042592 homeostatic process,-4.1,36,10,30230,24,106,3,2.8,1.6,90550|221154|286097,MCU|MICU2|MICU3,-2.8
MyList_MCODE_ALL,Canonical Pathways,11,M17200,SA B CELL RECEPTOR COMPLEXES,,-4.1,36,10,30230,24,106,3,2.8,1.6,2353|7410|10451,FOS|VAV2|VAV3,-2.8
MyList_MCODE_ALL,GO Biological Processes,19,GO:0009150,purine ribonucleotide metabolic process,19_GO:0009987 cellular process,-4.1,6.8,5.9,30230,293,106,7,6.6,2.4,3988|4508|4541|4706|6095|26289|51422,LIPA|ATP6|ND6|NDUFAB1|RORA|AK5|PRKAG2,-2.8
MyList_MCODE_ALL,GO Biological Processes,19,GO:0043200,response to amino acid,19_GO:0050896 response to stimulus,-4.1,11,6.9,30230,125,106,5,4.7,2.1,10325|27244|64121|84861|729438,RRAGB|SESN1|RRAGC|KLHL22|CASTOR2,-2.8
MyList_MCODE_ALL,Canonical Pathways,11,M272,PID CD8 TCR DOWNSTREAM PATHWAY,,-4.1,18,7.9,30230,65,106,4,3.8,1.9,673|2353|3726|5581,BRAF|FOS|JUNB|PRKCE,-2.7
MyList_MCODE_ALL,GO Biological Processes,19,GO:0001775,cell activation,19_GO:0032501 multicellular organismal process,-4.1,4.1,5.1,30230,769,106,11,10,3,673|3981|3988|4292|5580|5581|6095|6778|6845|7410|10451,BRAF|LIG4|LIPA|MLH1|PRKCD|PRKCE|RORA|STAT6|VAMP7|VAV2|VAV3,-2.7
MyList_MCODE_ALL,GO Biological Processes,19,GO:0009060,aerobic respiration,19_GO:0009987 cellular process,-4.1,8.4,6.3,30230,204,106,6,5.7,2.2,3988|4508|4514|4541|4706|10975,LIPA|ATP6|COX3|ND6|NDUFAB1|UQCR11,-2.7
MyList_MCODE_ALL,GO Cellular Components,20,GO:0005774,vacuolar membrane,,-4,5,5.4,30230,518,106,9,8.5,2.7,5587|6845|9681|9821|10325|64121|79726|84061|84219,PRKD1|VAMP7|DEPDC5|RB1CC1|RRAGB|RRAGC|WDR59|MAGT1|WDR24,-2.7
MyList_MCODE_ALL,GO Biological Processes,19,GO:0006979,response to oxidative stress,19_GO:0050896 response to stimulus,-4,5.7,5.6,30230,403,106,8,7.5,2.6,2068|2071|2353|5192|5563|5580|5587|9817,ERCC2|ERCC3|FOS|PEX10|PRKAA2|PRKCD|PRKD1|KEAP1,-2.7
MyList_MCODE_ALL,GO Biological Processes,19,GO:0009410,response to xenobiotic stimulus,19_GO:0050896 response to stimulus,-4,5.6,5.6,30230,404,106,8,7.5,2.6,673|2353|3988|5563|5581|6095|7410|10451,BRAF|FOS|LIPA|PRKAA2|PRKCE|RORA|VAV2|VAV3,-2.7
MyList_MCODE_ALL,KEGG Pathway,24,hsa04010,MAPK signaling pathway,,-4,6.7,5.8,30230,300,106,7,6.6,2.4,673|2353|3551|5582|5602|5609|10454,BRAF|FOS|IKBKB|PRKCG|MAPK10|MAP2K7|TAB1,-2.7
MyList_MCODE_ALL,GO Biological Processes,19,GO:1903532,positive regulation of secretion by cell,19_GO:0051179 localization,-4,6.6,5.8,30230,301,106,7,6.6,2.4,2182|5581|5587|6845|90550|134957|286097,ACSL4|PRKCE|PRKD1|VAMP7|MCU|STXBP5|MICU3,-2.7
MyList_MCODE_ALL,GO Biological Processes,19,GO:0051301,cell division,19_GO:0009987 cellular process,-4,4.9,5.3,30230,523,106,9,8.5,2.7,2068|3981|5581|29882|55958|57448|57542|64682|84861,ERCC2|LIG4|PRKCE|ANAPC2|KLHL9|BIRC6|KLHL42|ANAPC1|KLHL22,-2.7
MyList_MCODE_ALL,GO Biological Processes,19,GO:0009165,nucleotide biosynthetic process,19_GO:0009987 cellular process,-4,8.2,6.2,30230,209,106,6,5.7,2.2,3988|4508|4541|4706|26289|51422,LIPA|ATP6|ND6|NDUFAB1|AK5|PRKAG2,-2.7
MyList_MCODE_ALL,GO Biological Processes,19,GO:0002764,immune response-regulating signaling pathway,19_GO:0002376 immune system process,-4,5.6,5.5,30230,408,106,8,7.5,2.6,673|3551|5580|5581|5602|5609|7410|10451,BRAF|IKBKB|PRKCD|PRKCE|MAPK10|MAP2K7|VAV2|VAV3,-2.7
MyList_MCODE_ALL,WikiPathways,27,WP5500,Bempedoic acid therapy in atherosclerosis and metabolic syndrome,,-4,33,9.7,30230,26,106,3,2.8,1.6,5563|5602|51422,PRKAA2|MAPK10|PRKAG2,-2.7
MyList_MCODE_ALL,GO Biological Processes,19,GO:0110154,RNA decapping,19_GO:0009987 cellular process,-4,33,9.7,30230,26,106,3,2.8,1.6,23658|27257|167227,LSM5|LSM1|DCP2,-2.7
MyList_MCODE_ALL,WikiPathways,27,WP5563,RNA polymerase II transcription the preinitiation complex,,-4,17,7.7,30230,69,106,4,3.8,1.9,2071|6837|6908|9439,ERCC3|MED22|TBP|MED23,-2.7
MyList_MCODE_ALL,KEGG Pathway,24,hsa04664,Fc epsilon RI signaling pathway,,-4,17,7.7,30230,69,106,4,3.8,1.9,5602|5609|7410|10451,MAPK10|MAP2K7|VAV2|VAV3,-2.7
MyList_MCODE_ALL,Reactome Gene Sets,6,R-HSA-73887,Death Receptor Signaling,,-4,11,6.7,30230,132,106,5,4.7,2.1,3551|7410|9138|10451|10454,IKBKB|VAV2|ARHGEF1|VAV3|TAB1,-2.7
MyList_MCODE_ALL,Reactome Gene Sets,6,R-HSA-9006934,Signaling by Receptor Tyrosine Kinases,,-4,4.8,5.3,30230,531,106,9,8.5,2.7,673|2353|3726|5580|5581|6778|7410|10451|90423,BRAF|FOS|JUNB|PRKCD|PRKCE|STAT6|VAV2|VAV3|ATP6V1E2,-2.7
MyList_MCODE_ALL,KEGG Pathway,24,hsa04068,FoxO signaling pathway,,-4,11,6.7,30230,133,106,5,4.7,2.1,673|3551|5563|5602|51422,BRAF|IKBKB|PRKAA2|MAPK10|PRKAG2,-2.6
MyList_MCODE_ALL,GO Cellular Components,20,GO:0005815,microtubule organizing center,,-4,4,5,30230,793,106,11,10,3,2733|5563|8100|9742|26160|55764|57448|57560|84861|90410|123016,GLE1|PRKAA2|IFT88|IFT140|IFT172|IFT122|BIRC6|IFT80|KLHL22|IFT20|TTC8,-2.6
MyList_MCODE_ALL,WikiPathways,27,WP5130,Th17 cell differentiation pathway,,-4,16,7.6,30230,70,106,4,3.8,1.9,2353|3551|6095|6778,FOS|IKBKB|RORA|STAT6,-2.6
MyList_MCODE_ALL,Canonical Pathways,11,M81,PID CDC42 PATHWAY,,-4,16,7.6,30230,70,106,4,3.8,1.9,673|5581|5609|7410,BRAF|PRKCE|MAP2K7|VAV2,-2.6
MyList_MCODE_ALL,GO Biological Processes,19,GO:0001701,in utero embryonic development,19_GO:0032502 developmental process,-4,5.5,5.5,30230,415,106,8,7.5,2.6,2068|3726|3981|9817|10454|51542|57448|57728,ERCC2|JUNB|LIG4|KEAP1|TAB1|VPS54|BIRC6|WDR19,-2.6
MyList_MCODE_ALL,KEGG Pathway,24,hsa05200,Pathways in cancer,,-4,4.8,5.3,30230,533,106,9,8.5,2.7,673|2353|3551|4292|5582|5602|6778|9138|9817,BRAF|FOS|IKBKB|MLH1|PRKCG|MAPK10|STAT6|ARHGEF1|KEAP1,-2.6
MyList_MCODE_ALL,KEGG Pathway,24,hsa04270,Vascular smooth muscle contraction,,-3.9,11,6.6,30230,134,106,5,4.7,2.1,673|5580|5581|5582|9138,BRAF|PRKCD|PRKCE|PRKCG|ARHGEF1,-2.6
MyList_MCODE_ALL,Reactome Gene Sets,6,R-HSA-167160,RNA Pol II CTD phosphorylation and interaction with CE during HIV infection,,-3.9,32,9.5,30230,27,106,3,2.8,1.6,2068|2071|2968,ERCC2|ERCC3|GTF2H4,-2.6
MyList_MCODE_ALL,Reactome Gene Sets,6,R-HSA-77075,RNA Pol II CTD phosphorylation and interaction with CE,,-3.9,32,9.5,30230,27,106,3,2.8,1.6,2068|2071|2968,ERCC2|ERCC3|GTF2H4,-2.6
MyList_MCODE_ALL,GO Cellular Components,20,GO:0019908,nuclear cyclin-dependent protein kinase holoenzyme complex,,-3.9,32,9.5,30230,27,106,3,2.8,1.6,2068|2071|2968,ERCC2|ERCC3|GTF2H4,-2.6
MyList_MCODE_ALL,Reactome Gene Sets,6,R-HSA-167172,Transcription of the HIV genome,,-3.9,16,7.5,30230,71,106,4,3.8,1.9,2068|2071|2968|6908,ERCC2|ERCC3|GTF2H4|TBP,-2.6
MyList_MCODE_ALL,GO Biological Processes,19,GO:0009141,nucleoside triphosphate metabolic process,19_GO:0009987 cellular process,-3.9,7.8,6,30230,218,106,6,5.7,2.2,3988|4508|4541|4706|26289|51422,LIPA|ATP6|ND6|NDUFAB1|AK5|PRKAG2,-2.6
MyList_MCODE_ALL,GO Biological Processes,19,GO:0009259,ribonucleotide metabolic process,19_GO:0009987 cellular process,-3.9,6.4,5.7,30230,314,106,7,6.6,2.4,3988|4508|4541|4706|6095|26289|51422,LIPA|ATP6|ND6|NDUFAB1|RORA|AK5|PRKAG2,-2.6
MyList_MCODE_ALL,GO Cellular Components,20,GO:1902495,transmembrane transporter complex,,-3.9,4.7,5.2,30230,541,106,9,8.5,2.7,4508|4514|4541|4706|10975|90550|134957|221154|286097,ATP6|COX3|ND6|NDUFAB1|UQCR11|MCU|STXBP5|MICU2|MICU3,-2.6
MyList_MCODE_ALL,WikiPathways,27,WP4216,Chromosomal and microsatellite instability in colorectal cancer,,-3.9,16,7.4,30230,73,106,4,3.8,1.9,673|2353|4292|5602,BRAF|FOS|MLH1|MAPK10,-2.6
MyList_MCODE_ALL,KEGG Pathway,24,hsa04910,Insulin signaling pathway,,-3.9,10,6.5,30230,138,106,5,4.7,2.1,673|3551|5563|5602|51422,BRAF|IKBKB|PRKAA2|MAPK10|PRKAG2,-2.6
MyList_MCODE_ALL,GO Biological Processes,19,GO:1901654,response to ketone,19_GO:0050896 response to stimulus,-3.9,7.8,6,30230,220,106,6,5.7,2.2,2353|3988|5563|5581|5587|51542,FOS|LIPA|PRKAA2|PRKCE|PRKD1|VPS54,-2.6
MyList_MCODE_ALL,GO Biological Processes,19,GO:0006401,RNA catabolic process,19_GO:0009987 cellular process,-3.9,7.7,6,30230,221,106,6,5.7,2.2,4292|23405|23658|27257|167227|192670,MLH1|DICER1|LSM5|LSM1|DCP2|AGO4,-2.6
MyList_MCODE_ALL,GO Biological Processes,19,GO:0006468,protein phosphorylation,19_GO:0009987 cellular process,-3.9,6.3,5.6,30230,318,106,7,6.6,2.4,673|3551|5580|5587|5602|6041|57448,BRAF|IKBKB|PRKCD|PRKD1|MAPK10|RNASEL|BIRC6,-2.6
MyList_MCODE_ALL,Reactome Gene Sets,6,R-HSA-159236,Transport of Mature mRNA derived from an Intron-Containing Transcript,,-3.9,15,7.4,30230,74,106,4,3.8,1.9,2733|23511|29107|55706,GLE1|NUP188|NXT1|NDC1,-2.6
MyList_MCODE_ALL,GO Biological Processes,19,GO:0001101,response to acid chemical,19_GO:0050896 response to stimulus,-3.9,10,6.5,30230,140,106,5,4.7,2.1,10325|27244|64121|84861|729438,RRAGB|SESN1|RRAGC|KLHL22|CASTOR2,-2.6
MyList_MCODE_ALL,GO Biological Processes,19,GO:0019693,ribose phosphate metabolic process,19_GO:0009987 cellular process,-3.8,6.2,5.6,30230,321,106,7,6.6,2.4,3988|4508|4541|4706|6095|26289|51422,LIPA|ATP6|ND6|NDUFAB1|RORA|AK5|PRKAG2,-2.6
MyList_MCODE_ALL,KEGG Pathway,24,hsa05166,Human T-cell leukemia virus 1 infection,,-3.8,7.6,5.9,30230,224,106,6,5.7,2.2,2353|3551|5602|6908|29882|64682,FOS|IKBKB|MAPK10|TBP|ANAPC2|ANAPC1,-2.6
MyList_MCODE_ALL,GO Biological Processes,19,GO:0006402,mRNA catabolic process,19_GO:0048519 negative regulation of biological process,-3.8,10,6.4,30230,141,106,5,4.7,2.1,4292|23658|27257|167227|192670,MLH1|LSM5|LSM1|DCP2|AGO4,-2.6
MyList_MCODE_ALL,Reactome Gene Sets,6,R-HSA-72086,mRNA Capping,,-3.8,30,9.1,30230,29,106,3,2.8,1.6,2068|2071|2968,ERCC2|ERCC3|GTF2H4,-2.6
MyList_MCODE_ALL,WikiPathways,27,WP69,T cell receptor signaling,,-3.8,15,7.3,30230,75,106,4,3.8,1.9,2353|3551|5580|10451,FOS|IKBKB|PRKCD|VAV3,-2.6
MyList_MCODE_ALL,GO Biological Processes,19,GO:0051047,positive regulation of secretion,19_GO:0051179 localization,-3.8,6.2,5.6,30230,322,106,7,6.6,2.4,2182|5581|5587|6845|90550|134957|286097,ACSL4|PRKCE|PRKD1|VAMP7|MCU|STXBP5|MICU3,-2.6
MyList_MCODE_ALL,GO Biological Processes,19,GO:0002366,leukocyte activation involved in immune response,19_GO:0002376 immune system process,-3.8,7.6,5.9,30230,225,106,6,5.7,2.2,3981|4292|5581|6095|6778|6845,LIG4|MLH1|PRKCE|RORA|STAT6|VAMP7,-2.5
MyList_MCODE_ALL,KEGG Pathway,24,hsa04120,Ubiquitin mediated proteolysis,,-3.8,10,6.4,30230,142,106,5,4.7,2.1,9817|29882|55958|57448|64682,KEAP1|ANAPC2|KLHL9|BIRC6|ANAPC1,-2.5
MyList_MCODE_ALL,WikiPathways,27,WP4341,Non genomic actions of 1 25 dihydroxyvitamin D3,,-3.8,15,7.3,30230,76,106,4,3.8,1.9,3551|5580|5581|5582,IKBKB|PRKCD|PRKCE|PRKCG,-2.5
MyList_MCODE_ALL,GO Biological Processes,19,GO:0034599,cellular response to oxidative stress,19_GO:0050896 response to stimulus,-3.8,7.5,5.8,30230,229,106,6,5.7,2.2,2353|5192|5563|5580|5587|9817,FOS|PEX10|PRKAA2|PRKCD|PRKD1|KEAP1,-2.5
MyList_MCODE_ALL,GO Biological Processes,19,GO:0002263,cell activation involved in immune response,19_GO:0002376 immune system process,-3.8,7.5,5.8,30230,229,106,6,5.7,2.2,3981|4292|5581|6095|6778|6845,LIG4|MLH1|PRKCE|RORA|STAT6|VAMP7,-2.5
MyList_MCODE_ALL,WikiPathways,27,WP1449,Regulation of toll like receptor signaling,,-3.8,9.8,6.3,30230,145,106,5,4.7,2.1,2353|3551|5602|5609|10454,FOS|IKBKB|MAPK10|MAP2K7|TAB1,-2.5
MyList_MCODE_ALL,Reactome Gene Sets,6,R-HSA-166016,Toll Like Receptor 4 (TLR4) Cascade,,-3.8,9.8,6.3,30230,145,106,5,4.7,2.1,2353|3551|5602|5609|10454,FOS|IKBKB|MAPK10|MAP2K7|TAB1,-2.5
MyList_MCODE_ALL,GO Biological Processes,19,GO:1901137,carbohydrate derivative biosynthetic process,19_GO:0009987 cellular process,-3.8,4.6,5.1,30230,561,106,9,8.5,2.7,3988|4508|4541|4706|10195|26289|29880|51422|84061,LIPA|ATP6|ND6|NDUFAB1|ALG3|AK5|ALG5|PRKAG2|MAGT1,-2.5
MyList_MCODE_ALL,GO Cellular Components,20,GO:1990351,transporter complex,,-3.8,4.6,5.1,30230,563,106,9,8.5,2.7,4508|4514|4541|4706|10975|90550|134957|221154|286097,ATP6|COX3|ND6|NDUFAB1|UQCR11|MCU|STXBP5|MICU2|MICU3,-2.5
MyList_MCODE_ALL,GO Cellular Components,20,GO:0019866,organelle inner membrane,,-3.8,4.5,5,30230,565,106,9,8.5,2.7,4508|4514|4541|4706|10975|60558|90550|221154|286097,ATP6|COX3|ND6|NDUFAB1|UQCR11|GUF1|MCU|MICU2|MICU3,-2.5
MyList_MCODE_ALL,GO Biological Processes,19,GO:0046887,positive regulation of hormone secretion,19_GO:0051179 localization,-3.7,9.6,6.2,30230,148,106,5,4.7,2.1,2182|5581|5587|6845|90550,ACSL4|PRKCE|PRKD1|VAMP7|MCU,-2.5
MyList_MCODE_ALL,GO Biological Processes,19,GO:0006914,autophagy,19_GO:0009987 cellular process,-3.7,6,5.4,30230,335,106,7,6.6,2.4,5563|6845|9821|26249|60673|84219|339122,PRKAA2|VAMP7|RB1CC1|KLHL3|ATG101|WDR24|RAB43,-2.5
MyList_MCODE_ALL,GO Biological Processes,19,GO:0061919,process utilizing autophagic mechanism,19_GO:0009987 cellular process,-3.7,6,5.4,30230,335,106,7,6.6,2.4,5563|6845|9821|26249|60673|84219|339122,PRKAA2|VAMP7|RB1CC1|KLHL3|ATG101|WDR24|RAB43,-2.5
MyList_MCODE_ALL,GO Biological Processes,19,GO:0006631,fatty acid metabolic process,19_GO:0009987 cellular process,-3.7,6,5.4,30230,335,106,7,6.6,2.4,2182|3988|4706|5563|51422|55825|197322,ACSL4|LIPA|NDUFAB1|PRKAA2|PRKAG2|PECR|ACSF3,-2.5
MyList_MCODE_ALL,WikiPathways,27,WP5530,MAPK signaling and ARTD family members,,-3.7,27,8.6,30230,32,106,3,2.8,1.6,673|5602|5609,BRAF|MAPK10|MAP2K7,-2.4
MyList_MCODE_ALL,GO Biological Processes,19,GO:0006753,nucleoside phosphate metabolic process,19_GO:0009987 cellular process,-3.7,4.4,5,30230,577,106,9,8.5,2.7,2182|3988|4508|4541|4706|6095|26289|51422|197322,ACSL4|LIPA|ATP6|ND6|NDUFAB1|RORA|AK5|PRKAG2|ACSF3,-2.4
MyList_MCODE_ALL,Reactome Gene Sets,6,R-HSA-674695,RNA Polymerase II Pre-transcription Events,,-3.7,14,6.9,30230,82,106,4,3.8,1.9,2068|2071|2968|6908,ERCC2|ERCC3|GTF2H4|TBP,-2.4
MyList_MCODE_ALL,WikiPathways,27,WP2261,Glioblastoma signaling,,-3.7,14,6.9,30230,82,106,4,3.8,1.9,673|5580|5582|5609,BRAF|PRKCD|PRKCG|MAP2K7,-2.4
MyList_MCODE_ALL,GO Biological Processes,19,GO:0010038,response to metal ion,19_GO:0050896 response to stimulus,-3.7,5.9,5.3,30230,341,106,7,6.6,2.4,673|2353|3726|5563|51542|221154|286097,BRAF|FOS|JUNB|PRKAA2|VPS54|MICU2|MICU3,-2.4
MyList_MCODE_ALL,Reactome Gene Sets,6,R-HSA-113418,Formation of the Early Elongation Complex,,-3.7,26,8.5,30230,33,106,3,2.8,1.6,2068|2071|2968,ERCC2|ERCC3|GTF2H4,-2.4
MyList_MCODE_ALL,WikiPathways,27,WP408,Oxidative stress response,,-3.7,26,8.5,30230,33,106,3,2.8,1.6,2353|3726|5602,FOS|JUNB|MAPK10,-2.4
MyList_MCODE_ALL,WikiPathways,27,WP422,MAPK cascade,,-3.7,26,8.5,30230,33,106,3,2.8,1.6,673|5602|5609,BRAF|MAPK10|MAP2K7,-2.4
MyList_MCODE_ALL,Reactome Gene Sets,6,R-HSA-167158,Formation of the HIV-1 Early Elongation Complex,,-3.7,26,8.5,30230,33,106,3,2.8,1.6,2068|2071|2968,ERCC2|ERCC3|GTF2H4,-2.4
MyList_MCODE_ALL,Reactome Gene Sets,6,R-HSA-72202,Transport of Mature Transcript to Cytoplasm,,-3.7,14,6.9,30230,83,106,4,3.8,1.9,2733|23511|29107|55706,GLE1|NUP188|NXT1|NDC1,-2.4
MyList_MCODE_ALL,WikiPathways,27,WP289,Myometrial relaxation and contraction pathways,,-3.6,9.1,6,30230,156,106,5,4.7,2.1,2353|5580|5581|5582|5587,FOS|PRKCD|PRKCE|PRKCG|PRKD1,-2.4
MyList_MCODE_ALL,KEGG Pathway,24,hsa04710,Circadian rhythm,,-3.6,25,8.4,30230,34,106,3,2.8,1.6,5563|6095|51422,PRKAA2|RORA|PRKAG2,-2.4
MyList_MCODE_ALL,Canonical Pathways,11,M270,PID MAPK TRK PATHWAY,,-3.6,25,8.4,30230,34,106,3,2.8,1.6,673|2353|5580,BRAF|FOS|PRKCD,-2.4
MyList_MCODE_ALL,GO Cellular Components,20,GO:0036464,cytoplasmic ribonucleoprotein granule,,-3.6,7,5.6,30230,246,106,6,5.7,2.2,5563|9582|27257|167227|192670|200316,PRKAA2|APOBEC3B|LSM1|DCP2|AGO4|APOBEC3F,-2.4
MyList_MCODE_ALL,Reactome Gene Sets,6,R-HSA-2029480,Fcgamma receptor (FCGR) dependent phagocytosis,,-3.6,13,6.8,30230,86,106,4,3.8,1.9,5580|5581|7410|10451,PRKCD|PRKCE|VAV2|VAV3,-2.4
MyList_MCODE_ALL,KEGG Pathway,24,hsa04012,ErbB signaling pathway,,-3.6,13,6.8,30230,86,106,4,3.8,1.9,673|5582|5602|5609,BRAF|PRKCG|MAPK10|MAP2K7,-2.4
MyList_MCODE_ALL,GO Biological Processes,19,GO:0002285,lymphocyte activation involved in immune response,19_GO:0002376 immune system process,-3.6,9,6,30230,159,106,5,4.7,2.1,3981|4292|6095|6778|6845,LIG4|MLH1|RORA|STAT6|VAMP7,-2.3
MyList_MCODE_ALL,KEGG Pathway,24,hsa05210,Colorectal cancer,,-3.6,13,6.7,30230,87,106,4,3.8,1.9,673|2353|4292|5602,BRAF|FOS|MLH1|MAPK10,-2.3
MyList_MCODE_ALL,GO Biological Processes,19,GO:0019646,aerobic electron transport chain,19_GO:0009987 cellular process,-3.6,13,6.7,30230,87,106,4,3.8,1.9,4514|4541|4706|10975,COX3|ND6|NDUFAB1|UQCR11,-2.3
MyList_MCODE_ALL,GO Cellular Components,20,GO:0016591,"RNA polymerase II, holoenzyme",,-3.6,13,6.7,30230,87,106,4,3.8,1.9,2068|2071|2968|6908,ERCC2|ERCC3|GTF2H4|TBP,-2.3
MyList_MCODE_ALL,KEGG Pathway,24,hsa05132,Salmonella infection,,-3.6,6.8,5.5,30230,251,106,6,5.7,2.2,2353|3551|5602|5609|8677|10454,FOS|IKBKB|MAPK10|MAP2K7|STX10|TAB1,-2.3
MyList_MCODE_ALL,WikiPathways,27,WP5094,Orexin receptor pathway,,-3.6,13,6.7,30230,88,106,4,3.8,1.9,5580|5581|5587|64121,PRKCD|PRKCE|PRKD1|RRAGC,-2.3
MyList_MCODE_ALL,GO Biological Processes,19,GO:0032535,regulation of cellular component size,19_GO:0065007 biological regulation,-3.6,5.6,5.2,30230,356,106,7,6.6,2.4,5580|5581|5587|7410|9821|10451|29882,PRKCD|PRKCE|PRKD1|VAV2|RB1CC1|VAV3|ANAPC2,-2.3
MyList_MCODE_ALL,GO Biological Processes,19,GO:0006909,phagocytosis,19_GO:0051179 localization,-3.6,8.8,5.9,30230,162,106,5,4.7,2.1,5580|5581|6845|7410|10451,PRKCD|PRKCE|VAMP7|VAV2|VAV3,-2.3
MyList_MCODE_ALL,WikiPathways,27,WP4263,Pancreatic adenocarcinoma pathway,,-3.6,13,6.6,30230,89,106,4,3.8,1.9,673|3551|5580|5602,BRAF|IKBKB|PRKCD|MAPK10,-2.3
MyList_MCODE_ALL,GO Biological Processes,19,GO:0055086,nucleobase-containing small molecule metabolic process,19_GO:0009987 cellular process,-3.6,4.2,4.8,30230,604,106,9,8.5,2.7,2182|3988|4508|4541|4706|6095|26289|51422|197322,ACSL4|LIPA|ATP6|ND6|NDUFAB1|RORA|AK5|PRKAG2|ACSF3,-2.3
MyList_MCODE_ALL,GO Biological Processes,19,GO:0016310,phosphorylation,19_GO:0009987 cellular process,-3.5,5.5,5.1,30230,361,106,7,6.6,2.4,673|3551|5580|5587|5602|6041|57448,BRAF|IKBKB|PRKCD|PRKD1|MAPK10|RNASEL|BIRC6,-2.3
MyList_MCODE_ALL,Reactome Gene Sets,6,R-HSA-73772,RNA Polymerase I Promoter Escape,,-3.5,13,6.6,30230,90,106,4,3.8,1.9,2068|2071|2968|6908,ERCC2|ERCC3|GTF2H4|TBP,-2.3
MyList_MCODE_ALL,GO Biological Processes,19,GO:0046928,regulation of neurotransmitter secretion,19_GO:0051179 localization,-3.5,13,6.6,30230,90,106,4,3.8,1.9,673|5582|134957|286097,BRAF|PRKCG|STXBP5|MICU3,-2.3
MyList_MCODE_ALL,WikiPathways,27,WP673,ErbB signaling,,-3.5,13,6.6,30230,90,106,4,3.8,1.9,673|5582|5602|5609,BRAF|PRKCG|MAPK10|MAP2K7,-2.3
MyList_MCODE_ALL,WikiPathways,27,WP3929,Chemokine signaling,,-3.5,8.6,5.8,30230,165,106,5,4.7,2.1,673|3551|5580|7410|10451,BRAF|IKBKB|PRKCD|VAV2|VAV3,-2.3
MyList_MCODE_ALL,GO Biological Processes,19,GO:0042775,mitochondrial ATP synthesis coupled electron transport,19_GO:0009987 cellular process,-3.5,13,6.5,30230,91,106,4,3.8,1.9,4514|4541|4706|10975,COX3|ND6|NDUFAB1|UQCR11,-2.3
MyList_MCODE_ALL,KEGG Pathway,24,hsa04662,B cell receptor signaling pathway,,-3.5,13,6.5,30230,91,106,4,3.8,1.9,2353|3551|7410|10451,FOS|IKBKB|VAV2|VAV3,-2.3
MyList_MCODE_ALL,GO Biological Processes,19,GO:0042773,ATP synthesis coupled electron transport,19_GO:0009987 cellular process,-3.5,13,6.5,30230,91,106,4,3.8,1.9,4514|4541|4706|10975,COX3|ND6|NDUFAB1|UQCR11,-2.3
MyList_MCODE_ALL,GO Biological Processes,19,GO:0022618,protein-RNA complex assembly,19_GO:0009987 cellular process,-3.5,6.6,5.4,30230,259,106,6,5.7,2.2,4706|4931|23405|23658|64745|192670,NDUFAB1|NVL|DICER1|LSM5|METTL17|AGO4,-2.3
MyList_MCODE_ALL,WikiPathways,27,WP23,B cell receptor signaling,,-3.5,12,6.5,30230,92,106,4,3.8,1.9,673|3551|5580|7410,BRAF|IKBKB|PRKCD|VAV2,-2.3
MyList_MCODE_ALL,GO Cellular Components,20,GO:0055029,nuclear DNA-directed RNA polymerase complex,,-3.5,12,6.5,30230,92,106,4,3.8,1.9,2068|2071|2968|6908,ERCC2|ERCC3|GTF2H4|TBP,-2.3
MyList_MCODE_ALL,Canonical Pathways,11,M94,PID FAS PATHWAY,,-3.5,23,7.9,30230,38,106,3,2.8,1.6,3551|5602|5609,IKBKB|MAPK10|MAP2K7,-2.3
MyList_MCODE_ALL,GO Biological Processes,19,GO:0006163,purine nucleotide metabolic process,19_GO:0009987 cellular process,-3.5,5.4,5.1,30230,368,106,7,6.6,2.4,3988|4508|4541|4706|6095|26289|51422,LIPA|ATP6|ND6|NDUFAB1|RORA|AK5|PRKAG2,-2.3
MyList_MCODE_ALL,KEGG Pathway,24,hsa04658,Th1 and Th2 cell differentiation,,-3.5,12,6.5,30230,93,106,4,3.8,1.9,2353|3551|5602|6778,FOS|IKBKB|MAPK10|STAT6,-2.2
MyList_MCODE_ALL,GO Biological Processes,19,GO:0002429,immune response-activating cell surface receptor signaling pathway,19_GO:0002376 immune system process,-3.5,6.5,5.3,30230,262,106,6,5.7,2.2,673|3551|5580|5581|7410|10451,BRAF|IKBKB|PRKCD|PRKCE|VAV2|VAV3,-2.2
MyList_MCODE_ALL,Reactome Gene Sets,6,R-HSA-556833,Metabolism of lipids,,-3.5,3.8,4.6,30230,757,106,10,9.4,2.8,2182|4706|5563|5587|6095|6837|9439|51422|55825|197322,ACSL4|NDUFAB1|PRKAA2|PRKD1|RORA|MED22|MED23|PRKAG2|PECR|ACSF3,-2.2
MyList_MCODE_ALL,Reactome Gene Sets,6,R-HSA-168898,Toll-like Receptor Cascades,,-3.5,8.4,5.7,30230,170,106,5,4.7,2.1,2353|3551|5602|5609|10454,FOS|IKBKB|MAPK10|MAP2K7|TAB1,-2.2
MyList_MCODE_ALL,KEGG Pathway,24,hsa04530,Tight junction,,-3.5,8.4,5.7,30230,170,106,5,4.7,2.1,5563|5581|5602|5609|51422,PRKAA2|PRKCE|MAPK10|MAP2K7|PRKAG2,-2.2
MyList_MCODE_ALL,Reactome Gene Sets,6,R-HSA-193704,p75 NTR receptor-mediated signalling,,-3.5,12,6.4,30230,94,106,4,3.8,1.9,3551|7410|9138|10451,IKBKB|VAV2|ARHGEF1|VAV3,-2.2
MyList_MCODE_ALL,WikiPathways,27,WP4871,Kisspeptin kisspeptin receptor system in the ovary,,-3.5,22,7.8,30230,39,106,3,2.8,1.6,5580|5581|5582,PRKCD|PRKCE|PRKCG,-2.2
MyList_MCODE_ALL,GO Biological Processes,19,GO:0140467,integrated stress response signaling,19_GO:0050896 response to stimulus,-3.5,22,7.8,30230,39,106,3,2.8,1.6,1052|2353|3726,CEBPD|FOS|JUNB,-2.2
MyList_MCODE_ALL,Reactome Gene Sets,6,R-HSA-8853884,Transcriptional Regulation by VENTX,,-3.5,22,7.8,30230,39,106,3,2.8,1.6,29882|64682|192670,ANAPC2|ANAPC1|AGO4,-2.2
MyList_MCODE_ALL,GO Biological Processes,19,GO:0071826,protein-RNA complex organization,19_GO:0009987 cellular process,-3.4,6.4,5.3,30230,268,106,6,5.7,2.2,4706|4931|23405|23658|64745|192670,NDUFAB1|NVL|DICER1|LSM5|METTL17|AGO4,-2.2
MyList_MCODE_ALL,GO Biological Processes,19,GO:0060122,inner ear receptor cell stereocilium organization,19_GO:0032502 developmental process,-3.4,21,7.7,30230,40,106,3,2.8,1.6,8100|90410|123016,IFT88|IFT20|TTC8,-2.2
MyList_MCODE_ALL,WikiPathways,27,WP4963,p53 transcriptional gene network,,-3.4,12,6.3,30230,97,106,4,3.8,1.9,4292|5563|27244|51422,MLH1|PRKAA2|SESN1|PRKAG2,-2.2
MyList_MCODE_ALL,GO Biological Processes,19,GO:0007018,microtubule-based movement,19_GO:0009987 cellular process,-3.4,4.5,4.8,30230,502,106,8,7.5,2.6,8100|9742|26160|55764|57560|57728|79809|90410,IFT88|IFT140|IFT172|IFT122|IFT80|WDR19|TTC21B|IFT20,-2.2
MyList_MCODE_ALL,GO Cellular Components,20,GO:0005643,nuclear pore,,-3.4,12,6.3,30230,98,106,4,3.8,1.9,2733|23511|29107|55706,GLE1|NUP188|NXT1|NDC1,-2.2
MyList_MCODE_ALL,Reactome Gene Sets,6,R-HSA-5696400,Dual Incision in GG-NER,,-3.4,21,7.6,30230,41,106,3,2.8,1.6,2068|2071|2968,ERCC2|ERCC3|GTF2H4,-2.2
MyList_MCODE_ALL,GO Biological Processes,19,GO:0008361,regulation of cell size,19_GO:0065007 biological regulation,-3.4,8.1,5.6,30230,177,106,5,4.7,2.1,5587|7410|9821|10451|29882,PRKD1|VAV2|RB1CC1|VAV3|ANAPC2,-2.2
MyList_MCODE_ALL,GO Biological Processes,19,GO:0006259,DNA metabolic process,19_GO:0009987 cellular process,-3.4,3.7,4.5,30230,777,106,10,9.4,2.8,2068|2071|2968|3981|4292|9582|23405|51542|91419|200316,ERCC2|ERCC3|GTF2H4|LIG4|MLH1|APOBEC3B|DICER1|VPS54|ATP23|APOBEC3F,-2.2
MyList_MCODE_ALL,GO Biological Processes,19,GO:0045321,leukocyte activation,19_GO:0002376 immune system process,-3.4,4,4.6,30230,637,106,9,8.5,2.7,673|3981|3988|4292|5580|5581|6095|6778|6845,BRAF|LIG4|LIPA|MLH1|PRKCD|PRKCE|RORA|STAT6|VAMP7,-2.2
MyList_MCODE_ALL,KEGG Pathway,24,hsa04750,Inflammatory mediator regulation of TRP channels,,-3.4,12,6.2,30230,99,106,4,3.8,1.9,5580|5581|5582|5602,PRKCD|PRKCE|PRKCG|MAPK10,-2.2
MyList_MCODE_ALL,GO Biological Processes,19,GO:1903131,mononuclear cell differentiation,19_GO:0032502 developmental process,-3.4,5.2,4.9,30230,384,106,7,6.6,2.4,673|2353|3981|3988|6095|6778|51542,BRAF|FOS|LIG4|LIPA|RORA|STAT6|VPS54,-2.2
MyList_MCODE_ALL,GO Biological Processes,19,GO:1990776,response to angiotensin,19_GO:0050896 response to stimulus,-3.4,20,7.5,30230,42,106,3,2.8,1.6,5580|5582|5587,PRKCD|PRKCG|PRKD1,-2.1
MyList_MCODE_ALL,GO Biological Processes,19,GO:0046649,lymphocyte activation,19_GO:0002376 immune system process,-3.4,4.5,4.7,30230,510,106,8,7.5,2.6,673|3981|3988|4292|5580|6095|6778|6845,BRAF|LIG4|LIPA|MLH1|PRKCD|RORA|STAT6|VAMP7,-2.1
MyList_MCODE_ALL,WikiPathways,27,WP185,Integrin mediated cell adhesion,,-3.3,11,6.1,30230,102,106,4,3.8,1.9,673|5602|7410|10451,BRAF|MAPK10|VAV2|VAV3,-2.1
MyList_MCODE_ALL,Reactome Gene Sets,6,R-HSA-1489509,DAG and IP3 signaling,,-3.3,20,7.4,30230,43,106,3,2.8,1.6,5580|5581|5582,PRKCD|PRKCE|PRKCG,-2.1
MyList_MCODE_ALL,Reactome Gene Sets,6,R-HSA-167169,HIV Transcription Elongation,,-3.3,20,7.4,30230,43,106,3,2.8,1.6,2068|2071|2968,ERCC2|ERCC3|GTF2H4,-2.1
MyList_MCODE_ALL,GO Biological Processes,19,GO:0016126,sterol biosynthetic process,19_GO:0009987 cellular process,-3.3,20,7.4,30230,43,106,3,2.8,1.6,3988|5563|51422,LIPA|PRKAA2|PRKAG2,-2.1
MyList_MCODE_ALL,Reactome Gene Sets,6,R-HSA-167200,Formation of HIV-1 elongation complex containing HIV-1 Tat,,-3.3,20,7.4,30230,43,106,3,2.8,1.6,2068|2071|2968,ERCC2|ERCC3|GTF2H4,-2.1
MyList_MCODE_ALL,Reactome Gene Sets,6,R-HSA-5696395,Formation of Incision Complex in GG-NER,,-3.3,20,7.4,30230,43,106,3,2.8,1.6,2068|2071|2968,ERCC2|ERCC3|GTF2H4,-2.1
MyList_MCODE_ALL,Canonical Pathways,11,M238,PID THROMBIN PAR1 PATHWAY,,-3.3,20,7.4,30230,43,106,3,2.8,1.6,5580|5582|9138,PRKCD|PRKCG|ARHGEF1,-2.1
MyList_MCODE_ALL,Reactome Gene Sets,6,R-HSA-167246,Tat-mediated elongation of the HIV-1 transcript,,-3.3,20,7.4,30230,43,106,3,2.8,1.6,2068|2071|2968,ERCC2|ERCC3|GTF2H4,-2.1
MyList_MCODE_ALL,GO Biological Processes,19,GO:0046394,carboxylic acid biosynthetic process,19_GO:0009987 cellular process,-3.3,6.1,5.1,30230,280,106,6,5.7,2.2,2182|4706|5563|51422|55825|197322,ACSL4|NDUFAB1|PRKAA2|PRKAG2|PECR|ACSF3,-2.1
MyList_MCODE_ALL,GO Biological Processes,19,GO:0022613,ribonucleoprotein complex biogenesis,19_GO:0009987 cellular process,-3.3,4.4,4.7,30230,515,106,8,7.5,2.6,2068|4706|4931|6041|23405|23658|64745|192670,ERCC2|NDUFAB1|NVL|RNASEL|DICER1|LSM5|METTL17|AGO4,-2.1
MyList_MCODE_ALL,GO Cellular Components,20,GO:0031966,mitochondrial membrane,,-3.3,3.6,4.4,30230,793,106,10,9.4,2.8,2182|4508|4514|4541|4706|10975|60558|90550|221154|286097,ACSL4|ATP6|COX3|ND6|NDUFAB1|UQCR11|GUF1|MCU|MICU2|MICU3,-2.1
MyList_MCODE_ALL,GO Biological Processes,19,GO:0016053,organic acid biosynthetic process,19_GO:0009987 cellular process,-3.3,6,5.1,30230,283,106,6,5.7,2.2,2182|4706|5563|51422|55825|197322,ACSL4|NDUFAB1|PRKAA2|PRKAG2|PECR|ACSF3,-2.1
MyList_MCODE_ALL,WikiPathways,27,WP4753,Nucleotide excision repair,,-3.3,19,7.3,30230,44,106,3,2.8,1.6,2068|2071|2968,ERCC2|ERCC3|GTF2H4,-2.1
MyList_MCODE_ALL,GO Biological Processes,19,GO:0006906,vesicle fusion,19_GO:0051179 localization,-3.3,11,6,30230,104,106,4,3.8,1.9,6845|8677|10451|203062,VAMP7|STX10|VAV3|TSNARE1,-2.1
MyList_MCODE_ALL,GO Biological Processes,19,GO:0021510,spinal cord development,19_GO:0032502 developmental process,-3.3,11,6,30230,105,106,4,3.8,1.9,2068|26160|55764|57560,ERCC2|IFT172|IFT122|IFT80,-2.1
MyList_MCODE_ALL,Canonical Pathways,11,M164,PID ERBB1 DOWNSTREAM PATHWAY,,-3.3,11,6,30230,105,106,4,3.8,1.9,673|2353|5580|7410,BRAF|FOS|PRKCD|VAV2,-2.1
MyList_MCODE_ALL,Reactome Gene Sets,6,R-HSA-167152,Formation of HIV elongation complex in the absence of HIV Tat,,-3.3,19,7.2,30230,45,106,3,2.8,1.6,2068|2071|2968,ERCC2|ERCC3|GTF2H4,-2.1
MyList_MCODE_ALL,GO Biological Processes,19,GO:0007249,canonical NF-kappaB signal transduction,19_GO:0050896 response to stimulus,-3.3,19,7.2,30230,45,106,3,2.8,1.6,3551|10454|57560,IKBKB|TAB1|IFT80,-2.1
MyList_MCODE_ALL,Reactome Gene Sets,6,R-HSA-427413,NoRC negatively regulates rRNA expression,,-3.3,11,6,30230,106,106,4,3.8,1.9,2068|2071|2968|6908,ERCC2|ERCC3|GTF2H4|TBP,-2.1
MyList_MCODE_ALL,GO Biological Processes,19,GO:0062197,cellular response to chemical stress,19_GO:0050896 response to stimulus,-3.3,5.9,5,30230,289,106,6,5.7,2.2,2353|5192|5563|5580|5587|9817,FOS|PEX10|PRKAA2|PRKCD|PRKD1|KEAP1,-2.1
MyList_MCODE_ALL,Canonical Pathways,11,M128,PID TNF PATHWAY,,-3.2,19,7.1,30230,46,106,3,2.8,1.6,3551|5609|10454,IKBKB|MAP2K7|TAB1,-2
MyList_MCODE_ALL,WikiPathways,27,WP5283,Chronic hyperglycemia impairment of neuron function,,-3.2,19,7.1,30230,46,106,3,2.8,1.6,5580|5581|5582,PRKCD|PRKCE|PRKCG,-2
MyList_MCODE_ALL,WikiPathways,27,WP4566,Translation inhibitors in chronically activated PDGFRA cells,,-3.2,19,7.1,30230,46,106,3,2.8,1.6,5580|5602|5609,PRKCD|MAPK10|MAP2K7,-2
MyList_MCODE_ALL,Canonical Pathways,11,M68,PID RHOA REG PATHWAY,,-3.2,19,7.1,30230,46,106,3,2.8,1.6,7410|9138|10451,VAV2|ARHGEF1|VAV3,-2
MyList_MCODE_ALL,KEGG Pathway,24,hsa03013,Nucleocytoplasmic transport,,-3.2,11,5.9,30230,108,106,4,3.8,1.9,2733|23511|29107|55706,GLE1|NUP188|NXT1|NDC1,-2
MyList_MCODE_ALL,GO Biological Processes,19,GO:0051588,regulation of neurotransmitter transport,19_GO:0051179 localization,-3.2,11,5.9,30230,108,106,4,3.8,1.9,673|5582|134957|286097,BRAF|PRKCG|STXBP5|MICU3,-2
MyList_MCODE_ALL,GO Biological Processes,19,GO:0043488,regulation of mRNA stability,19_GO:0048519 negative regulation of biological process,-3.2,5.9,5,30230,292,106,6,5.7,2.2,4292|5580|6041|23658|27257|167227,MLH1|PRKCD|RNASEL|LSM5|LSM1|DCP2,-2
MyList_MCODE_ALL,GO Biological Processes,19,GO:0017157,regulation of exocytosis,19_GO:0051179 localization,-3.2,7.4,5.3,30230,192,106,5,4.7,2.1,673|5582|6845|10079|134957,BRAF|PRKCG|VAMP7|ATP9A|STXBP5,-2
MyList_MCODE_ALL,Reactome Gene Sets,6,R-HSA-73854,RNA Polymerase I Promoter Clearance,,-3.2,10,5.9,30230,109,106,4,3.8,1.9,2068|2071|2968|6908,ERCC2|ERCC3|GTF2H4|TBP,-2
MyList_MCODE_ALL,GO Biological Processes,19,GO:0090174,organelle membrane fusion,19_GO:0009987 cellular process,-3.2,10,5.9,30230,109,106,4,3.8,1.9,6845|8677|10451|203062,VAMP7|STX10|VAV3|TSNARE1,-2
MyList_MCODE_ALL,Reactome Gene Sets,6,R-HSA-5250941,Negative epigenetic regulation of rRNA expression,,-3.2,10,5.9,30230,109,106,4,3.8,1.9,2068|2071|2968|6908,ERCC2|ERCC3|GTF2H4|TBP,-2
MyList_MCODE_ALL,KEGG Pathway,24,hsa04062,Chemokine signaling pathway,,-3.2,7.4,5.3,30230,193,106,5,4.7,2.1,673|3551|5580|7410|10451,BRAF|IKBKB|PRKCD|VAV2|VAV3,-2
MyList_MCODE_ALL,Reactome Gene Sets,6,R-HSA-418597,G alpha (z) signalling events,,-3.2,18,7,30230,47,106,3,2.8,1.6,5580|5581|5582,PRKCD|PRKCE|PRKCG,-2
MyList_MCODE_ALL,Reactome Gene Sets,6,R-HSA-9909648,Regulation of PD-L1(CD274) expression,,-3.2,7.4,5.3,30230,194,106,5,4.7,2.1,2353|5563|51422|84061|192670,FOS|PRKAA2|PRKAG2|MAGT1|AGO4,-2
MyList_MCODE_ALL,GO Biological Processes,19,GO:0071466,cellular response to xenobiotic stimulus,19_GO:0050896 response to stimulus,-3.2,7.4,5.3,30230,194,106,5,4.7,2.1,673|5563|5581|6095|7410,BRAF|PRKAA2|PRKCE|RORA|VAV2,-2
MyList_MCODE_ALL,KEGG Pathway,24,hsa04914,Progesterone-mediated oocyte maturation,,-3.2,10,5.8,30230,111,106,4,3.8,1.9,673|5602|29882|64682,BRAF|MAPK10|ANAPC2|ANAPC1,-2
MyList_MCODE_ALL,GO Biological Processes,19,GO:0097306,cellular response to alcohol,19_GO:0050896 response to stimulus,-3.2,10,5.8,30230,111,106,4,3.8,1.9,2353|5563|5581|5587,FOS|PRKAA2|PRKCE|PRKD1,-2
MyList_MCODE_ALL,Reactome Gene Sets,6,R-HSA-73864,RNA Polymerase I Transcription,,-3.2,10,5.8,30230,111,106,4,3.8,1.9,2068|2071|2968|6908,ERCC2|ERCC3|GTF2H4|TBP,-2
MyList_MCODE_ALL,Canonical Pathways,11,M219,PID HEDGEHOG GLI PATHWAY,,-3.2,18,6.9,30230,48,106,3,2.8,1.6,5580|8100|26160,PRKCD|IFT88|IFT172,-2
MyList_MCODE_ALL,GO Biological Processes,19,GO:0090277,positive regulation of peptide hormone secretion,19_GO:0051179 localization,-3.2,10,5.8,30230,112,106,4,3.8,1.9,2182|5581|5587|90550,ACSL4|PRKCE|PRKD1|MCU,-2
MyList_MCODE_ALL,Reactome Gene Sets,6,R-HSA-5368287,Mitochondrial translation,,-3.2,10,5.8,30230,112,106,4,3.8,1.9,4508|4514|4541|4706,ATP6|COX3|ND6|NDUFAB1,-2
MyList_MCODE_ALL,GO Biological Processes,19,GO:0072659,protein localization to plasma membrane,19_GO:0051179 localization,-3.2,7.2,5.2,30230,197,106,5,4.7,2.1,3551|79726|84219|90410|123016,IKBKB|WDR59|WDR24|IFT20|TTC8,-2
MyList_MCODE_ALL,Reactome Gene Sets,6,R-HSA-9711123,Cellular response to chemical stress,,-3.2,7.2,5.2,30230,197,106,5,4.7,2.1,4514|5563|5580|9817|27244,COX3|PRKAA2|PRKCD|KEAP1|SESN1,-2
MyList_MCODE_ALL,Reactome Gene Sets,6,R-HSA-9755511,KEAP1-NFE2L2 pathway,,-3.2,10,5.7,30230,113,106,4,3.8,1.9,5563|5580|9817|27244,PRKAA2|PRKCD|KEAP1|SESN1,-2
MyList_MCODE_ALL,WikiPathways,27,WP5477,Molecular pathway for oxidative stress,,-3.2,17,6.8,30230,49,106,3,2.8,1.6,2353|3551|9817,FOS|IKBKB|KEAP1,-2
MyList_MCODE_ALL,WikiPathways,27,WP306,Focal adhesion,,-3.2,7.2,5.2,30230,199,106,5,4.7,2.1,673|5582|5602|7410|10451,BRAF|PRKCG|MAPK10|VAV2|VAV3,-2
MyList_MCODE_ALL,GO Biological Processes,19,GO:0030217,T cell differentiation,19_GO:0002376 immune system process,-3.1,7.1,5.2,30230,200,106,5,4.7,2.1,673|3981|3988|6095|6778,BRAF|LIG4|LIPA|RORA|STAT6,-2
MyList_MCODE_ALL,Reactome Gene Sets,6,R-HSA-9006925,Intracellular signaling by second messengers,,-3.1,5.6,4.8,30230,304,106,6,5.7,2.2,5580|5581|5582|10325|64121|192670,PRKCD|PRKCE|PRKCG|RRAGB|RRAGC|AGO4,-2
MyList_MCODE_ALL,WikiPathways,27,WP395,IL4 signaling,,-3.1,17,6.8,30230,50,106,3,2.8,1.6,2353|3551|6778,FOS|IKBKB|STAT6,-2
MyList_MCODE_ALL,GO Biological Processes,19,GO:0045071,negative regulation of viral genome replication,19_GO:0016032 viral process,-3.1,17,6.8,30230,50,106,3,2.8,1.6,6041|9582|200316,RNASEL|APOBEC3B|APOBEC3F,-2
MyList_MCODE_ALL,GO Biological Processes,19,GO:0042149,cellular response to glucose starvation,19_GO:0050896 response to stimulus,-3.1,17,6.8,30230,50,106,3,2.8,1.6,5563|27244|51422,PRKAA2|SESN1|PRKAG2,-2
MyList_MCODE_ALL,GO Biological Processes,19,GO:0002793,positive regulation of peptide secretion,19_GO:0051179 localization,-3.1,9.9,5.7,30230,115,106,4,3.8,1.9,2182|5581|5587|90550,ACSL4|PRKCE|PRKD1|MCU,-2
MyList_MCODE_ALL,KEGG Pathway,24,hsa04928,"Parathyroid hormone synthesis, secretion and action",,-3.1,9.9,5.7,30230,115,106,4,3.8,1.9,673|2353|5582|9138,BRAF|FOS|PRKCG|ARHGEF1,-2
MyList_MCODE_ALL,GO Biological Processes,19,GO:0043487,regulation of RNA stability,19_GO:0050789 regulation of biological process,-3.1,5.6,4.8,30230,306,106,6,5.7,2.2,4292|5580|6041|23658|27257|167227,MLH1|PRKCD|RNASEL|LSM5|LSM1|DCP2,-1.9
MyList_MCODE_ALL,KEGG Pathway,24,hsa04510,Focal adhesion,,-3.1,7,5.1,30230,203,106,5,4.7,2.1,673|5582|5602|7410|10451,BRAF|PRKCG|MAPK10|VAV2|VAV3,-1.9
MyList_MCODE_ALL,Reactome Gene Sets,6,R-HSA-6811442,Intra-Golgi and retrograde Golgi-to-ER traffic,,-3.1,7,5.1,30230,203,106,5,4.7,2.1,8677|9382|51542|84342|339122,STX10|COG1|VPS54|COG8|RAB43,-1.9
MyList_MCODE_ALL,KEGG Pathway,24,hsa05130,Pathogenic Escherichia coli infection,,-3.1,7,5.1,30230,203,106,5,4.7,2.1,2353|3551|5602|9138|10454,FOS|IKBKB|MAPK10|ARHGEF1|TAB1,-1.9
MyList_MCODE_ALL,WikiPathways,27,WP3611,Photodynamic therapy induced AP 1 survival signaling,,-3.1,17,6.7,30230,51,106,3,2.8,1.6,2353|3726|5609,FOS|JUNB|MAP2K7,-1.9
MyList_MCODE_ALL,GO Biological Processes,19,GO:2000300,regulation of synaptic vesicle exocytosis,19_GO:0051179 localization,-3.1,17,6.7,30230,51,106,3,2.8,1.6,673|5582|134957,BRAF|PRKCG|STXBP5,-1.9
MyList_MCODE_ALL,GO Biological Processes,19,GO:0009117,nucleotide metabolic process,19_GO:0009987 cellular process,-3.1,4.7,4.5,30230,426,106,7,6.6,2.4,3988|4508|4541|4706|6095|26289|51422,LIPA|ATP6|ND6|NDUFAB1|RORA|AK5|PRKAG2,-1.9
MyList_MCODE_ALL,KEGG Pathway,24,hsa05205,Proteoglycans in cancer,,-3.1,7,5.1,30230,204,106,5,4.7,2.1,673|5582|7410|9138|10451,BRAF|PRKCG|VAV2|ARHGEF1|VAV3,-1.9
MyList_MCODE_ALL,Reactome Gene Sets,6,R-HSA-6781823,Formation of TC-NER Pre-Incision Complex,,-3.1,16,6.6,30230,52,106,3,2.8,1.6,2068|2071|2968,ERCC2|ERCC3|GTF2H4,-1.9
MyList_MCODE_ALL,GO Biological Processes,19,GO:0006303,double-strand break repair via nonhomologous end joining,19_GO:0050896 response to stimulus,-3.1,16,6.6,30230,52,106,3,2.8,1.6,3981|4292|91419,LIG4|MLH1|ATP23,-1.9
MyList_MCODE_ALL,GO Biological Processes,19,GO:0042752,regulation of circadian rhythm,19_GO:0048511 rhythmic process,-3.1,9.6,5.6,30230,119,106,4,3.8,1.9,5563|5582|5602|6095,PRKAA2|PRKCG|MAPK10|RORA,-1.9
MyList_MCODE_ALL,GO Biological Processes,19,GO:0000956,nuclear-transcribed mRNA catabolic process,19_GO:0048519 negative regulation of biological process,-3.1,9.6,5.6,30230,119,106,4,3.8,1.9,4292|23658|27257|167227,MLH1|LSM5|LSM1|DCP2,-1.9
MyList_MCODE_ALL,WikiPathways,27,WP3888,VEGFA VEGFR2 signaling,,-3.1,4.6,4.5,30230,432,106,7,6.6,2.4,5563|5580|5581|5587|5609|6778|7410,PRKAA2|PRKCD|PRKCE|PRKD1|MAP2K7|STAT6|VAV2,-1.9
MyList_MCODE_ALL,GO Biological Processes,19,GO:0090407,organophosphate biosynthetic process,19_GO:0009987 cellular process,-3.1,4,4.3,30230,565,106,8,7.5,2.6,2182|3988|4508|4541|4706|26289|51422|197322,ACSL4|LIPA|ATP6|ND6|NDUFAB1|AK5|PRKAG2|ACSF3,-1.9
MyList_MCODE_ALL,Canonical Pathways,11,M113,PID NFAT 3PATHWAY,,-3.1,16,6.5,30230,53,106,3,2.8,1.6,5580|5581|5582,PRKCD|PRKCE|PRKCG,-1.9
MyList_MCODE_ALL,WikiPathways,27,WP2795,Cardiac hypertrophic response,,-3,16,6.5,30230,54,106,3,2.8,1.6,3551|5587|5609,IKBKB|PRKD1|MAP2K7,-1.9
MyList_MCODE_ALL,Canonical Pathways,11,M256,PID TAP63 PATHWAY,,-3,16,6.5,30230,54,106,3,2.8,1.6,3551|5580|23405,IKBKB|PRKCD|DICER1,-1.9
MyList_MCODE_ALL,WikiPathways,27,WP195,IL1 signaling,,-3,16,6.5,30230,54,106,3,2.8,1.6,3551|5609|10454,IKBKB|MAP2K7|TAB1,-1.9
MyList_MCODE_ALL,GO Biological Processes,19,GO:0060119,inner ear receptor cell development,19_GO:0032502 developmental process,-3,16,6.5,30230,54,106,3,2.8,1.6,8100|90410|123016,IFT88|IFT20|TTC8,-1.9
MyList_MCODE_ALL,WikiPathways,27,WP5510,16p12 2 copy number variation syndrome 520kb,,-3,16,6.5,30230,54,106,3,2.8,1.6,5563|10975|51422,PRKAA2|UQCR11|PRKAG2,-1.9
MyList_MCODE_ALL,KEGG Pathway,24,hsa04935,"Growth hormone synthesis, secretion and action",,-3,9.4,5.5,30230,122,106,4,3.8,1.9,2353|3726|5582|5602,FOS|JUNB|PRKCG|MAPK10,-1.9
MyList_MCODE_ALL,GO Biological Processes,19,GO:0061013,regulation of mRNA catabolic process,19_GO:0048519 negative regulation of biological process,-3,5.4,4.7,30230,318,106,6,5.7,2.2,4292|5580|6041|23658|27257|167227,MLH1|PRKCD|RNASEL|LSM5|LSM1|DCP2,-1.9
MyList_MCODE_ALL,WikiPathways,27,WP5087,Pleural mesothelioma,,-3,4.5,4.4,30230,439,106,7,6.6,2.4,5563|5602|5609|7403|9821|51422|90550,PRKAA2|MAPK10|MAP2K7|KDM6A|RB1CC1|PRKAG2|MCU,-1.9
MyList_MCODE_ALL,KEGG Pathway,24,hsa04015,Rap1 signaling pathway,,-3,6.7,5,30230,212,106,5,4.7,2.1,673|5582|5587|7410|10451,BRAF|PRKCG|PRKD1|VAV2|VAV3,-1.9
MyList_MCODE_ALL,Reactome Gene Sets,6,R-HSA-212165,Epigenetic regulation of gene expression,,-3,5.4,4.6,30230,319,106,6,5.7,2.2,2068|2071|2968|6908|7403|9439,ERCC2|ERCC3|GTF2H4|TBP|KDM6A|MED23,-1.9
MyList_MCODE_ALL,GO Biological Processes,19,GO:0007033,vacuole organization,19_GO:0009987 cellular process,-3,6.7,4.9,30230,214,106,5,4.7,2.1,3988|9821|51542|60673|339122,LIPA|RB1CC1|VPS54|ATG101|RAB43,-1.9
MyList_MCODE_ALL,Reactome Gene Sets,6,R-HSA-389948,Co-inhibition by PD-1,,-3,6.7,4.9,30230,214,106,5,4.7,2.1,2353|5563|51422|84061|192670,FOS|PRKAA2|PRKAG2|MAGT1|AGO4,-1.9
MyList_MCODE_ALL,Reactome Gene Sets,6,R-HSA-2559580,Oxidative Stress Induced Senescence,,-3,9.2,5.4,30230,124,106,4,3.8,1.9,2353|5602|5609|192670,FOS|MAPK10|MAP2K7|AGO4,-1.9
MyList_MCODE_ALL,GO Biological Processes,19,GO:0051056,regulation of small GTPase mediated signal transduction,19_GO:0050896 response to stimulus,-3,5.3,4.6,30230,323,106,6,5.7,2.2,7126|7410|9138|10451|84078|89890,TNFAIP1|VAV2|ARHGEF1|VAV3|KBTBD7|KBTBD6,-1.9
MyList_MCODE_ALL,Reactome Gene Sets,6,R-HSA-9705671,SARS-CoV-2 activates/modulates innate and adaptive immune responses,,-3,9.1,5.4,30230,125,106,4,3.8,1.9,3551|10454|23511|55706,IKBKB|TAB1|NUP188|NDC1,-1.8
MyList_MCODE_ALL,KEGG Pathway,24,hsa00510,N-Glycan biosynthesis,,-3,15,6.3,30230,56,106,3,2.8,1.6,10195|29880|84061,ALG3|ALG5|MAGT1,-1.8
MyList_MCODE_ALL,WikiPathways,27,WP4754,IL18 signaling,,-3,15,6.3,30230,56,106,3,2.8,1.6,3551|5580|5609,IKBKB|PRKCD|MAP2K7,-1.8
MyList_MCODE_ALL,GO Biological Processes,19,GO:0007129,homologous chromosome pairing at meiosis,19_GO:0022414 reproductive process,-3,15,6.3,30230,56,106,3,2.8,1.6,4292|55706|192670,MLH1|NDC1|AGO4,-1.8
MyList_MCODE_ALL,Reactome Gene Sets,6,R-HSA-429914,Deadenylation-dependent mRNA decay,,-3,15,6.3,30230,56,106,3,2.8,1.6,23658|27257|167227,LSM5|LSM1|DCP2,-1.8
MyList_MCODE_ALL,Reactome Gene Sets,6,R-HSA-193648,NRAGE signals death through JNK,,-3,15,6.3,30230,57,106,3,2.8,1.6,7410|9138|10451,VAV2|ARHGEF1|VAV3,-1.8
MyList_MCODE_ALL,WikiPathways,27,WP4879,Overlap between signal transduction pathways contributing to LMNA laminopathies,,-3,15,6.3,30230,57,106,3,2.8,1.6,1052|3726|23405,CEBPD|JUNB|DICER1,-1.8
MyList_MCODE_ALL,GO Biological Processes,19,GO:1903305,regulation of regulated secretory pathway,19_GO:0051179 localization,-2.9,8.8,5.3,30230,129,106,4,3.8,1.9,673|5582|6845|134957,BRAF|PRKCG|VAMP7|STXBP5,-1.8
MyList_MCODE_ALL,Reactome Gene Sets,6,R-HSA-75955,RNA Polymerase II Transcription Elongation,,-2.9,15,6.2,30230,58,106,3,2.8,1.6,2068|2071|2968,ERCC2|ERCC3|GTF2H4,-1.8
MyList_MCODE_ALL,GO Cellular Components,20,GO:0098800,inner mitochondrial membrane protein complex,,-2.9,15,6.2,30230,58,106,3,2.8,1.6,90550|221154|286097,MCU|MICU2|MICU3,-1.8
MyList_MCODE_ALL,Reactome Gene Sets,6,R-HSA-112382,Formation of RNA Pol II elongation complex,,-2.9,15,6.2,30230,58,106,3,2.8,1.6,2068|2071|2968,ERCC2|ERCC3|GTF2H4,-1.8
MyList_MCODE_ALL,GO Biological Processes,19,GO:0071396,cellular response to lipid,19_GO:0050896 response to stimulus,-2.9,3.9,4.2,30230,590,106,8,7.5,2.6,2353|5563|5580|5581|5587|5609|6095|51542,FOS|PRKAA2|PRKCD|PRKCE|PRKD1|MAP2K7|RORA|VPS54,-1.8
MyList_MCODE_ALL,GO Biological Processes,19,GO:0008610,lipid biosynthetic process,19_GO:0009987 cellular process,-2.9,3.8,4.2,30230,593,106,8,7.5,2.6,2182|3988|4706|5563|5587|51422|55825|197322,ACSL4|LIPA|NDUFAB1|PRKAA2|PRKD1|PRKAG2|PECR|ACSF3,-1.8
MyList_MCODE_ALL,GO Cellular Components,20,GO:0048471,perinuclear region of cytoplasm,,-2.9,3.5,4,30230,738,106,9,8.5,2.7,5580|5581|5582|5587|8677|9681|10079|23405|51542,PRKCD|PRKCE|PRKCG|PRKD1|STX10|DEPDC5|ATP9A|DICER1|VPS54,-1.8
MyList_MCODE_ALL,GO Biological Processes,19,GO:0051028,mRNA transport,19_GO:0051179 localization,-2.9,8.7,5.2,30230,131,106,4,3.8,1.9,2733|23511|29107|55706,GLE1|NUP188|NXT1|NDC1,-1.8
MyList_MCODE_ALL,GO Biological Processes,19,GO:0016236,macroautophagy,19_GO:0009987 cellular process,-2.9,6.3,4.8,30230,225,106,5,4.7,2.1,6845|9821|26249|60673|339122,VAMP7|RB1CC1|KLHL3|ATG101|RAB43,-1.8
MyList_MCODE_ALL,GO Biological Processes,19,GO:0050890,cognition,19_GO:0032501 multicellular organismal process,-2.9,5.1,4.5,30230,336,106,6,5.7,2.2,673|2353|5582|84061|90410|123016,BRAF|FOS|PRKCG|MAGT1|IFT20|TTC8,-1.8
MyList_MCODE_ALL,WikiPathways,27,WP3915,Angiopoietin like protein 8 regulatory pathway,,-2.9,8.6,5.2,30230,132,106,4,3.8,1.9,5563|5602|5609|51422,PRKAA2|MAPK10|MAP2K7|PRKAG2,-1.8
MyList_MCODE_ALL,KEGG Pathway,24,hsa04024,cAMP signaling pathway,,-2.9,6.3,4.8,30230,226,106,5,4.7,2.1,673|2353|5602|7410|10451,BRAF|FOS|MAPK10|VAV2|VAV3,-1.8
MyList_MCODE_ALL,Canonical Pathways,11,M7,PID FCER1 PATHWAY,,-2.9,14,6.1,30230,60,106,3,2.8,1.6,2353|3551|5609,FOS|IKBKB|MAP2K7,-1.8
MyList_MCODE_ALL,WikiPathways,27,WP623,Oxidative phosphorylation,,-2.9,14,6.1,30230,60,106,3,2.8,1.6,4508|4541|4706,ATP6|ND6|NDUFAB1,-1.8
MyList_MCODE_ALL,KEGG Pathway,24,hsa04650,Natural killer cell mediated cytotoxicity,,-2.9,8.5,5.2,30230,134,106,4,3.8,1.9,673|5582|7410|10451,BRAF|PRKCG|VAV2|VAV3,-1.8
MyList_MCODE_ALL,GO Biological Processes,19,GO:0090398,cellular senescence,19_GO:0050896 response to stimulus,-2.9,14,6,30230,61,106,3,2.8,1.6,5580|5602|5609,PRKCD|MAPK10|MAP2K7,-1.7
MyList_MCODE_ALL,GO Biological Processes,19,GO:0048568,embryonic organ development,19_GO:0032502 developmental process,-2.9,4.3,4.2,30230,467,106,7,6.6,2.4,2071|3726|9742|26160|55764|57448|57728,ERCC3|JUNB|IFT140|IFT172|IFT122|BIRC6|WDR19,-1.7
MyList_MCODE_ALL,GO Biological Processes,19,GO:0032103,positive regulation of response to external stimulus,19_GO:0048518 positive regulation of biological process,-2.9,3.8,4.1,30230,606,106,8,7.5,2.6,673|3551|5581|5587|6845|10454|55703|90550,BRAF|IKBKB|PRKCE|PRKD1|VAMP7|TAB1|POLR3B|MCU,-1.7
MyList_MCODE_ALL,WikiPathways,27,WP3863,T cell antigen receptor TCR pathway during Staphylococcus aureus infection,,-2.9,14,6,30230,62,106,3,2.8,1.6,2353|3551|5609,FOS|IKBKB|MAP2K7,-1.7
MyList_MCODE_ALL,GO Cellular Components,20,GO:0098852,lytic vacuole membrane,,-2.9,4.2,4.2,30230,471,106,7,6.6,2.4,6845|9681|10325|64121|79726|84061|84219,VAMP7|DEPDC5|RRAGB|RRAGC|WDR59|MAGT1|WDR24,-1.7
MyList_MCODE_ALL,GO Biological Processes,19,GO:0044283,small molecule biosynthetic process,19_GO:0009987 cellular process,-2.9,4.2,4.2,30230,471,106,7,6.6,2.4,2182|3988|4706|5563|51422|55825|197322,ACSL4|LIPA|NDUFAB1|PRKAA2|PRKAG2|PECR|ACSF3,-1.7
MyList_MCODE_ALL,GO Cellular Components,20,GO:0005765,lysosomal membrane,,-2.9,4.2,4.2,30230,471,106,7,6.6,2.4,6845|9681|10325|64121|79726|84061|84219,VAMP7|DEPDC5|RRAGB|RRAGC|WDR59|MAGT1|WDR24,-1.7
MyList_MCODE_ALL,GO Biological Processes,19,GO:0002757,immune response-activating signaling pathway,19_GO:0002376 immune system process,-2.8,4.9,4.4,30230,347,106,6,5.7,2.2,673|3551|5580|5581|7410|10451,BRAF|IKBKB|PRKCD|PRKCE|VAV2|VAV3,-1.7
MyList_MCODE_ALL,Canonical Pathways,11,M10,PID BCR 5PATHWAY,,-2.8,14,5.9,30230,63,106,3,2.8,1.6,2353|3551|7410,FOS|IKBKB|VAV2,-1.7
MyList_MCODE_ALL,KEGG Pathway,24,hsa03420,Nucleotide excision repair,,-2.8,14,5.9,30230,63,106,3,2.8,1.6,2068|2071|2968,ERCC2|ERCC3|GTF2H4,-1.7
MyList_MCODE_ALL,Reactome Gene Sets,6,R-HSA-6782210,Gap-filling DNA repair synthesis and ligation in TC-NER,,-2.8,14,5.9,30230,63,106,3,2.8,1.6,2068|2071|2968,ERCC2|ERCC3|GTF2H4,-1.7
MyList_MCODE_ALL,GO Biological Processes,19,GO:0051123,RNA polymerase II preinitiation complex assembly,19_GO:0009987 cellular process,-2.8,14,5.9,30230,63,106,3,2.8,1.6,6837|6908|9439,MED22|TBP|MED23,-1.7
MyList_MCODE_ALL,GO Biological Processes,19,GO:0043583,ear development,19_GO:0032502 developmental process,-2.8,6.1,4.6,30230,234,106,5,4.7,2.1,1052|8100|57728|90410|123016,CEBPD|IFT88|WDR19|IFT20|TTC8,-1.7
MyList_MCODE_ALL,GO Biological Processes,19,GO:0048284,organelle fusion,19_GO:0009987 cellular process,-2.8,8.2,5.1,30230,139,106,4,3.8,1.9,6845|8677|10451|203062,VAMP7|STX10|VAV3|TSNARE1,-1.7
MyList_MCODE_ALL,GO Cellular Components,20,GO:0000421,autophagosome membrane,,-2.8,13,5.9,30230,64,106,3,2.8,1.6,5587|6845|9821,PRKD1|VAMP7|RB1CC1,-1.7
MyList_MCODE_ALL,GO Biological Processes,19,GO:0042776,proton motive force-driven mitochondrial ATP synthesis,19_GO:0009987 cellular process,-2.8,13,5.9,30230,64,106,3,2.8,1.6,4508|4541|4706,ATP6|ND6|NDUFAB1,-1.7
MyList_MCODE_ALL,Reactome Gene Sets,6,R-HSA-1834949,Cytosolic sensors of pathogen-associated DNA,,-2.8,13,5.9,30230,64,106,3,2.8,1.6,3551|6778|55703,IKBKB|STAT6|POLR3B,-1.7
MyList_MCODE_ALL,Reactome Gene Sets,6,R-HSA-6782135,Dual incision in TC-NER,,-2.8,13,5.9,30230,64,106,3,2.8,1.6,2068|2071|2968,ERCC2|ERCC3|GTF2H4,-1.7
MyList_MCODE_ALL,GO Biological Processes,19,GO:0002833,positive regulation of response to biotic stimulus,19_GO:0048518 positive regulation of biological process,-2.8,4.9,4.3,30230,351,106,6,5.7,2.2,3551|5581|5587|10454|55703|84861,IKBKB|PRKCE|PRKD1|TAB1|POLR3B|KLHL22,-1.7
MyList_MCODE_ALL,GO Biological Processes,19,GO:0007030,Golgi organization,19_GO:0009987 cellular process,-2.8,8,5,30230,142,106,4,3.8,1.9,5587|9382|84342|339122,PRKD1|COG1|COG8|RAB43,-1.7
MyList_MCODE_ALL,GO Cellular Components,20,GO:0031903,microbody membrane,,-2.8,13,5.8,30230,66,106,3,2.8,1.6,2182|5192|55825,ACSL4|PEX10|PECR,-1.7
MyList_MCODE_ALL,GO Biological Processes,19,GO:0060261,positive regulation of transcription initiation by RNA polymerase II,19_GO:0048518 positive regulation of biological process,-2.8,13,5.8,30230,66,106,3,2.8,1.6,6837|6908|9439,MED22|TBP|MED23,-1.7
MyList_MCODE_ALL,GO Cellular Components,20,GO:0005778,peroxisomal membrane,,-2.8,13,5.8,30230,66,106,3,2.8,1.6,2182|5192|55825,ACSL4|PEX10|PECR,-1.7
MyList_MCODE_ALL,GO Biological Processes,19,GO:0060972,left/right pattern formation,19_GO:0032502 developmental process,-2.8,7.9,4.9,30230,144,106,4,3.8,1.9,9742|26160|29880|55764,IFT140|IFT172|ALG5|IFT122,-1.7
MyList_MCODE_ALL,WikiPathways,27,WP4673,Male infertility,,-2.8,7.9,4.9,30230,144,106,4,3.8,1.9,2068|3981|4292|5192,ERCC2|LIG4|MLH1|PEX10,-1.7
MyList_MCODE_ALL,GO Cellular Components,20,GO:0099023,vesicle tethering complex,,-2.8,13,5.7,30230,67,106,3,2.8,1.6,9382|51542|84342,COG1|VPS54|COG8,-1.6
MyList_MCODE_ALL,GO Biological Processes,19,GO:0060113,inner ear receptor cell differentiation,19_GO:0032502 developmental process,-2.8,13,5.7,30230,67,106,3,2.8,1.6,8100|90410|123016,IFT88|IFT20|TTC8,-1.6
MyList_MCODE_ALL,GO Biological Processes,19,GO:0007423,sensory organ development,19_GO:0032502 developmental process,-2.8,3.6,3.9,30230,631,106,8,7.5,2.6,1052|2353|8100|9742|55764|57728|90410|123016,CEBPD|FOS|IFT88|IFT140|IFT122|WDR19|IFT20|TTC8,-1.6
MyList_MCODE_ALL,GO Biological Processes,19,GO:0070192,chromosome organization involved in meiotic cell cycle,19_GO:0022414 reproductive process,-2.7,13,5.7,30230,68,106,3,2.8,1.6,4292|55706|192670,MLH1|NDC1|AGO4,-1.6
MyList_MCODE_ALL,GO Cellular Components,20,GO:0005813,centrosome,,-2.7,3.6,3.9,30230,635,106,8,7.5,2.6,2733|8100|9742|57448|57560|84861|90410|123016,GLE1|IFT88|IFT140|BIRC6|IFT80|KLHL22|IFT20|TTC8,-1.6
MyList_MCODE_ALL,GO Biological Processes,19,GO:0007167,enzyme-linked receptor protein signaling pathway,19_GO:0050896 response to stimulus,-2.7,3.6,3.9,30230,635,106,8,7.5,2.6,673|2068|2353|5587|6778|7410|10454|57560,BRAF|ERCC2|FOS|PRKD1|STAT6|VAV2|TAB1|IFT80,-1.6
MyList_MCODE_ALL,Reactome Gene Sets,6,R-HSA-199991,Membrane Trafficking,,-2.7,3.6,3.9,30230,635,106,8,7.5,2.6,5563|6845|8677|9382|51422|51542|84342|339122,PRKAA2|VAMP7|STX10|COG1|PRKAG2|VPS54|COG8|RAB43,-1.6
MyList_MCODE_ALL,Canonical Pathways,11,M237,PID VEGFR1 2 PATHWAY,,-2.7,12,5.6,30230,69,106,3,2.8,1.6,673|5563|5580,BRAF|PRKAA2|PRKCD,-1.6
MyList_MCODE_ALL,GO Biological Processes,19,GO:0046530,photoreceptor cell differentiation,19_GO:0032502 developmental process,-2.7,12,5.6,30230,69,106,3,2.8,1.6,9742|90410|123016,IFT140|IFT20|TTC8,-1.6
MyList_MCODE_ALL,KEGG Pathway,24,hsa04723,Retrograde endocannabinoid signaling,,-2.7,7.7,4.8,30230,149,106,4,3.8,1.9,4541|4706|5582|5602,ND6|NDUFAB1|PRKCG|MAPK10,-1.6
MyList_MCODE_ALL,KEGG Pathway,24,hsa05120,Epithelial cell signaling in Helicobacter pylori infection,,-2.7,12,5.5,30230,71,106,3,2.8,1.6,3551|5602|90423,IKBKB|MAPK10|ATP6V1E2,-1.6
MyList_MCODE_ALL,GO Biological Processes,19,GO:0045143,homologous chromosome segregation,19_GO:0022414 reproductive process,-2.7,12,5.5,30230,71,106,3,2.8,1.6,4292|55706|192670,MLH1|NDC1|AGO4,-1.6
MyList_MCODE_ALL,GO Biological Processes,19,GO:0006354,DNA-templated transcription elongation,19_GO:0009987 cellular process,-2.7,12,5.5,30230,71,106,3,2.8,1.6,2068|2071|55703,ERCC2|ERCC3|POLR3B,-1.6
MyList_MCODE_ALL,WikiPathways,27,WP536,Calcium regulation in cardiac cells,,-2.7,7.5,4.8,30230,152,106,4,3.8,1.9,5580|5581|5582|5587,PRKCD|PRKCE|PRKCG|PRKD1,-1.6
MyList_MCODE_ALL,GO Biological Processes,19,GO:0009411,response to UV,19_GO:0050896 response to stimulus,-2.7,7.5,4.8,30230,152,106,4,3.8,1.9,2068|2071|5580|5609,ERCC2|ERCC3|PRKCD|MAP2K7,-1.6
MyList_MCODE_ALL,GO Biological Processes,19,GO:0043367,"CD4-positive, alpha-beta T cell differentiation",19_GO:0002376 immune system process,-2.7,12,5.5,30230,72,106,3,2.8,1.6,673|6095|6778,BRAF|RORA|STAT6,-1.6
MyList_MCODE_ALL,GO Biological Processes,19,GO:0015986,proton motive force-driven ATP synthesis,19_GO:0009987 cellular process,-2.7,12,5.5,30230,72,106,3,2.8,1.6,4508|4541|4706,ATP6|ND6|NDUFAB1,-1.6
MyList_MCODE_ALL,GO Cellular Components,20,GO:0000307,cyclin-dependent protein kinase holoenzyme complex,,-2.7,12,5.5,30230,72,106,3,2.8,1.6,2068|2071|2968,ERCC2|ERCC3|GTF2H4,-1.6
MyList_MCODE_ALL,GO Cellular Components,20,GO:0034704,calcium channel complex,,-2.7,12,5.5,30230,72,106,3,2.8,1.6,90550|221154|286097,MCU|MICU2|MICU3,-1.6
MyList_MCODE_ALL,GO Biological Processes,19,GO:0042490,mechanoreceptor differentiation,19_GO:0032502 developmental process,-2.7,12,5.5,30230,72,106,3,2.8,1.6,8100|90410|123016,IFT88|IFT20|TTC8,-1.6
MyList_MCODE_ALL,GO Biological Processes,19,GO:0006897,endocytosis,19_GO:0051179 localization,-2.7,3.9,4,30230,508,106,7,6.6,2.4,3988|5580|5581|6845|7410|10079|10451,LIPA|PRKCD|PRKCE|VAMP7|VAV2|ATP9A|VAV3,-1.6
MyList_MCODE_ALL,GO Biological Processes,19,GO:0051222,positive regulation of protein transport,19_GO:0051179 localization,-2.7,5.5,4.3,30230,257,106,5,4.7,2.1,2182|5580|5581|5587|90550,ACSL4|PRKCD|PRKCE|PRKD1|MCU,-1.6
MyList_MCODE_ALL,GO Biological Processes,19,GO:0090066,regulation of anatomical structure size,19_GO:0065007 biological regulation,-2.7,3.9,3.9,30230,510,106,7,6.6,2.4,5580|5581|5587|7410|9821|10451|29882,PRKCD|PRKCE|PRKD1|VAV2|RB1CC1|VAV3|ANAPC2,-1.6
MyList_MCODE_ALL,Reactome Gene Sets,6,R-HSA-204998,"Cell death signalling via NRAGE, NRIF and NADE",,-2.7,12,5.4,30230,73,106,3,2.8,1.6,7410|9138|10451,VAV2|ARHGEF1|VAV3,-1.6
MyList_MCODE_ALL,Reactome Gene Sets,6,R-HSA-1428517,Aerobic respiration and respiratory electron transport,,-2.7,5.5,4.3,30230,258,106,5,4.7,2.1,4508|4514|4541|4706|10975,ATP6|COX3|ND6|NDUFAB1|UQCR11,-1.6
MyList_MCODE_ALL,KEGG Pathway,24,hsa04921,Oxytocin signaling pathway,,-2.7,7.4,4.7,30230,155,106,4,3.8,1.9,2353|5563|5582|51422,FOS|PRKAA2|PRKCG|PRKAG2,-1.6
MyList_MCODE_ALL,GO Biological Processes,19,GO:0043523,regulation of neuron apoptotic process,19_GO:0050789 regulation of biological process,-2.7,5.5,4.3,30230,259,106,5,4.7,2.1,673|3981|5582|5609|51542,BRAF|LIG4|PRKCG|MAP2K7|VPS54,-1.5
MyList_MCODE_ALL,GO Biological Processes,19,GO:0035108,limb morphogenesis,19_GO:0032502 developmental process,-2.6,7.3,4.7,30230,156,106,4,3.8,1.9,9742|51542|55764|57728,IFT140|VPS54|IFT122|WDR19,-1.5
MyList_MCODE_ALL,GO Biological Processes,19,GO:0050658,RNA transport,19_GO:0051179 localization,-2.6,7.3,4.7,30230,156,106,4,3.8,1.9,2733|23511|29107|55706,GLE1|NUP188|NXT1|NDC1,-1.5
MyList_MCODE_ALL,GO Biological Processes,19,GO:0050657,nucleic acid transport,19_GO:0051179 localization,-2.6,7.3,4.7,30230,156,106,4,3.8,1.9,2733|23511|29107|55706,GLE1|NUP188|NXT1|NDC1,-1.5
MyList_MCODE_ALL,GO Biological Processes,19,GO:0035107,appendage morphogenesis,19_GO:0032502 developmental process,-2.6,7.3,4.7,30230,156,106,4,3.8,1.9,9742|51542|55764|57728,IFT140|VPS54|IFT122|WDR19,-1.5
MyList_MCODE_ALL,GO Biological Processes,19,GO:0046883,regulation of hormone secretion,19_GO:0051179 localization,-2.6,5.5,4.3,30230,260,106,5,4.7,2.1,2182|5581|5587|6845|90550,ACSL4|PRKCE|PRKD1|VAMP7|MCU,-1.5
MyList_MCODE_ALL,WikiPathways,27,WP4674,Head and neck squamous cell carcinoma,,-2.6,12,5.4,30230,74,106,3,2.8,1.6,5563|9817|27244,PRKAA2|KEAP1|SESN1,-1.5
MyList_MCODE_ALL,Reactome Gene Sets,6,R-HSA-611105,Respiratory electron transport,,-2.6,7.3,4.7,30230,157,106,4,3.8,1.9,4514|4541|4706|10975,COX3|ND6|NDUFAB1|UQCR11,-1.5
MyList_MCODE_ALL,Reactome Gene Sets,6,R-HSA-76002,"Platelet activation, signaling and aggregation",,-2.6,5.4,4.3,30230,262,106,5,4.7,2.1,5580|5581|5582|7410|10451,PRKCD|PRKCE|PRKCG|VAV2|VAV3,-1.5
MyList_MCODE_ALL,WikiPathways,27,WP5114,Nucleotide excision repair in xeroderma pigmentosum,,-2.6,11,5.4,30230,75,106,3,2.8,1.6,2068|2071|2968,ERCC2|ERCC3|GTF2H4,-1.5
MyList_MCODE_ALL,GO Biological Processes,19,GO:2000144,positive regulation of DNA-templated transcription initiation,19_GO:0048518 positive regulation of biological process,-2.6,11,5.4,30230,75,106,3,2.8,1.6,6837|6908|9439,MED22|TBP|MED23,-1.5
MyList_MCODE_ALL,GO Biological Processes,19,GO:0051236,establishment of RNA localization,19_GO:0051179 localization,-2.6,7.2,4.6,30230,158,106,4,3.8,1.9,2733|23511|29107|55706,GLE1|NUP188|NXT1|NDC1,-1.5
MyList_MCODE_ALL,GO Biological Processes,19,GO:0045911,positive regulation of DNA recombination,19_GO:0048518 positive regulation of biological process,-2.6,11,5.3,30230,76,106,3,2.8,1.6,2068|4292|6778,ERCC2|MLH1|STAT6,-1.5
MyList_MCODE_ALL,GO Biological Processes,19,GO:0048525,negative regulation of viral process,19_GO:0016032 viral process,-2.6,11,5.3,30230,76,106,3,2.8,1.6,6041|9582|200316,RNASEL|APOBEC3B|APOBEC3F,-1.5
MyList_MCODE_ALL,Reactome Gene Sets,6,R-HSA-388841,Regulation of T cell activation by CD28 family,,-2.6,5.4,4.2,30230,265,106,5,4.7,2.1,2353|5563|51422|84061|192670,FOS|PRKAA2|PRKAG2|MAGT1|AGO4,-1.5
MyList_MCODE_ALL,GO Biological Processes,19,GO:0002460,adaptive immune response based on somatic recombination of immune receptors built from immunoglobulin superfamily domains,19_GO:0002376 immune system process,-2.6,5.4,4.2,30230,266,106,5,4.7,2.1,3981|4292|5580|6095|6778,LIG4|MLH1|PRKCD|RORA|STAT6,-1.5
MyList_MCODE_ALL,KEGG Pathway,24,hsa05212,Pancreatic cancer,,-2.6,11,5.3,30230,77,106,3,2.8,1.6,673|3551|5602,BRAF|IKBKB|MAPK10,-1.5
MyList_MCODE_ALL,GO Biological Processes,19,GO:0070897,transcription preinitiation complex assembly,19_GO:0009987 cellular process,-2.6,11,5.3,30230,77,106,3,2.8,1.6,6837|6908|9439,MED22|TBP|MED23,-1.5
MyList_MCODE_ALL,Reactome Gene Sets,6,R-HSA-6781827,Transcription-Coupled Nucleotide Excision Repair (TC-NER),,-2.6,11,5.3,30230,77,106,3,2.8,1.6,2068|2071|2968,ERCC2|ERCC3|GTF2H4,-1.5
MyList_MCODE_ALL,GO Biological Processes,19,GO:0050806,positive regulation of synaptic transmission,19_GO:0048518 positive regulation of biological process,-2.6,7,4.6,30230,162,106,4,3.8,1.9,673|5581|5582|286097,BRAF|PRKCE|PRKCG|MICU3,-1.5
MyList_MCODE_ALL,GO Biological Processes,19,GO:0050865,regulation of cell activation,19_GO:0032501 multicellular organismal process,-2.6,3.4,3.7,30230,675,106,8,7.5,2.6,673|3726|4292|5580|6095|6778|10451|84861,BRAF|JUNB|MLH1|PRKCD|RORA|STAT6|VAV3|KLHL22,-1.5
MyList_MCODE_ALL,GO Biological Processes,19,GO:0016071,mRNA metabolic process,19_GO:0009987 cellular process,-2.6,3.4,3.7,30230,675,106,8,7.5,2.6,4292|6041|6908|23658|27257|80324|167227|192670,MLH1|RNASEL|TBP|LSM5|LSM1|PUS1|DCP2|AGO4,-1.5
MyList_MCODE_ALL,GO Biological Processes,19,GO:0060260,regulation of transcription initiation by RNA polymerase II,19_GO:0050789 regulation of biological process,-2.6,11,5.2,30230,78,106,3,2.8,1.6,6837|6908|9439,MED22|TBP|MED23,-1.5
MyList_MCODE_ALL,Reactome Gene Sets,6,R-HSA-416482,G alpha (12/13) signalling events,,-2.6,11,5.2,30230,78,106,3,2.8,1.6,7410|9138|10451,VAV2|ARHGEF1|VAV3,-1.5
MyList_MCODE_ALL,GO Biological Processes,19,GO:0035710,"CD4-positive, alpha-beta T cell activation",19_GO:0002376 immune system process,-2.6,11,5.2,30230,78,106,3,2.8,1.6,673|6095|6778,BRAF|RORA|STAT6,-1.5
MyList_MCODE_ALL,KEGG Pathway,24,hsa03018,RNA degradation,,-2.6,11,5.2,30230,78,106,3,2.8,1.6,23658|27257|167227,LSM5|LSM1|DCP2,-1.5
MyList_MCODE_ALL,Reactome Gene Sets,6,R-HSA-5653656,Vesicle-mediated transport,,-2.6,3.4,3.7,30230,678,106,8,7.5,2.6,5563|6845|8677|9382|51422|51542|84342|339122,PRKAA2|VAMP7|STX10|COG1|PRKAG2|VPS54|COG8|RAB43,-1.5
MyList_MCODE_ALL,GO Biological Processes,19,GO:0032787,monocarboxylic acid metabolic process,19_GO:0009987 cellular process,-2.6,3.8,3.8,30230,531,106,7,6.6,2.4,2182|3988|4706|5563|51422|55825|197322,ACSL4|LIPA|NDUFAB1|PRKAA2|PRKAG2|PECR|ACSF3,-1.5
MyList_MCODE_ALL,GO Biological Processes,19,GO:0071347,cellular response to interleukin-1,19_GO:0050896 response to stimulus,-2.6,11,5.2,30230,79,106,3,2.8,1.6,3551|5609|6095,IKBKB|MAP2K7|RORA,-1.5
MyList_MCODE_ALL,GO Biological Processes,19,GO:0045069,regulation of viral genome replication,19_GO:0016032 viral process,-2.6,11,5.2,30230,79,106,3,2.8,1.6,6041|9582|200316,RNASEL|APOBEC3B|APOBEC3F,-1.5
MyList_MCODE_ALL,Reactome Gene Sets,6,R-HSA-1169410,Antimicrobial mechanism of IFN-stimulated genes,,-2.6,6.9,4.5,30230,165,106,4,3.8,1.9,3551|6041|23511|55706,IKBKB|RNASEL|NUP188|NDC1,-1.5
MyList_MCODE_ALL,WikiPathways,27,WP5205,Clock controlled autophagy in bone metabolism,,-2.5,11,5.2,30230,80,106,3,2.8,1.6,5563|9821|60673,PRKAA2|RB1CC1|ATG101,-1.5
MyList_MCODE_ALL,GO Biological Processes,19,GO:0007264,small GTPase-mediated signal transduction,19_GO:0050896 response to stimulus,-2.5,5.2,4.1,30230,274,106,5,4.7,2.1,3988|7410|9138|10451|64121,LIPA|VAV2|ARHGEF1|VAV3|RRAGC,-1.5
MyList_MCODE_ALL,GO Biological Processes,19,GO:0010827,regulation of D-glucose transmembrane transport,19_GO:0051179 localization,-2.5,11,5.1,30230,81,106,3,2.8,1.6,673|6041|51422,BRAF|RNASEL|PRKAG2,-1.4
MyList_MCODE_ALL,Canonical Pathways,11,M115,PID REG GR PATHWAY,,-2.5,10,5.1,30230,82,106,3,2.8,1.6,2353|5602|6908,FOS|MAPK10|TBP,-1.4
MyList_MCODE_ALL,GO Biological Processes,19,GO:0061025,membrane fusion,19_GO:0009987 cellular process,-2.5,6.7,4.4,30230,170,106,4,3.8,1.9,6845|8677|10451|203062,VAMP7|STX10|VAV3|TSNARE1,-1.4
MyList_MCODE_ALL,GO Biological Processes,19,GO:0001568,blood vessel development,19_GO:0032502 developmental process,-2.5,3.7,3.7,30230,544,106,7,6.6,2.4,3726|3988|5587|6095|7410|10451|10454,JUNB|LIPA|PRKD1|RORA|VAV2|VAV3|TAB1,-1.4
MyList_MCODE_ALL,KEGG Pathway,24,hsa04146,Peroxisome,,-2.5,10,5,30230,83,106,3,2.8,1.6,2182|5192|55825,ACSL4|PEX10|PECR,-1.4
MyList_MCODE_ALL,Reactome Gene Sets,6,R-HSA-381340,Transcriptional regulation of white adipocyte differentiation,,-2.5,10,5,30230,83,106,3,2.8,1.6,1052|6837|9439,CEBPD|MED22|MED23,-1.4
MyList_MCODE_ALL,GO Biological Processes,19,GO:0097305,response to alcohol,19_GO:0050896 response to stimulus,-2.5,5.1,4.1,30230,281,106,5,4.7,2.1,2353|3988|5563|5581|5587,FOS|LIPA|PRKAA2|PRKCE|PRKD1,-1.4
MyList_MCODE_ALL,GO Biological Processes,19,GO:0006886,intracellular protein transport,19_GO:0051179 localization,-2.5,3.6,3.7,30230,547,106,7,6.6,2.4,5192|8677|23511|29107|51542|203062|339122,PEX10|STX10|NUP188|NXT1|VPS54|TSNARE1|RAB43,-1.4
MyList_MCODE_ALL,GO Biological Processes,19,GO:0009615,response to virus,19_GO:0044419 biological process involved in interspecies interaction between organisms,-2.5,4.2,3.9,30230,408,106,6,5.7,2.2,3551|6041|9582|9821|55703|200316,IKBKB|RNASEL|APOBEC3B|RB1CC1|POLR3B|APOBEC3F,-1.4
MyList_MCODE_ALL,GO Biological Processes,19,GO:1902017,regulation of cilium assembly,19_GO:0050789 regulation of biological process,-2.5,10,5,30230,84,106,3,2.8,1.6,8100|9742|90410,IFT88|IFT140|IFT20,-1.4
MyList_MCODE_ALL,Reactome Gene Sets,6,R-HSA-5607764,CLEC7A (Dectin-1) signaling,,-2.5,10,5,30230,84,106,3,2.8,1.6,3551|5580|10454,IKBKB|PRKCD|TAB1,-1.4
MyList_MCODE_ALL,Reactome Gene Sets,6,R-HSA-5696399,Global Genome Nucleotide Excision Repair (GG-NER),,-2.5,10,5,30230,84,106,3,2.8,1.6,2068|2071|2968,ERCC2|ERCC3|GTF2H4,-1.4
MyList_MCODE_ALL,GO Biological Processes,19,GO:0034612,response to tumor necrosis factor,19_GO:0050896 response to stimulus,-2.5,6.6,4.4,30230,173,106,4,3.8,1.9,2353|3551|5609|6095,FOS|IKBKB|MAP2K7|RORA,-1.4
MyList_MCODE_ALL,GO Biological Processes,19,GO:0002253,activation of immune response,19_GO:0002376 immune system process,-2.5,4.2,3.8,30230,410,106,6,5.7,2.2,673|3551|5580|5581|7410|10451,BRAF|IKBKB|PRKCD|PRKCE|VAV2|VAV3,-1.4
MyList_MCODE_ALL,GO Biological Processes,19,GO:0035239,tube morphogenesis,19_GO:0032502 developmental process,-2.5,3.3,3.6,30230,701,106,8,7.5,2.6,3726|5587|6095|7410|10451|26160|26249|55764,JUNB|PRKD1|RORA|VAV2|VAV3|IFT172|KLHL3|IFT122,-1.4
MyList_MCODE_ALL,GO Cellular Components,20,GO:0005814,centriole,,-2.5,6.6,4.4,30230,174,106,4,3.8,1.9,2733|8100|9742|90410,GLE1|IFT88|IFT140|IFT20,-1.4
MyList_MCODE_ALL,GO Biological Processes,19,GO:0002520,immune system development,19_GO:0002376 immune system process,-2.5,6.6,4.4,30230,174,106,4,3.8,1.9,673|3981|3988|4292,BRAF|LIG4|LIPA|MLH1,-1.4
MyList_MCODE_ALL,GO Biological Processes,19,GO:0000045,autophagosome assembly,19_GO:0009987 cellular process,-2.5,10,5,30230,85,106,3,2.8,1.6,9821|60673|339122,RB1CC1|ATG101|RAB43,-1.4
MyList_MCODE_ALL,GO Biological Processes,19,GO:1901568,fatty acid derivative metabolic process,19_GO:0009987 cellular process,-2.5,10,5,30230,85,106,3,2.8,1.6,2182|55825|197322,ACSL4|PECR|ACSF3,-1.4
MyList_MCODE_ALL,Reactome Gene Sets,6,R-HSA-913531,Interferon Signaling,,-2.5,5,4,30230,286,106,5,4.7,2.1,3551|5580|6041|23511|55706,IKBKB|PRKCD|RNASEL|NUP188|NDC1,-1.4
MyList_MCODE_ALL,Reactome Gene Sets,6,R-HSA-9909615,Regulation of PD-L1(CD274) Post-translational modification,,-2.5,9.9,4.9,30230,86,106,3,2.8,1.6,5563|51422|84061,PRKAA2|PRKAG2|MAGT1,-1.4
MyList_MCODE_ALL,GO Biological Processes,19,GO:0098655,monoatomic cation transmembrane transport,19_GO:0051179 localization,-2.5,3.2,3.5,30230,709,106,8,7.5,2.6,4508|4514|4541|84061|90423|90550|221154|286097,ATP6|COX3|ND6|MAGT1|ATP6V1E2|MCU|MICU2|MICU3,-1.4
MyList_MCODE_ALL,Reactome Gene Sets,6,R-HSA-9679506,SARS-CoV Infections,,-2.4,4.1,3.8,30230,417,106,6,5.7,2.2,3551|9817|10454|23511|55706|84061,IKBKB|KEAP1|TAB1|NUP188|NDC1|MAGT1,-1.4
MyList_MCODE_ALL,GO Biological Processes,19,GO:0032024,positive regulation of insulin secretion,19_GO:0051179 localization,-2.4,9.8,4.9,30230,87,106,3,2.8,1.6,2182|5581|90550,ACSL4|PRKCE|MCU,-1.4
MyList_MCODE_ALL,GO Biological Processes,19,GO:0050871,positive regulation of B cell activation,19_GO:0002376 immune system process,-2.4,9.8,4.9,30230,87,106,3,2.8,1.6,4292|6778|10451,MLH1|STAT6|VAV3,-1.4
MyList_MCODE_ALL,GO Biological Processes,19,GO:0009953,dorsal/ventral pattern formation,19_GO:0032502 developmental process,-2.4,9.8,4.9,30230,87,106,3,2.8,1.6,26160|55764|79809,IFT172|IFT122|TTC21B,-1.4
MyList_MCODE_ALL,GO Biological Processes,19,GO:0043524,negative regulation of neuron apoptotic process,19_GO:0048519 negative regulation of biological process,-2.4,6.4,4.3,30230,179,106,4,3.8,1.9,673|3981|5582|51542,BRAF|LIG4|PRKCG|VPS54,-1.4
MyList_MCODE_ALL,GO Cellular Components,20,GO:0035770,ribonucleoprotein granule,,-2.4,3.2,3.5,30230,714,106,8,7.5,2.6,2968|5563|9582|27257|29107|167227|192670|200316,GTF2H4|PRKAA2|APOBEC3B|LSM1|NXT1|DCP2|AGO4|APOBEC3F,-1.4
MyList_MCODE_ALL,GO Biological Processes,19,GO:0006405,RNA export from nucleus,19_GO:0051179 localization,-2.4,9.7,4.9,30230,88,106,3,2.8,1.6,2733|23511|29107,GLE1|NUP188|NXT1,-1.4
MyList_MCODE_ALL,GO Biological Processes,19,GO:0032870,cellular response to hormone stimulus,19_GO:0050896 response to stimulus,-2.4,3.5,3.6,30230,565,106,7,6.6,2.4,2353|5563|5580|5581|5587|6778|51542,FOS|PRKAA2|PRKCD|PRKCE|PRKD1|STAT6|VPS54,-1.4
MyList_MCODE_ALL,GO Biological Processes,19,GO:2000142,regulation of DNA-templated transcription initiation,19_GO:0050789 regulation of biological process,-2.4,9.6,4.8,30230,89,106,3,2.8,1.6,6837|6908|9439,MED22|TBP|MED23,-1.4
MyList_MCODE_ALL,WikiPathways,27,WP231,TNF alpha signaling,,-2.4,9.6,4.8,30230,89,106,3,2.8,1.6,3551|5609|10454,IKBKB|MAP2K7|TAB1,-1.4
MyList_MCODE_ALL,Reactome Gene Sets,6,R-HSA-72203,Processing of Capped Intron-Containing Pre-mRNA,,-2.4,4.9,3.9,30230,294,106,5,4.7,2.1,2733|23511|23658|29107|55706,GLE1|NUP188|LSM5|NXT1|NDC1,-1.3
MyList_MCODE_ALL,GO Biological Processes,19,GO:0009451,RNA modification,19_GO:0009987 cellular process,-2.4,6.3,4.2,30230,181,106,4,3.8,1.9,9582|80324|126789|200316,APOBEC3B|PUS1|PUSL1|APOBEC3F,-1.3
MyList_MCODE_ALL,GO Cellular Components,20,GO:0098798,mitochondrial protein-containing complex,,-2.4,6.3,4.2,30230,182,106,4,3.8,1.9,4706|90550|221154|286097,NDUFAB1|MCU|MICU2|MICU3,-1.3
MyList_MCODE_ALL,GO Biological Processes,19,GO:0051607,defense response to virus,19_GO:0044419 biological process involved in interspecies interaction between organisms,-2.4,4.8,3.9,30230,296,106,5,4.7,2.1,6041|9582|9821|55703|200316,RNASEL|APOBEC3B|RB1CC1|POLR3B|APOBEC3F,-1.3
MyList_MCODE_ALL,Reactome Gene Sets,6,R-HSA-9700206,Signaling by ALK in cancer,,-2.4,9.5,4.8,30230,90,106,3,2.8,1.6,3726|57448|192670,JUNB|BIRC6|AGO4,-1.3
MyList_MCODE_ALL,Reactome Gene Sets,6,R-HSA-9663891,Selective autophagy,,-2.4,9.5,4.8,30230,90,106,3,2.8,1.6,5563|8100|51422,PRKAA2|IFT88|PRKAG2,-1.3
MyList_MCODE_ALL,GO Biological Processes,19,GO:0046632,alpha-beta T cell differentiation,19_GO:0002376 immune system process,-2.4,9.5,4.8,30230,90,106,3,2.8,1.6,673|6095|6778,BRAF|RORA|STAT6,-1.3
MyList_MCODE_ALL,Reactome Gene Sets,6,R-HSA-9725370,Signaling by ALK fusions and activated point mutants,,-2.4,9.5,4.8,30230,90,106,3,2.8,1.6,3726|57448|192670,JUNB|BIRC6|AGO4,-1.3
MyList_MCODE_ALL,GO Biological Processes,19,GO:0001944,vasculature development,19_GO:0032502 developmental process,-2.4,3.5,3.6,30230,570,106,7,6.6,2.4,3726|3988|5587|6095|7410|10451|10454,JUNB|LIPA|PRKD1|RORA|VAV2|VAV3|TAB1,-1.3
MyList_MCODE_ALL,GO Biological Processes,19,GO:0030098,lymphocyte differentiation,19_GO:0002376 immune system process,-2.4,4.8,3.9,30230,297,106,5,4.7,2.1,673|3981|3988|6095|6778,BRAF|LIG4|LIPA|RORA|STAT6,-1.3
MyList_MCODE_ALL,GO Biological Processes,19,GO:0006403,RNA localization,19_GO:0051179 localization,-2.4,6.2,4.2,30230,184,106,4,3.8,1.9,2733|23511|29107|55706,GLE1|NUP188|NXT1|NDC1,-1.3
MyList_MCODE_ALL,GO Biological Processes,19,GO:0007169,cell surface receptor protein tyrosine kinase signaling pathway,19_GO:0050896 response to stimulus,-2.4,4,3.7,30230,431,106,6,5.7,2.2,673|2068|5587|6778|7410|57560,BRAF|ERCC2|PRKD1|STAT6|VAV2|IFT80,-1.3
MyList_MCODE_ALL,WikiPathways,27,WP1772,Apoptosis modulation and signaling,,-2.4,9.3,4.7,30230,92,106,3,2.8,1.6,2353|3551|5587,FOS|IKBKB|PRKD1,-1.3
MyList_MCODE_ALL,GO Biological Processes,19,GO:0000165,MAPK cascade,19_GO:0050896 response to stimulus,-2.4,6.1,4.2,30230,186,106,4,3.8,1.9,673|3551|5602|5609,BRAF|IKBKB|MAPK10|MAP2K7,-1.3
MyList_MCODE_ALL,GO Biological Processes,19,GO:1905037,autophagosome organization,19_GO:0009987 cellular process,-2.4,9.2,4.7,30230,93,106,3,2.8,1.6,9821|60673|339122,RB1CC1|ATG101|RAB43,-1.3
MyList_MCODE_ALL,KEGG Pathway,24,hsa04912,GnRH signaling pathway,,-2.4,9.2,4.7,30230,93,106,3,2.8,1.6,5580|5602|5609,PRKCD|MAPK10|MAP2K7,-1.3
MyList_MCODE_ALL,Reactome Gene Sets,6,R-HSA-6804756,Regulation of TP53 Activity through Phosphorylation,,-2.4,9.2,4.7,30230,93,106,3,2.8,1.6,5563|6908|51422,PRKAA2|TBP|PRKAG2,-1.3
MyList_MCODE_ALL,Reactome Gene Sets,6,R-HSA-9694516,SARS-CoV-2 Infection,,-2.4,4.7,3.8,30230,303,106,5,4.7,2.1,3551|10454|23511|55706|84061,IKBKB|TAB1|NUP188|NDC1|MAGT1,-1.3
MyList_MCODE_ALL,GO Biological Processes,19,GO:0007507,heart development,19_GO:0032502 developmental process,-2.4,3.4,3.5,30230,580,106,7,6.6,2.4,7403|9742|9821|10454|26160|55764|90410,KDM6A|IFT140|RB1CC1|TAB1|IFT172|IFT122|IFT20,-1.3
MyList_MCODE_ALL,GO Biological Processes,19,GO:1902600,proton transmembrane transport,19_GO:0051179 localization,-2.3,6,4.1,30230,190,106,4,3.8,1.9,4508|4514|4541|90423,ATP6|COX3|ND6|ATP6V1E2,-1.3
MyList_MCODE_ALL,GO Biological Processes,19,GO:0006694,steroid biosynthetic process,19_GO:0009987 cellular process,-2.3,9,4.6,30230,95,106,3,2.8,1.6,3988|5563|51422,LIPA|PRKAA2|PRKAG2,-1.3
MyList_MCODE_ALL,GO Biological Processes,19,GO:0006487,protein N-linked glycosylation,19_GO:0009987 cellular process,-2.3,9,4.6,30230,95,106,3,2.8,1.6,10195|29880|84061,ALG3|ALG5|MAGT1,-1.3
MyList_MCODE_ALL,KEGG Pathway,24,hsa04657,IL-17 signaling pathway,,-2.3,9,4.6,30230,95,106,3,2.8,1.6,2353|3551|5602,FOS|IKBKB|MAPK10,-1.3
MyList_MCODE_ALL,GO Biological Processes,19,GO:0061157,mRNA destabilization,19_GO:0048519 negative regulation of biological process,-2.3,6,4.1,30230,191,106,4,3.8,1.9,4292|23658|27257|167227,MLH1|LSM5|LSM1|DCP2,-1.3
MyList_MCODE_ALL,GO Cellular Components,20,GO:0001750,photoreceptor outer segment,,-2.3,8.9,4.6,30230,96,106,3,2.8,1.6,9742|57728|90410,IFT140|WDR19|IFT20,-1.3
MyList_MCODE_ALL,Reactome Gene Sets,6,R-HSA-1592230,Mitochondrial biogenesis,,-2.3,8.9,4.6,30230,96,106,3,2.8,1.6,4508|5563|51422,ATP6|PRKAA2|PRKAG2,-1.3
MyList_MCODE_ALL,Reactome Gene Sets,6,R-HSA-9837999,Mitochondrial protein degradation,,-2.3,8.9,4.6,30230,96,106,3,2.8,1.6,4508|4541|221154,ATP6|ND6|MICU2,-1.3
MyList_MCODE_ALL,GO Biological Processes,19,GO:0016239,positive regulation of macroautophagy,19_GO:0048518 positive regulation of biological process,-2.3,8.8,4.6,30230,97,106,3,2.8,1.6,5563|27244|84219,PRKAA2|SESN1|WDR24,-1.3
MyList_MCODE_ALL,GO Biological Processes,19,GO:0010507,negative regulation of autophagy,19_GO:0048519 negative regulation of biological process,-2.3,8.8,4.6,30230,97,106,3,2.8,1.6,10325|64121|84861,RRAGB|RRAGC|KLHL22,-1.3
MyList_MCODE_ALL,GO Biological Processes,19,GO:1903311,regulation of mRNA metabolic process,19_GO:0050789 regulation of biological process,-2.3,3.8,3.6,30230,445,106,6,5.7,2.2,4292|5580|6041|23658|27257|167227,MLH1|PRKCD|RNASEL|LSM5|LSM1|DCP2,-1.3
MyList_MCODE_ALL,Reactome Gene Sets,6,R-HSA-446203,Asparagine N-linked glycosylation,,-2.3,4.6,3.8,30230,312,106,5,4.7,2.1,9382|10195|29880|84061|84342,COG1|ALG3|ALG5|MAGT1|COG8,-1.3
MyList_MCODE_ALL,GO Biological Processes,19,GO:1903829,positive regulation of protein localization,19_GO:0051179 localization,-2.3,3.8,3.6,30230,446,106,6,5.7,2.2,2182|5563|5580|5581|5587|90550,ACSL4|PRKAA2|PRKCD|PRKCE|PRKD1|MCU,-1.3
MyList_MCODE_ALL,GO Biological Processes,19,GO:0050779,RNA destabilization,19_GO:0048518 positive regulation of biological process,-2.3,5.9,4,30230,195,106,4,3.8,1.9,4292|23658|27257|167227,MLH1|LSM5|LSM1|DCP2,-1.3
MyList_MCODE_ALL,WikiPathways,27,WP5475,Hallmark of cancer sustaining proliferative signaling,,-2.3,8.7,4.5,30230,98,106,3,2.8,1.6,673|2353|3551,BRAF|FOS|IKBKB,-1.3
MyList_MCODE_ALL,KEGG Pathway,24,hsa04925,Aldosterone synthesis and secretion,,-2.3,8.7,4.5,30230,98,106,3,2.8,1.6,5581|5582|5587,PRKCE|PRKCG|PRKD1,-1.3
MyList_MCODE_ALL,Reactome Gene Sets,6,R-HSA-4420097,VEGFA-VEGFR2 Pathway,,-2.3,8.7,4.5,30230,98,106,3,2.8,1.6,5580|7410|10451,PRKCD|VAV2|VAV3,-1.3
MyList_MCODE_ALL,GO Biological Processes,19,GO:0045132,meiotic chromosome segregation,19_GO:0022414 reproductive process,-2.3,8.7,4.5,30230,98,106,3,2.8,1.6,4292|55706|192670,MLH1|NDC1|AGO4,-1.3
MyList_MCODE_ALL,KEGG Pathway,24,hsa05167,Kaposi sarcoma-associated herpesvirus infection,,-2.3,5.8,4,30230,196,106,4,3.8,1.9,2353|3551|5602|5609,FOS|IKBKB|MAPK10|MAP2K7,-1.3
MyList_MCODE_ALL,GO Biological Processes,19,GO:0032465,regulation of cytokinesis,19_GO:0050789 regulation of biological process,-2.3,8.6,4.5,30230,99,106,3,2.8,1.6,5581|55958|57448,PRKCE|KLHL9|BIRC6,-1.2
MyList_MCODE_ALL,KEGG Pathway,24,hsa01522,Endocrine resistance,,-2.3,8.6,4.5,30230,99,106,3,2.8,1.6,673|2353|5602,BRAF|FOS|MAPK10,-1.2
MyList_MCODE_ALL,KEGG Pathway,24,hsa05231,Choline metabolism in cancer,,-2.3,8.6,4.5,30230,99,106,3,2.8,1.6,2353|5582|5602,FOS|PRKCG|MAPK10,-1.2
MyList_MCODE_ALL,GO Biological Processes,19,GO:0008306,associative learning,19_GO:0032501 multicellular organismal process,-2.3,8.6,4.5,30230,99,106,3,2.8,1.6,673|2353|90410,BRAF|FOS|IFT20,-1.2
MyList_MCODE_ALL,GO Biological Processes,19,GO:0051276,chromosome organization,19_GO:0009987 cellular process,-2.3,3.8,3.5,30230,453,106,6,5.7,2.2,2071|3981|4292|55706|84861|192670,ERCC3|LIG4|MLH1|NDC1|KLHL22|AGO4,-1.2
MyList_MCODE_ALL,GO Biological Processes,19,GO:0090276,regulation of peptide hormone secretion,19_GO:0051179 localization,-2.3,5.7,4,30230,199,106,4,3.8,1.9,2182|5581|5587|90550,ACSL4|PRKCE|PRKD1|MCU,-1.2
MyList_MCODE_ALL,GO Biological Processes,19,GO:0016241,regulation of macroautophagy,19_GO:0050789 regulation of biological process,-2.3,5.7,4,30230,199,106,4,3.8,1.9,5563|27244|84219|90423,PRKAA2|SESN1|WDR24|ATP6V1E2,-1.2
MyList_MCODE_ALL,Reactome Gene Sets,6,R-HSA-5419276,Mitochondrial translation termination,,-2.3,8.5,4.5,30230,101,106,3,2.8,1.6,4508|4514|4541,ATP6|COX3|ND6,-1.2
MyList_MCODE_ALL,KEGG Pathway,24,hsa04933,AGE-RAGE signaling pathway in diabetic complications,,-2.3,8.5,4.5,30230,101,106,3,2.8,1.6,5580|5581|5602,PRKCD|PRKCE|MAPK10,-1.2
MyList_MCODE_ALL,GO Biological Processes,19,GO:0030099,myeloid cell differentiation,19_GO:0032502 developmental process,-2.3,4.5,3.7,30230,320,106,5,4.7,2.1,2068|3726|3988|51542|57560,ERCC2|JUNB|LIPA|VPS54|IFT80,-1.2
MyList_MCODE_ALL,GO Biological Processes,19,GO:0045089,positive regulation of innate immune response,19_GO:0044419 biological process involved in interspecies interaction between organisms,-2.3,4.5,3.7,30230,320,106,5,4.7,2.1,3551|5581|5587|10454|55703,IKBKB|PRKCE|PRKD1|TAB1|POLR3B,-1.2
MyList_MCODE_ALL,WikiPathways,27,WP3594,Circadian rhythm genes,,-2.3,5.7,3.9,30230,201,106,4,3.8,1.9,5563|5582|5602|6095,PRKAA2|PRKCG|MAPK10|RORA,-1.2
MyList_MCODE_ALL,GO Biological Processes,19,GO:0006874,intracellular calcium ion homeostasis,19_GO:0042592 homeostatic process,-2.3,5.7,3.9,30230,201,106,4,3.8,1.9,51542|90550|221154|286097,VPS54|MCU|MICU2|MICU3,-1.2
MyList_MCODE_ALL,GO Biological Processes,19,GO:0042254,ribosome biogenesis,19_GO:0009987 cellular process,-2.3,4.4,3.7,30230,322,106,5,4.7,2.1,2068|4706|4931|6041|64745,ERCC2|NDUFAB1|NVL|RNASEL|METTL17,-1.2
MyList_MCODE_ALL,GO Biological Processes,19,GO:0002831,regulation of response to biotic stimulus,19_GO:0050896 response to stimulus,-2.2,3.3,3.4,30230,609,106,7,6.6,2.4,3551|5581|5587|10454|55703|84861|200316,IKBKB|PRKCE|PRKD1|TAB1|POLR3B|KLHL22|APOBEC3F,-1.2
MyList_MCODE_ALL,KEGG Pathway,24,hsa05142,Chagas disease,,-2.2,8.3,4.4,30230,103,106,3,2.8,1.6,2353|3551|5602,FOS|IKBKB|MAPK10,-1.2
MyList_MCODE_ALL,Reactome Gene Sets,6,R-HSA-9705683,SARS-CoV-2-host interactions,,-2.2,5.6,3.9,30230,203,106,4,3.8,1.9,3551|10454|23511|55706,IKBKB|TAB1|NUP188|NDC1,-1.2
MyList_MCODE_ALL,GO Biological Processes,19,GO:0002791,regulation of peptide secretion,19_GO:0051179 localization,-2.2,5.6,3.9,30230,203,106,4,3.8,1.9,2182|5581|5587|90550,ACSL4|PRKCE|PRKD1|MCU,-1.2
MyList_MCODE_ALL,GO Biological Processes,19,GO:0048839,inner ear development,19_GO:0032502 developmental process,-2.2,5.6,3.9,30230,204,106,4,3.8,1.9,1052|8100|90410|123016,CEBPD|IFT88|IFT20|TTC8,-1.2
MyList_MCODE_ALL,GO Biological Processes,19,GO:0007389,pattern specification process,19_GO:0032502 developmental process,-2.2,3.7,3.5,30230,463,106,6,5.7,2.2,9742|26160|29880|55764|79809|123016,IFT140|IFT172|ALG5|IFT122|TTC21B|TTC8,-1.2
MyList_MCODE_ALL,WikiPathways,27,WP1544,MicroRNAs in cardiomyocyte hypertrophy,,-2.2,8.2,4.4,30230,104,106,3,2.8,1.6,3551|5609|10454,IKBKB|MAP2K7|TAB1,-1.2
MyList_MCODE_ALL,GO Biological Processes,19,GO:0002694,regulation of leukocyte activation,19_GO:0002376 immune system process,-2.2,3.3,3.3,30230,614,106,7,6.6,2.4,673|3726|4292|6095|6778|10451|84861,BRAF|JUNB|MLH1|RORA|STAT6|VAV3|KLHL22,-1.2
MyList_MCODE_ALL,GO Biological Processes,19,GO:0010001,glial cell differentiation,19_GO:0032502 developmental process,-2.2,5.6,3.9,30230,205,106,4,3.8,1.9,2068|23405|51542|79809,ERCC2|DICER1|VPS54|TTC21B,-1.2
MyList_MCODE_ALL,KEGG Pathway,24,hsa05169,Epstein-Barr virus infection,,-2.2,5.6,3.9,30230,205,106,4,3.8,1.9,3551|5602|5609|10454,IKBKB|MAPK10|MAP2K7|TAB1,-1.2
MyList_MCODE_ALL,GO Biological Processes,19,GO:0061014,positive regulation of mRNA catabolic process,19_GO:0048519 negative regulation of biological process,-2.2,5.6,3.9,30230,205,106,4,3.8,1.9,4292|23658|27257|167227,MLH1|LSM5|LSM1|DCP2,-1.2
MyList_MCODE_ALL,GO Biological Processes,19,GO:0090087,regulation of peptide transport,19_GO:0051179 localization,-2.2,5.6,3.9,30230,205,106,4,3.8,1.9,2182|5581|5587|90550,ACSL4|PRKCE|PRKD1|MCU,-1.2
MyList_MCODE_ALL,GO Biological Processes,19,GO:1904951,positive regulation of establishment of protein localization,19_GO:0051179 localization,-2.2,4.4,3.6,30230,327,106,5,4.7,2.1,2182|5580|5581|5587|90550,ACSL4|PRKCD|PRKCE|PRKD1|MCU,-1.2
MyList_MCODE_ALL,KEGG Pathway,24,hsa04625,C-type lectin receptor signaling pathway,,-2.2,8.1,4.4,30230,105,106,3,2.8,1.6,3551|5580|5602,IKBKB|PRKCD|MAPK10,-1.2
MyList_MCODE_ALL,WikiPathways,27,WP615,Senescence and autophagy in cancer,,-2.2,8.1,4.4,30230,105,106,3,2.8,1.6,673|6041|9821,BRAF|RNASEL|RB1CC1,-1.2
MyList_MCODE_ALL,GO Biological Processes,19,GO:2001252,positive regulation of chromosome organization,19_GO:0048518 positive regulation of biological process,-2.2,8.1,4.4,30230,105,106,3,2.8,1.6,3981|4931|5609,LIG4|NVL|MAP2K7,-1.2
MyList_MCODE_ALL,GO Biological Processes,19,GO:1901699,cellular response to nitrogen compound,19_GO:0050896 response to stimulus,-2.2,3.2,3.3,30230,617,106,7,6.6,2.4,2353|5580|5587|6778|27244|84861|729438,FOS|PRKCD|PRKD1|STAT6|SESN1|KLHL22|CASTOR2,-1.2
MyList_MCODE_ALL,GO Biological Processes,19,GO:0006399,tRNA metabolic process,19_GO:0009987 cellular process,-2.2,5.5,3.9,30230,207,106,4,3.8,1.9,23405|80324|126789|283459,DICER1|PUS1|PUSL1|GATC,-1.2
MyList_MCODE_ALL,Reactome Gene Sets,6,R-HSA-9843745,Adipogenesis,,-2.2,8,4.3,30230,107,106,3,2.8,1.6,1052|6837|9439,CEBPD|MED22|MED23,-1.2
MyList_MCODE_ALL,GO Biological Processes,19,GO:0070555,response to interleukin-1,19_GO:0050896 response to stimulus,-2.2,8,4.3,30230,107,106,3,2.8,1.6,3551|5609|6095,IKBKB|MAP2K7|RORA,-1.2
MyList_MCODE_ALL,Reactome Gene Sets,6,R-HSA-194138,Signaling by VEGF,,-2.2,8,4.3,30230,107,106,3,2.8,1.6,5580|7410|10451,PRKCD|VAV2|VAV3,-1.2
MyList_MCODE_ALL,GO Biological Processes,19,GO:0110020,regulation of actomyosin structure organization,19_GO:0050789 regulation of biological process,-2.2,8,4.3,30230,107,106,3,2.8,1.6,673|5587|123016,BRAF|PRKD1|TTC8,-1.2
MyList_MCODE_ALL,GO Biological Processes,19,GO:0002822,regulation of adaptive immune response based on somatic recombination of immune receptors built from immunoglobulin superfamily domains,19_GO:0002376 immune system process,-2.2,5.4,3.8,30230,210,106,4,3.8,1.9,3726|4292|6778|84861,JUNB|MLH1|STAT6|KLHL22,-1.2
MyList_MCODE_ALL,Reactome Gene Sets,6,R-HSA-73894,DNA Repair,,-2.2,4.3,3.6,30230,334,106,5,4.7,2.1,2068|2071|2968|3981|4292,ERCC2|ERCC3|GTF2H4|LIG4|MLH1,-1.2
MyList_MCODE_ALL,WikiPathways,27,WP4321,Thermogenesis,,-2.2,7.9,4.3,30230,108,106,3,2.8,1.6,2182|5563|51422,ACSL4|PRKAA2|PRKAG2,-1.2
MyList_MCODE_ALL,Reactome Gene Sets,6,R-HSA-163685,Integration of energy metabolism,,-2.2,7.9,4.3,30230,108,106,3,2.8,1.6,2182|5563|51422,ACSL4|PRKAA2|PRKAG2,-1.2
MyList_MCODE_ALL,GO Biological Processes,19,GO:0006892,post-Golgi vesicle-mediated transport,19_GO:0051179 localization,-2.2,7.8,4.2,30230,109,106,3,2.8,1.6,10079|51542|134957,ATP9A|VPS54|STXBP5,-1.2
MyList_MCODE_ALL,Reactome Gene Sets,6,R-HSA-5696398,Nucleotide Excision Repair,,-2.2,7.8,4.2,30230,109,106,3,2.8,1.6,2068|2071|2968,ERCC2|ERCC3|GTF2H4,-1.2
MyList_MCODE_ALL,GO Biological Processes,19,GO:0031349,positive regulation of defense response,19_GO:0048518 positive regulation of biological process,-2.2,3.6,3.4,30230,478,106,6,5.7,2.2,3551|5581|5587|6845|10454|55703,IKBKB|PRKCE|PRKD1|VAMP7|TAB1|POLR3B,-1.1
MyList_MCODE_ALL,WikiPathways,27,WP3998,Prader Willi and Angelman syndrome,,-2.2,7.8,4.2,30230,110,106,3,2.8,1.6,2733|23511|55706,GLE1|NUP188|NDC1,-1.1
MyList_MCODE_ALL,GO Biological Processes,19,GO:0120032,regulation of plasma membrane bounded cell projection assembly,19_GO:0050789 regulation of biological process,-2.2,5.3,3.8,30230,214,106,4,3.8,1.9,5580|8100|9742|90410,PRKCD|IFT88|IFT140|IFT20,-1.1
MyList_MCODE_ALL,Reactome Gene Sets,6,R-HSA-72306,tRNA processing,,-2.2,7.7,4.2,30230,111,106,3,2.8,1.6,23511|55706|80324,NUP188|NDC1|PUS1,-1.1
MyList_MCODE_ALL,GO Biological Processes,19,GO:0032204,regulation of telomere maintenance,19_GO:0050789 regulation of biological process,-2.2,7.7,4.2,30230,111,106,3,2.8,1.6,4931|5609|167227,NVL|MAP2K7|DCP2,-1.1
MyList_MCODE_ALL,Reactome Gene Sets,6,R-HSA-2559582,Senescence-Associated Secretory Phenotype (SASP),,-2.2,7.7,4.2,30230,111,106,3,2.8,1.6,2353|29882|64682,FOS|ANAPC2|ANAPC1,-1.1
MyList_MCODE_ALL,GO Biological Processes,19,GO:1903900,regulation of viral life cycle,19_GO:0016032 viral process,-2.2,7.7,4.2,30230,111,106,3,2.8,1.6,6041|9582|200316,RNASEL|APOBEC3B|APOBEC3F,-1.1
MyList_MCODE_ALL,KEGG Pathway,24,hsa05145,Toxoplasmosis,,-2.1,7.6,4.2,30230,112,106,3,2.8,1.6,3551|5602|10454,IKBKB|MAPK10|TAB1,-1.1
MyList_MCODE_ALL,GO Biological Processes,19,GO:0060491,regulation of cell projection assembly,19_GO:0050789 regulation of biological process,-2.1,5.3,3.7,30230,217,106,4,3.8,1.9,5580|8100|9742|90410,PRKCD|IFT88|IFT140|IFT20,-1.1
MyList_MCODE_ALL,GO Biological Processes,19,GO:0042110,T cell activation,19_GO:0002376 immune system process,-2.1,4.1,3.5,30230,344,106,5,4.7,2.1,673|3981|3988|6095|6778,BRAF|LIG4|LIPA|RORA|STAT6,-1.1
MyList_MCODE_ALL,WikiPathways,27,WP3391,Senescence associated secretory phenotype SASP,,-2.1,7.6,4.2,30230,113,106,3,2.8,1.6,2353|29882|64682,FOS|ANAPC2|ANAPC1,-1.1
MyList_MCODE_ALL,GO Biological Processes,19,GO:0007059,chromosome segregation,19_GO:0009987 cellular process,-2.1,4.1,3.4,30230,348,106,5,4.7,2.1,2068|4292|55706|84861|192670,ERCC2|MLH1|NDC1|KLHL22|AGO4,-1.1
MyList_MCODE_ALL,Reactome Gene Sets,6,R-HSA-187037,Signaling by NTRK1 (TRKA),,-2.1,7.4,4.1,30230,115,106,3,2.8,1.6,673|2353|3726,BRAF|FOS|JUNB,-1.1
MyList_MCODE_ALL,GO Biological Processes,19,GO:0050769,positive regulation of neurogenesis,19_GO:0032502 developmental process,-2.1,5.1,3.7,30230,222,106,4,3.8,1.9,673|3981|23405|29882,BRAF|LIG4|DICER1|ANAPC2,-1.1
MyList_MCODE_ALL,GO Biological Processes,19,GO:0002819,regulation of adaptive immune response,19_GO:0002376 immune system process,-2.1,5.1,3.7,30230,222,106,4,3.8,1.9,3726|4292|6778|84861,JUNB|MLH1|STAT6|KLHL22,-1.1
MyList_MCODE_ALL,KEGG Pathway,24,hsa04670,Leukocyte transendothelial migration,,-2.1,7.4,4.1,30230,116,106,3,2.8,1.6,5582|7410|10451,PRKCG|VAV2|VAV3,-1.1
MyList_MCODE_ALL,GO Biological Processes,19,GO:0033045,regulation of sister chromatid segregation,19_GO:0050789 regulation of biological process,-2.1,7.4,4.1,30230,116,106,3,2.8,1.6,29882|64682|84861,ANAPC2|ANAPC1|KLHL22,-1.1
MyList_MCODE_ALL,Reactome Gene Sets,6,R-HSA-9610379,HCMV Late Events,,-2.1,7.4,4.1,30230,116,106,3,2.8,1.6,1052|23511|55706,CEBPD|NUP188|NDC1,-1.1
MyList_MCODE_ALL,GO Biological Processes,19,GO:0120035,regulation of plasma membrane bounded cell projection organization,19_GO:0050789 regulation of biological process,-2.1,3.1,3.2,30230,650,106,7,6.6,2.4,673|5580|5587|8100|9742|29882|90410,BRAF|PRKCD|PRKD1|IFT88|IFT140|ANAPC2|IFT20,-1.1
MyList_MCODE_ALL,Reactome Gene Sets,6,R-HSA-68882,Mitotic Anaphase,,-2.1,5.1,3.6,30230,224,106,4,3.8,1.9,23511|29882|55706|64682,NUP188|ANAPC2|NDC1|ANAPC1,-1.1
MyList_MCODE_ALL,Reactome Gene Sets,6,R-HSA-1989781,PPARA activates gene expression,,-2.1,7.3,4.1,30230,117,106,3,2.8,1.6,6095|6837|9439,RORA|MED22|MED23,-1.1
MyList_MCODE_ALL,Reactome Gene Sets,6,R-HSA-2555396,Mitotic Metaphase and Anaphase,,-2.1,5.1,3.6,30230,225,106,4,3.8,1.9,23511|29882|55706|64682,NUP188|ANAPC2|NDC1|ANAPC1,-1.1
MyList_MCODE_ALL,GO Biological Processes,19,GO:0032956,regulation of actin cytoskeleton organization,19_GO:0050789 regulation of biological process,-2.1,4,3.4,30230,355,106,5,4.7,2.1,673|5580|5581|5587|123016,BRAF|PRKCD|PRKCE|PRKD1|TTC8,-1.1
MyList_MCODE_ALL,GO Biological Processes,19,GO:0015931,nucleobase-containing compound transport,19_GO:0051179 localization,-2.1,5,3.6,30230,227,106,4,3.8,1.9,2733|23511|29107|55706,GLE1|NUP188|NXT1|NDC1,-1.1
MyList_MCODE_ALL,GO Biological Processes,19,GO:0035264,multicellular organism growth,19_GO:0040007 growth,-2.1,7.2,4,30230,119,106,3,2.8,1.6,2068|57560|123016,ERCC2|IFT80|TTC8,-1.1
MyList_MCODE_ALL,Reactome Gene Sets,6,R-HSA-400206,Regulation of lipid metabolism by PPARalpha,,-2.1,7.2,4,30230,119,106,3,2.8,1.6,6095|6837|9439,RORA|MED22|MED23,-1.1
MyList_MCODE_ALL,GO Biological Processes,19,GO:0031346,positive regulation of cell projection organization,19_GO:0048518 positive regulation of biological process,-2.1,4,3.4,30230,357,106,5,4.7,2.1,673|5587|8100|29882|90410,BRAF|PRKD1|IFT88|ANAPC2|IFT20,-1.1
MyList_MCODE_ALL,GO Biological Processes,19,GO:1903313,positive regulation of mRNA metabolic process,19_GO:0048518 positive regulation of biological process,-2.1,5,3.6,30230,229,106,4,3.8,1.9,4292|23658|27257|167227,MLH1|LSM5|LSM1|DCP2,-1.1
MyList_MCODE_ALL,KEGG Pathway,24,hsa04810,Regulation of actin cytoskeleton,,-2,4.9,3.6,30230,232,106,4,3.8,1.9,673|7410|9138|10451,BRAF|VAV2|ARHGEF1|VAV3,-1
MyList_MCODE_ALL,GO Biological Processes,19,GO:0055074,calcium ion homeostasis,19_GO:0042592 homeostatic process,-2,4.9,3.6,30230,232,106,4,3.8,1.9,51542|90550|221154|286097,VPS54|MCU|MICU2|MICU3,-1
MyList_MCODE_ALL,GO Biological Processes,19,GO:0031344,regulation of cell projection organization,19_GO:0050789 regulation of biological process,-2,3,3.1,30230,669,106,7,6.6,2.4,673|5580|5587|8100|9742|29882|90410,BRAF|PRKCD|PRKD1|IFT88|IFT140|ANAPC2|IFT20,-1
MyList_MCODE_ALL,GO Biological Processes,19,GO:0034614,cellular response to reactive oxygen species,19_GO:0050896 response to stimulus,-2,7,3.9,30230,123,106,3,2.8,1.6,2353|5192|5580,FOS|PEX10|PRKCD,-1
MyList_MCODE_ALL,GO Cellular Components,20,GO:0097014,ciliary plasm,,-2,4.9,3.5,30230,234,106,4,3.8,1.9,9742|26160|57560|79809,IFT140|IFT172|IFT80|TTC21B,-1
MyList_MCODE_ALL,GO Cellular Components,20,GO:0005930,axoneme,,-2,4.9,3.5,30230,234,106,4,3.8,1.9,9742|26160|57560|79809,IFT140|IFT172|IFT80|TTC21B,-1
MyList_MCODE_ALL,GO Biological Processes,19,GO:0046631,alpha-beta T cell activation,19_GO:0002376 immune system process,-2,6.9,3.9,30230,124,106,3,2.8,1.6,673|6095|6778,BRAF|RORA|STAT6,-1
MyList_MCODE_ALL,GO Biological Processes,19,GO:0043010,camera-type eye development,19_GO:0032502 developmental process,-2,3.9,3.3,30230,368,106,5,4.7,2.1,2353|9742|55764|57728|123016,FOS|IFT140|IFT122|WDR19|TTC8,-1
MyList_MCODE_ALL,KEGG Pathway,24,hsa04071,Sphingolipid signaling pathway,,-2,6.8,3.9,30230,125,106,3,2.8,1.6,5581|5582|5602,PRKCE|PRKCG|MAPK10,-1
MyList_MCODE_ALL,GO Cellular Components,20,GO:0034702,monoatomic ion channel complex,,-2,3.9,3.3,30230,369,106,5,4.7,2.1,4508|90550|134957|221154|286097,ATP6|MCU|STXBP5|MICU2|MICU3,-1
MyList_MCODE_ALL,GO Biological Processes,19,GO:0002449,lymphocyte mediated immunity,19_GO:0002376 immune system process,-2,4.8,3.5,30230,237,106,4,3.8,1.9,3981|4292|5580|6845,LIG4|MLH1|PRKCD|VAMP7,-1
MyList_MCODE_ALL,GO Cellular Components,20,GO:0034703,cation channel complex,,-2,4.8,3.5,30230,237,106,4,3.8,1.9,4508|90550|221154|286097,ATP6|MCU|MICU2|MICU3,-1
MyList_MCODE_ALL,GO Biological Processes,19,GO:1902115,regulation of organelle assembly,19_GO:0050789 regulation of biological process,-2,4.8,3.5,30230,238,106,4,3.8,1.9,5563|8100|9742|90410,PRKAA2|IFT88|IFT140|IFT20,-1
MyList_MCODE_ALL,KEGG Pathway,24,hsa05171,Coronavirus disease - COVID-19,,-2,4.8,3.5,30230,238,106,4,3.8,1.9,2353|3551|5582|5602,FOS|IKBKB|PRKCG|MAPK10,-1
MyList_MCODE_ALL,Reactome Gene Sets,6,R-HSA-6807070,PTEN Regulation,,-2,6.8,3.9,30230,126,106,3,2.8,1.6,10325|64121|192670,RRAGB|RRAGC|AGO4,-1
MyList_MCODE_ALL,Reactome Gene Sets,6,R-HSA-5621481,C-type lectin receptors (CLRs),,-2,6.8,3.9,30230,126,106,3,2.8,1.6,3551|5580|10454,IKBKB|PRKCD|TAB1,-1
MyList_SUB1_MCODE_1,Reactome Gene Sets,6,R-HSA-6811440,Retrograde transport at the Trans-Golgi-Network,,-7.8,1.5e+02,24,30230,49,17,4,24,10,9382|51542|84342|339122,COG1|VPS54|COG8|RAB43,-5.8
MyList_SUB1_MCODE_1,Reactome Gene Sets,6,R-HSA-159236,Transport of Mature mRNA derived from an Intron-Containing Transcript,,-7.1,96,19,30230,74,17,4,24,10,2733|23511|29107|55706,GLE1|NUP188|NXT1|NDC1,-5.2
MyList_SUB1_MCODE_1,Reactome Gene Sets,6,R-HSA-72202,Transport of Mature Transcript to Cytoplasm,,-6.9,86,18,30230,83,17,4,24,10,2733|23511|29107|55706,GLE1|NUP188|NXT1|NDC1,-5.1
MyList_SUB1_MCODE_1,GO Biological Processes,19,GO:0072522,purine-containing compound biosynthetic process,19_GO:0009987 cellular process,-6.8,37,13,30230,239,17,5,29,11,2182|3988|4508|26289|197322,ACSL4|LIPA|ATP6|AK5|ACSF3,-4.9
MyList_SUB1_MCODE_1,GO Cellular Components,20,GO:0005643,nuclear pore,,-6.6,73,17,30230,98,17,4,24,10,2733|23511|29107|55706,GLE1|NUP188|NXT1|NDC1,-4.8
MyList_SUB1_MCODE_1,KEGG Pathway,24,hsa03013,Nucleocytoplasmic transport,,-6.5,66,16,30230,108,17,4,24,10,2733|23511|29107|55706,GLE1|NUP188|NXT1|NDC1,-4.7
MyList_SUB1_MCODE_1,GO Cellular Components,20,GO:0032588,trans-Golgi network membrane,,-6.4,62,16,30230,114,17,4,24,10,9382|51542|84342|339122,COG1|VPS54|COG8|RAB43,-4.6
MyList_SUB1_MCODE_1,GO Biological Processes,19,GO:1901293,nucleoside phosphate biosynthetic process,19_GO:0009987 cellular process,-6.3,30,12,30230,294,17,5,29,11,2182|3988|4508|26289|197322,ACSL4|LIPA|ATP6|AK5|ACSF3,-4.6
MyList_SUB1_MCODE_1,GO Biological Processes,19,GO:0051028,mRNA transport,19_GO:0051179 localization,-6.1,54,15,30230,131,17,4,24,10,2733|23511|29107|55706,GLE1|NUP188|NXT1|NDC1,-4.4
MyList_SUB1_MCODE_1,KEGG Pathway,24,hsa05014,Amyotrophic lateral sclerosis,,-5.8,24,11,30230,371,17,5,29,11,2733|4508|23511|29107|55706,GLE1|ATP6|NUP188|NXT1|NDC1,-4.2
MyList_SUB1_MCODE_1,GO Biological Processes,19,GO:0050657,nucleic acid transport,19_GO:0051179 localization,-5.8,46,13,30230,156,17,4,24,10,2733|23511|29107|55706,GLE1|NUP188|NXT1|NDC1,-4.2
MyList_SUB1_MCODE_1,GO Biological Processes,19,GO:0050658,RNA transport,19_GO:0051179 localization,-5.8,46,13,30230,156,17,4,24,10,2733|23511|29107|55706,GLE1|NUP188|NXT1|NDC1,-4.2
MyList_SUB1_MCODE_1,GO Biological Processes,19,GO:0051236,establishment of RNA localization,19_GO:0051179 localization,-5.8,45,13,30230,158,17,4,24,10,2733|23511|29107|55706,GLE1|NUP188|NXT1|NDC1,-4.1
MyList_SUB1_MCODE_1,GO Biological Processes,19,GO:0006403,RNA localization,19_GO:0051179 localization,-5.5,39,12,30230,184,17,4,24,10,2733|23511|29107|55706,GLE1|NUP188|NXT1|NDC1,-3.9
MyList_SUB1_MCODE_1,Reactome Gene Sets,6,R-HSA-6811442,Intra-Golgi and retrograde Golgi-to-ER traffic,,-5.4,35,12,30230,203,17,4,24,10,9382|51542|84342|339122,COG1|VPS54|COG8|RAB43,-3.8
MyList_SUB1_MCODE_1,GO Biological Processes,19,GO:0072521,purine-containing compound metabolic process,19_GO:0009987 cellular process,-5.2,18,8.9,30230,505,17,5,29,11,2182|3988|4508|26289|197322,ACSL4|LIPA|ATP6|AK5|ACSF3,-3.6
MyList_SUB1_MCODE_1,GO Biological Processes,19,GO:0015931,nucleobase-containing compound transport,19_GO:0051179 localization,-5.2,31,11,30230,227,17,4,24,10,2733|23511|29107|55706,GLE1|NUP188|NXT1|NDC1,-3.6
MyList_SUB1_MCODE_1,GO Cellular Components,20,GO:0099023,vesicle tethering complex,,-5.2,80,15,30230,67,17,3,18,9.2,9382|51542|84342,COG1|VPS54|COG8,-3.6
MyList_SUB1_MCODE_1,GO Biological Processes,19,GO:0006913,nucleocytoplasmic transport,19_GO:0051179 localization,-5,28,10,30230,251,17,4,24,10,2733|23511|29107|55706,GLE1|NUP188|NXT1|NDC1,-3.5
MyList_SUB1_MCODE_1,GO Biological Processes,19,GO:0051169,nuclear transport,19_GO:0051179 localization,-5,28,10,30230,252,17,4,24,10,2733|23511|29107|55706,GLE1|NUP188|NXT1|NDC1,-3.5
MyList_SUB1_MCODE_1,GO Biological Processes,19,GO:0090407,organophosphate biosynthetic process,19_GO:0009987 cellular process,-4.9,16,8.4,30230,565,17,5,29,11,2182|3988|4508|26289|197322,ACSL4|LIPA|ATP6|AK5|ACSF3,-3.5
MyList_SUB1_MCODE_1,GO Biological Processes,19,GO:0006753,nucleoside phosphate metabolic process,19_GO:0009987 cellular process,-4.9,15,8.3,30230,577,17,5,29,11,2182|3988|4508|26289|197322,ACSL4|LIPA|ATP6|AK5|ACSF3,-3.4
MyList_SUB1_MCODE_1,GO Cellular Components,20,GO:0005802,trans-Golgi network,,-4.8,25,9.7,30230,280,17,4,24,10,9382|51542|84342|339122,COG1|VPS54|COG8|RAB43,-3.3
MyList_SUB1_MCODE_1,GO Biological Processes,19,GO:0006405,RNA export from nucleus,19_GO:0051179 localization,-4.8,61,13,30230,88,17,3,18,9.2,2733|23511|29107,GLE1|NUP188|NXT1,-3.3
MyList_SUB1_MCODE_1,GO Biological Processes,19,GO:0055086,nucleobase-containing small molecule metabolic process,19_GO:0009987 cellular process,-4.8,15,8.1,30230,604,17,5,29,11,2182|3988|4508|26289|197322,ACSL4|LIPA|ATP6|AK5|ACSF3,-3.3
MyList_SUB1_MCODE_1,Reactome Gene Sets,6,R-HSA-72203,Processing of Capped Intron-Containing Pre-mRNA,,-4.7,24,9.5,30230,294,17,4,24,10,2733|23511|29107|55706,GLE1|NUP188|NXT1|NDC1,-3.3
MyList_SUB1_MCODE_1,GO Biological Processes,19,GO:0048193,Golgi vesicle transport,19_GO:0051179 localization,-4.7,23,9.3,30230,303,17,4,24,10,9382|51542|84342|339122,COG1|VPS54|COG8|RAB43,-3.2
MyList_SUB1_MCODE_1,WikiPathways,27,WP3998,Prader Willi and Angelman syndrome,,-4.5,48,12,30230,110,17,3,18,9.2,2733|23511|55706,GLE1|NUP188|NDC1,-3.1
MyList_SUB1_MCODE_1,GO Biological Processes,19,GO:0051168,nuclear export,19_GO:0051179 localization,-4.2,38,10,30230,139,17,3,18,9.2,2733|23511|29107,GLE1|NUP188|NXT1,-2.8
MyList_SUB1_MCODE_1,GO Cellular Components,20,GO:0098791,Golgi apparatus subcompartment,,-4.2,18,8,30230,401,17,4,24,10,9382|51542|84342|339122,COG1|VPS54|COG8|RAB43,-2.8
MyList_SUB1_MCODE_1,GO Biological Processes,19,GO:0007030,Golgi organization,19_GO:0009987 cellular process,-4.2,38,10,30230,142,17,3,18,9.2,9382|84342|339122,COG1|COG8|RAB43,-2.8
MyList_SUB1_MCODE_1,GO Biological Processes,19,GO:0009152,purine ribonucleotide biosynthetic process,19_GO:0009987 cellular process,-4.2,37,10,30230,145,17,3,18,9.2,3988|4508|26289,LIPA|ATP6|AK5,-2.8
MyList_SUB1_MCODE_1,GO Biological Processes,19,GO:0009260,ribonucleotide biosynthetic process,19_GO:0009987 cellular process,-4,33,9.7,30230,161,17,3,18,9.2,3988|4508|26289,LIPA|ATP6|AK5,-2.7
MyList_SUB1_MCODE_1,Reactome Gene Sets,6,R-HSA-1169410,Antimicrobial mechanism of IFN-stimulated genes,,-4,32,9.6,30230,165,17,3,18,9.2,6041|23511|55706,RNASEL|NUP188|NDC1,-2.7
MyList_SUB1_MCODE_1,GO Biological Processes,19,GO:0046390,ribose phosphate biosynthetic process,19_GO:0009987 cellular process,-4,32,9.5,30230,167,17,3,18,9.2,3988|4508|26289,LIPA|ATP6|AK5,-2.7
MyList_SUB1_MCODE_1,GO Biological Processes,19,GO:0046034,ATP metabolic process,19_GO:0009987 cellular process,-4,32,9.5,30230,169,17,3,18,9.2,3988|4508|26289,LIPA|ATP6|AK5,-2.6
MyList_SUB1_MCODE_1,GO Cellular Components,20,GO:0005635,nuclear envelope,,-4,15,7.4,30230,463,17,4,24,10,2733|23511|29107|55706,GLE1|NUP188|NXT1|NDC1,-2.6
MyList_SUB1_MCODE_1,GO Biological Processes,19,GO:0006164,purine nucleotide biosynthetic process,19_GO:0009987 cellular process,-3.9,30,9.3,30230,175,17,3,18,9.2,3988|4508|26289,LIPA|ATP6|AK5,-2.6
MyList_SUB1_MCODE_1,GO Biological Processes,19,GO:0009205,purine ribonucleoside triphosphate metabolic process,19_GO:0009987 cellular process,-3.8,28,8.8,30230,193,17,3,18,9.2,3988|4508|26289,LIPA|ATP6|AK5,-2.5
MyList_SUB1_MCODE_1,GO Biological Processes,19,GO:0009144,purine nucleoside triphosphate metabolic process,19_GO:0009987 cellular process,-3.7,27,8.6,30230,200,17,3,18,9.2,3988|4508|26289,LIPA|ATP6|AK5,-2.5
MyList_SUB1_MCODE_1,GO Biological Processes,19,GO:0009165,nucleotide biosynthetic process,19_GO:0009987 cellular process,-3.7,26,8.4,30230,209,17,3,18,9.2,3988|4508|26289,LIPA|ATP6|AK5,-2.4
MyList_SUB1_MCODE_1,GO Biological Processes,19,GO:0006886,intracellular protein transport,19_GO:0051179 localization,-3.7,13,6.7,30230,547,17,4,24,10,23511|29107|51542|339122,NUP188|NXT1|VPS54|RAB43,-2.4
MyList_SUB1_MCODE_1,GO Biological Processes,19,GO:0007033,vacuole organization,19_GO:0009987 cellular process,-3.7,25,8.3,30230,214,17,3,18,9.2,3988|51542|339122,LIPA|VPS54|RAB43,-2.4
MyList_SUB1_MCODE_1,GO Biological Processes,19,GO:0009141,nucleoside triphosphate metabolic process,19_GO:0009987 cellular process,-3.6,24,8.3,30230,218,17,3,18,9.2,3988|4508|26289,LIPA|ATP6|AK5,-2.4
MyList_SUB1_MCODE_1,GO Biological Processes,19,GO:0045333,cellular respiration,19_GO:0009987 cellular process,-3.6,23,8,30230,231,17,3,18,9.2,3988|4508|51542,LIPA|ATP6|VPS54,-2.3
MyList_SUB1_MCODE_1,Reactome Gene Sets,6,R-HSA-199991,Membrane Trafficking,,-3.4,11,6.2,30230,635,17,4,24,10,9382|51542|84342|339122,COG1|VPS54|COG8|RAB43,-2.2
MyList_SUB1_MCODE_1,Reactome Gene Sets,6,R-HSA-5653656,Vesicle-mediated transport,,-3.3,10,5.9,30230,678,17,4,24,10,9382|51542|84342|339122,COG1|VPS54|COG8|RAB43,-2.1
MyList_SUB1_MCODE_1,Reactome Gene Sets,6,R-HSA-913531,Interferon Signaling,,-3.3,19,7.1,30230,286,17,3,18,9.2,6041|23511|55706,RNASEL|NUP188|NDC1,-2.1
MyList_SUB1_MCODE_1,GO Biological Processes,19,GO:0009150,purine ribonucleotide metabolic process,19_GO:0009987 cellular process,-3.3,18,7,30230,293,17,3,18,9.2,3988|4508|26289,LIPA|ATP6|AK5,-2.1
MyList_SUB1_MCODE_1,GO Biological Processes,19,GO:0015980,energy derivation by oxidation of organic compounds,19_GO:0009987 cellular process,-3.2,17,6.9,30230,305,17,3,18,9.2,3988|4508|51542,LIPA|ATP6|VPS54,-2
MyList_SUB1_MCODE_1,Reactome Gene Sets,6,R-HSA-8953854,Metabolism of RNA,,-3.2,9.6,5.6,30230,742,17,4,24,10,2733|23511|29107|55706,GLE1|NUP188|NXT1|NDC1,-2
MyList_SUB1_MCODE_1,GO Biological Processes,19,GO:0009259,ribonucleotide metabolic process,19_GO:0009987 cellular process,-3.2,17,6.8,30230,314,17,3,18,9.2,3988|4508|26289,LIPA|ATP6|AK5,-2
MyList_SUB1_MCODE_1,GO Biological Processes,19,GO:0019693,ribose phosphate metabolic process,19_GO:0009987 cellular process,-3.1,17,6.7,30230,321,17,3,18,9.2,3988|4508|26289,LIPA|ATP6|AK5,-2
MyList_SUB1_MCODE_1,GO Biological Processes,19,GO:0006631,fatty acid metabolic process,19_GO:0009987 cellular process,-3.1,16,6.5,30230,335,17,3,18,9.2,2182|3988|197322,ACSL4|LIPA|ACSF3,-1.9
MyList_SUB1_MCODE_1,GO Biological Processes,19,GO:0006091,generation of precursor metabolites and energy,19_GO:0009987 cellular process,-3,15,6.2,30230,367,17,3,18,9.2,3988|4508|51542,LIPA|ATP6|VPS54,-1.8
MyList_SUB1_MCODE_1,GO Biological Processes,19,GO:0006163,purine nucleotide metabolic process,19_GO:0009987 cellular process,-3,14,6.2,30230,368,17,3,18,9.2,3988|4508|26289,LIPA|ATP6|AK5,-1.8
MyList_SUB1_MCODE_1,GO Biological Processes,19,GO:0009117,nucleotide metabolic process,19_GO:0009987 cellular process,-2.8,13,5.7,30230,426,17,3,18,9.2,3988|4508|26289,LIPA|ATP6|AK5,-1.7
MyList_SUB1_MCODE_1,GO Biological Processes,19,GO:0044283,small molecule biosynthetic process,19_GO:0009987 cellular process,-2.7,11,5.4,30230,471,17,3,18,9.2,2182|3988|197322,ACSL4|LIPA|ACSF3,-1.6
MyList_SUB1_MCODE_1,GO Biological Processes,19,GO:0032787,monocarboxylic acid metabolic process,19_GO:0009987 cellular process,-2.5,10,5,30230,531,17,3,18,9.2,2182|3988|197322,ACSL4|LIPA|ACSF3,-1.4
MyList_SUB1_MCODE_1,GO Cellular Components,20,GO:0005759,mitochondrial matrix,,-2.5,9.9,4.9,30230,541,17,3,18,9.2,6041|60558|197322,RNASEL|GUF1|ACSF3,-1.4
MyList_SUB1_MCODE_1,GO Biological Processes,19,GO:1901137,carbohydrate derivative biosynthetic process,19_GO:0009987 cellular process,-2.4,9.5,4.8,30230,561,17,3,18,9.2,3988|4508|26289,LIPA|ATP6|AK5,-1.4
MyList_SUB1_MCODE_1,GO Biological Processes,19,GO:0008610,lipid biosynthetic process,19_GO:0009987 cellular process,-2.4,9,4.7,30230,593,17,3,18,9.2,2182|3988|197322,ACSL4|LIPA|ACSF3,-1.3
MyList_SUB1_MCODE_1,GO Biological Processes,19,GO:0010256,endomembrane system organization,19_GO:0009987 cellular process,-2.4,8.9,4.6,30230,601,17,3,18,9.2,9382|84342|339122,COG1|COG8|RAB43,-1.3
MyList_SUB1_MCODE_1,GO Cellular Components,20,GO:0000139,Golgi membrane,,-2.2,7.5,4.2,30230,711,17,3,18,9.2,9382|84342|339122,COG1|COG8|RAB43,-1.1
MyList_SUB1_MCODE_1,Reactome Gene Sets,6,R-HSA-1280215,Cytokine Signaling in Immune system,,-2,6.8,3.9,30230,783,17,3,18,9.2,6041|23511|55706,RNASEL|NUP188|NDC1,-1
MyList_SUB1_MCODE_1,GO Cellular Components,20,GO:0031966,mitochondrial membrane,,-2,6.7,3.9,30230,793,17,3,18,9.2,2182|4508|60558,ACSL4|ATP6|GUF1,-1
MyList_SUB1_MCODE_1,GO Biological Processes,19,GO:0019752,carboxylic acid metabolic process,19_GO:0009987 cellular process,-2,6.7,3.9,30230,797,17,3,18,9.2,2182|3988|197322,ACSL4|LIPA|ACSF3,-1
MyList_SUB1_MCODE_2,GO Cellular Components,20,GO:0031463,Cul3-RING ubiquitin ligase complex,,-20,2.5e+02,47,30230,69,16,9,56,12,7126|9681|9817|26249|55958|57542|84078|84861|89890,TNFAIP1|DEPDC5|KEAP1|KLHL3|KLHL9|KLHL42|KBTBD7|KLHL22|KBTBD6,-16
MyList_SUB1_MCODE_2,Reactome Gene Sets,6,R-HSA-9639288,Amino acids regulate mTORC1,,-18,2.7e+02,47,30230,55,16,8,50,12,9681|10325|27244|64121|79726|84219|90423|729438,DEPDC5|RRAGB|SESN1|RRAGC|WDR59|WDR24|ATP6V1E2|CASTOR2,-15
MyList_SUB1_MCODE_2,GO Biological Processes,19,GO:1903432,regulation of TORC1 signaling,19_GO:0050896 response to stimulus,-16,1.5e+02,34,30230,102,16,8,50,12,9681|10325|27244|64121|79726|84219|84861|729438,DEPDC5|RRAGB|SESN1|RRAGC|WDR59|WDR24|KLHL22|CASTOR2,-13
MyList_SUB1_MCODE_2,GO Cellular Components,20,GO:0031461,cullin-RING ubiquitin ligase complex,,-14,62,23,30230,273,16,9,56,12,7126|9681|9817|26249|55958|57542|84078|84861|89890,TNFAIP1|DEPDC5|KEAP1|KLHL3|KLHL9|KLHL42|KBTBD7|KLHL22|KBTBD6,-11
MyList_SUB1_MCODE_2,Reactome Gene Sets,6,R-HSA-9711097,Cellular response to starvation,,-14,96,28,30230,157,16,8,50,12,9681|10325|27244|64121|79726|84219|90423|729438,DEPDC5|RRAGB|SESN1|RRAGC|WDR59|WDR24|ATP6V1E2|CASTOR2,-11
MyList_SUB1_MCODE_2,GO Biological Processes,19,GO:0032006,regulation of TOR signaling,19_GO:0050896 response to stimulus,-14,94,27,30230,160,16,8,50,12,9681|10325|27244|64121|79726|84219|84861|729438,DEPDC5|RRAGB|SESN1|RRAGC|WDR59|WDR24|KLHL22|CASTOR2,-11
MyList_SUB1_MCODE_2,GO Cellular Components,20,GO:0035859,Seh1-associated complex,,-13,6.3e+02,56,30230,15,16,5,31,12,9681|27244|79726|84219|729438,DEPDC5|SESN1|WDR59|WDR24|CASTOR2,-10
MyList_SUB1_MCODE_2,GO Cellular Components,20,GO:0000151,ubiquitin ligase complex,,-13,41,19,30230,414,16,9,56,12,7126|9681|9817|26249|55958|57542|84078|84861|89890,TNFAIP1|DEPDC5|KEAP1|KLHL3|KLHL9|KLHL42|KBTBD7|KLHL22|KBTBD6,-10
MyList_SUB1_MCODE_2,GO Biological Processes,19,GO:0034198,cellular response to amino acid starvation,19_GO:0050896 response to stimulus,-13,2.1e+02,36,30230,53,16,6,38,12,9681|10325|27244|64121|79726|84219,DEPDC5|RRAGB|SESN1|RRAGC|WDR59|WDR24,-10
MyList_SUB1_MCODE_2,GO Biological Processes,19,GO:1990928,response to amino acid starvation,19_GO:0050896 response to stimulus,-13,2.1e+02,35,30230,55,16,6,38,12,9681|10325|27244|64121|79726|84219,DEPDC5|RRAGB|SESN1|RRAGC|WDR59|WDR24,-9.9
MyList_SUB1_MCODE_2,KEGG Pathway,24,hsa04150,mTOR signaling pathway,,-12,84,24,30230,158,16,7,44,12,9681|10325|64121|79726|84219|90423|729438,DEPDC5|RRAGB|RRAGC|WDR59|WDR24|ATP6V1E2|CASTOR2,-9.3
MyList_SUB1_MCODE_2,GO Biological Processes,19,GO:0016567,protein ubiquitination,19_GO:0009987 cellular process,-11,29,16,30230,594,16,9,56,12,7126|9817|26249|55958|57542|84078|84219|84861|89890,TNFAIP1|KEAP1|KLHL3|KLHL9|KLHL42|KBTBD7|WDR24|KLHL22|KBTBD6,-8.8
MyList_SUB1_MCODE_2,GO Biological Processes,19,GO:0010506,regulation of autophagy,19_GO:0050789 regulation of biological process,-11,40,18,30230,374,16,8,50,12,9681|9817|10325|27244|64121|84219|84861|90423,DEPDC5|KEAP1|RRAGB|SESN1|RRAGC|WDR24|KLHL22|ATP6V1E2,-8.7
MyList_SUB1_MCODE_2,GO Biological Processes,19,GO:0032446,protein modification by small protein conjugation,19_GO:0009987 cellular process,-11,25,15,30230,671,16,9,56,12,7126|9817|26249|55958|57542|84078|84219|84861|89890,TNFAIP1|KEAP1|KLHL3|KLHL9|KLHL42|KBTBD7|WDR24|KLHL22|KBTBD6,-8.4
MyList_SUB1_MCODE_2,Reactome Gene Sets,6,R-HSA-8951664,Neddylation,,-11,57,20,30230,233,16,7,44,12,9817|26249|55958|57542|84078|84861|89890,KEAP1|KLHL3|KLHL9|KLHL42|KBTBD7|KLHL22|KBTBD6,-8.3
MyList_SUB1_MCODE_2,GO Cellular Components,20,GO:0061700,GATOR2 complex,,-11,6.9e+02,52,30230,11,16,4,25,11,27244|79726|84219|729438,SESN1|WDR59|WDR24|CASTOR2,-8.3
MyList_SUB1_MCODE_2,GO Biological Processes,19,GO:0043161,proteasome-mediated ubiquitin-dependent protein catabolic process,19_GO:0009987 cellular process,-11,35,16,30230,431,16,8,50,12,7126|9817|26249|55958|57542|84078|84861|89890,TNFAIP1|KEAP1|KLHL3|KLHL9|KLHL42|KBTBD7|KLHL22|KBTBD6,-8.3
MyList_SUB1_MCODE_2,GO Biological Processes,19,GO:1904262,negative regulation of TORC1 signaling,19_GO:0048519 negative regulation of biological process,-10,1.9e+02,30,30230,51,16,5,31,12,9681|27244|79726|84219|729438,DEPDC5|SESN1|WDR59|WDR24|CASTOR2,-7.9
MyList_SUB1_MCODE_2,GO Biological Processes,19,GO:0070647,protein modification by small protein conjugation or removal,19_GO:0009987 cellular process,-10,22,14,30230,782,16,9,56,12,7126|9817|26249|55958|57542|84078|84219|84861|89890,TNFAIP1|KEAP1|KLHL3|KLHL9|KLHL42|KBTBD7|WDR24|KLHL22|KBTBD6,-7.9
MyList_SUB1_MCODE_2,Reactome Gene Sets,6,R-HSA-2262752,Cellular responses to stress,,-10,22,13,30230,789,16,9,56,12,9681|9817|10325|27244|64121|79726|84219|90423|729438,DEPDC5|KEAP1|RRAGB|SESN1|RRAGC|WDR59|WDR24|ATP6V1E2|CASTOR2,-7.9
MyList_SUB1_MCODE_2,GO Biological Processes,19,GO:0010498,proteasomal protein catabolic process,19_GO:0009987 cellular process,-10,29,15,30230,516,16,8,50,12,7126|9817|26249|55958|57542|84078|84861|89890,TNFAIP1|KEAP1|KLHL3|KLHL9|KLHL42|KBTBD7|KLHL22|KBTBD6,-7.7
MyList_SUB1_MCODE_2,GO Biological Processes,19,GO:1904263,positive regulation of TORC1 signaling,19_GO:0048518 positive regulation of biological process,-10,1.7e+02,29,30230,56,16,5,31,12,10325|64121|79726|84219|84861,RRAGB|RRAGC|WDR59|WDR24|KLHL22,-7.7
MyList_SUB1_MCODE_2,Reactome Gene Sets,6,R-HSA-983168,Antigen processing: Ubiquitination & Proteasome degradation,,-10,45,17,30230,296,16,7,44,12,9817|26249|55958|57542|84078|84861|89890,KEAP1|KLHL3|KLHL9|KLHL42|KBTBD7|KLHL22|KBTBD6,-7.7
MyList_SUB1_MCODE_2,GO Biological Processes,19,GO:0006511,ubiquitin-dependent protein catabolic process,19_GO:0009987 cellular process,-9.6,25,14,30230,606,16,8,50,12,7126|9817|26249|55958|57542|84078|84861|89890,TNFAIP1|KEAP1|KLHL3|KLHL9|KLHL42|KBTBD7|KLHL22|KBTBD6,-7.3
MyList_SUB1_MCODE_2,GO Biological Processes,19,GO:0019941,modification-dependent protein catabolic process,19_GO:0009987 cellular process,-9.5,24,14,30230,618,16,8,50,12,7126|9817|26249|55958|57542|84078|84861|89890,TNFAIP1|KEAP1|KLHL3|KLHL9|KLHL42|KBTBD7|KLHL22|KBTBD6,-7.2
MyList_SUB1_MCODE_2,GO Biological Processes,19,GO:0043632,modification-dependent macromolecule catabolic process,19_GO:0009987 cellular process,-9.5,24,14,30230,623,16,8,50,12,7126|9817|26249|55958|57542|84078|84861|89890,TNFAIP1|KEAP1|KLHL3|KLHL9|KLHL42|KBTBD7|KLHL22|KBTBD6,-7.2
MyList_SUB1_MCODE_2,GO Biological Processes,19,GO:0032007,negative regulation of TOR signaling,19_GO:0048519 negative regulation of biological process,-9.4,1.2e+02,25,30230,77,16,5,31,12,9681|27244|79726|84219|729438,DEPDC5|SESN1|WDR59|WDR24|CASTOR2,-7.1
MyList_SUB1_MCODE_2,Reactome Gene Sets,6,R-HSA-983169,Class I MHC mediated antigen processing & presentation,,-9.4,35,15,30230,373,16,7,44,12,9817|26249|55958|57542|84078|84861|89890,KEAP1|KLHL3|KLHL9|KLHL42|KBTBD7|KLHL22|KBTBD6,-7.1
MyList_SUB1_MCODE_2,GO Biological Processes,19,GO:0032008,positive regulation of TOR signaling,19_GO:0048518 positive regulation of biological process,-9.3,1.2e+02,24,30230,79,16,5,31,12,10325|64121|79726|84219|84861,RRAGB|RRAGC|WDR59|WDR24|KLHL22,-7.1
MyList_SUB1_MCODE_2,GO Biological Processes,19,GO:0009267,cellular response to starvation,19_GO:0050896 response to stimulus,-9.3,59,19,30230,193,16,6,38,12,9681|10325|27244|64121|79726|84219,DEPDC5|RRAGB|SESN1|RRAGC|WDR59|WDR24,-7.1
MyList_SUB1_MCODE_2,GO Biological Processes,19,GO:0071230,cellular response to amino acid stimulus,19_GO:0050896 response to stimulus,-9.1,1.1e+02,23,30230,89,16,5,31,12,10325|27244|64121|84861|729438,RRAGB|SESN1|RRAGC|KLHL22|CASTOR2,-6.9
MyList_SUB1_MCODE_2,GO Biological Processes,19,GO:0051603,proteolysis involved in protein catabolic process,19_GO:0009987 cellular process,-8.9,21,12,30230,724,16,8,50,12,7126|9817|26249|55958|57542|84078|84861|89890,TNFAIP1|KEAP1|KLHL3|KLHL9|KLHL42|KBTBD7|KLHL22|KBTBD6,-6.8
MyList_SUB1_MCODE_2,GO Biological Processes,19,GO:0071229,cellular response to acid chemical,19_GO:0050896 response to stimulus,-8.9,96,22,30230,98,16,5,31,12,10325|27244|64121|84861|729438,RRAGB|SESN1|RRAGC|KLHL22|CASTOR2,-6.7
MyList_SUB1_MCODE_2,GO Biological Processes,19,GO:0042594,response to starvation,19_GO:0050896 response to stimulus,-8.8,49,17,30230,232,16,6,38,12,9681|10325|27244|64121|79726|84219,DEPDC5|RRAGB|SESN1|RRAGC|WDR59|WDR24,-6.7
MyList_SUB1_MCODE_2,GO Biological Processes,19,GO:0031669,cellular response to nutrient levels,19_GO:0050896 response to stimulus,-8.6,45,16,30230,251,16,6,38,12,9681|10325|27244|64121|79726|84219,DEPDC5|RRAGB|SESN1|RRAGC|WDR59|WDR24,-6.5
MyList_SUB1_MCODE_2,GO Biological Processes,19,GO:0043200,response to amino acid,19_GO:0050896 response to stimulus,-8.3,76,19,30230,125,16,5,31,12,10325|27244|64121|84861|729438,RRAGB|SESN1|RRAGC|KLHL22|CASTOR2,-6.2
MyList_SUB1_MCODE_2,CORUM,33,CORUM:6217,GATOR complex,,-8.2,7.1e+02,46,30230,8,16,3,19,9.8,9681|79726|84219,DEPDC5|WDR59|WDR24,-6.1
MyList_SUB1_MCODE_2,GO Biological Processes,19,GO:0001101,response to acid chemical,19_GO:0050896 response to stimulus,-8.1,67,18,30230,140,16,5,31,12,10325|27244|64121|84861|729438,RRAGB|SESN1|RRAGC|KLHL22|CASTOR2,-6
MyList_SUB1_MCODE_2,GO Biological Processes,19,GO:0031667,response to nutrient levels,19_GO:0050896 response to stimulus,-6.8,22,11,30230,509,16,6,38,12,9681|10325|27244|64121|79726|84219,DEPDC5|RRAGB|SESN1|RRAGC|WDR59|WDR24,-5
MyList_SUB1_MCODE_2,GO Biological Processes,19,GO:0000209,protein polyubiquitination,19_GO:0009987 cellular process,-6.7,36,13,30230,262,16,5,31,12,26249|57542|84078|84219|89890,KLHL3|KLHL42|KBTBD7|WDR24|KBTBD6,-4.9
MyList_SUB1_MCODE_2,GO Cellular Components,20,GO:0005765,lysosomal membrane,,-5.5,20,9.6,30230,471,16,5,31,12,9681|10325|64121|79726|84219,DEPDC5|RRAGB|RRAGC|WDR59|WDR24,-3.9
MyList_SUB1_MCODE_2,GO Cellular Components,20,GO:0098852,lytic vacuole membrane,,-5.5,20,9.6,30230,471,16,5,31,12,9681|10325|64121|79726|84219,DEPDC5|RRAGB|RRAGC|WDR59|WDR24,-3.9
MyList_SUB1_MCODE_2,GO Cellular Components,20,GO:0005774,vacuolar membrane,,-5.3,18,9.1,30230,518,16,5,31,12,9681|10325|64121|79726|84219,DEPDC5|RRAGB|RRAGC|WDR59|WDR24,-3.7
MyList_SUB1_MCODE_2,Reactome Gene Sets,6,R-HSA-5628897,TP53 Regulates Metabolic Genes,,-5,69,14,30230,82,16,3,19,9.8,10325|27244|64121,RRAGB|SESN1|RRAGC,-3.5
MyList_SUB1_MCODE_2,GO Biological Processes,19,GO:0070936,protein K48-linked ubiquitination,19_GO:0009987 cellular process,-4.8,58,13,30230,97,16,3,19,9.8,26249|84078|89890,KLHL3|KBTBD7|KBTBD6,-3.3
MyList_SUB1_MCODE_2,GO Biological Processes,19,GO:0010507,negative regulation of autophagy,19_GO:0048519 negative regulation of biological process,-4.8,58,13,30230,97,16,3,19,9.8,10325|64121|84861,RRAGB|RRAGC|KLHL22,-3.3
MyList_SUB1_MCODE_2,GO Biological Processes,19,GO:0010508,positive regulation of autophagy,19_GO:0048518 positive regulation of biological process,-4.1,35,9.9,30230,163,16,3,19,9.8,9681|27244|84219,DEPDC5|SESN1|WDR24,-2.7
MyList_SUB1_MCODE_2,GO Biological Processes,19,GO:0016241,regulation of macroautophagy,19_GO:0050789 regulation of biological process,-3.8,28,9,30230,199,16,3,19,9.8,27244|84219|90423,SESN1|WDR24|ATP6V1E2,-2.5
MyList_SUB1_MCODE_2,GO Biological Processes,19,GO:0009896,positive regulation of catabolic process,19_GO:0048518 positive regulation of biological process,-3.5,12,6.3,30230,645,16,4,25,11,9681|9817|27244|84219,DEPDC5|KEAP1|SESN1|WDR24,-2.3
MyList_SUB1_MCODE_2,GO Biological Processes,19,GO:0051056,regulation of small GTPase mediated signal transduction,19_GO:0050896 response to stimulus,-3.2,18,6.9,30230,323,16,3,19,9.8,7126|84078|89890,TNFAIP1|KBTBD7|KBTBD6,-2
MyList_SUB1_MCODE_2,GO Biological Processes,19,GO:0072657,protein localization to membrane,19_GO:0051179 localization,-3.2,17,6.9,30230,324,16,3,19,9.8,64121|79726|84219,RRAGC|WDR59|WDR24,-2
MyList_SUB1_MCODE_2,Reactome Gene Sets,6,R-HSA-3700989,Transcriptional Regulation by TP53,,-3.1,16,6.6,30230,348,16,3,19,9.8,10325|27244|64121,RRAGB|SESN1|RRAGC,-1.9
MyList_SUB1_MCODE_2,GO Biological Processes,19,GO:0009895,negative regulation of catabolic process,19_GO:0048519 negative regulation of biological process,-3,15,6.2,30230,387,16,3,19,9.8,10325|64121|84861,RRAGB|RRAGC|KLHL22,-1.8
MyList_SUB1_MCODE_2,GO Biological Processes,19,GO:0051301,cell division,19_GO:0009987 cellular process,-2.6,11,5.2,30230,523,16,3,19,9.8,55958|57542|84861,KLHL9|KLHL42|KLHL22,-1.5
MyList_SUB1_MCODE_2,GO Biological Processes,19,GO:0051668,localization within membrane,19_GO:0051179 localization,-2.5,9.6,4.9,30230,588,16,3,19,9.8,64121|79726|84219,RRAGC|WDR59|WDR24,-1.4
MyList_SUB1_MCODE_2,GO Biological Processes,19,GO:1901699,cellular response to nitrogen compound,19_GO:0050896 response to stimulus,-2.4,9.2,4.7,30230,617,16,3,19,9.8,27244|84861|729438,SESN1|KLHL22|CASTOR2,-1.3
MyList_SUB1_MCODE_3,GO Cellular Components,20,GO:0030991,intraciliary transport particle A,,-26,1.3e+03,1e+02,30230,23,8,8,1e+02,12,8100|9742|26160|55764|57560|57728|79809|90410,IFT88|IFT140|IFT172|IFT122|IFT80|WDR19|TTC21B|IFT20,-21
MyList_SUB1_MCODE_3,GO Cellular Components,20,GO:0030990,intraciliary transport particle,,-25,1.2e+03,98,30230,25,8,8,1e+02,12,8100|9742|26160|55764|57560|57728|79809|90410,IFT88|IFT140|IFT172|IFT122|IFT80|WDR19|TTC21B|IFT20,-21
MyList_SUB1_MCODE_3,GO Cellular Components,20,GO:0097542,ciliary tip,,-22,5.9e+02,69,30230,51,8,8,1e+02,12,8100|9742|26160|55764|57560|57728|79809|90410,IFT88|IFT140|IFT172|IFT122|IFT80|WDR19|TTC21B|IFT20,-19
MyList_SUB1_MCODE_3,Reactome Gene Sets,6,R-HSA-5620924,Intraflagellar transport,,-22,5.6e+02,67,30230,54,8,8,1e+02,12,8100|9742|26160|55764|57560|57728|79809|90410,IFT88|IFT140|IFT172|IFT122|IFT80|WDR19|TTC21B|IFT20,-19
MyList_SUB1_MCODE_3,GO Biological Processes,19,GO:0042073,intraciliary transport,19_GO:0051179 localization,-22,5.6e+02,67,30230,54,8,8,1e+02,12,8100|9742|26160|55764|57560|57728|79809|90410,IFT88|IFT140|IFT172|IFT122|IFT80|WDR19|TTC21B|IFT20,-19
MyList_SUB1_MCODE_3,WikiPathways,27,WP4536,Genes related to primary cilium development based on CRISPR,,-20,2.9e+02,48,30230,104,8,8,1e+02,12,8100|9742|26160|55764|57560|57728|79809|90410,IFT88|IFT140|IFT172|IFT122|IFT80|WDR19|TTC21B|IFT20,-16
MyList_SUB1_MCODE_3,GO Biological Processes,19,GO:0010970,transport along microtubule,19_GO:0051179 localization,-18,1.6e+02,36,30230,190,8,8,1e+02,12,8100|9742|26160|55764|57560|57728|79809|90410,IFT88|IFT140|IFT172|IFT122|IFT80|WDR19|TTC21B|IFT20,-14
MyList_SUB1_MCODE_3,Reactome Gene Sets,6,R-HSA-5617833,Cilium Assembly,,-17,1.5e+02,35,30230,201,8,8,1e+02,12,8100|9742|26160|55764|57560|57728|79809|90410,IFT88|IFT140|IFT172|IFT122|IFT80|WDR19|TTC21B|IFT20,-14
MyList_SUB1_MCODE_3,GO Biological Processes,19,GO:0030705,cytoskeleton-dependent intracellular transport,19_GO:0051179 localization,-17,1.4e+02,34,30230,214,8,8,1e+02,12,8100|9742|26160|55764|57560|57728|79809|90410,IFT88|IFT140|IFT172|IFT122|IFT80|WDR19|TTC21B|IFT20,-14
MyList_SUB1_MCODE_3,GO Biological Processes,19,GO:0099111,microtubule-based transport,19_GO:0051179 localization,-17,1.3e+02,32,30230,237,8,8,1e+02,12,8100|9742|26160|55764|57560|57728|79809|90410,IFT88|IFT140|IFT172|IFT122|IFT80|WDR19|TTC21B|IFT20,-14
MyList_SUB1_MCODE_3,Reactome Gene Sets,6,R-HSA-1852241,Organelle biogenesis and maintenance,,-16,1e+02,28,30230,297,8,8,1e+02,12,8100|9742|26160|55764|57560|57728|79809|90410,IFT88|IFT140|IFT172|IFT122|IFT80|WDR19|TTC21B|IFT20,-13
MyList_SUB1_MCODE_3,GO Biological Processes,19,GO:0060271,cilium assembly,19_GO:0009987 cellular process,-15,84,26,30230,362,8,8,1e+02,12,8100|9742|26160|55764|57560|57728|79809|90410,IFT88|IFT140|IFT172|IFT122|IFT80|WDR19|TTC21B|IFT20,-12
MyList_SUB1_MCODE_3,GO Biological Processes,19,GO:0044782,cilium organization,19_GO:0009987 cellular process,-15,76,24,30230,400,8,8,1e+02,12,8100|9742|26160|55764|57560|57728|79809|90410,IFT88|IFT140|IFT172|IFT122|IFT80|WDR19|TTC21B|IFT20,-12
MyList_SUB1_MCODE_3,GO Biological Processes,19,GO:0035720,intraciliary anterograde transport,19_GO:0051179 localization,-15,1e+03,72,30230,18,8,5,62,17,8100|26160|55764|57560|90410,IFT88|IFT172|IFT122|IFT80|IFT20,-12
MyList_SUB1_MCODE_3,GO Biological Processes,19,GO:0120031,plasma membrane bounded cell projection assembly,19_GO:0009987 cellular process,-15,66,23,30230,456,8,8,1e+02,12,8100|9742|26160|55764|57560|57728|79809|90410,IFT88|IFT140|IFT172|IFT122|IFT80|WDR19|TTC21B|IFT20,-12
MyList_SUB1_MCODE_3,GO Biological Processes,19,GO:0030031,cell projection assembly,19_GO:0009987 cellular process,-14,64,23,30230,469,8,8,1e+02,12,8100|9742|26160|55764|57560|57728|79809|90410,IFT88|IFT140|IFT172|IFT122|IFT80|WDR19|TTC21B|IFT20,-12
MyList_SUB1_MCODE_3,GO Biological Processes,19,GO:0007018,microtubule-based movement,19_GO:0009987 cellular process,-14,60,22,30230,502,8,8,1e+02,12,8100|9742|26160|55764|57560|57728|79809|90410,IFT88|IFT140|IFT172|IFT122|IFT80|WDR19|TTC21B|IFT20,-11
MyList_SUB1_MCODE_3,GO Biological Processes,19,GO:0061512,protein localization to cilium,19_GO:0051179 localization,-14,2.8e+02,41,30230,82,8,6,75,15,9742|55764|57560|57728|79809|90410,IFT140|IFT122|IFT80|WDR19|TTC21B|IFT20,-11
MyList_SUB1_MCODE_3,CORUM,33,CORUM:6585,Intraflagellar transport complex A,,-14,3e+03,1.1e+02,30230,5,8,4,50,18,9742|55764|57728|79809,IFT140|IFT122|WDR19|TTC21B,-11
MyList_SUB1_MCODE_3,WikiPathways,27,WP5234,Bardet Biedl syndrome,,-14,2.6e+02,39,30230,88,8,6,75,15,9742|26160|55764|57560|57728|79809,IFT140|IFT172|IFT122|IFT80|WDR19|TTC21B,-11
MyList_SUB1_MCODE_3,Reactome Gene Sets,6,R-HSA-5610787,Hedgehog 'off' state,,-14,2.3e+02,37,30230,100,8,6,75,15,8100|9742|26160|55764|57728|79809,IFT88|IFT140|IFT172|IFT122|WDR19|TTC21B,-11
MyList_SUB1_MCODE_3,Reactome Gene Sets,6,R-HSA-5358351,Signaling by Hedgehog,,-13,1.7e+02,32,30230,136,8,6,75,15,8100|9742|26160|55764|57728|79809,IFT88|IFT140|IFT172|IFT122|WDR19|TTC21B,-10
MyList_SUB1_MCODE_3,GO Cellular Components,20,GO:0097730,non-motile cilium,,-12,1.3e+02,28,30230,177,8,6,75,15,8100|9742|55764|57560|57728|90410,IFT88|IFT140|IFT122|IFT80|WDR19|IFT20,-9.3
MyList_SUB1_MCODE_3,GO Biological Processes,19,GO:1905515,non-motile cilium assembly,19_GO:0009987 cellular process,-12,3.3e+02,41,30230,57,8,5,62,17,8100|9742|26160|55764|57560,IFT88|IFT140|IFT172|IFT122|IFT80,-9.3
MyList_SUB1_MCODE_3,WikiPathways,27,WP4803,Ciliopathies,,-12,1.2e+02,27,30230,184,8,6,75,15,9742|26160|55764|57560|57728|79809,IFT140|IFT172|IFT122|IFT80|WDR19|TTC21B,-9.3
MyList_SUB1_MCODE_3,CORUM,33,CORUM:6172,Intraflagellar transport complex B,,-12,1e+03,63,30230,15,8,4,50,18,8100|26160|57560|90410,IFT88|IFT172|IFT80|IFT20,-9
MyList_SUB1_MCODE_3,WikiPathways,27,WP4352,Ciliary landscape,,-11,1e+02,25,30230,216,8,6,75,15,8100|9742|26160|55764|57560|90410,IFT88|IFT140|IFT172|IFT122|IFT80|IFT20,-8.9
MyList_SUB1_MCODE_3,GO Cellular Components,20,GO:0036064,ciliary basal body,,-11,1e+02,24,30230,226,8,6,75,15,8100|9742|26160|55764|57560|90410,IFT88|IFT140|IFT172|IFT122|IFT80|IFT20,-8.8
MyList_SUB1_MCODE_3,GO Cellular Components,20,GO:0030992,intraciliary transport particle B,,-11,8.4e+02,58,30230,18,8,4,50,18,8100|26160|57560|90410,IFT88|IFT172|IFT80|IFT20,-8.7
MyList_SUB1_MCODE_3,GO Biological Processes,19,GO:0007224,smoothened signaling pathway,19_GO:0050896 response to stimulus,-11,2.3e+02,34,30230,81,8,5,62,17,26160|57560|57728|79809|90410,IFT172|IFT80|WDR19|TTC21B|IFT20,-8.7
MyList_SUB1_MCODE_3,GO Biological Processes,19,GO:0035721,intraciliary retrograde transport,19_GO:0051179 localization,-11,8e+02,56,30230,19,8,4,50,18,9742|55764|57728|79809,IFT140|IFT122|WDR19|TTC21B,-8.6
MyList_SUB1_MCODE_3,WikiPathways,27,WP4532,Intraflagellar transport proteins binding to dynein,,-10,5.6e+02,47,30230,27,8,4,50,18,9742|55764|57560|57728,IFT140|IFT122|IFT80|WDR19,-8
MyList_SUB1_MCODE_3,CORUM,33,CORUM:6174,Intraflagellar transport complex B peripheral subcomplex,,-9.9,2.3e+03,82,30230,5,8,3,38,17,26160|57560|90410,IFT172|IFT80|IFT20,-7.6
MyList_SUB1_MCODE_3,GO Cellular Components,20,GO:0097731,9+0 non-motile cilium,,-9.9,1.3e+02,25,30230,147,8,5,62,17,9742|55764|57560|57728|90410,IFT140|IFT122|IFT80|WDR19|IFT20,-7.5
MyList_SUB1_MCODE_3,GO Cellular Components,20,GO:0032391,photoreceptor connecting cilium,,-9.6,3.4e+02,37,30230,44,8,4,50,18,9742|55764|57728|90410,IFT140|IFT122|WDR19|IFT20,-7.3
MyList_SUB1_MCODE_3,GO Biological Processes,19,GO:0060173,limb development,19_GO:0032502 developmental process,-9.2,95,22,30230,198,8,5,62,17,9742|26160|55764|57560|57728,IFT140|IFT172|IFT122|IFT80|WDR19,-7
MyList_SUB1_MCODE_3,GO Biological Processes,19,GO:0048736,appendage development,19_GO:0032502 developmental process,-9.2,95,22,30230,198,8,5,62,17,9742|26160|55764|57560|57728,IFT140|IFT172|IFT122|IFT80|WDR19,-7
MyList_SUB1_MCODE_3,GO Cellular Components,20,GO:0035869,ciliary transition zone,,-8.5,1.8e+02,27,30230,82,8,4,50,18,9742|55764|57728|90410,IFT140|IFT122|WDR19|IFT20,-6.4
MyList_SUB1_MCODE_3,GO Biological Processes,19,GO:0033365,protein localization to organelle,19_GO:0051179 localization,-8.3,31,13,30230,725,8,6,75,15,9742|55764|57560|57728|79809|90410,IFT140|IFT122|IFT80|WDR19|TTC21B|IFT20,-6.2
MyList_SUB1_MCODE_3,GO Biological Processes,19,GO:0008589,regulation of smoothened signaling pathway,19_GO:0050896 response to stimulus,-8.2,1.6e+02,25,30230,95,8,4,50,18,9742|26160|55764|79809,IFT140|IFT172|IFT122|TTC21B,-6.1
MyList_SUB1_MCODE_3,GO Cellular Components,20,GO:0005815,microtubule organizing center,,-8.1,29,13,30230,793,8,6,75,15,8100|9742|26160|55764|57560|90410,IFT88|IFT140|IFT172|IFT122|IFT80|IFT20,-6
MyList_SUB1_MCODE_3,GO Cellular Components,20,GO:0097733,photoreceptor cell cilium,,-7.7,1.2e+02,22,30230,123,8,4,50,18,9742|55764|57728|90410,IFT140|IFT122|WDR19|IFT20,-5.7
MyList_SUB1_MCODE_3,WikiPathways,27,WP5381,Smith Magenis and Potocki Lupski syndrome copy number variation,,-7.3,95,19,30230,159,8,4,50,18,8100|26160|57560|90410,IFT88|IFT172|IFT80|IFT20,-5.4
MyList_SUB1_MCODE_3,GO Biological Processes,19,GO:0007423,sensory organ development,19_GO:0032502 developmental process,-6.7,30,12,30230,631,8,5,62,17,8100|9742|55764|57728|90410,IFT88|IFT140|IFT122|WDR19|IFT20,-4.9
MyList_SUB1_MCODE_3,GO Cellular Components,20,GO:0097014,ciliary plasm,,-6.6,65,16,30230,234,8,4,50,18,9742|26160|57560|79809,IFT140|IFT172|IFT80|TTC21B,-4.8
MyList_SUB1_MCODE_3,GO Cellular Components,20,GO:0005930,axoneme,,-6.6,65,16,30230,234,8,4,50,18,9742|26160|57560|79809,IFT140|IFT172|IFT80|TTC21B,-4.8
MyList_SUB1_MCODE_3,GO Cellular Components,20,GO:0032838,plasma membrane bounded cell projection cytoplasm,,-6.1,47,13,30230,324,8,4,50,18,9742|26160|57560|79809,IFT140|IFT172|IFT80|TTC21B,-4.4
MyList_SUB1_MCODE_3,GO Cellular Components,20,GO:0031514,motile cilium,,-6,46,13,30230,330,8,4,50,18,8100|26160|57728|90410,IFT88|IFT172|WDR19|IFT20,-4.3
MyList_SUB1_MCODE_3,GO Biological Processes,19,GO:1902017,regulation of cilium assembly,19_GO:0050789 regulation of biological process,-5.9,1.3e+02,20,30230,84,8,3,38,17,8100|9742|90410,IFT88|IFT140|IFT20,-4.3
MyList_SUB1_MCODE_3,GO Cellular Components,20,GO:0099568,cytoplasmic region,,-5.9,43,13,30230,353,8,4,50,18,9742|26160|57560|79809,IFT140|IFT172|IFT80|TTC21B,-4.2
MyList_SUB1_MCODE_3,GO Biological Processes,19,GO:0009953,dorsal/ventral pattern formation,19_GO:0032502 developmental process,-5.9,1.3e+02,20,30230,87,8,3,38,17,26160|55764|79809,IFT172|IFT122|TTC21B,-4.2
MyList_SUB1_MCODE_3,GO Cellular Components,20,GO:0001750,photoreceptor outer segment,,-5.8,1.2e+02,19,30230,96,8,3,38,17,9742|57728|90410,IFT140|WDR19|IFT20,-4.1
MyList_SUB1_MCODE_3,GO Biological Processes,19,GO:0021510,spinal cord development,19_GO:0032502 developmental process,-5.6,1.1e+02,18,30230,105,8,3,38,17,26160|55764|57560,IFT172|IFT122|IFT80,-4
MyList_SUB1_MCODE_3,GO Biological Processes,19,GO:0003002,regionalization,19_GO:0032502 developmental process,-5.6,36,12,30230,416,8,4,50,18,9742|26160|55764|79809,IFT140|IFT172|IFT122|TTC21B,-4
MyList_SUB1_MCODE_3,GO Biological Processes,19,GO:0007389,pattern specification process,19_GO:0032502 developmental process,-5.4,33,11,30230,463,8,4,50,18,9742|26160|55764|79809,IFT140|IFT172|IFT122|TTC21B,-3.9
MyList_SUB1_MCODE_3,GO Biological Processes,19,GO:0048568,embryonic organ development,19_GO:0032502 developmental process,-5.4,32,11,30230,467,8,4,50,18,9742|26160|55764|57728,IFT140|IFT172|IFT122|WDR19,-3.9
MyList_SUB1_MCODE_3,GO Biological Processes,19,GO:0035113,embryonic appendage morphogenesis,19_GO:0032502 developmental process,-5.4,89,16,30230,128,8,3,38,17,9742|55764|57728,IFT140|IFT122|WDR19,-3.8
MyList_SUB1_MCODE_3,GO Biological Processes,19,GO:0030326,embryonic limb morphogenesis,19_GO:0032502 developmental process,-5.4,89,16,30230,128,8,3,38,17,9742|55764|57728,IFT140|IFT122|WDR19,-3.8
MyList_SUB1_MCODE_3,GO Biological Processes,19,GO:0060972,left/right pattern formation,19_GO:0032502 developmental process,-5.2,79,15,30230,144,8,3,38,17,9742|26160|55764,IFT140|IFT172|IFT122,-3.7
MyList_SUB1_MCODE_3,GO Biological Processes,19,GO:0001501,skeletal system development,19_GO:0032502 developmental process,-5.2,29,10,30230,526,8,4,50,18,9742|26160|57560|57728,IFT140|IFT172|IFT80|WDR19,-3.7
MyList_SUB1_MCODE_3,GO Biological Processes,19,GO:0035108,limb morphogenesis,19_GO:0032502 developmental process,-5.1,73,15,30230,156,8,3,38,17,9742|55764|57728,IFT140|IFT122|WDR19,-3.6
MyList_SUB1_MCODE_3,GO Biological Processes,19,GO:0035107,appendage morphogenesis,19_GO:0032502 developmental process,-5.1,73,15,30230,156,8,3,38,17,9742|55764|57728,IFT140|IFT122|WDR19,-3.6
MyList_SUB1_MCODE_3,GO Biological Processes,19,GO:0021915,neural tube development,19_GO:0032502 developmental process,-5.1,70,14,30230,163,8,3,38,17,9742|26160|55764,IFT140|IFT172|IFT122,-3.6
MyList_SUB1_MCODE_3,GO Biological Processes,19,GO:0007507,heart development,19_GO:0032502 developmental process,-5.1,26,9.9,30230,580,8,4,50,18,9742|26160|55764|90410,IFT140|IFT172|IFT122|IFT20,-3.5
MyList_SUB1_MCODE_3,GO Cellular Components,20,GO:0005814,centriole,,-5,65,14,30230,174,8,3,38,17,8100|9742|90410,IFT88|IFT140|IFT20,-3.5
MyList_SUB1_MCODE_3,GO Biological Processes,19,GO:0048598,embryonic morphogenesis,19_GO:0032502 developmental process,-5,25,9.7,30230,606,8,4,50,18,9742|26160|55764|57728,IFT140|IFT172|IFT122|WDR19,-3.5
MyList_SUB1_MCODE_3,GO Cellular Components,20,GO:0005813,centrosome,,-4.9,24,9.4,30230,635,8,4,50,18,8100|9742|57560|90410,IFT88|IFT140|IFT80|IFT20,-3.4
MyList_SUB1_MCODE_3,GO Biological Processes,19,GO:0043009,chordate embryonic development,19_GO:0032502 developmental process,-4.8,22,9.1,30230,685,8,4,50,18,9742|26160|55764|57728,IFT140|IFT172|IFT122|WDR19,-3.3
MyList_SUB1_MCODE_3,GO Biological Processes,19,GO:0009792,embryo development ending in birth or egg hatching,19_GO:0032502 developmental process,-4.7,21,8.9,30230,704,8,4,50,18,9742|26160|55764|57728,IFT140|IFT172|IFT122|WDR19,-3.3
MyList_SUB1_MCODE_3,GO Biological Processes,19,GO:0120032,regulation of plasma membrane bounded cell projection assembly,19_GO:0050789 regulation of biological process,-4.7,53,12,30230,214,8,3,38,17,8100|9742|90410,IFT88|IFT140|IFT20,-3.3
MyList_SUB1_MCODE_3,GO Biological Processes,19,GO:0060491,regulation of cell projection assembly,19_GO:0050789 regulation of biological process,-4.7,52,12,30230,217,8,3,38,17,8100|9742|90410,IFT88|IFT140|IFT20,-3.3
MyList_SUB1_MCODE_3,GO Biological Processes,19,GO:0043583,ear development,19_GO:0032502 developmental process,-4.6,48,12,30230,234,8,3,38,17,8100|57728|90410,IFT88|WDR19|IFT20,-3.2
MyList_SUB1_MCODE_3,GO Biological Processes,19,GO:0048705,skeletal system morphogenesis,19_GO:0032502 developmental process,-4.6,48,12,30230,236,8,3,38,17,9742|57560|57728,IFT140|IFT80|WDR19,-3.2
MyList_SUB1_MCODE_3,GO Biological Processes,19,GO:1902115,regulation of organelle assembly,19_GO:0050789 regulation of biological process,-4.6,48,12,30230,238,8,3,38,17,8100|9742|90410,IFT88|IFT140|IFT20,-3.2
MyList_SUB1_MCODE_3,GO Biological Processes,19,GO:1990778,protein localization to cell periphery,19_GO:0051179 localization,-4.6,47,12,30230,240,8,3,38,17,57560|57728|90410,IFT80|WDR19|IFT20,-3.2
MyList_SUB1_MCODE_3,GO Cellular Components,20,GO:0036126,sperm flagellum,,-4.5,44,11,30230,259,8,3,38,17,8100|26160|57728,IFT88|IFT172|WDR19,-3.1
MyList_SUB1_MCODE_3,GO Cellular Components,20,GO:0097729,9+2 motile cilium,,-4.4,42,11,30230,269,8,3,38,17,8100|26160|57728,IFT88|IFT172|WDR19,-3
MyList_SUB1_MCODE_3,GO Biological Processes,19,GO:0048562,embryonic organ morphogenesis,19_GO:0032502 developmental process,-4.3,37,10,30230,305,8,3,38,17,9742|26160|57728,IFT140|IFT172|WDR19,-2.9
MyList_SUB1_MCODE_3,GO Biological Processes,19,GO:0072657,protein localization to membrane,19_GO:0051179 localization,-4.2,35,10,30230,324,8,3,38,17,57560|57728|90410,IFT80|WDR19|IFT20,-2.8
MyList_SUB1_MCODE_3,GO Biological Processes,19,GO:0030111,regulation of Wnt signaling pathway,19_GO:0050896 response to stimulus,-4,31,9.4,30230,362,8,3,38,17,57560|79809|90410,IFT80|TTC21B|IFT20,-2.7
MyList_SUB1_MCODE_3,GO Biological Processes,19,GO:0043010,camera-type eye development,19_GO:0032502 developmental process,-4,31,9.4,30230,368,8,3,38,17,9742|55764|57728,IFT140|IFT122|WDR19,-2.7
MyList_SUB1_MCODE_3,GO Biological Processes,19,GO:0001654,eye development,19_GO:0032502 developmental process,-3.9,27,8.7,30230,418,8,3,38,17,9742|55764|57728,IFT140|IFT122|WDR19,-2.6
MyList_SUB1_MCODE_3,GO Biological Processes,19,GO:0150063,visual system development,19_GO:0032502 developmental process,-3.8,27,8.7,30230,421,8,3,38,17,9742|55764|57728,IFT140|IFT122|WDR19,-2.6
MyList_SUB1_MCODE_3,GO Biological Processes,19,GO:0048880,sensory system development,19_GO:0032502 developmental process,-3.8,26,8.6,30230,428,8,3,38,17,9742|55764|57728,IFT140|IFT122|WDR19,-2.5
MyList_SUB1_MCODE_3,GO Biological Processes,19,GO:0002009,morphogenesis of an epithelium,19_GO:0032502 developmental process,-3.7,24,8.1,30230,482,8,3,38,17,26160|55764|90410,IFT172|IFT122|IFT20,-2.4
MyList_SUB1_MCODE_3,GO Biological Processes,19,GO:0051668,localization within membrane,19_GO:0051179 localization,-3.4,19,7.3,30230,588,8,3,38,17,57560|57728|90410,IFT80|WDR19|IFT20,-2.2
MyList_SUB1_MCODE_3,GO Biological Processes,19,GO:0048729,tissue morphogenesis,19_GO:0032502 developmental process,-3.4,19,7.2,30230,604,8,3,38,17,26160|55764|90410,IFT172|IFT122|IFT20,-2.2
MyList_SUB1_MCODE_3,GO Biological Processes,19,GO:0120035,regulation of plasma membrane bounded cell projection organization,19_GO:0050789 regulation of biological process,-3.3,17,6.9,30230,650,8,3,38,17,8100|9742|90410,IFT88|IFT140|IFT20,-2.1
MyList_SUB1_MCODE_3,GO Biological Processes,19,GO:0031344,regulation of cell projection organization,19_GO:0050789 regulation of biological process,-3.3,17,6.8,30230,669,8,3,38,17,8100|9742|90410,IFT88|IFT140|IFT20,-2.1
MyList_SUB1_MCODE_4,GO Biological Processes,19,GO:0019646,aerobic electron transport chain,19_GO:0009987 cellular process,-8.7,2e+02,28,30230,87,7,4,57,19,4514|4541|4706|10975,COX3|ND6|NDUFAB1|UQCR11,-6.5
MyList_SUB1_MCODE_4,GO Biological Processes,19,GO:0042773,ATP synthesis coupled electron transport,19_GO:0009987 cellular process,-8.6,1.9e+02,27,30230,91,7,4,57,19,4514|4541|4706|10975,COX3|ND6|NDUFAB1|UQCR11,-6.5
MyList_SUB1_MCODE_4,GO Biological Processes,19,GO:0042775,mitochondrial ATP synthesis coupled electron transport,19_GO:0009987 cellular process,-8.6,1.9e+02,27,30230,91,7,4,57,19,4514|4541|4706|10975,COX3|ND6|NDUFAB1|UQCR11,-6.5
MyList_SUB1_MCODE_4,WikiPathways,27,WP111,Electron transport chain OXPHOS system in mitochondria,,-8.3,1.6e+02,26,30230,105,7,4,57,19,4514|4541|4706|10975,COX3|ND6|NDUFAB1|UQCR11,-6.2
MyList_SUB1_MCODE_4,GO Biological Processes,19,GO:0022904,respiratory electron transport chain,19_GO:0009987 cellular process,-8.3,1.6e+02,25,30230,107,7,4,57,19,4514|4541|4706|10975,COX3|ND6|NDUFAB1|UQCR11,-6.2
MyList_SUB1_MCODE_4,GO Cellular Components,20,GO:0098803,respiratory chain complex,,-8.2,1.5e+02,25,30230,114,7,4,57,19,4514|4541|4706|10975,COX3|ND6|NDUFAB1|UQCR11,-6.1
MyList_SUB1_MCODE_4,GO Biological Processes,19,GO:0006119,oxidative phosphorylation,19_GO:0009987 cellular process,-8.2,1.5e+02,24,30230,115,7,4,57,19,4514|4541|4706|10975,COX3|ND6|NDUFAB1|UQCR11,-6.1
MyList_SUB1_MCODE_4,GO Biological Processes,19,GO:0022900,electron transport chain,19_GO:0009987 cellular process,-8.1,1.5e+02,24,30230,117,7,4,57,19,4514|4541|4706|10975,COX3|ND6|NDUFAB1|UQCR11,-6.1
MyList_SUB1_MCODE_4,KEGG Pathway,24,hsa00190,Oxidative phosphorylation,,-7.8,1.3e+02,22,30230,138,7,4,57,19,4514|4541|4706|10975,COX3|ND6|NDUFAB1|UQCR11,-5.8
MyList_SUB1_MCODE_4,Reactome Gene Sets,6,R-HSA-611105,Respiratory electron transport,,-7.6,1.1e+02,21,30230,157,7,4,57,19,4514|4541|4706|10975,COX3|ND6|NDUFAB1|UQCR11,-5.6
MyList_SUB1_MCODE_4,GO Biological Processes,19,GO:0009060,aerobic respiration,19_GO:0009987 cellular process,-7.2,85,18,30230,204,7,4,57,19,4514|4541|4706|10975,COX3|ND6|NDUFAB1|UQCR11,-5.3
MyList_SUB1_MCODE_4,KEGG Pathway,24,hsa05415,Diabetic cardiomyopathy,,-7.2,84,18,30230,205,7,4,57,19,4514|4541|4706|10975,COX3|ND6|NDUFAB1|UQCR11,-5.3
MyList_SUB1_MCODE_4,KEGG Pathway,24,hsa05208,Chemical carcinogenesis - reactive oxygen species,,-7,76,17,30230,227,7,4,57,19,4514|4541|4706|10975,COX3|ND6|NDUFAB1|UQCR11,-5.1
MyList_SUB1_MCODE_4,GO Biological Processes,19,GO:0045333,cellular respiration,19_GO:0009987 cellular process,-6.9,75,17,30230,231,7,4,57,19,4514|4541|4706|10975,COX3|ND6|NDUFAB1|UQCR11,-5.1
MyList_SUB1_MCODE_4,KEGG Pathway,24,hsa04714,Thermogenesis,,-6.9,74,17,30230,235,7,4,57,19,4514|4541|4706|10975,COX3|ND6|NDUFAB1|UQCR11,-5.1
MyList_SUB1_MCODE_4,Reactome Gene Sets,6,R-HSA-1428517,Aerobic respiration and respiratory electron transport,,-6.8,67,16,30230,258,7,4,57,19,4514|4541|4706|10975,COX3|ND6|NDUFAB1|UQCR11,-4.9
MyList_SUB1_MCODE_4,KEGG Pathway,24,hsa05012,Parkinson disease,,-6.7,64,16,30230,271,7,4,57,19,4514|4541|4706|10975,COX3|ND6|NDUFAB1|UQCR11,-4.9
MyList_SUB1_MCODE_4,KEGG Pathway,24,hsa05020,Prion disease,,-6.6,62,16,30230,278,7,4,57,19,4514|4541|4706|10975,COX3|ND6|NDUFAB1|UQCR11,-4.8
MyList_SUB1_MCODE_4,GO Biological Processes,19,GO:0015980,energy derivation by oxidation of organic compounds,19_GO:0009987 cellular process,-6.5,57,15,30230,305,7,4,57,19,4514|4541|4706|10975,COX3|ND6|NDUFAB1|UQCR11,-4.7
MyList_SUB1_MCODE_4,KEGG Pathway,24,hsa05016,Huntington disease,,-6.4,56,15,30230,311,7,4,57,19,4514|4541|4706|10975,COX3|ND6|NDUFAB1|UQCR11,-4.7
MyList_SUB1_MCODE_4,GO Biological Processes,19,GO:0006091,generation of precursor metabolites and energy,19_GO:0009987 cellular process,-6.1,47,14,30230,367,7,4,57,19,4514|4541|4706|10975,COX3|ND6|NDUFAB1|UQCR11,-4.4
MyList_SUB1_MCODE_4,KEGG Pathway,24,hsa05014,Amyotrophic lateral sclerosis,,-6.1,47,13,30230,371,7,4,57,19,4514|4541|4706|10975,COX3|ND6|NDUFAB1|UQCR11,-4.4
MyList_SUB1_MCODE_4,KEGG Pathway,24,hsa05010,Alzheimer disease,,-6,44,13,30230,391,7,4,57,19,4514|4541|4706|10975,COX3|ND6|NDUFAB1|UQCR11,-4.3
MyList_SUB1_MCODE_4,Reactome Gene Sets,6,R-HSA-5368287,Mitochondrial translation,,-5.8,1.2e+02,19,30230,112,7,3,43,19,4514|4541|4706,COX3|ND6|NDUFAB1,-4.1
MyList_SUB1_MCODE_4,KEGG Pathway,24,hsa05022,Pathways of neurodegeneration - multiple diseases,,-5.7,36,12,30230,483,7,4,57,19,4514|4541|4706|10975,COX3|ND6|NDUFAB1|UQCR11,-4
MyList_SUB1_MCODE_4,GO Cellular Components,20,GO:0005743,mitochondrial inner membrane,,-5.6,34,11,30230,508,7,4,57,19,4514|4541|4706|10975,COX3|ND6|NDUFAB1|UQCR11,-4
MyList_SUB1_MCODE_4,GO Cellular Components,20,GO:1902495,transmembrane transporter complex,,-5.5,32,11,30230,541,7,4,57,19,4514|4541|4706|10975,COX3|ND6|NDUFAB1|UQCR11,-3.9
MyList_SUB1_MCODE_4,GO Cellular Components,20,GO:1990351,transporter complex,,-5.4,31,11,30230,563,7,4,57,19,4514|4541|4706|10975,COX3|ND6|NDUFAB1|UQCR11,-3.8
MyList_SUB1_MCODE_4,GO Cellular Components,20,GO:0019866,organelle inner membrane,,-5.4,31,11,30230,565,7,4,57,19,4514|4541|4706|10975,COX3|ND6|NDUFAB1|UQCR11,-3.8
MyList_SUB1_MCODE_4,WikiPathways,27,WP4396,Nonalcoholic fatty liver disease,,-5.3,84,16,30230,154,7,3,43,19,4514|4706|10975,COX3|NDUFAB1|UQCR11,-3.8
MyList_SUB1_MCODE_4,KEGG Pathway,24,hsa04932,Non-alcoholic fatty liver disease,,-5.3,83,16,30230,157,7,3,43,19,4514|4706|10975,COX3|NDUFAB1|UQCR11,-3.8
MyList_SUB1_MCODE_4,GO Cellular Components,20,GO:0031966,mitochondrial membrane,,-4.8,22,9,30230,793,7,4,57,19,4514|4541|4706|10975,COX3|ND6|NDUFAB1|UQCR11,-3.3
MyList_SUB1_MCODE_4,Reactome Gene Sets,6,R-HSA-72766,Translation,,-4.2,35,10,30230,368,7,3,43,19,4514|4541|4706,COX3|ND6|NDUFAB1,-2.9
MyList_SUB1_MCODE_5,GO Biological Processes,19,GO:0006352,DNA-templated transcription initiation,19_GO:0009987 cellular process,-15,1.3e+02,31,30230,225,7,7,1e+02,13,2068|2071|2968|6837|6908|9439|55703,ERCC2|ERCC3|GTF2H4|MED22|TBP|MED23|POLR3B,-12
MyList_SUB1_MCODE_5,WikiPathways,27,WP405,Eukaryotic transcription initiation,,-13,5.1e+02,51,30230,42,7,5,71,17,2068|2071|2968|6908|55703,ERCC2|ERCC3|GTF2H4|TBP|POLR3B,-10
MyList_SUB1_MCODE_5,GO Biological Processes,19,GO:0006367,transcription initiation at RNA polymerase II promoter,19_GO:0009987 cellular process,-13,1.5e+02,30,30230,173,7,6,86,13,2068|2071|2968|6837|6908|9439,ERCC2|ERCC3|GTF2H4|MED22|TBP|MED23,-9.9
MyList_SUB1_MCODE_5,GO Biological Processes,19,GO:0006351,DNA-templated transcription,19_GO:0009987 cellular process,-12,60,20,30230,503,7,7,1e+02,13,2068|2071|2968|6837|6908|9439|55703,ERCC2|ERCC3|GTF2H4|MED22|TBP|MED23|POLR3B,-9.8
MyList_SUB1_MCODE_5,GO Cellular Components,20,GO:0090575,RNA polymerase II transcription regulator complex,,-11,94,24,30230,277,7,6,86,13,2068|2071|2968|6837|6908|9439,ERCC2|ERCC3|GTF2H4|MED22|TBP|MED23,-8.8
MyList_SUB1_MCODE_5,CORUM,33,CORUM:103,RNA polymerase II holoenzyme complex,,-11,7.2e+02,54,30230,24,7,4,57,19,2068|2071|2968|6908,ERCC2|ERCC3|GTF2H4|TBP,-8.5
MyList_SUB1_MCODE_5,GO Cellular Components,20,GO:0000428,DNA-directed RNA polymerase complex,,-11,1.9e+02,31,30230,114,7,5,71,17,2068|2071|2968|6908|55703,ERCC2|ERCC3|GTF2H4|TBP|POLR3B,-8.4
MyList_SUB1_MCODE_5,CORUM,33,CORUM:2825,BRCA1-RNA polymerase II complex,,-11,6.6e+02,52,30230,26,7,4,57,19,2068|2071|2968|6908,ERCC2|ERCC3|GTF2H4|TBP,-8.3
MyList_SUB1_MCODE_5,GO Cellular Components,20,GO:0030880,RNA polymerase complex,,-11,1.8e+02,30,30230,117,7,5,71,17,2068|2071|2968|6908|55703,ERCC2|ERCC3|GTF2H4|TBP|POLR3B,-8.3
MyList_SUB1_MCODE_5,GO Biological Processes,19,GO:0006366,transcription by RNA polymerase II,19_GO:0009987 cellular process,-11,72,21,30230,362,7,6,86,13,2068|2071|2968|6837|6908|9439,ERCC2|ERCC3|GTF2H4|MED22|TBP|MED23,-8.3
MyList_SUB1_MCODE_5,Reactome Gene Sets,6,R-HSA-73863,RNA Polymerase I Transcription Termination,,-10,5.4e+02,46,30230,32,7,4,57,19,2068|2071|2968|6908,ERCC2|ERCC3|GTF2H4|TBP,-8
MyList_SUB1_MCODE_5,GO Cellular Components,20,GO:0005669,transcription factor TFIID complex,,-9.9,3.9e+02,40,30230,44,7,4,57,19,2068|2071|2968|6908,ERCC2|ERCC3|GTF2H4|TBP,-7.5
MyList_SUB1_MCODE_5,KEGG Pathway,24,hsa03022,Basal transcription factors,,-9.9,3.9e+02,40,30230,44,7,4,57,19,2068|2071|2968|6908,ERCC2|ERCC3|GTF2H4|TBP,-7.5
MyList_SUB1_MCODE_5,Reactome Gene Sets,6,R-HSA-73762,RNA Polymerase I Transcription Initiation,,-9.7,3.7e+02,38,30230,47,7,4,57,19,2068|2071|2968|6908,ERCC2|ERCC3|GTF2H4|TBP,-7.4
MyList_SUB1_MCODE_5,Reactome Gene Sets,6,R-HSA-73776,RNA Polymerase II Promoter Escape,,-9.7,3.6e+02,38,30230,48,7,4,57,19,2068|2071|2968|6908,ERCC2|ERCC3|GTF2H4|TBP,-7.4
MyList_SUB1_MCODE_5,Reactome Gene Sets,6,R-HSA-75953,RNA Polymerase II Transcription Initiation,,-9.7,3.6e+02,38,30230,48,7,4,57,19,2068|2071|2968|6908,ERCC2|ERCC3|GTF2H4|TBP,-7.4
MyList_SUB1_MCODE_5,Reactome Gene Sets,6,R-HSA-76042,RNA Polymerase II Transcription Initiation And Promoter Clearance,,-9.7,3.6e+02,38,30230,48,7,4,57,19,2068|2071|2968|6908,ERCC2|ERCC3|GTF2H4|TBP,-7.4
MyList_SUB1_MCODE_5,Reactome Gene Sets,6,R-HSA-73779,RNA Polymerase II Transcription Pre-Initiation And Promoter Opening,,-9.7,3.6e+02,38,30230,48,7,4,57,19,2068|2071|2968|6908,ERCC2|ERCC3|GTF2H4|TBP,-7.4
MyList_SUB1_MCODE_5,Reactome Gene Sets,6,R-HSA-167161,HIV Transcription Initiation,,-9.7,3.6e+02,38,30230,48,7,4,57,19,2068|2071|2968|6908,ERCC2|ERCC3|GTF2H4|TBP,-7.4
MyList_SUB1_MCODE_5,Reactome Gene Sets,6,R-HSA-167162,RNA Polymerase II HIV Promoter Escape,,-9.7,3.6e+02,38,30230,48,7,4,57,19,2068|2071|2968|6908,ERCC2|ERCC3|GTF2H4|TBP,-7.4
MyList_SUB1_MCODE_5,GO Cellular Components,20,GO:0005667,transcription regulator complex,,-9.6,48,17,30230,545,7,6,86,13,2068|2071|2968|6837|6908|9439,ERCC2|ERCC3|GTF2H4|MED22|TBP|MED23,-7.3
MyList_SUB1_MCODE_5,CORUM,33,CORUM:107,TFIIH transcription factor complex,,-9.2,1.4e+03,66,30230,9,7,3,43,19,2068|2071|2968,ERCC2|ERCC3|GTF2H4,-7
MyList_SUB1_MCODE_5,CORUM,33,CORUM:1036,TFIIH transcription factor complex,,-9.2,1.4e+03,66,30230,9,7,3,43,19,2068|2071|2968,ERCC2|ERCC3|GTF2H4,-7
MyList_SUB1_MCODE_5,WikiPathways,27,WP5563,RNA polymerase II transcription the preinitiation complex,,-9.1,2.5e+02,32,30230,69,7,4,57,19,2071|6837|6908|9439,ERCC3|MED22|TBP|MED23,-6.9
MyList_SUB1_MCODE_5,CORUM,33,CORUM:1009,TFIIH transcription factor complex,,-9,1.3e+03,62,30230,10,7,3,43,19,2068|2071|2968,ERCC2|ERCC3|GTF2H4,-6.8
MyList_SUB1_MCODE_5,CORUM,33,CORUM:1029,TFIIH transcription factor complex,,-9,1.3e+03,62,30230,10,7,3,43,19,2068|2071|2968,ERCC2|ERCC3|GTF2H4,-6.8
MyList_SUB1_MCODE_5,Reactome Gene Sets,6,R-HSA-167172,Transcription of the HIV genome,,-9,2.4e+02,31,30230,71,7,4,57,19,2068|2071|2968|6908,ERCC2|ERCC3|GTF2H4|TBP,-6.8
MyList_SUB1_MCODE_5,GO Cellular Components,20,GO:0000439,transcription factor TFIIH core complex,,-8.8,1.1e+03,57,30230,12,7,3,43,19,2068|2071|2968,ERCC2|ERCC3|GTF2H4,-6.6
MyList_SUB1_MCODE_5,Reactome Gene Sets,6,R-HSA-674695,RNA Polymerase II Pre-transcription Events,,-8.8,2.1e+02,29,30230,82,7,4,57,19,2068|2071|2968|6908,ERCC2|ERCC3|GTF2H4|TBP,-6.6
MyList_SUB1_MCODE_5,GO Cellular Components,20,GO:0005675,transcription factor TFIIH holo complex,,-8.7,1e+03,55,30230,13,7,3,43,19,2068|2071|2968,ERCC2|ERCC3|GTF2H4,-6.5
MyList_SUB1_MCODE_5,GO Cellular Components,20,GO:0016591,"RNA polymerase II, holoenzyme",,-8.7,2e+02,28,30230,87,7,4,57,19,2068|2071|2968|6908,ERCC2|ERCC3|GTF2H4|TBP,-6.5
MyList_SUB1_MCODE_5,Reactome Gene Sets,6,R-HSA-73772,RNA Polymerase I Promoter Escape,,-8.6,1.9e+02,28,30230,90,7,4,57,19,2068|2071|2968|6908,ERCC2|ERCC3|GTF2H4|TBP,-6.5
MyList_SUB1_MCODE_5,Reactome Gene Sets,6,R-HSA-212165,Epigenetic regulation of gene expression,,-8.6,68,18,30230,319,7,5,71,17,2068|2071|2968|6908|9439,ERCC2|ERCC3|GTF2H4|TBP|MED23,-6.5
MyList_SUB1_MCODE_5,GO Cellular Components,20,GO:0055029,nuclear DNA-directed RNA polymerase complex,,-8.6,1.9e+02,27,30230,92,7,4,57,19,2068|2071|2968|6908,ERCC2|ERCC3|GTF2H4|TBP,-6.4
MyList_SUB1_MCODE_5,GO Cellular Components,20,GO:0061695,"transferase complex, transferring phosphorus-containing groups",,-8.5,65,18,30230,331,7,5,71,17,2068|2071|2968|6908|55703,ERCC2|ERCC3|GTF2H4|TBP|POLR3B,-6.4
MyList_SUB1_MCODE_5,Reactome Gene Sets,6,R-HSA-427413,NoRC negatively regulates rRNA expression,,-8.3,1.6e+02,25,30230,106,7,4,57,19,2068|2071|2968|6908,ERCC2|ERCC3|GTF2H4|TBP,-6.2
MyList_SUB1_MCODE_5,Reactome Gene Sets,6,R-HSA-5250941,Negative epigenetic regulation of rRNA expression,,-8.3,1.6e+02,25,30230,109,7,4,57,19,2068|2071|2968|6908,ERCC2|ERCC3|GTF2H4|TBP,-6.2
MyList_SUB1_MCODE_5,Reactome Gene Sets,6,R-HSA-73854,RNA Polymerase I Promoter Clearance,,-8.3,1.6e+02,25,30230,109,7,4,57,19,2068|2071|2968|6908,ERCC2|ERCC3|GTF2H4|TBP,-6.2
MyList_SUB1_MCODE_5,Reactome Gene Sets,6,R-HSA-73864,RNA Polymerase I Transcription,,-8.2,1.6e+02,25,30230,111,7,4,57,19,2068|2071|2968|6908,ERCC2|ERCC3|GTF2H4|TBP,-6.2
MyList_SUB1_MCODE_5,GO Cellular Components,20,GO:0032806,carboxy-terminal domain protein kinase complex,,-8,6.2e+02,43,30230,21,7,3,43,19,2068|2071|2968,ERCC2|ERCC3|GTF2H4,-6
MyList_SUB1_MCODE_5,Reactome Gene Sets,6,R-HSA-162599,Late Phase of HIV Life Cycle,,-7.9,1.3e+02,22,30230,135,7,4,57,19,2068|2071|2968|6908,ERCC2|ERCC3|GTF2H4|TBP,-5.9
MyList_SUB1_MCODE_5,WikiPathways,27,WP5523,HINT1 pathway,,-7.8,5.2e+02,39,30230,25,7,3,43,19,2068|2071|2968,ERCC2|ERCC3|GTF2H4,-5.8
MyList_SUB1_MCODE_5,Reactome Gene Sets,6,R-HSA-162587,HIV Life Cycle,,-7.7,1.2e+02,21,30230,148,7,4,57,19,2068|2071|2968|6908,ERCC2|ERCC3|GTF2H4|TBP,-5.7
MyList_SUB1_MCODE_5,Reactome Gene Sets,6,R-HSA-167160,RNA Pol II CTD phosphorylation and interaction with CE during HIV infection,,-7.7,4.8e+02,38,30230,27,7,3,43,19,2068|2071|2968,ERCC2|ERCC3|GTF2H4,-5.7
MyList_SUB1_MCODE_5,Reactome Gene Sets,6,R-HSA-77075,RNA Pol II CTD phosphorylation and interaction with CE,,-7.7,4.8e+02,38,30230,27,7,3,43,19,2068|2071|2968,ERCC2|ERCC3|GTF2H4,-5.7
MyList_SUB1_MCODE_5,GO Cellular Components,20,GO:0019908,nuclear cyclin-dependent protein kinase holoenzyme complex,,-7.7,4.8e+02,38,30230,27,7,3,43,19,2068|2071|2968,ERCC2|ERCC3|GTF2H4,-5.7
MyList_SUB1_MCODE_5,Reactome Gene Sets,6,R-HSA-72086,mRNA Capping,,-7.6,4.5e+02,37,30230,29,7,3,43,19,2068|2071|2968,ERCC2|ERCC3|GTF2H4,-5.6
MyList_SUB1_MCODE_5,Reactome Gene Sets,6,R-HSA-113418,Formation of the Early Elongation Complex,,-7.4,3.9e+02,34,30230,33,7,3,43,19,2068|2071|2968,ERCC2|ERCC3|GTF2H4,-5.4
MyList_SUB1_MCODE_5,Reactome Gene Sets,6,R-HSA-167158,Formation of the HIV-1 Early Elongation Complex,,-7.4,3.9e+02,34,30230,33,7,3,43,19,2068|2071|2968,ERCC2|ERCC3|GTF2H4,-5.4
MyList_SUB1_MCODE_5,Reactome Gene Sets,6,R-HSA-5696400,Dual Incision in GG-NER,,-7.1,3.2e+02,31,30230,41,7,3,43,19,2068|2071|2968,ERCC2|ERCC3|GTF2H4,-5.2
MyList_SUB1_MCODE_5,Reactome Gene Sets,6,R-HSA-162906,HIV Infection,,-7.1,81,18,30230,214,7,4,57,19,2068|2071|2968|6908,ERCC2|ERCC3|GTF2H4|TBP,-5.2
MyList_SUB1_MCODE_5,Reactome Gene Sets,6,R-HSA-167200,Formation of HIV-1 elongation complex containing HIV-1 Tat,,-7,3e+02,30,30230,43,7,3,43,19,2068|2071|2968,ERCC2|ERCC3|GTF2H4,-5.2
MyList_SUB1_MCODE_5,Reactome Gene Sets,6,R-HSA-5696395,Formation of Incision Complex in GG-NER,,-7,3e+02,30,30230,43,7,3,43,19,2068|2071|2968,ERCC2|ERCC3|GTF2H4,-5.2
MyList_SUB1_MCODE_5,Reactome Gene Sets,6,R-HSA-167246,Tat-mediated elongation of the HIV-1 transcript,,-7,3e+02,30,30230,43,7,3,43,19,2068|2071|2968,ERCC2|ERCC3|GTF2H4,-5.2
MyList_SUB1_MCODE_5,Reactome Gene Sets,6,R-HSA-167169,HIV Transcription Elongation,,-7,3e+02,30,30230,43,7,3,43,19,2068|2071|2968,ERCC2|ERCC3|GTF2H4,-5.2
MyList_SUB1_MCODE_5,WikiPathways,27,WP4753,Nucleotide excision repair,,-7,2.9e+02,30,30230,44,7,3,43,19,2068|2071|2968,ERCC2|ERCC3|GTF2H4,-5.1
MyList_SUB1_MCODE_5,Reactome Gene Sets,6,R-HSA-167152,Formation of HIV elongation complex in the absence of HIV Tat,,-7,2.9e+02,29,30230,45,7,3,43,19,2068|2071|2968,ERCC2|ERCC3|GTF2H4,-5.1
MyList_SUB1_MCODE_5,Reactome Gene Sets,6,R-HSA-6781823,Formation of TC-NER Pre-Incision Complex,,-6.8,2.5e+02,27,30230,52,7,3,43,19,2068|2071|2968,ERCC2|ERCC3|GTF2H4,-5
MyList_SUB1_MCODE_5,Reactome Gene Sets,6,R-HSA-75955,RNA Polymerase II Transcription Elongation,,-6.6,2.2e+02,26,30230,58,7,3,43,19,2068|2071|2968,ERCC2|ERCC3|GTF2H4,-4.8
MyList_SUB1_MCODE_5,Reactome Gene Sets,6,R-HSA-112382,Formation of RNA Pol II elongation complex,,-6.6,2.2e+02,26,30230,58,7,3,43,19,2068|2071|2968,ERCC2|ERCC3|GTF2H4,-4.8
MyList_SUB1_MCODE_5,GO Biological Processes,19,GO:0006289,nucleotide-excision repair,19_GO:0050896 response to stimulus,-6.5,2.1e+02,25,30230,62,7,3,43,19,2068|2071|2968,ERCC2|ERCC3|GTF2H4,-4.8
MyList_SUB1_MCODE_5,Reactome Gene Sets,6,R-HSA-6796648,TP53 Regulates Transcription of DNA Repair Genes,,-6.5,2.1e+02,25,30230,62,7,3,43,19,2068|2071|2968,ERCC2|ERCC3|GTF2H4,-4.8
MyList_SUB1_MCODE_5,GO Biological Processes,19,GO:0051123,RNA polymerase II preinitiation complex assembly,19_GO:0009987 cellular process,-6.5,2.1e+02,25,30230,63,7,3,43,19,6837|6908|9439,MED22|TBP|MED23,-4.7
MyList_SUB1_MCODE_5,KEGG Pathway,24,hsa03420,Nucleotide excision repair,,-6.5,2.1e+02,25,30230,63,7,3,43,19,2068|2071|2968,ERCC2|ERCC3|GTF2H4,-4.7
MyList_SUB1_MCODE_5,Reactome Gene Sets,6,R-HSA-6782210,Gap-filling DNA repair synthesis and ligation in TC-NER,,-6.5,2.1e+02,25,30230,63,7,3,43,19,2068|2071|2968,ERCC2|ERCC3|GTF2H4,-4.7
MyList_SUB1_MCODE_5,Reactome Gene Sets,6,R-HSA-6782135,Dual incision in TC-NER,,-6.5,2e+02,25,30230,64,7,3,43,19,2068|2071|2968,ERCC2|ERCC3|GTF2H4,-4.7
MyList_SUB1_MCODE_5,GO Biological Processes,19,GO:0060261,positive regulation of transcription initiation by RNA polymerase II,19_GO:0048518 positive regulation of biological process,-6.5,2e+02,24,30230,66,7,3,43,19,6837|6908|9439,MED22|TBP|MED23,-4.7
MyList_SUB1_MCODE_5,GO Biological Processes,19,GO:0006354,DNA-templated transcription elongation,19_GO:0009987 cellular process,-6.4,1.8e+02,23,30230,71,7,3,43,19,2068|2071|55703,ERCC2|ERCC3|POLR3B,-4.6
MyList_SUB1_MCODE_5,GO Cellular Components,20,GO:0000307,cyclin-dependent protein kinase holoenzyme complex,,-6.3,1.8e+02,23,30230,72,7,3,43,19,2068|2071|2968,ERCC2|ERCC3|GTF2H4,-4.6
MyList_SUB1_MCODE_5,WikiPathways,27,WP5114,Nucleotide excision repair in xeroderma pigmentosum,,-6.3,1.7e+02,23,30230,75,7,3,43,19,2068|2071|2968,ERCC2|ERCC3|GTF2H4,-4.6
MyList_SUB1_MCODE_5,GO Biological Processes,19,GO:2000144,positive regulation of DNA-templated transcription initiation,19_GO:0048518 positive regulation of biological process,-6.3,1.7e+02,23,30230,75,7,3,43,19,6837|6908|9439,MED22|TBP|MED23,-4.6
MyList_SUB1_MCODE_5,Reactome Gene Sets,6,R-HSA-6781827,Transcription-Coupled Nucleotide Excision Repair (TC-NER),,-6.3,1.7e+02,22,30230,77,7,3,43,19,2068|2071|2968,ERCC2|ERCC3|GTF2H4,-4.5
MyList_SUB1_MCODE_5,GO Biological Processes,19,GO:0070897,transcription preinitiation complex assembly,19_GO:0009987 cellular process,-6.3,1.7e+02,22,30230,77,7,3,43,19,6837|6908|9439,MED22|TBP|MED23,-4.5
MyList_SUB1_MCODE_5,GO Biological Processes,19,GO:0060260,regulation of transcription initiation by RNA polymerase II,19_GO:0050789 regulation of biological process,-6.2,1.7e+02,22,30230,78,7,3,43,19,6837|6908|9439,MED22|TBP|MED23,-4.5
MyList_SUB1_MCODE_5,Reactome Gene Sets,6,R-HSA-3700989,Transcriptional Regulation by TP53,,-6.2,50,14,30230,348,7,4,57,19,2068|2071|2968|6908,ERCC2|ERCC3|GTF2H4|TBP,-4.5
MyList_SUB1_MCODE_5,Reactome Gene Sets,6,R-HSA-5696399,Global Genome Nucleotide Excision Repair (GG-NER),,-6.1,1.5e+02,21,30230,84,7,3,43,19,2068|2071|2968,ERCC2|ERCC3|GTF2H4,-4.4
MyList_SUB1_MCODE_5,GO Biological Processes,19,GO:2000142,regulation of DNA-templated transcription initiation,19_GO:0050789 regulation of biological process,-6.1,1.5e+02,21,30230,89,7,3,43,19,6837|6908|9439,MED22|TBP|MED23,-4.4
MyList_SUB1_MCODE_5,Reactome Gene Sets,6,R-HSA-5696398,Nucleotide Excision Repair,,-5.8,1.2e+02,19,30230,109,7,3,43,19,2068|2071|2968,ERCC2|ERCC3|GTF2H4,-4.2
MyList_SUB1_MCODE_5,WikiPathways,27,WP4946,DNA repair pathways full network,,-5.7,1.1e+02,18,30230,121,7,3,43,19,2068|2071|2968,ERCC2|ERCC3|GTF2H4,-4
MyList_SUB1_MCODE_5,GO Cellular Components,20,GO:1902554,serine/threonine protein kinase complex,,-5.3,82,16,30230,158,7,3,43,19,2068|2071|2968,ERCC2|ERCC3|GTF2H4,-3.8
MyList_SUB1_MCODE_5,GO Cellular Components,20,GO:1902911,protein kinase complex,,-5.2,75,15,30230,172,7,3,43,19,2068|2071|2968,ERCC2|ERCC3|GTF2H4,-3.7
MyList_SUB1_MCODE_5,GO Biological Processes,19,GO:0065004,protein-DNA complex assembly,19_GO:0009987 cellular process,-4.9,61,13,30230,212,7,3,43,19,6837|6908|9439,MED22|TBP|MED23,-3.4
MyList_SUB1_MCODE_5,GO Biological Processes,19,GO:0071824,protein-DNA complex organization,19_GO:0009987 cellular process,-4.8,56,13,30230,232,7,3,43,19,6837|6908|9439,MED22|TBP|MED23,-3.3
MyList_SUB1_MCODE_5,Reactome Gene Sets,6,R-HSA-73894,DNA Repair,,-4.3,39,11,30230,334,7,3,43,19,2068|2071|2968,ERCC2|ERCC3|GTF2H4,-3
MyList_SUB1_MCODE_5,GO Biological Processes,19,GO:0006281,DNA repair,19_GO:0050896 response to stimulus,-3.7,24,8.3,30230,532,7,3,43,19,2068|2071|2968,ERCC2|ERCC3|GTF2H4,-2.5
MyList_SUB1_MCODE_5,Reactome Gene Sets,6,R-HSA-8953854,Metabolism of RNA,,-3.3,17,6.9,30230,742,7,3,43,19,2068|2071|2968,ERCC2|ERCC3|GTF2H4,-2.1
MyList_SUB1_MCODE_5,GO Biological Processes,19,GO:0006259,DNA metabolic process,19_GO:0009987 cellular process,-3.3,17,6.7,30230,777,7,3,43,19,2068|2071|2968,ERCC2|ERCC3|GTF2H4,-2.1
MyList_SUB1_MCODE_6,WikiPathways,27,WP5501,GNAQ p R183Q drives capillary malformation,,-11,8.1e+02,57,30230,25,6,4,67,19,5580|5581|5582|5587,PRKCD|PRKCE|PRKCG|PRKD1,-8.7
MyList_SUB1_MCODE_6,WikiPathways,27,WP4341,Non genomic actions of 1 25 dihydroxyvitamin D3,,-9.3,2.7e+02,32,30230,76,6,4,67,19,3551|5580|5581|5582,IKBKB|PRKCD|PRKCE|PRKCG,-7
MyList_SUB1_MCODE_6,WikiPathways,27,WP35,G protein signaling,,-8.9,2.2e+02,30,30230,91,6,4,67,19,5580|5581|5582|5587,PRKCD|PRKCE|PRKCG|PRKD1,-6.8
MyList_SUB1_MCODE_6,WikiPathways,27,WP399,Wnt signaling and pluripotency,,-8.7,2e+02,28,30230,102,6,4,67,19,5580|5581|5582|5587,PRKCD|PRKCE|PRKCG|PRKD1,-6.6
MyList_SUB1_MCODE_6,WikiPathways,27,WP4659,Gastrin signaling,,-8.5,1.8e+02,26,30230,115,6,4,67,19,3551|5580|5581|5587,IKBKB|PRKCD|PRKCE|PRKD1,-6.4
MyList_SUB1_MCODE_6,WikiPathways,27,WP4787,Osteoblast differentiation and related diseases,,-8.5,1.7e+02,26,30230,119,6,4,67,19,5580|5581|5582|5587,PRKCD|PRKCE|PRKCG|PRKD1,-6.4
MyList_SUB1_MCODE_6,WikiPathways,27,WP5541,BDNF signaling in neurodevelopment,,-8.5,1.7e+02,26,30230,119,6,4,67,19,3551|5580|5581|5582,IKBKB|PRKCD|PRKCE|PRKCG,-6.4
MyList_SUB1_MCODE_6,KEGG Pathway,24,hsa04270,Vascular smooth muscle contraction,,-8.3,1.5e+02,24,30230,134,6,4,67,19,673|5580|5581|5582,BRAF|PRKCD|PRKCE|PRKCG,-6.2
MyList_SUB1_MCODE_6,WikiPathways,27,WP536,Calcium regulation in cardiac cells,,-8,1.3e+02,23,30230,152,6,4,67,19,5580|5581|5582|5587,PRKCD|PRKCE|PRKCG|PRKD1,-6
MyList_SUB1_MCODE_6,WikiPathways,27,WP289,Myometrial relaxation and contraction pathways,,-8,1.3e+02,23,30230,156,6,4,67,19,5580|5581|5582|5587,PRKCD|PRKCE|PRKCG|PRKD1,-6
MyList_SUB1_MCODE_6,GO Biological Processes,19,GO:0050778,positive regulation of immune response,19_GO:0002376 immune system process,-7.4,36,13,30230,700,6,5,83,15,673|3551|5580|5581|5587,BRAF|IKBKB|PRKCD|PRKCE|PRKD1,-5.5
MyList_SUB1_MCODE_6,WikiPathways,27,WP4871,Kisspeptin kisspeptin receptor system in the ovary,,-7.4,3.9e+02,34,30230,39,6,3,50,20,5580|5581|5582,PRKCD|PRKCE|PRKCG,-5.5
MyList_SUB1_MCODE_6,KEGG Pathway,24,hsa05208,Chemical carcinogenesis - reactive oxygen species,,-7.3,89,19,30230,227,6,4,67,19,673|3551|5580|5587,BRAF|IKBKB|PRKCD|PRKD1,-5.4
MyList_SUB1_MCODE_6,GO Biological Processes,19,GO:1990776,response to angiotensin,19_GO:0050896 response to stimulus,-7.3,3.6e+02,33,30230,42,6,3,50,20,5580|5582|5587,PRKCD|PRKCG|PRKD1,-5.4
MyList_SUB1_MCODE_6,Reactome Gene Sets,6,R-HSA-1489509,DAG and IP3 signaling,,-7.3,3.5e+02,32,30230,43,6,3,50,20,5580|5581|5582,PRKCD|PRKCE|PRKCG,-5.4
MyList_SUB1_MCODE_6,WikiPathways,27,WP382,MAPK signaling,,-7.2,82,18,30230,247,6,4,67,19,673|3551|5580|5582,BRAF|IKBKB|PRKCD|PRKCG,-5.3
MyList_SUB1_MCODE_6,WikiPathways,27,WP5283,Chronic hyperglycemia impairment of neuron function,,-7.2,3.3e+02,31,30230,46,6,3,50,20,5580|5581|5582,PRKCD|PRKCE|PRKCG,-5.3
MyList_SUB1_MCODE_6,KEGG Pathway,24,hsa04930,Type II diabetes mellitus,,-7.2,3.2e+02,31,30230,47,6,3,50,20,3551|5580|5581,IKBKB|PRKCD|PRKCE,-5.3
MyList_SUB1_MCODE_6,Reactome Gene Sets,6,R-HSA-418597,G alpha (z) signalling events,,-7.2,3.2e+02,31,30230,47,6,3,50,20,5580|5581|5582,PRKCD|PRKCE|PRKCG,-5.3
MyList_SUB1_MCODE_6,GO Biological Processes,19,GO:0002429,immune response-activating cell surface receptor signaling pathway,19_GO:0002376 immune system process,-7.1,77,17,30230,262,6,4,67,19,673|3551|5580|5581,BRAF|IKBKB|PRKCD|PRKCE,-5.2
MyList_SUB1_MCODE_6,Canonical Pathways,11,M113,PID NFAT 3PATHWAY,,-7,2.9e+02,29,30230,53,6,3,50,20,5580|5581|5582,PRKCD|PRKCE|PRKCG,-5.1
MyList_SUB1_MCODE_6,Canonical Pathways,11,M99,PID TXA2PATHWAY,,-6.9,2.7e+02,28,30230,56,6,3,50,20,5580|5581|5582,PRKCD|PRKCE|PRKCG,-5.1
MyList_SUB1_MCODE_6,GO Biological Processes,19,GO:0038093,Fc receptor signaling pathway,19_GO:0002376 immune system process,-6.9,2.6e+02,28,30230,59,6,3,50,20,3551|5580|5581,IKBKB|PRKCD|PRKCE,-5
MyList_SUB1_MCODE_6,Canonical Pathways,11,M8,PID ENDOTHELIN PATHWAY,,-6.8,2.4e+02,27,30230,63,6,3,50,20,5580|5581|5582,PRKCD|PRKCE|PRKCG,-4.9
MyList_SUB1_MCODE_6,GO Biological Processes,19,GO:0006468,protein phosphorylation,19_GO:0009987 cellular process,-6.8,63,16,30230,318,6,4,67,19,673|3551|5580|5587,BRAF|IKBKB|PRKCD|PRKD1,-4.9
MyList_SUB1_MCODE_6,GO Biological Processes,19,GO:0002768,immune response-regulating cell surface receptor signaling pathway,19_GO:0002376 immune system process,-6.7,63,16,30230,322,6,4,67,19,673|3551|5580|5581,BRAF|IKBKB|PRKCD|PRKCE,-4.9
MyList_SUB1_MCODE_6,Canonical Pathways,11,M15,PID LYSOPHOSPHOLIPID PATHWAY,,-6.7,2.3e+02,26,30230,65,6,3,50,20,5580|5581|5587,PRKCD|PRKCE|PRKD1,-4.9
MyList_SUB1_MCODE_6,GO Biological Processes,19,GO:0002757,immune response-activating signaling pathway,19_GO:0002376 immune system process,-6.6,58,15,30230,347,6,4,67,19,673|3551|5580|5581,BRAF|IKBKB|PRKCD|PRKCE,-4.8
MyList_SUB1_MCODE_6,GO Biological Processes,19,GO:0032956,regulation of actin cytoskeleton organization,19_GO:0050789 regulation of biological process,-6.6,57,15,30230,355,6,4,67,19,673|5580|5581|5587,BRAF|PRKCD|PRKCE|PRKD1,-4.8
MyList_SUB1_MCODE_6,GO Biological Processes,19,GO:0016310,phosphorylation,19_GO:0009987 cellular process,-6.5,56,15,30230,361,6,4,67,19,673|3551|5580|5587,BRAF|IKBKB|PRKCD|PRKD1,-4.7
MyList_SUB1_MCODE_6,WikiPathways,27,WP2261,Glioblastoma signaling,,-6.4,1.8e+02,23,30230,82,6,3,50,20,673|5580|5582,BRAF|PRKCD|PRKCG,-4.7
MyList_SUB1_MCODE_6,GO Biological Processes,19,GO:1902903,regulation of supramolecular fiber organization,19_GO:0050789 regulation of biological process,-6.4,51,14,30230,393,6,4,67,19,673|5580|5581|5587,BRAF|PRKCD|PRKCE|PRKD1,-4.6
MyList_SUB1_MCODE_6,GO Biological Processes,19,GO:0032970,regulation of actin filament-based process,19_GO:0050789 regulation of biological process,-6.3,50,14,30230,401,6,4,67,19,673|5580|5581|5587,BRAF|PRKCD|PRKCE|PRKD1,-4.6
MyList_SUB1_MCODE_6,WikiPathways,27,WP5094,Orexin receptor pathway,,-6.3,1.7e+02,23,30230,88,6,3,50,20,5580|5581|5587,PRKCD|PRKCE|PRKD1,-4.6
MyList_SUB1_MCODE_6,GO Biological Processes,19,GO:0002764,immune response-regulating signaling pathway,19_GO:0002376 immune system process,-6.3,49,14,30230,408,6,4,67,19,673|3551|5580|5581,BRAF|IKBKB|PRKCD|PRKCE,-4.6
MyList_SUB1_MCODE_6,GO Biological Processes,19,GO:0002253,activation of immune response,19_GO:0002376 immune system process,-6.3,49,14,30230,410,6,4,67,19,673|3551|5580|5581,BRAF|IKBKB|PRKCD|PRKCE,-4.6
MyList_SUB1_MCODE_6,WikiPathways,27,WP4263,Pancreatic adenocarcinoma pathway,,-6.3,1.7e+02,22,30230,89,6,3,50,20,673|3551|5580,BRAF|IKBKB|PRKCD,-4.6
MyList_SUB1_MCODE_6,WikiPathways,27,WP23,B cell receptor signaling,,-6.3,1.6e+02,22,30230,92,6,3,50,20,673|3551|5580,BRAF|IKBKB|PRKCD,-4.5
MyList_SUB1_MCODE_6,WikiPathways,27,WP4540,Hippo signaling regulation,,-6.2,1.5e+02,21,30230,98,6,3,50,20,5580|5581|5582,PRKCD|PRKCE|PRKCG,-4.5
MyList_SUB1_MCODE_6,KEGG Pathway,24,hsa04925,Aldosterone synthesis and secretion,,-6.2,1.5e+02,21,30230,98,6,3,50,20,5581|5582|5587,PRKCE|PRKCG|PRKD1,-4.5
MyList_SUB1_MCODE_6,KEGG Pathway,24,hsa04750,Inflammatory mediator regulation of TRP channels,,-6.2,1.5e+02,21,30230,99,6,3,50,20,5580|5581|5582,PRKCD|PRKCE|PRKCG,-4.5
MyList_SUB1_MCODE_6,KEGG Pathway,24,hsa04666,Fc gamma R-mediated phagocytosis,,-6.2,1.5e+02,21,30230,99,6,3,50,20,5580|5581|5582,PRKCD|PRKCE|PRKCG,-4.5
MyList_SUB1_MCODE_6,KEGG Pathway,24,hsa04931,Insulin resistance,,-6,1.4e+02,20,30230,109,6,3,50,20,3551|5580|5581,IKBKB|PRKCD|PRKCE,-4.4
MyList_SUB1_MCODE_6,KEGG Pathway,24,hsa04722,Neurotrophin signaling pathway,,-5.9,1.3e+02,19,30230,120,6,3,50,20,673|3551|5580,BRAF|IKBKB|PRKCD,-4.3
MyList_SUB1_MCODE_6,Canonical Pathways,11,M186,PID PDGFRB PATHWAY,,-5.8,1.2e+02,19,30230,129,6,3,50,20,673|5580|5581,BRAF|PRKCD|PRKCE,-4.2
MyList_SUB1_MCODE_6,GO Biological Processes,19,GO:0051493,regulation of cytoskeleton organization,19_GO:0050789 regulation of biological process,-5.8,37,12,30230,547,6,4,67,19,673|5580|5581|5587,BRAF|PRKCD|PRKCE|PRKD1,-4.2
MyList_SUB1_MCODE_6,GO Biological Processes,19,GO:1903530,regulation of secretion by cell,19_GO:0051179 localization,-5.7,35,12,30230,577,6,4,67,19,673|5581|5582|5587,BRAF|PRKCE|PRKCG|PRKD1,-4.1
MyList_SUB1_MCODE_6,GO Biological Processes,19,GO:0032103,positive regulation of response to external stimulus,19_GO:0048518 positive regulation of biological process,-5.6,33,11,30230,606,6,4,67,19,673|3551|5581|5587,BRAF|IKBKB|PRKCE|PRKD1,-4
MyList_SUB1_MCODE_6,WikiPathways,27,WP4666,Hepatitis B infection,,-5.6,99,17,30230,152,6,3,50,20,673|3551|5582,BRAF|IKBKB|PRKCG,-4
MyList_SUB1_MCODE_6,GO Biological Processes,19,GO:0051046,regulation of secretion,19_GO:0051179 localization,-5.6,32,11,30230,631,6,4,67,19,673|5581|5582|5587,BRAF|PRKCE|PRKCG|PRKD1,-4
MyList_SUB1_MCODE_6,KEGG Pathway,24,hsa04150,mTOR signaling pathway,,-5.6,96,17,30230,158,6,3,50,20,673|3551|5582,BRAF|IKBKB|PRKCG,-4
MyList_SUB1_MCODE_6,GO Biological Processes,19,GO:0050806,positive regulation of synaptic transmission,19_GO:0048518 positive regulation of biological process,-5.5,93,17,30230,162,6,3,50,20,673|5581|5582,BRAF|PRKCE|PRKCG,-3.9
MyList_SUB1_MCODE_6,KEGG Pathway,24,hsa05161,Hepatitis B,,-5.5,93,17,30230,163,6,3,50,20,673|3551|5582,BRAF|IKBKB|PRKCG,-3.9
MyList_SUB1_MCODE_6,WikiPathways,27,WP3929,Chemokine signaling,,-5.5,92,16,30230,165,6,3,50,20,673|3551|5580,BRAF|IKBKB|PRKCD,-3.9
MyList_SUB1_MCODE_6,GO Biological Processes,19,GO:1902905,positive regulation of supramolecular fiber organization,19_GO:0048518 positive regulation of biological process,-5.4,86,16,30230,175,6,3,50,20,673|5581|5587,BRAF|PRKCE|PRKD1,-3.9
MyList_SUB1_MCODE_6,GO Biological Processes,19,GO:1903034,regulation of response to wounding,19_GO:0050896 response to stimulus,-5.4,86,16,30230,176,6,3,50,20,673|5580|5581,BRAF|PRKCD|PRKCE,-3.8
MyList_SUB1_MCODE_6,GO Biological Processes,19,GO:0051495,positive regulation of cytoskeleton organization,19_GO:0048518 positive regulation of biological process,-5.3,80,15,30230,190,6,3,50,20,673|5581|5587,BRAF|PRKCE|PRKD1,-3.8
MyList_SUB1_MCODE_6,KEGG Pathway,24,hsa04062,Chemokine signaling pathway,,-5.3,78,15,30230,193,6,3,50,20,673|3551|5580,BRAF|IKBKB|PRKCD,-3.7
MyList_SUB1_MCODE_6,GO Cellular Components,20,GO:0048471,perinuclear region of cytoplasm,,-5.3,27,10,30230,738,6,4,67,19,5580|5581|5582|5587,PRKCD|PRKCE|PRKCG|PRKD1,-3.7
MyList_SUB1_MCODE_6,KEGG Pathway,24,hsa04015,Rap1 signaling pathway,,-5.2,71,14,30230,212,6,3,50,20,673|5582|5587,BRAF|PRKCG|PRKD1,-3.6
MyList_SUB1_MCODE_6,GO Biological Processes,19,GO:0141124,intracellular signaling cassette,19_GO:0050896 response to stimulus,-5.2,25,9.8,30230,793,6,4,67,19,673|3551|5580|5587,BRAF|IKBKB|PRKCD|PRKD1,-3.6
MyList_SUB1_MCODE_6,GO Biological Processes,19,GO:0043123,positive regulation of canonical NF-kappaB signal transduction,19_GO:0048518 positive regulation of biological process,-5.1,68,14,30230,223,6,3,50,20,3551|5581|5587,IKBKB|PRKCE|PRKD1,-3.6
MyList_SUB1_MCODE_6,KEGG Pathway,24,hsa05131,Shigellosis,,-4.9,60,13,30230,253,6,3,50,20,3551|5580|5581,IKBKB|PRKCD|PRKCE,-3.5
MyList_SUB1_MCODE_6,GO Biological Processes,19,GO:0051222,positive regulation of protein transport,19_GO:0051179 localization,-4.9,59,13,30230,257,6,3,50,20,5580|5581|5587,PRKCD|PRKCE|PRKD1,-3.4
MyList_SUB1_MCODE_6,Reactome Gene Sets,6,R-HSA-76002,"Platelet activation, signaling and aggregation",,-4.9,58,13,30230,262,6,3,50,20,5580|5581|5582,PRKCD|PRKCE|PRKCG,-3.4
MyList_SUB1_MCODE_6,GO Biological Processes,19,GO:0110053,regulation of actin filament organization,19_GO:0050789 regulation of biological process,-4.9,56,13,30230,272,6,3,50,20,673|5580|5581,BRAF|PRKCD|PRKCE,-3.4
MyList_SUB1_MCODE_6,KEGG Pathway,24,hsa04010,MAPK signaling pathway,,-4.7,50,12,30230,300,6,3,50,20,673|3551|5582,BRAF|IKBKB|PRKCG,-3.3
MyList_SUB1_MCODE_6,Reactome Gene Sets,6,R-HSA-9006925,Intracellular signaling by second messengers,,-4.7,50,12,30230,304,6,3,50,20,5580|5581|5582,PRKCD|PRKCE|PRKCG,-3.3
MyList_SUB1_MCODE_6,GO Biological Processes,19,GO:0045089,positive regulation of innate immune response,19_GO:0044419 biological process involved in interspecies interaction between organisms,-4.6,47,12,30230,320,6,3,50,20,3551|5581|5587,IKBKB|PRKCE|PRKD1,-3.2
MyList_SUB1_MCODE_6,KEGG Pathway,24,hsa05206,MicroRNAs in cancer,,-4.6,47,12,30230,320,6,3,50,20,3551|5581|5582,IKBKB|PRKCE|PRKCG,-3.2
MyList_SUB1_MCODE_6,GO Biological Processes,19,GO:0043122,regulation of canonical NF-kappaB signal transduction,19_GO:0050896 response to stimulus,-4.6,46,12,30230,326,6,3,50,20,3551|5581|5587,IKBKB|PRKCE|PRKD1,-3.2
MyList_SUB1_MCODE_6,GO Biological Processes,19,GO:1904951,positive regulation of establishment of protein localization,19_GO:0051179 localization,-4.6,46,12,30230,327,6,3,50,20,5580|5581|5587,PRKCD|PRKCE|PRKD1,-3.2
MyList_SUB1_MCODE_6,GO Biological Processes,19,GO:0002833,positive regulation of response to biotic stimulus,19_GO:0048518 positive regulation of biological process,-4.5,43,11,30230,351,6,3,50,20,3551|5581|5587,IKBKB|PRKCE|PRKD1,-3.1
MyList_SUB1_MCODE_6,GO Biological Processes,19,GO:0032535,regulation of cellular component size,19_GO:0065007 biological regulation,-4.5,42,11,30230,356,6,3,50,20,5580|5581|5587,PRKCD|PRKCE|PRKD1,-3.1
MyList_SUB1_MCODE_6,GO Biological Processes,19,GO:0043434,response to peptide hormone,19_GO:0050896 response to stimulus,-4.3,37,10,30230,407,6,3,50,20,5580|5582|5587,PRKCD|PRKCG|PRKD1,-2.9
MyList_SUB1_MCODE_6,WikiPathways,27,WP3888,VEGFA VEGFR2 signaling,,-4.3,35,10,30230,432,6,3,50,20,5580|5581|5587,PRKCD|PRKCE|PRKD1,-2.9
MyList_SUB1_MCODE_6,GO Biological Processes,19,GO:0043254,regulation of protein-containing complex assembly,19_GO:0050789 regulation of biological process,-4.2,35,10,30230,436,6,3,50,20,5580|5581|5587,PRKCD|PRKCE|PRKD1,-2.9
MyList_SUB1_MCODE_6,GO Biological Processes,19,GO:1903829,positive regulation of protein localization,19_GO:0051179 localization,-4.2,34,9.9,30230,446,6,3,50,20,5580|5581|5587,PRKCD|PRKCE|PRKD1,-2.8
MyList_SUB1_MCODE_6,GO Biological Processes,19,GO:0034762,regulation of transmembrane transport,19_GO:0051179 localization,-4.2,34,9.8,30230,447,6,3,50,20,673|5581|5587,BRAF|PRKCE|PRKD1,-2.8
MyList_SUB1_MCODE_6,GO Biological Processes,19,GO:0051223,regulation of protein transport,19_GO:0051179 localization,-4.2,34,9.8,30230,448,6,3,50,20,5580|5581|5587,PRKCD|PRKCE|PRKD1,-2.8
MyList_SUB1_MCODE_6,GO Biological Processes,19,GO:0051051,negative regulation of transport,19_GO:0051179 localization,-4.2,33,9.8,30230,455,6,3,50,20,673|5581|5587,BRAF|PRKCE|PRKD1,-2.8
MyList_SUB1_MCODE_6,GO Biological Processes,19,GO:0044093,positive regulation of molecular function,19_GO:0065007 biological regulation,-4.1,32,9.6,30230,471,6,3,50,20,3551|5580|5587,IKBKB|PRKCD|PRKD1,-2.8
MyList_SUB1_MCODE_6,GO Biological Processes,19,GO:0031349,positive regulation of defense response,19_GO:0048518 positive regulation of biological process,-4.1,32,9.5,30230,478,6,3,50,20,3551|5581|5587,IKBKB|PRKCE|PRKD1,-2.8
MyList_SUB1_MCODE_6,GO Biological Processes,19,GO:0010638,positive regulation of organelle organization,19_GO:0048518 positive regulation of biological process,-4,30,9.2,30230,505,6,3,50,20,673|5581|5587,BRAF|PRKCE|PRKD1,-2.7
MyList_SUB1_MCODE_6,GO Biological Processes,19,GO:0045088,regulation of innate immune response,19_GO:0044419 biological process involved in interspecies interaction between organisms,-4,30,9.2,30230,507,6,3,50,20,3551|5581|5587,IKBKB|PRKCE|PRKD1,-2.7
MyList_SUB1_MCODE_6,WikiPathways,27,WP5434,Cancer pathways,,-4,30,9.2,30230,509,6,3,50,20,673|3551|5582,BRAF|IKBKB|PRKCG,-2.7
MyList_SUB1_MCODE_6,GO Biological Processes,19,GO:0090066,regulation of anatomical structure size,19_GO:0065007 biological regulation,-4,30,9.2,30230,510,6,3,50,20,5580|5581|5587,PRKCD|PRKCE|PRKD1,-2.7
MyList_SUB1_MCODE_6,GO Biological Processes,19,GO:0044089,positive regulation of cellular component biogenesis,19_GO:0048518 positive regulation of biological process,-4,29,9.1,30230,517,6,3,50,20,673|5581|5587,BRAF|PRKCE|PRKD1,-2.7
MyList_SUB1_MCODE_6,Reactome Gene Sets,6,R-HSA-9006934,Signaling by Receptor Tyrosine Kinases,,-4,28,9,30230,531,6,3,50,20,673|5580|5581,BRAF|PRKCD|PRKCE,-2.7
MyList_SUB1_MCODE_6,KEGG Pathway,24,hsa05200,Pathways in cancer,,-4,28,9,30230,533,6,3,50,20,673|3551|5582,BRAF|IKBKB|PRKCG,-2.7
MyList_SUB1_MCODE_6,GO Cellular Components,20,GO:0005911,cell-cell junction,,-4,28,9,30230,534,6,3,50,20,5580|5582|5587,PRKCD|PRKCG|PRKD1,-2.7
MyList_SUB1_MCODE_6,GO Biological Processes,19,GO:0050804,modulation of chemical synaptic transmission,19_GO:0050789 regulation of biological process,-4,28,8.9,30230,540,6,3,50,20,673|5581|5582,BRAF|PRKCE|PRKCG,-2.6
MyList_SUB1_MCODE_6,GO Biological Processes,19,GO:0099177,regulation of trans-synaptic signaling,19_GO:0050789 regulation of biological process,-4,28,8.9,30230,541,6,3,50,20,673|5581|5582,BRAF|PRKCE|PRKCG,-2.6
MyList_SUB1_MCODE_6,GO Biological Processes,19,GO:0070201,regulation of establishment of protein localization,19_GO:0051179 localization,-4,28,8.9,30230,542,6,3,50,20,5580|5581|5587,PRKCD|PRKCE|PRKD1,-2.6
MyList_SUB1_MCODE_6,GO Biological Processes,19,GO:0060341,regulation of cellular localization,19_GO:0051179 localization,-3.9,27,8.8,30230,554,6,3,50,20,5580|5581|5587,PRKCD|PRKCE|PRKD1,-2.6
MyList_SUB1_MCODE_6,GO Biological Processes,19,GO:0080135,regulation of cellular response to stress,19_GO:0050896 response to stimulus,-3.9,27,8.8,30230,559,6,3,50,20,673|5580|5582,BRAF|PRKCD|PRKCG,-2.6
MyList_SUB1_MCODE_6,GO Biological Processes,19,GO:0032870,cellular response to hormone stimulus,19_GO:0050896 response to stimulus,-3.9,27,8.7,30230,565,6,3,50,20,5580|5581|5587,PRKCD|PRKCE|PRKD1,-2.6
MyList_SUB1_MCODE_6,GO Biological Processes,19,GO:0060627,regulation of vesicle-mediated transport,19_GO:0051179 localization,-3.9,26,8.6,30230,576,6,3,50,20,673|5582|5587,BRAF|PRKCG|PRKD1,-2.6
MyList_SUB1_MCODE_6,GO Biological Processes,19,GO:0071396,cellular response to lipid,19_GO:0050896 response to stimulus,-3.8,26,8.5,30230,590,6,3,50,20,5580|5581|5587,PRKCD|PRKCE|PRKD1,-2.6
MyList_SUB1_MCODE_6,GO Biological Processes,19,GO:0002831,regulation of response to biotic stimulus,19_GO:0050896 response to stimulus,-3.8,25,8.4,30230,609,6,3,50,20,3551|5581|5587,IKBKB|PRKCE|PRKD1,-2.5
MyList_SUB1_MCODE_6,Reactome Gene Sets,6,R-HSA-109582,Hemostasis,,-3.8,24,8.3,30230,621,6,3,50,20,5580|5581|5582,PRKCD|PRKCE|PRKCG,-2.5
MyList_SUB1_MCODE_6,Reactome Gene Sets,6,R-HSA-388396,GPCR downstream signalling,,-3.8,24,8.2,30230,631,6,3,50,20,5580|5581|5582,PRKCD|PRKCE|PRKCG,-2.5
MyList_SUB1_MCODE_6,GO Biological Processes,19,GO:0045321,leukocyte activation,19_GO:0002376 immune system process,-3.8,24,8.2,30230,637,6,3,50,20,673|5580|5581,BRAF|PRKCD|PRKCE,-2.5
MyList_SUB1_MCODE_6,GO Biological Processes,19,GO:0009896,positive regulation of catabolic process,19_GO:0048518 positive regulation of biological process,-3.7,23,8.1,30230,645,6,3,50,20,5580|5581|5587,PRKCD|PRKCE|PRKD1,-2.5
MyList_SUB1_MCODE_6,GO Biological Processes,19,GO:0120035,regulation of plasma membrane bounded cell projection organization,19_GO:0050789 regulation of biological process,-3.7,23,8.1,30230,650,6,3,50,20,673|5580|5587,BRAF|PRKCD|PRKD1,-2.5
MyList_SUB1_MCODE_6,GO Biological Processes,19,GO:0031399,regulation of protein modification process,19_GO:0050789 regulation of biological process,-3.7,23,8,30230,656,6,3,50,20,673|5581|5582,BRAF|PRKCE|PRKCG,-2.4
MyList_SUB1_MCODE_6,GO Biological Processes,19,GO:0007610,behavior,19_GO:0032501 multicellular organismal process,-3.7,23,8,30230,659,6,3,50,20,673|5581|5582,BRAF|PRKCE|PRKCG,-2.4
MyList_SUB1_MCODE_6,GO Biological Processes,19,GO:0031344,regulation of cell projection organization,19_GO:0050789 regulation of biological process,-3.7,23,8,30230,669,6,3,50,20,673|5580|5587,BRAF|PRKCD|PRKD1,-2.4
MyList_SUB1_MCODE_6,GO Biological Processes,19,GO:0043408,regulation of MAPK cascade,19_GO:0050896 response to stimulus,-3.6,22,7.8,30230,697,6,3,50,20,673|5580|5581,BRAF|PRKCD|PRKCE,-2.4
MyList_SUB1_MCODE_6,Reactome Gene Sets,6,R-HSA-372790,Signaling by GPCR,,-3.6,21,7.7,30230,708,6,3,50,20,5580|5581|5582,PRKCD|PRKCE|PRKCG,-2.4
MyList_SUB1_MCODE_6,GO Biological Processes,19,GO:0009617,response to bacterium,19_GO:0044419 biological process involved in interspecies interaction between organisms,-3.6,21,7.6,30230,737,6,3,50,20,5580|5581|5587,PRKCD|PRKCE|PRKD1,-2.3
MyList_SUB1_MCODE_6,GO Biological Processes,19,GO:0001775,cell activation,19_GO:0032501 multicellular organismal process,-3.5,20,7.4,30230,769,6,3,50,20,673|5580|5581,BRAF|PRKCD|PRKCE,-2.3
MyList_SUB1_MCODE_6,GO Biological Processes,19,GO:0051129,negative regulation of cellular component organization,19_GO:0048519 negative regulation of biological process,-3.5,19,7.3,30230,784,6,3,50,20,3551|5580|5587,IKBKB|PRKCD|PRKD1,-2.2
MyList_SUB1_MCODE_7,GO Cellular Components,20,GO:0031201,SNARE complex,,-11,5.1e+02,45,30230,47,5,4,80,18,6845|6854|8677|203062,VAMP7|SYN2|STX10|TSNARE1,-8.2
MyList_SUB1_MCODE_7,GO Cellular Components,20,GO:0030133,transport vesicle,,-9,63,18,30230,480,5,5,1e+02,18,6845|6854|8677|134957|203062,VAMP7|SYN2|STX10|STXBP5|TSNARE1,-6.8
MyList_SUB1_MCODE_7,GO Cellular Components,20,GO:0008021,synaptic vesicle,,-7.6,93,19,30230,260,5,4,80,18,6854|8677|134957|203062,SYN2|STX10|STXBP5|TSNARE1,-5.6
MyList_SUB1_MCODE_7,GO Cellular Components,20,GO:0070382,exocytic vesicle,,-7.5,87,19,30230,278,5,4,80,18,6854|8677|134957|203062,SYN2|STX10|STXBP5|TSNARE1,-5.5
MyList_SUB1_MCODE_7,GO Biological Processes,19,GO:0006906,vesicle fusion,19_GO:0051179 localization,-6.4,1.7e+02,23,30230,104,5,3,60,22,6845|8677|203062,VAMP7|STX10|TSNARE1,-4.6
MyList_SUB1_MCODE_7,GO Biological Processes,19,GO:0090174,organelle membrane fusion,19_GO:0009987 cellular process,-6.3,1.7e+02,22,30230,109,5,3,60,22,6845|8677|203062,VAMP7|STX10|TSNARE1,-4.6
MyList_SUB1_MCODE_7,GO Biological Processes,19,GO:0048284,organelle fusion,19_GO:0009987 cellular process,-6,1.3e+02,20,30230,139,5,3,60,22,6845|8677|203062,VAMP7|STX10|TSNARE1,-4.3
MyList_SUB1_MCODE_7,GO Cellular Components,20,GO:0098793,presynapse,,-5.9,36,12,30230,669,5,4,80,18,6854|8677|134957|203062,SYN2|STX10|STXBP5|TSNARE1,-4.3
MyList_SUB1_MCODE_7,GO Biological Processes,19,GO:0061025,membrane fusion,19_GO:0009987 cellular process,-5.8,1.1e+02,18,30230,170,5,3,60,22,6845|8677|203062,VAMP7|STX10|TSNARE1,-4.1
MyList_SUB1_MCODE_7,GO Biological Processes,19,GO:0006887,exocytosis,19_GO:0051179 localization,-5.3,76,15,30230,240,5,3,60,22,6845|6854|134957,VAMP7|SYN2|STXBP5,-3.8
MyList_SUB1_MCODE_7,GO Cellular Components,20,GO:0030658,transport vesicle membrane,,-5.2,69,14,30230,261,5,3,60,22,6845|6854|8677,VAMP7|SYN2|STX10,-3.7
MyList_SUB1_MCODE_7,GO Biological Processes,19,GO:0048193,Golgi vesicle transport,19_GO:0051179 localization,-5,60,13,30230,303,5,3,60,22,6845|8677|134957,VAMP7|STX10|STXBP5,-3.5
MyList_SUB1_MCODE_7,GO Biological Processes,19,GO:0016050,vesicle organization,19_GO:0009987 cellular process,-4.7,49,12,30230,373,5,3,60,22,6845|8677|203062,VAMP7|STX10|TSNARE1,-3.3
MyList_SUB1_MCODE_7,GO Biological Processes,19,GO:0032940,secretion by cell,19_GO:0051179 localization,-4.5,42,11,30230,432,5,3,60,22,6845|6854|134957,VAMP7|SYN2|STXBP5,-3.1
MyList_SUB1_MCODE_7,GO Biological Processes,19,GO:0140352,export from cell,19_GO:0051179 localization,-4.3,36,10,30230,508,5,3,60,22,6845|6854|134957,VAMP7|SYN2|STXBP5,-3
MyList_SUB1_MCODE_7,GO Biological Processes,19,GO:0046903,secretion,19_GO:0051179 localization,-4.2,33,9.7,30230,552,5,3,60,22,6845|6854|134957,VAMP7|SYN2|STXBP5,-2.9
MyList_SUB1_MCODE_7,GO Biological Processes,19,GO:0051640,organelle localization,19_GO:0051179 localization,-4.2,32,9.6,30230,561,5,3,60,22,6854|8677|203062,SYN2|STX10|TSNARE1,-2.8
MyList_SUB1_MCODE_8,Reactome Gene Sets,6,R-HSA-6785807,Interleukin-4 and Interleukin-13 signaling,,-12,2.9e+02,38,30230,106,5,5,1e+02,18,1052|2353|3726|6095|6778,CEBPD|FOS|JUNB|RORA|STAT6,-9.6
MyList_SUB1_MCODE_8,Reactome Gene Sets,6,R-HSA-449147,Signaling by Interleukins,,-9.1,67,18,30230,454,5,5,1e+02,18,1052|2353|3726|6095|6778,CEBPD|FOS|JUNB|RORA|STAT6,-6.9
MyList_SUB1_MCODE_8,GO Biological Processes,19,GO:0030097,hemopoiesis,19_GO:0032502 developmental process,-8.1,42,14,30230,721,5,5,1e+02,18,1052|2353|3726|6095|6778,CEBPD|FOS|JUNB|RORA|STAT6,-6.1
MyList_SUB1_MCODE_8,Reactome Gene Sets,6,R-HSA-1280215,Cytokine Signaling in Immune system,,-7.9,39,14,30230,783,5,5,1e+02,18,1052|2353|3726|6095|6778,CEBPD|FOS|JUNB|RORA|STAT6,-5.9
MyList_SUB1_MCODE_8,GO Biological Processes,19,GO:0140467,integrated stress response signaling,19_GO:0050896 response to stimulus,-7.7,4.7e+02,37,30230,39,5,3,60,22,1052|2353|3726,CEBPD|FOS|JUNB,-5.7
MyList_SUB1_MCODE_8,GO Cellular Components,20,GO:0090575,RNA polymerase II transcription regulator complex,,-7.5,87,19,30230,277,5,4,80,18,1052|2353|3726|6778,CEBPD|FOS|JUNB|STAT6,-5.5
MyList_SUB1_MCODE_8,Canonical Pathways,11,M183,PID IL6 7 PATHWAY,,-7.5,3.9e+02,34,30230,47,5,3,60,22,1052|2353|3726,CEBPD|FOS|JUNB,-5.5
MyList_SUB1_MCODE_8,WikiPathways,27,WP5130,Th17 cell differentiation pathway,,-6.9,2.6e+02,28,30230,70,5,3,60,22,2353|6095|6778,FOS|RORA|STAT6,-5.1
MyList_SUB1_MCODE_8,GO Biological Processes,19,GO:0002521,leukocyte differentiation,19_GO:0032502 developmental process,-6.7,55,15,30230,442,5,4,80,18,2353|3726|6095|6778,FOS|JUNB|RORA|STAT6,-4.8
MyList_SUB1_MCODE_8,KEGG Pathway,24,hsa04659,Th17 cell differentiation,,-6.3,1.7e+02,22,30230,109,5,3,60,22,2353|6095|6778,FOS|RORA|STAT6,-4.6
MyList_SUB1_MCODE_8,GO Cellular Components,20,GO:0005667,transcription regulator complex,,-6.3,44,13,30230,545,5,4,80,18,1052|2353|3726|6778,CEBPD|FOS|JUNB|STAT6,-4.6
MyList_SUB1_MCODE_8,GO Biological Processes,19,GO:0008283,cell population proliferation,19_GO:0009987 cellular process,-6.2,43,13,30230,561,5,4,80,18,2353|3726|6095|6778,FOS|JUNB|RORA|STAT6,-4.5
MyList_SUB1_MCODE_8,WikiPathways,27,WP236,Adipogenesis,,-6.1,1.4e+02,20,30230,131,5,3,60,22,1052|6095|6778,CEBPD|RORA|STAT6,-4.4
MyList_SUB1_MCODE_8,GO Biological Processes,19,GO:1903131,mononuclear cell differentiation,19_GO:0032502 developmental process,-4.7,47,12,30230,384,5,3,60,22,2353|6095|6778,FOS|RORA|STAT6,-3.3
MyList_SUB1_MCODE_8,Reactome Gene Sets,6,R-HSA-9006934,Signaling by Receptor Tyrosine Kinases,,-4.3,34,9.9,30230,531,5,3,60,22,2353|3726|6778,FOS|JUNB|STAT6,-2.9
MyList_SUB1_MCODE_8,GO Biological Processes,19,GO:0002694,regulation of leukocyte activation,19_GO:0002376 immune system process,-4.1,30,9.2,30230,614,5,3,60,22,3726|6095|6778,JUNB|RORA|STAT6,-2.8
MyList_SUB1_MCODE_8,GO Biological Processes,19,GO:0050865,regulation of cell activation,19_GO:0032501 multicellular organismal process,-4,27,8.7,30230,675,5,3,60,22,3726|6095|6778,JUNB|RORA|STAT6,-2.7
MyList_SUB1_MCODE_8,GO Biological Processes,19,GO:0141124,intracellular signaling cassette,19_GO:0050896 response to stimulus,-3.8,23,8,30230,793,5,3,60,22,1052|2353|3726,CEBPD|FOS|JUNB,-2.5
MyList_SUB1_MCODE_9,WikiPathways,27,WP4923,Autophagy,,-12,1e+03,63,30230,30,4,4,1e+02,22,5563|9821|51422|60673,PRKAA2|RB1CC1|PRKAG2|ATG101,-9.4
MyList_SUB1_MCODE_9,KEGG Pathway,24,hsa04211,Longevity regulating pathway,,-10,3.4e+02,37,30230,90,4,4,1e+02,22,5563|9821|51422|60673,PRKAA2|RB1CC1|PRKAG2|ATG101,-7.8
MyList_SUB1_MCODE_9,Reactome Gene Sets,6,R-HSA-1632852,Macroautophagy,,-9.3,2.1e+02,29,30230,145,4,4,1e+02,22,5563|9821|51422|60673,PRKAA2|RB1CC1|PRKAG2|ATG101,-7.1
MyList_SUB1_MCODE_9,Reactome Gene Sets,6,R-HSA-9612973,Autophagy,,-9.1,1.9e+02,27,30230,160,4,4,1e+02,22,5563|9821|51422|60673,PRKAA2|RB1CC1|PRKAG2|ATG101,-6.9
MyList_SUB1_MCODE_9,GO Cellular Components,20,GO:1902911,protein kinase complex,,-9,1.8e+02,26,30230,172,4,4,1e+02,22,5563|9821|51422|60673,PRKAA2|RB1CC1|PRKAG2|ATG101,-6.8
MyList_SUB1_MCODE_9,GO Cellular Components,20,GO:0061695,"transferase complex, transferring phosphorus-containing groups",,-7.9,91,19,30230,331,4,4,1e+02,22,5563|9821|51422|60673,PRKAA2|RB1CC1|PRKAG2|ATG101,-5.8
MyList_SUB1_MCODE_9,WikiPathways,27,WP5205,Clock controlled autophagy in bone metabolism,,-7.1,2.8e+02,29,30230,80,4,3,75,22,5563|9821|60673,PRKAA2|RB1CC1|ATG101,-5.3
MyList_SUB1_MCODE_9,WikiPathways,27,WP5381,Smith Magenis and Potocki Lupski syndrome copy number variation,,-6.2,1.4e+02,21,30230,159,4,3,75,22,9821|51422|60673,RB1CC1|PRKAG2|ATG101,-4.5
MyList_SUB1_MCODE_9,GO Biological Processes,19,GO:0010508,positive regulation of autophagy,19_GO:0048518 positive regulation of biological process,-6.2,1.4e+02,20,30230,163,4,3,75,22,5563|9821|60673,PRKAA2|RB1CC1|ATG101,-4.5
MyList_SUB1_MCODE_9,KEGG Pathway,24,hsa04140,Autophagy - animal,,-6.2,1.3e+02,20,30230,169,4,3,75,22,5563|9821|60673,PRKAA2|RB1CC1|ATG101,-4.5
MyList_SUB1_MCODE_9,GO Biological Processes,19,GO:0061919,process utilizing autophagic mechanism,19_GO:0009987 cellular process,-5.3,68,14,30230,335,4,3,75,22,5563|9821|60673,PRKAA2|RB1CC1|ATG101,-3.7
MyList_SUB1_MCODE_9,GO Biological Processes,19,GO:0006914,autophagy,19_GO:0009987 cellular process,-5.3,68,14,30230,335,4,3,75,22,5563|9821|60673,PRKAA2|RB1CC1|ATG101,-3.7
MyList_SUB1_MCODE_9,GO Biological Processes,19,GO:0010506,regulation of autophagy,19_GO:0050789 regulation of biological process,-5.1,61,13,30230,374,4,3,75,22,5563|9821|60673,PRKAA2|RB1CC1|ATG101,-3.6
MyList_SUB1_MCODE_9,WikiPathways,27,WP5087,Pleural mesothelioma,,-4.9,52,12,30230,439,4,3,75,22,5563|9821|51422,PRKAA2|RB1CC1|PRKAG2,-3.4
MyList_SUB1_MCODE_9,GO Biological Processes,19,GO:0009896,positive regulation of catabolic process,19_GO:0048518 positive regulation of biological process,-4.4,35,10,30230,645,4,3,75,22,5563|9821|60673,PRKAA2|RB1CC1|ATG101,-3
MyList_SUB1_MCODE_12,Canonical Pathways,11,M68,PID RHOA REG PATHWAY,,-8.5,6.6e+02,44,30230,46,3,3,1e+02,27,7410|9138|10451,VAV2|ARHGEF1|VAV3,-6.4
MyList_SUB1_MCODE_12,Reactome Gene Sets,6,R-HSA-193648,NRAGE signals death through JNK,,-8.2,5.3e+02,40,30230,57,3,3,1e+02,27,7410|9138|10451,VAV2|ARHGEF1|VAV3,-6.1
MyList_SUB1_MCODE_12,Reactome Gene Sets,6,R-HSA-204998,"Cell death signalling via NRAGE, NRIF and NADE",,-7.9,4.1e+02,35,30230,73,3,3,1e+02,27,7410|9138|10451,VAV2|ARHGEF1|VAV3,-5.9
MyList_SUB1_MCODE_12,Reactome Gene Sets,6,R-HSA-416482,G alpha (12/13) signalling events,,-7.8,3.9e+02,34,30230,78,3,3,1e+02,27,7410|9138|10451,VAV2|ARHGEF1|VAV3,-5.8
MyList_SUB1_MCODE_12,Reactome Gene Sets,6,R-HSA-193704,p75 NTR receptor-mediated signalling,,-7.5,3.2e+02,31,30230,94,3,3,1e+02,27,7410|9138|10451,VAV2|ARHGEF1|VAV3,-5.6
MyList_SUB1_MCODE_12,Reactome Gene Sets,6,R-HSA-73887,Death Receptor Signaling,,-7.1,2.3e+02,26,30230,132,3,3,1e+02,27,7410|9138|10451,VAV2|ARHGEF1|VAV3,-5.2
MyList_SUB1_MCODE_12,KEGG Pathway,24,hsa05135,Yersinia infection,,-7,2.2e+02,26,30230,138,3,3,1e+02,27,7410|9138|10451,VAV2|ARHGEF1|VAV3,-5.2
MyList_SUB1_MCODE_12,Reactome Gene Sets,6,R-HSA-8980692,RHOA GTPase cycle,,-7,2.1e+02,25,30230,144,3,3,1e+02,27,7410|9138|10451,VAV2|ARHGEF1|VAV3,-5.1
MyList_SUB1_MCODE_12,WikiPathways,27,WP437,EGF EGFR signaling,,-6.8,1.9e+02,24,30230,159,3,3,1e+02,27,7410|9138|10451,VAV2|ARHGEF1|VAV3,-5
MyList_SUB1_MCODE_12,KEGG Pathway,24,hsa05205,Proteoglycans in cancer,,-6.5,1.5e+02,21,30230,204,3,3,1e+02,27,7410|9138|10451,VAV2|ARHGEF1|VAV3,-4.7
MyList_SUB1_MCODE_12,KEGG Pathway,24,hsa05417,Lipid and atherosclerosis,,-6.4,1.4e+02,20,30230,216,3,3,1e+02,27,7410|9138|10451,VAV2|ARHGEF1|VAV3,-4.7
MyList_SUB1_MCODE_12,KEGG Pathway,24,hsa04810,Regulation of actin cytoskeleton,,-6.4,1.3e+02,20,30230,232,3,3,1e+02,27,7410|9138|10451,VAV2|ARHGEF1|VAV3,-4.6
MyList_SUB1_MCODE_12,GO Biological Processes,19,GO:0007264,small GTPase-mediated signal transduction,19_GO:0050896 response to stimulus,-6.1,1.1e+02,18,30230,274,3,3,1e+02,27,7410|9138|10451,VAV2|ARHGEF1|VAV3,-4.4
MyList_SUB1_MCODE_12,GO Biological Processes,19,GO:0051056,regulation of small GTPase mediated signal transduction,19_GO:0050896 response to stimulus,-5.9,94,17,30230,323,3,3,1e+02,27,7410|9138|10451,VAV2|ARHGEF1|VAV3,-4.3
MyList_SUB1_MCODE_12,Reactome Gene Sets,6,R-HSA-9012999,RHO GTPase cycle,,-5.5,68,14,30230,442,3,3,1e+02,27,7410|9138|10451,VAV2|ARHGEF1|VAV3,-3.9
MyList_SUB1_MCODE_12,Reactome Gene Sets,6,R-HSA-388396,GPCR downstream signalling,,-5,48,12,30230,631,3,3,1e+02,27,7410|9138|10451,VAV2|ARHGEF1|VAV3,-3.5
MyList_SUB1_MCODE_12,Reactome Gene Sets,6,R-HSA-194315,Signaling by Rho GTPases,,-4.9,43,11,30230,699,3,3,1e+02,27,7410|9138|10451,VAV2|ARHGEF1|VAV3,-3.4
MyList_SUB1_MCODE_12,Reactome Gene Sets,6,R-HSA-372790,Signaling by GPCR,,-4.9,43,11,30230,708,3,3,1e+02,27,7410|9138|10451,VAV2|ARHGEF1|VAV3,-3.4
MyList_SUB1_MCODE_12,Reactome Gene Sets,6,R-HSA-9716542,"Signaling by Rho GTPases, Miro GTPases and RHOBTB3",,-4.9,42,11,30230,715,3,3,1e+02,27,7410|9138|10451,VAV2|ARHGEF1|VAV3,-3.4
MyList_SUB1_MCODE_12,GO Biological Processes,19,GO:0141124,intracellular signaling cassette,19_GO:0050896 response to stimulus,-4.7,38,11,30230,793,3,3,1e+02,27,7410|9138|10451,VAV2|ARHGEF1|VAV3,-3.3
MyList_SUB1_MCODE_13,GO Biological Processes,19,GO:0006303,double-strand break repair via nonhomologous end joining,19_GO:0050896 response to stimulus,-8.3,5.8e+02,42,30230,52,3,3,1e+02,27,3981|4292|91419,LIG4|MLH1|ATP23,-6.2
MyList_SUB1_MCODE_13,GO Biological Processes,19,GO:0006302,double-strand break repair,19_GO:0050896 response to stimulus,-6.4,1.3e+02,20,30230,224,3,3,1e+02,27,3981|4292|91419,LIG4|MLH1|ATP23,-4.6
MyList_SUB1_MCODE_13,GO Biological Processes,19,GO:0006281,DNA repair,19_GO:0050896 response to stimulus,-5.3,57,13,30230,532,3,3,1e+02,27,3981|4292|91419,LIG4|MLH1|ATP23,-3.7
MyList_SUB1_MCODE_13,GO Biological Processes,19,GO:0006259,DNA metabolic process,19_GO:0009987 cellular process,-4.8,39,11,30230,777,3,3,1e+02,27,3981|4292|91419,LIG4|MLH1|ATP23,-3.3
MyList_SUB1_MCODE_14,Reactome Gene Sets,6,R-HSA-450321,JNK (c-Jun kinases) phosphorylation and  activation mediated by activated human TAK1,,-9.5,1.4e+03,64,30230,22,3,3,1e+02,27,5602|5609|10454,MAPK10|MAP2K7|TAB1,-7.2
MyList_SUB1_MCODE_14,WikiPathways,27,WP2637,Interleukin 1 IL 1 structural pathway,,-8.4,6.2e+02,43,30230,49,3,3,1e+02,27,5602|5609|10454,MAPK10|MAP2K7|TAB1,-6.3
MyList_SUB1_MCODE_14,Reactome Gene Sets,6,R-HSA-450294,MAP kinase activation,,-8.1,4.8e+02,38,30230,63,3,3,1e+02,27,5602|5609|10454,MAPK10|MAP2K7|TAB1,-6
MyList_SUB1_MCODE_14,Reactome Gene Sets,6,R-HSA-448424,Interleukin-17 signaling,,-7.9,4.3e+02,36,30230,71,3,3,1e+02,27,5602|5609|10454,MAPK10|MAP2K7|TAB1,-5.9
MyList_SUB1_MCODE_14,Reactome Gene Sets,6,R-HSA-168142,Toll Like Receptor 10 (TLR10) Cascade,,-7.5,3.2e+02,31,30230,95,3,3,1e+02,27,5602|5609|10454,MAPK10|MAP2K7|TAB1,-5.6
MyList_SUB1_MCODE_14,WikiPathways,27,WP75,Toll like receptor signaling,,-7.5,3.2e+02,31,30230,95,3,3,1e+02,27,5602|5609|10454,MAPK10|MAP2K7|TAB1,-5.6
MyList_SUB1_MCODE_14,Reactome Gene Sets,6,R-HSA-168176,Toll Like Receptor 5 (TLR5) Cascade,,-7.5,3.2e+02,31,30230,95,3,3,1e+02,27,5602|5609|10454,MAPK10|MAP2K7|TAB1,-5.6
MyList_SUB1_MCODE_14,Reactome Gene Sets,6,R-HSA-975871,MyD88 cascade initiated on plasma membrane,,-7.5,3.2e+02,31,30230,95,3,3,1e+02,27,5602|5609|10454,MAPK10|MAP2K7|TAB1,-5.6
MyList_SUB1_MCODE_14,Reactome Gene Sets,6,R-HSA-975138,TRAF6 mediated induction of NFkB and MAP kinases upon TLR7/8 or 9 activation,,-7.4,3e+02,30,30230,101,3,3,1e+02,27,5602|5609|10454,MAPK10|MAP2K7|TAB1,-5.5
MyList_SUB1_MCODE_14,Reactome Gene Sets,6,R-HSA-975155,MyD88 dependent cascade initiated on endosome,,-7.4,3e+02,30,30230,102,3,3,1e+02,27,5602|5609|10454,MAPK10|MAP2K7|TAB1,-5.5
MyList_SUB1_MCODE_14,Reactome Gene Sets,6,R-HSA-168164,Toll Like Receptor 3 (TLR3) Cascade,,-7.4,2.9e+02,29,30230,105,3,3,1e+02,27,5602|5609|10454,MAPK10|MAP2K7|TAB1,-5.4
MyList_SUB1_MCODE_14,Reactome Gene Sets,6,R-HSA-168181,Toll Like Receptor 7/8 (TLR7/8) Cascade,,-7.4,2.9e+02,29,30230,106,3,3,1e+02,27,5602|5609|10454,MAPK10|MAP2K7|TAB1,-5.4
MyList_SUB1_MCODE_14,Reactome Gene Sets,6,R-HSA-168138,Toll Like Receptor 9 (TLR9) Cascade,,-7.3,2.8e+02,29,30230,109,3,3,1e+02,27,5602|5609|10454,MAPK10|MAP2K7|TAB1,-5.4
MyList_SUB1_MCODE_14,KEGG Pathway,24,hsa04620,Toll-like receptor signaling pathway,,-7.3,2.8e+02,29,30230,109,3,3,1e+02,27,5602|5609|10454,MAPK10|MAP2K7|TAB1,-5.4
MyList_SUB1_MCODE_14,Reactome Gene Sets,6,R-HSA-937061,TRIF (TICAM1)-mediated TLR4 signaling,,-7.3,2.7e+02,29,30230,110,3,3,1e+02,27,5602|5609|10454,MAPK10|MAP2K7|TAB1,-5.4
MyList_SUB1_MCODE_14,Reactome Gene Sets,6,R-HSA-166166,MyD88-independent TLR4 cascade,,-7.3,2.7e+02,29,30230,110,3,3,1e+02,27,5602|5609|10454,MAPK10|MAP2K7|TAB1,-5.4
MyList_SUB1_MCODE_14,Reactome Gene Sets,6,R-HSA-168188,Toll Like Receptor TLR6:TLR2 Cascade,,-7.3,2.7e+02,29,30230,111,3,3,1e+02,27,5602|5609|10454,MAPK10|MAP2K7|TAB1,-5.4
MyList_SUB1_MCODE_14,Reactome Gene Sets,6,R-HSA-166058,MyD88:MAL(TIRAP) cascade initiated on plasma membrane,,-7.3,2.7e+02,29,30230,111,3,3,1e+02,27,5602|5609|10454,MAPK10|MAP2K7|TAB1,-5.4
MyList_SUB1_MCODE_14,Reactome Gene Sets,6,R-HSA-2454202,Fc epsilon receptor (FCERI) signaling,,-7.3,2.7e+02,28,30230,113,3,3,1e+02,27,5602|5609|10454,MAPK10|MAP2K7|TAB1,-5.4
MyList_SUB1_MCODE_14,Reactome Gene Sets,6,R-HSA-168179,Toll Like Receptor TLR1:TLR2 Cascade,,-7.3,2.7e+02,28,30230,114,3,3,1e+02,27,5602|5609|10454,MAPK10|MAP2K7|TAB1,-5.4
MyList_SUB1_MCODE_14,Reactome Gene Sets,6,R-HSA-181438,Toll Like Receptor 2 (TLR2) Cascade,,-7.3,2.7e+02,28,30230,114,3,3,1e+02,27,5602|5609|10454,MAPK10|MAP2K7|TAB1,-5.4
MyList_SUB1_MCODE_14,KEGG Pathway,24,hsa04668,TNF signaling pathway,,-7.2,2.5e+02,28,30230,119,3,3,1e+02,27,5602|5609|10454,MAPK10|MAP2K7|TAB1,-5.3
MyList_SUB1_MCODE_14,KEGG Pathway,24,hsa05135,Yersinia infection,,-7,2.2e+02,26,30230,138,3,3,1e+02,27,5602|5609|10454,MAPK10|MAP2K7|TAB1,-5.2
MyList_SUB1_MCODE_14,KEGG Pathway,24,hsa04380,Osteoclast differentiation,,-7,2.1e+02,25,30230,143,3,3,1e+02,27,5602|5609|10454,MAPK10|MAP2K7|TAB1,-5.1
MyList_SUB1_MCODE_14,KEGG Pathway,24,hsa04936,Alcoholic liver disease,,-7,2.1e+02,25,30230,144,3,3,1e+02,27,5602|5609|10454,MAPK10|MAP2K7|TAB1,-5.1
MyList_SUB1_MCODE_14,Reactome Gene Sets,6,R-HSA-166016,Toll Like Receptor 4 (TLR4) Cascade,,-7,2.1e+02,25,30230,145,3,3,1e+02,27,5602|5609|10454,MAPK10|MAP2K7|TAB1,-5.1
MyList_SUB1_MCODE_14,WikiPathways,27,WP1449,Regulation of toll like receptor signaling,,-7,2.1e+02,25,30230,145,3,3,1e+02,27,5602|5609|10454,MAPK10|MAP2K7|TAB1,-5.1
MyList_SUB1_MCODE_14,WikiPathways,27,WP4666,Hepatitis B infection,,-6.9,2e+02,24,30230,152,3,3,1e+02,27,5602|5609|10454,MAPK10|MAP2K7|TAB1,-5.1
MyList_SUB1_MCODE_14,KEGG Pathway,24,hsa05161,Hepatitis B,,-6.8,1.9e+02,24,30230,163,3,3,1e+02,27,5602|5609|10454,MAPK10|MAP2K7|TAB1,-5
MyList_SUB1_MCODE_14,Reactome Gene Sets,6,R-HSA-168898,Toll-like Receptor Cascades,,-6.8,1.8e+02,23,30230,170,3,3,1e+02,27,5602|5609|10454,MAPK10|MAP2K7|TAB1,-4.9
MyList_SUB1_MCODE_14,KEGG Pathway,24,hsa05169,Epstein-Barr virus infection,,-6.5,1.5e+02,21,30230,205,3,3,1e+02,27,5602|5609|10454,MAPK10|MAP2K7|TAB1,-4.7
MyList_SUB1_MCODE_14,KEGG Pathway,24,hsa05170,Human immunodeficiency virus 1 infection,,-6.5,1.4e+02,21,30230,214,3,3,1e+02,27,5602|5609|10454,MAPK10|MAP2K7|TAB1,-4.7
MyList_SUB1_MCODE_14,KEGG Pathway,24,hsa05417,Lipid and atherosclerosis,,-6.4,1.4e+02,20,30230,216,3,3,1e+02,27,5602|5609|10454,MAPK10|MAP2K7|TAB1,-4.7
MyList_SUB1_MCODE_14,WikiPathways,27,WP382,MAPK signaling,,-6.3,1.2e+02,19,30230,247,3,3,1e+02,27,5602|5609|10454,MAPK10|MAP2K7|TAB1,-4.5
MyList_SUB1_MCODE_14,KEGG Pathway,24,hsa05132,Salmonella infection,,-6.2,1.2e+02,19,30230,251,3,3,1e+02,27,5602|5609|10454,MAPK10|MAP2K7|TAB1,-4.5
MyList_SUB1_MCODE_14,KEGG Pathway,24,hsa04010,MAPK signaling pathway,,-6,1e+02,17,30230,300,3,3,1e+02,27,5602|5609|10454,MAPK10|MAP2K7|TAB1,-4.3
MyList_SUB1_MCODE_14,Reactome Gene Sets,6,R-HSA-449147,Signaling by Interleukins,,-5.5,67,14,30230,454,3,3,1e+02,27,5602|5609|10454,MAPK10|MAP2K7|TAB1,-3.9
MyList_SUB1_MCODE_14,Reactome Gene Sets,6,R-HSA-1280215,Cytokine Signaling in Immune system,,-4.8,39,11,30230,783,3,3,1e+02,27,5602|5609|10454,MAPK10|MAP2K7|TAB1,-3.3
MyList_SUB1_MCODE_14,GO Biological Processes,19,GO:0141124,intracellular signaling cassette,19_GO:0050896 response to stimulus,-4.7,38,11,30230,793,3,3,1e+02,27,5602|5609|10454,MAPK10|MAP2K7|TAB1,-3.3
MyList_SUB1_MCODE_15,GO Cellular Components,20,GO:1990246,uniplex complex,,-11,5e+03,1.2e+02,30230,6,3,3,1e+02,27,90550|221154|286097,MCU|MICU2|MICU3,-8.8
MyList_SUB1_MCODE_15,GO Biological Processes,19,GO:0036444,calcium import into the mitochondrion,19_GO:0051179 localization,-10,2.3e+03,84,30230,13,3,3,1e+02,27,90550|221154|286097,MCU|MICU2|MICU3,-7.8
MyList_SUB1_MCODE_15,Reactome Gene Sets,6,R-HSA-8949664,Processing of SMDT1,,-9.9,1.9e+03,75,30230,16,3,3,1e+02,27,90550|221154|286097,MCU|MICU2|MICU3,-7.6
MyList_SUB1_MCODE_15,GO Biological Processes,19,GO:0006851,mitochondrial calcium ion transmembrane transport,19_GO:0051179 localization,-9.5,1.4e+03,66,30230,21,3,3,1e+02,27,90550|221154|286097,MCU|MICU2|MICU3,-7.3
MyList_SUB1_MCODE_15,Reactome Gene Sets,6,R-HSA-8949215,Mitochondrial calcium ion transport,,-9.4,1.3e+03,63,30230,23,3,3,1e+02,27,90550|221154|286097,MCU|MICU2|MICU3,-7.2
MyList_SUB1_MCODE_15,GO Biological Processes,19,GO:0051560,mitochondrial calcium ion homeostasis,19_GO:0042592 homeostatic process,-9.4,1.3e+03,61,30230,24,3,3,1e+02,27,90550|221154|286097,MCU|MICU2|MICU3,-7.1
MyList_SUB1_MCODE_15,GO Cellular Components,20,GO:0098800,inner mitochondrial membrane protein complex,,-8.2,5.2e+02,40,30230,58,3,3,1e+02,27,90550|221154|286097,MCU|MICU2|MICU3,-6.1
MyList_SUB1_MCODE_15,GO Cellular Components,20,GO:0034704,calcium channel complex,,-7.9,4.2e+02,35,30230,72,3,3,1e+02,27,90550|221154|286097,MCU|MICU2|MICU3,-5.9
MyList_SUB1_MCODE_15,GO Cellular Components,20,GO:0098798,mitochondrial protein-containing complex,,-6.7,1.7e+02,22,30230,182,3,3,1e+02,27,90550|221154|286097,MCU|MICU2|MICU3,-4.9
MyList_SUB1_MCODE_15,GO Biological Processes,19,GO:0006874,intracellular calcium ion homeostasis,19_GO:0042592 homeostatic process,-6.5,1.5e+02,21,30230,201,3,3,1e+02,27,90550|221154|286097,MCU|MICU2|MICU3,-4.8
MyList_SUB1_MCODE_15,GO Biological Processes,19,GO:0070588,calcium ion transmembrane transport,19_GO:0051179 localization,-6.4,1.4e+02,20,30230,217,3,3,1e+02,27,90550|221154|286097,MCU|MICU2|MICU3,-4.7
MyList_SUB1_MCODE_15,GO Biological Processes,19,GO:0055074,calcium ion homeostasis,19_GO:0042592 homeostatic process,-6.4,1.3e+02,20,30230,232,3,3,1e+02,27,90550|221154|286097,MCU|MICU2|MICU3,-4.6
MyList_SUB1_MCODE_15,GO Cellular Components,20,GO:0034703,cation channel complex,,-6.3,1.3e+02,19,30230,237,3,3,1e+02,27,90550|221154|286097,MCU|MICU2|MICU3,-4.6
MyList_SUB1_MCODE_15,GO Biological Processes,19,GO:0006816,calcium ion transport,19_GO:0051179 localization,-6.2,1.1e+02,18,30230,269,3,3,1e+02,27,90550|221154|286097,MCU|MICU2|MICU3,-4.5
MyList_SUB1_MCODE_15,GO Cellular Components,20,GO:0034702,monoatomic ion channel complex,,-5.7,82,16,30230,369,3,3,1e+02,27,90550|221154|286097,MCU|MICU2|MICU3,-4.1
MyList_SUB1_MCODE_15,GO Biological Processes,19,GO:0030003,intracellular monoatomic cation homeostasis,19_GO:0042592 homeostatic process,-5.5,67,14,30230,448,3,3,1e+02,27,90550|221154|286097,MCU|MICU2|MICU3,-3.9
MyList_SUB1_MCODE_15,GO Biological Processes,19,GO:0006873,intracellular monoatomic ion homeostasis,19_GO:0042592 homeostatic process,-5.5,66,14,30230,457,3,3,1e+02,27,90550|221154|286097,MCU|MICU2|MICU3,-3.9
MyList_SUB1_MCODE_15,GO Biological Processes,19,GO:0098771,inorganic ion homeostasis,19_GO:0042592 homeostatic process,-5.5,66,14,30230,461,3,3,1e+02,27,90550|221154|286097,MCU|MICU2|MICU3,-3.9
MyList_SUB1_MCODE_15,GO Cellular Components,20,GO:0005743,mitochondrial inner membrane,,-5.3,60,13,30230,508,3,3,1e+02,27,90550|221154|286097,MCU|MICU2|MICU3,-3.8
MyList_SUB1_MCODE_15,GO Biological Processes,19,GO:0055080,monoatomic cation homeostasis,19_GO:0042592 homeostatic process,-5.3,57,13,30230,529,3,3,1e+02,27,90550|221154|286097,MCU|MICU2|MICU3,-3.7
MyList_SUB1_MCODE_15,GO Biological Processes,19,GO:0050801,monoatomic ion homeostasis,19_GO:0042592 homeostatic process,-5.2,56,13,30230,540,3,3,1e+02,27,90550|221154|286097,MCU|MICU2|MICU3,-3.7
MyList_SUB1_MCODE_15,GO Cellular Components,20,GO:1902495,transmembrane transporter complex,,-5.2,56,13,30230,541,3,3,1e+02,27,90550|221154|286097,MCU|MICU2|MICU3,-3.7
MyList_SUB1_MCODE_15,GO Cellular Components,20,GO:1990351,transporter complex,,-5.2,54,13,30230,563,3,3,1e+02,27,90550|221154|286097,MCU|MICU2|MICU3,-3.7
MyList_SUB1_MCODE_15,GO Cellular Components,20,GO:0019866,organelle inner membrane,,-5.2,54,13,30230,565,3,3,1e+02,27,90550|221154|286097,MCU|MICU2|MICU3,-3.7
MyList_SUB1_MCODE_15,GO Biological Processes,19,GO:0055082,intracellular chemical homeostasis,19_GO:0042592 homeostatic process,-5.1,50,12,30230,604,3,3,1e+02,27,90550|221154|286097,MCU|MICU2|MICU3,-3.6
MyList_SUB1_MCODE_15,GO Biological Processes,19,GO:0030001,metal ion transport,19_GO:0051179 localization,-5,46,12,30230,655,3,3,1e+02,27,90550|221154|286097,MCU|MICU2|MICU3,-3.5
MyList_SUB1_MCODE_15,GO Biological Processes,19,GO:0098655,monoatomic cation transmembrane transport,19_GO:0051179 localization,-4.9,43,11,30230,709,3,3,1e+02,27,90550|221154|286097,MCU|MICU2|MICU3,-3.4
MyList_SUB1_MCODE_15,Reactome Gene Sets,6,R-HSA-382551,Transport of small molecules,,-4.9,42,11,30230,716,3,3,1e+02,27,90550|221154|286097,MCU|MICU2|MICU3,-3.4
MyList_SUB1_MCODE_15,GO Biological Processes,19,GO:0019725,cellular homeostasis,19_GO:0042592 homeostatic process,-4.9,42,11,30230,716,3,3,1e+02,27,90550|221154|286097,MCU|MICU2|MICU3,-3.4
MyList_SUB1_MCODE_15,GO Cellular Components,20,GO:0031966,mitochondrial membrane,,-4.7,38,11,30230,793,3,3,1e+02,27,90550|221154|286097,MCU|MICU2|MICU3,-3.3
MyList_SUB1_MCODE_17,KEGG Pathway,24,hsa00510,N-Glycan biosynthesis,,-8.2,5.4e+02,40,30230,56,3,3,1e+02,27,10195|29880|84061,ALG3|ALG5|MAGT1,-6.2
MyList_SUB1_MCODE_17,GO Biological Processes,19,GO:0006487,protein N-linked glycosylation,19_GO:0009987 cellular process,-7.5,3.2e+02,31,30230,95,3,3,1e+02,27,10195|29880|84061,ALG3|ALG5|MAGT1,-5.6
MyList_SUB1_MCODE_17,GO Biological Processes,19,GO:0009101,glycoprotein biosynthetic process,19_GO:0009987 cellular process,-6.1,1.1e+02,18,30230,273,3,3,1e+02,27,10195|29880|84061,ALG3|ALG5|MAGT1,-4.4
MyList_SUB1_MCODE_17,Reactome Gene Sets,6,R-HSA-446203,Asparagine N-linked glycosylation,,-6,97,17,30230,312,3,3,1e+02,27,10195|29880|84061,ALG3|ALG5|MAGT1,-4.3
MyList_SUB1_MCODE_17,GO Biological Processes,19,GO:0009100,glycoprotein metabolic process,19_GO:0009987 cellular process,-5.9,89,16,30230,339,3,3,1e+02,27,10195|29880|84061,ALG3|ALG5|MAGT1,-4.2
MyList_SUB1_MCODE_17,GO Biological Processes,19,GO:1901137,carbohydrate derivative biosynthetic process,19_GO:0009987 cellular process,-5.2,54,13,30230,561,3,3,1e+02,27,10195|29880|84061,ALG3|ALG5|MAGT1,-3.7
MyList_SUB1_MCODE_18,GO Biological Processes,19,GO:0006401,RNA catabolic process,19_GO:0009987 cellular process,-6.4,1.4e+02,20,30230,221,3,3,1e+02,27,23405|167227|192670,DICER1|DCP2|AGO4,-4.7
MyList_SUB1_MCODE_18,GO Biological Processes,19,GO:0141188,nucleic acid catabolic process,19_GO:0009987 cellular process,-6.3,1.2e+02,19,30230,246,3,3,1e+02,27,23405|167227|192670,DICER1|DCP2|AGO4,-4.5
MyList_SUB1_MCODE_18,GO Biological Processes,19,GO:0034655,nucleobase-containing compound catabolic process,19_GO:0009987 cellular process,-5.7,79,15,30230,384,3,3,1e+02,27,23405|167227|192670,DICER1|DCP2|AGO4,-4.1
MyList_SUB1_MCODE_18,GO Cellular Components,20,GO:0016442,RISC complex,,-5.6,73,15,30230,412,3,3,1e+02,27,23405|167227|192670,DICER1|DCP2|AGO4,-4
MyList_SUB1_MCODE_18,GO Cellular Components,20,GO:0031332,RNAi effector complex,,-5.6,73,15,30230,413,3,3,1e+02,27,23405|167227|192670,DICER1|DCP2|AGO4,-4
