Protein.Group,Gene_names,Distinct_proteotypic_peptides,Distinct_precursors,Library_proteotypic_peptides,Runs_detected_of_27,Median_DIANN_Evidence,Median_MS1_profile_corr,Detected_RDH12_Veh_atRAL5hr_of_3,Detected_RDH12_100_atRAL5hr_of_3,Detected_RDH12_200_atRAL5hr_of_3,Detected_RDH12_Veh_atRAL5hr.24h_recvr_of_3,Detected_RDH12_100_atRAL5hr.24h_recvr_of_3,Detected_RDH12_200_atRAL5hr.24h_recvr_of_3,Detected_WT_Veh_atRAL5hr.24h_recvr_of_3,Detected_WT_100_atRAL5hr.24h_recvr_of_3,Detected_WT_200_atRAL5hr.24h_recvr_of_3,Single_peptide_protein_group,Support_tier
A0A0U1RRE5,NBDY,1,1,1,8,2.998242974281311,0,3,0,0,2,1,1,1,0,0,TRUE,C
A0A1W2PQ72,MSANTD7,9,10,9,27,2.9906222820281982,0.16240061819553375,3,3,3,3,3,3,3,3,3,FALSE,A
A0A3B3IS91,POLGARF,3,3,3,25,2.6378554105758667,0.5398344099521637,3,1,3,3,3,3,3,3,3,FALSE,A
A0AAG2UWQ9,NKRF,36,46,36,27,4.570842266082764,0.8697736263275146,3,3,3,3,3,3,3,3,3,FALSE,A
A0AV96,RBM47,7,7,7,25,2.8010876178741455,0.4190071225166321,2,3,2,3,3,3,3,3,3,FALSE,A
A0AVF1,IFT56,11,11,11,23,2.6551334857940674,0.3259359896183014,0,3,2,3,3,3,3,3,3,FALSE,A
A0AVT1,UBA6,46,69,46,27,3.8687400817871094,0.7758150696754456,3,3,3,3,3,3,3,3,3,FALSE,A
A0FGR8,ESYT2,28,37,28,27,4.020255088806152,0.7930448651313782,3,3,3,3,3,3,3,3,3,FALSE,A
A0JLT2,MED19,7,8,7,27,4.006198167800903,0.7763012647628784,3,3,3,3,3,3,3,3,3,FALSE,A
A0JNW5,BLTP3B,8,8,8,24,2.551091194152832,0,2,3,2,3,3,3,3,3,2,FALSE,A
A0MZ66,SHTN1,32,46,32,27,4.367165565490723,0.8097882270812988,3,3,3,3,3,3,3,3,3,FALSE,A
A0PJW6,TMEM223,1,1,1,7,3.1147685050964355,0.7950743436813354,0,2,2,0,1,0,0,0,2,TRUE,C
A0PJZ3,GXYLT2,2,2,2,13,3.1505537033081055,0.803774356842041,0,3,2,3,2,0,1,0,2,FALSE,A
A0PK00,TMEM120B,2,2,2,5,2.535432815551758,0.7603302597999573,0,1,2,0,0,0,0,0,2,FALSE,A
A1A4S6,ARHGAP10,7,7,7,27,3.0488767623901367,0.4973670244216919,3,3,3,3,3,3,3,3,3,FALSE,A
A1L020,MEX3A,4,4,4,25,2.744631767272949,0.18719083815813065,2,3,2,3,3,3,3,3,3,FALSE,A
A1L0T0,ILVBL,15,19,15,27,3.343422770500183,0.7181406617164612,3,3,3,3,3,3,3,3,3,FALSE,A
A1L170,C1orf226,2,2,2,25,2.975036382675171,0,3,3,3,3,3,3,2,2,3,FALSE,A
A1L188,NDUFAF8,1,1,1,11,2.7964553833007813,0.02865961566567421,2,3,2,1,1,1,1,0,0,TRUE,C
A1L390,PLEKHG3,9,9,9,27,2.7438840866088867,0.41989897191524506,3,3,3,3,3,3,3,3,3,FALSE,A
A1X283,SH3PXD2B,19,22,19,27,3.719094753265381,0.7014676928520203,3,3,3,3,3,3,3,3,3,FALSE,A
A1XBS5,CIBAR1,5,5,5,26,2.3833768367767334,0,3,3,2,3,3,3,3,3,3,FALSE,A
A2A3N6,PIPSL,2,2,2,21,2.9916205406188965,0.34728384017944336,3,3,2,2,1,1,3,3,3,FALSE,A
A2AJT9,BCLAF3,4,4,4,27,3.000030040740967,0.496381551027298,3,3,3,3,3,3,3,3,3,FALSE,A
A2RRP1,NBAS,11,11,11,23,3.0186214447021484,0.6633062958717346,0,3,2,3,3,3,3,3,3,FALSE,A
A2RTX5,TARS3,13,13,13,27,3.2435860633850098,0.40741416811943054,3,3,3,3,3,3,3,3,3,FALSE,A
A2RU67,FAM234B,6,7,6,27,3.4593939781188965,0.6028656959533691,3,3,3,3,3,3,3,3,3,FALSE,A
A2RUB6,CCDC66,2,2,2,14,2.6315362453460693,0,0,0,0,3,3,3,2,3,0,FALSE,A
A2VDF0,FUOM,2,2,2,26,3.317001461982727,0.7551793456077576,3,3,3,3,3,3,3,3,2,FALSE,A
A2VDJ0,TMEM131L,5,5,5,22,2.7983179092407227,0,0,3,1,3,3,3,3,3,3,FALSE,A
A3KMH1,VWA8,18,18,18,26,2.88531231880188,0.20836857706308365,2,3,3,3,3,3,3,3,3,FALSE,A
A3KN83,SBNO1,9,9,9,26,3.1196848154067993,0.49617044627666473,2,3,3,3,3,3,3,3,3,FALSE,A
A4D161,FAM221A,5,6,5,22,2.7112326622009277,0.5739066898822784,2,3,1,3,3,3,3,3,1,FALSE,A
A4D1E9,GTPBP10,11,12,11,27,4.411516904830933,0.8599278926849365,3,3,3,3,3,3,3,3,3,FALSE,A
A4D1P6,WDR91,19,19,19,27,3.0834293365478516,0.5373809933662415,3,3,3,3,3,3,3,3,3,FALSE,A
A4D1S0,KLRG2,11,11,11,27,3.279717445373535,0.5917242169380188,3,3,3,3,3,3,3,3,3,FALSE,A
A5D8V6,VPS37C,2,2,2,22,2.7574580907821655,0.3979340046644211,3,3,3,2,3,3,1,2,2,FALSE,A
A5PL33,KRBA1,6,6,6,26,2.4612479209899902,0.09069696068763733,3,3,2,3,3,3,3,3,3,FALSE,A
A5PLL7,PEDS1,2,2,2,23,3.337963819503784,0.3425857126712799,0,3,2,3,3,3,3,3,3,FALSE,A
A5PLN9,TRAPPC13,7,8,7,25,2.8026589155197144,0.6863917410373688,2,3,2,3,3,3,3,3,3,FALSE,A
A5YKK6,CNOT1,56,62,56,27,3.557403087615967,0.7124994993209839,3,3,3,3,3,3,3,3,3,FALSE,A
A6H8Y1,BDP1,16,16,16,27,2.897945284843445,0.05478491820394993,3,3,3,3,3,3,3,3,3,FALSE,A
A6NDG6,PGP,12,14,12,27,4.939135313034058,0.89207524061203,3,3,3,3,3,3,3,3,3,FALSE,A
A6NDU8,RIMOC1,8,8,8,26,3.553338646888733,0.8511217832565308,3,3,2,3,3,3,3,3,3,FALSE,A
A6NED2,RCCD1,8,9,8,27,3.837035655975342,0.6006741523742676,3,3,3,3,3,3,3,3,3,FALSE,A
A6NFI3,ZNF316,11,14,11,27,3.12309193611145,0.6754629611968994,3,3,3,3,3,3,3,3,3,FALSE,A
A6NGB9,WIPF3,6,6,6,27,3.216367721557617,0.3057156503200531,3,3,3,3,3,3,3,3,3,FALSE,A
A6NHL2,TUBAL3,2,2,2,27,4.535963535308838,0.01382964663207531,3,3,3,3,3,3,3,3,3,FALSE,A
A6NHQ4,EPOP,2,2,2,21,2.211967706680298,0,0,1,2,3,3,3,3,3,3,FALSE,A
A6NHR9,SMCHD1,80,98,80,27,3.8836089372634888,0.8115994036197662,3,3,3,3,3,3,3,3,3,FALSE,A
A6NHX0,CASTOR2,3,3,3,15,2.8523720502853394,0.8078060746192932,0,3,2,0,1,3,1,3,2,FALSE,A
A6NIH7,UNC119B,7,9,7,27,4.678047180175781,0.739156574010849,3,3,3,3,3,3,3,3,3,FALSE,A
A6NIZ1,RAP1BL,1,1,1,9,1.9427934885025024,0,3,1,3,0,1,0,0,0,1,TRUE,C
A6NJ78,METTL15,3,3,3,23,3.7344748973846436,0.7630466818809509,0,3,2,3,3,3,3,3,3,FALSE,A
A6NJT0,UNCX,4,5,4,27,2.837320566177368,0.6250070929527283,3,3,3,3,3,3,3,3,3,FALSE,A
A6NK58,LIPT2,2,2,2,24,3.300301432609558,0.4580806791782379,0,3,3,3,3,3,3,3,3,FALSE,A
A6NKD9,CCDC85C,15,22,15,27,4.6547441482543945,0.890828549861908,3,3,3,3,3,3,3,3,3,FALSE,A
A6NNY8,USP27X,1,1,1,9,2.564796209335327,0.7837518453598022,0,1,0,2,1,1,0,2,2,TRUE,C
A7E2V4,ZSWIM8,3,3,3,25,3.2469087839126587,0.58328577876091,1,3,3,3,3,3,3,3,3,FALSE,A
A7KAX9,ARHGAP32,4,4,4,18,2.4983423948287964,0,0,3,0,3,2,3,3,2,2,FALSE,A
A7XYQ1,SOBP,1,1,1,16,3.957909345626831,0.4796767234802246,0,1,1,3,3,3,3,2,0,TRUE,C
A8CG34,POM121C,4,5,4,24,2.8846609592437744,0.5014062076807022,0,3,3,3,3,3,3,3,3,FALSE,A
A8K0R7,ZNF839,2,2,2,21,2.405667304992676,0,0,2,1,3,3,3,3,3,3,FALSE,A
A8MT69,CENPX,1,1,1,16,2.5259368419647217,0.7773314714431763,1,1,2,3,3,3,2,1,0,TRUE,C
A8MTT3,CEBPZOS,4,4,4,20,3.8646349906921387,0.7827799916267395,3,3,3,3,2,3,2,1,0,FALSE,A
A8MTY0,ZNF724,3,3,3,12,2.6346564292907715,0.7721735537052155,1,3,3,1,0,0,1,0,3,FALSE,A
A8MVS5,HIDE1,1,1,1,23,3.323655366897583,0,3,3,3,3,3,3,2,2,1,TRUE,C
A8MVW0,FAM171A2,8,8,8,25,2.688184142112732,0.3916649669408798,2,3,2,3,3,3,3,3,3,FALSE,A
A8MW92,PHF20L1,12,12,12,27,3.061916470527649,0.1124252937734127,3,3,3,3,3,3,3,3,3,FALSE,A
A8MWY0,ELAPOR2,8,8,8,27,2.601695418357849,0.20187483727931976,3,3,3,3,3,3,3,3,3,FALSE,A
A8MXV4,NUDT19,13,18,13,27,3.2156344652175903,0.6167482733726501,3,3,3,3,3,3,3,3,3,FALSE,A
A9UHW6,MIF4GD,4,4,4,23,2.511824607849121,0.23195096105337143,2,3,2,3,3,3,3,3,1,FALSE,A
B2RBV5,MRFAP1L2,3,3,3,24,4.1928486824035645,0.4828025996685028,3,3,2,3,3,3,3,3,1,FALSE,A
B2RTY4,MYO9A,8,8,8,23,2.8711429834365845,0.5949057936668396,0,3,2,3,3,3,3,3,3,FALSE,A
B2RUZ4,SMIM1,1,1,1,25,3.7436540126800537,0.8084402084350586,3,3,3,3,3,3,3,2,2,TRUE,C
B3KNS4,ERVK3-1,3,3,3,26,3.7326194047927856,0.5685223937034607,3,3,3,3,3,3,2,3,3,FALSE,A
C9JLR9,ZFTA,5,5,5,27,3.5675907135009766,0.2939852327108383,3,3,3,3,3,3,3,3,3,FALSE,A
C9JLW8,MCRIP1,6,10,6,27,5.741672515869141,0.9408801794052124,3,3,3,3,3,3,3,3,3,FALSE,A
E9PAV3,NACA,4,7,4,27,6.526501655578613,0.9750155806541443,3,3,3,3,3,3,3,3,3,FALSE,A
E9PRG8,C11orf98,6,8,6,27,6.0625505447387695,0.8903648257255554,3,3,3,3,3,3,3,3,3,FALSE,A
F2Z333,FNDC10,5,6,5,27,3.3213741779327393,0.7088454961776733,3,3,3,3,3,3,3,3,3,FALSE,A
L0R819,ASDURF,9,14,9,27,4.479275703430176,0.8455070853233337,3,3,3,3,3,3,3,3,3,FALSE,A
O00115,DNASE2,8,9,8,27,5.080342054367065,0.9226560294628143,3,3,3,3,3,3,3,3,3,FALSE,A
O00116,AGPS,30,42,30,27,4.63388204574585,0.8676938414573669,3,3,3,3,3,3,3,3,3,FALSE,A
O00124,UBXN8,2,2,2,24,3.150404930114746,0.47281011939048767,1,3,3,3,3,3,2,3,3,FALSE,A
O00139,KIF2A,21,26,21,27,4.553756237030029,0.8965218961238861,3,3,3,3,3,3,3,3,3,FALSE,A
O00142,TK2,2,2,2,15,2.0649750232696533,0,0,1,2,2,1,2,2,2,3,FALSE,A
O00148,DDX39A,11,18,11,27,6.078204154968262,0.9646772146224976,3,3,3,3,3,3,3,3,3,FALSE,A
O00151,PDLIM1,19,29,19,27,5.730700969696045,0.9535242319107056,3,3,3,3,3,3,3,3,3,FALSE,A
O00154,ACOT7,13,20,13,27,5.542280197143555,0.9286139607429504,3,3,3,3,3,3,3,3,3,FALSE,A
O00159,MYO1C,34,39,34,26,3.6261816024780273,0.7548651099205017,2,3,3,3,3,3,3,3,3,FALSE,A
O00161,SNAP23,10,10,10,27,3.766119956970215,0.648454487323761,3,3,3,3,3,3,3,3,3,FALSE,A
O00165,HAX1,12,15,12,27,5.032630443572998,0.918942928314209,3,3,3,3,3,3,3,3,3,FALSE,A
O00170,AIP,14,22,14,27,5.231954574584961,0.9226981401443481,3,3,3,3,3,3,3,3,3,FALSE,A
O00178,GTPBP1,26,39,26,27,4.5304036140441895,0.8435900211334229,3,3,3,3,3,3,3,3,3,FALSE,A
O00186,STXBP3,15,17,15,27,3.726848840713501,0.7587383389472961,3,3,3,3,3,3,3,3,3,FALSE,A
O00189,AP4M1,4,4,4,23,2.5551165342330933,0.029049725271761417,0,3,2,3,3,3,3,3,3,FALSE,A
O00192,ARVCF,7,7,7,22,2.727324962615967,0.0720377117395401,0,3,2,3,3,2,3,3,3,FALSE,A
O00193,SMAP,5,6,5,27,5.327324867248535,0.8927271962165833,3,3,3,3,3,3,3,3,3,FALSE,A
O00203,AP3B1,28,35,28,27,3.5472805500030518,0.76133793592453,3,3,3,3,3,3,3,3,3,FALSE,A
O00213,APBB1,8,8,8,25,3.6734211444854736,0.8281537890434265,2,3,2,3,3,3,3,3,3,FALSE,A
O00217,NDUFS8,6,8,6,27,4.8221540451049805,0.91231769323349,3,3,3,3,3,3,3,3,3,FALSE,A
O00221,NFKBIE,2,2,2,18,2.4990742206573486,0,0,1,1,2,3,3,3,3,2,FALSE,A
O00231,PSMD11,27,40,27,27,4.790597915649414,0.8977376520633698,3,3,3,3,3,3,3,3,3,FALSE,A
O00232,PSMD12,22,27,22,27,4.648874759674072,0.8539045453071594,3,3,3,3,3,3,3,3,3,FALSE,A
O00233,PSMD9,8,12,8,27,6.119314193725586,0.9277810156345367,3,3,3,3,3,3,3,3,3,FALSE,A
O00244,ATOX1,6,9,6,27,5.554644584655762,0.9305952787399292,3,3,3,3,3,3,3,3,3,FALSE,A
O00255,MEN1,15,18,15,27,3.7051782608032227,0.7935417890548706,3,3,3,3,3,3,3,3,3,FALSE,A
O00257,CBX4,13,16,13,27,4.648451328277588,0.9019507765769958,3,3,3,3,3,3,3,3,3,FALSE,A
O00258,GET1,3,3,3,24,2.9729554653167725,0.6801716983318329,2,3,3,3,3,3,2,2,3,FALSE,A
O00264,PGRMC1,9,10,9,27,4.461777687072754,0.8986155390739441,3,3,3,3,3,3,3,3,3,FALSE,A
O00267,SUPT5H,42,57,42,27,4.937530755996704,0.8906149566173553,3,3,3,3,3,3,3,3,3,FALSE,A
O00268,TAF4,18,19,18,27,3.809114694595337,0.7559547126293182,3,3,3,3,3,3,3,3,3,FALSE,A
O00273,DFFA,15,22,15,27,4.934913635253906,0.9076298475265503,3,3,3,3,3,3,3,3,3,FALSE,A
O00287,RFXAP,6,7,6,27,5.377068281173706,0.8715389668941498,3,3,3,3,3,3,3,3,3,FALSE,A
O00291,HIP1,17,20,17,24,3.035248041152954,0.5040595531463623,1,3,2,3,3,3,3,3,3,FALSE,A
O00299,CLIC1,14,19,14,27,5.538610458374023,0.9352210462093353,3,3,3,3,3,3,3,3,3,FALSE,A
O00303,EIF3F,15,22,15,27,4.584445953369141,0.9210861921310425,3,3,3,3,3,3,3,3,3,FALSE,A
O00308,WWP2,8,10,8,25,3.083197832107544,0.6487181186676025,2,3,2,3,3,3,3,3,3,FALSE,A
O00311,CDC7,8,9,8,26,2.661851406097412,0.4614865630865097,2,3,3,3,3,3,3,3,3,FALSE,A
O00330,PDHX,15,21,15,27,4.268702983856201,0.8686412572860718,3,3,3,3,3,3,3,3,3,FALSE,A
O00391,QSOX1,12,12,12,25,3.0478575229644775,0.4766278564929962,3,3,3,1,3,3,3,3,3,FALSE,A
O00399,DCTN6,5,6,5,27,4.637444496154785,0.9574853181838989,3,3,3,3,3,3,3,3,3,FALSE,A
O00400,SLC33A1,5,5,5,26,3.1150169372558594,0.7136138677597046,3,3,2,3,3,3,3,3,3,FALSE,A
O00401,WASL,13,14,13,27,3.106539487838745,0.604686051607132,3,3,3,3,3,3,3,3,3,FALSE,A
O00409,FOXN3,1,1,1,11,1.9815692901611328,0,0,1,1,1,2,3,2,1,0,TRUE,C
O00410,IPO5,41,54,41,27,4.214239120483398,0.8616466522216797,3,3,3,3,3,3,3,3,3,FALSE,A
O00411,POLRMT,23,24,23,27,3.251444101333618,0.5809856355190277,3,3,3,3,3,3,3,3,3,FALSE,A
O00418,EEF2K,3,3,3,21,2.7427191734313965,0,1,3,2,2,3,3,3,3,1,FALSE,A
O00422,SAP18,14,20,14,27,5.8040406703948975,0.9697529077529907,3,3,3,3,3,3,3,3,3,FALSE,A
O00423,EML1,13,13,13,27,2.404205799102783,0.015459644608199596,3,3,3,3,3,3,3,3,3,FALSE,A
O00425,IGF2BP3,21,32,21,27,5.001223564147949,0.932584673166275,3,3,3,3,3,3,3,3,3,FALSE,A
O00429,DNM1L,37,52,37,27,4.581255674362183,0.8843122720718384,3,3,3,3,3,3,3,3,3,FALSE,A
O00442,RTCA,10,14,10,27,4.529905557632446,0.8502550423145294,3,3,3,3,3,3,3,3,3,FALSE,A
O00443,PIK3C2A,16,16,16,24,2.876176357269287,0.4276730418205261,1,3,2,3,3,3,3,3,3,FALSE,A
O00458,IFRD1,8,10,8,27,3.6762133836746216,0.7811644077301025,3,3,3,3,3,3,3,3,3,FALSE,A
O00459,PIK3R2,7,7,7,25,2.9431445598602295,0.49885544180870056,2,3,2,3,3,3,3,3,3,FALSE,A
O00461,GOLIM4,17,28,17,27,4.980632781982422,0.9065640568733215,3,3,3,3,3,3,3,3,3,FALSE,A
O00462,MANBA,20,22,20,27,3.411604166030884,0.5326830744743347,3,3,3,3,3,3,3,3,3,FALSE,A
O00468,AGRN,40,44,40,27,3.647303581237793,0.49342554807662964,3,3,3,3,3,3,3,3,3,FALSE,A
O00469,PLOD2,31,40,31,27,4.281430244445801,0.8395391702651978,3,3,3,3,3,3,3,3,3,FALSE,A
O00470,MEIS1,2,2,2,17,2.629870653152466,0.844688892364502,3,0,2,2,2,2,1,2,3,FALSE,A
O00471,EXOC5,17,19,17,27,3.5498915910720825,0.6261391937732697,3,3,3,3,3,3,3,3,3,FALSE,A
O00472,ELL2,2,2,2,18,2.9141372442245483,0,1,0,1,3,2,2,3,3,3,FALSE,A
O00479,HMGN4,2,3,2,13,3.8669592142105103,0.8688524067401886,3,2,3,1,0,1,1,0,2,FALSE,A
O00483,NDUFA4,5,7,5,27,5.683539867401123,0.9481379687786102,3,3,3,3,3,3,3,3,3,FALSE,A
O00487,PSMD14,11,17,11,27,4.3016228675842285,0.8664313852787018,3,3,3,3,3,3,3,3,3,FALSE,A
O00488,ZNF593,7,9,7,27,4.0559241771698,0.738743394613266,3,3,3,3,3,3,3,3,3,FALSE,A
O00499,BIN1,13,18,13,27,4.419031143188477,0.8190378546714783,3,3,3,3,3,3,3,3,3,FALSE,A
O00505,KPNA3,11,14,11,27,4.243462085723877,0.8524075150489807,3,3,3,3,3,3,3,3,3,FALSE,A
O00506,STK25,3,3,3,27,4.249245643615723,0.32696211338043213,3,3,3,3,3,3,3,3,3,FALSE,A
O00512,BCL9,19,22,19,27,3.0003645420074463,0.5005000829696655,3,3,3,3,3,3,3,3,3,FALSE,A
O00541,PES1,27,35,27,27,4.967768907546997,0.8693155646324158,3,3,3,3,3,3,3,3,3,FALSE,A
O00559,EBAG9,2,2,2,27,3.737395763397217,0.6653259992599487,3,3,3,3,3,3,3,3,3,FALSE,A
O00560,SDCBP,7,10,7,27,5.160090684890747,0.9229207038879395,3,3,3,3,3,3,3,3,3,FALSE,A
O00566,MPHOSPH10,21,35,21,27,5.096131324768066,0.9092435836791992,3,3,3,3,3,3,3,3,3,FALSE,A
O00567,NOP56,41,65,41,27,5.566762208938599,0.9419423937797546,3,3,3,3,3,3,3,3,3,FALSE,A
O00571,DDX3X,13,17,13,27,5.279751777648926,0.9381511807441711,3,3,3,3,3,3,3,3,3,FALSE,A
O00584,RNASET2,10,11,10,27,4.5062220096588135,0.8717129528522491,3,3,3,3,3,3,3,3,3,FALSE,A
O00592,PODXL,4,4,4,21,3.3184235095977783,0.15758484601974487,3,3,3,2,2,2,3,0,3,FALSE,A
O00622,CCN1,11,12,11,15,4.516798257827759,0.720083475112915,3,3,3,0,0,0,1,2,3,FALSE,A
O00625,PIR,15,23,15,27,4.8763227462768555,0.924993634223938,3,3,3,3,3,3,3,3,3,FALSE,A
O00628,PEX7,8,11,8,24,2.955991506576538,0.3641359508037567,3,3,3,3,3,3,2,1,3,FALSE,A
O00629,KPNA4,12,17,12,27,4.76910138130188,0.8886498510837555,3,3,3,3,3,3,3,3,3,FALSE,A
O00634,NTN3,1,1,1,6,3.4249762296676636,0.696162223815918,0,3,3,0,0,0,0,0,0,TRUE,C
O00712,NFIB,4,4,4,24,2.4556350708007813,0.18978767096996307,0,3,3,3,3,3,3,3,3,FALSE,A
O00716,E2F3,3,3,3,27,3.5608949661254883,0.7964188456535339,3,3,3,3,3,3,3,3,3,FALSE,A
O00743,PPP6C,12,16,12,27,4.325915575027466,0.834935873746872,3,3,3,3,3,3,3,3,3,FALSE,A
O00746,NME4,11,13,11,27,3.704187035560608,0.7421868145465851,3,3,3,3,3,3,3,3,3,FALSE,A
O00748,CES2,2,2,2,14,2.6058934926986694,0.5440488755702972,0,2,2,3,2,1,0,1,3,FALSE,A
O00754,MAN2B1,28,41,28,27,4.7136549949646,0.8944705724716187,3,3,3,3,3,3,3,3,3,FALSE,A
O00764,PDXK,17,24,17,27,5.430496692657471,0.932013213634491,3,3,3,3,3,3,3,3,3,FALSE,A
O00767,SCD,4,5,4,26,4.76545524597168,0.8721765279769897,3,3,2,3,3,3,3,3,3,FALSE,A
O14495,PLPP3,5,5,5,25,3.215463161468506,0.7509694695472717,3,3,3,2,3,2,3,3,3,FALSE,A
O14497,ARID1A,55,71,55,27,4.026228189468384,0.7437382340431213,3,3,3,3,3,3,3,3,3,FALSE,A
O14503,BHLHE40,4,4,4,19,2.7789368629455566,0,2,2,3,3,3,3,0,0,3,FALSE,A
O14519,CDK2AP1,2,3,2,27,4.321855068206787,0.8997721076011658,3,3,3,3,3,3,3,3,3,FALSE,A
O14523,C2CD2L,5,7,5,25,3.3127670288085938,0.5603712797164917,1,3,3,3,3,3,3,3,3,FALSE,A
O14524,NEMP1,3,3,3,23,3.0398991107940674,0.47821879386901855,0,3,3,3,3,2,3,3,3,FALSE,A
O14530,TXNDC9,9,13,9,27,4.536554336547852,0.9149260520935059,3,3,3,3,3,3,3,3,3,FALSE,A
O14531,DPYSL4,17,20,17,26,3.2486047744750977,0.6402043700218201,3,3,2,3,3,3,3,3,3,FALSE,A
O14545,TRAFD1,16,22,16,27,3.544974684715271,0.816605269908905,3,3,3,3,3,3,3,3,3,FALSE,A
O14548,COX7A2L,5,5,5,27,3.7058181762695313,0.46536216139793396,3,3,3,3,3,3,3,3,3,FALSE,A
O14561,NDUFAB1,3,3,3,27,3.741609811782837,0.871365875005722,3,3,3,3,3,3,3,3,3,FALSE,A
O14562,UBFD1,7,8,7,27,5.464254379272461,0.885812520980835,3,3,3,3,3,3,3,3,3,FALSE,A
O14569,CYB561D2,1,2,1,22,3.642860531806946,0.7684438228607178,2,3,2,3,3,2,2,2,3,TRUE,C
O14576,DYNC1I1,1,1,1,26,4.265762090682983,0.33322788774967194,3,3,3,3,3,3,3,3,2,TRUE,B
O14578,CIT,28,30,28,27,2.80143940448761,0.41874556243419647,3,3,3,3,3,3,3,3,3,FALSE,A
O14579,COPE,11,16,11,27,4.715616464614868,0.8955655992031097,3,3,3,3,3,3,3,3,3,FALSE,A
O14617,AP3D1,41,48,41,27,4.106451034545898,0.8205855488777161,3,3,3,3,3,3,3,3,3,FALSE,A
O14618,CCS,5,5,5,27,3.3226698637008667,0.6739165484905243,3,3,3,3,3,3,3,3,3,FALSE,A
O14628,ZNF195,5,5,5,24,2.198288679122925,0.22810951620340347,2,3,2,3,3,3,2,3,3,FALSE,A
O14639,ABLIM1,22,24,22,27,3.6639761924743652,0.6852422952651978,3,3,3,3,3,3,3,3,3,FALSE,A
O14641,DVL2,9,9,9,27,3.288619637489319,0.5450180768966675,3,3,3,3,3,3,3,3,3,FALSE,A
O14646,CHD1,49,68,49,27,4.190368175506592,0.8456364274024963,3,3,3,3,3,3,3,3,3,FALSE,A
O14647,CHD2,45,54,45,27,3.5342525243759155,0.7260050773620605,3,3,3,3,3,3,3,3,3,FALSE,A
O14653,GOSR2,8,11,8,27,3.6530613899230957,0.6760434508323669,3,3,3,3,3,3,3,3,3,FALSE,A
O14654,IRS4,44,55,44,27,4.865124225616455,0.8917306065559387,3,3,3,3,3,3,3,3,3,FALSE,A
O14656,TOR1A,12,16,12,27,3.7085084915161133,0.8065748810768127,3,3,3,3,3,3,3,3,3,FALSE,A
O14657,TOR1B,12,15,12,27,3.4058936834335327,0.750443160533905,3,3,3,3,3,3,3,3,3,FALSE,A
O14662,STX16,9,10,9,27,5.025737047195435,0.7650936543941498,3,3,3,3,3,3,3,3,3,FALSE,A
O14672,ADAM10,32,44,32,27,3.9753284454345703,0.8040780425071716,3,3,3,3,3,3,3,3,3,FALSE,A
O14678,ABCD4,1,1,1,16,2.2385576963424683,0,0,0,0,3,3,3,3,1,3,TRUE,C
O14681,EI24,4,4,4,27,3.165149211883545,0.7373996376991272,3,3,3,3,3,3,3,3,3,FALSE,A
O14683,TP53I11,3,3,3,24,2.948674201965332,0.46420055627822876,1,3,3,3,3,3,2,3,3,FALSE,A
O14686,KMT2D,38,41,38,27,3.2323157787323,0.44018974900245667,3,3,3,3,3,3,3,3,3,FALSE,A
O14727,APAF1,11,12,11,26,2.522082209587097,0.3533332943916321,2,3,3,3,3,3,3,3,3,FALSE,A
O14730,RIOK3,6,7,6,27,3.2640076875686646,0.3432919532060623,3,3,3,3,3,3,3,3,3,FALSE,A
O14732,IMPA2,2,2,2,18,2.195245385169983,0.18077123165130615,0,3,2,1,3,1,3,2,3,FALSE,A
O14733,MAP2K7,8,8,8,27,3.1676944494247437,0.6703166663646698,3,3,3,3,3,3,3,3,3,FALSE,A
O14734,ACOT8,10,13,10,27,3.563274383544922,0.6870307922363281,3,3,3,3,3,3,3,3,3,FALSE,A
O14735,CDIPT,6,7,6,27,4.449893236160278,0.8893250524997711,3,3,3,3,3,3,3,3,3,FALSE,A
O14737,PDCD5,8,13,8,27,5.605296611785889,0.9558903574943542,3,3,3,3,3,3,3,3,3,FALSE,A
O14744,PRMT5,30,41,30,27,4.8332929611206055,0.9028517603874207,3,3,3,3,3,3,3,3,3,FALSE,A
O14745,NHERF1,19,23,19,27,4.58700966835022,0.8622748255729675,3,3,3,3,3,3,3,3,3,FALSE,A
O14757,CHEK1,11,11,11,27,3.5500131845474243,0.5502220988273621,3,3,3,3,3,3,3,3,3,FALSE,A
O14763,TNFRSF10B,14,18,14,27,3.726442575454712,0.6105512380599976,3,3,3,3,3,3,3,3,3,FALSE,A
O14770,MEIS2,1,1,1,7,2.6841609477996826,0.770374059677124,1,1,3,1,0,0,0,0,1,TRUE,C
O14772,FPGT,7,7,7,21,2.835510730743408,0.3000786006450653,0,3,2,2,3,2,3,3,3,FALSE,A
O14773,TPP1,16,26,16,27,4.754876136779785,0.8976405262947083,3,3,3,3,3,3,3,3,3,FALSE,A
O14776,TCERG1,41,57,41,27,5.085179805755615,0.9276169836521149,3,3,3,3,3,3,3,3,3,FALSE,A
O14777,NDC80,26,31,26,27,3.9453917741775513,0.7426405251026154,3,3,3,3,3,3,3,3,3,FALSE,A
O14786,NRP1,21,25,21,27,3.875317931175232,0.8118242025375366,3,3,3,3,3,3,3,3,3,FALSE,A
O14787,TNPO2,13,15,13,27,4.255896091461182,0.841726690530777,3,3,3,3,3,3,3,3,3,FALSE,A
O14795,UNC13B,8,8,8,27,3.239729166030884,0.7437117099761963,3,3,3,3,3,3,3,3,3,FALSE,A
O14802,POLR3A,40,47,40,26,3.1455860137939453,0.6041831970214844,2,3,3,3,3,3,3,3,3,FALSE,A
O14807,MRAS,8,8,8,24,2.671297788619995,0.49277445673942566,3,3,3,3,2,2,3,3,2,FALSE,A
O14818,PSMA7,9,15,9,27,6.326284885406494,0.9682113528251648,3,3,3,3,3,3,3,3,3,FALSE,A
O14828,SCAMP3,9,13,9,27,4.890625476837158,0.8600910305976868,3,3,3,3,3,3,3,3,3,FALSE,A
O14832,PHYH,5,6,5,25,2.9009957313537598,0.4650533199310303,3,3,3,3,3,3,2,2,3,FALSE,A
O14867,BACH1,5,5,5,26,3.0111775398254395,0,3,3,2,3,3,3,3,3,3,FALSE,A
O14874,BCKDK,11,13,11,27,3.5510021448135376,0.7412383854389191,3,3,3,3,3,3,3,3,3,FALSE,A
O14880,MGST3,5,6,5,27,5.075929641723633,0.8759105503559113,3,3,3,3,3,3,3,3,3,FALSE,A
O14893,GEMIN2,9,11,9,27,4.355087757110596,0.863103985786438,3,3,3,3,3,3,3,3,3,FALSE,A
O14907,TAX1BP3,3,4,3,27,4.162164211273193,0.872655063867569,3,3,3,3,3,3,3,3,3,FALSE,A
O14908,GIPC1,14,19,14,27,4.59738302230835,0.9031254053115845,3,3,3,3,3,3,3,3,3,FALSE,A
O14910,LIN7A,6,7,6,27,4.504047393798828,0.7564353346824646,3,3,3,3,3,3,3,3,3,FALSE,A
O14920,IKBKB,13,13,13,26,2.8443679809570313,0.2584382966160774,2,3,3,3,3,3,3,3,3,FALSE,A
O14924,RGS12,3,3,3,26,3.4541103839874268,0.46542635560035706,2,3,3,3,3,3,3,3,3,FALSE,A
O14925,TIMM23,3,3,3,11,3.1482677459716797,0.5998884439468384,0,3,3,1,0,1,0,1,2,FALSE,A
O14929,HAT1,13,16,13,27,4.313087701797485,0.8809621930122375,3,3,3,3,3,3,3,3,3,FALSE,A
O14936,CASK,26,34,26,27,3.453791618347168,0.7028499841690063,3,3,3,3,3,3,3,3,3,FALSE,A
O14949,UQCRQ,4,6,4,27,5.321450233459473,0.8258229792118073,3,3,3,3,3,3,3,3,3,FALSE,A
O14964,HGS,25,36,25,27,4.673286437988281,0.9095004796981812,3,3,3,3,3,3,3,3,3,FALSE,A
O14965,AURKA,9,10,9,27,3.7983298301696777,0.6715080142021179,3,3,3,3,3,3,3,3,3,FALSE,A
O14966,RAB29,5,5,5,17,3.030392646789551,0.6481531858444214,1,3,3,2,0,1,1,3,3,FALSE,A
O14967,CLGN,13,18,13,27,3.637422561645508,0.7811309099197388,3,3,3,3,3,3,3,3,3,FALSE,A
O14972,VPS26C,8,8,8,27,3.3925914764404297,0.5963941812515259,3,3,3,3,3,3,3,3,3,FALSE,A
O14974,PPP1R12A,35,46,35,27,4.614141941070557,0.860470712184906,3,3,3,3,3,3,3,3,3,FALSE,A
O14975,SLC27A2,3,3,3,21,2.416292190551758,0.19468767940998077,0,3,2,3,3,2,2,3,3,FALSE,A
O14976,GAK,20,23,20,25,3.2203316688537598,0.6886724233627319,2,3,2,3,3,3,3,3,3,FALSE,A
O14979,HNRNPDL,14,20,14,27,5.5533976554870605,0.942401647567749,3,3,3,3,3,3,3,3,3,FALSE,A
O14980,XPO1,53,71,53,27,4.846708297729492,0.9049859344959259,3,3,3,3,3,3,3,3,3,FALSE,A
O14981,BTAF1,29,30,29,26,3.197480320930481,0.6566993892192841,2,3,3,3,3,3,3,3,3,FALSE,A
O15013,ARHGEF10,6,6,6,22,2.435472011566162,0.07919453084468842,1,3,2,3,2,2,3,3,3,FALSE,A
O15014,ZNF609,19,21,19,27,3.605186104774475,0.648252546787262,3,3,3,3,3,3,3,3,3,FALSE,A
O15015,ZNF646,27,29,27,27,3.1999049186706543,0.4300040900707245,3,3,3,3,3,3,3,3,3,FALSE,A
O15020,SPTBN2,48,52,48,27,3.2151347398757935,0.5329110026359558,3,3,3,3,3,3,3,3,3,FALSE,A
O15021,MAST4,8,8,8,21,2.58404004573822,0,3,2,0,3,3,3,3,3,1,FALSE,A
O15027,SEC16A,47,53,48,27,3.4899351596832275,0.7170467972755432,3,3,3,3,3,3,3,3,3,FALSE,A
O15031,PLXNB2,26,30,26,27,3.179430365562439,0.5748313665390015,3,3,3,3,3,3,3,3,3,FALSE,A
O15037,KHNYN,7,7,7,25,3.1448044776916504,0.6781795024871826,2,3,2,3,3,3,3,3,3,FALSE,A
O15040,TECPR2,3,3,3,23,3.1936349868774414,0.5675269961357117,0,3,2,3,3,3,3,3,3,FALSE,A
O15042,U2SURP,37,58,37,27,5.336681365966797,0.9389981031417847,3,3,3,3,3,3,3,3,3,FALSE,A
O15047,SETD1A,29,32,29,27,3.9053218364715576,0.7746410965919495,3,3,3,3,3,3,3,3,3,FALSE,A
O15049,N4BP3,2,2,2,15,2.5260579586029053,0.6144547462463379,0,1,0,3,3,3,3,2,0,FALSE,A
O15054,KDM6B,6,6,6,15,2.5406627655029297,0.024312620982527733,0,0,3,3,3,0,1,2,3,FALSE,A
O15056,SYNJ2,5,5,5,22,2.560514211654663,0,1,2,1,3,3,3,3,3,3,FALSE,A
O15060,ZBTB39,1,1,1,19,2.301617383956909,0,1,0,1,3,3,2,3,3,3,TRUE,C
O15061,SYNM,10,10,11,27,2.6479992866516113,0.11439260095357895,3,3,3,3,3,3,3,3,3,FALSE,A
O15062,ZBTB5,2,2,2,17,2.574437141418457,0,0,3,2,0,3,3,2,1,3,FALSE,A
O15063,GARRE1,3,3,3,22,2.361866593360901,0.5146929025650024,0,3,2,3,3,2,3,3,3,FALSE,A
O15066,KIF3B,9,10,9,27,3.1772613525390625,0.4864733815193176,3,3,3,3,3,3,3,3,3,FALSE,A
O15067,PFAS,42,57,42,27,4.813105583190918,0.8938127160072327,3,3,3,3,3,3,3,3,3,FALSE,A
O15075,DCLK1,4,4,4,27,3.4217127561569214,0.6807183921337128,3,3,3,3,3,3,3,3,3,FALSE,A
O15078,CEP290,18,18,18,25,2.7952545881271362,0.23779822140932083,2,3,2,3,3,3,3,3,3,FALSE,A
O15083,ERC2,1,1,1,4,4.224117279052734,0.9573462307453156,0,0,0,1,2,1,0,0,0,TRUE,B
O15084,ANKRD28,10,11,10,25,3.138797163963318,0.3149903565645218,2,3,2,3,3,3,3,3,3,FALSE,A
O15085,ARHGEF11,15,15,15,26,2.9289135932922363,0.21455441415309906,3,3,2,3,3,3,3,3,3,FALSE,A
O15090,ZNF536,13,14,13,27,3.011899471282959,0.457147479057312,3,3,3,3,3,3,3,3,3,FALSE,A
O15091,PRORP,10,10,10,27,3.5544910430908203,0.7309389710426331,3,3,3,3,3,3,3,3,3,FALSE,A
O15111,CHUK,8,9,8,25,3.4445090293884277,0.704728901386261,1,3,3,3,3,3,3,3,3,FALSE,A
O15116,LSM1,4,5,4,27,3.7751598358154297,0.8616044521331787,3,3,3,3,3,3,3,3,3,FALSE,A
O15118,NPC1,15,19,15,27,3.156224250793457,0.7148952484130859,3,3,3,3,3,3,3,3,3,FALSE,A
O15119,TBX3,6,6,6,24,2.432751417160034,0.46103760600090027,1,3,3,3,2,3,3,3,3,FALSE,A
O15121,DEGS1,4,7,4,27,3.363260507583618,0.6433678567409515,3,3,3,3,3,3,3,3,3,FALSE,A
O15126,SCAMP1,4,4,4,26,3.6469430923461914,0.4682753086090088,3,3,2,3,3,3,3,3,3,FALSE,A
O15127,SCAMP2,3,5,3,27,4.369908332824707,0.8388841152191162,3,3,3,3,3,3,3,3,3,FALSE,A
O15131,KPNA5,3,3,3,22,2.9939324855804443,0.4318401962518692,0,2,2,3,3,3,3,3,3,FALSE,A
O15143,ARPC1B,12,20,12,27,4.05566930770874,0.7898727059364319,3,3,3,3,3,3,3,3,3,FALSE,A
O15144,ARPC2,16,27,16,27,5.315670013427734,0.9141174554824829,3,3,3,3,3,3,3,3,3,FALSE,A
O15145,ARPC3,7,11,7,27,5.999542474746704,0.9659151434898376,3,3,3,3,3,3,3,3,3,FALSE,A
O15155,BET1,2,3,2,27,3.8568440675735474,0.8859931230545044,3,3,3,3,3,3,3,3,3,FALSE,A
O15156,ZBTB7B,3,4,3,26,2.451627016067505,0.16424395143985748,3,3,3,3,3,2,3,3,3,FALSE,A
O15160,POLR1C,12,16,12,27,4.313549757003784,0.8317378759384155,3,3,3,3,3,3,3,3,3,FALSE,A
O15162,PLSCR1,4,4,4,27,3.030869960784912,0.7003178298473358,3,3,3,3,3,3,3,3,3,FALSE,A
O15164,TRIM24,26,30,26,27,3.9041407108306885,0.779059499502182,3,3,3,3,3,3,3,3,3,FALSE,A
O15169,AXIN1,7,9,7,27,3.087938070297241,0.4889639914035797,3,3,3,3,3,3,3,3,3,FALSE,A
O15173,PGRMC2,11,14,11,27,6.020397663116455,0.9524011611938477,3,3,3,3,3,3,3,3,3,FALSE,A
O15182,CETN3,3,4,3,23,2.7269128561019897,0.7216180562973022,3,3,3,2,3,3,2,1,3,FALSE,A
O15194,CTDSPL,2,2,2,24,2.8261046409606934,0.8046159148216248,1,3,2,3,3,3,3,3,3,FALSE,A
O15198,SMAD9,1,1,1,23,3.26965069770813,0.34218236804008484,0,3,2,3,3,3,3,3,3,TRUE,C
O15212,PFDN6,9,14,9,27,5.40503716468811,0.9411502182483673,3,3,3,3,3,3,3,3,3,FALSE,A
O15213,WDR46,22,31,22,27,4.491614818572998,0.8405912518501282,3,3,3,3,3,3,3,3,3,FALSE,A
O15217,GSTA4,2,2,2,11,2.6674516201019287,0.711177408695221,3,3,3,0,0,1,0,1,0,FALSE,A
O15228,GNPAT,18,19,18,26,3.186191439628601,0.4618925154209137,2,3,3,3,3,3,3,3,3,FALSE,A
O15230,LAMA5,60,65,60,27,3.0457956790924072,0.4356831908226013,3,3,3,3,3,3,3,3,3,FALSE,A
O15231,ZNF185,2,2,2,8,2.1185548305511475,0,3,3,1,0,0,0,1,0,0,FALSE,A
O15234,CASC3,14,20,14,27,4.75481915473938,0.8648127913475037,3,3,3,3,3,3,3,3,3,FALSE,A
O15235,MRPS12,5,6,5,27,4.981305122375488,0.8803215026855469,3,3,3,3,3,3,3,3,3,FALSE,A
O15239,NDUFA1,1,2,1,17,2.8598129749298096,0.8328560888767242,2,3,2,2,2,2,0,1,3,TRUE,C
O15243,LEPROT,1,1,1,19,3.5944406986236572,0.2800614833831787,3,3,3,1,1,1,3,3,1,TRUE,C
O15254,ACOX3,10,10,10,23,2.934065103530884,0.35628044605255127,0,3,2,3,3,3,3,3,3,FALSE,A
O15258,RER1,5,6,5,27,4.029836654663086,0.8639605045318604,3,3,3,3,3,3,3,3,3,FALSE,A
O15260,SURF4,6,8,6,27,5.054530382156372,0.8573499321937561,3,3,3,3,3,3,3,3,3,FALSE,A
O15265,ATXN7,11,11,11,25,2.726710081100464,0.08612492680549622,1,3,3,3,3,3,3,3,3,FALSE,A
O15269,SPTLC1,14,17,14,27,3.6847991943359375,0.555569589138031,3,3,3,3,3,3,3,3,3,FALSE,A
O15270,SPTLC2,17,19,17,27,3.63692843914032,0.6655429899692535,3,3,3,3,3,3,3,3,3,FALSE,A
O15287,FANCG,6,6,6,22,2.348998785018921,0.18401457369327545,0,2,2,3,3,3,3,3,3,FALSE,A
O15294,OGT,31,39,31,27,3.555966019630432,0.77100870013237,3,3,3,3,3,3,3,3,3,FALSE,A
O15297,PPM1D,3,3,3,27,3.3643860816955566,0.7969251275062561,3,3,3,3,3,3,3,3,3,FALSE,A
O15304,SIVA1,1,1,1,21,4.421049118041992,0.47419655323028564,3,3,0,3,3,3,3,3,0,TRUE,B
O15305,PMM2,10,13,10,27,3.8323304653167725,0.7755731642246246,3,3,3,3,3,3,3,3,3,FALSE,A
O15318,POLR3G,6,6,6,27,3.3058239221572876,0.6474407017230988,3,3,3,3,3,3,3,3,3,FALSE,A
O15321,TM9SF1,6,7,6,27,3.013822317123413,0.5244168639183044,3,3,3,3,3,3,3,3,3,FALSE,A
O15344,MID1,15,19,15,27,3.4254579544067383,0.5598593652248383,3,3,3,3,3,3,3,3,3,FALSE,A
O15347,HMGB3,11,16,11,27,5.755898475646973,0.9563556909561157,3,3,3,3,3,3,3,3,3,FALSE,A
O15350,TP73,5,5,5,25,2.6074790954589844,0.5520584583282471,2,3,2,3,3,3,3,3,3,FALSE,A
O15355,PPM1G,17,24,17,27,4.769785404205322,0.901797354221344,3,3,3,3,3,3,3,3,3,FALSE,A
O15357,INPPL1,28,28,28,27,2.7374075651168823,0.4298946261405945,3,3,3,3,3,3,3,3,3,FALSE,A
O15360,FANCA,4,4,4,23,2.990450143814087,0.2041882574558258,0,3,2,3,3,3,3,3,3,FALSE,A
O15370,SOX12,3,3,3,24,2.392766833305359,0.33220377564430237,3,2,2,3,3,3,3,3,2,FALSE,A
O15371,EIF3D,28,38,28,27,4.521081447601318,0.8719339966773987,3,3,3,3,3,3,3,3,3,FALSE,A
O15372,EIF3H,20,28,20,27,4.286014795303345,0.845537930727005,3,3,3,3,3,3,3,3,3,FALSE,A
O15379,HDAC3,7,8,7,26,3.5143661499023438,0.7131043672561646,2,3,3,3,3,3,3,3,3,FALSE,A
O15381,NVL,42,58,42,27,4.354619979858398,0.8725677728652954,3,3,3,3,3,3,3,3,3,FALSE,A
O15382,BCAT2,15,26,15,27,4.541274070739746,0.850779801607132,3,3,3,3,3,3,3,3,3,FALSE,A
O15392,BIRC5,9,12,9,27,4.051726818084717,0.7461488842964172,3,3,3,3,3,3,3,3,3,FALSE,A
O15397,IPO8,23,28,23,27,3.627910017967224,0.8321381211280823,3,3,3,3,3,3,3,3,3,FALSE,A
O15400,STX7,8,9,8,27,5.636072635650635,0.9359110593795776,3,3,3,3,3,3,3,3,3,FALSE,A
O15409,FOXP2,6,7,6,22,2.691183090209961,0.6253342628479004,0,3,1,3,3,3,3,3,3,FALSE,A
O15417,TNRC18,24,24,24,27,3.110175848007202,0.3479428291320801,3,3,3,3,3,3,3,3,3,FALSE,A
O15431,SLC31A1,1,2,2,5,3.8961262702941895,0.9000612497329712,0,3,2,0,0,0,0,0,0,TRUE,C
O15439,ABCC4,2,2,2,24,3.230841279029846,0.26246781647205353,0,3,3,3,3,3,3,3,3,FALSE,A
O15446,POLR1G,13,17,13,27,5.139908790588379,0.9096928834915161,3,3,3,3,3,3,3,3,3,FALSE,A
O15460,P4HA2,22,27,22,27,4.615421772003174,0.8818758726119995,3,3,3,3,3,3,3,3,3,FALSE,A
O15488,GYG2,2,2,2,25,3.2473955154418945,0.8289766609668732,2,3,2,3,3,3,3,3,3,FALSE,A
O15498,YKT6,11,16,11,27,4.169543266296387,0.8149483799934387,3,3,3,3,3,3,3,3,3,FALSE,A
O15504,NUP42,11,12,11,27,4.144222259521484,0.6082851886749268,3,3,3,3,3,3,3,3,3,FALSE,A
O15511,ARPC5,3,4,3,27,6.299042701721191,0.9565711617469788,3,3,3,3,3,3,3,3,3,FALSE,A
O15514,POLR2D,7,9,7,27,3.583772659301758,0.7530680894851685,3,3,3,3,3,3,3,3,3,FALSE,A
O15516,CLOCK,2,2,2,12,2.315668821334839,0,0,3,2,1,0,0,2,2,2,FALSE,A
O15525,MAFG,3,3,3,27,3.7970821857452393,0.8975549936294556,3,3,3,3,3,3,3,3,3,FALSE,A
O15527,OGG1,4,4,4,22,2.320733428001404,0.34926480054855347,0,2,2,3,3,3,3,3,3,FALSE,A
O15530,PDPK1,4,4,4,26,2.352710723876953,0.8501731753349304,3,3,2,3,3,3,3,3,3,FALSE,A
O15533,TAPBP,3,3,3,26,3.11539626121521,0.3562932759523392,3,3,2,3,3,3,3,3,3,FALSE,A
O15541,RNF113A,11,12,11,27,4.246962547302246,0.9062464535236359,3,3,3,3,3,3,3,3,3,FALSE,A
O15550,KDM6A,11,13,11,24,3.0024924278259277,0.36396270990371704,1,3,2,3,3,3,3,3,3,FALSE,A
O43143,DHX15,40,66,40,27,5.016393423080444,0.9119931161403656,3,3,3,3,3,3,3,3,3,FALSE,A
O43148,RNMT,13,14,13,27,4.2092132568359375,0.6385684609413147,3,3,3,3,3,3,3,3,3,FALSE,A
O43149,ZZEF1,14,14,14,25,2.5145950317382813,0.07734857872128487,2,3,2,3,3,3,3,3,3,FALSE,A
O43156,TTI1,11,11,11,24,2.77502179145813,0.6411244869232178,1,3,2,3,3,3,3,3,3,FALSE,A
O43159,RRP8,19,27,19,27,4.435689449310303,0.8707106709480286,3,3,3,3,3,3,3,3,3,FALSE,A
O43164,PJA2,4,4,4,16,2.8474478721618652,0.43521472811698914,3,3,3,3,2,0,1,1,0,FALSE,A
O43166,SIPA1L1,7,7,7,26,2.9166873693466187,0.46399249136447906,3,3,2,3,3,3,3,3,3,FALSE,A
O43167,ZBTB24,4,6,4,24,3.0100271701812744,0.6675177216529846,2,3,3,3,2,2,3,3,3,FALSE,A
O43169,CYB5B,3,5,3,27,6.357931137084961,0.935133695602417,3,3,3,3,3,3,3,3,3,FALSE,A
O43172,PRPF4,24,36,24,27,4.769078016281128,0.8909181952476501,3,3,3,3,3,3,3,3,3,FALSE,A
O43175,PHGDH,26,41,26,27,5.861930847167969,0.9454299211502075,3,3,3,3,3,3,3,3,3,FALSE,A
O43181,NDUFS4,6,9,6,27,4.854365348815918,0.9018183946609497,3,3,3,3,3,3,3,3,3,FALSE,A
O43189,PHF1,9,10,9,26,2.7036482095718384,0.3628422021865845,2,3,3,3,3,3,3,3,3,FALSE,A
O43237,DYNC1LI2,16,18,16,27,4.321423053741455,0.8193828761577606,3,3,3,3,3,3,3,3,3,FALSE,A
O43242,PSMD3,34,46,34,27,4.656741142272949,0.8762903809547424,3,3,3,3,3,3,3,3,3,FALSE,A
O43248,HOXC11,6,6,6,27,2.7337708473205566,0.41416630148887634,3,3,3,3,3,3,3,3,3,FALSE,A
O43251,RBFOX2,1,1,1,25,4.406765937805176,0.7354967594146729,2,3,2,3,3,3,3,3,3,TRUE,B
O43252,PAPSS1,27,34,27,27,3.8514842987060547,0.7999237179756165,3,3,3,3,3,3,3,3,3,FALSE,A
O43257,ZNHIT1,4,4,4,27,2.9153560400009155,0.6392425000667572,3,3,3,3,3,3,3,3,3,FALSE,A
O43264,ZW10,21,23,21,27,3.3483595848083496,0.6546692848205566,3,3,3,3,3,3,3,3,3,FALSE,A
O43286,B4GALT5,6,7,6,23,3.9167304039001465,0.7931661903858185,2,3,3,3,2,1,3,3,3,FALSE,A
O43290,SART1,44,64,44,27,5.1577653884887695,0.9304633736610413,3,3,3,3,3,3,3,3,3,FALSE,A
O43291,SPINT2,9,12,9,27,4.240429878234863,0.716317892074585,3,3,3,3,3,3,3,3,3,FALSE,A
O43292,GPAA1,4,4,4,25,4.21700382232666,0.8310002684593201,1,3,3,3,3,3,3,3,3,FALSE,A
O43293,DAPK3,3,3,3,21,2.4154224395751953,0,0,3,3,1,3,2,3,3,3,FALSE,A
O43294,TGFB1I1,8,8,8,24,3.55310595035553,0.656334638595581,3,3,3,3,3,2,3,3,1,FALSE,A
O43298,ZBTB43,4,4,4,26,2.7496445178985596,0.15429455041885376,3,3,2,3,3,3,3,3,3,FALSE,A
O43299,AP5Z1,2,2,2,21,2.4927802085876465,0.07741043716669083,0,3,1,3,3,3,3,3,2,FALSE,A
O43301,HSPA12A,11,11,11,26,3.8646240234375,0.6824995577335358,2,3,3,3,3,3,3,3,3,FALSE,A
O43303,CCP110,9,9,9,25,2.867732286453247,0.18578249961137772,1,3,3,3,3,3,3,3,3,FALSE,A
O43310,CTIF,11,13,11,27,2.707131266593933,0.4396301209926605,3,3,3,3,3,3,3,3,3,FALSE,A
O43314,PPIP5K2,17,18,17,27,3.129551887512207,0.26267170906066895,3,3,3,3,3,3,3,3,3,FALSE,A
O43318,MAP3K7,17,24,17,27,3.761828660964966,0.8020256459712982,3,3,3,3,3,3,3,3,3,FALSE,A
O43324,EEF1E1,8,11,8,27,4.732947826385498,0.9136905670166016,3,3,3,3,3,3,3,3,3,FALSE,A
O43325,LYRM1,2,2,2,7,2.5598998069763184,0,1,3,3,0,0,0,0,0,0,FALSE,A
O43347,MSI1,9,10,9,27,4.44832181930542,0.7357118129730225,3,3,3,3,3,3,3,3,3,FALSE,A
O43353,RIPK2,4,4,4,13,2.5972843170166016,0.41614893078804016,0,3,2,0,1,0,2,3,2,FALSE,A
O43379,WDR62,12,13,12,26,3.032877206802368,0.6044052541255951,3,3,2,3,3,3,3,3,3,FALSE,A
O43390,HNRNPR,25,46,25,27,5.738321304321289,0.956288754940033,3,3,3,3,3,3,3,3,3,FALSE,A
O43395,PRPF3,32,44,32,27,5.085322141647339,0.9144212305545807,3,3,3,3,3,3,3,3,3,FALSE,A
O43396,TXNL1,15,19,15,27,4.386591911315918,0.8213687539100647,3,3,3,3,3,3,3,3,3,FALSE,A
O43399,TPD52L2,15,22,15,27,5.313453674316406,0.9341701865196228,3,3,3,3,3,3,3,3,3,FALSE,A
O43402,EMC8,10,15,10,27,3.4972100257873535,0.721162736415863,3,3,3,3,3,3,3,3,3,FALSE,A
O43405,COCH,1,1,1,15,2.5808122158050537,0.5952159762382507,2,3,3,2,3,1,1,0,0,TRUE,C
O43414,ERI3,7,8,7,27,3.051023244857788,0.7507995963096619,3,3,3,3,3,3,3,3,3,FALSE,A
O43422,THAP12,6,6,6,27,2.855435371398926,0.5657773911952972,3,3,3,3,3,3,3,3,3,FALSE,A
O43426,SYNJ1,15,16,15,26,3.0589189529418945,0.4494960606098175,3,3,2,3,3,3,3,3,3,FALSE,A
O43427,FIBP,7,7,7,26,3.473337769508362,0.7424702644348145,2,3,3,3,3,3,3,3,3,FALSE,A
O43432,EIF4G3,29,35,29,27,3.440815567970276,0.7549983859062195,3,3,3,3,3,3,3,3,3,FALSE,A
O43439,CBFA2T2,5,5,5,26,2.7046974897384644,0.02813135553151369,3,3,3,3,3,3,3,3,2,FALSE,A
O43447,PPIH,11,17,11,27,5.23615026473999,0.9208147525787354,3,3,3,3,3,3,3,3,3,FALSE,A
O43463,SUV39H1,13,14,13,27,3.7453925609588623,0.5121034383773804,3,3,3,3,3,3,3,3,3,FALSE,A
O43464,HTRA2,8,9,8,27,4.210998058319092,0.6364158987998962,3,3,3,3,3,3,3,3,3,FALSE,A
O43474,KLF4,1,1,1,26,3.574363589286804,0.003952459432184696,3,2,3,3,3,3,3,3,3,TRUE,C
O43482,OIP5,4,4,4,27,3.4980971813201904,0.8187962174415588,3,3,3,3,3,3,3,3,3,FALSE,A
O43488,AKR7A2,8,12,8,27,5.009836435317993,0.8999156951904297,3,3,3,3,3,3,3,3,3,FALSE,A
O43491,EPB41L2,37,47,37,27,5.247326612472534,0.9209648072719574,3,3,3,3,3,3,3,3,3,FALSE,A
O43493,TGOLN2,10,11,10,27,4.464975833892822,0.8267667889595032,3,3,3,3,3,3,3,3,3,FALSE,A
O43502,RAD51C,8,8,8,27,3.7032376527786255,0.7183497548103333,3,3,3,3,3,3,3,3,3,FALSE,A
O43504,LAMTOR5,2,2,2,22,3.696331262588501,0.48194386065006256,3,3,3,3,3,3,3,1,0,FALSE,A
O43505,B4GAT1,11,14,11,27,4.213687896728516,0.8430335819721222,3,3,3,3,3,3,3,3,3,FALSE,A
O43513,MED7,3,4,3,17,3.1427597999572754,0.41873231530189514,1,2,0,3,3,2,2,2,2,FALSE,A
O43516,WIPF1,13,16,13,27,3.772883653640747,0.7045463621616364,3,3,3,3,3,3,3,3,3,FALSE,A
O43521,BCL2L11,4,5,4,27,3.795034885406494,0.712677538394928,3,3,3,3,3,3,3,3,3,FALSE,A
O43524,FOXO3,6,6,6,27,4.389182090759277,0.5878008008003235,3,3,3,3,3,3,3,3,3,FALSE,A
O43529,CHST10,1,1,1,3,1.9265077114105225,0.1804358810186386,0,1,2,0,0,0,0,0,0,TRUE,C
O43542,XRCC3,6,6,6,25,3.9709556102752686,0.5958729982376099,2,3,2,3,3,3,3,3,3,FALSE,A
O43556,SGCE,3,3,3,5,3.152427077293396,0.16012783348560333,0,3,2,0,0,0,0,0,0,FALSE,A
O43567,RNF13,4,4,4,27,3.1801466941833496,0.8505687713623047,3,3,3,3,3,3,3,3,3,FALSE,A
O43572,AKAP10,3,3,3,18,2.094574451446533,0,0,2,2,3,2,3,2,1,3,FALSE,A
O43583,DENR,9,12,9,27,4.53451132774353,0.8995486497879028,3,3,3,3,3,3,3,3,3,FALSE,A
O43592,XPOT,30,37,30,27,3.8665692806243896,0.8106943368911743,3,3,3,3,3,3,3,3,3,FALSE,A
O43597,SPRY2,3,3,3,10,3.4299144744873047,0.8652372062206268,2,3,3,0,0,0,0,1,1,FALSE,A
O43598,DNPH1,7,10,7,27,4.571656942367554,0.882012665271759,3,3,3,3,3,3,3,3,3,FALSE,A
O43615,TIMM44,23,31,23,27,4.679450988769531,0.8116028904914856,3,3,3,3,3,3,3,3,3,FALSE,A
O43617,TRAPPC3,6,6,6,27,5.253450393676758,0.9016366004943848,3,3,3,3,3,3,3,3,3,FALSE,A
O43633,CHMP2A,9,10,9,27,4.813058853149414,0.9205707311630249,3,3,3,3,3,3,3,3,3,FALSE,A
O43639,NCK2,8,8,8,27,3.4554531574249268,0.7522130012512207,3,3,3,3,3,3,3,3,3,FALSE,A
O43657,TSPAN6,7,10,7,27,4.333158016204834,0.9354055821895599,3,3,3,3,3,3,3,3,3,FALSE,A
O43660,PLRG1,26,45,26,27,5.356976509094238,0.9085916876792908,3,3,3,3,3,3,3,3,3,FALSE,A
O43663,PRC1,24,34,24,27,3.8627432584762573,0.7794515192508698,3,3,3,3,3,3,3,3,3,FALSE,A
O43665,RGS10,8,10,8,27,3.8898714780807495,0.7226583063602448,3,3,3,3,3,3,3,3,3,FALSE,A
O43670,ZNF207,8,15,8,27,5.367237091064453,0.9329863786697388,3,3,3,3,3,3,3,3,3,FALSE,A
O43674,NDUFB5,5,7,5,27,3.809356212615967,0.6530647277832031,3,3,3,3,3,3,3,3,3,FALSE,A
O43676,NDUFB3,4,5,4,27,5.645434141159058,0.960272878408432,3,3,3,3,3,3,3,3,3,FALSE,A
O43677,NDUFC1,2,3,2,17,3.166454553604126,0.8689439296722412,3,2,0,2,3,3,3,1,0,FALSE,A
O43678,NDUFA2,4,7,4,27,5.472320318222046,0.9385866820812225,3,3,3,3,3,3,3,3,3,FALSE,A
O43681,GET3,11,17,11,27,4.5234055519104,0.8817935585975647,3,3,3,3,3,3,3,3,3,FALSE,A
O43683,BUB1,17,19,17,27,2.650743007659912,0.2060747593641281,3,3,3,3,3,3,3,3,3,FALSE,A
O43684,BUB3,15,22,15,27,5.659180164337158,0.9370567798614502,3,3,3,3,3,3,3,3,3,FALSE,A
O43707,ACTN4,42,68,42,27,5.386653423309326,0.9506017565727234,3,3,3,3,3,3,3,3,3,FALSE,A
O43708,GSTZ1,7,10,7,27,4.112092018127441,0.8294479846954346,3,3,3,3,3,3,3,3,3,FALSE,A
O43709,BUD23,6,8,6,27,4.217670917510986,0.7390329837799072,3,3,3,3,3,3,3,3,3,FALSE,A
O43715,TRIAP1,4,5,4,24,3.3023658990859985,0.8282834589481354,3,2,3,3,3,3,3,2,2,FALSE,A
O43716,GATC,3,3,3,27,3.1865140199661255,0,3,3,3,3,3,3,3,3,3,FALSE,A
O43719,HTATSF1,23,37,23,27,4.736041784286499,0.8876459300518036,3,3,3,3,3,3,3,3,3,FALSE,A
O43741,PRKAB2,6,6,6,27,2.963196277618408,0.8002057075500488,3,3,3,3,3,3,3,3,3,FALSE,A
O43747,AP1G1,24,28,24,27,3.805510401725769,0.8388761878013611,3,3,3,3,3,3,3,3,3,FALSE,A
O43752,STX6,9,9,9,27,4.455146789550781,0.7789000570774078,3,3,3,3,3,3,3,3,3,FALSE,A
O43759,SYNGR1,2,2,2,27,5.199803829193115,0.6744465827941895,3,3,3,3,3,3,3,3,3,FALSE,A
O43760,SYNGR2,4,4,4,27,4.486751079559326,0.8067842125892639,3,3,3,3,3,3,3,3,3,FALSE,A
O43765,SGTA,8,11,8,27,4.749902725219727,0.8805532455444336,3,3,3,3,3,3,3,3,3,FALSE,A
O43766,LIAS,3,3,3,23,2.1274805068969727,0.0370979979634285,2,3,3,3,3,3,3,2,1,FALSE,A
O43768,ENSA,10,18,10,27,4.804259777069092,0.9191264510154724,3,3,3,3,3,3,3,3,3,FALSE,A
O43772,SLC25A20,5,5,5,25,3.725461483001709,0.5689352452754974,1,3,3,3,3,3,3,3,3,FALSE,A
O43776,NARS1,22,28,22,27,5.796087741851807,0.9375647306442261,3,3,3,3,3,3,3,3,3,FALSE,A
O43791,SPOP,1,1,1,7,2.2981910705566406,0.5405611991882324,2,3,2,0,0,0,0,0,0,TRUE,C
O43795,MYO1B,22,24,22,26,3.064889907836914,0.6657878756523132,2,3,3,3,3,3,3,3,3,FALSE,A
O43805,SSNA1,2,2,2,27,4.432642459869385,0.6684335470199585,3,3,3,3,3,3,3,3,3,FALSE,A
O43808,SLC25A17,7,9,7,27,3.7188082933425903,0.736055314540863,3,3,3,3,3,3,3,3,3,FALSE,A
O43809,NUDT21,15,24,15,27,5.949012041091919,0.9558324813842773,3,3,3,3,3,3,3,3,3,FALSE,A
O43813,LANCL1,12,15,12,27,3.894738793373108,0.8273036777973175,3,3,3,3,3,3,3,3,3,FALSE,A
O43815,STRN,27,36,27,27,3.705299139022827,0.7912644743919373,3,3,3,3,3,3,3,3,3,FALSE,A
O43818,RRP9,20,25,20,27,5.093200206756592,0.9267877042293549,3,3,3,3,3,3,3,3,3,FALSE,A
O43819,SCO2,7,7,7,27,3.765308380126953,0.5820741653442383,3,3,3,3,3,3,3,3,3,FALSE,A
O43822,CFAP410,3,3,3,25,2.9057085514068604,0.7401277422904968,2,3,3,3,3,3,3,3,2,FALSE,A
O43823,AKAP8,23,33,23,27,4.365572929382324,0.8230416774749756,3,3,3,3,3,3,3,3,3,FALSE,A
O43824,GTPBP6,11,12,11,25,3.2613428831100464,0.5689642131328583,1,3,3,3,3,3,3,3,3,FALSE,A
O43826,SLC37A4,2,2,2,22,3.337759494781494,0.6623884439468384,0,2,2,3,3,3,3,3,3,FALSE,A
O43829,ZBTB14,5,5,5,27,3.2975125312805176,0.4482184648513794,3,3,3,3,3,3,3,3,3,FALSE,A
O43837,IDH3B,17,26,17,27,4.4037766456604,0.8412076830863953,3,3,3,3,3,3,3,3,3,FALSE,A
O43847,NRDC,30,37,30,27,3.7879652976989746,0.7643509805202484,3,3,3,3,3,3,3,3,3,FALSE,A
O43852,CALU,20,28,20,27,5.1169915199279785,0.9284278154373169,3,3,3,3,3,3,3,3,3,FALSE,A
O43854,EDIL3,8,9,8,11,2.784829616546631,0.4436517357826233,2,3,3,0,0,0,0,0,3,FALSE,A
O43865,AHCYL1,10,13,10,27,3.9366068840026855,0.7704333662986755,3,3,3,3,3,3,3,3,3,FALSE,A
O43896,KIF1C,22,24,22,27,3.044708490371704,0.5111533403396606,3,3,3,3,3,3,3,3,3,FALSE,A
O43900,PRICKLE3,3,3,3,27,2.9526050090789795,0,3,3,3,3,3,3,3,3,3,FALSE,A
O43913,ORC5,15,19,15,27,3.4170870780944824,0.7634080052375793,3,3,3,3,3,3,3,3,3,FALSE,A
O43920,NDUFS5,7,11,7,27,5.115749359130859,0.9451965391635895,3,3,3,3,3,3,3,3,3,FALSE,A
O43924,PDE6D,4,5,4,27,5.55389404296875,0.9725729823112488,3,3,3,3,3,3,3,3,3,FALSE,A
O43929,ORC4,17,22,17,27,3.324051856994629,0.7693170607089996,3,3,3,3,3,3,3,3,3,FALSE,A
O43933,PEX1,2,2,2,22,3.072772979736328,0.27419543266296387,0,3,1,3,3,3,3,3,3,FALSE,A
O60216,RAD21,30,41,30,27,4.787642955780029,0.8820879459381104,3,3,3,3,3,3,3,3,3,FALSE,A
O60218,AKR1B10,2,2,2,1,3.889839291572571,0.6098068356513977,1,0,0,0,0,0,0,0,0,FALSE,A
O60220,TIMM8A,3,3,3,27,3.6371099948883057,0.8325726687908173,3,3,3,3,3,3,3,3,3,FALSE,A
O60231,DHX16,32,37,32,27,4.577005863189697,0.8183242082595825,3,3,3,3,3,3,3,3,3,FALSE,A
O60232,ZNRD2,3,3,3,20,3.404171586036682,0.8550269603729248,3,3,3,3,2,3,2,1,0,FALSE,A
O60237,PPP1R12B,9,9,9,27,2.781164526939392,0.14924850314855576,3,3,3,3,3,3,3,3,3,FALSE,A
O60238,BNIP3L,1,2,1,25,3.0183498859405518,0,3,3,3,3,3,3,3,3,1,TRUE,C
O60239,SH3BP5,5,5,5,25,3.1498677730560303,0.5438541173934937,3,3,3,3,3,3,3,3,1,FALSE,A
O60244,MED14,32,34,32,26,3.168036937713623,0.5954430103302002,2,3,3,3,3,3,3,3,3,FALSE,A
O60245,PCDH7,19,28,19,27,3.5769001245498657,0.639057993888855,3,3,3,3,3,3,3,3,3,FALSE,A
O60256,PRPSAP2,19,30,19,27,5.211647987365723,0.9124014973640442,3,3,3,3,3,3,3,3,3,FALSE,A
O60262,GNG7,2,3,2,27,4.159781455993652,0.8343423008918762,3,3,3,3,3,3,3,3,3,FALSE,A
O60264,SMARCA5,46,67,46,27,5.438210964202881,0.9265820384025574,3,3,3,3,3,3,3,3,3,FALSE,A
O60271,SPAG9,44,57,44,27,4.09016752243042,0.7713780999183655,3,3,3,3,3,3,3,3,3,FALSE,A
O60279,SUSD5,2,2,2,12,2.320178747177124,0.5974966883659363,2,3,3,2,1,0,0,0,1,FALSE,A
O60281,ZNF292,24,25,24,27,3.056989312171936,0.4454144388437271,3,3,3,3,3,3,3,3,3,FALSE,A
O60282,KIF5C,17,18,17,27,3.4990103244781494,0.3587445020675659,3,3,3,3,3,3,3,3,3,FALSE,A
O60287,URB1,71,83,71,26,3.672300338745117,0.8029894232749939,2,3,3,3,3,3,3,3,3,FALSE,A
O60291,MGRN1,10,12,10,27,2.717825412750244,0.48896414041519165,3,3,3,3,3,3,3,3,3,FALSE,A
O60292,SIPA1L3,21,21,21,27,2.887207269668579,0.009314829483628273,3,3,3,3,3,3,3,3,3,FALSE,A
O60293,ZFC3H1,19,20,19,27,2.9730385541915894,0.48007892072200775,3,3,3,3,3,3,3,3,3,FALSE,A
O60294,LCMT2,5,5,5,20,2.4384868144989014,0.6577566266059875,0,3,2,2,3,2,3,3,2,FALSE,A
O60299,LZTS3,10,10,10,27,3.16880202293396,0.48214660584926605,3,3,3,3,3,3,3,3,3,FALSE,A
O60306,AQR,60,77,60,27,3.926842212677002,0.8343947231769562,3,3,3,3,3,3,3,3,3,FALSE,A
O60313,OPA1,17,19,17,26,2.8763803243637085,0.36446288228034973,3,3,3,3,3,3,2,3,3,FALSE,A
O60315,ZEB2,20,23,20,27,3.415140151977539,0.5913738310337067,3,3,3,3,3,3,3,3,3,FALSE,A
O60318,MCM3AP,22,22,22,27,2.483589291572571,0.24822265654802322,3,3,3,3,3,3,3,3,3,FALSE,A
O60331,PIP5K1C,5,5,5,21,2.5333006381988525,0.43507835268974304,2,3,2,3,3,1,3,2,2,FALSE,A
O60333,KIF1B,9,9,9,27,3.529597043991089,0.23737651854753494,3,3,3,3,3,3,3,3,3,FALSE,A
O60337,MARCHF6,2,2,2,21,2.2290446758270264,0,0,3,2,3,3,3,2,2,3,FALSE,A
O60341,KDM1A,30,39,30,27,3.7731261253356934,0.8051923513412476,3,3,3,3,3,3,3,3,3,FALSE,A
O60343,TBC1D4,29,34,29,27,3.399637460708618,0.6228387355804443,3,3,3,3,3,3,3,3,3,FALSE,A
O60347,TBC1D12,1,1,1,15,2.778388261795044,0.5190566182136536,0,0,1,3,3,1,3,2,2,TRUE,C
O60353,FZD6,3,3,3,16,2.697336435317993,0.30760109424591064,0,3,2,3,3,0,2,2,1,FALSE,A
O60361,NME2P1,1,2,1,27,5.458204746246338,0.9651205539703369,3,3,3,3,3,3,3,3,3,TRUE,B
O60427,FADS1,2,2,2,22,3.32938814163208,0.6019706726074219,0,2,2,3,3,3,3,3,3,FALSE,A
O60443,GSDME,8,8,8,27,3.40655517578125,0.7132725715637207,3,3,3,3,3,3,3,3,3,FALSE,A
O60447,EVI5,2,2,2,15,2.6009000539779663,0.27938728779554367,0,2,0,2,2,3,2,2,2,FALSE,A
O60462,NRP2,10,10,10,27,2.938246965408325,0.5642371773719788,3,3,3,3,3,3,3,3,3,FALSE,A
O60476,MAN1A2,8,8,8,27,3.0948545932769775,0.6225215196609497,3,3,3,3,3,3,3,3,3,FALSE,A
O60488,ACSL4,22,27,22,27,3.5471540689468384,0.5932576358318329,3,3,3,3,3,3,3,3,3,FALSE,A
O60493,SNX3,8,11,8,27,4.630396842956543,0.9106787145137787,3,3,3,3,3,3,3,3,3,FALSE,A
O60499,STX10,9,11,9,27,3.7520124912261963,0.6362938284873962,3,3,3,3,3,3,3,3,3,FALSE,A
O60502,OGA,29,34,29,27,3.539077043533325,0.7394354343414307,3,3,3,3,3,3,3,3,3,FALSE,A
O60504,SORBS3,8,8,9,27,3.4315186738967896,0.48436620831489563,3,3,3,3,3,3,3,3,3,FALSE,A
O60506,SYNCRIP,21,35,21,27,5.546279668807983,0.9537495374679565,3,3,3,3,3,3,3,3,3,FALSE,A
O60507,TPST1,3,3,3,24,2.6489137411117554,0.12449936196208,1,3,2,3,3,3,3,3,3,FALSE,A
O60508,CDC40,25,31,25,27,4.01054048538208,0.7831162214279175,3,3,3,3,3,3,3,3,3,FALSE,A
O60512,B4GALT3,6,7,6,27,2.8256821632385254,0.7426841855049133,3,3,3,3,3,3,3,3,3,FALSE,A
O60513,B4GALT4,2,2,2,3,2.7081871032714844,0,0,1,2,0,0,0,0,0,0,FALSE,A
O60518,RANBP6,7,7,7,24,3.113765835762024,0.43087485432624817,2,3,2,3,3,2,3,3,3,FALSE,A
O60524,NEMF,25,33,25,27,3.6424912214279175,0.6640664935112,3,3,3,3,3,3,3,3,3,FALSE,A
O60547,GMDS,19,28,19,27,4.757044553756714,0.8625450730323792,3,3,3,3,3,3,3,3,3,FALSE,A
O60548,FOXD2,1,1,1,19,2.4962522983551025,0.7202032208442688,2,3,2,1,1,2,3,3,2,TRUE,C
O60551,NMT2,6,6,6,26,3.318797469139099,0.4394598752260208,2,3,3,3,3,3,3,3,3,FALSE,A
O60563,CCNT1,12,18,12,27,4.076356649398804,0.7632238268852234,3,3,3,3,3,3,3,3,3,FALSE,A
O60566,BUB1B,14,14,14,26,3.196195960044861,0.6648220717906952,2,3,3,3,3,3,3,3,3,FALSE,A
O60568,PLOD3,32,40,32,27,4.137731075286865,0.8314719200134277,3,3,3,3,3,3,3,3,3,FALSE,A
O60573,EIF4E2,9,11,9,27,4.453512191772461,0.8432524502277374,3,3,3,3,3,3,3,3,3,FALSE,A
O60583,CCNT2,8,10,8,27,3.818227171897888,0.6625215411186218,3,3,3,3,3,3,3,3,3,FALSE,A
O60610,DIAPH1,42,49,42,27,3.508610725402832,0.8088293075561523,3,3,3,3,3,3,3,3,3,FALSE,A
O60613,SELENOF,5,5,5,27,3.609090566635132,0.6684662103652954,3,3,3,3,3,3,3,3,3,FALSE,A
O60637,TSPAN3,2,2,2,27,5.309322834014893,0.9630486965179443,3,3,3,3,3,3,3,3,3,FALSE,A
O60645,EXOC3,8,8,8,27,3.342136859893799,0.7787269353866577,3,3,3,3,3,3,3,3,3,FALSE,A
O60664,PLIN3,18,25,18,27,4.671473264694214,0.8757586181163788,3,3,3,3,3,3,3,3,3,FALSE,A
O60671,RAD1,6,7,6,27,3.2837975025177,0.5190797448158264,3,3,3,3,3,3,3,3,3,FALSE,A
O60675,MAFK,2,2,2,16,2.795393943786621,0.3721839189529419,3,0,1,2,3,3,1,0,3,FALSE,A
O60678,PRMT3,16,19,16,27,3.755402088165283,0.7643803358078003,3,3,3,3,3,3,3,3,3,FALSE,A
O60684,KPNA6,11,15,11,27,4.580663442611694,0.8698700368404388,3,3,3,3,3,3,3,3,3,FALSE,A
O60701,UGDH,25,29,25,27,3.9479047060012817,0.7644086182117462,3,3,3,3,3,3,3,3,3,FALSE,A
O60704,TPST2,2,2,2,27,2.8622530698776245,0,3,3,3,3,3,3,3,3,3,FALSE,A
O60716,CTNND1,42,56,42,27,4.6311118602752686,0.8453028798103333,3,3,3,3,3,3,3,3,3,FALSE,A
O60725,ICMT,3,3,3,22,3.3516818284988403,0.695099264383316,0,3,2,3,3,3,2,3,3,FALSE,A
O60739,EIF1B,1,2,1,27,5.135320663452148,0.8877478241920471,3,3,3,3,3,3,3,3,3,TRUE,B
O60749,SNX2,20,26,20,27,4.844811677932739,0.9048047661781311,3,3,3,3,3,3,3,3,3,FALSE,A
O60762,DPM1,11,13,11,27,4.801384449005127,0.9189419150352478,3,3,3,3,3,3,3,3,3,FALSE,A
O60763,USO1,30,37,30,27,4.7303290367126465,0.8946232199668884,3,3,3,3,3,3,3,3,3,FALSE,A
O60765,ZNF354A,1,1,1,13,2.21646785736084,0,2,3,1,1,0,0,3,2,1,TRUE,C
O60779,SLC19A2,1,1,1,7,2.281951904296875,0.36617952585220337,1,3,2,0,0,0,0,0,1,TRUE,C
O60783,MRPS14,3,5,3,27,5.5884785652160645,0.9661297798156738,3,3,3,3,3,3,3,3,3,FALSE,A
O60784,TOM1,14,15,14,27,2.974379301071167,0.6384308636188507,3,3,3,3,3,3,3,3,3,FALSE,A
O60825,PFKFB2,16,17,16,27,3.158247232437134,0.5497604012489319,3,3,3,3,3,3,3,3,3,FALSE,A
O60826,CCDC22,26,27,26,27,3.8965651988983154,0.6947333216667175,3,3,3,3,3,3,3,3,3,FALSE,A
O60828,PQBP1,9,13,9,27,6.182088851928711,0.9663708806037903,3,3,3,3,3,3,3,3,3,FALSE,A
O60830,TIMM17B,5,6,5,24,3.2623109817504883,0.7357832789421082,1,3,3,3,3,3,2,3,3,FALSE,A
O60831,PRAF2,3,4,3,27,5.226566791534424,0.8565489947795868,3,3,3,3,3,3,3,3,3,FALSE,A
O60832,DKC1,34,53,34,27,5.582141160964966,0.9492326378822327,3,3,3,3,3,3,3,3,3,FALSE,A
O60841,EIF5B,54,79,54,27,4.950244188308716,0.9120141267776489,3,3,3,3,3,3,3,3,3,FALSE,A
O60869,EDF1,7,11,7,27,6.047738075256348,0.9668913781642914,3,3,3,3,3,3,3,3,3,FALSE,A
O60870,KIN,19,27,19,27,3.7921464443206787,0.8131779730319977,3,3,3,3,3,3,3,3,3,FALSE,A
O60879,DIAPH2,16,16,16,25,3.154165506362915,0.732866644859314,2,3,2,3,3,3,3,3,3,FALSE,A
O60884,DNAJA2,21,31,21,27,5.006998062133789,0.9247558116912842,3,3,3,3,3,3,3,3,3,FALSE,A
O60885,BRD4,27,42,27,27,4.820176124572754,0.8990119695663452,3,3,3,3,3,3,3,3,3,FALSE,A
O60888,CUTA,4,5,4,27,2.65625536441803,0.6784829199314117,3,3,3,3,3,3,3,3,3,FALSE,A
O60890,OPHN1,3,3,3,19,2.231964111328125,0.07087984681129456,0,1,0,3,3,3,3,3,3,FALSE,A
O60907,TBL1X,5,5,5,21,2.164112091064453,0.20589196681976318,0,3,2,3,3,1,3,3,3,FALSE,A
O60911,CTSV,10,10,10,27,3.236212968826294,0.6391726136207581,3,3,3,3,3,3,3,3,3,FALSE,A
O60921,HUS1,7,8,7,26,2.91880202293396,0.5527927577495575,2,3,3,3,3,3,3,3,3,FALSE,A
O60925,PFDN1,5,8,5,27,3.79963755607605,0.6304564476013184,3,3,3,3,3,3,3,3,3,FALSE,A
O60927,PPP1R11,5,7,5,27,4.460441589355469,0.8100991249084473,3,3,3,3,3,3,3,3,3,FALSE,A
O60930,RNASEH1,3,3,3,25,2.6894142627716064,0.6294991970062256,2,3,2,3,3,3,3,3,3,FALSE,A
O60934,NBN,27,31,27,27,3.9100860357284546,0.716204971075058,3,3,3,3,3,3,3,3,3,FALSE,A
O60941,DTNB,2,2,2,19,2.743121385574341,0.4382213056087494,0,1,2,3,2,3,2,3,3,FALSE,A
O60942,RNGTT,19,23,19,27,3.705665349960327,0.6869572997093201,3,3,3,3,3,3,3,3,3,FALSE,A
O75027,ABCB7,11,11,11,25,3.2660964727401733,0.5548727512359619,2,3,2,3,3,3,3,3,3,FALSE,A
O75030,MITF,4,5,4,27,3.533941626548767,0.6508960425853729,3,3,3,3,3,3,3,3,3,FALSE,A
O75044,SRGAP2,20,26,20,27,3.7376809120178223,0.7133368253707886,3,3,3,3,3,3,3,3,3,FALSE,A
O75051,PLXNA2,8,8,8,24,2.7337262630462646,0.3180544078350067,1,3,2,3,3,3,3,3,3,FALSE,A
O75052,NOS1AP,12,16,12,27,3.253870964050293,0.76241534948349,3,3,3,3,3,3,3,3,3,FALSE,A
O75054,IGSF3,26,28,26,27,3.3204063177108765,0.45650628209114075,3,3,3,3,3,3,3,3,3,FALSE,A
O75061,DNAJC6,6,6,6,24,2.832375168800354,0.552634984254837,1,3,2,3,3,3,3,3,3,FALSE,A
O75063,FAM20B,13,15,13,27,3.4180173873901367,0.6345861554145813,3,3,3,3,3,3,3,3,3,FALSE,A
O75071,EFCAB14,4,4,4,26,3.024531126022339,0.4278610646724701,3,3,3,3,3,3,3,3,2,FALSE,A
O75083,WDR1,26,40,26,27,4.571726083755493,0.9130730628967285,3,3,3,3,3,3,3,3,3,FALSE,A
O75084,FZD7,1,1,1,6,3.542334794998169,0.6775568127632141,1,3,2,0,0,0,0,0,0,TRUE,C
O75096,LRP4,3,3,3,12,2.546473264694214,0,0,3,2,2,1,1,1,0,2,FALSE,A
O75110,ATP9A,5,5,5,20,2.920008420944214,0.5843729972839355,0,3,2,2,3,2,2,3,3,FALSE,A
O75113,N4BP1,7,7,7,24,2.8780672550201416,0.42722174525260925,1,3,2,3,3,3,3,3,3,FALSE,A
O75116,ROCK2,35,43,36,27,3.5920485258102417,0.6621443927288055,3,3,3,3,3,3,3,3,3,FALSE,A
O75122,CLASP2,35,39,36,27,3.4131603240966797,0.6910984516143799,3,3,3,3,3,3,3,3,3,FALSE,A
O75123,ZNF623,3,3,3,20,2.472827434539795,0.20948150753974915,0,1,2,3,3,3,3,2,3,FALSE,A
O75127,PTCD1,12,12,12,27,3.5317115783691406,0.48912313580513,3,3,3,3,3,3,3,3,3,FALSE,A
O75128,COBL,15,16,15,24,3.0525158643722534,0.5022875666618347,1,3,2,3,3,3,3,3,3,FALSE,A
O75131,CPNE3,28,41,28,27,5.857041358947754,0.9562837481498718,3,3,3,3,3,3,3,3,3,FALSE,A
O75143,ATG13,8,9,8,27,2.9633185863494873,0.23955543339252472,3,3,3,3,3,3,3,3,3,FALSE,A
O75144,ICOSLG,3,3,3,26,3.0936102867126465,0.5432068109512329,3,3,3,3,3,3,3,3,2,FALSE,A
O75145,PPFIA3,3,3,3,24,2.8035110235214233,0,1,3,3,3,3,3,2,3,3,FALSE,A
O75146,HIP1R,18,20,18,26,3.334734320640564,0.6899083852767944,3,3,2,3,3,3,3,3,3,FALSE,A
O75147,OBSL1,25,27,25,27,2.9499285221099854,0.6195449531078339,3,3,3,3,3,3,3,3,3,FALSE,A
O75150,RNF40,35,47,35,27,5.035908222198486,0.9120969176292419,3,3,3,3,3,3,3,3,3,FALSE,A
O75151,PHF2,30,36,30,27,3.8843460083007813,0.7864048480987549,3,3,3,3,3,3,3,3,3,FALSE,A
O75152,ZC3H11A,23,30,23,27,4.579846620559692,0.8320623636245728,3,3,3,3,3,3,3,3,3,FALSE,A
O75153,CLUH,33,43,33,27,3.492294430732727,0.6683383285999298,3,3,3,3,3,3,3,3,3,FALSE,A
O75155,CAND2,25,26,25,25,3.0802149772644043,0.6941899955272675,2,3,2,3,3,3,3,3,3,FALSE,A
O75157,TSC22D2,2,2,2,9,3.5111156702041626,0.7002251446247101,3,3,3,0,0,0,0,0,0,FALSE,A
O75164,KDM4A,13,14,13,27,3.082512855529785,0.22088195383548737,3,3,3,3,3,3,3,3,3,FALSE,A
O75165,DNAJC13,24,24,24,24,3.2503079175949097,0.5360725522041321,1,3,2,3,3,3,3,3,3,FALSE,A
O75167,PHACTR2,9,10,9,27,3.3875880241394043,0.5165582299232483,3,3,3,3,3,3,3,3,3,FALSE,A
O75170,PPP6R2,4,5,4,26,3.1617228984832764,0.36993569135665894,3,3,2,3,3,3,3,3,3,FALSE,A
O75175,CNOT3,16,19,16,27,4.1926915645599365,0.8075472712516785,3,3,3,3,3,3,3,3,3,FALSE,A
O75177,SS18L1,2,2,2,13,3.191593885421753,0,1,0,1,2,2,1,1,3,2,FALSE,A
O75179,ANKRD17,27,30,27,27,3.6351754665374756,0.6529633402824402,3,3,3,3,3,3,3,3,3,FALSE,A
O75182,SIN3B,15,16,15,26,3.0204055309295654,0.7150616347789764,2,3,3,3,3,3,3,3,3,FALSE,A
O75190,DNAJB6,8,10,8,27,4.215191125869751,0.8449976742267609,3,3,3,3,3,3,3,3,3,FALSE,A
O75191,XYLB,6,7,6,25,2.8505332469940186,0.31816649436950684,2,3,2,3,3,3,3,3,3,FALSE,A
O75197,LRP5,1,1,1,6,2.7677098512649536,0.8142934441566467,0,3,2,1,0,0,0,0,0,TRUE,C
O75204,TMEM127,1,1,1,5,3.366882801055908,0.8807113170623779,0,3,2,0,0,0,0,0,0,TRUE,C
O75208,COQ9,7,11,7,27,3.703766345977783,0.7054151296615601,3,3,3,3,3,3,3,3,3,FALSE,A
O75223,GGCT,12,17,12,27,4.723008394241333,0.8307677507400513,3,3,3,3,3,3,3,3,3,FALSE,A
O75251,NDUFS7,5,5,5,27,5.001418828964233,0.8288614153862,3,3,3,3,3,3,3,3,3,FALSE,A
O75290,ZNF780A,3,4,3,27,2.6029696464538574,0.3184928745031357,3,3,3,3,3,3,3,3,3,FALSE,A
O75306,NDUFS2,20,30,20,27,4.626911640167236,0.8393730521202087,3,3,3,3,3,3,3,3,3,FALSE,A
O75312,ZPR1,11,12,11,27,4.059365272521973,0.6178348064422607,3,3,3,3,3,3,3,3,3,FALSE,A
O75317,USP12,2,2,2,22,2.526586413383484,0,2,3,3,2,2,2,3,2,3,FALSE,A
O75319,DUSP11,13,19,13,27,2.9373337030410767,0.6886440515518188,3,3,3,3,3,3,3,3,3,FALSE,A
O75323,NIPSNAP2,11,14,11,27,4.052026748657227,0.8382863998413086,3,3,3,3,3,3,3,3,3,FALSE,A
O75330,HMMR,28,33,28,27,3.801340341567993,0.7796656787395477,3,3,3,3,3,3,3,3,3,FALSE,A
O75339,CILP,4,4,4,9,2.7775511741638184,0.5547922849655151,3,3,3,0,0,0,0,0,0,FALSE,A
O75340,PDCD6,9,10,9,27,5.799976825714111,0.9508907198905945,3,3,3,3,3,3,3,3,3,FALSE,A
O75347,TBCA,13,22,13,27,6.138590335845947,0.9731442332267761,3,3,3,3,3,3,3,3,3,FALSE,A
O75348,ATP6V1G1,4,5,4,27,5.79027795791626,0.9631294012069702,3,3,3,3,3,3,3,3,3,FALSE,A
O75351,VPS4B,15,22,15,27,4.127864360809326,0.8291917443275452,3,3,3,3,3,3,3,3,3,FALSE,A
O75352,MPDU1,2,2,2,27,6.180881023406982,0.9766064882278442,3,3,3,3,3,3,3,3,3,FALSE,A
O75354,ENTPD6,4,4,4,14,2.3600313663482666,0.011509750969707966,1,3,2,1,1,3,2,0,1,FALSE,A
O75356,ENTPD5,5,5,5,20,2.3421056270599365,0,0,3,2,3,3,2,2,2,3,FALSE,A
O75362,ZNF217,12,12,12,27,3.198812484741211,0.5471747517585754,3,3,3,3,3,3,3,3,3,FALSE,A
O75367,MACROH2A1,17,32,17,27,6.26743483543396,0.9627198874950409,3,3,3,3,3,3,3,3,3,FALSE,A
O75368,SH3BGRL,7,9,7,27,5.328249931335449,0.9381731748580933,3,3,3,3,3,3,3,3,3,FALSE,A
O75369,FLNB,117,177,117,27,5.440430402755737,0.9363606572151184,3,3,3,3,3,3,3,3,3,FALSE,A
O75376,NCOR1,54,63,55,27,3.5187902450561523,0.5519549250602722,3,3,3,3,3,3,3,3,3,FALSE,A
O75379,VAMP4,4,6,4,27,4.268321514129639,0.8671800494194031,3,3,3,3,3,3,3,3,3,FALSE,A
O75380,NDUFS6,7,12,7,27,5.659695148468018,0.9272591769695282,3,3,3,3,3,3,3,3,3,FALSE,A
O75381,PEX14,11,16,11,27,4.687398433685303,0.8177664875984192,3,3,3,3,3,3,3,3,3,FALSE,A
O75382,TRIM3,15,15,15,26,2.955989360809326,0.563289612531662,2,3,3,3,3,3,3,3,3,FALSE,A
O75385,ULK1,3,3,3,20,2.926907539367676,0.14263717830181122,0,2,2,3,3,3,3,2,2,FALSE,A
O75386,TULP3,3,3,3,27,2.874056339263916,0,3,3,3,3,3,3,3,3,3,FALSE,A
O75390,CS,17,25,17,27,5.245511293411255,0.9445890486240387,3,3,3,3,3,3,3,3,3,FALSE,A
O75391,SPAG7,14,20,14,27,5.103038787841797,0.885534942150116,3,3,3,3,3,3,3,3,3,FALSE,A
O75394,MRPL33,2,3,2,27,5.5005810260772705,0.9541863203048706,3,3,3,3,3,3,3,3,3,FALSE,A
O75396,SEC22B,11,18,11,27,5.307520866394043,0.9296077489852905,3,3,3,3,3,3,3,3,3,FALSE,A
O75398,DEAF1,3,3,3,21,2.5357589721679688,0.04903356917202473,3,3,3,3,1,2,2,1,3,FALSE,A
O75400,PRPF40A,35,62,35,27,5.430588006973267,0.932090163230896,3,3,3,3,3,3,3,3,3,FALSE,A
O75410,TACC1,20,22,20,27,3.864047050476074,0.7546655535697937,3,3,3,3,3,3,3,3,3,FALSE,A
O75414,NME6,6,6,6,27,3.4797873497009277,0.7788057327270508,3,3,3,3,3,3,3,3,3,FALSE,A
O75419,CDC45,12,14,12,26,3.0946521759033203,0.7581612467765808,2,3,3,3,3,3,3,3,3,FALSE,A
O75420,GIGYF1,7,8,7,27,2.887045979499817,0.4419208765029907,3,3,3,3,3,3,3,3,3,FALSE,A
O75427,LRCH4,8,9,8,27,2.838099956512451,0.4406985491514206,3,3,3,3,3,3,3,3,3,FALSE,A
O75431,MTX2,10,13,10,27,3.9250904321670532,0.9124757945537567,3,3,3,3,3,3,3,3,3,FALSE,A
O75436,VPS26A,15,20,15,27,4.85526442527771,0.8952825367450714,3,3,3,3,3,3,3,3,3,FALSE,A
O75438,NDUFB1,5,5,5,27,4.992565155029297,0.7978311777114868,3,3,3,3,3,3,3,3,3,FALSE,A
O75439,PMPCB,18,25,18,27,4.244549512863159,0.8690194189548492,3,3,3,3,3,3,3,3,3,FALSE,A
O75444,MAF,2,3,2,27,4.232886552810669,0.8981513977050781,3,3,3,3,3,3,3,3,3,FALSE,A
O75446,SAP30,4,6,4,27,5.10133171081543,0.9296009540557861,3,3,3,3,3,3,3,3,3,FALSE,A
O75448,MED24,20,22,20,24,3.0934178829193115,0.623434454202652,1,3,2,3,3,3,3,3,3,FALSE,A
O75449,KATNA1,8,8,8,27,2.985788941383362,0.36308974027633667,3,3,3,3,3,3,3,3,3,FALSE,A
O75461,E2F6,3,3,3,27,3.312014102935791,0.47925183176994324,3,3,3,3,3,3,3,3,3,FALSE,A
O75467,ZNF324,2,2,2,6,2.643661141395569,0.5889748930931091,0,3,3,0,0,0,0,0,0,FALSE,A
O75474,FRAT2,2,2,2,21,2.785139799118042,0,3,3,2,2,3,3,3,2,0,FALSE,A
O75475,PSIP1,22,40,22,27,5.904299736022949,0.9585803151130676,3,3,3,3,3,3,3,3,3,FALSE,A
O75477,ERLIN1,7,10,7,27,3.5408403873443604,0.7403700947761536,3,3,3,3,3,3,3,3,3,FALSE,A
O75478,TADA2A,5,5,5,27,2.8797898292541504,0.6525761485099792,3,3,3,3,3,3,3,3,3,FALSE,A
O75486,SUPT3H,3,3,3,27,4.193497657775879,0.7317896485328674,3,3,3,3,3,3,3,3,3,FALSE,A
O75487,GPC4,16,22,16,27,3.9121174812316895,0.7987127900123596,3,3,3,3,3,3,3,3,3,FALSE,A
O75489,NDUFS3,12,18,12,27,5.229224681854248,0.9221308827400208,3,3,3,3,3,3,3,3,3,FALSE,A
O75494,SRSF10,7,13,7,27,5.764354705810547,0.9396513104438782,3,3,3,3,3,3,3,3,3,FALSE,A
O75496,GMNN,9,15,9,27,5.26815128326416,0.9170432686805725,3,3,3,3,3,3,3,3,3,FALSE,A
O75503,CLN5,11,11,11,27,3.7627763748168945,0.8407740592956543,3,3,3,3,3,3,3,3,3,FALSE,A
O75509,TNFRSF21,4,4,4,13,2.934691905975342,0.45648497343063354,3,3,3,0,0,0,2,2,0,FALSE,A
O75521,ECI2,11,16,11,27,4.539299011230469,0.8689590692520142,3,3,3,3,3,3,3,3,3,FALSE,A
O75525,KHDRBS3,9,13,9,27,3.73367977142334,0.7335165739059448,3,3,3,3,3,3,3,3,3,FALSE,A
O75528,TADA3,16,22,16,27,4.304600238800049,0.8307682871818542,3,3,3,3,3,3,3,3,3,FALSE,A
O75529,TAF5L,11,12,11,26,3.129897713661194,0.5624437034130096,2,3,3,3,3,3,3,3,3,FALSE,A
O75530,EED,21,30,21,27,4.279508590698242,0.8346549272537231,3,3,3,3,3,3,3,3,3,FALSE,A
O75531,BANF1,4,6,4,27,5.148139476776123,0.9702415466308594,3,3,3,3,3,3,3,3,3,FALSE,A
O75533,SF3B1,69,103,69,27,5.582574844360352,0.9413736462593079,3,3,3,3,3,3,3,3,3,FALSE,A
O75534,CSDE1,44,60,44,27,5.04040789604187,0.9286591708660126,3,3,3,3,3,3,3,3,3,FALSE,A
O75554,WBP4,8,12,8,27,5.005860805511475,0.9292832612991333,3,3,3,3,3,3,3,3,3,FALSE,A
O75569,PRKRA,13,20,13,27,4.614596605300903,0.8757866322994232,3,3,3,3,3,3,3,3,3,FALSE,A
O75575,CRCP,4,6,4,27,4.0890703201293945,0.8499909043312073,3,3,3,3,3,3,3,3,3,FALSE,A
O75581,LRP6,7,7,7,26,3.709044933319092,0.2929844856262207,3,3,3,3,3,3,2,3,3,FALSE,A
O75582,RPS6KA5,3,3,3,23,3.121154308319092,0.6196632385253906,0,3,2,3,3,3,3,3,3,FALSE,A
O75586,MED6,7,7,7,27,4.232163429260254,0.7261876463890076,3,3,3,3,3,3,3,3,3,FALSE,A
O75592,MYCBP2,41,41,41,27,2.6902122497558594,0.1843177229166031,3,3,3,3,3,3,3,3,3,FALSE,A
O75600,GCAT,12,14,12,27,3.5670734643936157,0.6675107181072235,3,3,3,3,3,3,3,3,3,FALSE,A
O75607,NPM3,5,7,5,27,5.698417663574219,0.9427620768547058,3,3,3,3,3,3,3,3,3,FALSE,A
O75608,LYPLA1,8,10,8,27,4.491214752197266,0.9005178809165955,3,3,3,3,3,3,3,3,3,FALSE,A
O75616,ERAL1,9,10,9,27,3.1333253383636475,0.3735261857509613,3,3,3,3,3,3,3,3,3,FALSE,A
O75629,CREG1,6,10,6,27,3.1197283267974854,0.6626125574111938,3,3,3,3,3,3,3,3,3,FALSE,A
O75635,SERPINB7,2,2,2,27,4.065013885498047,0.6700291633605957,3,3,3,3,3,3,3,3,3,FALSE,A
O75643,SNRNP200,116,187,116,27,5.502155780792236,0.9352779388427734,3,3,3,3,3,3,3,3,3,FALSE,A
O75648,TRMU,4,4,4,25,2.7247819900512695,0.36904680728912354,1,3,3,3,3,3,3,3,3,FALSE,A
O75663,TIPRL,13,18,13,27,4.41010046005249,0.8864899277687073,3,3,3,3,3,3,3,3,3,FALSE,A
O75665,OFD1,11,11,11,26,3.3132195472717285,0.5246622562408447,3,3,2,3,3,3,3,3,3,FALSE,A
O75674,TOM1L1,8,10,8,27,4.183480978012085,0.7670241594314575,3,3,3,3,3,3,3,3,3,FALSE,A
O75676,RPS6KA4,4,4,4,20,2.4519529342651367,0.33614374697208405,0,2,2,3,3,2,2,3,3,FALSE,A
O75683,SURF6,9,12,9,27,4.185068130493164,0.7288415729999542,3,3,3,3,3,3,3,3,3,FALSE,A
O75688,PPM1B,12,15,12,27,3.4626624584198,0.6789611577987671,3,3,3,3,3,3,3,3,3,FALSE,A
O75691,UTP20,98,120,98,26,3.59944486618042,0.7832704484462738,2,3,3,3,3,3,3,3,3,FALSE,A
O75694,NUP155,31,37,31,27,3.9573123455047607,0.7935938835144043,3,3,3,3,3,3,3,3,3,FALSE,A
O75695,RP2,11,12,11,27,3.410923480987549,0.552336573600769,3,3,3,3,3,3,3,3,3,FALSE,A
O75717,WDHD1,38,48,38,27,3.8730149269104004,0.6187145709991455,3,3,3,3,3,3,3,3,3,FALSE,A
O75718,CRTAP,17,23,17,27,4.044436931610107,0.8712151646614075,3,3,3,3,3,3,3,3,3,FALSE,A
O75746,SLC25A12,8,8,8,26,3.441435217857361,0.5729471147060394,2,3,3,3,3,3,3,3,3,FALSE,A
O75781,PALM,4,4,4,26,3.6614279747009277,0.5420580506324768,3,3,3,3,3,3,3,2,3,FALSE,A
O75787,ATP6AP2,12,15,12,27,3.29159152507782,0.7614284753799438,3,3,3,3,3,3,3,3,3,FALSE,A
O75792,RNASEH2A,9,10,9,27,3.9908465147018433,0.7745771706104279,3,3,3,3,3,3,3,3,3,FALSE,A
O75794,CDC123,11,12,11,27,3.8017157316207886,0.7445029616355896,3,3,3,3,3,3,3,3,3,FALSE,A
O75817,POP7,4,6,4,27,4.277397394180298,0.8379603922367096,3,3,3,3,3,3,3,3,3,FALSE,A
O75818,RPP40,14,21,14,27,4.205848693847656,0.8635494709014893,3,3,3,3,3,3,3,3,3,FALSE,A
O75820,ZNF189,10,10,10,27,3.9642961025238037,0.748065322637558,3,3,3,3,3,3,3,3,3,FALSE,A
O75821,EIF3G,15,19,15,27,5.513671636581421,0.9518338143825531,3,3,3,3,3,3,3,3,3,FALSE,A
O75822,EIF3J,13,19,13,27,5.431932210922241,0.9360396265983582,3,3,3,3,3,3,3,3,3,FALSE,A
O75828,CBR3,7,7,7,27,3.3301550149917603,0.5069192945957184,3,3,3,3,3,3,3,3,3,FALSE,A
O75832,PSMD10,14,23,14,27,4.794585704803467,0.8826442956924438,3,3,3,3,3,3,3,3,3,FALSE,A
O75843,AP1G2,2,2,2,23,2.7679808139801025,0.0738835260272026,1,3,2,3,3,3,3,3,2,FALSE,A
O75844,ZMPSTE24,15,20,15,27,3.620999574661255,0.7933330535888672,3,3,3,3,3,3,3,3,3,FALSE,A
O75874,IDH1,18,26,18,27,4.917999744415283,0.9053128361701965,3,3,3,3,3,3,3,3,3,FALSE,A
O75879,GATB,9,9,9,25,2.9784964323043823,0.3862810581922531,1,3,3,3,3,3,3,3,3,FALSE,A
O75880,SCO1,8,14,8,27,4.7440595626831055,0.9083852767944336,3,3,3,3,3,3,3,3,3,FALSE,A
O75882,ATRN,21,23,21,27,3.5131728649139404,0.670073390007019,3,3,3,3,3,3,3,3,3,FALSE,A
O75884,RBBP9,3,3,3,19,2.895812511444092,0,3,3,2,3,2,1,2,2,1,FALSE,A
O75886,STAM2,11,11,11,27,3.4293102025985718,0.5708644092082977,3,3,3,3,3,3,3,3,3,FALSE,A
O75891,ALDH1L1,3,3,3,25,3.090006947517395,0.5097213089466095,3,2,2,3,3,3,3,3,3,FALSE,A
O75896,TUSC2,4,5,4,27,4.132323503494263,0.8545442521572113,3,3,3,3,3,3,3,3,3,FALSE,A
O75907,DGAT1,3,3,3,21,3.043100595474243,0.19861073046922684,1,3,2,2,3,2,2,3,3,FALSE,A
O75909,CCNK,11,17,11,27,4.031258583068848,0.797177255153656,3,3,3,3,3,3,3,3,3,FALSE,A
O75915,ARL6IP5,5,7,5,27,4.6530797481536865,0.897880882024765,3,3,3,3,3,3,3,3,3,FALSE,A
O75925,PIAS1,10,11,10,27,2.9715213775634766,0.5360994338989258,3,3,3,3,3,3,3,3,3,FALSE,A
O75928,PIAS2,6,6,6,26,2.6372039318084717,0.46495668590068817,3,3,3,3,3,2,3,3,3,FALSE,A
O75934,BCAS2,12,19,12,27,3.868180751800537,0.885402500629425,3,3,3,3,3,3,3,3,3,FALSE,A
O75935,DCTN3,10,14,10,27,4.5412774085998535,0.8463853597640991,3,3,3,3,3,3,3,3,3,FALSE,A
O75937,DNAJC8,18,31,18,27,6.178407669067383,0.9622519016265869,3,3,3,3,3,3,3,3,3,FALSE,A
O75940,SMNDC1,7,11,7,27,5.995569705963135,0.9566135704517365,3,3,3,3,3,3,3,3,3,FALSE,A
O75943,RAD17,9,9,9,26,3.352313995361328,0.48998449742794037,2,3,3,3,3,3,3,3,3,FALSE,A
O75947,ATP5PD,13,21,13,27,4.658500909805298,0.8571025729179382,3,3,3,3,3,3,3,3,3,FALSE,A
O75953,DNAJB5,2,2,2,8,2.7487075328826904,0.530225545167923,2,3,2,0,0,1,0,0,0,FALSE,A
O75955,FLOT1,23,29,23,27,4.0418524742126465,0.8028162717819214,3,3,3,3,3,3,3,3,3,FALSE,A
O75962,TRIO,12,12,12,25,2.7843880653381348,0.566022515296936,1,3,3,3,3,3,3,3,3,FALSE,A
O75964,ATP5MG,6,9,6,27,6.385350227355957,0.9571664333343506,3,3,3,3,3,3,3,3,3,FALSE,A
O75970,MPDZ,25,26,25,27,2.9542441368103027,0.26939502358436584,3,3,3,3,3,3,3,3,3,FALSE,A
O75976,CPD,35,43,35,27,3.8280787467956543,0.7080548107624054,3,3,3,3,3,3,3,3,3,FALSE,A
O76003,GLRX3,17,25,17,27,5.19495415687561,0.92432901263237,3,3,3,3,3,3,3,3,3,FALSE,A
O76021,RSL1D1,20,32,20,27,5.760281085968018,0.9634398818016052,3,3,3,3,3,3,3,3,3,FALSE,A
O76024,WFS1,10,11,10,27,3.207821249961853,0.5408606827259064,3,3,3,3,3,3,3,3,3,FALSE,A
O76031,CLPX,24,28,24,27,4.238341569900513,0.8459696769714355,3,3,3,3,3,3,3,3,3,FALSE,A
O76039,CDKL5,4,4,4,19,2.5468060970306396,0.280837744474411,0,2,1,3,3,3,3,3,1,FALSE,A
O76041,NEBL,4,6,4,26,3.608193874359131,0.5881855189800262,2,3,3,3,3,3,3,3,3,FALSE,A
O76054,SEC14L2,2,2,2,10,2.8974097967147827,0,1,3,2,0,1,0,0,1,2,FALSE,A
O76061,STC2,6,9,6,27,3.687523126602173,0.8436340093612671,3,3,3,3,3,3,3,3,3,FALSE,A
O76062,TM7SF2,1,1,1,10,2.809322714805603,0.5142722576856613,0,1,0,2,2,0,2,2,1,TRUE,C
O76071,CIAO1,13,15,13,27,3.7888972759246826,0.7408943772315979,3,3,3,3,3,3,3,3,3,FALSE,A
O76074,PDE5A,3,4,3,17,3.040538191795349,0.21577632427215576,0,0,0,3,3,2,3,3,3,FALSE,A
O76075,DFFB,6,6,6,25,2.890289783477783,0.6139917373657227,2,3,2,3,3,3,3,3,3,FALSE,A
O76080,ZFAND5,9,12,9,27,4.275390386581421,0.8529438674449921,3,3,3,3,3,3,3,3,3,FALSE,A
O76094,SRP72,26,32,26,27,4.858208894729614,0.9056400954723358,3,3,3,3,3,3,3,3,3,FALSE,A
O76095,JTB,1,1,1,26,5.933161735534668,0.8933504819869995,3,3,2,3,3,3,3,3,3,TRUE,B
O77932,DXO,10,15,10,27,3.3247170448303223,0.6449363231658936,3,3,3,3,3,3,3,3,3,FALSE,A
O94760,DDAH1,15,24,15,27,4.345953702926636,0.8660469055175781,3,3,3,3,3,3,3,3,3,FALSE,A
O94761,RECQL4,14,16,14,27,2.932138442993164,0.45584987103939056,3,3,3,3,3,3,3,3,3,FALSE,A
O94762,RECQL5,22,23,22,27,2.897627830505371,0.6148533821105957,3,3,3,3,3,3,3,3,3,FALSE,A
O94763,URI1,15,19,15,27,3.3807637691497803,0.572106659412384,3,3,3,3,3,3,3,3,3,FALSE,A
O94766,B3GAT3,9,12,9,27,3.2926197052001953,0.5140936970710754,3,3,3,3,3,3,3,3,3,FALSE,A
O94776,MTA2,26,38,26,27,4.772771596908569,0.9027352631092072,3,3,3,3,3,3,3,3,3,FALSE,A
O94782,USP1,13,15,13,26,3.2642016410827637,0.5681299567222595,3,3,2,3,3,3,3,3,3,FALSE,A
O94788,ALDH1A2,14,16,14,27,3.867820620536804,0.7945806682109833,3,3,3,3,3,3,3,3,3,FALSE,A
O94804,STK10,21,22,21,27,3.632390022277832,0.6295816600322723,3,3,3,3,3,3,3,3,3,FALSE,A
O94806,PRKD3,1,1,1,9,2.559901237487793,0.8021494746208191,0,0,1,1,1,0,2,1,3,TRUE,C
O94811,TPPP,6,7,6,27,3.8745980262756348,0.4469826817512512,3,3,3,3,3,3,3,3,3,FALSE,A
O94813,SLIT2,55,74,55,27,4.347449064254761,0.8532050549983978,3,3,3,3,3,3,3,3,3,FALSE,A
O94819,KBTBD11,3,3,3,24,2.655622720718384,0.016688765957951546,1,3,2,3,3,3,3,3,3,FALSE,A
O94822,LTN1,26,28,26,26,2.9688249826431274,0.23237210512161255,2,3,3,3,3,3,3,3,3,FALSE,A
O94826,TOMM70,25,40,25,27,4.909898996353149,0.9173216223716736,3,3,3,3,3,3,3,3,3,FALSE,A
O94829,IPO13,6,8,6,24,3.2178807258605957,0.5778588652610779,1,3,2,3,3,3,3,3,3,FALSE,A
O94830,DDHD2,6,7,6,25,2.571268081665039,0.04390764981508255,2,3,2,3,3,3,3,3,3,FALSE,A
O94832,MYO1D,17,17,17,23,3.0803885459899902,0.409819096326828,0,3,2,3,3,3,3,3,3,FALSE,A
O94842,TOX4,7,8,7,27,3.797261595726013,0.872764378786087,3,3,3,3,3,3,3,3,3,FALSE,A
O94855,SEC24D,9,9,9,24,3.0834004878997803,0.6228258013725281,1,3,2,3,3,3,3,3,3,FALSE,A
O94864,SUPT7L,5,5,5,27,3.2443268299102783,0,3,3,3,3,3,3,3,3,3,FALSE,A
O94868,FCHSD2,3,3,3,24,2.9512786865234375,0,1,3,3,2,3,3,3,3,3,FALSE,A
O94874,UFL1,33,39,33,27,3.495956301689148,0.7394296526908875,3,3,3,3,3,3,3,3,3,FALSE,A
O94880,PHF14,28,36,28,27,4.068667650222778,0.787406712770462,3,3,3,3,3,3,3,3,3,FALSE,A
O94885,SASH1,14,15,14,26,2.837350368499756,0.19209377467632294,3,3,2,3,3,3,3,3,3,FALSE,A
O94886,TMEM63A,1,1,1,13,2.1643550395965576,0.16998162865638733,0,0,0,1,2,2,3,3,2,TRUE,C
O94887,FARP2,7,7,7,23,2.479650139808655,0.5269037485122681,0,3,2,3,3,3,3,3,3,FALSE,A
O94888,UBXN7,11,11,11,27,3.728910803794861,0.7996395230293274,3,3,3,3,3,3,3,3,3,FALSE,A
O94892,ZNF432,1,1,2,6,3.061059832572937,0,3,1,2,0,0,0,0,0,0,TRUE,C
O94898,LRIG2,11,12,11,27,3.086480975151062,0.5574077665805817,3,3,3,3,3,3,3,3,3,FALSE,A
O94901,SUN1,21,25,21,27,2.901129722595215,0.49496275186538696,3,3,3,3,3,3,3,3,3,FALSE,A
O94903,PLPBP,12,14,12,27,4.581878185272217,0.8860538303852081,3,3,3,3,3,3,3,3,3,FALSE,A
O94905,ERLIN2,13,16,13,27,4.896874666213989,0.9208219349384308,3,3,3,3,3,3,3,3,3,FALSE,A
O94906,PRPF6,49,69,49,27,4.876338958740234,0.8815910816192627,3,3,3,3,3,3,3,3,3,FALSE,A
O94907,DKK1,1,1,1,9,4.096673965454102,0.6615594625473022,3,3,3,0,0,0,0,0,0,TRUE,B
O94913,PCF11,41,51,41,27,4.0139501094818115,0.8362419605255127,3,3,3,3,3,3,3,3,3,FALSE,A
O94915,FRYL,2,2,2,12,2.6274662017822266,0.5064442753791809,0,1,1,1,2,1,1,3,2,FALSE,A
O94916,NFAT5,8,10,8,27,3.1350865364074707,0.5110818147659302,3,3,3,3,3,3,3,3,3,FALSE,A
O94919,ENDOD1,6,6,6,24,3.226682424545288,0.6568666398525238,0,3,3,3,3,3,3,3,3,FALSE,A
O94923,GLCE,1,1,1,16,2.7350049018859863,0.5357443392276764,0,2,2,2,2,2,1,2,3,TRUE,C
O94925,GLS,21,27,21,27,4.086712837219238,0.8351939916610718,3,3,3,3,3,3,3,3,3,FALSE,A
O94927,HAUS5,14,14,14,23,3.3108811378479004,0.6538602113723755,0,3,2,3,3,3,3,3,3,FALSE,A
O94953,KDM4B,11,12,11,27,3.425360918045044,0.5964265465736389,3,3,3,3,3,3,3,3,3,FALSE,A
O94964,MTCL2,8,8,8,27,3.0616666078567505,0.18962803483009338,3,3,3,3,3,3,3,3,3,FALSE,A
O94966,USP19,37,41,37,27,3.4596424102783203,0.632574200630188,3,3,3,3,3,3,3,3,3,FALSE,A
O94967,WDR47,5,5,5,25,3.553529977798462,0.7295224666595459,2,3,2,3,3,3,3,3,3,FALSE,A
O94973,AP2A2,24,26,24,27,3.9808895587921143,0.7757824957370758,3,3,3,3,3,3,3,3,3,FALSE,A
O94979,SEC31A,33,45,33,27,3.979330539703369,0.8001503944396973,3,3,3,3,3,3,3,3,3,FALSE,A
O94986,CEP152,6,6,6,23,2.7226704359054565,0,0,3,2,3,3,3,3,3,3,FALSE,A
O94988,FAM13A,3,3,3,20,2.2743738889694214,0.29515884816646576,2,2,2,3,3,3,3,1,1,FALSE,A
O94992,HEXIM1,8,10,8,27,5.515265941619873,0.9236887097358704,3,3,3,3,3,3,3,3,3,FALSE,A
O95057,DIRAS1,1,1,1,25,3.421635627746582,0.8352991342544556,2,2,3,3,3,3,3,3,3,TRUE,C
O95059,RPP14,8,10,8,27,3.7234950065612793,0.7946104407310486,3,3,3,3,3,3,3,3,3,FALSE,A
O95067,CCNB2,11,13,11,25,3.0629043579101563,0.5826330780982971,2,3,2,3,3,3,3,3,3,FALSE,A
O95070,YIF1A,3,3,3,26,3.215014696121216,0.6968221664428711,2,3,3,3,3,3,3,3,3,FALSE,A
O95071,UBR5,54,59,54,26,3.0996289253234863,0.5190777778625488,2,3,3,3,3,3,3,3,3,FALSE,A
O95081,AGFG2,3,3,3,27,3.1412841081619263,0.5483022332191467,3,3,3,3,3,3,3,3,3,FALSE,A
O95084,PRSS23,2,2,2,5,3.197755217552185,0.6875276267528534,0,3,2,0,0,0,0,0,0,FALSE,A
O95104,SCAF4,15,21,15,27,4.9730753898620605,0.8920877575874329,3,3,3,3,3,3,3,3,3,FALSE,A
O95139,NDUFB6,4,6,4,27,4.721571445465088,0.9233497977256775,3,3,3,3,3,3,3,3,3,FALSE,A
O95140,MFN2,7,7,7,17,3.082645893096924,0.6705940365791321,0,3,3,2,1,2,2,2,2,FALSE,A
O95149,SNUPN,3,4,3,24,3.293021321296692,0.453891396522522,1,3,2,3,3,3,3,3,3,FALSE,A
O95155,UBE4B,22,23,22,25,3.1863105297088623,0.4522292912006378,2,3,2,3,3,3,3,3,3,FALSE,A
O95159,ZFPL1,9,14,9,27,4.451206684112549,0.9014421105384827,3,3,3,3,3,3,3,3,3,FALSE,A
O95163,ELP1,39,41,39,27,3.556781768798828,0.7172985672950745,3,3,3,3,3,3,3,3,3,FALSE,A
O95164,UBL3,4,4,4,9,4.724356651306152,0.56373530626297,3,3,3,0,0,0,0,0,0,FALSE,A
O95166,GABARAP,1,2,1,27,5.169920921325684,0.9191378951072693,3,3,3,3,3,3,3,3,3,TRUE,B
O95167,NDUFA3,3,3,3,27,4.26400089263916,0.38788938522338867,3,3,3,3,3,3,3,3,3,FALSE,A
O95168,NDUFB4,6,10,6,27,4.467337608337402,0.8514387905597687,3,3,3,3,3,3,3,3,3,FALSE,A
O95169,NDUFB8,6,6,6,27,3.589718222618103,0.7089191675186157,3,3,3,3,3,3,3,3,3,FALSE,A
O95182,NDUFA7,11,15,11,27,5.405445575714111,0.9634462296962738,3,3,3,3,3,3,3,3,3,FALSE,A
O95185,UNC5C,3,3,3,8,2.4716662168502808,0,2,3,3,0,0,0,0,0,0,FALSE,A
O95196,CSPG5,2,2,2,9,2.977604389190674,0.5648152828216553,3,1,3,1,0,0,1,0,0,FALSE,A
O95197,RTN3,2,4,2,27,5.454416036605835,0.9388253092765808,3,3,3,3,3,3,3,3,3,FALSE,A
O95201,ZNF205,4,4,4,27,2.4942941665649414,0,3,3,3,3,3,3,3,3,3,FALSE,A
O95202,LETM1,34,41,34,27,4.813677787780762,0.9174050688743591,3,3,3,3,3,3,3,3,3,FALSE,A
O95208,EPN2,10,12,10,27,4.740471839904785,0.8544995784759521,3,3,3,3,3,3,3,3,3,FALSE,A
O95210,STBD1,4,4,4,27,3.7074265480041504,0.06684258580207825,3,3,3,3,3,3,3,3,3,FALSE,A
O95214,LEPROTL1,1,1,1,13,2.197577953338623,0,0,3,0,2,2,1,2,2,1,TRUE,C
O95218,ZRANB2,17,22,17,27,4.750558137893677,0.9196701645851135,3,3,3,3,3,3,3,3,3,FALSE,A
O95219,SNX4,12,12,12,27,4.260173082351685,0.8129266500473022,3,3,3,3,3,3,3,3,3,FALSE,A
O95229,ZWINT,8,11,8,27,4.339555263519287,0.7844962477684021,3,3,3,3,3,3,3,3,3,FALSE,A
O95232,LUC7L3,18,29,18,27,5.990819454193115,0.9608884453773499,3,3,3,3,3,3,3,3,3,FALSE,A
O95235,KIF20A,30,36,30,27,3.398951530456543,0.6468636393547058,3,3,3,3,3,3,3,3,3,FALSE,A
O95239,KIF4A,31,36,31,27,4.36567759513855,0.8610729277133942,3,3,3,3,3,3,3,3,3,FALSE,A
O95243,MBD4,7,7,7,27,2.9910476207733154,0.6271032691001892,3,3,3,3,3,3,3,3,3,FALSE,A
O95248,SBF1,10,10,10,23,2.9202840328216553,0.5113051533699036,0,3,2,3,3,3,3,3,3,FALSE,A
O95249,GOSR1,8,9,8,27,3.6295745372772217,0.7143252491950989,3,3,3,3,3,3,3,3,3,FALSE,A
O95251,KAT7,23,31,23,27,4.2237019538879395,0.8712292313575745,3,3,3,3,3,3,3,3,3,FALSE,A
O95258,SLC25A14,2,2,2,22,3.245457172393799,0.8065547943115234,0,3,2,3,3,2,3,3,3,FALSE,A
O95260,ATE1,8,10,8,27,2.781319737434387,0.4730098694562912,3,3,3,3,3,3,3,3,3,FALSE,A
O95292,VAPB,11,19,11,27,4.870505332946777,0.9282140135765076,3,3,3,3,3,3,3,3,3,FALSE,A
O95295,SNAPIN,7,10,7,27,4.826340198516846,0.8958916664123535,3,3,3,3,3,3,3,3,3,FALSE,A
O95297,MPZL1,9,15,9,27,4.837518692016602,0.8867237567901611,3,3,3,3,3,3,3,3,3,FALSE,A
O95298,NDUFC2,3,6,3,27,3.458922266960144,0.7659950256347656,3,3,3,3,3,3,3,3,3,FALSE,A
O95299,NDUFA10,14,18,14,27,4.209460258483887,0.7681706547737122,3,3,3,3,3,3,3,3,3,FALSE,A
O95302,FKBP9,12,14,12,27,3.7819103002548218,0.7464304566383362,3,3,3,3,3,3,3,3,3,FALSE,A
O95319,CELF2,8,11,8,27,4.548299312591553,0.9265244603157043,3,3,3,3,3,3,3,3,3,FALSE,A
O95336,PGLS,12,13,12,27,4.5611724853515625,0.8793555498123169,3,3,3,3,3,3,3,3,3,FALSE,A
O95340,PAPSS2,25,31,25,27,3.6604520082473755,0.6743005514144897,3,3,3,3,3,3,3,3,3,FALSE,A
O95347,SMC2,56,75,56,27,4.244972229003906,0.8157995939254761,3,3,3,3,3,3,3,3,3,FALSE,A
O95352,ATG7,14,14,14,26,3.1978418827056885,0.5459282696247101,2,3,3,3,3,3,3,3,3,FALSE,A
O95359,TACC2,5,5,5,25,3.1088982820510864,0.7210913002490997,3,3,2,3,3,3,3,3,2,FALSE,A
O95363,FARS2,7,7,7,26,3.6399251222610474,0.8037736117839813,2,3,3,3,3,3,3,3,3,FALSE,A
O95365,ZBTB7A,8,10,8,27,2.897930860519409,0.6575173139572144,3,3,3,3,3,3,3,3,3,FALSE,A
O95372,LYPLA2,6,9,6,23,2.7957088947296143,0.39691147208213806,3,3,3,3,3,3,2,3,0,FALSE,A
O95373,IPO7,34,47,34,27,4.3083717823028564,0.8812121450901031,3,3,3,3,3,3,3,3,3,FALSE,A
O95376,ARIH2,18,27,18,27,3.9726545810699463,0.8181360960006714,3,3,3,3,3,3,3,3,3,FALSE,A
O95379,TNFAIP8,4,4,4,27,3.983971118927002,0.7961008250713348,3,3,3,3,3,3,3,3,3,FALSE,A
O95391,SLU7,18,22,18,27,4.027420520782471,0.8981172740459442,3,3,3,3,3,3,3,3,3,FALSE,A
O95393,BMP10,1,1,1,9,3.5675275325775146,0,3,3,3,0,0,0,0,0,0,TRUE,C
O95394,PGM3,16,23,16,27,4.15350341796875,0.797900915145874,3,3,3,3,3,3,3,3,3,FALSE,A
O95396,MOCS3,4,4,4,23,3.2332282066345215,0.4464072585105896,0,3,2,3,3,3,3,3,3,FALSE,A
O95400,CD2BP2,9,9,9,27,4.235192060470581,0.8336412906646729,3,3,3,3,3,3,3,3,3,FALSE,A
O95402,MED26,11,14,11,27,3.7203599214553833,0.77421435713768,3,3,3,3,3,3,3,3,3,FALSE,A
O95405,ZFYVE9,3,3,3,22,2.7105979919433594,0,1,3,2,2,2,3,3,3,3,FALSE,A
O95409,ZIC2,6,9,6,27,3.592434883117676,0.8001732230186462,3,3,3,3,3,3,3,3,3,FALSE,A
O95415,BRI3,1,1,1,10,4.333457708358765,0.630547046661377,3,3,3,0,0,0,0,1,0,TRUE,B
O95425,SVIL,6,6,7,25,2.893832206726074,0.11683536320924759,2,3,2,3,3,3,3,3,3,FALSE,A
O95429,BAG4,6,6,6,27,2.896210193634033,0.380534291267395,3,3,3,3,3,3,3,3,3,FALSE,A
O95433,AHSA1,18,22,18,27,5.819940567016602,0.9457843005657196,3,3,3,3,3,3,3,3,3,FALSE,A
O95453,PARN,17,19,17,27,3.677552819252014,0.7315090596675873,3,3,3,3,3,3,3,3,3,FALSE,A
O95455,TGDS,3,4,3,7,3.2281832695007324,0.5960549712181091,3,1,2,0,1,0,0,0,0,FALSE,A
O95456,PSMG1,8,10,8,27,3.833083748817444,0.8688610792160034,3,3,3,3,3,3,3,3,3,FALSE,A
O95461,LARGE1,1,1,1,2,2.6432160139083862,0.556830570101738,0,1,1,0,0,0,0,0,0,TRUE,C
O95470,SGPL1,17,20,17,27,3.598777413368225,0.7787052989006042,3,3,3,3,3,3,3,3,3,FALSE,A
O95476,CTDNEP1,2,2,2,22,2.7514641284942627,0.60273277759552,0,3,2,3,3,3,2,3,3,FALSE,A
O95478,NSA2,13,18,13,27,4.851213455200195,0.9097970128059387,3,3,3,3,3,3,3,3,3,FALSE,A
O95479,H6PD,15,15,15,25,2.8304882049560547,0.451142817735672,1,3,3,3,3,3,3,3,3,FALSE,A
O95486,SEC24A,13,15,13,26,3.4879002571105957,0.7466542720794678,2,3,3,3,3,3,3,3,3,FALSE,A
O95487,SEC24B,16,20,16,27,3.1499533653259277,0.5568190813064575,3,3,3,3,3,3,3,3,3,FALSE,A
O95490,ADGRL2,27,29,27,27,3.6321871280670166,0.7127687335014343,3,3,3,3,3,3,3,3,3,FALSE,A
O95503,CBX6,9,9,9,27,2.86477267742157,0.4698406755924225,3,3,3,3,3,3,3,3,3,FALSE,A
O95528,SLC2A10,1,1,1,12,2.7045894861221313,0,0,3,2,2,1,0,1,0,3,TRUE,C
O95551,TDP2,7,8,7,27,4.522927761077881,0.8625649809837341,3,3,3,3,3,3,3,3,3,FALSE,A
O95562,SFT2D2,2,2,2,8,2.8856844902038574,0.2806643545627594,1,3,3,0,0,1,0,0,0,FALSE,A
O95563,MPC2,5,7,5,27,4.8551247119903564,0.8766626417636871,3,3,3,3,3,3,3,3,3,FALSE,A
O95568,METTL18,2,2,2,14,1.8597197532653809,0,0,1,1,1,2,3,1,2,3,FALSE,A
O95571,ETHE1,11,17,11,27,4.724378347396851,0.8675903975963593,3,3,3,3,3,3,3,3,3,FALSE,A
O95573,ACSL3,20,27,20,27,4.246175527572632,0.7880556583404541,3,3,3,3,3,3,3,3,3,FALSE,A
O95602,POLR1A,72,84,72,26,3.7465150356292725,0.7443265318870544,2,3,3,3,3,3,3,3,3,FALSE,A
O95613,PCNT,92,106,92,27,3.486574649810791,0.6729516386985779,3,3,3,3,3,3,3,3,3,FALSE,A
O95619,YEATS4,9,12,9,27,3.6718538999557495,0.6507807374000549,3,3,3,3,3,3,3,3,3,FALSE,A
O95625,ZBTB11,20,23,20,27,2.841822862625122,0.5269631743431091,3,3,3,3,3,3,3,3,3,FALSE,A
O95628,CNOT4,13,15,13,27,3.491698741912842,0.615996778011322,3,3,3,3,3,3,3,3,3,FALSE,A
O95630,STAMBP,14,19,14,27,3.9963871240615845,0.7550550401210785,3,3,3,3,3,3,3,3,3,FALSE,A
O95631,NTN1,12,15,12,27,3.148624300956726,0.6655705869197845,3,3,3,3,3,3,3,3,3,FALSE,A
O95639,CPSF4,15,20,15,27,4.36060643196106,0.829775869846344,3,3,3,3,3,3,3,3,3,FALSE,A
O95644,NFATC1,2,2,2,27,3.5902875661849976,0.2636689022183418,3,3,3,3,3,3,3,3,3,FALSE,A
O95670,ATP6V1G2,3,3,3,24,3.3871753215789795,0.654191255569458,3,1,2,3,3,3,3,3,3,FALSE,A
O95671,ASMTL,9,9,9,25,3.0177382230758667,0.3521779328584671,2,3,2,3,3,3,3,3,3,FALSE,A
O95674,CDS2,6,7,6,26,2.9743027687072754,0.7946557402610779,2,3,3,3,3,3,3,3,3,FALSE,A
O95677,EYA4,3,3,3,21,2.994761824607849,0.6936618089675903,1,2,2,3,2,3,3,2,3,FALSE,A
O95684,CEP43,10,12,10,27,3.2594094276428223,0.6292317509651184,3,3,3,3,3,3,3,3,3,FALSE,A
O95685,PPP1R3D,5,5,5,26,2.6387815475463867,0.6727705299854279,3,3,2,3,3,3,3,3,3,FALSE,A
O95696,BRD1,27,32,27,27,3.672842264175415,0.628086507320404,3,3,3,3,3,3,3,3,3,FALSE,A
O95707,POP4,9,14,9,27,4.477349758148193,0.8727845549583435,3,3,3,3,3,3,3,3,3,FALSE,A
O95714,HERC2,18,18,18,25,2.8276745080947876,0.3866052180528641,1,3,3,3,3,3,3,3,3,FALSE,A
O95716,RAB3D,5,5,5,27,4.3368120193481445,0.8340363502502441,3,3,3,3,3,3,3,3,3,FALSE,A
O95721,SNAP29,12,15,12,27,4.621576309204102,0.8181952834129333,3,3,3,3,3,3,3,3,3,FALSE,A
O95747,OXSR1,13,16,13,27,4.739001035690308,0.8718909919261932,3,3,3,3,3,3,3,3,3,FALSE,A
O95749,GGPS1,9,10,9,27,3.959135413169861,0.7154731750488281,3,3,3,3,3,3,3,3,3,FALSE,A
O95757,HSPA4L,32,42,32,27,4.382201671600342,0.8416977822780609,3,3,3,3,3,3,3,3,3,FALSE,A
O95758,PTBP3,11,14,11,27,3.5633397102355957,0.7121167182922363,3,3,3,3,3,3,3,3,3,FALSE,A
O95772,STARD3NL,3,4,3,26,3.317171812057495,0.7962857484817505,2,3,3,3,3,3,3,3,3,FALSE,A
O95777,LSM8,5,9,5,27,4.506301403045654,0.8238436579704285,3,3,3,3,3,3,3,3,3,FALSE,A
O95782,AP2A1,28,30,28,27,3.7204372882843018,0.665923535823822,3,3,3,3,3,3,3,3,3,FALSE,A
O95785,WIZ,29,39,29,27,3.733569383621216,0.7218132317066193,3,3,3,3,3,3,3,3,3,FALSE,A
O95793,STAU1,25,33,25,27,5.55050802230835,0.9341099262237549,3,3,3,3,3,3,3,3,3,FALSE,A
O95801,TTC4,23,29,23,27,3.7372655868530273,0.817031979560852,3,3,3,3,3,3,3,3,3,FALSE,A
O95816,BAG2,13,21,13,27,5.063277244567871,0.8834055066108704,3,3,3,3,3,3,3,3,3,FALSE,A
O95817,BAG3,25,44,25,27,4.517106056213379,0.8137837052345276,3,3,3,3,3,3,3,3,3,FALSE,A
O95819,MAP4K4,17,19,17,27,3.326392412185669,0.5671836733818054,3,3,3,3,3,3,3,3,3,FALSE,A
O95822,MLYCD,7,8,7,24,2.8571009635925293,0.5962710678577423,0,3,3,3,3,3,3,3,3,FALSE,A
O95825,CRYZL1,13,15,13,27,3.1322213411331177,0.7079140543937683,3,3,3,3,3,3,3,3,3,FALSE,A
O95831,AIFM1,28,42,28,27,5.473752975463867,0.9324449300765991,3,3,3,3,3,3,3,3,3,FALSE,A
O95834,EML2,6,8,6,25,2.9387784004211426,0.4103970527648926,2,3,2,3,3,3,3,3,3,FALSE,A
O95835,LATS1,11,11,11,27,3.1601340770721436,0.4667915403842926,3,3,3,3,3,3,3,3,3,FALSE,A
O95848,NUDT14,6,7,6,27,3.007542848587036,0.6804669201374054,3,3,3,3,3,3,3,3,3,FALSE,A
O95857,TSPAN13,3,4,3,27,3.438495635986328,0.7579436302185059,3,3,3,3,3,3,3,3,3,FALSE,A
O95861,BPNT1,19,27,19,27,4.8756513595581055,0.886443555355072,3,3,3,3,3,3,3,3,3,FALSE,A
O95864,FADS2,7,8,7,27,3.702423334121704,0.80315399169921875,3,3,3,3,3,3,3,3,3,FALSE,A
O95865,DDAH2,6,6,6,27,2.8442533016204834,0.27283674478530884,3,3,3,3,3,3,3,3,3,FALSE,A
O95870,ABHD16A,4,4,4,20,2.9280792474746704,0.5032482594251633,0,3,3,3,3,2,1,2,3,FALSE,A
O95872,GPANK1,3,3,3,14,2.9934072494506836,0.46742573380470276,1,0,0,3,3,3,3,1,0,FALSE,A
O95873,C6orf47,5,7,5,26,3.0959644317626953,0.48046502470970154,2,3,3,3,3,3,3,3,3,FALSE,A
O95881,TXNDC12,7,10,7,27,3.932981491088867,0.7511653304100037,3,3,3,3,3,3,3,3,3,FALSE,A
O95900,TRUB2,5,5,5,27,3.099434494972229,0,3,3,3,3,3,3,3,3,3,FALSE,A
O95905,ECD,9,10,9,25,3.068065881729126,0.7848976254463196,2,3,2,3,3,3,3,3,3,FALSE,A
O95926,SYF2,10,19,10,27,4.446204662322998,0.8600084185600281,3,3,3,3,3,3,3,3,3,FALSE,A
O95931,CBX7,2,2,2,7,2.5251009464263916,0.5763973891735077,0,0,2,0,1,0,1,0,3,FALSE,A
O95935,TBX18,1,1,1,25,3.298819065093994,0,3,3,2,2,3,3,3,3,3,TRUE,C
O95980,RECK,1,1,1,18,2.7384862899780273,0.9414946734905243,0,0,2,3,3,2,3,2,3,TRUE,C
O95983,MBD3,15,21,15,27,5.286028861999512,0.932994157075882,3,3,3,3,3,3,3,3,3,FALSE,A
O95985,TOP3B,8,8,8,25,2.9106379747390747,0.3917205184698105,2,3,2,3,3,3,3,3,3,FALSE,A
O95989,NUDT3,4,4,4,27,4.254924058914185,0.5608088076114655,3,3,3,3,3,3,3,3,3,FALSE,A
O95994,AGR2,3,4,3,3,3.9566619396209717,0.751301497220993,3,0,0,0,0,0,0,0,0,FALSE,A
O95997,PTTG1,1,1,1,22,2.6219048500061035,0.5794929563999176,3,3,3,3,3,3,3,1,0,TRUE,C
O95999,BCL10,6,6,6,27,4.086398124694824,0.6346084475517273,3,3,3,3,3,3,3,3,3,FALSE,A
O96000,NDUFB10,12,17,12,27,5.632045745849609,0.9434186220169067,3,3,3,3,3,3,3,3,3,FALSE,A
O96004,HAND1,1,1,1,7,2.058143377304077,0.6336089372634888,1,0,0,2,1,3,0,0,0,TRUE,C
O96005,CLPTM1,15,17,15,27,3.56088924407959,0.8290637135505676,3,3,3,3,3,3,3,3,3,FALSE,A
O96006,ZBED1,1,1,1,24,4.039792418479919,0.9092266261577606,1,3,2,3,3,3,3,3,3,TRUE,B
O96007,MOCS2,7,9,7,27,3.9144012928009033,0.7578318119049072,3,3,3,3,3,3,3,3,3,FALSE,A
O96008,TOMM40,10,14,10,27,5.531790733337402,0.9532394707202911,3,3,3,3,3,3,3,3,3,FALSE,A
O96011,PEX11B,10,13,10,27,3.814143180847168,0.7230468392372131,3,3,3,3,3,3,3,3,3,FALSE,A
O96013,PAK4,14,17,14,27,3.796958327293396,0.8190650343894958,3,3,3,3,3,3,3,3,3,FALSE,A
O96015,DNAL4,1,1,1,22,3.1924248933792114,0.5483512878417969,2,3,2,3,3,3,3,3,0,TRUE,C
O96017,CHEK2,8,9,8,27,3.4752249717712402,0.7733949422836304,3,3,3,3,3,3,3,3,3,FALSE,A
O96019,ACTL6A,15,23,15,27,5.1658852100372314,0.9086874425411224,3,3,3,3,3,3,3,3,3,FALSE,A
O96020,CCNE2,1,1,2,2,3.2539446353912354,0,0,0,0,0,0,0,1,0,1,TRUE,C
O96028,NSD2,45,63,45,27,4.016801357269287,0.7481247782707214,3,3,3,3,3,3,3,3,3,FALSE,A
P00338,LDHA,19,33,19,27,5.516084909439087,0.9525870084762573,3,3,3,3,3,3,3,3,3,FALSE,A
P00352,ALDH1A1,11,11,11,4,3.251084327697754,0.2816851735115051,3,0,1,0,0,0,0,0,0,FALSE,A
P00367,GLUD1,5,7,5,27,5.258833408355713,0.8841448128223419,3,3,3,3,3,3,3,3,3,FALSE,A
P00374,DHFR,8,9,8,27,4.012327313423157,0.8084034025669098,3,3,3,3,3,3,3,3,3,FALSE,A
P00387,CYB5R3,15,26,15,27,4.727631330490112,0.9129469990730286,3,3,3,3,3,3,3,3,3,FALSE,A
P00390,GSR,21,35,21,27,5.3223607540130615,0.9361270070075989,3,3,3,3,3,3,3,3,3,FALSE,A
P00403,MT-CO2,5,7,5,27,4.928677082061768,0.9307138919830322,3,3,3,3,3,3,3,3,3,FALSE,A
P00488,F13A1,2,2,2,4,2.955759048461914,0.5657323598861694,0,2,2,0,0,0,0,0,0,FALSE,A
P00491,PNP,17,28,17,27,5.120723724365234,0.915985643863678,3,3,3,3,3,3,3,3,3,FALSE,A
P00492,HPRT1,13,20,13,27,6.234165191650391,0.9774885773658752,3,3,3,3,3,3,3,3,3,FALSE,A
P00505,GOT2,29,51,29,27,6.050421953201294,0.9677836000919342,3,3,3,3,3,3,3,3,3,FALSE,A
P00519,ABL1,9,12,9,27,3.612074851989746,0.6833698153495789,3,3,3,3,3,3,3,3,3,FALSE,A
P00533,EGFR,19,20,20,27,3.418940305709839,0.5454009771347046,3,3,3,3,3,3,3,3,3,FALSE,A
P00558,PGK1,24,38,24,27,6.096967697143555,0.9641348421573639,3,3,3,3,3,3,3,3,3,FALSE,A
P00568,AK1,12,18,12,27,5.1095476150512695,0.8843621611595154,3,3,3,3,3,3,3,3,3,FALSE,A
P00734,F2,8,12,8,27,4.62799072265625,0.7727266550064087,3,3,3,3,3,3,3,3,3,FALSE,A
P00742,F10,6,7,6,24,3.9774482250213623,0.7852153182029724,3,3,3,3,1,2,3,3,3,FALSE,A
P00747,PLG,3,5,3,27,5.021347999572754,0.844417154788971,3,3,3,3,3,3,3,3,3,FALSE,A
P00750,PLAT,10,11,10,27,3.290515184402466,0.42509031295776367,3,3,3,3,3,3,3,3,3,FALSE,A
P00813,ADA,9,10,9,27,3.0720505714416504,0.5713960528373718,3,3,3,3,3,3,3,3,3,FALSE,A
P00846,MT-ATP6,1,1,1,26,5.1094889640808105,0.9185806810855865,3,3,3,3,3,3,2,3,3,TRUE,B
P00966,ASS1,10,10,10,27,3.7860536575317383,0.6270080804824829,3,3,3,3,3,3,3,3,3,FALSE,A
P01023,A2M,4,6,4,27,4.478114366531372,0.9098727107048035,3,3,3,3,3,3,3,3,3,FALSE,A
P01024,C3,11,11,11,23,3.495060443878174,0.7346479296684265,3,3,3,2,1,2,3,3,3,FALSE,A
P01033,TIMP1,8,9,8,27,3.0941171646118164,0.32850730419158936,3,3,3,3,3,3,3,3,3,FALSE,A
P01034,CST3,5,8,5,27,4.172785758972168,0.8579338192939758,3,3,3,3,3,3,3,3,3,FALSE,A
P01100,FOS,3,3,3,6,3.4719998836517334,0.8076013922691345,0,0,3,0,0,0,0,0,3,FALSE,A
P01111,NRAS,2,2,2,27,5.697050094604492,0.9191599488258362,3,3,3,3,3,3,3,3,3,FALSE,A
P01116,KRAS,2,3,2,27,5.965837478637695,0.9682347178459167,3,3,3,3,3,3,3,3,3,FALSE,A
P01130,LDLR,16,21,16,27,3.593911647796631,0.691883385181427,3,3,3,3,3,3,3,3,3,FALSE,A
P01137,TGFB1,3,3,3,12,2.3948614597320557,0,1,3,3,1,0,2,1,0,1,FALSE,A
P01889,HLA-B,5,6,5,26,5.0844316482543945,0.8515904545783997,3,3,3,3,3,3,3,2,3,FALSE,A
P02452,COL1A1,5,5,5,9,3.4765026569366455,0.4160066843032837,3,3,3,0,0,0,0,0,0,FALSE,A
P02458,COL2A1,8,8,8,27,3.4261947870254517,0.5179197192192078,3,3,3,3,3,3,3,3,3,FALSE,A
P02462,COL4A1,2,3,2,27,3.382643699645996,0,3,3,3,3,3,3,3,3,3,FALSE,A
P02533,KRT14,10,13,10,27,3.9810123443603516,0.7783272862434387,3,3,3,3,3,3,3,3,3,FALSE,A
P02538,KRT6A,2,2,2,18,3.4393945932388306,0.7775667905807495,3,2,1,1,3,1,2,2,3,FALSE,A
P02545,LMNA,51,81,51,27,6.091644763946533,0.9663988649845123,3,3,3,3,3,3,3,3,3,FALSE,A
P02647,APOA1,1,1,1,26,4.517219066619873,0.8919998407363892,3,3,3,3,3,3,2,3,3,TRUE,B
P02649,APOE,14,17,14,27,3.9751336574554443,0.48353955149650574,3,3,3,3,3,3,3,3,3,FALSE,A
P02656,APOC3,1,1,1,14,6.350808143615723,0.9392461478710175,3,3,3,1,0,1,1,0,2,TRUE,B
P02749,APOH,2,3,2,11,4.65985631942749,0.9044933915138245,3,3,3,0,0,0,1,0,1,FALSE,A
P02751,FN1,16,17,16,18,3.123694658279419,0.4345596432685852,3,3,3,2,2,0,2,0,3,FALSE,A
P02771,AFP,5,7,5,24,4.055236101150513,0.2960168570280075,3,3,3,2,3,3,3,2,2,FALSE,A
P02774,GC,5,7,5,22,3.4136003255844116,0.6001063883304596,3,3,3,1,2,2,3,3,2,FALSE,A
P02786,TFRC,31,44,31,27,4.606757640838623,0.8882042169570923,3,3,3,3,3,3,3,3,3,FALSE,A
P02790,HPX,1,1,1,9,6.100255012512207,0.9398232698440552,3,3,3,0,0,0,0,0,0,TRUE,B
P02792,FTL,3,4,3,27,3.5444902181625366,0.5521056056022644,3,3,3,3,3,3,3,3,3,FALSE,A
P02794,FTH1,5,7,5,27,3.467916250228882,0.798902153968811,3,3,3,3,3,3,3,3,3,FALSE,A
P02795,MT2A,1,1,1,14,4.8422605991363525,0.43950745463371277,3,3,2,2,0,0,2,2,0,TRUE,B
P03886,MT-ND1,2,2,2,24,2.9478626251220703,0.3170520216226578,1,3,3,3,3,3,2,3,3,FALSE,A
P03891,MT-ND2,1,1,1,8,2.8783868551254272,0.22838208079338074,1,3,2,1,1,0,0,0,0,TRUE,C
P03897,MT-ND3,1,1,1,4,1.9473100900650024,0,0,0,0,1,2,0,1,0,0,TRUE,C
P03905,MT-ND4,3,3,3,25,3.865272045135498,0.667408287525177,1,3,3,3,3,3,3,3,3,FALSE,A
P03915,MT-ND5,2,2,2,24,3.8330994844436646,0.40251944959163666,1,3,2,3,3,3,3,3,3,FALSE,A
P03928,MT-ATP8,2,3,2,25,3.6572587490081787,0.7667141556739807,3,3,3,3,3,3,2,3,2,FALSE,A
P04003,C4BPA,1,2,1,13,3.7325907945632935,0.468006432056427,3,3,3,0,0,2,0,0,2,TRUE,C
P04004,VTN,2,3,2,27,6.072608947753906,0.9106810092926025,3,3,3,3,3,3,3,3,3,FALSE,A
P04049,RAF1,10,10,10,27,2.9289910793304443,0.4577753245830536,3,3,3,3,3,3,3,3,3,FALSE,A
P04062,GBA1,19,28,19,27,4.547118663787842,0.9112942218780518,3,3,3,3,3,3,3,3,3,FALSE,A
P04066,FUCA1,7,8,7,27,4.659479141235352,0.9076544642448425,3,3,3,3,3,3,3,3,3,FALSE,A
P04075,ALDOA,7,11,7,27,6.603318214416504,0.9708306789398193,3,3,3,3,3,3,3,3,3,FALSE,A
P04080,CSTB,5,8,5,27,6.0321879386901855,0.980631411075592,3,3,3,3,3,3,3,3,3,FALSE,A
P04083,ANXA1,21,30,21,27,4.314892768859863,0.882533609867096,3,3,3,3,3,3,3,3,3,FALSE,A
P04114,APOB,18,21,18,27,4.328834056854248,0.5853351950645447,3,3,3,3,3,3,3,3,3,FALSE,A
P04150,NR3C1,9,9,9,27,3.378552198410034,0.19309598207473755,3,3,3,3,3,3,3,3,3,FALSE,A
P04156,PRNP,3,3,3,27,4.695436477661133,0.8155612647533417,3,3,3,3,3,3,3,3,3,FALSE,A
P04179,SOD2,11,18,11,27,5.600854396820068,0.9475783705711365,3,3,3,3,3,3,3,3,3,FALSE,A
P04181,OAT,20,36,20,27,6.207056522369385,0.9595164060592651,3,3,3,3,3,3,3,3,3,FALSE,A
P04183,TK1,10,15,10,27,5.370070457458496,0.9245273172855377,3,3,3,3,3,3,3,3,3,FALSE,A
P04259,KRT6B,2,2,2,8,4.206773519515991,0.7563022673130035,0,0,0,1,2,1,1,1,2,FALSE,A
P04350,TUBB4A,3,4,3,27,5.280446290969849,0.9270590543746948,3,3,3,3,3,3,3,3,3,FALSE,A
P04406,GAPDH,21,40,21,27,6.383907794952393,0.9676302671432495,3,3,3,3,3,3,3,3,3,FALSE,A
P04439,HLA-A,4,5,4,27,5.633696556091309,0.8167562484741211,3,3,3,3,3,3,3,3,3,FALSE,A
P04626,ERBB2,3,4,3,14,2.3414862155914307,0,0,3,3,2,1,0,1,2,2,FALSE,A
P04632,CAPNS1,7,9,7,27,4.846051931381226,0.904899388551712,3,3,3,3,3,3,3,3,3,FALSE,A
P04637,TP53,17,27,17,27,5.218961238861084,0.914705216884613,3,3,3,3,3,3,3,3,3,FALSE,A
P04733,MT1F,1,1,1,13,4.6748199462890625,0.8446537256240845,3,3,3,1,0,0,2,1,0,TRUE,B
P04792,HSPB1,12,16,12,27,4.991518259048462,0.9224872589111328,3,3,3,3,3,3,3,3,3,FALSE,A
P04818,TYMS,13,16,13,27,3.9552806615829468,0.7847518026828766,3,3,3,3,3,3,3,3,3,FALSE,A
P04843,RPN1,33,48,33,27,5.582504749298096,0.9452983736991882,3,3,3,3,3,3,3,3,3,FALSE,A
P04844,RPN2,21,32,21,27,4.659239768981934,0.9110069274902344,3,3,3,3,3,3,3,3,3,FALSE,A
P04899,GNAI2,9,13,9,27,4.003499984741211,0.737628698348999,3,3,3,3,3,3,3,3,3,FALSE,A
P04920,SLC4A2,14,16,14,27,3.4859204292297363,0.5994383096694946,3,3,3,3,3,3,3,3,3,FALSE,A
P05023,ATP1A1,30,39,30,27,5.580064296722412,0.9443345069885254,3,3,3,3,3,3,3,3,3,FALSE,A
P05026,ATP1B1,10,10,10,27,4.902832269668579,0.8474350571632385,3,3,3,3,3,3,3,3,3,FALSE,A
P05067,APP,27,41,27,27,4.463439226150513,0.856750875711441,3,3,3,3,3,3,3,3,3,FALSE,A
P05089,ARG1,4,4,4,2,2.905275821685791,0.6608391404151917,0,0,0,0,1,1,0,0,0,FALSE,A
P05091,ALDH2,20,26,20,27,5.637527704238892,0.9479514360427856,3,3,3,3,3,3,3,3,3,FALSE,A
P05106,ITGB3,3,3,3,8,2.17602276802063,0,3,2,3,0,0,0,0,0,0,FALSE,A
P05109,S100A8,3,3,3,15,3.222849130630493,0.6176915168762207,3,2,1,1,1,2,2,2,1,FALSE,A
P05114,HMGN1,7,8,7,27,4.205038547515869,0.7909954786300659,3,3,3,3,3,3,3,3,3,FALSE,A
P05141,SLC25A5,6,9,6,27,6.289498805999756,0.9553735256195068,3,3,3,3,3,3,3,3,3,FALSE,A
P05156,CFI,2,2,2,20,3.004000425338745,0.11609151214361191,3,3,3,2,2,2,3,1,1,FALSE,A
P05165,PCCA,16,16,16,24,2.5570831298828125,0.46154287457466125,0,3,3,3,3,3,3,3,3,FALSE,A
P05166,PCCB,17,17,17,27,2.9233973026275635,0.48823481798171997,3,3,3,3,3,3,3,3,3,FALSE,A
P05186,ALPL,3,3,3,22,2.5607904195785522,0.21763521432876587,3,3,3,3,2,3,2,1,2,FALSE,A
P05198,EIF2S1,24,36,24,27,5.525684833526611,0.9294283986091614,3,3,3,3,3,3,3,3,3,FALSE,A
P05204,HMGN2,2,3,2,27,3.329730272293091,0,3,3,3,3,3,3,3,3,3,FALSE,A
P05386,RPLP1,2,3,2,27,4.054801940917969,0.8624051511287689,3,3,3,3,3,3,3,3,3,FALSE,A
P05387,RPLP2,6,11,6,27,6.0442118644714355,0.9579113721847534,3,3,3,3,3,3,3,3,3,FALSE,A
P05388,RPLP0,5,8,5,27,6.662815570831299,0.9752416014671326,3,3,3,3,3,3,3,3,3,FALSE,A
P05412,JUN,8,12,8,27,4.976342439651489,0.9443758428096771,3,3,3,3,3,3,3,3,3,FALSE,A
P05423,POLR3D,17,21,17,27,4.335554122924805,0.8764927387237549,3,3,3,3,3,3,3,3,3,FALSE,A
P05452,CLEC3B,3,3,3,9,4.287862300872803,0.36621904373168945,2,3,3,0,0,0,0,0,1,FALSE,A
P05455,SSB,34,60,34,27,6.033612489700317,0.9631886184215546,3,3,3,3,3,3,3,3,3,FALSE,A
P05543,SERPINA7,2,2,2,9,3.166287422180176,0.8445179462432861,2,3,3,0,0,0,0,0,1,FALSE,A
P05546,SERPIND1,1,1,1,4,2.3751659393310547,0,0,3,1,0,0,0,0,0,0,TRUE,C
P05549,TFAP2A,5,7,5,27,4.304049730300903,0.914906233549118,3,3,3,3,3,3,3,3,3,FALSE,A
P05556,ITGB1,29,42,29,27,5.159947395324707,0.9114241600036621,3,3,3,3,3,3,3,3,3,FALSE,A
P05783,KRT18,19,21,19,27,3.810394048690796,0.846879780292511,3,3,3,3,3,3,3,3,3,FALSE,A
P05787,KRT8,18,20,18,27,3.660325765609741,0.7413954734802246,3,3,3,3,3,3,3,3,3,FALSE,A
P06132,UROD,12,14,12,27,4.83326530456543,0.8949069976806641,3,3,3,3,3,3,3,3,3,FALSE,A
P06213,INSR,22,22,22,27,3.456655740737915,0.4856230318546295,3,3,3,3,3,3,3,3,3,FALSE,A
P06241,FYN,9,10,9,27,3.115274429321289,0.6266984939575195,3,3,3,3,3,3,3,3,3,FALSE,A
P06280,GLA,20,28,20,27,5.5522167682647705,0.9459585845470428,3,3,3,3,3,3,3,3,3,FALSE,A
P06307,CCK,1,1,1,20,3.040692687034607,0.8429247736930847,2,0,3,2,2,3,2,3,3,TRUE,C
P06400,RB1,17,17,17,27,3.2876017093658447,0.617745041847229,3,3,3,3,3,3,3,3,3,FALSE,A
P06454,PTMA,2,2,2,12,4.403944253921509,0.9026579260826111,2,0,1,2,2,2,0,2,1,FALSE,A
P06493,CDK1,17,29,17,27,4.4350268840789795,0.8525769114494324,3,3,3,3,3,3,3,3,3,FALSE,A
P06576,ATP5F1B,29,51,29,27,6.138729572296143,0.9546610116958618,3,3,3,3,3,3,3,3,3,FALSE,A
P06702,S100A9,2,3,2,16,3.4773364067077637,0.6056524515151978,3,1,1,3,1,2,1,2,2,FALSE,A
P06730,EIF4E,8,12,8,27,5.633396148681641,0.9162880778312683,3,3,3,3,3,3,3,3,3,FALSE,A
P06733,ENO1,27,45,27,27,6.328095197677612,0.9630744457244873,3,3,3,3,3,3,3,3,3,FALSE,A
P06737,PYGL,38,55,38,27,4.845162868499756,0.8954645395278931,3,3,3,3,3,3,3,3,3,FALSE,A
P06744,GPI,27,46,27,27,5.84787654876709,0.9563078284263611,3,3,3,3,3,3,3,3,3,FALSE,A
P06746,POLB,15,15,15,27,3.5647826194763184,0.6948876678943634,3,3,3,3,3,3,3,3,3,FALSE,A
P06748,NPM1,15,28,15,27,6.3442487716674805,0.9717087149620056,3,3,3,3,3,3,3,3,3,FALSE,A
P06753,TPM3,4,6,4,27,6.1215972900390625,0.9313945770263672,3,3,3,3,3,3,3,3,3,FALSE,A
P06756,ITGAV,36,41,36,27,3.4466874599456787,0.6549856662750244,3,3,3,3,3,3,3,3,3,FALSE,A
P06865,HEXA,19,27,19,27,4.3645689487457275,0.8517793715000153,3,3,3,3,3,3,3,3,3,FALSE,A
P07093,SERPINE2,5,5,5,22,3.0063364505767822,0.7199293673038483,3,3,3,3,3,3,2,1,1,FALSE,A
P07099,EPHX1,18,24,18,27,4.88500189781189,0.8941428065299988,3,3,3,3,3,3,3,3,3,FALSE,A
P07108,DBI,3,6,3,27,5.79904317855835,0.9415292739868164,3,3,3,3,3,3,3,3,3,FALSE,A
P07195,LDHB,20,36,20,27,6.094113826751709,0.9648221731185913,3,3,3,3,3,3,3,3,3,FALSE,A
P07196,NEFL,12,12,12,27,3.785025477409363,0.8250572383403778,3,3,3,3,3,3,3,3,3,FALSE,A
P07197,NEFM,25,39,25,27,4.611379146575928,0.8483187556266785,3,3,3,3,3,3,3,3,3,FALSE,A
P07199,CENPB,19,21,19,27,3.8578405380249023,0.7241546511650085,3,3,3,3,3,3,3,3,3,FALSE,A
P07203,GPX1,12,17,12,27,5.817853927612305,0.9380732774734497,3,3,3,3,3,3,3,3,3,FALSE,A
P07205,PGK2,3,3,3,26,4.2422943115234375,0.512867659330368,3,3,2,3,3,3,3,3,3,FALSE,A
P07225,PROS1,2,2,2,22,3.1009411811828613,0,3,3,3,3,3,3,1,0,3,FALSE,A
P07237,P4HB,36,60,36,27,6.016655683517456,0.9632173180580139,3,3,3,3,3,3,3,3,3,FALSE,A
P07305,H1-0,5,9,5,27,6.438204288482666,0.9737796187400818,3,3,3,3,3,3,3,3,3,FALSE,A
P07311,ACYP1,5,5,5,27,6.126448154449463,0.9768398404121399,3,3,3,3,3,3,3,3,3,FALSE,A
P07320,CRYGD,3,3,3,15,2.8273370265960693,0.45021694898605347,3,3,2,3,1,1,2,0,0,FALSE,A
P07355,ANXA2,7,10,7,27,5.9596593379974365,0.9556961953639984,3,3,3,3,3,3,3,3,3,FALSE,A
P07384,CAPN1,36,45,36,27,4.904174327850342,0.9072076678276062,3,3,3,3,3,3,3,3,3,FALSE,A
P07437,TUBB,5,8,5,27,6.511846542358398,0.9799101650714874,3,3,3,3,3,3,3,3,3,FALSE,A
P07602,PSAP,27,38,27,27,4.274384021759033,0.8802143335342407,3,3,3,3,3,3,3,3,3,FALSE,A
P07686,HEXB,21,30,21,27,5.1720805168151855,0.9075647294521332,3,3,3,3,3,3,3,3,3,FALSE,A
P07711,CTSL,10,14,10,27,4.3667237758636475,0.885294646024704,3,3,3,3,3,3,3,3,3,FALSE,A
P07737,PFN1,15,21,15,27,6.470911979675293,0.9578243792057037,3,3,3,3,3,3,3,3,3,FALSE,A
P07738,BPGM,10,13,10,27,3.9070404767990112,0.7994970679283142,3,3,3,3,3,3,3,3,3,FALSE,A
P07741,APRT,13,19,13,27,4.801745891571045,0.8983770608901978,3,3,3,3,3,3,3,3,3,FALSE,A
P07814,EPRS1,87,118,87,27,4.956782817840576,0.9131975173950195,3,3,3,3,3,3,3,3,3,FALSE,A
P07858,CTSB,13,20,13,27,4.531889915466309,0.8542400896549225,3,3,3,3,3,3,3,3,3,FALSE,A
P07900,HSP90AA1,29,47,29,27,5.832026481628418,0.9413576126098633,3,3,3,3,3,3,3,3,3,FALSE,A
P07902,GALT,3,3,3,24,2.4845142364501953,0,3,3,2,3,3,3,2,2,3,FALSE,A
P07910,HNRNPC,8,12,8,27,5.884641885757446,0.9595833420753479,3,3,3,3,3,3,3,3,3,FALSE,A
P07919,UQCRH,2,4,2,27,4.268505573272705,0.94638824462890625,3,3,3,3,3,3,3,3,3,FALSE,A
P07942,LAMB1,39,47,39,27,4.019897937774658,0.797085702419281,3,3,3,3,3,3,3,3,3,FALSE,A
P07947,YES1,7,7,7,26,3.3106770515441895,0.817390501499176,2,3,3,3,3,3,3,3,3,FALSE,A
P07948,LYN,11,11,11,25,2.6145870685577393,0.2922840416431427,2,3,2,3,3,3,3,3,3,FALSE,A
P07954,FH,20,29,20,27,5.491001129150391,0.9126827716827393,3,3,3,3,3,3,3,3,3,FALSE,A
P07992,ERCC1,8,9,8,27,3.2880334854125977,0.4111040383577347,3,3,3,3,3,3,3,3,3,FALSE,A
P07996,THBS1,22,23,22,27,3.9540793895721436,0.7303629517555237,3,3,3,3,3,3,3,3,3,FALSE,A
P08047,SP1,5,7,5,27,5.5273683071136475,0.8905667960643768,3,3,3,3,3,3,3,3,3,FALSE,A
P08069,IGF1R,19,20,19,27,3.1274070739746094,0.6175426244735718,3,3,3,3,3,3,3,3,3,FALSE,A
P08123,COL1A2,2,2,2,9,3.0489931106567383,0,3,3,3,0,0,0,0,0,0,FALSE,A
P08133,ANXA6,45,71,45,27,5.57861852645874,0.9516405463218689,3,3,3,3,3,3,3,3,3,FALSE,A
P08134,RHOC,2,2,2,27,5.990934610366821,0.9218405783176422,3,3,3,3,3,3,3,3,3,FALSE,A
P08174,CD55,13,17,13,27,4.632277011871338,0.7676167786121368,3,3,3,3,3,3,3,3,3,FALSE,A
P08183,ABCB1,2,2,2,22,3.1022720336914063,0,0,3,2,3,2,3,3,3,3,FALSE,A
P08195,SLC3A2,24,36,24,27,5.464834213256836,0.9456186890602112,3,3,3,3,3,3,3,3,3,FALSE,A
P08235,NR3C2,3,3,3,11,2.5438413619995117,0,0,1,1,1,2,2,2,2,0,FALSE,A
P08236,GUSB,12,14,12,27,3.271358013153076,0.7391489744186401,3,3,3,3,3,3,3,3,3,FALSE,A
P08237,PFKM,24,30,24,27,4.024422645568848,0.7332133650779724,3,3,3,3,3,3,3,3,3,FALSE,A
P08238,HSP90AB1,20,32,20,27,6.2092649936676025,0.9456013441085815,3,3,3,3,3,3,3,3,3,FALSE,A
P08240,SRPRA,22,28,22,27,3.989769697189331,0.8227133750915527,3,3,3,3,3,3,3,3,3,FALSE,A
P08243,ASNS,30,44,30,27,4.5329437255859375,0.8963044285774231,3,3,3,3,3,3,3,3,3,FALSE,A
P08247,SYP,2,2,2,27,3.485818386077881,0.5893792510032654,3,3,3,3,3,3,3,3,3,FALSE,A
P08397,HMBS,18,26,18,27,4.176340103149414,0.8329570889472961,3,3,3,3,3,3,3,3,3,FALSE,A
P08473,MME,7,7,7,15,2.9468188285827637,0.5159217119216919,3,3,3,1,1,0,1,0,3,FALSE,A
P08559,PDHA1,16,19,16,27,5.810749053955078,0.9554316103458405,3,3,3,3,3,3,3,3,3,FALSE,A
P08572,COL4A2,7,8,7,27,4.1811158657073975,0.7862684428691864,3,3,3,3,3,3,3,3,3,FALSE,A
P08574,CYC1,9,12,9,27,5.112025737762451,0.9260472655296326,3,3,3,3,3,3,3,3,3,FALSE,A
P08579,SNRPB2,7,11,7,27,5.49833607673645,0.9305288791656494,3,3,3,3,3,3,3,3,3,FALSE,A
P08581,MET,11,11,11,25,2.7105395793914795,0.41171251237392426,2,3,3,3,3,2,3,3,3,FALSE,A
P08621,SNRNP70,24,41,24,27,6.128955841064453,0.9584811925888062,3,3,3,3,3,3,3,3,3,FALSE,A
P08648,ITGA5,18,21,18,27,3.805273413658142,0.6006322205066681,3,3,3,3,3,3,3,3,3,FALSE,A
P08651,NFIC,7,8,7,27,3.518533945083618,0.5183223485946655,3,3,3,3,3,3,3,3,3,FALSE,A
P08670,VIM,44,77,44,27,6.385703086853027,0.9659885764122009,3,3,3,3,3,3,3,3,3,FALSE,A
P08697,SERPINF2,1,1,1,13,4.042827606201172,0.21981865167617798,3,3,3,0,0,0,3,0,1,TRUE,B
P08708,RPS17,11,20,11,27,6.379681348800659,0.9710915386676788,3,3,3,3,3,3,3,3,3,FALSE,A
P08729,KRT7,3,3,3,2,3.519785523414612,0.6946271657943726,2,0,0,0,0,0,0,0,0,FALSE,A
P08754,GNAI3,7,10,7,27,3.891969680786133,0.9106488823890686,3,3,3,3,3,3,3,3,3,FALSE,A
P08779,KRT16,18,23,18,22,3.1408179998397827,0.4121875464916229,3,1,1,3,3,3,2,3,3,FALSE,A
P08865,RPSA,3,4,3,27,6.685307025909424,0.9816782474517822,3,3,3,3,3,3,3,3,3,FALSE,A
P08962,CD63,3,3,3,27,5.891661643981934,0.9680461287498474,3,3,3,3,3,3,3,3,3,FALSE,A
P09001,MRPL3,10,15,10,27,4.880849838256836,0.935504823923111,3,3,3,3,3,3,3,3,3,FALSE,A
P09012,SNRPA,6,12,6,27,5.929381370544434,0.9565134048461914,3,3,3,3,3,3,3,3,3,FALSE,A
P09038,FGF2,5,5,5,27,3.701794147491455,0.7844985127449036,3,3,3,3,3,3,3,3,3,FALSE,A
P09104,ENO2,14,22,14,27,5.078627586364746,0.9118821620941162,3,3,3,3,3,3,3,3,3,FALSE,A
P09110,ACAA1,18,26,18,27,4.872962236404419,0.9106663763523102,3,3,3,3,3,3,3,3,3,FALSE,A
P09132,SRP19,6,8,6,27,5.623488664627075,0.9566271305084229,3,3,3,3,3,3,3,3,3,FALSE,A
P09234,SNRPC,4,6,4,27,6.526605844497681,0.9661783874034882,3,3,3,3,3,3,3,3,3,FALSE,A
P09382,LGALS1,5,6,5,27,3.631232261657715,0.5505243837833405,3,3,3,3,3,3,3,3,3,FALSE,A
P09417,QDPR,11,15,11,27,4.822298049926758,0.9047932028770447,3,3,3,3,3,3,3,3,3,FALSE,A
P09429,HMGB1,4,10,4,27,6.548170566558838,0.9714763760566711,3,3,3,3,3,3,3,3,3,FALSE,A
P09455,RBP1,10,13,10,27,4.856416940689087,0.9191856980323792,3,3,3,3,3,3,3,3,3,FALSE,A
P09493,TPM1,4,6,4,27,4.543569087982178,0.8187010884284973,3,3,3,3,3,3,3,3,3,FALSE,A
P09496,CLTA,7,9,7,27,4.29404878616333,0.80684494972229,3,3,3,3,3,3,3,3,3,FALSE,A
P09497,CLTB,11,14,11,27,4.336375951766968,0.8573015630245209,3,3,3,3,3,3,3,3,3,FALSE,A
P09525,ANXA4,20,26,20,27,5.378865718841553,0.887487530708313,3,3,3,3,3,3,3,3,3,FALSE,A
P09543,CNP,22,32,22,27,4.125296354293823,0.8361539244651794,3,3,3,3,3,3,3,3,3,FALSE,A
P09601,HMOX1,9,11,9,27,3.460582137107849,0.6145075559616089,3,3,3,3,3,3,3,3,3,FALSE,A
P09622,DLD,20,36,20,27,5.981980323791504,0.955702006816864,3,3,3,3,3,3,3,3,3,FALSE,A
P09651,HNRNPA1,1,2,1,27,6.737366676330566,0.9848485291004181,3,3,3,3,3,3,3,3,3,TRUE,B
P09661,SNRPA1,15,22,15,27,5.807783603668213,0.9564844965934753,3,3,3,3,3,3,3,3,3,FALSE,A
P09668,CTSH,5,7,5,27,4.119239807128906,0.7858380377292633,3,3,3,3,3,3,3,3,3,FALSE,A
P09669,COX6C,8,11,8,27,6.18445086479187,0.9781718552112579,3,3,3,3,3,3,3,3,3,FALSE,A
P09874,PARP1,63,113,63,27,6.2352235317230225,0.9651041924953461,3,3,3,3,3,3,3,3,3,FALSE,A
P09884,POLA1,40,43,40,27,3.439713478088379,0.7696933746337891,3,3,3,3,3,3,3,3,3,FALSE,A
P09936,UCHL1,10,18,10,27,5.535326957702637,0.9363288283348083,3,3,3,3,3,3,3,3,3,FALSE,A
P09958,FURIN,4,4,4,16,2.643242835998535,0.10062484443187714,3,3,3,1,3,1,2,0,0,FALSE,A
P09960,LTA4H,32,44,32,27,4.888792037963867,0.8980540037155151,3,3,3,3,3,3,3,3,3,FALSE,A
P09972,ALDOC,12,16,12,27,3.938206195831299,0.7670295238494873,3,3,3,3,3,3,3,3,3,FALSE,A
P0C0L4,C4A,1,1,1,6,3.3410593271255493,0.856882631778717,0,3,3,0,0,0,0,0,0,TRUE,C
P0C1Z6,TFPT,4,4,4,27,2.640260696411133,0.33610299229621887,3,3,3,3,3,3,3,3,3,FALSE,A
P0C2W1,FBXO45,3,3,3,21,2.619473457336426,0.05251026526093483,0,3,2,3,3,2,3,2,3,FALSE,A
P0C7X2,ZNF688,4,4,4,27,3.4996529817581177,0.593379944562912,3,3,3,3,3,3,3,3,3,FALSE,A
P0CAP2,POLR2M,13,15,13,27,3.715560793876648,0.6421538591384888,3,3,3,3,3,3,3,3,3,FALSE,A
P0CG12,DERPC,6,6,6,26,3.3861005306243896,0.5749685168266296,3,3,3,3,3,3,3,3,2,FALSE,A
P0CG13,CHTF8,6,6,6,26,3.134213924407959,0.6689648628234863,2,3,3,3,3,3,3,3,3,FALSE,A
P0CJ78,ZNF865,9,11,9,27,3.009045720100403,0.4177411049604416,3,3,3,3,3,3,3,3,3,FALSE,A
P0CJ79,ZNF888,1,1,1,23,2.8010456562042236,0,1,3,2,2,3,3,3,3,3,TRUE,C
P0CW24,PNMA6A,1,1,1,16,3.1504788398742676,0.334679052233696,0,3,2,3,0,3,2,1,2,TRUE,C
P0DJ07,PET100,2,3,2,27,3.5392918586730957,0.4524569809436798,3,3,3,3,3,3,3,3,3,FALSE,A
P0DMB2,C8orf88,1,1,1,10,2.319929003715515,0.32311761379241943,2,0,0,3,1,2,1,1,0,TRUE,C
P0DPB6,POLR1D,5,8,5,27,4.48683500289917,0.8529656231403351,3,3,3,3,3,3,3,3,3,FALSE,A
P0DTL6,ZFTRAF1,7,7,7,27,3.231748938560486,0.788556307554245,3,3,3,3,3,3,3,3,3,FALSE,A
P10070,GLI2,9,10,9,22,2.920541524887085,0.2558833360671997,0,3,1,3,3,3,3,3,3,FALSE,A
P10071,GLI3,12,12,12,27,2.9445295333862305,0.4685229957103729,3,3,3,3,3,3,3,3,3,FALSE,A
P10074,ZBTB48,6,7,6,27,2.930318236351013,0,3,3,3,3,3,3,3,3,3,FALSE,A
P10075,GLI4,1,1,1,25,3.651472330093384,0.28861889243125916,3,3,3,2,3,3,2,3,3,TRUE,C
P10092,CALCB,1,1,1,21,2.8460147380828857,0.58854740858078,3,3,2,3,2,3,1,3,1,TRUE,C
P10109,FDX1,5,7,5,27,3.3383121490478516,0.7370257675647736,3,3,3,3,3,3,3,3,3,FALSE,A
P10114,RAP2A,2,2,2,27,4.6928534507751465,0.9137322306632996,3,3,3,3,3,3,3,3,3,FALSE,A
P10155,RO60,24,34,24,27,4.5439133644104,0.8424111008644104,3,3,3,3,3,3,3,3,3,FALSE,A
P10244,MYBL2,22,26,22,27,3.381767511367798,0.673351526260376,3,3,3,3,3,3,3,3,3,FALSE,A
P10253,GAA,31,46,31,27,4.618605613708496,0.862594723701477,3,3,3,3,3,3,3,3,3,FALSE,A
P10301,RRAS,4,4,4,27,3.615765690803528,0.8407931327819824,3,3,3,3,3,3,3,3,3,FALSE,A
P10321,HLA-C,8,8,8,27,4.540664911270142,0.8277676999568939,3,3,3,3,3,3,3,3,3,FALSE,A
P10398,ARAF,11,11,11,27,3.422031879425049,0.40666356682777405,3,3,3,3,3,3,3,3,3,FALSE,A
P10412,H1-4,2,3,2,27,6.842733144760132,0.990730494260788,3,3,3,3,3,3,3,3,3,FALSE,A
P10415,BCL2,2,2,2,23,3.686007499694824,0.5959801375865936,0,3,2,3,3,3,3,3,3,FALSE,A
P10515,DLAT,24,35,24,27,5.282792568206787,0.9282809197902679,3,3,3,3,3,3,3,3,3,FALSE,A
P10586,PTPRF,38,40,38,27,3.302071452140808,0.5557434260845184,3,3,3,3,3,3,3,3,3,FALSE,A
P10588,NR2F6,8,8,8,27,3.6141257286071777,0.5445768535137177,3,3,3,3,3,3,3,3,3,FALSE,A
P10589,NR2F1,7,9,7,27,3.8294968605041504,0.8203117251396179,3,3,3,3,3,3,3,3,3,FALSE,A
P10606,COX5B,10,13,10,27,4.703180313110352,0.9388283789157867,3,3,3,3,3,3,3,3,3,FALSE,A
P10619,CTSA,11,13,11,27,4.116332054138184,0.858038067817688,3,3,3,3,3,3,3,3,3,FALSE,A
P10620,MGST1,1,1,1,6,2.565512180328369,0.1863834261894226,1,3,2,0,0,0,0,0,0,TRUE,C
P10644,PRKAR1A,18,26,18,27,4.4448347091674805,0.7879979014396667,3,3,3,3,3,3,3,3,3,FALSE,A
P10646,TFPI,2,2,2,9,2.328956365585327,0.17781415581703186,2,2,1,1,0,1,0,0,2,FALSE,A
P10721,KIT,2,2,2,6,2.582628607749939,0.13724849373102188,1,2,3,0,0,0,0,0,0,FALSE,A
P10746,UROS,3,3,3,17,1.9905078411102295,0.14670223742723465,0,3,2,2,2,0,3,3,2,FALSE,A
P10768,ESD,14,21,14,27,5.174264430999756,0.918780654668808,3,3,3,3,3,3,3,3,3,FALSE,A
P10809,HSPD1,46,71,46,27,6.463381290435791,0.9702515006065369,3,3,3,3,3,3,3,3,3,FALSE,A
P10826,RARB,1,1,1,15,2.756159543991089,0.38046887516975403,0,0,0,2,3,3,2,2,3,TRUE,C
P10828,THRB,1,1,1,10,2.53967547416687,0.6418381631374359,0,0,0,2,0,2,2,2,2,TRUE,C
P10909,CLU,5,5,5,27,3.636276602745056,0.6795072257518768,3,3,3,3,3,3,3,3,3,FALSE,A
P11021,HSPA5,45,77,45,27,6.423924922943115,0.9708914756774902,3,3,3,3,3,3,3,3,3,FALSE,A
P11047,LAMC1,52,59,52,27,4.410867691040039,0.7568534314632416,3,3,3,3,3,3,3,3,3,FALSE,A
P11117,ACP2,13,15,13,27,4.535542964935303,0.8377028107643127,3,3,3,3,3,3,3,3,3,FALSE,A
P11137,MAP2,2,2,2,20,3.0155022144317627,0.07967613264918327,0,2,1,3,3,3,3,3,2,FALSE,A
P11142,HSPA8,28,48,28,27,6.514655590057373,0.9724470973014832,3,3,3,3,3,3,3,3,3,FALSE,A
P11166,SLC2A1,4,5,4,27,4.2039666175842285,0.7238981127738953,3,3,3,3,3,3,3,3,3,FALSE,A
P11171,EPB41,25,31,25,27,4.102684497833252,0.8741980791091919,3,3,3,3,3,3,3,3,3,FALSE,A
P11172,UMPS,22,30,22,27,4.058995246887207,0.7711036205291748,3,3,3,3,3,3,3,3,3,FALSE,A
P11177,PDHB,15,20,15,27,5.820980072021484,0.9557092189788818,3,3,3,3,3,3,3,3,3,FALSE,A
P11182,DBT,19,28,19,27,3.9632513523101807,0.7904219031333923,3,3,3,3,3,3,3,3,3,FALSE,A
P11216,PYGB,22,28,22,27,3.9734097719192505,0.7593066692352295,3,3,3,3,3,3,3,3,3,FALSE,A
P11217,PYGM,2,2,2,16,3.2927898168563843,0.9043680131435394,2,0,0,3,2,2,2,3,2,FALSE,A
P11233,RALA,7,9,7,27,6.324301719665527,0.9526365995407104,3,3,3,3,3,3,3,3,3,FALSE,A
P11234,RALB,5,6,5,27,5.799270153045654,0.955103874206543,3,3,3,3,3,3,3,3,3,FALSE,A
P11274,BCR,17,18,17,27,2.902754068374634,0.6417585015296936,3,3,3,3,3,3,3,3,3,FALSE,A
P11277,SPTB,4,4,4,21,2.478768825531006,0,1,2,0,3,3,3,3,3,3,FALSE,A
P11279,LAMP1,8,13,8,27,4.930150985717773,0.9258898496627808,3,3,3,3,3,3,3,3,3,FALSE,A
P11310,ACADM,21,33,21,27,5.647191047668457,0.9642303586006165,3,3,3,3,3,3,3,3,3,FALSE,A
P11362,FGFR1,3,3,3,5,2.634303331375122,0.3248871862888336,0,3,2,0,0,0,0,0,0,FALSE,A
P11387,TOP1,42,65,42,27,5.625747203826904,0.9560799598693848,3,3,3,3,3,3,3,3,3,FALSE,A
P11388,TOP2A,60,87,60,27,5.2585577964782715,0.9390801191329956,3,3,3,3,3,3,3,3,3,FALSE,A
P11413,G6PD,31,42,31,27,4.734216213226318,0.8975160419940948,3,3,3,3,3,3,3,3,3,FALSE,A
P11441,UBL4A,9,14,9,27,5.761979341506958,0.9568139314651489,3,3,3,3,3,3,3,3,3,FALSE,A
P11474,ESRRA,4,5,4,25,2.5657920837402344,0.67500239610672,1,3,3,3,3,3,3,3,3,FALSE,A
P11498,PC,37,43,37,27,3.552377939224243,0.716217428445816,3,3,3,3,3,3,3,3,3,FALSE,A
P11532,DMD,7,8,7,25,3.3585386276245117,0.8145744204521179,2,3,2,3,3,3,3,3,3,FALSE,A
P11586,MTHFD1,46,62,46,27,5.130547523498535,0.9165375232696533,3,3,3,3,3,3,3,3,3,FALSE,A
P11717,IGF2R,91,120,91,27,4.649230480194092,0.8919690251350403,3,3,3,3,3,3,3,3,3,FALSE,A
P11766,ADH5,12,19,12,27,5.208514213562012,0.9313104748725891,3,3,3,3,3,3,3,3,3,FALSE,A
P11802,CDK4,16,27,16,27,4.374764442443848,0.8895729780197144,3,3,3,3,3,3,3,3,3,FALSE,A
P11831,SRF,2,2,2,26,3.062910795211792,0.023716459050774574,3,3,3,3,3,3,2,3,3,FALSE,A
P11908,PRPS2,7,13,7,27,5.185873508453369,0.9091676473617554,3,3,3,3,3,3,3,3,3,FALSE,A
P11940,PABPC1,6,9,6,27,6.409431457519531,0.9782843589782715,3,3,3,3,3,3,3,3,3,FALSE,A
P12004,PCNA,15,23,15,27,5.946661472320557,0.9668286442756653,3,3,3,3,3,3,3,3,3,FALSE,A
P12035,KRT3,3,3,3,4,3.231314778327942,0.16971707344055176,1,0,1,1,0,0,0,1,0,FALSE,A
P12074,COX6A1,1,2,1,22,3.606163501739502,0.8408170938491821,1,3,2,3,3,3,3,2,2,TRUE,C
P12109,COL6A1,22,27,22,27,4.660226821899414,0.850500226020813,3,3,3,3,3,3,3,3,3,FALSE,A
P12110,COL6A2,8,8,8,25,3.1013011932373047,0.6981749534606934,1,3,3,3,3,3,3,3,3,FALSE,A
P12235,SLC25A4,4,5,4,27,4.828230619430542,0.9484691917896271,3,3,3,3,3,3,3,3,3,FALSE,A
P12236,SLC25A6,2,2,2,27,6.552776098251343,0.9938757419586182,3,3,3,3,3,3,3,3,3,FALSE,A
P12259,F5,14,19,14,23,4.262214422225952,0.7451103925704956,3,3,3,1,1,3,3,3,3,FALSE,A
P12268,IMPDH2,27,50,27,27,6.392462730407715,0.9767091870307922,3,3,3,3,3,3,3,3,3,FALSE,A
P12270,TPR,115,171,115,27,5.765436172485352,0.9524719715118408,3,3,3,3,3,3,3,3,3,FALSE,A
P12273,PIP,2,2,2,11,2.8219504356384277,0.6261874437332153,3,0,1,2,1,1,1,1,1,FALSE,A
P12277,CKB,18,34,18,27,6.392563343048096,0.9632143676280975,3,3,3,3,3,3,3,3,3,FALSE,A
P12429,ANXA3,14,16,14,27,4.04606556892395,0.7723652720451355,3,3,3,3,3,3,3,3,3,FALSE,A
P12532,CKMT1B,16,28,16,27,5.794833660125732,0.958718478679657,3,3,3,3,3,3,3,3,3,FALSE,A
P12643,BMP2,1,1,1,10,4.869021415710449,0,3,3,3,1,0,0,0,0,0,TRUE,B
P12644,BMP4,1,1,1,12,6.03469181060791,0.8953537046909332,3,3,3,0,0,0,2,1,0,TRUE,B
P12694,BCKDHA,15,18,15,27,4.30254602432251,0.7929579615592957,3,3,3,3,3,3,3,3,3,FALSE,A
P12755,SKI,7,8,7,26,2.899332046508789,0.31677597761154175,2,3,3,3,3,3,3,3,3,FALSE,A
P12757,SKIL,3,3,3,20,2.724947929382324,0.19561686366796494,0,2,0,3,3,3,3,3,3,FALSE,A
P12814,ACTN1,27,44,27,27,4.598211288452148,0.8802646398544312,3,3,3,3,3,3,3,3,3,FALSE,A
P12931,SRC,6,7,6,26,2.6943740844726563,0.24632243812084198,3,3,2,3,3,3,3,3,3,FALSE,A
P12955,PEPD,20,30,20,27,4.4686737060546875,0.8462937772274017,3,3,3,3,3,3,3,3,3,FALSE,A
P12956,XRCC6,42,69,42,27,5.6032609939575195,0.947898805141449,3,3,3,3,3,3,3,3,3,FALSE,A
P13010,XRCC5,47,76,47,27,5.33995795249939,0.9217608571052551,3,3,3,3,3,3,3,3,3,FALSE,A
P13051,UNG,8,10,8,27,4.671018123626709,0.8165021538734436,3,3,3,3,3,3,3,3,3,FALSE,A
P13056,NR2C1,6,7,6,26,2.810009479522705,0.31282372772693634,3,3,3,3,3,2,3,3,3,FALSE,A
P13073,COX4I1,9,16,9,27,6.17558479309082,0.9687319993972778,3,3,3,3,3,3,3,3,3,FALSE,A
P13196,ALAS1,2,2,2,17,2.7535741329193115,0.4304240345954895,0,3,0,3,2,3,3,3,0,FALSE,A
P13284,IFI30,1,2,1,22,3.4743462800979614,0.6383551955223083,2,1,2,3,3,3,2,3,3,TRUE,C
P13473,LAMP2,8,13,8,27,5.038031578063965,0.9281456470489502,3,3,3,3,3,3,3,3,3,FALSE,A
P13489,RNH1,20,25,20,27,4.840278148651123,0.844054639339447,3,3,3,3,3,3,3,3,3,FALSE,A
P13498,CYBA,2,2,2,14,4.445812225341797,0.8588961958885193,0,0,0,1,3,3,3,3,1,FALSE,A
P13591,NCAM1,20,25,20,27,4.187206029891968,0.8236896693706512,3,3,3,3,3,3,3,3,3,FALSE,A
P13611,VCAN,11,12,11,27,3.254138231277466,0.5460920929908752,3,3,3,3,3,3,3,3,3,FALSE,A
P13612,ITGA4,2,2,2,13,2.5322415828704834,0,1,0,2,2,2,1,1,2,2,FALSE,A
P13637,ATP1A3,1,1,1,5,2.027789354324341,0,0,3,2,0,0,0,0,0,0,TRUE,C
P13639,EEF2,55,98,55,27,6.192930698394775,0.9633197486400604,3,3,3,3,3,3,3,3,3,FALSE,A
P13646,KRT13,5,5,5,1,4.471056938171387,0.38552337884902954,0,0,0,1,0,0,0,0,0,FALSE,A
P13647,KRT5,16,20,16,27,3.9637484550476074,0.7801979184150696,3,3,3,3,3,3,3,3,3,FALSE,A
P13667,PDIA4,49,83,49,27,5.746711015701294,0.9567775726318359,3,3,3,3,3,3,3,3,3,FALSE,A
P13674,P4HA1,21,29,21,27,5.191603660583496,0.933233231306076,3,3,3,3,3,3,3,3,3,FALSE,A
P13693,TPT1,7,11,7,27,5.897640228271484,0.9105291962623596,3,3,3,3,3,3,3,3,3,FALSE,A
P13716,ALAD,6,6,6,27,3.468800663948059,0.5527853965759277,3,3,3,3,3,3,3,3,3,FALSE,A
P13747,HLA-E,5,5,5,18,2.4472522735595703,0.2622882127761841,2,3,2,3,3,1,3,1,0,FALSE,A
P13797,PLS3,31,51,31,27,5.6093950271606445,0.951355516910553,3,3,3,3,3,3,3,3,3,FALSE,A
P13798,APEH,29,37,29,27,5.0603485107421875,0.8957701921463013,3,3,3,3,3,3,3,3,3,FALSE,A
P13804,ETFA,18,28,18,27,5.327678918838501,0.9390941262245178,3,3,3,3,3,3,3,3,3,FALSE,A
P13807,GYS1,15,15,15,26,3.359161853790283,0.7661531567573547,2,3,3,3,3,3,3,3,3,FALSE,A
P13861,PRKAR2A,18,27,18,27,5.455110549926758,0.906829833984375,3,3,3,3,3,3,3,3,3,FALSE,A
P13929,ENO3,3,3,3,19,2.4003424644470215,0,3,2,2,1,2,3,3,1,2,FALSE,A
P13984,GTF2F2,16,30,16,27,5.476337194442749,0.9483880400657654,3,3,3,3,3,3,3,3,3,FALSE,A
P13987,CD59,5,8,5,27,6.237001657485962,0.9706119298934937,3,3,3,3,3,3,3,3,3,FALSE,A
P13994,YJU2B,7,7,7,27,2.8144242763519287,0,3,3,3,3,3,3,3,3,3,FALSE,A
P13995,MTHFD2,17,24,17,27,5.2665629386901855,0.9029251933097839,3,3,3,3,3,3,3,3,3,FALSE,A
P14174,MIF,3,5,3,27,6.096728324890137,0.9573796391487122,3,3,3,3,3,3,3,3,3,FALSE,A
P14209,CD99,1,2,1,13,2.5940581560134888,0.815889984369278,2,3,3,1,0,1,0,1,2,TRUE,C
P14222,PRF1,1,1,1,24,3.5014634132385254,0,2,3,2,2,3,3,3,3,3,TRUE,C
P14314,PRKCSH,21,32,21,27,5.653882741928101,0.9546086192131042,3,3,3,3,3,3,3,3,3,FALSE,A
P14316,IRF2,6,6,6,27,2.8561697006225586,0.7214439511299133,3,3,3,3,3,3,3,3,3,FALSE,A
P14324,FDPS,12,15,12,27,5.214243412017822,0.8705658316612244,3,3,3,3,3,3,3,3,3,FALSE,A
P14373,TRIM27,15,18,15,27,3.2672266960144043,0.4744962751865387,3,3,3,3,3,3,3,3,3,FALSE,A
P14384,CPM,7,7,7,25,3.326506018638611,0.5959579944610596,3,3,3,3,3,3,2,2,3,FALSE,A
P14406,COX7A2,3,3,3,27,6.005885601043701,0.9735948443412781,3,3,3,3,3,3,3,3,3,FALSE,A
P14543,NID1,19,19,19,27,3.201840400695801,0.40271416306495667,3,3,3,3,3,3,3,3,3,FALSE,A
P14550,AKR1A1,15,22,15,27,4.786689758300781,0.8602525591850281,3,3,3,3,3,3,3,3,3,FALSE,A
P14618,PKM,36,63,36,27,6.438396453857422,0.9657431840896606,3,3,3,3,3,3,3,3,3,FALSE,A
P14621,ACYP2,5,5,5,27,3.957270622253418,0.6873005032539368,3,3,3,3,3,3,3,3,3,FALSE,A
P14625,HSP90B1,44,73,44,27,5.838825702667236,0.9614508152008057,3,3,3,3,3,3,3,3,3,FALSE,A
P14635,CCNB1,6,8,6,27,4.300454616546631,0.8554846048355103,3,3,3,3,3,3,3,3,3,FALSE,A
P14649,MYL6B,9,11,9,27,3.8650217056274414,0.8180457353591919,3,3,3,3,3,3,3,3,3,FALSE,A
P14678,SNRPB,2,2,2,27,3.8423190116882324,0.5523746013641357,3,3,3,3,3,3,3,3,3,FALSE,A
P14735,IDE,38,50,38,27,4.3397181034088135,0.834527313709259,3,3,3,3,3,3,3,3,3,FALSE,A
P14854,COX6B1,8,10,8,27,5.628666639328003,0.962595522403717,3,3,3,3,3,3,3,3,3,FALSE,A
P14859,POU2F1,4,4,4,27,4.140021562576294,0.7813796103000641,3,3,3,3,3,3,3,3,3,FALSE,A
P14866,HNRNPL,21,33,21,27,6.481395721435547,0.9700987935066223,3,3,3,3,3,3,3,3,3,FALSE,A
P14868,DARS1,32,45,32,27,5.480881214141846,0.9492106735706329,3,3,3,3,3,3,3,3,3,FALSE,A
P14923,JUP,26,35,26,27,4.207303524017334,0.8001512289047241,3,3,3,3,3,3,3,3,3,FALSE,A
P14927,UQCRB,10,15,10,27,5.9646382331848145,0.964783787727356,3,3,3,3,3,3,3,3,3,FALSE,A
P15056,BRAF,3,3,3,20,2.6305766105651855,0.04390911012887955,3,3,3,3,2,1,3,1,1,FALSE,A
P15104,GLUL,12,19,12,27,5.1352105140686035,0.9138082563877106,3,3,3,3,3,3,3,3,3,FALSE,A
P15121,AKR1B1,17,31,17,27,6.219696521759033,0.9677350521087646,3,3,3,3,3,3,3,3,3,FALSE,A
P15151,PVR,6,9,6,27,4.161733627319336,0.8448675572872162,3,3,3,3,3,3,3,3,3,FALSE,A
P15170,GSPT1,16,23,16,27,4.807719945907593,0.8809590637683868,3,3,3,3,3,3,3,3,3,FALSE,A
P15260,IFNGR1,8,8,8,21,3.3365222215652466,0.758867084980011,3,3,3,2,1,0,3,3,3,FALSE,A
P15289,ARSA,7,9,7,27,3.674843907356262,0.7265683710575104,3,3,3,3,3,3,3,3,3,FALSE,A
P15291,B4GALT1,6,7,6,22,2.8731226921081543,0.6601074934005737,1,3,3,3,3,3,2,1,3,FALSE,A
P15311,EZR,26,40,26,27,5.349360227584839,0.9419688880443573,3,3,3,3,3,3,3,3,3,FALSE,A
P15336,ATF2,8,10,8,27,3.370435357093811,0.5796886086463928,3,3,3,3,3,3,3,3,3,FALSE,A
P15374,UCHL3,10,12,10,27,4.001244783401489,0.882769763469696,3,3,3,3,3,3,3,3,3,FALSE,A
P15529,CD46,6,9,6,27,4.278119087219238,0.8706847429275513,3,3,3,3,3,3,3,3,3,FALSE,A
P15531,NME1,7,12,7,27,6.52860689163208,0.967380702495575,3,3,3,3,3,3,3,3,3,FALSE,A
P15586,GNS,21,29,21,27,5.554837703704834,0.9367782771587372,3,3,3,3,3,3,3,3,3,FALSE,A
P15622,ZNF250,3,3,3,11,2.049872636795044,0.6785377860069275,2,1,3,2,1,0,0,1,1,FALSE,A
P15692,VEGFA,2,2,2,27,3.2034151554107666,0.5396518111228943,3,3,3,3,3,3,3,3,3,FALSE,A
P15735,PHKG2,9,9,9,24,2.705035448074341,0.6287342309951782,2,3,2,3,3,3,3,3,2,FALSE,A
P15822,HIVEP1,8,8,8,23,2.41741681098938,0.2801751345396042,1,3,3,3,3,3,3,3,1,FALSE,A
P15848,ARSB,14,16,14,27,3.73519229888916,0.78733891248703,3,3,3,3,3,3,3,3,3,FALSE,A
P15880,RPS2,19,33,19,27,6.165910005569458,0.9550097286701202,3,3,3,3,3,3,3,3,3,FALSE,A
P15882,CHN1,1,1,1,14,3.034571409225464,0,1,3,2,0,2,1,0,2,3,TRUE,C
P15923,TCF3,4,6,4,26,3.1041717529296875,0.6162310242652893,3,3,2,3,3,3,3,3,3,FALSE,A
P15924,DSP,126,161,126,27,4.299704551696777,0.8371205031871796,3,3,3,3,3,3,3,3,3,FALSE,A
P15927,RPA2,9,15,9,27,5.64851188659668,0.95705413818359375,3,3,3,3,3,3,3,3,3,FALSE,A
P15954,COX7C,1,2,1,27,4.927174091339111,0,3,3,3,3,3,3,3,3,3,TRUE,B
P16035,TIMP2,5,5,5,24,3.2752814292907715,0.5655771493911743,3,3,3,3,2,3,2,2,3,FALSE,A
P16104,H2AX,1,1,1,27,6.477350234985352,0.9494643807411194,3,3,3,3,3,3,3,3,3,TRUE,B
P16152,CBR1,15,22,15,27,5.772716522216797,0.9615557193756104,3,3,3,3,3,3,3,3,3,FALSE,A
P16219,ACADS,13,14,13,27,3.8263654708862305,0.809774786233902,3,3,3,3,3,3,3,3,3,FALSE,A
P16220,CREB1,3,4,3,27,4.1558685302734375,0.9264971613883972,3,3,3,3,3,3,3,3,3,FALSE,A
P16278,GLB1,16,20,16,27,4.67721152305603,0.8936756253242493,3,3,3,3,3,3,3,3,3,FALSE,A
P16298,PPP3CB,4,4,4,27,2.9703049659729004,0.2608640193939209,3,3,3,3,3,3,3,3,3,FALSE,A
P16333,NCK1,16,19,16,27,3.552316427230835,0.7726121544837952,3,3,3,3,3,3,3,3,3,FALSE,A
P16383,GCFC2,20,21,20,27,3.154344916343689,0.6360251903533936,3,3,3,3,3,3,3,3,3,FALSE,A
P16402,H1-3,2,2,2,21,2.772852301597595,0.5887412130832672,3,1,3,2,2,2,2,3,3,FALSE,A
P16403,H1-2,1,1,1,27,6.701951026916504,0.9876854419708252,3,3,3,3,3,3,3,3,3,TRUE,B
P16435,POR,37,49,38,27,4.277461290359497,0.8695072531700134,3,3,3,3,3,3,3,3,3,FALSE,A
P16615,ATP2A2,24,35,24,27,4.176446437835693,0.7877617478370667,3,3,3,3,3,3,3,3,3,FALSE,A
P16870,CPE,9,12,9,27,3.068914771080017,0.5312017202377319,3,3,3,3,3,3,3,3,3,FALSE,A
P16885,PLCG2,12,12,12,25,3.0532509088516235,0.42325903475284576,2,3,2,3,3,3,3,3,3,FALSE,A
P16930,FAH,15,21,15,27,4.346982002258301,0.8327931761741638,3,3,3,3,3,3,3,3,3,FALSE,A
P16949,STMN1,10,16,10,27,5.310464382171631,0.9040748476982117,3,3,3,3,3,3,3,3,3,FALSE,A
P16989,YBX3,11,16,11,27,5.114989995956421,0.8988381922245026,3,3,3,3,3,3,3,3,3,FALSE,A
P17010,ZFX,2,2,2,21,3.0920428037643433,0,3,3,3,2,2,1,2,2,3,FALSE,A
P17017,ZNF14,2,2,2,20,2.3698012828826904,0.2503187358379364,2,3,3,1,1,2,3,3,2,FALSE,A
P17020,ZNF16,5,5,5,18,2.303663492202759,0.18953409790992737,3,2,3,1,0,1,3,2,3,FALSE,A
P17025,ZNF182,1,1,1,11,1.8394854068756104,0,0,0,0,1,2,2,1,2,3,TRUE,C
P17026,ZNF22,7,11,7,27,4.612715244293213,0.898089587688446,3,3,3,3,3,3,3,3,3,FALSE,A
P17028,ZNF24,14,20,14,27,4.442936420440674,0.8633525669574738,3,3,3,3,3,3,3,3,3,FALSE,A
P17029,ZKSCAN1,11,14,11,27,3.663703680038452,0.6838271915912628,3,3,3,3,3,3,3,3,3,FALSE,A
P17036,ZNF3,4,4,4,26,2.7125425338745117,0.6816189289093018,3,3,3,3,3,2,3,3,3,FALSE,A
P17041,ZNF32,3,3,3,13,2.4195423126220703,0.05763662979006767,3,2,3,2,0,0,1,1,1,FALSE,A
P17050,NAGA,3,3,3,27,2.6476590633392334,0.584008514881134,3,3,3,3,3,3,3,3,3,FALSE,A
P17066,HSPA6,6,6,6,9,3.406112551689148,0.55145063996315,1,3,3,2,0,0,0,0,0,FALSE,A
P17081,RHOQ,1,1,1,25,2.8276050090789795,0.87618488073349,3,3,2,3,3,2,3,3,3,TRUE,C
P17096,HMGA1,3,5,3,27,6.205123424530029,0.9679768085479736,3,3,3,3,3,3,3,3,3,FALSE,A
P17097,ZNF7,2,2,2,16,2.776710033416748,0.6555728912353516,1,3,2,3,0,0,1,3,3,FALSE,A
P17098,ZNF8,7,7,7,27,2.886910080909729,0.6198530197143555,3,3,3,3,3,3,3,3,3,FALSE,A
P17152,TMEM11,3,3,3,23,4.1002702713012695,0.8713200688362122,0,3,2,3,3,3,3,3,3,FALSE,A
P17174,GOT1,25,36,25,27,5.855037689208984,0.9548947215080261,3,3,3,3,3,3,3,3,3,FALSE,A
P17181,IFNAR1,9,9,9,18,3.023768424987793,0.6273630559444427,3,3,3,2,1,2,2,2,0,FALSE,A
P17252,PRKCA,12,13,12,27,3.800257921218872,0.7272774875164032,3,3,3,3,3,3,3,3,3,FALSE,A
P17275,JUNB,2,2,2,13,3.5579209327697754,0.8472340106964111,3,0,0,2,1,3,3,1,0,FALSE,A
P17301,ITGA2,27,32,27,27,3.7874743938446045,0.7784324884414673,3,3,3,3,3,3,3,3,3,FALSE,A
P17302,GJA1,6,8,6,27,3.403181552886963,0.03746749833226204,3,3,3,3,3,3,3,3,3,FALSE,A
P17405,SMPD1,5,5,5,27,4.145550966262817,0.8430392742156982,3,3,3,3,3,3,3,3,3,FALSE,A
P17480,UBTF,31,50,31,27,5.643924236297607,0.9460171461105347,3,3,3,3,3,3,3,3,3,FALSE,A
P17482,HOXB9,10,11,10,27,3.998544692993164,0.7856190800666809,3,3,3,3,3,3,3,3,3,FALSE,A
P17483,HOXB4,1,1,1,23,2.4857113361358643,0,3,3,3,2,2,1,3,3,3,TRUE,C
P17509,HOXB6,6,6,6,27,3.1486992835998535,0.5604701042175293,3,3,3,3,3,3,3,3,3,FALSE,A
P17535,JUND,6,8,6,27,3.67033052444458,0.492435485124588,3,3,3,3,3,3,3,3,3,FALSE,A
P17544,ATF7,11,13,11,27,4.025195121765137,0.6960893273353577,3,3,3,3,3,3,3,3,3,FALSE,A
P17568,NDUFB7,9,15,9,27,5.793380260467529,0.9425719380378723,3,3,3,3,3,3,3,3,3,FALSE,A
P17612,PRKACA,6,8,6,27,3.7193955183029175,0.7260737717151642,3,3,3,3,3,3,3,3,3,FALSE,A
P17655,CAPN2,30,36,30,27,4.437403678894043,0.8522900938987732,3,3,3,3,3,3,3,3,3,FALSE,A
P17676,CEBPB,3,3,3,27,5.788941860198975,0.8453928828239441,3,3,3,3,3,3,3,3,3,FALSE,A
P17706,PTPN2,9,10,9,27,3.691014051437378,0.5752633810043335,3,3,3,3,3,3,3,3,3,FALSE,A
P17812,CTPS1,26,37,26,27,5.011474132537842,0.9040449559688568,3,3,3,3,3,3,3,3,3,FALSE,A
P17844,DDX5,29,48,29,27,5.877170085906982,0.965650200843811,3,3,3,3,3,3,3,3,3,FALSE,A
P17858,PFKL,23,35,23,27,4.581524848937988,0.86407870054245,3,3,3,3,3,3,3,3,3,FALSE,A
P17861,XBP1,4,4,4,17,2.5168514251708984,0.11581120267510414,3,3,2,0,0,0,3,3,3,FALSE,A
P17900,GM2A,7,12,7,27,4.0835676193237305,0.7424713373184204,3,3,3,3,3,3,3,3,3,FALSE,A
P17931,LGALS3,7,12,7,27,4.052453994750977,0.8403806686401367,3,3,3,3,3,3,3,3,3,FALSE,A
P17948,FLT1,10,11,10,27,3.12972092628479,0.5904275178909302,3,3,3,3,3,3,3,3,3,FALSE,A
P17980,PSMC3,27,42,27,27,5.1363396644592285,0.8895516991615295,3,3,3,3,3,3,3,3,3,FALSE,A
P17987,TCP1,29,45,29,27,5.825426816940308,0.9491640627384186,3,3,3,3,3,3,3,3,3,FALSE,A
P18031,PTPN1,19,26,19,27,4.1959850788116455,0.830575555562973,3,3,3,3,3,3,3,3,3,FALSE,A
P18065,IGFBP2,10,14,10,27,3.7407894134521484,0.8032407164573669,3,3,3,3,3,3,3,3,3,FALSE,A
P18074,ERCC2,19,21,19,26,3.172629952430725,0.7662065923213959,2,3,3,3,3,3,3,3,3,FALSE,A
P18077,RPL35A,7,11,7,27,6.107823848724365,0.9673282504081726,3,3,3,3,3,3,3,3,3,FALSE,A
P18084,ITGB5,14,16,14,27,2.9187545776367188,0.4238434135913849,3,3,3,3,3,3,3,3,3,FALSE,A
P18085,ARF4,7,10,7,27,6.503380298614502,0.9582431316375732,3,3,3,3,3,3,3,3,3,FALSE,A
P18124,RPL7,20,34,20,27,5.957703590393066,0.9613572955131531,3,3,3,3,3,3,3,3,3,FALSE,A
P18146,EGR1,6,7,6,16,3.2489410638809204,0.4681546986103058,2,3,3,0,0,0,2,3,3,FALSE,A
P18206,VCL,62,87,62,27,4.821102142333984,0.8930055499076843,3,3,3,3,3,3,3,3,3,FALSE,A
P18433,PTPRA,11,11,11,27,3.1977362632751465,0.5057969093322754,3,3,3,3,3,3,3,3,3,FALSE,A
P18440,NAT1,2,2,2,9,3.2297000885009766,0,0,3,2,1,0,0,1,0,2,FALSE,A
P18583,SON,62,88,62,27,5.030676364898682,0.9188688397407532,3,3,3,3,3,3,3,3,3,FALSE,A
P18615,NELFE,19,24,19,27,4.78110933303833,0.8456523418426514,3,3,3,3,3,3,3,3,3,FALSE,A
P18621,RPL17,12,25,12,27,6.407397270202637,0.9690408110618591,3,3,3,3,3,3,3,3,3,FALSE,A
P18669,PGAM1,10,23,10,27,5.98288631439209,0.9658605456352234,3,3,3,3,3,3,3,3,3,FALSE,A
P18754,RCC1,20,32,20,27,5.584333896636963,0.948206901550293,3,3,3,3,3,3,3,3,3,FALSE,A
P18827,SDC1,1,1,1,2,3.427344560623169,0.454215943813324,0,0,1,0,0,1,0,0,0,TRUE,C
P18846,ATF1,1,1,1,27,3.447624683380127,0.39953261613845825,3,3,3,3,3,3,3,3,3,TRUE,C
P18847,ATF3,6,10,6,27,4.246308326721191,0.817153662443161,3,3,3,3,3,3,3,3,3,FALSE,A
P18848,ATF4,4,5,4,27,3.825819969177246,0.8366355895996094,3,3,3,3,3,3,3,3,3,FALSE,A
P18850,ATF6,6,6,6,27,2.8210686445236206,0.4549792855978012,3,3,3,3,3,3,3,3,3,FALSE,A
P18858,LIG1,26,34,26,27,3.5802981853485107,0.6431390047073364,3,3,3,3,3,3,3,3,3,FALSE,A
P18859,ATP5PF,5,6,5,27,5.180836200714111,0.8840143084526062,3,3,3,3,3,3,3,3,3,FALSE,A
P18887,XRCC1,18,25,18,27,4.398722887039185,0.8953575491905212,3,3,3,3,3,3,3,3,3,FALSE,A
P19013,KRT4,1,1,1,1,4.7286763191223145,0.8080432415008545,0,0,0,0,0,1,0,0,0,TRUE,B
P19021,PAM,8,8,8,22,2.6779136657714844,0.3275480568408966,3,3,3,3,3,3,3,0,1,FALSE,A
P19022,CDH2,18,23,18,27,3.41951060295105,0.6171334087848663,3,3,3,3,3,3,3,3,3,FALSE,A
P19086,GNAZ,3,3,3,9,2.603654384613037,0.5820077061653137,0,2,2,2,0,0,0,1,2,FALSE,A
P19174,PLCG1,33,41,33,27,3.2739988565444946,0.6527716517448425,3,3,3,3,3,3,3,3,3,FALSE,A
P19256,CD58,2,2,2,27,4.701035499572754,0.45447278022766113,3,3,3,3,3,3,3,3,3,FALSE,A
P19338,NCL,33,54,33,27,6.492630481719971,0.9699384570121765,3,3,3,3,3,3,3,3,3,FALSE,A
P19367,HK1,33,43,33,27,4.3690032958984375,0.8384525775909424,3,3,3,3,3,3,3,3,3,FALSE,A
P19387,POLR2C,13,13,13,27,4.214518070220947,0.8663900792598724,3,3,3,3,3,3,3,3,3,FALSE,A
P19388,POLR2E,11,15,11,27,4.859921455383301,0.9143075346946716,3,3,3,3,3,3,3,3,3,FALSE,A
P19404,NDUFV2,10,12,10,27,4.166608572006226,0.897939145565033,3,3,3,3,3,3,3,3,3,FALSE,A
P19419,ELK1,3,3,3,25,3.1553962230682373,0.5472342371940613,3,3,2,3,3,3,3,3,2,FALSE,A
P19438,TNFRSF1A,8,9,8,17,3.08960497379303,0.32035788893699646,3,3,3,3,1,2,2,0,0,FALSE,A
P19447,ERCC3,25,28,25,26,3.360594391822815,0.7038857936859131,2,3,3,3,3,3,3,3,3,FALSE,A
P19474,TRIM21,4,4,4,9,2.844657778739929,0,1,3,2,0,1,0,0,2,0,FALSE,A
P19484,TFEB,5,5,5,27,3.32949161529541,0.5710917115211487,3,3,3,3,3,3,3,3,3,FALSE,A
P19525,EIF2AK2,20,28,20,27,5.17386531829834,0.9284677505493164,3,3,3,3,3,3,3,3,3,FALSE,A
P19532,TFE3,4,6,4,27,4.417720556259155,0.732306182384491,3,3,3,3,3,3,3,3,3,FALSE,A
P19622,EN2,2,2,2,21,3.5761501789093018,0.412094384431839,3,3,3,3,2,2,2,1,2,FALSE,A
P19623,SRM,15,18,15,27,5.1555492877960205,0.9232519865036011,3,3,3,3,3,3,3,3,3,FALSE,A
P19634,SLC9A1,4,4,4,25,3.354104518890381,0.8518700003623962,1,3,3,3,3,3,3,3,3,FALSE,A
P19784,CSNK2A2,19,33,19,27,4.855389595031738,0.9207521677017212,3,3,3,3,3,3,3,3,3,FALSE,A
P19793,RXRA,3,3,3,27,3.9624812602996826,0.6558993458747864,3,3,3,3,3,3,3,3,3,FALSE,A
P19801,AOC1,1,1,1,17,3.5779917240142822,0.19195666909217834,2,3,3,0,0,0,3,3,3,TRUE,C
P19823,ITIH2,7,8,7,27,3.699868679046631,0.6191977858543396,3,3,3,3,3,3,3,3,3,FALSE,A
P19838,NFKB1,15,17,15,27,3.2342867851257324,0.48362287878990173,3,3,3,3,3,3,3,3,3,FALSE,A
P20020,ATP2B1,13,16,13,27,4.4199378490448,0.7333433032035828,3,3,3,3,3,3,3,3,3,FALSE,A
P20042,EIF2S2,29,38,29,27,5.214936017990112,0.923205554485321,3,3,3,3,3,3,3,3,3,FALSE,A
P20073,ANXA7,17,21,17,27,4.8728532791137695,0.9099569916725159,3,3,3,3,3,3,3,3,3,FALSE,A
P20226,TBP,2,3,2,25,4.0919554233551025,0.8674454391002655,1,3,3,3,3,3,3,3,3,FALSE,A
P20248,CCNA2,7,8,7,27,4.172940254211426,0.6864737868309021,3,3,3,3,3,3,3,3,3,FALSE,A
P20265,POU3F2,2,2,2,26,3.2823352813720703,0.3429020047187805,3,3,3,3,3,2,3,3,3,FALSE,A
P20290,BTF3,10,15,10,27,5.716784477233887,0.9668992757797241,3,3,3,3,3,3,3,3,3,FALSE,A
P20336,RAB3A,4,5,4,27,4.252103328704834,0.8441227972507477,3,3,3,3,3,3,3,3,3,FALSE,A
P20337,RAB3B,4,4,4,27,3.8738471269607544,0.5986745655536652,3,3,3,3,3,3,3,3,3,FALSE,A
P20338,RAB4A,9,14,9,27,4.726489543914795,0.8681916892528534,3,3,3,3,3,3,3,3,3,FALSE,A
P20339,RAB5A,6,8,6,27,5.469255447387695,0.9011239409446716,3,3,3,3,3,3,3,3,3,FALSE,A
P20340,RAB6A,4,5,4,27,5.398857593536377,0.9537147283554077,3,3,3,3,3,3,3,3,3,FALSE,A
P20472,PVALB,2,2,2,16,3.2444851398468018,0.7205409407615662,2,0,1,3,2,3,2,3,0,FALSE,A
P20585,MSH3,42,51,42,27,3.5132908821105957,0.8051655292510986,3,3,3,3,3,3,3,3,3,FALSE,A
P20618,PSMB1,13,21,13,27,5.631392002105713,0.9458609223365784,3,3,3,3,3,3,3,3,3,FALSE,A
P20645,M6PR,10,14,10,27,5.678800582885742,0.9430488348007202,3,3,3,3,3,3,3,3,3,FALSE,A
P20674,COX5A,5,7,5,27,4.094624042510986,0.8674614727497101,3,3,3,3,3,3,3,3,3,FALSE,A
P20700,LMNB1,48,79,48,27,6.261133670806885,0.9708884358406067,3,3,3,3,3,3,3,3,3,FALSE,A
P20719,HOXA5,3,5,3,27,4.041579961776733,0.8535083532333374,3,3,3,3,3,3,3,3,3,FALSE,A
P20742,PZP,1,2,1,25,6.086921691894531,0.9398856163024902,3,3,3,3,2,2,3,3,3,TRUE,B
P20774,OGN,3,3,3,9,3.9906861782073975,0.7778122425079346,3,3,3,0,0,0,0,0,0,FALSE,A
P20810,CAST,24,35,24,27,4.615865707397461,0.890474796295166,3,3,3,3,3,3,3,3,3,FALSE,A
P20839,IMPDH1,23,33,23,27,4.297543525695801,0.882746696472168,3,3,3,3,3,3,3,3,3,FALSE,A
P20930,FLG,1,1,1,6,2.6386085748672485,0,1,0,0,1,1,1,0,1,1,TRUE,C
P20933,AGA,2,2,2,17,3.2288124561309814,0.14844393730163574,3,3,3,2,0,1,2,0,3,FALSE,A
P20936,RASA1,11,11,11,26,2.9596774578094482,0.35356394946575165,3,3,2,3,3,3,3,3,3,FALSE,A
P20962,PTMS,1,2,1,27,5.685023069381714,0.8550666570663452,3,3,3,3,3,3,3,3,3,TRUE,B
P21108,PRPS1L1,1,1,1,13,2.4717178344726563,0.766441285610199,2,3,2,1,2,2,1,0,0,TRUE,C
P21127,CDK11B,4,5,4,27,3.6583080291748047,0.7019854784011841,3,3,3,3,3,3,3,3,3,FALSE,A
P21246,PTN,2,2,2,12,3.737525463104248,0.33508265018463135,3,2,3,0,0,0,3,1,0,FALSE,A
P21266,GSTM3,13,18,13,27,5.1958160400390625,0.911055713891983,3,3,3,3,3,3,3,3,3,FALSE,A
P21281,ATP6V1B2,15,18,16,27,4.266207933425903,0.7613939642906189,3,3,3,3,3,3,3,3,3,FALSE,A
P21283,ATP6V1C1,15,17,15,27,4.025574684143066,0.8445078730583191,3,3,3,3,3,3,3,3,3,FALSE,A
P21291,CSRP1,1,1,1,2,3.275485396385193,0.35008870251476765,2,0,0,0,0,0,0,0,0,TRUE,C
P21333,FLNA,114,190,114,27,5.905281066894531,0.9570211172103882,3,3,3,3,3,3,3,3,3,FALSE,A
P21359,NF1,10,10,10,25,2.509577751159668,0.014062141999602318,1,3,3,3,3,3,3,3,3,FALSE,A
P21399,ACO1,32,40,32,27,3.6875866651535034,0.7622888088226318,3,3,3,3,3,3,3,3,3,FALSE,A
P21579,SYT1,5,5,5,27,2.6648834943771362,0.3451021760702133,3,3,3,3,3,3,3,3,3,FALSE,A
P21675,TAF1,11,11,11,27,2.8387277126312256,0.5690554976463318,3,3,3,3,3,3,3,3,3,FALSE,A
P21741,MDK,5,7,5,27,5.678478956222534,0.9565457701683044,3,3,3,3,3,3,3,3,3,FALSE,A
P21796,VDAC1,18,29,18,27,6.058277368545532,0.9655051231384277,3,3,3,3,3,3,3,3,3,FALSE,A
P21802,FGFR2,2,2,2,8,3.061293601989746,0,2,2,3,0,0,0,0,0,1,FALSE,A
P21912,SDHB,14,17,14,27,5.808781147003174,0.9583871364593506,3,3,3,3,3,3,3,3,3,FALSE,A
P21926,CD9,4,5,4,27,3.8484514951705933,0.8278131783008575,3,3,3,3,3,3,3,3,3,FALSE,A
P21953,BCKDHB,10,12,10,27,3.9094462394714355,0.7459582686424255,3,3,3,3,3,3,3,3,3,FALSE,A
P21964,COMT,13,23,13,27,4.724503993988037,0.9041295945644379,3,3,3,3,3,3,3,3,3,FALSE,A
P21980,TGM2,1,1,1,7,1.5094115734100342,0,1,2,1,0,0,0,1,1,1,TRUE,C
P22033,MMUT,22,23,22,27,4.720743179321289,0.8407047092914581,3,3,3,3,3,3,3,3,3,FALSE,A
P22059,OSBP,26,33,26,27,4.524239540100098,0.8452247381210327,3,3,3,3,3,3,3,3,3,FALSE,A
P22061,PCMT1,11,18,11,27,5.7242677211761475,0.9527765512466431,3,3,3,3,3,3,3,3,3,FALSE,A
P22087,FBL,18,32,18,27,5.58400297164917,0.948554515838623,3,3,3,3,3,3,3,3,3,FALSE,A
P22102,GART,47,68,47,27,5.138757705688477,0.9216282963752747,3,3,3,3,3,3,3,3,3,FALSE,A
P22234,PAICS,20,29,20,27,5.516357421875,0.9577105641365051,3,3,3,3,3,3,3,3,3,FALSE,A
P22304,IDS,6,6,6,24,2.2747877836227417,0.15484236180782318,3,3,3,3,3,3,3,1,2,FALSE,A
P22307,SCP2,20,29,20,27,5.053202152252197,0.9363789260387421,3,3,3,3,3,3,3,3,3,FALSE,A
P22314,UBA1,55,88,55,27,5.947384595870972,0.9604754745960236,3,3,3,3,3,3,3,3,3,FALSE,A
P22352,GPX3,2,2,2,18,2.812776803970337,0,1,3,3,1,3,2,2,1,2,FALSE,A
P22392,NME2,2,4,2,27,6.11580228805542,0.956360399723053,3,3,3,3,3,3,3,3,3,FALSE,A
P22413,ENPP1,29,33,29,27,3.9901775121688843,0.779468834400177,3,3,3,3,3,3,3,3,3,FALSE,A
P22415,USF1,4,5,4,27,5.082412242889404,0.902860164642334,3,3,3,3,3,3,3,3,3,FALSE,A
P22492,H1-6,2,2,2,6,2.705222964286804,0.39453691989183426,0,0,1,0,1,1,0,0,3,FALSE,A
P22570,FDXR,22,30,22,27,3.8846890926361084,0.7623304128646851,3,3,3,3,3,3,3,3,3,FALSE,A
P22607,FGFR3,4,4,4,6,2.8936290740966797,0,0,3,2,0,1,0,0,0,0,FALSE,A
P22612,PRKACG,1,1,1,11,2.427914619445801,0.640535831451416,0,1,1,1,2,1,0,2,3,TRUE,C
P22626,HNRNPA2B1,25,46,25,27,6.4648332595825195,0.9713609218597412,3,3,3,3,3,3,3,3,3,FALSE,A
P22670,RFX1,14,16,14,27,3.5695481300354004,0.6569267511367798,3,3,3,3,3,3,3,3,3,FALSE,A
P22681,CBL,17,19,17,27,3.622700333595276,0.3757011741399765,3,3,3,3,3,3,3,3,3,FALSE,A
P22694,PRKACB,5,6,5,27,3.2340075969696045,0.8208980560302734,3,3,3,3,3,3,3,3,3,FALSE,A
P22695,UQCRC2,18,27,18,27,4.953430414199829,0.9045757055282593,3,3,3,3,3,3,3,3,3,FALSE,A
P22830,FECH,12,15,12,26,3.634647846221924,0.6568886041641235,2,3,3,3,3,3,3,3,3,FALSE,A
P23025,XPA,6,6,6,27,3.808218002319336,0.7962514162063599,3,3,3,3,3,3,3,3,3,FALSE,A
P23142,FBLN1,9,10,9,26,2.5241594314575195,0.1739501804113388,3,3,3,3,3,2,3,3,3,FALSE,A
P23193,TCEA1,16,22,16,27,5.883417129516602,0.9491885900497437,3,3,3,3,3,3,3,3,3,FALSE,A
P23229,ITGA6,32,36,32,27,4.305843830108643,0.7782069444656372,3,3,3,3,3,3,3,3,3,FALSE,A
P23246,SFPQ,30,48,30,27,5.931724548339844,0.9667137861251831,3,3,3,3,3,3,3,3,3,FALSE,A
P23258,TUBG1,3,3,3,24,3.975937604904175,0.8138313889503479,1,3,2,3,3,3,3,3,3,FALSE,A
P23284,PPIB,17,28,17,27,6.249133110046387,0.9724467098712921,3,3,3,3,3,3,3,3,3,FALSE,A
P23368,ME2,20,24,20,27,4.594627380371094,0.8582696318626404,3,3,3,3,3,3,3,3,3,FALSE,A
P23378,GLDC,24,28,24,27,3.409061551094055,0.7907612025737762,3,3,3,3,3,3,3,3,3,FALSE,A
P23381,WARS1,21,26,21,27,4.721583366394043,0.9157585203647614,3,3,3,3,3,3,3,3,3,FALSE,A
P23396,RPS3,25,41,25,27,6.449542999267578,0.9693428874015808,3,3,3,3,3,3,3,3,3,FALSE,A
P23434,GCSH,2,3,2,26,3.8989193439483643,0.9058430790901184,3,3,3,3,3,3,2,3,3,FALSE,A
P23443,RPS6KB1,7,7,7,27,3.340489387512207,0.6427724957466125,3,3,3,3,3,3,3,3,3,FALSE,A
P23458,JAK1,20,20,20,26,2.9943798780441284,0.5717789232730865,2,3,3,3,3,3,3,3,3,FALSE,A
P23470,PTPRG,16,19,16,27,3.3051035404205322,0.4454655647277832,3,3,3,3,3,3,3,3,3,FALSE,A
P23508,MCC,8,8,8,27,2.8634023666381836,0.4681384265422821,3,3,3,3,3,3,3,3,3,FALSE,A
P23511,NFYA,3,5,3,27,5.640039920806885,0.9470750093460083,3,3,3,3,3,3,3,3,3,FALSE,A
P23526,AHCY,23,37,23,27,5.804171562194824,0.9498787820339203,3,3,3,3,3,3,3,3,3,FALSE,A
P23528,CFL1,10,20,10,27,6.505555629730225,0.9787529408931732,3,3,3,3,3,3,3,3,3,FALSE,A
P23588,EIF4B,22,34,22,27,4.807802200317383,0.9122452139854431,3,3,3,3,3,3,3,3,3,FALSE,A
P23610,F8A3,7,10,7,27,3.114116072654724,0.5260608494281769,3,3,3,3,3,3,3,3,3,FALSE,A
P23634,ATP2B4,7,7,7,26,3.4758260250091553,0.550554096698761,2,3,3,3,3,3,3,3,3,FALSE,A
P23759,PAX7,1,1,1,3,2.9519941806793213,0,0,0,0,1,0,1,0,0,1,TRUE,C
P23769,GATA2,4,4,4,27,2.6692984104156494,0.21925441920757294,3,3,3,3,3,3,3,3,3,FALSE,A
P23771,GATA3,3,3,3,23,2.5424110889434814,0.08408600091934204,3,3,3,3,2,2,3,2,2,FALSE,A
P23786,CPT2,30,40,30,27,4.217289209365845,0.8633954226970673,3,3,3,3,3,3,3,3,3,FALSE,A
P23919,DTYMK,15,23,15,27,4.94018292427063,0.915831595659256,3,3,3,3,3,3,3,3,3,FALSE,A
P23921,RRM1,33,48,33,27,4.7255048751831055,0.87353515625,3,3,3,3,3,3,3,3,3,FALSE,A
P24386,CHM,6,6,6,26,3.0751349925994873,0.7032627761363983,3,3,2,3,3,3,3,3,3,FALSE,A
P24390,KDELR1,2,2,2,24,3.2970197200775146,0.624674916267395,0,3,3,3,3,3,3,3,3,FALSE,A
P24468,NR2F2,6,8,6,27,4.711269855499268,0.8685058355331421,3,3,3,3,3,3,3,3,3,FALSE,A
P24534,EEF1B2,8,10,8,27,5.158263683319092,0.9456146359443665,3,3,3,3,3,3,3,3,3,FALSE,A
P24539,ATP5PB,15,23,15,27,5.505981683731079,0.9288303554058075,3,3,3,3,3,3,3,3,3,FALSE,A
P24588,AKAP5,4,4,4,27,2.89456844329834,0,3,3,3,3,3,3,3,3,3,FALSE,A
P24593,IGFBP5,5,5,5,25,3.349351644515991,0.5847151875495911,3,3,3,3,3,3,2,2,3,FALSE,A
P24666,ACP1,9,11,9,27,5.684268474578857,0.9239984750747681,3,3,3,3,3,3,3,3,3,FALSE,A
P24752,ACAT1,20,28,20,27,5.434778213500977,0.9376238584518433,3,3,3,3,3,3,3,3,3,FALSE,A
P24863,CCNC,3,3,3,24,3.5306020975112915,0.8299001753330231,1,3,2,3,3,3,3,3,3,FALSE,A
P24928,POLR2A,79,102,79,27,4.292386054992676,0.8344970345497131,3,3,3,3,3,3,3,3,3,FALSE,A
P24941,CDK2,15,22,15,27,4.25399923324585,0.8623602390289307,3,3,3,3,3,3,3,3,3,FALSE,A
P25054,APC,30,31,30,27,3.320725917816162,0.4718560576438904,3,3,3,3,3,3,3,3,3,FALSE,A
P25098,GRK2,7,7,7,25,3.169370412826538,0.5262400507926941,2,3,2,3,3,3,3,3,3,FALSE,A
P25205,MCM3,47,69,47,27,5.4604058265686035,0.9534466862678528,3,3,3,3,3,3,3,3,3,FALSE,A
P25208,NFYB,2,2,2,27,4.52061653137207,0.8671898245811462,3,3,3,3,3,3,3,3,3,FALSE,A
P25325,MPST,14,20,14,27,4.504984378814697,0.8354498744010925,3,3,3,3,3,3,3,3,3,FALSE,A
P25391,LAMA1,6,6,6,13,2.8889049291610718,0.4629245847463608,0,3,2,2,2,0,1,1,2,FALSE,A
P25398,RPS12,11,19,11,27,6.392666816711426,0.9585171937942505,3,3,3,3,3,3,3,3,3,FALSE,A
P25440,BRD2,27,41,27,27,5.541244983673096,0.9409404993057251,3,3,3,3,3,3,3,3,3,FALSE,A
P25445,FAS,8,9,8,27,3.3966352939605713,0.8232341110706329,3,3,3,3,3,3,3,3,3,FALSE,A
P25490,YY1,8,13,8,27,5.104651927947998,0.9252793192863464,3,3,3,3,3,3,3,3,3,FALSE,A
P25685,DNAJB1,22,36,22,27,5.272646427154541,0.9334677457809448,3,3,3,3,3,3,3,3,3,FALSE,A
P25686,DNAJB2,7,10,7,27,3.618125557899475,0.815212607383728,3,3,3,3,3,3,3,3,3,FALSE,A
P25705,ATP5F1A,30,46,30,27,5.975586414337158,0.9625385403633118,3,3,3,3,3,3,3,3,3,FALSE,A
P25786,PSMA1,19,32,19,27,5.858837604522705,0.947001576423645,3,3,3,3,3,3,3,3,3,FALSE,A
P25787,PSMA2,11,15,11,27,5.417469024658203,0.9384399354457855,3,3,3,3,3,3,3,3,3,FALSE,A
P25788,PSMA3,10,16,10,27,5.939938068389893,0.973207026720047,3,3,3,3,3,3,3,3,3,FALSE,A
P25789,PSMA4,13,19,13,27,5.916816234588623,0.9465745091438293,3,3,3,3,3,3,3,3,3,FALSE,A
P25942,CD40,4,4,4,11,2.436958432197571,0.636346697807312,3,0,3,1,1,0,2,0,1,FALSE,A
P26006,ITGA3,5,5,5,27,2.946641206741333,0.6954847872257233,3,3,3,3,3,3,3,3,3,FALSE,A
P26038,MSN,30,47,30,27,5.61203145980835,0.9467308223247528,3,3,3,3,3,3,3,3,3,FALSE,A
P26196,DDX6,28,40,28,27,4.839473724365234,0.8920363783836365,3,3,3,3,3,3,3,3,3,FALSE,A
P26232,CTNNA2,1,1,1,24,6.188724756240845,0.979732871055603,1,3,2,3,3,3,3,3,3,TRUE,B
P26358,DNMT1,66,96,66,27,4.985022068023682,0.9179869294166565,3,3,3,3,3,3,3,3,3,FALSE,A
P26367,PAX6,9,10,9,27,3.29904305934906,0.7147682309150696,3,3,3,3,3,3,3,3,3,FALSE,A
P26368,U2AF2,15,24,15,27,6.437532424926758,0.9678433537483215,3,3,3,3,3,3,3,3,3,FALSE,A
P26373,RPL13,10,13,10,27,5.413830041885376,0.9660028219223022,3,3,3,3,3,3,3,3,3,FALSE,A
P26374,CHML,9,9,9,27,2.8651046752929688,0.30664607882499695,3,3,3,3,3,3,3,3,3,FALSE,A
P26440,IVD,18,28,18,27,5.118610858917236,0.8869375586509705,3,3,3,3,3,3,3,3,3,FALSE,A
P26447,S100A4,2,3,2,1,5.730278491973877,0.9363123774528503,1,0,0,0,0,0,0,0,0,FALSE,A
P26572,MGAT1,5,6,5,26,3.130065679550171,0.44315290451049805,2,3,3,3,3,3,3,3,3,FALSE,A
P26583,HMGB2,10,18,10,27,6.102770805358887,0.9590956568717957,3,3,3,3,3,3,3,3,3,FALSE,A
P26599,PTBP1,14,24,14,27,5.870611667633057,0.9608291983604431,3,3,3,3,3,3,3,3,3,FALSE,A
P26639,TARS1,38,54,38,27,5.304558753967285,0.9431010484695435,3,3,3,3,3,3,3,3,3,FALSE,A
P26640,VARS1,47,57,47,27,3.766481399536133,0.7228285074234009,3,3,3,3,3,3,3,3,3,FALSE,A
P26641,EEF1G,27,40,27,27,6.0111000537872314,0.962075412273407,3,3,3,3,3,3,3,3,3,FALSE,A
P26885,FKBP2,11,16,11,27,5.644523620605469,0.9494749009609222,3,3,3,3,3,3,3,3,3,FALSE,A
P26927,MST1,1,1,1,6,2.7879339456558228,0.03983965888619423,3,0,3,0,0,0,0,0,0,TRUE,C
P26992,CNTFR,2,2,2,27,3.5960769653320313,0.7023014426231384,3,3,3,3,3,3,3,3,3,FALSE,A
P27037,ACVR2A,6,7,6,5,3.475735306739807,0.6769654750823975,0,3,2,0,0,0,0,0,0,FALSE,A
P27105,STOM,10,12,10,27,3.8038686513900757,0.7336933314800262,3,3,3,3,3,3,3,3,3,FALSE,A
P27144,AK4,2,3,2,27,4.533487319946289,0.9355138540267944,3,3,3,3,3,3,3,3,3,FALSE,A
P27348,YWHAQ,12,20,12,27,6.22025990486145,0.9702008962631226,3,3,3,3,3,3,3,3,3,FALSE,A
P27361,MAPK3,16,21,16,27,3.996497631072998,0.753608763217926,3,3,3,3,3,3,3,3,3,FALSE,A
P27448,MARK3,14,15,14,27,3.724719524383545,0.6637738347053528,3,3,3,3,3,3,3,3,3,FALSE,A
P27449,ATP6V0C,1,1,1,17,3.137648582458496,0.8911382555961609,2,3,3,2,2,1,1,1,2,TRUE,C
P27540,ARNT,14,15,14,27,3.1875221729278564,0.4987668991088867,3,3,3,3,3,3,3,3,3,FALSE,A
P27544,CERS1,2,2,2,17,3.0891326665878296,0.2942371070384979,1,3,2,2,3,0,2,1,3,FALSE,A
P27635,RPL10,8,12,8,27,6.203045845031738,0.980861246585846,3,3,3,3,3,3,3,3,3,FALSE,A
P27694,RPA1,30,48,30,27,5.140275955200195,0.9315513372421265,3,3,3,3,3,3,3,3,3,FALSE,A
P27695,APEX1,23,38,23,27,5.95736837387085,0.9428097009658813,3,3,3,3,3,3,3,3,3,FALSE,A
P27701,CD82,1,1,1,27,4.139013767242432,0.7880507707595825,3,3,3,3,3,3,3,3,3,TRUE,B
P27707,DCK,6,6,6,27,3.5947022438049316,0.5400399565696716,3,3,3,3,3,3,3,3,3,FALSE,A
P27708,CAD,67,84,67,27,4.098255157470703,0.7938030362129211,3,3,3,3,3,3,3,3,3,FALSE,A
P27797,CALR,20,36,20,27,6.188209533691406,0.955079197883606,3,3,3,3,3,3,3,3,3,FALSE,A
P27816,MAP4,43,60,43,27,5.731538772583008,0.9533066153526306,3,3,3,3,3,3,3,3,3,FALSE,A
P27824,CANX,30,53,30,27,5.84749174118042,0.9469057321548462,3,3,3,3,3,3,3,3,3,FALSE,A
P27986,PIK3R1,7,7,7,27,3.6197688579559326,0.47166137397289276,3,3,3,3,3,3,3,3,3,FALSE,A
P27987,ITPKB,5,5,5,22,2.1896992921829224,0,1,3,2,3,3,3,3,3,1,FALSE,A
P28066,PSMA5,12,18,12,27,5.718993663787842,0.9455616474151611,3,3,3,3,3,3,3,3,3,FALSE,A
P28070,PSMB4,8,12,8,27,6.060741901397705,0.9571928381919861,3,3,3,3,3,3,3,3,3,FALSE,A
P28072,PSMB6,6,9,6,27,5.6488823890686035,0.9254685342311859,3,3,3,3,3,3,3,3,3,FALSE,A
P28074,PSMB5,15,19,15,27,6.368182897567749,0.9658173322677612,3,3,3,3,3,3,3,3,3,FALSE,A
P28161,GSTM2,9,15,9,27,4.970895767211914,0.896239846944809,3,3,3,3,3,3,3,3,3,FALSE,A
P28288,ABCD3,18,20,18,27,3.6348702907562256,0.7800043225288391,3,3,3,3,3,3,3,3,3,FALSE,A
P28289,TMOD1,12,14,12,27,4.155783176422119,0.778107613325119,3,3,3,3,3,3,3,3,3,FALSE,A
P28290,ITPRID2,18,18,18,27,2.844313383102417,0.26735663414001465,3,3,3,3,3,3,3,3,3,FALSE,A
P28300,LOX,2,2,2,18,3.190995693206787,0,0,2,1,3,3,3,3,1,2,FALSE,A
P28331,NDUFS1,37,53,37,27,5.142000675201416,0.9191230535507202,3,3,3,3,3,3,3,3,3,FALSE,A
P28340,POLD1,41,44,41,27,3.695731997489929,0.7069438695907593,3,3,3,3,3,3,3,3,3,FALSE,A
P28347,TEAD1,2,3,2,27,3.6356515884399414,0.8103636503219604,3,3,3,3,3,3,3,3,3,FALSE,A
P28370,SMARCA1,38,51,38,27,4.247508525848389,0.8435091376304626,3,3,3,3,3,3,3,3,3,FALSE,A
P28482,MAPK1,19,31,19,27,4.356067180633545,0.8814823627471924,3,3,3,3,3,3,3,3,3,FALSE,A
P28676,GCA,9,10,9,27,4.292778491973877,0.8339031934738159,3,3,3,3,3,3,3,3,3,FALSE,A
P28702,RXRB,8,9,8,27,3.8776267766952515,0.7204785943031311,3,3,3,3,3,3,3,3,3,FALSE,A
P28715,ERCC5,2,2,2,23,3.258004903793335,0.7184234261512756,0,3,2,3,3,3,3,3,3,FALSE,A
P28749,RBL1,4,4,4,20,2.5262644290924072,0.4733940660953522,0,3,1,2,3,2,3,3,3,FALSE,A
P28799,GRN,20,33,20,27,4.927568435668945,0.9053477942943573,3,3,3,3,3,3,3,3,3,FALSE,A
P28838,LAP3,30,43,30,27,5.433316230773926,0.9256867170333862,3,3,3,3,3,3,3,3,3,FALSE,A
P29083,GTF2E1,9,10,9,27,3.788335084915161,0.7498270869255066,3,3,3,3,3,3,3,3,3,FALSE,A
P29084,GTF2E2,14,18,14,27,4.325947046279907,0.881719172000885,3,3,3,3,3,3,3,3,3,FALSE,A
P29122,PCSK6,4,4,4,25,3.155590057373047,0.44770608842372894,1,3,3,3,3,3,3,3,3,FALSE,A
P29144,TPP2,31,34,31,27,3.352216958999634,0.646894097328186,3,3,3,3,3,3,3,3,3,FALSE,A
P29218,IMPA1,16,23,16,27,4.934033393859863,0.9222985208034515,3,3,3,3,3,3,3,3,3,FALSE,A
P29279,CCN2,11,12,11,13,3.8124449253082275,0.7772154211997986,3,3,3,0,0,0,2,0,2,FALSE,A
P29317,EPHA2,5,5,5,25,3.206432580947876,0.3873458802700043,2,3,2,3,3,3,3,3,3,FALSE,A
P29323,EPHB2,5,5,5,25,2.9483221769332886,0.38001182675361633,1,3,3,3,3,3,3,3,3,FALSE,A
P29353,SHC1,8,9,8,27,2.7794313430786133,0.4565470814704895,3,3,3,3,3,3,3,3,3,FALSE,A
P29372,MPG,11,15,11,27,4.587311267852783,0.8852810859680176,3,3,3,3,3,3,3,3,3,FALSE,A
P29373,CRABP2,3,3,3,21,3.505015015602112,0.6735711395740509,3,3,3,3,2,0,3,2,2,FALSE,A
P29374,ARID4A,14,14,14,27,2.770334005355835,0.5241612792015076,3,3,3,3,3,3,3,3,3,FALSE,A
P29375,KDM5A,26,28,26,27,3.167204737663269,0.4758632481098175,3,3,3,3,3,3,3,3,3,FALSE,A
P29400,COL4A5,4,4,4,24,2.5003894567489624,0,3,2,1,3,3,3,3,3,3,FALSE,A
P29401,TKT,40,72,40,27,5.989867687225342,0.9583942890167236,3,3,3,3,3,3,3,3,3,FALSE,A
P29536,LMOD1,11,12,11,27,3.7322146892547607,0.6503904163837433,3,3,3,3,3,3,3,3,3,FALSE,A
P29558,RBMS1,2,2,2,27,5.407150745391846,0.8358098268508911,3,3,3,3,3,3,3,3,3,FALSE,A
P29590,PML,26,29,26,27,3.871238946914673,0.6957316398620605,3,3,3,3,3,3,3,3,3,FALSE,A
P29597,TYK2,4,4,4,18,2.362495183944702,0.1726553589105606,1,3,2,3,3,2,1,1,2,FALSE,A
P29692,EEF1D,17,22,17,27,6.161239147186279,0.959911048412323,3,3,3,3,3,3,3,3,3,FALSE,A
P29966,MARCKS,9,11,9,27,5.633569717407227,0.9337785243988037,3,3,3,3,3,3,3,3,3,FALSE,A
P29992,GNA11,6,9,6,26,3.7278329133987427,0.7814011871814728,2,3,3,3,3,3,3,3,3,FALSE,A
P30038,ALDH4A1,19,24,19,27,4.046380281448364,0.8486983478069305,3,3,3,3,3,3,3,3,3,FALSE,A
P30039,PBLD,1,1,1,26,4.459557771682739,0,3,3,2,3,3,3,3,3,3,TRUE,B
P30040,ERP29,13,18,13,27,6.196089267730713,0.9599334001541138,3,3,3,3,3,3,3,3,3,FALSE,A
P30041,PRDX6,20,31,20,27,6.460387706756592,0.9734230637550354,3,3,3,3,3,3,3,3,3,FALSE,A
P30043,BLVRB,10,14,10,27,5.95947265625,0.9571440517902374,3,3,3,3,3,3,3,3,3,FALSE,A
P30044,PRDX5,11,20,11,27,5.756939172744751,0.9557974338531494,3,3,3,3,3,3,3,3,3,FALSE,A
P30046,DDT,2,2,2,27,6.32884955406189,0.9646753370761871,3,3,3,3,3,3,3,3,3,FALSE,A
P30047,GCHFR,3,4,3,27,3.8513611555099487,0.8713429272174835,3,3,3,3,3,3,3,3,3,FALSE,A
P30048,PRDX3,8,14,8,27,5.826300621032715,0.9626802802085876,3,3,3,3,3,3,3,3,3,FALSE,A
P30049,ATP5F1D,2,3,2,27,3.826565742492676,0.06896241009235382,3,3,3,3,3,3,3,3,3,FALSE,A
P30050,RPL12,11,17,11,27,6.711013078689575,0.9847161769866943,3,3,3,3,3,3,3,3,3,FALSE,A
P30084,ECHS1,15,23,15,27,5.767303466796875,0.9404143989086151,3,3,3,3,3,3,3,3,3,FALSE,A
P30085,CMPK1,13,19,13,27,4.896491050720215,0.9060162603855133,3,3,3,3,3,3,3,3,3,FALSE,A
P30086,PEBP1,12,22,12,27,6.579463005065918,0.979962944984436,3,3,3,3,3,3,3,3,3,FALSE,A
P30101,PDIA3,36,59,36,27,6.235648155212402,0.9637426137924194,3,3,3,3,3,3,3,3,3,FALSE,A
P30153,PPP2R1A,22,33,22,27,5.342846632003784,0.9348440170288086,3,3,3,3,3,3,3,3,3,FALSE,A
P30154,PPP2R1B,15,16,15,25,3.086739659309387,0.7874937653541565,2,3,2,3,3,3,3,3,3,FALSE,A
P30260,CDC27,19,22,19,27,3.6142348051071167,0.7396518588066101,3,3,3,3,3,3,3,3,3,FALSE,A
P30291,WEE1,2,2,2,14,2.34568190574646,0.49910658597946167,0,2,1,1,2,0,3,3,2,FALSE,A
P30307,CDC25C,6,6,6,24,2.6484739780426025,0.5175648927688599,2,3,2,3,3,3,3,3,2,FALSE,A
P30405,PPIF,10,15,10,27,4.852497100830078,0.8879759013652802,3,3,3,3,3,3,3,3,3,FALSE,A
P30414,NKTR,31,41,31,27,4.311121940612793,0.8050909042358398,3,3,3,3,3,3,3,3,3,FALSE,A
P30419,NMT1,14,21,14,27,4.697916507720947,0.9176008105278015,3,3,3,3,3,3,3,3,3,FALSE,A
P30519,HMOX2,14,23,14,27,4.383595705032349,0.8077748417854309,3,3,3,3,3,3,3,3,3,FALSE,A
P30520,ADSS2,21,34,21,27,5.134146213531494,0.9195168912410736,3,3,3,3,3,3,3,3,3,FALSE,A
P30533,LRPAP1,20,34,20,27,5.273991107940674,0.935768723487854,3,3,3,3,3,3,3,3,3,FALSE,A
P30566,ADSL,18,25,18,27,4.536040306091309,0.8917396664619446,3,3,3,3,3,3,3,3,3,FALSE,A
P30613,PKLR,1,1,1,26,4.04865026473999,0,2,3,3,3,3,3,3,3,3,TRUE,B
P30622,CLIP1,49,58,49,27,4.150932788848877,0.7963377237319946,3,3,3,3,3,3,3,3,3,FALSE,A
P30626,SRI,11,12,11,27,4.818242073059082,0.8875706791877747,3,3,3,3,3,3,3,3,3,FALSE,A
P30740,SERPINB1,12,13,12,27,3.198542356491089,0.4447324872016907,3,3,3,3,3,3,3,3,3,FALSE,A
P30825,SLC7A1,6,7,6,27,4.413686752319336,0.7651357650756836,3,3,3,3,3,3,3,3,3,FALSE,A
P30837,ALDH1B1,16,23,16,27,4.102283239364624,0.8529145419597626,3,3,3,3,3,3,3,3,3,FALSE,A
P30838,ALDH3A1,2,2,2,1,3.5193761587142944,0.750746876001358,1,0,0,0,0,0,0,0,0,FALSE,A
P30876,POLR2B,55,72,55,27,4.747378587722778,0.8996964991092682,3,3,3,3,3,3,3,3,3,FALSE,A
P31040,SDHA,28,48,28,27,5.417326927185059,0.9228904843330383,3,3,3,3,3,3,3,3,3,FALSE,A
P31146,CORO1A,8,8,8,27,3.666259288787842,0.35358643531799316,3,3,3,3,3,3,3,3,3,FALSE,A
P31150,GDI1,18,24,18,27,5.119401931762695,0.9063770174980164,3,3,3,3,3,3,3,3,3,FALSE,A
P31151,S100A7,4,4,4,19,2.353647470474243,0.7551679611206055,2,2,2,3,3,2,2,2,1,FALSE,A
P31153,MAT2A,15,22,15,27,5.199576377868652,0.942133903503418,3,3,3,3,3,3,3,3,3,FALSE,A
P31260,HOXA10,7,8,7,27,3.47709321975708,0.593286395072937,3,3,3,3,3,3,3,3,3,FALSE,A
P31267,HOXA6,1,1,1,8,2.8887288570404053,0.7156684994697571,1,3,3,0,0,0,1,0,0,TRUE,C
P31270,HOXA11,2,3,2,27,3.1182323694229126,0.5578010976314545,3,3,3,3,3,3,3,3,3,FALSE,A
P31271,HOXA13,4,5,4,27,3.607492446899414,0.7172880470752716,3,3,3,3,3,3,3,3,3,FALSE,A
P31274,HOXC9,4,5,4,27,3.311676025390625,0.35457681119441986,3,3,3,3,3,3,3,3,3,FALSE,A
P31276,HOXC13,2,2,2,27,4.394010066986084,0.8511907458305359,3,3,3,3,3,3,3,3,3,FALSE,A
P31277,HOXD11,3,3,3,27,3.124486207962036,0.6821486353874207,3,3,3,3,3,3,3,3,3,FALSE,A
P31321,PRKAR1B,8,8,8,26,3.0035094022750854,0.6331564784049988,3,3,3,3,3,3,3,3,2,FALSE,A
P31323,PRKAR2B,7,7,7,27,3.4945123195648193,0.49308186769485474,3,3,3,3,3,3,3,3,3,FALSE,A
P31327,CPS1,10,10,10,26,2.838936924934387,0.429036483168602,2,3,3,3,3,3,3,3,3,FALSE,A
P31350,RRM2,18,25,18,27,4.265451908111572,0.9100850224494934,3,3,3,3,3,3,3,3,3,FALSE,A
P31431,SDC4,2,2,2,14,3.4985899925231934,0.3052758276462555,3,3,3,2,1,0,2,0,0,FALSE,A
P31483,TIA1,9,13,9,27,4.078051567077637,0.716731607913971,3,3,3,3,3,3,3,3,3,FALSE,A
P31629,HIVEP2,3,3,3,23,2.866701126098633,0.6702380478382111,0,2,3,3,3,3,3,3,3,FALSE,A
P31689,DNAJA1,23,35,23,27,6.0005364418029785,0.9652734994888306,3,3,3,3,3,3,3,3,3,FALSE,A
P31749,AKT1,7,7,7,25,3.7696774005889893,0.7170936167240143,2,3,2,3,3,3,3,3,3,FALSE,A
P31751,AKT2,8,8,8,25,3.6796834468841553,0.8287062644958496,2,3,2,3,3,3,3,3,3,FALSE,A
P31930,UQCRC1,19,30,19,27,5.046513795852661,0.8816102147102356,3,3,3,3,3,3,3,3,3,FALSE,A
P31937,HIBADH,12,17,12,27,5.5904011726379395,0.952301949262619,3,3,3,3,3,3,3,3,3,FALSE,A
P31939,ATIC,37,53,37,27,5.44049596786499,0.9345547556877136,3,3,3,3,3,3,3,3,3,FALSE,A
P31942,HNRNPH3,13,18,13,27,5.896728515625,0.9611285328865051,3,3,3,3,3,3,3,3,3,FALSE,A
P31943,HNRNPH1,11,17,11,27,6.34016752243042,0.9685371518135071,3,3,3,3,3,3,3,3,3,FALSE,A
P31944,CASP14,3,3,3,8,2.773329019546509,0.5802366733551025,0,0,0,1,1,2,1,2,1,FALSE,A
P31946,YWHAB,9,15,9,27,5.992927551269531,0.9644769430160522,3,3,3,3,3,3,3,3,3,FALSE,A
P31947,SFN,2,2,2,5,6.279833793640137,0.947944700717926,0,0,0,1,1,2,0,1,0,FALSE,A
P31948,STIP1,51,88,51,27,6.192159652709961,0.9650785326957703,3,3,3,3,3,3,3,3,3,FALSE,A
P31949,S100A11,5,8,5,27,6.028552293777466,0.9597868621349335,3,3,3,3,3,3,3,3,3,FALSE,A
P32019,INPP5B,2,2,2,20,2.314157724380493,0,0,3,2,2,3,3,3,2,2,FALSE,A
P32119,PRDX2,11,19,11,27,6.204102039337158,0.9677205383777618,3,3,3,3,3,3,3,3,3,FALSE,A
P32121,ARRB2,16,19,16,27,3.8224735260009766,0.7820759415626526,3,3,3,3,3,3,3,3,3,FALSE,A
P32189,GK,2,2,2,19,3.21710467338562,0.830022931098938,0,0,2,3,3,2,3,3,3,FALSE,A
P32242,OTX1,1,1,1,26,3.963980555534363,0.7820869088172913,3,3,2,3,3,3,3,3,3,TRUE,C
P32321,DCTD,6,9,6,27,4.051231145858765,0.681271106004715,3,3,3,3,3,3,3,3,3,FALSE,A
P32322,PYCR1,11,22,11,27,4.939595699310303,0.904594898223877,3,3,3,3,3,3,3,3,3,FALSE,A
P32519,ELF1,10,12,10,27,3.8454320430755615,0.6247360706329346,3,3,3,3,3,3,3,3,3,FALSE,A
P32780,GTF2H1,15,18,15,27,3.077256917953491,0.6617912650108337,3,3,3,3,3,3,3,3,3,FALSE,A
P32856,STX2,7,8,7,27,3.3205195665359497,0.6918503046035767,3,3,3,3,3,3,3,3,3,FALSE,A
P32929,CTH,16,22,16,27,4.200148105621338,0.8521150052547455,3,3,3,3,3,3,3,3,3,FALSE,A
P32969,RPL9P9,12,21,12,27,6.5439934730529785,0.9743227660655975,3,3,3,3,3,3,3,3,3,FALSE,A
P33121,ACSL1,12,12,12,24,3.262495756149292,0.7320122718811035,1,3,2,3,3,3,3,3,3,FALSE,A
P33176,KIF5B,42,58,42,27,5.212221145629883,0.8921176791191101,3,3,3,3,3,3,3,3,3,FALSE,A
P33240,CSTF2,9,12,9,27,4.067991733551025,0.8576489686965942,3,3,3,3,3,3,3,3,3,FALSE,A
P33316,DUT,9,14,9,27,6.605052947998047,0.9777412712574005,3,3,3,3,3,3,3,3,3,FALSE,A
P33527,ABCC1,17,18,17,26,3.2025002241134644,0.5824826657772064,2,3,3,3,3,3,3,3,3,FALSE,A
P33552,CKS2,3,5,3,27,4.609598398208618,0.8895040154457092,3,3,3,3,3,3,3,3,3,FALSE,A
P33908,MAN1A1,6,7,6,27,2.9831249713897705,0.677947461605072,3,3,3,3,3,3,3,3,3,FALSE,A
P33947,KDELR2,3,4,3,27,3.613912343978882,0.8400081992149353,3,3,3,3,3,3,3,3,3,FALSE,A
P33981,TTK,21,23,21,27,3.579617500305176,0.647333025932312,3,3,3,3,3,3,3,3,3,FALSE,A
P33991,MCM4,44,66,44,27,5.145055770874023,0.8980942368507385,3,3,3,3,3,3,3,3,3,FALSE,A
P33992,MCM5,38,55,38,27,5.551458835601807,0.9463911652565002,3,3,3,3,3,3,3,3,3,FALSE,A
P33993,MCM7,39,55,39,27,5.60606050491333,0.9477499723434448,3,3,3,3,3,3,3,3,3,FALSE,A
P34059,GALNS,15,17,15,27,4.2171759605407715,0.8546039462089539,3,3,3,3,3,3,3,3,3,FALSE,A
P34096,RNASE4,2,2,2,14,2.8828036785125732,0.30192533135414124,3,3,3,3,0,1,0,0,1,FALSE,A
P34741,SDC2,4,5,4,27,4.436598300933838,0.8530290722846985,3,3,3,3,3,3,3,3,3,FALSE,A
P34896,SHMT1,20,29,20,27,4.383396148681641,0.8845237493515015,3,3,3,3,3,3,3,3,3,FALSE,A
P34897,SHMT2,31,54,31,27,5.873103141784668,0.9566785097122192,3,3,3,3,3,3,3,3,3,FALSE,A
P34913,EPHX2,9,9,9,26,3.078718662261963,0.7172276377677917,3,3,2,3,3,3,3,3,3,FALSE,A
P34931,HSPA1L,2,3,2,27,3.9832533597946167,0.5097744762897491,3,3,3,3,3,3,3,3,3,FALSE,A
P34932,HSPA4,46,68,46,27,5.2638771533966064,0.9234087765216827,3,3,3,3,3,3,3,3,3,FALSE,A
P34949,MPI,13,17,13,27,3.9139007329940796,0.8061772584915161,3,3,3,3,3,3,3,3,3,FALSE,A
P35030,PRSS3,2,2,2,27,5.0247719287872314,0.6071489155292511,3,3,3,3,3,3,3,3,3,FALSE,A
P35052,GPC1,12,12,12,27,2.876051187515259,0.46256697177886963,3,3,3,3,3,3,3,3,3,FALSE,A
P35080,PFN2,7,8,7,27,4.5354413986206055,0.9154975414276123,3,3,3,3,3,3,3,3,3,FALSE,A
P35219,CA8,9,10,9,27,3.976622462272644,0.6907118558883667,3,3,3,3,3,3,3,3,3,FALSE,A
P35221,CTNNA1,31,42,31,27,4.825647830963135,0.893123209476471,3,3,3,3,3,3,3,3,3,FALSE,A
P35222,CTNNB1,26,34,26,27,4.197651386260986,0.8251692652702332,3,3,3,3,3,3,3,3,3,FALSE,A
P35226,BMI1,6,8,6,27,4.0806379318237305,0.870090663433075,3,3,3,3,3,3,3,3,3,FALSE,A
P35227,PCGF2,2,3,2,19,2.843941807746887,0.6311766803264618,0,0,1,3,3,3,3,3,3,FALSE,A
P35232,PHB1,18,28,18,27,5.422469854354858,0.8991258442401886,3,3,3,3,3,3,3,3,3,FALSE,A
P35237,SERPINB6,16,21,16,27,4.064130783081055,0.8096520304679871,3,3,3,3,3,3,3,3,3,FALSE,A
P35240,NF2,12,13,12,27,3.4493343830108643,0.5605846047401428,3,3,3,3,3,3,3,3,3,FALSE,A
P35241,RDX,29,44,29,27,5.474907875061035,0.9368751645088196,3,3,3,3,3,3,3,3,3,FALSE,A
P35244,RPA3,7,11,7,27,4.636482238769531,0.908873975276947,3,3,3,3,3,3,3,3,3,FALSE,A
P35249,RFC4,18,22,18,27,5.393233299255371,0.9294804334640503,3,3,3,3,3,3,3,3,3,FALSE,A
P35250,RFC2,19,27,19,27,4.510653495788574,0.8811571598052979,3,3,3,3,3,3,3,3,3,FALSE,A
P35251,RFC1,38,51,38,27,4.115237712860107,0.8104235529899597,3,3,3,3,3,3,3,3,3,FALSE,A
P35268,RPL22,4,5,4,27,6.189091205596924,0.9642427265644073,3,3,3,3,3,3,3,3,3,FALSE,A
P35269,GTF2F1,19,30,19,27,5.5269598960876465,0.9340476989746094,3,3,3,3,3,3,3,3,3,FALSE,A
P35270,SPR,11,15,11,27,4.683109283447266,0.9032332301139832,3,3,3,3,3,3,3,3,3,FALSE,A
P35354,PTGS2,2,2,2,7,2.601791501045227,0.24691574275493622,3,2,2,0,0,0,0,0,0,FALSE,A
P35453,HOXD13,12,15,12,27,3.8560149669647217,0.8195580542087555,3,3,3,3,3,3,3,3,3,FALSE,A
P35475,IDUA,2,2,2,22,3.101901412010193,0,1,2,1,3,3,3,3,3,3,FALSE,A
P35520,CBS,23,33,23,27,5.216871023178101,0.9014637172222137,3,3,3,3,3,3,3,3,3,FALSE,A
P35548,MSX2,5,5,5,27,4.155733108520508,0.8350535035133362,3,3,3,3,3,3,3,3,3,FALSE,A
P35556,FBN2,22,22,22,27,3.0517557859420776,0,3,3,3,3,3,3,3,3,3,FALSE,A
P35573,AGL,55,63,55,27,3.660463809967041,0.6899839639663696,3,3,3,3,3,3,3,3,3,FALSE,A
P35579,MYH9,95,148,95,27,5.5736403465271,0.9413415193557739,3,3,3,3,3,3,3,3,3,FALSE,A
P35580,MYH10,91,142,91,27,5.196526288986206,0.9101751148700714,3,3,3,3,3,3,3,3,3,FALSE,A
P35606,COPB2,41,55,41,27,4.937456130981445,0.8716974854469299,3,3,3,3,3,3,3,3,3,FALSE,A
P35610,SOAT1,8,11,8,26,3.5940650701522827,0.7486142814159393,2,3,3,3,3,3,3,3,3,FALSE,A
P35611,ADD1,26,32,26,27,4.018316745758057,0.762905478477478,3,3,3,3,3,3,3,3,3,FALSE,A
P35612,ADD2,15,18,15,27,3.644403576850891,0.6412258744239807,3,3,3,3,3,3,3,3,3,FALSE,A
P35613,BSG,10,19,10,27,6.2793378829956055,0.9740555584430695,3,3,3,3,3,3,3,3,3,FALSE,A
P35625,TIMP3,6,6,6,10,4.079786777496338,0.7438792884349823,3,3,3,0,0,0,0,0,1,FALSE,A
P35637,FUS,10,18,10,27,6.02103590965271,0.9536998867988586,3,3,3,3,3,3,3,3,3,FALSE,A
P35658,NUP214,43,56,43,27,3.9994691610336304,0.818112701177597,3,3,3,3,3,3,3,3,3,FALSE,A
P35659,DEK,19,29,19,27,6.406175136566162,0.9684851169586182,3,3,3,3,3,3,3,3,3,FALSE,A
P35711,SOX5,1,1,1,12,2.913444399833679,0,0,0,0,3,1,3,3,1,1,TRUE,C
P35754,GLRX,5,6,5,23,3.9132280349731445,0.8404810428619385,3,3,2,3,3,3,3,3,0,FALSE,A
P35790,CHKA,2,2,2,11,2.3806761503219604,0.33620578050613403,0,3,1,0,1,1,2,3,0,FALSE,A
P35813,PPM1A,15,18,15,27,3.4212887287139893,0.7088018655776978,3,3,3,3,3,3,3,3,3,FALSE,A
P35914,HMGCL,11,16,11,27,4.579159259796143,0.8641413450241089,3,3,3,3,3,3,3,3,3,FALSE,A
P35998,PSMC2,28,39,28,27,4.649569988250732,0.90431147813797,3,3,3,3,3,3,3,3,3,FALSE,A
P36021,SLC16A2,1,1,1,26,3.066884160041809,0.09201802872121334,3,3,3,3,3,2,3,3,3,TRUE,C
P36383,GJC1,3,3,3,14,2.9007534980773926,0.5161964297294617,1,3,3,2,2,2,0,1,0,FALSE,A
P36404,ARL2,9,10,9,27,4.748880386352539,0.9322196841239929,3,3,3,3,3,3,3,3,3,FALSE,A
P36405,ARL3,13,22,13,27,5.5372843742370605,0.9505644142627716,3,3,3,3,3,3,3,3,3,FALSE,A
P36406,TRIM23,1,1,1,7,6.523134708404541,0.9318073987960815,0,2,2,0,0,2,0,1,0,TRUE,B
P36507,MAP2K2,11,14,11,25,3.298184871673584,0.7828989028930664,2,3,2,3,3,3,3,3,3,FALSE,A
P36542,ATP5F1C,10,15,10,27,5.5841991901397705,0.9579056203365326,3,3,3,3,3,3,3,3,3,FALSE,A
P36543,ATP6V1E1,8,11,8,27,4.938598155975342,0.9433781504631042,3,3,3,3,3,3,3,3,3,FALSE,A
P36551,CPOX,25,35,25,27,4.934095621109009,0.9165881276130676,3,3,3,3,3,3,3,3,3,FALSE,A
P36578,RPL4,23,40,23,27,6.4484641551971436,0.9626652896404266,3,3,3,3,3,3,3,3,3,FALSE,A
P36639,NUDT1,6,9,6,27,4.243510723114014,0.8592925667762756,3,3,3,3,3,3,3,3,3,FALSE,A
P36776,LONP1,32,35,32,27,3.961604595184326,0.7984673082828522,3,3,3,3,3,3,3,3,3,FALSE,A
P36871,PGM1,32,43,32,27,5.298277378082275,0.9210855960845947,3,3,3,3,3,3,3,3,3,FALSE,A
P36873,PPP1CC,2,2,2,27,6.4625022411346436,0.9847228825092316,3,3,3,3,3,3,3,3,3,FALSE,A
P36894,BMPR1A,2,2,2,5,2.798436999320984,0.6966677904129028,0,3,2,0,0,0,0,0,0,FALSE,A
P36896,ACVR1B,4,4,4,5,3.7199718952178955,0.3627382516860962,0,3,2,0,0,0,0,0,0,FALSE,A
P36897,TGFBR1,7,8,7,25,3.6906057596206665,0.6184561550617218,3,3,2,3,3,2,3,3,3,FALSE,A
P36915,GNL1,20,27,20,27,3.9413832426071167,0.7887468039989471,3,3,3,3,3,3,3,3,3,FALSE,A
P36954,POLR2I,5,5,5,27,3.204087972640991,0,3,3,3,3,3,3,3,3,3,FALSE,A
P36955,SERPINF1,2,2,2,9,3.3689627647399902,0.6564911603927612,1,3,3,0,0,0,0,0,2,FALSE,A
P36957,DLST,13,18,13,27,6.457156658172607,0.9724105000495911,3,3,3,3,3,3,3,3,3,FALSE,A
P36959,GMPR,7,8,7,27,3.395653486251831,0.25550445914268494,3,3,3,3,3,3,3,3,3,FALSE,A
P36969,GPX4,10,15,10,27,4.67728066444397,0.8643776476383209,3,3,3,3,3,3,3,3,3,FALSE,A
P37108,SRP14,8,14,8,27,6.3390913009643555,0.9685029685497284,3,3,3,3,3,3,3,3,3,FALSE,A
P37198,NUP62,10,15,10,27,4.307313919067383,0.8701697587966919,3,3,3,3,3,3,3,3,3,FALSE,A
P37235,HPCAL1,6,11,6,27,4.064731121063232,0.881312757730484,3,3,3,3,3,3,3,3,3,FALSE,A
P37268,FDFT1,19,22,19,27,3.9058494567871094,0.748486340045929,3,3,3,3,3,3,3,3,3,FALSE,A
P37275,ZEB1,6,6,6,27,3.3815064430236816,0.5932979583740234,3,3,3,3,3,3,3,3,3,FALSE,A
P37287,PIGA,3,3,3,10,1.5175316333770752,0,0,0,1,1,2,0,1,2,3,FALSE,A
P37802,TAGLN2,15,27,15,27,6.092617988586426,0.962643027305603,3,3,3,3,3,3,3,3,3,FALSE,A
P37837,TALDO1,19,26,19,27,6.060435771942139,0.9721635580062866,3,3,3,3,3,3,3,3,3,FALSE,A
P37840,SNCA,4,7,4,27,5.278188228607178,0.9456240236759186,3,3,3,3,3,3,3,3,3,FALSE,A
P38117,ETFB,16,26,16,27,5.868969917297363,0.9575026333332062,3,3,3,3,3,3,3,3,3,FALSE,A
P38159,RBMX,7,10,7,27,6.285830020904541,0.9626779556274414,3,3,3,3,3,3,3,3,3,FALSE,A
P38398,BRCA1,36,39,36,27,3.136582612991333,0.43618154525756836,3,3,3,3,3,3,3,3,3,FALSE,A
P38432,COIL,13,17,13,27,4.843650817871094,0.9082903265953064,3,3,3,3,3,3,3,3,3,FALSE,A
P38435,GGCX,10,10,10,23,2.6925467252731323,0.32677024602890015,0,3,2,3,3,3,3,3,3,FALSE,A
P38571,LIPA,9,12,9,27,3.6397751569747925,0.707869678735733,3,3,3,3,3,3,3,3,3,FALSE,A
P38606,ATP6V1A,29,40,29,27,4.867074489593506,0.9030017852783203,3,3,3,3,3,3,3,3,3,FALSE,A
P38646,HSPA9,44,71,44,27,6.123403072357178,0.9688261449337006,3,3,3,3,3,3,3,3,3,FALSE,A
P38919,EIF4A3,28,44,28,27,6.01937198638916,0.9678611755371094,3,3,3,3,3,3,3,3,3,FALSE,A
P38935,IGHMBP2,14,14,14,27,2.896209478378296,0.30910009145736694,3,3,3,3,3,3,3,3,3,FALSE,A
P38936,CDKN1A,5,6,5,27,3.607934355735779,0.3039229065179825,3,3,3,3,3,3,3,3,3,FALSE,A
P39019,RPS19,15,28,15,27,6.4039716720581055,0.9661374092102051,3,3,3,3,3,3,3,3,3,FALSE,A
P39023,RPL3,23,34,23,27,6.2411048412323,0.9567695558071136,3,3,3,3,3,3,3,3,3,FALSE,A
P39060,COL18A1,13,13,13,27,3.2583377361297607,0.6925488114356995,3,3,3,3,3,3,3,3,3,FALSE,A
P39210,MPV17,1,1,1,24,3.568419933319092,0.9176156520843506,2,3,3,3,3,2,2,3,3,TRUE,C
P39656,DDOST,15,18,15,27,5.532519340515137,0.9365944862365723,3,3,3,3,3,3,3,3,3,FALSE,A
P39687,ANP32A,7,9,7,27,5.354086875915527,0.9571676850318909,3,3,3,3,3,3,3,3,3,FALSE,A
P39748,FEN1,19,28,19,27,5.216794490814209,0.9261674880981445,3,3,3,3,3,3,3,3,3,FALSE,A
P39880,CUX1,45,58,45,27,4.135221004486084,0.7935638427734375,3,3,3,3,3,3,3,3,3,FALSE,A
P40121,CAPG,2,2,2,27,3.178386926651001,0.6255197525024414,3,3,3,3,3,3,3,3,3,FALSE,A
P40123,CAP2,14,18,14,27,4.380025863647461,0.8805146813392639,3,3,3,3,3,3,3,3,3,FALSE,A
P40189,IL6ST,17,20,17,23,3.2326180934906006,0.6157405376434326,3,3,3,3,3,2,3,3,0,FALSE,A
P40222,TXLNA,27,44,28,27,6.200503349304199,0.9669581651687622,3,3,3,3,3,3,3,3,3,FALSE,A
P40227,CCT6A,22,33,22,27,5.386508226394653,0.935083270072937,3,3,3,3,3,3,3,3,3,FALSE,A
P40337,VHL,4,5,4,27,3.682544708251953,0.5324957370758057,3,3,3,3,3,3,3,3,3,FALSE,A
P40424,PBX1,5,5,5,27,3.773138999938965,0.7965112030506134,3,3,3,3,3,3,3,3,3,FALSE,A
P40425,PBX2,7,7,7,27,3.694525957107544,0.6820293664932251,3,3,3,3,3,3,3,3,3,FALSE,A
P40426,PBX3,4,4,4,27,3.504533529281616,0.6425030827522278,3,3,3,3,3,3,3,3,3,FALSE,A
P40429,RPL13A,5,6,5,27,6.573408603668213,0.9749348759651184,3,3,3,3,3,3,3,3,3,FALSE,A
P40616,ARL1,10,15,10,27,4.516700983047485,0.7532030642032623,3,3,3,3,3,3,3,3,3,FALSE,A
P40763,STAT3,22,27,22,26,3.5026097297668457,0.7240263819694519,2,3,3,3,3,3,3,3,3,FALSE,A
P40818,USP8,17,18,17,27,3.545090675354004,0.7159589529037476,3,3,3,3,3,3,3,3,3,FALSE,A
P40855,PEX19,4,5,4,13,3.235422968864441,0.40393002331256866,3,3,3,2,1,0,0,0,1,FALSE,A
P40925,MDH1,14,22,14,27,5.782238483428955,0.962261974811554,3,3,3,3,3,3,3,3,3,FALSE,A
P40926,MDH2,21,37,21,27,6.431488990783691,0.9721544981002808,3,3,3,3,3,3,3,3,3,FALSE,A
P40937,RFC5,21,31,21,27,4.503546953201294,0.8349401652812958,3,3,3,3,3,3,3,3,3,FALSE,A
P40938,RFC3,18,28,18,27,4.42367148399353,0.870088666677475,3,3,3,3,3,3,3,3,3,FALSE,A
P40939,HADHA,34,51,34,27,4.955434083938599,0.8923192918300629,3,3,3,3,3,3,3,3,3,FALSE,A
P41091,EIF2S3,4,7,4,27,5.9946608543396,0.970056802034378,3,3,3,3,3,3,3,3,3,FALSE,A
P41134,ID1,1,1,1,15,2.5321109294891357,0.04615069553256035,2,3,0,1,0,3,3,3,0,TRUE,C
P41162,ETV3,3,3,3,27,3.502007484436035,0.5379298329353333,3,3,3,3,3,3,3,3,3,FALSE,A
P41208,CETN2,7,13,7,27,4.996525287628174,0.9458125531673431,3,3,3,3,3,3,3,3,3,FALSE,A
P41212,ETV6,3,3,3,23,3.2250752449035645,0.42321842908859253,0,2,3,3,3,3,3,3,3,FALSE,A
P41214,EIF2D,18,19,19,27,3.2804884910583496,0.6385955512523651,3,3,3,3,3,3,3,3,3,FALSE,A
P41219,PRPH,1,2,1,12,4.1801981925964355,0.9020167887210846,2,3,2,0,1,0,2,2,0,TRUE,B
P41221,WNT5A,4,4,4,19,2.5783371925354004,0,0,3,3,3,3,0,1,3,3,FALSE,A
P41223,BUD31,8,13,8,27,5.322020530700684,0.9365972280502319,3,3,3,3,3,3,3,3,3,FALSE,A
P41227,NAA10,9,13,9,27,5.370945930480957,0.8644631505012512,3,3,3,3,3,3,3,3,3,FALSE,A
P41229,KDM5C,17,18,17,27,3.0863488912582397,0.4140358865261078,3,3,3,3,3,3,3,3,3,FALSE,A
P41240,CSK,18,20,18,27,3.6204137802124023,0.8123520612716675,3,3,3,3,3,3,3,3,3,FALSE,A
P41250,GARS1,34,52,34,27,5.156975030899048,0.9221817255020142,3,3,3,3,3,3,3,3,3,FALSE,A
P41252,IARS1,53,72,53,27,4.580204010009766,0.8771384060382843,3,3,3,3,3,3,3,3,3,FALSE,A
P41273,TNFSF9,1,1,1,5,2.950793743133545,0.5543243288993835,0,3,2,0,0,0,0,0,0,TRUE,C
P41440,SLC19A1,5,6,5,8,3.363335371017456,0.3440519869327545,0,3,3,0,0,0,0,0,2,FALSE,A
P41567,EIF1,1,2,1,27,5.4432759284973145,0.963158369064331,3,3,3,3,3,3,3,3,3,TRUE,B
P41743,PRKCI,12,15,12,27,3.615140438079834,0.6396963596343994,3,3,3,3,3,3,3,3,3,FALSE,A
P42025,ACTR1B,4,5,4,27,4.271238327026367,0.8753245174884796,3,3,3,3,3,3,3,3,3,FALSE,A
P42126,ECI1,11,15,11,27,4.955354690551758,0.9260103106498718,3,3,3,3,3,3,3,3,3,FALSE,A
P42166,TMPO,37,60,37,27,5.115428924560547,0.931224524974823,3,3,3,3,3,3,3,3,3,FALSE,A
P42224,STAT1,28,34,28,27,3.7684855461120605,0.7196568548679352,3,3,3,3,3,3,3,3,3,FALSE,A
P42226,STAT6,1,1,1,20,3.889723300933838,0.5950911045074463,0,2,2,3,3,2,2,3,3,TRUE,C
P42285,MTREX,45,61,45,27,4.5626349449157715,0.8809126019477844,3,3,3,3,3,3,3,3,3,FALSE,A
P42330,AKR1C3,2,2,2,1,3.9299514293670654,0.49101948738098145,1,0,0,0,0,0,0,0,0,FALSE,A
P42336,PIK3CA,3,3,3,21,2.4288822412490845,0.2805648297071457,0,3,2,3,2,3,3,3,2,FALSE,A
P42345,MTOR,46,51,46,24,3.028809428215027,0.6314497292041779,1,3,2,3,3,3,3,3,3,FALSE,A
P42356,PI4KA,35,38,35,25,2.9762492179870605,0.5596440732479095,2,3,2,3,3,3,3,3,3,FALSE,A
P42566,EPS15,16,17,16,27,3.181025266647339,0.5010423064231873,3,3,3,3,3,3,3,3,3,FALSE,A
P42568,MLLT3,12,15,12,27,4.417355537414551,0.8157007098197937,3,3,3,3,3,3,3,3,3,FALSE,A
P42574,CASP3,10,11,10,27,4.192119359970093,0.868332028388977,3,3,3,3,3,3,3,3,3,FALSE,A
P42575,CASP2,16,16,16,27,3.0687170028686523,0.7111515402793884,3,3,3,3,3,3,3,3,3,FALSE,A
P42677,RPS27,2,4,2,27,5.994406700134277,0.9666919410228729,3,3,3,3,3,3,3,3,3,FALSE,A
P42680,TEC,2,2,2,15,2.621403694152832,0,0,0,0,2,3,2,3,3,2,FALSE,A
P42684,ABL2,14,16,14,27,3.312869071960449,0.6973401606082916,3,3,3,3,3,3,3,3,3,FALSE,A
P42694,HELZ,15,15,15,25,2.7174030542373657,0.4408739507198334,2,3,2,3,3,3,3,3,3,FALSE,A
P42695,NCAPD3,33,38,33,27,3.430816411972046,0.5956169366836548,3,3,3,3,3,3,3,3,3,FALSE,A
P42696,RBM34,26,36,26,27,4.511481285095215,0.8557129502296448,3,3,3,3,3,3,3,3,3,FALSE,A
P42702,LIFR,8,8,8,22,2.5600733757019043,0.42813754081726074,3,3,3,3,2,3,3,0,2,FALSE,A
P42704,LRPPRC,82,113,82,27,4.380949020385742,0.8714800477027893,3,3,3,3,3,3,3,3,3,FALSE,A
P42765,ACAA2,21,31,21,27,4.629756927490234,0.8982977271080017,3,3,3,3,3,3,3,3,3,FALSE,A
P42766,RPL35,6,9,6,27,6.099963903427124,0.9560941457748413,3,3,3,3,3,3,3,3,3,FALSE,A
P42771,CDKN2A,2,3,2,27,6.105596542358398,0.9213765859603882,3,3,3,3,3,3,3,3,3,FALSE,A
P42773,CDKN2C,2,3,2,20,2.4689910411834717,0.578242301940918,2,3,2,3,3,2,2,2,1,FALSE,A
P42785,PRCP,11,14,11,27,3.720489978790283,0.7294615507125854,3,3,3,3,3,3,3,3,3,FALSE,A
P42858,HTT,34,34,34,27,2.8995323181152344,0.46408072113990784,3,3,3,3,3,3,3,3,3,FALSE,A
P42892,ECE1,21,26,21,27,3.697169542312622,0.7396200299263,3,3,3,3,3,3,3,3,3,FALSE,A
P42898,MTHFR,10,10,10,26,3.3174877166748047,0.6644861102104187,3,3,2,3,3,3,3,3,3,FALSE,A
P43003,SLC1A3,4,4,4,27,4.939177989959717,0.7140876054763794,3,3,3,3,3,3,3,3,3,FALSE,A
P43007,SLC1A4,7,7,7,27,3.937943935394287,0.8092719316482544,3,3,3,3,3,3,3,3,3,FALSE,A
P43034,PAFAH1B1,23,34,23,27,4.269798278808594,0.8082250952720642,3,3,3,3,3,3,3,3,3,FALSE,A
P43121,MCAM,18,19,18,27,3.433870553970337,0.7011936902999878,3,3,3,3,3,3,3,3,3,FALSE,A
P43155,CRAT,19,20,19,27,3.6620779037475586,0.6570335030555725,3,3,3,3,3,3,3,3,3,FALSE,A
P43243,MATR3,42,75,42,27,5.887484550476074,0.9565070271492004,3,3,3,3,3,3,3,3,3,FALSE,A
P43246,MSH2,40,51,40,27,4.540190696716309,0.8732209205627441,3,3,3,3,3,3,3,3,3,FALSE,A
P43250,GRK6,9,9,9,27,3.312812328338623,0.5319523215293884,3,3,3,3,3,3,3,3,3,FALSE,A
P43251,BTD,8,9,8,27,4.018335342407227,0.8071098327636719,3,3,3,3,3,3,3,3,3,FALSE,A
P43304,GPD2,33,37,33,27,3.893040895462036,0.8272792398929596,3,3,3,3,3,3,3,3,3,FALSE,A
P43307,SSR1,4,5,4,27,5.845057487487793,0.9767765998840332,3,3,3,3,3,3,3,3,3,FALSE,A
P43378,PTPN9,14,14,14,27,3.503866195678711,0.55084991455078125,3,3,3,3,3,3,3,3,3,FALSE,A
P43405,SYK,2,2,2,18,2.5460695028305054,0.6697230935096741,0,3,2,2,3,2,2,1,3,FALSE,A
P43487,RANBP1,7,12,7,27,6.226470232009888,0.9650534987449646,3,3,3,3,3,3,3,3,3,FALSE,A
P43490,NAMPT,27,40,27,27,4.576870918273926,0.9053487181663513,3,3,3,3,3,3,3,3,3,FALSE,A
P43652,AFM,1,1,1,6,2.821294069290161,0,0,1,3,0,0,0,1,0,1,TRUE,C
P43686,PSMC4,23,35,23,27,5.0540759563446045,0.9196405112743378,3,3,3,3,3,3,3,3,3,FALSE,A
P43694,GATA4,5,5,5,27,3.8900407552719116,0.43632368743419647,3,3,3,3,3,3,3,3,3,FALSE,A
P43699,NKX2-1,1,1,1,5,1.727769374847412,0,0,0,0,1,1,0,0,0,3,TRUE,C
P43897,TSFM,14,19,14,27,4.128991603851318,0.8274943232536316,3,3,3,3,3,3,3,3,3,FALSE,A
P45877,PPIC,3,4,3,27,6.170975923538208,0.911837637424469,3,3,3,3,3,3,3,3,3,FALSE,A
P45880,VDAC2,13,18,13,27,5.750380992889404,0.9582063257694244,3,3,3,3,3,3,3,3,3,FALSE,A
P45954,ACADSB,15,19,15,27,4.238637924194336,0.7750768065452576,3,3,3,3,3,3,3,3,3,FALSE,A
P45973,CBX5,13,24,13,27,6.386355638504028,0.9734987616539001,3,3,3,3,3,3,3,3,3,FALSE,A
P45974,USP5,33,45,33,27,4.885639190673828,0.8963255286216736,3,3,3,3,3,3,3,3,3,FALSE,A
P45983,MAPK8,2,2,2,17,2.680795431137085,0.6690139174461365,0,3,2,2,0,1,3,3,3,FALSE,A
P45984,MAPK9,5,5,5,26,3.158806800842285,0.4460735321044922,2,3,3,3,3,3,3,3,3,FALSE,A
P45985,MAP2K4,13,16,13,27,3.1172075271606445,0.5818606615066528,3,3,3,3,3,3,3,3,3,FALSE,A
P46013,MKI67,153,224,153,27,5.337698698043823,0.9304582178592682,3,3,3,3,3,3,3,3,3,FALSE,A
P46019,PHKA2,6,6,6,26,3.2017228603363037,0.6676164865493774,3,3,2,3,3,3,3,3,3,FALSE,A
P46020,PHKA1,6,6,6,23,3.1835739612579346,0.3537841737270355,0,3,2,3,3,3,3,3,3,FALSE,A
P46060,RANGAP1,31,46,31,27,5.442500591278076,0.9504712820053101,3,3,3,3,3,3,3,3,3,FALSE,A
P46063,RECQL,29,41,29,27,4.397150278091431,0.8893804252147675,3,3,3,3,3,3,3,3,3,FALSE,A
P46087,NOP2,33,45,33,27,5.805728435516357,0.9483211636543274,3,3,3,3,3,3,3,3,3,FALSE,A
P46100,ATRX,52,63,52,27,3.814805746078491,0.7909119725227356,3,3,3,3,3,3,3,3,3,FALSE,A
P46108,CRK,17,23,17,27,4.112555027008057,0.8181401789188385,3,3,3,3,3,3,3,3,3,FALSE,A
P46109,CRKL,18,25,18,27,5.587501049041748,0.9362811744213104,3,3,3,3,3,3,3,3,3,FALSE,A
P46199,MTIF2,10,11,10,27,3.413377285003662,0.5401428937911987,3,3,3,3,3,3,3,3,3,FALSE,A
P46379,BAG6,27,38,27,27,4.718348979949951,0.8672409951686859,3,3,3,3,3,3,3,3,3,FALSE,A
P46459,NSF,35,44,35,27,4.0582115650177,0.8426580429077148,3,3,3,3,3,3,3,3,3,FALSE,A
P46527,CDKN1B,3,4,3,26,4.072101831436157,0.7597319781780243,3,3,2,3,3,3,3,3,3,FALSE,A
P46531,NOTCH1,9,9,9,26,2.6832555532455444,0.3014601171016693,2,3,3,3,3,3,3,3,3,FALSE,A
P46734,MAP2K3,11,14,11,26,3.523470878601074,0.6149728298187256,2,3,3,3,3,3,3,3,3,FALSE,A
P46736,BRCC3,12,16,12,27,3.553811550140381,0.8195107579231262,3,3,3,3,3,3,3,3,3,FALSE,A
P46776,RPL27A,6,9,6,27,6.470163345336914,0.9742812514305115,3,3,3,3,3,3,3,3,3,FALSE,A
P46777,RPL5,19,30,19,27,6.475861072540283,0.9719048142433167,3,3,3,3,3,3,3,3,3,FALSE,A
P46778,RPL21,7,13,7,27,6.239741563796997,0.9661997556686401,3,3,3,3,3,3,3,3,3,FALSE,A
P46779,RPL28,8,10,8,27,6.0058674812316895,0.9644779562950134,3,3,3,3,3,3,3,3,3,FALSE,A
P46781,RPS9,16,25,16,27,6.449801921844482,0.9740006327629089,3,3,3,3,3,3,3,3,3,FALSE,A
P46782,RPS5,13,23,13,27,6.156698226928711,0.9639829397201538,3,3,3,3,3,3,3,3,3,FALSE,A
P46783,RPS10,5,8,5,27,6.656978130340576,0.9645900130271912,3,3,3,3,3,3,3,3,3,FALSE,A
P46821,MAP1B,70,90,70,27,4.372542381286621,0.8532939553260803,3,3,3,3,3,3,3,3,3,FALSE,A
P46926,GNPDA1,10,20,10,27,5.471306800842285,0.919649064540863,3,3,3,3,3,3,3,3,3,FALSE,A
P46934,NEDD4,6,7,6,27,2.8652387857437134,0.5794461667537689,3,3,3,3,3,3,3,3,3,FALSE,A
P46937,YAP1,14,18,14,27,3.6938321590423584,0.5389025807380676,3,3,3,3,3,3,3,3,3,FALSE,A
P46939,UTRN,82,92,82,27,3.301696300506592,0.6493498682975769,3,3,3,3,3,3,3,3,3,FALSE,A
P46940,IQGAP1,77,104,77,27,4.592095375061035,0.8753788471221924,3,3,3,3,3,3,3,3,3,FALSE,A
P46976,GYG1,9,12,9,27,4.263820648193359,0.8792419731616974,3,3,3,3,3,3,3,3,3,FALSE,A
P46977,STT3A,19,25,19,27,4.129510879516602,0.8971538543701172,3,3,3,3,3,3,3,3,3,FALSE,A
P47224,RABIF,5,5,5,27,3.559243321418762,0.7374518513679504,3,3,3,3,3,3,3,3,3,FALSE,A
P47712,PLA2G4A,10,10,10,27,2.8774466514587402,0.3640653192996979,3,3,3,3,3,3,3,3,3,FALSE,A
P47755,CAPZA2,10,15,10,27,4.195407390594482,0.878440797328949,3,3,3,3,3,3,3,3,3,FALSE,A
P47756,CAPZB,18,26,18,27,6.024979591369629,0.9545688629150391,3,3,3,3,3,3,3,3,3,FALSE,A
P47813,EIF1AX,2,4,2,27,6.224255084991455,0.9363230466842651,3,3,3,3,3,3,3,3,3,FALSE,A
P47897,QARS1,34,46,34,27,4.943220138549805,0.8935737013816833,3,3,3,3,3,3,3,3,3,FALSE,A
P47914,RPL29,4,6,4,27,6.532009124755859,0.9766526818275452,3,3,3,3,3,3,3,3,3,FALSE,A
P47928,ID4,4,4,4,27,4.468355178833008,0.4592171013355255,3,3,3,3,3,3,3,3,3,FALSE,A
P47929,LGALS7B,3,3,3,1,4.250463485717773,0.697405993938446,0,0,0,0,0,1,0,0,0,FALSE,A
P47974,ZFP36L2,6,9,6,27,3.574731469154358,0.8364353477954865,3,3,3,3,3,3,3,3,3,FALSE,A
P47985,UQCRFS1,3,5,3,27,5.830851078033447,0.953477144241333,3,3,3,3,3,3,3,3,3,FALSE,A
P48047,ATP5PO,11,18,11,27,5.19515323638916,0.8792012929916382,3,3,3,3,3,3,3,3,3,FALSE,A
P48059,LIMS1,8,13,8,27,3.879958391189575,0.8729668855667114,3,3,3,3,3,3,3,3,3,FALSE,A
P48067,SLC6A9,3,3,3,22,2.8005658388137817,0.4866334795951843,0,3,2,3,3,3,3,3,2,FALSE,A
P48147,PREP,42,61,42,27,4.77934455871582,0.9105024933815002,3,3,3,3,3,3,3,3,3,FALSE,A
P48163,ME1,6,7,6,25,3.193211555480957,0.6364326477050781,2,3,2,3,3,3,3,3,3,FALSE,A
P48200,IREB2,11,12,11,26,3.150676965713501,0.424852579832077,3,3,2,3,3,3,3,3,3,FALSE,A
P48307,TFPI2,1,1,1,2,2.405493378639221,0.17068986594676971,0,0,2,0,0,0,0,0,0,TRUE,C
P48382,RFX5,27,29,27,27,3.6853580474853516,0.7262385487556458,3,3,3,3,3,3,3,3,3,FALSE,A
P48426,PIP4K2A,10,12,10,27,3.453889846801758,0.7264402806758881,3,3,3,3,3,3,3,3,3,FALSE,A
P48431,SOX2,2,2,2,23,2.115206003189087,0,2,3,3,2,2,3,2,3,3,FALSE,A
P48436,SOX9,3,3,3,27,3.600076198577881,0.47825539112091064,3,3,3,3,3,3,3,3,3,FALSE,A
P48444,ARCN1,27,39,27,27,4.7005534172058105,0.8926780223846436,3,3,3,3,3,3,3,3,3,FALSE,A
P48449,LSS,29,36,29,27,4.289959192276001,0.7612827718257904,3,3,3,3,3,3,3,3,3,FALSE,A
P48506,GCLC,17,19,17,26,3.3402544260025024,0.5885787308216095,3,3,2,3,3,3,3,3,3,FALSE,A
P48507,GCLM,9,13,9,27,3.6802029609680176,0.5791249871253967,3,3,3,3,3,3,3,3,3,FALSE,A
P48509,CD151,2,3,2,27,4.377886772155762,0.8749975264072418,3,3,3,3,3,3,3,3,3,FALSE,A
P48551,IFNAR2,1,1,1,10,3.351883888244629,0.37629034742712975,2,3,3,0,0,1,1,0,0,TRUE,C
P48556,PSMD8,10,13,10,27,4.352720260620117,0.8033506870269775,3,3,3,3,3,3,3,3,3,FALSE,A
P48634,PRRC2A,66,88,66,27,4.40540885925293,0.8344521522521973,3,3,3,3,3,3,3,3,3,FALSE,A
P48637,GSS,26,35,26,27,5.192446708679199,0.9241421222686768,3,3,3,3,3,3,3,3,3,FALSE,A
P48643,CCT5,35,60,35,27,5.596505641937256,0.9346910417079926,3,3,3,3,3,3,3,3,3,FALSE,A
P48645,NMU,2,2,2,9,3.026017189025879,0.44103002548217773,3,3,3,0,0,0,0,0,0,FALSE,A
P48651,PTDSS1,5,5,5,26,3.3544074296951294,0.572945773601532,2,3,3,3,3,3,3,3,3,FALSE,A
P48681,NES,21,23,21,27,3.7595345973968506,0.7367771565914154,3,3,3,3,3,3,3,3,3,FALSE,A
P48723,HSPA13,13,15,13,27,4.4146928787231445,0.8027105927467346,3,3,3,3,3,3,3,3,3,FALSE,A
P48729,CSNK1A1,6,8,6,27,4.39630389213562,0.8165020942687988,3,3,3,3,3,3,3,3,3,FALSE,A
P48730,CSNK1D,4,4,4,27,4.555088996887207,0.8239889144897461,3,3,3,3,3,3,3,3,3,FALSE,A
P48735,IDH2,21,31,21,27,5.734545707702637,0.9361242651939392,3,3,3,3,3,3,3,3,3,FALSE,A
P48739,PITPNB,20,29,20,27,5.403122901916504,0.9320877194404602,3,3,3,3,3,3,3,3,3,FALSE,A
P48960,ADGRE5,7,9,7,22,3.050487995147705,0.5563837289810181,3,3,3,3,2,2,2,1,3,FALSE,A
P49005,POLD2,12,16,12,26,3.5776541233062744,0.6951989531517029,2,3,3,3,3,3,3,3,3,FALSE,A
P49006,MARCKSL1,3,3,3,27,6.32047700881958,0.9747380018234253,3,3,3,3,3,3,3,3,3,FALSE,A
P49023,PXN,20,25,20,27,3.8910419940948486,0.7207517027854919,3,3,3,3,3,3,3,3,3,FALSE,A
P49069,CAMLG,12,13,12,27,4.168574810028076,0.846869945526123,3,3,3,3,3,3,3,3,3,FALSE,A
P49116,NR2C2,16,16,16,27,3.5033047199249268,0.35305483639240265,3,3,3,3,3,3,3,3,3,FALSE,A
P49137,MAPKAPK2,7,8,7,27,3.2846388816833496,0.6488392353057861,3,3,3,3,3,3,3,3,3,FALSE,A
P49189,ALDH9A1,23,30,23,27,5.265192985534668,0.9046088457107544,3,3,3,3,3,3,3,3,3,FALSE,A
P49207,RPL34,8,13,8,27,6.15813684463501,0.9714597463607788,3,3,3,3,3,3,3,3,3,FALSE,A
P49247,RPIA,16,22,16,27,4.938567161560059,0.9121066927909851,3,3,3,3,3,3,3,3,3,FALSE,A
P49257,LMAN1,17,24,17,27,5.054447650909424,0.9121306538581848,3,3,3,3,3,3,3,3,3,FALSE,A
P49281,SLC11A2,1,1,1,27,4.351873397827148,0.7069740295410156,3,3,3,3,3,3,3,3,3,TRUE,B
P49321,NASP,35,44,36,27,4.445195436477661,0.8442807793617249,3,3,3,3,3,3,3,3,3,FALSE,A
P49327,FASN,122,177,122,27,5.355875730514526,0.9234221875667572,3,3,3,3,3,3,3,3,3,FALSE,A
P49354,FNTA,16,20,16,27,3.8038439750671387,0.8587765097618103,3,3,3,3,3,3,3,3,3,FALSE,A
P49356,FNTB,6,6,6,27,3.5785412788391113,0.686552882194519,3,3,3,3,3,3,3,3,3,FALSE,A
P49366,DHPS,21,30,21,27,3.79583203792572,0.82425856590271,3,3,3,3,3,3,3,3,3,FALSE,A
P49368,CCT3,36,48,36,27,5.521154165267944,0.9362634420394897,3,3,3,3,3,3,3,3,3,FALSE,A
P49406,MRPL19,14,20,14,27,5.276413202285767,0.92032390832901,3,3,3,3,3,3,3,3,3,FALSE,A
P49407,ARRB1,6,6,6,27,3.5533230304718018,0.5888371467590332,3,3,3,3,3,3,3,3,3,FALSE,A
P49411,TUFM,31,54,31,27,5.6494317054748535,0.953172504901886,3,3,3,3,3,3,3,3,3,FALSE,A
P49418,AMPH,13,17,13,27,3.3136091232299805,0.6829869151115417,3,3,3,3,3,3,3,3,3,FALSE,A
P49419,ALDH7A1,23,34,23,27,5.6146016120910645,0.9219871759414673,3,3,3,3,3,3,3,3,3,FALSE,A
P49427,CDC34,3,3,3,27,3.359353542327881,0.348948672413826,3,3,3,3,3,3,3,3,3,FALSE,A
P49441,INPP1,3,3,3,26,3.0858763456344604,0.8464775383472443,2,3,3,3,3,3,3,3,3,FALSE,A
P49450,CENPA,1,1,1,27,5.590710163116455,0.9396110773086548,3,3,3,3,3,3,3,3,3,TRUE,B
P49454,CENPF,124,153,124,27,3.83719003200531,0.7863457202911377,3,3,3,3,3,3,3,3,3,FALSE,A
P49458,SRP9,7,8,7,27,5.954178810119629,0.9672731161117554,3,3,3,3,3,3,3,3,3,FALSE,A
P49459,UBE2A,2,3,2,27,5.568565368652344,0.9440364241600037,3,3,3,3,3,3,3,3,3,FALSE,A
P49585,PCYT1A,9,11,9,27,4.00108003616333,0.7347722053527832,3,3,3,3,3,3,3,3,3,FALSE,A
P49588,AARS1,45,70,45,27,5.616852760314941,0.945334792137146,3,3,3,3,3,3,3,3,3,FALSE,A
P49589,CARS1,36,45,36,27,4.5412280559539795,0.8325155675411224,3,3,3,3,3,3,3,3,3,FALSE,A
P49590,HARS2,15,17,15,27,3.477274537086487,0.6324086487293243,3,3,3,3,3,3,3,3,3,FALSE,A
P49591,SARS1,34,52,34,27,5.662503480911255,0.951064258813858,3,3,3,3,3,3,3,3,3,FALSE,A
P49593,PPM1F,17,24,17,27,4.028857707977295,0.8253928422927856,3,3,3,3,3,3,3,3,3,FALSE,A
P49641,MAN2A2,8,8,8,27,2.8507018089294434,0.27435705065727234,3,3,3,3,3,3,3,3,3,FALSE,A
P49642,PRIM1,17,22,17,27,3.5202255249023438,0.7802994847297668,3,3,3,3,3,3,3,3,3,FALSE,A
P49643,PRIM2,22,24,22,27,3.99837064743042,0.7973352372646332,3,3,3,3,3,3,3,3,3,FALSE,A
P49674,CSNK1E,6,7,6,27,3.9554014205932617,0.7798652648925781,3,3,3,3,3,3,3,3,3,FALSE,A
P49711,CTCF,21,31,21,27,4.692008972167969,0.8983275890350342,3,3,3,3,3,3,3,3,3,FALSE,A
P49715,CEBPA,1,1,1,15,3.560950756072998,0,0,0,0,3,3,3,3,3,0,TRUE,C
P49720,PSMB3,10,16,10,27,5.9547789096832275,0.971512109041214,3,3,3,3,3,3,3,3,3,FALSE,A
P49721,PSMB2,12,17,12,27,5.497054576873779,0.929749608039856,3,3,3,3,3,3,3,3,3,FALSE,A
P49736,MCM2,44,62,44,27,5.368436574935913,0.9281579256057739,3,3,3,3,3,3,3,3,3,FALSE,A
P49748,ACADVL,30,34,30,27,4.110429048538208,0.7985178232192993,3,3,3,3,3,3,3,3,3,FALSE,A
P49750,YLPM1,76,109,76,27,4.875680923461914,0.8782562017440796,3,3,3,3,3,3,3,3,3,FALSE,A
P49753,ACOT2,1,2,1,15,2.8099453449249268,0.8346579372882843,2,3,2,1,1,1,2,1,2,TRUE,C
P49754,VPS41,6,6,6,22,2.5913569927215576,0.33846357464790344,0,3,2,3,3,3,2,3,3,FALSE,A
P49755,TMED10,7,12,7,27,6.197394371032715,0.9633896946907043,3,3,3,3,3,3,3,3,3,FALSE,A
P49756,RBM25,34,55,34,27,5.359110116958618,0.9191651344299316,3,3,3,3,3,3,3,3,3,FALSE,A
P49757,NUMB,13,14,13,27,3.4266786575317383,0.7050730586051941,3,3,3,3,3,3,3,3,3,FALSE,A
P49759,CLK1,7,9,7,26,2.7586158514022827,0.3696207255125046,2,3,3,3,3,3,3,3,3,FALSE,A
P49760,CLK2,11,14,11,27,3.852645993232727,0.7943135797977448,3,3,3,3,3,3,3,3,3,FALSE,A
P49761,CLK3,15,17,15,27,3.3879263401031494,0.6379542350769043,3,3,3,3,3,3,3,3,3,FALSE,A
P49763,PGF,1,2,1,9,2.6339259147644043,0.5456828773021698,3,3,3,0,0,0,0,0,0,TRUE,C
P49765,VEGFB,5,5,5,18,3.168203592300415,0.43955862522125244,3,3,3,2,1,2,2,1,1,FALSE,A
P49768,PSEN1,2,3,2,27,3.2134850025177,0.6717692613601685,3,3,3,3,3,3,3,3,3,FALSE,A
P49770,EIF2B2,10,13,10,27,4.036962509155273,0.8447986841201782,3,3,3,3,3,3,3,3,3,FALSE,A
P49773,HINT1,7,12,7,27,4.930935382843018,0.9313415884971619,3,3,3,3,3,3,3,3,3,FALSE,A
P49789,FHIT,5,5,5,24,2.9283441305160522,0.14730588346719742,3,3,3,3,3,2,3,2,2,FALSE,A
P49790,NUP153,47,60,47,27,4.578989028930664,0.8785477578639984,3,3,3,3,3,3,3,3,3,FALSE,A
P49792,RANBP2,80,99,80,27,4.0321807861328125,0.7960146069526672,3,3,3,3,3,3,3,3,3,FALSE,A
P49810,PSEN2,1,1,1,17,3.919952392578125,0.12572775781154633,1,3,2,1,2,2,2,2,2,TRUE,C
P49815,TSC2,21,21,21,27,2.9349924325942993,0.37367427349090576,3,3,3,3,3,3,3,3,3,FALSE,A
P49821,NDUFV1,22,31,22,27,5.048470973968506,0.921323835849762,3,3,3,3,3,3,3,3,3,FALSE,A
P49840,GSK3A,9,11,9,27,4.094784259796143,0.8161132037639618,3,3,3,3,3,3,3,3,3,FALSE,A
P49841,GSK3B,13,16,13,27,3.2410991191864014,0.8358244299888611,3,3,3,3,3,3,3,3,3,FALSE,A
P49842,STK19,4,4,4,22,2.971364736557007,0.5836136341094971,0,2,2,3,3,3,3,3,3,FALSE,A
P49848,TAF6,20,24,20,27,3.209972858428955,0.6704696416854858,3,3,3,3,3,3,3,3,3,FALSE,A
P49902,NT5C2,18,24,18,27,3.967316150665283,0.7790694832801819,3,3,3,3,3,3,3,3,3,FALSE,A
P49903,SEPHS1,11,13,11,27,4.583295822143555,0.9187577664852142,3,3,3,3,3,3,3,3,3,FALSE,A
P49908,SELENOP,1,1,1,9,5.255957126617432,0.4190012216567993,3,3,3,0,0,0,0,0,0,TRUE,B
P49914,MTHFS,6,9,6,27,4.511877059936523,0.8342902362346649,3,3,3,3,3,3,3,3,3,FALSE,A
P49915,GMPS,31,47,31,27,4.740174770355225,0.8733550012111664,3,3,3,3,3,3,3,3,3,FALSE,A
P49916,LIG3,37,45,37,27,3.94469153881073,0.8658688366413116,3,3,3,3,3,3,3,3,3,FALSE,A
P49917,LIG4,2,2,2,9,2.7919036149978638,0,0,3,2,1,0,0,0,1,2,FALSE,A
P49959,MRE11,28,39,28,27,5.015353202819824,0.9227139353752136,3,3,3,3,3,3,3,3,3,FALSE,A
P50053,KHK,2,2,2,27,2.4681371450424194,0,3,3,3,3,3,3,3,3,3,FALSE,A
P50148,GNAQ,8,9,8,26,3.259594440460205,0.5744863152503967,2,3,3,3,3,3,3,3,3,FALSE,A
P50150,GNG4,2,2,2,16,3.108396530151367,0.4547436982393265,1,2,1,3,3,3,2,1,0,FALSE,A
P50213,IDH3A,17,25,17,27,5.0781097412109375,0.9053772687911987,3,3,3,3,3,3,3,3,3,FALSE,A
P50219,MNX1,5,5,5,27,3.5668182373046875,0.7776861190795898,3,3,3,3,3,3,3,3,3,FALSE,A
P50225,SULT1A1,1,1,1,9,3.70977520942688,0.5016637444496155,0,0,0,1,3,2,1,1,1,TRUE,C
P50336,PPOX,8,8,8,25,3.6049840450286865,0.549307107925415,1,3,3,3,3,3,3,3,3,FALSE,A
P50395,GDI2,24,35,24,27,5.622985363006592,0.9468992948532104,3,3,3,3,3,3,3,3,3,FALSE,A
P50402,EMD,12,20,12,27,5.591243743896484,0.9401787519454956,3,3,3,3,3,3,3,3,3,FALSE,A
P50416,CPT1A,16,16,16,26,3.287618637084961,0.6020176410675049,2,3,3,3,3,3,3,3,3,FALSE,A
P50443,SLC26A2,3,3,3,25,2.587059497833252,0.3324037194252014,2,3,2,3,3,3,3,3,3,FALSE,A
P50453,SERPINB9,2,2,2,25,2.6565765142440796,6.810588092776015e-5,2,3,2,3,3,3,3,3,3,FALSE,A
P50454,SERPINH1,22,36,22,27,5.732950210571289,0.9532631039619446,3,3,3,3,3,3,3,3,3,FALSE,A
P50479,PDLIM4,8,10,8,26,3.3278905153274536,0.6107862591743469,3,3,3,3,3,3,3,3,2,FALSE,A
P50539,MXI1,4,4,4,23,3.0654364824295044,0.1889963448047638,3,2,1,3,3,3,3,3,2,FALSE,A
P50542,PEX5,8,8,8,25,2.5522990226745605,0.2969551086425781,1,3,3,3,3,3,3,3,3,FALSE,A
P50548,ERF,6,6,6,26,2.8673453330993652,0.213114932179451,2,3,3,3,3,3,3,3,3,FALSE,A
P50552,VASP,12,18,12,27,4.490144729614258,0.88536536693573,3,3,3,3,3,3,3,3,3,FALSE,A
P50570,DNM2,28,35,28,27,4.321178674697876,0.8549046516418457,3,3,3,3,3,3,3,3,3,FALSE,A
P50579,METAP2,19,31,19,27,4.797993183135986,0.8971083164215088,3,3,3,3,3,3,3,3,3,FALSE,A
P50583,NUDT2,7,8,7,27,3.400158643722534,0.5426596701145172,3,3,3,3,3,3,3,3,3,FALSE,A
P50607,TUB,5,5,5,25,2.798854947090149,0.24244200438261032,3,2,3,3,3,3,3,3,2,FALSE,A
P50613,CDK7,8,9,8,27,3.7294121980667114,0.770751416683197,3,3,3,3,3,3,3,3,3,FALSE,A
P50747,HLCS,10,10,10,27,3.515419125556946,0.42891936004161835,3,3,3,3,3,3,3,3,3,FALSE,A
P50748,KNTC1,12,13,12,24,2.8293397426605225,0.6991100311279297,1,3,2,3,3,3,3,3,3,FALSE,A
P50749,RASSF2,1,1,1,21,2.3629653453826904,0,0,3,2,3,3,2,2,3,3,TRUE,C
P50750,CDK9,11,13,11,27,3.769261360168457,0.7657762765884399,3,3,3,3,3,3,3,3,3,FALSE,A
P50851,LRBA,32,36,32,27,3.194671630859375,0.6531152725219727,3,3,3,3,3,3,3,3,3,FALSE,A
P50895,BCAM,12,12,12,27,2.8764736652374268,0.3994687497615814,3,3,3,3,3,3,3,3,3,FALSE,A
P50897,PPT1,10,15,10,27,4.602445125579834,0.721710741519928,3,3,3,3,3,3,3,3,3,FALSE,A
P50914,RPL14,7,9,7,27,6.55293083190918,0.9715019464492798,3,3,3,3,3,3,3,3,3,FALSE,A
P50990,CCT8,35,54,35,27,5.703872203826904,0.9482080340385437,3,3,3,3,3,3,3,3,3,FALSE,A
P50991,CCT4,27,41,27,27,6.115784168243408,0.9667005240917206,3,3,3,3,3,3,3,3,3,FALSE,A
P50995,ANXA11,20,28,20,27,5.742323875427246,0.9530880153179169,3,3,3,3,3,3,3,3,3,FALSE,A
P51003,PAPOLA,19,22,19,27,4.128298997879028,0.8126710951328278,3,3,3,3,3,3,3,3,3,FALSE,A
P51114,FXR1,25,35,25,27,4.636619806289673,0.8679274320602417,3,3,3,3,3,3,3,3,3,FALSE,A
P51116,FXR2,26,31,26,27,4.568500518798828,0.8380838632583618,3,3,3,3,3,3,3,3,3,FALSE,A
P51148,RAB5C,9,12,9,27,6.012688159942627,0.9715114235877991,3,3,3,3,3,3,3,3,3,FALSE,A
P51149,RAB7A,19,32,19,27,6.5032219886779785,0.9713358283042908,3,3,3,3,3,3,3,3,3,FALSE,A
P51151,RAB9A,11,15,11,27,5.570423126220703,0.9271185398101807,3,3,3,3,3,3,3,3,3,FALSE,A
P51153,RAB13,6,7,6,27,5.800495862960815,0.9437568485736847,3,3,3,3,3,3,3,3,3,FALSE,A
P51157,RAB28,2,2,2,27,4.819306135177612,0.8695348799228668,3,3,3,3,3,3,3,3,3,FALSE,A
P51159,RAB27A,3,4,3,27,3.1823959350585938,0.2720053195953369,3,3,3,3,3,3,3,3,3,FALSE,A
P51397,DAP,3,4,3,22,2.6693532466888428,0.5200518369674683,1,2,2,3,3,3,3,2,3,FALSE,A
P51398,DAP3,19,30,19,27,4.705933570861816,0.888428270816803,3,3,3,3,3,3,3,3,3,FALSE,A
P51452,DUSP3,8,10,8,27,4.836857080459595,0.8873009979724884,3,3,3,3,3,3,3,3,3,FALSE,A
P51513,NOVA1,11,12,11,27,3.118004560470581,0.6432265043258667,3,3,3,3,3,3,3,3,3,FALSE,A
P51530,DNA2,4,4,4,23,2.822016477584839,0.58305424451828,0,3,2,3,3,3,3,3,3,FALSE,A
P51531,SMARCA2,17,19,17,27,3.2118200063705444,0.7650194764137268,3,3,3,3,3,3,3,3,3,FALSE,A
P51532,SMARCA4,31,44,31,27,3.986119508743286,0.7654704451560974,3,3,3,3,3,3,3,3,3,FALSE,A
P51553,IDH3G,11,14,11,27,4.3612871170043945,0.9112643599510193,3,3,3,3,3,3,3,3,3,FALSE,A
P51570,GALK1,17,18,17,26,3.5252667665481567,0.6270219683647156,2,3,3,3,3,3,3,3,3,FALSE,A
P51571,SSR4,5,7,5,27,6.187161922454834,0.9665480852127075,3,3,3,3,3,3,3,3,3,FALSE,A
P51572,BCAP31,13,23,13,27,5.235534191131592,0.9398708343505859,3,3,3,3,3,3,3,3,3,FALSE,A
P51580,TPMT,11,12,11,27,3.7083115577697754,0.8064342141151428,3,3,3,3,3,3,3,3,3,FALSE,A
P51587,BRCA2,16,16,16,27,3.092792510986328,0.5344259738922119,3,3,3,3,3,3,3,3,3,FALSE,A
P51608,MECP2,23,36,23,27,4.783550262451172,0.8838704824447632,3,3,3,3,3,3,3,3,3,FALSE,A
P51610,HCFC1,48,64,48,27,4.73071813583374,0.8710264265537262,3,3,3,3,3,3,3,3,3,FALSE,A
P51617,IRAK1,13,14,13,26,3.242765188217163,0.7433236241340637,2,3,3,3,3,3,3,3,3,FALSE,A
P51648,ALDH3A2,20,29,20,27,5.342417478561401,0.9021916091442108,3,3,3,3,3,3,3,3,3,FALSE,A
P51649,ALDH5A1,16,19,16,27,4.633453369140625,0.8878845572471619,3,3,3,3,3,3,3,3,3,FALSE,A
P51654,GPC3,9,11,9,27,3.1195456981658936,0.6924545764923096,3,3,3,3,3,3,3,3,3,FALSE,A
P51659,HSD17B4,36,50,36,27,5.390235662460327,0.9225720167160034,3,3,3,3,3,3,3,3,3,FALSE,A
P51665,PSMD7,16,25,16,27,5.138946533203125,0.9327758550643921,3,3,3,3,3,3,3,3,3,FALSE,A
P51668,UBE2D1,1,1,1,23,3.1707520484924316,0.8242441415786743,3,3,2,3,2,1,3,3,3,TRUE,C
P51687,SUOX,11,13,11,26,3.1205949783325195,0.6499884724617004,3,3,3,3,3,3,3,2,3,FALSE,A
P51688,SGSH,5,5,5,26,2.537168264389038,0,2,3,3,3,3,3,3,3,3,FALSE,A
P51692,STAT5B,4,4,4,25,3.284208297729492,0,2,3,2,3,3,3,3,3,3,FALSE,A
P51693,APLP1,6,8,6,11,3.3418056964874268,0.3612147569656372,3,3,3,0,0,0,2,0,0,FALSE,A
P51784,USP11,23,25,23,27,3.413444757461548,0.6489858031272888,3,3,3,3,3,3,3,3,3,FALSE,A
P51790,CLCN3,3,3,3,14,2.417048692703247,0.16100461781024933,1,3,2,2,1,0,1,2,2,FALSE,A
P51797,CLCN6,1,1,1,6,2.9587647914886475,0,0,3,2,0,0,0,0,1,0,TRUE,C
P51798,CLCN7,7,7,7,26,3.271539807319641,0.49876515567302704,2,3,3,3,3,3,3,3,3,FALSE,A
P51805,PLXNA3,4,4,4,26,2.6674325466156006,0.23847079277038574,3,3,3,3,3,3,2,3,3,FALSE,A
P51808,DYNLT3,3,4,3,27,3.862644910812378,0.7625099420547485,3,3,3,3,3,3,3,3,3,FALSE,A
P51809,VAMP7,13,16,13,27,4.192232608795166,0.849529355764389,3,3,3,3,3,3,3,3,3,FALSE,A
P51812,RPS6KA3,13,16,13,27,3.7214951515197754,0.7193415760993958,3,3,3,3,3,3,3,3,3,FALSE,A
P51825,AFF1,15,17,15,27,3.0844013690948486,0.52689129114151,3,3,3,3,3,3,3,3,3,FALSE,A
P51826,AFF3,5,5,5,23,2.6866652965545654,0.3899920582771301,0,2,3,3,3,3,3,3,3,FALSE,A
P51858,HDGF,21,36,21,27,5.774567604064941,0.9352028071880341,3,3,3,3,3,3,3,3,3,FALSE,A
P51946,CCNH,8,8,8,25,3.2447898387908936,0.7026880979537964,2,3,2,3,3,3,3,3,3,FALSE,A
P51948,MNAT1,10,13,10,27,4.246809005737305,0.8136948943138123,3,3,3,3,3,3,3,3,3,FALSE,A
P51956,NEK3,2,2,2,23,4.054501295089722,0,0,3,2,3,3,3,3,3,3,FALSE,A
P51957,NEK4,5,6,5,20,2.8268991708755493,0.7039498388767242,0,3,1,3,3,3,3,3,1,FALSE,A
P51970,NDUFA8,11,18,11,27,5.599437713623047,0.947061687707901,3,3,3,3,3,3,3,3,3,FALSE,A
P51991,HNRNPA3,20,35,20,27,6.314319133758545,0.9660782814025879,3,3,3,3,3,3,3,3,3,FALSE,A
P52209,PGD,24,37,24,27,4.9990458488464355,0.9125805497169495,3,3,3,3,3,3,3,3,3,FALSE,A
P52272,HNRNPM,42,63,42,27,6.17943000793457,0.9684022665023804,3,3,3,3,3,3,3,3,3,FALSE,A
P52292,KPNA2,23,34,23,27,5.714203596115112,0.95316943526268,3,3,3,3,3,3,3,3,3,FALSE,A
P52294,KPNA1,10,12,10,27,4.21068811416626,0.7918252348899841,3,3,3,3,3,3,3,3,3,FALSE,A
P52298,NCBP2,5,7,5,27,5.097643852233887,0.9326813220977783,3,3,3,3,3,3,3,3,3,FALSE,A
P52306,RAP1GDS1,23,26,23,27,3.4412370920181274,0.7591480612754822,3,3,3,3,3,3,3,3,3,FALSE,A
P52429,DGKE,3,3,3,23,3.573941707611084,0.5848672389984131,0,3,2,3,3,3,3,3,3,FALSE,A
P52434,POLR2H,6,8,6,27,5.441631317138672,0.8625328540802002,3,3,3,3,3,3,3,3,3,FALSE,A
P52564,MAP2K6,9,10,9,27,3.3220438957214355,0.6965828239917755,3,3,3,3,3,3,3,3,3,FALSE,A
P52565,ARHGDIA,11,17,11,27,5.54677152633667,0.9467109441757202,3,3,3,3,3,3,3,3,3,FALSE,A
P52569,SLC7A2,2,2,2,8,3.962774634361267,0.7965798377990723,2,3,2,0,0,0,0,0,1,FALSE,A
P52594,AGFG1,10,15,10,27,4.442912340164185,0.868399053812027,3,3,3,3,3,3,3,3,3,FALSE,A
P52597,HNRNPF,13,23,13,27,5.576443195343018,0.9618223309516907,3,3,3,3,3,3,3,3,3,FALSE,A
P52630,STAT2,8,8,8,25,2.7847256660461426,0.5436618030071259,2,3,2,3,3,3,3,3,3,FALSE,A
P52655,GTF2A1,2,2,2,26,4.116663932800293,0.7833283543586731,3,3,2,3,3,3,3,3,3,FALSE,A
P52657,GTF2A2,4,6,4,27,4.133360862731934,0.8863245844841003,3,3,3,3,3,3,3,3,3,FALSE,A
P52701,MSH6,52,62,52,27,4.831750869750977,0.8598132133483887,3,3,3,3,3,3,3,3,3,FALSE,A
P52732,KIF11,43,54,43,27,4.074657678604126,0.8535031080245972,3,3,3,3,3,3,3,3,3,FALSE,A
P52735,VAV2,9,9,9,23,2.758246421813965,0.615389496088028,0,3,2,3,3,3,3,3,3,FALSE,A
P52736,ZNF133,1,1,1,4,2.187743306159973,0.43556417524814606,0,0,2,0,0,0,0,0,2,TRUE,C
P52739,ZNF131,7,7,7,27,3.151761293411255,0.6113136112689972,3,3,3,3,3,3,3,3,3,FALSE,A
P52746,ZNF142,7,8,8,27,2.6573688983917236,0.2503606677055359,3,3,3,3,3,3,3,3,3,FALSE,A
P52747,ZNF143,8,10,8,27,3.3145716190338135,0.6313731074333191,3,3,3,3,3,3,3,3,3,FALSE,A
P52756,RBM5,19,23,19,27,4.129945278167725,0.8266965746879578,3,3,3,3,3,3,3,3,3,FALSE,A
P52758,RIDA,5,8,5,27,5.244837760925293,0.9130778908729553,3,3,3,3,3,3,3,3,3,FALSE,A
P52788,SMS,14,19,14,27,3.393723726272583,0.6188963055610657,3,3,3,3,3,3,3,3,3,FALSE,A
P52789,HK2,28,32,28,26,3.3595364093780518,0.5697970390319824,2,3,3,3,3,3,3,3,3,FALSE,A
P52799,EFNB2,6,7,6,27,3.138224959373474,0.44649866223335266,3,3,3,3,3,3,3,3,3,FALSE,A
P52803,EFNA5,5,6,5,18,3.211293935775757,0.6541818380355835,3,3,3,3,2,2,2,0,0,FALSE,A
P52815,MRPL12,7,9,7,27,5.0207977294921875,0.9095935821533203,3,3,3,3,3,3,3,3,3,FALSE,A
P52848,NDST1,3,3,3,14,1.856701374053955,0,0,2,2,2,2,1,0,2,3,FALSE,A
P52888,THOP1,23,27,23,27,4.226333141326904,0.7885023951530457,3,3,3,3,3,3,3,3,3,FALSE,A
P52895,AKR1C2,2,2,2,1,4.234925985336304,0.9201021790504456,1,0,0,0,0,0,0,0,0,FALSE,A
P52907,CAPZA1,11,18,11,27,5.594631195068359,0.9319455921649933,3,3,3,3,3,3,3,3,3,FALSE,A
P52926,HMGA2,5,10,5,27,5.087191581726074,0.9291445016860962,3,3,3,3,3,3,3,3,3,FALSE,A
P52943,CRIP2,5,6,5,27,4.548509120941162,0.7371649146080017,3,3,3,3,3,3,3,3,3,FALSE,A
P52948,NUP98,45,54,45,27,3.677810788154602,0.6946756839752197,3,3,3,3,3,3,3,3,3,FALSE,A
P52952,NKX2-5,4,4,4,25,3.1195199489593506,0.676599383354187,1,3,3,3,3,3,3,3,3,FALSE,A
P53004,BLVRA,16,18,16,27,4.729867935180664,0.8577460050582886,3,3,3,3,3,3,3,3,3,FALSE,A
P53007,SLC25A1,10,12,10,27,4.816390752792358,0.8922582566738129,3,3,3,3,3,3,3,3,3,FALSE,A
P53041,PPP5C,20,34,20,27,4.882472038269043,0.8997579216957092,3,3,3,3,3,3,3,3,3,FALSE,A
P53350,PLK1,21,23,21,27,3.4546163082122803,0.7307707369327545,3,3,3,3,3,3,3,3,3,FALSE,A
P53355,DAPK1,2,2,2,7,2.8154441118240356,0.18702633678913116,0,1,0,1,1,0,0,1,3,FALSE,A
P53365,ARFIP2,13,14,13,27,4.670902967453003,0.8998534679412842,3,3,3,3,3,3,3,3,3,FALSE,A
P53367,ARFIP1,14,18,15,27,4.291259288787842,0.8206709027290344,3,3,3,3,3,3,3,3,3,FALSE,A
P53384,NUBP1,6,7,6,27,3.558688163757324,0.7213287353515625,3,3,3,3,3,3,3,3,3,FALSE,A
P53396,ACLY,52,77,52,27,5.070619583129883,0.9165982007980347,3,3,3,3,3,3,3,3,3,FALSE,A
P53539,FOSB,2,2,2,6,2.8745038509368896,0,2,1,3,0,0,0,0,0,0,FALSE,A
P53582,METAP1,19,29,19,27,4.810209274291992,0.9058355689048767,3,3,3,3,3,3,3,3,3,FALSE,A
P53597,SUCLG1,9,15,9,27,5.287997722625732,0.9381647408008575,3,3,3,3,3,3,3,3,3,FALSE,A
P53602,MVD,12,14,12,27,3.40791916847229,0.8064066171646118,3,3,3,3,3,3,3,3,3,FALSE,A
P53609,PGGT1B,1,1,1,8,3.5563236474990845,0.8370660245418549,0,3,2,0,0,0,1,0,2,TRUE,C
P53611,RABGGTB,6,7,6,26,3.877013921737671,0.8916095793247223,3,3,2,3,3,3,3,3,3,FALSE,A
P53618,COPB1,38,54,38,27,4.166864395141602,0.8054587543010712,3,3,3,3,3,3,3,3,3,FALSE,A
P53621,COPA,65,86,65,27,4.626118421554565,0.8625113368034363,3,3,3,3,3,3,3,3,3,FALSE,A
P53634,CTSC,12,15,12,27,3.9172115325927734,0.8250710964202881,3,3,3,3,3,3,3,3,3,FALSE,A
P53667,LIMK1,3,3,3,20,1.97848242521286,0.213569775223732,0,3,2,2,2,2,3,3,3,FALSE,A
P53675,CLTCL1,1,1,1,7,3.5970561504364014,0.15843282639980316,1,3,2,0,1,0,0,0,0,TRUE,C
P53677,AP3M2,4,4,4,24,2.7435020208358765,0.14009876549243927,3,3,2,3,3,3,3,2,2,FALSE,A
P53680,AP2S1,6,8,6,27,4.080143928527832,0.8312360942363739,3,3,3,3,3,3,3,3,3,FALSE,A
P53701,HCCS,14,16,14,27,5.238736629486084,0.9271414279937744,3,3,3,3,3,3,3,3,3,FALSE,A
P53708,ITGA8,18,23,18,27,3.2049620151519775,0.585145115852356,3,3,3,3,3,3,3,3,3,FALSE,A
P53794,SLC5A3,5,5,5,26,3.0603915452957153,0.5177160501480103,3,3,3,3,3,2,3,3,3,FALSE,A
P53801,PTTG1IP,3,5,3,27,4.3939197063446045,0.7832423746585846,3,3,3,3,3,3,3,3,3,FALSE,A
P53803,POLR2K,3,3,3,27,5.012767314910889,0.9626209735870361,3,3,3,3,3,3,3,3,3,FALSE,A
P53804,TTC3,3,3,3,20,2.389295220375061,0.27548209577798843,3,3,3,3,2,3,1,0,2,FALSE,A
P53814,SMTN,13,13,13,27,3.2589709758758545,0.4601108431816101,3,3,3,3,3,3,3,3,3,FALSE,A
P53985,SLC16A1,8,11,8,27,5.336197853088379,0.9253638088703156,3,3,3,3,3,3,3,3,3,FALSE,A
P53990,IST1,11,18,11,27,5.302964210510254,0.8819393515586853,3,3,3,3,3,3,3,3,3,FALSE,A
P53992,SEC24C,26,30,26,27,3.648789405822754,0.8115825653076172,3,3,3,3,3,3,3,3,3,FALSE,A
P53999,SUB1,12,19,12,27,5.717759370803833,0.9251122772693634,3,3,3,3,3,3,3,3,3,FALSE,A
P54098,POLG,10,10,10,25,2.631499767303467,0.23713383078575134,1,3,3,3,3,3,3,3,3,FALSE,A
P54105,CLNS1A,5,6,5,27,3.238095998764038,0.6087036728858948,3,3,3,3,3,3,3,3,3,FALSE,A
P54132,BLM,41,46,41,27,3.607431173324585,0.6463046371936798,3,3,3,3,3,3,3,3,3,FALSE,A
P54136,RARS1,37,52,37,27,4.822840213775635,0.8983687162399292,3,3,3,3,3,3,3,3,3,FALSE,A
P54198,HIRA,16,16,16,27,3.454429864883423,0.7278502881526947,3,3,3,3,3,3,3,3,3,FALSE,A
P54252,ATXN3,5,5,5,22,2.679476737976074,0,1,3,2,2,3,3,2,3,3,FALSE,A
P54253,ATXN1,10,12,10,27,3.0395638942718506,0.2927093505859375,3,3,3,3,3,3,3,3,3,FALSE,A
P54259,ATN1,7,8,7,27,3.0057166814804077,0.6443411707878113,3,3,3,3,3,3,3,3,3,FALSE,A
P54274,TERF1,9,10,9,27,3.2173484563827515,0.7591378688812256,3,3,3,3,3,3,3,3,3,FALSE,A
P54284,CACNB3,3,3,3,20,2.329389214515686,0.30059877038002014,0,3,1,2,2,3,3,3,3,FALSE,A
P54289,CACNA2D1,21,24,21,27,3.1859302520751953,0.4581274390220642,3,3,3,3,3,3,3,3,3,FALSE,A
P54577,YARS1,40,62,40,27,5.457248687744141,0.9453644752502441,3,3,3,3,3,3,3,3,3,FALSE,A
P54578,USP14,21,27,21,27,4.412689685821533,0.8251215219497681,3,3,3,3,3,3,3,3,3,FALSE,A
P54619,PRKAG1,11,14,11,27,4.175370693206787,0.8585290908813477,3,3,3,3,3,3,3,3,3,FALSE,A
P54646,PRKAA2,8,8,8,26,3.648016571998596,0.7665963768959045,3,3,2,3,3,3,3,3,3,FALSE,A
P54652,HSPA2,8,8,8,27,3.26270067691803,0.4939824789762497,3,3,3,3,3,3,3,3,3,FALSE,A
P54687,BCAT1,9,10,9,27,3.6798641681671143,0.806367427110672,3,3,3,3,3,3,3,3,3,FALSE,A
P54709,ATP1B3,13,19,13,27,5.922362327575684,0.9511004686355591,3,3,3,3,3,3,3,3,3,FALSE,A
P54725,RAD23A,7,8,7,27,4.3607401847839355,0.6281898021697998,3,3,3,3,3,3,3,3,3,FALSE,A
P54727,RAD23B,10,16,10,27,5.505243301391602,0.9367539584636688,3,3,3,3,3,3,3,3,3,FALSE,A
P54760,EPHB4,12,13,12,27,3.1206068992614746,0.4036034345626831,3,3,3,3,3,3,3,3,3,FALSE,A
P54764,EPHA4,16,19,16,27,3.25000536441803,0.4587281048297882,3,3,3,3,3,3,3,3,3,FALSE,A
P54802,NAGLU,19,20,19,27,3.0788652896881104,0.6110192835330963,3,3,3,3,3,3,3,3,3,FALSE,A
P54819,AK2,20,34,20,27,5.9097514152526855,0.9544231295585632,3,3,3,3,3,3,3,3,3,FALSE,A
P54826,GAS1,7,8,7,27,3.539231538772583,0.6562714874744415,3,3,3,3,3,3,3,3,3,FALSE,A
P54886,ALDH18A1,34,45,34,27,4.791794061660767,0.8873817920684814,3,3,3,3,3,3,3,3,3,FALSE,A
P54920,NAPA,17,22,17,27,5.316370010375977,0.8967120051383972,3,3,3,3,3,3,3,3,3,FALSE,A
P55010,EIF5,16,26,16,27,4.987194538116455,0.9192075729370117,3,3,3,3,3,3,3,3,3,FALSE,A
P55011,SLC12A2,19,21,19,27,3.5688557624816895,0.3535546660423279,3,3,3,3,3,3,3,3,3,FALSE,A
P55036,PSMD4,14,20,14,27,5.805212497711182,0.9610953330993652,3,3,3,3,3,3,3,3,3,FALSE,A
P55039,DRG2,16,21,16,27,4.1134514808654785,0.8677737712860107,3,3,3,3,3,3,3,3,3,FALSE,A
P55058,PLTP,2,2,2,21,2.746948719024658,0.2690654397010803,3,3,3,2,2,3,1,2,2,FALSE,A
P55060,CSE1L,53,74,53,27,4.997070550918579,0.9062707126140594,3,3,3,3,3,3,3,3,3,FALSE,A
P55061,TMBIM6,1,1,1,23,4.213001251220703,0.95125812292099,0,3,2,3,3,3,3,3,3,TRUE,B
P55072,VCP,60,88,60,27,5.818589210510254,0.9579963088035583,3,3,3,3,3,3,3,3,3,FALSE,A
P55081,MFAP1,13,17,13,27,5.5967419147491455,0.9552620649337769,3,3,3,3,3,3,3,3,3,FALSE,A
P55082,MFAP3,4,4,4,13,3.077751636505127,0,3,3,3,0,0,0,2,0,2,FALSE,A
P55083,MFAP4,1,1,1,3,3.6949431896209717,0.8958303928375244,0,0,3,0,0,0,0,0,0,TRUE,C
P55084,HADHB,22,29,22,27,5.270063877105713,0.9374876022338867,3,3,3,3,3,3,3,3,3,FALSE,A
P55145,MANF,15,25,15,27,6.407402992248535,0.9744253754615784,3,3,3,3,3,3,3,3,3,FALSE,A
P55196,AFDN,66,94,66,27,4.363685607910156,0.8596259355545044,3,3,3,3,3,3,3,3,3,FALSE,A
P55197,MLLT10,9,12,9,27,3.4695329666137695,0.6925826668739319,3,3,3,3,3,3,3,3,3,FALSE,A
P55198,MLLT6,1,1,1,21,2.2589166164398193,0,2,0,1,3,3,3,3,3,3,TRUE,C
P55199,ELL,27,31,27,27,3.667158603668213,0.5958001017570496,3,3,3,3,3,3,3,3,3,FALSE,A
P55201,BRPF1,25,35,25,27,3.437793254852295,0.6733494400978088,3,3,3,3,3,3,3,3,3,FALSE,A
P55209,NAP1L1,7,11,7,27,6.075398921966553,0.97332763671875,3,3,3,3,3,3,3,3,3,FALSE,A
P55210,CASP7,14,16,14,27,3.7058820724487305,0.7980635762214661,3,3,3,3,3,3,3,3,3,FALSE,A
P55211,CASP9,6,6,6,27,2.537381410598755,0.3020007163286209,3,3,3,3,3,3,3,3,3,FALSE,A
P55212,CASP6,9,13,9,27,3.4965920448303223,0.7728798985481262,3,3,3,3,3,3,3,3,3,FALSE,A
P55263,ADK,19,28,19,27,4.526645183563232,0.8783847689628601,3,3,3,3,3,3,3,3,3,FALSE,A
P55265,ADAR,54,79,54,27,4.882098197937012,0.8784380555152893,3,3,3,3,3,3,3,3,3,FALSE,A
P55268,LAMB2,41,44,41,27,3.367583155632019,0.6321660280227661,3,3,3,3,3,3,3,3,3,FALSE,A
P55316,FOXG1,2,2,2,23,3.050581693649292,0.0516696572303772,1,3,3,3,3,3,2,2,3,FALSE,A
P55317,FOXA1,1,1,1,27,4.1339311599731445,0.5581012964248657,3,3,3,3,3,3,3,3,3,TRUE,B
P55327,TPD52,5,6,5,27,5.8401103019714355,0.9643882513046265,3,3,3,3,3,3,3,3,3,FALSE,A
P55347,PKNOX1,2,2,2,27,3.7430219650268555,0.7809314727783203,3,3,3,3,3,3,3,3,3,FALSE,A
P55735,SEC13,10,13,10,27,5.613844871520996,0.9065514206886292,3,3,3,3,3,3,3,3,3,FALSE,A
P55769,SNU13,8,13,8,27,5.822131395339966,0.9672159254550934,3,3,3,3,3,3,3,3,3,FALSE,A
P55786,NPEPPS,26,39,26,27,4.528629302978516,0.9114295840263367,3,3,3,3,3,3,3,3,3,FALSE,A
P55789,GFER,8,13,8,27,5.383525609970093,0.9294573962688446,3,3,3,3,3,3,3,3,3,FALSE,A
P55795,HNRNPH2,8,13,8,27,5.6485748291015625,0.9489046335220337,3,3,3,3,3,3,3,3,3,FALSE,A
P55809,OXCT1,21,33,21,27,4.945751190185547,0.9073452949523926,3,3,3,3,3,3,3,3,3,FALSE,A
P55854,SUMO3,1,2,1,27,4.0294153690338135,0.7725045680999756,3,3,3,3,3,3,3,3,3,TRUE,B
P55884,EIF3B,37,51,37,27,4.956532955169678,0.8995054960250854,3,3,3,3,3,3,3,3,3,FALSE,A
P55899,FCGRT,5,7,5,27,3.344790458679199,0.6742730140686035,3,3,3,3,3,3,3,3,3,FALSE,A
P56134,ATP5MF,3,3,3,27,6.632917881011963,0.9903922080993652,3,3,3,3,3,3,3,3,3,FALSE,A
P56159,GFRA1,3,3,3,27,2.808326482772827,0.1452917605638504,3,3,3,3,3,3,3,3,3,FALSE,A
P56177,DLX1,1,1,1,6,2.933709502220154,0.701877236366272,1,0,0,1,0,0,1,0,3,TRUE,C
P56179,DLX6,1,1,1,15,2.328174591064453,0.24961984157562256,0,0,1,3,3,1,2,3,2,TRUE,C
P56181,NDUFV3,2,4,2,27,5.590428113937378,0.9565969705581665,3,3,3,3,3,3,3,3,3,FALSE,A
P56182,RRP1,20,29,20,27,5.000553131103516,0.9131336212158203,3,3,3,3,3,3,3,3,3,FALSE,A
P56192,MARS1,36,52,36,27,4.585757732391357,0.8956655859947205,3,3,3,3,3,3,3,3,3,FALSE,A
P56199,ITGA1,16,18,16,27,3.3890061378479004,0.6108750700950623,3,3,3,3,3,3,3,3,3,FALSE,A
P56211,ARPP19,4,8,4,27,5.247222185134888,0.9054742157459259,3,3,3,3,3,3,3,3,3,FALSE,A
P56270,MAZ,7,12,7,27,5.319591045379639,0.9398658275604248,3,3,3,3,3,3,3,3,3,FALSE,A
P56277,CMC4,5,7,5,27,5.350311279296875,0.8867348432540894,3,3,3,3,3,3,3,3,3,FALSE,A
P56282,POLE2,10,10,10,24,2.611234426498413,0.3367009460926056,1,3,2,3,3,3,3,3,3,FALSE,A
P56377,AP1S2,5,5,5,20,3.072041630744934,0.6351091861724854,2,3,3,2,1,2,2,3,2,FALSE,A
P56378,ATP5MJ,2,4,2,27,4.735866069793701,0.9319897890090942,3,3,3,3,3,3,3,3,3,FALSE,A
P56385,ATP5ME,5,7,5,27,6.020173072814941,0.9474245309829712,3,3,3,3,3,3,3,3,3,FALSE,A
P56524,HDAC4,5,5,5,24,2.9470661878585815,0.6491468548774719,3,3,1,3,3,3,3,3,2,FALSE,A
P56537,EIF6,8,10,8,27,6.2182700634002686,0.9651521444320679,3,3,3,3,3,3,3,3,3,FALSE,A
P56545,CTBP2,9,13,9,27,4.802508115768433,0.8140576183795929,3,3,3,3,3,3,3,3,3,FALSE,A
P56556,NDUFA6,6,10,6,27,5.043675422668457,0.9280591011047363,3,3,3,3,3,3,3,3,3,FALSE,A
P56589,PEX3,7,7,7,23,3.0468666553497314,0.4920167922973633,1,3,2,3,3,2,3,3,3,FALSE,A
P56817,BACE1,7,7,7,10,2.580556631088257,0.4252830743789673,3,3,3,0,0,0,1,0,0,FALSE,A
P56937,HSD17B7,8,9,8,27,3.0910842418670654,0.6341027617454529,3,3,3,3,3,3,3,3,3,FALSE,A
P56945,BCAR1,9,9,9,27,2.7748533487319946,0.6380594074726105,3,3,3,3,3,3,3,3,3,FALSE,A
P56962,STX17,7,9,7,27,3.580951452255249,0.8157302737236023,3,3,3,3,3,3,3,3,3,FALSE,A
P57071,PRDM15,14,15,14,27,2.8774678707122803,0.41525688767433167,3,3,3,3,3,3,3,3,3,FALSE,A
P57073,SOX8,1,1,1,18,2.459644913673401,0,3,1,1,3,3,3,2,2,0,TRUE,C
P57076,CFAP298,14,16,14,27,4.224514007568359,0.7115938663482666,3,3,3,3,3,3,3,3,3,FALSE,A
P57081,WDR4,6,7,6,27,3.8628547191619873,0.8128588795661926,3,3,3,3,3,3,3,3,3,FALSE,A
P57086,SCAND1,2,2,2,24,3.90573787689209,0.7804422378540039,3,3,2,3,3,3,3,2,2,FALSE,A
P57087,JAM2,1,1,1,10,3.0271058082580566,0.023753086104989052,2,3,3,0,0,0,0,0,2,TRUE,C
P57088,TMEM33,7,8,7,27,4.945179462432861,0.8558566570281982,3,3,3,3,3,3,3,3,3,FALSE,A
P57105,SYNJ2BP,6,9,6,27,4.501777648925781,0.8140993118286133,3,3,3,3,3,3,3,3,3,FALSE,A
P57678,GEMIN4,23,28,23,26,3.834533214569092,0.7606215476989746,2,3,3,3,3,3,3,3,3,FALSE,A
P57682,KLF3,4,4,4,27,3.1588369607925415,0.4162021577358246,3,3,3,3,3,3,3,3,3,FALSE,A
P57721,PCBP3,2,2,2,27,4.257605314254761,0.22690003004390746,3,3,3,3,3,3,3,3,3,FALSE,A
P57723,PCBP4,1,1,1,12,2.0872268676757813,0.15888143330812454,0,2,0,0,1,1,3,3,2,TRUE,C
P57737,CORO7,19,20,19,26,3.529052257537842,0.7194909453392029,2,3,3,3,3,3,3,3,3,FALSE,A
P57740,NUP107,23,26,23,27,3.22550368309021,0.5700405240058899,3,3,3,3,3,3,3,3,3,FALSE,A
P57772,EEFSEC,21,30,21,27,3.5378345251083374,0.7384181618690491,3,3,3,3,3,3,3,3,3,FALSE,A
P58004,SESN2,15,17,15,27,3.6462706327438354,0.7353050708770752,3,3,3,3,3,3,3,3,3,FALSE,A
P58107,EPPK1,39,46,39,27,3.4249273538589478,0.6890844106674194,3,3,3,3,3,3,3,3,3,FALSE,A
P58317,ZNF121,6,10,6,27,3.0151400566101074,0.5360421538352966,3,3,3,3,3,3,3,3,3,FALSE,A
P58335,ANTXR2,7,8,7,27,3.883108615875244,0.6727373600006104,3,3,3,3,3,3,3,3,3,FALSE,A
P58340,MLF1,3,3,3,25,3.169248342514038,0.6183764636516571,3,3,2,3,3,3,3,3,2,FALSE,A
P58511,SMIM11,2,3,2,27,5.758677959442139,0.951923131942749,3,3,3,3,3,3,3,3,3,FALSE,A
P58546,MTPN,4,8,4,27,3.816647529602051,0.8465049862861633,3,3,3,3,3,3,3,3,3,FALSE,A
P58557,YBEY,3,4,3,27,3.5286824703216553,0.7543516159057617,3,3,3,3,3,3,3,3,3,FALSE,A
P59190,RAB15,2,3,2,14,2.225968599319458,0.12406322360038757,0,3,0,1,2,1,1,3,3,FALSE,A
P59780,AP3S2,1,1,1,14,2.168788194656372,0.007716015912592411,0,3,2,0,2,1,3,2,1,TRUE,C
P59923,ZNF445,7,7,7,26,2.6405012607574463,0.26881295442581177,2,3,3,3,3,3,3,3,3,FALSE,A
P59998,ARPC4,6,9,6,27,5.2011213302612305,0.9464815258979797,3,3,3,3,3,3,3,3,3,FALSE,A
P60002,ELOF1,1,2,1,24,5.489014625549316,0.9628225564956665,3,3,3,3,3,0,3,3,3,TRUE,B
P60033,CD81,3,4,3,27,3.5784411430358887,0.8211068511009216,3,3,3,3,3,3,3,3,3,FALSE,A
P60059,SEC61G,2,2,2,27,6.7267866134643555,0.9876583516597748,3,3,3,3,3,3,3,3,3,FALSE,A
P60174,TPI1,24,43,24,27,6.494157314300537,0.9743409156799316,3,3,3,3,3,3,3,3,3,FALSE,A
P60228,EIF3E,25,35,25,27,4.854694366455078,0.8874912858009338,3,3,3,3,3,3,3,3,3,FALSE,A
P60468,SEC61B,3,4,3,27,6.681260108947754,0.9885292649269104,3,3,3,3,3,3,3,3,3,FALSE,A
P60484,PTEN,2,2,2,19,3.018444776535034,0.12175779044628143,0,3,2,2,2,2,3,3,2,FALSE,A
P60510,PPP4C,14,19,14,27,4.3029680252075195,0.7936029434204102,3,3,3,3,3,3,3,3,3,FALSE,A
P60520,GABARAPL2,7,11,7,27,5.472012042999268,0.9588484764099121,3,3,3,3,3,3,3,3,3,FALSE,A
P60602,ROMO1,2,3,2,27,4.831448793411255,0.9127337038516998,3,3,3,3,3,3,3,3,3,FALSE,A
P60604,UBE2G2,2,2,2,26,3.63702392578125,0.6509779095649719,3,3,3,3,3,3,3,3,2,FALSE,A
P60660,MYL6,6,9,6,27,4.310478210449219,0.9146642088890076,3,3,3,3,3,3,3,3,3,FALSE,A
P60673,PFN3,1,1,1,27,5.259918212890625,0.9534429907798767,3,3,3,3,3,3,3,3,3,TRUE,B
P60763,RAC3,2,4,2,27,4.678592681884766,0.8258401453495026,3,3,3,3,3,3,3,3,3,FALSE,A
P60842,EIF4A1,18,26,18,27,5.915457010269165,0.9653495848178864,3,3,3,3,3,3,3,3,3,FALSE,A
P60866,RPS20,7,14,7,27,6.383738040924072,0.9632448852062225,3,3,3,3,3,3,3,3,3,FALSE,A
P60891,PRPS1,8,12,8,27,5.780835151672363,0.9262836575508118,3,3,3,3,3,3,3,3,3,FALSE,A
P60900,PSMA6,12,19,12,27,6.218573331832886,0.9670332074165344,3,3,3,3,3,3,3,3,3,FALSE,A
P60903,S100A10,3,6,3,27,5.120352745056152,0.9348776340484619,3,3,3,3,3,3,3,3,3,FALSE,A
P60953,CDC42,9,15,9,27,6.300986289978027,0.9593941569328308,3,3,3,3,3,3,3,3,3,FALSE,A
P60981,DSTN,10,16,10,27,4.770224094390869,0.9109954833984375,3,3,3,3,3,3,3,3,3,FALSE,A
P60983,GMFB,6,7,6,27,5.324167728424072,0.7753017544746399,3,3,3,3,3,3,3,3,3,FALSE,A
P61006,RAB8A,7,12,7,27,5.259308815002441,0.9199392199516296,3,3,3,3,3,3,3,3,3,FALSE,A
P61009,SPCS3,5,5,5,27,5.218682527542114,0.9214606285095215,3,3,3,3,3,3,3,3,3,FALSE,A
P61011,SRP54,24,32,24,27,4.660689353942871,0.884284496307373,3,3,3,3,3,3,3,3,3,FALSE,A
P61018,RAB4B,5,5,5,27,2.9717949628829956,0.05003290809690952,3,3,3,3,3,3,3,3,3,FALSE,A
P61019,RAB2A,7,11,7,27,5.294634819030762,0.9429804682731628,3,3,3,3,3,3,3,3,3,FALSE,A
P61020,RAB5B,7,9,7,27,5.5029144287109375,0.9274200797080994,3,3,3,3,3,3,3,3,3,FALSE,A
P61024,CKS1B,4,6,4,27,5.326815605163574,0.93648362159729,3,3,3,3,3,3,3,3,3,FALSE,A
P61026,RAB10,11,18,11,27,5.048907279968262,0.9209943413734436,3,3,3,3,3,3,3,3,3,FALSE,A
P61081,UBE2M,10,13,10,27,5.740321397781372,0.9510953426361084,3,3,3,3,3,3,3,3,3,FALSE,A
P61086,UBE2K,12,16,12,27,5.467629909515381,0.9057310819625854,3,3,3,3,3,3,3,3,3,FALSE,A
P61088,UBE2N,4,8,4,27,6.6133081912994385,0.9799399375915527,3,3,3,3,3,3,3,3,3,FALSE,A
P61106,RAB14,14,24,14,27,5.784701347351074,0.9558997750282288,3,3,3,3,3,3,3,3,3,FALSE,A
P61129,ZC3H6,11,12,11,27,3.098541498184204,0.5145607590675354,3,3,3,3,3,3,3,3,3,FALSE,A
P61158,ACTR3,17,25,17,27,5.479021072387695,0.9186990261077881,3,3,3,3,3,3,3,3,3,FALSE,A
P61160,ACTR2,16,22,16,27,5.231982946395874,0.8937544226646423,3,3,3,3,3,3,3,3,3,FALSE,A
P61163,ACTR1A,6,10,6,27,4.81615686416626,0.8845779001712799,3,3,3,3,3,3,3,3,3,FALSE,A
P61165,TMEM258,1,1,1,25,3.2116618156433105,0.5334587097167969,3,3,3,3,3,3,2,2,3,TRUE,C
P61201,COPS2,20,28,20,27,4.596226692199707,0.9061862230300903,3,3,3,3,3,3,3,3,3,FALSE,A
P61204,ARF3,2,2,2,10,3.6255922317504883,0.8159635663032532,3,3,2,0,0,0,2,0,0,FALSE,A
P61221,ABCE1,25,35,25,27,4.446513652801514,0.8964765667915344,3,3,3,3,3,3,3,3,3,FALSE,A
P61224,RAP1B,2,2,2,27,5.512158393859863,0.8945258557796478,3,3,3,3,3,3,3,3,3,FALSE,A
P61225,RAP2B,5,6,5,27,4.91234827041626,0.7974586486816406,3,3,3,3,3,3,3,3,3,FALSE,A
P61244,MAX,7,10,7,27,4.775905132293701,0.820119321346283,3,3,3,3,3,3,3,3,3,FALSE,A
P61247,RPS3A,25,44,25,27,6.067437648773193,0.9469518661499023,3,3,3,3,3,3,3,3,3,FALSE,A
P61254,RPL26,3,4,3,27,4.916153430938721,0.9226319491863251,3,3,3,3,3,3,3,3,3,FALSE,A
P61289,PSME3,16,23,16,27,5.416097640991211,0.9399219751358032,3,3,3,3,3,3,3,3,3,FALSE,A
P61313,RPL15,11,21,11,27,5.8844757080078125,0.9522053599357605,3,3,3,3,3,3,3,3,3,FALSE,A
P61353,RPL27,6,10,6,27,6.696888446807861,0.9800027310848236,3,3,3,3,3,3,3,3,3,FALSE,A
P61371,ISL1,3,3,3,16,2.5027246475219727,0,3,3,2,3,0,0,2,1,2,FALSE,A
P61421,ATP6V0D1,13,14,13,27,4.077030181884766,0.8192169666290283,3,3,3,3,3,3,3,3,3,FALSE,A
P61457,PCBD1,7,12,7,27,5.058509826660156,0.8805024027824402,3,3,3,3,3,3,3,3,3,FALSE,A
P61513,RPL37A,4,7,4,27,6.467550277709961,0.9774922728538513,3,3,3,3,3,3,3,3,3,FALSE,A
P61586,RHOA,4,6,4,27,5.795038461685181,0.9235562980175018,3,3,3,3,3,3,3,3,3,FALSE,A
P61587,RND3,7,8,7,27,3.4172816276550293,0.4909467101097107,3,3,3,3,3,3,3,3,3,FALSE,A
P61599,NAA20,6,6,6,26,3.239630699157715,0.4161107689142227,3,3,2,3,3,3,3,3,3,FALSE,A
P61604,HSPE1,13,22,13,27,6.255722999572754,0.9686423540115356,3,3,3,3,3,3,3,3,3,FALSE,A
P61619,SEC61A1,6,9,6,27,4.3082685470581055,0.8263079524040222,3,3,3,3,3,3,3,3,3,FALSE,A
P61758,VBP1,14,22,14,27,5.847320556640625,0.9429755806922913,3,3,3,3,3,3,3,3,3,FALSE,A
P61764,STXBP1,22,25,22,27,3.6194334030151367,0.7078272700309753,3,3,3,3,3,3,3,3,3,FALSE,A
P61803,DAD1,4,4,4,27,4.039019346237183,0.827558845281601,3,3,3,3,3,3,3,3,3,FALSE,A
P61916,NPC2,9,15,9,27,5.769042491912842,0.9547988474369049,3,3,3,3,3,3,3,3,3,FALSE,A
P61923,COPZ1,5,7,5,27,4.717154502868652,0.9430457949638367,3,3,3,3,3,3,3,3,3,FALSE,A
P61927,RPL37,1,2,1,27,4.74276065826416,0.9135293960571289,3,3,3,3,3,3,3,3,3,TRUE,B
P61956,SUMO2,1,3,1,27,5.608920574188232,0.9275208711624146,3,3,3,3,3,3,3,3,3,TRUE,B
P61960,UFM1,4,6,4,27,5.122820854187012,0.9386080503463745,3,3,3,3,3,3,3,3,3,FALSE,A
P61962,DCAF7,14,19,14,27,4.532933235168457,0.8320398926734924,3,3,3,3,3,3,3,3,3,FALSE,A
P61964,WDR5,13,19,13,27,5.124863624572754,0.8836031556129456,3,3,3,3,3,3,3,3,3,FALSE,A
P61966,AP1S1,3,3,3,27,4.239525318145752,0.8397431373596191,3,3,3,3,3,3,3,3,3,FALSE,A
P61968,LMO4,5,5,5,27,2.825753688812256,0.3640590012073517,3,3,3,3,3,3,3,3,3,FALSE,A
P61970,NUTF2,5,7,5,27,4.77215576171875,0.9529497027397156,3,3,3,3,3,3,3,3,3,FALSE,A
P61978,HNRNPK,30,50,30,27,6.227692365646362,0.962559163570404,3,3,3,3,3,3,3,3,3,FALSE,A
P61981,YWHAG,12,18,12,27,5.150984287261963,0.9195151329040527,3,3,3,3,3,3,3,3,3,FALSE,A
P62068,USP46,2,2,2,12,2.7107324600219727,0,0,3,1,2,0,0,1,2,3,FALSE,A
P62070,RRAS2,9,12,9,27,3.858795642852783,0.6469384431838989,3,3,3,3,3,3,3,3,3,FALSE,A
P62072,TIMM10,4,4,4,26,4.5824949741363525,0.8049682378768921,3,3,3,3,3,3,3,2,3,FALSE,A
P62081,RPS7,13,23,13,27,6.244295597076416,0.9664762616157532,3,3,3,3,3,3,3,3,3,FALSE,A
P62136,PPP1CA,4,6,4,27,5.86515998840332,0.9648625254631042,3,3,3,3,3,3,3,3,3,FALSE,A
P62140,PPP1CB,5,6,5,27,5.666961193084717,0.9417013823986053,3,3,3,3,3,3,3,3,3,FALSE,A
P62166,NCS1,10,11,10,27,3.523756504058838,0.8040662407875061,3,3,3,3,3,3,3,3,3,FALSE,A
P62191,PSMC1,23,36,23,27,5.127541542053223,0.9279416799545288,3,3,3,3,3,3,3,3,3,FALSE,A
P62195,PSMC5,24,34,24,27,4.5710084438323975,0.9002390801906586,3,3,3,3,3,3,3,3,3,FALSE,A
P62241,RPS8,7,12,7,27,6.647982358932495,0.9826730787754059,3,3,3,3,3,3,3,3,3,FALSE,A
P62244,RPS15A,9,15,9,27,6.2529871463775635,0.9720808565616608,3,3,3,3,3,3,3,3,3,FALSE,A
P62249,RPS16,12,21,12,27,5.920590400695801,0.9698714017868042,3,3,3,3,3,3,3,3,3,FALSE,A
P62253,UBE2G1,6,8,6,27,3.547560691833496,0.6573643088340759,3,3,3,3,3,3,3,3,3,FALSE,A
P62256,UBE2H,5,7,5,27,4.092773675918579,0.8106576502323151,3,3,3,3,3,3,3,3,3,FALSE,A
P62258,YWHAE,21,38,21,27,5.996517181396484,0.9626128077507019,3,3,3,3,3,3,3,3,3,FALSE,A
P62263,RPS14,9,15,9,27,6.351336479187012,0.9533025026321411,3,3,3,3,3,3,3,3,3,FALSE,A
P62266,RPS23,6,11,6,27,5.7927117347717285,0.9440284669399261,3,3,3,3,3,3,3,3,3,FALSE,A
P62269,RPS18,17,24,17,27,6.443528652191162,0.9630614519119263,3,3,3,3,3,3,3,3,3,FALSE,A
P62273,RPS29,4,7,4,27,5.561026573181152,0.9522911906242371,3,3,3,3,3,3,3,3,3,FALSE,A
P62277,RPS13,16,23,16,27,5.689091920852661,0.9524637758731842,3,3,3,3,3,3,3,3,3,FALSE,A
P62280,RPS11,15,23,15,27,6.307343482971191,0.9700463116168976,3,3,3,3,3,3,3,3,3,FALSE,A
P62304,SNRPE,4,6,4,27,6.239132881164551,0.93665412068367,3,3,3,3,3,3,3,3,3,FALSE,A
P62306,SNRPF,3,4,3,27,6.567723274230957,0.9855704307556152,3,3,3,3,3,3,3,3,3,FALSE,A
P62310,LSM3,2,2,2,27,5.769392251968384,0.9633635878562927,3,3,3,3,3,3,3,3,3,FALSE,A
P62312,LSM6,6,8,6,27,5.0000529289245605,0.9250118732452393,3,3,3,3,3,3,3,3,3,FALSE,A
P62314,SNRPD1,5,10,5,27,6.374835968017578,0.9693135619163513,3,3,3,3,3,3,3,3,3,FALSE,A
P62316,SNRPD2,11,17,11,27,6.591161251068115,0.9824387431144714,3,3,3,3,3,3,3,3,3,FALSE,A
P62318,SNRPD3,6,8,6,27,6.585646629333496,0.9765249490737915,3,3,3,3,3,3,3,3,3,FALSE,A
P62330,ARF6,8,15,8,27,5.356247901916504,0.9216184616088867,3,3,3,3,3,3,3,3,3,FALSE,A
P62333,PSMC6,20,30,20,27,5.630105018615723,0.9479432702064514,3,3,3,3,3,3,3,3,3,FALSE,A
P62341,SELENOT,4,5,4,27,2.9643826484680176,0.48951317369937897,3,3,3,3,3,3,3,3,3,FALSE,A
P62380,TBPL1,7,8,7,27,3.7917522192001343,0.8561341166496277,3,3,3,3,3,3,3,3,3,FALSE,A
P62424,RPL7A,19,34,19,27,6.476957321166992,0.9685800075531006,3,3,3,3,3,3,3,3,3,FALSE,A
P62487,POLR2G,10,13,10,27,4.14589786529541,0.8469778299331665,3,3,3,3,3,3,3,3,3,FALSE,A
P62491,RAB11A,2,3,2,27,2.5619113445281982,0.32123613357543945,3,3,3,3,3,3,3,3,3,FALSE,A
P62495,ETF1,19,27,19,27,5.4557414054870605,0.9438016414642334,3,3,3,3,3,3,3,3,3,FALSE,A
P62633,CNBP,7,12,7,24,5.344963550567627,0.9228419661521912,3,3,3,3,3,0,3,3,3,FALSE,A
P62699,YPEL5,5,7,5,27,4.727199077606201,0.8398684859275818,3,3,3,3,3,3,3,3,3,FALSE,A
P62701,RPS4X,10,17,10,27,6.599175453186035,0.9794199168682098,3,3,3,3,3,3,3,3,3,FALSE,A
P62714,PPP2CB,2,2,2,27,4.530068397521973,0.8590556979179382,3,3,3,3,3,3,3,3,3,FALSE,A
P62745,RHOB,7,9,7,27,4.074943542480469,0.6881824731826782,3,3,3,3,3,3,3,3,3,FALSE,A
P62750,RPL23A,10,21,10,27,6.546825885772705,0.9736587703227997,3,3,3,3,3,3,3,3,3,FALSE,A
P62753,RPS6,11,19,11,27,5.978252410888672,0.9576132595539093,3,3,3,3,3,3,3,3,3,FALSE,A
P62805,H4C16,14,25,14,27,6.356121778488159,0.9418784081935883,3,3,3,3,3,3,3,3,3,FALSE,A
P62820,RAB1A,7,12,7,27,5.973568916320801,0.9299690425395966,3,3,3,3,3,3,3,3,3,FALSE,A
P62826,RAN,12,22,12,27,6.293532848358154,0.9613566100597382,3,3,3,3,3,3,3,3,3,FALSE,A
P62829,RPL23,10,18,10,27,6.552554607391357,0.979685366153717,3,3,3,3,3,3,3,3,3,FALSE,A
P62834,RAP1A,4,6,4,27,4.2137603759765625,0.9353260397911072,3,3,3,3,3,3,3,3,3,FALSE,A
P62841,RPS15,6,12,6,27,5.995759963989258,0.9370952844619751,3,3,3,3,3,3,3,3,3,FALSE,A
P62847,RPS24,5,9,5,27,5.834199905395508,0.9377297163009644,3,3,3,3,3,3,3,3,3,FALSE,A
P62851,RPS25,6,9,6,27,6.60192346572876,0.9747278094291687,3,3,3,3,3,3,3,3,3,FALSE,A
P62854,RPS26,1,2,1,27,6.670334339141846,0.9895737171173096,3,3,3,3,3,3,3,3,3,TRUE,B
P62857,RPS28,6,10,6,27,6.291388034820557,0.9529761075973511,3,3,3,3,3,3,3,3,3,FALSE,A
P62861,FAU,3,6,3,27,6.60685920715332,0.9697502851486206,3,3,3,3,3,3,3,3,3,FALSE,A
P62873,GNB1,6,8,6,27,4.797569274902344,0.8819524645805359,3,3,3,3,3,3,3,3,3,FALSE,A
P62875,POLR2L,2,4,2,27,5.083800315856934,0.8651756048202515,3,3,3,3,3,3,3,3,3,FALSE,A
P62877,RBX1,1,1,1,27,5.80325174331665,0.9486732482910156,3,3,3,3,3,3,3,3,3,TRUE,B
P62879,GNB2,5,6,5,27,4.796961307525635,0.9021571278572083,3,3,3,3,3,3,3,3,3,FALSE,A
P62888,RPL30,8,13,8,27,6.4447832107543945,0.9772731363773346,3,3,3,3,3,3,3,3,3,FALSE,A
P62899,RPL31,7,13,7,27,6.4500768184661865,0.9741861522197723,3,3,3,3,3,3,3,3,3,FALSE,A
P62906,RPL10A,12,23,12,27,6.046850681304932,0.9732783436775208,3,3,3,3,3,3,3,3,3,FALSE,A
P62910,RPL32,7,11,7,27,6.50486946105957,0.9713567495346069,3,3,3,3,3,3,3,3,3,FALSE,A
P62913,RPL11,11,18,11,27,5.482806921005249,0.9538555443286896,3,3,3,3,3,3,3,3,3,FALSE,A
P62917,RPL8,15,22,15,27,5.7650604248046875,0.9455009996891022,3,3,3,3,3,3,3,3,3,FALSE,A
P62942,FKBP1A,5,11,5,27,5.7301719188690186,0.967374712228775,3,3,3,3,3,3,3,3,3,FALSE,A
P62987,UBA52,1,2,1,21,4.017632484436035,0.37265634536743164,3,3,3,1,2,1,3,2,3,TRUE,B
P62993,GRB2,15,24,15,27,5.636558532714844,0.9496687054634094,3,3,3,3,3,3,3,3,3,FALSE,A
P62995,TRA2B,10,15,10,27,6.4745612144470215,0.9711796641349792,3,3,3,3,3,3,3,3,3,FALSE,A
P63000,RAC1,3,5,3,27,6.569779872894287,0.977581262588501,3,3,3,3,3,3,3,3,3,FALSE,A
P63010,AP2B1,22,31,22,27,4.379289865493774,0.8847635388374329,3,3,3,3,3,3,3,3,3,FALSE,A
P63027,VAMP2,2,3,2,27,5.590447902679443,0.9467501640319824,3,3,3,3,3,3,3,3,3,FALSE,A
P63096,GNAI1,5,6,5,25,3.573323965072632,0.2114962339401245,2,3,2,3,3,3,3,3,3,FALSE,A
P63098,PPP3R1,8,9,8,26,3.1941542625427246,0.6958175897598267,3,3,3,3,3,3,3,3,2,FALSE,A
P63104,YWHAZ,15,26,15,27,6.315440654754639,0.9607373476028442,3,3,3,3,3,3,3,3,3,FALSE,A
P63146,UBE2B,1,1,1,22,3.626362919807434,0,3,3,3,3,3,3,2,1,1,TRUE,C
P63151,PPP2R2A,10,12,10,27,4.991265296936035,0.888497531414032,3,3,3,3,3,3,3,3,3,FALSE,A
P63167,DYNLL1,2,3,2,27,6.427509784698486,0.9759196043014526,3,3,3,3,3,3,3,3,3,FALSE,A
P63172,DYNLT1,3,5,3,27,5.271082878112793,0.933887243270874,3,3,3,3,3,3,3,3,3,FALSE,A
P63173,RPL38,6,9,6,27,5.792717933654785,0.9777339100837708,3,3,3,3,3,3,3,3,3,FALSE,A
P63208,SKP1,9,13,9,27,4.016048431396484,0.8531648516654968,3,3,3,3,3,3,3,3,3,FALSE,A
P63218,GNG5,1,1,1,26,3.0458779335021973,0.9436764419078827,3,3,3,3,3,3,3,3,2,TRUE,C
P63220,RPS21,6,11,6,27,6.488097429275513,0.9710887670516968,3,3,3,3,3,3,3,3,3,FALSE,A
P63241,EIF5A,3,5,3,27,6.113573789596558,0.9563134610652924,3,3,3,3,3,3,3,3,3,FALSE,A
P63244,RACK1,22,38,22,27,6.511987209320068,0.9757444858551025,3,3,3,3,3,3,3,3,3,FALSE,A
P63272,SUPT4H1,4,5,4,27,4.903200387954712,0.839573323726654,3,3,3,3,3,3,3,3,3,FALSE,A
P63313,TMSB10,2,2,2,5,2.3574858903884888,0.05115276575088501,1,0,0,1,1,0,2,0,0,FALSE,A
P67775,PPP2CA,2,3,2,27,5.830689907073975,0.9435572326183319,3,3,3,3,3,3,3,3,3,FALSE,A
P67809,YBX1,10,14,10,27,5.61007022857666,0.9185242652893066,3,3,3,3,3,3,3,3,3,FALSE,A
P67812,SEC11A,6,7,6,27,6.177914619445801,0.9236590564250946,3,3,3,3,3,3,3,3,3,FALSE,A
P67870,CSNK2B,9,14,9,27,5.057188034057617,0.9386364221572876,3,3,3,3,3,3,3,3,3,FALSE,A
P67936,TPM4,4,4,4,27,4.2926483154296875,0.861278623342514,3,3,3,3,3,3,3,3,3,FALSE,A
P68032,ACTC1,1,1,1,3,2.4844703674316406,0,0,1,1,0,0,0,1,0,0,TRUE,C
P68036,UBE2L3,4,7,4,27,5.971390724182129,0.9497352838516235,3,3,3,3,3,3,3,3,3,FALSE,A
P68106,FKBP1B,2,2,2,26,4.418800354003906,0.6254771947860718,3,3,3,3,3,3,3,3,2,FALSE,A
P68133,ACTA1,1,1,1,26,3.5185540914535522,0,2,3,3,3,3,3,3,3,3,TRUE,C
P68366,TUBA4A,2,2,2,13,2.616894483566284,0.5303232669830322,0,3,2,1,0,2,2,1,2,FALSE,A
P68371,TUBB4B,1,1,1,27,6.689650535583496,0.9931504726409912,3,3,3,3,3,3,3,3,3,TRUE,B
P68400,CSNK2A1,4,7,4,27,5.32030725479126,0.9357073903083801,3,3,3,3,3,3,3,3,3,FALSE,A
P68402,PAFAH1B2,5,7,5,27,5.260556697845459,0.9375786185264587,3,3,3,3,3,3,3,3,3,FALSE,A
P68543,UBXN2A,1,1,1,27,4.30868673324585,0.8232384324073792,3,3,3,3,3,3,3,3,3,TRUE,B
P78310,CXADR,19,23,19,27,4.994772434234619,0.8749630451202393,3,3,3,3,3,3,3,3,3,FALSE,A
P78312,FAM193A,14,14,14,27,3.0546274185180664,0.6265732645988464,3,3,3,3,3,3,3,3,3,FALSE,A
P78316,NOP14,36,49,36,27,4.751994609832764,0.8935649991035461,3,3,3,3,3,3,3,3,3,FALSE,A
P78317,RNF4,4,6,4,27,4.066783666610718,0.8083642721176147,3,3,3,3,3,3,3,3,3,FALSE,A
P78318,IGBP1,9,10,9,27,4.620102643966675,0.8777145445346832,3,3,3,3,3,3,3,3,3,FALSE,A
P78324,SIRPA,7,10,7,27,3.407463788986206,0.6144969463348389,3,3,3,3,3,3,3,3,3,FALSE,A
P78330,PSPH,10,13,10,27,4.82328987121582,0.937795877456665,3,3,3,3,3,3,3,3,3,FALSE,A
P78332,RBM6,35,42,35,27,3.8198987245559692,0.7729608714580536,3,3,3,3,3,3,3,3,3,FALSE,A
P78337,PITX1,2,2,2,26,3.9436984062194824,0.8630203604698181,2,3,3,3,3,3,3,3,3,FALSE,A
P78344,EIF4G2,40,50,40,27,4.7364115715026855,0.9091747403144836,3,3,3,3,3,3,3,3,3,FALSE,A
P78345,RPP38,17,21,17,27,4.158862113952637,0.7990025579929352,3,3,3,3,3,3,3,3,3,FALSE,A
P78346,RPP30,15,22,15,27,5.051013946533203,0.9124431610107422,3,3,3,3,3,3,3,3,3,FALSE,A
P78347,GTF2I,47,69,47,27,4.978280782699585,0.9025087952613831,3,3,3,3,3,3,3,3,3,FALSE,A
P78356,PIP4K2B,5,5,5,27,3.034616470336914,0.6682754158973694,3,3,3,3,3,3,3,3,3,FALSE,A
P78357,CNTNAP1,7,7,7,27,2.6470396518707275,0,3,3,3,3,3,3,3,3,3,FALSE,A
P78362,SRPK2,17,22,17,27,3.9093334674835205,0.838528037071228,3,3,3,3,3,3,3,3,3,FALSE,A
P78364,PHC1,17,20,17,27,3.8203272819519043,0.7822490930557251,3,3,3,3,3,3,3,3,3,FALSE,A
P78368,CSNK1G2,2,2,2,22,2.337343454360962,0.35208237171173096,0,3,3,3,2,3,2,3,3,FALSE,A
P78371,CCT2,31,54,31,27,5.799167156219482,0.9554712474346161,3,3,3,3,3,3,3,3,3,FALSE,A
P78383,SLC35B1,3,3,3,26,3.261063814163208,0.477676659822464,2,3,3,3,3,3,3,3,3,FALSE,A
P78406,RAE1,15,25,15,27,5.320634841918945,0.9188634157180786,3,3,3,3,3,3,3,3,3,FALSE,A
P78417,GSTO1,15,21,15,27,5.642586708068848,0.9520588219165802,3,3,3,3,3,3,3,3,3,FALSE,A
P78426,NKX6-1,1,1,1,10,2.2847176790237427,0.5195136368274689,0,0,0,1,2,3,2,1,1,TRUE,C
P78527,PRKDC,221,308,221,27,5.051869869232178,0.9214691519737244,3,3,3,3,3,3,3,3,3,FALSE,A
P78536,ADAM17,12,13,12,27,3.0011849403381348,0.6527807116508484,3,3,3,3,3,3,3,3,3,FALSE,A
P78537,BLOC1S1,7,8,7,27,3.87218177318573,0.8634397685527802,3,3,3,3,3,3,3,3,3,FALSE,A
P78540,ARG2,11,13,11,27,4.240584373474121,0.7878921627998352,3,3,3,3,3,3,3,3,3,FALSE,A
P78549,NTHL1,8,10,8,27,3.879027009010315,0.8300757110118866,3,3,3,3,3,3,3,3,3,FALSE,A
P78552,IL13RA1,8,9,8,21,2.936025857925415,0.4690489023923874,3,3,3,1,2,2,2,2,3,FALSE,A
P78559,MAP1A,30,33,30,27,3.463378071784973,0.6926557719707489,3,3,3,3,3,3,3,3,3,FALSE,A
P78560,CRADD,4,4,4,27,2.751428723335266,0.2941044718027115,3,3,3,3,3,3,3,3,3,FALSE,A
P78563,ADARB1,14,18,14,25,2.8798216581344604,0.5532581210136414,2,3,2,3,3,3,3,3,3,FALSE,A
P79522,PRR3,7,12,7,27,4.208356857299805,0.8049007654190063,3,3,3,3,3,3,3,3,3,FALSE,A
P80217,IFI35,1,1,1,5,2.7052717208862305,0,1,3,0,0,0,1,0,0,0,TRUE,C
P80297,MT1X,1,1,1,17,2.5279102325439453,0,3,3,2,3,1,1,3,1,0,TRUE,C
P80303,NUCB2,10,13,10,27,3.7094616889953613,0.7407092452049255,3,3,3,3,3,3,3,3,3,FALSE,A
P80404,ABAT,20,24,20,27,3.6479674577713013,0.6914219260215759,3,3,3,3,3,3,3,3,3,FALSE,A
P80723,BASP1,11,12,11,27,5.267308473587036,0.8757423162460327,3,3,3,3,3,3,3,3,3,FALSE,A
P81605,DCD,3,3,3,19,2.499222993850708,0.6317620277404785,3,2,2,3,1,3,2,2,1,FALSE,A
P82094,TMF1,39,42,39,27,3.8408234119415283,0.7198475003242493,3,3,3,3,3,3,3,3,3,FALSE,A
P82650,MRPS22,21,31,21,27,4.710570335388184,0.9057196974754333,3,3,3,3,3,3,3,3,3,FALSE,A
P82663,MRPS25,12,18,12,27,5.100815773010254,0.9240415096282959,3,3,3,3,3,3,3,3,3,FALSE,A
P82664,MRPS10,7,10,7,27,4.298203945159912,0.837854266166687,3,3,3,3,3,3,3,3,3,FALSE,A
P82673,MRPS35,12,20,12,27,5.498693943023682,0.940490335226059,3,3,3,3,3,3,3,3,3,FALSE,A
P82675,MRPS5,17,25,17,27,4.360378980636597,0.8791658878326416,3,3,3,3,3,3,3,3,3,FALSE,A
P82909,KGD4,8,14,8,27,5.696245908737183,0.9110241532325745,3,3,3,3,3,3,3,3,3,FALSE,A
P82912,MRPS11,6,8,6,27,5.285051107406616,0.9262062013149261,3,3,3,3,3,3,3,3,3,FALSE,A
P82914,MRPS15,13,17,13,27,4.684454441070557,0.8849344253540039,3,3,3,3,3,3,3,3,3,FALSE,A
P82921,MRPS21,4,4,4,27,6.467558860778809,0.9735064506530762,3,3,3,3,3,3,3,3,3,FALSE,A
P82930,MRPS34,13,19,13,27,5.254875659942627,0.9130703210830688,3,3,3,3,3,3,3,3,3,FALSE,A
P82932,MRPS6,9,12,9,27,5.714336395263672,0.9403280019760132,3,3,3,3,3,3,3,3,3,FALSE,A
P82933,MRPS9,21,27,21,27,4.351507663726807,0.9095826745033264,3,3,3,3,3,3,3,3,3,FALSE,A
P82970,HMGN5,8,12,8,27,6.00601601600647,0.9584199786186218,3,3,3,3,3,3,3,3,3,FALSE,A
P82979,SARNP,10,14,10,27,6.432042598724365,0.9799003601074219,3,3,3,3,3,3,3,3,3,FALSE,A
P83111,LACTB,8,8,8,26,2.765382766723633,0.3092498779296875,3,3,2,3,3,3,3,3,3,FALSE,A
P83369,LSM11,5,6,5,27,2.651190996170044,0.5574477016925812,3,3,3,3,3,3,3,3,3,FALSE,A
P83436,COG7,13,13,13,24,2.7687528133392334,0.5784904360771179,1,3,2,3,3,3,3,3,3,FALSE,A
P83731,RPL24,5,9,5,27,6.394782543182373,0.969849705696106,3,3,3,3,3,3,3,3,3,FALSE,A
P83876,TXNL4A,8,11,8,27,3.9280622005462646,0.8089545369148254,3,3,3,3,3,3,3,3,3,FALSE,A
P83881,RPL36A,1,2,1,27,4.814056873321533,0.9452556669712067,3,3,3,3,3,3,3,3,3,TRUE,B
P83916,CBX1,8,15,8,27,5.014053583145142,0.8881775736808777,3,3,3,3,3,3,3,3,3,FALSE,A
P84022,SMAD3,4,4,4,24,2.586124897003174,0.45221561193466187,3,3,2,2,3,3,2,3,3,FALSE,A
P84077,ARF1,3,3,3,27,5.209855556488037,0.8977508544921875,3,3,3,3,3,3,3,3,3,FALSE,A
P84085,ARF5,6,9,6,27,4.910090684890747,0.8780145347118378,3,3,3,3,3,3,3,3,3,FALSE,A
P84090,ERH,3,5,3,27,5.369255542755127,0.9654130935668945,3,3,3,3,3,3,3,3,3,FALSE,A
P84095,RHOG,10,14,10,27,4.595547199249268,0.8290015459060669,3,3,3,3,3,3,3,3,3,FALSE,A
P84098,RPL19,9,15,9,27,6.0785071849823,0.9648911952972412,3,3,3,3,3,3,3,3,3,FALSE,A
P84101,SERF2,3,4,3,27,5.060380935668945,0.8980317711830139,3,3,3,3,3,3,3,3,3,FALSE,A
P84103,SRSF3,9,14,9,27,6.4595046043396,0.9733269810676575,3,3,3,3,3,3,3,3,3,FALSE,A
P85037,FOXK1,17,19,17,27,3.3949509859085083,0.8014657199382782,3,3,3,3,3,3,3,3,3,FALSE,A
P86397,HTD2,1,1,1,10,2.0699448585510254,0.659640371799469,0,3,3,0,1,0,1,2,0,TRUE,C
P98153,DGCR2,6,8,6,26,3.2064419984817505,0.6105131506919861,3,3,3,3,3,3,3,2,3,FALSE,A
P98155,VLDLR,3,3,3,15,2.3710548877716064,0.7712465226650238,0,3,2,2,2,1,2,1,2,FALSE,A
P98170,XIAP,13,15,13,27,3.544146776199341,0.587814450263977,3,3,3,3,3,3,3,3,3,FALSE,A
P98172,EFNB1,9,12,9,27,4.217642068862915,0.8410021364688873,3,3,3,3,3,3,3,3,3,FALSE,A
P98173,FAM3A,6,6,6,27,3.6381419897079468,0.6671936213970184,3,3,3,3,3,3,3,3,3,FALSE,A
P98174,FGD1,4,4,4,22,2.5358734130859375,0.10833481699228287,0,3,2,3,2,3,3,3,3,FALSE,A
P98175,RBM10,31,38,31,27,5.5682573318481445,0.9354735016822815,3,3,3,3,3,3,3,3,3,FALSE,A
P98179,RBM3,4,6,4,27,5.355273485183716,0.9385020732879639,3,3,3,3,3,3,3,3,3,FALSE,A
P98182,ZNF200,2,2,2,16,2.4803247451782227,0.2763381898403168,0,0,0,3,2,3,3,2,3,FALSE,A
P98194,ATP2C1,15,16,15,26,3.1777377128601074,0.43272146582603455,2,3,3,3,3,3,3,3,3,FALSE,A
Q00013,MPP1,14,18,14,27,3.437103748321533,0.7081308364868164,3,3,3,3,3,3,3,3,3,FALSE,A
Q00059,TFAM,18,29,18,27,6.093926191329956,0.9706121981143951,3,3,3,3,3,3,3,3,3,FALSE,A
Q00169,PITPNA,12,17,12,27,4.430837392807007,0.8305826783180237,3,3,3,3,3,3,3,3,3,FALSE,A
Q00325,SLC25A3,12,17,12,27,4.672305583953857,0.8782686293125153,3,3,3,3,3,3,3,3,3,FALSE,A
Q00341,HDLBP,57,76,57,27,4.412304162979126,0.8622013330459595,3,3,3,3,3,3,3,3,3,FALSE,A
Q00403,GTF2B,17,19,17,27,4.013532638549805,0.8160143196582794,3,3,3,3,3,3,3,3,3,FALSE,A
Q00534,CDK6,10,10,10,27,3.3754608631134033,0.5078936815261841,3,3,3,3,3,3,3,3,3,FALSE,A
Q00535,CDK5,16,19,16,27,4.235762119293213,0.8614125847816467,3,3,3,3,3,3,3,3,3,FALSE,A
Q00536,CDK16,5,5,5,23,2.7736475467681885,0.11509570479393005,0,3,2,3,3,3,3,3,3,FALSE,A
Q00577,PURA,10,15,10,27,4.683633089065552,0.883761078119278,3,3,3,3,3,3,3,3,3,FALSE,A
Q00587,CDC42EP1,13,15,13,27,4.037708282470703,0.8435295224189758,3,3,3,3,3,3,3,3,3,FALSE,A
Q00610,CLTC,64,93,64,27,4.816951751708984,0.8995222747325897,3,3,3,3,3,3,3,3,3,FALSE,A
Q00613,HSF1,9,11,9,27,3.674365758895874,0.6890418827533722,3,3,3,3,3,3,3,3,3,FALSE,A
Q00653,NFKB2,20,21,20,27,3.0240213871002197,0.6651282906532288,3,3,3,3,3,3,3,3,3,FALSE,A
Q00688,FKBP3,15,22,15,27,6.436054944992065,0.9752575159072876,3,3,3,3,3,3,3,3,3,FALSE,A
Q00765,REEP5,4,6,4,27,4.574551582336426,0.837005078792572,3,3,3,3,3,3,3,3,3,FALSE,A
Q00796,SORD,17,27,17,27,4.754144906997681,0.9105944037437439,3,3,3,3,3,3,3,3,3,FALSE,A
Q00839,HNRNPU,39,59,39,27,6.286123752593994,0.9645712971687317,3,3,3,3,3,3,3,3,3,FALSE,A
Q01081,U2AF1,7,10,7,27,5.17680025100708,0.9318247139453888,3,3,3,3,3,3,3,3,3,FALSE,A
Q01082,SPTBN1,127,192,127,27,5.535677433013916,0.9423868656158447,3,3,3,3,3,3,3,3,3,FALSE,A
Q01085,TIAL1,11,17,11,27,4.4568190574646,0.8990060389041901,3,3,3,3,3,3,3,3,3,FALSE,A
Q01105,SET,8,14,8,27,4.937332630157471,0.8996465504169464,3,3,3,3,3,3,3,3,3,FALSE,A
Q01130,SRSF2,5,8,5,27,5.437303304672241,0.9391716718673706,3,3,3,3,3,3,3,3,3,FALSE,A
Q01151,CD83,3,3,3,9,3.5350589752197266,0.3750706911087036,3,3,3,0,0,0,0,0,0,FALSE,A
Q01167,FOXK2,15,20,15,27,3.8247413635253906,0.7207304239273071,3,3,3,3,3,3,3,3,3,FALSE,A
Q01433,AMPD2,17,19,17,27,3.1716859340667725,0.6756365299224854,3,3,3,3,3,3,3,3,3,FALSE,A
Q01459,CTBS,9,11,9,27,3.331447958946228,0.6436550915241241,3,3,3,3,3,3,3,3,3,FALSE,A
Q01469,FABP5,6,8,6,27,5.368393659591675,0.957624614238739,3,3,3,3,3,3,3,3,3,FALSE,A
Q01484,ANK2,8,9,8,27,3.0596083402633667,0.36120328307151794,3,3,3,3,3,3,3,3,3,FALSE,A
Q01518,CAP1,23,39,23,27,5.333240985870361,0.9474517703056335,3,3,3,3,3,3,3,3,3,FALSE,A
Q01581,HMGCS1,25,38,25,27,4.848686933517456,0.9198811054229736,3,3,3,3,3,3,3,3,3,FALSE,A
Q01650,SLC7A5,4,5,4,27,3.576592206954956,0.8080080151557922,3,3,3,3,3,3,3,3,3,FALSE,A
Q01658,DR1,4,4,4,27,4.9587202072143555,0.8917306959629059,3,3,3,3,3,3,3,3,3,FALSE,A
Q01664,TFAP4,10,13,10,27,3.531226634979248,0.8109251260757446,3,3,3,3,3,3,3,3,3,FALSE,A
Q01780,EXOSC10,43,58,43,27,4.610396385192871,0.8920658826828003,3,3,3,3,3,3,3,3,3,FALSE,A
Q01804,OTUD4,20,23,20,27,3.918541669845581,0.7869848012924194,3,3,3,3,3,3,3,3,3,FALSE,A
Q01813,PFKP,25,36,25,27,3.9825289249420166,0.8146582245826721,3,3,3,3,3,3,3,3,3,FALSE,A
Q01826,SATB1,5,5,5,27,3.185244917869568,0.7153057157993317,3,3,3,3,3,3,3,3,3,FALSE,A
Q01831,XPC,28,38,28,27,4.584922790527344,0.8882990479469299,3,3,3,3,3,3,3,3,3,FALSE,A
Q01844,EWSR1,11,17,11,27,5.651188850402832,0.916955828666687,3,3,3,3,3,3,3,3,3,FALSE,A
Q01850,CDR2,3,3,3,25,2.8476885557174683,0,3,3,2,3,3,3,3,3,2,FALSE,A
Q01968,OCRL,25,29,25,27,3.422858238220215,0.7310236096382141,3,3,3,3,3,3,3,3,3,FALSE,A
Q01970,PLCB3,34,38,34,27,4.079972267150879,0.8044613599777222,3,3,3,3,3,3,3,3,3,FALSE,A
Q01973,ROR1,5,5,5,24,2.6290059089660645,0.040692951530218124,3,3,3,3,3,2,2,2,3,FALSE,A
Q01974,ROR2,7,7,7,25,3.163716673851013,0.5035853683948517,1,3,3,3,3,3,3,3,3,FALSE,A
Q01995,TAGLN,6,6,6,3,3.6236157417297363,0.20626914501190186,2,0,0,0,0,1,0,0,0,FALSE,A
Q02040,AKAP17A,19,27,19,27,4.328361511230469,0.7999798059463501,3,3,3,3,3,3,3,3,3,FALSE,A
Q02078,MEF2A,1,1,1,15,1.9363912343978882,0,0,2,1,2,3,3,1,1,2,TRUE,C
Q02083,NAAA,5,5,5,26,2.72355318069458,0.2939052879810333,2,3,3,3,3,3,3,3,3,FALSE,A
Q02086,SP2,5,5,5,27,3.6145174503326416,0.834659993648529,3,3,3,3,3,3,3,3,3,FALSE,A
Q02127,DHODH,22,30,22,27,4.1443376541137695,0.8140705227851868,3,3,3,3,3,3,3,3,3,FALSE,A
Q02153,GUCY1B1,2,2,2,19,2.503718852996826,0.3292853385210037,0,1,1,3,3,2,3,3,3,FALSE,A
Q02156,PRKCE,4,4,4,22,2.231131434440613,0,0,3,2,3,3,3,2,3,3,FALSE,A
Q02218,OGDH,36,46,36,27,4.797267913818359,0.9014653861522675,3,3,3,3,3,3,3,3,3,FALSE,A
Q02224,CENPE,20,20,20,27,2.82468581199646,0.16633524000644684,3,3,3,3,3,3,3,3,3,FALSE,A
Q02241,KIF23,28,34,28,27,4.004731178283691,0.7137711346149445,3,3,3,3,3,3,3,3,3,FALSE,A
Q02252,ALDH6A1,27,38,27,27,4.6239235401153564,0.8312378227710724,3,3,3,3,3,3,3,3,3,FALSE,A
Q02338,BDH1,1,1,1,18,2.494809627532959,0,0,3,2,2,3,2,1,2,3,TRUE,C
Q02413,DSG1,14,15,14,19,3.394835352897644,0,3,0,0,2,3,2,3,3,3,FALSE,A
Q02446,SP4,3,3,3,15,3.13741397857666,0.19228525459766388,3,3,3,0,0,0,2,2,2,FALSE,A
Q02447,SP3,8,11,8,27,4.039549827575684,0.8412027359008789,3,3,3,3,3,3,3,3,3,FALSE,A
Q02487,DSC2,8,10,8,27,2.84451687335968,0.477817565202713,3,3,3,3,3,3,3,3,3,FALSE,A
Q02543,RPL18A,11,14,11,27,6.381088733673096,0.9649688303470612,3,3,3,3,3,3,3,3,3,FALSE,A
Q02742,GCNT1,2,2,2,10,3.8965232372283936,0.8723394870758057,3,3,2,2,0,0,0,0,0,FALSE,A
Q02750,MAP2K1,9,12,9,27,4.031404733657837,0.8424919247627258,3,3,3,3,3,3,3,3,3,FALSE,A
Q02790,FKBP4,33,56,33,27,6.150561094284058,0.9600028395652771,3,3,3,3,3,3,3,3,3,FALSE,A
Q02809,PLOD1,37,45,37,27,4.773098945617676,0.8863103985786438,3,3,3,3,3,3,3,3,3,FALSE,A
Q02818,NUCB1,14,16,14,27,3.2149081230163574,0.5268969535827637,3,3,3,3,3,3,3,3,3,FALSE,A
Q02833,RASSF7,3,4,3,22,3.324251890182495,0.6200404763221741,1,3,2,3,1,3,3,3,3,FALSE,A
Q02878,RPL6,18,29,18,27,6.459926128387451,0.9701790511608124,3,3,3,3,3,3,3,3,3,FALSE,A
Q02880,TOP2B,74,110,74,27,5.139178276062012,0.9144673943519592,3,3,3,3,3,3,3,3,3,FALSE,A
Q02930,CREB5,12,15,12,27,3.717042922973633,0.6825502514839172,3,3,3,3,3,3,3,3,3,FALSE,A
Q02952,AKAP12,51,66,51,27,3.8606128692626953,0.7339948415756226,3,3,3,3,3,3,3,3,3,FALSE,A
Q02978,SLC25A11,15,17,15,27,5.1500794887542725,0.9245524704456329,3,3,3,3,3,3,3,3,3,FALSE,A
Q03001,DST,38,39,38,27,2.8956990242004395,0.4269658029079437,3,3,3,3,3,3,3,3,3,FALSE,A
Q03060,CREM,2,2,2,8,2.3199172019958496,0.05351543426513672,0,2,0,2,0,2,2,0,0,FALSE,A
Q03111,MLLT1,10,13,10,27,5.090122222900391,0.9024331569671631,3,3,3,3,3,3,3,3,3,FALSE,A
Q03112,MECOM,19,20,19,27,2.9001495838165283,0.661126971244812,3,3,3,3,3,3,3,3,3,FALSE,A
Q03113,GNA12,2,2,2,16,2.9862537384033203,0.577083945274353,0,3,2,2,2,1,2,2,2,FALSE,A
Q03135,CAV1,3,4,3,26,3.073164224624634,0.6854410171508789,3,3,3,3,3,3,2,3,3,FALSE,A
Q03154,ACY1,5,7,5,26,2.912856101989746,0.21178431063890457,3,3,3,3,3,3,3,3,2,FALSE,A
Q03164,KMT2A,74,91,74,27,3.7238723039627075,0.6685813069343567,3,3,3,3,3,3,3,3,3,FALSE,A
Q03167,TGFBR3,8,10,8,18,2.93009614944458,0.4216296076774597,3,3,3,1,1,1,2,1,3,FALSE,A
Q03188,CENPC,30,38,30,27,4.140973091125488,0.7762673497200012,3,3,3,3,3,3,3,3,3,FALSE,A
Q03252,LMNB2,43,58,43,27,5.821407318115234,0.9574774205684662,3,3,3,3,3,3,3,3,3,FALSE,A
Q03393,PTS,6,6,6,24,3.2519339323043823,0.6924017071723938,3,3,3,3,3,3,2,3,1,FALSE,A
Q03405,PLAUR,4,4,4,26,2.9261016845703125,0.10519883036613464,3,3,3,3,3,3,3,3,2,FALSE,A
Q03426,MVK,10,11,10,27,3.4216232299804688,0.6953203082084656,3,3,3,3,3,3,3,3,3,FALSE,A
Q03468,ERCC6,15,17,15,27,2.7109628915786743,0.23271185904741287,3,3,3,3,3,3,3,3,3,FALSE,A
Q03518,TAP1,1,1,1,13,2.3361454010009766,0.39474794268608093,0,1,1,2,1,1,1,3,3,TRUE,C
Q03701,CEBPZ,47,66,47,27,4.289928436279297,0.8676325082778931,3,3,3,3,3,3,3,3,3,FALSE,A
Q03933,HSF2,4,4,4,16,2.610575318336487,0.6444803178310394,1,3,1,3,0,1,3,2,2,FALSE,A
Q04206,RELA,16,20,16,27,3.7198541164398193,0.7732320427894592,3,3,3,3,3,3,3,3,3,FALSE,A
Q04323,UBXN1,12,16,12,27,5.3646745681762695,0.9375698566436768,3,3,3,3,3,3,3,3,3,FALSE,A
Q04446,GBE1,17,20,17,25,3.0937483310699463,0.7636423110961914,2,3,2,3,3,3,3,3,3,FALSE,A
Q04637,EIF4G1,50,71,50,27,5.113826274871826,0.9130857586860657,3,3,3,3,3,3,3,3,3,FALSE,A
Q04656,ATP7A,6,6,6,22,2.661885380744934,0.03647905774414539,0,3,2,3,3,2,3,3,3,FALSE,A
Q04695,KRT17,6,8,6,9,3.186561346054077,0.4538540244102478,0,0,0,1,2,1,1,1,3,FALSE,A
Q04721,NOTCH2,33,39,34,27,3.5211644172668457,0.5516322255134583,3,3,3,3,3,3,3,3,3,FALSE,A
Q04724,TLE1,3,3,3,27,3.732849597930908,0.44282369315624237,3,3,3,3,3,3,3,3,3,FALSE,A
Q04726,TLE3,18,22,18,27,3.7574316263198853,0.7848120927810669,3,3,3,3,3,3,3,3,3,FALSE,A
Q04727,TLE4,6,7,6,27,3.963967800140381,0.6138777136802673,3,3,3,3,3,3,3,3,3,FALSE,A
Q04741,EMX1,1,1,1,20,3.232256770133972,0.7482112944126129,0,2,2,3,3,3,2,2,3,TRUE,C
Q04756,HGFAC,4,5,4,17,4.787414073944092,0.8586658835411072,3,3,3,1,1,3,3,0,0,FALSE,A
Q04760,GLO1,13,18,13,27,6.105141878128052,0.9532954692840576,3,3,3,3,3,3,3,3,3,FALSE,A
Q04771,ACVR1,1,1,1,7,3.7433605194091797,0.44022220373153687,2,3,2,0,0,0,0,0,0,TRUE,C
Q04837,SSBP1,11,18,11,27,6.451536178588867,0.9793275594711304,3,3,3,3,3,3,3,3,3,FALSE,A
Q04864,REL,12,13,12,26,2.7490503787994385,0.22578813135623932,2,3,3,3,3,3,3,3,3,FALSE,A
Q04917,YWHAH,13,18,13,27,6.04132342338562,0.9558943808078766,3,3,3,3,3,3,3,3,3,FALSE,A
Q05048,CSTF1,18,26,18,27,4.788998603820801,0.9105126857757568,3,3,3,3,3,3,3,3,3,FALSE,A
Q05086,UBE3A,16,18,16,27,2.83052921295166,0.3477673679590225,3,3,3,3,3,3,3,3,3,FALSE,A
Q05193,DNM1,3,3,3,24,2.7514190673828125,0,1,3,2,3,3,3,3,3,3,FALSE,A
Q05209,PTPN12,4,4,4,23,2.595630645751953,0.5333576798439026,1,3,2,2,3,3,3,3,3,FALSE,A
Q05397,PTK2,14,15,14,27,3.1643471717834473,0.6507528424263,3,3,3,3,3,3,3,3,3,FALSE,A
Q05513,PRKCZ,4,4,4,25,3.453960657119751,0.8162681460380554,2,3,2,3,3,3,3,3,3,FALSE,A
Q05519,SRSF11,10,19,10,27,5.815214395523071,0.9446246325969696,3,3,3,3,3,3,3,3,3,FALSE,A
Q05639,EEF1A2,8,11,8,27,5.976253032684326,0.9343458712100983,3,3,3,3,3,3,3,3,3,FALSE,A
Q05655,PRKCD,15,15,16,27,3.066514253616333,0.7106153964996338,3,3,3,3,3,3,3,3,3,FALSE,A
Q05682,CALD1,24,34,24,27,5.375814914703369,0.9515531361103058,3,3,3,3,3,3,3,3,3,FALSE,A
Q05707,COL14A1,36,37,36,27,3.4666824340820313,0.6502725481987,3,3,3,3,3,3,3,3,3,FALSE,A
Q05823,RNASEL,6,6,6,26,3.076605200767517,0.5987811386585236,3,3,2,3,3,3,3,3,3,FALSE,A
Q05932,FPGS,2,2,2,8,2.567862868309021,0.003860491095110774,0,2,0,1,0,3,1,1,0,FALSE,A
Q05BQ5,MBTD1,2,2,2,25,3.2705235481262207,0.27505213767290115,1,3,3,3,3,3,3,3,3,FALSE,A
Q05D32,CTDSPL2,17,23,17,27,4.335636138916016,0.8662256598472595,3,3,3,3,3,3,3,3,3,FALSE,A
Q06033,ITIH3,8,15,8,27,5.102746486663818,0.9151201844215393,3,3,3,3,3,3,3,3,3,FALSE,A
Q06124,PTPN11,27,33,27,27,3.8834644556045532,0.7945317924022675,3,3,3,3,3,3,3,3,3,FALSE,A
Q06136,KDSR,6,7,6,25,3.6925195455551147,0.6506983935832977,2,3,2,3,3,3,3,3,3,FALSE,A
Q06190,PPP2R3A,3,3,3,22,2.6527915000915527,0,0,3,2,3,3,3,3,3,2,FALSE,A
Q06203,PPAT,20,32,20,27,4.808669090270996,0.8909868597984314,3,3,3,3,3,3,3,3,3,FALSE,A
Q06210,GFPT1,28,38,28,27,3.993279457092285,0.8201733827590942,3,3,3,3,3,3,3,3,3,FALSE,A
Q06265,EXOSC9,13,15,13,27,5.001615047454834,0.8643109202384949,3,3,3,3,3,3,3,3,3,FALSE,A
Q06323,PSME1,17,25,17,27,5.414376735687256,0.9291560351848602,3,3,3,3,3,3,3,3,3,FALSE,A
Q06330,RBPJ,18,25,18,27,4.751972436904907,0.8502016663551331,3,3,3,3,3,3,3,3,3,FALSE,A
Q06413,MEF2C,1,1,1,26,3.3005436658859253,0.5213283598423004,2,3,3,3,3,3,3,3,3,TRUE,C
Q06418,TYRO3,1,1,1,5,3.9275102615356445,0.3243027627468109,0,3,2,0,0,0,0,0,0,TRUE,C
Q06481,APLP2,26,44,26,27,4.555614948272705,0.9059290885925293,3,3,3,3,3,3,3,3,3,FALSE,A
Q06546,GABPA,11,14,11,27,4.084747791290283,0.8810309767723083,3,3,3,3,3,3,3,3,3,FALSE,A
Q06587,RING1,8,13,8,27,5.205054044723511,0.9342644512653351,3,3,3,3,3,3,3,3,3,FALSE,A
Q06609,RAD51,7,7,7,27,3.9118417501449585,0.7182800471782684,3,3,3,3,3,3,3,3,3,FALSE,A
Q06787,FMR1,17,26,17,27,4.687529802322388,0.8625821173191071,3,3,3,3,3,3,3,3,3,FALSE,A
Q06945,SOX4,1,1,1,19,3.5034282207489014,0.8990762829780579,0,1,1,3,3,3,2,3,3,TRUE,C
Q07020,RPL18,9,16,9,27,5.777851104736328,0.9741673469543457,3,3,3,3,3,3,3,3,3,FALSE,A
Q07021,C1QBP,9,13,9,27,6.493582248687744,0.9734693467617035,3,3,3,3,3,3,3,3,3,FALSE,A
Q07065,CKAP4,32,52,32,27,6.045723915100098,0.966189056634903,3,3,3,3,3,3,3,3,3,FALSE,A
Q07157,TJP1,61,79,61,27,4.205025911331177,0.7997764945030212,3,3,3,3,3,3,3,3,3,FALSE,A
Q07352,ZFP36L1,5,6,5,27,3.4772403240203857,0.4631815254688263,3,3,3,3,3,3,3,3,3,FALSE,A
Q07617,SPAG1,8,8,8,27,3.4832022190093994,0.6967141628265381,3,3,3,3,3,3,3,3,3,FALSE,A
Q07666,KHDRBS1,12,20,12,27,6.194928169250488,0.9670023322105408,3,3,3,3,3,3,3,3,3,FALSE,A
Q07812,BAX,10,12,10,27,5.378720760345459,0.9299454092979431,3,3,3,3,3,3,3,3,3,FALSE,A
Q07817,BCL2L1,1,1,1,21,3.9368374347686768,0.8044246435165405,0,1,2,3,3,3,3,3,3,TRUE,C
Q07820,MCL1,11,12,11,27,3.629036784172058,0.66341400146484375,3,3,3,3,3,3,3,3,3,FALSE,A
Q07864,POLE,44,46,45,27,3.2077221870422363,0.6509754061698914,3,3,3,3,3,3,3,3,3,FALSE,A
Q07866,KLC1,18,25,18,27,4.753570795059204,0.8626568913459778,3,3,3,3,3,3,3,3,3,FALSE,A
Q07889,SOS1,8,8,8,24,2.4696133136749268,0.11459220200777054,1,3,2,3,3,3,3,3,3,FALSE,A
Q07912,TNK2,2,2,2,11,2.6642801761627197,0.11221202462911606,0,0,0,3,1,3,2,2,0,FALSE,A
Q07954,LRP1,85,97,85,27,3.388340950012207,0.645082414150238,3,3,3,3,3,3,3,3,3,FALSE,A
Q07955,SRSF1,20,32,20,27,6.186199426651001,0.9572343230247498,3,3,3,3,3,3,3,3,3,FALSE,A
Q07960,ARHGAP1,14,15,14,27,3.7383103370666504,0.8341407775878906,3,3,3,3,3,3,3,3,3,FALSE,A
Q08050,FOXM1,3,3,3,12,2.3758063316345215,0.10805744677782059,0,0,0,2,3,1,3,2,1,FALSE,A
Q08117,TLE5,1,1,1,27,3.167074203491211,0.3927553594112396,3,3,3,3,3,3,3,3,3,TRUE,C
Q08170,SRSF4,8,10,8,27,5.845572471618652,0.9260071516036987,3,3,3,3,3,3,3,3,3,FALSE,A
Q08174,PCDH1,2,2,2,9,3.4011735916137695,0.5317224860191345,3,3,3,0,0,0,0,0,0,FALSE,A
Q08188,TGM3,3,3,3,2,3.0708659887313843,0.34034065797459334,0,0,0,0,0,1,1,0,0,FALSE,A
Q08209,PPP3CA,7,8,7,27,4.986482381820679,0.8658244609832764,3,3,3,3,3,3,3,3,3,FALSE,A
Q08211,DHX9,64,101,64,27,5.962738037109375,0.9626734256744385,3,3,3,3,3,3,3,3,3,FALSE,A
Q08257,CRYZ,16,20,16,27,3.8857712745666504,0.8124021291732788,3,3,3,3,3,3,3,3,3,FALSE,A
Q08334,IL10RB,3,3,3,27,3.048216938972473,0.5857353508472443,3,3,3,3,3,3,3,3,3,FALSE,A
Q08345,DDR1,1,1,1,3,2.5721912384033203,0.07270912081003189,0,1,2,0,0,0,0,0,0,TRUE,C
Q08378,GOLGA3,70,92,70,27,4.501145362854004,0.8768540620803833,3,3,3,3,3,3,3,3,3,FALSE,A
Q08379,GOLGA2,35,47,35,27,4.804370880126953,0.8502115607261658,3,3,3,3,3,3,3,3,3,FALSE,A
Q08380,LGALS3BP,4,4,4,27,3.0789427757263184,0.7245612740516663,3,3,3,3,3,3,3,3,3,FALSE,A
Q08426,EHHADH,6,6,6,25,2.5981481075286865,0,1,3,3,3,3,3,3,3,3,FALSE,A
Q08431,MFGE8,17,24,17,27,4.385197639465332,0.8572936654090881,3,3,3,3,3,3,3,3,3,FALSE,A
Q08495,DMTN,2,2,2,21,2.522268295288086,0.292695015668869,3,1,0,3,3,3,3,3,2,FALSE,A
Q08554,DSC1,7,8,7,12,2.6318308115005493,0.2973639518022537,3,1,0,1,2,2,1,2,0,FALSE,A
Q08623,PUDP,2,3,2,23,2.5697593688964844,0.5347187519073486,2,3,2,2,3,2,3,3,3,FALSE,A
Q08722,CD47,4,7,4,27,4.532264232635498,0.8342975080013275,3,3,3,3,3,3,3,3,3,FALSE,A
Q08752,PPID,23,34,23,27,4.720022678375244,0.9043523967266083,3,3,3,3,3,3,3,3,3,FALSE,A
Q08945,SSRP1,32,50,32,27,5.824479579925537,0.9539335668087006,3,3,3,3,3,3,3,3,3,FALSE,A
Q08999,RBL2,3,3,3,22,2.1727274656295776,0.1106741689145565,0,3,2,3,2,3,3,3,3,FALSE,A
Q08AD1,CAMSAP2,21,22,21,27,3.4117510318756104,0.618427962064743,3,3,3,3,3,3,3,3,3,FALSE,A
Q08AE8,SPIRE1,3,3,3,26,3.046466588973999,0.5946626663208008,3,3,2,3,3,3,3,3,3,FALSE,A
Q08AM6,VAC14,18,18,18,27,3.492458701133728,0.7386621534824371,3,3,3,3,3,3,3,3,3,FALSE,A
Q08AN1,ZNF616,3,3,3,16,2.5355435609817505,0,2,0,2,3,0,2,2,2,3,FALSE,A
Q08J23,NSUN2,42,57,42,27,4.184902191162109,0.8254849910736084,3,3,3,3,3,3,3,3,3,FALSE,A
Q09028,RBBP4,9,14,9,27,5.4487221240997314,0.9551486372947693,3,3,3,3,3,3,3,3,3,FALSE,A
Q09161,NCBP1,30,42,30,27,4.866326808929443,0.9133866429328918,3,3,3,3,3,3,3,3,3,FALSE,A
Q09328,MGAT5,6,6,6,26,2.5593310594558716,0.30984579026699066,3,3,3,3,3,2,3,3,3,FALSE,A
Q09472,EP300,26,31,26,27,4.064237594604492,0.7296948432922363,3,3,3,3,3,3,3,3,3,FALSE,A
Q09666,AHNAK,248,359,248,27,4.94059944152832,0.8963977098464966,3,3,3,3,3,3,3,3,3,FALSE,A
Q0JRZ9,FCHO2,13,14,13,27,3.366436004638672,0.7731991410255432,3,3,3,3,3,3,3,3,3,FALSE,A
Q0PNE2,ELP6,5,5,5,24,2.8820055723190308,0.7121531963348389,1,3,2,3,3,3,3,3,3,FALSE,A
Q0VDD7,BRME1,4,4,4,14,2.0452382564544678,0.45242735743522644,1,1,0,1,2,3,3,2,1,FALSE,A
Q0VDF9,HSPA14,21,23,21,27,3.7381746768951416,0.6796540021896362,3,3,3,3,3,3,3,3,3,FALSE,A
Q0VDG4,SCRN3,10,11,10,27,3.8830528259277344,0.8177406191825867,3,3,3,3,3,3,3,3,3,FALSE,A
Q0VG06,FAAP100,2,2,2,17,3.115463972091675,0.041678592562675476,0,3,2,2,2,0,3,3,2,FALSE,A
Q0VGL1,LAMTOR4,3,4,3,27,4.390125036239624,0.9035531878471375,3,3,3,3,3,3,3,3,3,FALSE,A
Q0ZGT2,NEXN,16,19,16,27,3.928173780441284,0.6638908982276917,3,3,3,3,3,3,3,3,3,FALSE,A
Q10469,MGAT2,13,16,13,27,3.9720211029052734,0.7773738503456116,3,3,3,3,3,3,3,3,3,FALSE,A
Q10471,GALNT2,23,30,23,27,4.20480489730835,0.8598738312721252,3,3,3,3,3,3,3,3,3,FALSE,A
Q10472,GALNT1,14,16,14,27,4.084782123565674,0.705852210521698,3,3,3,3,3,3,3,3,3,FALSE,A
Q10567,AP1B1,25,30,25,27,4.148859977722168,0.8718777894973755,3,3,3,3,3,3,3,3,3,FALSE,A
Q10570,CPSF1,47,60,47,27,4.30336332321167,0.822007566690445,3,3,3,3,3,3,3,3,3,FALSE,A
Q10586,DBP,3,3,3,20,3.1237558126449585,0,2,0,0,3,3,3,3,3,3,FALSE,A
Q10587,TEF,2,2,2,27,2.599522590637207,0.543237030506134,3,3,3,3,3,3,3,3,3,FALSE,A
Q10713,PMPCA,22,30,22,27,4.318149566650391,0.815162718296051,3,3,3,3,3,3,3,3,3,FALSE,A
Q11206,ST3GAL4,1,1,1,9,2.47232985496521,0,2,2,2,1,0,1,1,0,0,TRUE,C
Q12756,KIF1A,40,49,40,27,3.519650459289551,0.7122613191604614,3,3,3,3,3,3,3,3,3,FALSE,A
Q12765,SCRN1,12,17,12,27,4.671695232391357,0.8607631325721741,3,3,3,3,3,3,3,3,3,FALSE,A
Q12767,TMEM94,1,1,1,23,2.9398882389068604,0.49114105105400085,0,3,2,3,3,3,3,3,3,TRUE,C
Q12768,WASHC5,19,20,19,26,2.9704686403274536,0.589576929807663,2,3,3,3,3,3,3,3,3,FALSE,A
Q12769,NUP160,21,22,21,26,3.241257667541504,0.7135162353515625,2,3,3,3,3,3,3,3,3,FALSE,A
Q12770,SCAP,3,3,3,23,2.8268983364105225,0.6077218651771545,0,3,2,3,3,3,3,3,3,FALSE,A
Q12772,SREBF2,2,2,2,18,3.9815388917922974,0.7727300226688385,1,0,1,3,3,3,3,3,1,FALSE,A
Q12778,FOXO1,7,7,7,27,4.431703090667725,0.8004780411720276,3,3,3,3,3,3,3,3,3,FALSE,A
Q12788,TBL3,41,60,41,27,4.7415125370025635,0.8804120719432831,3,3,3,3,3,3,3,3,3,FALSE,A
Q12789,GTF3C1,73,87,73,27,3.7084550857543945,0.723033607006073,3,3,3,3,3,3,3,3,3,FALSE,A
Q12792,TWF1,15,18,15,27,4.089369535446167,0.7776261568069458,3,3,3,3,3,3,3,3,3,FALSE,A
Q12796,PNRC1,2,2,2,14,3.2009811401367188,0.38684917986392975,1,0,2,3,2,2,3,0,1,FALSE,A
Q12797,ASPH,24,33,24,27,4.284076929092407,0.7673529088497162,3,3,3,3,3,3,3,3,3,FALSE,A
Q12800,TFCP2,8,11,8,27,4.236859321594238,0.879505842924118,3,3,3,3,3,3,3,3,3,FALSE,A
Q12802,AKAP13,18,19,18,27,2.728063225746155,0.04079217463731766,3,3,3,3,3,3,3,3,3,FALSE,A
Q12805,EFEMP1,3,3,3,10,2.148585557937622,0,3,3,3,0,0,0,0,0,1,FALSE,A
Q12815,TROAP,2,2,2,20,2.6511831283569336,0.8075793981552124,2,2,1,3,3,3,3,3,0,FALSE,A
Q12816,TRO,3,3,3,22,2.6457751989364624,0.24405604600906372,0,2,2,3,3,3,3,3,3,FALSE,A
Q12824,SMARCB1,17,23,17,27,4.180413246154785,0.7491413950920105,3,3,3,3,3,3,3,3,3,FALSE,A
Q12830,BPTF,74,90,74,27,4.131237030029297,0.799943208694458,3,3,3,3,3,3,3,3,3,FALSE,A
Q12834,CDC20,11,12,11,27,3.693234920501709,0.7586743831634521,3,3,3,3,3,3,3,3,3,FALSE,A
Q12840,KIF5A,8,9,8,27,2.7188467979431152,0.4009512662887573,3,3,3,3,3,3,3,3,3,FALSE,A
Q12841,FSTL1,16,26,16,27,4.541029453277588,0.7814372479915619,3,3,3,3,3,3,3,3,3,FALSE,A
Q12846,STX4,13,16,13,27,4.8218653202056885,0.8521483242511749,3,3,3,3,3,3,3,3,3,FALSE,A
Q12849,GRSF1,21,31,21,27,4.807515621185303,0.8884877264499664,3,3,3,3,3,3,3,3,3,FALSE,A
Q12857,NFIA,5,6,5,27,3.1830636262893677,0.33297285437583923,3,3,3,3,3,3,3,3,3,FALSE,A
Q12860,CNTN1,14,14,14,26,2.7708812952041626,0.5302626490592957,3,3,3,3,3,3,3,2,3,FALSE,A
Q12872,SFSWAP,27,35,27,27,4.1571125984191895,0.830986499786377,3,3,3,3,3,3,3,3,3,FALSE,A
Q12873,CHD3,28,31,28,27,2.8552820682525635,0.5580593347549438,3,3,3,3,3,3,3,3,3,FALSE,A
Q12874,SF3A3,26,44,26,27,4.835290431976318,0.8708744645118713,3,3,3,3,3,3,3,3,3,FALSE,A
Q12888,TP53BP1,49,53,49,27,3.913972854614258,0.7441262006759644,3,3,3,3,3,3,3,3,3,FALSE,A
Q12891,HYAL2,1,1,1,6,2.575292706489563,0.5044006407260895,0,3,2,0,0,1,0,0,0,TRUE,C
Q12893,TMEM115,4,4,4,24,3.0232505798339844,0.2500218152999878,0,3,3,3,3,3,3,3,3,FALSE,A
Q12894,IFRD2,10,11,10,27,2.875105857849121,0.515785276889801,3,3,3,3,3,3,3,3,3,FALSE,A
Q12899,TRIM26,19,23,19,27,3.634193181991577,0.5943160951137543,3,3,3,3,3,3,3,3,3,FALSE,A
Q12904,AIMP1,17,25,17,27,5.461420297622681,0.942244827747345,3,3,3,3,3,3,3,3,3,FALSE,A
Q12905,ILF2,23,33,23,27,6.0037455558776855,0.9558117985725403,3,3,3,3,3,3,3,3,3,FALSE,A
Q12906,ILF3,35,55,35,27,6.535162448883057,0.9768507480621338,3,3,3,3,3,3,3,3,3,FALSE,A
Q12907,LMAN2,18,30,18,27,5.975045919418335,0.9628968238830566,3,3,3,3,3,3,3,3,3,FALSE,A
Q12913,PTPRJ,5,5,5,27,3.340674877166748,0.1742311716079712,3,3,3,3,3,3,3,3,3,FALSE,A
Q12923,PTPN13,40,41,40,26,2.886060953140259,0.4494580626487732,2,3,3,3,3,3,3,3,3,FALSE,A
Q12926,ELAVL2,5,5,5,27,3.4209530353546143,0.6191434860229492,3,3,3,3,3,3,3,3,3,FALSE,A
Q12929,EPS8,19,22,19,27,3.3465518951416016,0.5979142189025879,3,3,3,3,3,3,3,3,3,FALSE,A
Q12931,TRAP1,32,42,32,27,4.60148286819458,0.8818233609199524,3,3,3,3,3,3,3,3,3,FALSE,A
Q12933,TRAF2,10,11,10,26,3.2345261573791504,0.6468067765235901,3,3,3,3,3,2,3,3,3,FALSE,A
Q12946,FOXF1,2,2,2,26,3.7849358320236206,0.7111561596393585,2,3,3,3,3,3,3,3,3,FALSE,A
Q12947,FOXF2,2,2,2,27,3.858218193054199,0.5514343678951263,3,3,3,3,3,3,3,3,3,FALSE,A
Q12948,FOXC1,9,12,9,27,3.51324200630188,0.7577239871025085,3,3,3,3,3,3,3,3,3,FALSE,A
Q12955,ANK3,19,21,19,27,3.6530075073242188,0.5655024945735931,3,3,3,3,3,3,3,3,3,FALSE,A
Q12959,DLG1,18,20,18,27,4.337535381317139,0.8166356086730957,3,3,3,3,3,3,3,3,3,FALSE,A
Q12962,TAF10,6,9,6,27,4.580434799194336,0.9217208623886108,3,3,3,3,3,3,3,3,3,FALSE,A
Q12965,MYO1E,17,17,17,27,3.2999894618988037,0.3764021098613739,3,3,3,3,3,3,3,3,3,FALSE,A
Q12968,NFATC3,5,5,5,25,2.705993175506592,0.371969610452652,2,3,2,3,3,3,3,3,3,FALSE,A
Q12972,PPP1R8,17,27,17,27,4.989702939987183,0.9254047870635986,3,3,3,3,3,3,3,3,3,FALSE,A
Q12974,PTP4A2,6,10,6,27,4.855844020843506,0.9401777386665344,3,3,3,3,3,3,3,3,3,FALSE,A
Q12979,ABR,7,7,7,23,2.7565747499465942,0.4464036077260971,0,3,2,3,3,3,3,3,3,FALSE,A
Q12981,BNIP1,11,13,11,27,3.249335289001465,0.5028206706047058,3,3,3,3,3,3,3,3,3,FALSE,A
Q12982,BNIP2,3,3,3,26,3.3962632417678833,0.6631918847560883,3,3,2,3,3,3,3,3,3,FALSE,A
Q12983,BNIP3,1,1,1,5,3.5571210384368896,0.6320335268974304,0,1,1,2,0,1,0,0,0,TRUE,C
Q12986,NFX1,32,39,32,27,3.5675472021102905,0.7100319564342499,3,3,3,3,3,3,3,3,3,FALSE,A
Q12996,CSTF3,34,46,34,27,4.180121421813965,0.8574226498603821,3,3,3,3,3,3,3,3,3,FALSE,A
Q12999,TSPAN31,1,1,1,19,3.0748941898345947,0.8570679426193237,2,3,3,2,2,0,2,2,3,TRUE,C
Q13009,TIAM1,4,4,4,22,2.2876152992248535,0.33502329885959625,0,3,2,3,3,3,3,3,2,FALSE,A
Q13011,ECH1,16,26,16,27,5.15073823928833,0.9225392043590546,3,3,3,3,3,3,3,3,3,FALSE,A
Q13015,MLLT11,1,1,1,17,3.5096068382263184,0.2585661709308624,0,1,1,3,3,3,3,3,0,TRUE,C
Q13017,ARHGAP5,19,20,19,26,2.5785006284713745,0.015579484403133392,2,3,3,3,3,3,3,3,3,FALSE,A
Q13029,PRDM2,23,26,23,27,3.085300922393799,0.5563817024230957,3,3,3,3,3,3,3,3,3,FALSE,A
Q13033,STRN3,16,20,16,27,4.259786605834961,0.8051431477069855,3,3,3,3,3,3,3,3,3,FALSE,A
Q13042,CDC16,6,6,6,24,2.813627243041992,0.21024692803621292,0,3,3,3,3,3,3,3,3,FALSE,A
Q13043,STK4,7,9,7,25,2.9004322290420532,0.6301098763942719,2,3,2,3,3,3,3,3,3,FALSE,A
Q13045,FLII,38,43,38,27,3.458144426345825,0.6786088943481445,3,3,3,3,3,3,3,3,3,FALSE,A
Q13049,TRIM32,15,17,15,27,2.910029649734497,0.3945038318634033,3,3,3,3,3,3,3,3,3,FALSE,A
Q13057,COASY,11,12,11,27,3.752162456512451,0.882565975189209,3,3,3,3,3,3,3,3,3,FALSE,A
Q13084,MRPL28,15,21,15,27,4.749468564987183,0.9159947633743286,3,3,3,3,3,3,3,3,3,FALSE,A
Q13085,ACACA,28,29,28,25,2.8091541528701782,0.50629523396492,2,3,2,3,3,3,3,3,3,FALSE,A
Q13098,GPS1,18,28,18,27,4.40396785736084,0.8463658094406128,3,3,3,3,3,3,3,3,3,FALSE,A
Q13103,SPP2,1,1,1,10,5.913790702819824,0.49015356600284576,3,3,3,0,0,0,0,0,1,TRUE,B
Q13107,USP4,11,11,11,25,3.0607924461364746,0.5376725196838379,2,3,2,3,3,3,3,3,3,FALSE,A
Q13111,CHAF1A,33,39,33,27,4.503554582595825,0.8262417018413544,3,3,3,3,3,3,3,3,3,FALSE,A
Q13112,CHAF1B,22,27,22,27,4.453765869140625,0.8698821663856506,3,3,3,3,3,3,3,3,3,FALSE,A
Q13114,TRAF3,4,4,4,27,2.882009506225586,0.5801659524440765,3,3,3,3,3,3,3,3,3,FALSE,A
Q13123,IK,25,36,25,27,5.2918617725372314,0.9427009522914886,3,3,3,3,3,3,3,3,3,FALSE,A
Q13126,MTAP,20,33,20,27,5.476111650466919,0.946137934923172,3,3,3,3,3,3,3,3,3,FALSE,A
Q13127,REST,7,7,7,26,2.7572261095046997,0.34930816292762756,3,3,2,3,3,3,3,3,3,FALSE,A
Q13129,RLF,24,27,24,26,2.8186445236206055,0.3051539957523346,2,3,3,3,3,3,3,3,3,FALSE,A
Q13131,PRKAA1,10,11,10,27,3.096772313117981,0.6108324527740479,3,3,3,3,3,3,3,3,3,FALSE,A
Q13136,PPFIA1,20,24,20,27,3.566228985786438,0.7351066172122955,3,3,3,3,3,3,3,3,3,FALSE,A
Q13137,CALCOCO2,19,22,19,27,3.6595795154571533,0.693975567817688,3,3,3,3,3,3,3,3,3,FALSE,A
Q13144,EIF2B5,14,16,14,27,3.083125948905945,0.5458320379257202,3,3,3,3,3,3,3,3,3,FALSE,A
Q13145,BAMBI,4,4,4,7,2.8098831176757813,0.5574067831039429,2,3,2,0,0,0,0,0,0,FALSE,A
Q13148,TARDBP,16,22,16,27,5.281834602355957,0.9595741033554077,3,3,3,3,3,3,3,3,3,FALSE,A
Q13151,HNRNPA0,10,18,10,27,6.0509443283081055,0.9620117545127869,3,3,3,3,3,3,3,3,3,FALSE,A
Q13153,PAK1,11,15,11,27,4.217885732650757,0.8828700184822083,3,3,3,3,3,3,3,3,3,FALSE,A
Q13155,AIMP2,12,15,12,27,4.94722318649292,0.9170732498168945,3,3,3,3,3,3,3,3,3,FALSE,A
Q13158,FADD,5,7,5,27,3.7012686729431152,0.6549885869026184,3,3,3,3,3,3,3,3,3,FALSE,A
Q13162,PRDX4,13,20,13,27,6.089276313781738,0.9676741063594818,3,3,3,3,3,3,3,3,3,FALSE,A
Q13164,MAPK7,11,11,11,27,2.7465627193450928,0.36072662472724915,3,3,3,3,3,3,3,3,3,FALSE,A
Q13177,PAK2,16,26,16,27,4.405562400817871,0.865734338760376,3,3,3,3,3,3,3,3,3,FALSE,A
Q13185,CBX3,6,10,6,27,6.328450918197632,0.9619650542736053,3,3,3,3,3,3,3,3,3,FALSE,A
Q13188,STK3,7,7,7,27,3.3652877807617188,0.6734724640846252,3,3,3,3,3,3,3,3,3,FALSE,A
Q13190,STX5,12,14,12,27,3.586977005004883,0.7927799820899963,3,3,3,3,3,3,3,3,3,FALSE,A
Q13191,CBLB,10,10,10,27,2.7808754444122314,0.7719513773918152,3,3,3,3,3,3,3,3,3,FALSE,A
Q13200,PSMD2,43,66,43,27,4.783315658569336,0.8972090780735016,3,3,3,3,3,3,3,3,3,FALSE,A
Q13206,DDX10,38,51,38,27,4.135033130645752,0.8307116329669952,3,3,3,3,3,3,3,3,3,FALSE,A
Q13207,TBX2,2,2,2,18,2.077986240386963,0.3659707009792328,0,2,0,3,3,2,3,2,3,FALSE,A
Q13216,ERCC8,1,1,1,8,2.228290319442749,0,0,0,0,1,2,0,2,1,2,TRUE,C
Q13217,DNAJC3,19,23,19,27,3.7101693153381348,0.8212441802024841,3,3,3,3,3,3,3,3,3,FALSE,A
Q13227,GPS2,3,3,3,27,3.383069396018982,0.2759173512458801,3,3,3,3,3,3,3,3,3,FALSE,A
Q13228,SELENBP1,28,35,28,27,4.496922969818115,0.8552191853523254,3,3,3,3,3,3,3,3,3,FALSE,A
Q13232,NME3,12,14,12,27,3.8856523036956787,0.9022083878517151,3,3,3,3,3,3,3,3,3,FALSE,A
Q13233,MAP3K1,4,4,4,26,3.1436123847961426,0.4802134186029434,3,3,2,3,3,3,3,3,3,FALSE,A
Q13242,SRSF9,16,23,16,27,5.731077671051025,0.9605929851531982,3,3,3,3,3,3,3,3,3,FALSE,A
Q13243,SRSF5,9,15,9,27,6.0496392250061035,0.9719200134277344,3,3,3,3,3,3,3,3,3,FALSE,A
Q13247,SRSF6,10,13,10,27,5.195034027099609,0.9731848835945129,3,3,3,3,3,3,3,3,3,FALSE,A
Q13257,MAD2L1,10,11,10,27,3.889326810836792,0.8229851126670837,3,3,3,3,3,3,3,3,3,FALSE,A
Q13263,TRIM28,26,39,26,27,6.238853693008423,0.9644649028778076,3,3,3,3,3,3,3,3,3,FALSE,A
Q13277,STX3,9,12,9,27,3.7798268795013428,0.8644986748695374,3,3,3,3,3,3,3,3,3,FALSE,A
Q13283,G3BP1,21,37,21,27,5.7520599365234375,0.9514784216880798,3,3,3,3,3,3,3,3,3,FALSE,A
Q13286,CLN3,2,2,2,23,4.548450946807861,0.786977618932724,1,3,2,3,3,3,2,3,3,FALSE,A
Q13287,NMI,3,3,3,8,2.7513651847839355,0.3239305913448334,3,3,2,0,0,0,0,0,0,FALSE,A
Q13303,KCNAB2,6,6,6,26,2.9832334518432617,0.6661379039287567,3,3,3,3,3,2,3,3,3,FALSE,A
Q13308,PTK7,31,37,31,27,4.0039390325546265,0.7592516839504242,3,3,3,3,3,3,3,3,3,FALSE,A
Q13309,SKP2,8,8,8,23,3.0287059545516968,0.7032656669616699,0,3,2,3,3,3,3,3,3,FALSE,A
Q13310,PABPC4,16,26,16,27,4.950894355773926,0.9125400185585022,3,3,3,3,3,3,3,3,3,FALSE,A
Q13322,GRB10,14,14,14,25,3.044959783554077,0.34550216794013977,2,3,2,3,3,3,3,3,3,FALSE,A
Q13325,IFIT5,6,7,6,25,3.096819281578064,0.45543932914733887,2,3,2,3,3,3,3,3,3,FALSE,A
Q13330,MTA1,27,38,27,27,4.63203763961792,0.8548997342586517,3,3,3,3,3,3,3,3,3,FALSE,A
Q13332,PTPRS,21,23,21,27,3.1322202682495117,0.35375887155532837,3,3,3,3,3,3,3,3,3,FALSE,A
Q13347,EIF3I,18,28,18,27,6.017560005187988,0.9535573124885559,3,3,3,3,3,3,3,3,3,FALSE,A
Q13352,ITGB3BP,6,7,6,27,4.766216278076172,0.8673755526542664,3,3,3,3,3,3,3,3,3,FALSE,A
Q13356,PPIL2,22,27,22,27,3.6540403366088867,0.7761566638946533,3,3,3,3,3,3,3,3,3,FALSE,A
Q13362,PPP2R5C,7,8,7,27,3.666630744934082,0.562777578830719,3,3,3,3,3,3,3,3,3,FALSE,A
Q13363,CTBP1,10,14,10,27,4.668454647064209,0.8410658240318298,3,3,3,3,3,3,3,3,3,FALSE,A
Q13371,PDCL,4,4,4,27,3.6213583946228027,0.5963450074195862,3,3,3,3,3,3,3,3,3,FALSE,A
Q13387,MAPK8IP2,2,2,2,14,3.1511871814727783,0.13244499266147614,1,1,1,1,1,3,3,2,1,FALSE,A
Q13393,PLD1,3,3,3,14,2.190415859222412,0.6588961780071259,0,3,1,2,2,1,2,0,3,FALSE,A
Q13395,TARBP1,17,17,17,26,3.0553884506225586,0.3830454647541046,2,3,3,3,3,3,3,3,3,FALSE,A
Q13404,UBE2V1,5,5,5,27,6.491445064544678,0.9512262344360352,3,3,3,3,3,3,3,3,3,FALSE,A
Q13405,MRPL49,11,15,11,27,4.750286340713501,0.9268248677253723,3,3,3,3,3,3,3,3,3,FALSE,A
Q13409,DYNC1I2,17,22,17,27,4.37772274017334,0.8936309218406677,3,3,3,3,3,3,3,3,3,FALSE,A
Q13415,ORC1,18,20,18,27,3.2930498123168945,0.668157160282135,3,3,3,3,3,3,3,3,3,FALSE,A
Q13416,ORC2,15,18,15,27,3.7777247428894043,0.81978839635849,3,3,3,3,3,3,3,3,3,FALSE,A
Q13418,ILK,16,19,16,27,4.03928017616272,0.8186966180801392,3,3,3,3,3,3,3,3,3,FALSE,A
Q13423,NNT,27,36,27,27,4.094439506530762,0.8729500770568848,3,3,3,3,3,3,3,3,3,FALSE,A
Q13424,SNTA1,4,4,4,25,2.7128047943115234,0.0040250010788440704,1,3,3,3,3,3,3,3,3,FALSE,A
Q13425,SNTB2,12,15,12,27,3.185093402862549,0.7005079686641693,3,3,3,3,3,3,3,3,3,FALSE,A
Q13426,XRCC4,11,13,11,27,3.2722606658935547,0.7302609086036682,3,3,3,3,3,3,3,3,3,FALSE,A
Q13427,PPIG,11,16,11,27,6.14809513092041,0.9669253826141357,3,3,3,3,3,3,3,3,3,FALSE,A
Q13428,TCOF1,40,63,40,27,5.822347640991211,0.952547013759613,3,3,3,3,3,3,3,3,3,FALSE,A
Q13432,UNC119,5,6,5,27,3.0296711921691895,0.470811665058136,3,3,3,3,3,3,3,3,3,FALSE,A
Q13433,SLC39A6,5,7,5,26,3.348019003868103,0.5318829715251923,2,3,3,3,3,3,3,3,3,FALSE,A
Q13435,SF3B2,45,76,45,27,5.798819541931152,0.9548539519309998,3,3,3,3,3,3,3,3,3,FALSE,A
Q13438,OS9,23,26,23,27,3.4263181686401367,0.4996151924133301,3,3,3,3,3,3,3,3,3,FALSE,A
Q13439,GOLGA4,103,134,103,27,3.9808825254440308,0.7608928978443146,3,3,3,3,3,3,3,3,3,FALSE,A
Q13442,PDAP1,12,18,12,27,6.331404209136963,0.9761132597923279,3,3,3,3,3,3,3,3,3,FALSE,A
Q13443,ADAM9,17,17,17,27,3.437180995941162,0.7223228812217712,3,3,3,3,3,3,3,3,3,FALSE,A
Q13444,ADAM15,11,11,11,27,3.443545341491699,0.6775405406951904,3,3,3,3,3,3,3,3,3,FALSE,A
Q13445,TMED1,6,9,6,27,3.7621004581451416,0.808254599571228,3,3,3,3,3,3,3,3,3,FALSE,A
Q13451,FKBP5,26,38,26,27,4.704840660095215,0.8560684323310852,3,3,3,3,3,3,3,3,3,FALSE,A
Q13459,MYO9B,15,15,15,26,3.0880088806152344,0.5506244897842407,2,3,3,3,3,3,3,3,3,FALSE,A
Q13464,ROCK1,34,36,34,27,3.4848294258117676,0.6558952927589417,3,3,3,3,3,3,3,3,3,FALSE,A
Q13472,TOP3A,11,12,11,26,2.926241159439087,0.3909814655780792,2,3,3,3,3,3,3,3,3,FALSE,A
Q13480,GAB1,11,12,11,27,2.8802225589752197,0.42051589488983154,3,3,3,3,3,3,3,3,3,FALSE,A
Q13485,SMAD4,12,17,12,27,3.5089385509490967,0.7256370782852173,3,3,3,3,3,3,3,3,3,FALSE,A
Q13487,SNAPC2,6,6,6,25,2.7950469255447388,0.22638168185949326,3,3,3,3,3,3,3,2,2,FALSE,A
Q13490,BIRC2,5,5,5,22,2.7446775436401367,0.2974046766757965,3,2,0,3,3,3,3,3,2,FALSE,A
Q13491,GPM6B,1,1,1,19,2.078737258911133,0,0,3,2,3,3,1,2,2,3,TRUE,C
Q13492,PICALM,15,16,15,27,4.131565093994141,0.7523099184036255,3,3,3,3,3,3,3,3,3,FALSE,A
Q13496,MTM1,7,7,7,25,2.781183958053589,0.498121440410614,2,3,2,3,3,3,3,3,3,FALSE,A
Q13501,SQSTM1,14,19,14,27,4.524304389953613,0.8590589761734009,3,3,3,3,3,3,3,3,3,FALSE,A
Q13505,MTX1,11,14,11,27,3.9414994716644287,0.7661853432655334,3,3,3,3,3,3,3,3,3,FALSE,A
Q13506,NAB1,3,3,3,22,2.4624035358428955,0,1,3,3,2,2,2,3,3,3,FALSE,A
Q13509,TUBB3,6,8,6,26,4.328741073608398,0.8460284471511841,2,3,3,3,3,3,3,3,3,FALSE,A
Q13510,ASAH1,16,19,17,27,4.441240549087524,0.865202397108078,3,3,3,3,3,3,3,3,3,FALSE,A
Q13523,PRP4K,27,42,27,27,4.987272024154663,0.9184013605117798,3,3,3,3,3,3,3,3,3,FALSE,A
Q13526,PIN1,10,16,10,27,5.912119150161743,0.9748285114765167,3,3,3,3,3,3,3,3,3,FALSE,A
Q13530,SERINC3,4,5,4,21,2.9184999465942383,0.3955325186252594,3,3,3,3,1,1,3,2,2,FALSE,A
Q13535,ATR,10,10,10,22,2.4670634269714355,0.13206836581230164,0,3,2,3,3,3,2,3,3,FALSE,A
Q13541,EIF4EBP1,2,2,2,27,3.9467145204544067,0.012372912839055061,3,3,3,3,3,3,3,3,3,FALSE,A
Q13542,EIF4EBP2,3,4,3,22,2.982923984527588,0.5551442205905914,3,3,2,3,2,3,3,2,1,FALSE,A
Q13546,RIPK1,18,22,18,27,3.8470828533172607,0.5302813053131104,3,3,3,3,3,3,3,3,3,FALSE,A
Q13547,HDAC1,12,20,12,27,5.202778100967407,0.9030920267105103,3,3,3,3,3,3,3,3,3,FALSE,A
Q13555,CAMK2G,5,5,5,27,3.014353036880493,0.7143059372901917,3,3,3,3,3,3,3,3,3,FALSE,A
Q13557,CAMK2D,10,11,10,27,3.822502017021179,0.8233405649662018,3,3,3,3,3,3,3,3,3,FALSE,A
Q13561,DCTN2,21,27,21,27,4.695505142211914,0.8887323141098022,3,3,3,3,3,3,3,3,3,FALSE,A
Q13564,NAE1,19,22,19,27,3.6833280324935913,0.6786133050918579,3,3,3,3,3,3,3,3,3,FALSE,A
Q13572,ITPK1,9,9,9,25,2.789996385574341,0.41837751865386963,2,3,2,3,3,3,3,3,3,FALSE,A
Q13573,SNW1,30,44,30,27,5.729084491729736,0.9556085467338562,3,3,3,3,3,3,3,3,3,FALSE,A
Q13574,DGKZ,4,4,4,26,2.395911455154419,0.05095210392028093,3,3,3,3,3,2,3,3,3,FALSE,A
Q13576,IQGAP2,27,29,27,27,3.0643625259399414,0.6273687779903412,3,3,3,3,3,3,3,3,3,FALSE,A
Q13585,GPR50,2,2,2,16,2.604580044746399,0,0,3,2,2,2,2,1,2,2,FALSE,A
Q13586,STIM1,20,29,20,27,4.412263870239258,0.8559108078479767,3,3,3,3,3,3,3,3,3,FALSE,A
Q13595,TRA2A,8,13,8,27,6.319906234741211,0.9737609624862671,3,3,3,3,3,3,3,3,3,FALSE,A
Q13596,SNX1,18,21,18,27,4.836911201477051,0.9037220776081085,3,3,3,3,3,3,3,3,3,FALSE,A
Q13601,KRR1,18,28,18,27,5.012153625488281,0.9031122326850891,3,3,3,3,3,3,3,3,3,FALSE,A
Q13610,PWP1,14,21,14,27,4.573052883148193,0.8893598914146423,3,3,3,3,3,3,3,3,3,FALSE,A
Q13613,MTMR1,12,13,12,26,2.8646451234817505,0.5688557326793671,3,3,2,3,3,3,3,3,3,FALSE,A
Q13614,MTMR2,6,6,6,26,2.2028305530548096,0.539987713098526,2,3,3,3,3,3,3,3,3,FALSE,A
Q13615,MTMR3,4,4,4,21,2.628721237182617,0,1,3,2,3,1,2,3,3,3,FALSE,A
Q13616,CUL1,36,41,37,27,3.852764368057251,0.8055436611175537,3,3,3,3,3,3,3,3,3,FALSE,A
Q13617,CUL2,26,28,26,27,3.482452392578125,0.673493504524231,3,3,3,3,3,3,3,3,3,FALSE,A
Q13618,CUL3,31,33,31,27,4.2129175662994385,0.8160282373428345,3,3,3,3,3,3,3,3,3,FALSE,A
Q13619,CUL4A,7,7,7,24,2.879854679107666,0.5298594832420349,1,3,2,3,3,3,3,3,3,FALSE,A
Q13620,CUL4B,38,47,38,27,4.189854860305786,0.8372711539268494,3,3,3,3,3,3,3,3,3,FALSE,A
Q13625,TP53BP2,22,28,22,27,3.9381710290908813,0.8354279696941376,3,3,3,3,3,3,3,3,3,FALSE,A
Q13627,DYRK1A,8,10,8,27,3.426194190979004,0.43883877992630005,3,3,3,3,3,3,3,3,3,FALSE,A
Q13630,GFUS,6,6,6,26,2.9515318870544434,0.5163367390632629,2,3,3,3,3,3,3,3,3,FALSE,A
Q13636,RAB31,9,15,9,27,3.9878417253494263,0.81220942735672,3,3,3,3,3,3,3,3,3,FALSE,A
Q13637,RAB32,9,10,9,27,3.3687058687210083,0.6022320985794067,3,3,3,3,3,3,3,3,3,FALSE,A
Q13641,TPBG,10,13,10,27,3.6011661291122437,0.8175601065158844,3,3,3,3,3,3,3,3,3,FALSE,A
Q13642,FHL1,15,26,15,27,6.096113681793213,0.9720759391784668,3,3,3,3,3,3,3,3,3,FALSE,A
Q13643,FHL3,8,11,8,23,4.285622835159302,0.856007844209671,3,3,3,3,2,1,3,3,2,FALSE,A
Q13670,PMS2P11,1,1,1,24,3.133059859275818,0.575417697429657,2,3,3,3,3,3,3,2,2,TRUE,C
Q13683,ITGA7,8,8,8,27,2.7886548042297363,0.2172551453113556,3,3,3,3,3,3,3,3,3,FALSE,A
Q13685,AAMP,12,17,12,27,4.946664333343506,0.8648885488510132,3,3,3,3,3,3,3,3,3,FALSE,A
Q13686,ALKBH1,2,2,2,26,3.3761484622955322,0,2,3,3,3,3,3,3,3,3,FALSE,A
Q13705,ACVR2B,2,2,2,16,2.525169253349304,0.008343434892594814,0,3,2,2,3,3,1,1,1,FALSE,A
Q13724,MOGS,32,46,32,27,4.245087146759033,0.8647570013999939,3,3,3,3,3,3,3,3,3,FALSE,A
Q13740,ALCAM,23,32,23,27,4.741089820861816,0.9063760638237,3,3,3,3,3,3,3,3,3,FALSE,A
Q13769,THOC5,26,36,26,27,4.029773473739624,0.8200082778930664,3,3,3,3,3,3,3,3,3,FALSE,A
Q13772,NCOA4,5,5,5,15,2.8823933601379395,0.6336010098457336,3,3,3,0,0,1,2,3,0,FALSE,A
Q13794,PMAIP1,3,4,3,27,6.314358234405518,0.9784131050109863,3,3,3,3,3,3,3,3,3,FALSE,A
Q13795,ARFRP1,8,8,8,26,3.4897267818450928,0.7451872825622559,3,3,3,3,3,3,3,2,3,FALSE,A
Q13813,SPTAN1,154,238,154,27,5.498323440551758,0.9413058161735535,3,3,3,3,3,3,3,3,3,FALSE,A
Q13823,GNL2,32,39,32,27,4.289161443710327,0.8436852395534515,3,3,3,3,3,3,3,3,3,FALSE,A
Q13825,AUH,10,12,10,27,3.3013100624084473,0.4704054296016693,3,3,3,3,3,3,3,3,3,FALSE,A
Q13835,PKP1,5,5,5,8,2.3074939250946045,0.19516192376613617,0,0,0,1,2,1,1,1,2,FALSE,A
Q13838,DDX39B,15,27,15,27,5.8706746101379395,0.9421240091323853,3,3,3,3,3,3,3,3,3,FALSE,A
Q13867,BLMH,19,25,19,27,4.354418992996216,0.8964490294456482,3,3,3,3,3,3,3,3,3,FALSE,A
Q13868,EXOSC2,10,14,10,27,4.692544221878052,0.9023399651050568,3,3,3,3,3,3,3,3,3,FALSE,A
Q13873,BMPR2,9,10,9,7,3.2069482803344727,0.3968462646007538,0,3,2,0,0,1,1,0,0,FALSE,A
Q13885,TUBB2A,1,1,1,26,5.075737237930298,0.9581538140773773,3,3,2,3,3,3,3,3,3,TRUE,B
Q13886,KLF9,2,2,3,12,2.362131118774414,0.3085987865924835,0,0,0,3,3,3,0,2,1,FALSE,A
Q13887,KLF5,2,3,2,25,3.021225690841675,0.06259168684482574,3,3,1,3,3,3,3,3,3,FALSE,A
Q13888,GTF2H2,1,1,1,24,3.03023099899292,0,1,3,2,3,3,3,3,3,3,TRUE,C
Q13889,GTF2H3,5,6,5,26,2.9642350673675537,0.5626579225063324,2,3,3,3,3,3,3,3,3,FALSE,A
Q13895,BYSL,23,33,23,27,4.7065958976745605,0.897866427898407,3,3,3,3,3,3,3,3,3,FALSE,A
Q13901,C1D,3,4,3,27,4.044484376907349,0.8374361395835876,3,3,3,3,3,3,3,3,3,FALSE,A
Q13905,RAPGEF1,5,6,5,27,2.7142093181610107,0.6977947652339935,3,3,3,3,3,3,3,3,3,FALSE,A
Q13907,IDI1,10,17,10,27,5.262787342071533,0.9430074691772461,3,3,3,3,3,3,3,3,3,FALSE,A
Q13951,CBFB,7,10,7,27,4.531273365020752,0.9210904836654663,3,3,3,3,3,3,3,3,3,FALSE,A
Q13952,NFYC,6,7,6,27,5.070868730545044,0.9529360830783844,3,3,3,3,3,3,3,3,3,FALSE,A
Q13976,PRKG1,8,8,8,27,3.0529723167419434,0.5773235559463501,3,3,3,3,3,3,3,3,3,FALSE,A
Q14004,CDK13,33,40,33,27,3.262732982635498,0.6772480010986328,3,3,3,3,3,3,3,3,3,FALSE,A
Q14008,CKAP5,90,107,90,27,4.417230606079102,0.8669793903827667,3,3,3,3,3,3,3,3,3,FALSE,A
Q14011,CIRBP,7,8,7,27,5.6620683670043945,0.9183042347431183,3,3,3,3,3,3,3,3,3,FALSE,A
Q14012,CAMK1,7,8,7,27,3.2117663621902466,0.669424295425415,3,3,3,3,3,3,3,3,3,FALSE,A
Q14019,COTL1,10,14,10,27,4.792128801345825,0.8940230309963226,3,3,3,3,3,3,3,3,3,FALSE,A
Q14031,COL4A6,4,5,4,27,3.334459066390991,0.3446348309516907,3,3,3,3,3,3,3,3,3,FALSE,A
Q14061,COX17,2,3,2,27,4.224670648574829,0.8253911137580872,3,3,3,3,3,3,3,3,3,FALSE,A
Q14103,HNRNPD,15,24,15,27,6.295454025268555,0.9648729562759399,3,3,3,3,3,3,3,3,3,FALSE,A
Q14106,TOB2,3,3,3,23,3.619900941848755,0.6831550598144531,1,3,2,3,3,3,3,3,2,FALSE,A
Q14108,SCARB2,17,23,17,27,5.036916494369507,0.9000344574451447,3,3,3,3,3,3,3,3,3,FALSE,A
Q14118,DAG1,20,29,20,27,4.389541387557983,0.8638677895069122,3,3,3,3,3,3,3,3,3,FALSE,A
Q14119,VEZF1,8,12,8,27,4.0082597732543945,0.7417452931404114,3,3,3,3,3,3,3,3,3,FALSE,A
Q14126,DSG2,33,44,33,27,4.37701940536499,0.808018147945404,3,3,3,3,3,3,3,3,3,FALSE,A
Q14129,DGCR6,2,2,2,17,3.7684292793273926,0.555666983127594,2,2,0,3,3,3,2,2,0,FALSE,A
Q14135,VGLL4,9,10,9,27,3.3681870698928833,0.7025030851364136,3,3,3,3,3,3,3,3,3,FALSE,A
Q14137,BOP1,29,36,29,27,5.004935026168823,0.9102984070777893,3,3,3,3,3,3,3,3,3,FALSE,A
Q14139,UBE4A,19,19,19,26,3.2326226234436035,0.522477924823761,2,3,3,3,3,3,3,3,3,FALSE,A
Q14141,SEPTIN6,10,13,10,27,4.353175401687622,0.8083889484405518,3,3,3,3,3,3,3,3,3,FALSE,A
Q14145,KEAP1,15,15,15,25,2.812994360923767,0.4398430585861206,2,3,2,3,3,3,3,3,3,FALSE,A
Q14146,URB2,43,48,43,26,3.950212240219116,0.8339904844760895,2,3,3,3,3,3,3,3,3,FALSE,A
Q14147,DHX34,20,20,20,26,3.310692310333252,0.44613559544086456,2,3,3,3,3,3,3,3,3,FALSE,A
Q14149,MORC3,25,25,25,27,3.225521445274353,0.5909235775470734,3,3,3,3,3,3,3,3,3,FALSE,A
Q14151,SAFB2,25,38,25,27,5.154205083847046,0.9163109064102173,3,3,3,3,3,3,3,3,3,FALSE,A
Q14152,EIF3A,74,109,74,27,4.899123430252075,0.9164653420448303,3,3,3,3,3,3,3,3,3,FALSE,A
Q14155,ARHGEF7,7,8,7,24,2.9754886627197266,0.49739906191825867,1,3,2,3,3,3,3,3,3,FALSE,A
Q14156,EFR3A,2,2,2,16,2.325565814971924,0,0,3,2,3,2,0,2,1,3,FALSE,A
Q14157,UBAP2L,25,41,25,27,5.503293752670288,0.94515261054039,3,3,3,3,3,3,3,3,3,FALSE,A
Q14160,SCRIB,53,61,53,27,3.84556245803833,0.71729576587677,3,3,3,3,3,3,3,3,3,FALSE,A
Q14161,GIT2,15,16,15,27,3.2154312133789063,0.6720503866672516,3,3,3,3,3,3,3,3,3,FALSE,A
Q14165,MLEC,13,21,13,27,4.897915840148926,0.9291521906852722,3,3,3,3,3,3,3,3,3,FALSE,A
Q14166,TTLL12,23,31,23,27,4.059601545333862,0.7911825180053711,3,3,3,3,3,3,3,3,3,FALSE,A
Q14168,MPP2,18,22,18,27,3.545945644378662,0.7589607834815979,3,3,3,3,3,3,3,3,3,FALSE,A
Q14181,POLA2,16,22,16,27,3.74550199508667,0.7216764986515045,3,3,3,3,3,3,3,3,3,FALSE,A
Q14185,DOCK1,10,10,10,25,2.4950766563415527,0.21907533705234528,1,3,3,3,3,3,3,3,3,FALSE,A
Q14186,TFDP1,3,3,3,26,3.5470645427703857,0.5158268809318542,2,3,3,3,3,3,3,3,3,FALSE,A
Q14188,TFDP2,2,3,2,23,2.5887378454208374,0.3309798389673233,0,3,2,3,3,3,3,3,3,FALSE,A
Q14192,FHL2,11,14,11,27,4.158750534057617,0.8457509279251099,3,3,3,3,3,3,3,3,3,FALSE,A
Q14194,CRMP1,2,2,2,3,2.729719042778015,0.07237201184034348,2,1,0,0,0,0,0,0,0,FALSE,A
Q14197,MRPL58,9,12,9,27,5.431375503540039,0.9458766579627991,3,3,3,3,3,3,3,3,3,FALSE,A
Q14202,ZMYM3,31,34,31,27,3.35638689994812,0.6608070731163025,3,3,3,3,3,3,3,3,3,FALSE,A
Q14203,DCTN1,50,65,50,27,4.412424564361572,0.8459969758987427,3,3,3,3,3,3,3,3,3,FALSE,A
Q14204,DYNC1H1,199,254,199,27,4.232210636138916,0.8450314104557037,3,3,3,3,3,3,3,3,3,FALSE,A
Q14207,NPAT,19,24,19,27,3.0536431074142456,0.5132044553756714,3,3,3,3,3,3,3,3,3,FALSE,A
Q14232,EIF2B1,16,19,16,27,4.085097551345825,0.8150462508201599,3,3,3,3,3,3,3,3,3,FALSE,A
Q14240,EIF4A2,10,13,10,27,5.018202304840088,0.8941477537155151,3,3,3,3,3,3,3,3,3,FALSE,A
Q14241,ELOA,25,39,25,27,4.3505401611328125,0.7996937036514282,3,3,3,3,3,3,3,3,3,FALSE,A
Q14244,MAP7,18,23,18,27,4.015793800354004,0.6179412007331848,3,3,3,3,3,3,3,3,3,FALSE,A
Q14247,CTTN,26,37,27,27,5.844545364379883,0.9599829912185669,3,3,3,3,3,3,3,3,3,FALSE,A
Q14249,ENDOG,8,8,8,26,2.916236639022827,0.4836696684360504,3,3,2,3,3,3,3,3,3,FALSE,A
Q14254,FLOT2,20,26,20,27,4.434441804885864,0.7800962030887604,3,3,3,3,3,3,3,3,3,FALSE,A
Q14257,RCN2,15,21,15,27,4.326060771942139,0.9050602912902832,3,3,3,3,3,3,3,3,3,FALSE,A
Q14258,TRIM25,25,39,25,27,4.413858413696289,0.86748006939888,3,3,3,3,3,3,3,3,3,FALSE,A
Q14315,FLNC,70,87,70,27,3.9134085178375244,0.7770815491676331,3,3,3,3,3,3,3,3,3,FALSE,A
Q14318,FKBP8,15,20,15,27,4.008978366851807,0.778434693813324,3,3,3,3,3,3,3,3,3,FALSE,A
Q14320,FAM50A,14,24,14,27,5.464876413345337,0.9396960139274597,3,3,3,3,3,3,3,3,3,FALSE,A
Q14331,FRG1,10,12,10,27,4.572297096252441,0.8851564228534698,3,3,3,3,3,3,3,3,3,FALSE,A
Q14344,GNA13,13,15,13,26,3.0690817832946777,0.6308979392051697,2,3,3,3,3,3,3,3,3,FALSE,A
Q14353,GAMT,6,6,6,27,4.012090682983398,0.7657535672187805,3,3,3,3,3,3,3,3,3,FALSE,A
Q14376,GALE,11,14,11,27,3.788728952407837,0.7114984393119812,3,3,3,3,3,3,3,3,3,FALSE,A
Q14444,CAPRIN1,17,23,17,27,5.68827486038208,0.9485757648944855,3,3,3,3,3,3,3,3,3,FALSE,A
Q14457,BECN1,6,6,6,23,3.037504196166992,0.5013012886047363,1,3,2,3,3,2,3,3,3,FALSE,A
Q14469,HES1,7,8,7,27,3.9501659870147705,0.7407106161117554,3,3,3,3,3,3,3,3,3,FALSE,A
Q14493,SLBP,9,12,9,27,3.8911359310150146,0.8898006081581116,3,3,3,3,3,3,3,3,3,FALSE,A
Q14494,NFE2L1,2,2,2,11,2.8555365800857544,0.5583871603012085,3,3,1,0,2,0,2,0,0,FALSE,A
Q14498,RBM39,18,30,18,27,5.797667026519775,0.9462921023368835,3,3,3,3,3,3,3,3,3,FALSE,A
Q14517,FAT1,51,52,51,15,3.0397335290908813,0.442083939909935,3,3,3,2,0,0,2,0,2,FALSE,A
Q14520,HABP2,3,3,3,13,5.5250208377838135,0.9766528010368347,3,3,3,0,0,0,0,2,2,FALSE,A
Q14527,HLTF,31,38,31,27,3.437560796737671,0.63649582862854,3,3,3,3,3,3,3,3,3,FALSE,A
Q14534,SQLE,8,9,8,26,3.114006757736206,0.39942094683647156,2,3,3,3,3,3,3,3,3,FALSE,A
Q14554,PDIA5,17,23,17,27,3.4547181129455566,0.6509549617767334,3,3,3,3,3,3,3,3,3,FALSE,A
Q14558,PRPSAP1,16,25,16,27,4.839343547821045,0.8883082270622253,3,3,3,3,3,3,3,3,3,FALSE,A
Q14562,DHX8,49,58,49,27,4.141485691070557,0.7639607787132263,3,3,3,3,3,3,3,3,3,FALSE,A
Q14566,MCM6,45,63,45,27,5.02834153175354,0.9126273691654205,3,3,3,3,3,3,3,3,3,FALSE,A
Q14571,ITPR2,9,9,9,25,2.7860723733901978,0.5059247612953186,2,3,2,3,3,3,3,3,3,FALSE,A
Q14573,ITPR3,3,3,3,14,1.8461337089538574,0,0,2,2,2,2,1,1,2,2,FALSE,A
Q14574,DSC3,19,22,19,27,3.331389904022217,0.4863624572753906,3,3,3,3,3,3,3,3,3,FALSE,A
Q14582,MXD4,4,4,4,13,2.9156949520111084,0.150932177901268,2,0,0,3,3,3,2,0,0,FALSE,A
Q14586,ZNF267,1,1,1,17,1.885961890220642,0.009649261832237244,0,2,3,3,2,2,1,1,3,TRUE,C
Q14592,ZNF460,4,5,4,17,2.409384250640869,0.3428497612476349,3,3,3,0,0,0,3,3,2,FALSE,A
Q14596,NBR1,15,17,15,26,3.0715250968933105,0.6938351690769196,2,3,3,3,3,3,3,3,3,FALSE,A
Q14624,ITIH4,2,2,2,10,4.633956432342529,0.9008805751800537,3,3,3,0,0,0,1,0,0,FALSE,A
Q14642,INPP5A,3,3,3,26,3.1893718242645264,0.6148873567581177,2,3,3,3,3,3,3,3,3,FALSE,A
Q14651,PLS1,18,24,18,27,3.459884285926819,0.7312937676906586,3,3,3,3,3,3,3,3,3,FALSE,A
Q14653,IRF3,10,10,10,27,2.8303675651550293,0.44971877336502075,3,3,3,3,3,3,3,3,3,FALSE,A
Q14657,LAGE3,3,5,3,27,4.487915277481079,0.8831636309623718,3,3,3,3,3,3,3,3,3,FALSE,A
Q14669,TRIP12,60,80,60,27,4.102015972137451,0.7774717807769775,3,3,3,3,3,3,3,3,3,FALSE,A
Q14671,PUM1,20,27,20,27,4.208867788314819,0.850058913230896,3,3,3,3,3,3,3,3,3,FALSE,A
Q14674,ESPL1,5,5,5,23,2.9912599325180054,0.39619605243206024,0,3,2,3,3,3,3,3,3,FALSE,A
Q14676,MDC1,61,87,61,27,5.052196979522705,0.9134242534637451,3,3,3,3,3,3,3,3,3,FALSE,A
Q14677,CLINT1,17,26,17,27,5.000972032546997,0.9310377836227417,3,3,3,3,3,3,3,3,3,FALSE,A
Q14678,KANK1,1,1,1,5,2.4679625034332275,0,0,3,1,0,0,0,0,1,0,TRUE,C
Q14679,TTLL4,2,2,2,17,2.8920302391052246,0,0,2,0,3,3,3,3,3,0,FALSE,A
Q14680,MELK,7,7,7,23,2.428331136703491,0.5292894840240479,0,3,2,3,3,3,3,3,3,FALSE,A
Q14681,KCTD2,3,3,3,18,2.5265445709228516,0.15713807940483093,1,3,3,2,2,1,3,2,1,FALSE,A
Q14683,SMC1A,76,111,76,27,5.319185733795166,0.9266517162322998,3,3,3,3,3,3,3,3,3,FALSE,A
Q14684,RRP1B,35,52,35,27,5.6095380783081055,0.9540772438049316,3,3,3,3,3,3,3,3,3,FALSE,A
Q14686,NCOA6,18,22,18,27,3.855176568031311,0.7117977142333984,3,3,3,3,3,3,3,3,3,FALSE,A
Q14687,GSE1,28,33,28,27,3.44691801071167,0.6555017828941345,3,3,3,3,3,3,3,3,3,FALSE,A
Q14689,DIP2A,4,4,4,24,2.835200786590576,0.19375477731227875,2,3,2,3,3,3,3,3,2,FALSE,A
Q14690,PDCD11,82,122,82,27,4.715383529663086,0.890543520450592,3,3,3,3,3,3,3,3,3,FALSE,A
Q14691,GINS1,10,12,10,27,3.8253029584884644,0.8083488345146179,3,3,3,3,3,3,3,3,3,FALSE,A
Q14692,BMS1,41,48,41,27,4.418905258178711,0.8686010539531708,3,3,3,3,3,3,3,3,3,FALSE,A
Q14693,LPIN1,5,5,5,24,3.2015342712402344,0.0933011993765831,2,3,2,3,3,3,3,3,2,FALSE,A
Q14694,USP10,20,25,20,27,4.371168851852417,0.7937326431274414,3,3,3,3,3,3,3,3,3,FALSE,A
Q14696,MESD,14,19,14,27,5.602745771408081,0.9572842121124268,3,3,3,3,3,3,3,3,3,FALSE,A
Q14697,GANAB,44,78,45,27,5.855879783630371,0.9595938622951508,3,3,3,3,3,3,3,3,3,FALSE,A
Q14699,RFTN1,3,3,3,22,2.4764612913131714,0,0,3,2,3,2,3,3,3,3,FALSE,A
Q14703,MBTPS1,3,3,3,10,2.614095687866211,0.5342252254486084,0,2,3,0,0,1,2,1,1,FALSE,A
Q14728,MFSD10,3,3,3,27,3.924924373626709,0.9322764873504639,3,3,3,3,3,3,3,3,3,FALSE,A
Q14738,PPP2R5D,17,20,17,27,4.111047267913818,0.7993413209915161,3,3,3,3,3,3,3,3,3,FALSE,A
Q14739,LBR,15,26,15,27,4.581481456756592,0.9016823172569275,3,3,3,3,3,3,3,3,3,FALSE,A
Q14746,COG2,12,12,12,27,2.6292591094970703,0.26301029324531555,3,3,3,3,3,3,3,3,3,FALSE,A
Q14766,LTBP1,3,3,3,21,2.4186493158340454,0,3,3,3,3,2,2,3,2,0,FALSE,A
Q14774,HLX,1,1,1,12,3.4730868339538574,0.9284206330776215,0,0,0,3,2,2,3,2,0,TRUE,C
Q14781,CBX2,17,20,17,27,4.350149154663086,0.8961906433105469,3,3,3,3,3,3,3,3,3,FALSE,A
Q14789,GOLGB1,145,177,145,27,3.968276023864746,0.7887786030769348,3,3,3,3,3,3,3,3,3,FALSE,A
Q147X3,NAA30,6,7,6,27,3.858075737953186,0.5214932560920715,3,3,3,3,3,3,3,3,3,FALSE,A
Q14807,KIF22,31,39,31,27,4.263729810714722,0.7781000137329102,3,3,3,3,3,3,3,3,3,FALSE,A
Q14814,MEF2D,5,5,5,27,3.012031316757202,0.5838398039340973,3,3,3,3,3,3,3,3,3,FALSE,A
Q14839,CHD4,66,94,66,27,4.457160949707031,0.8658303022384644,3,3,3,3,3,3,3,3,3,FALSE,A
Q14847,LASP1,14,18,14,27,5.481968402862549,0.9252337217330933,3,3,3,3,3,3,3,3,3,FALSE,A
Q14865,ARID5B,13,13,13,27,3.2360196113586426,0.10872044414281845,3,3,3,3,3,3,3,3,3,FALSE,A
Q14919,DRAP1,8,11,8,27,5.9429545402526855,0.9671975672245026,3,3,3,3,3,3,3,3,3,FALSE,A
Q14938,NFIX,4,4,4,26,3.1119080781936646,0.4672314077615738,2,3,3,3,3,3,3,3,3,FALSE,A
Q14964,RAB39A,1,2,1,23,2.866060972213745,0.7457058429718018,1,3,2,2,3,3,3,3,3,TRUE,C
Q14966,ZNF638,71,103,71,27,4.759965181350708,0.906653881072998,3,3,3,3,3,3,3,3,3,FALSE,A
Q14974,KPNB1,36,59,36,27,5.293163776397705,0.9194071888923645,3,3,3,3,3,3,3,3,3,FALSE,A
Q14978,NOLC1,23,33,23,27,5.559575319290161,0.9177285432815552,3,3,3,3,3,3,3,3,3,FALSE,A
Q14980,NUMA1,114,171,114,27,5.511024475097656,0.935713529586792,3,3,3,3,3,3,3,3,3,FALSE,A
Q14997,PSME4,20,21,20,27,3.3263849020004272,0.5616795420646667,3,3,3,3,3,3,3,3,3,FALSE,A
Q14999,CUL7,3,3,3,19,2.240177631378174,0.5206100344657898,1,3,3,3,2,0,2,3,2,FALSE,A
Q149N8,SHPRH,26,26,26,26,2.8913954496383667,0.5855170488357544,2,3,3,3,3,3,3,3,3,FALSE,A
Q14BN4,SLMAP,30,35,30,27,3.7478086948394775,0.7475397288799286,3,3,3,3,3,3,3,3,3,FALSE,A
Q14C86,GAPVD1,35,39,35,27,4.0265374183654785,0.7546696066856384,3,3,3,3,3,3,3,3,3,FALSE,A
Q14CB8,ARHGAP19,7,7,7,27,3.0770074129104614,0.5139267444610596,3,3,3,3,3,3,3,3,3,FALSE,A
Q14CS0,UBXN2B,3,3,3,26,2.854876160621643,0,2,3,3,3,3,3,3,3,3,FALSE,A
Q14CW9,ATXN7L3,6,7,6,27,3.4916820526123047,0.516028881072998,3,3,3,3,3,3,3,3,3,FALSE,A
Q14CX7,NAA25,22,23,22,27,3.9214038848876953,0.7687960267066956,3,3,3,3,3,3,3,3,3,FALSE,A
Q14CZ0,HAPSTR1,1,1,1,27,3.1608970165252686,0,3,3,3,3,3,3,3,3,3,TRUE,C
Q14CZ7,FASTKD3,1,1,1,19,2.9704554080963135,0.6161777377128601,0,1,1,3,3,3,2,3,3,TRUE,C
Q15003,NCAPH,28,35,28,27,4.2045769691467285,0.8405599892139435,3,3,3,3,3,3,3,3,3,FALSE,A
Q15004,PCLAF,8,11,8,27,4.784128665924072,0.9510184526443481,3,3,3,3,3,3,3,3,3,FALSE,A
Q15005,SPCS2,9,12,9,27,4.760133266448975,0.8948698043823242,3,3,3,3,3,3,3,3,3,FALSE,A
Q15006,EMC2,11,14,11,27,4.974874019622803,0.8992704153060913,3,3,3,3,3,3,3,3,3,FALSE,A
Q15007,WTAP,11,12,11,27,4.651211500167847,0.8255371749401093,3,3,3,3,3,3,3,3,3,FALSE,A
Q15008,PSMD6,28,33,28,27,4.993374824523926,0.8909926414489746,3,3,3,3,3,3,3,3,3,FALSE,A
Q15011,HERPUD1,2,2,2,9,3.105257511138916,0.6799309849739075,2,3,1,1,0,0,1,1,0,FALSE,A
Q15012,LAPTM4A,2,2,2,12,2.9896302223205566,0.7487813830375671,3,3,3,1,0,0,1,0,1,FALSE,A
Q15013,MAD2L1BP,2,2,2,23,3.61290967464447,0.7878092229366302,0,3,2,3,3,3,3,3,3,FALSE,A
Q15014,MORF4L2,12,17,12,27,4.016960144042969,0.8729957342147827,3,3,3,3,3,3,3,3,3,FALSE,A
Q15018,ABRAXAS2,10,11,10,27,3.3910717964172363,0.698253333568573,3,3,3,3,3,3,3,3,3,FALSE,A
Q15019,SEPTIN2,24,37,24,27,5.477726459503174,0.9414220154285431,3,3,3,3,3,3,3,3,3,FALSE,A
Q15020,SART3,34,38,34,27,4.341367244720459,0.8568455576896667,3,3,3,3,3,3,3,3,3,FALSE,A
Q15021,NCAPD2,53,69,53,27,4.119884014129639,0.8535987138748169,3,3,3,3,3,3,3,3,3,FALSE,A
Q15022,SUZ12,28,34,28,27,3.9046833515167236,0.8231468796730042,3,3,3,3,3,3,3,3,3,FALSE,A
Q15024,EXOSC7,15,18,15,27,4.861224412918091,0.9197494089603424,3,3,3,3,3,3,3,3,3,FALSE,A
Q15025,TNIP1,18,20,18,27,3.932806372642517,0.8278713524341583,3,3,3,3,3,3,3,3,3,FALSE,A
Q15029,EFTUD2,53,77,53,27,5.498357772827148,0.9329809546470642,3,3,3,3,3,3,3,3,3,FALSE,A
Q15031,LARS2,25,28,25,27,3.506591558456421,0.8017483353614807,3,3,3,3,3,3,3,3,3,FALSE,A
Q15032,R3HDM1,9,11,9,27,3.3346824645996094,0.6663578152656555,3,3,3,3,3,3,3,3,3,FALSE,A
Q15036,SNX17,14,15,14,27,3.4841835498809814,0.7271842658519745,3,3,3,3,3,3,3,3,3,FALSE,A
Q15040,JOSD1,2,2,2,9,2.639892339706421,0.6886161267757416,0,3,2,1,1,1,1,0,0,FALSE,A
Q15041,ARL6IP1,3,4,3,25,3.7471935749053955,0.7854390740394592,3,3,3,3,3,2,3,3,2,FALSE,A
Q15042,RAB3GAP1,31,41,31,27,3.433847427368164,0.7010473608970642,3,3,3,3,3,3,3,3,3,FALSE,A
Q15043,SLC39A14,3,5,3,27,4.586658477783203,0.9088186025619507,3,3,3,3,3,3,3,3,3,FALSE,A
Q15046,KARS1,26,39,26,27,5.38584303855896,0.9174837470054626,3,3,3,3,3,3,3,3,3,FALSE,A
Q15047,SETDB1,29,32,29,27,3.1671204566955566,0.3819625973701477,3,3,3,3,3,3,3,3,3,FALSE,A
Q15048,LRRC14,5,5,5,23,2.9868472814559937,0.2858506590127945,0,3,2,3,3,3,3,3,3,FALSE,A
Q15050,RRS1,19,27,19,27,5.176299095153809,0.9430626034736633,3,3,3,3,3,3,3,3,3,FALSE,A
Q15051,IQCB1,4,4,4,20,2.4787442684173584,0.15226313471794128,0,3,2,1,3,3,2,3,3,FALSE,A
Q15052,ARHGEF6,9,10,9,27,3.2400838136672974,0.7704328000545502,3,3,3,3,3,3,3,3,3,FALSE,A
Q15054,POLD3,11,12,11,27,3.9818743467330933,0.8325328528881073,3,3,3,3,3,3,3,3,3,FALSE,A
Q15056,EIF4H,14,18,14,27,5.034376382827759,0.9454330503940582,3,3,3,3,3,3,3,3,3,FALSE,A
Q15057,ACAP2,8,8,8,21,2.4722121953964233,0.22894681990146637,0,3,2,2,3,3,3,3,2,FALSE,A
Q15058,KIF14,26,26,26,27,3.28019118309021,0.4145473837852478,3,3,3,3,3,3,3,3,3,FALSE,A
Q15059,BRD3,19,26,19,27,5.366905212402344,0.9338138103485107,3,3,3,3,3,3,3,3,3,FALSE,A
Q15061,WDR43,25,32,25,27,4.752801418304443,0.9004549384117126,3,3,3,3,3,3,3,3,3,FALSE,A
Q15067,ACOX1,21,27,21,27,4.3701841831207275,0.8590002059936523,3,3,3,3,3,3,3,3,3,FALSE,A
Q15070,OXA1L,7,9,7,27,3.6332671642303467,0.7687230706214905,3,3,3,3,3,3,3,3,3,FALSE,A
Q15072,ZNF146,9,12,9,27,3.830491065979004,0.8505429029464722,3,3,3,3,3,3,3,3,3,FALSE,A
Q15075,EEA1,75,112,75,27,4.656671524047852,0.8816084265708923,3,3,3,3,3,3,3,3,3,FALSE,A
Q15084,PDIA6,19,31,19,27,6.139338970184326,0.9583823382854462,3,3,3,3,3,3,3,3,3,FALSE,A
Q15102,PAFAH1B3,10,14,10,27,4.524628162384033,0.8650752305984497,3,3,3,3,3,3,3,3,3,FALSE,A
Q15118,PDK1,5,5,5,23,3.8890979290008545,0.6964123249053955,0,3,2,3,3,3,3,3,3,FALSE,A
Q15119,PDK2,7,7,7,24,2.59633207321167,0.3890257775783539,0,3,3,3,3,3,3,3,3,FALSE,A
Q15120,PDK3,14,16,14,27,3.422999382019043,0.7294902801513672,3,3,3,3,3,3,3,3,3,FALSE,A
Q15121,PEA15,3,5,3,27,3.735369563102722,0.9097271859645844,3,3,3,3,3,3,3,3,3,FALSE,A
Q15125,EBP,2,2,2,27,3.720073938369751,0.5783656537532806,3,3,3,3,3,3,3,3,3,FALSE,A
Q15126,PMVK,11,15,11,27,4.887360572814941,0.8940281271934509,3,3,3,3,3,3,3,3,3,FALSE,A
Q15139,PRKD1,2,2,2,21,2.760854959487915,0.48494386672973633,1,3,2,3,2,2,3,3,2,FALSE,A
Q15149,PLEC,193,235,193,27,4.145139217376709,0.8006985783576965,3,3,3,3,3,3,3,3,3,FALSE,A
Q15154,PCM1,49,57,49,27,3.967888116836548,0.659557044506073,3,3,3,3,3,3,3,3,3,FALSE,A
Q15155,NOMO1,3,3,3,22,2.685178518295288,0,1,3,3,1,2,3,3,3,3,FALSE,A
Q15165,PON2,8,13,8,27,3.9574180841445923,0.8618999719619751,3,3,3,3,3,3,3,3,3,FALSE,A
Q15170,TCEAL1,5,6,5,27,3.427879571914673,0.5801488161087036,3,3,3,3,3,3,3,3,3,FALSE,A
Q15172,PPP2R5A,6,6,6,24,2.6210319995880127,0.039329688996076584,1,3,2,3,3,3,3,3,3,FALSE,A
Q15173,PPP2R5B,2,2,2,19,2.162339687347412,0,0,3,2,2,3,2,3,3,1,FALSE,A
Q15181,PPA1,20,35,20,27,5.958385705947876,0.9661556780338287,3,3,3,3,3,3,3,3,3,FALSE,A
Q15185,PTGES3,9,14,9,27,6.235391616821289,0.9710423946380615,3,3,3,3,3,3,3,3,3,FALSE,A
Q15208,STK38,8,10,8,27,3.220858573913574,0.7413950562477112,3,3,3,3,3,3,3,3,3,FALSE,A
Q15223,NECTIN1,2,2,2,9,3.1764074563980103,0,3,3,3,0,0,0,0,0,0,FALSE,A
Q15233,NONO,22,40,22,27,6.239586353302002,0.9629286825656891,3,3,3,3,3,3,3,3,3,FALSE,A
Q15257,PTPA,9,10,9,27,4.668797492980957,0.8695558607578278,3,3,3,3,3,3,3,3,3,FALSE,A
Q15262,PTPRK,11,11,11,27,2.5902061462402344,0.4120832085609436,3,3,3,3,3,3,3,3,3,FALSE,A
Q15269,PWP2,34,46,34,27,4.3401031494140625,0.8656644821166992,3,3,3,3,3,3,3,3,3,FALSE,A
Q15274,QPRT,8,12,8,27,3.900380849838257,0.7668199241161346,3,3,3,3,3,3,3,3,3,FALSE,A
Q15276,RABEP1,14,14,14,27,2.55475389957428,0.3503247946500778,3,3,3,3,3,3,3,3,3,FALSE,A
Q15283,RASA2,2,2,2,22,3.416975259780884,0.5725986957550049,1,3,3,2,2,2,3,3,3,FALSE,A
Q15286,RAB35,11,18,11,27,4.7695629596710205,0.8273665904998779,3,3,3,3,3,3,3,3,3,FALSE,A
Q15287,RNPS1,6,8,6,27,6.756437540054321,0.9851206541061401,3,3,3,3,3,3,3,3,3,FALSE,A
Q15291,RBBP5,20,24,21,27,4.554032325744629,0.8740343451499939,3,3,3,3,3,3,3,3,3,FALSE,A
Q15293,RCN1,15,25,15,27,4.823608875274658,0.9131833612918854,3,3,3,3,3,3,3,3,3,FALSE,A
Q15311,RALBP1,9,10,9,26,3.47524094581604,0.7001380324363708,3,3,2,3,3,3,3,3,3,FALSE,A
Q15326,ZMYND11,12,15,12,27,3.203258514404297,0.5586905181407928,3,3,3,3,3,3,3,3,3,FALSE,A
Q15334,LLGL1,17,18,17,25,3.3004297018051147,0.7880204617977142,2,3,2,3,3,3,3,3,3,FALSE,A
Q15345,LRRC41,7,7,7,27,3.1753824949264526,0.4895995259284973,3,3,3,3,3,3,3,3,3,FALSE,A
Q15361,TTF1,18,19,18,27,3.245698571205139,0.6612932980060577,3,3,3,3,3,3,3,3,3,FALSE,A
Q15363,TMED2,5,7,5,27,5.669982433319092,0.9644253253936768,3,3,3,3,3,3,3,3,3,FALSE,A
Q15365,PCBP1,11,15,11,27,6.2178521156311035,0.9646872878074646,3,3,3,3,3,3,3,3,3,FALSE,A
Q15366,PCBP2,8,12,8,27,5.579258918762207,0.9437217116355896,3,3,3,3,3,3,3,3,3,FALSE,A
Q15369,ELOC,6,10,6,27,5.1651763916015625,0.9320676326751709,3,3,3,3,3,3,3,3,3,FALSE,A
Q15370,ELOB,6,8,6,27,5.266058921813965,0.895925760269165,3,3,3,3,3,3,3,3,3,FALSE,A
Q15375,EPHA7,18,18,18,27,3.6201189756393433,0.5860433578491211,3,3,3,3,3,3,3,3,3,FALSE,A
Q15382,RHEB,10,13,10,27,4.440229415893555,0.8371328711509705,3,3,3,3,3,3,3,3,3,FALSE,A
Q15386,UBE3C,22,24,22,25,3.040489435195923,0.5195276141166687,2,3,2,3,3,3,3,3,3,FALSE,A
Q15388,TOMM20,4,7,4,27,5.467258930206299,0.9590069055557251,3,3,3,3,3,3,3,3,3,FALSE,A
Q15390,MTFR1,3,4,3,23,2.727254867553711,0.2643483281135559,2,3,1,3,3,3,3,3,2,FALSE,A
Q15392,DHCR24,10,14,10,26,3.6095237731933594,0.7767853736877441,2,3,3,3,3,3,3,3,3,FALSE,A
Q15393,SF3B3,52,77,52,27,5.552601337432861,0.9425965547561646,3,3,3,3,3,3,3,3,3,FALSE,A
Q15397,PUM3,28,43,28,27,4.6116557121276855,0.8668215870857239,3,3,3,3,3,3,3,3,3,FALSE,A
Q15398,DLGAP5,30,35,30,27,3.6941933631896973,0.777075469493866,3,3,3,3,3,3,3,3,3,FALSE,A
Q15404,RSU1,12,15,12,27,4.241418838500977,0.879632830619812,3,3,3,3,3,3,3,3,3,FALSE,A
Q15417,CNN3,13,20,13,27,5.572080612182617,0.949395477771759,3,3,3,3,3,3,3,3,3,FALSE,A
Q15418,RPS6KA1,13,17,13,26,2.965230703353882,0.7508635520935059,3,3,2,3,3,3,3,3,3,FALSE,A
Q15424,SAFB,25,38,26,27,5.405407428741455,0.9259482622146606,3,3,3,3,3,3,3,3,3,FALSE,A
Q15427,SF3B4,6,8,6,27,5.021387577056885,0.921789824962616,3,3,3,3,3,3,3,3,3,FALSE,A
Q15428,SF3A2,11,19,11,27,5.580236434936523,0.9474549889564514,3,3,3,3,3,3,3,3,3,FALSE,A
Q15434,RBMS2,3,3,3,27,3.3974037170410156,0.4272807240486145,3,3,3,3,3,3,3,3,3,FALSE,A
Q15435,PPP1R7,20,26,20,27,5.041994571685791,0.8872949182987213,3,3,3,3,3,3,3,3,3,FALSE,A
Q15436,SEC23A,21,26,21,27,3.8517603874206543,0.776138186454773,3,3,3,3,3,3,3,3,3,FALSE,A
Q15437,SEC23B,16,19,16,26,3.362884044647217,0.7067313194274902,2,3,3,3,3,3,3,3,3,FALSE,A
Q15438,CYTH1,2,2,2,27,2.4118812084198,0.4434826523065567,3,3,3,3,3,3,3,3,3,FALSE,A
Q15459,SF3A1,38,58,38,27,5.73422384262085,0.9357913136482239,3,3,3,3,3,3,3,3,3,FALSE,A
Q15464,SHB,9,9,9,27,3.764054536819458,0.6146530508995056,3,3,3,3,3,3,3,3,3,FALSE,A
Q15468,STIL,3,3,3,7,2.1750972270965576,0,0,3,2,0,0,0,1,1,0,FALSE,A
Q15475,SIX1,3,5,3,27,4.037954211235046,0.8227312862873077,3,3,3,3,3,3,3,3,3,FALSE,A
Q15477,SKIC2,23,23,23,25,2.5983898639678955,0.3956136554479599,2,3,2,3,3,3,3,3,3,FALSE,A
Q15493,RGN,2,2,2,5,4.058813810348511,0.6357509791851044,0,3,2,0,0,0,0,0,0,FALSE,A
Q15506,SPA17,1,1,1,9,2.9181623458862305,0.5718288421630859,2,1,2,0,1,2,1,0,0,TRUE,C
Q15517,CDSN,1,1,1,15,2.589482307434082,0,3,1,0,1,2,2,2,1,3,TRUE,C
Q15526,SURF1,5,5,5,27,3.709836721420288,0.697782427072525,3,3,3,3,3,3,3,3,3,FALSE,A
Q15527,SURF2,5,7,5,27,4.754314422607422,0.9199410676956177,3,3,3,3,3,3,3,3,3,FALSE,A
Q15528,MED22,4,6,4,27,3.029110908508301,0.5695933401584625,3,3,3,3,3,3,3,3,3,FALSE,A
Q15532,SS18,1,1,1,8,3.683908462524414,0.556797444820404,0,0,0,2,2,2,1,1,0,TRUE,C
Q15542,TAF5,14,17,14,26,3.39983868598938,0.7448109984397888,2,3,3,3,3,3,3,3,3,FALSE,A
Q15543,TAF13,2,2,2,23,3.6957221031188965,0.6896606683731079,3,0,2,3,3,3,3,3,3,FALSE,A
Q15544,TAF11,3,4,3,27,3.378842353820801,0.3923165500164032,3,3,3,3,3,3,3,3,3,FALSE,A
Q15545,TAF7,19,24,19,27,4.091804504394531,0.7123092114925385,3,3,3,3,3,3,3,3,3,FALSE,A
Q15554,TERF2,19,23,19,27,4.408839464187622,0.8163118660449982,3,3,3,3,3,3,3,3,3,FALSE,A
Q15555,MAPRE2,12,19,12,27,3.9489755630493164,0.7806179821491241,3,3,3,3,3,3,3,3,3,FALSE,A
Q15560,TCEA2,9,10,9,27,3.3707687854766846,0.6441632509231567,3,3,3,3,3,3,3,3,3,FALSE,A
Q15561,TEAD4,1,2,1,21,2.8335477113723755,0.5985964834690094,1,3,2,3,2,3,2,2,3,TRUE,C
Q15572,TAF1C,3,3,3,18,2.386470079421997,0.5650199055671692,1,3,2,2,3,3,1,0,3,FALSE,A
Q15573,TAF1A,3,3,3,20,2.5738425254821777,0.3454349637031555,0,1,2,3,3,3,2,3,3,FALSE,A
Q15596,NCOA2,17,19,17,27,3.01090669631958,0.309567391872406,3,3,3,3,3,3,3,3,3,FALSE,A
Q15599,NHERF2,18,28,18,27,4.181178331375122,0.7503760457038879,3,3,3,3,3,3,3,3,3,FALSE,A
Q15628,TRADD,6,8,6,27,3.935319185256958,0.6171204149723053,3,3,3,3,3,3,3,3,3,FALSE,A
Q15629,TRAM1,5,6,5,27,3.636380672454834,0.5301915407180786,3,3,3,3,3,3,3,3,3,FALSE,A
Q15631,TSN,11,14,11,27,5.0928239822387695,0.9014137983322144,3,3,3,3,3,3,3,3,3,FALSE,A
Q15633,TARBP2,10,14,10,27,4.083840847015381,0.8275359869003296,3,3,3,3,3,3,3,3,3,FALSE,A
Q15637,SF1,17,28,17,27,5.9991679191589355,0.9561246633529663,3,3,3,3,3,3,3,3,3,FALSE,A
Q15642,TRIP10,19,26,19,27,4.03523588180542,0.8444380164146423,3,3,3,3,3,3,3,3,3,FALSE,A
Q15643,TRIP11,46,52,46,27,3.444934844970703,0.6670388579368591,3,3,3,3,3,3,3,3,3,FALSE,A
Q15645,TRIP13,18,22,18,27,3.5355403423309326,0.5845384001731873,3,3,3,3,3,3,3,3,3,FALSE,A
Q15648,MED1,34,45,34,27,3.6890883445739746,0.7520101070404053,3,3,3,3,3,3,3,3,3,FALSE,A
Q15649,ZNHIT3,5,6,5,17,3.5686256885528564,0.4376029819250107,3,3,3,3,1,0,3,1,0,FALSE,A
Q15650,TRIP4,15,17,15,27,3.4241416454315186,0.48564088344573975,3,3,3,3,3,3,3,3,3,FALSE,A
Q15651,HMGN3,2,2,2,9,4.932729005813599,0.9413051009178162,2,0,2,2,0,1,0,2,0,FALSE,A
Q15652,JMJD1C,13,14,13,27,2.645992875099182,0.4517317861318588,3,3,3,3,3,3,3,3,3,FALSE,A
Q15653,NFKBIB,2,2,2,25,3.100790500640869,0.3339378237724304,2,3,2,3,3,3,3,3,3,FALSE,A
Q15654,TRIP6,17,26,17,27,4.783050298690796,0.869919627904892,3,3,3,3,3,3,3,3,3,FALSE,A
Q15678,PTPN14,9,9,9,23,2.7292919158935547,0,0,3,2,3,3,3,3,3,3,FALSE,A
Q15691,MAPRE1,15,25,15,27,6.07307243347168,0.9521431922912598,3,3,3,3,3,3,3,3,3,FALSE,A
Q15696,ZRSR2,1,1,1,21,2.1398136615753174,0,1,3,3,1,3,3,2,2,3,TRUE,C
Q15697,ZNF174,2,2,2,24,3.6155807971954346,0.7011756300926208,1,2,3,3,3,3,3,3,3,FALSE,A
Q15714,TSC22D1,2,2,2,26,2.950210452079773,0.8379510045051575,3,3,3,3,3,3,3,3,2,FALSE,A
Q15717,ELAVL1,17,26,17,27,6.178348064422607,0.9501370787620544,3,3,3,3,3,3,3,3,3,FALSE,A
Q15723,ELF2,10,11,10,27,3.4128828048706055,0.7564117312431335,3,3,3,3,3,3,3,3,3,FALSE,A
Q15738,NSDHL,17,27,17,27,4.466438293457031,0.8796842694282532,3,3,3,3,3,3,3,3,3,FALSE,A
Q15742,NAB2,5,5,5,26,3.0791406631469727,0,3,3,2,3,3,3,3,3,3,FALSE,A
Q15750,TAB1,19,22,19,27,3.686319351196289,0.6105737686157227,3,3,3,3,3,3,3,3,3,FALSE,A
Q15758,SLC1A5,13,16,13,27,5.015382289886475,0.8647268414497375,3,3,3,3,3,3,3,3,3,FALSE,A
Q15768,EFNB3,4,4,4,27,3.2148332595825195,0.6390450596809387,3,3,3,3,3,3,3,3,3,FALSE,A
Q15773,MLF2,8,10,8,27,3.7640098333358765,0.8139672875404358,3,3,3,3,3,3,3,3,3,FALSE,A
Q15776,ZKSCAN8,9,12,9,27,4.090024948120117,0.6775625944137573,3,3,3,3,3,3,3,3,3,FALSE,A
Q15777,MPPED2,2,2,2,14,2.7888938188552856,0.5737415552139282,3,2,3,3,1,0,1,0,1,FALSE,A
Q15785,TOMM34,20,33,20,27,4.720552682876587,0.8629562854766846,3,3,3,3,3,3,3,3,3,FALSE,A
Q15788,NCOA1,9,9,9,25,2.890991687774658,0.10649660974740982,2,3,2,3,3,3,3,3,3,FALSE,A
Q15796,SMAD2,3,3,3,24,3.8239364624023438,0.04137046402320266,1,3,2,3,3,3,3,3,3,FALSE,A
Q15797,SMAD1,2,2,2,26,3.7185741662979126,0.7073258757591248,3,3,3,3,3,3,2,3,3,FALSE,A
Q15800,MSMO1,4,4,4,27,4.135429859161377,0.8510098457336426,3,3,3,3,3,3,3,3,3,FALSE,A
Q15811,ITSN1,38,42,38,27,3.819515109062195,0.7992367148399353,3,3,3,3,3,3,3,3,3,FALSE,A
Q15813,TBCE,27,35,27,27,3.952829599380493,0.8597354590892792,3,3,3,3,3,3,3,3,3,FALSE,A
Q15814,TBCC,7,7,7,27,3.476690888404846,0.7229512333869934,3,3,3,3,3,3,3,3,3,FALSE,A
Q15818,NPTX1,3,4,3,27,3.469064950942993,0.7314873933792114,3,3,3,3,3,3,3,3,3,FALSE,A
Q15819,UBE2V2,4,4,4,27,5.615622043609619,0.7659594118595123,3,3,3,3,3,3,3,3,3,FALSE,A
Q15831,STK11,3,3,3,25,2.5556206703186035,0.519157886505127,2,3,2,3,3,3,3,3,3,FALSE,A
Q15833,STXBP2,21,25,21,27,3.4018421173095703,0.6698164343833923,3,3,3,3,3,3,3,3,3,FALSE,A
Q15834,CCDC85B,6,6,6,27,3.018294334411621,0.609796404838562,3,3,3,3,3,3,3,3,3,FALSE,A
Q15836,VAMP3,2,3,2,27,5.521647930145264,0.9470558166503906,3,3,3,3,3,3,3,3,3,FALSE,A
Q15853,USF2,4,6,4,27,4.703323841094971,0.8248013257980347,3,3,3,3,3,3,3,3,3,FALSE,A
Q15904,ATP6AP1,14,16,14,27,4.236102104187012,0.9062694907188416,3,3,3,3,3,3,3,3,3,FALSE,A
Q15906,VPS72,11,16,11,27,4.4671196937561035,0.8183115422725677,3,3,3,3,3,3,3,3,3,FALSE,A
Q15907,RAB11B,2,3,2,27,5.084768295288086,0.942245602607727,3,3,3,3,3,3,3,3,3,FALSE,A
Q15910,EZH2,22,32,22,27,4.2707765102386475,0.8371385335922241,3,3,3,3,3,3,3,3,3,FALSE,A
Q15911,ZFHX3,8,8,8,27,2.5370001792907715,0.5068504810333252,3,3,3,3,3,3,3,3,3,FALSE,A
Q15942,ZYX,18,27,18,27,4.991354465484619,0.8947511315345764,3,3,3,3,3,3,3,3,3,FALSE,A
Q16134,ETFDH,27,39,27,27,4.254988193511963,0.8023275136947632,3,3,3,3,3,3,3,3,3,FALSE,A
Q16181,SEPTIN7,23,28,23,27,5.264510154724121,0.9108145236968994,3,3,3,3,3,3,3,3,3,FALSE,A
Q16186,ADRM1,7,12,7,27,4.265560150146484,0.8662014007568359,3,3,3,3,3,3,3,3,3,FALSE,A
Q16204,CCDC6,21,30,21,27,5.527362823486328,0.9352695345878601,3,3,3,3,3,3,3,3,3,FALSE,A
Q16206,ENOX2,1,1,1,19,2.7967898845672607,0,0,3,2,1,3,3,2,2,3,TRUE,C
Q16222,UAP1,19,26,19,27,4.082461595535278,0.7917194366455078,3,3,3,3,3,3,3,3,3,FALSE,A
Q16236,NFE2L2,1,1,1,13,2.3277595043182373,0.42896541953086853,3,3,1,0,1,1,3,1,0,TRUE,C
Q16270,IGFBP7,9,10,9,27,2.53011953830719,0.2678471505641937,3,3,3,3,3,3,3,3,3,FALSE,A
Q16342,PDCD2,6,6,6,27,3.4265530109405518,0.6229875683784485,3,3,3,3,3,3,3,3,3,FALSE,A
Q16352,INA,23,30,23,27,4.849040985107422,0.8866151571273804,3,3,3,3,3,3,3,3,3,FALSE,A
Q16363,LAMA4,3,3,3,13,2.9847229719161987,0.5451851189136505,0,0,1,1,3,3,3,2,0,FALSE,A
Q16394,EXT1,2,2,2,5,2.8173508644104004,0.7473610043525696,0,3,2,0,0,0,0,0,0,FALSE,A
Q16512,PKN1,13,13,13,27,3.7644524574279785,0.7344759404659271,3,3,3,3,3,3,3,3,3,FALSE,A
Q16513,PKN2,31,33,31,27,4.173699855804443,0.8202784657478333,3,3,3,3,3,3,3,3,3,FALSE,A
Q16514,TAF12,4,4,4,27,4.960071563720703,0.8892601430416107,3,3,3,3,3,3,3,3,3,FALSE,A
Q16527,CSRP2,14,24,14,27,5.813262701034546,0.9540883004665375,3,3,3,3,3,3,3,3,3,FALSE,A
Q16531,DDB1,45,66,45,27,5.244133949279785,0.9315455555915833,3,3,3,3,3,3,3,3,3,FALSE,A
Q16533,SNAPC1,5,5,5,24,3.038548469543457,0.7322314381599426,1,3,2,3,3,3,3,3,3,FALSE,A
Q16537,PPP2R5E,8,10,8,27,3.6469579935073853,0.6084384918212891,3,3,3,3,3,3,3,3,3,FALSE,A
Q16539,MAPK14,12,18,12,27,3.7517571449279785,0.7307828068733215,3,3,3,3,3,3,3,3,3,FALSE,A
Q16540,MRPL23,7,8,7,27,4.389174461364746,0.8428466320037842,3,3,3,3,3,3,3,3,3,FALSE,A
Q16543,CDC37,13,17,13,27,6.195005416870117,0.9735037088394165,3,3,3,3,3,3,3,3,3,FALSE,A
Q16555,DPYSL2,23,34,23,27,4.721382141113281,0.8634322285652161,3,3,3,3,3,3,3,3,3,FALSE,A
Q16560,SNRNP35,3,3,3,27,3.458216667175293,0.8160052299499512,3,3,3,3,3,3,3,3,3,FALSE,A
Q16563,SYPL1,3,4,3,27,2.847287893295288,0.5864318609237671,3,3,3,3,3,3,3,3,3,FALSE,A
Q16576,RBBP7,11,20,11,27,5.661544322967529,0.9618818163871765,3,3,3,3,3,3,3,3,3,FALSE,A
Q16594,TAF9,3,4,3,27,3.4544789791107178,0.5745194554328918,3,3,3,3,3,3,3,3,3,FALSE,A
Q16595,FXN,5,6,5,27,3.5495593547821045,0.8138450086116791,3,3,3,3,3,3,3,3,3,FALSE,A
Q16600,ZNF239,1,1,1,11,1.8478283882141113,0,3,3,2,0,0,0,2,1,0,TRUE,C
Q16611,BAK1,7,8,7,27,3.8271965980529785,0.665818989276886,3,3,3,3,3,3,3,3,3,FALSE,A
Q16619,CTF1,1,1,1,15,2.162663459777832,0.7164649963378906,1,3,2,1,3,2,1,2,0,TRUE,C
Q16625,OCLN,18,25,18,27,4.976994514465332,0.921231210231781,3,3,3,3,3,3,3,3,3,FALSE,A
Q16626,MEA1,2,2,2,3,2.536999225616455,0.03305218368768692,1,1,1,0,0,0,0,0,0,FALSE,A
Q16629,SRSF7,12,18,12,27,6.45049524307251,0.9749475717544556,3,3,3,3,3,3,3,3,3,FALSE,A
Q16630,CPSF6,15,24,15,27,6.226101875305176,0.9731212258338928,3,3,3,3,3,3,3,3,3,FALSE,A
Q16637,SMN2,9,13,9,27,5.145899772644043,0.9157095551490784,3,3,3,3,3,3,3,3,3,FALSE,A
Q16643,DBN1,19,31,19,27,4.799487829208374,0.8744107186794281,3,3,3,3,3,3,3,3,3,FALSE,A
Q16644,MAPKAPK3,4,4,4,27,3.5281344652175903,0.766636997461319,3,3,3,3,3,3,3,3,3,FALSE,A
Q16649,NFIL3,6,6,6,26,2.6477073431015015,0.1514313444495201,3,3,2,3,3,3,3,3,3,FALSE,A
Q16656,NRF1,8,8,8,27,4.291730165481567,0.876615047454834,3,3,3,3,3,3,3,3,3,FALSE,A
Q16658,FSCN1,17,20,17,27,4.6421058177948,0.8568029701709747,3,3,3,3,3,3,3,3,3,FALSE,A
Q16670,ZSCAN26,9,11,9,27,3.3210771083831787,0.39436835050582886,3,3,3,3,3,3,3,3,3,FALSE,A
Q16698,DECR1,17,25,17,27,5.262199878692627,0.9235684871673584,3,3,3,3,3,3,3,3,3,FALSE,A
Q16706,MAN2A1,23,23,23,27,2.838846206665039,0.5932511687278748,3,3,3,3,3,3,3,3,3,FALSE,A
Q16718,NDUFA5,7,11,7,27,5.469728946685791,0.9323786497116089,3,3,3,3,3,3,3,3,3,FALSE,A
Q16739,UGCG,4,5,4,7,3.005086660385132,0.7156420350074768,0,3,2,0,0,0,0,0,2,FALSE,A
Q16740,CLPP,10,14,10,27,4.958159923553467,0.886298269033432,3,3,3,3,3,3,3,3,3,FALSE,A
Q16762,TST,12,17,12,27,4.2387590408325195,0.8580719828605652,3,3,3,3,3,3,3,3,3,FALSE,A
Q16763,UBE2S,9,13,9,27,4.851480007171631,0.7585403323173523,3,3,3,3,3,3,3,3,3,FALSE,A
Q16769,QPCT,5,5,5,12,3.173972725868225,0.316948264837265,3,3,3,2,0,0,0,0,1,FALSE,A
Q16773,KYAT1,5,6,5,27,2.9849579334259033,0.739137589931488,3,3,3,3,3,3,3,3,3,FALSE,A
Q16774,GUK1,9,11,9,27,4.691462755203247,0.9170621931552887,3,3,3,3,3,3,3,3,3,FALSE,A
Q16775,HAGH,11,17,11,27,5.333519458770752,0.9457234144210815,3,3,3,3,3,3,3,3,3,FALSE,A
Q16787,LAMA3,7,7,7,26,2.425455927848816,0,3,3,3,3,2,3,3,3,3,FALSE,A
Q16795,NDUFA9,17,23,17,27,3.989196300506592,0.8900877833366394,3,3,3,3,3,3,3,3,3,FALSE,A
Q16799,RTN1,10,11,10,27,2.9763245582580566,0.31564435362815857,3,3,3,3,3,3,3,3,3,FALSE,A
Q16822,PCK2,24,26,24,27,4.315904140472412,0.8099536895751953,3,3,3,3,3,3,3,3,3,FALSE,A
Q16831,UPP1,2,2,2,20,2.84296190738678,0.5384474694728851,0,3,1,2,3,2,3,3,3,FALSE,A
Q16832,DDR2,21,23,21,27,3.1582019329071045,0.6528412699699402,3,3,3,3,3,3,3,3,3,FALSE,A
Q16836,HADH,13,22,13,27,5.392024993896484,0.9376550316810608,3,3,3,3,3,3,3,3,3,FALSE,A
Q16850,CYP51A1,19,21,19,27,3.8216660022735596,0.8004826903343201,3,3,3,3,3,3,3,3,3,FALSE,A
Q16851,UGP2,25,30,25,27,3.880648970603943,0.7932956218719482,3,3,3,3,3,3,3,3,3,FALSE,A
Q16854,DGUOK,6,6,6,25,3.069860577583313,0.6848385632038116,3,3,3,3,3,2,3,2,3,FALSE,A
Q16864,ATP6V1F,3,3,3,25,2.8753502368927,0.49217143654823303,2,3,2,3,3,3,3,3,3,FALSE,A
Q16875,PFKFB3,4,4,4,27,3.249669075012207,0.4808819890022278,3,3,3,3,3,3,3,3,3,FALSE,A
Q16877,PFKFB4,2,2,2,21,2.583564877510071,0,3,3,3,3,1,2,2,2,2,FALSE,A
Q16880,UGT8,5,5,5,23,2.914921760559082,0.8059382438659668,1,3,2,3,3,3,2,3,3,FALSE,A
Q16881,TXNRD1,24,39,24,27,5.23532247543335,0.9372134208679199,3,3,3,3,3,3,3,3,3,FALSE,A
Q16890,TPD52L1,7,9,8,27,4.5040154457092285,0.7412859797477722,3,3,3,3,3,3,3,3,3,FALSE,A
Q16891,IMMT,46,71,46,27,4.687399625778198,0.8921305239200592,3,3,3,3,3,3,3,3,3,FALSE,A
Q17R31,TATDN3,14,18,14,27,3.7100415229797363,0.8200760781764984,3,3,3,3,3,3,3,3,3,FALSE,A
Q17RN3,FAM98C,4,4,4,18,2.337064504623413,0.3558412790298462,1,3,2,2,1,3,3,3,0,FALSE,A
Q17RS7,GEN1,6,6,6,24,3.0838533639907837,0.36042043566703796,2,3,2,3,3,3,3,3,2,FALSE,A
Q17RY0,CPEB4,3,3,3,25,2.99311101436615,0.6649351716041565,2,3,2,3,3,3,3,3,3,FALSE,A
Q1ED39,KNOP1,28,42,28,27,4.597835540771484,0.8933565616607666,3,3,3,3,3,3,3,3,3,FALSE,A
Q1KMD3,HNRNPUL2,36,51,36,27,5.304602384567261,0.9284660518169403,3,3,3,3,3,3,3,3,3,FALSE,A
Q1L5Z9,LONRF2,5,5,5,20,2.675455331802368,0.08089885860681534,3,3,2,1,1,2,3,2,3,FALSE,A
Q1MSJ5,CSPP1,17,20,17,27,2.8830974102020264,0.40007153153419495,3,3,3,3,3,3,3,3,3,FALSE,A
Q1ZZU3,SWI5,1,1,1,16,2.9178833961486816,0.10340902209281921,1,2,0,2,3,3,3,2,0,TRUE,C
Q24JP5,TMEM132A,11,12,11,13,3.6463022232055664,0.5452780723571777,3,3,3,1,1,0,2,0,0,FALSE,A
Q27J81,INF2,27,30,27,27,3.453569173812866,0.724370539188385,3,3,3,3,3,3,3,3,3,FALSE,A
Q29983,MICA,2,3,2,27,3.6368408203125,0.8534764647483826,3,3,3,3,3,3,3,3,3,FALSE,A
Q29RF7,PDS5A,51,63,51,27,3.940101146697998,0.7916545271873474,3,3,3,3,3,3,3,3,3,FALSE,A
Q2KHR2,RFX7,11,11,11,27,2.5294511318206787,0.3811251074075699,3,3,3,3,3,3,3,3,3,FALSE,A
Q2KHR3,QSER1,24,29,24,27,3.5341973304748535,0.6681390404701233,3,3,3,3,3,3,3,3,3,FALSE,A
Q2M1K9,ZNF423,4,4,4,23,2.388007402420044,0.1949351280927658,2,3,3,3,1,2,3,3,3,FALSE,A
Q2M1P5,KIF7,29,33,29,27,3.1012684106826782,0.5387910604476929,3,3,3,3,3,3,3,3,3,FALSE,A
Q2M296,MTHFSD,3,3,3,26,2.698119044303894,0.6463367342948914,2,3,3,3,3,3,3,3,3,FALSE,A
Q2M2I8,AAK1,14,14,14,27,3.825855016708374,0.5664132237434387,3,3,3,3,3,3,3,3,3,FALSE,A
Q2M2W7,C17orf58,1,1,1,2,2.1270554065704346,0.47281917184591293,0,0,0,0,1,0,0,1,0,TRUE,C
Q2M2Z5,KIZ,2,2,2,17,3.207876205444336,0.17238636314868927,0,0,1,3,3,3,3,3,1,FALSE,A
Q2M389,WASHC4,12,12,12,26,3.20685076713562,0.794916033744812,2,3,3,3,3,3,3,3,3,FALSE,A
Q2M3G4,SHROOM1,4,4,4,25,2.878603219985962,0,3,3,3,3,3,3,3,3,1,FALSE,A
Q2NKX8,ERCC6L,27,29,27,26,3.3628722429275513,0.6547751426696777,2,3,3,3,3,3,3,3,3,FALSE,A
Q2NKX9,C2orf68,3,4,3,22,2.9560869932174683,0.3443214148283005,3,1,2,3,3,3,3,3,1,FALSE,A
Q2NL68,PROSER3,1,1,1,25,4.158694744110107,0.668298065662384,3,3,3,3,3,3,3,3,1,TRUE,B
Q2NL82,TSR1,22,28,22,27,4.664776802062988,0.901018351316452,3,3,3,3,3,3,3,3,3,FALSE,A
Q2PPJ7,RALGAPA2,2,2,2,20,2.3585106134414673,0.49696794152259827,0,3,2,2,3,2,3,3,2,FALSE,A
Q2PZI1,DPY19L1,5,6,5,22,2.4397802352905273,0.5534788966178894,0,3,2,3,3,2,3,3,3,FALSE,A
Q2QGD7,ZXDC,6,6,6,23,2.3260565996170044,0,2,3,3,3,2,2,2,3,3,FALSE,A
Q2T9J0,TYSND1,6,6,6,23,2.4682424068450928,0.19713043421506882,0,3,2,3,3,3,3,3,3,FALSE,A
Q2TAA2,IAH1,3,5,3,27,3.1280792951583862,0.9109894037246704,3,3,3,3,3,3,3,3,3,FALSE,A
Q2TAA5,ALG11,5,5,5,23,2.828763723373413,0.32502099871635437,0,3,2,3,3,3,3,3,3,FALSE,A
Q2TAK8,PWWP3A,6,6,6,27,2.8911362886428833,0.5340233445167542,3,3,3,3,3,3,3,3,3,FALSE,A
Q2TAL8,QRICH1,15,19,15,27,3.9743064641952515,0.7386187016963959,3,3,3,3,3,3,3,3,3,FALSE,A
Q2TAM9,TUSC1,3,5,3,27,4.288573265075684,0.7983437478542328,3,3,3,3,3,3,3,3,3,FALSE,A
Q2TAY7,SMU1,21,35,21,27,5.0803961753845215,0.934037983417511,3,3,3,3,3,3,3,3,3,FALSE,A
Q2TAZ0,ATG2A,10,10,10,27,2.684080481529236,0.042706046253442764,3,3,3,3,3,3,3,3,3,FALSE,A
Q2TB10,ZNF800,17,19,17,27,3.568570852279663,0.5897030830383301,3,3,3,3,3,3,3,3,3,FALSE,A
Q2TBE0,CWF19L2,25,28,25,27,3.2757718563079834,0.6390401721000671,3,3,3,3,3,3,3,3,3,FALSE,A
Q2VIQ3,KIF4B,1,1,1,2,4.952981948852539,0.935673713684082,0,0,1,0,1,0,0,0,0,TRUE,B
Q2VPB7,AP5B1,3,3,3,21,2.2225648164749146,0,0,3,2,3,3,3,2,2,3,FALSE,A
Q2VPK5,CTU2,9,10,9,27,3.174316167831421,0.6024668514728546,3,3,3,3,3,3,3,3,3,FALSE,A
Q2VWP7,PRTG,1,1,1,7,4.115423202514648,0.7898821830749512,2,3,2,0,0,0,0,0,0,TRUE,B
Q2YD98,UVSSA,4,4,4,27,2.726248025894165,0.36670351028442383,3,3,3,3,3,3,3,3,3,FALSE,A
Q32MZ4,LRRFIP1,29,38,29,27,4.115071773529053,0.7937582731246948,3,3,3,3,3,3,3,3,3,FALSE,A
Q32NB8,PGS1,4,4,4,27,3.6958532333374023,0.6448183059692383,3,3,3,3,3,3,3,3,3,FALSE,A
Q32NC0,C18orf21,6,7,6,27,3.148228645324707,0.5813798904418945,3,3,3,3,3,3,3,3,3,FALSE,A
Q32P28,P3H1,23,30,23,27,4.210133790969849,0.8303894996643066,3,3,3,3,3,3,3,3,3,FALSE,A
Q32P41,TRMT5,11,11,11,27,2.8832916021347046,0.47549107670783997,3,3,3,3,3,3,3,3,3,FALSE,A
Q3B726,POLR1F,11,15,11,27,4.013304710388184,0.7888650894165039,3,3,3,3,3,3,3,3,3,FALSE,A
Q3B7T1,EDRF1,13,13,13,26,2.910012364387512,0.6378426551818848,3,3,2,3,3,3,3,3,3,FALSE,A
Q3B820,FAM161A,4,4,4,24,2.8457891941070557,0.5790173411369324,3,2,2,3,3,3,3,3,2,FALSE,A
Q3KNV8,PCGF3,6,7,6,27,3.391385555267334,0.5714927315711975,3,3,3,3,3,3,3,3,3,FALSE,A
Q3KP31,ZNF791,3,3,3,27,3.6858798265457153,0.8091221451759338,3,3,3,3,3,3,3,3,3,FALSE,A
Q3KQU3,MAP7D1,20,24,20,27,5.197883367538452,0.8988846838474274,3,3,3,3,3,3,3,3,3,FALSE,A
Q3KQV9,UAP1L1,7,8,7,27,2.9512667655944824,0.6222781538963318,3,3,3,3,3,3,3,3,3,FALSE,A
Q3KRA6,C2orf76,3,3,3,26,2.7632195949554443,0.6466816067695618,3,3,3,3,2,3,3,3,3,FALSE,A
Q3KRA9,ALKBH6,4,4,4,25,3.3488433361053467,0.6705843210220337,3,3,3,3,2,3,3,3,2,FALSE,A
Q3L8U1,CHD9,12,12,12,27,2.6959517002105713,0.3940463960170746,3,3,3,3,3,3,3,3,3,FALSE,A
Q3LIE5,ADPRM,1,1,1,11,2.9780778884887695,0.5022078156471252,3,2,1,1,1,1,1,0,1,TRUE,C
Q3LXA3,TKFC,17,21,17,27,3.164568305015564,0.7341178357601166,3,3,3,3,3,3,3,3,3,FALSE,A
Q3MHD2,LSM12,5,6,5,27,3.9764175415039063,0.8368285894393921,3,3,3,3,3,3,3,3,3,FALSE,A
Q3MII6,TBC1D25,2,2,2,7,2.822601556777954,0.4928271174430847,0,2,1,0,1,1,1,1,0,FALSE,A
Q3MIT2,PUS10,1,1,1,7,2.3368444442749023,0.5205018520355225,2,3,2,0,0,0,0,0,0,TRUE,C
Q3SXM5,HSDL1,7,7,7,26,3.399174928665161,0.49039360880851746,2,3,3,3,3,3,3,3,3,FALSE,A
Q3SXY8,ARL13B,9,9,9,27,2.8874709606170654,0.4565722793340683,3,3,3,3,3,3,3,3,3,FALSE,A
Q3SY69,ALDH1L2,15,15,15,27,3.0199472904205322,0.4032512605190277,3,3,3,3,3,3,3,3,3,FALSE,A
Q3T8J9,GON4L,12,12,12,24,2.8968939781188965,0.23799562454223633,0,3,3,3,3,3,3,3,3,FALSE,A
Q3T906,GNPTAB,3,3,3,24,2.7513052225112915,0.43259651958942413,3,3,2,3,3,3,3,1,3,FALSE,A
Q3V6T2,CCDC88A,43,45,43,27,3.2090373039245605,0.649189293384552,3,3,3,3,3,3,3,3,3,FALSE,A
Q3YBR2,TBRG1,1,1,1,27,3.605332851409912,0.6441228985786438,3,3,3,3,3,3,3,3,3,TRUE,C
Q3YEC7,RABL6,21,26,21,27,4.875067710876465,0.8612937033176422,3,3,3,3,3,3,3,3,3,FALSE,A
Q3ZAQ7,VMA21,1,1,1,26,2.980143189430237,0,3,3,3,3,3,2,3,3,3,TRUE,C
Q3ZCQ3,FAM174B,1,1,1,6,2.0889865159988403,0.5332726240158081,3,0,2,0,1,0,0,0,0,TRUE,C
Q3ZCQ8,TIMM50,7,9,7,27,4.803321123123169,0.9020393192768097,3,3,3,3,3,3,3,3,3,FALSE,A
Q3ZCT1,ZNF260,3,3,3,27,3.0290050506591797,0.6975836455821991,3,3,3,3,3,3,3,3,3,FALSE,A
Q3ZCW2,LGALSL,3,4,3,26,3.117111086845398,0.5994753241539001,3,3,2,3,3,3,3,3,3,FALSE,A
Q495W5,FUT11,6,6,6,27,3.1994853019714355,0.6090568900108337,3,3,3,3,3,3,3,3,3,FALSE,A
Q499Z4,ZNF672,2,2,2,27,3.0019500255584717,0.38357651233673096,3,3,3,3,3,3,3,3,3,FALSE,A
Q49A26,GLYR1,23,31,23,27,4.736595153808594,0.8859067261219025,3,3,3,3,3,3,3,3,3,FALSE,A
Q49A88,CCDC14,8,9,8,25,3.1373517513275146,0.41122831404209137,3,3,1,3,3,3,3,3,3,FALSE,A
Q49AG3,ZBED5,3,3,3,21,2.614100694656372,0.01519140973687172,0,1,2,3,3,3,3,3,3,FALSE,A
Q49AH0,CDNF,2,2,2,17,2.1953707933425903,0,3,2,3,2,2,2,1,2,0,FALSE,A
Q49AR2,C5orf22,5,5,5,27,2.4824944734573364,0.5120913088321686,3,3,3,3,3,3,3,3,3,FALSE,A
Q49B96,COX19,5,8,5,27,4.515527248382568,0.8832665383815765,3,3,3,3,3,3,3,3,3,FALSE,A
Q49MG5,MAP9,10,11,10,27,3.0223770141601563,0.6586124897003174,3,3,3,3,3,3,3,3,3,FALSE,A
Q4FZB7,KMT5B,7,8,7,25,2.6095118522644043,0.04280732944607735,2,2,3,3,3,3,3,3,3,FALSE,A
Q4G0F5,VPS26B,12,13,12,27,3.6583454608917236,0.593821108341217,3,3,3,3,3,3,3,3,3,FALSE,A
Q4G0I0,UQCC4,2,2,2,24,3.5568695068359375,0.7147861123085022,3,3,3,2,3,3,3,3,1,FALSE,A
Q4G0J3,LARP7,31,44,31,27,4.600947380065918,0.8585846424102783,3,3,3,3,3,3,3,3,3,FALSE,A
Q4G0N4,NADK2,19,24,19,27,4.807826519012451,0.9162672758102417,3,3,3,3,3,3,3,3,3,FALSE,A
Q4G0X4,KCTD21,1,1,1,18,2.5522549152374268,0.579913318157196,1,3,2,1,2,3,2,1,3,TRUE,C
Q4G148,GXYLT1,9,14,9,27,4.361181259155273,0.8820874094963074,3,3,3,3,3,3,3,3,3,FALSE,A
Q4G176,ACSF3,15,16,15,27,3.025470733642578,0.7316700220108032,3,3,3,3,3,3,3,3,3,FALSE,A
Q4J6C6,PREPL,17,19,17,26,3.307070255279541,0.6547471284866333,3,3,2,3,3,3,3,3,3,FALSE,A
Q4KMG0,CDON,1,1,1,8,3.177321434020996,0.850689172744751,3,2,3,0,0,0,0,0,0,TRUE,C
Q4KMP7,TBC1D10B,17,18,17,27,3.649840831756592,0.8481751680374146,3,3,3,3,3,3,3,3,3,FALSE,A
Q4KMQ1,TPRN,2,2,2,26,4.130049705505371,0.6611399054527283,3,3,3,3,3,3,3,3,2,FALSE,A
Q4KMQ2,ANO6,6,6,6,26,2.314680576324463,0.20089544355869293,2,3,3,3,3,3,3,3,3,FALSE,A
Q4KMZ1,IQCC,2,2,2,18,2.2824959754943848,0,1,1,0,3,3,3,3,3,1,FALSE,A
Q4KWH8,PLCH1,4,4,5,23,3.634239912033081,0.9304720163345337,1,3,2,3,3,3,3,3,2,FALSE,A
Q4LDG9,DNAL1,4,5,4,26,2.802812695503235,0.41274218261241913,3,3,3,3,3,3,3,3,2,FALSE,A
Q4LE39,ARID4B,30,38,30,27,3.763214111328125,0.8228376507759094,3,3,3,3,3,3,3,3,3,FALSE,A
Q4U2R6,MRPL51,4,6,4,27,4.235808849334717,0.7189932465553284,3,3,3,3,3,3,3,3,3,FALSE,A
Q4V328,GRIPAP1,43,54,43,27,4.563175201416016,0.841067373752594,3,3,3,3,3,3,3,3,3,FALSE,A
Q4VC05,BCL7A,3,5,3,26,3.275437831878662,0.6597110033035278,3,3,3,3,3,3,3,2,3,FALSE,A
Q4VC31,MIX23,7,14,7,27,5.718372821807861,0.9583950936794281,3,3,3,3,3,3,3,3,3,FALSE,A
Q4VC44,FLYWCH1,18,19,18,27,3.326588273048401,0.5856336355209351,3,3,3,3,3,3,3,3,3,FALSE,A
Q4VCS5,AMOT,42,63,42,27,5.736238956451416,0.9471903145313263,3,3,3,3,3,3,3,3,3,FALSE,A
Q4W5G0,TIGD2,8,8,8,27,3.085274338722229,0,3,3,3,3,3,3,3,3,3,FALSE,A
Q4ZIN3,TMEM259,5,5,5,25,3.775176525115967,0.6741304397583008,2,3,2,3,3,3,3,3,3,FALSE,A
Q504Q3,PAN2,7,7,7,23,2.7625207901000977,0.18296803534030914,0,3,2,3,3,3,3,3,3,FALSE,A
Q52LJ0,FAM98B,16,20,16,27,4.654887676239014,0.8964435458183289,3,3,3,3,3,3,3,3,3,FALSE,A
Q52LR7,EPC2,7,7,7,27,3.1504244804382324,0.6453664302825928,3,3,3,3,3,3,3,3,3,FALSE,A
Q52LW3,ARHGAP29,4,4,4,18,2.811033606529236,0,0,3,2,3,1,3,2,3,1,FALSE,A
Q53EL6,PDCD4,20,28,20,27,4.608471870422363,0.8681909441947937,3,3,3,3,3,3,3,3,3,FALSE,A
Q53EP0,FNDC3B,6,7,6,26,3.1087143421173096,0.5128008425235748,3,3,2,3,3,3,3,3,3,FALSE,A
Q53ET0,CRTC2,12,14,12,27,3.3822779655456543,0.5645996630191803,3,3,3,3,3,3,3,3,3,FALSE,A
Q53EZ4,CEP55,20,30,20,27,4.143195629119873,0.7746863961219788,3,3,3,3,3,3,3,3,3,FALSE,A
Q53F19,NCBP3,19,23,19,27,4.637226819992065,0.8509890139102936,3,3,3,3,3,3,3,3,3,FALSE,A
Q53FA7,TP53I3,5,5,5,27,3.4843051433563232,0.767741322517395,3,3,3,3,3,3,3,3,3,FALSE,A
Q53FT3,HIKESHI,3,3,3,26,3.4834078550338745,0.42205043137073517,3,3,2,3,3,3,3,3,3,FALSE,A
Q53G59,KLHL12,2,2,2,23,2.8138229846954346,0,0,3,2,3,3,3,3,3,3,FALSE,A
Q53GG5,PDLIM3,10,14,10,27,4.286974906921387,0.714300274848938,3,3,3,3,3,3,3,3,3,FALSE,A
Q53GL0,PLEKHO1,7,7,7,26,2.707165241241455,0.3475324809551239,3,3,3,3,3,3,3,2,3,FALSE,A
Q53GQ0,HSD17B12,14,20,14,27,4.853385925292969,0.9221521019935608,3,3,3,3,3,3,3,3,3,FALSE,A
Q53GS7,GLE1,17,19,17,27,3.663894772529602,0.6848577857017517,3,3,3,3,3,3,3,3,3,FALSE,A
Q53GS9,USP39,20,32,20,27,4.963491439819336,0.9059247374534607,3,3,3,3,3,3,3,3,3,FALSE,A
Q53GT1,KLHL22,4,4,4,24,2.8449325561523438,0.11232993751764297,1,3,2,3,3,3,3,3,3,FALSE,A
Q53H12,AGK,18,23,18,27,4.711389780044556,0.8947052359580994,3,3,3,3,3,3,3,3,3,FALSE,A
Q53H47,SETMAR,8,9,8,27,2.8944215774536133,0.3835147023200989,3,3,3,3,3,3,3,3,3,FALSE,A
Q53H80,AKIRIN2,7,7,7,27,3.466081142425537,0.38701610267162323,3,3,3,3,3,3,3,3,3,FALSE,A
Q53H82,LACTB2,15,24,15,27,4.98200535774231,0.87717404961586,3,3,3,3,3,3,3,3,3,FALSE,A
Q53H96,PYCR3,9,12,9,27,3.798867702484131,0.7930247187614441,3,3,3,3,3,3,3,3,3,FALSE,A
Q53HC0,CCDC92,10,12,10,27,3.31526517868042,0.6351896524429321,3,3,3,3,3,3,3,3,3,FALSE,A
Q53HC5,KLHL26,2,2,2,7,1.7676809430122375,0.009435499086976051,0,3,2,1,0,0,0,1,0,FALSE,A
Q53HC9,EIPR1,8,9,8,26,3.389103889465332,0.4605366885662079,2,3,3,3,3,3,3,3,3,FALSE,A
Q53HL2,CDCA8,14,18,14,27,5.433661222457886,0.9341793358325958,3,3,3,3,3,3,3,3,3,FALSE,A
Q53HV7,SMUG1,3,3,3,25,3.0705411434173584,0.5432644784450531,3,3,3,3,3,3,3,3,1,FALSE,A
Q53LP3,SOWAHC,3,3,3,22,2.4273529052734375,0,2,3,1,3,2,3,3,3,2,FALSE,A
Q53RT3,ASPRV1,1,1,1,5,2.547532081604004,0,0,0,0,0,1,2,0,1,1,TRUE,C
Q53S33,BOLA3,5,7,5,27,4.232869863510132,0.9088441431522369,3,3,3,3,3,3,3,3,3,FALSE,A
Q53S58,TMEM177,3,3,3,24,3.1160175800323486,0.27598899602890015,0,3,3,3,3,3,3,3,3,FALSE,A
Q53SF7,COBLL1,12,13,12,27,2.7966690063476563,0.609754204750061,3,3,3,3,3,3,3,3,3,FALSE,A
Q53T59,HS1BP3,12,15,12,27,3.739522099494934,0.7780056893825531,3,3,3,3,3,3,3,3,3,FALSE,A
Q53T94,TAF1B,1,1,1,22,4.079824686050415,0.7132189869880676,0,3,2,3,3,2,3,3,3,TRUE,B
Q562E7,WDR81,5,5,5,25,2.8389267921447754,0.007980138063430786,2,3,2,3,3,3,3,3,3,FALSE,A
Q562F6,SGO2,25,26,25,27,3.146331548690796,0.4714094400405884,3,3,3,3,3,3,3,3,3,FALSE,A
Q562R1,ACTBL2,3,3,3,27,4.199363708496094,0.38271012902259827,3,3,3,3,3,3,3,3,3,FALSE,A
Q567U6,CCDC93,19,19,19,27,3.0176037549972534,0.5596447587013245,3,3,3,3,3,3,3,3,3,FALSE,A
Q567V2,MPV17L2,1,1,1,20,2.5946874618530273,0,0,3,2,3,3,3,3,3,0,TRUE,C
Q56A73,SPIN4,1,1,2,27,4.5275726318359375,0.7272883057594299,3,3,3,3,3,3,3,3,3,TRUE,B
Q56NI9,ESCO2,14,15,14,26,2.9785025119781494,0.3254254460334778,2,3,3,3,3,3,3,3,3,FALSE,A
Q56P03,EAPP,7,9,7,27,3.4608614444732666,0.675456702709198,3,3,3,3,3,3,3,3,3,FALSE,A
Q587I9,SFT2D3,1,1,1,20,2.531361699104309,0.30581042170524597,2,3,3,1,1,3,3,2,2,TRUE,C
Q58A45,PAN3,3,3,3,20,2.4244585037231445,0.18348272144794464,0,3,2,2,3,2,2,3,3,FALSE,A
Q58EX2,SDK2,10,11,10,27,2.674529552459717,0.38756614923477173,3,3,3,3,3,3,3,3,3,FALSE,A
Q58FF6,HSP90AB4P,2,2,2,27,6.608151912689209,0.9818515777587891,3,3,3,3,3,3,3,3,3,FALSE,A
Q58FF8,HSP90AB2P,1,1,1,4,6.700294256210327,0.9463131129741669,1,0,1,0,1,0,1,0,0,TRUE,B
Q58FG1,HSP90AA4P,2,2,2,23,4.003132343292236,0.6367684006690979,1,3,2,3,3,2,3,3,3,FALSE,A
Q58WW2,DCAF6,10,10,10,25,3.0319528579711914,0.5864099860191345,2,3,2,3,3,3,3,3,3,FALSE,A
Q5BJD5,TMEM41B,3,5,3,27,3.8309417963027954,0.8567803204059601,3,3,3,3,3,3,3,3,3,FALSE,A
Q5BJF2,TMEM97,2,2,2,27,3.806814193725586,0.7037938833236694,3,3,3,3,3,3,3,3,3,FALSE,A
Q5BJF6,ODF2,25,29,25,27,3.540145516395569,0.7075313925743103,3,3,3,3,3,3,3,3,3,FALSE,A
Q5BJH2,TMEM128,1,1,1,20,3.15726375579834,0.662906140089035,0,3,3,3,3,1,2,3,2,TRUE,C
Q5BJH7,YIF1B,5,5,5,27,3.1861050128936768,0.3177204132080078,3,3,3,3,3,3,3,3,3,FALSE,A
Q5BKU9,OXLD1,1,1,1,6,3.1361093521118164,0.838908463716507,0,0,0,3,1,2,0,0,0,TRUE,C
Q5BKX5,ACTMAP,6,6,6,23,2.8144147396087646,0.5155571699142456,0,3,2,3,3,3,3,3,3,FALSE,A
Q5BKY9,FAM133B,3,4,3,19,2.669005036354065,0.17493179440498352,3,1,3,3,2,2,2,2,1,FALSE,A
Q5BKZ1,ZNF326,25,37,26,27,5.219949960708618,0.9502609670162201,3,3,3,3,3,3,3,3,3,FALSE,A
Q5C9Z4,NOM1,22,29,22,27,4.028914451599121,0.7997084856033325,3,3,3,3,3,3,3,3,3,FALSE,A
Q5D862,FLG2,4,4,4,27,4.632111549377441,0.7943688035011292,3,3,3,3,3,3,3,3,3,FALSE,A
Q5EBL4,RILPL1,5,5,5,27,3.1043041944503784,0.036512117832899094,3,3,3,3,3,3,3,3,3,FALSE,A
Q5EBL8,PDZD11,6,8,6,27,3.2394020557403564,0.6071093082427979,3,3,3,3,3,3,3,3,3,FALSE,A
Q5EE01,CENPW,2,3,2,26,3.0456669330596924,0.591190755367279,3,3,3,3,3,2,3,3,3,FALSE,A
Q5F1R6,DNAJC21,13,13,13,27,4.352965354919434,0.877048909664154,3,3,3,3,3,3,3,3,3,FALSE,A
Q5FBB7,SGO1,15,18,15,27,3.5501251220703125,0.7455029487609863,3,3,3,3,3,3,3,3,3,FALSE,A
Q5FWF5,ESCO1,12,12,12,27,3.4717535972595215,0.7117538750171661,3,3,3,3,3,3,3,3,3,FALSE,A
Q5GLZ8,HERC4,8,8,8,23,2.4029934406280518,0.16976330429315567,0,3,2,3,3,3,3,3,3,FALSE,A
Q5H8A4,PIGG,2,2,2,23,3.0334455966949463,0.5690874457359314,0,3,2,3,3,3,3,3,3,FALSE,A
Q5H9F3,BCORL1,35,38,35,27,3.5456230640411377,0.7003050148487091,3,3,3,3,3,3,3,3,3,FALSE,A
Q5H9R7,PPP6R3,27,33,27,27,3.54152774810791,0.7377680242061615,3,3,3,3,3,3,3,3,3,FALSE,A
Q5HYI7,MTX3,5,5,5,23,2.8687033653259277,0.1671256572008133,1,3,3,3,3,2,3,2,3,FALSE,A
Q5HYI8,RABL3,7,7,7,27,3.342177152633667,0.6538824439048767,3,3,3,3,3,3,3,3,3,FALSE,A
Q5HYJ3,FAM76B,8,8,8,27,3.4351497888565063,0.5118192434310913,3,3,3,3,3,3,3,3,3,FALSE,A
Q5HYK3,COQ5,12,12,12,24,3.273207902908325,0.28523290157318115,0,3,3,3,3,3,3,3,3,FALSE,A
Q5HYK7,SH3D19,5,5,5,26,3.226250410079956,0.5931425392627716,3,3,2,3,3,3,3,3,3,FALSE,A
Q5J8M3,EMC4,4,4,4,27,4.887884616851807,0.7773562073707581,3,3,3,3,3,3,3,3,3,FALSE,A
Q5JPE7,NOMO2,1,1,1,27,4.288681983947754,0.7218678593635559,3,3,3,3,3,3,3,3,3,TRUE,B
Q5JPH6,EARS2,9,9,9,26,3.112217426300049,0.5822366774082184,3,3,2,3,3,3,3,3,3,FALSE,A
Q5JPI3,C3orf38,7,8,7,27,3.861294984817505,0.7055085897445679,3,3,3,3,3,3,3,3,3,FALSE,A
Q5JRA6,MIA3,55,72,55,27,4.271127700805664,0.779138445854187,3,3,3,3,3,3,3,3,3,FALSE,A
Q5JRX3,PITRM1,40,59,40,27,4.802680253982544,0.8972305357456207,3,3,3,3,3,3,3,3,3,FALSE,A
Q5JS37,NHLRC3,8,9,8,27,3.714367389678955,0.8552113175392151,3,3,3,3,3,3,3,3,3,FALSE,A
Q5JS54,PSMG4,4,4,4,26,3.3842310905456543,0.7812875509262085,3,3,3,3,3,3,3,2,3,FALSE,A
Q5JSH3,WDR44,40,46,40,27,3.805665373802185,0.7232242822647095,3,3,3,3,3,3,3,3,3,FALSE,A
Q5JSJ4,INTS6L,5,5,5,23,2.9547736644744873,0.3172270953655243,0,3,2,3,3,3,3,3,3,FALSE,A
Q5JSL3,DOCK11,4,4,4,21,2.378485321998596,0.5397289991378784,1,3,2,2,3,2,3,3,2,FALSE,A
Q5JSZ5,PRRC2B,64,80,64,27,3.964311122894287,0.824765533208847,3,3,3,3,3,3,3,3,3,FALSE,A
Q5JTC6,AMER1,2,2,2,27,3.0889129638671875,0,3,3,3,3,3,3,3,3,3,FALSE,A
Q5JTD0,TJAP1,14,16,14,27,3.21725332736969,0.534355491399765,3,3,3,3,3,3,3,3,3,FALSE,A
Q5JTH9,RRP12,51,66,51,27,4.330775260925293,0.8933901786804199,3,3,3,3,3,3,3,3,3,FALSE,A
Q5JTJ3,COA6,6,7,6,27,6.466351509094238,0.9787763357162476,3,3,3,3,3,3,3,3,3,FALSE,A
Q5JTV8,TOR1AIP1,26,34,26,27,4.769420623779297,0.9013497829437256,3,3,3,3,3,3,3,3,3,FALSE,A
Q5JTW2,CEP78,12,13,12,25,3.176182508468628,0.6824946999549866,2,3,2,3,3,3,3,3,3,FALSE,A
Q5JTZ9,AARS2,29,33,29,27,4.180058002471924,0.7888355851173401,3,3,3,3,3,3,3,3,3,FALSE,A
Q5JU69,TOR2A,6,6,6,27,4.117796421051025,0.908532977104187,3,3,3,3,3,3,3,3,3,FALSE,A
Q5JUX0,SPIN3,1,1,1,6,2.3851157426834106,0,0,0,0,0,1,1,1,0,3,TRUE,C
Q5JVF3,PCID2,13,16,13,26,3.6825846433639526,0.8012414872646332,2,3,3,3,3,3,3,3,3,FALSE,A
Q5JVS0,HABP4,7,8,7,27,4.128554344177246,0.7121616005897522,3,3,3,3,3,3,3,3,3,FALSE,A
Q5JWF2,GNAS,10,12,10,27,5.072459697723389,0.917628824710846,3,3,3,3,3,3,3,3,3,FALSE,A
Q5JXC2,MIIP,4,4,4,17,2.6435792446136475,0.41492247581481934,0,2,0,3,3,3,3,3,0,FALSE,A
Q5JYT7,KIAA1755,1,1,1,18,2.988699197769165,0.1211048774421215,0,0,0,3,3,3,3,3,3,TRUE,C
Q5K4L6,SLC27A3,4,4,4,23,2.762644052505493,0.6759733557701111,0,3,2,3,3,3,3,3,3,FALSE,A
Q5KU26,COLEC12,19,20,19,27,3.790055990219116,0.8398082852363586,3,3,3,3,3,3,3,3,3,FALSE,A
Q5M775,SPECC1,24,26,24,27,3.370154857635498,0.6157829165458679,3,3,3,3,3,3,3,3,3,FALSE,A
Q5M9N0,CCDC158,1,1,1,15,2.7520134449005127,0.6841537356376648,0,3,2,2,1,0,2,2,3,TRUE,C
Q5MIZ7,PPP4R3B,8,9,8,24,2.85658860206604,0.5094704627990723,1,3,2,3,3,3,3,3,3,FALSE,A
Q5MNZ6,WDR45B,13,18,13,27,3.9196512699127197,0.8655091822147369,3,3,3,3,3,3,3,3,3,FALSE,A
Q5NDL2,EOGT,10,12,10,27,3.627013087272644,0.6748814582824707,3,3,3,3,3,3,3,3,3,FALSE,A
Q5PRF9,SAMD4B,18,21,18,27,3.6675766706466675,0.7860439717769623,3,3,3,3,3,3,3,3,3,FALSE,A
Q5PSV4,BRMS1L,11,12,11,27,4.155411243438721,0.7997412383556366,3,3,3,3,3,3,3,3,3,FALSE,A
Q5QJ74,TBCEL,6,6,6,23,3.128121018409729,0.7183201313018799,1,3,2,2,3,3,3,3,3,FALSE,A
Q5QJE6,DNTTIP2,27,41,27,27,5.363737106323242,0.9192720055580139,3,3,3,3,3,3,3,3,3,FALSE,A
Q5QP82,DCAF10,5,6,5,27,2.7600159645080566,0.02579825557768345,3,3,3,3,3,3,3,3,3,FALSE,A
Q5R372,RABGAP1L,8,8,8,23,3.226274013519287,0.754421055316925,0,3,2,3,3,3,3,3,3,FALSE,A
Q5R3I4,TTC38,7,7,7,27,3.6201932430267334,0.29506686329841614,3,3,3,3,3,3,3,3,3,FALSE,A
Q5RI15,COX20,3,5,3,27,5.414764881134033,0.9324622750282288,3,3,3,3,3,3,3,3,3,FALSE,A
Q5RKV6,EXOSC6,11,14,11,27,5.238713502883911,0.9297647774219513,3,3,3,3,3,3,3,3,3,FALSE,A
Q5SGD2,PPM1L,5,5,5,27,3.0360655784606934,0.6213276982307434,3,3,3,3,3,3,3,3,3,FALSE,A
Q5SNT2,TMEM201,9,10,9,26,3.578930377960205,0.7770548462867737,2,3,3,3,3,3,3,3,3,FALSE,A
Q5SQI0,ATAT1,10,12,10,27,2.9769856929779053,0.5471571087837219,3,3,3,3,3,3,3,3,3,FALSE,A
Q5SQN1,SNAP47,11,12,11,27,3.124401569366455,0.6504044532775879,3,3,3,3,3,3,3,3,3,FALSE,A
Q5SRE5,NUP188,27,28,27,27,2.827329397201538,0.31163716316223145,3,3,3,3,3,3,3,3,3,FALSE,A
Q5SRE7,PHYHD1,6,6,6,27,3.7687835693359375,0.5927028656005859,3,3,3,3,3,3,3,3,3,FALSE,A
Q5SRI9,MANEA,6,7,6,27,3.491320848464966,0.6540390253067017,3,3,3,3,3,3,3,3,3,FALSE,A
Q5SSJ5,HP1BP3,20,34,20,27,5.84699559211731,0.956140547990799,3,3,3,3,3,3,3,3,3,FALSE,A
Q5ST30,VARS2,14,15,15,24,2.9197698831558228,0.4266625791788101,0,3,3,3,3,3,3,3,3,FALSE,A
Q5SVZ6,ZMYM1,7,7,7,24,2.6735490560531616,0.6867520213127136,0,3,3,3,3,3,3,3,3,FALSE,A
Q5SW79,CEP170,43,59,43,27,4.656476259231567,0.8715168237686157,3,3,3,3,3,3,3,3,3,FALSE,A
Q5SW96,LDLRAP1,3,3,3,24,3.367594599723816,0.7620783150196075,0,3,3,3,3,3,3,3,3,FALSE,A
Q5SWA1,PPP1R15B,2,2,2,4,2.202993869781494,0,0,3,0,0,0,0,1,0,0,FALSE,A
Q5SWX8,ODR4,11,14,11,26,3.3324912786483765,0.5332079529762268,2,3,3,3,3,3,3,3,3,FALSE,A
Q5SXM2,SNAPC4,5,5,5,24,2.1426260471343994,0.12197272852063179,0,3,3,3,3,3,3,3,3,FALSE,A
Q5SXM8,DNLZ,1,1,1,15,4.585103511810303,0.7843840718269348,3,3,3,2,0,1,1,1,1,TRUE,B
Q5SY16,NOL9,19,27,19,27,4.130505084991455,0.8679532408714294,3,3,3,3,3,3,3,3,3,FALSE,A
Q5SYE7,NHSL1,18,21,18,27,3.0145323276519775,0.5460842251777649,3,3,3,3,3,3,3,3,3,FALSE,A
Q5SZK8,FREM2,46,48,46,27,2.847607731819153,0.3327430784702301,3,3,3,3,3,3,3,3,3,FALSE,A
Q5SZL2,CEP85L,5,5,5,20,2.572821617126465,0.17312103509902954,1,3,2,3,3,3,3,2,0,FALSE,A
Q5T013,HYI,3,3,3,10,2.9025951623916626,0.29166336357593536,3,0,1,1,1,1,2,1,0,FALSE,A
Q5T0B9,ZNF362,11,15,11,27,4.097190856933594,0.8276062607765198,3,3,3,3,3,3,3,3,3,FALSE,A
Q5T0D9,TPRG1L,6,6,6,27,3.621520757675171,0.8081629276275635,3,3,3,3,3,3,3,3,3,FALSE,A
Q5T0F9,CC2D1B,20,26,20,27,3.831479549407959,0.769764244556427,3,3,3,3,3,3,3,3,3,FALSE,A
Q5T0N5,FNBP1L,22,28,22,27,3.6175695657730103,0.6924179494380951,3,3,3,3,3,3,3,3,3,FALSE,A
Q5T0W9,FAM83B,5,5,5,18,2.335059404373169,0,0,1,0,3,3,3,3,3,2,FALSE,A
Q5T160,RARS2,13,13,13,25,2.9681522846221924,0.3468908220529556,1,3,3,3,3,3,3,3,3,FALSE,A
Q5T1C6,THEM4,5,5,5,27,3.87538743019104,0.8478034734725952,3,3,3,3,3,3,3,3,3,FALSE,A
Q5T1M5,FKBP15,29,31,29,27,3.6097464561462402,0.6995604038238525,3,3,3,3,3,3,3,3,3,FALSE,A
Q5T1V6,DDX59,15,16,15,26,3.1815004348754883,0.6805982291698456,2,3,3,3,3,3,3,3,3,FALSE,A
Q5T200,ZC3H13,34,42,34,27,4.7390947341918945,0.9035396575927734,3,3,3,3,3,3,3,3,3,FALSE,A
Q5T280,SPOUT1,10,11,10,27,3.5720263719558716,0.8182100653648376,3,3,3,3,3,3,3,3,3,FALSE,A
Q5T2D3,OTUD3,12,15,12,27,3.7426979541778564,0.5407817959785461,3,3,3,3,3,3,3,3,3,FALSE,A
Q5T2E6,ARMH3,7,7,7,24,2.944622039794922,0.6247071027755737,1,3,2,3,3,3,3,3,3,FALSE,A
Q5T2R2,PDSS1,3,3,3,23,3.1134676933288574,0.6086761355400085,0,3,2,3,3,3,3,3,3,FALSE,A
Q5T2T1,MPP7,11,11,11,27,3.133305072784424,0.7046470642089844,3,3,3,3,3,3,3,3,3,FALSE,A
Q5T3F8,TMEM63B,4,4,4,18,2.7965786457061768,0.5638325214385986,0,3,2,2,3,2,2,2,2,FALSE,A
Q5T3I0,GPATCH4,18,29,18,27,4.707784175872803,0.9190502166748047,3,3,3,3,3,3,3,3,3,FALSE,A
Q5T3J3,LRIF1,17,19,17,27,3.2941792011260986,0.5100344717502594,3,3,3,3,3,3,3,3,3,FALSE,A
Q5T3U5,ABCC10,2,2,2,22,2.444498300552368,0.26296940445899963,0,3,2,3,3,3,3,2,3,FALSE,A
Q5T440,IBA57,12,15,12,27,3.7305561304092407,0.7677214741706848,3,3,3,3,3,3,3,3,3,FALSE,A
Q5T447,HECTD3,9,9,9,27,3.001166582107544,0.3849419057369232,3,3,3,3,3,3,3,3,3,FALSE,A
Q5T481,RBM20,7,7,7,25,2.8022284507751465,0,2,3,2,3,3,3,3,3,3,FALSE,A
Q5T4B2,CERCAM,4,4,4,24,2.7066755294799805,0,1,3,3,3,3,3,3,2,3,FALSE,A
Q5T4F4,ZFYVE27,6,6,6,27,2.962637186050415,0.6695951223373413,3,3,3,3,3,3,3,3,3,FALSE,A
Q5T4S7,UBR4,88,90,88,26,3.1767990589141846,0.6282868385314941,2,3,3,3,3,3,3,3,3,FALSE,A
Q5T5P2,KIAA1217,1,1,1,19,2.8167243003845215,0,1,2,0,3,3,3,2,2,3,TRUE,C
Q5T5U3,ARHGAP21,22,23,22,27,3.179654359817505,0.48760977387428284,3,3,3,3,3,3,3,3,3,FALSE,A
Q5T5X7,BEND3,28,31,28,27,3.5449639558792114,0.6520224213600159,3,3,3,3,3,3,3,3,3,FALSE,A
Q5T5Y3,CAMSAP1,18,21,18,27,3.0419812202453613,0.6428222060203552,3,3,3,3,3,3,3,3,3,FALSE,A
Q5T653,MRPL2,7,7,7,27,4.527238845825195,0.8021060228347778,3,3,3,3,3,3,3,3,3,FALSE,A
Q5T6C5,ATXN7L2,5,6,5,27,4.242402791976929,0.6924956738948822,3,3,3,3,3,3,3,3,3,FALSE,A
Q5T6F0,DCAF12,1,1,1,7,2.645801544189453,0.3084474205970764,0,1,2,1,0,1,0,1,1,TRUE,C
Q5T6F2,UBAP2,17,20,17,27,4.137956619262695,0.8123295307159424,3,3,3,3,3,3,3,3,3,FALSE,A
Q5T6V5,QNG1,15,18,15,27,3.9290192127227783,0.6078982949256897,3,3,3,3,3,3,3,3,3,FALSE,A
Q5T7V8,GORAB,8,13,8,27,3.7500088214874268,0.7399814128875732,3,3,3,3,3,3,3,3,3,FALSE,A
Q5T7W0,ZNF618,3,3,3,16,2.0891079902648926,0.33390548825263977,0,1,1,2,3,2,2,2,3,FALSE,A
Q5T7W7,TSTD2,1,1,1,3,2.9162027835845947,0.47585874795913696,3,0,0,0,0,0,0,0,0,TRUE,C
Q5T8A7,PPP1R26,3,3,3,21,2.347986936569214,0,1,2,1,3,3,3,3,2,3,FALSE,A
Q5T8D3,ACBD5,11,14,11,27,4.173334360122681,0.7416077256202698,3,3,3,3,3,3,3,3,3,FALSE,A
Q5T8P6,RBM26,33,48,33,27,4.9076831340789795,0.9155802726745605,3,3,3,3,3,3,3,3,3,FALSE,A
Q5T9A4,ATAD3B,9,10,9,26,3.5891754627227783,0.6979954838752747,2,3,3,3,3,3,3,3,3,FALSE,A
Q5T9L3,WLS,7,8,7,25,3.2617099285125732,0.5045000314712524,2,3,2,3,3,3,3,3,3,FALSE,A
Q5T9S5,CCDC18,3,4,3,20,3.3550606966018677,0.5145326256752014,3,3,3,2,2,3,2,2,0,FALSE,A
Q5TA31,RNF187,6,7,6,26,3.0580410957336426,0.42778751254081726,3,3,3,3,3,3,3,3,2,FALSE,A
Q5TA45,INTS11,10,10,10,26,2.9112426042556763,0.6326882839202881,2,3,3,3,3,3,3,3,3,FALSE,A
Q5TA50,CPTP,2,2,2,17,2.376024007797241,0.24002501368522644,0,3,2,3,1,3,2,3,0,FALSE,A
Q5TAQ9,DCAF8,15,17,15,27,3.67177677154541,0.7624498903751373,3,3,3,3,3,3,3,3,3,FALSE,A
Q5TAX3,TUT4,25,25,25,27,3.4066296815872192,0.6944515705108643,3,3,3,3,3,3,3,3,3,FALSE,A
Q5TB30,DEPDC1,5,5,5,22,2.678947925567627,0.01410645991563797,0,2,2,3,3,3,3,3,3,FALSE,A
Q5TB80,CEP162,7,7,8,22,2.774874210357666,0.20647352933883667,0,3,2,3,3,3,3,3,2,FALSE,A
Q5TBB1,RNASEH2B,9,12,9,27,4.135015487670898,0.815639317035675,3,3,3,3,3,3,3,3,3,FALSE,A
Q5TC12,ATPAF1,13,16,13,27,3.8869810104370117,0.8613466024398804,3,3,3,3,3,3,3,3,3,FALSE,A
Q5TC82,RC3H1,4,4,4,22,2.5833475589752197,0,0,3,2,3,3,3,2,3,3,FALSE,A
Q5TC84,OGFRL1,1,1,1,20,3.783898711204529,0.022432701662182808,0,3,1,3,3,3,2,2,3,TRUE,C
Q5TCQ9,MAGI3,31,34,31,27,3.188164234161377,0.617567777633667,3,3,3,3,3,3,3,3,3,FALSE,A
Q5TCX8,MAP3K21,3,3,3,24,2.741896629333496,0.30561891198158264,1,3,2,3,3,3,3,3,3,FALSE,A
Q5TCZ1,SH3PXD2A,7,7,7,27,2.919881224632263,0.011062351986765862,3,3,3,3,3,3,3,3,3,FALSE,A
Q5TDH0,DDI2,12,15,12,27,4.068375825881958,0.7367531955242157,3,3,3,3,3,3,3,3,3,FALSE,A
Q5TEC3,ZNF697,3,3,3,20,2.820549488067627,0.4258952885866165,3,3,2,2,0,1,3,3,3,FALSE,A
Q5TEC6,H3-7,3,5,3,27,5.266351699829102,0.9237809479236603,3,3,3,3,3,3,3,3,3,FALSE,A
Q5TEU4,NDUFAF5,2,2,2,26,3.174286127090454,0.06447329372167587,2,3,3,3,3,3,3,3,3,FALSE,A
Q5TF21,MTCL3,1,1,1,16,3.165114402770996,0.3847869634628296,0,0,0,3,2,3,3,3,2,TRUE,C
Q5TF39,MFSD4B,1,1,1,12,1.9960978627204895,0.6911990642547607,0,2,2,0,3,1,0,2,2,TRUE,C
Q5TFE4,NT5DC1,18,26,18,27,4.441723823547363,0.8712666630744934,3,3,3,3,3,3,3,3,3,FALSE,A
Q5TGY3,AHDC1,11,11,11,26,2.9926631450653076,0.1579301506280899,2,3,3,3,3,3,3,3,3,FALSE,A
Q5TGZ0,MICOS10,1,2,1,26,4.005583643913269,0.792455792427063,3,3,3,3,3,3,3,3,2,TRUE,B
Q5TH69,ARFGEF3,4,4,4,18,2.4997406005859375,0,0,3,2,2,2,2,2,2,3,FALSE,A
Q5THK1,PRR14L,10,10,10,25,2.3223423957824707,0.11785922944545746,1,3,3,3,3,3,3,3,3,FALSE,A
Q5TKA1,LIN9,16,17,16,27,3.2116180658340454,0.7316529154777527,3,3,3,3,3,3,3,3,3,FALSE,A
Q5TZA2,CROCC,30,30,30,27,3.197638988494873,0.6000699102878571,3,3,3,3,3,3,3,3,3,FALSE,A
Q5U5Q3,MEX3C,2,3,2,26,2.758143424987793,0,3,3,3,3,2,3,3,3,3,FALSE,A
Q5U5X0,LYRM7,5,7,5,27,5.999677658081055,0.9564363956451416,3,3,3,3,3,3,3,3,3,FALSE,A
Q5UCC4,EMC10,4,5,4,27,3.296902656555176,0.5313467383384705,3,3,3,3,3,3,3,3,3,FALSE,A
Q5UIP0,RIF1,68,82,68,27,3.818179965019226,0.8209703862667084,3,3,3,3,3,3,3,3,3,FALSE,A
Q5VIR6,VPS53,15,15,15,27,3.1138322353363037,0.5997456610202789,3,3,3,3,3,3,3,3,3,FALSE,A
Q5VSG8,MANEAL,8,10,8,27,3.0160300731658936,0.5649029612541199,3,3,3,3,3,3,3,3,3,FALSE,A
Q5VSL9,STRIP1,10,11,10,26,2.7933861017227173,0.43682821094989777,2,3,3,3,3,3,3,3,3,FALSE,A
Q5VST6,ABHD17B,4,4,4,17,3.1108736991882324,0.5798740983009338,1,3,2,2,2,1,1,2,3,FALSE,A
Q5VSY0,GKAP1,9,11,9,27,3.6954550743103027,0.4854910373687744,3,3,3,3,3,3,3,3,3,FALSE,A
Q5VT06,CEP350,58,66,58,27,3.388364553451538,0.6443030536174774,3,3,3,3,3,3,3,3,3,FALSE,A
Q5VT25,CDC42BPA,20,20,20,26,3.143731474876404,0.5043899118900299,2,3,3,3,3,3,3,3,3,FALSE,A
Q5VT52,RPRD2,39,47,39,27,4.682305812835693,0.8529911041259766,3,3,3,3,3,3,3,3,3,FALSE,A
Q5VT66,MTARC1,11,14,11,27,4.568142890930176,0.8906258344650269,3,3,3,3,3,3,3,3,3,FALSE,A
Q5VTB9,RNF220,5,5,5,27,3.994184970855713,0.6920823454856873,3,3,3,3,3,3,3,3,3,FALSE,A
Q5VTE6,ANGEL2,6,6,6,27,3.375510573387146,0.7897564470767975,3,3,3,3,3,3,3,3,3,FALSE,A
Q5VTL8,PRPF38B,16,25,16,27,5.168868064880371,0.920608401298523,3,3,3,3,3,3,3,3,3,FALSE,A
Q5VTR2,RNF20,45,59,45,27,4.727313756942749,0.8431455194950104,3,3,3,3,3,3,3,3,3,FALSE,A
Q5VU43,PDE4DIP,13,13,13,27,3.302206516265869,0.25820693373680115,3,3,3,3,3,3,3,3,3,FALSE,A
Q5VU97,CACHD1,18,21,18,27,3.1031445264816284,0.6320250630378723,3,3,3,3,3,3,3,3,3,FALSE,A
Q5VUA4,ZNF318,44,60,44,27,3.7364187240600586,0.745851993560791,3,3,3,3,3,3,3,3,3,FALSE,A
Q5VUB5,FAM171A1,2,2,2,24,3.4669063091278076,0.36355695128440857,0,3,3,3,3,3,3,3,3,FALSE,A
Q5VUD6,DIPK1B,2,2,2,12,1.8554285764694214,0,0,3,2,2,2,0,0,1,2,FALSE,A
Q5VUE5,C1orf53,1,1,1,10,2.3941718339920044,0.8713048696517944,0,0,0,3,2,3,1,1,0,TRUE,C
Q5VUG0,SFMBT2,3,3,3,20,2.2515227794647217,0.013837057165801525,0,3,2,3,3,2,2,2,3,FALSE,A
Q5VUJ6,LRCH2,14,16,14,27,3.397078275680542,0.7770398855209351,3,3,3,3,3,3,3,3,3,FALSE,A
Q5VUM1,SDHAF4,1,3,1,10,2.4608266353607178,0.46718671917915344,0,0,0,2,3,2,2,1,0,TRUE,C
Q5VV41,ARHGEF16,9,9,9,27,2.857222557067871,0.2250654697418213,3,3,3,3,3,3,3,3,3,FALSE,A
Q5VV42,CDKAL1,17,19,17,27,3.8869833946228027,0.7177005410194397,3,3,3,3,3,3,3,3,3,FALSE,A
Q5VV52,ZNF691,11,19,11,27,3.501488447189331,0.7982684969902039,3,3,3,3,3,3,3,3,3,FALSE,A
Q5VV67,PPRC1,3,3,3,24,3.2699443101882935,0.48589323461055756,2,3,1,3,3,3,3,3,3,FALSE,A
Q5VVJ2,MYSM1,10,10,10,27,2.7365394830703735,0.46263112127780914,3,3,3,3,3,3,3,3,3,FALSE,A
Q5VVQ6,YOD1,4,5,4,27,3.721717119216919,0.4878979027271271,3,3,3,3,3,3,3,3,3,FALSE,A
Q5VW32,BROX,12,15,12,27,4.304135799407959,0.8767065405845642,3,3,3,3,3,3,3,3,3,FALSE,A
Q5VW36,FOCAD,10,10,10,23,3.216925859451294,0.46878576278686523,0,3,2,3,3,3,3,3,3,FALSE,A
Q5VW38,GPR107,4,5,4,26,2.593551754951477,0.6810745894908905,3,3,3,3,3,2,3,3,3,FALSE,A
Q5VWG9,TAF3,13,14,13,27,3.9053386449813843,0.535960465669632,3,3,3,3,3,3,3,3,3,FALSE,A
Q5VWJ9,SNX30,8,8,8,25,3.211108922958374,0.1431168168783188,2,3,2,3,3,3,3,3,3,FALSE,A
Q5VWN6,TASOR2,33,35,33,26,2.969189167022705,0.36271511018276215,2,3,3,3,3,3,3,3,3,FALSE,A
Q5VWQ0,RSBN1,22,27,22,27,3.535606622695923,0.6951895654201508,3,3,3,3,3,3,3,3,3,FALSE,A
Q5VWQ8,DAB2IP,3,3,3,15,2.5019906759262085,0,0,0,1,3,3,3,2,2,1,FALSE,A
Q5VWZ2,LYPLAL1,7,11,7,27,2.8610873222351074,0.4925602972507477,3,3,3,3,3,3,3,3,3,FALSE,A
Q5VXT5,SYPL2,2,2,2,21,2.7848494052886963,0.7233967185020447,0,3,2,3,3,3,1,3,3,FALSE,A
Q5VYK3,ECPAS,60,67,60,26,3.38151478767395,0.7514016628265381,2,3,3,3,3,3,3,3,3,FALSE,A
Q5VYS8,TUT7,14,14,14,26,3.3037896156311035,0.5515384674072266,2,3,3,3,3,3,3,3,3,FALSE,A
Q5VYV7,SLX4IP,4,4,4,27,3.6958446502685547,0.6219510436058044,3,3,3,3,3,3,3,3,3,FALSE,A
Q5VZ89,DENND4C,15,15,15,27,3.0275118350982666,0.4914301633834839,3,3,3,3,3,3,3,3,3,FALSE,A
Q5VZE5,NAA35,14,14,14,26,2.9913690090179443,0.5962362289428711,2,3,3,3,3,3,3,3,3,FALSE,A
Q5VZK9,CARMIL1,10,11,10,27,2.9971619844436646,0.2655307650566101,3,3,3,3,3,3,3,3,3,FALSE,A
Q5VZL5,ZMYM4,43,50,44,27,3.4742599725723267,0.7752228677272797,3,3,3,3,3,3,3,3,3,FALSE,A
Q5W0B1,OBI1,12,14,12,27,3.799092650413513,0.8101695477962494,3,3,3,3,3,3,3,3,3,FALSE,A
Q5W0V3,FHIP2A,4,4,4,24,3.0560081005096436,0.46535661816596985,1,3,2,3,3,3,3,3,3,FALSE,A
Q5W0Z9,ZDHHC20,6,6,6,10,3.3829140663146973,0.5396488904953003,2,3,3,0,0,0,1,1,0,FALSE,A
Q5W111,SPRYD7,7,8,7,25,2.8669055700302124,0.5177926123142242,2,3,3,3,3,2,3,3,3,FALSE,A
Q5XKK7,FAM219B,4,5,4,27,3.338235378265381,0.5142672955989838,3,3,3,3,3,3,3,3,3,FALSE,A
Q5XKL5,BTBD8,5,5,5,24,2.283958673477173,0,3,3,3,3,3,3,3,2,1,FALSE,A
Q5XKP0,MICOS13,3,6,3,27,4.141291856765747,0.8798820674419403,3,3,3,3,3,3,3,3,3,FALSE,A
Q5XPI4,RNF123,9,9,9,25,2.8397969007492065,0.44387631118297577,2,3,2,3,3,3,3,3,3,FALSE,A
Q5ZPR3,CD276,8,10,8,27,3.8384262323379517,0.8292824625968933,3,3,3,3,3,3,3,3,3,FALSE,A
Q629K1,TRIQK,1,1,1,27,6.033659934997559,0.8571792840957642,3,3,3,3,3,3,3,3,3,TRUE,B
Q63HK5,TSHZ3,5,5,5,24,2.2777020931243896,0,1,3,2,3,3,3,3,3,3,FALSE,A
Q63HN8,RNF213,39,40,39,27,2.7023673057556152,0.3119470477104187,3,3,3,3,3,3,3,3,3,FALSE,A
Q63ZY3,KANK2,6,6,6,26,2.843148708343506,0.11072570085525513,3,3,2,3,3,3,3,3,3,FALSE,A
Q641Q2,WASHC2A,12,13,12,27,3.619416832923889,0.7252800762653351,3,3,3,3,3,3,3,3,3,FALSE,A
Q643R3,LPCAT4,4,4,4,22,2.532050371170044,0,0,2,2,3,3,3,3,3,3,FALSE,A
Q64LD2,WDR25,4,4,4,23,2.498351812362671,0.2246399223804474,0,3,2,3,3,3,3,3,3,FALSE,A
Q658P3,STEAP3,6,7,6,23,2.7192060947418213,0.2499365210533142,1,3,2,3,3,2,3,3,3,FALSE,A
Q658Y4,FAM91A1,9,9,9,23,2.8369686603546143,0.7471356987953186,0,3,2,3,3,3,3,3,3,FALSE,A
Q659A1,ICE2,18,18,18,27,3.0354325771331787,0.45653802156448364,3,3,3,3,3,3,3,3,3,FALSE,A
Q659C4,LARP1B,4,6,4,27,2.9260571002960205,0.39764299988746643,3,3,3,3,3,3,3,3,3,FALSE,A
Q66GS9,CEP135,34,40,34,27,3.4375354051589966,0.7003358602523804,3,3,3,3,3,3,3,3,3,FALSE,A
Q66K14,TBC1D9B,22,23,22,27,3.2006832361221313,0.5073136389255524,3,3,3,3,3,3,3,3,3,FALSE,A
Q66K64,DCAF15,2,2,2,20,2.688828706741333,0.19101233780384064,0,3,0,3,3,3,2,3,3,FALSE,A
Q66K74,MAP1S,20,22,20,27,3.706630825996399,0.7405895888805389,3,3,3,3,3,3,3,3,3,FALSE,A
Q66K89,E4F1,5,6,5,26,2.705493688583374,0.24821395426988602,3,3,3,3,3,3,3,2,3,FALSE,A
Q66PJ3,ARL6IP4,7,9,7,27,6.3755574226379395,0.9358005523681641,3,3,3,3,3,3,3,3,3,FALSE,A
Q674X7,KAZN,6,8,6,27,3.552478313446045,0.7540355920791626,3,3,3,3,3,3,3,3,3,FALSE,A
Q676U5,ATG16L1,15,16,15,27,3.281464099884033,0.7098791599273682,3,3,3,3,3,3,3,3,3,FALSE,A
Q68CP4,HGSNAT,2,2,2,27,3.618889093399048,0.3185180574655533,3,3,3,3,3,3,3,3,3,FALSE,A
Q68CP9,ARID2,31,36,31,27,3.6090216636657715,0.7090158462524414,3,3,3,3,3,3,3,3,3,FALSE,A
Q68CQ4,UTP25,29,38,29,27,4.041821718215942,0.747681200504303,3,3,3,3,3,3,3,3,3,FALSE,A
Q68CQ7,GLT8D1,9,10,9,27,3.6826624870300293,0.7997772097587585,3,3,3,3,3,3,3,3,3,FALSE,A
Q68CZ6,HAUS3,11,12,11,24,2.963067054748535,0.5836013555526733,1,3,2,3,3,3,3,3,3,FALSE,A
Q68D10,SPTY2D1,21,24,21,27,4.208124160766602,0.7715552151203156,3,3,3,3,3,3,3,3,3,FALSE,A
Q68D85,NCR3LG1,10,10,10,27,3.894398808479309,0.654573917388916,3,3,3,3,3,3,3,3,3,FALSE,A
Q68D86,CCDC102B,1,1,1,1,4.432119846343994,0.7870392203330994,1,0,0,0,0,0,0,0,0,TRUE,B
Q68D91,MBLAC2,12,17,12,27,4.247729778289795,0.7890903949737549,3,3,3,3,3,3,3,3,3,FALSE,A
Q68DC2,ANKS6,3,3,3,23,3.2637557983398438,0.3633575141429901,1,3,2,3,3,3,3,3,2,FALSE,A
Q68DH5,LMBRD2,2,2,2,24,2.922851800918579,0,1,3,3,3,3,2,3,3,3,FALSE,A
Q68DK7,MSL1,13,15,13,27,3.8636096715927124,0.7569637894630432,3,3,3,3,3,3,3,3,3,FALSE,A
Q68DQ2,CRYBG3,26,30,26,27,2.746601939201355,0.37078262865543365,3,3,3,3,3,3,3,3,3,FALSE,A
Q68E01,INTS3,33,35,33,27,3.7318506240844727,0.7796170115470886,3,3,3,3,3,3,3,3,3,FALSE,A
Q68EM7,ARHGAP17,21,28,21,27,3.819944381713867,0.7902237176895142,3,3,3,3,3,3,3,3,3,FALSE,A
Q69YH5,CDCA2,19,22,19,27,3.4986852407455444,0.6980614364147186,3,3,3,3,3,3,3,3,3,FALSE,A
Q69YL0,NCBP2AS2,3,4,3,27,4.346197605133057,0.8236737847328186,3,3,3,3,3,3,3,3,3,FALSE,A
Q69YN2,CWF19L1,22,30,22,27,3.7439346313476563,0.7427256107330322,3,3,3,3,3,3,3,3,3,FALSE,A
Q69YN4,VIRMA,53,69,53,27,3.79445743560791,0.7436142563819885,3,3,3,3,3,3,3,3,3,FALSE,A
Q69YQ0,SPECC1L,36,49,36,27,4.19344425201416,0.8373548686504364,3,3,3,3,3,3,3,3,3,FALSE,A
Q69YU5,UQCC6,3,4,3,25,4.7002623081207275,0.8630920946598053,3,3,3,3,3,3,3,3,1,FALSE,A
Q6AHZ1,ZNF518A,5,5,5,22,2.4592736959457397,0.06621700152754784,0,3,1,3,3,3,3,3,3,FALSE,A
Q6AI08,HEATR6,7,7,7,25,3.5099323987960815,0.7287144660949707,2,3,2,3,3,3,3,3,3,FALSE,A
Q6AI12,ANKRD40,3,3,3,24,2.4129055738449097,0.36429794132709503,1,3,2,3,3,3,3,3,3,FALSE,A
Q6B0I6,KDM4D,1,1,1,10,2.121183156967163,0.06251098401844501,0,0,0,3,2,3,0,0,2,TRUE,C
Q6BDS2,BLTP3A,14,16,14,27,3.0430898666381836,0.5455232560634613,3,3,3,3,3,3,3,3,3,FALSE,A
Q6DCA0,AMMECR1L,4,4,4,22,2.7925662994384766,0,0,3,2,3,3,3,2,3,3,FALSE,A
Q6DD87,ZNF787,10,19,10,27,4.282341241836548,0.8858824074268341,3,3,3,3,3,3,3,3,3,FALSE,A
Q6DD88,ATL3,18,21,18,27,3.5218029022216797,0.7052469253540039,3,3,3,3,3,3,3,3,3,FALSE,A
Q6DHV7,ADAL,2,2,2,13,2.9353599548339844,0.5651598572731018,0,3,2,1,1,2,2,2,0,FALSE,A
Q6DKI1,RPL7L1,14,22,14,27,5.007971286773682,0.9219626188278198,3,3,3,3,3,3,3,3,3,FALSE,A
Q6DKJ4,NXN,16,18,16,27,4.240900039672852,0.8517349362373352,3,3,3,3,3,3,3,3,3,FALSE,A
Q6DKK2,TTC19,8,8,8,27,3.047184705734253,0.5585045218467712,3,3,3,3,3,3,3,3,3,FALSE,A
Q6DN90,IQSEC1,11,12,11,27,3.355135440826416,0.4097693860530853,3,3,3,3,3,3,3,3,3,FALSE,A
Q6EMK4,VASN,2,2,2,6,2.6655038595199585,0.004837746964767575,2,3,1,0,0,0,0,0,0,FALSE,A
Q6F5E8,CARMIL2,15,15,15,27,3.5904709100723267,0.36993546783924103,3,3,3,3,3,3,3,3,3,FALSE,A
Q6FI81,CIAPIN1,18,24,18,27,4.624880790710449,0.8181189894676208,3,3,3,3,3,3,3,3,3,FALSE,A
Q6FIF0,ZFAND6,6,9,6,27,4.446070194244385,0.926093727350235,3,3,3,3,3,3,3,3,3,FALSE,A
Q6GMV2,SMYD5,8,9,8,27,3.496702551841736,0.8373699188232422,3,3,3,3,3,3,3,3,3,FALSE,A
Q6GMV3,PTRHD1,6,8,6,27,3.8299858570098877,0.7497486174106598,3,3,3,3,3,3,3,3,3,FALSE,A
Q6GQQ9,OTUD7B,12,13,12,27,3.15151309967041,0.6129425168037415,3,3,3,3,3,3,3,3,3,FALSE,A
Q6GYQ0,RALGAPA1,7,7,7,24,2.796155571937561,0.33527931571006775,1,3,2,3,3,3,3,3,3,FALSE,A
Q6H8Q1,ABLIM2,2,2,2,14,1.6612548828125,0,2,2,3,3,0,0,2,2,0,FALSE,A
Q6I9Y2,THOC7,10,14,10,27,4.192384958267212,0.7288747429847717,3,3,3,3,3,3,3,3,3,FALSE,A
Q6IA69,NADSYN1,15,16,15,27,3.7345378398895264,0.6888691186904907,3,3,3,3,3,3,3,3,3,FALSE,A
Q6IA86,ELP2,17,19,17,27,3.2668936252593994,0.6132515370845795,3,3,3,3,3,3,3,3,3,FALSE,A
Q6IAA8,LAMTOR1,7,10,7,27,4.047403812408447,0.8685585856437683,3,3,3,3,3,3,3,3,3,FALSE,A
Q6IAN0,DHRS7B,11,13,11,27,3.7547669410705566,0.7487435340881348,3,3,3,3,3,3,3,3,3,FALSE,A
Q6IBS0,TWF2,15,25,15,27,4.434704780578613,0.8920862674713135,3,3,3,3,3,3,3,3,3,FALSE,A
Q6IBW4,NCAPH2,14,15,14,27,2.9750144481658936,0.5736962556838989,3,3,3,3,3,3,3,3,3,FALSE,A
Q6IC98,GRAMD4,1,1,2,4,2.7739866971969604,0,0,0,2,0,1,0,0,0,1,TRUE,C
Q6ICB0,DESI1,3,4,4,26,4.07255744934082,0.7717589735984802,3,3,2,3,3,3,3,3,3,FALSE,A
Q6ICG6,KIAA0930,5,5,5,24,2.4102386236190796,0.4781941622495651,2,3,2,2,3,3,3,3,3,FALSE,A
Q6ICL3,TANGO2,3,3,3,11,2.7865149974823,0,3,3,3,1,1,0,0,0,0,FALSE,A
Q6IE81,JADE1,14,16,14,27,2.9613819122314453,0.557702362537384,3,3,3,3,3,3,3,3,3,FALSE,A
Q6IEG0,SNRNP48,13,17,13,27,4.334602355957031,0.7850092649459839,3,3,3,3,3,3,3,3,3,FALSE,A
Q6IN85,PPP4R3A,20,23,20,27,3.889642357826233,0.7906705439090729,3,3,3,3,3,3,3,3,3,FALSE,A
Q6IPM2,IQCE,2,2,2,17,2.6773569583892822,0.48792728781700134,0,3,0,3,3,3,3,1,1,FALSE,A
Q6IPR1,ETFRF1,3,3,3,27,3.2892725467681885,0.6423473358154297,3,3,3,3,3,3,3,3,3,FALSE,A
Q6IPR3,TYW3,8,8,8,27,2.690423011779785,0.605398416519165,3,3,3,3,3,3,3,3,3,FALSE,A
Q6IPU0,CENPP,8,8,8,26,2.54107403755188,0.6849175095558167,2,3,3,3,3,3,3,3,3,FALSE,A
Q6IQ19,CCSAP,4,5,4,25,3.2184295654296875,0.760837733745575,3,3,3,3,3,3,3,3,1,FALSE,A
Q6IQ21,ZNF770,5,5,5,27,3.8743168115615845,0.4541327506303787,3,3,3,3,3,3,3,3,3,FALSE,A
Q6IQ22,RAB12,12,12,12,27,4.446696519851685,0.7775605618953705,3,3,3,3,3,3,3,3,3,FALSE,A
Q6IQ23,PLEKHA7,16,17,16,27,3.1467748880386353,0.4771450161933899,3,3,3,3,3,3,3,3,3,FALSE,A
Q6IQ32,ADNP2,12,14,12,27,3.2538141012191772,0.5839651525020599,3,3,3,3,3,3,3,3,3,FALSE,A
Q6IQ49,SDE2,15,22,15,27,3.7576024532318115,0.7473490536212921,3,3,3,3,3,3,3,3,3,FALSE,A
Q6JQN1,ACAD10,2,2,2,16,2.515690326690674,0,0,0,0,3,3,3,1,3,3,FALSE,A
Q6KB66,KRT80,4,4,4,12,2.4412457942962646,0,0,0,0,1,2,3,2,1,3,FALSE,A
Q6KC79,NIPBL,86,106,86,27,4.283019542694092,0.83339691162109375,3,3,3,3,3,3,3,3,3,FALSE,A
Q6KCM7,SLC25A25,4,4,4,19,2.049786925315857,0,0,2,2,3,3,2,1,3,3,FALSE,A
Q6L8Q7,PDE12,19,25,19,27,4.182929039001465,0.8538188934326172,3,3,3,3,3,3,3,3,3,FALSE,A
Q6MZP7,LIN54,13,15,13,27,3.300948739051819,0.8008559346199036,3,3,3,3,3,3,3,3,3,FALSE,A
Q6N021,TET2,2,2,2,6,2.4386792182922363,0.5850951969623566,0,0,0,3,1,2,0,0,0,FALSE,A
Q6N043,ZNF280D,8,9,9,26,3.2109962701797485,0.6711790561676025,2,3,3,3,3,3,3,3,3,FALSE,A
Q6N063,OGFOD2,1,2,1,18,2.3947064876556396,0.7121148407459259,1,2,1,3,3,2,3,2,1,TRUE,C
Q6N069,NAA16,6,6,6,22,2.4848899841308594,0.5066713690757751,1,3,3,2,3,1,3,3,3,FALSE,A
Q6NS38,ALKBH2,8,10,8,27,3.3082724809646606,0.727378785610199,3,3,3,3,3,3,3,3,3,FALSE,A
Q6NSI4,RADX,22,23,22,27,3.37357497215271,0.7427268326282501,3,3,3,3,3,3,3,3,3,FALSE,A
Q6NSJ0,MYORG,5,5,5,17,2.9708948135375977,0.2326231151819229,2,3,2,1,2,0,2,2,3,FALSE,A
Q6NSJ2,PHLDB3,3,4,3,24,3.3845709562301636,0,2,3,2,3,3,3,2,3,3,FALSE,A
Q6NSJ5,LRRC8E,3,3,3,16,2.665966510772705,0,0,3,2,2,2,1,1,2,3,FALSE,A
Q6NSZ9,ZSCAN25,4,4,4,27,3.2718101739883423,0,3,3,3,3,3,3,3,3,3,FALSE,A
Q6NT76,HMBOX1,5,5,5,25,3.1835317611694336,0.39775586128234863,1,3,3,3,3,3,3,3,3,FALSE,A
Q6NTE8,MRNIP,11,11,11,27,3.6866194009780884,0.646123081445694,3,3,3,3,3,3,3,3,3,FALSE,A
Q6NUK1,SLC25A24,25,34,25,27,4.989782333374023,0.9160497188568115,3,3,3,3,3,3,3,3,3,FALSE,A
Q6NUK4,REEP3,5,5,5,23,3.3508548736572266,0.729733943939209,0,3,2,3,3,3,3,3,3,FALSE,A
Q6NUM9,RETSAT,11,12,12,26,2.958381175994873,0.6987819671630859,2,3,3,3,3,3,3,3,3,FALSE,A
Q6NUN9,ZNF746,2,2,2,27,3.714673161506653,0.6922928094863892,3,3,3,3,3,3,3,3,3,FALSE,A
Q6NUQ1,RINT1,8,8,8,22,2.8453805446624756,0.5860621929168701,0,3,2,3,3,2,3,3,3,FALSE,A
Q6NUQ4,TMEM214,23,25,23,26,3.234272003173828,0.7119645178318024,2,3,3,3,3,3,3,3,3,FALSE,A
Q6NUS6,TCTN3,9,9,9,27,3.304605007171631,0.386956125497818,3,3,3,3,3,3,3,3,3,FALSE,A
Q6NVV7,CDPF1,2,2,2,25,3.043384313583374,0.6848798990249634,3,3,3,3,3,2,3,2,3,FALSE,A
Q6NVY1,HIBCH,20,25,20,27,4.54798150062561,0.9198603928089142,3,3,3,3,3,3,3,3,3,FALSE,A
Q6NW29,RWDD4,3,4,3,27,5.778069019317627,0.9536803364753723,3,3,3,3,3,3,3,3,3,FALSE,A
Q6NW34,NEPRO,15,16,15,26,3.321421504020691,0.7832511067390442,2,3,3,3,3,3,3,3,3,FALSE,A
Q6NWY9,PRPF40B,2,2,2,21,3.548269271850586,0.8601406514644623,0,2,2,3,3,3,2,3,3,FALSE,A
Q6NXE6,ARMC6,13,13,13,27,3.1656198501586914,0.5405322313308716,3,3,3,3,3,3,3,3,3,FALSE,A
Q6NXR4,TTI2,9,9,9,23,3.0007388591766357,0.6550254821777344,0,3,2,3,3,3,3,3,3,FALSE,A
Q6NXT1,ANKRD54,10,14,10,27,4.212223291397095,0.8525426685810089,3,3,3,3,3,3,3,3,3,FALSE,A
Q6NXT4,SLC30A6,1,1,1,1,2.2897636890411377,0,0,0,1,0,0,0,0,0,0,TRUE,C
Q6NXT6,TAPT1,4,4,4,23,2.6301651000976563,0.2837984561920166,0,3,2,3,3,3,3,3,3,FALSE,A
Q6NYC1,JMJD6,14,20,14,27,4.651317596435547,0.8818118870258331,3,3,3,3,3,3,3,3,3,FALSE,A
Q6NYC8,PPP1R18,12,12,12,26,2.8229408264160156,0.41587868332862854,3,3,3,3,3,3,3,3,2,FALSE,A
Q6NZ36,FAAP20,3,3,3,12,2.5066022872924805,0.39870449900627136,1,0,0,3,3,3,1,1,0,FALSE,A
Q6NZ67,MZT2B,2,2,2,27,4.950048923492432,0.576546311378479,3,3,3,3,3,3,3,3,3,FALSE,A
Q6NZI2,CAVIN1,5,5,5,27,3.7760305404663086,0.5104844868183136,3,3,3,3,3,3,3,3,3,FALSE,A
Q6NZY4,ZCCHC8,24,30,24,27,3.710158109664917,0.7698124647140503,3,3,3,3,3,3,3,3,3,FALSE,A
Q6P087,RPUSD3,7,8,7,25,3.113086700439453,0.7804902195930481,1,3,3,3,3,3,3,3,3,FALSE,A
Q6P0N0,MIS18BP1,11,13,11,27,2.788800597190857,0.5150195956230164,3,3,3,3,3,3,3,3,3,FALSE,A
Q6P0Q8,MAST2,3,3,3,14,2.7456696033477783,0.22650983929634094,0,0,0,3,3,3,3,2,0,FALSE,A
Q6P158,DHX57,43,52,43,27,3.5073890686035156,0.6312968730926514,3,3,3,3,3,3,3,3,3,FALSE,A
Q6P161,MRPL54,2,3,2,27,5.091826915740967,0.911849319934845,3,3,3,3,3,3,3,3,3,FALSE,A
Q6P179,ERAP2,1,1,2,1,2.6193723678588867,0,0,0,1,0,0,0,0,0,0,TRUE,C
Q6P1J9,CDC73,29,38,29,27,4.547018051147461,0.8767452836036682,3,3,3,3,3,3,3,3,3,FALSE,A
Q6P1K2,PMF1,6,6,6,26,2.9893996715545654,0.5047962069511414,3,3,3,3,3,3,3,3,2,FALSE,A
Q6P1L5,FAM117B,15,17,15,27,3.502159833908081,0.5531104803085327,3,3,3,3,3,3,3,3,3,FALSE,A
Q6P1L8,MRPL14,5,7,5,27,5.644641399383545,0.8747364282608032,3,3,3,3,3,3,3,3,3,FALSE,A
Q6P1M0,SLC27A4,17,19,17,26,3.197330951690674,0.660773515701294,2,3,3,3,3,3,3,3,3,FALSE,A
Q6P1M3,LLGL2,6,6,6,25,2.275959014892578,0,1,3,3,3,3,3,3,3,3,FALSE,A
Q6P1N0,CC2D1A,33,38,33,27,3.9561212062835693,0.7498418688774109,3,3,3,3,3,3,3,3,3,FALSE,A
Q6P1N9,TATDN1,17,21,17,27,3.741713762283325,0.7200781404972076,3,3,3,3,3,3,3,3,3,FALSE,A
Q6P1Q9,METTL2B,2,2,2,25,3.758026361465454,0.29578669369220734,3,3,2,2,3,3,3,3,3,FALSE,A
Q6P1R4,DUS1L,18,24,18,27,3.8137964010238647,0.7844351828098297,3,3,3,3,3,3,3,3,3,FALSE,A
Q6P1X5,TAF2,28,30,28,27,3.074462652206421,0.6121208071708679,3,3,3,3,3,3,3,3,3,FALSE,A
Q6P1X6,C8orf82,8,9,8,27,4.170751094818115,0.8607303500175476,3,3,3,3,3,3,3,3,3,FALSE,A
Q6P2C8,MED27,8,9,8,27,2.8464741706848145,0.6650566458702087,3,3,3,3,3,3,3,3,3,FALSE,A
Q6P2D0,ZFP1,4,4,4,25,2.8553489446640015,0.7995624244213104,1,3,3,3,3,3,3,3,3,FALSE,A
Q6P2E9,EDC4,41,52,41,27,4.069343566894531,0.8195027709007263,3,3,3,3,3,3,3,3,3,FALSE,A
Q6P2H3,CEP85,19,23,19,27,4.016012668609619,0.7395710945129395,3,3,3,3,3,3,3,3,3,FALSE,A
Q6P2I3,FAHD2B,2,2,2,23,2.004625082015991,0.4001355469226837,1,3,3,3,3,3,2,2,3,FALSE,A
Q6P2P2,PRMT9,2,2,2,22,2.3916895389556885,0.25850769877433777,0,3,2,2,3,3,3,3,3,FALSE,A
Q6P2Q9,PRPF8,122,188,122,27,5.348658084869385,0.935577929019928,3,3,3,3,3,3,3,3,3,FALSE,A
Q6P3S6,FBXO42,1,1,1,8,2.2643513679504395,0.18349780142307281,0,1,0,2,2,1,2,0,0,TRUE,C
Q6P3W7,SCYL2,21,23,21,26,3.6430580615997314,0.6721568703651428,2,3,3,3,3,3,3,3,3,FALSE,A
Q6P3X3,TTC27,11,11,11,25,2.422740936279297,0.2563648819923401,2,3,2,3,3,3,3,3,3,FALSE,A
Q6P444,MTFR2,7,7,7,23,2.592465877532959,0.09975532442331314,0,3,2,3,3,3,3,3,3,FALSE,A
Q6P4A7,SFXN4,4,4,4,16,2.4797271490097046,0.1954907551407814,0,0,2,2,2,2,2,3,3,FALSE,A
Q6P4E1,GOLM2,11,16,11,27,3.702949047088623,0.593558132648468,3,3,3,3,3,3,3,3,3,FALSE,A
Q6P4F2,FDX2,1,1,1,9,2.5183401107788086,0.7660155892372131,0,0,2,0,3,2,0,0,2,TRUE,C
Q6P4F7,ARHGAP11A,3,3,3,18,2.2244131565093994,0.34968188405036926,0,0,0,3,3,3,3,3,3,FALSE,A
Q6P4I2,WDR73,8,9,8,25,2.9710017442703247,0.5356088876724243,2,3,2,3,3,3,3,3,3,FALSE,A
Q6P4Q7,CNNM4,6,6,6,27,3.2221981287002563,0.35633642971515656,3,3,3,3,3,3,3,3,3,FALSE,A
Q6P4R8,NFRKB,28,31,28,27,3.420852780342102,0.6785234212875366,3,3,3,3,3,3,3,3,3,FALSE,A
Q6P582,MZT2A,2,3,2,27,4.592841148376465,0.793920636177063,3,3,3,3,3,3,3,3,3,FALSE,A
Q6P587,FAHD1,9,14,9,27,5.147558927536011,0.9202782511711121,3,3,3,3,3,3,3,3,3,FALSE,A
Q6P597,KLC3,7,8,7,26,2.9601292610168457,0.2950543463230133,3,3,2,3,3,3,3,3,3,FALSE,A
Q6P5R6,RPL22L1,4,8,4,27,5.733375072479248,0.9486668705940247,3,3,3,3,3,3,3,3,3,FALSE,A
Q6P5X5,C22orf39,1,1,1,13,2.002769708633423,0,3,2,2,1,1,1,1,1,1,TRUE,C
Q6P5Z2,PKN3,10,10,10,25,3.099396586418152,0.5879535675048828,1,3,3,3,3,3,3,3,3,FALSE,A
Q6P6C2,ALKBH5,20,24,20,27,5.148297548294067,0.9361402094364166,3,3,3,3,3,3,3,3,3,FALSE,A
Q6P996,PDXDC1,15,17,15,27,3.457406759262085,0.6031988561153412,3,3,3,3,3,3,3,3,3,FALSE,A
Q6P9B6,MEAK7,12,16,12,27,3.7518632411956787,0.7619998455047607,3,3,3,3,3,3,3,3,3,FALSE,A
Q6P9B9,INTS5,18,24,18,25,3.3855499029159546,0.6826160848140717,1,3,3,3,3,3,3,3,3,FALSE,A
Q6PCB5,RSBN1L,23,29,23,27,3.5983481407165527,0.7063377499580383,3,3,3,3,3,3,3,3,3,FALSE,A
Q6PCB6,ABHD17C,1,1,1,10,2.012646198272705,0.004502034280449152,0,2,2,1,1,0,0,1,3,TRUE,C
Q6PCB8,EMB,6,7,6,24,3.852867364883423,0.7173107862472534,3,3,3,3,2,3,3,1,3,FALSE,A
Q6PCE3,PGM2L1,10,10,10,26,3.277534246444702,0.5663511753082275,3,3,2,3,3,3,3,3,3,FALSE,A
Q6PCT2,FBXL19,13,14,13,27,2.6752383708953857,0.3595738559961319,3,3,3,3,3,3,3,3,3,FALSE,A
Q6PD62,CTR9,41,53,41,27,3.7787978649139404,0.806007981300354,3,3,3,3,3,3,3,3,3,FALSE,A
Q6PD74,AAGAB,3,3,3,27,3.3951613903045654,0.6407814621925354,3,3,3,3,3,3,3,3,3,FALSE,A
Q6PEV8,FAM199X,1,1,1,11,2.9956674575805664,0.7269937992095947,0,1,0,0,1,3,3,3,0,TRUE,C
Q6PGN9,PSRC1,11,12,11,27,3.7519965171813965,0.5473101139068604,3,3,3,3,3,3,3,3,3,FALSE,A
Q6PGP7,SKIC3,17,18,17,25,3.253257632255554,0.6852519810199738,2,3,2,3,3,3,3,3,3,FALSE,A
Q6PH81,C16orf87,5,6,5,27,4.880773305892944,0.9240306615829468,3,3,3,3,3,3,3,3,3,FALSE,A
Q6PHR2,ULK3,10,10,10,24,2.7381763458251953,0.4090206027030945,1,3,2,3,3,3,3,3,3,FALSE,A
Q6PI26,SHQ1,2,2,2,17,2.8411502838134766,0.3056236207485199,0,3,2,3,1,2,3,3,0,FALSE,A
Q6PI47,KCTD18,6,6,6,23,2.4746116399765015,0.45419926941394806,0,3,2,3,3,3,3,3,3,FALSE,A
Q6PI48,DARS2,30,42,30,27,4.195096731185913,0.7660605609416962,3,3,3,3,3,3,3,3,3,FALSE,A
Q6PI78,TMEM65,5,6,5,27,4.013920068740845,0.7724153399467468,3,3,3,3,3,3,3,3,3,FALSE,A
Q6PI98,INO80C,8,8,8,27,3.3346413373947144,0.7854787707328796,3,3,3,3,3,3,3,3,3,FALSE,A
Q6PID6,TTC33,7,8,7,27,3.752885580062866,0.7982178926467896,3,3,3,3,3,3,3,3,3,FALSE,A
Q6PII3,CCDC174,12,13,13,27,3.367158532142639,0.6596785187721252,3,3,3,3,3,3,3,3,3,FALSE,A
Q6PIJ6,FBXO38,4,4,4,24,3.1275415420532227,0.2496945559978485,0,3,3,3,3,3,3,3,3,FALSE,A
Q6PIU2,NCEH1,10,12,10,26,3.191563606262207,0.5202381014823914,2,3,3,3,3,3,3,3,3,FALSE,A
Q6PIW4,FIGNL1,8,8,8,26,2.8467286825180054,0.27589400112628937,2,3,3,3,3,3,3,3,3,FALSE,A
Q6PIY7,TENT2,4,4,4,18,2.3415164947509766,0.6724303960800171,0,3,2,2,3,2,1,2,3,FALSE,A
Q6PJ61,FBXO46,2,2,2,17,2.9743763208389282,0.5871303677558899,0,2,2,2,0,2,3,3,3,FALSE,A
Q6PJ69,TRIM65,6,6,6,25,2.6850777864456177,0.5607567131519318,2,3,2,3,3,3,3,3,3,FALSE,A
Q6PJG2,MIDEAS,17,19,17,27,3.2920913696289063,0.6543962955474854,3,3,3,3,3,3,3,3,3,FALSE,A
Q6PJG6,BRAT1,15,16,15,26,3.0858969688415527,0.6435551941394806,2,3,3,3,3,3,3,3,3,FALSE,A
Q6PJI9,WDR59,9,9,9,23,2.9157233238220215,0.5802534222602844,0,3,2,3,3,3,3,3,3,FALSE,A
Q6PJP8,DCLRE1A,2,2,2,17,2.557662844657898,0,0,0,1,3,3,3,1,3,3,FALSE,A
Q6PJT7,ZC3H14,39,59,39,27,5.055419683456421,0.9026862680912018,3,3,3,3,3,3,3,3,3,FALSE,A
Q6PK04,CCDC137,11,16,11,27,5.047264575958252,0.9346386790275574,3,3,3,3,3,3,3,3,3,FALSE,A
Q6PK18,OGFOD3,10,14,10,27,4.2635862827301025,0.8262048065662384,3,3,3,3,3,3,3,3,3,FALSE,A
Q6PK81,ZNF773,2,2,2,10,2.8127299547195435,0.7274284362792969,0,0,1,2,1,1,2,0,3,FALSE,A
Q6PKC3,TXNDC11,4,4,4,23,2.918381929397583,0.12046120315790176,0,3,2,3,3,3,3,3,3,FALSE,A
Q6PKG0,LARP1,38,56,38,27,4.619565963745117,0.8803489804267883,3,3,3,3,3,3,3,3,3,FALSE,A
Q6PL18,ATAD2,39,50,40,27,4.494521141052246,0.8529226183891296,3,3,3,3,3,3,3,3,3,FALSE,A
Q6PL24,TMED8,7,7,7,27,3.3796346187591553,0.7390673756599426,3,3,3,3,3,3,3,3,3,FALSE,A
Q6PML9,SLC30A9,6,6,6,26,2.81545352935791,0.541243314743042,2,3,3,3,3,3,3,3,3,FALSE,A
Q6Q0C0,TRAF7,2,2,2,12,2.3555445671081543,0.2813979834318161,0,0,0,2,3,2,1,1,3,FALSE,A
Q6QNY0,BLOC1S3,4,5,4,27,3.2749099731445313,0,3,3,3,3,3,3,3,3,3,FALSE,A
Q6QNY1,BLOC1S2,2,2,2,27,3.4539674520492554,0.7115254402160645,3,3,3,3,3,3,3,3,3,FALSE,A
Q6R327,RICTOR,5,5,5,24,2.9461864233016968,0.3579331934452057,1,3,2,3,3,3,3,3,3,FALSE,A
Q6RFH5,WDR74,17,23,17,27,4.3505237102508545,0.8362067937850952,3,3,3,3,3,3,3,3,3,FALSE,A
Q6RI45,BRWD3,7,7,7,26,2.9588072299957275,0.3886394649744034,2,3,3,3,3,3,3,3,3,FALSE,A
Q6RW13,AGTRAP,4,5,4,27,3.023772954940796,0.5305665135383606,3,3,3,3,3,3,3,3,3,FALSE,A
Q6S5L8,SHC4,1,1,1,9,2.2537736892700195,0.010154375806450844,0,1,0,1,1,1,1,1,3,TRUE,C
Q6SPF0,SAMD1,9,11,9,27,4.14422082901001,0.7984732985496521,3,3,3,3,3,3,3,3,3,FALSE,A
Q6STE5,SMARCD3,10,11,10,26,3.237254500389099,0.4467128962278366,2,3,3,3,3,3,3,3,3,FALSE,A
Q6SZW1,SARM1,12,12,12,25,3.193382978439331,0.43684104084968567,2,3,2,3,3,3,3,3,3,FALSE,A
Q6UB28,METAP1D,5,7,5,24,3.225358724594116,0.643821507692337,3,3,3,3,3,2,3,1,3,FALSE,A
Q6UB35,MTHFD1L,28,34,28,27,4.035578727722168,0.8270708918571472,3,3,3,3,3,3,3,3,3,FALSE,A
Q6UB99,ANKRD11,34,38,34,27,3.3393163681030273,0.5195189118385315,3,3,3,3,3,3,3,3,3,FALSE,A
Q6UN15,FIP1L1,16,25,16,27,5.03890323638916,0.9086741209030151,3,3,3,3,3,3,3,3,3,FALSE,A
Q6UUV7,CRTC3,9,11,9,27,3.1909788846969604,0.6405104100704193,3,3,3,3,3,3,3,3,3,FALSE,A
Q6UUV9,CRTC1,7,8,7,27,3.8172385692596436,0.7481695413589478,3,3,3,3,3,3,3,3,3,FALSE,A
Q6UVJ0,SASS6,21,23,21,27,3.1983174085617065,0.5649985373020172,3,3,3,3,3,3,3,3,3,FALSE,A
Q6UVK1,CSPG4,13,13,13,18,2.59476101398468,0.039154485100880265,0,0,0,3,3,3,3,3,3,FALSE,A
Q6UVY6,MOXD1,12,14,12,27,3.4666059017181396,0.7932608127593994,3,3,3,3,3,3,3,3,3,FALSE,A
Q6UW02,CYP20A1,11,11,11,26,2.8609812259674072,0.3542799800634384,2,3,3,3,3,3,3,3,3,FALSE,A
Q6UW56,ATRAID,2,2,2,27,4.487947940826416,0.9149958193302155,3,3,3,3,3,3,3,3,3,FALSE,A
Q6UW63,POGLUT2,13,13,13,26,3.1533639430999756,0.4493856728076935,2,3,3,3,3,3,3,3,3,FALSE,A
Q6UW68,TMEM205,2,3,2,26,5.176699161529541,0.8984247446060181,2,3,3,3,3,3,3,3,3,FALSE,A
Q6UWE0,LRSAM1,19,22,19,27,2.8371628522872925,0.5252617001533508,3,3,3,3,3,3,3,3,3,FALSE,A
Q6UWI4,SHISA2,4,4,4,24,2.8516690731048584,0.036404870450496674,3,3,3,2,3,2,3,3,2,FALSE,A
Q6UWP2,DHRS11,10,12,10,26,3.475905179977417,0.46472257375717163,3,3,3,3,3,3,2,3,3,FALSE,A
Q6UWP7,LCLAT1,7,7,7,26,3.402096748352051,0.5448898077011108,2,3,3,3,3,3,3,3,3,FALSE,A
Q6UWP8,SBSN,2,2,2,7,3.7899264097213745,0.22089482843875885,1,0,0,0,2,2,1,0,1,FALSE,A
Q6UWS5,PET117,3,4,3,26,3.8836445808410645,0.8217284679412842,3,3,3,3,3,3,3,3,2,FALSE,A
Q6UWU4,C6orf89,4,4,4,23,2.8344051837921143,0.45001497864723206,0,3,2,3,3,3,3,3,3,FALSE,A
Q6UWW8,CES3,3,3,3,17,1.9768399000167847,0.4155104160308838,0,3,2,2,2,2,2,1,3,FALSE,A
Q6UWY0,ARSK,2,2,2,22,2.958017110824585,0.22330370545387268,1,1,2,3,3,3,3,3,3,FALSE,A
Q6UWZ7,ABRAXAS1,4,5,4,27,2.8977408409118652,0,3,3,3,3,3,3,3,3,3,FALSE,A
Q6UX04,CWC27,14,21,14,27,4.207765102386475,0.8230433166027069,3,3,3,3,3,3,3,3,3,FALSE,A
Q6UX07,DHRS13,2,2,2,15,2.7035980224609375,0.719420313835144,0,0,0,3,2,3,2,2,3,FALSE,A
Q6UX53,TMT1B,4,4,4,20,2.518970489501953,0.1910943239927292,0,2,2,3,3,3,3,1,3,FALSE,A
Q6UX71,PLXDC2,5,5,5,21,2.8344554901123047,0.5787029266357422,2,3,3,2,2,2,3,1,3,FALSE,A
Q6UXD5,SEZ6L2,7,7,7,25,3.557124614715576,0.45084166526794434,3,3,3,3,3,3,3,2,2,FALSE,A
Q6UXH1,CRELD2,9,12,9,27,4.290231704711914,0.8312824964523315,3,3,3,3,3,3,3,3,3,FALSE,A
Q6UXM1,LRIG3,12,13,12,16,3.423078775405884,0.5846222043037415,3,3,3,1,1,1,2,1,1,FALSE,A
Q6UXN9,WDR82,13,21,13,27,4.374154567718506,0.8032606244087219,3,3,3,3,3,3,3,3,3,FALSE,A
Q6UXV4,APOOL,7,10,7,27,3.45318341255188,0.5613090991973877,3,3,3,3,3,3,3,3,3,FALSE,A
Q6V1X1,DPP8,4,4,4,25,2.584996819496155,0.12441153079271317,2,3,2,3,3,3,3,3,3,FALSE,A
Q6VMQ6,ATF7IP,16,18,16,27,4.023787975311279,0.7525225281715393,3,3,3,3,3,3,3,3,3,FALSE,A
Q6VN20,RANBP10,11,11,11,27,2.7576783895492554,4.5087546459399164e-4,3,3,3,3,3,3,3,3,3,FALSE,A
Q6VY07,PACS1,15,15,15,27,3.0522820949554443,0.5835509896278381,3,3,3,3,3,3,3,3,3,FALSE,A
Q6W2J9,BCOR,56,75,56,27,3.925786256790161,0.8000856935977936,3,3,3,3,3,3,3,3,3,FALSE,A
Q6WCQ1,MPRIP,46,61,46,27,4.1173834800720215,0.7656999826431274,3,3,3,3,3,3,3,3,3,FALSE,A
Q6WKZ4,RAB11FIP1,26,29,26,27,3.2879034280776978,0.7344217300415039,3,3,3,3,3,3,3,3,3,FALSE,A
Q6XQN6,NAPRT,19,22,19,27,3.992459774017334,0.7944918870925903,3,3,3,3,3,3,3,3,3,FALSE,A
Q6XUX3,DSTYK,2,2,2,4,2.6200449466705322,0.45062194764614105,0,1,1,0,0,0,0,0,2,FALSE,A
Q6XZF7,DNMBP,5,5,5,26,2.63531231880188,0.48920440673828125,3,3,2,3,3,3,3,3,3,FALSE,A
Q6Y288,B3GLCT,13,18,13,27,3.698806881904602,0.7881692051887512,3,3,3,3,3,3,3,3,3,FALSE,A
Q6Y7W6,GIGYF2,29,39,29,27,4.5941994190216064,0.8785694241523743,3,3,3,3,3,3,3,3,3,FALSE,A
Q6YHK3,CD109,2,2,2,6,3.5457258224487305,0.9101309776306152,0,3,3,0,0,0,0,0,0,FALSE,A
Q6YHU6,THADA,6,6,6,22,2.341895818710327,0.36419883370399475,0,3,2,3,3,3,3,3,2,FALSE,A
Q6YN16,HSDL2,20,24,20,27,3.856290578842163,0.7931079864501953,3,3,3,3,3,3,3,3,3,FALSE,A
Q6YP21,KYAT3,13,14,13,27,3.7051773071289063,0.7571574449539185,3,3,3,3,3,3,3,3,3,FALSE,A
Q6ZMG9,CERS6,3,3,4,27,3.596775531768799,0.6493381559848785,3,3,3,3,3,3,3,3,3,FALSE,A
Q6ZMI0,PPP1R21,17,18,17,27,3.0351786613464355,0.37250640988349915,3,3,3,3,3,3,3,3,3,FALSE,A
Q6ZMS4,ZNF852,3,3,3,18,2.834784746170044,0,3,3,3,2,1,1,2,2,1,FALSE,A
Q6ZMZ0,RNF19B,4,4,4,9,2.828994631767273,0.3587244153022766,1,3,2,0,0,0,2,1,0,FALSE,A
Q6ZMZ3,SYNE3,2,2,3,11,2.3734235763549805,0,0,1,2,0,2,2,1,0,3,FALSE,A
Q6ZN04,MEX3B,2,2,2,26,3.3856700658798218,0.18504487723112106,3,3,2,3,3,3,3,3,3,FALSE,A
Q6ZN17,LIN28B,10,13,10,27,5.460982322692871,0.9229680895805359,3,3,3,3,3,3,3,3,3,FALSE,A
Q6ZN18,AEBP2,4,4,4,24,1.9171510338783264,0.6345600783824921,3,3,3,3,3,2,3,1,3,FALSE,A
Q6ZN55,ZNF574,12,15,12,27,3.1246895790100098,0.7109839916229248,3,3,3,3,3,3,3,3,3,FALSE,A
Q6ZNA5,FRRS1,4,4,4,25,3.620751142501831,0.44418659806251526,3,3,3,3,2,2,3,3,3,FALSE,A
Q6ZNB6,NFXL1,29,40,29,27,3.587533473968506,0.708128809928894,3,3,3,3,3,3,3,3,3,FALSE,A
Q6ZNE5,ATG14,2,2,2,16,1.9302220344543457,0.16621818393468857,1,3,2,1,1,3,1,3,1,FALSE,A
Q6ZNG0,ZNF620,3,4,3,23,2.5285987854003906,0.6846482753753662,2,3,3,3,2,2,2,3,3,FALSE,A
Q6ZNW5,GDPGP1,5,5,5,24,3.3261916637420654,0.6493927240371704,1,3,2,3,3,3,3,3,3,FALSE,A
Q6ZQX7,LIAT1,2,2,2,27,2.995894193649292,0.2079174965620041,3,3,3,3,3,3,3,3,3,FALSE,A
Q6ZRI6,C15orf39,7,8,7,24,2.8474961519241333,0.5394250154495239,1,3,2,3,3,3,3,3,3,FALSE,A
Q6ZRP7,QSOX2,13,17,13,27,3.4785345792770386,0.8098955154418945,3,3,3,3,3,3,3,3,3,FALSE,A
Q6ZRQ5,MMS22L,13,14,13,25,3.2265785932540894,0.12892643362283707,2,3,2,3,3,3,3,3,3,FALSE,A
Q6ZRS2,SRCAP,50,60,50,27,3.7378995418548584,0.6886875033378601,3,3,3,3,3,3,3,3,3,FALSE,A
Q6ZRV2,FAM83H,18,18,18,27,3.3325352668762207,0.46288105845451355,3,3,3,3,3,3,3,3,3,FALSE,A
Q6ZRY4,RBPMS2,2,2,2,26,3.442264199256897,0.8466318845748901,3,3,2,3,3,3,3,3,3,FALSE,A
Q6ZS17,RIPOR1,2,2,2,7,2.913074254989624,0.1412912905216217,0,0,1,1,2,0,1,2,0,FALSE,A
Q6ZSJ8,C1orf122,5,7,5,27,4.583319664001465,0.8579748868942261,3,3,3,3,3,3,3,3,3,FALSE,A
Q6ZSR9,,8,10,8,27,4.115722894668579,0.8183047771453857,3,3,3,3,3,3,3,3,3,FALSE,A
Q6ZSZ5,ARHGEF18,15,16,15,27,3.230668783187866,0.6212966442108154,3,3,3,3,3,3,3,3,3,FALSE,A
Q6ZSZ6,TSHZ1,2,2,2,18,3.3476840257644653,0,0,2,2,1,3,3,2,2,3,FALSE,A
Q6ZT21,TMPPE,2,2,2,21,2.7283716201782227,0.530128538608551,0,3,2,3,3,3,1,3,3,FALSE,A
Q6ZTW0,TPGS1,3,3,3,20,2.984905481338501,0.3424208164215088,1,3,2,3,3,3,2,3,0,FALSE,A
Q6ZU35,CRACD,16,19,16,27,3.0932819843292236,0.7035502195358276,3,3,3,3,3,3,3,3,3,FALSE,A
Q6ZU65,UBN2,19,24,19,27,3.147341012954712,0.47439879179000854,3,3,3,3,3,3,3,3,3,FALSE,A
Q6ZU80,CEP128,31,37,31,26,3.4392342567443848,0.7130610942840576,3,3,2,3,3,3,3,3,3,FALSE,A
Q6ZUT1,NKAPD1,8,9,8,27,4.016778945922852,0.9007846117019653,3,3,3,3,3,3,3,3,3,FALSE,A
Q6ZUT6,CCDC9B,2,2,2,26,2.835961699485779,0,3,3,2,3,3,3,3,3,3,FALSE,A
Q6ZVF9,GPRIN3,5,5,5,27,2.92702317237854,0,3,3,3,3,3,3,3,3,3,FALSE,A
Q6ZVK8,NUDT18,1,1,2,1,3.1953892707824707,0.15028077363967896,0,0,0,0,0,0,1,0,0,TRUE,C
Q6ZVM7,TOM1L2,9,9,9,27,2.983418107032776,0.6475517451763153,3,3,3,3,3,3,3,3,3,FALSE,A
Q6ZW31,SYDE1,5,5,5,23,2.865396022796631,0.5893535017967224,0,3,2,3,3,3,3,3,3,FALSE,A
Q6ZW49,PAXIP1,19,20,19,27,3.0687155723571777,0.4283038377761841,3,3,3,3,3,3,3,3,3,FALSE,A
Q6ZWJ1,STXBP4,11,11,11,26,3.47904109954834,0.5260094404220581,3,3,2,3,3,3,3,3,3,FALSE,A
Q6ZWT7,MBOAT2,2,3,2,15,3.1283743381500244,0.11418917216360569,0,0,0,2,2,2,3,3,3,FALSE,A
Q6ZXV5,TMTC3,11,11,11,26,2.717496395111084,0.4999924898147583,2,3,3,3,3,3,3,3,3,FALSE,A
Q709C8,VPS13C,39,39,39,26,2.85773241519928,0.41751569509506226,2,3,3,3,3,3,3,3,3,FALSE,A
Q709F0,ACAD11,9,10,9,23,2.900305986404419,0.619477391242981,1,3,3,3,3,2,2,3,3,FALSE,A
Q70CQ2,USP34,6,6,6,23,2.7290523052215576,0.3646346926689148,0,3,2,3,3,3,3,3,3,FALSE,A
Q70CQ4,USP31,3,3,3,20,2.57486891746521,0,0,0,2,3,3,3,3,3,3,FALSE,A
Q70E73,RAPH1,14,16,14,27,3.329756736755371,0.6668646335601807,3,3,3,3,3,3,3,3,3,FALSE,A
Q70EL1,USP54,8,8,8,23,3.010737419128418,0.08104244619607925,0,3,2,3,3,3,3,3,3,FALSE,A
Q70IA6,MOB2,2,2,2,15,2.711807370185852,0.8529530167579651,2,3,1,2,1,0,2,2,2,FALSE,A
Q70UQ0,IKBIP,17,20,17,27,4.304774522781372,0.8565873801708221,3,3,3,3,3,3,3,3,3,FALSE,A
Q70Z53,FRA10AC1,12,16,12,27,3.7842332124710083,0.7561058700084686,3,3,3,3,3,3,3,3,3,FALSE,A
Q712K3,UBE2R2,4,4,4,27,3.501879930496216,0.6123179793357849,3,3,3,3,3,3,3,3,3,FALSE,A
Q719H9,KCTD1,3,3,3,24,3.358657717704773,0.6926564574241638,1,3,2,3,3,3,3,3,3,FALSE,A
Q71F23,CENPU,19,23,19,27,4.121237754821777,0.8115098476409912,3,3,3,3,3,3,3,3,3,FALSE,A
Q71F56,MED13L,4,4,4,21,2.3148741722106934,0,0,2,1,3,3,3,3,3,3,FALSE,A
Q71RC2,LARP4,22,29,22,27,4.219536781311035,0.7641421556472778,3,3,3,3,3,3,3,3,3,FALSE,A
Q71RG4,TMUB2,3,3,3,16,2.995354413986206,0.5358095765113831,0,3,2,2,2,1,2,2,2,FALSE,A
Q71SY5,MED25,2,2,2,26,4.693160057067871,0.8975171446800232,2,3,3,3,3,3,3,3,3,FALSE,A
Q71UM5,RPS27L,2,3,2,27,5.119220972061157,0.9778400659561157,3,3,3,3,3,3,3,3,3,FALSE,A
Q75N03,CBLL1,10,13,10,27,4.397926330566406,0.801591157913208,3,3,3,3,3,3,3,3,3,FALSE,A
Q75QN2,INTS8,11,11,11,23,3.184122085571289,0.7237673401832581,0,3,2,3,3,3,3,3,3,FALSE,A
Q765P7,MTSS2,4,4,4,26,2.3834632635116577,0.2064543291926384,3,3,3,3,3,3,3,3,2,FALSE,A
Q76FK4,NOL8,42,56,42,27,3.8839200735092163,0.7724384367465973,3,3,3,3,3,3,3,3,3,FALSE,A
Q76I76,SSH2,2,2,2,15,2.3092591762542725,0.4202379882335663,0,0,0,2,3,2,3,3,2,FALSE,A
Q76L83,ASXL2,21,22,21,27,3.1327548027038574,0.39539635181427,3,3,3,3,3,3,3,3,3,FALSE,A
Q76N32,CEP68,3,3,3,22,2.0472910404205322,0.21338552981615067,0,3,3,3,3,3,3,2,2,FALSE,A
Q7KYR7,BTN2A1,7,8,7,27,3.568588614463806,0.7331376075744629,3,3,3,3,3,3,3,3,3,FALSE,A
Q7KZ85,SUPT6H,65,86,65,27,4.207442760467529,0.8464307188987732,3,3,3,3,3,3,3,3,3,FALSE,A
Q7KZF4,SND1,42,58,42,27,5.336884021759033,0.9241628050804138,3,3,3,3,3,3,3,3,3,FALSE,A
Q7KZI7,MARK2,17,21,17,27,3.8827733993530273,0.8733338713645935,3,3,3,3,3,3,3,3,3,FALSE,A
Q7KZN9,COX15,6,7,6,24,2.8397376537323,0.5189299583435059,1,3,2,3,3,3,3,3,3,FALSE,A
Q7L014,DDX46,56,84,56,27,5.127102851867676,0.9114688038825989,3,3,3,3,3,3,3,3,3,FALSE,A
Q7L099,RUFY3,16,17,16,27,4.128756046295166,0.8198440074920654,3,3,3,3,3,3,3,3,3,FALSE,A
Q7L0J3,SV2A,3,3,3,8,3.279096245765686,0.6995325088500977,0,3,2,0,0,0,1,0,2,FALSE,A
Q7L0Q8,RHOU,3,3,3,11,3.697538375854492,0.40172919631004333,3,3,2,0,0,0,1,1,1,FALSE,A
Q7L0Y3,TRMT10C,27,40,27,27,4.596228122711182,0.8914046883583069,3,3,3,3,3,3,3,3,3,FALSE,A
Q7L1Q6,BZW1,21,29,21,27,4.236227750778198,0.8646526038646698,3,3,3,3,3,3,3,3,3,FALSE,A
Q7L1T6,CYB5R4,2,2,2,27,3.1011013984680176,0.6400827169418335,3,3,3,3,3,3,3,3,3,FALSE,A
Q7L1V2,MON1B,5,5,5,25,2.6916316747665405,0.46756649017333984,2,3,2,3,3,3,3,3,3,FALSE,A
Q7L266,ASRGL1,9,11,9,27,4.317570686340332,0.7922572493553162,3,3,3,3,3,3,3,3,3,FALSE,A
Q7L273,KCTD9,4,4,4,25,2.9760901927948,0.5690232515335083,2,3,2,3,3,3,3,3,3,FALSE,A
Q7L2E3,DHX30,59,75,59,27,4.164884567260742,0.8361387550830841,3,3,3,3,3,3,3,3,3,FALSE,A
Q7L2H7,EIF3M,16,24,16,27,4.2863664627075195,0.87039947509765625,3,3,3,3,3,3,3,3,3,FALSE,A
Q7L2J0,MEPCE,20,25,20,27,4.248473405838013,0.7078788876533508,3,3,3,3,3,3,3,3,3,FALSE,A
Q7L2K0,TEDC2,3,3,3,20,2.3138654232025146,0,2,3,2,3,2,3,2,2,1,FALSE,A
Q7L2Z9,CENPQ,16,26,16,27,4.051135540008545,0.8082424402236938,3,3,3,3,3,3,3,3,3,FALSE,A
Q7L3S4,ZNF771,11,13,11,27,3.953401803970337,0.8525451421737671,3,3,3,3,3,3,3,3,3,FALSE,A
Q7L3T8,PARS2,10,10,10,27,3.4463655948638916,0.7915846109390259,3,3,3,3,3,3,3,3,3,FALSE,A
Q7L4E1,MIGA2,1,1,1,2,2.0650574564933777,0.3089902102947235,0,1,1,0,0,0,0,0,0,TRUE,C
Q7L4I2,RSRC2,8,10,8,27,5.24480676651001,0.9050703644752502,3,3,3,3,3,3,3,3,3,FALSE,A
Q7L523,RRAGA,3,6,3,27,3.7359941005706787,0.22749775648117065,3,3,3,3,3,3,3,3,3,FALSE,A
Q7L576,CYFIP1,20,21,20,26,3.5234673023223877,0.784853458404541,2,3,3,3,3,3,3,3,3,FALSE,A
Q7L590,MCM10,17,18,17,27,3.61916720867157,0.6063362658023834,3,3,3,3,3,3,3,3,3,FALSE,A
Q7L592,NDUFAF7,13,14,13,26,3.384811520576477,0.6747293472290039,2,3,3,3,3,3,3,3,3,FALSE,A
Q7L5D6,GET4,10,14,10,27,3.6799914836883545,0.7334272563457489,3,3,3,3,3,3,3,3,3,FALSE,A
Q7L5N1,COPS6,12,18,12,27,4.319672346115112,0.9080937802791595,3,3,3,3,3,3,3,3,3,FALSE,A
Q7L5N7,LPCAT2,5,5,5,24,3.0687999725341797,0.5654515624046326,1,3,2,3,3,3,3,3,3,FALSE,A
Q7L5Y9,MAEA,11,12,11,25,3.148155450820923,0.5330884456634521,2,3,2,3,3,3,3,3,3,FALSE,A
Q7L7X3,TAOK1,11,13,11,27,3.341074824333191,0.70206618309021,3,3,3,3,3,3,3,3,3,FALSE,A
Q7L804,RAB11FIP2,8,8,8,27,2.6232839822769165,0.2052551656961441,3,3,3,3,3,3,3,3,3,FALSE,A
Q7L8A9,VASH1,1,1,1,15,2.102484941482544,0,0,0,0,3,3,3,3,3,0,TRUE,C
Q7L8J4,SH3BP5L,9,12,9,25,3.2627978324890137,0.73503178358078,3,3,3,3,3,3,3,3,1,FALSE,A
Q7L8L6,FASTKD5,2,2,2,12,2.382513999938965,0.642753005027771,0,0,1,3,3,2,0,2,1,FALSE,A
Q7L945,ZNF627,2,2,2,13,2.4698816537857056,0.5953523218631744,2,2,1,0,1,2,1,1,3,FALSE,A
Q7L9B9,EEPD1,2,2,2,20,3.2592058181762695,0.7349119186401367,0,2,1,3,3,3,2,3,3,FALSE,A
Q7LBC6,KDM3B,45,58,45,27,3.4201242923736572,0.7323683798313141,3,3,3,3,3,3,3,3,3,FALSE,A
Q7LBR1,CHMP1B,4,6,4,27,4.844908237457275,0.7907245755195618,3,3,3,3,3,3,3,3,3,FALSE,A
Q7LFL8,CXXC5,1,1,1,9,2.2657482624053955,0,1,0,0,2,2,1,2,1,0,TRUE,C
Q7LG56,RRM2B,8,8,8,27,3.2967883348464966,0.7449119091033936,3,3,3,3,3,3,3,3,3,FALSE,A
Q7LGA3,HS2ST1,12,13,12,27,3.418782591819763,0.6307148635387421,3,3,3,3,3,3,3,3,3,FALSE,A
Q7RTN6,STRADA,2,2,2,11,2.0901830196380615,0.23375937342643738,0,3,2,1,1,2,1,0,1,FALSE,A
Q7RTP6,MICAL3,45,48,45,27,3.479369640350342,0.6798886954784393,3,3,3,3,3,3,3,3,3,FALSE,A
Q7RTV0,PHF5A,7,9,7,27,6.336152076721191,0.9720032215118408,3,3,3,3,3,3,3,3,3,FALSE,A
Q7RTV3,ZNF367,3,3,3,27,3.311042308807373,0.5495297312736511,3,3,3,3,3,3,3,3,3,FALSE,A
Q7RTV5,PRXL2C,1,1,1,17,2.6410350799560547,0,1,3,2,2,2,2,2,2,1,TRUE,C
Q7Z2E3,APTX,10,10,10,27,3.7819998264312744,0.7351616621017456,3,3,3,3,3,3,3,3,3,FALSE,A
Q7Z2K6,ERMP1,15,17,15,27,3.70348858833313,0.6760534346103668,3,3,3,3,3,3,3,3,3,FALSE,A
Q7Z2K8,GPRIN1,25,30,25,27,3.8904221057891846,0.7213312983512878,3,3,3,3,3,3,3,3,3,FALSE,A
Q7Z2T5,TRMT1L,28,36,28,27,3.803264617919922,0.7651308178901672,3,3,3,3,3,3,3,3,3,FALSE,A
Q7Z2W4,ZC3HAV1,43,61,43,27,4.297724008560181,0.8316836357116699,3,3,3,3,3,3,3,3,3,FALSE,A
Q7Z2W9,MRPL21,8,13,8,27,4.282928466796875,0.6576821804046631,3,3,3,3,3,3,3,3,3,FALSE,A
Q7Z2Z1,TICRR,11,12,11,27,2.7675371170043945,0.23750069737434387,3,3,3,3,3,3,3,3,3,FALSE,A
Q7Z2Z2,EFL1,17,17,17,27,3.5981311798095703,0.6177412271499634,3,3,3,3,3,3,3,3,3,FALSE,A
Q7Z309,PABIR2,1,1,1,27,3.3861706256866455,0.19908179342746735,3,3,3,3,3,3,3,3,3,TRUE,C
Q7Z333,SETX,8,8,8,16,2.560379981994629,0.11740720272064209,0,1,0,3,3,3,3,3,0,FALSE,A
Q7Z392,TRAPPC11,7,7,7,25,3.372555732727051,0.7327210307121277,2,3,2,3,3,3,3,3,3,FALSE,A
Q7Z3B0,SMIM15,1,1,1,21,2.5871567726135254,0.5754409432411194,3,3,1,3,2,3,2,2,2,TRUE,C
Q7Z3B3,KANSL1,14,14,14,27,3.11210036277771,0.32557567954063416,3,3,3,3,3,3,3,3,3,FALSE,A
Q7Z3B4,NUP54,22,31,22,27,4.359908103942871,0.8684643507003784,3,3,3,3,3,3,3,3,3,FALSE,A
Q7Z3C6,ATG9A,14,14,14,25,3.225926160812378,0.5195097923278809,1,3,3,3,3,3,3,3,3,FALSE,A
Q7Z3D4,LYSMD3,2,2,2,27,3.884026050567627,0.5183641910552979,3,3,3,3,3,3,3,3,3,FALSE,A
Q7Z3E2,CCDC186,18,18,18,27,3.2546955347061157,0.5880375504493713,3,3,3,3,3,3,3,3,3,FALSE,A
Q7Z3E5,ARMC9,11,11,11,25,2.8029825687408447,0.09853097796440125,2,3,2,3,3,3,3,3,3,FALSE,A
Q7Z3J2,VPS35L,15,15,15,26,3.8083457946777344,0.6896172165870667,3,3,2,3,3,3,3,3,3,FALSE,A
Q7Z3K3,POGZ,36,49,36,27,3.96771502494812,0.7870816588401794,3,3,3,3,3,3,3,3,3,FALSE,A
Q7Z3K6,MIER3,1,1,1,16,2.4385100603103638,0.4665338397026062,0,0,1,3,2,2,2,3,3,TRUE,C
Q7Z3Q1,SLC46A3,1,1,1,11,2.57718825340271,0.46096503734588623,0,3,2,0,1,0,1,2,2,TRUE,C
Q7Z3T8,ZFYVE16,15,16,15,27,3.1891162395477295,0.3991231620311737,3,3,3,3,3,3,3,3,3,FALSE,A
Q7Z3U7,MON2,23,23,23,25,3.143736481666565,0.6309534013271332,2,3,2,3,3,3,3,3,3,FALSE,A
Q7Z3V4,UBE3B,3,3,3,23,2.8052022457122803,0,0,3,2,3,3,3,3,3,3,FALSE,A
Q7Z401,DENND4A,4,4,4,25,2.4603999853134155,0.146892711520195,2,3,3,3,3,3,3,2,3,FALSE,A
Q7Z406,MYH14,61,68,61,27,3.751424789428711,0.6660076677799225,3,3,3,3,3,3,3,3,3,FALSE,A
Q7Z412,PEX26,1,1,2,17,2.4143056869506836,0.6043314337730408,0,0,0,3,3,3,2,3,3,TRUE,C
Q7Z417,NUFIP2,18,23,18,27,4.687150001525879,0.8737198114395142,3,3,3,3,3,3,3,3,3,FALSE,A
Q7Z422,SZRD1,6,8,6,27,5.367725610733032,0.9081220924854279,3,3,3,3,3,3,3,3,3,FALSE,A
Q7Z434,MAVS,12,16,12,27,5.591353416442871,0.9516559839248657,3,3,3,3,3,3,3,3,3,FALSE,A
Q7Z460,CLASP1,40,44,40,27,3.5177664756774902,0.6965206265449524,3,3,3,3,3,3,3,3,3,FALSE,A
Q7Z478,DHX29,39,43,39,27,3.2959102392196655,0.7200686931610107,3,3,3,3,3,3,3,3,3,FALSE,A
Q7Z4F1,LRP10,7,7,7,9,3.3806240558624268,0.6032264232635498,2,3,3,0,0,0,1,0,0,FALSE,A
Q7Z4G1,COMMD6,3,3,3,26,3.4643168449401855,0.5780792236328125,3,3,2,3,3,3,3,3,3,FALSE,A
Q7Z4G4,TRMT11,2,2,2,22,3.0946249961853027,0.5699041485786438,0,3,1,3,3,3,3,3,3,FALSE,A
Q7Z4H3,HDDC2,11,14,11,27,4.55683708190918,0.8942660987377167,3,3,3,3,3,3,3,3,3,FALSE,A
Q7Z4H7,HAUS6,24,27,24,27,3.0599610805511475,0.5718690156936646,3,3,3,3,3,3,3,3,3,FALSE,A
Q7Z4H8,POGLUT3,23,31,23,27,4.312137603759766,0.8707404732704163,3,3,3,3,3,3,3,3,3,FALSE,A
Q7Z4Q2,HEATR3,24,25,24,27,3.8131884336471558,0.7500296831130981,3,3,3,3,3,3,3,3,3,FALSE,A
Q7Z4R8,C6orf120,2,3,2,27,2.9407172203063965,0.8087827563285828,3,3,3,3,3,3,3,3,3,FALSE,A
Q7Z4S6,KIF21A,32,36,32,27,3.369950532913208,0.6827422082424164,3,3,3,3,3,3,3,3,3,FALSE,A
Q7Z4V5,HDGFL2,18,26,18,27,5.583066463470459,0.9497529566287994,3,3,3,3,3,3,3,3,3,FALSE,A
Q7Z4W1,DCXR,15,21,15,27,5.557677745819092,0.9399033188819885,3,3,3,3,3,3,3,3,3,FALSE,A
Q7Z569,BRAP,19,23,19,27,3.6683441400527954,0.7557409405708313,3,3,3,3,3,3,3,3,3,FALSE,A
Q7Z589,EMSY,20,20,20,27,3.083084464073181,0.4358418881893158,3,3,3,3,3,3,3,3,3,FALSE,A
Q7Z5G4,GOLGA7,4,5,4,27,4.158698320388794,0.6456226110458374,3,3,3,3,3,3,3,3,3,FALSE,A
Q7Z5J4,RAI1,39,44,39,27,3.2995080947875977,0.5573247075080872,3,3,3,3,3,3,3,3,3,FALSE,A
Q7Z5K2,WAPL,30,36,30,27,3.7658915519714355,0.6612513065338135,3,3,3,3,3,3,3,3,3,FALSE,A
Q7Z5L2,R3HCC1L,8,8,8,25,3.2033040523529053,0.709922581911087,2,3,2,3,3,3,3,3,3,FALSE,A
Q7Z5L9,IRF2BP2,19,27,19,27,4.73802924156189,0.8302524387836456,3,3,3,3,3,3,3,3,3,FALSE,A
Q7Z5N4,SDK1,4,4,5,25,3.383283495903015,0,2,3,2,3,3,3,3,3,3,FALSE,A
Q7Z5W3,BCDIN3D,1,1,1,25,2.9989988803863525,0,2,3,2,3,3,3,3,3,3,TRUE,C
Q7Z628,NET1,4,4,4,23,2.783677339553833,0.3855428695678711,0,3,2,3,3,3,3,3,3,FALSE,A
Q7Z6B0,CCDC91,1,1,1,16,2.70870304107666,0,0,0,0,3,3,3,3,3,1,TRUE,C
Q7Z6B7,SRGAP1,3,3,3,18,2.2718182802200317,0.18007856607437134,0,2,0,3,3,3,3,2,2,FALSE,A
Q7Z6E9,RBBP6,47,62,47,27,4.588023662567139,0.8717060387134552,3,3,3,3,3,3,3,3,3,FALSE,A
Q7Z6I8,C5orf24,5,7,5,27,3.9940946102142334,0.9143381118774414,3,3,3,3,3,3,3,3,3,FALSE,A
Q7Z6J0,SH3RF1,4,4,4,20,2.898338556289673,0.3111078441143036,1,3,1,3,3,3,3,3,0,FALSE,A
Q7Z6J8,UBE3D,2,2,2,8,2.8122975826263428,0,0,3,2,1,0,0,1,0,1,FALSE,A
Q7Z6J9,TSEN54,10,10,10,26,2.6600064039230347,0.2274588644504547,3,3,2,3,3,3,3,3,3,FALSE,A
Q7Z6K3,PTAR1,3,3,3,17,1.931760549545288,0,0,3,2,1,2,2,3,2,2,FALSE,A
Q7Z6K5,ARPIN,10,11,10,27,4.191190719604492,0.7913082242012024,3,3,3,3,3,3,3,3,3,FALSE,A
Q7Z6L1,TECPR1,2,2,2,14,1.769317388534546,0,0,3,1,1,2,2,2,1,2,FALSE,A
Q7Z6M1,RABEPK,11,12,11,27,3.4345407485961914,0.5143266916275024,3,3,3,3,3,3,3,3,3,FALSE,A
Q7Z6M4,MTERF4,3,3,3,25,2.540730357170105,0,1,3,3,3,3,3,3,3,3,FALSE,A
Q7Z6R9,TFAP2D,1,1,1,25,5.93586540222168,0.8990183472633362,3,3,2,3,3,3,3,3,2,TRUE,B
Q7Z6V5,ADAT2,4,4,4,27,4.152286529541016,0.2762969434261322,3,3,3,3,3,3,3,3,3,FALSE,A
Q7Z6Z7,HUWE1,122,144,122,27,3.6933236122131348,0.7697517275810242,3,3,3,3,3,3,3,3,3,FALSE,A
Q7Z736,PLEKHH3,3,3,3,10,2.3918551206588745,0.003875217167660594,0,3,2,0,1,0,0,1,3,FALSE,A
Q7Z739,YTHDF3,7,8,7,27,4.730373382568359,0.8738352060317993,3,3,3,3,3,3,3,3,3,FALSE,A
Q7Z794,KRT77,4,4,4,13,2.4704349040985107,0.35141441226005554,0,0,0,2,3,3,1,2,2,FALSE,A
Q7Z7A1,CNTRL,4,4,4,20,2.4012675285339355,0,0,2,1,3,3,3,3,2,3,FALSE,A
Q7Z7A3,CTU1,4,4,4,22,2.6746718883514404,0.3751581907272339,0,3,2,3,3,3,3,3,2,FALSE,A
Q7Z7A4,PXK,8,8,8,26,3.274556279182434,0.6572767198085785,2,3,3,3,3,3,3,3,3,FALSE,A
Q7Z7C8,TAF8,6,9,6,27,4.262009382247925,0.769425630569458,3,3,3,3,3,3,3,3,3,FALSE,A
Q7Z7E8,UBE2Q1,11,14,11,26,3.1074118614196777,0.7455680966377258,2,3,3,3,3,3,3,3,3,FALSE,A
Q7Z7F0,KHDC4,8,10,8,27,3.252505302429199,0.7423229813575745,3,3,3,3,3,3,3,3,3,FALSE,A
Q7Z7F7,MRPL55,5,10,5,27,5.541363716125488,0.8890192210674286,3,3,3,3,3,3,3,3,3,FALSE,A
Q7Z7H5,TMED4,6,10,6,27,4.778907775878906,0.9049740433692932,3,3,3,3,3,3,3,3,3,FALSE,A
Q7Z7H8,MRPL10,6,7,6,27,4.85053277015686,0.9111648201942444,3,3,3,3,3,3,3,3,3,FALSE,A
Q7Z7K0,CMC1,3,4,3,27,6.001842260360718,0.9491164982318878,3,3,3,3,3,3,3,3,3,FALSE,A
Q7Z7K2,ZNF467,2,2,2,11,2.432534694671631,0.23227860033512115,1,0,1,0,3,0,2,2,2,FALSE,A
Q7Z7K6,CENPV,10,16,10,27,5.80689263343811,0.9360466301441193,3,3,3,3,3,3,3,3,3,FALSE,A
Q7Z7L7,ZER1,3,3,3,24,3.699387550354004,0.7150216698646545,1,3,2,3,3,3,3,3,3,FALSE,A
Q7Z7L8,C11orf96,2,2,2,19,2.6255288124084473,0.23594218492507935,1,3,1,3,2,3,3,2,1,FALSE,A
Q7Z7L9,ZSCAN2,2,2,2,9,2.380891442298889,0.3415282368659973,1,0,2,2,1,1,0,0,2,FALSE,A
Q7Z7M0,MEGF8,12,12,12,27,2.760936737060547,0.45989981293678284,3,3,3,3,3,3,3,3,3,FALSE,A
Q7Z7N9,TMEM179B,3,4,3,27,3.6426724195480347,0.8168171048164368,3,3,3,3,3,3,3,3,3,FALSE,A
Q86SE9,PCGF5,4,4,4,27,3.563225507736206,0.35431692004203796,3,3,3,3,3,3,3,3,3,FALSE,A
Q86SF2,GALNT7,14,16,14,27,3.6092870235443115,0.7527580261230469,3,3,3,3,3,3,3,3,3,FALSE,A
Q86SK9,SCD5,2,2,2,23,4.335265636444092,0.8047816753387451,0,3,2,3,3,3,3,3,3,FALSE,A
Q86SQ0,PHLDB2,25,26,25,27,3.0357892513275146,0.36747556924819946,3,3,3,3,3,3,3,3,3,FALSE,A
Q86SQ4,ADGRG6,2,2,2,10,3.154115915298462,0.1253010518848896,3,3,3,1,0,0,0,0,0,FALSE,A
Q86SQ7,SDCCAG8,11,12,11,27,3.1016969680786133,0.6961813569068909,3,3,3,3,3,3,3,3,3,FALSE,A
Q86SQ9,DHDDS,3,3,3,12,2.6477816104888916,0.6131522059440613,0,0,2,1,3,2,1,1,2,FALSE,A
Q86SR1,GALNT10,1,1,1,8,3.8480775356292725,0.9601976871490479,0,1,1,0,3,0,0,0,3,TRUE,C
Q86SX3,TEDC1,6,6,6,27,2.7044602632522583,0.29007628560066223,3,3,3,3,3,3,3,3,3,FALSE,A
Q86SX6,GLRX5,3,5,3,27,5.3483641147613525,0.9157647788524628,3,3,3,3,3,3,3,3,3,FALSE,A
Q86SZ2,TRAPPC6B,5,5,5,27,2.9755829572677612,0.4691874533891678,3,3,3,3,3,3,3,3,3,FALSE,A
Q86T03,PIP4P1,5,6,5,27,5.348320007324219,0.835434079170227,3,3,3,3,3,3,3,3,3,FALSE,A
Q86T24,ZBTB33,14,15,14,27,3.4361777305603027,0.720740795135498,3,3,3,3,3,3,3,3,3,FALSE,A
Q86T82,USP37,5,5,5,23,2.956181764602661,0.443541944026947,0,3,2,3,3,3,3,3,3,FALSE,A
Q86TB9,PATL1,14,14,14,26,3.123181104660034,0.6402253806591034,3,3,2,3,3,3,3,3,3,FALSE,A
Q86TI2,DPP9,24,29,24,27,3.2571064233779907,0.5840263962745667,3,3,3,3,3,3,3,3,3,FALSE,A
Q86TJ2,TADA2B,14,16,14,27,3.5851097106933594,0.6770562529563904,3,3,3,3,3,3,3,3,3,FALSE,A
Q86TM6,SYVN1,3,3,3,23,3.2804372310638428,0.6301562786102295,1,3,2,3,3,3,2,3,3,FALSE,A
Q86TN4,TRPT1,3,3,3,27,4.620069742202759,0.8601135313510895,3,3,3,3,3,3,3,3,3,FALSE,A
Q86TP1,PRUNE1,10,11,10,26,2.998505115509033,0.5956670641899109,2,3,3,3,3,3,3,3,3,FALSE,A
Q86TS9,MRPL52,2,3,2,27,6.370617866516113,0.9623832404613495,3,3,3,3,3,3,3,3,3,FALSE,A
Q86TU7,SETD3,18,20,18,27,3.566251754760742,0.7997344136238098,3,3,3,3,3,3,3,3,3,FALSE,A
Q86TV6,TTC7B,3,3,3,24,2.9850263595581055,0.24978844821453094,1,3,2,3,3,3,3,3,3,FALSE,A
Q86U06,RBM23,9,9,9,27,4.428873300552368,0.8831979930400848,3,3,3,3,3,3,3,3,3,FALSE,A
Q86U28,ISCA2,6,6,6,27,3.4607794284820557,0.615307629108429,3,3,3,3,3,3,3,3,3,FALSE,A
Q86U38,NOP9,20,25,20,26,4.170675277709961,0.8613781929016113,2,3,3,3,3,3,3,3,3,FALSE,A
Q86U42,PABPN1,9,13,9,27,4.930420875549316,0.9063029885292053,3,3,3,3,3,3,3,3,3,FALSE,A
Q86U44,METTL3,19,27,19,27,4.120595932006836,0.6871034502983093,3,3,3,3,3,3,3,3,3,FALSE,A
Q86U70,LDB1,5,6,5,27,3.567049741744995,0.35498419404029846,3,3,3,3,3,3,3,3,3,FALSE,A
Q86U86,PBRM1,66,82,66,27,3.9587960243225098,0.8276357054710388,3,3,3,3,3,3,3,3,3,FALSE,A
Q86U90,YRDC,7,7,7,27,4.425051689147949,0.7971895337104797,3,3,3,3,3,3,3,3,3,FALSE,A
Q86UA1,PRPF39,17,21,17,26,2.9409918785095215,0.5446970462799072,2,3,3,3,3,3,3,3,3,FALSE,A
Q86UA6,RPAIN,2,2,2,22,2.076720952987671,0.5138790309429169,3,3,3,3,2,0,3,3,2,FALSE,A
Q86UB9,TMEM135,1,1,1,14,2.473451256752014,0,0,2,2,2,1,2,0,2,3,TRUE,C
Q86UD0,SAPCD2,10,10,10,27,3.297911524772644,0.1854468733072281,3,3,3,3,3,3,3,3,3,FALSE,A
Q86UD1,OAF,1,1,1,24,3.3581957817077637,0.5307234227657318,3,3,3,3,3,3,3,2,1,TRUE,C
Q86UE4,MTDH,24,36,24,27,5.569362640380859,0.9342684149742126,3,3,3,3,3,3,3,3,3,FALSE,A
Q86UE8,TLK2,7,8,7,27,3.6139516830444336,0.48357710242271423,3,3,3,3,3,3,3,3,3,FALSE,A
Q86UF1,TSPAN33,2,2,2,7,2.8168606758117676,0,0,2,2,1,0,0,1,0,1,FALSE,A
Q86UK7,ZNF598,24,32,24,27,3.955410361289978,0.7989230453968048,3,3,3,3,3,3,3,3,3,FALSE,A
Q86UL3,GPAT4,8,8,8,22,3.2651078701019287,0.574039101600647,0,3,2,3,3,3,2,3,3,FALSE,A
Q86UN3,RTN4RL2,4,4,4,27,3.1112184524536133,0.8060868382453918,3,3,3,3,3,3,3,3,3,FALSE,A
Q86UP2,KTN1,89,136,89,27,5.6850810050964355,0.9466172158718109,3,3,3,3,3,3,3,3,3,FALSE,A
Q86UP3,ZFHX4,25,25,25,27,3.065102696418762,0.5786602199077606,3,3,3,3,3,3,3,3,3,FALSE,A
Q86UQ0,ZNF589,3,3,3,27,2.988054633140564,0.10523820668458939,3,3,3,3,3,3,3,3,3,FALSE,A
Q86US8,SMG6,19,22,19,27,2.9364631175994873,0.49024710059165955,3,3,3,3,3,3,3,3,3,FALSE,A
Q86UT8,CENATAC,3,3,3,27,2.4128620624542236,5.184289693715982e-5,3,3,3,3,3,3,3,3,3,FALSE,A
Q86UU0,BCL9L,6,7,6,27,2.643155336380005,0.04086914658546448,3,3,3,3,3,3,3,3,3,FALSE,A
Q86UU1,PHLDB1,12,13,12,27,2.8449244499206543,0.37934136390686035,3,3,3,3,3,3,3,3,3,FALSE,A
Q86UV5,USP48,34,41,34,27,3.4395344257354736,0.709804117679596,3,3,3,3,3,3,3,3,3,FALSE,A
Q86UW6,N4BP2,3,3,3,25,2.8197131156921387,0.06948546320199966,3,3,3,3,3,3,3,3,1,FALSE,A
Q86UX6,STK32C,2,2,2,18,3.051146149635315,0.32692620158195496,0,3,1,2,3,3,3,0,3,FALSE,A
Q86UY6,NAA40,9,12,9,27,3.732788562774658,0.7602116465568542,3,3,3,3,3,3,3,3,3,FALSE,A
Q86UY8,NT5DC3,12,13,12,27,3.0320714712142944,0.491658091545105,3,3,3,3,3,3,3,3,3,FALSE,A
Q86V15,CASZ1,11,11,11,27,3.0285979509353638,0.6032355427742004,3,3,3,3,3,3,3,3,3,FALSE,A
Q86V21,AACS,8,8,8,25,3.0441901683807373,0.40419110655784607,2,3,2,3,3,3,3,3,3,FALSE,A
Q86V48,LUZP1,41,49,41,27,4.304297208786011,0.7957116663455963,3,3,3,3,3,3,3,3,3,FALSE,A
Q86V59,PNMA8A,11,14,11,27,3.6367619037628174,0.6604635417461395,3,3,3,3,3,3,3,3,3,FALSE,A
Q86V81,ALYREF,11,18,11,27,6.034626007080078,0.9570937752723694,3,3,3,3,3,3,3,3,3,FALSE,A
Q86V85,GPR180,3,3,3,27,4.801567077636719,0.9593963921070099,3,3,3,3,3,3,3,3,3,FALSE,A
Q86V88,MDP1,4,5,4,27,3.0916824340820313,0.80512237548828125,3,3,3,3,3,3,3,3,3,FALSE,A
Q86VE0,MYPOP,2,2,2,27,2.6983890533447266,0.611060619354248,3,3,3,3,3,3,3,3,3,FALSE,A
Q86VI3,IQGAP3,24,24,24,24,2.9889039993286133,0.5701784491539001,0,3,3,3,3,3,3,3,3,FALSE,A
Q86VM9,ZC3H18,23,31,23,27,4.954103708267212,0.9103714227676392,3,3,3,3,3,3,3,3,3,FALSE,A
Q86VN1,VPS36,11,12,11,25,3.263313055038452,0.6400426626205444,2,3,2,3,3,3,3,3,3,FALSE,A
Q86VP1,TAX1BP1,26,31,26,27,3.348458766937256,0.673942506313324,3,3,3,3,3,3,3,3,3,FALSE,A
Q86VP3,PACS2,3,3,3,20,2.650243043899536,0,0,3,2,2,3,3,3,3,1,FALSE,A
Q86VP6,CAND1,50,72,50,27,4.300874471664429,0.8857381641864777,3,3,3,3,3,3,3,3,3,FALSE,A
Q86VQ0,LCA5,4,4,4,16,2.3192455768585205,0.29360175132751465,1,1,0,3,3,2,2,3,1,FALSE,A
Q86VQ1,GLCCI1,12,14,12,27,3.463683009147644,0.6586796641349792,3,3,3,3,3,3,3,3,3,FALSE,A
Q86VR2,RETREG3,3,4,3,27,3.9988863468170166,0.8061070442199707,3,3,3,3,3,3,3,3,3,FALSE,A
Q86VS8,HOOK3,20,23,20,27,4.21040940284729,0.6766074299812317,3,3,3,3,3,3,3,3,3,FALSE,A
Q86VU5,COMTD1,4,4,4,26,2.3572590351104736,0.7235058546066284,2,3,3,3,3,3,3,3,3,FALSE,A
Q86VW0,SESTD1,6,6,6,22,2.3790372610092163,0.1803007647395134,0,3,2,3,3,2,3,3,3,FALSE,A
Q86VX2,COMMD7,5,5,5,27,3.430610179901123,0.5754702985286713,3,3,3,3,3,3,3,3,3,FALSE,A
Q86VX9,MON1A,3,3,3,24,2.596732974052429,0,1,3,2,3,3,3,3,3,3,FALSE,A
Q86VZ4,LRP11,13,14,13,17,3.282333016395569,0.4348601996898651,3,3,3,2,2,0,3,1,0,FALSE,A
Q86VZ6,JAZF1,1,1,1,11,2.6708920001983643,0.021075837314128876,0,0,0,3,2,3,1,1,1,TRUE,C
Q86W11,ZSCAN30,2,3,2,27,3.1781702041625977,0.3525890111923218,3,3,3,3,3,3,3,3,3,FALSE,A
Q86W34,AMZ2,6,6,6,25,2.8316023349761963,0.7815448641777039,2,3,2,3,3,3,3,3,3,FALSE,A
Q86W42,THOC6,16,21,16,27,4.584493160247803,0.8537368178367615,3,3,3,3,3,3,3,3,3,FALSE,A
Q86W50,METTL16,12,12,12,27,3.555737257003784,0.6854850649833679,3,3,3,3,3,3,3,3,3,FALSE,A
Q86W56,PARG,14,15,14,27,3.213527202606201,0.6500226855278015,3,3,3,3,3,3,3,3,3,FALSE,A
Q86W74,ANKRD46,4,4,4,21,2.6596686840057373,0.31304775178432465,2,3,3,2,3,1,3,2,2,FALSE,A
Q86W92,PPFIBP1,18,20,18,27,3.2377829551696777,0.6094586253166199,3,3,3,3,3,3,3,3,3,FALSE,A
Q86WA6,BPHL,9,11,9,27,4.111255645751953,0.7644981741905212,3,3,3,3,3,3,3,3,3,FALSE,A
Q86WA8,LONP2,5,5,5,23,2.2496620416641235,0.6293432414531708,1,3,3,3,3,3,2,3,2,FALSE,A
Q86WA9,SLC26A11,2,2,2,13,3.0825202465057373,0.7181490659713745,2,3,2,0,1,1,0,2,2,FALSE,A
Q86WB0,ZC3HC1,16,19,16,27,3.7653013467788696,0.8083159625530243,3,3,3,3,3,3,3,3,3,FALSE,A
Q86WC4,OSTM1,3,4,3,27,4.822973251342773,0.8806044459342957,3,3,3,3,3,3,3,3,3,FALSE,A
Q86WJ1,CHD1L,29,33,29,27,3.3701651096343994,0.6763042211532593,3,3,3,3,3,3,3,3,3,FALSE,A
Q86WN1,FCHSD1,1,1,1,5,3.3292415142059326,0,0,3,2,0,0,0,0,0,0,TRUE,C
Q86WP2,GPBP1,8,10,8,26,3.1511435508728027,0.6734784841537476,3,3,2,3,3,3,3,3,3,FALSE,A
Q86WQ0,NR2C2AP,6,7,6,27,3.619535803794861,0.8889558613300323,3,3,3,3,3,3,3,3,3,FALSE,A
Q86WR0,CCDC25,11,14,11,27,3.9231841564178467,0.5370276570320129,3,3,3,3,3,3,3,3,3,FALSE,A
Q86WR7,PROSER2,5,5,5,27,3.276134729385376,0.488911971449852,3,3,3,3,3,3,3,3,3,FALSE,A
Q86WT1,IFT70A,1,1,1,15,2.6675686836242676,0,0,3,1,1,2,2,1,3,2,TRUE,C
Q86WW8,COA5,4,6,4,27,4.9171929359436035,0.9240154027938843,3,3,3,3,3,3,3,3,3,FALSE,A
Q86WX3,RPS19BP1,9,12,9,27,5.224194765090942,0.8855693340301514,3,3,3,3,3,3,3,3,3,FALSE,A
Q86X02,CDR2L,14,16,14,27,3.084847331047058,0.5256538987159729,3,3,3,3,3,3,3,3,3,FALSE,A
Q86X10,RALGAPB,10,10,10,27,2.6658639907836914,0.4357999265193939,3,3,3,3,3,3,3,3,3,FALSE,A
Q86X27,RALGPS2,6,6,6,24,3.346968173980713,0.49497658014297485,1,3,2,3,3,3,3,3,3,FALSE,A
Q86X29,LSR,16,21,16,27,4.132220268249512,0.8573472797870636,3,3,3,3,3,3,3,3,3,FALSE,A
Q86X52,CHSY1,3,3,3,25,2.715342402458191,0.2072901353240013,3,3,3,3,3,2,3,3,2,FALSE,A
Q86X53,ERICH1,9,12,9,27,4.2853052616119385,0.8360203206539154,3,3,3,3,3,3,3,3,3,FALSE,A
Q86X55,CARM1,14,19,14,27,3.7947603464126587,0.8059881329536438,3,3,3,3,3,3,3,3,3,FALSE,A
Q86X76,NIT1,13,19,13,27,4.3398566246032715,0.8005193471908569,3,3,3,3,3,3,3,3,3,FALSE,A
Q86X83,COMMD2,10,11,10,27,3.7983425855636597,0.8510318994522095,3,3,3,3,3,3,3,3,3,FALSE,A
Q86X95,CIR1,9,11,9,27,3.765241026878357,0.7264320850372314,3,3,3,3,3,3,3,3,3,FALSE,A
Q86XA9,HEATR5A,10,10,10,25,2.9516239166259766,0.6613697111606598,2,3,2,3,3,3,3,3,3,FALSE,A
Q86XI2,NCAPG2,26,30,26,26,3.244469165802002,0.7035254538059235,2,3,3,3,3,3,3,3,3,FALSE,A
Q86XI8,ZSWIM9,2,2,2,13,1.7204275727272034,0.48777543008327484,0,0,0,1,2,2,3,2,3,FALSE,A
Q86XJ1,GAS2L3,6,7,6,26,2.5186389684677124,0.454239159822464,3,3,3,3,3,3,3,2,3,FALSE,A
Q86XK2,FBXO11,21,27,21,27,3.5211209058761597,0.7387121617794037,3,3,3,3,3,3,3,3,3,FALSE,A
Q86XK3,SFR1,6,7,6,27,3.16385817527771,0.7845988273620605,3,3,3,3,3,3,3,3,3,FALSE,A
Q86XL3,ANKLE2,28,32,28,27,3.4924196004867554,0.6142418682575226,3,3,3,3,3,3,3,3,3,FALSE,A
Q86XN7,PROSER1,10,10,10,25,2.9319238662719727,0.4702235758304596,3,3,3,3,3,3,3,3,1,FALSE,A
Q86XN8,MEX3D,4,4,4,15,2.4089367389678955,0.35737116634845734,2,3,2,1,2,0,3,1,1,FALSE,A
Q86XP1,DGKH,5,5,5,19,2.4629738330841064,0.43204401433467865,0,3,2,2,2,2,3,3,2,FALSE,A
Q86XP3,DDX42,38,54,38,27,4.99102783203125,0.9088014960289001,3,3,3,3,3,3,3,3,3,FALSE,A
Q86XR8,CEP57,12,13,12,27,3.3763561248779297,0.722753494977951,3,3,3,3,3,3,3,3,3,FALSE,A
Q86XS8,RNF130,6,7,6,25,3.1599230766296387,0.2924842983484268,3,3,3,3,3,3,2,2,3,FALSE,A
Q86XT9,TMEM219,3,3,3,21,2.5665584802627563,0,3,3,3,1,3,1,2,2,3,FALSE,A
Q86XX4,FRAS1,40,41,40,27,2.687873363494873,0.24376101791858673,3,3,3,3,3,3,3,3,3,FALSE,A
Q86XZ4,SPATS2,19,19,19,27,3.8431355953216553,0.748065173625946,3,3,3,3,3,3,3,3,3,FALSE,A
Q86Y07,VRK2,11,11,11,26,2.8122215270996094,0.6300020217895508,2,3,3,3,3,3,3,3,3,FALSE,A
Q86Y13,DZIP3,3,3,3,19,2.3715312480926514,0.3081981986761093,0,2,1,3,3,2,2,3,3,FALSE,A
Q86Y37,CACUL1,7,7,7,27,3.319138765335083,0.4901926815509796,3,3,3,3,3,3,3,3,3,FALSE,A
Q86Y39,NDUFA11,5,6,5,27,4.144754409790039,0.835050642490387,3,3,3,3,3,3,3,3,3,FALSE,A
Q86Y56,DNAAF5,26,30,26,27,3.87414288520813,0.7417465448379517,3,3,3,3,3,3,3,3,3,FALSE,A
Q86Y79,PTRH1,6,8,6,27,3.453911304473877,0.7190001606941223,3,3,3,3,3,3,3,3,3,FALSE,A
Q86Y82,STX12,10,18,10,27,6.101586818695068,0.9694468975067139,3,3,3,3,3,3,3,3,3,FALSE,A
Q86Y91,KIF18B,18,20,18,27,3.180187463760376,0.7221716642379761,3,3,3,3,3,3,3,3,3,FALSE,A
Q86Y97,KMT5C,13,13,13,27,3.0690075159072876,0.3477142006158829,3,3,3,3,3,3,3,3,3,FALSE,A
Q86YB8,ERO1B,11,15,11,27,3.643051862716675,0.7021909058094025,3,3,3,3,3,3,3,3,3,FALSE,A
Q86YC2,PALB2,4,4,4,17,2.1420576572418213,0,0,3,1,3,3,1,2,3,1,FALSE,A
Q86YD1,PTOV1,1,1,1,19,2.459868907928467,0.21978677809238434,0,3,1,3,3,3,3,3,0,TRUE,C
Q86YD5,LDLRAD3,1,1,1,5,2.253800630569458,0.11848420649766922,1,3,1,0,0,0,0,0,0,TRUE,C
Q86YH2,ZNF280B,2,2,2,26,2.7351231575012207,0.15213264524936676,2,3,3,3,3,3,3,3,3,FALSE,A
Q86YI8,PHF13,3,3,3,24,2.9364356994628906,0.24907217919826508,3,3,2,3,3,3,3,3,1,FALSE,A
Q86YM7,HOMER1,14,16,14,27,3.5759462118148804,0.64444500207901,3,3,3,3,3,3,3,3,3,FALSE,A
Q86YN1,DOLPP1,1,1,1,27,4.007687568664551,0.8604980111122131,3,3,3,3,3,3,3,3,3,TRUE,B
Q86YP4,GATAD2A,23,29,23,27,4.610743522644043,0.8515586256980896,3,3,3,3,3,3,3,3,3,FALSE,A
Q86YQ8,CPNE8,16,18,16,27,3.456228733062744,0.6091788411140442,3,3,3,3,3,3,3,3,3,FALSE,A
Q86YR5,GPSM1,9,9,9,25,2.885277032852173,0.41873079538345337,2,3,2,3,3,3,3,3,3,FALSE,A
Q86YS6,RAB43,5,5,5,25,2.9931305646896362,0.7453623116016388,3,3,3,3,3,2,2,3,3,FALSE,A
Q86YS7,C2CD5,13,13,13,27,3.240421772003174,0.41626548767089844,3,3,3,3,3,3,3,3,3,FALSE,A
Q86YT6,MIB1,15,16,15,27,2.7883028984069824,0.5662305057048798,3,3,3,3,3,3,3,3,3,FALSE,A
Q86YV9,HPS6,4,5,4,25,2.954468011856079,0.7546746730804443,2,3,2,3,3,3,3,3,3,FALSE,A
Q86YZ3,HRNR,8,12,8,23,2.942217230796814,0.24159439653158188,2,3,0,3,3,3,3,3,3,FALSE,A
Q8IU60,DCP2,4,4,5,26,3.141415596008301,0.66483306884765625,3,3,2,3,3,3,3,3,3,FALSE,A
Q8IU81,IRF2BP1,25,32,25,27,4.370086193084717,0.8218457102775574,3,3,3,3,3,3,3,3,3,FALSE,A
Q8IU85,CAMK1D,3,3,3,22,3.4674938917160034,0.5756073296070099,3,3,2,1,3,3,3,3,1,FALSE,A
Q8IUC8,GALNT13,3,3,3,13,2.74458384513855,0,3,3,3,2,1,0,1,0,0,FALSE,A
Q8IUD2,ERC1,37,49,37,27,4.644141435623169,0.8672637641429901,3,3,3,3,3,3,3,3,3,FALSE,A
Q8IUE6,H2AC21,2,2,2,27,6.768997669219971,0.9799063801765442,3,3,3,3,3,3,3,3,3,FALSE,A
Q8IUF8,RIOX2,15,21,15,27,4.000482559204102,0.8338543176651001,3,3,3,3,3,3,3,3,3,FALSE,A
Q8IUH3,RBM45,16,18,16,27,3.1898367404937744,0.673791229724884,3,3,3,3,3,3,3,3,3,FALSE,A
Q8IUH4,ZDHHC13,3,3,3,16,2.3953460454940796,0.4454910457134247,0,3,2,3,2,0,2,1,3,FALSE,A
Q8IUH5,ZDHHC17,1,1,1,12,2.4125635623931885,0.07986016571521759,0,2,0,3,1,1,1,2,2,TRUE,C
Q8IUI8,CRLF3,8,9,8,26,2.9310699701309204,0.42763063311576843,3,3,2,3,3,3,3,3,3,FALSE,A
Q8IUR0,TRAPPC5,5,5,5,27,4.045999765396118,0.8553673326969147,3,3,3,3,3,3,3,3,3,FALSE,A
Q8IUR7,ARMC8,9,11,9,26,3.422019600868225,0.5997965633869171,3,3,2,3,3,3,3,3,3,FALSE,A
Q8IUW5,RELL1,3,3,3,23,3.139415979385376,0.5363548994064331,3,3,3,2,2,3,3,2,2,FALSE,A
Q8IUX1,TMEM126B,2,2,2,24,2.633852958679199,0.20752090215682983,1,3,3,3,3,3,2,3,3,FALSE,A
Q8IUX4,APOBEC3F,3,4,4,27,3.3759204149246216,0.5775311589241028,3,3,3,3,3,3,3,3,3,FALSE,A
Q8IV08,PLD3,15,21,15,27,4.704813003540039,0.8637298345565796,3,3,3,3,3,3,3,3,3,FALSE,A
Q8IV32,CCDC71,11,12,11,27,3.4745802879333496,0.7149798274040222,3,3,3,3,3,3,3,3,3,FALSE,A
Q8IV36,HID1,5,5,5,21,2.461271047592163,0.3475871682167053,0,3,2,2,3,2,3,3,3,FALSE,A
Q8IV38,ANKMY2,9,10,9,26,3.2806578874588013,0.7301053702831268,2,3,3,3,3,3,3,3,3,FALSE,A
Q8IV48,ERI1,5,5,5,24,2.6969276666641235,0.640457957983017,1,3,2,3,3,3,3,3,3,FALSE,A
Q8IV50,LYSMD2,2,2,2,8,2.564894199371338,0.24858125299215317,2,2,1,1,0,1,1,0,0,FALSE,A
Q8IV56,PRR15,3,3,3,25,2.8151373863220215,0.09356484562158585,3,3,3,3,3,3,3,3,1,FALSE,A
Q8IV63,VRK3,10,10,10,27,3.188472270965576,0.5988978147506714,3,3,3,3,3,3,3,3,3,FALSE,A
Q8IVB5,LIX1L,5,5,5,23,2.580857992172241,0.05631992220878601,2,3,2,3,3,3,3,2,2,FALSE,A
Q8IVD9,NUDCD3,17,22,17,27,4.39410924911499,0.8254450857639313,3,3,3,3,3,3,3,3,3,FALSE,A
Q8IVF2,AHNAK2,56,60,56,27,2.9608371257781982,0.3979392498731613,3,3,3,3,3,3,3,3,3,FALSE,A
Q8IVH2,FOXP4,10,13,10,27,3.192112445831299,0.6665825247764587,3,3,3,3,3,3,3,3,3,FALSE,A
Q8IVH8,MAP4K3,2,2,2,10,2.662502408027649,0.11374082416296005,0,3,2,0,1,1,1,1,1,FALSE,A
Q8IVL6,P3H3,14,18,14,27,3.1988601684570313,0.6506801843643188,3,3,3,3,3,3,3,3,3,FALSE,A
Q8IVM0,CCDC50,11,17,11,27,4.921646595001221,0.8965379595756531,3,3,3,3,3,3,3,3,3,FALSE,A
Q8IVP5,FUNDC1,1,2,1,11,2.628056049346924,0.7374197840690613,1,3,2,1,1,0,2,1,0,TRUE,C
Q8IVS2,MCAT,11,11,11,26,3.358318328857422,0.6703669726848602,2,3,3,3,3,3,3,3,3,FALSE,A
Q8IVT5,KSR1,4,4,4,26,2.8242961168289185,0.639827162027359,2,3,3,3,3,3,3,3,3,FALSE,A
Q8IVV7,GID4,4,4,4,23,2.4904205799102783,0.4322808086872101,2,3,2,3,2,2,3,3,3,FALSE,A
Q8IVW6,ARID3B,20,24,20,27,3.8048672676086426,0.7337238788604736,3,3,3,3,3,3,3,3,3,FALSE,A
Q8IW35,CEP97,17,21,17,27,3.153245449066162,0.6326557397842407,3,3,3,3,3,3,3,3,3,FALSE,A
Q8IW45,NAXD,7,8,7,19,3.2075332403182983,0.32390645146369934,3,3,3,3,2,3,1,0,1,FALSE,A
Q8IW92,GLB1L2,8,8,8,27,3.0047607421875,0.49918609857559204,3,3,3,3,3,3,3,3,3,FALSE,A
Q8IWA0,WDR75,30,46,30,27,4.09283447265625,0.8629711270332336,3,3,3,3,3,3,3,3,3,FALSE,A
Q8IWA4,MFN1,3,3,3,22,2.933205485343933,0.2921753227710724,0,3,2,3,3,3,2,3,3,FALSE,A
Q8IWA5,SLC44A2,8,8,8,27,3.109589099884033,0.4879996329545975,3,3,3,3,3,3,3,3,3,FALSE,A
Q8IWB1,ITPRIP,3,3,3,22,3.270706057548523,0.46050719916820526,0,3,2,3,3,2,3,3,3,FALSE,A
Q8IWB7,WDFY1,13,16,13,27,3.4875032901763916,0.7042741179466248,3,3,3,3,3,3,3,3,3,FALSE,A
Q8IWB9,TEX2,5,5,5,26,2.8522205352783203,0.5099631547927856,3,3,3,3,3,3,2,3,3,FALSE,A
Q8IWC1,MAP7D3,27,34,27,27,4.320693492889404,0.8166617751121521,3,3,3,3,3,3,3,3,3,FALSE,A
Q8IWD4,CCDC117,6,8,6,27,4.297508478164673,0.7157616317272186,3,3,3,3,3,3,3,3,3,FALSE,A
Q8IWE4,DCUN1D3,4,4,4,27,3.3982608318328857,0.09566476196050644,3,3,3,3,3,3,3,3,3,FALSE,A
Q8IWF2,FOXRED2,7,7,7,27,3.2014994621276855,0.6542697548866272,3,3,3,3,3,3,3,3,3,FALSE,A
Q8IWF6,DENND6A,7,7,7,24,2.8470773696899414,0.6219587326049805,1,3,2,3,3,3,3,3,3,FALSE,A
Q8IWI9,MGA,49,52,50,27,3.410059094429016,0.7163626849651337,3,3,3,3,3,3,3,3,3,FALSE,A
Q8IWJ2,GCC2,68,86,68,27,3.6680095195770264,0.7229998111724854,3,3,3,3,3,3,3,3,3,FALSE,A
Q8IWL3,HSCB,9,11,9,27,3.28218936920166,0.5609459280967712,3,3,3,3,3,3,3,3,3,FALSE,A
Q8IWP9,CCDC28A,8,11,8,26,3.2494367361068726,0.8552467823028564,3,3,3,3,3,3,3,3,2,FALSE,A
Q8IWQ3,BRSK2,3,3,3,23,2.6390879154205322,0,0,3,2,3,3,3,3,3,3,FALSE,A
Q8IWR0,ZC3H7A,14,15,14,25,2.759328246116638,0.5356780886650085,2,3,2,3,3,3,3,3,3,FALSE,A
Q8IWS0,PHF6,17,26,17,27,5.676497936248779,0.9539482593536377,3,3,3,3,3,3,3,3,3,FALSE,A
Q8IWT0,ZBTB8OS,2,2,2,27,4.439218521118164,0.8281091451644897,3,3,3,3,3,3,3,3,3,FALSE,A
Q8IWT6,LRRC8A,10,11,10,25,3.150689959526062,0.5526420772075653,2,3,2,3,3,3,3,3,3,FALSE,A
Q8IWU5,SULF2,8,8,8,27,2.9084312915802,0.4237838387489319,3,3,3,3,3,3,3,3,3,FALSE,A
Q8IWV7,UBR1,6,6,6,19,2.9409120082855225,0.37715139985084534,0,3,2,1,3,3,3,2,2,FALSE,A
Q8IWV8,UBR2,9,9,9,23,2.357758641242981,0.2852867841720581,1,3,2,3,3,3,3,3,2,FALSE,A
Q8IWW6,ARHGAP12,3,3,3,19,2.9389220476150513,0.30486124753952026,0,2,1,2,3,2,3,3,3,FALSE,A
Q8IWX8,CHERP,21,34,21,27,4.964969635009766,0.8959575295448303,3,3,3,3,3,3,3,3,3,FALSE,A
Q8IWY8,ZSCAN29,3,3,3,18,2.865539073944092,0.44068120419979095,0,0,0,3,3,3,3,3,3,FALSE,A
Q8IWY9,CDAN1,4,4,4,27,3.1086525917053223,0.13943706452846527,3,3,3,3,3,3,3,3,3,FALSE,A
Q8IWZ3,ANKHD1,29,32,29,27,3.5484949350357056,0.6293308138847351,3,3,3,3,3,3,3,3,3,FALSE,A
Q8IWZ6,BBS7,3,3,3,24,2.6014636754989624,0.00901384768076241,2,3,2,3,3,3,3,3,2,FALSE,A
Q8IWZ8,SUGP1,29,39,29,27,4.119701862335205,0.8154396414756775,3,3,3,3,3,3,3,3,3,FALSE,A
Q8IX01,SUGP2,48,69,48,27,4.339688777923584,0.8519223928451538,3,3,3,3,3,3,3,3,3,FALSE,A
Q8IX03,WWC1,3,3,3,16,2.4931353330612183,0.7004500031471252,0,1,0,3,3,3,3,2,1,FALSE,A
Q8IX04,UEVLD,4,4,4,22,2.8879852294921875,0.4434861093759537,1,3,2,2,3,2,3,3,3,FALSE,A
Q8IX05,CD302,3,3,3,24,3.6553879976272583,0.7378334403038025,3,3,3,3,3,2,3,2,2,FALSE,A
Q8IX07,ZFPM1,3,3,3,24,2.0947999954223633,0,2,3,3,2,2,3,3,3,3,FALSE,A
Q8IX12,CCAR1,36,55,36,27,5.0584399700164795,0.9317121803760529,3,3,3,3,3,3,3,3,3,FALSE,A
Q8IX15,HOMEZ,9,9,9,27,2.8144041299819946,0.530114471912384,3,3,3,3,3,3,3,3,3,FALSE,A
Q8IX18,DHX40,25,28,25,27,3.6093173027038574,0.7197805941104889,3,3,3,3,3,3,3,3,3,FALSE,A
Q8IX21,SLF2,9,9,9,27,2.8582613468170166,0.3071626126766205,3,3,3,3,3,3,3,3,3,FALSE,A
Q8IX90,SKA3,5,5,5,26,3.473658561706543,0.6873271465301514,3,3,3,3,3,3,3,3,2,FALSE,A
Q8IXB1,DNAJC10,19,26,19,27,3.856266975402832,0.7900921702384949,3,3,3,3,3,3,3,3,3,FALSE,A
Q8IXH6,TP53INP2,2,2,2,27,2.8590621948242188,0.28549960255622864,3,3,3,3,3,3,3,3,3,FALSE,A
Q8IXH7,NELFCD,15,17,15,27,3.715073585510254,0.7946412563323975,3,3,3,3,3,3,3,3,3,FALSE,A
Q8IXI1,RHOT2,11,12,11,27,4.190306663513184,0.720475971698761,3,3,3,3,3,3,3,3,3,FALSE,A
Q8IXI2,RHOT1,9,10,9,27,3.5026849508285522,0.7114835977554321,3,3,3,3,3,3,3,3,3,FALSE,A
Q8IXJ6,SIRT2,12,13,12,27,3.1589767932891846,0.5114713311195374,3,3,3,3,3,3,3,3,3,FALSE,A
Q8IXJ9,ASXL1,6,6,6,27,2.6553797721862793,0.35804086923599243,3,3,3,3,3,3,3,3,3,FALSE,A
Q8IXK0,PHC2,18,24,18,27,4.9240806102752686,0.9269397258758545,3,3,3,3,3,3,3,3,3,FALSE,A
Q8IXL7,MSRB3,3,3,3,24,3.1344739198684692,0.731993168592453,3,2,3,3,2,3,3,2,3,FALSE,A
Q8IXM2,BAP18,10,14,10,27,4.651091575622559,0.8444134294986725,3,3,3,3,3,3,3,3,3,FALSE,A
Q8IXM3,MRPL41,6,8,6,27,5.612329959869385,0.9409149587154388,3,3,3,3,3,3,3,3,3,FALSE,A
Q8IXM6,NRM,6,6,6,26,2.995622158050537,0.5718390941619873,2,3,3,3,3,3,3,3,3,FALSE,A
Q8IXQ3,C9orf40,3,3,3,24,2.9210264682769775,0.6055617332458496,3,3,3,3,3,3,3,3,0,FALSE,A
Q8IXQ4,GPALPP1,13,17,13,27,4.811868190765381,0.9033020734786987,3,3,3,3,3,3,3,3,3,FALSE,A
Q8IXQ5,KLHL7,6,7,6,26,2.881593942642212,0.2808641791343689,3,3,3,3,3,3,2,3,3,FALSE,A
Q8IXQ6,PARP9,1,1,1,4,2.1648587584495544,0,0,1,1,0,0,1,0,0,1,TRUE,C
Q8IXT5,RBM12B,40,51,40,27,4.347482919692993,0.876861184835434,3,3,3,3,3,3,3,3,3,FALSE,A
Q8IXU6,SLC35F2,2,2,2,5,2.738374352455139,0.3052414432168007,0,3,2,0,0,0,0,0,0,FALSE,A
Q8IXW5,RPAP2,19,25,20,27,3.5549254417419434,0.7424203753471375,3,3,3,3,3,3,3,3,3,FALSE,A
Q8IXX5,TMEM183A,1,1,1,6,2.959157705307007,0.15674470085650682,0,0,0,0,1,3,1,1,0,TRUE,C
Q8IXZ2,ZC3H3,8,9,8,27,2.756000518798828,0.16761915385723114,3,3,3,3,3,3,3,3,3,FALSE,A
Q8IY17,PNPLA6,13,13,13,25,2.9101009368896484,0.4317553639411926,1,3,3,3,3,3,3,3,3,FALSE,A
Q8IY18,SMC5,34,38,34,26,3.428719162940979,0.6981602013111115,2,3,3,3,3,3,3,3,3,FALSE,A
Q8IY26,PLPP6,1,1,1,24,5.009821891784668,0.9009527266025543,0,3,3,3,3,3,3,3,3,TRUE,B
Q8IY31,IFT20,3,3,3,25,3.9801993370056152,0.5465051829814911,3,3,3,3,3,3,3,3,1,FALSE,A
Q8IY37,DHX37,32,43,32,27,3.598574638366699,0.7275357246398926,3,3,3,3,3,3,3,3,3,FALSE,A
Q8IY47,KBTBD2,2,2,2,19,2.306338310241699,0.08520343154668808,0,1,1,2,3,3,3,3,3,FALSE,A
Q8IY57,YAF2,2,3,2,22,2.3619176149368286,0.5807849764823914,3,3,3,2,2,3,2,2,2,FALSE,A
Q8IY63,AMOTL1,19,22,19,27,3.916525363922119,0.7418034672737122,3,3,3,3,3,3,3,3,3,FALSE,A
Q8IY67,RAVER1,14,19,14,27,4.596284866333008,0.8946133852005005,3,3,3,3,3,3,3,3,3,FALSE,A
Q8IY81,FTSJ3,28,39,28,27,5.361496448516846,0.9279981255531311,3,3,3,3,3,3,3,3,3,FALSE,A
Q8IY92,SLX4,8,9,8,27,3.28452205657959,0.5032404661178589,3,3,3,3,3,3,3,3,3,FALSE,A
Q8IY95,TMEM192,4,4,4,27,3.531172752380371,0.6230344772338867,3,3,3,3,3,3,3,3,3,FALSE,A
Q8IYA6,CKAP2L,19,21,19,27,3.5384262800216675,0.724984884262085,3,3,3,3,3,3,3,3,3,FALSE,A
Q8IYB1,MB21D2,2,2,2,20,2.351753354072571,0,0,3,2,1,3,2,3,3,3,FALSE,A
Q8IYB3,SRRM1,19,25,19,27,6.039976596832275,0.9527055025100708,3,3,3,3,3,3,3,3,3,FALSE,A
Q8IYB5,SMAP1,3,4,3,27,5.657062768936157,0.9375078976154327,3,3,3,3,3,3,3,3,3,FALSE,A
Q8IYB7,DIS3L2,17,19,17,27,2.900177836418152,0.3558638095855713,3,3,3,3,3,3,3,3,3,FALSE,A
Q8IYB8,SUPV3L1,22,25,22,27,3.7844340801239014,0.763094574213028,3,3,3,3,3,3,3,3,3,FALSE,A
Q8IYH5,ZZZ3,13,15,13,27,3.465456008911133,0.7579817771911621,3,3,3,3,3,3,3,3,3,FALSE,A
Q8IYI6,EXOC8,12,12,12,25,3.6431431770324707,0.7592512369155884,2,3,2,3,3,3,3,3,3,FALSE,A
Q8IYK4,COLGALT2,2,2,2,22,2.5602009296417236,0.08045873790979385,1,3,2,3,3,3,2,2,3,FALSE,A
Q8IYL3,C1orf174,2,2,2,27,6.614621639251709,0.9805424809455872,3,3,3,3,3,3,3,3,3,FALSE,A
Q8IYN0,ZNF100,2,2,2,11,2.51777446269989,0.218117818236351,0,3,3,0,1,1,0,1,2,FALSE,A
Q8IYN2,TCEAL8,4,5,4,21,2.8194414377212524,0.5498085021972656,3,3,0,3,3,3,3,3,0,FALSE,A
Q8IYQ7,THNSL1,14,15,14,26,3.0425472259521484,0.47612331807613373,2,3,3,3,3,3,3,3,3,FALSE,A
Q8IYR6,TMEFF1,2,3,2,11,3.2966043949127197,0.577863484621048,3,3,3,1,0,0,1,0,0,FALSE,A
Q8IYS1,PM20D2,11,14,11,27,3.8315834999084473,0.7566020488739014,3,3,3,3,3,3,3,3,3,FALSE,A
Q8IYS2,KIAA2013,6,6,6,27,3.3878769874572754,0.23270449042320251,3,3,3,3,3,3,3,3,3,FALSE,A
Q8IYU2,HACE1,2,2,2,19,2.077951669692993,0.17233622074127197,0,1,2,2,3,2,3,3,3,FALSE,A
Q8IYU8,MICU2,6,6,6,23,2.7547844648361206,0.6533722281455994,0,3,2,3,3,3,3,3,3,FALSE,A
Q8IYW5,RNF168,9,11,9,27,3.5249199867248535,0.707607090473175,3,3,3,3,3,3,3,3,3,FALSE,A
Q8IZ07,ANKRD13A,10,10,10,27,2.8551812171936035,0.46841153502464294,3,3,3,3,3,3,3,3,3,FALSE,A
Q8IZ21,PHACTR4,25,33,25,27,4.117065906524658,0.7501150369644165,3,3,3,3,3,3,3,3,3,FALSE,A
Q8IZ40,RCOR2,1,1,2,3,2.7533257007598877,0,0,0,0,1,0,0,1,1,0,TRUE,C
Q8IZ52,CHPF,6,6,6,10,2.819975972175598,0.6823127269744873,0,3,2,0,1,1,0,0,3,FALSE,A
Q8IZ69,TRMT2A,24,25,24,27,2.996480107307434,0.5107195377349854,3,3,3,3,3,3,3,3,3,FALSE,A
Q8IZ73,RPUSD2,20,28,20,27,3.7779929637908936,0.8154727220535278,3,3,3,3,3,3,3,3,3,FALSE,A
Q8IZ81,ELMOD2,9,9,9,26,3.6666669845581055,0.7480904459953308,2,3,3,3,3,3,3,3,3,FALSE,A
Q8IZ83,ALDH16A1,12,14,12,27,3.50532066822052,0.42605216801166534,3,3,3,3,3,3,3,3,3,FALSE,A
Q8IZA0,KIAA0319L,16,18,16,27,3.270817279815674,0.7138078212738037,3,3,3,3,3,3,3,3,3,FALSE,A
Q8IZD2,KMT2E,1,1,2,3,2.44382643699646,0,0,3,0,0,0,0,0,0,0,TRUE,C
Q8IZD4,DCP1B,13,16,13,26,3.319056510925293,0.5315520763397217,3,3,2,3,3,3,3,3,3,FALSE,A
Q8IZE3,SCYL3,3,3,3,22,2.6691040992736816,0.7575383186340332,0,3,2,3,3,2,3,3,3,FALSE,A
Q8IZH2,XRN1,35,40,35,27,3.121294856071472,0.6056649386882782,3,3,3,3,3,3,3,3,3,FALSE,A
Q8IZJ1,UNC5B,10,10,10,16,2.8803060054779053,0.6241806149482727,3,3,3,1,1,0,2,2,1,FALSE,A
Q8IZL8,PELP1,27,40,27,27,5.006190061569214,0.8723045885562897,3,3,3,3,3,3,3,3,3,FALSE,A
Q8IZM8,ZNF654,5,5,5,23,3.371563196182251,0.4925207793712616,0,3,2,3,3,3,3,3,3,FALSE,A
Q8IZN3,ZDHHC14,2,2,2,9,3.9989817142486572,0.3247026950120926,2,3,3,0,1,0,0,0,0,FALSE,A
Q8IZP0,ABI1,10,13,10,27,3.885589122772217,0.7887252867221832,3,3,3,3,3,3,3,3,3,FALSE,A
Q8IZQ5,SELENOH,7,9,7,27,4.475904941558838,0.8496525287628174,3,3,3,3,3,3,3,3,3,FALSE,A
Q8IZT6,ASPM,11,11,11,26,2.776730537414551,0.2166367471218109,2,3,3,3,3,3,3,3,3,FALSE,A
Q8IZV5,RDH10,5,5,5,25,3.209120988845825,0.1604248434305191,2,3,2,3,3,3,3,3,3,FALSE,A
Q8N0S6,CENPL,7,7,7,26,3.202636957168579,0.7580086588859558,2,3,3,3,3,3,3,3,3,FALSE,A
Q8N0T1,RBIS,6,6,6,27,3.753467321395874,0.5981294512748718,3,3,3,3,3,3,3,3,3,FALSE,A
Q8N0U4,FAM185A,4,4,4,10,3.1276713609695435,0.020225821062922478,3,3,3,0,0,0,0,0,1,FALSE,A
Q8N0U8,VKORC1L1,5,5,5,27,4.563241481781006,0.8816095590591431,3,3,3,3,3,3,3,3,3,FALSE,A
Q8N0V3,RBFA,6,8,6,27,3.3478500843048096,0.7259759604930878,3,3,3,3,3,3,3,3,3,FALSE,A
Q8N0X4,CLYBL,8,8,8,27,2.7867918014526367,0.4057733118534088,3,3,3,3,3,3,3,3,3,FALSE,A
Q8N0X7,SPART,20,27,20,27,4.580003976821899,0.8867096304893494,3,3,3,3,3,3,3,3,3,FALSE,A
Q8N0Y2,ZNF444,10,12,10,27,3.5734174251556396,0.7214532494544983,3,3,3,3,3,3,3,3,3,FALSE,A
Q8N0Z3,SPICE1,14,14,14,27,3.5257620811462402,0.6776338219642639,3,3,3,3,3,3,3,3,3,FALSE,A
Q8N0Z6,TTC5,14,16,14,26,3.332790493965149,0.5005788058042526,2,3,3,3,3,3,3,3,3,FALSE,A
Q8N108,MIER1,15,18,15,27,3.2426843643188477,0.6887921392917633,3,3,3,3,3,3,3,3,3,FALSE,A
Q8N122,RPTOR,18,19,18,26,3.5129858255386353,0.6515664756298065,2,3,3,3,3,3,3,3,3,FALSE,A
Q8N128,FAM177A1,4,4,4,23,2.1940081119537354,0,3,2,2,3,3,3,3,2,2,FALSE,A
Q8N129,CNPY4,6,8,6,27,4.059552192687988,0.7678412795066833,3,3,3,3,3,3,3,3,3,FALSE,A
Q8N131,TMEM123,1,2,1,22,3.8311495780944824,0.7903080582618713,3,3,3,1,0,3,3,3,3,TRUE,C
Q8N137,CNTROB,10,10,10,26,3.152111053466797,0.45588041841983795,3,3,2,3,3,3,3,3,3,FALSE,A
Q8N142,ADSS1,2,2,2,20,2.1962838172912598,0,0,3,3,2,2,2,2,3,3,FALSE,A
Q8N163,CCAR2,30,36,30,27,4.580328702926636,0.8671738803386688,3,3,3,3,3,3,3,3,3,FALSE,A
Q8N165,PDIK1L,2,2,2,16,2.4241888523101807,0.5338197350502014,0,0,0,2,3,3,3,2,3,FALSE,A
Q8N183,NDUFAF2,14,21,14,27,5.354006290435791,0.9251560568809509,3,3,3,3,3,3,3,3,3,FALSE,A
Q8N1B3,CCNQ,1,1,1,12,2.5873183012008667,0.34313252568244934,0,3,2,2,3,1,1,0,0,TRUE,C
Q8N1B4,VPS52,9,9,9,23,2.5047290325164795,0.20270559191703796,0,3,2,3,3,3,3,3,3,FALSE,A
Q8N1F7,NUP93,39,46,39,27,4.286267280578613,0.8004786968231201,3,3,3,3,3,3,3,3,3,FALSE,A
Q8N1F8,STK11IP,14,14,14,25,3.0434868335723877,0.5649898052215576,1,3,3,3,3,3,3,3,3,FALSE,A
Q8N1G0,ZNF687,23,25,23,27,3.510934829711914,0.6153084933757782,3,3,3,3,3,3,3,3,3,FALSE,A
Q8N1G1,REXO1,9,9,9,27,3.2322447299957275,0.639118492603302,3,3,3,3,3,3,3,3,3,FALSE,A
Q8N1G2,CMTR1,29,33,29,27,3.7598090171813965,0.7142537236213684,3,3,3,3,3,3,3,3,3,FALSE,A
Q8N1G4,LRRC47,24,37,24,27,4.892774343490601,0.9066578447818756,3,3,3,3,3,3,3,3,3,FALSE,A
Q8N1N4,KRT78,6,7,6,17,3.0850234031677246,0.21486934274435043,2,0,0,2,3,2,3,3,2,FALSE,A
Q8N1S5,SLC39A11,2,2,2,23,3.0853734016418457,0.5981152057647705,0,3,3,3,3,3,2,3,3,FALSE,A
Q8N201,INTS1,44,48,44,27,3.128567695617676,0.5433073043823242,3,3,3,3,3,3,3,3,3,FALSE,A
Q8N2F6,ARMC10,6,6,6,23,2.574528455734253,0.46080049872398376,1,3,2,3,2,3,3,3,3,FALSE,A
Q8N2G4,LYPD1,2,2,2,25,3.587463140487671,0,3,3,3,3,3,3,2,2,3,FALSE,A
Q8N2G6,ZCCHC24,4,4,4,26,3.0700130462646484,0.39392995834350586,3,3,2,3,3,3,3,3,3,FALSE,A
Q8N2G8,GHDC,8,8,8,25,2.961185097694397,0.4384976178407669,1,3,3,3,3,3,3,3,3,FALSE,A
Q8N2K0,ABHD12,14,17,14,27,3.3572953939437866,0.7899573743343353,3,3,3,3,3,3,3,3,3,FALSE,A
Q8N2K1,UBE2J2,2,2,2,26,3.069247007369995,0,3,3,3,3,3,3,3,3,2,FALSE,A
Q8N2M8,CLASRP,7,11,7,27,4.712584495544434,0.8534643054008484,3,3,3,3,3,3,3,3,3,FALSE,A
Q8N2S1,LTBP4,8,8,8,27,2.6570708751678467,0.21611686050891876,3,3,3,3,3,3,3,3,3,FALSE,A
Q8N2W9,PIAS4,6,6,6,27,3.7316123247146606,0.7935230135917664,3,3,3,3,3,3,3,3,3,FALSE,A
Q8N2Z9,CENPS,5,6,5,27,4.027447700500488,0.9239030480384827,3,3,3,3,3,3,3,3,3,FALSE,A
Q8N300,SVBP,2,2,2,27,5.264335632324219,0.9108309745788574,3,3,3,3,3,3,3,3,3,FALSE,A
Q8N302,AGGF1,15,16,15,27,3.3055953979492188,0.3112089931964874,3,3,3,3,3,3,3,3,3,FALSE,A
Q8N335,GPD1L,12,14,12,27,3.5473334789276123,0.7481801509857178,3,3,3,3,3,3,3,3,3,FALSE,A
Q8N350,CBARP,5,5,5,24,2.6965112686157227,0.16086989641189575,2,3,1,3,3,3,3,3,3,FALSE,A
Q8N371,KDM8,3,3,3,26,2.899855852127075,0.3471384048461914,3,3,2,3,3,3,3,3,3,FALSE,A
Q8N392,ARHGAP18,3,3,3,20,3.1499226093292236,0.5719242990016937,0,3,2,3,1,3,3,2,3,FALSE,A
Q8N3C0,ASCC3,66,71,66,26,3.160050392150879,0.6323099136352539,2,3,3,3,3,3,3,3,3,FALSE,A
Q8N3E9,PLCD3,5,5,5,23,2.614304304122925,0,0,3,2,3,3,3,3,3,3,FALSE,A
Q8N3F8,MICALL1,33,46,33,27,4.519297361373901,0.8666250109672546,3,3,3,3,3,3,3,3,3,FALSE,A
Q8N3J9,ZNF664,3,4,3,27,2.6873390674591064,0,3,3,3,3,3,3,3,3,3,FALSE,A
Q8N3R9,PALS1,21,23,21,27,3.3685545921325684,0.6057652235031128,3,3,3,3,3,3,3,3,3,FALSE,A
Q8N3U4,STAG2,46,63,46,27,4.523227691650391,0.8767337501049042,3,3,3,3,3,3,3,3,3,FALSE,A
Q8N3X1,FNBP4,17,22,17,27,4.775076866149902,0.9186846017837524,3,3,3,3,3,3,3,3,3,FALSE,A
Q8N3Z3,GTPBP8,5,5,5,26,2.8731738328933716,0.3931500315666199,2,3,3,3,3,3,3,3,3,FALSE,A
Q8N3Z6,ZCCHC7,7,7,7,26,2.7677242755889893,0.45269641280174255,2,3,3,3,3,3,3,3,3,FALSE,A
Q8N428,GALNT16,5,5,5,22,2.6633548736572266,0.6389976441860199,0,3,3,3,3,2,2,3,3,FALSE,A
Q8N442,GUF1,7,7,7,27,2.7733124494552612,0.6662073135375977,3,3,3,3,3,3,3,3,3,FALSE,A
Q8N448,LNX2,6,6,6,15,2.663820505142212,0.4167943596839905,3,3,2,0,1,2,3,1,0,FALSE,A
Q8N465,D2HGDH,4,4,4,17,2.720022678375244,0.33191215991973877,1,3,2,3,2,1,1,2,2,FALSE,A
Q8N488,RYBP,8,11,8,27,4.805904388427734,0.8353835344314575,3,3,3,3,3,3,3,3,3,FALSE,A
Q8N490,PNKD,3,4,3,27,3.957811713218689,0.7925912439823151,3,3,3,3,3,3,3,3,3,FALSE,A
Q8N4A0,GALNT4,1,1,1,10,2.7513900995254517,0.7736197113990784,0,3,2,0,0,1,0,1,3,TRUE,C
Q8N4B1,PHETA1,1,1,1,23,3.9971370697021484,0.6851505637168884,0,3,2,3,3,3,3,3,3,TRUE,C
Q8N4C6,NIN,14,15,14,23,3.1319990158081055,0.5039752721786499,0,3,2,3,3,3,3,3,3,FALSE,A
Q8N4C8,MINK1,11,11,11,27,2.6526347398757935,0.27160342037677765,3,3,3,3,3,3,3,3,3,FALSE,A
Q8N4H5,TOMM5,6,6,6,27,3.660128593444824,0.6102673411369324,3,3,3,3,3,3,3,3,3,FALSE,A
Q8N4J0,CARNMT1,6,8,6,27,3.8190075159072876,0.8462695777416229,3,3,3,3,3,3,3,3,3,FALSE,A
Q8N4L2,PIP4P2,2,2,2,22,2.014203131198883,0,3,3,3,3,2,1,2,2,3,FALSE,A
Q8N4P3,HDDC3,9,14,9,27,4.415604829788208,0.9109932482242584,3,3,3,3,3,3,3,3,3,FALSE,A
Q8N4Q0,PTGR3,5,5,5,25,4.389564514160156,0.7212501168251038,1,3,3,3,3,3,3,3,3,FALSE,A
Q8N4Q1,CHCHD4,5,7,5,15,2.6984972953796387,0.4498247802257538,3,3,3,0,3,0,0,0,3,FALSE,A
Q8N4S0,CCDC82,2,2,2,11,2.549448847770691,0.7507100701332092,0,2,1,1,1,0,2,2,2,FALSE,A
Q8N4S9,MARVELD2,1,1,1,22,2.625543236732483,0,2,3,2,3,3,3,2,2,2,TRUE,C
Q8N4T8,CBR4,5,5,5,25,2.848919630050659,0.22949397563934326,1,3,3,3,3,3,3,3,3,FALSE,A
Q8N4V1,MMGT1,3,4,3,27,4.626982927322388,0.9334346055984497,3,3,3,3,3,3,3,3,3,FALSE,A
Q8N511,TMEM199,6,6,6,27,3.192664861679077,0.7573409676551819,3,3,3,3,3,3,3,3,3,FALSE,A
Q8N543,OGFOD1,25,37,25,27,4.119163513183594,0.8367837369441986,3,3,3,3,3,3,3,3,3,FALSE,A
Q8N554,ZNF276,1,1,1,18,2.6828843355178833,0.13929861783981323,1,3,3,1,3,3,1,0,3,TRUE,C
Q8N556,AFAP1,4,4,4,27,3.230801582336426,0.6311836242675781,3,3,3,3,3,3,3,3,3,FALSE,A
Q8N565,MREG,2,2,2,25,2.9552817344665527,0.7016335725784302,2,3,2,3,3,3,3,3,3,FALSE,A
Q8N567,ZCCHC9,12,16,12,27,3.538961410522461,0.7124709188938141,3,3,3,3,3,3,3,3,3,FALSE,A
Q8N568,DCLK2,3,3,3,23,2.728088617324829,0.3092487156391144,0,3,2,3,3,3,3,3,3,FALSE,A
Q8N573,OXR1,15,16,15,26,3.0350276231765747,0.4506843537092209,2,3,3,3,3,3,3,3,3,FALSE,A
Q8N584,TTC39C,3,3,3,12,2.3561826944351196,0.006256265100091696,0,3,2,1,1,1,2,2,0,FALSE,A
Q8N5A5,ZGPAT,13,14,13,27,3.825176954269409,0.8257620930671692,3,3,3,3,3,3,3,3,3,FALSE,A
Q8N5B7,CERS5,3,3,3,23,2.6825473308563232,0.5512713193893433,0,3,2,3,3,3,3,3,3,FALSE,A
Q8N5C6,SRBD1,42,50,42,27,3.843685507774353,0.8100674450397491,3,3,3,3,3,3,3,3,3,FALSE,A
Q8N5C8,TAB3,7,7,7,25,3.0932958126068115,0.6146112978458405,3,3,2,3,3,3,3,3,2,FALSE,A
Q8N5D0,WDTC1,7,7,7,26,3.190185070037842,0.48091432452201843,3,3,2,3,3,3,3,3,3,FALSE,A
Q8N5F7,NKAP,7,10,7,27,5.1275529861450195,0.9194783568382263,3,3,3,3,3,3,3,3,3,FALSE,A
Q8N5G0,SMIM20,2,2,2,23,3.8889882564544678,0.8250784277915955,3,3,3,3,3,3,3,2,0,FALSE,A
Q8N5G2,MACO1,11,13,11,27,3.3940393924713135,0.5997726917266846,3,3,3,3,3,3,3,3,3,FALSE,A
Q8N5I2,ARRDC1,4,4,4,27,3.637297749519348,0.706999808549881,3,3,3,3,3,3,3,3,3,FALSE,A
Q8N5I4,DHRSX,4,4,4,24,3.3989884853363037,0.7903091311454773,0,3,3,3,3,3,3,3,3,FALSE,A
Q8N5I9,NOPCHAP1,4,6,4,26,3.424121856689453,0.7183001339435577,3,3,2,3,3,3,3,3,3,FALSE,A
Q8N5J2,MINDY1,2,2,2,21,2.7297463417053223,0.5536682605743408,2,3,2,1,3,2,3,3,2,FALSE,A
Q8N5K1,CISD2,10,16,10,27,5.559098958969116,0.9509059190750122,3,3,3,3,3,3,3,3,3,FALSE,A
Q8N5L8,RPP25L,8,9,8,27,4.313758850097656,0.9007906913757324,3,3,3,3,3,3,3,3,3,FALSE,A
Q8N5M1,ATPAF2,9,9,9,25,3.7453696727752686,0.7814356684684753,1,3,3,3,3,3,3,3,3,FALSE,A
Q8N5M4,TTC9C,6,9,6,27,4.4864280223846436,0.8161707818508148,3,3,3,3,3,3,3,3,3,FALSE,A
Q8N5M9,JAGN1,2,2,2,27,5.693566799163818,0.5835921466350555,3,3,3,3,3,3,3,3,3,FALSE,A
Q8N5N7,MRPL50,8,11,8,27,4.190176963806152,0.8494881391525269,3,3,3,3,3,3,3,3,3,FALSE,A
Q8N5P1,ZC3H8,9,11,9,27,4.294724464416504,0.8785955905914307,3,3,3,3,3,3,3,3,3,FALSE,A
Q8N5S9,CAMKK1,6,6,6,25,2.632685661315918,0.40872636437416077,2,3,2,3,3,3,3,3,3,FALSE,A
Q8N5U6,RNF10,6,6,6,25,3.004290819168091,0.20012019574642181,2,3,2,3,3,3,3,3,3,FALSE,A
Q8N5W9,RFLNB,4,5,4,27,4.757338523864746,0.7917183041572571,3,3,3,3,3,3,3,3,3,FALSE,A
Q8N5X7,EIF4E3,2,2,2,24,4.272474765777588,0.6504011154174805,1,3,2,3,3,3,3,3,3,FALSE,A
Q8N5Y2,MSL3,4,4,4,27,2.713787317276001,0.1310662180185318,3,3,3,3,3,3,3,3,3,FALSE,A
Q8N5Y8,PARP16,4,4,4,26,3.2015810012817383,0.3179008960723877,2,3,3,3,3,3,3,3,3,FALSE,A
Q8N5Z5,KCTD17,3,3,3,23,2.8200820684432983,0.4462033212184906,3,3,3,2,2,2,2,3,3,FALSE,A
Q8N612,FHIP1B,8,8,8,25,2.6177830696105957,0,2,3,2,3,3,3,3,3,3,FALSE,A
Q8N653,LZTR1,8,8,8,22,2.469276547431946,0.28100815415382385,0,3,2,3,3,2,3,3,3,FALSE,A
Q8N668,COMMD1,4,4,4,27,4.202190399169922,0.8059232234954834,3,3,3,3,3,3,3,3,3,FALSE,A
Q8N680,ZBTB2,6,7,6,27,2.9503567218780518,0.22009670734405518,3,3,3,3,3,3,3,3,3,FALSE,A
Q8N684,CPSF7,17,26,17,27,5.677071571350098,0.9605410695075989,3,3,3,3,3,3,3,3,3,FALSE,A
Q8N697,SLC15A4,5,5,5,25,2.9119937419891357,0.5607972741127014,2,3,3,3,3,2,3,3,3,FALSE,A
Q8N6G5,CSGALNACT2,1,1,1,23,2.845553398132324,0.6776614785194397,0,3,2,3,3,3,3,3,3,TRUE,C
Q8N6H7,ARFGAP2,15,16,15,27,4.036143779754639,0.5579524040222168,3,3,3,3,3,3,3,3,3,FALSE,A
Q8N6I1,EID2,2,2,2,19,2.969519257545471,0,1,2,0,2,3,3,3,3,2,FALSE,A
Q8N6L1,KRTCAP2,1,1,1,19,2.8326687812805176,0.6096879839897156,0,3,2,3,2,2,2,2,3,TRUE,C
Q8N6M0,OTUD6B,10,15,10,27,5.132302522659302,0.9029096364974976,3,3,3,3,3,3,3,3,3,FALSE,A
Q8N6N3,C1orf52,6,7,6,27,3.893512010574341,0.63710784912109375,3,3,3,3,3,3,3,3,3,FALSE,A
Q8N6N6,NATD1,3,3,3,23,2.8060462474823,0.43084190785884857,3,3,2,3,3,3,3,3,0,FALSE,A
Q8N6R0,METTL13,23,26,23,27,3.2126299142837524,0.6516865491867065,3,3,3,3,3,3,3,3,3,FALSE,A
Q8N6S4,ANKRD13C,2,2,2,20,2.113302230834961,0,1,3,2,1,3,2,2,3,3,FALSE,A
Q8N6S5,ARL6IP6,1,1,1,18,4.341770648956299,0,0,1,1,3,3,3,2,2,3,TRUE,B
Q8N6T3,ARFGAP1,15,19,15,27,4.107529640197754,0.6908197402954102,3,3,3,3,3,3,3,3,3,FALSE,A
Q8N6T7,SIRT6,12,17,12,27,4.002265453338623,0.689995288848877,3,3,3,3,3,3,3,3,3,FALSE,A
Q8N6V9,TEX9,2,2,2,15,2.5438634157180786,0,3,3,1,1,2,3,1,1,0,FALSE,A
Q8N720,ZNF655,8,8,8,26,2.730328321456909,0.4163602888584137,2,3,3,3,3,3,3,3,3,FALSE,A
Q8N766,EMC1,40,52,40,27,4.144554138183594,0.7984009981155396,3,3,3,3,3,3,3,3,3,FALSE,A
Q8N7H5,PAF1,22,28,22,27,4.827377796173096,0.8212181329727173,3,3,3,3,3,3,3,3,3,FALSE,A
Q8N7R7,CCNYL1,3,3,3,23,2.1128968000411987,0.2905459851026535,0,3,2,3,3,3,3,3,3,FALSE,A
Q8N7W2,BEND7,4,4,4,27,3.1788785457611084,0.5612127780914307,3,3,3,3,3,3,3,3,3,FALSE,A
Q8N806,UBR7,17,23,17,27,4.3783347606658936,0.8172824680805206,3,3,3,3,3,3,3,3,3,FALSE,A
Q8N8A6,DDX51,26,34,26,27,3.874658465385437,0.7287389636039734,3,3,3,3,3,3,3,3,3,FALSE,A
Q8N8D1,PDCD7,11,13,11,27,3.4040842056274414,0.735596239566803,3,3,3,3,3,3,3,3,3,FALSE,A
Q8N8E2,ZNF513,1,1,1,17,2.78194522857666,0,3,3,3,0,0,2,3,2,1,TRUE,C
Q8N8E3,CEP112,12,12,12,27,2.7911901473999023,0,3,3,3,3,3,3,3,3,3,FALSE,A
Q8N8J7,FAM241A,3,3,3,27,4.151994705200195,0.8066709637641907,3,3,3,3,3,3,3,3,3,FALSE,A
Q8N8L6,ARL10,3,3,3,19,2.803844928741455,0.37773385643959045,0,2,2,2,3,3,1,3,3,FALSE,A
Q8N8N7,PTGR2,8,8,8,27,3.5303409099578857,0.6075678765773773,3,3,3,3,3,3,3,3,3,FALSE,A
Q8N8R5,C2orf69,5,5,5,27,3.3496601581573486,0.27554674446582794,3,3,3,3,3,3,3,3,3,FALSE,A
Q8N8R7,ARL14EP,5,6,5,26,3.2001357078552246,0.47794705629348755,2,3,3,3,3,3,3,3,3,FALSE,A
Q8N8S7,ENAH,22,35,22,27,5.323711395263672,0.9359371662139893,3,3,3,3,3,3,3,3,3,FALSE,A
Q8N8U9,BMPER,13,15,13,27,3.442004442214966,0.5207842290401459,3,3,3,3,3,3,3,3,3,FALSE,A
Q8N8Y2,ATP6V0D2,1,1,1,10,4.757837533950806,0.8746677935123444,1,3,3,0,1,0,1,1,0,TRUE,B
Q8N8Y5,ZFP41,2,2,2,27,2.9523167610168457,0.6249350011348724,3,3,3,3,3,3,3,3,3,FALSE,A
Q8N8Z6,DCBLD1,3,3,3,10,2.333307981491089,0,0,3,3,0,0,2,1,0,1,FALSE,A
Q8N954,GPATCH11,7,7,7,27,4.786636829376221,0.9246882796287537,3,3,3,3,3,3,3,3,3,FALSE,A
Q8N960,CEP120,4,4,4,20,3.1988303661346436,0.612295538187027,1,3,2,3,2,2,3,2,2,FALSE,A
Q8N972,ZNF709,4,4,4,27,2.5546094179153442,0.39836694300174713,3,3,3,3,3,3,3,3,3,FALSE,A
Q8N983,MRPL43,8,9,8,27,4.8136091232299805,0.9505119621753693,3,3,3,3,3,3,3,3,3,FALSE,A
Q8N988,ZNF557,4,4,4,13,2.379933476448059,0,3,3,2,1,0,1,0,0,3,FALSE,A
Q8N999,RLIG1,4,4,4,24,2.721814274787903,0.1257060244679451,2,3,2,2,3,3,3,3,3,FALSE,A
Q8N9A8,CNEP1R1,2,2,2,12,3.5859862565994263,0.6385587155818939,3,3,3,1,1,0,0,1,0,FALSE,A
Q8N9B5,JMY,5,6,5,27,2.992295265197754,0.7137046456336975,3,3,3,3,3,3,3,3,3,FALSE,A
Q8N9F7,GDPD1,11,12,11,27,3.182108759880066,0.5309709310531616,3,3,3,3,3,3,3,3,3,FALSE,A
Q8N9M1,C19orf47,11,13,11,27,3.5912325382232666,0.7712458372116089,3,3,3,3,3,3,3,3,3,FALSE,A
Q8N9M5,TMEM102,3,3,3,22,3.127420663833618,0.7144110202789307,0,3,2,3,3,3,2,3,3,FALSE,A
Q8N9N2,ASCC1,6,7,6,23,2.972979784011841,0.7000391483306885,2,3,2,3,3,2,3,3,2,FALSE,A
Q8N9N5,BANP,8,9,8,27,4.229344844818115,0.781777560710907,3,3,3,3,3,3,3,3,3,FALSE,A
Q8N9N7,LRRC57,6,6,6,27,4.188321590423584,0.7480594515800476,3,3,3,3,3,3,3,3,3,FALSE,A
Q8N9N8,EIF1AD,7,10,7,27,4.611118316650391,0.7414611577987671,3,3,3,3,3,3,3,3,3,FALSE,A
Q8N9Q2,SREK1IP1,2,4,2,27,4.834388017654419,0.8089241683483124,3,3,3,3,3,3,3,3,3,FALSE,A
Q8N9R8,SCAI,5,5,5,26,2.872053623199463,0,2,3,3,3,3,3,3,3,3,FALSE,A
Q8N9T8,KRI1,19,24,19,27,5.006633758544922,0.9023200273513794,3,3,3,3,3,3,3,3,3,FALSE,A
Q8N9V3,WDSUB1,4,5,4,25,2.8983120918273926,0.6899277865886688,2,3,2,3,3,3,3,3,3,FALSE,A
Q8N9Z2,CCDC71L,8,8,8,27,3.0569615364074707,0.207694873213768,3,3,3,3,3,3,3,3,3,FALSE,A
Q8NA72,POC5,2,2,2,20,3.3548614978790283,0.6058052778244019,0,3,2,3,3,3,2,2,2,FALSE,A
Q8NAF0,ZNF579,15,19,15,27,3.770351529121399,0.7532239854335785,3,3,3,3,3,3,3,3,3,FALSE,A
Q8NAN2,MIGA1,3,3,3,17,2.945650100708008,0.4945569336414337,0,2,2,3,2,2,2,2,2,FALSE,A
Q8NAT1,POMGNT2,9,9,9,24,2.7746779918670654,0.6287064552307129,1,3,2,3,3,3,3,3,3,FALSE,A
Q8NAV1,PRPF38A,12,19,12,27,5.252591848373413,0.8926490843296051,3,3,3,3,3,3,3,3,3,FALSE,A
Q8NB15,ZNF511,5,6,5,27,2.855129837989807,0.0394467543810606,3,3,3,3,3,3,3,3,3,FALSE,A
Q8NB25,FAM184A,3,3,3,11,2.547316551208496,0.5482729077339172,0,0,0,3,3,3,1,1,0,FALSE,A
Q8NB37,GATD1,6,7,6,27,4.716632843017578,0.7355189323425293,3,3,3,3,3,3,3,3,3,FALSE,A
Q8NB46,ANKRD52,5,5,5,23,2.6688501834869385,0.5877018570899963,0,3,2,3,3,3,3,3,3,FALSE,A
Q8NB49,ATP11C,14,14,14,23,2.735150098800659,0.2818244993686676,0,3,2,3,3,3,3,3,3,FALSE,A
Q8NB50,ZFP62,18,29,18,27,3.197951078414917,0.7747968435287476,3,3,3,3,3,3,3,3,3,FALSE,A
Q8NB78,KDM1B,13,14,13,27,3.619255542755127,0.7744930982589722,3,3,3,3,3,3,3,3,3,FALSE,A
Q8NB90,AFG2A,20,22,20,26,3.2370638847351074,0.6114737391471863,3,3,2,3,3,3,3,3,3,FALSE,A
Q8NB91,FANCB,2,2,2,16,2.2870339155197144,0.11892838403582573,0,1,0,3,2,2,2,3,3,FALSE,A
Q8NBA8,DTWD2,2,2,2,21,2.961094856262207,0.5262300968170166,0,3,2,1,3,3,3,3,3,FALSE,A
Q8NBF2,NHLRC2,18,21,18,27,3.745929479598999,0.6702025532722473,3,3,3,3,3,3,3,3,3,FALSE,A
Q8NBF6,AVL9,5,5,5,24,2.8697822093963623,0.15588568150997162,1,3,2,3,3,3,3,3,3,FALSE,A
Q8NBI6,XXYLT1,11,13,11,27,3.6134204864501953,0.6397232413291931,3,3,3,3,3,3,3,3,3,FALSE,A
Q8NBJ4,GOLM1,20,25,20,27,4.017945766448975,0.8441749215126038,3,3,3,3,3,3,3,3,3,FALSE,A
Q8NBJ5,COLGALT1,25,31,25,27,4.815652370452881,0.875209778547287,3,3,3,3,3,3,3,3,3,FALSE,A
Q8NBJ7,SUMF2,13,20,13,27,5.447225332260132,0.9417941868305206,3,3,3,3,3,3,3,3,3,FALSE,A
Q8NBJ9,SIDT2,2,2,2,14,3.280762553215027,0.7158981561660767,2,3,3,1,2,0,1,0,2,FALSE,A
Q8NBK3,SUMF1,8,11,8,27,3.833036422729492,0.8390139043331146,3,3,3,3,3,3,3,3,3,FALSE,A
Q8NBL1,POGLUT1,11,11,11,27,3.5815110206604004,0.44371530413627625,3,3,3,3,3,3,3,3,3,FALSE,A
Q8NBM4,UBAC2,3,3,3,23,2.7701187133789063,0.17143042385578156,0,3,2,3,3,3,3,3,3,FALSE,A
Q8NBM8,PCYOX1L,7,13,7,27,3.3728535175323486,0.6177094578742981,3,3,3,3,3,3,3,3,3,FALSE,A
Q8NBN3,TMEM87A,7,7,7,26,2.7051188945770264,0.5997299551963806,3,3,3,3,2,3,3,3,3,FALSE,A
Q8NBN7,RDH13,6,6,6,27,3.4471120834350586,0.7485979199409485,3,3,3,3,3,3,3,3,3,FALSE,A
Q8NBP0,TTC13,7,7,7,22,2.9767260551452637,0.3848622441291809,0,3,2,3,3,2,3,3,3,FALSE,A
Q8NBQ5,HSD17B11,10,16,10,27,3.757260799407959,0.7527713775634766,3,3,3,3,3,3,3,3,3,FALSE,A
Q8NBR0,TP53I13,1,1,1,9,2.500251054763794,0,3,0,0,3,0,3,0,0,0,TRUE,C
Q8NBR6,MINDY2,2,2,2,10,2.6334683895111084,0.20395242422819138,0,3,2,0,0,1,3,0,1,FALSE,A
Q8NBS9,TXNDC5,23,31,23,27,5.721245288848877,0.9527682662010193,3,3,3,3,3,3,3,3,3,FALSE,A
Q8NBT0,POC1A,4,4,4,24,2.74755859375,0.19882209599018097,0,3,3,3,3,3,3,3,3,FALSE,A
Q8NBT2,SPC24,7,10,7,27,4.245925426483154,0.6710127294063568,3,3,3,3,3,3,3,3,3,FALSE,A
Q8NBU5,ATAD1,13,15,13,27,3.994284510612488,0.7934893369674683,3,3,3,3,3,3,3,3,3,FALSE,A
Q8NBW4,SLC38A9,3,3,3,20,2.6150991916656494,0.6898742914199829,0,3,2,2,3,2,2,3,3,FALSE,A
Q8NBX0,SCCPDH,12,13,12,27,4.437783718109131,0.8356837034225464,3,3,3,3,3,3,3,3,3,FALSE,A
Q8NBZ0,INO80E,5,5,5,27,3.9690592288970947,0.7397072911262512,3,3,3,3,3,3,3,3,3,FALSE,A
Q8NBZ7,UXS1,6,7,6,27,3.165341377258301,0.5492146015167236,3,3,3,3,3,3,3,3,3,FALSE,A
Q8NC42,RNF149,8,10,8,26,3.906689167022705,0.7675266265869141,3,3,3,3,3,2,3,3,3,FALSE,A
Q8NC44,RETREG2,4,4,4,24,3.7235524654388428,0.507031261920929,2,3,2,3,3,3,2,3,3,FALSE,A
Q8NC51,SERBP1,24,40,24,27,5.583255290985107,0.9211186468601227,3,3,3,3,3,3,3,3,3,FALSE,A
Q8NC54,KCT2,3,3,3,27,4.172494888305664,0.8635989427566528,3,3,3,3,3,3,3,3,3,FALSE,A
Q8NC56,LEMD2,17,21,18,27,4.176770448684692,0.7989562153816223,3,3,3,3,3,3,3,3,3,FALSE,A
Q8NC60,NOA1,12,12,12,27,3.190004348754883,0.5907580256462097,3,3,3,3,3,3,3,3,3,FALSE,A
Q8NC67,NETO2,4,4,4,19,2.7702449560165405,0.04426280688494444,1,3,2,2,2,2,3,2,2,FALSE,A
Q8NC96,NECAP1,7,9,7,27,4.139001369476318,0.8894268274307251,3,3,3,3,3,3,3,3,3,FALSE,A
Q8NCA5,FAM98A,10,16,10,27,5.214550018310547,0.9218971729278564,3,3,3,3,3,3,3,3,3,FALSE,A
Q8NCA9,ZNF784,1,1,1,23,2.9276020526885986,0.5082641839981079,2,3,3,2,3,3,3,2,2,TRUE,C
Q8NCC3,PLA2G15,9,10,9,27,3.665407419204712,0.6494978070259094,3,3,3,3,3,3,3,3,3,FALSE,A
Q8NCC5,SLC37A3,2,2,2,23,3.5528178215026855,0.7063072919845581,0,3,2,3,3,3,3,3,3,FALSE,A
Q8NCD3,HJURP,6,6,6,23,2.9252195358276367,0.03653803467750549,1,3,2,3,3,3,2,3,3,FALSE,A
Q8NCE0,TSEN2,2,2,2,6,2.5687121152877808,0.26560109108686447,0,2,1,0,0,0,0,2,1,FALSE,A
Q8NCE2,MTMR14,7,7,7,25,3.104154109954834,0.5973010063171387,2,3,2,3,3,3,3,3,3,FALSE,A
Q8NCF5,NFATC2IP,10,14,10,27,3.9948630332946777,0.8431720733642578,3,3,3,3,3,3,3,3,3,FALSE,A
Q8NCG7,DAGLB,5,5,5,24,3.8021044731140137,0.7029082179069519,1,3,2,3,3,3,3,3,3,FALSE,A
Q8NCH0,CHST14,6,6,6,27,3.660845160484314,0.7594541609287262,3,3,3,3,3,3,3,3,3,FALSE,A
Q8NCK3,ZNF485,2,2,2,13,2.3284125328063965,0.6654236316680908,2,1,1,1,0,2,1,2,3,FALSE,A
Q8NCL4,GALNT6,2,2,2,27,2.9590201377868652,0.3540436029434204,3,3,3,3,3,3,3,3,3,FALSE,A
Q8NCM8,DYNC2H1,14,14,14,23,3.0482057332992554,0.45448003709316254,0,3,2,3,3,3,3,3,3,FALSE,A
Q8NCN2,ZBTB34,3,3,3,27,3.013610601425171,0.39794526994228363,3,3,3,3,3,3,3,3,3,FALSE,A
Q8NCN4,RNF169,16,16,16,27,3.615470767021179,0.7779858708381653,3,3,3,3,3,3,3,3,3,FALSE,A
Q8NCN5,PDPR,24,24,24,27,3.7555291652679443,0.7289791107177734,3,3,3,3,3,3,3,3,3,FALSE,A
Q8NCP5,ZBTB44,1,1,1,18,2.600198984146118,0,0,1,2,2,3,1,3,3,3,TRUE,C
Q8NCR0,B3GALNT2,2,2,2,8,2.282621741294861,0.13850608095526695,0,2,3,0,0,0,0,1,2,FALSE,A
Q8NCS4,TMEM35B,1,1,1,7,2.4711198806762695,0.3020806312561035,0,2,0,0,2,1,0,2,0,TRUE,C
Q8NCW5,NAXE,11,16,11,27,4.6263322830200195,0.8729881942272186,3,3,3,3,3,3,3,3,3,FALSE,A
Q8NCW6,GALNT11,2,2,2,9,2.2733185291290283,0,0,3,2,0,0,1,2,0,1,FALSE,A
Q8NCY6,MSANTD4,4,4,4,25,2.679662346839905,0.674738883972168,3,3,2,3,2,3,3,3,3,FALSE,A
Q8ND04,SMG8,16,16,16,27,3.0176936388015747,0.5722623467445374,3,3,3,3,3,3,3,3,3,FALSE,A
Q8ND24,RNF214,27,34,27,27,4.4267683029174805,0.8788778781890869,3,3,3,3,3,3,3,3,3,FALSE,A
Q8ND56,LSM14A,17,21,18,27,4.461955547332764,0.8993425369262695,3,3,3,3,3,3,3,3,3,FALSE,A
Q8ND76,CCNY,2,2,2,25,2.836045503616333,0.515470564365387,3,3,2,3,2,3,3,3,3,FALSE,A
Q8ND82,ZNF280C,22,33,22,27,4.35841703414917,0.857776939868927,3,3,3,3,3,3,3,3,3,FALSE,A
Q8ND83,SLAIN1,10,13,10,27,3.3759795427322388,0.3811579495668411,3,3,3,3,3,3,3,3,3,FALSE,A
Q8NDB6,FAM156B,2,3,2,12,3.172307014465332,0.5545952916145325,2,0,0,3,1,2,3,1,0,FALSE,A
Q8NDD1,C1orf131,16,23,16,27,4.578245639801025,0.7895873188972473,3,3,3,3,3,3,3,3,3,FALSE,A
Q8NDF8,TENT4B,11,12,11,27,3.3386815786361694,0.72271329164505,3,3,3,3,3,3,3,3,3,FALSE,A
Q8NDI1,EHBP1,24,27,24,27,3.450477123260498,0.7010526657104492,3,3,3,3,3,3,3,3,3,FALSE,A
Q8NDT2,RBM15B,25,32,25,27,3.970682382583618,0.8212677240371704,3,3,3,3,3,3,3,3,3,FALSE,A
Q8NDV3,SMC1B,1,1,1,5,4.726369380950928,0.33528006076812744,1,2,2,0,0,0,0,0,0,TRUE,B
Q8NDV7,TNRC6A,18,18,18,27,3.0614051818847656,0.18364299833774567,3,3,3,3,3,3,3,3,3,FALSE,A
Q8NDX5,PHC3,8,8,8,27,3.841261386871338,0.34475407004356384,3,3,3,3,3,3,3,3,3,FALSE,A
Q8NDX6,ZNF740,5,6,5,27,4.319374322891235,0.8655110895633698,3,3,3,3,3,3,3,3,3,FALSE,A
Q8NDZ2,SIMC1,7,7,7,25,2.9839794635772705,0.2301711067557335,2,3,2,3,3,3,3,3,3,FALSE,A
Q8NDZ4,DIPK2A,9,9,9,22,2.848944067955017,0.14285717904567719,2,3,3,2,1,2,3,3,3,FALSE,A
Q8NE00,TMEM104,3,3,3,18,3.0555038452148438,0.8277314007282257,0,3,2,0,3,2,3,3,2,FALSE,A
Q8NE01,CNNM3,15,16,15,25,3.028144598007202,0.5943506956100464,2,3,2,3,3,3,3,3,3,FALSE,A
Q8NE62,CHDH,12,13,12,27,3.5023574829101563,0.42181891202926636,3,3,3,3,3,3,3,3,3,FALSE,A
Q8NE71,ABCF1,32,43,32,27,5.415329456329346,0.9123080968856812,3,3,3,3,3,3,3,3,3,FALSE,A
Q8NE86,MCU,3,3,3,20,3.158802032470703,0.44071634113788605,0,3,2,3,3,2,1,3,3,FALSE,A
Q8NEB9,PIK3C3,10,10,10,24,2.6973323822021484,0.47088491916656494,2,3,2,2,3,3,3,3,3,FALSE,A
Q8NEC7,GSTCD,5,6,5,24,3.006972074508667,0.6374604105949402,1,3,2,3,3,3,3,3,3,FALSE,A
Q8NEF9,SRFBP1,11,15,11,27,4.134130239486694,0.7097082138061523,3,3,3,3,3,3,3,3,3,FALSE,A
Q8NEJ9,NGDN,13,20,13,27,4.726810932159424,0.89903724193573,3,3,3,3,3,3,3,3,3,FALSE,A
Q8NEL9,DDHD1,6,6,6,22,2.245051145553589,0,0,3,2,3,3,3,2,3,3,FALSE,A
Q8NEM2,SHCBP1,4,4,4,15,2.7552402019500732,0.6463686227798462,0,3,2,1,2,0,1,3,3,FALSE,A
Q8NEM7,SUPT20H,7,8,7,25,3.2506861686706543,0.7338436841964722,1,3,3,3,3,3,3,3,3,FALSE,A
Q8NEN0,ARMC2,2,2,2,24,3.4905405044555664,0.9457094669342041,1,3,2,3,3,3,3,3,3,FALSE,A
Q8NEN9,PDZD8,21,21,21,27,2.848995804786682,0.40490569174289703,3,3,3,3,3,3,3,3,3,FALSE,A
Q8NEU8,APPL2,6,6,6,25,2.680191159248352,0,2,3,3,3,3,2,3,3,3,FALSE,A
Q8NEW0,SLC30A7,3,3,3,23,3.513077974319458,0.5663654804229736,0,3,2,3,3,3,3,3,3,FALSE,A
Q8NEY1,NAV1,15,15,15,25,2.9182021617889404,0.34973374009132385,1,3,3,3,3,3,3,3,3,FALSE,A
Q8NEY8,PPHLN1,14,17,14,27,4.788928508758545,0.9257029294967651,3,3,3,3,3,3,3,3,3,FALSE,A
Q8NEZ2,VPS37A,5,5,5,26,2.8962619304656982,0.4071870744228363,3,3,2,3,3,3,3,3,3,FALSE,A
Q8NEZ4,KMT2C,25,27,25,27,3.2205352783203125,0.6230337619781494,3,3,3,3,3,3,3,3,3,FALSE,A
Q8NEZ5,FBXO22,11,13,11,27,3.9241366386413574,0.7821307182312012,3,3,3,3,3,3,3,3,3,FALSE,A
Q8NF37,LPCAT1,11,13,11,27,3.7274558544158936,0.7422360181808472,3,3,3,3,3,3,3,3,3,FALSE,A
Q8NF99,ZNF397,3,3,3,23,2.8955105543136597,0.3799338936805725,0,3,3,3,3,3,3,2,3,FALSE,A
Q8NFA0,USP32,3,3,3,16,2.5069347620010376,0.7469328343868256,0,3,2,2,0,2,2,3,2,FALSE,A
Q8NFC6,BOD1L1,71,84,71,27,3.850130081176758,0.7552145719528198,3,3,3,3,3,3,3,3,3,FALSE,A
Q8NFD5,ARID1B,37,42,37,27,3.73193621635437,0.6558915376663208,3,3,3,3,3,3,3,3,3,FALSE,A
Q8NFF5,FLAD1,18,21,18,27,3.3234033584594727,0.7399924397468567,3,3,3,3,3,3,3,3,3,FALSE,A
Q8NFG4,FLCN,4,4,4,23,2.497570514678955,0,0,3,2,3,3,3,3,3,3,FALSE,A
Q8NFH3,NUP43,11,16,11,27,4.668226718902588,0.8467581868171692,3,3,3,3,3,3,3,3,3,FALSE,A
Q8NFH4,NUP37,10,13,10,27,3.338521957397461,0.7451173663139343,3,3,3,3,3,3,3,3,3,FALSE,A
Q8NFH5,NUP35,9,11,9,27,4.502209901809692,0.9054787158966064,3,3,3,3,3,3,3,3,3,FALSE,A
Q8NFH8,REPS2,3,3,3,20,2.5597684383392334,0,0,3,1,2,3,3,3,3,2,FALSE,A
Q8NFI3,ENGASE,20,20,20,27,3.147475004196167,0.3293997049331665,3,3,3,3,3,3,3,3,3,FALSE,A
Q8NFJ5,GPRC5A,2,2,2,23,2.70007860660553,0.4283533841371536,1,3,2,3,3,2,3,3,3,FALSE,A
Q8NFJ9,BBS1,2,2,2,15,2.3742005825042725,0.7145768404006958,0,2,0,3,3,2,2,2,1,FALSE,A
Q8NFP7,NUDT10,1,1,1,27,3.7454984188079834,0.06991979479789734,3,3,3,3,3,3,3,3,3,TRUE,C
Q8NFP9,NBEA,9,9,9,23,2.441009283065796,0.09594545140862465,0,3,2,3,3,3,3,3,3,FALSE,A
Q8NFQ8,TOR1AIP2,17,26,17,27,3.989942193031311,0.8125069737434387,3,3,3,3,3,3,3,3,3,FALSE,A
Q8NFU5,IPMK,1,1,1,24,2.2543280124664307,0,1,3,2,3,3,3,3,3,3,TRUE,C
Q8NFU7,TET1,3,3,3,15,2.49416720867157,0,0,0,0,3,2,3,3,2,2,FALSE,A
Q8NFV4,ABHD11,10,11,10,27,3.4444040060043335,0.5896648466587067,3,3,3,3,3,3,3,3,3,FALSE,A
Q8NFW8,CMAS,25,35,25,27,4.0213000774383545,0.8268000781536102,3,3,3,3,3,3,3,3,3,FALSE,A
Q8NFZ5,TNIP2,7,7,7,23,2.5693671703338623,0.5344878137111664,3,3,2,3,3,3,3,3,0,FALSE,A
Q8NFZ8,CADM4,9,13,9,27,3.8141318559646606,0.7955003678798676,3,3,3,3,3,3,3,3,3,FALSE,A
Q8NG08,HELB,4,4,4,18,2.8014979362487793,0.4347929358482361,0,3,2,1,1,2,3,3,3,FALSE,A
Q8NG11,TSPAN14,4,4,4,13,3.0564167499542236,0.5963948369026184,2,3,3,1,2,0,1,1,0,FALSE,A
Q8NG27,PJA1,11,13,11,27,3.575801730155945,0.6010772287845612,3,3,3,3,3,3,3,3,3,FALSE,A
Q8NG31,KNL1,16,18,16,27,2.523282527923584,0.2041800543665886,3,3,3,3,3,3,3,3,3,FALSE,A
Q8NG68,TTL,5,5,5,24,2.8709053993225098,0.11282603442668915,1,3,3,3,3,3,3,3,2,FALSE,A
Q8NHG7,SVIP,2,2,2,27,5.679937362670898,0.86728635430336,3,3,3,3,3,3,3,3,3,FALSE,A
Q8NHH9,ATL2,12,13,12,27,3.350066661834717,0.6488859355449677,3,3,3,3,3,3,3,3,3,FALSE,A
Q8NHM5,KDM2B,21,22,21,27,3.296651244163513,0.6033265888690948,3,3,3,3,3,3,3,3,3,FALSE,A
Q8NHP6,MOSPD2,16,18,16,27,3.524524211883545,0.7665103077888489,3,3,3,3,3,3,3,3,3,FALSE,A
Q8NHP8,PLBD2,16,22,16,27,4.646693229675293,0.8910232186317444,3,3,3,3,3,3,3,3,3,FALSE,A
Q8NHQ8,RASSF8,5,5,5,27,3.0460457801818848,0.6095308065414429,3,3,3,3,3,3,3,3,3,FALSE,A
Q8NHQ9,DDX55,21,22,21,26,3.653217315673828,0.7552340626716614,2,3,3,3,3,3,3,3,3,FALSE,A
Q8NHS3,MFSD8,2,2,2,5,3.013553023338318,0.7250634729862213,0,3,2,0,0,0,0,0,0,FALSE,A
Q8NHU3,SGMS2,1,1,1,5,3.1777758598327637,0,0,3,2,0,0,0,0,0,0,TRUE,C
Q8NHU6,TDRD7,13,13,13,25,2.7303004264831543,0.42443224787712097,2,3,2,3,3,3,3,3,3,FALSE,A
Q8NHV4,NEDD1,6,6,6,27,3.480198860168457,0.5368477702140808,3,3,3,3,3,3,3,3,3,FALSE,A
Q8NHZ8,CDC26,4,5,4,27,4.741986513137817,0.7256153523921967,3,3,3,3,3,3,3,3,3,FALSE,A
Q8NI08,NCOA7,16,17,16,27,3.207259178161621,0.63570636510849,3,3,3,3,3,3,3,3,3,FALSE,A
Q8NI22,MCFD2,1,1,1,10,3.8553225994110107,0.8576527237892151,3,2,2,1,0,1,1,0,0,TRUE,C
Q8NI27,THOC2,54,72,54,27,4.446927547454834,0.8633027076721191,3,3,3,3,3,3,3,3,3,FALSE,A
Q8NI35,PATJ,22,23,22,27,2.7292704582214355,0.3029913604259491,3,3,3,3,3,3,3,3,3,FALSE,A
Q8NI36,WDR36,42,62,42,27,4.585422992706299,0.8907002210617065,3,3,3,3,3,3,3,3,3,FALSE,A
Q8NI37,PPTC7,4,4,4,25,2.393900156021118,0.02609177678823471,2,3,3,2,3,3,3,3,3,FALSE,A
Q8NI60,COQ8A,11,11,11,26,3.782862901687622,0.7439655661582947,2,3,3,3,3,3,3,3,3,FALSE,A
Q8NI77,KIF18A,4,5,4,27,5.170413494110107,0.8673298358917236,3,3,3,3,3,3,3,3,3,FALSE,A
Q8TA86,RP9,10,14,10,27,4.764242172241211,0.9060876965522766,3,3,3,3,3,3,3,3,3,FALSE,A
Q8TAA5,GRPEL2,7,7,7,27,3.5579564571380615,0.7017614841461182,3,3,3,3,3,3,3,3,3,FALSE,A
Q8TAA9,VANGL1,12,13,12,27,3.218767523765564,0.3693179339170456,3,3,3,3,3,3,3,3,3,FALSE,A
Q8TAC1,RFESD,2,2,2,10,3.5774598121643066,0.5341536402702332,3,2,2,0,0,1,2,0,0,FALSE,A
Q8TAD4,SLC30A5,1,1,1,21,3.133277177810669,0,0,3,2,3,3,2,2,3,3,TRUE,C
Q8TAD8,SNIP1,15,21,15,27,4.666721343994141,0.767233669757843,3,3,3,3,3,3,3,3,3,FALSE,A
Q8TAE6,PPP1R14C,3,5,3,27,5.265255928039551,0.8748376369476318,3,3,3,3,3,3,3,3,3,FALSE,A
Q8TAE8,GADD45GIP1,11,17,11,27,5.4740025997161865,0.9557330906391144,3,3,3,3,3,3,3,3,3,FALSE,A
Q8TAF3,WDR48,17,17,17,27,3.8646225929260254,0.8268243372440338,3,3,3,3,3,3,3,3,3,FALSE,A
Q8TAG9,EXOC6,11,11,11,26,2.601454257965088,0.4689372181892395,2,3,3,3,3,3,3,3,3,FALSE,A
Q8TAP6,CEP76,3,3,3,14,2.407986879348755,0,2,3,1,3,1,0,2,1,1,FALSE,A
Q8TAP8,PPP1R35,4,4,4,25,2.8035894632339478,0.5462216287851334,2,2,3,3,3,3,3,3,3,FALSE,A
Q8TAP9,MPLKIP,4,6,4,26,4.113991737365723,0.7709887027740479,2,3,3,3,3,3,3,3,3,FALSE,A
Q8TAQ2,SMARCC2,23,36,23,27,4.488844871520996,0.8761839270591736,3,3,3,3,3,3,3,3,3,FALSE,A
Q8TAQ5,ZNF420,4,4,4,25,2.652180314064026,0.6694327592849731,3,3,2,3,3,2,3,3,3,FALSE,A
Q8TAT6,NPLOC4,26,36,26,27,4.26409387588501,0.7854325175285339,3,3,3,3,3,3,3,3,3,FALSE,A
Q8TAV0,FAM76A,5,6,5,27,4.453903436660767,0.8641324043273926,3,3,3,3,3,3,3,3,3,FALSE,A
Q8TB03,CXorf38,7,7,7,27,3.2746665477752686,0.7864686250686646,3,3,3,3,3,3,3,3,3,FALSE,A
Q8TB36,GDAP1,7,7,7,26,3.4342706203460693,0.7341401875019073,2,3,3,3,3,3,3,3,3,FALSE,A
Q8TB37,NUBPL,5,5,5,26,2.8947479724884033,0.3334966003894806,2,3,3,3,3,3,3,3,3,FALSE,A
Q8TB52,FBXO30,6,6,6,27,3.1400798559188843,0.362863153219223,3,3,3,3,3,3,3,3,3,FALSE,A
Q8TB61,SLC35B2,5,5,5,25,4.184385299682617,0.7926909923553467,2,3,2,3,3,3,3,3,3,FALSE,A
Q8TB72,PUM2,8,9,8,25,3.328333616256714,0.7712538838386536,1,3,3,3,3,3,3,3,3,FALSE,A
Q8TB96,ITFG1,10,10,10,27,3.419922113418579,0.8236235082149506,3,3,3,3,3,3,3,3,3,FALSE,A
Q8TBA6,GOLGA5,27,34,27,27,3.880300760269165,0.6840839982032776,3,3,3,3,3,3,3,3,3,FALSE,A
Q8TBB5,KLHDC4,24,33,24,27,4.321222543716431,0.8511842787265778,3,3,3,3,3,3,3,3,3,FALSE,A
Q8TBC3,SHKBP1,4,4,4,22,2.9646304845809937,0.3929963856935501,0,3,1,3,3,3,3,3,3,FALSE,A
Q8TBC4,UBA3,20,23,20,27,3.871500253677368,0.770180881023407,3,3,3,3,3,3,3,3,3,FALSE,A
Q8TBE0,BAHD1,6,6,6,27,3.344822883605957,0.7243121862411499,3,3,3,3,3,3,3,3,3,FALSE,A
Q8TBE9,NANP,4,4,4,25,2.8890154361724854,0.3431108891963959,3,3,3,3,3,3,2,2,3,FALSE,A
Q8TBF2,PRXL2B,2,2,2,26,2.842234969139099,0.428780198097229,3,3,2,3,3,3,3,3,3,FALSE,A
Q8TBF4,ZCRB1,7,10,7,27,3.824009656906128,0.39799609780311584,3,3,3,3,3,3,3,3,3,FALSE,A
Q8TBF5,PIGX,2,2,2,8,2.617927312850952,0.1412031650543213,0,3,2,1,0,0,0,0,2,FALSE,A
Q8TBK6,ZCCHC10,1,1,1,27,5.854735374450684,0.9318413138389587,3,3,3,3,3,3,3,3,3,TRUE,B
Q8TBM8,DNAJB14,7,8,7,27,3.8582000732421875,0.6646866202354431,3,3,3,3,3,3,3,3,3,FALSE,A
Q8TBN0,RAB3IL1,1,1,1,26,3.764992356300354,0.018711896613240242,3,3,3,3,3,3,2,3,3,TRUE,C
Q8TBP5,FAM174A,2,3,2,18,3.7105841636657715,0.34094732999801636,3,3,3,1,0,2,3,2,1,FALSE,A
Q8TBQ9,TMEM167A,2,2,2,26,5.257956027984619,0.9311807155609131,3,3,3,3,3,3,3,2,3,FALSE,A
Q8TBX8,PIP4K2C,17,21,17,27,3.700413227081299,0.8261092305183411,3,3,3,3,3,3,3,3,3,FALSE,A
Q8TBZ3,WDR20,5,5,5,26,2.742849349975586,0.030936033464968204,2,3,3,3,3,3,3,3,3,FALSE,A
Q8TBZ6,TRMT10A,11,15,11,27,4.037492275238037,0.8463335037231445,3,3,3,3,3,3,3,3,3,FALSE,A
Q8TC07,TBC1D15,20,21,20,27,3.4933621883392334,0.5712800621986389,3,3,3,3,3,3,3,3,3,FALSE,A
Q8TC12,RDH11,10,13,10,27,4.441364288330078,0.8337687849998474,3,3,3,3,3,3,3,3,3,FALSE,A
Q8TC76,FAM110B,2,2,2,14,2.284017324447632,0,3,2,1,2,1,0,3,2,0,FALSE,A
Q8TCA0,LRRC20,7,7,7,25,2.7029608488082886,0.45698195695877075,3,3,3,3,3,3,3,3,1,FALSE,A
Q8TCC3,MRPL30,3,6,3,27,4.986457347869873,0.9506871700286865,3,3,3,3,3,3,3,3,3,FALSE,A
Q8TCD5,NT5C,10,13,10,27,3.6805150508880615,0.8437235355377197,3,3,3,3,3,3,3,3,3,FALSE,A
Q8TCE6,DENND10,1,1,1,17,3.296642303466797,0.23593983054161072,0,3,2,2,2,2,3,3,0,TRUE,C
Q8TCF1,ZFAND1,3,3,3,26,3.99684476852417,0.6537883877754211,3,3,2,3,3,3,3,3,3,FALSE,A
Q8TCG1,CIP2A,24,27,24,25,3.20668888092041,0.626072108745575,2,3,2,3,3,3,3,3,3,FALSE,A
Q8TCG2,PI4K2B,8,8,8,26,3.0580673217773438,0.36349883675575256,2,3,3,3,3,3,3,3,3,FALSE,A
Q8TCJ2,STT3B,11,11,11,27,3.7397384643554688,0.8645806908607483,3,3,3,3,3,3,3,3,3,FALSE,A
Q8TCN5,ZNF507,7,8,7,27,3.2030837535858154,0.18594545125961304,3,3,3,3,3,3,3,3,3,FALSE,A
Q8TCS8,PNPT1,32,40,32,27,4.023653507232666,0.752439022064209,3,3,3,3,3,3,3,3,3,FALSE,A
Q8TCT7,SPPL2B,6,6,6,27,3.5929213762283325,0.6965635716915131,3,3,3,3,3,3,3,3,3,FALSE,A
Q8TCT8,SPPL2A,2,3,2,27,3.741153836250305,0.8705270290374756,3,3,3,3,3,3,3,3,3,FALSE,A
Q8TCT9,HM13,10,10,10,27,4.276498794555664,0.8765332102775574,3,3,3,3,3,3,3,3,3,FALSE,A
Q8TCX1,DYNC2LI1,3,3,3,20,2.7974090576171875,0.18682506680488586,0,3,2,2,3,3,2,3,2,FALSE,A
Q8TCY9,URGCP,7,7,7,23,2.876408815383911,0.21726815402507782,0,3,2,3,3,3,3,3,3,FALSE,A
Q8TCZ2,CD99L2,4,4,4,27,3.398635149002075,0.5586972832679749,3,3,3,3,3,3,3,3,3,FALSE,A
Q8TD16,BICD2,26,31,26,27,3.968656301498413,0.7088897228240967,3,3,3,3,3,3,3,3,3,FALSE,A
Q8TD17,ZNF398,1,1,1,5,2.2097322940826416,0.3480726182460785,1,2,2,0,0,0,0,0,0,TRUE,C
Q8TD19,NEK9,23,25,23,27,3.2764147520065308,0.7418238818645477,3,3,3,3,3,3,3,3,3,FALSE,A
Q8TD26,CHD6,14,14,14,27,2.526357889175415,0.1273719221353531,3,3,3,3,3,3,3,3,3,FALSE,A
Q8TD30,GPT2,12,13,12,27,3.5586787462234497,0.556617259979248,3,3,3,3,3,3,3,3,3,FALSE,A
Q8TD31,CCHCR1,6,6,6,25,3.1766663789749146,0.6227552592754364,2,3,2,3,3,3,3,3,3,FALSE,A
Q8TD55,PLEKHO2,7,7,7,27,3.515983819961548,0.11744647473096848,3,3,3,3,3,3,3,3,3,FALSE,A
Q8TDB4,MGARP,2,2,2,23,3.545656442642212,0.7639437019824982,2,3,3,2,3,2,3,2,3,FALSE,A
Q8TDB6,DTX3L,1,1,1,18,2.5337380170822144,0,0,2,1,2,3,3,3,3,1,TRUE,C
Q8TDD1,DDX54,37,51,38,27,4.4352641105651855,0.871384859085083,3,3,3,3,3,3,3,3,3,FALSE,A
Q8TDD5,MCOLN3,2,2,2,25,4.527015686035156,0.8511896133422852,1,3,3,3,3,3,3,3,3,FALSE,A
Q8TDH9,BLOC1S5,9,13,9,27,4.159742832183838,0.8239922225475311,3,3,3,3,3,3,3,3,3,FALSE,A
Q8TDM6,DLG5,4,4,4,20,2.3787546157836914,0.32811352610588074,0,3,2,3,3,2,3,2,2,FALSE,A
Q8TDN4,CABLES1,2,2,2,16,2.861296057701111,0.3918534517288208,0,1,2,3,3,3,2,2,0,FALSE,A
Q8TDN6,BRIX1,20,29,20,27,5.56548285484314,0.9371428191661835,3,3,3,3,3,3,3,3,3,FALSE,A
Q8TDP1,RNASEH2C,6,6,6,27,3.329918146133423,0.4426836371421814,3,3,3,3,3,3,3,3,3,FALSE,A
Q8TDQ7,GNPDA2,7,8,7,26,3.5920307636260986,0.7271808981895447,3,3,3,3,3,3,3,3,2,FALSE,A
Q8TDR0,TRAF3IP1,10,11,10,27,3.6931596994400024,0.6953026652336121,3,3,3,3,3,3,3,3,3,FALSE,A
Q8TDR2,STK35,2,2,2,23,3.5091121196746826,0.49172574281692505,0,3,2,3,3,3,3,3,3,FALSE,A
Q8TDW0,LRRC8C,8,8,8,26,3.490816354751587,0.7210748791694641,2,3,3,3,3,3,3,3,3,FALSE,A
Q8TDW7,FAT3,9,9,9,21,2.2748416662216187,0,0,3,3,3,3,2,2,2,3,FALSE,A
Q8TDX7,NEK7,11,12,11,27,3.6288745403289795,0.7121040523052216,3,3,3,3,3,3,3,3,3,FALSE,A
Q8TDY2,RB1CC1,6,6,6,20,2.309074640274048,0.37145644426345825,1,3,2,1,3,2,3,3,2,FALSE,A
Q8TDZ2,MICAL1,3,3,3,23,2.6955971717834473,0.7470219731330872,2,3,2,3,3,3,2,2,3,FALSE,A
Q8TE02,ELP5,5,5,5,27,2.7310714721679688,0,3,3,3,3,3,3,3,3,3,FALSE,A
Q8TE76,MORC4,5,5,5,24,2.900100588798523,0.20630821585655212,1,3,2,3,3,3,3,3,3,FALSE,A
Q8TE77,SSH3,2,2,2,22,2.9801666736602783,0.37995654344558716,0,2,2,3,3,3,3,3,3,FALSE,A
Q8TEA1,NSUN6,6,6,6,22,2.460041642189026,0.14450816065073013,0,3,2,3,3,2,3,3,3,FALSE,A
Q8TEA8,DTD1,8,9,8,27,5.398470401763916,0.9140428900718689,3,3,3,3,3,3,3,3,3,FALSE,A
Q8TEB1,DCAF11,10,11,10,26,2.8295658826828003,0.35854390263557434,3,3,2,3,3,3,3,3,3,FALSE,A
Q8TEB7,RNF128,2,2,2,7,3.169661283493042,0.6328383684158325,1,3,3,0,0,0,0,0,0,FALSE,A
Q8TED0,UTP15,22,35,22,27,4.995687484741211,0.905325174331665,3,3,3,3,3,3,3,3,3,FALSE,A
Q8TED1,GPX8,9,10,9,27,3.624671220779419,0.5832565426826477,3,3,3,3,3,3,3,3,3,FALSE,A
Q8TEH3,DENND1A,2,2,2,14,2.3319876194000244,0.10474451631307602,0,0,0,3,2,3,2,3,1,FALSE,A
Q8TEJ3,SH3RF3,1,1,1,17,2.325573205947876,0,1,3,0,3,2,3,3,2,0,TRUE,C
Q8TEK3,DOT1L,15,15,15,26,2.8132498264312744,0.36545830965042114,2,3,3,3,3,3,3,3,3,FALSE,A
Q8TEM1,NUP210,45,51,45,27,3.787212371826172,0.786152571439743,3,3,3,3,3,3,3,3,3,FALSE,A
Q8TEP8,CEP192,7,7,7,24,2.7526767253875732,0,1,3,2,3,3,3,3,3,3,FALSE,A
Q8TEQ0,SNX29,4,4,4,21,2.5002622604370117,0.2228149026632309,2,3,3,3,1,2,3,2,2,FALSE,A
Q8TEQ6,GEMIN5,46,54,46,27,3.6749500036239624,0.5882872939109802,3,3,3,3,3,3,3,3,3,FALSE,A
Q8TEQ8,PIGO,2,2,2,16,2.522986054420471,0.5367547273635864,0,1,1,3,3,1,2,3,2,FALSE,A
Q8TER5,ARHGEF40,8,8,8,25,2.939352035522461,0.2836056053638458,1,3,3,3,3,3,3,3,3,FALSE,A
Q8TES7,FBF1,9,10,9,25,2.8497543334960938,0.3558795154094696,3,3,2,3,3,3,3,3,2,FALSE,A
Q8TEU7,RAPGEF6,8,8,8,25,2.7031478881835938,0.5422607064247131,1,3,3,3,3,3,3,3,3,FALSE,A
Q8TEW0,PARD3,39,48,39,27,3.548802137374878,0.6734417676925659,3,3,3,3,3,3,3,3,3,FALSE,A
Q8TEW8,PARD3B,8,8,8,23,2.9139875173568726,0.3439146876335144,0,3,2,3,3,3,3,3,3,FALSE,A
Q8TEX9,IPO4,36,45,36,27,3.5915699005126953,0.7706816792488098,3,3,3,3,3,3,3,3,3,FALSE,A
Q8TEY7,USP33,10,10,10,27,3.0914978981018066,0.5430094003677368,3,3,3,3,3,3,3,3,3,FALSE,A
Q8TF01,PNISR,9,11,9,27,4.49114203453064,0.9349982142448425,3,3,3,3,3,3,3,3,3,FALSE,A
Q8TF05,PPP4R1,12,12,12,25,3.147348165512085,0.520506352186203,2,3,2,3,3,3,3,3,3,FALSE,A
Q8TF20,ZNF721,3,3,3,13,2.521560788154602,0.47629690170288086,3,2,2,0,0,0,1,2,3,FALSE,A
Q8TF30,WHAMM,2,2,2,16,2.147808074951172,0,2,2,1,1,2,1,3,2,2,FALSE,A
Q8TF42,UBASH3B,2,2,2,19,2.6377604007720947,0.45550769567489624,0,3,2,3,3,2,2,1,3,FALSE,A
Q8TF46,DIS3L,6,6,6,24,2.980978012084961,0.16316969692707062,1,3,2,3,3,3,3,3,3,FALSE,A
Q8TF50,ZNF526,3,3,3,12,2.7067484855651855,0,2,2,2,1,0,0,1,2,2,FALSE,A
Q8TF68,ZNF384,9,15,9,27,4.221773624420166,0.8271308541297913,3,3,3,3,3,3,3,3,3,FALSE,A
Q8TF71,SLC16A10,2,2,2,25,2.7306677103042603,0,2,3,3,2,3,3,3,3,3,FALSE,A
Q8TF72,SHROOM3,10,11,10,20,2.8545711040496826,0.47756992280483246,0,3,1,3,3,3,3,3,1,FALSE,A
Q8TF74,WIPF2,19,27,19,27,4.249497413635254,0.7712870240211487,3,3,3,3,3,3,3,3,3,FALSE,A
Q8TF76,HASPIN,13,15,13,27,3.1666005849838257,0.7890143990516663,3,3,3,3,3,3,3,3,3,FALSE,A
Q8WTS1,ABHD5,2,2,2,18,2.8691598176956177,0.6843258142471313,2,3,2,1,0,1,3,3,3,FALSE,A
Q8WTS6,SETD7,10,12,10,27,3.8191288709640503,0.7859200239181519,3,3,3,3,3,3,3,3,3,FALSE,A
Q8WTT2,NOC3L,32,41,32,27,4.7231011390686035,0.8914027810096741,3,3,3,3,3,3,3,3,3,FALSE,A
Q8WTV0,SCARB1,9,11,9,27,4.4211344718933105,0.8340847492218018,3,3,3,3,3,3,3,3,3,FALSE,A
Q8WTV1,THAP3,1,1,1,19,2.9486887454986572,0.10069509595632553,1,3,2,1,3,3,2,2,2,TRUE,C
Q8WTW3,COG1,6,7,6,23,2.848646879196167,0.5150896906852722,0,3,2,3,3,3,3,3,3,FALSE,A
Q8WU10,PYROXD1,2,2,2,16,3.132784843444824,0.43976688385009766,0,3,2,2,2,0,3,3,1,FALSE,A
Q8WU20,FRS2,1,1,1,22,3.6396403312683105,0,1,3,2,3,3,3,3,3,1,TRUE,C
Q8WU76,SCFD2,8,8,8,25,3.229739189147949,0.5725497603416443,2,3,2,3,3,3,3,3,3,FALSE,A
Q8WU79,SMAP2,7,8,7,27,4.142093658447266,0.6622601747512817,3,3,3,3,3,3,3,3,3,FALSE,A
Q8WU90,ZC3H15,19,28,19,27,5.150713920593262,0.9349108934402466,3,3,3,3,3,3,3,3,3,FALSE,A
Q8WUA2,PPIL4,24,36,24,27,4.836205005645752,0.9276100099086761,3,3,3,3,3,3,3,3,3,FALSE,A
Q8WUA4,GTF3C2,26,33,26,27,4.239490270614624,0.8108118772506714,3,3,3,3,3,3,3,3,3,FALSE,A
Q8WUA7,TBC1D22A,2,2,2,24,3.6437132358551025,0,2,3,2,3,3,3,3,3,2,FALSE,A
Q8WUA8,TSKU,2,2,2,14,2.7453224658966064,0.3428588956594467,1,3,2,2,2,0,0,2,2,FALSE,A
Q8WUB8,PHF10,15,19,15,27,4.384571313858032,0.8920899629592896,3,3,3,3,3,3,3,3,3,FALSE,A
Q8WUD1,RAB2B,4,4,4,27,4.665220260620117,0.866291344165802,3,3,3,3,3,3,3,3,3,FALSE,A
Q8WUD4,CCDC12,12,18,12,27,4.812080383300781,0.8901984095573425,3,3,3,3,3,3,3,3,3,FALSE,A
Q8WUF5,PPP1R13L,16,17,16,27,3.045896887779236,0.20940306037664413,3,3,3,3,3,3,3,3,3,FALSE,A
Q8WUF8,ARB2A,6,6,6,21,2.925915479660034,0.5287804007530212,0,2,1,3,3,3,3,3,3,FALSE,A
Q8WUH1,CHURC1,3,4,3,26,3.440182685852051,0.6073647141456604,3,3,3,3,3,3,3,3,2,FALSE,A
Q8WUH2,TGFBRAP1,2,2,2,23,4.056813955307007,0.26298384368419647,0,3,2,3,3,3,3,3,3,FALSE,A
Q8WUH6,TMEM263,6,10,6,27,5.09222149848938,0.9184753000736237,3,3,3,3,3,3,3,3,3,FALSE,A
Q8WUK0,PTPMT1,4,4,4,26,3.795839786529541,0.6694150567054749,2,3,3,3,3,3,3,3,3,FALSE,A
Q8WUM0,NUP133,31,34,31,26,3.2519755363464355,0.6110162734985352,2,3,3,3,3,3,3,3,3,FALSE,A
Q8WUM4,PDCD6IP,41,61,41,27,4.910470962524414,0.888844907283783,3,3,3,3,3,3,3,3,3,FALSE,A
Q8WUM9,SLC20A1,6,8,6,19,3.1168270111083984,0.6882408261299133,2,3,3,1,2,1,2,2,3,FALSE,A
Q8WUN7,UBTD2,3,5,3,27,4.010718584060669,0.8333940804004669,3,3,3,3,3,3,3,3,3,FALSE,A
Q8WUP2,FBLIM1,9,12,9,25,3.387549877166748,0.7122527360916138,3,3,3,3,3,3,3,3,1,FALSE,A
Q8WUQ7,CACTIN,21,32,21,27,3.971445918083191,0.7609507739543915,3,3,3,3,3,3,3,3,3,FALSE,A
Q8WUR7,C15orf40,2,3,2,27,4.440599203109741,0.9750328958034515,3,3,3,3,3,3,3,3,3,FALSE,A
Q8WUU4,ZNF296,2,2,2,12,2.833374500274658,0.8240609765052795,2,1,2,1,1,0,2,2,1,FALSE,A
Q8WUU5,GATAD1,8,11,8,27,3.185976505279541,0.6363228559494019,3,3,3,3,3,3,3,3,3,FALSE,A
Q8WUW1,BRK1,4,5,4,27,4.973150253295898,0.879116415977478,3,3,3,3,3,3,3,3,3,FALSE,A
Q8WUX2,CHAC2,9,9,9,27,3.3103978633880615,0.6881877183914185,3,3,3,3,3,3,3,3,3,FALSE,A
Q8WUX9,CHMP7,8,8,8,27,3.767167091369629,0.7593931555747986,3,3,3,3,3,3,3,3,3,FALSE,A
Q8WUY1,THEM6,9,11,9,26,3.0962131023406982,0.5821191668510437,2,3,3,3,3,3,3,3,3,FALSE,A
Q8WUY8,NAT14,3,3,3,21,3.2739750146865845,0.7437737286090851,0,3,2,3,3,3,2,2,3,FALSE,A
Q8WUY9,DEPDC1B,1,1,1,21,2.766143321990967,0.8102760910987854,0,1,2,3,3,3,3,3,3,TRUE,C
Q8WUZ0,BCL7C,8,10,8,27,4.380602836608887,0.8060624599456787,3,3,3,3,3,3,3,3,3,FALSE,A
Q8WV07,LTO1,2,2,2,21,2.5920495986938477,0,3,3,2,1,3,3,2,2,2,FALSE,A
Q8WV16,DCAF4,1,1,1,9,3.036778211593628,0.8094968199729919,0,3,2,1,1,1,0,0,1,TRUE,C
Q8WV22,NSMCE1,8,8,8,27,4.587424278259277,0.895277202129364,3,3,3,3,3,3,3,3,3,FALSE,A
Q8WV41,SNX33,3,3,3,23,2.706201434135437,0.06323378533124924,0,3,3,3,3,3,2,3,3,FALSE,A
Q8WV44,TRIM41,10,10,10,27,2.467819929122925,0.024697458371520042,3,3,3,3,3,3,3,3,3,FALSE,A
Q8WV74,NUDT8,1,1,1,13,3.2607626914978027,0.7631065249443054,0,3,2,2,1,0,2,2,1,TRUE,C
Q8WV92,MITD1,7,7,7,26,2.6626957654953003,0.5492484867572784,3,3,3,2,3,3,3,3,3,FALSE,A
Q8WV99,ZFAND2B,1,1,1,27,5.567699432373047,0.9484056830406189,3,3,3,3,3,3,3,3,3,TRUE,B
Q8WVB6,CHTF18,21,25,21,26,3.3078598976135254,0.427593857049942,2,3,3,3,3,3,3,3,3,FALSE,A
Q8WVC0,LEO1,10,13,10,27,3.8393263816833496,0.8808838725090027,3,3,3,3,3,3,3,3,3,FALSE,A
Q8WVC6,DCAKD,7,8,7,26,4.021892309188843,0.7882062196731567,2,3,3,3,3,3,3,3,3,FALSE,A
Q8WVD3,RNF138,8,10,8,27,4.538274765014648,0.8682932257652283,3,3,3,3,3,3,3,3,3,FALSE,A
Q8WVD5,RNF141,1,1,1,9,3.265625,0.6484910845756531,2,3,3,0,0,1,0,0,0,TRUE,C
Q8WVE0,EEF1AKMT1,2,2,2,6,2.7947018146514893,0.06672676745802164,0,3,2,0,1,0,0,0,0,FALSE,A
Q8WVF1,OSCP1,3,3,3,19,2.7634286880493164,0,1,2,2,3,2,3,3,2,1,FALSE,A
Q8WVI0,UQCC5,1,1,1,27,5.468026638031006,0.8475130796432495,3,3,3,3,3,3,3,3,3,TRUE,B
Q8WVJ2,NUDCD2,6,7,6,27,4.138158321380615,0.8616984188556671,3,3,3,3,3,3,3,3,3,FALSE,A
Q8WVK2,SNRNP27,8,11,8,27,4.621264934539795,0.8655137419700623,3,3,3,3,3,3,3,3,3,FALSE,A
Q8WVK7,SKA2,5,5,5,27,3.7422142028808594,0.7612503170967102,3,3,3,3,3,3,3,3,3,FALSE,A
Q8WVM0,TFB1M,14,15,14,27,3.402003765106201,0.6022243201732635,3,3,3,3,3,3,3,3,3,FALSE,A
Q8WVM7,STAG1,32,36,32,26,3.291968822479248,0.6764267086982727,2,3,3,3,3,3,3,3,3,FALSE,A
Q8WVM8,SCFD1,16,21,16,27,4.383232593536377,0.8133909404277802,3,3,3,3,3,3,3,3,3,FALSE,A
Q8WVQ1,CANT1,16,17,16,27,3.339395523071289,0.655103862285614,3,3,3,3,3,3,3,3,3,FALSE,A
Q8WVR3,TRAPPC14,1,1,2,4,2.4191439151763916,0,0,2,2,0,0,0,0,0,0,TRUE,C
Q8WVS4,DYNC2I1,12,14,12,27,2.9258949756622314,0.49352501332759857,3,3,3,3,3,3,3,3,3,FALSE,A
Q8WVT3,TRAPPC12,9,9,9,26,2.6438307762145996,0.27051639556884766,3,3,2,3,3,3,3,3,3,FALSE,A
Q8WVV9,HNRNPLL,19,25,19,27,4.16176700592041,0.7409948706626892,3,3,3,3,3,3,3,3,3,FALSE,A
Q8WVX9,FAR1,12,12,12,26,3.6490254402160645,0.7229833006858826,2,3,3,3,3,3,3,3,3,FALSE,A
Q8WVY7,UBLCP1,10,13,10,27,3.8679550886154175,0.873519778251648,3,3,3,3,3,3,3,3,3,FALSE,A
Q8WVZ9,KBTBD7,2,2,2,19,3.401278018951416,0.01187050435692072,0,1,2,1,3,3,3,3,3,FALSE,A
Q8WW01,TSEN15,3,3,3,27,3.7326955795288086,0.8575542569160461,3,3,3,3,3,3,3,3,3,FALSE,A
Q8WW12,PCNP,7,12,7,27,6.282527446746826,0.9691593647003174,3,3,3,3,3,3,3,3,3,FALSE,A
Q8WW35,DYNLT2B,1,1,1,9,2.3613970279693604,0,3,3,3,0,0,0,0,0,0,TRUE,C
Q8WW59,SPRYD4,10,11,10,27,3.4657464027404785,0.8237119913101196,3,3,3,3,3,3,3,3,3,FALSE,A
Q8WWB7,GLMP,4,4,4,27,4.482144355773926,0.8521323800086975,3,3,3,3,3,3,3,3,3,FALSE,A
Q8WWC4,MAIP1,7,8,7,27,3.546463966369629,0.7618836462497711,3,3,3,3,3,3,3,3,3,FALSE,A
Q8WWH5,TRUB1,11,13,11,27,3.8723483085632324,0.8321360051631927,3,3,3,3,3,3,3,3,3,FALSE,A
Q8WWI1,LMO7,30,32,30,27,3.306820273399353,0.6203268468379974,3,3,3,3,3,3,3,3,3,FALSE,A
Q8WWI5,SLC44A1,9,10,9,27,3.581049084663391,0.649378627538681,3,3,3,3,3,3,3,3,3,FALSE,A
Q8WWK9,CKAP2,21,25,21,27,4.808686971664429,0.8828538060188293,3,3,3,3,3,3,3,3,3,FALSE,A
Q8WWM7,ATXN2L,33,47,33,27,5.147525787353516,0.9135589003562927,3,3,3,3,3,3,3,3,3,FALSE,A
Q8WWQ0,PHIP,51,72,51,27,4.116771697998047,0.8410519659519196,3,3,3,3,3,3,3,3,3,FALSE,A
Q8WWV3,RTN4IP1,3,3,3,16,2.6570135354995728,0.48245735466480255,0,3,2,3,2,1,1,1,3,FALSE,A
Q8WWW0,RASSF5,2,2,2,13,2.0689423084259033,0,1,2,1,1,2,1,2,3,0,FALSE,A
Q8WWX9,SELENOM,3,5,3,27,2.8281455039978027,0,3,3,3,3,3,3,3,3,3,FALSE,A
Q8WWY3,PRPF31,20,26,20,27,4.388195991516113,0.8510532379150391,3,3,3,3,3,3,3,3,3,FALSE,A
Q8WWZ3,EDARADD,3,3,3,22,2.6315654516220093,0.45570817589759827,2,2,1,3,3,3,3,3,2,FALSE,A
Q8WX92,NELFB,20,24,20,27,3.5912376642227173,0.7253147661685944,3,3,3,3,3,3,3,3,3,FALSE,A
Q8WX93,PALLD,26,28,26,27,3.5906336307525635,0.730744481086731,3,3,3,3,3,3,3,3,3,FALSE,A
Q8WXA3,RUFY2,2,2,2,15,3.128063678741455,0.6423400044441223,0,1,1,2,3,3,2,3,0,FALSE,A
Q8WXA9,SREK1,8,13,8,27,4.555566310882568,0.7658469080924988,3,3,3,3,3,3,3,3,3,FALSE,A
Q8WXB1,METTL21A,1,1,1,19,2.1289706230163574,0.017474250867962837,1,3,2,2,2,2,2,3,2,TRUE,C
Q8WXD5,GEMIN6,6,8,6,27,3.264398694038391,0.7985893785953522,3,3,3,3,3,3,3,3,3,FALSE,A
Q8WXD9,CASKIN1,5,5,5,27,3.223387598991394,0.6186214089393616,3,3,3,3,3,3,3,3,3,FALSE,A
Q8WXE0,CASKIN2,14,14,14,27,2.514948844909668,0.2395937666296959,3,3,3,3,3,3,3,3,3,FALSE,A
Q8WXE1,ATRIP,4,4,4,25,3.2256689071655273,0.305318683385849,2,3,2,3,3,3,3,3,3,FALSE,A
Q8WXE9,STON2,3,3,3,11,2.4263455867767334,0.2669011428952217,0,3,0,0,2,2,1,1,2,FALSE,A
Q8WXF0,SRSF12,7,9,7,27,4.824122905731201,0.7954064309597015,3,3,3,3,3,3,3,3,3,FALSE,A
Q8WXF1,PSPC1,20,29,20,27,5.538191318511963,0.9332965016365051,3,3,3,3,3,3,3,3,3,FALSE,A
Q8WXF7,ATL1,3,4,3,14,2.4782321453094482,0.6258886456489563,0,3,2,2,1,1,1,1,3,FALSE,A
Q8WXG6,MADD,4,4,4,25,2.3709686994552612,0,2,3,2,3,3,3,3,3,3,FALSE,A
Q8WXH0,SYNE2,80,83,80,26,2.825244426727295,0.4730552136898041,2,3,3,3,3,3,3,3,3,FALSE,A
Q8WXI9,GATAD2B,21,27,21,27,5.066044330596924,0.8856959342956543,3,3,3,3,3,3,3,3,3,FALSE,A
Q8WXW3,PIBF1,23,24,23,27,3.6661086082458496,0.7582076191902161,3,3,3,3,3,3,3,3,3,FALSE,A
Q8WXX5,DNAJC9,16,24,16,27,5.689435958862305,0.9530048966407776,3,3,3,3,3,3,3,3,3,FALSE,A
Q8WXX7,AUTS2,10,12,10,27,3.4403610229492188,0.7019073963165283,3,3,3,3,3,3,3,3,3,FALSE,A
Q8WY22,BRI3BP,3,4,3,27,4.662720203399658,0.9115870594978333,3,3,3,3,3,3,3,3,3,FALSE,A
Q8WY36,BBX,22,26,22,27,3.8609730005264282,0.7911181747913361,3,3,3,3,3,3,3,3,3,FALSE,A
Q8WY54,PPM1E,9,9,9,27,3.066415309906006,0.6907445788383484,3,3,3,3,3,3,3,3,3,FALSE,A
Q8WY91,THAP4,4,4,4,27,3.117074489593506,0.4520460367202759,3,3,3,3,3,3,3,3,3,FALSE,A
Q8WYA0,IFT81,21,21,21,27,3.2592185735702515,0.6649763584136963,3,3,3,3,3,3,3,3,3,FALSE,A
Q8WYA6,CTNNBL1,21,28,21,27,4.585676670074463,0.885068416595459,3,3,3,3,3,3,3,3,3,FALSE,A
Q8WYB5,KAT6B,19,20,19,27,3.117640972137451,0.31540465354919434,3,3,3,3,3,3,3,3,3,FALSE,A
Q8WYH8,ING5,5,6,5,27,5.15985107421875,0.9257433414459229,3,3,3,3,3,3,3,3,3,FALSE,A
Q8WYK2,JDP2,3,3,3,13,2.4124670028686523,0.44992509484291077,0,0,0,3,3,2,3,2,0,FALSE,A
Q8WYL5,SSH1,2,2,2,20,1.8383709192276,0,3,3,2,2,3,2,2,1,2,FALSE,A
Q8WYN0,ATG4A,3,3,3,25,3.5150036811828613,0.5226795673370361,2,3,2,3,3,3,3,3,3,FALSE,A
Q8WYP5,AHCTF1,47,52,47,27,4.173312187194824,0.7903853058815002,3,3,3,3,3,3,3,3,3,FALSE,A
Q8WYQ5,DGCR8,14,18,14,27,3.2568817138671875,0.6637376546859741,3,3,3,3,3,3,3,3,3,FALSE,A
Q8WYQ9,ZCCHC14,1,1,1,23,3.353067398071289,0,0,3,2,3,3,3,3,3,3,TRUE,C
Q8WZ74,CTTNBP2,3,3,3,19,3.0274927616119385,0.19053427875041962,1,0,1,3,3,3,3,3,2,FALSE,A
Q8WZ82,OVCA2,6,8,6,27,4.723022937774658,0.8536118865013123,3,3,3,3,3,3,3,3,3,FALSE,A
Q8WZA0,LZIC,7,7,7,27,4.005277156829834,0.8592477738857269,3,3,3,3,3,3,3,3,3,FALSE,A
Q8WZA1,POMGNT1,4,4,4,19,2.196512818336487,0.03625306161120534,1,3,2,3,2,1,3,1,3,FALSE,A
Q8WZA9,IRGQ,13,16,13,27,3.3701748847961426,0.7647074460983276,3,3,3,3,3,3,3,3,3,FALSE,A
Q92466,DDB2,6,6,6,25,3.354334235191345,0.6066308617591858,2,3,3,3,3,3,2,3,3,FALSE,A
Q92484,SMPDL3A,6,7,6,27,2.9200403690338135,0.5983251929283142,3,3,3,3,3,3,3,3,3,FALSE,A
Q92485,SMPDL3B,13,17,13,27,3.4135438203811646,0.7300408780574799,3,3,3,3,3,3,3,3,3,FALSE,A
Q92499,DDX1,40,65,40,27,5.5295469760894775,0.9416013658046722,3,3,3,3,3,3,3,3,3,FALSE,A
Q92504,SLC39A7,1,1,1,6,3.0532066822052,0.7752328515052795,0,2,2,0,1,1,0,0,0,TRUE,C
Q92506,HSD17B8,7,8,7,27,4.206502676010132,0.780750036239624,3,3,3,3,3,3,3,3,3,FALSE,A
Q92520,FAM3C,11,15,12,27,4.408205032348633,0.6279109120368958,3,3,3,3,3,3,3,3,3,FALSE,A
Q92522,H1-10,10,17,10,27,5.732557773590088,0.9473675489425659,3,3,3,3,3,3,3,3,3,FALSE,A
Q92530,PSMF1,8,9,8,27,4.446517467498779,0.8220073580741882,3,3,3,3,3,3,3,3,3,FALSE,A
Q92536,SLC7A6,3,3,3,22,3.0910592079162598,0.731462299823761,0,3,2,3,3,2,3,3,3,FALSE,A
Q92538,GBF1,44,50,44,27,3.4974679946899414,0.6817051768302917,3,3,3,3,3,3,3,3,3,FALSE,A
Q92540,SMG7,11,12,11,25,2.6169331073760986,0.27074551582336426,2,3,2,3,3,3,3,3,3,FALSE,A
Q92541,RTF1,27,33,27,27,4.440612316131592,0.8667024374008179,3,3,3,3,3,3,3,3,3,FALSE,A
Q92542,NCSTN,18,24,18,27,4.712007522583008,0.9306380450725555,3,3,3,3,3,3,3,3,3,FALSE,A
Q92544,TM9SF4,9,10,9,26,3.6029640436172485,0.6629222929477692,2,3,3,3,3,3,3,3,3,FALSE,A
Q92545,TMEM131,7,8,7,26,2.9926183223724365,0.5956020951271057,2,3,3,3,3,3,3,3,3,FALSE,A
Q92547,TOPBP1,32,35,32,27,3.1069259643554688,0.5579763650894165,3,3,3,3,3,3,3,3,3,FALSE,A
Q92551,IP6K1,12,12,12,27,3.2091636657714844,0.7020452618598938,3,3,3,3,3,3,3,3,3,FALSE,A
Q92552,MRPS27,21,26,21,27,4.7265636920928955,0.8979509472846985,3,3,3,3,3,3,3,3,3,FALSE,A
Q92558,WASF1,14,17,14,27,3.3386173248291016,0.6811486482620239,3,3,3,3,3,3,3,3,3,FALSE,A
Q92560,BAP1,14,14,14,27,3.5156277418136597,0.65421062707901,3,3,3,3,3,3,3,3,3,FALSE,A
Q92562,FIG4,2,2,2,14,2.8198397159576416,0.6118394732475281,0,3,2,2,1,2,3,1,0,FALSE,A
Q92564,DCUN1D4,3,3,3,27,3.8082598447799683,0.7903870940208435,3,3,3,3,3,3,3,3,3,FALSE,A
Q92569,PIK3R3,1,1,1,11,2.1617603302001953,0,0,3,2,0,0,0,2,2,2,TRUE,C
Q92572,AP3S1,6,7,6,27,4.152836322784424,0.8068597316741943,3,3,3,3,3,3,3,3,3,FALSE,A
Q92574,TSC1,15,17,15,27,2.8545963764190674,0.5371363759040833,3,3,3,3,3,3,3,3,3,FALSE,A
Q92575,UBXN4,9,12,9,27,4.8814005851745605,0.8439597487449646,3,3,3,3,3,3,3,3,3,FALSE,A
Q92576,PHF3,64,83,64,27,3.9006476402282715,0.8311676979064941,3,3,3,3,3,3,3,3,3,FALSE,A
Q92581,SLC9A6,2,3,2,23,3.2460687160491943,0.6113243699073792,0,3,2,3,3,3,3,3,3,FALSE,A
Q92585,MAML1,12,16,12,27,3.2930450439453125,0.675618588924408,3,3,3,3,3,3,3,3,3,FALSE,A
Q92597,NDRG1,10,14,10,27,3.713627815246582,0.6952634453773499,3,3,3,3,3,3,3,3,3,FALSE,A
Q92598,HSPH1,41,67,41,27,5.379029750823975,0.9444481134414673,3,3,3,3,3,3,3,3,3,FALSE,A
Q92599,SEPTIN8,13,19,13,27,4.394904375076294,0.8581601083278656,3,3,3,3,3,3,3,3,3,FALSE,A
Q92600,CNOT9,12,14,12,27,3.581042528152466,0.7475869655609131,3,3,3,3,3,3,3,3,3,FALSE,A
Q92604,LPGAT1,5,5,5,23,2.906057357788086,0.04362269304692745,0,3,2,3,3,3,3,3,3,FALSE,A
Q92609,TBC1D5,10,10,10,26,2.964930534362793,0.5083400011062622,3,3,2,3,3,3,3,3,3,FALSE,A
Q92610,ZNF592,18,21,18,27,3.208032488822937,0.7056228518486023,3,3,3,3,3,3,3,3,3,FALSE,A
Q92613,JADE3,14,14,14,27,3.4728829860687256,0.6599881947040558,3,3,3,3,3,3,3,3,3,FALSE,A
Q92614,MYO18A,26,27,26,27,2.996922492980957,0.5593513250350952,3,3,3,3,3,3,3,3,3,FALSE,A
Q92615,LARP4B,13,15,13,27,4.084007978439331,0.7890986800193787,3,3,3,3,3,3,3,3,3,FALSE,A
Q92616,GCN1,112,133,112,27,3.795416831970215,0.7963758707046509,3,3,3,3,3,3,3,3,3,FALSE,A
Q92618,ZNF516,21,24,21,27,3.110205054283142,0.5427651703357697,3,3,3,3,3,3,3,3,3,FALSE,A
Q92620,DHX38,37,45,37,27,4.307646036148071,0.7840442359447479,3,3,3,3,3,3,3,3,3,FALSE,A
Q92621,NUP205,52,60,52,27,3.456332206726074,0.6878554821014404,3,3,3,3,3,3,3,3,3,FALSE,A
Q92623,TTC9,3,3,3,24,2.7257277965545654,0.15873107314109802,3,3,3,3,3,3,3,3,0,FALSE,A
Q92625,ANKS1A,13,14,13,27,3.0012829303741455,0.4070530831813812,3,3,3,3,3,3,3,3,3,FALSE,A
Q92626,PXDN,9,9,9,24,2.953089714050293,0.5144732594490051,1,3,2,3,3,3,3,3,3,FALSE,A
Q92636,NSMAF,4,4,4,24,3.0164663791656494,0.792143702507019,1,3,2,3,3,3,3,3,3,FALSE,A
Q92643,PIGK,10,11,10,26,2.8605211973190308,0.6960843205451965,2,3,3,3,3,3,3,3,3,FALSE,A
Q92664,GTF3A,6,8,6,27,2.527244806289673,0.4472440183162689,3,3,3,3,3,3,3,3,3,FALSE,A
Q92665,MRPS31,18,24,18,27,5.21520209312439,0.9293642044067383,3,3,3,3,3,3,3,3,3,FALSE,A
Q92667,AKAP1,23,28,23,27,3.371978759765625,0.63735032081604,3,3,3,3,3,3,3,3,3,FALSE,A
Q92673,SORL1,6,6,6,8,2.704401135444641,0.36074067652225494,1,3,2,1,0,1,0,0,0,FALSE,A
Q92674,CENPI,13,14,13,27,3.3727200031280518,0.6216630935668945,3,3,3,3,3,3,3,3,3,FALSE,A
Q92685,ALG3,1,1,1,23,4.497008323669434,0.6012902855873108,0,3,2,3,3,3,3,3,3,TRUE,B
Q92686,NRGN,2,2,2,27,5.821910381317139,0.9326393604278564,3,3,3,3,3,3,3,3,3,FALSE,A
Q92688,ANP32B,9,13,9,27,5.215456485748291,0.8932050466537476,3,3,3,3,3,3,3,3,3,FALSE,A
Q92692,NECTIN2,13,15,13,27,3.7036638259887695,0.6209944486618042,3,3,3,3,3,3,3,3,3,FALSE,A
Q92696,RABGGTA,11,11,11,26,3.292637586593628,0.43243521451950073,2,3,3,3,3,3,3,3,3,FALSE,A
Q92729,PTPRU,4,4,4,9,3.0117857456207275,0.23568060994148254,3,3,3,0,0,0,0,0,0,FALSE,A
Q92733,PRCC,10,15,10,27,4.789855480194092,0.9393916130065918,3,3,3,3,3,3,3,3,3,FALSE,A
Q92734,TFG,11,16,11,27,4.208798408508301,0.8759336471557617,3,3,3,3,3,3,3,3,3,FALSE,A
Q92738,USP6NL,4,4,4,18,2.3856343030929565,0.13341272994875908,0,0,0,3,3,3,3,3,3,FALSE,A
Q92743,HTRA1,2,2,2,7,2.889113187789917,0.442311555147171,1,3,3,0,0,0,0,0,0,FALSE,A
Q92747,ARPC1A,17,27,17,27,4.301214694976807,0.8919939994812012,3,3,3,3,3,3,3,3,3,FALSE,A
Q92750,TAF4B,2,2,2,16,3.56870174407959,0.7872577905654907,0,0,1,3,2,3,2,3,2,FALSE,A
Q92759,GTF2H4,12,13,12,27,3.0707998275756836,0.744140088558197,3,3,3,3,3,3,3,3,3,FALSE,A
Q92766,RREB1,29,40,29,27,3.442407965660095,0.688772976398468,3,3,3,3,3,3,3,3,3,FALSE,A
Q92769,HDAC2,10,18,10,27,5.6002209186553955,0.9274879693984985,3,3,3,3,3,3,3,3,3,FALSE,A
Q92782,DPF1,5,5,5,27,3.4692955017089844,0.5525811314582825,3,3,3,3,3,3,3,3,3,FALSE,A
Q92783,STAM,15,15,15,27,4.036438941955566,0.7043192982673645,3,3,3,3,3,3,3,3,3,FALSE,A
Q92784,DPF3,5,7,5,24,3.351471424102783,0.7890494465827942,3,2,1,3,3,3,3,3,3,FALSE,A
Q92785,DPF2,22,29,22,27,5.129542350769043,0.9368124604225159,3,3,3,3,3,3,3,3,3,FALSE,A
Q92786,PROX1,7,7,7,27,2.482125401496887,0.3429577946662903,3,3,3,3,3,3,3,3,3,FALSE,A
Q92791,P3H4,7,7,7,27,3.0513229370117188,0.64577484130859375,3,3,3,3,3,3,3,3,3,FALSE,A
Q92793,CREBBP,26,28,26,27,3.8263930082321167,0.779302567243576,3,3,3,3,3,3,3,3,3,FALSE,A
Q92794,KAT6A,36,46,36,27,3.6436712741851807,0.6982627511024475,3,3,3,3,3,3,3,3,3,FALSE,A
Q92796,DLG3,7,8,7,27,3.6555943489074707,0.6788155436515808,3,3,3,3,3,3,3,3,3,FALSE,A
Q92797,SYMPK,52,67,52,27,4.431032657623291,0.86660003662109375,3,3,3,3,3,3,3,3,3,FALSE,A
Q92800,EZH1,1,1,1,25,5.282332897186279,0.703457236289978,3,3,3,2,3,3,3,3,2,TRUE,B
Q92804,TAF15,7,14,7,27,5.724643230438232,0.9332141876220703,3,3,3,3,3,3,3,3,3,FALSE,A
Q92805,GOLGA1,26,30,26,27,3.354363203048706,0.590988278388977,3,3,3,3,3,3,3,3,3,FALSE,A
Q92820,GGH,12,20,12,27,5.866856813430786,0.9539796710014343,3,3,3,3,3,3,3,3,3,FALSE,A
Q92823,NRCAM,5,5,5,27,3.212127208709717,0.10306159406900406,3,3,3,3,3,3,3,3,3,FALSE,A
Q92826,HOXB13,3,3,3,27,3.661723494529724,0.3632042557001114,3,3,3,3,3,3,3,3,3,FALSE,A
Q92830,KAT2A,6,6,6,25,2.7779035568237305,0.1947547122836113,1,3,3,3,3,3,3,3,3,FALSE,A
Q92831,KAT2B,6,7,6,24,2.8744466304779053,0.04186839237809181,1,3,2,3,3,3,3,3,3,FALSE,A
Q92833,JARID2,7,7,7,27,3.367334246635437,0.5821266174316406,3,3,3,3,3,3,3,3,3,FALSE,A
Q92841,DDX17,32,51,32,27,6.174335479736328,0.9694383144378662,3,3,3,3,3,3,3,3,3,FALSE,A
Q92844,TANK,3,3,3,14,2.724766254425049,0,0,0,0,3,3,3,3,1,1,FALSE,A
Q92845,KIFAP3,5,5,5,23,2.2922778129577637,0.6439700424671173,1,3,2,3,3,3,3,3,2,FALSE,A
Q92851,CASP10,2,2,2,26,2.695673942565918,0.47357340157032013,3,3,2,3,3,3,3,3,3,FALSE,A
Q92854,SEMA4D,9,10,9,20,3.566408157348633,0.6899877190589905,3,3,3,1,2,2,3,2,1,FALSE,A
Q92859,NEO1,31,40,31,27,3.3626344203948975,0.6529622972011566,3,3,3,3,3,3,3,3,3,FALSE,A
Q92871,PMM1,8,9,8,27,3.370413064956665,0.21698008477687836,3,3,3,3,3,3,3,3,3,FALSE,A
Q92878,RAD50,57,72,57,27,4.270606756210327,0.82610684633255,3,3,3,3,3,3,3,3,3,FALSE,A
Q92879,CELF1,10,16,10,27,5.458364009857178,0.9283326268196106,3,3,3,3,3,3,3,3,3,FALSE,A
Q92882,OSTF1,7,10,7,27,3.4811060428619385,0.7558497190475464,3,3,3,3,3,3,3,3,3,FALSE,A
Q92888,ARHGEF1,22,24,22,27,3.62813663482666,0.7042028307914734,3,3,3,3,3,3,3,3,3,FALSE,A
Q92889,ERCC4,21,22,21,26,3.247981548309326,0.6103384792804718,2,3,3,3,3,3,3,3,3,FALSE,A
Q92890,UFD1,13,18,13,27,5.686692237854004,0.9247423410415649,3,3,3,3,3,3,3,3,3,FALSE,A
Q92896,GLG1,53,76,53,27,4.589737415313721,0.8820160031318665,3,3,3,3,3,3,3,3,3,FALSE,A
Q92900,UPF1,53,73,53,27,5.003401756286621,0.922380805015564,3,3,3,3,3,3,3,3,3,FALSE,A
Q92905,COPS5,15,21,15,27,4.753371715545654,0.8876640200614929,3,3,3,3,3,3,3,3,3,FALSE,A
Q92908,GATA6,7,9,7,27,5.265443325042725,0.91746786236763,3,3,3,3,3,3,3,3,3,FALSE,A
Q92917,GPKOW,24,33,24,27,4.173534393310547,0.7402176260948181,3,3,3,3,3,3,3,3,3,FALSE,A
Q92922,SMARCC1,25,37,25,27,4.71989107131958,0.8658893704414368,3,3,3,3,3,3,3,3,3,FALSE,A
Q92925,SMARCD2,16,19,16,27,3.9080591201782227,0.756502091884613,3,3,3,3,3,3,3,3,3,FALSE,A
Q92930,RAB8B,3,4,3,27,3.6916885375976563,0.5568565726280212,3,3,3,3,3,3,3,3,3,FALSE,A
Q92934,BAD,6,6,6,27,4.2888712882995605,0.46265213191509247,3,3,3,3,3,3,3,3,3,FALSE,A
Q92945,KHSRP,32,46,32,27,6.328027725219727,0.9668259024620056,3,3,3,3,3,3,3,3,3,FALSE,A
Q92947,GCDH,9,10,9,27,3.745567798614502,0.8744567632675171,3,3,3,3,3,3,3,3,3,FALSE,A
Q92963,RIT1,1,1,1,24,3.4685473442077637,0.6695765554904938,2,2,2,3,3,3,3,3,3,TRUE,C
Q92966,SNAPC3,1,1,1,22,2.275045871734619,0,0,3,2,2,3,3,3,3,3,TRUE,C
Q92968,PEX13,4,4,4,13,2.726434588432312,0.7160248756408691,0,3,2,1,1,0,2,2,2,FALSE,A
Q92973,TNPO1,28,38,28,27,4.362477779388428,0.8572447299957275,3,3,3,3,3,3,3,3,3,FALSE,A
Q92974,ARHGEF2,34,41,34,27,3.872124433517456,0.7943830490112305,3,3,3,3,3,3,3,3,3,FALSE,A
Q92979,EMG1,15,24,15,27,5.344876527786255,0.9262067675590515,3,3,3,3,3,3,3,3,3,FALSE,A
Q92989,CLP1,11,11,11,27,4.026351690292358,0.8095137476921082,3,3,3,3,3,3,3,3,3,FALSE,A
Q92990,GLMN,14,15,14,27,3.696240186691284,0.753780722618103,3,3,3,3,3,3,3,3,3,FALSE,A
Q92993,KAT5,4,4,4,23,2.962827444076538,0.5437172651290894,0,3,3,3,3,2,3,3,3,FALSE,A
Q92994,BRF1,8,8,8,27,3.17187237739563,0.46040570735931396,3,3,3,3,3,3,3,3,3,FALSE,A
Q92995,USP13,14,14,14,27,2.792006731033325,0.596969723701477,3,3,3,3,3,3,3,3,3,FALSE,A
Q92997,DVL3,2,2,2,22,2.961269974708557,0.4999142438173294,0,3,2,3,3,3,3,3,2,FALSE,A
Q93008,USP9X,44,52,44,27,3.0880918502807617,0.6926096677780151,3,3,3,3,3,3,3,3,3,FALSE,A
Q93009,USP7,56,79,56,27,4.371117115020752,0.8621168732643127,3,3,3,3,3,3,3,3,3,FALSE,A
Q93015,NAA80,2,2,2,12,2.879359722137451,0.0885850079357624,0,2,2,2,2,0,1,2,1,FALSE,A
Q93034,CUL5,23,23,23,27,3.723326802253723,0.7797317802906036,3,3,3,3,3,3,3,3,3,FALSE,A
Q93045,STMN2,1,2,1,27,6.3731529712677,0.955206423997879,3,3,3,3,3,3,3,3,3,TRUE,B
Q93050,ATP6V0A1,20,24,20,27,3.761835813522339,0.7158825397491455,3,3,3,3,3,3,3,3,3,FALSE,A
Q93052,LPP,17,25,17,27,4.578329563140869,0.832927942276001,3,3,3,3,3,3,3,3,3,FALSE,A
Q93062,RBPMS,3,4,3,17,3.037766218185425,0.7833840250968933,1,1,1,2,3,3,3,3,0,FALSE,A
Q93063,EXT2,7,8,7,27,2.924255609512329,0.12929804623126984,3,3,3,3,3,3,3,3,3,FALSE,A
Q93073,SECISBP2L,2,2,2,15,2.10808002948761,0.11091417819261551,0,0,0,3,2,3,2,3,2,FALSE,A
Q93074,MED12,23,23,23,23,2.8616185188293457,0.4788692593574524,0,3,2,3,3,3,3,3,3,FALSE,A
Q93075,TATDN2,5,5,5,27,3.031725525856018,0.3906002938747406,3,3,3,3,3,3,3,3,3,FALSE,A
Q93096,PTP4A1,6,8,6,27,3.883622646331787,0.7132664322853088,3,3,3,3,3,3,3,3,3,FALSE,A
Q93100,PHKB,4,4,4,24,3.771898031234741,0.6197992265224457,1,3,2,3,3,3,3,3,3,FALSE,A
Q969E2,SCAMP4,2,2,2,26,4.840189456939697,0.9158447980880737,3,3,3,3,3,3,2,3,3,FALSE,A
Q969E8,TSR2,2,2,2,27,5.011871337890625,0.8134442567825317,3,3,3,3,3,3,3,3,3,FALSE,A
Q969F1,GTF3C6,2,2,2,17,2.9352917671203613,0.41336774826049805,1,3,3,1,2,2,2,0,3,FALSE,A
Q969F2,NKD2,3,3,3,26,2.8912975788116455,0,2,3,3,3,3,3,3,3,3,FALSE,A
Q969F9,HPS3,4,4,4,17,2.3494752645492554,0,0,2,2,3,2,2,1,3,2,FALSE,A
Q969G3,SMARCE1,19,26,19,27,5.03202223777771,0.9047507345676422,3,3,3,3,3,3,3,3,3,FALSE,A
Q969G6,RFK,9,12,9,27,4.104235649108887,0.8483886122703552,3,3,3,3,3,3,3,3,3,FALSE,A
Q969H6,POP5,7,7,7,27,3.34207820892334,0.6540293097496033,3,3,3,3,3,3,3,3,3,FALSE,A
Q969H8,MYDGF,6,11,6,27,4.897886514663696,0.7756710946559906,3,3,3,3,3,3,3,3,3,FALSE,A
Q969J2,ZKSCAN4,13,17,13,27,3.4083027839660645,0.6278112232685089,3,3,3,3,3,3,3,3,3,FALSE,A
Q969J3,BORCS5,10,11,10,27,4.064580202102661,0.8078101277351379,3,3,3,3,3,3,3,3,3,FALSE,A
Q969K3,RNF34,5,5,5,25,2.9613003730773926,0.21468470990657806,3,3,3,3,3,2,3,3,2,FALSE,A
Q969L4,LSM10,2,2,2,24,2.7966548204421997,0.42071786522865295,3,3,2,3,3,2,2,3,3,FALSE,A
Q969M1,TOMM40L,3,4,3,10,3.3272780179977417,0.6656787693500519,1,3,2,0,0,0,0,1,3,FALSE,A
Q969M3,YIPF5,2,2,2,27,5.951606035232544,0.857626348733902,3,3,3,3,3,3,3,3,3,FALSE,A
Q969M7,UBE2F,5,6,5,27,3.72662889957428,0.6368076801300049,3,3,3,3,3,3,3,3,3,FALSE,A
Q969N2,PIGT,12,14,12,26,3.300519108772278,0.7536042630672455,2,3,3,3,3,3,3,3,3,FALSE,A
Q969P0,IGSF8,15,16,15,27,3.3404101133346558,0.7087120115756989,3,3,3,3,3,3,3,3,3,FALSE,A
Q969Q0,RPL36AL,1,1,1,26,3.9321824312210083,0.827922910451889,3,3,3,3,3,2,3,3,3,TRUE,C
Q969Q5,RAB24,10,15,10,27,3.7727396488189697,0.7389022707939148,3,3,3,3,3,3,3,3,3,FALSE,A
Q969Q6,PPP2R3C,1,1,1,23,3.1097633838653564,0.3620566427707672,0,3,2,3,3,3,3,3,3,TRUE,C
Q969R5,L3MBTL2,13,14,13,27,3.2997798919677734,0.5165762901306152,3,3,3,3,3,3,3,3,3,FALSE,A
Q969S3,ZNF622,14,20,14,27,4.405922889709473,0.8521186113357544,3,3,3,3,3,3,3,3,3,FALSE,A
Q969S9,GFM2,12,13,12,26,2.865749955177307,0.6777081787586212,2,3,3,3,3,3,3,3,3,FALSE,A
Q969T3,SNX21,3,3,3,16,3.0607932806015015,0.5274557024240494,0,3,2,1,2,1,2,3,2,FALSE,A
Q969T4,UBE2E3,1,2,1,26,3.073912501335144,0.661730021238327,3,3,3,3,3,2,3,3,3,TRUE,C
Q969T7,NT5C3B,8,8,8,25,3.3017005920410156,0.7317646443843842,2,3,2,3,3,3,3,3,3,FALSE,A
Q969T9,WBP2,7,8,7,27,5.809069633483887,0.9557599425315857,3,3,3,3,3,3,3,3,3,FALSE,A
Q969U7,PSMG2,8,9,8,27,3.868865966796875,0.8338511288166046,3,3,3,3,3,3,3,3,3,FALSE,A
Q969V3,NCLN,21,26,21,27,3.835378885269165,0.8018253147602081,3,3,3,3,3,3,3,3,3,FALSE,A
Q969V5,MUL1,6,6,6,26,2.4988025426864624,0.2350807636976242,3,3,3,3,3,2,3,3,3,FALSE,A
Q969V6,MRTFA,15,16,15,27,4.147364616394043,0.7266441583633423,3,3,3,3,3,3,3,3,3,FALSE,A
Q969W3,VCF1,3,3,3,26,2.2981784343719482,0,3,3,2,3,3,3,3,3,3,FALSE,A
Q969W8,ZNF566,5,5,5,24,2.3263654708862305,0,2,3,2,3,2,3,3,3,3,FALSE,A
Q969X0,RILPL2,1,1,2,2,2.595868468284607,0.5671059042215347,0,2,0,0,0,0,0,0,0,TRUE,C
Q969X5,ERGIC1,11,15,11,27,4.333036184310913,0.8241266012191772,3,3,3,3,3,3,3,3,3,FALSE,A
Q969X6,UTP4,23,30,23,27,4.529232978820801,0.8630853295326233,3,3,3,3,3,3,3,3,3,FALSE,A
Q969Y0,NXPE3,2,2,2,11,2.701841354370117,0.5549542903900146,0,3,3,2,1,0,1,0,1,FALSE,A
Q969Y2,GTPBP3,14,15,14,27,4.069936275482178,0.6764032244682312,3,3,3,3,3,3,3,3,3,FALSE,A
Q969Z0,TBRG4,13,17,13,26,3.6004889011383057,0.7689346075057983,2,3,3,3,3,3,3,3,3,FALSE,A
Q969Z3,MTARC2,7,8,7,27,3.13862943649292,0.6536030769348145,3,3,3,3,3,3,3,3,3,FALSE,A
Q969Z4,RELT,3,3,3,6,3.474001169204712,0.5417000651359558,1,3,2,0,0,0,0,0,0,FALSE,A
Q96A00,PPP1R14A,3,4,3,27,4.319585084915161,0.9201573431491852,3,3,3,3,3,3,3,3,3,FALSE,A
Q96A19,CCDC102A,16,18,16,27,3.4318506717681885,0.7650483846664429,3,3,3,3,3,3,3,3,3,FALSE,A
Q96A26,FAM162A,5,9,5,27,6.407832860946655,0.9765441119670868,3,3,3,3,3,3,3,3,3,FALSE,A
Q96A33,CCDC47,24,37,24,27,4.846612453460693,0.9029071927070618,3,3,3,3,3,3,3,3,3,FALSE,A
Q96A35,MRPL24,13,18,13,27,4.244038105010986,0.8318046629428864,3,3,3,3,3,3,3,3,3,FALSE,A
Q96A37,RNF166,3,3,3,21,2.3674800395965576,0.6496407985687256,3,3,3,3,2,3,3,1,0,FALSE,A
Q96A47,ISL2,6,6,6,27,3.3507821559906006,0.5566900968551636,3,3,3,3,3,3,3,3,3,FALSE,A
Q96A49,SYAP1,10,11,10,27,4.084656238555908,0.7031391859054565,3,3,3,3,3,3,3,3,3,FALSE,A
Q96A54,ADIPOR1,6,7,6,6,3.25961971282959,0.6468210816383362,1,3,2,0,0,0,0,0,0,FALSE,A
Q96A57,TMEM230,3,3,3,24,3.080124855041504,0.7416349053382874,1,3,3,3,3,3,2,3,3,FALSE,A
Q96A65,EXOC4,23,25,23,27,3.2928067445755005,0.6552715301513672,3,3,3,3,3,3,3,3,3,FALSE,A
Q96A73,KIAA1191,11,16,11,27,3.9524409770965576,0.7606338858604431,3,3,3,3,3,3,3,3,3,FALSE,A
Q96AA3,RFT1,2,2,2,26,4.748448848724365,0.7606299519538879,2,3,3,3,3,3,3,3,3,FALSE,A
Q96AB3,ISOC2,8,10,8,27,3.2800976037979126,0.6593905985355377,3,3,3,3,3,3,3,3,3,FALSE,A
Q96AB6,NTAN1,3,3,3,14,2.8483998775482178,0.3694709241390228,2,3,2,1,0,0,2,2,2,FALSE,A
Q96AC1,FERMT2,25,30,25,27,3.7913336753845215,0.7241752445697784,3,3,3,3,3,3,3,3,3,FALSE,A
Q96AE4,FUBP1,26,38,26,27,6.075536012649536,0.9474514424800873,3,3,3,3,3,3,3,3,3,FALSE,A
Q96AE7,TTC17,4,4,4,21,2.87017560005188,0.6611262559890747,0,2,1,3,3,3,3,3,3,FALSE,A
Q96AG4,LRRC59,13,25,13,27,6.352504730224609,0.976510763168335,3,3,3,3,3,3,3,3,3,FALSE,A
Q96AJ1,CLUAP1,1,1,1,11,2.1762733459472656,0,0,1,1,2,1,3,1,1,1,TRUE,C
Q96AJ9,VTI1A,8,9,8,27,3.552783489227295,0.758473813533783,3,3,3,3,3,3,3,3,3,FALSE,A
Q96AP0,ACD,4,4,4,22,2.61297869682312,0,1,3,1,3,3,3,3,3,2,FALSE,A
Q96AP4,ZUP1,1,1,1,6,2.035719573497772,0.16871388047002256,1,3,1,0,0,0,0,0,1,TRUE,C
Q96AP7,ESAM,1,1,1,5,2.6766457557678223,0,3,1,1,0,0,0,0,0,0,TRUE,C
Q96AQ6,PBXIP1,22,30,22,27,5.097110271453857,0.874093234539032,3,3,3,3,3,3,3,3,3,FALSE,A
Q96AQ8,MCUR1,5,6,5,27,3.453650712966919,0.5152895450592041,3,3,3,3,3,3,3,3,3,FALSE,A
Q96AT1,KIAA1143,7,10,7,27,4.073231935501099,0.6167279779911041,3,3,3,3,3,3,3,3,3,FALSE,A
Q96AT9,RPE,2,2,2,21,3.1258556842803955,0.5806311964988708,2,3,1,3,3,2,3,3,1,FALSE,A
Q96AX1,VPS33A,13,15,13,26,3.510723114013672,0.602292537689209,2,3,3,3,3,3,3,3,3,FALSE,A
Q96AY2,EME1,5,5,5,24,3.0729684829711914,0.5582654476165771,1,3,2,3,3,3,3,3,3,FALSE,A
Q96AY3,FKBP10,27,36,27,27,4.522943496704102,0.8471694588661194,3,3,3,3,3,3,3,3,3,FALSE,A
Q96AY4,TTC28,15,16,15,27,2.7862462997436523,0.254532128572464,3,3,3,3,3,3,3,3,3,FALSE,A
Q96B01,RAD51AP1,10,12,10,27,4.835718154907227,0.9011295437812805,3,3,3,3,3,3,3,3,3,FALSE,A
Q96B23,ARK2N,5,6,5,26,3.066359519958496,0.5410047769546509,3,3,3,3,3,3,2,3,3,FALSE,A
Q96B26,EXOSC8,12,17,12,27,3.893847703933716,0.8669835925102234,3,3,3,3,3,3,3,3,3,FALSE,A
Q96B36,AKT1S1,5,6,5,26,3.650771141052246,0.6324312686920166,3,3,3,3,3,3,3,3,2,FALSE,A
Q96B45,BORCS7,3,3,3,25,4.860321998596191,0.9195555150508881,3,3,2,3,3,3,3,3,2,FALSE,A
Q96B54,ZNF428,3,3,3,27,4.8117241859436035,0.7019523978233337,3,3,3,3,3,3,3,3,3,FALSE,A
Q96B67,ARRDC3,2,2,2,5,2.7614883184432983,0.2513166293501854,0,3,2,0,0,0,0,0,0,FALSE,A
Q96B70,LENG9,4,4,4,22,2.7355265617370605,0,0,2,2,3,3,3,3,3,3,FALSE,A
Q96B86,RGMA,1,1,1,3,3.128931760787964,0.7362163066864014,0,2,1,0,0,0,0,0,0,TRUE,C
Q96B97,SH3KBP1,17,19,17,27,3.382694959640503,0.6493468880653381,3,3,3,3,3,3,3,3,3,FALSE,A
Q96BD5,PHF21A,9,9,9,27,3.3099117279052734,0.48344871401786804,3,3,3,3,3,3,3,3,3,FALSE,A
Q96BD8,SKA1,6,7,6,27,3.8390945196151733,0.8450599312782288,3,3,3,3,3,3,3,3,3,FALSE,A
Q96BH1,RNF25,11,15,11,27,3.5872464179992676,0.7941339612007141,3,3,3,3,3,3,3,3,3,FALSE,A
Q96BJ3,AIDA,9,9,9,27,4.4118781089782715,0.856065571308136,3,3,3,3,3,3,3,3,3,FALSE,A
Q96BK5,PINX1,13,19,13,27,5.134495735168457,0.9174044132232666,3,3,3,3,3,3,3,3,3,FALSE,A
Q96BM9,ARL8A,5,7,5,27,5.129824161529541,0.6727516651153564,3,3,3,3,3,3,3,3,3,FALSE,A
Q96BN2,TADA1,5,6,5,26,3.255941390991211,0.5442237257957458,2,3,3,3,3,3,3,3,3,FALSE,A
Q96BN8,OTULIN,16,17,16,27,3.771083354949951,0.7305490374565125,3,3,3,3,3,3,3,3,3,FALSE,A
Q96BP2,CHCHD1,6,9,6,27,4.563568115234375,0.8866608738899231,3,3,3,3,3,3,3,3,3,FALSE,A
Q96BP3,PPWD1,27,36,27,27,3.7261571884155273,0.8350904583930969,3,3,3,3,3,3,3,3,3,FALSE,A
Q96BQ5,CCDC127,5,5,5,26,2.9992825984954834,0.6356333494186401,3,3,3,3,3,2,3,3,3,FALSE,A
Q96BR1,SGK3,5,5,5,25,3.1762588024139404,0.674737274646759,2,3,2,3,3,3,3,3,3,FALSE,A
Q96BR5,COA7,12,18,12,27,4.572258710861206,0.8915896415710449,3,3,3,3,3,3,3,3,3,FALSE,A
Q96BT3,CENPT,10,13,10,27,3.564594268798828,0.7491436004638672,3,3,3,3,3,3,3,3,3,FALSE,A
Q96BT7,ALKBH8,3,3,3,10,2.282191038131714,0.218454048037529,0,3,1,1,1,0,2,1,1,FALSE,A
Q96BU1,S100PBP,8,9,8,27,2.960988998413086,0.3345903605222702,3,3,3,3,3,3,3,3,3,FALSE,A
Q96BV0,ZNF775,10,11,10,27,2.9270076751708984,0.43392787873744965,3,3,3,3,3,3,3,3,3,FALSE,A
Q96BW1,UPRT,4,4,4,27,3.417706251144409,0.7119813561439514,3,3,3,3,3,3,3,3,3,FALSE,A
Q96BW5,PTER,16,20,16,27,3.3462793827056885,0.5406680703163147,3,3,3,3,3,3,3,3,3,FALSE,A
Q96BW9,TAMM41,9,9,9,23,2.779517889022827,0.7093693614006042,1,3,2,3,3,2,3,3,3,FALSE,A
Q96BX8,MOB3A,3,3,3,18,2.1594008207321167,0.07762456312775612,0,3,2,2,2,2,3,3,1,FALSE,A
Q96BY7,ATG2B,17,17,17,25,2.66133189201355,0.29350194334983826,2,3,2,3,3,3,3,3,3,FALSE,A
Q96BY9,SARAF,4,4,4,25,2.9189887046813965,0.018362803384661674,3,3,3,3,1,3,3,3,3,FALSE,A
Q96BZ8,LENG1,10,12,10,27,4.3826584815979,0.9108216762542725,3,3,3,3,3,3,3,3,3,FALSE,A
Q96BZ9,TBC1D20,2,2,2,5,2.8977458477020264,0.5649954676628113,0,3,1,0,0,0,0,0,1,FALSE,A
Q96C00,ZBTB9,3,3,3,16,2.970005989074707,0.1611975133419037,0,1,1,2,2,1,3,3,3,FALSE,A
Q96C01,FAM136A,7,13,7,27,5.547282934188843,0.955196350812912,3,3,3,3,3,3,3,3,3,FALSE,A
Q96C12,ARMC5,2,2,2,24,3.4842923879623413,0.6614708602428436,2,3,2,3,3,3,3,2,3,FALSE,A
Q96C19,EFHD2,11,14,11,27,5.671519756317139,0.9401236772537231,3,3,3,3,3,3,3,3,3,FALSE,A
Q96C23,GALM,10,15,10,27,4.403317928314209,0.9097011089324951,3,3,3,3,3,3,3,3,3,FALSE,A
Q96C24,SYTL4,9,9,9,27,3.1519453525543213,0.45124275982379913,3,3,3,3,3,3,3,3,3,FALSE,A
Q96C34,RUNDC1,2,2,2,19,2.710680842399597,0.08788733929395676,0,3,1,3,3,3,3,3,0,FALSE,A
Q96C36,PYCR2,14,21,14,27,4.800018072128296,0.9000038206577301,3,3,3,3,3,3,3,3,3,FALSE,A
Q96C55,ZNF524,4,4,4,23,3.199325203895569,0.7470152378082275,3,3,3,2,1,2,3,3,3,FALSE,A
Q96C57,CUSTOS,12,17,12,27,5.900068759918213,0.9397273659706116,3,3,3,3,3,3,3,3,3,FALSE,A
Q96C86,DCPS,12,16,12,27,3.9313230514526367,0.7798200845718384,3,3,3,3,3,3,3,3,3,FALSE,A
Q96C90,PPP1R14B,6,9,6,27,4.285385608673096,0.7502524852752686,3,3,3,3,3,3,3,3,3,FALSE,A
Q96C92,ENTR1,2,2,2,4,3.595219373703003,0.6270567774772644,0,0,2,0,0,0,1,1,0,FALSE,A
Q96CB8,INTS12,10,11,10,27,4.3529980182647705,0.7995910346508026,3,3,3,3,3,3,3,3,3,FALSE,A
Q96CB9,NSUN4,7,8,7,27,3.1852974891662598,0.5855096578598022,3,3,3,3,3,3,3,3,3,FALSE,A
Q96CD2,PPCDC,4,4,4,25,3.0991179943084717,0.35613366961479187,3,3,3,3,2,3,3,3,2,FALSE,A
Q96CF2,CHMP4C,8,9,8,27,3.5732483863830566,0.49776044487953186,3,3,3,3,3,3,3,3,3,FALSE,A
Q96CG3,TIFA,3,3,3,11,2.845492124557495,0.802177369594574,3,2,1,1,1,0,3,0,0,FALSE,A
Q96CK0,ZNF653,2,3,2,24,2.726906180381775,0.6771346926689148,2,2,3,3,3,3,2,3,3,FALSE,A
Q96CM3,RPUSD4,5,5,5,22,2.309619665145874,0.5703220665454865,0,3,2,3,3,2,3,3,3,FALSE,A
Q96CM8,ACSF2,19,24,19,27,4.376425743103027,0.7696909308433533,3,3,3,3,3,3,3,3,3,FALSE,A
Q96CN4,EVI5L,2,2,2,20,2.4444761276245117,0.014341801404953003,0,2,2,2,3,3,2,3,3,FALSE,A
Q96CN7,ISOC1,9,14,9,27,4.380171298980713,0.8598901033401489,3,3,3,3,3,3,3,3,3,FALSE,A
Q96CN9,GCC1,13,14,13,27,3.1708478927612305,0.682951807975769,3,3,3,3,3,3,3,3,3,FALSE,A
Q96CP2,FLYWCH2,6,10,6,27,5.490334987640381,0.9127145409584045,3,3,3,3,3,3,3,3,3,FALSE,A
Q96CP7,TLCD1,1,1,1,24,2.785662531852722,0.5282109677791595,1,3,2,3,3,3,3,3,3,TRUE,C
Q96CS2,HAUS1,6,7,6,27,2.5339184999465942,0.12571357190608978,3,3,3,3,3,3,3,3,3,FALSE,A
Q96CS3,FAF2,15,24,15,27,4.409930229187012,0.845492422580719,3,3,3,3,3,3,3,3,3,FALSE,A
Q96CS4,ZNF689,13,15,13,27,3.4679148197174072,0.7596068382263184,3,3,3,3,3,3,3,3,3,FALSE,A
Q96CS7,PLEKHB2,4,5,4,11,3.392884612083435,0.5598611533641815,3,3,3,0,0,0,1,0,1,FALSE,A
Q96CT7,CCDC124,17,27,17,27,5.962216377258301,0.9578989148139954,3,3,3,3,3,3,3,3,3,FALSE,A
Q96CU9,FOXRED1,5,5,5,24,2.8413549661636353,0.2886572480201721,1,3,2,3,3,3,3,3,3,FALSE,A
Q96CV9,OPTN,15,15,15,27,3.0690152645111084,0.3940048813819885,3,3,3,3,3,3,3,3,3,FALSE,A
Q96CW1,AP2M1,21,28,21,27,3.7293660640716553,0.8588317632675171,3,3,3,3,3,3,3,3,3,FALSE,A
Q96CW5,TUBGCP3,5,5,5,23,3.1675323247909546,0.2894047647714615,0,3,2,3,3,3,3,3,3,FALSE,A
Q96CW6,SLC7A6OS,5,5,5,27,3.526444673538208,0.47226420044898987,3,3,3,3,3,3,3,3,3,FALSE,A
Q96CX2,KCTD12,14,15,14,27,5.635293006896973,0.9163560569286346,3,3,3,3,3,3,3,3,3,FALSE,A
Q96CX3,ZNF501,3,3,3,25,2.424307107925415,0.10978085547685623,3,2,3,3,2,3,3,3,3,FALSE,A
Q96D05,FAM241B,2,2,2,27,4.214711666107178,0.5270582884550095,3,3,3,3,3,3,3,3,3,FALSE,A
Q96D09,GPRASP2,13,15,13,27,3.4572486877441406,0.7311203479766846,3,3,3,3,3,3,3,3,3,FALSE,A
Q96D31,ORAI1,2,2,2,14,2.5177273750305176,0.041848402470350266,0,3,2,0,2,2,1,1,3,FALSE,A
Q96D46,NMD3,22,30,22,27,3.8196605443954468,0.7565883696079254,3,3,3,3,3,3,3,3,3,FALSE,A
Q96D53,COQ8B,6,6,6,23,2.792263388633728,0.4242372065782547,2,3,2,3,3,3,3,3,1,FALSE,A
Q96D70,R3HDM4,4,4,4,22,3.4259756803512573,0.3867131620645523,3,3,2,2,3,3,3,3,0,FALSE,A
Q96D71,REPS1,24,27,24,27,3.3587841987609863,0.7015753984451294,3,3,3,3,3,3,3,3,3,FALSE,A
Q96DA2,RAB39B,5,5,5,25,2.689960479736328,0.45356622338294983,2,3,2,3,3,3,3,3,3,FALSE,A
Q96DA6,DNAJC19,6,9,6,27,4.518620491027832,0.899322509765625,3,3,3,3,3,3,3,3,3,FALSE,A
Q96DB5,RMDN1,11,12,11,27,4.302296876907349,0.8592020273208618,3,3,3,3,3,3,3,3,3,FALSE,A
Q96DE0,NUDT16,11,14,11,27,4.689862966537476,0.8592391610145569,3,3,3,3,3,3,3,3,3,FALSE,A
Q96DE5,ANAPC16,2,2,2,18,2.6551722288131714,0.30844423174858093,0,1,1,3,3,3,2,2,3,FALSE,A
Q96DF8,ESS2,16,20,16,27,5.200565338134766,0.8853945136070251,3,3,3,3,3,3,3,3,3,FALSE,A
Q96DG6,CMBL,13,22,13,27,4.239949464797974,0.8701708614826202,3,3,3,3,3,3,3,3,3,FALSE,A
Q96DH6,MSI2,6,7,6,27,5.056817531585693,0.9521124958992004,3,3,3,3,3,3,3,3,3,FALSE,A
Q96DI7,SNRNP40,20,28,20,27,5.546649932861328,0.9310197830200195,3,3,3,3,3,3,3,3,3,FALSE,A
Q96DM3,RMC1,8,8,8,25,3.3954825401306152,0.612526535987854,2,3,2,3,3,3,3,3,3,FALSE,A
Q96DP5,MTFMT,2,2,2,27,2.5453832149505615,0.30410000681877136,3,3,3,3,3,3,3,3,3,FALSE,A
Q96DR7,ARHGEF26,5,5,5,22,2.6226826906204224,0.3234751671552658,0,3,2,2,3,3,3,3,3,FALSE,A
Q96DT6,ATG4C,5,5,5,25,3.7925018072128296,0.7788062989711761,2,3,2,3,3,3,3,3,3,FALSE,A
Q96DT7,ZBTB10,18,18,18,27,3.5190625190734863,0.7073300778865814,3,3,3,3,3,3,3,3,3,FALSE,A
Q96DU7,ITPKC,4,4,4,25,2.6653995513916016,0,3,3,2,3,3,3,3,3,2,FALSE,A
Q96DV4,MRPL38,18,28,18,27,4.556156158447266,0.874898374080658,3,3,3,3,3,3,3,3,3,FALSE,A
Q96DX4,RSPRY1,3,3,3,21,2.2905962467193604,0.7323575615882874,0,3,2,3,3,1,3,3,3,FALSE,A
Q96DX7,TRIM44,2,2,2,7,2.743807792663574,0.5132277607917786,2,3,2,0,0,0,0,0,0,FALSE,A
Q96DY7,MTBP,3,3,3,15,2.770423173904419,0.5098433494567871,0,1,1,3,3,2,3,0,2,FALSE,A
Q96DZ1,ERLEC1,12,14,12,27,3.823894500732422,0.7399093210697174,3,3,3,3,3,3,3,3,3,FALSE,A
Q96E09,PABIR1,4,4,4,16,3.089754819869995,0.5987626910209656,3,3,2,0,0,2,3,2,1,FALSE,A
Q96E11,MRRF,10,13,10,27,4.889430046081543,0.9261982440948486,3,3,3,3,3,3,3,3,3,FALSE,A
Q96E14,RMI2,3,4,3,27,3.8990002870559692,0.7657065987586975,3,3,3,3,3,3,3,3,3,FALSE,A
Q96E22,NUS1,3,3,3,21,2.7448830604553223,0.5621324181556702,0,3,2,3,3,3,2,2,3,FALSE,A
Q96E29,MTERF3,9,9,9,26,2.9404008388519287,0.5110905170440674,2,3,3,3,3,3,3,3,3,FALSE,A
Q96E39,RBMXL1,5,8,5,27,5.365546464920044,0.9644986391067505,3,3,3,3,3,3,3,3,3,FALSE,A
Q96E52,OMA1,5,5,5,27,3.8554643392562866,0.664444774389267,3,3,3,3,3,3,3,3,3,FALSE,A
Q96EA4,SPDL1,21,22,21,27,4.201685905456543,0.7248830795288086,3,3,3,3,3,3,3,3,3,FALSE,A
Q96EB1,ELP4,5,6,5,25,2.7832731008529663,0.6210162937641144,2,3,2,3,3,3,3,3,3,FALSE,A
Q96EB6,SIRT1,13,16,13,27,3.3188631534576416,0.6222215294837952,3,3,3,3,3,3,3,3,3,FALSE,A
Q96EC8,YIPF6,2,2,2,20,3.552339792251587,0.14063866436481476,0,3,2,3,3,1,3,3,2,FALSE,A
Q96ED9,HOOK2,12,14,12,27,3.251366376876831,0.6589877605438232,3,3,3,3,3,3,3,3,3,FALSE,A
Q96EE3,SEH1L,14,21,14,27,4.45042610168457,0.8175577521324158,3,3,3,3,3,3,3,3,3,FALSE,A
Q96EE4,CCDC126,3,3,3,26,3.801509976387024,0.6678124964237213,3,3,3,3,3,3,3,3,2,FALSE,A
Q96EF6,FBXO17,2,2,2,22,2.581853747367859,0,0,3,2,3,3,3,3,2,3,FALSE,A
Q96EH3,MALSU1,3,3,3,24,3.27999210357666,0.487496018409729,3,3,3,3,3,3,2,1,3,FALSE,A
Q96EI5,TCEAL4,10,15,10,27,4.868688106536865,0.9257668852806091,3,3,3,3,3,3,3,3,3,FALSE,A
Q96EK4,THAP11,5,6,5,27,4.393502473831177,0.9036432206630707,3,3,3,3,3,3,3,3,3,FALSE,A
Q96EK5,KIFBP,19,25,19,27,3.9737569093704224,0.8129999935626984,3,3,3,3,3,3,3,3,3,FALSE,A
Q96EK6,GNPNAT1,7,9,7,27,4.939687728881836,0.8737538456916809,3,3,3,3,3,3,3,3,3,FALSE,A
Q96EK7,FAM120B,14,14,14,23,2.775430202484131,0.22659046947956085,0,3,2,3,3,3,3,3,3,FALSE,A
Q96EK9,KTI12,7,7,7,27,2.959068536758423,0.3242354393005371,3,3,3,3,3,3,3,3,3,FALSE,A
Q96EL2,MRPS24,6,7,6,27,3.837714672088623,0.9154733419418335,3,3,3,3,3,3,3,3,3,FALSE,A
Q96EL3,MRPL53,6,10,6,27,5.652641296386719,0.9654260277748108,3,3,3,3,3,3,3,3,3,FALSE,A
Q96EM0,L3HYPDH,2,2,2,24,3.3970236778259277,0.22909203171730042,2,3,3,3,2,3,3,3,2,FALSE,A
Q96EN8,MOCOS,16,16,16,27,3.0176234245300293,0.5717384815216064,3,3,3,3,3,3,3,3,3,FALSE,A
Q96EP0,RNF31,10,10,10,26,2.2709827423095703,0,2,3,3,3,3,3,3,3,3,FALSE,A
Q96EP1,CHFR,3,3,3,21,2.4961583614349365,0,3,3,3,2,1,1,3,3,2,FALSE,A
Q96EP5,DAZAP1,9,18,9,27,5.784090042114258,0.952092707157135,3,3,3,3,3,3,3,3,3,FALSE,A
Q96EQ0,SGTB,6,6,6,18,2.774195671081543,0.24408646672964096,3,3,3,2,2,2,2,1,0,FALSE,A
Q96ER3,SAAL1,7,7,7,27,4.0381622314453125,0.8164341151714325,3,3,3,3,3,3,3,3,3,FALSE,A
Q96ER9,CCDC51,13,17,13,27,4.151999235153198,0.642541229724884,3,3,3,3,3,3,3,3,3,FALSE,A
Q96ES7,SGF29,9,12,9,27,4.356508255004883,0.9031824469566345,3,3,3,3,3,3,3,3,3,FALSE,A
Q96EU6,RRP36,12,17,12,27,5.063365697860718,0.8971823453903198,3,3,3,3,3,3,3,3,3,FALSE,A
Q96EU7,C1GALT1C1,2,2,2,5,2.5404926538467407,0.5618690401315689,0,3,2,0,0,0,0,0,0,FALSE,A
Q96EV2,RBM33,21,28,21,27,4.089584827423096,0.8174518942832947,3,3,3,3,3,3,3,3,3,FALSE,A
Q96EV8,DTNBP1,5,7,5,27,3.076539993286133,0.6602691411972046,3,3,3,3,3,3,3,3,3,FALSE,A
Q96EW2,HSPBAP1,1,1,1,9,2.3877768516540527,0.38399550318717957,1,3,2,0,1,0,0,0,2,TRUE,C
Q96EX1,SMIM12,3,4,3,27,3.672108292579651,0.8720850944519043,3,3,3,3,3,3,3,3,3,FALSE,A
Q96EX3,DYNC2I2,6,6,6,23,2.811650514602661,0.35892248153686523,0,3,2,3,3,3,3,3,3,FALSE,A
Q96EY1,DNAJA3,18,28,18,27,4.511204719543457,0.9276468753814697,3,3,3,3,3,3,3,3,3,FALSE,A
Q96EY4,TMA16,10,17,10,27,4.943547964096069,0.9536391496658325,3,3,3,3,3,3,3,3,3,FALSE,A
Q96EY5,MVB12A,6,6,6,27,4.054429054260254,0.8254916071891785,3,3,3,3,3,3,3,3,3,FALSE,A
Q96EY7,PTCD3,27,37,27,27,4.338802814483643,0.8054337501525879,3,3,3,3,3,3,3,3,3,FALSE,A
Q96EY8,MMAB,13,21,13,27,5.579288482666016,0.9488873481750488,3,3,3,3,3,3,3,3,3,FALSE,A
Q96EY9,ADAT3,2,2,2,26,3.011927843093872,0.44409604370594025,3,3,2,3,3,3,3,3,3,FALSE,A
Q96EZ8,MCRS1,9,9,9,27,3.057480812072754,0.4272163361310959,3,3,3,3,3,3,3,3,3,FALSE,A
Q96F07,CYFIP2,16,17,16,27,3.5624940395355225,0.6455560028553009,3,3,3,3,3,3,3,3,3,FALSE,A
Q96F24,NRBF2,9,14,9,27,3.9241232872009277,0.6839317381381989,3,3,3,3,3,3,3,3,3,FALSE,A
Q96F44,TRIM11,10,11,10,27,3.174686908721924,0.26699841022491455,3,3,3,3,3,3,3,3,3,FALSE,A
Q96F45,ZNF503,11,14,11,27,4.833676815032959,0.8867787718772888,3,3,3,3,3,3,3,3,3,FALSE,A
Q96F46,IL17RA,6,7,6,27,3.1089963912963867,0.19674985110759735,3,3,3,3,3,3,3,3,3,FALSE,A
Q96F63,CCDC97,6,8,6,26,2.6789045333862305,0.675889790058136,3,3,3,3,3,3,2,3,3,FALSE,A
Q96F85,CNRIP1,3,3,3,27,2.9931321144104004,0.5598049163818359,3,3,3,3,3,3,3,3,3,FALSE,A
Q96F86,EDC3,20,25,20,27,4.224309206008911,0.8584409952163696,3,3,3,3,3,3,3,3,3,FALSE,A
Q96FF7,MISP3,3,3,3,14,2.0397088527679443,0,2,0,0,3,3,3,2,1,0,FALSE,A
Q96FF9,CDCA5,9,11,9,27,5.179971933364868,0.9000401198863983,3,3,3,3,3,3,3,3,3,FALSE,A
Q96FJ0,STAMBPL1,7,7,7,26,2.7947816848754883,0.48626938462257385,3,3,3,3,3,2,3,3,3,FALSE,A
Q96FJ2,DYNLL2,2,3,2,27,5.747653484344482,0.9749367833137512,3,3,3,3,3,3,3,3,3,FALSE,A
Q96FK6,WDR89,7,9,7,26,4.346155643463135,0.793987512588501,2,3,3,3,3,3,3,3,3,FALSE,A
Q96FN4,CPNE2,13,16,13,27,4.258368968963623,0.7785463333129883,3,3,3,3,3,3,3,3,3,FALSE,A
Q96FN9,DTD2,3,4,3,26,3.940131187438965,0.8588048815727234,3,3,3,3,3,3,3,3,2,FALSE,A
Q96FQ6,S100A16,2,2,2,2,3.613750696182251,0.7853407859802246,1,0,0,0,0,1,0,0,0,FALSE,A
Q96FS4,SIPA1,10,10,10,25,2.8564910888671875,0.3741012513637543,2,3,2,3,3,3,3,3,3,FALSE,A
Q96FV2,SCRN2,7,9,7,27,3.101017951965332,0.4363228678703308,3,3,3,3,3,3,3,3,3,FALSE,A
Q96FV9,THOC1,30,37,30,27,4.3975300788879395,0.828373372554779,3,3,3,3,3,3,3,3,3,FALSE,A
Q96FW1,OTUB1,13,18,13,27,5.362276077270508,0.9295728206634521,3,3,3,3,3,3,3,3,3,FALSE,A
Q96FX7,TRMT61A,7,12,7,27,3.5627453327178955,0.8009355664253235,3,3,3,3,3,3,3,3,3,FALSE,A
Q96FZ2,HMCES,15,16,15,27,3.7491774559020996,0.7217301726341248,3,3,3,3,3,3,3,3,3,FALSE,A
Q96FZ7,CHMP6,9,12,9,27,5.496431350708008,0.9692265391349792,3,3,3,3,3,3,3,3,3,FALSE,A
Q96G01,BICD1,3,4,3,19,2.253558397293091,0,2,3,3,2,2,1,3,2,1,FALSE,A
Q96G03,PGM2,29,41,29,27,3.91106641292572,0.7984930276870728,3,3,3,3,3,3,3,3,3,FALSE,A
Q96G21,IMP4,13,15,13,27,4.216614246368408,0.7708200514316559,3,3,3,3,3,3,3,3,3,FALSE,A
Q96G23,CERS2,6,8,6,27,4.202632188796997,0.8155213594436646,3,3,3,3,3,3,3,3,3,FALSE,A
Q96G25,MED8,7,13,7,27,3.866823196411133,0.7065912485122681,3,3,3,3,3,3,3,3,3,FALSE,A
Q96G28,CFAP36,8,9,8,27,3.3823955059051514,0.7344059348106384,3,3,3,3,3,3,3,3,3,FALSE,A
Q96G46,DUS3L,21,22,21,27,3.2559587955474854,0.6636113226413727,3,3,3,3,3,3,3,3,3,FALSE,A
Q96G61,NUDT11,2,2,2,23,3.0108731985092163,0.3733031451702118,3,1,1,3,3,3,3,3,3,FALSE,A
Q96G74,OTUD5,14,17,14,27,3.752511501312256,0.6667178869247437,3,3,3,3,3,3,3,3,3,FALSE,A
Q96G97,BSCL2,2,2,2,19,2.841400980949402,0,1,3,2,3,2,3,1,1,3,FALSE,A
Q96GA3,LTV1,16,21,16,27,4.82951545715332,0.8521173596382141,3,3,3,3,3,3,3,3,3,FALSE,A
Q96GA7,SDSL,7,8,7,26,3.1200567483901978,0.7375843226909637,3,3,2,3,3,3,3,3,3,FALSE,A
Q96GC5,MRPL48,4,6,4,27,5.649731636047363,0.9164714813232422,3,3,3,3,3,3,3,3,3,FALSE,A
Q96GC6,ZNF274,1,1,1,24,1.9715786576271057,0,3,2,1,3,3,3,3,3,3,TRUE,C
Q96GC9,VMP1,2,2,2,22,3.5401358604431152,0.7828109860420227,2,3,2,3,3,3,2,2,2,FALSE,A
Q96GD0,PDXP,13,17,13,27,4.458547592163086,0.8806557655334473,3,3,3,3,3,3,3,3,3,FALSE,A
Q96GD3,SCMH1,9,10,9,26,2.693483591079712,0,2,3,3,3,3,3,3,3,3,FALSE,A
Q96GD4,AURKB,15,18,15,27,4.270665645599365,0.832914412021637,3,3,3,3,3,3,3,3,3,FALSE,A
Q96GE4,CEP95,2,2,2,14,2.607337474822998,0,0,3,0,2,1,3,3,1,1,FALSE,A
Q96GE5,ZNF799,1,1,1,5,2.157611846923828,0.37537235021591187,0,3,0,1,1,0,0,0,0,TRUE,C
Q96GG9,DCUN1D1,9,11,9,27,4.331426382064819,0.848941445350647,3,3,3,3,3,3,3,3,3,FALSE,A
Q96GI7,FAM89A,3,4,3,27,3.6835145950317383,0.8243648409843445,3,3,3,3,3,3,3,3,3,FALSE,A
Q96GJ1,TRMT2B,2,2,2,16,2.132711410522461,0.6432835757732391,0,1,2,3,2,2,1,2,3,FALSE,A
Q96GK7,FAHD2A,3,4,3,27,5.748671054840088,0.9497706890106201,3,3,3,3,3,3,3,3,3,FALSE,A
Q96GM5,SMARCD1,19,24,19,27,4.3469672203063965,0.8326612114906311,3,3,3,3,3,3,3,3,3,FALSE,A
Q96GM8,TOE1,15,17,15,27,4.2121901512146,0.7708868384361267,3,3,3,3,3,3,3,3,3,FALSE,A
Q96GN5,CDCA7L,11,12,11,27,4.033633232116699,0.7369582056999207,3,3,3,3,3,3,3,3,3,FALSE,A
Q96GP6,SCARF2,13,13,13,27,3.7598869800567627,0.5163640379905701,3,3,3,3,3,3,3,3,3,FALSE,A
Q96GQ5,RUSF1,2,2,2,22,2.771040201187134,0,1,3,2,3,3,3,1,3,3,FALSE,A
Q96GQ7,DDX27,35,48,35,27,4.851568222045898,0.8864984512329102,3,3,3,3,3,3,3,3,3,FALSE,A
Q96GR4,ZDHHC12,2,2,2,11,4.503890037536621,0.6781956851482391,3,3,3,1,0,0,1,0,0,FALSE,A
Q96GS4,BORCS6,10,14,10,27,3.744150400161743,0.7314475774765015,3,3,3,3,3,3,3,3,3,FALSE,A
Q96GV9,MACIR,3,3,3,27,2.3043041229248047,0.4790757894515991,3,3,3,3,3,3,3,3,3,FALSE,A
Q96GW9,MARS2,9,9,9,25,2.759246826171875,0.68715900182724,1,3,3,3,3,3,3,3,3,FALSE,A
Q96GX2,ATXN7L3B,2,3,2,27,3.7742444276809692,0.6125086843967438,3,3,3,3,3,3,3,3,3,FALSE,A
Q96GX5,MASTL,8,9,8,27,3.0727269649505615,0.6560612320899963,3,3,3,3,3,3,3,3,3,FALSE,A
Q96GX9,APIP,12,19,12,27,4.143465518951416,0.8059937655925751,3,3,3,3,3,3,3,3,3,FALSE,A
Q96GY0,ZC2HC1A,15,19,15,27,4.185319662094116,0.8175998330116272,3,3,3,3,3,3,3,3,3,FALSE,A
Q96GY3,LIN37,6,8,6,27,4.265563249588013,0.7931300699710846,3,3,3,3,3,3,3,3,3,FALSE,A
Q96GZ6,SLC41A3,2,2,2,13,2.0749683380126953,0,0,1,2,2,2,0,1,2,3,FALSE,A
Q96H20,SNF8,6,8,6,27,3.6499204635620117,0.8473888039588928,3,3,3,3,3,3,3,3,3,FALSE,A
Q96H22,CENPN,10,12,10,26,3.054304838180542,0.6505373120307922,2,3,3,3,3,3,3,3,3,FALSE,A
Q96H35,RBM18,1,1,1,17,2.49564790725708,0.7069045901298523,0,0,0,3,2,3,3,3,3,TRUE,C
Q96H79,ZC3HAV1L,9,14,9,27,4.387609243392944,0.8701596260070801,3,3,3,3,3,3,3,3,3,FALSE,A
Q96HA1,POM121,3,4,3,24,2.570969581604004,0.137685626745224,1,3,3,3,3,3,3,3,2,FALSE,A
Q96HA4,C1orf159,2,2,2,14,2.961859941482544,0,3,3,3,0,2,0,1,0,2,FALSE,A
Q96HA7,TONSL,23,25,23,27,3.2500669956207275,0.5322602689266205,3,3,3,3,3,3,3,3,3,FALSE,A
Q96HB5,CCDC120,1,1,1,8,2.4280245304107666,0,0,0,0,3,1,3,0,1,0,TRUE,C
Q96HC4,PDLIM5,24,38,24,27,5.298179626464844,0.9386458396911621,3,3,3,3,3,3,3,3,3,FALSE,A
Q96HD1,CRELD1,8,8,8,27,3.402573585510254,0.632720947265625,3,3,3,3,3,3,3,3,3,FALSE,A
Q96HE7,ERO1A,23,37,23,27,5.042374134063721,0.9185784459114075,3,3,3,3,3,3,3,3,3,FALSE,A
Q96HI0,SENP5,2,2,2,22,2.371162176132202,0,0,3,2,3,3,3,2,3,3,FALSE,A
Q96HJ9,FMC1,2,3,2,27,3.772871494293213,0,3,3,3,3,3,3,3,3,3,FALSE,A
Q96HN2,AHCYL2,6,6,6,27,2.85769259929657,0.5110945403575897,3,3,3,3,3,3,3,3,3,FALSE,A
Q96HP4,OXNAD1,3,3,3,23,2.750053882598877,0.7267722487449646,1,3,3,3,3,3,1,3,3,FALSE,A
Q96HR3,MED30,7,7,7,27,4.2815101146698,0.9063732624053955,3,3,3,3,3,3,3,3,3,FALSE,A
Q96HR8,NAF1,4,4,4,27,3.8428754806518555,0.8682326078414917,3,3,3,3,3,3,3,3,3,FALSE,A
Q96HR9,REEP6,3,3,3,27,3.8672924041748047,0.8692293763160706,3,3,3,3,3,3,3,3,3,FALSE,A
Q96HS1,PGAM5,15,21,15,27,4.6061506271362305,0.9055303335189819,3,3,3,3,3,3,3,3,3,FALSE,A
Q96HV5,TMEM41A,2,3,2,24,3.544315814971924,0.762244701385498,2,3,3,3,3,3,2,2,3,FALSE,A
Q96HW7,INTS4,27,32,27,26,3.330367088317871,0.6662155389785767,2,3,3,3,3,3,3,3,3,FALSE,A
Q96HY6,DDRGK1,7,13,7,27,5.852261543273926,0.9626556634902954,3,3,3,3,3,3,3,3,3,FALSE,A
Q96HY7,DHTKD1,21,25,21,27,3.1476622819900513,0.784877359867096,3,3,3,3,3,3,3,3,3,FALSE,A
Q96I15,SCLY,16,22,16,27,3.3594915866851807,0.765056312084198,3,3,3,3,3,3,3,3,3,FALSE,A
Q96I23,PYURF,1,1,1,14,3.2460654973983765,0.7486317157745361,1,0,1,3,2,1,3,2,1,TRUE,C
Q96I24,FUBP3,29,39,29,27,5.069075584411621,0.8980489373207092,3,3,3,3,3,3,3,3,3,FALSE,A
Q96I25,RBM17,18,23,18,27,5.28141713142395,0.9184063673019409,3,3,3,3,3,3,3,3,3,FALSE,A
Q96I36,COX14,2,3,2,25,3.2932376861572266,0.6980975270271301,3,3,3,3,3,2,2,3,3,FALSE,A
Q96I51,RCC1L,13,15,13,27,3.2144120931625366,0.5389161109924316,3,3,3,3,3,3,3,3,3,FALSE,A
Q96I59,NARS2,19,21,19,27,3.520078182220459,0.6635236740112305,3,3,3,3,3,3,3,3,3,FALSE,A
Q96I76,GPATCH3,2,2,2,5,2.071793794631958,0.789706826210022,2,1,0,0,0,1,0,1,0,FALSE,A
Q96I99,SUCLG2,23,30,23,27,5.316235303878784,0.930801123380661,3,3,3,3,3,3,3,3,3,FALSE,A
Q96IF1,AJUBA,4,4,4,26,3.370657205581665,0,3,3,2,3,3,3,3,3,3,FALSE,A
Q96IG2,FBXL20,2,2,2,25,3.685273051261902,0.6100538969039917,2,3,2,3,3,3,3,3,3,FALSE,A
Q96II8,LRCH3,11,11,11,23,2.925556182861328,0.7001184821128845,0,3,2,3,3,3,3,3,3,FALSE,A
Q96IJ6,GMPPA,11,11,11,27,4.263257026672363,0.8810296952724457,3,3,3,3,3,3,3,3,3,FALSE,A
Q96IK1,BOD1,4,5,5,22,3.2319374084472656,0.5635544955730438,3,3,2,3,3,3,3,2,0,FALSE,A
Q96IQ9,ZNF414,2,2,2,27,3.689616322517395,0.8917952477931976,3,3,3,3,3,3,3,3,3,FALSE,A
Q96IR2,ZNF845,1,1,1,13,2.586904525756836,0.14992386102676392,0,0,2,2,2,1,2,1,3,TRUE,C
Q96IT1,ZNF496,1,1,1,7,2.5789620876312256,0.768247663974762,0,0,0,1,2,2,0,1,1,TRUE,C
Q96IU2,ZBED3,2,2,2,24,3.782405138015747,0.7498440146446228,3,3,3,3,3,3,3,3,0,FALSE,A
Q96IU4,ABHD14B,7,12,7,27,4.449389219284058,0.8267319798469543,3,3,3,3,3,3,3,3,3,FALSE,A
Q96IV0,NGLY1,14,15,14,27,3.431859612464905,0.5948843955993652,3,3,3,3,3,3,3,3,3,FALSE,A
Q96IW7,SEC22A,1,1,1,12,3.12034273147583,0,0,1,1,3,2,0,1,2,2,TRUE,C
Q96IX5,ATP5MK,5,7,5,27,5.733080148696899,0.888230711221695,3,3,3,3,3,3,3,3,3,FALSE,A
Q96IY1,NSL1,11,16,11,27,4.229849815368652,0.8655456900596619,3,3,3,3,3,3,3,3,3,FALSE,A
Q96IZ0,PAWR,13,14,13,27,4.250175952911377,0.8920879364013672,3,3,3,3,3,3,3,3,3,FALSE,A
Q96IZ5,RBM41,5,5,5,25,2.917895793914795,0.21818728744983673,2,3,3,3,3,3,3,2,3,FALSE,A
Q96IZ7,RSRC1,9,14,9,27,5.340856075286865,0.9132267236709595,3,3,3,3,3,3,3,3,3,FALSE,A
Q96J01,THOC3,13,22,13,27,4.744376182556152,0.8690395951271057,3,3,3,3,3,3,3,3,3,FALSE,A
Q96J02,ITCH,19,23,19,27,3.290266513824463,0.7824431359767914,3,3,3,3,3,3,3,3,3,FALSE,A
Q96J42,TXNDC15,5,7,5,27,3.2540149688720703,0.742250382900238,3,3,3,3,3,3,3,3,3,FALSE,A
Q96J84,KIRREL1,9,9,9,27,2.769383668899536,0,3,3,3,3,3,3,3,3,3,FALSE,A
Q96JA1,LRIG1,17,17,17,27,2.800107479095459,0.4536612033843994,3,3,3,3,3,3,3,3,3,FALSE,A
Q96JA3,PLEKHA8,1,1,1,1,2.339250326156616,0,0,0,0,0,0,0,1,0,0,TRUE,C
Q96JB2,COG3,4,4,4,23,2.7241857051849365,0.412745863199234,0,3,2,3,3,3,3,3,3,FALSE,A
Q96JB3,HIC2,8,9,8,27,3.1948490142822266,0.709033191204071,3,3,3,3,3,3,3,3,3,FALSE,A
Q96JB5,CDK5RAP3,13,16,13,27,4.007412910461426,0.7831660211086273,3,3,3,3,3,3,3,3,3,FALSE,A
Q96JC1,VPS39,11,11,11,23,2.5355926752090454,0.36383098363876343,0,3,2,3,3,3,3,3,3,FALSE,A
Q96JC9,EAF1,6,7,6,27,3.709491014480591,0.737910807132721,3,3,3,3,3,3,3,3,3,FALSE,A
Q96JD6,AKR1E2,1,1,1,26,5.2739739418029785,0.8587175011634827,3,3,2,3,3,3,3,3,3,TRUE,B
Q96JF6,ZNF594,3,3,3,27,4.528444290161133,0.8659279048442841,3,3,3,3,3,3,3,3,3,FALSE,A
Q96JG6,VPS50,8,8,8,24,2.664328694343567,0.2592661529779434,1,3,2,3,3,3,3,3,3,FALSE,A
Q96JG8,MAGED4B,9,9,9,27,3.291328191757202,0.5221124887466431,3,3,3,3,3,3,3,3,3,FALSE,A
Q96JH7,VCPIP1,19,20,19,27,3.1453731060028076,0.46546387672424316,3,3,3,3,3,3,3,3,3,FALSE,A
Q96JJ3,ELMO2,7,7,7,25,2.9378159046173096,0.5129210948944092,1,3,3,3,3,3,3,3,3,FALSE,A
Q96JJ7,TMX3,13,14,13,27,4.386543035507202,0.8336966335773468,3,3,3,3,3,3,3,3,3,FALSE,A
Q96JK2,DCAF5,10,10,10,26,2.7287038564682007,0.01351203117519617,2,3,3,3,3,3,3,3,3,FALSE,A
Q96JM3,CHAMP1,34,46,34,27,4.050589561462402,0.7839238047599792,3,3,3,3,3,3,3,3,3,FALSE,A
Q96JM7,L3MBTL3,12,12,12,27,3.3132060766220093,0.6936846375465393,3,3,3,3,3,3,3,3,3,FALSE,A
Q96JN0,LCOR,8,8,8,27,2.7032034397125244,0.17951615154743195,3,3,3,3,3,3,3,3,3,FALSE,A
Q96JN8,NEURL4,11,12,11,23,2.8107184171676636,0.18532389402389526,1,3,2,3,3,3,2,3,3,FALSE,A
Q96JP5,ZFP91,10,14,10,27,4.263586044311523,0.7684663534164429,3,3,3,3,3,3,3,3,3,FALSE,A
Q96JQ2,CLMN,7,7,7,25,2.651481032371521,0.49155038595199585,2,3,2,3,3,3,3,3,3,FALSE,A
Q96JY6,PDLIM2,6,7,6,23,3.143476963043213,0.26738497614860535,3,3,3,3,3,3,3,2,0,FALSE,A
Q96K17,BTF3L4,5,8,5,27,5.977797031402588,0.9634900689125061,3,3,3,3,3,3,3,3,3,FALSE,A
Q96K19,RNF170,4,4,4,23,3.1708974838256836,0.6416589617729187,0,3,2,3,3,3,3,3,3,FALSE,A
Q96K21,ZFYVE19,12,14,12,27,3.843751907348633,0.6731622219085693,3,3,3,3,3,3,3,3,3,FALSE,A
Q96K30,RITA1,2,2,2,15,2.7942545413970947,0.5477959513664246,0,1,0,3,3,3,3,2,0,FALSE,A
Q96K37,SLC35E1,3,3,3,23,2.963768482208252,0.3296096622943878,0,3,2,3,3,3,3,3,3,FALSE,A
Q96K58,ZNF668,12,15,12,27,3.420610189437866,0.6892977952957153,3,3,3,3,3,3,3,3,3,FALSE,A
Q96K76,USP47,26,27,26,27,3.3847060203552246,0.5667104721069336,3,3,3,3,3,3,3,3,3,FALSE,A
Q96K80,ZC3H10,8,9,8,27,3.2957603931427,0.552420437335968,3,3,3,3,3,3,3,3,3,FALSE,A
Q96K83,ZNF521,2,2,2,18,2.5896074771881104,0,2,3,3,2,0,2,3,2,1,FALSE,A
Q96KA5,CLPTM1L,5,5,5,26,3.392024040222168,0.8652588129043579,2,3,3,3,3,3,3,3,3,FALSE,A
Q96KB5,PBK,12,17,12,27,4.8138813972473145,0.8342142105102539,3,3,3,3,3,3,3,3,3,FALSE,A
Q96KC2,ARL5B,2,2,2,6,3.5142117738723755,0.37436728179454803,2,1,0,0,1,0,2,0,0,FALSE,A
Q96KC8,DNAJC1,14,15,14,27,4.073819398880005,0.838510274887085,3,3,3,3,3,3,3,3,3,FALSE,A
Q96KF7,SMIM8,3,4,3,27,3.7024285793304443,0.8670497536659241,3,3,3,3,3,3,3,3,3,FALSE,A
Q96KG9,SCYL1,21,24,21,27,3.5724880695343018,0.80805504322052,3,3,3,3,3,3,3,3,3,FALSE,A
Q96KM6,ZNF512B,23,32,23,27,4.629035472869873,0.8281084299087524,3,3,3,3,3,3,3,3,3,FALSE,A
Q96KN1,LRATD2,10,12,10,26,3.3190999031066895,0.6790100932121277,2,3,3,3,3,3,3,3,3,FALSE,A
Q96KN3,PKNOX2,1,1,1,9,3.3811328411102295,0.3751526474952698,2,3,3,0,0,0,0,0,1,TRUE,C
Q96KP1,EXOC2,11,11,11,26,3.6110150814056396,0.6932030916213989,2,3,3,3,3,3,3,3,3,FALSE,A
Q96KP4,CNDP2,24,35,24,27,4.6415629386901855,0.8488340377807617,3,3,3,3,3,3,3,3,3,FALSE,A
Q96KQ4,PPP1R13B,18,19,18,27,3.527669906616211,0.5126482248306274,3,3,3,3,3,3,3,3,3,FALSE,A
Q96KQ7,EHMT2,30,36,30,27,3.826239824295044,0.625637412071228,3,3,3,3,3,3,3,3,3,FALSE,A
Q96KR1,ZFR,37,55,37,27,5.209789514541626,0.928793877363205,3,3,3,3,3,3,3,3,3,FALSE,A
Q96KR6,FAM210B,2,2,2,17,4.254136562347412,0.7701241374015808,2,3,2,2,2,1,2,2,1,FALSE,A
Q96KV6,BTN2A3P,1,1,1,5,3.897005319595337,0.7663902044296265,0,0,0,1,2,0,1,0,1,TRUE,C
Q96L15,ART5,2,2,2,15,3.022948741912842,0.28542378544807434,1,3,3,1,0,2,2,1,2,FALSE,A
Q96L21,RPL10L,1,1,1,27,3.839354991912842,0,3,3,3,3,3,3,3,3,3,TRUE,C
Q96L50,LRR1,2,2,2,4,3.0614993572235107,0.16111594438552856,0,0,0,0,0,0,1,2,1,FALSE,A
Q96L58,B3GALT6,7,8,7,27,3.6682052612304688,0.6529093980789185,3,3,3,3,3,3,3,3,3,FALSE,A
Q96L73,NSD1,53,60,53,27,3.357041597366333,0.6639823317527771,3,3,3,3,3,3,3,3,3,FALSE,A
Q96L91,EP400,43,46,43,27,3.3361220359802246,0.5988213419914246,3,3,3,3,3,3,3,3,3,FALSE,A
Q96L92,SNX27,19,23,19,27,3.593285083770752,0.7401978671550751,3,3,3,3,3,3,3,3,3,FALSE,A
Q96L93,KIF16B,3,4,3,21,5.192747592926025,0.8742403388023376,0,3,2,3,3,3,3,2,2,FALSE,A
Q96LA8,PRMT6,5,5,5,27,2.750602960586548,0.39425498247146606,3,3,3,3,3,3,3,3,3,FALSE,A
Q96LB3,IFT74,28,31,28,27,3.733891725540161,0.6156867146492004,3,3,3,3,3,3,3,3,3,FALSE,A
Q96LD8,SENP8,1,1,1,18,2.3954838514328003,0.40264640748500824,0,3,2,2,3,1,3,3,1,TRUE,C
Q96LJ7,DHRS1,2,2,2,20,2.85870361328125,0.5673692226409912,0,3,2,1,3,2,3,3,3,FALSE,A
Q96LT7,C9orf72,2,2,2,11,2.6261550188064575,0.7186062633991241,0,3,2,1,0,0,2,2,1,FALSE,A
Q96LT9,RNPC3,16,17,16,27,3.6829745769500732,0.7584604620933533,3,3,3,3,3,3,3,3,3,FALSE,A
Q96LW7,CARD19,4,4,4,27,3.4086368083953857,0.4329489767551422,3,3,3,3,3,3,3,3,3,FALSE,A
Q96LX8,ZNF597,1,1,1,20,2.80679988861084,0.7961856424808502,2,1,0,3,3,2,3,3,3,TRUE,C
Q96M27,PRRC1,10,14,10,27,4.306256294250488,0.8690087795257568,3,3,3,3,3,3,3,3,3,FALSE,A
Q96M89,CCDC138,2,2,3,4,2.2287001609802246,0.45511139184236526,2,1,0,0,0,1,0,0,0,FALSE,A
Q96M94,KLHL15,11,11,11,26,2.457976818084717,0.46778497099876404,3,3,2,3,3,3,3,3,3,FALSE,A
Q96M96,FGD4,1,1,1,11,2.5826101303100586,0,2,3,2,0,0,0,2,2,0,TRUE,C
Q96MD7,C9orf85,1,1,1,25,4.313703536987305,0.7939125299453735,3,2,2,3,3,3,3,3,3,TRUE,B
Q96ME1,FBXL18,6,6,6,23,2.7417986392974854,0.3505784273147583,0,3,2,3,3,3,3,3,3,FALSE,A
Q96ME7,ZNF512,23,38,23,27,4.9942193031311035,0.8845418095588684,3,3,3,3,3,3,3,3,3,FALSE,A
Q96MF7,NSMCE2,9,13,9,27,4.476218938827515,0.8167233169078827,3,3,3,3,3,3,3,3,3,FALSE,A
Q96MG7,NSMCE3,16,18,16,27,4.1929521560668945,0.855973482131958,3,3,3,3,3,3,3,3,3,FALSE,A
Q96MH2,HEXIM2,5,5,5,27,3.8259336948394775,0.23978447914123535,3,3,3,3,3,3,3,3,3,FALSE,A
Q96MH6,TMEM68,1,1,1,23,3.652949810028076,0.6781172752380371,1,3,2,3,3,3,2,3,3,TRUE,C
Q96MM7,HS6ST2,9,11,9,26,2.8580111265182495,0.12805268540978432,3,3,3,3,3,3,2,3,3,FALSE,A
Q96MN5,TCEANC2,2,2,2,20,2.7154455184936523,0.7825183272361755,2,3,2,2,3,1,2,2,3,FALSE,A
Q96MT8,CEP63,6,6,6,21,2.6265721321105957,0.13214530050754547,0,3,1,3,3,3,3,3,2,FALSE,A
Q96MU7,YTHDC1,17,21,17,27,4.4852824211120605,0.9393039345741272,3,3,3,3,3,3,3,3,3,FALSE,A
Q96MW1,CCDC43,9,12,9,27,5.59165358543396,0.9387233257293701,3,3,3,3,3,3,3,3,3,FALSE,A
Q96MW5,COG8,8,10,8,25,2.9411087036132813,0.14434651285409927,2,3,2,3,3,3,3,3,3,FALSE,A
Q96MX3,ZNF48,10,16,10,27,3.6544203758239746,0.7499673068523407,3,3,3,3,3,3,3,3,3,FALSE,A
Q96MX6,DNAAF10,10,10,10,27,2.7060370445251465,0.3840440809726715,3,3,3,3,3,3,3,3,3,FALSE,A
Q96MY1,NOL4L,1,1,1,9,3.790583610534668,0.7994519472122192,0,0,0,2,2,3,1,1,0,TRUE,C
Q96N06,SPATA33,6,8,6,27,3.4637680053710938,0.7396813631057739,3,3,3,3,3,3,3,3,3,FALSE,A
Q96N11,INTS15,6,7,6,24,2.7577924728393555,0.4507337957620621,1,3,2,3,3,3,3,3,3,FALSE,A
Q96N21,TEPSIN,9,9,9,27,2.7693703174591064,0.46101275086402893,3,3,3,3,3,3,3,3,3,FALSE,A
Q96N38,ZNF714,1,1,1,5,3.2941176891326904,0.6927076578140259,0,0,0,2,0,0,1,1,1,TRUE,C
Q96N46,TTC14,13,14,13,27,3.2375571727752686,0.6295979022979736,3,3,3,3,3,3,3,3,3,FALSE,A
Q96N64,PWWP2A,7,8,7,27,3.7657361030578613,0.5504800081253052,3,3,3,3,3,3,3,3,3,FALSE,A
Q96N66,MBOAT7,6,6,6,26,3.7376043796539307,0.7513148188591003,2,3,3,3,3,3,3,3,3,FALSE,A
Q96N67,DOCK7,43,48,43,26,3.3481223583221436,0.6817717552185059,2,3,3,3,3,3,3,3,3,FALSE,A
Q96NB1,CEP20,4,5,4,26,3.2925281524658203,0.5988213419914246,3,3,3,3,3,3,3,3,2,FALSE,A
Q96NB3,ZNF830,13,18,13,27,4.095828056335449,0.8044583201408386,3,3,3,3,3,3,3,3,3,FALSE,A
Q96NC0,ZMAT2,6,8,6,27,3.938645839691162,0.7546568512916565,3,3,3,3,3,3,3,3,3,FALSE,A
Q96ND0,FAM210A,1,2,1,22,2.7220499515533447,0.3391325771808624,0,3,3,3,3,3,2,2,3,TRUE,C
Q96NE9,FRMD6,1,1,1,23,2.8284502029418945,0.4920852780342102,1,2,2,3,3,3,3,3,3,TRUE,C
Q96NJ6,ZFP3,2,2,2,10,4.478740930557251,0.5946668982505798,1,2,1,2,2,0,0,2,0,FALSE,A
Q96NL6,SCLT1,6,6,6,27,2.8221805095672607,0.2110406756401062,3,3,3,3,3,3,3,3,3,FALSE,A
Q96NL8,CFAP418,1,1,1,17,2.8383660316467285,0.46832510828971863,3,3,2,1,2,0,3,3,0,TRUE,C
Q96NM4,TOX2,1,1,1,24,4.151496648788452,0.7097979187965393,2,3,2,3,3,3,3,3,2,TRUE,B
Q96NR8,RDH12,21,35,21,18,6.3431901931762695,0.9652910828590393,3,3,3,3,3,3,0,0,0,FALSE,A
Q96NT0,CCDC115,4,6,4,27,3.8725475072860718,0.8072772026062012,3,3,3,3,3,3,3,3,3,FALSE,A
Q96NT5,SLC46A1,2,2,2,8,2.8033223152160645,0.30043962597846985,1,3,2,0,1,0,0,0,1,FALSE,A
Q96NU1,SAMD11,5,5,5,26,2.8402304649353027,0.03600141778588295,3,3,2,3,3,3,3,3,3,FALSE,A
Q96NW4,ANKRD27,2,2,2,23,2.5643213987350464,0.5920485258102417,0,3,2,3,3,3,3,3,3,FALSE,A
Q96NY9,MUS81,6,6,6,24,2.841555595397949,0.18868641555309296,1,3,3,3,3,2,3,3,3,FALSE,A
Q96P11,NSUN5,13,15,13,26,3.49579918384552,0.5664184093475342,2,3,3,3,3,3,3,3,3,FALSE,A
Q96P16,RPRD1A,13,16,13,27,5.053277015686035,0.8996080160140991,3,3,3,3,3,3,3,3,3,FALSE,A
Q96P47,AGAP3,10,11,10,27,3.539843797683716,0.7060002684593201,3,3,3,3,3,3,3,3,3,FALSE,A
Q96P48,ARAP1,11,11,11,26,3.0638766288757324,0.6574509143829346,2,3,3,3,3,3,3,3,3,FALSE,A
Q96P70,IPO9,27,36,27,27,3.9547475576400757,0.8275053203105927,3,3,3,3,3,3,3,3,3,FALSE,A
Q96PC3,AP1S3,1,1,1,25,3.547544240951538,0,2,3,2,3,3,3,3,3,3,TRUE,C
Q96PC5,MIA2,14,17,14,27,3.4592838287353516,0.7155376076698303,3,3,3,3,3,3,3,3,3,FALSE,A
Q96PD2,DCBLD2,12,12,12,26,3.0699374675750732,0.6399527788162231,3,3,3,3,3,3,3,3,2,FALSE,A
Q96PE3,INPP4A,7,7,7,25,3.2241051197052,0.22123146057128906,2,3,2,3,3,3,3,3,3,FALSE,A
Q96PE7,MCEE,2,2,2,25,2.5979862213134766,0.15337780117988586,2,3,3,3,3,3,3,3,2,FALSE,A
Q96PK6,RBM14,28,41,28,27,6.102323055267334,0.9551707208156586,3,3,3,3,3,3,3,3,3,FALSE,A
Q96PM5,RCHY1,12,18,12,23,3.4202663898468018,0.7968326508998871,3,3,3,3,3,1,3,3,1,FALSE,A
Q96PM9,ZNF385A,12,15,12,27,3.7189080715179443,0.719188392162323,3,3,3,3,3,3,3,3,3,FALSE,A
Q96PQ6,ZNF317,9,10,9,26,2.814084053039551,0.5224987268447876,3,3,3,3,3,3,2,3,3,FALSE,A
Q96PU4,UHRF2,15,16,15,27,2.9350428581237793,0.4454212486743927,3,3,3,3,3,3,3,3,3,FALSE,A
Q96PU5,NEDD4L,12,12,12,27,3.3354926109313965,0.7580721378326416,3,3,3,3,3,3,3,3,3,FALSE,A
Q96PU8,QKI,18,27,18,27,4.616833209991455,0.833039402961731,3,3,3,3,3,3,3,3,3,FALSE,A
Q96PV6,LENG8,21,30,21,27,3.9267349243164063,0.8139609098434448,3,3,3,3,3,3,3,3,3,FALSE,A
Q96PV7,FAM193B,11,15,11,27,3.161799192428589,0.5819348990917206,3,3,3,3,3,3,3,3,3,FALSE,A
Q96PY5,FMNL2,1,1,1,17,2.4019930362701416,0,1,2,1,2,3,0,3,2,3,TRUE,C
Q96PY6,NEK1,9,9,9,26,2.453421711921692,0,3,3,2,3,3,3,3,3,3,FALSE,A
Q96PZ0,PUS7,17,18,17,27,3.7148756980895996,0.8031929731369019,3,3,3,3,3,3,3,3,3,FALSE,A
Q96Q05,TRAPPC9,5,5,5,19,2.290510892868042,0,0,3,2,2,2,1,3,3,3,FALSE,A
Q96Q07,BTBD9,1,1,1,11,3.14813232421875,0.26222214102745056,0,3,2,0,1,0,0,2,3,TRUE,C
Q96Q11,TRNT1,12,15,12,27,3.5296006202697754,0.7549543678760529,3,3,3,3,3,3,3,3,3,FALSE,A
Q96Q45,TMEM237,7,9,7,27,3.420146942138672,0.3683093935251236,3,3,3,3,3,3,3,3,3,FALSE,A
Q96Q83,ALKBH3,11,13,11,27,4.001254081726074,0.7275650799274445,3,3,3,3,3,3,3,3,3,FALSE,A
Q96Q89,KIF20B,31,32,31,27,2.970417022705078,0.5788450837135315,3,3,3,3,3,3,3,3,3,FALSE,A
Q96QC0,PPP1R10,28,40,28,27,5.301878929138184,0.9372986257076263,3,3,3,3,3,3,3,3,3,FALSE,A
Q96QD5,DEPDC7,4,4,4,24,2.918745517730713,0.626194417476654,1,3,2,3,3,3,3,3,3,FALSE,A
Q96QD8,SLC38A2,4,4,4,27,4.792080879211426,0.9042094945907593,3,3,3,3,3,3,3,3,3,FALSE,A
Q96QD9,FYTTD1,10,10,10,27,5.055183172225952,0.8740598261356354,3,3,3,3,3,3,3,3,3,FALSE,A
Q96QE2,SLC2A13,1,1,1,14,2.8110413551330566,0.5271816104650497,0,3,2,1,1,0,2,2,3,TRUE,C
Q96QE3,ATAD5,29,29,29,27,3.1429831981658936,0.5262656807899475,3,3,3,3,3,3,3,3,3,FALSE,A
Q96QE5,TEFM,6,6,6,23,2.50243878364563,0.2245991826057434,0,3,3,3,3,3,3,2,3,FALSE,A
Q96QF0,RAB3IP,4,5,4,27,3.1824042797088623,0.06707948446273804,3,3,3,3,3,3,3,3,3,FALSE,A
Q96QG7,MTMR9,6,6,6,13,2.4564040899276733,0.5694160759449005,1,3,2,1,0,2,2,1,1,FALSE,A
Q96QK1,VPS35,32,48,32,27,4.5029826164245605,0.911736011505127,3,3,3,3,3,3,3,3,3,FALSE,A
Q96QR8,PURB,6,7,6,27,3.8838202953338623,0.6649529337882996,3,3,3,3,3,3,3,3,3,FALSE,A
Q96QT6,PHF12,11,11,11,27,2.771571397781372,0.06809993833303452,3,3,3,3,3,3,3,3,3,FALSE,A
Q96QU8,XPO6,14,15,14,25,3.1025447845458984,0.6747828125953674,2,3,2,3,3,3,3,3,3,FALSE,A
Q96QZ7,MAGI1,24,32,24,27,3.7276456356048584,0.7457375526428223,3,3,3,3,3,3,3,3,3,FALSE,A
Q96R06,SPAG5,9,9,9,26,3.1316065788269043,0.5116071999073029,3,3,2,3,3,3,3,3,3,FALSE,A
Q96RD7,PANX1,1,1,1,24,4.858458995819092,0.8858447670936584,1,3,2,3,3,3,3,3,3,TRUE,B
Q96RE7,NACC1,10,11,10,27,4.123488426208496,0.837586522102356,3,3,3,3,3,3,3,3,3,FALSE,A
Q96RF0,SNX18,8,10,8,26,2.939207077026367,0.5582103729248047,2,3,3,3,3,3,3,3,3,FALSE,A
Q96RG2,PASK,10,10,10,26,2.642935276031494,0,3,3,2,3,3,3,3,3,3,FALSE,A
Q96RK0,CIC,27,29,27,27,3.5622477531433105,0.5885078310966492,3,3,3,3,3,3,3,3,3,FALSE,A
Q96RL1,UIMC1,19,26,19,27,3.6664369106292725,0.7636683583259583,3,3,3,3,3,3,3,3,3,FALSE,A
Q96RL7,VPS13A,22,22,23,26,2.649032473564148,0.26007719337940216,3,3,2,3,3,3,3,3,3,FALSE,A
Q96RN5,MED15,13,20,13,27,4.728297472000122,0.8776804804801941,3,3,3,3,3,3,3,3,3,FALSE,A
Q96RP9,GFM1,28,32,28,27,4.205078601837158,0.8597281575202942,3,3,3,3,3,3,3,3,3,FALSE,A
Q96RQ1,ERGIC2,6,7,6,26,3.3418233394622803,0.65460968017578125,2,3,3,3,3,3,3,3,3,FALSE,A
Q96RQ3,MCCC1,7,7,7,25,2.725595235824585,0.3942565321922302,1,3,3,3,3,3,3,3,3,FALSE,A
Q96RR1,TWNK,8,8,8,27,2.8430970907211304,0.03806217387318611,3,3,3,3,3,3,3,3,3,FALSE,A
Q96RR4,CAMKK2,7,7,7,26,2.974569320678711,0.6614539623260498,2,3,3,3,3,3,3,3,3,FALSE,A
Q96RS0,TGS1,9,9,9,26,3.0550382137298584,0.5871171951293945,2,3,3,3,3,3,3,3,3,FALSE,A
Q96RS6,NUDCD1,21,23,21,27,3.401785373687744,0.7274903059005737,3,3,3,3,3,3,3,3,3,FALSE,A
Q96RT1,ERBIN,20,21,20,27,2.9021871089935303,0.4219554662704468,3,3,3,3,3,3,3,3,3,FALSE,A
Q96RT7,TUBGCP6,3,3,3,16,2.2856444120407104,0.2687273770570755,0,2,2,1,2,2,2,3,2,FALSE,A
Q96RT8,TUBGCP5,1,1,1,17,2.757481813430786,0.33754777908325195,0,3,2,2,3,1,3,3,0,TRUE,C
Q96RU2,USP28,26,27,26,27,3.2343270778656006,0.5988331437110901,3,3,3,3,3,3,3,3,3,FALSE,A
Q96RU3,FNBP1,22,32,22,27,3.4770132303237915,0.6783027946949005,3,3,3,3,3,3,3,3,3,FALSE,A
Q96RU7,TRIB3,2,2,2,11,3.1173646450042725,0.6612310409545898,0,3,1,0,0,0,1,3,3,FALSE,A
Q96RY5,CRAMP1,3,3,3,27,3.1574727296829224,0.17126883566379547,3,3,3,3,3,3,3,3,3,FALSE,A
Q96S16,JMJD8,3,3,3,26,2.661577582359314,0.11693617701530457,2,3,3,3,3,3,3,3,3,FALSE,A
Q96S44,TP53RK,7,11,7,27,3.8936691284179688,0.835326611995697,3,3,3,3,3,3,3,3,3,FALSE,A
Q96S52,PIGS,14,19,14,26,3.655557155609131,0.7506840229034424,2,3,3,3,3,3,3,3,3,FALSE,A
Q96S55,WRNIP1,19,22,19,27,3.636453151702881,0.7889209985733032,3,3,3,3,3,3,3,3,3,FALSE,A
Q96S59,RANBP9,16,20,16,27,3.683449625968933,0.7304288446903229,3,3,3,3,3,3,3,3,3,FALSE,A
Q96S66,CLCC1,23,28,23,27,3.9351272583007813,0.8486044108867645,3,3,3,3,3,3,3,3,3,FALSE,A
Q96S82,UBL7,3,3,3,22,2.9475584030151367,0.5280106067657471,0,3,2,3,3,3,3,3,2,FALSE,A
Q96S90,LYSMD1,10,11,10,27,3.8128998279571533,0.8495985269546509,3,3,3,3,3,3,3,3,3,FALSE,A
Q96S94,CCNL2,9,11,9,27,3.0605902671813965,0.5786923766136169,3,3,3,3,3,3,3,3,3,FALSE,A
Q96S97,MYADM,3,3,3,26,4.027902603149414,0.6892041265964508,2,3,3,3,3,3,3,3,3,FALSE,A
Q96S99,PLEKHF1,3,3,4,21,2.1514875888824463,0.026345314923673868,2,3,3,3,0,1,3,3,3,FALSE,A
Q96SB3,PPP1R9B,19,24,19,27,3.93617582321167,0.7398055195808411,3,3,3,3,3,3,3,3,3,FALSE,A
Q96SB4,SRPK1,21,26,21,27,4.963031768798828,0.7691547274589539,3,3,3,3,3,3,3,3,3,FALSE,A
Q96SB8,SMC6,31,36,31,27,3.635514497756958,0.7825127243995667,3,3,3,3,3,3,3,3,3,FALSE,A
Q96SI1,KCTD15,5,5,5,27,3.538567900657654,0.6095591485500336,3,3,3,3,3,3,3,3,3,FALSE,A
Q96SI9,STRBP,30,41,30,27,4.403086423873901,0.837161660194397,3,3,3,3,3,3,3,3,3,FALSE,A
Q96SK2,TMEM209,5,5,5,22,2.6052149534225464,0.18198231607675552,0,3,2,3,3,3,2,3,3,FALSE,A
Q96SL1,SLC49A4,3,3,3,8,2.5988566875457764,0.5456864237785339,0,3,2,0,0,0,1,2,0,FALSE,A
Q96SL8,FIZ1,5,6,5,27,2.743858575820923,0.802268385887146,3,3,3,3,3,3,3,3,3,FALSE,A
Q96SN8,CDK5RAP2,29,31,29,27,3.465672254562378,0.6600818336009979,3,3,3,3,3,3,3,3,3,FALSE,A
Q96SQ9,CYP2S1,1,1,1,20,2.647395372390747,0,1,3,2,3,2,2,2,2,3,TRUE,C
Q96ST2,IWS1,14,20,14,27,5.232799053192139,0.9087175726890564,3,3,3,3,3,3,3,3,3,FALSE,A
Q96ST3,SIN3A,43,61,43,27,4.705065965652466,0.8685636520385742,3,3,3,3,3,3,3,3,3,FALSE,A
Q96SU4,OSBPL9,16,20,16,27,3.497039318084717,0.7569211721420288,3,3,3,3,3,3,3,3,3,FALSE,A
Q96SW2,CRBN,5,5,5,23,2.3921332359313965,0.41233593225479126,0,3,2,3,3,3,3,3,3,FALSE,A
Q96SY0,INTS14,13,15,13,27,3.5285496711730957,0.7669259905815125,3,3,3,3,3,3,3,3,3,FALSE,A
Q96SZ5,ADO,12,15,12,27,3.7530256509780884,0.8017939329147339,3,3,3,3,3,3,3,3,3,FALSE,A
Q96SZ6,CDK5RAP1,3,4,3,25,3.2750884294509888,0.6992122232913971,2,3,2,3,3,3,3,3,3,FALSE,A
Q96T17,MAP7D2,17,20,17,27,3.8701798915863037,0.7693184614181519,3,3,3,3,3,3,3,3,3,FALSE,A
Q96T21,SECISBP2,19,21,19,27,3.096508026123047,0.5589404106140137,3,3,3,3,3,3,3,3,3,FALSE,A
Q96T23,RSF1,41,52,41,27,4.333901643753052,0.8502354323863983,3,3,3,3,3,3,3,3,3,FALSE,A
Q96T25,ZIC5,2,3,2,27,4.812373638153076,0.7954060435295105,3,3,3,3,3,3,3,3,3,FALSE,A
Q96T37,RBM15,39,50,39,27,4.195638418197632,0.8278310894966125,3,3,3,3,3,3,3,3,3,FALSE,A
Q96T51,RUFY1,27,32,27,27,3.7341232299804688,0.6811549961566925,3,3,3,3,3,3,3,3,3,FALSE,A
Q96T58,SPEN,113,150,113,27,4.335964918136597,0.8314129412174225,3,3,3,3,3,3,3,3,3,FALSE,A
Q96T60,PNKP,21,23,21,27,3.078265428543091,0.5453466773033142,3,3,3,3,3,3,3,3,3,FALSE,A
Q96T76,MMS19,23,24,23,25,3.2529659271240234,0.6748340725898743,2,3,2,3,3,3,3,3,3,FALSE,A
Q96T88,UHRF1,30,42,30,27,5.2244744300842285,0.9300423264503479,3,3,3,3,3,3,3,3,3,FALSE,A
Q96TA1,NIBAN2,15,15,15,27,3.309902787208557,0.7663797736167908,3,3,3,3,3,3,3,3,3,FALSE,A
Q96TA2,YME1L1,15,16,15,27,3.330457329750061,0.41977034509181976,3,3,3,3,3,3,3,3,3,FALSE,A
Q96TC7,RMDN3,14,14,14,27,3.777416467666626,0.815711498260498,3,3,3,3,3,3,3,3,3,FALSE,A
Q99081,TCF12,6,6,6,27,3.007350444793701,0,3,3,3,3,3,3,3,3,3,FALSE,A
Q99417,MYCBP,7,14,7,27,4.44713282585144,0.8619787991046906,3,3,3,3,3,3,3,3,3,FALSE,A
Q99426,TBCB,14,19,14,27,4.854562282562256,0.8824470043182373,3,3,3,3,3,3,3,3,3,FALSE,A
Q99436,PSMB7,10,17,10,27,5.4612226486206055,0.9279647171497345,3,3,3,3,3,3,3,3,3,FALSE,A
Q99439,CNN2,8,11,8,27,4.573253631591797,0.8185931444168091,3,3,3,3,3,3,3,3,3,FALSE,A
Q99442,SEC62,8,11,8,27,4.996600389480591,0.8985469341278076,3,3,3,3,3,3,3,3,3,FALSE,A
Q99447,PCYT2,15,19,15,27,3.4492976665496826,0.7060824632644653,3,3,3,3,3,3,3,3,3,FALSE,A
Q99453,PHOX2B,1,1,1,24,4.8058083057403564,0.6929104030132294,2,2,2,3,3,3,3,3,3,TRUE,B
Q99459,CDC5L,44,66,44,27,5.721381187438965,0.9543383717536926,3,3,3,3,3,3,3,3,3,FALSE,A
Q99460,PSMD1,42,61,42,27,4.588999509811401,0.8870343267917633,3,3,3,3,3,3,3,3,3,FALSE,A
Q99470,SDF2,4,7,4,27,4.928218364715576,0.8240445256233215,3,3,3,3,3,3,3,3,3,FALSE,A
Q99471,PFDN5,7,9,7,27,3.671170949935913,0.8777617812156677,3,3,3,3,3,3,3,3,3,FALSE,A
Q99487,PAFAH2,1,1,1,7,3.177473306655884,0,1,3,3,0,0,0,0,0,0,TRUE,C
Q99496,RNF2,9,15,9,27,5.6272501945495605,0.9493045210838318,3,3,3,3,3,3,3,3,3,FALSE,A
Q99497,PARK7,18,28,18,27,5.796938896179199,0.9651042819023132,3,3,3,3,3,3,3,3,3,FALSE,A
Q99504,EYA3,10,12,10,27,3.722778797149658,0.7499427795410156,3,3,3,3,3,3,3,3,3,FALSE,A
Q99519,NEU1,9,12,9,27,4.560571670532227,0.8679437041282654,3,3,3,3,3,3,3,3,3,FALSE,A
Q99523,SORT1,13,15,14,27,3.8848955631256104,0.7683012783527374,3,3,3,3,3,3,3,3,3,FALSE,A
Q99536,VAT1,18,23,18,27,5.109485626220703,0.8856337666511536,3,3,3,3,3,3,3,3,3,FALSE,A
Q99538,LGMN,11,14,11,27,4.050501108169556,0.8632392585277557,3,3,3,3,3,3,3,3,3,FALSE,A
Q99543,DNAJC2,28,40,28,27,4.5774986743927,0.8253896534442902,3,3,3,3,3,3,3,3,3,FALSE,A
Q99547,MPHOSPH6,10,16,10,27,3.960157871246338,0.8187563419342041,3,3,3,3,3,3,3,3,3,FALSE,A
Q99549,MPHOSPH8,18,26,18,27,4.206141471862793,0.7811580300331116,3,3,3,3,3,3,3,3,3,FALSE,A
Q99550,MPHOSPH9,6,6,6,24,2.852628707885742,0.4825392961502075,0,3,3,3,3,3,3,3,3,FALSE,A
Q99567,NUP88,19,22,19,27,3.577353835105896,0.6455820500850677,3,3,3,3,3,3,3,3,3,FALSE,A
Q99569,PKP4,11,11,11,27,3.0488839149475098,0,3,3,3,3,3,3,3,3,3,FALSE,A
Q99570,PIK3R4,18,21,18,26,3.0041675567626953,0.4699898362159729,2,3,3,3,3,3,3,3,3,FALSE,A
Q99571,P2RX4,4,5,4,27,3.050663471221924,0.3344094306230545,3,3,3,3,3,3,3,3,3,FALSE,A
Q99575,POP1,44,60,44,27,4.72154688835144,0.9017411470413208,3,3,3,3,3,3,3,3,3,FALSE,A
Q99576,TSC22D3,3,3,3,25,2.73789644241333,0.4114636182785034,3,3,1,3,3,3,3,3,3,FALSE,A
Q99583,MNT,6,7,6,27,3.3795437812805176,0.782554566860199,3,3,3,3,3,3,3,3,3,FALSE,A
Q99584,S100A13,6,9,6,27,6.036194562911987,0.9262294173240662,3,3,3,3,3,3,3,3,3,FALSE,A
Q99590,SCAF11,27,34,27,27,4.6104350090026855,0.871623307466507,3,3,3,3,3,3,3,3,3,FALSE,A
Q99594,TEAD3,2,2,2,8,2.5082812309265137,0.5438273549079895,0,0,0,2,0,1,1,1,3,FALSE,A
Q99598,TSNAX,12,19,12,27,4.118117570877075,0.7130933701992035,3,3,3,3,3,3,3,3,3,FALSE,A
Q99611,SEPHS2,6,7,6,27,2.864406704902649,0.6156182587146759,3,3,3,3,3,3,3,3,3,FALSE,A
Q99612,KLF6,2,2,2,5,2.243095874786377,0,0,1,1,0,0,0,0,1,2,FALSE,A
Q99613,EIF3C,1,1,1,6,2.163450300693512,0,3,0,1,0,0,1,0,0,1,TRUE,C
Q99614,TTC1,13,16,13,27,4.123049736022949,0.8297615945339203,3,3,3,3,3,3,3,3,3,FALSE,A
Q99615,DNAJC7,33,44,33,27,4.865869522094727,0.9173259735107422,3,3,3,3,3,3,3,3,3,FALSE,A
Q99618,CDCA3,8,13,8,27,3.6959710121154785,0.831635594367981,3,3,3,3,3,3,3,3,3,FALSE,A
Q99623,PHB2,16,25,16,27,5.322429656982422,0.9450215101242065,3,3,3,3,3,3,3,3,3,FALSE,A
Q99624,SLC38A3,1,1,1,7,1.974892497062683,0.5571261644363403,0,0,0,1,3,0,0,2,1,TRUE,C
Q99626,CDX2,3,3,3,27,3.666442394256592,0.7591996192932129,3,3,3,3,3,3,3,3,3,FALSE,A
Q99627,COPS8,8,10,8,27,4.239241600036621,0.8804499506950378,3,3,3,3,3,3,3,3,3,FALSE,A
Q99633,PRPF18,9,10,9,27,4.256755590438843,0.7493667900562286,3,3,3,3,3,3,3,3,3,FALSE,A
Q99638,RAD9A,4,5,4,27,3.748847484588623,0.8444467782974243,3,3,3,3,3,3,3,3,3,FALSE,A
Q99640,PKMYT1,2,2,2,21,2.353942394256592,0,0,3,2,3,3,3,1,3,3,FALSE,A
Q99643,SDHC,2,2,2,21,3.1037254333496094,0.705190896987915,1,3,2,3,3,2,2,2,3,FALSE,A
Q99653,CHP1,8,8,8,27,3.054349899291992,0.30897215008735657,3,3,3,3,3,3,3,3,3,FALSE,A
Q99661,KIF2C,26,29,26,27,3.534971833229065,0.7466544508934021,3,3,3,3,3,3,3,3,3,FALSE,A
Q99676,ZNF184,8,11,8,27,2.7310903072357178,0.32256513833999634,3,3,3,3,3,3,3,3,3,FALSE,A
Q99697,PITX2,1,1,1,9,1.8165162801742554,0.5273299813270569,0,0,0,1,1,1,2,2,2,TRUE,C
Q99700,ATXN2,27,37,27,27,5.065243721008301,0.8122643232345581,3,3,3,3,3,3,3,3,3,FALSE,A
Q99707,MTR,25,27,25,26,3.202554225921631,0.6695891916751862,2,3,3,3,3,3,3,3,3,FALSE,A
Q99708,RBBP8,8,8,8,24,2.7737245559692383,0.393313467502594,1,3,2,3,3,3,3,3,3,FALSE,A
Q99714,HSD17B10,16,27,16,27,5.994659900665283,0.9680518209934235,3,3,3,3,3,3,3,3,3,FALSE,A
Q99717,SMAD5,3,3,3,23,3.227528214454651,0.6349360942840576,3,3,3,2,3,3,3,3,0,FALSE,A
Q99719,SEPTIN5,8,9,8,26,2.6817997694015503,0.3351622521877289,2,3,3,3,3,3,3,3,3,FALSE,A
Q99720,SIGMAR1,2,4,2,27,5.34194803237915,0.8755241632461548,3,3,3,3,3,3,3,3,3,FALSE,A
Q99728,BARD1,14,16,14,27,3.247180461883545,0.7150920629501343,3,3,3,3,3,3,3,3,3,FALSE,A
Q99729,HNRNPAB,11,17,11,27,6.05030632019043,0.9694065451622009,3,3,3,3,3,3,3,3,3,FALSE,A
Q99733,NAP1L4,13,15,13,27,5.139240741729736,0.8994218707084656,3,3,3,3,3,3,3,3,3,FALSE,A
Q99735,MGST2,1,1,1,27,5.321663856506348,0.9051899313926697,3,3,3,3,3,3,3,3,3,TRUE,B
Q99741,CDC6,5,5,5,27,3.1779117584228516,0.19098840653896332,3,3,3,3,3,3,3,3,3,FALSE,A
Q99747,NAPG,16,21,16,27,4.427426338195801,0.7933902740478516,3,3,3,3,3,3,3,3,3,FALSE,A
Q99755,PIP5K1A,5,5,5,26,3.849887490272522,0.22935671359300613,3,3,2,3,3,3,3,3,3,FALSE,A
Q99757,TXN2,2,3,2,27,4.3429975509643555,0.9201144576072693,3,3,3,3,3,3,3,3,3,FALSE,A
Q99758,ABCA3,5,5,5,16,2.615316390991211,0,0,3,2,1,3,2,0,3,2,FALSE,A
Q99766,DMAC2L,2,2,2,27,5.102930307388306,0.8485618531703949,3,3,3,3,3,3,3,3,3,FALSE,A
Q99797,MIPEP,13,13,13,24,2.940745711326599,0.6054766774177551,0,3,3,3,3,3,3,3,3,FALSE,A
Q99798,ACO2,39,66,39,27,5.885096549987793,0.9588660001754761,3,3,3,3,3,3,3,3,3,FALSE,A
Q99805,TM9SF2,11,18,11,27,3.5316606760025024,0.8103535175323486,3,3,3,3,3,3,3,3,3,FALSE,A
Q99807,COQ7,6,6,6,25,3.101558208465576,0.6944960951805115,3,3,3,3,3,3,1,3,3,FALSE,A
Q99808,SLC29A1,6,8,6,27,3.7025948762893677,0.6832756400108337,3,3,3,3,3,3,3,3,3,FALSE,A
Q99816,TSG101,14,17,14,27,4.364607572555542,0.7860632836818695,3,3,3,3,3,3,3,3,3,FALSE,A
Q99829,CPNE1,15,22,15,27,5.6092259883880615,0.9505254626274109,3,3,3,3,3,3,3,3,3,FALSE,A
Q99832,CCT7,32,48,32,27,5.399129629135132,0.9367093443870544,3,3,3,3,3,3,3,3,3,FALSE,A
Q99848,EBNA1BP2,18,26,18,27,5.889430522918701,0.9621250629425049,3,3,3,3,3,3,3,3,3,FALSE,A
Q99853,FOXB1,3,3,3,25,2.9128886461257935,0.5434495508670807,1,3,3,3,3,3,3,3,3,FALSE,A
Q99856,ARID3A,13,14,13,27,3.905289888381958,0.6653414964675903,3,3,3,3,3,3,3,3,3,FALSE,A
Q99871,HAUS7,3,4,3,25,3.1837317943573,0.30911049246788025,2,3,2,3,3,3,3,3,3,FALSE,A
Q99873,PRMT1,18,27,18,27,5.070832252502441,0.8884626626968384,3,3,3,3,3,3,3,3,3,FALSE,A
Q99933,BAG1,5,5,5,27,3.327455997467041,0.7957193851470947,3,3,3,3,3,3,3,3,3,FALSE,A
Q99941,ATF6B,4,4,4,27,2.9255706071853638,0,3,3,3,3,3,3,3,3,3,FALSE,A
Q99942,RNF5,2,2,2,25,3.0824133157730103,0.7932671010494232,3,3,3,3,3,3,3,2,2,FALSE,A
Q99943,AGPAT1,5,7,5,25,3.398686170578003,0.6041056513786316,1,3,3,3,3,3,3,3,3,FALSE,A
Q99952,PTPN18,2,2,2,7,3.1629923582077026,0.10235465876758099,0,0,0,1,2,2,1,1,0,FALSE,A
Q99956,DUSP9,6,6,6,27,3.3549771308898926,0.5703629851341248,3,3,3,3,3,3,3,3,3,FALSE,A
Q99959,PKP2,13,15,13,27,2.9640793800354004,0.3183680772781372,3,3,3,3,3,3,3,3,3,FALSE,A
Q99961,SH3GL1,10,15,10,27,5.363137722015381,0.9476935863494873,3,3,3,3,3,3,3,3,3,FALSE,A
Q99962,SH3GL2,6,6,6,27,3.249051332473755,0.6027735769748688,3,3,3,3,3,3,3,3,3,FALSE,A
Q99963,SH3GL3,11,11,11,27,3.1762328147888184,0.4568014442920685,3,3,3,3,3,3,3,3,3,FALSE,A
Q99985,SEMA3C,18,18,18,25,2.9959276914596558,0.4758129268884659,3,3,3,3,2,2,3,3,3,FALSE,A
Q99986,VRK1,14,23,14,27,5.1894001960754395,0.8988316357135773,3,3,3,3,3,3,3,3,3,FALSE,A
Q99996,AKAP9,49,54,49,27,3.2736401557922363,0.5748641192913055,3,3,3,3,3,3,3,3,3,FALSE,A
Q9BPU6,DPYSL5,22,34,22,27,4.177919387817383,0.8302498459815979,3,3,3,3,3,3,3,3,3,FALSE,A
Q9BPW8,NIPSNAP1,13,18,13,27,4.533045768737793,0.8976281881332397,3,3,3,3,3,3,3,3,3,FALSE,A
Q9BPX3,NCAPG,30,38,30,27,4.1492133140563965,0.8649568557739258,3,3,3,3,3,3,3,3,3,FALSE,A
Q9BPX5,ARPC5L,4,6,4,27,5.094916820526123,0.9397739171981812,3,3,3,3,3,3,3,3,3,FALSE,A
Q9BPX6,MICU1,8,8,8,26,3.2724844217300415,0.4864719361066818,2,3,3,3,3,3,3,3,3,FALSE,A
Q9BPX7,C7orf25,5,5,5,27,3.0490219593048096,0.5231358408927917,3,3,3,3,3,3,3,3,3,FALSE,A
Q9BPY3,FAM118B,6,8,6,26,3.8250523805618286,0.6798656582832336,3,3,2,3,3,3,3,3,3,FALSE,A
Q9BPZ3,PAIP2,3,3,3,12,2.4398086071014404,0.729327380657196,1,0,0,2,3,3,2,1,0,FALSE,A
Q9BPZ7,MAPKAP1,1,1,1,5,1.398842453956604,0.755251407623291,0,2,1,0,0,0,1,1,0,TRUE,C
Q9BQ04,RBM4B,2,3,2,27,5.218928337097168,0.9150039553642273,3,3,3,3,3,3,3,3,3,FALSE,A
Q9BQ15,NABP2,5,5,5,27,3.008666515350342,0.688571572303772,3,3,3,3,3,3,3,3,3,FALSE,A
Q9BQ24,ZFYVE21,2,2,2,23,2.937570571899414,0.5120201706886292,1,3,2,3,3,2,3,3,3,FALSE,A
Q9BQ39,DDX50,31,45,31,27,4.7073211669921875,0.869145929813385,3,3,3,3,3,3,3,3,3,FALSE,A
Q9BQ48,MRPL34,5,7,5,27,4.855860233306885,0.9342416524887085,3,3,3,3,3,3,3,3,3,FALSE,A
Q9BQ52,ELAC2,31,39,31,27,3.96408474445343,0.8511606156826019,3,3,3,3,3,3,3,3,3,FALSE,A
Q9BQ61,TRIR,5,9,5,27,5.787459850311279,0.9414299726486206,3,3,3,3,3,3,3,3,3,FALSE,A
Q9BQ65,USB1,2,2,2,21,2.5808526277542114,0.4365939050912857,1,3,2,1,3,2,3,3,3,FALSE,A
Q9BQ67,GRWD1,21,29,21,27,4.8101372718811035,0.8608513474464417,3,3,3,3,3,3,3,3,3,FALSE,A
Q9BQ69,MACROD1,9,10,9,27,4.6711812019348145,0.8808379173278809,3,3,3,3,3,3,3,3,3,FALSE,A
Q9BQ70,TCF25,17,19,17,27,3.6953150033950806,0.7473376393318176,3,3,3,3,3,3,3,3,3,FALSE,A
Q9BQ75,CMSS1,13,20,13,27,4.367769956588745,0.8952476680278778,3,3,3,3,3,3,3,3,3,FALSE,A
Q9BQ89,FAM110A,3,3,3,13,2.6055960655212402,0.37707170844078064,1,0,0,3,2,2,3,2,0,FALSE,A
Q9BQ90,KLHDC3,1,1,1,22,2.6865090131759644,0,2,3,2,3,3,3,2,2,2,TRUE,C
Q9BQ95,ECSIT,13,14,13,27,3.3808460235595703,0.7462140321731567,3,3,3,3,3,3,3,3,3,FALSE,A
Q9BQA1,WDR77,11,14,11,27,5.113799095153809,0.9108363389968872,3,3,3,3,3,3,3,3,3,FALSE,A
Q9BQA9,CYBC1,3,4,3,22,3.0982675552368164,0.8301821351051331,0,3,2,3,3,3,2,3,3,FALSE,A
Q9BQB6,VKORC1,4,4,4,24,3.4019237756729126,0.2898356020450592,0,3,3,3,3,3,3,3,3,FALSE,A
Q9BQC3,DPH2,3,4,3,26,2.8225239515304565,0.754208505153656,3,3,2,3,3,3,3,3,3,FALSE,A
Q9BQC6,MRPL57,3,6,3,27,4.326146125793457,0.8941497206687927,3,3,3,3,3,3,3,3,3,FALSE,A
Q9BQD3,KXD1,1,1,1,17,2.5519070625305176,0.5402491092681885,3,3,3,3,1,3,1,0,0,TRUE,C
Q9BQE3,TUBA1C,2,3,2,27,5.064993858337402,0.8764906525611877,3,3,3,3,3,3,3,3,3,FALSE,A
Q9BQE4,SELENOS,6,7,6,27,5.638548851013184,0.9592349529266357,3,3,3,3,3,3,3,3,3,FALSE,A
Q9BQE5,APOL2,5,6,5,27,3.0607497692108154,0.509542316198349,3,3,3,3,3,3,3,3,3,FALSE,A
Q9BQE9,BCL7B,5,5,5,27,3.838227152824402,0.6744222939014435,3,3,3,3,3,3,3,3,3,FALSE,A
Q9BQF6,SENP7,16,17,16,27,3.116739273071289,0.7040027976036072,3,3,3,3,3,3,3,3,3,FALSE,A
Q9BQG0,MYBBP1A,59,84,59,27,5.200787544250488,0.9092092514038086,3,3,3,3,3,3,3,3,3,FALSE,A
Q9BQG2,NUDT12,5,5,5,16,2.4130859375,0.17976990342140198,0,3,2,1,2,3,2,2,1,FALSE,A
Q9BQI0,AIF1L,8,10,8,27,4.365565776824951,0.6639792323112488,3,3,3,3,3,3,3,3,3,FALSE,A
Q9BQI6,SLF1,4,4,4,21,2.7450073957443237,0.30615220963954926,0,2,1,3,3,3,3,3,3,FALSE,A
Q9BQP7,MGME1,20,25,20,27,4.198500156402588,0.8396564722061157,3,3,3,3,3,3,3,3,3,FALSE,A
Q9BQQ3,GORASP1,3,4,3,26,3.6566660404205322,0.6420615911483765,3,3,3,3,3,3,2,3,3,FALSE,A
Q9BQS8,FYCO1,24,24,24,27,2.9304141998291016,0.3752162754535675,3,3,3,3,3,3,3,3,3,FALSE,A
Q9BQT8,SLC25A21,4,4,4,24,3.1275969743728638,0.511927455663681,0,3,3,3,3,3,3,3,3,FALSE,A
Q9BQT9,CLSTN3,8,9,8,23,3.4112749099731445,0.5021140575408936,3,3,3,3,3,2,1,3,2,FALSE,A
Q9BR61,ACBD6,5,5,5,25,2.8900084495544434,0.6576966643333435,2,3,2,3,3,3,3,3,3,FALSE,A
Q9BR76,CORO1B,14,17,14,27,5.236325740814209,0.8808723092079163,3,3,3,3,3,3,3,3,3,FALSE,A
Q9BR77,CCDC77,5,5,5,27,3.1245980262756348,0.5816606879234314,3,3,3,3,3,3,3,3,3,FALSE,A
Q9BRA0,NAA38,3,4,3,15,2.044955611228943,0.31708020716905594,2,2,1,2,1,2,3,2,0,FALSE,A
Q9BRA2,TXNDC17,6,7,6,27,5.783030033111572,0.9415412545204163,3,3,3,3,3,3,3,3,3,FALSE,A
Q9BRD0,BUD13,17,21,17,27,4.935961961746216,0.9016384780406952,3,3,3,3,3,3,3,3,3,FALSE,A
Q9BRF8,CPPED1,2,2,2,27,3.3282270431518555,0.6413580477237701,3,3,3,3,3,3,3,3,3,FALSE,A
Q9BRG1,VPS25,10,12,10,27,3.921220302581787,0.842622309923172,3,3,3,3,3,3,3,3,3,FALSE,A
Q9BRJ2,MRPL45,15,16,15,27,4.636337041854858,0.9115986227989197,3,3,3,3,3,3,3,3,3,FALSE,A
Q9BRJ6,C7orf50,12,16,12,27,5.7715325355529785,0.9411091208457947,3,3,3,3,3,3,3,3,3,FALSE,A
Q9BRJ7,NUDT16L1,9,13,9,27,3.8549861907958984,0.8219660222530365,3,3,3,3,3,3,3,3,3,FALSE,A
Q9BRK0,REEP2,3,3,3,27,3.2783883810043335,0.28452495485544205,3,3,3,3,3,3,3,3,3,FALSE,A
Q9BRK4,LZTS2,9,9,9,27,3.0053917169570923,0.07602294906973839,3,3,3,3,3,3,3,3,3,FALSE,A
Q9BRK5,SDF4,10,13,10,27,3.6287083625793457,0.7093967199325562,3,3,3,3,3,3,3,3,3,FALSE,A
Q9BRL6,SRSF8,3,4,3,27,4.281774520874023,0.7964144349098206,3,3,3,3,3,3,3,3,3,FALSE,A
Q9BRN9,TM2D3,3,3,3,17,2.629168748855591,0.3990047574043274,1,3,3,2,1,1,2,1,3,FALSE,A
Q9BRP1,PDCD2L,6,7,6,27,2.8991639614105225,0.348832905292511,3,3,3,3,3,3,3,3,3,FALSE,A
Q9BRP4,PAAF1,9,10,9,27,3.454155921936035,0.7119805812835693,3,3,3,3,3,3,3,3,3,FALSE,A
Q9BRP8,PYM1,11,15,11,27,6.006563663482666,0.9602115750312805,3,3,3,3,3,3,3,3,3,FALSE,A
Q9BRQ0,PYGO2,4,4,4,27,3.8306068181991577,0.37177978456020355,3,3,3,3,3,3,3,3,3,FALSE,A
Q9BRQ6,CHCHD6,10,15,10,27,5.083474159240723,0.9108756482601166,3,3,3,3,3,3,3,3,3,FALSE,A
Q9BRQ8,AIFM2,3,3,3,13,2.3377370834350586,0.26767268776893616,2,3,3,2,0,0,0,1,2,FALSE,A
Q9BRR0,ZKSCAN3,6,7,6,27,2.4672036170959473,0.1091947928071022,3,3,3,3,3,3,3,3,3,FALSE,A
Q9BRR6,ADPGK,11,15,11,27,4.347781181335449,0.8372374773025513,3,3,3,3,3,3,3,3,3,FALSE,A
Q9BRR8,GPATCH1,30,38,30,27,3.608917474746704,0.7910862565040588,3,3,3,3,3,3,3,3,3,FALSE,A
Q9BRS2,RIOK1,23,29,23,27,4.513806343078613,0.8414244055747986,3,3,3,3,3,3,3,3,3,FALSE,A
Q9BRS8,LARP6,9,9,9,27,3.1845381259918213,0.31705208122730255,3,3,3,3,3,3,3,3,3,FALSE,A
Q9BRT2,UQCC2,7,9,7,27,4.869400501251221,0.9267597198486328,3,3,3,3,3,3,3,3,3,FALSE,A
Q9BRT3,MIEN1,2,2,2,17,2.5483055114746094,0,0,0,0,2,3,3,3,3,3,FALSE,A
Q9BRT6,LLPH,4,7,4,27,4.978503227233887,0.8790557086467743,3,3,3,3,3,3,3,3,3,FALSE,A
Q9BRT9,GINS4,9,11,9,27,3.9510457515716553,0.8145610094070435,3,3,3,3,3,3,3,3,3,FALSE,A
Q9BRU9,UTP23,4,6,4,27,4.558899879455566,0.8875911235809326,3,3,3,3,3,3,3,3,3,FALSE,A
Q9BRV8,SIKE1,1,1,1,19,2.8589329719543457,0.6956608295440674,0,0,2,3,2,3,3,3,3,TRUE,C
Q9BRX2,PELO,11,14,11,27,4.215324640274048,0.8015062510967255,3,3,3,3,3,3,3,3,3,FALSE,A
Q9BRX5,GINS3,10,11,10,27,3.704925060272217,0.7510783672332764,3,3,3,3,3,3,3,3,3,FALSE,A
Q9BRX8,PRXL2A,11,13,11,27,4.966594457626343,0.862436443567276,3,3,3,3,3,3,3,3,3,FALSE,A
Q9BRX9,WDR83,6,7,6,27,3.4746413230895996,0.6314631700515747,3,3,3,3,3,3,3,3,3,FALSE,A
Q9BRZ2,TRIM56,6,6,6,27,2.582839846611023,0.35985828936100006,3,3,3,3,3,3,3,3,3,FALSE,A
Q9BS16,CENPK,4,5,4,26,2.4777309894561768,0.5068081617355347,3,3,3,3,3,3,3,3,2,FALSE,A
Q9BS26,ERP44,20,33,20,27,5.014805793762207,0.8982971906661987,3,3,3,3,3,3,3,3,3,FALSE,A
Q9BS40,LXN,3,3,3,14,3.2635951042175293,0.7052719593048096,3,3,2,0,1,0,1,2,2,FALSE,A
Q9BSA4,TTYH2,2,2,2,7,3.24747633934021,0.5865456163883209,1,3,3,0,0,0,0,0,0,FALSE,A
Q9BSB4,ATG101,5,5,5,25,2.560338020324707,0.48089632391929626,2,3,3,3,3,2,3,3,3,FALSE,A
Q9BSC4,NOL10,31,41,31,27,4.080585956573486,0.8425289690494537,3,3,3,3,3,3,3,3,3,FALSE,A
Q9BSD7,NTPCR,11,18,11,27,5.546234130859375,0.9480884075164795,3,3,3,3,3,3,3,3,3,FALSE,A
Q9BSE4,HERPUD2,1,1,1,25,3.519043207168579,0,2,3,2,3,3,3,3,3,3,TRUE,C
Q9BSF4,TIMM29,4,7,4,26,3.4495543241500854,0.36039382219314575,2,3,3,3,3,3,3,3,3,FALSE,A
Q9BSG0,PRADC1,1,1,1,6,1.978631317615509,0.1295936182141304,1,3,2,0,0,0,0,0,0,TRUE,C
Q9BSH4,TACO1,7,10,7,27,4.943674564361572,0.8123672008514404,3,3,3,3,3,3,3,3,3,FALSE,A
Q9BSH5,HDHD3,10,12,10,27,3.667874574661255,0.7515299320220947,3,3,3,3,3,3,3,3,3,FALSE,A
Q9BSI4,TINF2,3,3,3,26,2.546789288520813,0.5532084405422211,2,3,3,3,3,3,3,3,3,FALSE,A
Q9BSJ2,TUBGCP2,23,26,23,26,3.123089075088501,0.4735870808362961,2,3,3,3,3,3,3,3,3,FALSE,A
Q9BSJ5,MTNAP1,15,18,15,27,3.0285656452178955,0.5439191460609436,3,3,3,3,3,3,3,3,3,FALSE,A
Q9BSJ6,PIMREG,5,6,5,27,3.3758188486099243,0.6813181936740875,3,3,3,3,3,3,3,3,3,FALSE,A
Q9BSJ8,ESYT1,43,56,43,27,4.716441631317139,0.8507072925567627,3,3,3,3,3,3,3,3,3,FALSE,A
Q9BSL1,UBAC1,8,8,8,27,3.409510612487793,0.7576426863670349,3,3,3,3,3,3,3,3,3,FALSE,A
Q9BSM1,PCGF1,8,9,8,26,3.000938892364502,0.8181339502334595,2,3,3,3,3,3,3,3,3,FALSE,A
Q9BSQ5,CCM2,6,6,6,27,2.656865358352661,0.4701254367828369,3,3,3,3,3,3,3,3,3,FALSE,A
Q9BSR8,YIPF4,2,2,2,18,3.5595868825912476,0.6174207031726837,1,3,2,3,2,0,2,3,2,FALSE,A
Q9BST9,RTKN,1,1,1,14,2.3617565631866455,0.09219427779316902,0,2,2,2,3,1,1,0,3,TRUE,C
Q9BSU1,PHAF1,4,4,4,15,2.777508497238159,0.49172234535217285,0,3,2,3,2,0,2,2,1,FALSE,A
Q9BSV6,TSEN34,9,9,9,27,3.9323776960372925,0.588889479637146,3,3,3,3,3,3,3,3,3,FALSE,A
Q9BSY4,CHCHD5,3,3,3,18,2.6520049571990967,0.6406404972076416,3,3,2,3,1,3,2,1,0,FALSE,A
Q9BSY9,DESI2,2,2,2,27,3.1775014400482178,0.30556559562683105,3,3,3,3,3,3,3,3,3,FALSE,A
Q9BT09,CNPY3,15,22,15,27,4.6778411865234375,0.9024907946586609,3,3,3,3,3,3,3,3,3,FALSE,A
Q9BT17,MTG1,6,6,6,22,2.513395667076111,0.5190165936946869,0,3,3,3,3,3,3,2,2,FALSE,A
Q9BT22,ALG1,3,3,3,23,3.08412504196167,0.5968208909034729,0,3,2,3,3,3,3,3,3,FALSE,A
Q9BT23,LIMD2,2,3,2,23,3.3570556640625,0.8331170082092285,2,2,3,3,3,3,3,3,1,FALSE,A
Q9BT25,HAUS8,14,17,14,27,4.132556915283203,0.8457978367805481,3,3,3,3,3,3,3,3,3,FALSE,A
Q9BT30,ALKBH7,4,4,4,26,2.798434257507324,0.5426741540431976,3,3,3,3,3,3,3,3,2,FALSE,A
Q9BT40,INPP5K,3,3,3,18,2.513146162033081,0.7315535843372345,0,3,2,2,2,3,1,2,3,FALSE,A
Q9BT67,NDFIP1,6,7,6,11,4.400690317153931,0.799197256565094,3,3,3,0,0,0,1,1,0,FALSE,A
Q9BT73,PSMG3,4,5,4,27,3.814301609992981,0.8642334640026093,3,3,3,3,3,3,3,3,3,FALSE,A
Q9BT78,COPS4,24,38,24,27,3.978673815727234,0.8532517552375793,3,3,3,3,3,3,3,3,3,FALSE,A
Q9BT88,SYT11,2,2,2,5,3.3103601932525635,0.2512495517730713,0,3,2,0,0,0,0,0,0,FALSE,A
Q9BT92,TCHP,8,8,8,27,3.137387275695801,0.5630475580692291,3,3,3,3,3,3,3,3,3,FALSE,A
Q9BTA9,WAC,18,27,18,27,4.987595081329346,0.9265329241752625,3,3,3,3,3,3,3,3,3,FALSE,A
Q9BTC0,DIDO1,57,68,57,27,4.340445518493652,0.8108764290809631,3,3,3,3,3,3,3,3,3,FALSE,A
Q9BTC8,MTA3,14,16,14,27,3.7988815307617188,0.7528817653656006,3,3,3,3,3,3,3,3,3,FALSE,A
Q9BTD8,RBM42,8,13,8,27,4.692004680633545,0.9484508633613586,3,3,3,3,3,3,3,3,3,FALSE,A
Q9BTE1,DCTN5,2,2,2,27,4.483410358428955,0.6670914888381958,3,3,3,3,3,3,3,3,3,FALSE,A
Q9BTE3,MCMBP,25,31,25,27,3.919318199157715,0.7549715638160706,3,3,3,3,3,3,3,3,3,FALSE,A
Q9BTE6,AARSD1,10,13,10,27,3.55747652053833,0.6258726119995117,3,3,3,3,3,3,3,3,3,FALSE,A
Q9BTE7,DCUN1D5,11,13,11,27,4.805574417114258,0.8736305832862854,3,3,3,3,3,3,3,3,3,FALSE,A
Q9BTK6,PAGR1,3,3,4,26,4.35737681388855,0.5164158642292023,3,3,3,3,3,3,3,3,2,FALSE,A
Q9BTL3,RAMAC,1,1,1,26,5.456874847412109,0.9398976266384125,3,2,3,3,3,3,3,3,3,TRUE,B
Q9BTM9,URM1,2,2,2,26,3.5893970727920532,0.26068511605262756,2,3,3,3,3,3,3,3,3,FALSE,A
Q9BTT0,ANP32E,7,12,7,27,5.180879831314087,0.8442614674568176,3,3,3,3,3,3,3,3,3,FALSE,A
Q9BTT4,MED10,2,2,2,27,3.3706400394439697,0.7410304546356201,3,3,3,3,3,3,3,3,3,FALSE,A
Q9BTT6,LRRC1,7,7,7,25,2.9973576068878174,0.44029396772384644,2,3,2,3,3,3,3,3,3,FALSE,A
Q9BTU6,PI4K2A,24,28,24,27,3.5051560401916504,0.7837730646133423,3,3,3,3,3,3,3,3,3,FALSE,A
Q9BTV4,TMEM43,19,26,19,27,4.116167068481445,0.8496679663658142,3,3,3,3,3,3,3,3,3,FALSE,A
Q9BTV5,FSD1,13,15,13,27,3.198281764984131,0.7167470455169678,3,3,3,3,3,3,3,3,3,FALSE,A
Q9BTV6,DPH7,4,4,4,15,2.326154112815857,0.38590991497039795,1,3,2,1,2,0,2,3,1,FALSE,A
Q9BTW9,TBCD,39,43,39,26,3.4716336727142334,0.7172345817089081,2,3,3,3,3,3,3,3,3,FALSE,A
Q9BTX1,NDC1,12,12,12,26,2.6217339038848877,0.3678344488143921,2,3,3,3,3,3,3,3,3,FALSE,A
Q9BTX7,TTPAL,6,6,6,26,2.6916122436523438,0.7094753682613373,3,3,3,3,2,3,3,3,3,FALSE,A
Q9BTY2,FUCA2,11,12,11,27,4.5831427574157715,0.8643772602081299,3,3,3,3,3,3,3,3,3,FALSE,A
Q9BTY7,HGH1,9,9,9,27,3.3368401527404785,0.6538712382316589,3,3,3,3,3,3,3,3,3,FALSE,A
Q9BTZ2,DHRS4,3,6,3,27,5.403575897216797,0.9318374395370483,3,3,3,3,3,3,3,3,3,FALSE,A
Q9BU02,THTPA,5,5,5,21,2.8279560804367065,0.4084444046020508,0,2,2,2,3,3,3,3,3,FALSE,A
Q9BU23,LMF2,6,6,6,25,2.9388965368270874,0,1,3,3,3,3,3,3,3,3,FALSE,A
Q9BU61,NDUFAF3,6,6,6,27,5.157000541687012,0.8255085349082947,3,3,3,3,3,3,3,3,3,FALSE,A
Q9BU64,CENPO,6,7,6,25,2.8879456520080566,0.49053657054901123,1,3,3,3,3,3,3,3,3,FALSE,A
Q9BU76,MMTAG2,11,14,11,27,5.602509498596191,0.9424331188201904,3,3,3,3,3,3,3,3,3,FALSE,A
Q9BU89,DOHH,6,7,6,27,3.408386707305908,0.6220574378967285,3,3,3,3,3,3,3,3,3,FALSE,A
Q9BUA3,SPINDOC,7,10,7,27,3.111701250076294,0.48428264260292053,3,3,3,3,3,3,3,3,3,FALSE,A
Q9BUB5,MKNK1,7,7,7,26,2.712996482849121,0.5657455921173096,3,3,2,3,3,3,3,3,3,FALSE,A
Q9BUB7,TMEM70,5,6,5,26,3.765987277030945,0.7390214204788208,2,3,3,3,3,3,3,3,3,FALSE,A
Q9BUE0,MED18,6,7,6,27,3.307203531265259,0.7115858793258667,3,3,3,3,3,3,3,3,3,FALSE,A
Q9BUE6,ISCA1,4,4,4,27,3.847107410430908,0.8250110745429993,3,3,3,3,3,3,3,3,3,FALSE,A
Q9BUF5,TUBB6,9,11,9,27,3.819274663925171,0.7855005860328674,3,3,3,3,3,3,3,3,3,FALSE,A
Q9BUG6,ZSCAN5A,2,2,2,10,2.5160852670669556,0,1,0,1,2,2,1,2,0,1,FALSE,A
Q9BUH6,PAXX,8,8,8,27,4.554429054260254,0.5691199898719788,3,3,3,3,3,3,3,3,3,FALSE,A
Q9BUI4,POLR3C,15,17,15,27,3.364297866821289,0.6882334351539612,3,3,3,3,3,3,3,3,3,FALSE,A
Q9BUJ2,HNRNPUL1,31,47,31,27,5.351481199264526,0.9368206262588501,3,3,3,3,3,3,3,3,3,FALSE,A
Q9BUK0,CHCHD7,4,5,4,27,3.84590482711792,0.7249220013618469,3,3,3,3,3,3,3,3,3,FALSE,A
Q9BUK6,MSTO1,10,10,10,26,3.032935380935669,0.5339372754096985,2,3,3,3,3,3,3,3,3,FALSE,A
Q9BUL5,PHF23,10,12,10,27,4.943948984146118,0.7397354543209076,3,3,3,3,3,3,3,3,3,FALSE,A
Q9BUL8,PDCD10,12,14,12,27,5.001170873641968,0.8907064497470856,3,3,3,3,3,3,3,3,3,FALSE,A
Q9BUL9,RPP25,10,11,10,27,4.170112609863281,0.7144103646278381,3,3,3,3,3,3,3,3,3,FALSE,A
Q9BUM1,G6PC3,1,1,1,22,3.0933319330215454,0.5216237008571625,0,3,2,3,3,2,3,3,3,TRUE,C
Q9BUN5,CCDC28B,5,6,5,23,3.3846702575683594,0.6267980337142944,3,3,2,3,3,3,3,3,0,FALSE,A
Q9BUN8,DERL1,4,4,4,23,3.327596426010132,0.8170163035392761,0,3,2,3,3,3,3,3,3,FALSE,A
Q9BUP0,EFHD1,9,10,9,27,4.756256341934204,0.8380199372768402,3,3,3,3,3,3,3,3,3,FALSE,A
Q9BUP3,HTATIP2,12,13,12,27,3.7015455961227417,0.7223563492298126,3,3,3,3,3,3,3,3,3,FALSE,A
Q9BUQ8,DDX23,39,56,39,27,5.366001129150391,0.9189829230308533,3,3,3,3,3,3,3,3,3,FALSE,A
Q9BUR4,WRAP53,12,12,12,27,3.9094691276550293,0.7362629473209381,3,3,3,3,3,3,3,3,3,FALSE,A
Q9BUR5,APOO,8,10,8,27,4.977838516235352,0.8729892373085022,3,3,3,3,3,3,3,3,3,FALSE,A
Q9BUT1,BDH2,10,10,10,27,4.310885906219482,0.6757363080978394,3,3,3,3,3,3,3,3,3,FALSE,A
Q9BUT9,MCRIP2,5,6,5,26,2.660780429840088,0.36537131667137146,3,3,3,3,3,3,3,3,2,FALSE,A
Q9BUV0,RSRP1,3,3,3,27,4.084768295288086,0.8450814485549927,3,3,3,3,3,3,3,3,3,FALSE,A
Q9BUX1,CHAC1,2,2,2,12,3.245028257369995,0.44755755364894867,3,2,3,0,0,0,1,2,1,FALSE,A
Q9BUZ4,TRAF4,3,4,3,19,2.9066901206970215,0.3637447655200958,3,3,3,2,0,1,3,2,2,FALSE,A
Q9BV19,C1orf50,1,1,1,20,3.100605010986328,0.4873993247747421,2,3,0,3,3,3,2,3,1,TRUE,C
Q9BV20,MRI1,11,16,11,27,4.756425380706787,0.8736225366592407,3,3,3,3,3,3,3,3,3,FALSE,A
Q9BV23,ABHD6,7,7,7,23,2.7869653701782227,0.6379285454750061,1,3,3,3,3,2,2,3,3,FALSE,A
Q9BV38,WDR18,13,15,13,27,4.396118640899658,0.9066781997680664,3,3,3,3,3,3,3,3,3,FALSE,A
Q9BV40,VAMP8,2,3,2,27,3.7425180673599243,0.8249999284744263,3,3,3,3,3,3,3,3,3,FALSE,A
Q9BV44,THUMPD3,16,18,16,27,4.077347278594971,0.8077739477157593,3,3,3,3,3,3,3,3,3,FALSE,A
Q9BV57,ADI1,11,15,11,27,4.557362079620361,0.8960984945297241,3,3,3,3,3,3,3,3,3,FALSE,A
Q9BV68,RNF126,1,1,1,6,3.130875825881958,0.7442944347858429,2,1,3,0,0,0,0,0,0,TRUE,C
Q9BV73,CEP250,52,54,52,26,3.1196327209472656,0.6170638203620911,3,3,2,3,3,3,3,3,3,FALSE,A
Q9BV79,MECR,8,9,8,27,3.677192807197571,0.6059576570987701,3,3,3,3,3,3,3,3,3,FALSE,A
Q9BV81,EMC6,2,2,2,25,3.2382551431655884,0.5095710456371307,1,3,3,3,3,3,3,3,3,FALSE,A
Q9BV86,NTMT1,7,8,7,27,4.231001377105713,0.8240466117858887,3,3,3,3,3,3,3,3,3,FALSE,A
Q9BV90,SNRNP25,2,2,2,24,3.0092904567718506,0.6103150248527527,3,3,3,1,3,2,3,3,3,FALSE,A
Q9BV94,EDEM2,2,2,2,13,1.8493435382843018,0.5097883343696594,0,3,1,0,2,1,1,2,3,FALSE,A
Q9BV97,ZNF747,1,1,1,10,2.470457077026367,0.7874481678009033,0,1,0,1,1,0,2,2,3,TRUE,C
Q9BVA0,KATNB1,12,12,12,26,3.150151014328003,0.4739326536655426,2,3,3,3,3,3,3,3,3,FALSE,A
Q9BVA1,TUBB2B,1,1,1,25,5.668771743774414,0.8931271433830261,1,3,3,3,3,3,3,3,3,TRUE,B
Q9BVC3,DSCC1,7,7,7,23,2.7678401470184326,0.5604365766048431,1,3,2,3,3,3,2,3,3,FALSE,A
Q9BVC4,MLST8,8,11,8,27,3.4040420055389404,0.5114606022834778,3,3,3,3,3,3,3,3,3,FALSE,A
Q9BVC5,C2orf49,10,13,10,27,4.552526235580444,0.8705325424671173,3,3,3,3,3,3,3,3,3,FALSE,A
Q9BVC6,TMEM109,4,7,4,27,4.00729513168335,0.8798911571502686,3,3,3,3,3,3,3,3,3,FALSE,A
Q9BVG4,PBDC1,8,11,8,27,4.761832237243652,0.8499209880828857,3,3,3,3,3,3,3,3,3,FALSE,A
Q9BVG9,PTDSS2,5,6,5,26,3.0506374835968018,0.758759617805481,2,3,3,3,3,3,3,3,3,FALSE,A
Q9BVI0,PHF20,5,6,5,27,2.457449436187744,0.22747176885604858,3,3,3,3,3,3,3,3,3,FALSE,A
Q9BVI4,NOC4L,25,32,25,27,4.533828973770142,0.8603594899177551,3,3,3,3,3,3,3,3,3,FALSE,A
Q9BVJ6,UTP14A,32,43,32,27,4.793179988861084,0.9174025356769562,3,3,3,3,3,3,3,3,3,FALSE,A
Q9BVK2,ALG8,2,2,2,23,3.403397560119629,0.7850694060325623,0,3,2,3,3,3,3,3,3,FALSE,A
Q9BVK6,TMED9,7,10,7,27,4.536931991577148,0.8504809737205505,3,3,3,3,3,3,3,3,3,FALSE,A
Q9BVL2,NUP58,11,15,11,27,4.8845055103302,0.9325347542762756,3,3,3,3,3,3,3,3,3,FALSE,A
Q9BVL4,SELENOO,12,15,12,27,3.117434859275818,0.6036536991596222,3,3,3,3,3,3,3,3,3,FALSE,A
Q9BVM2,DPCD,3,3,3,22,3.678299307823181,0.5372873544692993,1,1,2,3,3,3,3,3,3,FALSE,A
Q9BVP2,GNL3,27,40,27,27,5.42037296295166,0.9087362289428711,3,3,3,3,3,3,3,3,3,FALSE,A
Q9BVQ7,AFG2B,14,15,14,25,3.3849730491638184,0.7610483765602112,2,3,2,3,3,3,3,3,3,FALSE,A
Q9BVS4,RIOK2,14,14,14,27,3.5440025329589844,0.77996426820755,3,3,3,3,3,3,3,3,3,FALSE,A
Q9BVS5,TRMT61B,9,9,9,27,3.163809657096863,0.6710196435451508,3,3,3,3,3,3,3,3,3,FALSE,A
Q9BVT8,TMUB1,3,3,3,27,4.150326251983643,0.3980436325073242,3,3,3,3,3,3,3,3,3,FALSE,A
Q9BVV6,KIAA0586,5,5,5,16,2.7291154861450195,0.012387732043862343,0,1,0,3,3,3,3,3,0,FALSE,A
Q9BVV7,TIMM21,5,6,5,27,3.5112407207489014,0.07785165309906006,3,3,3,3,3,3,3,3,3,FALSE,A
Q9BVW5,TIPIN,4,4,4,27,3.3268842697143555,0.46285054087638855,3,3,3,3,3,3,3,3,3,FALSE,A
Q9BVX2,TMEM106C,1,2,1,27,3.009462833404541,0,3,3,3,3,3,3,3,3,3,TRUE,C
Q9BW19,KIFC1,28,32,29,27,3.8515344858169556,0.8011850416660309,3,3,3,3,3,3,3,3,3,FALSE,A
Q9BW27,NUP85,21,26,21,27,3.516435146331787,0.7648225724697113,3,3,3,3,3,3,3,3,3,FALSE,A
Q9BW30,TPPP3,5,7,5,27,4.2220940589904785,0.8321657180786133,3,3,3,3,3,3,3,3,3,FALSE,A
Q9BW60,ELOVL1,1,1,1,10,2.581638216972351,0,2,3,2,0,1,0,0,1,1,TRUE,C
Q9BW61,DDA1,7,8,7,27,4.523402690887451,0.8553869128227234,3,3,3,3,3,3,3,3,3,FALSE,A
Q9BW62,KATNAL1,7,7,7,27,3.1322150230407715,0.5038684606552124,3,3,3,3,3,3,3,3,3,FALSE,A
Q9BW66,CINP,1,1,1,25,2.9589297771453857,0,3,3,2,3,3,3,3,3,2,TRUE,C
Q9BW71,HIRIP3,10,12,10,27,5.039247035980225,0.8288790583610535,3,3,3,3,3,3,3,3,3,FALSE,A
Q9BW72,HIGD2A,2,2,2,19,2.838177442550659,0.6703059673309326,3,3,3,1,3,3,3,0,0,FALSE,A
Q9BW83,IFT27,9,12,9,27,3.9207019805908203,0.7869670987129211,3,3,3,3,3,3,3,3,3,FALSE,A
Q9BW85,YJU2,14,20,14,27,4.713313817977905,0.8566412925720215,3,3,3,3,3,3,3,3,3,FALSE,A
Q9BW91,NUDT9,12,15,12,27,4.366997480392456,0.8799197375774384,3,3,3,3,3,3,3,3,3,FALSE,A
Q9BW92,TARS2,27,30,27,27,3.751124620437622,0.7458728551864624,3,3,3,3,3,3,3,3,3,FALSE,A
Q9BWC9,CCDC106,5,5,5,27,3.2996222972869873,0.8558538556098938,3,3,3,3,3,3,3,3,3,FALSE,A
Q9BWD1,ACAT2,18,30,18,27,5.536614418029785,0.9415043592453003,3,3,3,3,3,3,3,3,3,FALSE,A
Q9BWD3,RTL8A,3,3,3,23,3.844943046569824,0.5750296711921692,3,3,3,2,2,3,2,2,3,FALSE,A
Q9BWE0,REPIN1,14,20,14,27,4.370287895202637,0.8909586668014526,3,3,3,3,3,3,3,3,3,FALSE,A
Q9BWF3,RBM4,5,7,5,27,6.064327716827393,0.9422248601913452,3,3,3,3,3,3,3,3,3,FALSE,A
Q9BWG4,SSBP4,1,1,1,27,5.9853973388671875,0.8246802687644958,3,3,3,3,3,3,3,3,3,TRUE,B
Q9BWG6,SCNM1,9,11,9,27,2.9195730686187744,0.677973061800003,3,3,3,3,3,3,3,3,3,FALSE,A
Q9BWH2,FUNDC2,5,6,5,27,4.296278476715088,0.6377618312835693,3,3,3,3,3,3,3,3,3,FALSE,A
Q9BWH6,RPAP1,13,13,13,24,3.0744285583496094,0.27567972242832184,1,3,2,3,3,3,3,3,3,FALSE,A
Q9BWJ5,SF3B5,3,6,3,27,4.63150691986084,0.7551195025444031,3,3,3,3,3,3,3,3,3,FALSE,A
Q9BWK5,CYREN,2,2,2,21,3.3592246770858765,0.6564497947692871,3,3,0,3,3,3,3,3,0,FALSE,A
Q9BWL3,C1orf43,2,2,2,27,2.819162607192993,0.2745090126991272,3,3,3,3,3,3,3,3,3,FALSE,A
Q9BWN1,PRR14,9,9,9,27,3.865293264389038,0.5689374208450317,3,3,3,3,3,3,3,3,3,FALSE,A
Q9BWS9,CHID1,17,25,17,27,4.573604345321655,0.9036715626716614,3,3,3,3,3,3,3,3,3,FALSE,A
Q9BWT1,CDCA7,4,4,4,27,3.5681651830673218,0.5163746178150177,3,3,3,3,3,3,3,3,3,FALSE,A
Q9BWT3,PAPOLG,7,7,7,27,2.9607211351394653,0.5593609511852264,3,3,3,3,3,3,3,3,3,FALSE,A
Q9BWT6,MND1,6,8,6,27,4.2408881187438965,0.8209568560123444,3,3,3,3,3,3,3,3,3,FALSE,A
Q9BWU0,SLC4A1AP,31,36,31,27,3.9834777116775513,0.8482051491737366,3,3,3,3,3,3,3,3,3,FALSE,A
Q9BWU1,CDK19,2,2,2,23,2.98170006275177,0.6484639644622803,0,3,2,3,3,3,3,3,3,FALSE,A
Q9BWW4,SSBP3,1,1,1,27,4.535429000854492,0.677154541015625,3,3,3,3,3,3,3,3,3,TRUE,B
Q9BX10,GTPBP2,11,11,11,26,3.1395227909088135,0.4307882487773895,2,3,3,3,3,3,3,3,3,FALSE,A
Q9BX40,LSM14B,16,20,16,27,4.853922605514526,0.9080564975738525,3,3,3,3,3,3,3,3,3,FALSE,A
Q9BX63,BRIP1,3,3,3,15,2.2573964595794678,0,0,3,2,0,3,1,2,2,2,FALSE,A
Q9BX66,SORBS1,11,11,11,27,3.0627079010009766,0.3984595537185669,3,3,3,3,3,3,3,3,3,FALSE,A
Q9BX67,JAM3,10,14,10,27,3.627249240875244,0.8226308226585388,3,3,3,3,3,3,3,3,3,FALSE,A
Q9BX68,HINT2,6,9,6,27,4.604618549346924,0.8813597857952118,3,3,3,3,3,3,3,3,3,FALSE,A
Q9BX70,BTBD2,4,4,4,23,2.691874623298645,0.6045509874820709,0,3,2,3,3,3,3,3,3,FALSE,A
Q9BX73,TM2D2,1,2,1,27,4.476530075073242,0.8324125707149506,3,3,3,3,3,3,3,3,3,TRUE,B
Q9BX74,TM2D1,2,3,2,27,4.480603933334351,0.8211332857608795,3,3,3,3,3,3,3,3,3,FALSE,A
Q9BX95,SGPP1,2,2,2,19,1.9741811752319336,0.10154927521944046,2,2,2,2,3,2,1,3,2,FALSE,A
Q9BXB1,LGR4,3,3,3,6,3.2002991437911987,0.6800556182861328,0,3,2,0,0,0,1,0,0,FALSE,A
Q9BXB4,OSBPL11,16,19,16,27,3.5488696098327637,0.7576493620872498,3,3,3,3,3,3,3,3,3,FALSE,A
Q9BXB5,OSBPL10,3,3,3,24,2.7284679412841797,0.2550554871559143,1,3,3,2,3,3,3,3,3,FALSE,A
Q9BXC9,BBS2,1,1,1,23,2.4769937992095947,0.6142804622650146,0,3,2,3,3,3,3,3,3,TRUE,C
Q9BXF3,CECR2,11,11,11,27,3.1270172595977783,0.6643741130828857,3,3,3,3,3,3,3,3,3,FALSE,A
Q9BXF6,RAB11FIP5,14,17,14,27,3.543207049369812,0.6116164028644562,3,3,3,3,3,3,3,3,3,FALSE,A
Q9BXI6,TBC1D10A,12,12,12,27,2.9397923946380615,0.22813302278518677,3,3,3,3,3,3,3,3,3,FALSE,A
Q9BXJ8,TMEM120A,2,2,2,24,3.763753890991211,0.7272249162197113,1,3,2,3,3,3,3,3,3,FALSE,A
Q9BXJ9,NAA15,33,48,33,27,4.232800006866455,0.8739694952964783,3,3,3,3,3,3,3,3,3,FALSE,A
Q9BXK1,KLF16,8,11,8,27,3.90377140045166,0.8003228902816772,3,3,3,3,3,3,3,3,3,FALSE,A
Q9BXK5,BCL2L13,11,11,11,27,3.601768732070923,0.6828672289848328,3,3,3,3,3,3,3,3,3,FALSE,A
Q9BXP2,SLC12A9,6,7,7,26,3.7749600410461426,0.7605074644088745,2,3,3,3,3,3,3,3,3,FALSE,A
Q9BXP5,SRRT,38,52,38,27,5.541855335235596,0.9497706294059753,3,3,3,3,3,3,3,3,3,FALSE,A
Q9BXR0,QTRT1,11,13,11,27,4.440345048904419,0.8163353800773621,3,3,3,3,3,3,3,3,3,FALSE,A
Q9BXS4,TMEM59,12,17,12,27,4.618936538696289,0.8264314830303192,3,3,3,3,3,3,3,3,3,FALSE,A
Q9BXS5,AP1M1,17,23,17,27,3.7612738609313965,0.7214871644973755,3,3,3,3,3,3,3,3,3,FALSE,A
Q9BXS6,NUSAP1,15,21,15,27,5.242605209350586,0.934995710849762,3,3,3,3,3,3,3,3,3,FALSE,A
Q9BXS9,SLC26A6,4,4,4,24,3.090854048728943,0.33754579722881317,1,3,2,3,3,3,3,3,3,FALSE,A
Q9BXV9,GON7,1,1,1,25,3.5882344245910645,0.8549656867980957,3,3,3,3,3,3,1,3,3,TRUE,C
Q9BXW6,OSBPL1A,3,4,3,25,2.827759027481079,0.47684016823768616,2,3,2,3,3,3,3,3,3,FALSE,A
Q9BXW7,HDHD5,14,18,14,27,3.9946320056915283,0.8296433687210083,3,3,3,3,3,3,3,3,3,FALSE,A
Q9BXW9,FANCD2,41,46,41,27,3.4493162631988525,0.6035540699958801,3,3,3,3,3,3,3,3,3,FALSE,A
Q9BXX0,EMILIN2,3,3,3,6,3.2202820777893066,0.5694916844367981,2,3,1,0,0,0,0,0,0,FALSE,A
Q9BXY0,MAK16,11,15,11,27,4.494906187057495,0.8600992858409882,3,3,3,3,3,3,3,3,3,FALSE,A
Q9BY12,SCAPER,16,18,16,27,3.0686588287353516,0.2977091372013092,3,3,3,3,3,3,3,3,3,FALSE,A
Q9BY27,DGCR6L,2,2,2,22,3.1296606063842773,0.028571100905537605,2,3,2,3,3,3,3,3,0,FALSE,A
Q9BY32,ITPA,10,14,10,27,4.659754276275635,0.8639196157455444,3,3,3,3,3,3,3,3,3,FALSE,A
Q9BY41,HDAC8,2,2,2,19,2.595246195793152,0.5506378412246704,1,3,2,2,3,0,3,3,2,FALSE,A
Q9BY42,RTF2,11,13,11,27,4.078612804412842,0.7996129989624023,3,3,3,3,3,3,3,3,3,FALSE,A
Q9BY43,CHMP4A,15,23,15,27,5.641853332519531,0.8930888772010803,3,3,3,3,3,3,3,3,3,FALSE,A
Q9BY44,EIF2A,27,33,27,27,4.391148567199707,0.8539751768112183,3,3,3,3,3,3,3,3,3,FALSE,A
Q9BY49,PECR,4,4,4,22,2.6252999305725098,0.5084652006626129,0,3,3,3,3,3,1,3,3,FALSE,A
Q9BY50,SEC11C,4,4,4,27,3.4424448013305664,0.8102014660835266,3,3,3,3,3,3,3,3,3,FALSE,A
Q9BY67,CADM1,11,14,11,27,3.8824387788772583,0.6266005337238312,3,3,3,3,3,3,3,3,3,FALSE,A
Q9BY77,POLDIP3,18,26,18,27,4.787827968597412,0.9072965681552887,3,3,3,3,3,3,3,3,3,FALSE,A
Q9BY89,KIAA1671,47,59,47,27,3.2605674266815186,0.5456791520118713,3,3,3,3,3,3,3,3,3,FALSE,A
Q9BYB4,GNB1L,11,13,11,27,3.431108832359314,0.7160553634166718,3,3,3,3,3,3,3,3,3,FALSE,A
Q9BYC5,FUT8,6,6,6,21,2.939997434616089,0.18208611011505127,2,3,3,3,3,2,2,0,3,FALSE,A
Q9BYC8,MRPL32,6,8,6,27,5.79467248916626,0.9135915637016296,3,3,3,3,3,3,3,3,3,FALSE,A
Q9BYC9,MRPL20,6,8,6,27,3.8539018630981445,0.7124069333076477,3,3,3,3,3,3,3,3,3,FALSE,A
Q9BYD1,MRPL13,13,18,13,27,5.174741268157959,0.8946224451065063,3,3,3,3,3,3,3,3,3,FALSE,A
Q9BYD2,MRPL9,11,17,11,27,5.293393611907959,0.9392718076705933,3,3,3,3,3,3,3,3,3,FALSE,A
Q9BYD3,MRPL4,13,21,13,27,4.675440311431885,0.8727907538414001,3,3,3,3,3,3,3,3,3,FALSE,A
Q9BYD6,MRPL1,16,22,16,27,4.271292686462402,0.8894866108894348,3,3,3,3,3,3,3,3,3,FALSE,A
Q9BYE7,PCGF6,9,9,9,27,2.947692394256592,0.6036299467086792,3,3,3,3,3,3,3,3,3,FALSE,A
Q9BYF1,ACE2,2,2,2,11,2.7823703289031982,0.4446535259485245,0,3,2,0,1,1,2,0,2,FALSE,A
Q9BYG3,NIFK,16,25,16,27,5.4928879737854,0.9466333985328674,3,3,3,3,3,3,3,3,3,FALSE,A
Q9BYG5,PARD6B,7,8,7,27,3.644576072692871,0.8326672315597534,3,3,3,3,3,3,3,3,3,FALSE,A
Q9BYI3,HYCC1,3,3,3,23,3.3816096782684326,0.18457691371440887,0,3,2,3,3,3,3,3,3,FALSE,A
Q9BYJ9,YTHDF1,7,7,7,27,4.3226399421691895,0.8185486793518066,3,3,3,3,3,3,3,3,3,FALSE,A
Q9BYK8,HELZ2,18,18,18,25,2.654802680015564,0.12390175834298134,2,3,2,3,3,3,3,3,3,FALSE,A
Q9BYM8,RBCK1,4,4,4,27,2.8660818338394165,0.1194366104900837,3,3,3,3,3,3,3,3,3,FALSE,A
Q9BYN0,SRXN1,3,3,3,19,3.39219868183136,0.7116595506668091,2,3,1,2,2,3,3,3,0,FALSE,A
Q9BYN8,MRPS26,11,15,11,27,5.871047496795654,0.9537293314933777,3,3,3,3,3,3,3,3,3,FALSE,A
Q9BYP7,WNK3,9,9,9,26,2.460200309753418,0.33535057306289673,2,3,3,3,3,3,3,3,3,FALSE,A
Q9BYT8,NLN,18,22,18,26,3.18776273727417,0.6766277551651001,2,3,3,3,3,3,3,3,3,FALSE,A
Q9BYV8,CEP41,11,15,11,27,4.41181755065918,0.8162899017333984,3,3,3,3,3,3,3,3,3,FALSE,A
Q9BYV9,BACH2,3,3,3,18,2.4496606588363647,0.051389120519161224,0,0,0,3,3,3,3,3,3,FALSE,A
Q9BYW2,SETD2,55,62,55,27,3.7065248489379883,0.7269471287727356,3,3,3,3,3,3,3,3,3,FALSE,A
Q9BYZ2,LDHAL6B,1,2,1,27,5.604290008544922,0.9530527889728546,3,3,3,3,3,3,3,3,3,TRUE,B
Q9BZ23,PANK2,5,5,5,25,3.261375904083252,0.16653111577033997,1,3,3,3,3,3,3,3,3,FALSE,A
Q9BZ67,FRMD8,2,2,2,16,2.3035898208618164,0,0,3,2,1,2,2,3,3,0,FALSE,A
Q9BZ95,NSD3,27,31,27,27,3.480940818786621,0.7518581748008728,3,3,3,3,3,3,3,3,3,FALSE,A
Q9BZD4,NUF2,12,12,12,27,4.105226993560791,0.7365869879722595,3,3,3,3,3,3,3,3,3,FALSE,A
Q9BZE1,MRPL37,24,33,24,27,4.5804595947265625,0.8947058320045471,3,3,3,3,3,3,3,3,3,FALSE,A
Q9BZE2,PUS3,2,2,2,23,3.638705253601074,0.5578871965408325,1,3,2,3,3,2,3,3,3,FALSE,A
Q9BZE4,GTPBP4,33,50,33,27,5.302934646606445,0.9370997548103333,3,3,3,3,3,3,3,3,3,FALSE,A
Q9BZE9,ASPSCR1,22,27,22,27,4.383866310119629,0.8655035197734833,3,3,3,3,3,3,3,3,3,FALSE,A
Q9BZF1,OSBPL8,23,28,23,27,3.658864378929138,0.6597879230976105,3,3,3,3,3,3,3,3,3,FALSE,A
Q9BZF3,OSBPL6,10,10,10,27,3.4095234870910645,0.6455865502357483,3,3,3,3,3,3,3,3,3,FALSE,A
Q9BZF9,UACA,60,80,60,27,3.916006088256836,0.75904381275177,3,3,3,3,3,3,3,3,3,FALSE,A
Q9BZG1,RAB34,4,4,4,27,3.2245813608169556,0.6168866753578186,3,3,3,3,3,3,3,3,3,FALSE,A
Q9BZG8,DPH1,4,4,4,26,2.987563371658325,0.6340721845626831,3,3,2,3,3,3,3,3,3,FALSE,A
Q9BZH6,WDR11,22,22,22,27,3.26465380191803,0.6011137068271637,3,3,3,3,3,3,3,3,3,FALSE,A
Q9BZI7,UPF3B,21,27,21,27,5.55950403213501,0.9311342239379883,3,3,3,3,3,3,3,3,3,FALSE,A
Q9BZJ0,CRNKL1,35,46,35,27,4.413692474365234,0.8508251309394836,3,3,3,3,3,3,3,3,3,FALSE,A
Q9BZK7,TBL1XR1,9,11,9,27,4.0505993366241455,0.6617540121078491,3,3,3,3,3,3,3,3,3,FALSE,A
Q9BZL1,UBL5,4,5,4,27,5.70428991317749,0.9216468334197998,3,3,3,3,3,3,3,3,3,FALSE,A
Q9BZL4,PPP1R12C,25,27,25,27,4.0065507888793945,0.7255006432533264,3,3,3,3,3,3,3,3,3,FALSE,A
Q9BZL6,PRKD2,8,8,8,25,2.628196954727173,0.5199058651924133,2,3,2,3,3,3,3,3,3,FALSE,A
Q9BZM1,PLA2G12A,3,4,3,27,3.6334500312805176,0.8283582925796509,3,3,3,3,3,3,3,3,3,FALSE,A
Q9BZM4,ULBP3,6,7,6,27,3.4977049827575684,0.6642780303955078,3,3,3,3,3,3,3,3,3,FALSE,A
Q9BZM5,ULBP2,2,2,2,27,6.046553611755371,0.9692934155464172,3,3,3,3,3,3,3,3,3,FALSE,A
Q9BZQ6,EDEM3,14,14,14,26,3.481184959411621,0.5478007197380066,2,3,3,3,3,3,3,3,3,FALSE,A
Q9BZQ8,NIBAN1,4,4,4,21,2.5232988595962524,0.49848395586013794,0,3,1,3,3,3,3,3,2,FALSE,A
Q9BZR6,RTN4R,7,7,7,24,3.2128052711486816,0.6761060655117035,3,3,3,3,2,3,3,1,3,FALSE,A
Q9BZV1,UBXN6,8,8,8,26,2.541973114013672,0.3674534559249878,2,3,3,3,3,3,3,3,3,FALSE,A
Q9BZX2,UCK2,6,8,6,27,4.808045387268066,0.8767334818840027,3,3,3,3,3,3,3,3,3,FALSE,A
Q9BZZ5,API5,26,38,26,27,4.7579665184021,0.9061474800109863,3,3,3,3,3,3,3,3,3,FALSE,A
Q9C005,DPY30,3,5,3,27,4.406390190124512,0.8683876693248749,3,3,3,3,3,3,3,3,3,FALSE,A
Q9C026,TRIM9,6,7,6,26,2.777776598930359,0.3701864182949066,3,3,2,3,3,3,3,3,3,FALSE,A
Q9C037,TRIM4,10,10,10,27,3.2477747201919556,0.27609145641326904,3,3,3,3,3,3,3,3,3,FALSE,A
Q9C040,TRIM2,4,4,4,23,2.932809352874756,0.47676122188568115,0,3,2,3,3,3,3,3,3,FALSE,A
Q9C073,FAM117A,4,4,4,21,2.6947258710861206,0.36581431329250336,3,2,1,3,3,3,3,2,1,FALSE,A
Q9C086,INO80B,7,8,7,27,3.7021961212158203,0.7676713466644287,3,3,3,3,3,3,3,3,3,FALSE,A
Q9C091,GREB1L,2,2,2,17,2.642288565635681,0.6531307697296143,0,3,2,1,1,2,3,3,2,FALSE,A
Q9C0A6,SETD5,10,10,10,26,2.9962836503982544,0.38610321283340454,2,3,3,3,3,3,3,3,3,FALSE,A
Q9C0B0,UNK,16,19,16,27,3.617450714111328,0.7384389042854309,3,3,3,3,3,3,3,3,3,FALSE,A
Q9C0B1,FTO,31,53,31,27,4.5759117603302,0.8490331768989563,3,3,3,3,3,3,3,3,3,FALSE,A
Q9C0B5,ZDHHC5,13,14,13,27,3.511764168739319,0.6012774407863617,3,3,3,3,3,3,3,3,3,FALSE,A
Q9C0B7,TANGO6,4,4,4,22,2.4861592054367065,0.34167438745498657,0,2,2,3,3,3,3,3,3,FALSE,A
Q9C0B9,ZCCHC2,1,1,1,5,2.377537250518799,0.46438828110694885,0,1,0,1,0,1,1,1,0,TRUE,C
Q9C0C2,TNKS1BP1,52,57,52,27,4.288589239120483,0.7208639681339264,3,3,3,3,3,3,3,3,3,FALSE,A
Q9C0C4,SEMA4C,10,10,10,27,2.6213293075561523,0.41876159608364105,3,3,3,3,3,3,3,3,3,FALSE,A
Q9C0C7,AMBRA1,15,15,15,23,2.7351486682891846,0.3799312710762024,0,3,2,3,3,3,3,3,3,FALSE,A
Q9C0C9,UBE2O,43,55,43,27,4.1700921058654785,0.8267324566841125,3,3,3,3,3,3,3,3,3,FALSE,A
Q9C0D3,ZYG11B,4,4,4,21,3.1223373413085938,0.8234219551086426,0,3,2,2,3,3,3,3,2,FALSE,A
Q9C0D4,ZNF518B,3,3,3,22,2.6924498081207275,0.2127789556980133,0,2,2,3,3,3,3,3,3,FALSE,A
Q9C0D5,TANC1,10,10,10,23,2.662513256072998,0.45585379004478455,0,3,2,3,3,3,3,3,3,FALSE,A
Q9C0D7,ZC3H12C,2,2,2,25,2.7382376194000244,0,2,3,2,3,3,3,3,3,3,FALSE,A
Q9C0E2,XPO4,10,10,10,24,2.724085807800293,0.5148208141326904,1,3,2,3,3,3,3,3,3,FALSE,A
Q9C0E8,LNPK,13,14,13,27,4.354139566421509,0.8633656799793243,3,3,3,3,3,3,3,3,3,FALSE,A
Q9C0F1,CEP44,6,6,6,26,2.595973491668701,0.42971789836883545,3,3,2,3,3,3,3,3,3,FALSE,A
Q9C0H2,TTYH3,6,8,6,27,4.041098594665527,0.6061583161354065,3,3,3,3,3,3,3,3,3,FALSE,A
Q9C0I1,MTMR12,5,5,5,18,2.213390827178955,0.0010037992615252733,0,3,2,3,2,3,3,2,0,FALSE,A
Q9C0J8,WDR33,42,52,42,27,3.6274359226226807,0.6940883994102478,3,3,3,3,3,3,3,3,3,FALSE,A
Q9C0J9,BHLHE41,1,1,1,6,2.4629863500595093,0,0,0,0,3,2,0,0,0,1,TRUE,C
Q9C0K0,BCL11B,5,5,5,27,2.5882331132888794,0.19468103349208832,3,3,3,3,3,3,3,3,3,FALSE,A
Q9GZL7,WDR12,19,29,19,27,5.148726940155029,0.9245442748069763,3,3,3,3,3,3,3,3,3,FALSE,A
Q9GZM5,YIPF3,5,5,5,24,3.5662537813186646,0.7369896471500397,2,3,3,3,3,3,2,2,3,FALSE,A
Q9GZM8,NDEL1,3,3,3,20,2.621903896331787,0.39708855748176575,1,1,0,3,3,3,3,3,3,FALSE,A
Q9GZN1,ACTR6,8,9,8,27,3.4815603494644165,0.6486136317253113,3,3,3,3,3,3,3,3,3,FALSE,A
Q9GZN2,TGIF2,3,3,3,18,2.8763020038604736,0.3823687732219696,1,2,1,3,3,3,3,2,0,FALSE,A
Q9GZN8,ADISSP,8,10,8,27,4.009970188140869,0.8905409872531891,3,3,3,3,3,3,3,3,3,FALSE,A
Q9GZP1,NRSN2,4,4,4,8,3.7974623441696167,0.5454204976558685,3,3,2,0,0,0,0,0,0,FALSE,A
Q9GZP4,PITHD1,12,17,12,27,4.341857433319092,0.8685979545116425,3,3,3,3,3,3,3,3,3,FALSE,A
Q9GZP9,DERL2,1,1,1,16,2.5796639919281006,0.6190192997455597,0,3,2,2,2,2,1,1,3,TRUE,C
Q9GZQ3,COMMD5,6,6,6,24,3.194845676422119,0.5578907132148743,3,3,3,3,3,3,3,3,0,FALSE,A
Q9GZR1,SENP6,5,5,5,27,3.143723964691162,0,3,3,3,3,3,3,3,3,3,FALSE,A
Q9GZR2,REXO4,20,30,20,27,5.213086128234863,0.9051907062530518,3,3,3,3,3,3,3,3,3,FALSE,A
Q9GZR7,DDX24,34,46,34,27,4.449929237365723,0.8086878657341003,3,3,3,3,3,3,3,3,3,FALSE,A
Q9GZS1,POLR1E,16,21,16,27,3.758313775062561,0.7298300266265869,3,3,3,3,3,3,3,3,3,FALSE,A
Q9GZS3,SKIC8,14,22,14,27,4.291476249694824,0.8585217595100403,3,3,3,3,3,3,3,3,3,FALSE,A
Q9GZT3,SLIRP,9,14,9,27,6.068990468978882,0.9555352926254272,3,3,3,3,3,3,3,3,3,FALSE,A
Q9GZT4,SRR,10,12,10,27,3.627403974533081,0.8090052008628845,3,3,3,3,3,3,3,3,3,FALSE,A
Q9GZT6,CCDC90B,4,4,4,27,2.771293878555298,0.7807807326316833,3,3,3,3,3,3,3,3,3,FALSE,A
Q9GZT8,NIF3L1,12,17,12,27,4.752651214599609,0.9342544674873352,3,3,3,3,3,3,3,3,3,FALSE,A
Q9GZT9,EGLN1,17,27,17,27,4.823697090148926,0.9111067652702332,3,3,3,3,3,3,3,3,3,FALSE,A
Q9GZU1,MCOLN1,6,6,6,27,3.000051736831665,0.19244489073753357,3,3,3,3,3,3,3,3,3,FALSE,A
Q9GZU3,TMEM39B,2,2,2,13,2.2095179557800293,0,0,2,0,3,3,1,1,2,1,FALSE,A
Q9GZU8,PSME3IP1,10,12,10,27,3.704077124595642,0.8700307607650757,3,3,3,3,3,3,3,3,3,FALSE,A
Q9GZV4,EIF5A2,1,2,1,23,3.1534104347229004,0.8218362331390381,3,3,2,1,3,3,3,3,2,TRUE,C
Q9GZX9,TWSG1,2,3,2,21,2.8654075860977173,0.9062759280204773,3,3,3,3,2,1,2,2,2,FALSE,A
Q9GZY4,COA1,6,9,6,27,3.3472790718078613,0.7515685558319092,3,3,3,3,3,3,3,3,3,FALSE,A
Q9GZY8,MFF,10,13,10,27,3.710354447364807,0.6231368482112885,3,3,3,3,3,3,3,3,3,FALSE,A
Q9GZZ1,NAA50,12,21,12,27,5.3378400802612305,0.8973667621612549,3,3,3,3,3,3,3,3,3,FALSE,A
Q9GZZ9,UBA5,10,14,10,27,3.812523365020752,0.8817819952964783,3,3,3,3,3,3,3,3,3,FALSE,A
Q9H000,MKRN2,15,20,15,27,3.6845812797546387,0.7935464382171631,3,3,3,3,3,3,3,3,3,FALSE,A
Q9H008,LHPP,6,6,6,27,3.6871399879455566,0.5847378969192505,3,3,3,3,3,3,3,3,3,FALSE,A
Q9H019,MTFR1L,7,8,7,25,2.851215124130249,0.5367894768714905,2,3,2,3,3,3,3,3,3,FALSE,A
Q9H040,SPRTN,3,3,3,21,2.1897895336151123,0,2,1,1,3,3,3,3,3,2,FALSE,A
Q9H061,TMEM126A,6,7,6,27,2.9010446071624756,0.7225050926208496,3,3,3,3,3,3,3,3,3,FALSE,A
Q9H074,PAIP1,9,11,9,27,4.243075370788574,0.8180975914001465,3,3,3,3,3,3,3,3,3,FALSE,A
Q9H078,CLPB,22,28,22,27,3.92065966129303,0.8282870948314667,3,3,3,3,3,3,3,3,3,FALSE,A
Q9H079,KATNBL1,2,2,2,13,2.7884702682495117,0.6168491244316101,1,2,1,3,2,1,2,1,0,FALSE,A
Q9H081,MIS12,6,8,6,27,3.4453285932540894,0.6018798649311066,3,3,3,3,3,3,3,3,3,FALSE,A
Q9H082,RAB33B,6,7,6,27,3.3307716846466064,0.7789195775985718,3,3,3,3,3,3,3,3,3,FALSE,A
Q9H089,LSG1,23,27,23,27,3.6797890663146973,0.5787899494171143,3,3,3,3,3,3,3,3,3,FALSE,A
Q9H098,FAM107B,8,13,8,27,5.049209117889404,0.9306324124336243,3,3,3,3,3,3,3,3,3,FALSE,A
Q9H0A0,NAT10,54,82,54,27,4.858116149902344,0.9182999134063721,3,3,3,3,3,3,3,3,3,FALSE,A
Q9H0A8,COMMD4,9,9,9,27,4.149585723876953,0.8400980830192566,3,3,3,3,3,3,3,3,3,FALSE,A
Q9H0B6,KLC2,22,27,22,27,4.429415464401245,0.835893303155899,3,3,3,3,3,3,3,3,3,FALSE,A
Q9H0C5,BTBD1,3,3,3,23,2.291260004043579,0.16365455090999603,1,3,2,2,3,3,3,3,3,FALSE,A
Q9H0C8,ILKAP,13,17,13,27,4.710153579711914,0.8934210538864136,3,3,3,3,3,3,3,3,3,FALSE,A
Q9H0D6,XRN2,41,54,41,27,4.624107122421265,0.8641180992126465,3,3,3,3,3,3,3,3,3,FALSE,A
Q9H0E2,TOLLIP,8,10,8,27,4.100339412689209,0.8174858093261719,3,3,3,3,3,3,3,3,3,FALSE,A
Q9H0E3,SAP130,15,18,15,27,4.342047691345215,0.823650598526001,3,3,3,3,3,3,3,3,3,FALSE,A
Q9H0E9,BRD8,23,30,23,27,3.922124743461609,0.8361500799655914,3,3,3,3,3,3,3,3,3,FALSE,A
Q9H0F7,ARL6,10,11,10,27,3.0358216762542725,0.5876075029373169,3,3,3,3,3,3,3,3,3,FALSE,A
Q9H0G5,NSRP1,11,13,11,27,4.037916421890259,0.8620437383651733,3,3,3,3,3,3,3,3,3,FALSE,A
Q9H0H0,INTS2,17,18,17,26,2.86922025680542,0.5492502450942993,2,3,3,3,3,3,3,3,3,FALSE,A
Q9H0H5,RACGAP1,27,34,27,27,4.041765213012695,0.8201804161071777,3,3,3,3,3,3,3,3,3,FALSE,A
Q9H0I2,ENKD1,7,7,7,21,3.1557013988494873,0.5458211004734039,3,2,1,3,3,3,3,3,0,FALSE,A
Q9H0K1,SIK2,3,3,3,15,2.563392400741577,0,0,3,2,3,1,3,3,0,0,FALSE,A
Q9H0L4,CSTF2T,14,17,14,27,3.847062826156616,0.7296555042266846,3,3,3,3,3,3,3,3,3,FALSE,A
Q9H0M0,WWP1,7,7,7,24,2.6028380393981934,0,1,3,2,3,3,3,3,3,3,FALSE,A
Q9H0N5,PCBD2,5,6,5,27,3.3002800941467285,0.12836629152297974,3,3,3,3,3,3,3,3,3,FALSE,A
Q9H0P0,NT5C3A,8,8,8,24,3.00124192237854,0.5559206008911133,1,3,2,3,3,3,3,3,3,FALSE,A
Q9H0R1,AP5M1,2,2,3,21,2.571621298789978,0.590213418006897,0,3,2,3,3,3,2,2,3,FALSE,A
Q9H0R4,HDHD2,6,8,6,27,3.256171464920044,0.7408957481384277,3,3,3,3,3,3,3,3,3,FALSE,A
Q9H0R6,QRSL1,14,15,14,27,3.3626580238342285,0.7012916207313538,3,3,3,3,3,3,3,3,3,FALSE,A
Q9H0R8,GABARAPL1,2,2,2,26,3.7041655778884888,0.9372424185276031,3,3,3,3,3,3,3,3,2,FALSE,A
Q9H0S4,DDX47,20,33,20,27,4.624516487121582,0.9063863754272461,3,3,3,3,3,3,3,3,3,FALSE,A
Q9H0U3,MAGT1,7,8,7,26,4.365791082382202,0.7014646232128143,2,3,3,3,3,3,3,3,3,FALSE,A
Q9H0U4,RAB1B,4,6,4,27,6.578749656677246,0.9732385277748108,3,3,3,3,3,3,3,3,3,FALSE,A
Q9H0U6,MRPL18,6,6,6,27,5.569775104522705,0.9458152651786804,3,3,3,3,3,3,3,3,3,FALSE,A
Q9H0U9,TSPYL1,12,14,12,27,3.450242280960083,0.5462791323661804,3,3,3,3,3,3,3,3,3,FALSE,A
Q9H0V9,LMAN2L,13,17,13,27,5.097907066345215,0.8975840210914612,3,3,3,3,3,3,3,3,3,FALSE,A
Q9H0W5,CCDC8,10,12,11,27,3.1856138706207275,0.4892520010471344,3,3,3,3,3,3,3,3,3,FALSE,A
Q9H0W8,SMG9,10,11,10,27,3.265007734298706,0.5584796071052551,3,3,3,3,3,3,3,3,3,FALSE,A
Q9H0W9,C11orf54,13,17,13,27,4.34906005859375,0.88697052001953125,3,3,3,3,3,3,3,3,3,FALSE,A
Q9H0X4,FAM234A,8,9,8,26,3.0443789958953857,0.7249850034713745,3,3,3,3,3,3,3,2,3,FALSE,A
Q9H0Z9,RBM38,1,2,1,12,2.8484336137771606,0.7115712761878967,0,0,1,3,2,3,2,1,0,TRUE,C
Q9H115,NAPB,2,2,2,14,2.8691823482513428,0.30549392104148865,1,3,2,1,1,1,2,2,1,FALSE,A
Q9H116,GZF1,11,11,11,27,3.3410892486572266,0.6443777084350586,3,3,3,3,3,3,3,3,3,FALSE,A
Q9H147,DNTTIP1,10,11,10,27,3.663551092147827,0.7002303898334503,3,3,3,3,3,3,3,3,3,FALSE,A
Q9H160,ING2,6,8,6,27,3.8988521099090576,0.8477243781089783,3,3,3,3,3,3,3,3,3,FALSE,A
Q9H161,ALX4,1,1,1,21,3.041826009750366,0.4615931510925293,1,2,2,3,2,3,2,3,3,TRUE,C
Q9H165,BCL11A,14,17,14,27,3.263532042503357,0.6389176845550537,3,3,3,3,3,3,3,3,3,FALSE,A
Q9H173,SIL1,9,9,9,27,4.4555864334106445,0.8424079418182373,3,3,3,3,3,3,3,3,3,FALSE,A
Q9H1A3,METTL9,4,4,4,17,2.626326560974121,0.04751178249716759,0,3,2,3,3,2,1,1,2,FALSE,A
Q9H1A4,ANAPC1,15,16,15,25,2.7210183143615723,0.6548756062984467,1,3,3,3,3,3,3,3,3,FALSE,A
Q9H1B5,XYLT2,4,4,4,25,3.515337824821472,0.613405853509903,1,3,3,3,3,3,3,3,3,FALSE,A
Q9H1B7,IRF2BPL,16,16,16,27,3.3866660594940186,0.6110489368438721,3,3,3,3,3,3,3,3,3,FALSE,A
Q9H1C4,UNC93B1,1,1,1,20,2.598863363265991,0,0,2,2,3,3,3,2,2,3,TRUE,C
Q9H1C7,CYSTM1,1,1,1,11,3.6627750396728516,0.44003716111183167,2,3,3,0,0,0,1,1,1,TRUE,C
Q9H1D9,POLR3F,13,14,13,27,3.6395156383514404,0.557626485824585,3,3,3,3,3,3,3,3,3,FALSE,A
Q9H1E3,NUCKS1,11,15,11,27,6.394730567932129,0.9671946167945862,3,3,3,3,3,3,3,3,3,FALSE,A
Q9H1E5,TMX4,3,3,3,27,5.335754632949829,0.9558842778205872,3,3,3,3,3,3,3,3,3,FALSE,A
Q9H1H9,KIF13A,5,5,5,22,2.5214080810546875,0.15368465334177017,1,3,2,2,2,3,3,3,3,FALSE,A
Q9H1I8,ASCC2,18,20,18,27,3.6608569622039795,0.7309363186359406,3,3,3,3,3,3,3,3,3,FALSE,A
Q9H1K0,RBSN,14,16,14,27,3.301903247833252,0.5770414471626282,3,3,3,3,3,3,3,3,3,FALSE,A
Q9H1K1,ISCU,8,11,8,27,4.39154052734375,0.8557180166244507,3,3,3,3,3,3,3,3,3,FALSE,A
Q9H1P3,OSBPL2,5,5,5,25,2.782261848449707,0.5671109557151794,2,3,2,3,3,3,3,3,3,FALSE,A
Q9H1Y0,ATG5,9,10,9,26,3.116516351699829,0.7244559228420258,3,3,2,3,3,3,3,3,3,FALSE,A
Q9H1Z4,WDR13,13,15,13,27,3.34333872795105,0.6637506484985352,3,3,3,3,3,3,3,3,3,FALSE,A
Q9H1Z9,TSPAN10,7,7,7,15,3.163724660873413,0.5153510570526123,3,3,3,1,1,1,2,1,0,FALSE,A
Q9H211,CDT1,9,9,9,27,3.167570114135742,0.53490447998046875,3,3,3,3,3,3,3,3,3,FALSE,A
Q9H223,EHD4,19,19,19,27,4.442780494689941,0.771093875169754,3,3,3,3,3,3,3,3,3,FALSE,A
Q9H267,VPS33B,17,18,17,25,2.9006998538970947,0.5492006540298462,1,3,3,3,3,3,3,3,3,FALSE,A
Q9H269,VPS16,22,22,22,26,3.160311222076416,0.5060346722602844,2,3,3,3,3,3,3,3,3,FALSE,A
Q9H270,VPS11,11,12,11,25,3.038272261619568,0.418803870677948,1,3,3,3,3,3,3,3,3,FALSE,A
Q9H299,SH3BGRL3,3,5,3,27,5.928471803665161,0.9687855839729309,3,3,3,3,3,3,3,3,3,FALSE,A
Q9H2C0,GAN,9,9,9,25,2.8956881761550903,0.3493622690439224,2,3,2,3,3,3,3,3,3,FALSE,A
Q9H2C2,ARV1,1,1,1,23,2.670612335205078,0.361737459897995,0,3,2,3,3,3,3,3,3,TRUE,C
Q9H2D1,SLC25A32,1,1,1,19,3.2872819900512695,0.6610944271087646,0,3,2,3,2,2,2,2,3,TRUE,C
Q9H2D6,TRIOBP,19,23,19,27,3.546489119529724,0.6793908774852753,3,3,3,3,3,3,3,3,3,FALSE,A
Q9H2E6,SEMA6A,14,15,14,27,3.4727530479431152,0.36839115619659424,3,3,3,3,3,3,3,3,3,FALSE,A
Q9H2F5,EPC1,4,4,4,26,3.0643868446350098,0.6886361837387085,2,3,3,3,3,3,3,3,3,FALSE,A
Q9H2G2,SLK,48,56,48,27,4.01852822303772,0.8017020523548126,3,3,3,3,3,3,3,3,3,FALSE,A
Q9H2G9,BLZF1,6,6,6,26,2.4267361164093018,0,3,3,3,3,2,3,3,3,3,FALSE,A
Q9H2H8,PPIL3,8,10,8,27,4.3454368114471436,0.816431999206543,3,3,3,3,3,3,3,3,3,FALSE,A
Q9H2H9,SLC38A1,5,5,5,26,3.3078243732452393,0.584856390953064,2,3,3,3,3,3,3,3,3,FALSE,A
Q9H2J4,PDCL3,12,16,12,27,4.249027729034424,0.6795898079872131,3,3,3,3,3,3,3,3,3,FALSE,A
Q9H2J7,SLC6A15,6,6,6,13,2.43764066696167,0.47767044603824615,0,3,2,1,1,2,1,1,2,FALSE,A
Q9H2K0,MTIF3,8,9,8,27,4.114121913909912,0.8848625421524048,3,3,3,3,3,3,3,3,3,FALSE,A
Q9H2K8,TAOK3,10,10,10,27,2.6579678058624268,0.17760837078094482,3,3,3,3,3,3,3,3,3,FALSE,A
Q9H2M9,RAB3GAP2,36,39,36,27,3.549363374710083,0.7610710263252258,3,3,3,3,3,3,3,3,3,FALSE,A
Q9H2P0,ADNP,45,60,45,27,4.208948612213135,0.8177553713321686,3,3,3,3,3,3,3,3,3,FALSE,A
Q9H2P9,DPH5,9,10,9,27,3.6182003021240234,0.8120484352111816,3,3,3,3,3,3,3,3,3,FALSE,A
Q9H2U1,DHX36,32,39,32,27,3.6685478687286377,0.7478708028793335,3,3,3,3,3,3,3,3,3,FALSE,A
Q9H2U2,PPA2,19,35,19,27,5.103473663330078,0.9291391968727112,3,3,3,3,3,3,3,3,3,FALSE,A
Q9H2V7,SPNS1,6,8,6,26,2.8689305782318115,0.6405232548713684,2,3,3,3,3,3,3,3,3,FALSE,A
Q9H2W6,MRPL46,10,13,10,27,4.633668899536133,0.9129965305328369,3,3,3,3,3,3,3,3,3,FALSE,A
Q9H2Y7,ZNF106,38,39,38,27,3.146415948867798,0.4688148647546768,3,3,3,3,3,3,3,3,3,FALSE,A
Q9H307,PNN,35,53,35,27,4.97540283203125,0.9038263559341431,3,3,3,3,3,3,3,3,3,FALSE,A
Q9H330,TMEM245,3,3,3,27,4.064007997512817,0.5905323326587677,3,3,3,3,3,3,3,3,3,FALSE,A
Q9H334,FOXP1,8,8,8,27,3.7343175411224365,0.7378661632537842,3,3,3,3,3,3,3,3,3,FALSE,A
Q9H336,CRISPLD1,8,8,8,9,3.4281435012817383,0.032236143946647644,3,3,3,0,0,0,0,0,0,FALSE,A
Q9H3C7,GGNBP2,3,3,3,20,2.6730778217315674,0.2876053750514984,2,3,3,3,2,2,3,2,0,FALSE,A
Q9H3F6,KCTD10,7,8,7,27,3.4557560682296753,0.5976766645908356,3,3,3,3,3,3,3,3,3,FALSE,A
Q9H3G5,CPVL,16,18,16,27,4.877256870269775,0.8677138686180115,3,3,3,3,3,3,3,3,3,FALSE,A
Q9H3H3,C11orf68,9,9,9,27,3.60299015045166,0.7307862043380737,3,3,3,3,3,3,3,3,3,FALSE,A
Q9H3H5,DPAGT1,3,3,3,23,2.869455337524414,0.6873058080673218,0,3,2,3,3,3,3,3,3,FALSE,A
Q9H3J6,MTRFR,4,5,4,26,3.619661569595337,0.7639386057853699,3,2,3,3,3,3,3,3,3,FALSE,A
Q9H3K2,GHITM,5,5,5,23,3.319840669631958,0.5428022146224976,0,3,2,3,3,3,3,3,3,FALSE,A
Q9H3K6,BOLA2B,5,8,5,27,5.5368452072143555,0.9539906978607178,3,3,3,3,3,3,3,3,3,FALSE,A
Q9H3L0,MMADHC,4,4,4,23,2.7203407287597656,0.12915000319480896,2,3,2,3,3,1,3,3,3,FALSE,A
Q9H3M7,TXNIP,2,2,2,13,2.968151092529297,0.536890372633934,2,0,0,3,3,3,2,0,0,FALSE,A
Q9H3N1,TMX1,13,21,13,27,5.053427696228027,0.9123803377151489,3,3,3,3,3,3,3,3,3,FALSE,A
Q9H3P2,NELFA,19,25,19,27,4.6181817054748535,0.8695808947086334,3,3,3,3,3,3,3,3,3,FALSE,A
Q9H3P7,ACBD3,18,29,18,27,4.844809055328369,0.8852055072784424,3,3,3,3,3,3,3,3,3,FALSE,A
Q9H3Q1,CDC42EP4,7,8,7,27,3.61125111579895,0.718136727809906,3,3,3,3,3,3,3,3,3,FALSE,A
Q9H3R5,CENPH,11,12,11,27,4.207386493682861,0.8659054040908813,3,3,3,3,3,3,3,3,3,FALSE,A
Q9H3S5,PIGM,1,1,1,13,2.3366241455078125,0,0,0,0,2,3,1,2,2,3,TRUE,C
Q9H3S7,PTPN23,36,40,36,27,3.3278385400772095,0.6745503544807434,3,3,3,3,3,3,3,3,3,FALSE,A
Q9H3U1,UNC45A,34,41,34,27,4.321343183517456,0.7680639922618866,3,3,3,3,3,3,3,3,3,FALSE,A
Q9H3U5,MFSD1,2,2,2,26,3.545992851257324,0.42881327867507935,2,3,3,3,3,3,3,3,3,FALSE,A
Q9H3Z4,DNAJC5,6,8,6,27,4.575918197631836,0.8640008270740509,3,3,3,3,3,3,3,3,3,FALSE,A
Q9H410,DSN1,13,19,13,27,3.937070608139038,0.7325661778450012,3,3,3,3,3,3,3,3,3,FALSE,A
Q9H425,C1orf198,10,12,10,27,3.76735782623291,0.7791001498699188,3,3,3,3,3,3,3,3,3,FALSE,A
Q9H444,CHMP4B,11,15,11,27,6.424588441848755,0.9782216250896454,3,3,3,3,3,3,3,3,3,FALSE,A
Q9H446,RWDD1,3,3,3,27,3.7374448776245117,0.708325982093811,3,3,3,3,3,3,3,3,3,FALSE,A
Q9H461,FZD8,1,1,1,11,2.586191415786743,0,1,3,3,1,0,0,2,0,1,TRUE,C
Q9H467,CUEDC2,10,13,10,27,4.487818717956543,0.8306789994239807,3,3,3,3,3,3,3,3,3,FALSE,A
Q9H469,FBXL15,1,1,1,4,2.5267447233200073,0.5025222897529602,0,2,2,0,0,0,0,0,0,TRUE,C
Q9H488,POFUT1,10,14,10,27,4.029460906982422,0.8470591306686401,3,3,3,3,3,3,3,3,3,FALSE,A
Q9H490,PIGU,1,2,1,20,2.134990930557251,0.7861661314964294,0,3,1,3,3,2,3,2,3,TRUE,C
Q9H497,TOR3A,12,15,12,27,3.2729108333587646,0.6236026287078857,3,3,3,3,3,3,3,3,3,FALSE,A
Q9H4A3,WNK1,31,43,31,27,4.157330513000488,0.8495631814002991,3,3,3,3,3,3,3,3,3,FALSE,A
Q9H4A4,RNPEP,28,38,28,27,4.8582751750946045,0.8879256546497345,3,3,3,3,3,3,3,3,3,FALSE,A
Q9H4A5,GOLPH3L,11,12,11,27,3.4682960510253906,0.7341464161872864,3,3,3,3,3,3,3,3,3,FALSE,A
Q9H4A6,GOLPH3,7,8,7,27,4.400083065032959,0.8729889988899231,3,3,3,3,3,3,3,3,3,FALSE,A
Q9H4B0,OSGEPL1,2,2,2,23,3.704010248184204,0.7603708207607269,0,3,3,3,3,2,3,3,3,FALSE,A
Q9H4B6,SAV1,8,9,8,27,3.0197482109069824,0.46412496268749237,3,3,3,3,3,3,3,3,3,FALSE,A
Q9H4F8,SMOC1,14,18,14,27,4.1564555168151855,0.8239180743694305,3,3,3,3,3,3,3,3,3,FALSE,A
Q9H4G0,EPB41L1,2,2,2,23,2.6851730346679688,0.38173869252204895,1,3,3,3,3,3,2,2,3,FALSE,A
Q9H4G4,GLIPR2,5,5,5,27,4.871797561645508,0.8620397448539734,3,3,3,3,3,3,3,3,3,FALSE,A
Q9H4H8,FAM83D,7,7,7,27,2.6312623023986816,0.5342814326286316,3,3,3,3,3,3,3,3,3,FALSE,A
Q9H4I2,ZHX3,12,13,12,27,2.735015630722046,0.4809095859527588,3,3,3,3,3,3,3,3,3,FALSE,A
Q9H4I3,TRABD,1,1,1,12,3.5545601844787598,0.7770203351974487,0,3,2,1,1,2,1,0,2,TRUE,C
Q9H4I9,SMDT1,2,2,2,24,2.964717984199524,0.7338312268257141,2,2,3,2,3,3,3,3,3,FALSE,A
Q9H4K7,MTG2,4,4,4,26,3.317983031272888,0.4927658587694168,3,3,2,3,3,3,3,3,3,FALSE,A
Q9H4L4,SENP3,17,21,17,27,4.050992727279663,0.808739185333252,3,3,3,3,3,3,3,3,3,FALSE,A
Q9H4L5,OSBPL3,14,14,14,27,2.651839256286621,0.4166422188282013,3,3,3,3,3,3,3,3,3,FALSE,A
Q9H4L7,SMARCAD1,19,22,19,27,3.8257765769958496,0.8397496342658997,3,3,3,3,3,3,3,3,3,FALSE,A
Q9H4M3,FBXO44,3,3,3,27,4.263649940490723,0.8875242471694946,3,3,3,3,3,3,3,3,3,FALSE,A
Q9H4M9,EHD1,18,23,18,27,3.8931586742401123,0.8059908151626587,3,3,3,3,3,3,3,3,3,FALSE,A
Q9H4P4,RNF41,2,2,2,9,2.2445613145828247,0.1123531274497509,0,3,2,1,2,0,0,1,0,FALSE,A
Q9H4W6,EBF3,3,3,3,25,2.5243884325027466,0,1,3,3,3,3,3,3,3,3,FALSE,A
Q9H4Z2,ZNF335,2,2,2,21,3.0411734580993652,0,3,3,3,2,2,0,3,3,2,FALSE,A
Q9H4Z3,PCIF1,11,11,11,26,3.0071663856506348,0.4710332453250885,3,3,2,3,3,3,3,3,3,FALSE,A
Q9H501,ESF1,32,47,32,27,4.359556198120117,0.8828884363174438,3,3,3,3,3,3,3,3,3,FALSE,A
Q9H553,ALG2,5,5,5,23,3.227910280227661,0.3879685699939728,0,3,2,3,3,3,3,3,3,FALSE,A
Q9H582,ZNF644,30,32,30,27,3.239428997039795,0.5900309085845947,3,3,3,3,3,3,3,3,3,FALSE,A
Q9H583,HEATR1,87,123,87,27,4.3104753494262695,0.8757330179214478,3,3,3,3,3,3,3,3,3,FALSE,A
Q9H5H4,ZNF768,16,19,16,27,5.0669896602630615,0.8838902711868286,3,3,3,3,3,3,3,3,3,FALSE,A
Q9H5I1,SUV39H2,12,15,12,27,3.46278715133667,0.5361857414245605,3,3,3,3,3,3,3,3,3,FALSE,A
Q9H5J8,TAF1D,2,2,2,27,3.6346147060394287,0.5806772708892822,3,3,3,3,3,3,3,3,3,FALSE,A
Q9H5K3,POMK,8,12,8,27,3.4591877460479736,0.827744722366333,3,3,3,3,3,3,3,3,3,FALSE,A
Q9H5N1,RABEP2,3,3,3,20,1.9573234915733337,0.09584170579910278,3,3,3,2,3,2,3,0,1,FALSE,A
Q9H5Q4,TFB2M,6,6,6,27,3.560285449028015,0.7016449570655823,3,3,3,3,3,3,3,3,3,FALSE,A
Q9H5U6,ZCCHC4,2,2,2,21,3.5285046100616455,0.544189840555191,0,3,3,1,3,3,2,3,3,FALSE,A
Q9H5V7,IKZF5,3,3,3,11,2.489591360092163,0,3,1,2,2,0,0,0,1,2,FALSE,A
Q9H5V9,STEEP1,10,13,10,27,4.7928147315979,0.8566462993621826,3,3,3,3,3,3,3,3,3,FALSE,A
Q9H5X1,CIAO2A,5,5,5,26,2.881290912628174,0.4061495065689087,3,3,3,3,3,3,2,3,3,FALSE,A
Q9H5Z1,DHX35,15,15,15,26,3.122314214706421,0.5666346549987793,2,3,3,3,3,3,3,3,3,FALSE,A
Q9H609,ZNF576,1,2,1,18,2.7685530185699463,0.0548245869576931,2,2,0,3,3,3,3,2,0,TRUE,C
Q9H633,RPP21,4,4,4,26,2.8254826068878174,0.6560977697372437,3,3,3,3,2,3,3,3,3,FALSE,A
Q9H6A9,PCNX3,2,2,2,20,2.9462238550186157,0.4038275182247162,0,3,2,3,3,2,1,3,3,FALSE,A
Q9H6D7,HAUS4,8,8,8,27,3.110957622528076,0.59383392333984375,3,3,3,3,3,3,3,3,3,FALSE,A
Q9H6E4,CCDC134,12,21,12,27,5.503628730773926,0.9431833028793335,3,3,3,3,3,3,3,3,3,FALSE,A
Q9H6E5,TUT1,13,15,13,27,2.966128349304199,0.4652020186185837,3,3,3,3,3,3,3,3,3,FALSE,A
Q9H6F5,CCDC86,17,26,17,27,5.487117767333984,0.9328103065490723,3,3,3,3,3,3,3,3,3,FALSE,A
Q9H6H4,REEP4,2,3,2,26,2.8931915760040283,0.6309382319450378,2,3,3,3,3,3,3,3,3,FALSE,A
Q9H6K1,ILRUN,3,3,3,17,2.421717643737793,0.17169155180454254,2,3,2,2,2,2,2,2,0,FALSE,A
Q9H6K4,OPA3,2,3,2,25,2.5835134983062744,0.7611618936061859,1,3,3,3,3,3,3,3,3,FALSE,A
Q9H6K5,PRR36,11,12,11,27,3.793246269226074,0.7132721543312073,3,3,3,3,3,3,3,3,3,FALSE,A
Q9H6L2,TMEM231,2,2,2,16,2.937983512878418,0.7594619393348694,0,3,2,1,3,0,1,3,3,FALSE,A
Q9H6L4,ARMC7,1,1,1,15,2.9492204189300537,0.06283050775527954,0,1,0,3,3,2,3,3,0,TRUE,C
Q9H6P5,TASP1,2,2,2,24,2.817177891731262,0.6222968101501465,1,3,2,3,3,3,3,3,3,FALSE,A
Q9H6Q4,CIAO3,3,3,3,25,3.0379514694213867,0.41070887446403503,3,3,3,3,3,1,3,3,3,FALSE,A
Q9H6R0,DHX33,26,32,26,26,3.5886502265930176,0.6433795094490051,2,3,3,3,3,3,3,3,3,FALSE,A
Q9H6R3,ACSS3,3,3,3,21,2.4463930130004883,0.22281865775585175,0,3,2,3,3,2,2,3,3,FALSE,A
Q9H6R4,NOL6,31,40,31,27,3.995215058326721,0.7687474191188812,3,3,3,3,3,3,3,3,3,FALSE,A
Q9H6R6,ZDHHC6,1,1,1,18,2.756551742553711,0,0,2,1,3,3,2,1,3,3,TRUE,C
Q9H6R7,WDCP,4,4,4,23,3.0134212970733643,0.4988075792789459,0,3,2,3,3,3,3,3,3,FALSE,A
Q9H6S0,YTHDC2,35,35,35,27,3.1938910484313965,0.5210435688495636,3,3,3,3,3,3,3,3,3,FALSE,A
Q9H6S1,AZI2,8,8,8,26,2.9813649654388428,0.5059247016906738,3,3,2,3,3,3,3,3,3,FALSE,A
Q9H6T3,RPAP3,28,37,28,27,4.740722179412842,0.9109587073326111,3,3,3,3,3,3,3,3,3,FALSE,A
Q9H6U6,BCAS3,12,12,12,26,2.6058340072631836,0.2786068320274353,3,3,2,3,3,3,3,3,3,FALSE,A
Q9H6U8,ALG9,5,5,5,24,3.131484031677246,0.4188348352909088,0,3,3,3,3,3,3,3,3,FALSE,A
Q9H6V9,LDAH,2,2,2,27,4.88950514793396,0.8467472195625305,3,3,3,3,3,3,3,3,3,FALSE,A
Q9H6X2,ANTXR1,9,11,9,27,3.232044816017151,0.5807105600833893,3,3,3,3,3,3,3,3,3,FALSE,A
Q9H6Y2,WDR55,14,18,14,27,3.8139623403549194,0.7732264995574951,3,3,3,3,3,3,3,3,3,FALSE,A
Q9H6Y7,RNF167,6,7,6,27,4.245048522949219,0.8756298422813416,3,3,3,3,3,3,3,3,3,FALSE,A
Q9H6Z4,RANBP3,14,20,14,27,5.128123760223389,0.8783242106437683,3,3,3,3,3,3,3,3,3,FALSE,A
Q9H6Z9,EGLN3,1,1,1,4,2.6320873498916626,0.006791382096707821,2,0,1,0,1,0,0,0,0,TRUE,C
Q9H706,GAREM1,2,2,2,14,2.5543417930603027,0,0,3,2,3,2,2,1,0,1,FALSE,A
Q9H741,SPRING1,2,3,2,15,3.2759146690368652,0.603981614112854,3,3,3,1,2,1,2,0,0,FALSE,A
Q9H773,DCTPP1,11,15,11,27,4.925450801849365,0.9196540117263794,3,3,3,3,3,3,3,3,3,FALSE,A
Q9H777,ELAC1,3,3,3,21,3.1281909942626953,0.32435810565948486,3,3,2,3,3,2,3,2,0,FALSE,A
Q9H788,SH2D4A,2,3,2,5,3.1350648403167725,0.5999502837657928,0,3,1,0,0,1,0,0,0,FALSE,A
Q9H792,PEAK1,17,17,17,27,2.8330812454223633,0.38844218850135803,3,3,3,3,3,3,3,3,3,FALSE,A
Q9H7B2,RPF2,17,26,17,27,5.2172770500183105,0.9423791170120239,3,3,3,3,3,3,3,3,3,FALSE,A
Q9H7B4,SMYD3,7,7,7,23,3.1065773963928223,0.7205805480480194,0,3,2,3,3,3,3,3,3,FALSE,A
Q9H7C9,AAMDC,6,10,6,27,5.442355632781982,0.916211724281311,3,3,3,3,3,3,3,3,3,FALSE,A
Q9H7D0,DOCK5,1,1,2,4,2.4644949436187744,0.20101775228977203,0,2,2,0,0,0,0,0,0,TRUE,C
Q9H7D7,WDR26,19,28,19,27,4.002925395965576,0.8483698964118958,3,3,3,3,3,3,3,3,3,FALSE,A
Q9H7E2,TDRD3,13,13,13,27,3.2661914825439453,0.30922672152519226,3,3,3,3,3,3,3,3,3,FALSE,A
Q9H7E9,C8orf33,8,10,8,27,4.725281238555908,0.9176625609397888,3,3,3,3,3,3,3,3,3,FALSE,A
Q9H7H0,METTL17,5,5,5,24,3.106837749481201,0.13333189114928246,0,3,3,3,3,3,3,3,3,FALSE,A
Q9H7L9,SUDS3,11,13,11,27,3.7681353092193604,0.7053208351135254,3,3,3,3,3,3,3,3,3,FALSE,A
Q9H7N4,SCAF1,24,27,24,27,4.385975360870361,0.8349181413650513,3,3,3,3,3,3,3,3,3,FALSE,A
Q9H7S9,ZNF703,8,10,8,27,2.9926156997680664,0.3860820233821869,3,3,3,3,3,3,3,3,3,FALSE,A
Q9H7X3,ZNF696,4,4,4,27,2.6510798931121826,0.15828002244234085,3,3,3,3,3,3,3,3,3,FALSE,A
Q9H7Z3,NRDE2,20,20,20,26,3.26470947265625,0.49870696663856506,2,3,3,3,3,3,3,3,3,FALSE,A
Q9H7Z6,KAT8,13,18,13,27,3.5403724908828735,0.7078999578952789,3,3,3,3,3,3,3,3,3,FALSE,A
Q9H7Z7,PTGES2,13,18,13,27,4.044206142425537,0.8424018621444702,3,3,3,3,3,3,3,3,3,FALSE,A
Q9H813,PACC1,6,6,6,27,3.605586290359497,0.7201767861843109,3,3,3,3,3,3,3,3,3,FALSE,A
Q9H814,PHAX,16,22,16,27,4.632713317871094,0.8961054682731628,3,3,3,3,3,3,3,3,3,FALSE,A
Q9H832,UBE2Z,12,15,12,27,3.8961777687072754,0.721130907535553,3,3,3,3,3,3,3,3,3,FALSE,A
Q9H840,GEMIN7,1,1,1,26,2.684638738632202,0.5103104561567307,3,3,3,3,3,3,3,3,2,TRUE,C
Q9H845,ACAD9,27,35,27,27,4.032690763473511,0.8214623928070068,3,3,3,3,3,3,3,3,3,FALSE,A
Q9H857,NT5DC2,21,23,21,26,4.231022357940674,0.8790467083454132,2,3,3,3,3,3,3,3,3,FALSE,A
Q9H867,VCPKMT,2,2,2,21,3.0724551677703857,0,1,2,1,3,3,3,2,3,3,FALSE,A
Q9H869,YY1AP1,2,2,2,24,3.1335620880126953,0,1,3,2,3,3,3,3,3,3,FALSE,A
Q9H871,RMND5A,8,9,8,27,3.426569104194641,0.6585785150527954,3,3,3,3,3,3,3,3,3,FALSE,A
Q9H875,PRKRIP1,5,8,5,27,4.634622812271118,0.8810262382030487,3,3,3,3,3,3,3,3,3,FALSE,A
Q9H892,TTC12,2,2,2,26,3.658848524093628,0.5716760158538818,3,3,2,3,3,3,3,3,3,FALSE,A
Q9H8E8,KAT14,10,10,10,25,2.3823297023773193,0.35039468109607697,2,3,3,3,3,2,3,3,3,FALSE,A
Q9H8G2,CAAP1,11,16,11,27,4.16000771522522,0.6710017919540405,3,3,3,3,3,3,3,3,3,FALSE,A
Q9H8H0,NOL11,33,40,33,26,4.148609161376953,0.8784778118133545,2,3,3,3,3,3,3,3,3,FALSE,A
Q9H8H2,DDX31,26,28,26,27,3.5884530544281006,0.7546490430831909,3,3,3,3,3,3,3,3,3,FALSE,A
Q9H8H3,TMT1A,6,6,6,26,3.6945215463638306,0.7302707433700562,2,3,3,3,3,3,3,3,3,FALSE,A
Q9H8J5,MANSC1,3,3,3,22,3.247182607650757,0.518415093421936,3,3,3,3,3,3,3,0,1,FALSE,A
Q9H8K7,PAAT,3,3,3,19,2.2208707332611084,0.45812639594078064,2,3,2,1,1,3,3,3,1,FALSE,A
Q9H8M2,BRD9,13,15,13,27,3.2194457054138184,0.7367976903915405,3,3,3,3,3,3,3,3,3,FALSE,A
Q9H8M5,CNNM2,3,3,3,27,3.464803457260132,0.5963813066482544,3,3,3,3,3,3,3,3,3,FALSE,A
Q9H8M7,MINDY3,9,9,9,27,4.723742246627808,0.8179261684417725,3,3,3,3,3,3,3,3,3,FALSE,A
Q9H8T0,AKTIP,6,6,6,24,2.532502293586731,0.5526349544525146,2,3,3,2,3,2,3,3,3,FALSE,A
Q9H8U3,ZFAND3,5,6,5,25,3.715421676635742,0.7574199140071869,3,3,3,3,3,3,3,3,1,FALSE,A
Q9H8V3,ECT2,17,19,17,25,3.041247606277466,0.5052852630615234,2,3,2,3,3,3,3,3,3,FALSE,A
Q9H8W3,FAM204A,7,7,7,27,3.3000125885009766,0.5312280654907227,3,3,3,3,3,3,3,3,3,FALSE,A
Q9H8W4,PLEKHF2,7,8,7,27,3.8979352712631226,0.7002450823783875,3,3,3,3,3,3,3,3,3,FALSE,A
Q9H8Y5,ANKZF1,13,14,13,27,3.4878456592559814,0.6284976601600647,3,3,3,3,3,3,3,3,3,FALSE,A
Q9H8Y8,GORASP2,9,12,9,27,4.225191593170166,0.8699643611907959,3,3,3,3,3,3,3,3,3,FALSE,A
Q9H900,ZWILCH,7,8,7,25,3.345499038696289,0.7339017987251282,2,3,2,3,3,3,3,3,3,FALSE,A
Q9H910,JPT2,11,17,11,27,6.226395606994629,0.9600229263305664,3,3,3,3,3,3,3,3,3,FALSE,A
Q9H920,RNF121,2,2,2,11,2.22689151763916,0.6040210425853729,0,2,2,1,1,0,1,1,3,FALSE,A
Q9H936,SLC25A22,4,4,4,26,4.505229473114014,0.5127699971199036,2,3,3,3,3,3,3,3,3,FALSE,A
Q9H939,PSTPIP2,5,5,5,27,2.7738969326019287,0.2822939455509186,3,3,3,3,3,3,3,3,3,FALSE,A
Q9H944,MED20,7,7,7,27,4.638961315155029,0.8059853911399841,3,3,3,3,3,3,3,3,3,FALSE,A
Q9H967,WDR76,18,23,18,27,3.9500430822372437,0.7768539786338806,3,3,3,3,3,3,3,3,3,FALSE,A
Q9H972,C14orf93,1,1,1,11,2.898078680038452,0.5131168365478516,0,0,1,2,1,0,2,2,3,TRUE,C
Q9H974,QTRT2,12,16,12,27,3.9014986753463745,0.6838915348052979,3,3,3,3,3,3,3,3,3,FALSE,A
Q9H977,WDR54,8,8,8,26,3.6016170978546143,0.52174511551857,3,3,2,3,3,3,3,3,3,FALSE,A
Q9H981,ACTR8,12,14,12,26,3.0172119140625,0.6046568155288696,2,3,3,3,3,3,3,3,3,FALSE,A
Q9H992,MARCHF7,6,6,6,21,2.62540602684021,0.24949954450130463,0,3,2,3,3,3,3,2,2,FALSE,A
Q9H993,ARMT1,14,17,14,26,3.7048758268356323,0.8236980736255646,2,3,3,3,3,3,3,3,3,FALSE,A
Q9H999,PANK3,2,2,2,26,2.34700870513916,0.3287264406681061,3,3,3,3,3,3,3,3,2,FALSE,A
Q9H9A5,CNOT10,12,13,12,26,3.480023145675659,0.5894452929496765,2,3,3,3,3,3,3,3,3,FALSE,A
Q9H9A6,LRRC40,27,29,27,27,3.951571464538574,0.7411612868309021,3,3,3,3,3,3,3,3,3,FALSE,A
Q9H9A7,RMI1,5,5,5,25,2.8783600330352783,0.31136590242385864,2,3,2,3,3,3,3,3,3,FALSE,A
Q9H9B1,EHMT1,30,37,30,27,3.9708123207092285,0.7751860022544861,3,3,3,3,3,3,3,3,3,FALSE,A
Q9H9B4,SFXN1,11,15,11,27,4.761035680770874,0.8399086594581604,3,3,3,3,3,3,3,3,3,FALSE,A
Q9H9C1,VIPAS39,10,10,10,27,3.3275681734085083,0.652700275182724,3,3,3,3,3,3,3,3,3,FALSE,A
Q9H9E3,COG4,8,8,8,25,3.3258492946624756,0.6217198669910431,2,3,2,3,3,3,3,3,3,FALSE,A
Q9H9F9,ACTR5,7,7,7,24,3.0489531755447388,0.3976071923971176,1,3,2,3,3,3,3,3,3,FALSE,A
Q9H9G7,AGO3,4,4,4,25,2.7052624225616455,0.26208750158548355,2,3,2,3,3,3,3,3,3,FALSE,A
Q9H9H4,VPS37B,7,10,7,27,3.495149254798889,0.7415556311607361,3,3,3,3,3,3,3,3,3,FALSE,A
Q9H9H5,MAP6D1,3,3,3,14,2.5201616287231445,0.21077048033475876,0,2,1,3,2,3,2,1,0,FALSE,A
Q9H9J2,MRPL44,14,22,14,27,5.157473564147949,0.939698189496994,3,3,3,3,3,3,3,3,3,FALSE,A
Q9H9J4,USP42,13,13,13,27,3.3185627460479736,0.4235438108444214,3,3,3,3,3,3,3,3,3,FALSE,A
Q9H9L3,ISG20L2,12,14,12,27,3.9978747367858887,0.6660366058349609,3,3,3,3,3,3,3,3,3,FALSE,A
Q9H9L4,KANSL2,10,11,10,27,3.142516851425171,0.545317530632019,3,3,3,3,3,3,3,3,3,FALSE,A
Q9H9P8,L2HGDH,16,17,16,27,3.7799447774887085,0.76131871342659,3,3,3,3,3,3,3,3,3,FALSE,A
Q9H9Q2,COPS7B,9,10,9,27,5.279322862625122,0.9082239866256714,3,3,3,3,3,3,3,3,3,FALSE,A
Q9H9Q4,NHEJ1,5,6,5,27,3.866594433784485,0.5883427858352661,3,3,3,3,3,3,3,3,3,FALSE,A
Q9H9S3,SEC61A2,1,1,1,5,3.8997855186462402,0.026309385895729065,0,3,2,0,0,0,0,0,0,TRUE,C
Q9H9S5,FKRP,4,4,4,22,2.9713082313537598,0.10499098151922226,2,3,2,3,3,2,2,2,3,FALSE,A
Q9H9T3,ELP3,16,17,16,27,3.526297926902771,0.7940240800380707,3,3,3,3,3,3,3,3,3,FALSE,A
Q9H9V9,JMJD4,3,3,3,22,2.374751091003418,0.5578547716140747,1,3,2,2,3,3,3,3,2,FALSE,A
Q9H9Y2,RPF1,13,20,13,27,4.3474812507629395,0.8676062226295471,3,3,3,3,3,3,3,3,3,FALSE,A
Q9H9Y6,POLR1B,30,33,30,26,3.5441802740097046,0.6352999806404114,2,3,3,3,3,3,3,3,3,FALSE,A
Q9HA38,ZMAT3,4,4,4,27,3.5441081523895264,0.5960427522659302,3,3,3,3,3,3,3,3,3,FALSE,A
Q9HA47,UCK1,3,3,3,24,2.7648086547851563,0.5894449353218079,2,3,2,3,3,3,2,3,3,FALSE,A
Q9HA64,FN3KRP,9,13,9,27,4.467001914978027,0.9113655090332031,3,3,3,3,3,3,3,3,3,FALSE,A
Q9HA65,TBC1D17,4,4,4,26,3.099616765975952,0,3,3,3,3,3,2,3,3,3,FALSE,A
Q9HA77,CARS2,17,19,17,27,3.253748297691345,0.5576597452163696,3,3,3,3,3,3,3,3,3,FALSE,A
Q9HA92,RSAD1,1,1,1,9,2.1924190521240234,0.7554112076759338,0,0,0,3,3,2,0,1,0,TRUE,C
Q9HAB8,PPCS,13,13,13,27,3.419492244720459,0.7775753736495972,3,3,3,3,3,3,3,3,3,FALSE,A
Q9HAC7,SUGCT,1,1,1,11,1.830173373222351,0.2957662343978882,0,1,2,2,1,1,1,1,2,TRUE,C
Q9HAC8,UBTD1,2,2,2,27,3.647796869277954,0.5913887023925781,3,3,3,3,3,3,3,3,3,FALSE,A
Q9HAD4,WDR41,9,10,9,25,3.0688564777374268,0.38030704855918884,1,3,3,3,3,3,3,3,3,FALSE,A
Q9HAF1,MEAF6,7,9,7,27,5.591419458389282,0.9308930337429047,3,3,3,3,3,3,3,3,3,FALSE,A
Q9HAH7,FBRS,8,12,8,27,3.8024637699127197,0.7534314692020416,3,3,3,3,3,3,3,3,3,FALSE,A
Q9HAJ7,SAP30L,5,6,5,27,3.2136659622192383,0.5968366265296936,3,3,3,3,3,3,3,3,3,FALSE,A
Q9HAN9,NMNAT1,14,20,14,27,4.642736434936523,0.9111749529838562,3,3,3,3,3,3,3,3,3,FALSE,A
Q9HAP2,MLXIP,4,5,4,27,2.7072019577026367,0.629909098148346,3,3,3,3,3,3,3,3,3,FALSE,A
Q9HAR2,ADGRL3,4,4,4,26,2.2262970209121704,0,3,3,3,3,3,2,3,3,3,FALSE,A
Q9HAS0,C17orf75,5,5,5,26,3.6676905155181885,0.5975594222545624,3,3,2,3,3,3,3,3,3,FALSE,A
Q9HAT2,SIAE,11,13,11,27,3.712888717651367,0.6911105513572693,3,3,3,3,3,3,3,3,3,FALSE,A
Q9HAU0,PLEKHA5,26,32,26,27,3.4599435329437256,0.6798494458198547,3,3,3,3,3,3,3,3,3,FALSE,A
Q9HAU4,SMURF2,3,3,3,22,2.4981255531311035,0.038656748831272125,1,3,2,2,3,2,3,3,3,FALSE,A
Q9HAU5,UPF2,31,35,31,27,3.421924114227295,0.7201725840568542,3,3,3,3,3,3,3,3,3,FALSE,A
Q9HAV0,GNB4,5,5,5,27,4.109037399291992,0.6776336431503296,3,3,3,3,3,3,3,3,3,FALSE,A
Q9HAV4,XPO5,41,48,41,27,3.6255217790603638,0.7222324311733246,3,3,3,3,3,3,3,3,3,FALSE,A
Q9HAV5,EDA2R,3,3,3,15,2.4500629901885986,0,3,3,3,3,2,0,0,1,0,FALSE,A
Q9HAV7,GRPEL1,10,18,10,27,5.000633716583252,0.940193235874176,3,3,3,3,3,3,3,3,3,FALSE,A
Q9HAW4,CLSPN,20,27,20,27,3.399188995361328,0.5359594821929932,3,3,3,3,3,3,3,3,3,FALSE,A
Q9HAZ1,CLK4,6,6,6,25,3.0810434818267822,0.5192756056785583,2,3,2,3,3,3,3,3,3,FALSE,A
Q9HAZ2,PRDM16,8,8,8,27,3.066875696182251,0.3810216188430786,3,3,3,3,3,3,3,3,3,FALSE,A
Q9HB07,MYG1,18,26,18,27,4.40671443939209,0.8954900801181793,3,3,3,3,3,3,3,3,3,FALSE,A
Q9HB09,BCL2L12,1,1,1,9,2.6373770236968994,0.3447935879230499,0,2,2,0,2,2,0,1,0,TRUE,C
Q9HB20,PLEKHA3,2,2,2,6,2.7067508697509766,0.4062047749757767,0,2,1,2,1,0,0,0,0,FALSE,A
Q9HB21,PLEKHA1,9,9,9,27,3.208838701248169,0.7088572978973389,3,3,3,3,3,3,3,3,3,FALSE,A
Q9HB40,SCPEP1,12,16,12,27,4.689234018325806,0.8956280946731567,3,3,3,3,3,3,3,3,3,FALSE,A
Q9HB66,LOC128706665,2,3,2,27,5.1688807010650635,0.8054146468639374,3,3,3,3,3,3,3,3,3,FALSE,A
Q9HB71,CACYBP,16,25,16,27,6.228268146514893,0.964914858341217,3,3,3,3,3,3,3,3,3,FALSE,A
Q9HB75,PIDD1,1,1,1,7,2.0067758560180664,0.2343837171792984,0,0,0,0,3,1,0,1,2,TRUE,C
Q9HB90,RRAGC,4,7,4,27,4.011610269546509,0.7685655355453491,3,3,3,3,3,3,3,3,3,FALSE,A
Q9HB96,FANCE,4,4,4,20,2.0603699684143066,0.035072747617959976,3,3,3,3,3,2,2,1,0,FALSE,A
Q9HBD1,RC3H2,3,3,3,23,2.7178988456726074,0,0,3,2,3,3,3,3,3,3,FALSE,A
Q9HBE1,PATZ1,18,19,18,27,3.258627414703369,0.3904302716255188,3,3,3,3,3,3,3,3,3,FALSE,A
Q9HBF4,ZFYVE1,15,16,15,27,2.9245749711990356,0.5279388725757599,3,3,3,3,3,3,3,3,3,FALSE,A
Q9HBH1,PDF,8,9,8,27,3.423394203186035,0.6596606373786926,3,3,3,3,3,3,3,3,3,FALSE,A
Q9HBH5,RDH14,9,9,9,27,3.617424726486206,0.6340236067771912,3,3,3,3,3,3,3,3,3,FALSE,A
Q9HBI1,PARVB,2,2,2,26,2.900189995765686,0.209268219769001,2,3,3,3,3,3,3,3,3,FALSE,A
Q9HBK9,AS3MT,10,11,10,25,3.1356375217437744,0.5881451368331909,2,3,2,3,3,3,3,3,3,FALSE,A
Q9HBL7,PLGRKT,1,1,1,5,3.037963390350342,0.20135636627674103,0,3,2,0,0,0,0,0,0,TRUE,C
Q9HBL8,NMRAL1,4,4,4,27,2.7014803886413574,0.5872326791286469,3,3,3,3,3,3,3,3,3,FALSE,A
Q9HBM0,VEZT,5,5,5,19,2.9600701332092285,0.6037545800209045,0,0,1,3,3,3,3,3,3,FALSE,A
Q9HBM1,SPC25,11,12,11,27,4.3321146965026855,0.8924123048782349,3,3,3,3,3,3,3,3,3,FALSE,A
Q9HBM6,TAF9B,5,5,5,27,4.52606201171875,0.9224743247032166,3,3,3,3,3,3,3,3,3,FALSE,A
Q9HBR0,SLC38A10,2,2,2,5,3.7903363704681396,0.30410411953926086,0,3,2,0,0,0,0,0,0,FALSE,A
Q9HBU6,ETNK1,3,4,3,23,2.950741410255432,0.4155119061470032,0,3,2,3,3,3,3,3,3,FALSE,A
Q9HC07,TMEM165,5,5,5,27,3.8887040615081787,0.775317907333374,3,3,3,3,3,3,3,3,3,FALSE,A
Q9HC21,SLC25A19,5,5,5,23,2.985625982284546,0.6370725035667419,0,3,2,3,3,3,3,3,3,FALSE,A
Q9HC35,EML4,31,43,31,27,3.9745317697525024,0.706594854593277,3,3,3,3,3,3,3,3,3,FALSE,A
Q9HC36,MRM3,11,13,11,27,4.056268692016602,0.8387404680252075,3,3,3,3,3,3,3,3,3,FALSE,A
Q9HC38,GLOD4,17,23,17,27,5.21786642074585,0.9171193242073059,3,3,3,3,3,3,3,3,3,FALSE,A
Q9HC44,GPBP1L1,5,5,5,27,2.897439956665039,0.04985697194933891,3,3,3,3,3,3,3,3,3,FALSE,A
Q9HC52,CBX8,19,27,19,27,5.017984390258789,0.8432623445987701,3,3,3,3,3,3,3,3,3,FALSE,A
Q9HC56,PCDH9,8,8,8,27,3.046729564666748,0.561292827129364,3,3,3,3,3,3,3,3,3,FALSE,A
Q9HC62,SENP2,9,11,9,27,2.963540554046631,0.6554152071475983,3,3,3,3,3,3,3,3,3,FALSE,A
Q9HC77,CENPJ,10,10,10,27,2.533200263977051,0.3225457966327667,3,3,3,3,3,3,3,3,3,FALSE,A
Q9HCB6,SPON1,10,10,10,26,2.874189615249634,0.054186444729566574,3,3,3,3,3,3,3,2,3,FALSE,A
Q9HCC0,MCCC2,28,40,28,27,4.134899139404297,0.8188588619232178,3,3,3,3,3,3,3,3,3,FALSE,A
Q9HCC6,HES4,3,3,3,22,3.0275264978408813,0.5938048362731934,3,3,1,3,3,3,3,2,1,FALSE,A
Q9HCD5,NCOA5,19,29,19,27,4.5559327602386475,0.9116173684597015,3,3,3,3,3,3,3,3,3,FALSE,A
Q9HCD6,TANC2,2,2,2,24,2.9593727588653564,0,0,3,3,3,3,3,3,3,3,FALSE,A
Q9HCE1,MOV10,46,58,46,27,4.174946308135986,0.8367685377597809,3,3,3,3,3,3,3,3,3,FALSE,A
Q9HCE5,METTL14,9,10,9,27,3.650868058204651,0.5934809446334839,3,3,3,3,3,3,3,3,3,FALSE,A
Q9HCG7,GBA2,5,5,5,23,2.8146231174468994,0.4399011433124542,0,3,3,3,3,3,2,3,3,FALSE,A
Q9HCG8,CWC22,32,46,32,27,4.371834993362427,0.8629823923110962,3,3,3,3,3,3,3,3,3,FALSE,A
Q9HCH0,NCKAP5L,10,10,10,26,2.847001075744629,0.39556312561035156,3,3,3,3,3,3,3,3,2,FALSE,A
Q9HCI7,MSL2,7,7,7,27,2.9622607231140137,0.6834615170955658,3,3,3,3,3,3,3,3,3,FALSE,A
Q9HCJ1,ANKH,1,1,1,15,1.9955418109893799,0.698765218257904,0,3,2,2,2,0,1,2,3,TRUE,C
Q9HCJ3,RAVER2,6,6,6,25,2.9766372442245483,0.5870989561080933,2,3,2,3,3,3,3,3,3,FALSE,A
Q9HCK1,ZDBF2,8,8,8,23,2.7160580158233643,0.20940569043159485,1,3,1,3,3,3,3,3,3,FALSE,A
Q9HCK4,ROBO2,4,4,4,13,2.359510898590088,0,0,2,3,1,0,2,2,1,2,FALSE,A
Q9HCK8,CHD8,47,52,47,27,3.187472105026245,0.6339583992958069,3,3,3,3,3,3,3,3,3,FALSE,A
Q9HCM1,RESF1,6,6,6,22,2.5318851470947266,0,0,3,1,3,3,3,3,3,3,FALSE,A
Q9HCM3,KIAA1549,13,13,13,27,3.1481895446777344,0.6490066051483154,3,3,3,3,3,3,3,3,3,FALSE,A
Q9HCM4,EPB41L5,8,8,8,26,3.6059337854385376,0.7164384126663208,2,3,3,3,3,3,3,3,3,FALSE,A
Q9HCM7,FBRSL1,3,3,3,25,3.1584041118621826,0.39744672179222107,1,3,3,3,3,3,3,3,3,FALSE,A
Q9HCN3,PGAP6,3,3,3,11,2.8212146759033203,0.007892663590610027,2,3,2,0,0,0,1,1,2,FALSE,A
Q9HCN4,GPN1,7,7,7,27,3.3166366815567017,0.4786161631345749,3,3,3,3,3,3,3,3,3,FALSE,A
Q9HCN8,SDF2L1,6,10,6,27,6.143343448638916,0.9681074023246765,3,3,3,3,3,3,3,3,3,FALSE,A
Q9HCS7,XAB2,42,54,42,27,4.617079257965088,0.8783584535121918,3,3,3,3,3,3,3,3,3,FALSE,A
Q9HCU4,CELSR2,17,17,17,27,2.4289684295654297,0.025680990889668465,3,3,3,3,3,3,3,3,3,FALSE,A
Q9HCU5,PREB,11,15,11,27,4.230871677398682,0.8454501628875732,3,3,3,3,3,3,3,3,3,FALSE,A
Q9HCU8,POLD4,4,4,4,18,2.851712703704834,0.4944044351577759,3,1,0,3,3,3,3,2,0,FALSE,A
Q9HCU9,BRMS1,3,3,3,27,4.606096982955933,0.6665890514850616,3,3,3,3,3,3,3,3,3,FALSE,A
Q9HCY8,S100A14,1,1,1,1,5.387823104858398,0.13579249382019043,0,0,0,0,0,1,0,0,0,TRUE,B
Q9HD15,SRA1,12,16,12,27,4.657099723815918,0.8032847046852112,3,3,3,3,3,3,3,3,3,FALSE,A
Q9HD20,ATP13A1,13,14,13,23,2.7875335216522217,0.12956386804580688,0,3,2,3,3,3,3,3,3,FALSE,A
Q9HD23,MRS2,1,1,1,27,4.285043239593506,0.9033374190330505,3,3,3,3,3,3,3,3,3,TRUE,B
Q9HD26,GOPC,16,21,16,27,3.5185160636901855,0.7119060158729553,3,3,3,3,3,3,3,3,3,FALSE,A
Q9HD33,MRPL47,11,16,11,27,5.44577431678772,0.9242225885391235,3,3,3,3,3,3,3,3,3,FALSE,A
Q9HD34,LYRM4,7,9,7,27,4.17030668258667,0.8070626258850098,3,3,3,3,3,3,3,3,3,FALSE,A
Q9HD40,SEPSECS,3,3,3,21,2.5299057960510254,0.327571764588356,0,3,1,3,3,3,3,3,2,FALSE,A
Q9HD42,CHMP1A,6,8,6,27,5.320985794067383,0.9528850317001343,3,3,3,3,3,3,3,3,3,FALSE,A
Q9HD45,TM9SF3,10,13,10,27,3.8183072805404663,0.6867099404335022,3,3,3,3,3,3,3,3,3,FALSE,A
Q9HD47,RANGRF,3,3,3,13,2.209615468978882,0,0,0,1,3,2,1,3,3,0,FALSE,A
Q9HDC5,JPH1,9,9,9,27,3.265155553817749,0.6449607908725739,3,3,3,3,3,3,3,3,3,FALSE,A
Q9HDC9,APMAP,19,30,19,27,4.661447048187256,0.8738689422607422,3,3,3,3,3,3,3,3,3,FALSE,A
Q9NNW5,WDR6,31,38,31,27,3.5076438188552856,0.7739377617835999,3,3,3,3,3,3,3,3,3,FALSE,A
Q9NNW7,TXNRD2,15,22,15,27,4.739712715148926,0.8680220246315002,3,3,3,3,3,3,3,3,3,FALSE,A
Q9NNX1,TUFT1,5,6,5,27,3.2857799530029297,0.289402037858963,3,3,3,3,3,3,3,3,3,FALSE,A
Q9NP08,HMX1,1,1,1,14,3.064214587211609,0.07457639649510384,3,3,3,0,3,0,2,0,0,TRUE,C
Q9NP50,SINHCAF,5,5,5,27,2.7851221561431885,0.7646254897117615,3,3,3,3,3,3,3,3,3,FALSE,A
Q9NP58,ABCB6,1,1,1,4,6.5074663162231445,0.9617176949977875,1,1,2,0,0,0,0,0,0,TRUE,B
Q9NP61,ARFGAP3,13,13,13,27,4.022679805755615,0.8241978883743286,3,3,3,3,3,3,3,3,3,FALSE,A
Q9NP64,ZCCHC17,8,12,8,27,4.309315919876099,0.8022156953811646,3,3,3,3,3,3,3,3,3,FALSE,A
Q9NP66,HMG20A,10,16,10,27,5.294594764709473,0.931167334318161,3,3,3,3,3,3,3,3,3,FALSE,A
Q9NP72,RAB18,10,12,10,27,4.875835418701172,0.8523557484149933,3,3,3,3,3,3,3,3,3,FALSE,A
Q9NP73,ALG13,8,8,8,27,2.776782512664795,0.4856734275817871,3,3,3,3,3,3,3,3,3,FALSE,A
Q9NP77,SSU72,7,8,7,27,5.101070880889893,0.8870131969451904,3,3,3,3,3,3,3,3,3,FALSE,A
Q9NP79,VTA1,11,16,11,27,5.434633731842041,0.9186621904373169,3,3,3,3,3,3,3,3,3,FALSE,A
Q9NP80,PNPLA8,5,5,5,23,2.616056203842163,0.3412705659866333,1,3,2,3,3,3,2,3,3,FALSE,A
Q9NP81,SARS2,25,34,25,27,4.306631565093994,0.8507893681526184,3,3,3,3,3,3,3,3,3,FALSE,A
Q9NP90,RAB9B,6,6,6,27,2.7766406536102295,0.6291903853416443,3,3,3,3,3,3,3,3,3,FALSE,A
Q9NP92,MRPS30,14,20,14,27,4.082141160964966,0.7631815075874329,3,3,3,3,3,3,3,3,3,FALSE,A
Q9NP97,DYNLRB1,4,5,4,27,4.571081876754761,0.9202607572078705,3,3,3,3,3,3,3,3,3,FALSE,A
Q9NPA0,EMC7,7,10,7,27,5.2177324295043945,0.9056301414966583,3,3,3,3,3,3,3,3,3,FALSE,A
Q9NPA8,ENY2,7,12,7,27,5.751837253570557,0.9557539820671082,3,3,3,3,3,3,3,3,3,FALSE,A
Q9NPB0,SAYSD1,3,3,3,27,4.42265510559082,0.8451718091964722,3,3,3,3,3,3,3,3,3,FALSE,A
Q9NPB8,GPCPD1,5,5,5,22,2.510039806365967,0.28787747025489807,0,2,2,3,3,3,3,3,3,FALSE,A
Q9NPC7,MYNN,3,3,3,9,2.160765767097473,0.12167071178555489,0,0,1,2,1,0,0,2,3,FALSE,A
Q9NPC8,SIX2,1,1,1,2,3.905246138572693,0,0,0,0,0,0,0,1,0,1,TRUE,C
Q9NPD3,EXOSC4,7,9,7,27,4.741868019104004,0.8785654902458191,3,3,3,3,3,3,3,3,3,FALSE,A
Q9NPD8,UBE2T,10,16,10,27,5.133891820907593,0.8921881020069122,3,3,3,3,3,3,3,3,3,FALSE,A
Q9NPE2,NGRN,13,18,13,27,3.741320848464966,0.6669943332672119,3,3,3,3,3,3,3,3,3,FALSE,A
Q9NPE3,NOP10,5,8,5,27,5.076981544494629,0.9104208946228027,3,3,3,3,3,3,3,3,3,FALSE,A
Q9NPF0,CD320,4,5,4,27,4.023410320281982,0.6069263815879822,3,3,3,3,3,3,3,3,3,FALSE,A
Q9NPF4,OSGEP,15,16,15,27,4.242740154266357,0.8537424802780151,3,3,3,3,3,3,3,3,3,FALSE,A
Q9NPF5,DMAP1,22,31,23,27,4.720600605010986,0.8399841785430908,3,3,3,3,3,3,3,3,3,FALSE,A
Q9NPG3,UBN1,20,22,20,27,3.30073618888855,0.7051762342453003,3,3,3,3,3,3,3,3,3,FALSE,A
Q9NPH0,ACP6,3,3,3,20,2.0649880170822144,0.17612110078334808,1,2,2,3,3,1,2,3,3,FALSE,A
Q9NPH2,ISYNA1,13,15,13,27,4.251654624938965,0.8491069674491882,3,3,3,3,3,3,3,3,3,FALSE,A
Q9NPI1,BRD7,28,35,28,27,3.331368327140808,0.6736783683300018,3,3,3,3,3,3,3,3,3,FALSE,A
Q9NPI6,DCP1A,16,20,16,27,3.9535295963287354,0.8724830448627472,3,3,3,3,3,3,3,3,3,FALSE,A
Q9NPI7,KRCC1,2,2,2,25,2.7575719356536865,0,2,3,2,3,3,3,3,3,3,FALSE,A
Q9NPJ3,ACOT13,4,6,4,27,5.4073333740234375,0.9638531804084778,3,3,3,3,3,3,3,3,3,FALSE,A
Q9NPJ6,MED4,10,12,10,27,3.4968302249908447,0.8073974847793579,3,3,3,3,3,3,3,3,3,FALSE,A
Q9NPJ8,NXT2,1,1,1,24,3.21087908744812,0.5648462176322937,1,3,3,3,3,3,2,3,3,TRUE,C
Q9NPL8,TIMMDC1,11,14,11,27,4.156732797622681,0.8251864314079285,3,3,3,3,3,3,3,3,3,FALSE,A
Q9NPQ8,RIC8A,21,23,21,27,4.052090167999268,0.812796950340271,3,3,3,3,3,3,3,3,3,FALSE,A
Q9NPR2,SEMA4B,4,4,4,16,2.73872709274292,0.5696585476398468,2,3,2,2,1,2,3,0,1,FALSE,A
Q9NQ29,LUC7L,11,17,11,27,5.6992738246917725,0.957956463098526,3,3,3,3,3,3,3,3,3,FALSE,A
Q9NQ34,TMEM9B,3,4,3,27,3.1612614393234253,0.6820200085639954,3,3,3,3,3,3,3,3,3,FALSE,A
Q9NQ48,LZTFL1,12,14,12,27,5.2640931606292725,0.932422012090683,3,3,3,3,3,3,3,3,3,FALSE,A
Q9NQ50,MRPL40,9,17,9,27,5.685116291046143,0.9450269937515259,3,3,3,3,3,3,3,3,3,FALSE,A
Q9NQ55,PPAN,15,22,15,27,4.735079765319824,0.9195768535137177,3,3,3,3,3,3,3,3,3,FALSE,A
Q9NQ66,PLCB1,11,11,11,27,2.667907953262329,0.4972766637802124,3,3,3,3,3,3,3,3,3,FALSE,A
Q9NQ84,GPRC5C,4,4,4,10,3.2897380590438843,0.29633182287216187,0,3,3,0,0,0,1,2,1,FALSE,A
Q9NQ86,TRIM36,2,2,2,15,2.207193970680237,0.2549435570836067,0,3,0,1,1,3,2,3,2,FALSE,A
Q9NQ88,TIGAR,10,11,10,27,4.022572755813599,0.5712090134620667,3,3,3,3,3,3,3,3,3,FALSE,A
Q9NQA3,WASH6P,1,1,1,27,6.4209089279174805,0.9546547532081604,3,3,3,3,3,3,3,3,3,TRUE,B
Q9NQB0,TCF7L2,3,3,3,26,3.271028757095337,0.35333724319934845,3,3,2,3,3,3,3,3,3,FALSE,A
Q9NQC3,RTN4,7,10,7,27,4.756587028503418,0.9460941553115845,3,3,3,3,3,3,3,3,3,FALSE,A
Q9NQC7,CYLD,3,3,3,14,2.6036547422409058,0.034055519849061966,0,3,2,2,2,0,2,2,1,FALSE,A
Q9NQC8,IFT46,2,2,2,24,2.6979435682296753,0.6533654928207397,3,2,3,3,3,3,2,2,3,FALSE,A
Q9NQE9,HINT3,7,8,7,27,3.387605905532837,0.8275555372238159,3,3,3,3,3,3,3,3,3,FALSE,A
Q9NQG5,RPRD1B,10,13,10,27,5.723533391952515,0.9618170857429504,3,3,3,3,3,3,3,3,3,FALSE,A
Q9NQG6,MIEF1,4,4,4,27,3.0685372352600098,0.7842872142791748,3,3,3,3,3,3,3,3,3,FALSE,A
Q9NQH7,XPNPEP3,16,22,16,27,4.656284332275391,0.8952224850654602,3,3,3,3,3,3,3,3,3,FALSE,A
Q9NQL2,RRAGD,2,2,2,18,2.948653221130371,0.6854694485664368,2,3,2,3,2,0,3,3,0,FALSE,A
Q9NQP4,PFDN4,3,3,3,27,5.2958550453186035,0.8595578074455261,3,3,3,3,3,3,3,3,3,FALSE,A
Q9NQR1,KMT5A,7,8,7,26,2.8971400260925293,0.4074822962284088,3,3,2,3,3,3,3,3,3,FALSE,A
Q9NQR4,NIT2,18,22,18,27,4.237106800079346,0.8503332138061523,3,3,3,3,3,3,3,3,3,FALSE,A
Q9NQS1,AVEN,7,8,7,27,2.897971510887146,0.17834579944610596,3,3,3,3,3,3,3,3,3,FALSE,A
Q9NQS3,NECTIN3,4,6,4,27,2.74904727935791,0.4244253933429718,3,3,3,3,3,3,3,3,3,FALSE,A
Q9NQS7,INCENP,22,29,22,27,4.834907531738281,0.8806412816047668,3,3,3,3,3,3,3,3,3,FALSE,A
Q9NQT4,EXOSC5,6,8,6,27,4.925841331481934,0.9059075713157654,3,3,3,3,3,3,3,3,3,FALSE,A
Q9NQT5,EXOSC3,12,15,12,27,4.485344886779785,0.747883677482605,3,3,3,3,3,3,3,3,3,FALSE,A
Q9NQT8,KIF13B,5,5,5,24,3.012828826904297,0.5809942483901978,1,3,2,3,3,3,3,3,3,FALSE,A
Q9NQV6,PRDM10,15,17,15,27,3.1284133195877075,0.520103931427002,3,3,3,3,3,3,3,3,3,FALSE,A
Q9NQW6,ANLN,31,36,31,27,3.846762537956238,0.6728236675262451,3,3,3,3,3,3,3,3,3,FALSE,A
Q9NQW7,XPNPEP1,21,30,21,27,4.540222644805908,0.8553869128227234,3,3,3,3,3,3,3,3,3,FALSE,A
Q9NQX3,GPHN,23,29,23,27,4.10227632522583,0.8206830620765686,3,3,3,3,3,3,3,3,3,FALSE,A
Q9NQX5,NPDC1,2,2,2,10,3.1392946243286133,0.584730327129364,0,3,2,2,0,1,2,0,0,FALSE,A
Q9NQX7,ITM2C,10,12,10,27,3.8317418098449707,0.6650893092155457,3,3,3,3,3,3,3,3,3,FALSE,A
Q9NQY0,BIN3,7,10,7,27,3.034959316253662,0.5685638785362244,3,3,3,3,3,3,3,3,3,FALSE,A
Q9NQZ2,UTP3,11,18,11,27,4.725891590118408,0.9074372053146362,3,3,3,3,3,3,3,3,3,FALSE,A
Q9NQZ5,STARD7,12,15,12,27,3.3415703773498535,0.5832521319389343,3,3,3,3,3,3,3,3,3,FALSE,A
Q9NQZ6,ZC4H2,6,6,6,27,2.974886178970337,0.27219630777835846,3,3,3,3,3,3,3,3,3,FALSE,A
Q9NQZ8,ZNF71,6,6,6,12,2.180328607559204,0.16709909588098526,3,3,3,0,1,0,1,0,1,FALSE,A
Q9NR09,BIRC6,20,20,20,26,2.9648513793945313,0.5109567642211914,2,3,3,3,3,3,3,3,3,FALSE,A
Q9NR12,PDLIM7,13,16,13,27,4.0649027824401855,0.6952114403247833,3,3,3,3,3,3,3,3,3,FALSE,A
Q9NR19,ACSS2,9,9,9,26,3.2096705436706543,0.4292454421520233,2,3,3,3,3,3,3,3,3,FALSE,A
Q9NR28,DIABLO,9,14,9,27,4.901904106140137,0.8590996265411377,3,3,3,3,3,3,3,3,3,FALSE,A
Q9NR30,DDX21,43,68,43,27,5.540292024612427,0.9402487277984619,3,3,3,3,3,3,3,3,3,FALSE,A
Q9NR31,SAR1A,7,8,7,27,5.2172369956970215,0.9278677105903625,3,3,3,3,3,3,3,3,3,FALSE,A
Q9NR33,POLE4,4,5,4,25,3.7630136013031006,0.6648879051208496,3,3,3,3,3,3,3,3,1,FALSE,A
Q9NR45,NANS,17,25,17,27,5.4368627071380615,0.9480454921722412,3,3,3,3,3,3,3,3,3,FALSE,A
Q9NR46,SH3GLB2,13,17,13,27,4.153778553009033,0.8340132236480713,3,3,3,3,3,3,3,3,3,FALSE,A
Q9NR48,ASH1L,6,6,6,21,2.4806902408599854,0.45151035487651825,0,2,1,3,3,3,3,3,3,FALSE,A
Q9NR50,EIF2B3,14,16,14,27,3.4674673080444336,0.6114290952682495,3,3,3,3,3,3,3,3,3,FALSE,A
Q9NR55,BATF3,2,3,3,24,3.6863386631011963,0.7961817681789398,3,2,2,3,3,3,3,3,2,FALSE,A
Q9NR56,MBNL1,4,4,4,27,4.784111976623535,0.9601485431194305,3,3,3,3,3,3,3,3,3,FALSE,A
Q9NR77,PXMP2,6,7,6,27,3.5267035961151123,0.8495212197303772,3,3,3,3,3,3,3,3,3,FALSE,A
Q9NRA0,SPHK2,5,5,5,26,2.7993292808532715,0.6034255623817444,2,3,3,3,3,3,3,3,3,FALSE,A
Q9NRA2,SLC17A5,4,4,4,26,3.101703643798828,0.23837868869304657,2,3,3,3,3,3,3,3,3,FALSE,A
Q9NRA8,EIF4ENIF1,23,30,23,27,3.9161548614501953,0.7966596484184265,3,3,3,3,3,3,3,3,3,FALSE,A
Q9NRB3,CHST12,4,4,4,18,2.733025312423706,0.4472593367099762,0,3,2,3,3,3,3,1,0,FALSE,A
Q9NRC8,SIRT7,3,3,3,19,2.144980549812317,0,2,2,2,3,2,3,0,2,3,FALSE,A
Q9NRD5,PICK1,3,3,3,25,3.546206474304199,0.5824910998344421,2,3,2,3,3,3,3,3,3,FALSE,A
Q9NRF2,SH2B1,5,5,5,26,2.4368927478790283,0.23250114917755127,3,3,2,3,3,3,3,3,3,FALSE,A
Q9NRF8,CTPS2,19,21,19,27,4.540114879608154,0.869513750076294,3,3,3,3,3,3,3,3,3,FALSE,A
Q9NRF9,POLE3,4,6,4,27,4.443513870239258,0.9172818064689636,3,3,3,3,3,3,3,3,3,FALSE,A
Q9NRG0,CHRAC1,4,6,4,27,4.625744104385376,0.9229872822761536,3,3,3,3,3,3,3,3,3,FALSE,A
Q9NRG1,PRTFDC1,6,7,6,27,3.849489212036133,0.6459055542945862,3,3,3,3,3,3,3,3,3,FALSE,A
Q9NRG4,SMYD2,2,2,2,12,2.7769947052001953,0.18929795920848846,0,3,2,3,0,0,0,3,1,FALSE,A
Q9NRG7,SDR39U1,7,9,7,27,3.913512706756592,0.8936633467674255,3,3,3,3,3,3,3,3,3,FALSE,A
Q9NRG9,AAAS,18,20,18,27,3.6773488521575928,0.6601693034172058,3,3,3,3,3,3,3,3,3,FALSE,A
Q9NRH1,YAE1,2,2,2,7,1.7448089122772217,0,2,3,1,1,0,0,0,0,0,FALSE,A
Q9NRH2,SNRK,1,1,1,20,2.304168224334717,0.5009877234697342,0,2,1,2,3,3,3,3,3,TRUE,C
Q9NRI5,DISC1,1,1,1,18,4.027719497680664,0.8879342079162598,0,0,1,3,3,3,3,3,2,TRUE,B
Q9NRK6,ABCB10,8,8,8,23,3.005856513977051,0.43758317828178406,0,3,2,3,3,3,3,3,3,FALSE,A
Q9NRL2,BAZ1A,55,72,55,27,4.388758659362793,0.8304377794265747,3,3,3,3,3,3,3,3,3,FALSE,A
Q9NRL3,STRN4,15,18,15,27,3.2483139038085938,0.6061481833457947,3,3,3,3,3,3,3,3,3,FALSE,A
Q9NRM2,ZNF277,7,8,7,27,3.6687058210372925,0.7326794266700745,3,3,3,3,3,3,3,3,3,FALSE,A
Q9NRM7,LATS2,2,2,2,13,3.0972025394439697,0.5133025646209717,0,0,0,3,3,3,3,1,0,FALSE,A
Q9NRN7,AASDHPPT,10,14,10,27,4.76380729675293,0.9039180874824524,3,3,3,3,3,3,3,3,3,FALSE,A
Q9NRN9,METTL5,6,6,6,27,3.172564148902893,0.6288927793502808,3,3,3,3,3,3,3,3,3,FALSE,A
Q9NRP0,OSTC,2,2,2,27,5.524231910705566,0.9190834164619446,3,3,3,3,3,3,3,3,3,FALSE,A
Q9NRP2,CMC2,5,6,5,27,4.828790664672852,0.8927146792411804,3,3,3,3,3,3,3,3,3,FALSE,A
Q9NRP4,SDHAF3,7,8,7,27,3.0766000747680664,0.5536453723907471,3,3,3,3,3,3,3,3,3,FALSE,A
Q9NRR4,DROSHA,20,21,20,26,3.5948586463928223,0.5942728519439697,2,3,3,3,3,3,3,3,3,FALSE,A
Q9NRR5,UBQLN4,9,12,9,27,3.9034883975982666,0.8149579167366028,3,3,3,3,3,3,3,3,3,FALSE,A
Q9NRR8,CDC42SE1,2,3,2,23,3.6865949630737305,0.8429701030254364,3,3,3,3,3,2,3,3,0,FALSE,A
Q9NRS6,SNX15,16,20,16,27,3.365332841873169,0.6591750085353851,3,3,3,3,3,3,3,3,3,FALSE,A
Q9NRV9,HEBP1,11,13,11,27,4.345503807067871,0.8741022646427155,3,3,3,3,3,3,3,3,3,FALSE,A
Q9NRW1,RAB6B,5,6,5,27,3.673133373260498,0.5754430294036865,3,3,3,3,3,3,3,3,3,FALSE,A
Q9NRW3,APOBEC3C,7,9,7,27,4.57032585144043,0.9004983603954315,3,3,3,3,3,3,3,3,3,FALSE,A
Q9NRW4,DUSP22,1,1,1,21,3.088618278503418,0.40705743432044983,0,3,2,3,3,3,3,3,1,TRUE,C
Q9NRW7,VPS45,20,21,20,27,3.819075584411621,0.7908936142921448,3,3,3,3,3,3,3,3,3,FALSE,A
Q9NRX1,PNO1,12,18,12,27,4.787850379943848,0.9190998673439026,3,3,3,3,3,3,3,3,3,FALSE,A
Q9NRX2,MRPL17,11,17,11,27,5.438319206237793,0.9533701539039612,3,3,3,3,3,3,3,3,3,FALSE,A
Q9NRX4,PHPT1,4,5,4,27,4.898001432418823,0.9019817411899567,3,3,3,3,3,3,3,3,3,FALSE,A
Q9NRX5,SERINC1,4,6,4,27,4.335126876831055,0.8295945525169373,3,3,3,3,3,3,3,3,3,FALSE,A
Q9NRY2,INIP,2,3,2,26,5.347038269042969,0.9363287687301636,3,3,3,3,3,3,3,3,2,FALSE,A
Q9NRY4,ARHGAP35,19,20,19,25,2.9629045724868774,0.34802287817001343,1,3,3,3,3,3,3,3,3,FALSE,A
Q9NRY5,FAM114A2,18,20,18,27,3.671315908432007,0.7288588285446167,3,3,3,3,3,3,3,3,3,FALSE,A
Q9NRZ5,AGPAT4,7,7,7,24,3.052570104598999,0.23389184474945068,0,3,3,3,3,3,3,3,3,FALSE,A
Q9NRZ7,AGPAT3,1,1,1,23,3.469654083251953,0.7311592102050781,0,3,2,3,3,3,3,3,3,TRUE,C
Q9NRZ9,HELLS,40,50,40,27,4.285462856292725,0.8646017909049988,3,3,3,3,3,3,3,3,3,FALSE,A
Q9NS00,C1GALT1,5,6,5,22,3.1617212295532227,0.5879885256290436,2,3,3,3,2,2,3,1,3,FALSE,A
Q9NS15,LTBP3,10,10,10,27,2.6361106634140015,0.0032650937791913748,3,3,3,3,3,3,3,3,3,FALSE,A
Q9NS18,GLRX2,6,7,6,23,2.8994593620300293,0.3309437930583954,3,3,3,3,3,3,3,2,0,FALSE,A
Q9NS23,RASSF1,3,3,3,26,2.85296368598938,0.782964289188385,3,3,3,3,3,2,3,3,3,FALSE,A
Q9NS56,TOPORS,12,13,12,27,3.1673567295074463,0.5832435786724091,3,3,3,3,3,3,3,3,3,FALSE,A
Q9NS69,TOMM22,6,9,6,27,4.616878986358643,0.9178647994995117,3,3,3,3,3,3,3,3,3,FALSE,A
Q9NS73,MBIP,12,13,12,27,3.25213623046875,0.7321882843971252,3,3,3,3,3,3,3,3,3,FALSE,A
Q9NS84,CHST7,1,1,1,17,3.1290299892425537,0.40384796261787415,3,3,2,1,0,3,3,1,1,TRUE,C
Q9NS86,LANCL2,15,16,15,27,3.9935601949691772,0.7956617474555969,3,3,3,3,3,3,3,3,3,FALSE,A
Q9NS87,KIF15,21,22,21,26,3.086893081665039,0.6026028394699097,3,3,2,3,3,3,3,3,3,FALSE,A
Q9NS91,RAD18,20,24,20,27,4.0528130531311035,0.7186286449432373,3,3,3,3,3,3,3,3,3,FALSE,A
Q9NS93,TM7SF3,4,4,4,21,2.688172459602356,0,1,3,2,1,2,3,3,3,3,FALSE,A
Q9NSB8,HOMER2,4,4,4,27,3.281977415084839,0.5448478758335114,3,3,3,3,3,3,3,3,3,FALSE,A
Q9NSC2,SALL1,11,12,11,27,3.790943145751953,0.6302182674407959,3,3,3,3,3,3,3,3,3,FALSE,A
Q9NSD4,ZNF275,8,9,8,27,3.2249202728271484,0.3488610088825226,3,3,3,3,3,3,3,3,3,FALSE,A
Q9NSD9,FARSB,24,35,24,27,4.6082518100738525,0.8869702219963074,3,3,3,3,3,3,3,3,3,FALSE,A
Q9NSE4,IARS2,39,58,39,27,4.490474700927734,0.8548065423965454,3,3,3,3,3,3,3,3,3,FALSE,A
Q9NSG2,FIRRM,3,3,3,19,3.310073137283325,0,0,3,2,2,2,1,3,3,3,FALSE,A
Q9NSI2,SLX9,8,12,8,27,5.3686981201171875,0.9450109302997589,3,3,3,3,3,3,3,3,3,FALSE,A
Q9NSI6,BRWD1,11,11,11,23,3.1100696325302124,0.4801770895719528,0,3,2,3,3,3,3,3,3,FALSE,A
Q9NSK0,KLC4,14,18,14,27,4.013669490814209,0.6068319082260132,3,3,3,3,3,3,3,3,3,FALSE,A
Q9NSK7,C19orf12,2,2,2,24,3.534668445587158,0.35131794214248657,2,3,2,3,3,3,3,3,2,FALSE,A
Q9NSP4,CENPM,6,6,6,26,3.9789695739746094,0.8490234017372131,2,3,3,3,3,3,3,3,3,FALSE,A
Q9NSV4,DIAPH3,14,16,14,27,2.8590863943099976,0.5125921964645386,3,3,3,3,3,3,3,3,3,FALSE,A
Q9NSY1,BMP2K,6,6,6,24,2.897265911102295,0.29805606603622437,1,3,2,3,3,3,3,3,3,FALSE,A
Q9NSY2,STARD5,2,2,2,26,3.5417895317077637,0.8167403340339661,3,3,3,3,3,3,3,3,2,FALSE,A
Q9NT62,ATG3,9,10,9,27,4.339004755020142,0.8646210730075836,3,3,3,3,3,3,3,3,3,FALSE,A
Q9NTG7,SIRT3,3,3,3,27,3.7975168228149414,0.6803938746452332,3,3,3,3,3,3,3,3,3,FALSE,A
Q9NTI5,PDS5B,65,94,65,27,4.706667900085449,0.889168381690979,3,3,3,3,3,3,3,3,3,FALSE,A
Q9NTJ3,SMC4,57,76,58,27,4.528036117553711,0.8567785620689392,3,3,3,3,3,3,3,3,3,FALSE,A
Q9NTJ4,MAN2C1,2,2,2,24,2.520324468612671,0.2343987375497818,1,3,2,3,3,3,3,3,3,FALSE,A
Q9NTJ5,SACM1L,28,34,28,27,3.791506290435791,0.8323800563812256,3,3,3,3,3,3,3,3,3,FALSE,A
Q9NTK5,OLA1,29,47,29,27,4.612611293792725,0.87830352783203125,3,3,3,3,3,3,3,3,3,FALSE,A
Q9NTM9,CUTC,11,14,11,27,4.434561252593994,0.7753687500953674,3,3,3,3,3,3,3,3,3,FALSE,A
Q9NTW7,ZFP64,16,19,16,27,3.612443208694458,0.6570174098014832,3,3,3,3,3,3,3,3,3,FALSE,A
Q9NTX5,ECHDC1,10,11,10,27,4.139061212539673,0.7262932658195496,3,3,3,3,3,3,3,3,3,FALSE,A
Q9NTX7,RNF146,2,2,2,27,4.000926971435547,0.44420871138572693,3,3,3,3,3,3,3,3,3,FALSE,A
Q9NTZ6,RBM12,23,33,23,27,4.846170902252197,0.8960355222225189,3,3,3,3,3,3,3,3,3,FALSE,A
Q9NU19,TBC1D22B,2,2,2,23,3.1486053466796875,0.7408170104026794,0,3,2,3,3,3,3,3,3,FALSE,A
Q9NU22,MDN1,152,174,152,27,3.4120306968688965,0.6982352137565613,3,3,3,3,3,3,3,3,3,FALSE,A
Q9NU23,LYRM2,5,7,5,27,4.822980642318726,0.9112223386764526,3,3,3,3,3,3,3,3,3,FALSE,A
Q9NU53,GINM1,5,5,5,16,4.559208869934082,0.9224026203155518,3,3,3,0,0,0,3,2,2,FALSE,A
Q9NUA8,ZBTB40,18,18,18,26,2.7551231384277344,0.4970598518848419,2,3,3,3,3,3,3,3,3,FALSE,A
Q9NUB1,ACSS1,16,18,16,27,3.661421775817871,0.7355801463127136,3,3,3,3,3,3,3,3,3,FALSE,A
Q9NUD5,ZCCHC3,16,21,16,27,4.433302402496338,0.8513279855251312,3,3,3,3,3,3,3,3,3,FALSE,A
Q9NUE0,ZDHHC18,2,2,2,20,2.806384563446045,0.5831714868545532,0,3,2,2,3,2,2,3,3,FALSE,A
Q9NUG6,PDRG1,4,4,4,26,3.1499103307724,0.7225521206855774,3,3,2,3,3,3,3,3,3,FALSE,A
Q9NUI1,DECR2,10,11,10,26,3.478428840637207,0.6770349740982056,3,3,3,3,3,3,3,2,3,FALSE,A
Q9NUJ1,ABHD10,12,20,12,27,4.768394947052002,0.9094405174255371,3,3,3,3,3,3,3,3,3,FALSE,A
Q9NUJ3,TCP11L1,8,8,8,26,3.194312334060669,0.5343106091022491,3,3,2,3,3,3,3,3,3,FALSE,A
Q9NUK0,MBNL3,1,1,1,24,3.2730575799942017,0.3173549026250839,3,3,3,2,2,3,2,3,3,TRUE,C
Q9NUL3,STAU2,18,20,18,27,4.24668025970459,0.773396909236908,3,3,3,3,3,3,3,3,3,FALSE,A
Q9NUL7,DDX28,9,9,9,27,3.2936148643493652,0.5626988410949707,3,3,3,3,3,3,3,3,3,FALSE,A
Q9NUM4,TMEM106B,9,12,9,27,4.160672187805176,0.8434576392173767,3,3,3,3,3,3,3,3,3,FALSE,A
Q9NUN5,LMBRD1,3,3,3,11,2.4307680130004883,0.6714828014373779,3,3,3,0,1,0,1,0,0,FALSE,A
Q9NUP1,BLOC1S4,6,7,6,27,3.3514695167541504,0.5656143426895142,3,3,3,3,3,3,3,3,3,FALSE,A
Q9NUP7,TRMT13,5,5,5,27,3.9999735355377197,0.830734372138977,3,3,3,3,3,3,3,3,3,FALSE,A
Q9NUP9,LIN7C,5,6,5,27,5.501188516616821,0.9396473169326782,3,3,3,3,3,3,3,3,3,FALSE,A
Q9NUQ2,AGPAT5,3,3,3,11,2.1948161125183105,0,0,3,2,1,2,1,0,0,2,FALSE,A
Q9NUQ3,TXLNG,23,35,23,27,5.0272369384765625,0.9280402958393097,3,3,3,3,3,3,3,3,3,FALSE,A
Q9NUQ6,SPATS2L,18,23,18,27,3.8769607543945313,0.7236814498901367,3,3,3,3,3,3,3,3,3,FALSE,A
Q9NUQ7,UFSP2,13,13,13,26,3.2856619358062744,0.6051793694496155,2,3,3,3,3,3,3,3,3,FALSE,A
Q9NUQ8,ABCF3,16,16,16,27,3.320682168006897,0.6360992193222046,3,3,3,3,3,3,3,3,3,FALSE,A
Q9NUQ9,CYRIB,14,19,14,27,4.6643640995025635,0.7905922830104828,3,3,3,3,3,3,3,3,3,FALSE,A
Q9NUU6,OTULINL,3,3,3,14,2.39908504486084,0.07408375293016434,0,2,1,3,3,0,1,1,3,FALSE,A
Q9NUU7,DDX19A,3,3,3,20,2.8091578483581543,0.7613844871520996,0,3,2,2,3,2,3,3,2,FALSE,A
Q9NUW8,TDP1,9,11,9,27,2.7382874488830566,0.4062303602695465,3,3,3,3,3,3,3,3,3,FALSE,A
Q9NUX5,POT1,4,4,4,23,3.2687482833862305,0.4834136366844177,0,3,2,3,3,3,3,3,3,FALSE,A
Q9NUY8,TBC1D23,10,10,10,26,3.103379487991333,0.7072114944458008,2,3,3,3,3,3,3,3,3,FALSE,A
Q9NV06,DCAF13,18,26,18,27,4.468844175338745,0.8278332948684692,3,3,3,3,3,3,3,3,3,FALSE,A
Q9NV31,IMP3,11,16,11,27,4.352095127105713,0.8903756141662598,3,3,3,3,3,3,3,3,3,FALSE,A
Q9NV35,NUDT15,7,10,7,27,3.435516357421875,0.664344310760498,3,3,3,3,3,3,3,3,3,FALSE,A
Q9NV56,MRGBP,4,5,4,27,6.015102863311768,0.9748559594154358,3,3,3,3,3,3,3,3,3,FALSE,A
Q9NV58,RNF19A,2,2,2,11,3.5925190448760986,0.48792363703250885,2,3,3,0,0,2,1,0,0,FALSE,A
Q9NV66,TYW1,5,5,5,15,2.4770050048828125,0.380585253238678,1,3,1,3,3,2,0,0,2,FALSE,A
Q9NV70,EXOC1,20,21,20,26,2.727431535720825,0.5712954998016357,2,3,3,3,3,3,3,3,3,FALSE,A
Q9NV88,INTS9,14,14,14,27,3.200124144554138,0.6625049114227295,3,3,3,3,3,3,3,3,3,FALSE,A
Q9NV92,NDFIP2,6,8,6,26,3.8959925174713135,0.7769695520401001,3,3,3,3,3,2,3,3,3,FALSE,A
Q9NV96,TMEM30A,10,12,10,27,4.3272364139556885,0.8170224726200104,3,3,3,3,3,3,3,3,3,FALSE,A
Q9NVA1,UQCC1,6,7,6,27,4.198087215423584,0.8589871227741241,3,3,3,3,3,3,3,3,3,FALSE,A
Q9NVA2,SEPTIN11,11,19,11,27,5.966148138046265,0.9554282128810883,3,3,3,3,3,3,3,3,3,FALSE,A
Q9NVA4,TMEM184C,1,1,1,23,3.670502185821533,0.5823037028312683,1,3,2,3,3,3,2,3,3,TRUE,C
Q9NVC3,SLC38A7,2,2,2,10,2.4010982513427734,0.4607434868812561,0,2,2,0,2,0,1,3,0,FALSE,A
Q9NVC6,MED17,19,20,19,27,3.0829172134399414,0.39779502153396606,3,3,3,3,3,3,3,3,3,FALSE,A
Q9NVD7,PARVA,8,9,8,27,4.766095399856567,0.8888119161128998,3,3,3,3,3,3,3,3,3,FALSE,A
Q9NVE7,PANK4,17,18,17,26,3.3021531105041504,0.7280459403991699,3,3,2,3,3,3,3,3,3,FALSE,A
Q9NVF7,FBXO28,12,12,12,27,3.4583144187927246,0.6575058400630951,3,3,3,3,3,3,3,3,3,FALSE,A
Q9NVG8,TBC1D13,12,13,12,27,3.08992862701416,0.6803027391433716,3,3,3,3,3,3,3,3,3,FALSE,A
Q9NVH0,EXD2,12,15,12,27,3.311298370361328,0.6750314831733704,3,3,3,3,3,3,3,3,3,FALSE,A
Q9NVH1,DNAJC11,18,23,18,27,3.7462241649627686,0.7980389297008514,3,3,3,3,3,3,3,3,3,FALSE,A
Q9NVH2,INTS7,21,22,21,26,3.4509559869766235,0.6921384632587433,2,3,3,3,3,3,3,3,3,FALSE,A
Q9NVH6,TMLHE,13,15,13,27,3.5684921741485596,0.7413062453269958,3,3,3,3,3,3,3,3,3,FALSE,A
Q9NVI1,FANCI,50,56,50,27,3.6430389881134033,0.7134082019329071,3,3,3,3,3,3,3,3,3,FALSE,A
Q9NVI7,ATAD3A,6,8,6,27,4.994024276733398,0.8585094809532166,3,3,3,3,3,3,3,3,3,FALSE,A
Q9NVJ2,ARL8B,5,7,5,27,5.637772798538208,0.9254746437072754,3,3,3,3,3,3,3,3,3,FALSE,A
Q9NVM4,PRMT7,3,4,3,15,2.536257028579712,0,0,3,2,0,3,1,2,3,1,FALSE,A
Q9NVM6,DNAJC17,8,11,8,27,4.436704158782959,0.9101554155349731,3,3,3,3,3,3,3,3,3,FALSE,A
Q9NVM9,INTS13,21,22,21,27,3.8565361499786377,0.749159574508667,3,3,3,3,3,3,3,3,3,FALSE,A
Q9NVN3,RIC8B,1,1,1,21,3.241217613220215,0.35697245597839355,0,2,2,3,3,2,3,3,3,TRUE,C
Q9NVN8,GNL3L,23,28,23,27,3.5401952266693115,0.7734836041927338,3,3,3,3,3,3,3,3,3,FALSE,A
Q9NVP1,DDX18,33,48,33,27,5.623920917510986,0.9436613917350769,3,3,3,3,3,3,3,3,3,FALSE,A
Q9NVP2,ASF1B,4,4,4,27,3.352934956550598,0.6090604960918427,3,3,3,3,3,3,3,3,3,FALSE,A
Q9NVQ4,FAIM,7,10,7,27,3.330899238586426,0.7873597145080566,3,3,3,3,3,3,3,3,3,FALSE,A
Q9NVR0,KLHL11,4,4,4,15,2.247276544570923,0.0653425082564354,0,3,2,1,2,0,3,2,2,FALSE,A
Q9NVR2,INTS10,19,22,19,26,3.1607327461242676,0.6017617881298065,2,3,3,3,3,3,3,3,3,FALSE,A
Q9NVR5,DNAAF2,4,4,4,24,2.451929807662964,0.4689721465110779,2,3,2,3,3,2,3,3,3,FALSE,A
Q9NVS2,MRPS18A,8,11,8,27,5.088839530944824,0.9340539574623108,3,3,3,3,3,3,3,3,3,FALSE,A
Q9NVS9,PNPO,14,22,14,27,4.703773498535156,0.8789505362510681,3,3,3,3,3,3,3,3,3,FALSE,A
Q9NVT9,ARMC1,9,13,9,27,3.6602959632873535,0.5736079216003418,3,3,3,3,3,3,3,3,3,FALSE,A
Q9NVU0,POLR3E,21,24,21,26,3.3279236555099487,0.6852405965328217,2,3,3,3,3,3,3,3,3,FALSE,A
Q9NVU7,SDAD1,24,29,24,27,3.6316635608673096,0.7846851944923401,3,3,3,3,3,3,3,3,3,FALSE,A
Q9NVV0,TMEM38B,1,1,1,8,3.0059547424316406,0.575181245803833,0,2,0,1,2,0,0,1,2,TRUE,C
Q9NVV4,MTPAP,10,10,10,25,3.0610501766204834,0.6772982478141785,1,3,3,3,3,3,3,3,3,FALSE,A
Q9NVV5,AIG1,1,1,1,15,2.513519763946533,0.3318716287612915,0,0,0,2,3,2,3,3,2,TRUE,C
Q9NVV9,THAP1,3,3,3,25,3.1017426252365112,0.4916118085384369,3,2,2,3,3,3,3,3,3,FALSE,A
Q9NVW2,RLIM,7,8,7,27,3.034688711166382,0.2853899300098419,3,3,3,3,3,3,3,3,3,FALSE,A
Q9NVX0,HAUS2,4,5,4,23,2.7486666440963745,0.4904991686344147,2,3,2,3,3,2,2,3,3,FALSE,A
Q9NVX2,NLE1,17,22,17,27,3.6748313903808594,0.7139894366264343,3,3,3,3,3,3,3,3,3,FALSE,A
Q9NVZ3,NECAP2,6,9,6,27,4.538495063781738,0.8486140668392181,3,3,3,3,3,3,3,3,3,FALSE,A
Q9NW07,ZNF358,6,8,6,27,3.3952043056488037,0.5625622570514679,3,3,3,3,3,3,3,3,3,FALSE,A
Q9NW08,POLR3B,21,24,21,26,3.324688673019409,0.6103625297546387,2,3,3,3,3,3,3,3,3,FALSE,A
Q9NW13,RBM28,33,48,33,27,4.753537178039551,0.8552885055541992,3,3,3,3,3,3,3,3,3,FALSE,A
Q9NW15,ANO10,3,3,3,22,2.829450011253357,0,0,3,2,3,2,3,3,3,3,FALSE,A
Q9NW61,PLEKHJ1,1,1,1,15,2.6124789714813232,0,0,0,0,2,3,3,3,2,2,TRUE,C
Q9NW64,RBM22,16,22,16,27,5.018049240112305,0.9036859273910522,3,3,3,3,3,3,3,3,3,FALSE,A
Q9NW68,BSDC1,2,2,2,25,2.5154917240142822,0.41328614950180054,2,3,2,3,3,3,3,3,3,FALSE,A
Q9NW75,GPATCH2,8,9,8,27,3.5349631309509277,0.6482902765274048,3,3,3,3,3,3,3,3,3,FALSE,A
Q9NW81,DMAC2,6,8,6,26,2.9452407360076904,0.5083181262016296,2,3,3,3,3,3,3,3,3,FALSE,A
Q9NW82,WDR70,23,26,23,27,3.9944069385528564,0.7115748524665833,3,3,3,3,3,3,3,3,3,FALSE,A
Q9NW97,TMEM51,2,2,2,13,3.287835717201233,0.2771974131464958,3,3,3,3,0,1,0,0,0,FALSE,A
Q9NWA0,MED9,2,2,2,9,2.906612277030945,0.5275479257106781,1,0,1,2,2,2,1,0,0,FALSE,A
Q9NWB6,ARGLU1,6,7,6,27,4.0982160568237305,0.8637123703956604,3,3,3,3,3,3,3,3,3,FALSE,A
Q9NWB7,IFT57,2,2,2,10,2.198495030403137,0.7033414244651794,0,3,1,2,0,1,2,1,0,FALSE,A
Q9NWD8,TMEM248,5,5,5,10,4.161974668502808,0.6397328972816467,3,3,3,0,0,0,1,0,0,FALSE,A
Q9NWH9,SLTM,32,49,32,27,4.972031116485596,0.9149218201637268,3,3,3,3,3,3,3,3,3,FALSE,A
Q9NWK9,ZNHIT6,10,11,10,27,3.5459803342819214,0.7017737925052643,3,3,3,3,3,3,3,3,3,FALSE,A
Q9NWM3,CUEDC1,3,3,3,27,3.3808624744415283,0.7833777666091919,3,3,3,3,3,3,3,3,3,FALSE,A
Q9NWM8,FKBP14,11,14,11,27,3.208184242248535,0.7640664577484131,3,3,3,3,3,3,3,3,3,FALSE,A
Q9NWQ8,PAG1,4,4,4,19,2.785818099975586,0.2874918580055237,3,3,3,2,2,2,1,1,2,FALSE,A
Q9NWR8,MCUB,1,1,1,18,3.2699018716812134,0.5599692165851593,0,3,2,3,2,2,2,1,3,TRUE,C
Q9NWS0,PIH1D1,10,10,10,27,3.557848334312439,0.32567480206489563,3,3,3,3,3,3,3,3,3,FALSE,A
Q9NWS8,RMND1,8,8,8,21,3.2408281564712524,0.6015485525131226,0,3,2,3,2,3,2,3,3,FALSE,A
Q9NWS9,ZNF446,6,6,6,25,3.3015130758285522,0.2339145839214325,1,3,3,3,3,3,3,3,3,FALSE,A
Q9NWT1,PAK1IP1,18,27,18,27,4.114798069000244,0.7532491683959961,3,3,3,3,3,3,3,3,3,FALSE,A
Q9NWT6,HIF1AN,11,12,11,27,3.5664963722229004,0.7882704138755798,3,3,3,3,3,3,3,3,3,FALSE,A
Q9NWT8,AURKAIP1,2,3,2,24,3.5393624305725098,0.6343876421451569,3,3,3,3,2,3,3,2,2,FALSE,A
Q9NWU1,OXSM,12,12,12,27,3.166014552116394,0.7307527959346771,3,3,3,3,3,3,3,3,3,FALSE,A
Q9NWU2,GID8,5,5,5,27,2.281258463859558,0.2389502078294754,3,3,3,3,3,3,3,3,3,FALSE,A
Q9NWU5,MRPL22,8,10,8,27,4.367991209030151,0.8546343445777893,3,3,3,3,3,3,3,3,3,FALSE,A
Q9NWV4,CZIB,6,10,6,27,4.4780919551849365,0.9313754737377167,3,3,3,3,3,3,3,3,3,FALSE,A
Q9NWV8,BABAM1,6,6,6,27,3.5838003158569336,0.8074085116386414,3,3,3,3,3,3,3,3,3,FALSE,A
Q9NWW5,CLN6,2,2,2,12,3.245091438293457,0.49992620944976807,0,3,2,1,2,1,1,1,1,FALSE,A
Q9NWW6,NMRK1,2,2,2,16,2.0294477939605713,0,0,3,1,1,3,2,2,3,1,FALSE,A
Q9NWX5,ASB6,1,1,1,25,4.304014682769775,0.6693148016929626,2,3,2,3,3,3,3,3,3,TRUE,B
Q9NWX6,THG1L,5,6,5,27,3.1039462089538574,0.8557942509651184,3,3,3,3,3,3,3,3,3,FALSE,A
Q9NWY4,HPF1,15,21,15,27,3.7034741640090942,0.7035239040851593,3,3,3,3,3,3,3,3,3,FALSE,A
Q9NWZ3,IRAK4,3,3,3,24,3.1238510608673096,0,1,3,2,3,3,3,3,3,3,FALSE,A
Q9NWZ5,UCKL1,16,17,16,27,2.9025235176086426,0.5049328207969666,3,3,3,3,3,3,3,3,3,FALSE,A
Q9NWZ8,GEMIN8,6,8,6,27,3.7886781692504883,0.852480411529541,3,3,3,3,3,3,3,3,3,FALSE,A
Q9NX00,TMEM160,3,4,3,27,4.166386842727661,0.7791829705238342,3,3,3,3,3,3,3,3,3,FALSE,A
Q9NX01,TXNL4B,3,3,3,27,3.051657557487488,0.7841031849384308,3,3,3,3,3,3,3,3,3,FALSE,A
Q9NX04,AIRIM,2,2,2,21,2.8330624103546143,0.4322105050086975,3,3,3,2,3,1,3,3,0,FALSE,A
Q9NX05,FAM120C,10,10,10,25,2.7231215238571167,0.5223667621612549,1,3,3,3,3,3,3,3,3,FALSE,A
Q9NX08,COMMD8,2,2,2,24,2.3441309928894043,0.29441775381565094,3,3,3,3,3,3,3,3,0,FALSE,A
Q9NX09,DDIT4,1,1,1,16,2.5234066247940063,0,3,3,3,1,2,0,2,2,0,TRUE,C
Q9NX14,NDUFB11,4,5,4,27,4.082000255584717,0.9014414548873901,3,3,3,3,3,3,3,3,3,FALSE,A
Q9NX20,MRPL16,9,13,9,27,4.498205661773682,0.9105125069618225,3,3,3,3,3,3,3,3,3,FALSE,A
Q9NX24,NHP2,6,10,6,27,5.693500995635986,0.9156787991523743,3,3,3,3,3,3,3,3,3,FALSE,A
Q9NX36,DNAJC28,2,2,2,20,2.215077519416809,0,0,1,1,3,3,3,3,3,3,FALSE,A
Q9NX38,ABITRAM,3,4,3,27,3.1426644325256348,0.42170026898384094,3,3,3,3,3,3,3,3,3,FALSE,A
Q9NX40,OCIAD1,13,17,13,27,4.684876203536987,0.8473865389823914,3,3,3,3,3,3,3,3,3,FALSE,A
Q9NX46,ADPRS,9,11,9,27,4.276648283004761,0.7772133946418762,3,3,3,3,3,3,3,3,3,FALSE,A
Q9NX47,MARCHF5,8,9,8,27,3.1623127460479736,0.48243629932403564,3,3,3,3,3,3,3,3,3,FALSE,A
Q9NX55,HYPK,4,5,4,27,4.442492723464966,0.7237913608551025,3,3,3,3,3,3,3,3,3,FALSE,A
Q9NX58,LYAR,20,34,20,27,5.5684654712677,0.9339350461959839,3,3,3,3,3,3,3,3,3,FALSE,A
Q9NX61,TMEM161A,1,1,1,14,2.357933759689331,0.5622036457061768,0,1,1,3,3,2,3,1,0,TRUE,C
Q9NX62,BPNT2,10,12,10,27,4.029256582260132,0.7751320898532867,3,3,3,3,3,3,3,3,3,FALSE,A
Q9NX63,CHCHD3,11,19,11,27,5.735614776611328,0.9618373513221741,3,3,3,3,3,3,3,3,3,FALSE,A
Q9NX70,MED29,3,4,3,25,2.827062249183655,0.7474532127380371,3,3,3,2,3,3,3,3,2,FALSE,A
Q9NX74,DUS2,12,12,13,27,3.121588110923767,0.4604681730270386,3,3,3,3,3,3,3,3,3,FALSE,A
Q9NX76,CMTM6,2,2,2,13,3.2838315963745117,0.7625821828842163,2,3,3,1,0,0,1,2,1,FALSE,A
Q9NX94,WBP1L,2,2,2,7,3.079321503639221,0,1,3,3,0,0,0,0,0,0,FALSE,A
Q9NXA8,SIRT5,10,11,10,27,3.460033893585205,0.5881239771842957,3,3,3,3,3,3,3,3,3,FALSE,A
Q9NXB9,ELOVL2,1,1,1,12,2.501527190208435,0.6603733003139496,0,2,2,1,2,1,1,1,2,TRUE,C
Q9NXC5,MIOS,22,24,22,27,2.9972472190856934,0.5069786906242371,3,3,3,3,3,3,3,3,3,FALSE,A
Q9NXE4,SMPD4,12,12,12,25,3.2339892387390137,0.3364059329032898,1,3,3,3,3,3,3,3,3,FALSE,A
Q9NXE8,CWC25,14,15,14,27,4.773343086242676,0.8112163543701172,3,3,3,3,3,3,3,3,3,FALSE,A
Q9NXF1,TEX10,38,44,38,27,4.223513603210449,0.8484229743480682,3,3,3,3,3,3,3,3,3,FALSE,A
Q9NXF7,DCAF16,1,2,1,27,3.639655351638794,0.8074101209640503,3,3,3,3,3,3,3,3,3,TRUE,C
Q9NXG2,THUMPD1,16,21,16,27,4.344254016876221,0.8378881216049194,3,3,3,3,3,3,3,3,3,FALSE,A
Q9NXH9,TRMT1,18,20,18,27,3.5073821544647217,0.7004981637001038,3,3,3,3,3,3,3,3,3,FALSE,A
Q9NXJ5,PGPEP1,1,1,1,21,3.1018099784851074,0.929745614528656,0,3,1,3,3,3,2,3,3,TRUE,C
Q9NXK8,FBXL12,6,6,6,26,3.009953022003174,0.0018086450872942805,2,3,3,3,3,3,3,3,3,FALSE,A
Q9NXL9,MCM9,14,15,14,27,3.0788116455078125,0.3668428957462311,3,3,3,3,3,3,3,3,3,FALSE,A
Q9NXN4,GDAP2,8,8,8,25,2.8665995597839355,0.4125867486000061,2,3,2,3,3,3,3,3,3,FALSE,A
Q9NXR1,NDE1,13,16,13,27,4.677613258361816,0.8596689701080322,3,3,3,3,3,3,3,3,3,FALSE,A
Q9NXR7,BABAM2,9,10,9,27,3.327005982398987,0.6283532083034515,3,3,3,3,3,3,3,3,3,FALSE,A
Q9NXR8,ING3,6,6,6,27,3.394685745239258,0.6587873101234436,3,3,3,3,3,3,3,3,3,FALSE,A
Q9NXS2,QPCTL,11,13,11,27,3.6079649925231934,0.8200094699859619,3,3,3,3,3,3,3,3,3,FALSE,A
Q9NXU5,ARL15,4,4,4,26,3.709938168525696,0.69215989112854,3,3,2,3,3,3,3,3,3,FALSE,A
Q9NXV2,KCTD5,8,10,8,27,3.51863431930542,0.7674148678779602,3,3,3,3,3,3,3,3,3,FALSE,A
Q9NXV6,CDKN2AIP,18,20,18,27,4.0876007080078125,0.7619683742523193,3,3,3,3,3,3,3,3,3,FALSE,A
Q9NXW2,DNAJB12,12,17,12,27,5.105109930038452,0.8629319965839386,3,3,3,3,3,3,3,3,3,FALSE,A
Q9NXW9,ALKBH4,7,7,7,27,2.8792295455932617,0.5325419902801514,3,3,3,3,3,3,3,3,3,FALSE,A
Q9NXX6,NSMCE4A,12,12,12,27,4.118698596954346,0.7276258170604706,3,3,3,3,3,3,3,3,3,FALSE,A
Q9NY12,GAR1,6,8,6,27,5.980580806732178,0.9476153254508972,3,3,3,3,3,3,3,3,3,FALSE,A
Q9NY26,SLC39A1,1,1,1,5,2.920520305633545,0.23786599934101105,0,3,2,0,0,0,0,0,0,TRUE,C
Q9NY27,PPP4R2,13,17,13,27,4.358078956604004,0.8458575010299683,3,3,3,3,3,3,3,3,3,FALSE,A
Q9NY33,DPP3,26,33,26,27,3.7555463314056396,0.7767422497272491,3,3,3,3,3,3,3,3,3,FALSE,A
Q9NY35,CLDND1,3,3,3,20,3.104483485221863,0.808165431022644,0,3,2,3,3,2,2,2,3,FALSE,A
Q9NY47,CACNA2D2,8,8,8,27,2.704381227493286,0.34906546771526337,3,3,3,3,3,3,3,3,3,FALSE,A
Q9NY61,AATF,19,27,19,27,4.425730228424072,0.8811861276626587,3,3,3,3,3,3,3,3,3,FALSE,A
Q9NY74,ETAA1,3,3,3,21,2.2525899410247803,0,3,3,3,1,3,3,3,2,0,FALSE,A
Q9NY93,DDX56,25,31,25,27,4.443900108337402,0.8671775162220001,3,3,3,3,3,3,3,3,3,FALSE,A
Q9NY97,B3GNT2,3,3,3,27,2.7155697345733643,0.24000228941440582,3,3,3,3,3,3,3,3,3,FALSE,A
Q9NYA4,MTMR4,2,2,2,5,2.704874038696289,0.6334859728813171,0,2,2,0,0,0,0,0,1,FALSE,A
Q9NYB0,TERF2IP,15,19,15,27,4.148623466491699,0.7852130234241486,3,3,3,3,3,3,3,3,3,FALSE,A
Q9NYB9,ABI2,8,9,8,27,4.589998722076416,0.7928576469421387,3,3,3,3,3,3,3,3,3,FALSE,A
Q9NYD6,HOXC10,6,8,6,27,3.0191917419433594,0.3190436363220215,3,3,3,3,3,3,3,3,3,FALSE,A
Q9NYF0,DACT1,1,1,1,15,3.7796218395233154,0.535056471824646,0,0,0,3,3,3,3,3,0,TRUE,C
Q9NYF3,FAM53C,1,1,1,12,2.1974114179611206,0,0,0,0,3,3,3,2,1,0,TRUE,C
Q9NYF8,BCLAF1,33,57,33,27,5.562293529510498,0.9502600431442261,3,3,3,3,3,3,3,3,3,FALSE,A
Q9NYG5,ANAPC11,1,1,1,11,2.8384933471679688,0.46778520941734314,3,3,2,0,0,0,2,1,0,TRUE,C
Q9NYH9,UTP6,30,35,30,26,3.90175724029541,0.7782859802246094,2,3,3,3,3,3,3,3,3,FALSE,A
Q9NYJ1,COA4,3,3,3,26,3.827035665512085,0.8026106953620911,3,3,3,3,3,3,3,3,2,FALSE,A
Q9NYJ8,TAB2,14,15,14,27,3.928661823272705,0.7921062707901001,3,3,3,3,3,3,3,3,3,FALSE,A
Q9NYK5,MRPL39,17,26,17,27,4.993569374084473,0.9003913998603821,3,3,3,3,3,3,3,3,3,FALSE,A
Q9NYK6,EURL,4,4,4,20,2.2570300102233887,0.0913834497332573,3,3,1,3,1,3,3,2,1,FALSE,A
Q9NYL2,MAP3K20,21,22,21,27,3.024121642112732,0.6018429696559906,3,3,3,3,3,3,3,3,3,FALSE,A
Q9NYL9,TMOD3,18,24,18,27,4.093501567840576,0.8863323330879211,3,3,3,3,3,3,3,3,3,FALSE,A
Q9NYM9,BET1L,2,2,2,27,4.598444938659668,0.8263861536979675,3,3,3,3,3,3,3,3,3,FALSE,A
Q9NYP3,DONSON,5,6,5,22,2.652052164077759,0.36611267924308777,0,3,2,3,3,2,3,3,3,FALSE,A
Q9NYP7,ELOVL5,1,1,1,8,4.7538511753082275,0.6632952690124512,2,3,3,0,0,0,0,0,0,TRUE,B
Q9NYP9,MIS18A,5,5,5,16,3.1855770349502563,0.4658266454935074,3,3,3,1,2,0,3,1,0,FALSE,A
Q9NYR9,NKIRAS2,6,8,6,27,4.099200248718262,0.8174102902412415,3,3,3,3,3,3,3,3,3,FALSE,A
Q9NYS0,NKIRAS1,4,4,4,26,2.9472354650497437,0.1557171866297722,3,3,2,3,3,3,3,3,3,FALSE,A
Q9NYU1,UGGT2,3,3,3,23,2.5675048828125,0.6992275714874268,0,3,2,3,3,3,3,3,3,FALSE,A
Q9NYU2,UGGT1,56,76,56,27,4.163386344909668,0.8167914152145386,3,3,3,3,3,3,3,3,3,FALSE,A
Q9NYV4,CDK12,29,33,29,27,4.110390663146973,0.7882298827171326,3,3,3,3,3,3,3,3,3,FALSE,A
Q9NYV6,RRN3,2,2,2,22,2.655026078224182,0.4658905565738678,0,3,1,3,3,3,3,3,3,FALSE,A
Q9NYW8,RBAK,3,3,4,11,3.216782331466675,0.7876756191253662,3,3,3,0,1,0,0,0,1,FALSE,A
Q9NYX4,CALY,2,2,2,9,2.1158533692359924,0,0,0,0,3,2,3,1,0,0,FALSE,A
Q9NYY8,FASTKD2,18,19,18,26,2.9642574787139893,0.5952940583229065,2,3,3,3,3,3,3,3,3,FALSE,A
Q9NYZ3,GTSE1,18,20,18,27,3.5371146202087402,0.6484587788581848,3,3,3,3,3,3,3,3,3,FALSE,A
Q9NZ01,TECR,9,12,9,26,4.3196938037872314,0.869224488735199,2,3,3,3,3,3,3,3,3,FALSE,A
Q9NZ08,ERAP1,13,13,13,24,3.18406081199646,0.4959651827812195,0,3,3,3,3,3,3,3,3,FALSE,A
Q9NZ09,UBAP1,2,2,2,12,2.6923691034317017,0.7561760246753693,0,1,0,3,2,2,2,2,0,FALSE,A
Q9NZ32,ACTR10,16,20,16,27,3.641646385192871,0.7740727066993713,3,3,3,3,3,3,3,3,3,FALSE,A
Q9NZ43,USE1,5,5,5,27,2.95342481136322,0.4600924998521805,3,3,3,3,3,3,3,3,3,FALSE,A
Q9NZ45,CISD1,4,7,4,27,5.00429105758667,0.9347466826438904,3,3,3,3,3,3,3,3,3,FALSE,A
Q9NZ52,GGA3,9,10,9,27,3.3089795112609863,0.5888910293579102,3,3,3,3,3,3,3,3,3,FALSE,A
Q9NZ53,PODXL2,1,2,1,24,3.3274765014648438,0.7387301921844482,3,2,3,3,3,3,2,3,2,TRUE,C
Q9NZ56,FMN2,8,9,8,27,3.3598108291625977,0.5014503002166748,3,3,3,3,3,3,3,3,3,FALSE,A
Q9NZ63,C9orf78,12,17,12,27,4.176425933837891,0.8381622135639191,3,3,3,3,3,3,3,3,3,FALSE,A
Q9NZ72,STMN3,5,5,5,21,3.292487144470215,0.6753156781196594,3,3,3,3,1,3,3,2,0,FALSE,A
Q9NZB2,FAM120A,35,50,35,27,4.0436928272247314,0.7853085398674011,3,3,3,3,3,3,3,3,3,FALSE,A
Q9NZB8,MOCS1,11,11,11,27,3.308384418487549,0.7688484787940979,3,3,3,3,3,3,3,3,3,FALSE,A
Q9NZC3,GDE1,4,5,4,27,4.063534736633301,0.7779865264892578,3,3,3,3,3,3,3,3,3,FALSE,A
Q9NZC7,WWOX,3,3,3,22,2.4172987937927246,0,0,3,2,3,3,2,3,3,3,FALSE,A
Q9NZC9,SMARCAL1,16,16,16,26,3.05141019821167,0.6044225692749023,2,3,3,3,3,3,3,3,3,FALSE,A
Q9NZD2,GLTP,5,5,5,25,2.6550378799438477,0,3,3,3,3,3,3,3,3,1,FALSE,A
Q9NZD8,SPG21,11,13,11,26,2.718371868133545,0.39878320693969727,2,3,3,3,3,3,3,3,3,FALSE,A
Q9NZE8,MRPL35,7,7,7,26,3.185762405395508,0.8354021310806274,3,3,3,3,3,3,3,2,3,FALSE,A
Q9NZI6,TFCP2L1,1,1,1,2,6.136946678161621,0.5674738585948944,1,0,1,0,0,0,0,0,0,TRUE,B
Q9NZI7,UBP1,14,18,14,27,3.8808826208114624,0.8412841558456421,3,3,3,3,3,3,3,3,3,FALSE,A
Q9NZI8,IGF2BP1,25,40,25,27,5.692380905151367,0.9551995694637299,3,3,3,3,3,3,3,3,3,FALSE,A
Q9NZJ0,DTL,14,14,14,27,3.3253368139266968,0.5307169258594513,3,3,3,3,3,3,3,3,3,FALSE,A
Q9NZJ5,EIF2AK3,2,2,2,21,2.392168402671814,0.30137497186660767,2,3,2,2,3,2,2,3,2,FALSE,A
Q9NZJ6,COQ3,4,5,4,25,3.0118746757507324,0.3927323669195175,1,3,3,3,3,3,3,3,3,FALSE,A
Q9NZJ7,MTCH1,8,9,8,26,3.3409295082092285,0.10523801669478416,2,3,3,3,3,3,3,3,3,FALSE,A
Q9NZJ9,NUDT4,1,1,1,22,2.7839059829711914,0.7312455177307129,3,3,3,3,1,3,3,3,0,TRUE,C
Q9NZL4,HSPBP1,15,19,15,27,4.467850685119629,0.8387456238269806,3,3,3,3,3,3,3,3,3,FALSE,A
Q9NZL9,MAT2B,17,22,17,27,4.787685871124268,0.891516923904419,3,3,3,3,3,3,3,3,3,FALSE,A
Q9NZM3,ITSN2,25,28,25,27,3.2840986251831055,0.6851120889186859,3,3,3,3,3,3,3,3,3,FALSE,A
Q9NZM4,BICRA,16,19,16,27,3.4290449619293213,0.49670296907424927,3,3,3,3,3,3,3,3,3,FALSE,A
Q9NZM5,NOP53,10,17,10,27,4.659324645996094,0.8967641294002533,3,3,3,3,3,3,3,3,3,FALSE,A
Q9NZN3,EHD3,3,3,3,8,3.7431228160858154,0.5352896153926849,2,3,2,0,0,0,0,1,0,FALSE,A
Q9NZN5,ARHGEF12,18,19,18,27,3.1453428268432617,0.46985626220703125,3,3,3,3,3,3,3,3,3,FALSE,A
Q9NZN8,CNOT2,12,14,12,27,3.944827914237976,0.6477530002593994,3,3,3,3,3,3,3,3,3,FALSE,A
Q9NZQ3,NCKIPSD,19,22,19,27,3.37917160987854,0.60756516456604,3,3,3,3,3,3,3,3,3,FALSE,A
Q9NZR1,TMOD2,9,10,9,27,3.7387399673461914,0.7771375775337219,3,3,3,3,3,3,3,3,3,FALSE,A
Q9NZT1,CALML5,5,5,5,9,3.5331575870513916,0.7884259521961212,2,1,0,0,2,2,1,1,0,FALSE,A
Q9NZT2,OGFR,18,22,18,27,4.286567211151123,0.8069608211517334,3,3,3,3,3,3,3,3,3,FALSE,A
Q9NZU0,FLRT3,12,12,12,27,2.5976336002349854,0.38976410031318665,3,3,3,3,3,3,3,3,3,FALSE,A
Q9NZU5,LMCD1,22,28,22,27,3.581944704055786,0.6717578768730164,3,3,3,3,3,3,3,3,3,FALSE,A
Q9NZV1,CRIM1,8,8,8,20,3.3338119983673096,0.5483512282371521,3,3,3,3,1,0,3,3,1,FALSE,A
Q9NZV5,SELENON,3,4,3,27,2.954736828804016,0.6230201423168182,3,3,3,3,3,3,3,3,3,FALSE,A
Q9NZW5,PALS2,25,30,25,27,3.7280408143997192,0.7649605572223663,3,3,3,3,3,3,3,3,3,FALSE,A
Q9NZZ3,CHMP5,7,10,7,27,5.730015277862549,0.9532554745674133,3,3,3,3,3,3,3,3,3,FALSE,A
Q9P000,COMMD9,7,7,7,27,2.9416089057922363,0.4778788387775421,3,3,3,3,3,3,3,3,3,FALSE,A
Q9P003,CNIH4,1,2,1,27,4.721325635910034,0.8254597783088684,3,3,3,3,3,3,3,3,3,TRUE,B
Q9P013,CWC15,8,10,8,27,5.352669715881348,0.9510920345783234,3,3,3,3,3,3,3,3,3,FALSE,A
Q9P015,MRPL15,17,24,17,27,4.543495178222656,0.9139656126499176,3,3,3,3,3,3,3,3,3,FALSE,A
Q9P016,THYN1,13,18,13,27,5.7171807289123535,0.9625870585441589,3,3,3,3,3,3,3,3,3,FALSE,A
Q9P021,CRIPT,3,6,3,27,4.054043292999268,0.6586885154247284,3,3,3,3,3,3,3,3,3,FALSE,A
Q9P031,CCDC59,10,13,10,27,4.233273506164551,0.7603228092193604,3,3,3,3,3,3,3,3,3,FALSE,A
Q9P032,NDUFAF4,12,17,12,27,5.295494556427002,0.92119300365448,3,3,3,3,3,3,3,3,3,FALSE,A
Q9P035,HACD3,11,15,11,27,5.675845623016357,0.959478348493576,3,3,3,3,3,3,3,3,3,FALSE,A
Q9P086,MED11,2,4,2,27,3.1472480297088623,0.648943156003952,3,3,3,3,3,3,3,3,3,FALSE,A
Q9P0B6,CCDC167,5,6,5,27,5.720294952392578,0.9426110982894897,3,3,3,3,3,3,3,3,3,FALSE,A
Q9P0I2,EMC3,9,10,9,27,4.386447191238403,0.8294252753257751,3,3,3,3,3,3,3,3,3,FALSE,A
Q9P0J0,NDUFA13,9,14,9,27,4.981197357177734,0.8948595523834229,3,3,3,3,3,3,3,3,3,FALSE,A
Q9P0J1,PDP1,15,17,15,27,3.1709775924682617,0.7249177992343903,3,3,3,3,3,3,3,3,3,FALSE,A
Q9P0J7,KCMF1,8,11,8,27,4.745871067047119,0.8902143836021423,3,3,3,3,3,3,3,3,3,FALSE,A
Q9P0K1,ADAM22,4,4,4,27,3.2756052017211914,0.34357571601867676,3,3,3,3,3,3,3,3,3,FALSE,A
Q9P0K7,RAI14,45,55,45,27,3.8876670598983765,0.7763950824737549,3,3,3,3,3,3,3,3,3,FALSE,A
Q9P0K8,FOXJ2,5,6,5,27,3.615599036216736,0.49907198548316956,3,3,3,3,3,3,3,3,3,FALSE,A
Q9P0L0,VAPA,13,23,13,27,4.9878034591674805,0.9086903631687164,3,3,3,3,3,3,3,3,3,FALSE,A
Q9P0L2,MARK1,13,13,13,27,2.9552448987960815,0.34987039864063263,3,3,3,3,3,3,3,3,3,FALSE,A
Q9P0M2,AKAP7,2,2,2,11,2.386751174926758,0,2,3,3,1,0,0,0,1,1,FALSE,A
Q9P0M6,MACROH2A2,19,31,19,27,5.573972463607788,0.9425733089447021,3,3,3,3,3,3,3,3,3,FALSE,A
Q9P0M9,MRPL27,6,11,6,27,4.657642126083374,0.8774762749671936,3,3,3,3,3,3,3,3,3,FALSE,A
Q9P0N9,TBC1D7,3,3,3,20,2.3148579597473145,0,0,3,2,3,3,3,2,3,1,FALSE,A
Q9P0P0,RNF181,2,2,2,5,2.3910757303237915,0.34684422612190247,3,0,1,0,1,0,0,0,0,FALSE,A
Q9P0P8,MTRES1,3,4,3,27,3.647340774536133,0.8332045674324036,3,3,3,3,3,3,3,3,3,FALSE,A
Q9P0R6,GSKIP,3,3,3,21,2.505129337310791,0.4152528941631317,0,2,1,3,3,3,3,3,3,FALSE,A
Q9P0S2,COX16,3,5,3,27,4.260626316070557,0.7704293727874756,3,3,3,3,3,3,3,3,3,FALSE,A
Q9P0S9,TMEM14C,3,4,3,27,4.172369956970215,0.8840957581996918,3,3,3,3,3,3,3,3,3,FALSE,A
Q9P0T4,ZNF581,5,5,5,27,3.7802469730377197,0.4121364653110504,3,3,3,3,3,3,3,3,3,FALSE,A
Q9P0T7,TMEM9,5,8,5,27,3.613743782043457,0.6903694868087769,3,3,3,3,3,3,3,3,3,FALSE,A
Q9P0U1,TOMM7,5,6,5,27,3.948490262031555,0.8753906190395355,3,3,3,3,3,3,3,3,3,FALSE,A
Q9P0U3,SENP1,7,7,7,24,2.6719939708709717,0.47131454944610596,0,3,3,3,3,3,3,3,3,FALSE,A
Q9P0U4,CXXC1,25,36,25,27,4.47807502746582,0.8255988955497742,3,3,3,3,3,3,3,3,3,FALSE,A
Q9P0V9,SEPTIN10,9,10,9,27,3.312505841255188,0.6109334230422974,3,3,3,3,3,3,3,3,3,FALSE,A
Q9P0W2,HMG20B,8,9,8,27,4.494579315185547,0.8895153999328613,3,3,3,3,3,3,3,3,3,FALSE,A
Q9P1F3,ABRACL,3,4,3,27,3.122678518295288,0.781665027141571,3,3,3,3,3,3,3,3,3,FALSE,A
Q9P1T7,MDFIC,1,1,1,22,3.2435739040374756,0.45748738944530487,3,3,3,1,1,2,3,3,3,TRUE,C
Q9P1U1,ACTR3B,2,3,2,24,2.7573392391204834,0.08741263300180435,2,3,2,3,3,3,2,3,3,FALSE,A
Q9P1Y5,CAMSAP3,25,28,25,27,3.3385274410247803,0.6600093841552734,3,3,3,3,3,3,3,3,3,FALSE,A
Q9P1Y6,PHRF1,18,20,18,27,3.7643072605133057,0.7686254978179932,3,3,3,3,3,3,3,3,3,FALSE,A
Q9P1Z0,ZBTB4,2,2,2,19,2.6563775539398193,0,0,0,3,2,3,3,3,2,3,FALSE,A
Q9P1Z2,CALCOCO1,11,11,11,27,2.7739415168762207,0.32210221886634827,3,3,3,3,3,3,3,3,3,FALSE,A
Q9P206,NHSL3,20,27,20,27,3.5354771614074707,0.6805581450462341,3,3,3,3,3,3,3,3,3,FALSE,A
Q9P215,POGK,6,6,6,24,2.78813898563385,0.5301718711853027,3,3,3,2,2,2,3,3,3,FALSE,A
Q9P219,CCDC88C,20,22,20,27,2.7585697174072266,0.24140381813049316,3,3,3,3,3,3,3,3,3,FALSE,A
Q9P244,LRFN1,3,3,3,16,2.2467079162597656,0.6635044813156128,0,2,2,3,3,1,1,1,3,FALSE,A
Q9P246,STIM2,8,9,8,27,3.237368106842041,0.7582555711269379,3,3,3,3,3,3,3,3,3,FALSE,A
Q9P253,VPS18,17,17,17,25,3.185513734817505,0.5390200614929199,2,3,2,3,3,3,3,3,3,FALSE,A
Q9P258,RCC2,24,37,24,27,5.9340057373046875,0.9617472887039185,3,3,3,3,3,3,3,3,3,FALSE,A
Q9P260,RELCH,15,16,15,26,3.009816884994507,0.5969735980033875,2,3,3,3,3,3,3,3,3,FALSE,A
Q9P265,DIP2B,30,32,30,27,3.016124963760376,0.5435563325881958,3,3,3,3,3,3,3,3,3,FALSE,A
Q9P266,JCAD,26,29,26,27,2.7680457830429077,0.33102403581142426,3,3,3,3,3,3,3,3,3,FALSE,A
Q9P270,SLAIN2,18,19,18,27,3.9806969165802,0.733073890209198,3,3,3,3,3,3,3,3,3,FALSE,A
Q9P273,TENM3,15,15,15,24,2.3228251934051514,0.10226401686668396,1,3,2,3,3,3,3,3,3,FALSE,A
Q9P275,USP36,39,49,39,27,3.5216314792633057,0.7204999327659607,3,3,3,3,3,3,3,3,3,FALSE,A
Q9P281,BAHCC1,7,7,7,22,2.5274540185928345,0,0,1,3,3,3,3,3,3,3,FALSE,A
Q9P287,BCCIP,15,22,15,27,4.278843641281128,0.8586277663707733,3,3,3,3,3,3,3,3,3,FALSE,A
Q9P289,STK26,8,10,8,27,4.39202880859375,0.8376725912094116,3,3,3,3,3,3,3,3,3,FALSE,A
Q9P2B2,PTGFRN,30,38,30,27,4.1094818115234375,0.81682288646698,3,3,3,3,3,3,3,3,3,FALSE,A
Q9P2B4,CTTNBP2NL,24,29,24,27,4.37394905090332,0.8734004497528076,3,3,3,3,3,3,3,3,3,FALSE,A
Q9P2B7,CFAP97,7,8,7,27,3.6955000162124634,0.733946830034256,3,3,3,3,3,3,3,3,3,FALSE,A
Q9P2C4,TMEM181,2,3,2,15,3.084292411804199,0.2855885624885559,0,3,2,2,2,0,1,2,3,FALSE,A
Q9P2D1,CHD7,37,39,37,27,3.2862236499786377,0.4020134210586548,3,3,3,3,3,3,3,3,3,FALSE,A
Q9P2D3,HEATR5B,6,6,6,23,2.462575316429138,0.12737230956554413,0,3,2,3,3,3,3,3,3,FALSE,A
Q9P2E3,ZNFX1,4,4,4,17,2.227739095687866,0,1,3,2,2,2,2,2,2,1,FALSE,A
Q9P2E5,CHPF2,7,7,7,15,2.731646776199341,0.13210784643888474,2,3,2,0,1,2,1,1,3,FALSE,A
Q9P2E7,PCDH10,11,11,11,27,2.54166841506958,0.2525092661380768,3,3,3,3,3,3,3,3,3,FALSE,A
Q9P2E9,RRBP1,54,81,54,27,6.1461992263793945,0.9645982980728149,3,3,3,3,3,3,3,3,3,FALSE,A
Q9P2F8,SIPA1L2,6,6,6,25,2.7924399375915527,0.26508238911628723,2,3,2,3,3,3,3,3,3,FALSE,A
Q9P2F9,ZNF319,6,7,6,20,2.9407577514648438,0.774101972579956,3,3,3,2,0,0,3,3,3,FALSE,A
Q9P2H3,IFT80,1,1,1,22,2.823500633239746,0.6210763454437256,0,3,2,3,3,3,2,3,3,TRUE,C
Q9P2I0,CPSF2,33,42,33,27,4.203478813171387,0.8013932108879089,3,3,3,3,3,3,3,3,3,FALSE,A
Q9P2J3,KLHL9,2,2,2,18,2.7564449310302734,0.4273165166378021,0,3,2,3,2,2,3,3,0,FALSE,A
Q9P2J5,LARS1,59,76,59,27,4.201171398162842,0.8871759474277496,3,3,3,3,3,3,3,3,3,FALSE,A
Q9P2J9,PDP2,1,1,1,8,1.9482121467590332,0.03848014026880264,0,0,0,1,2,3,1,1,0,TRUE,C
Q9P2K2,TXNDC16,5,5,5,24,3.0071955919265747,0.41551198065280914,1,3,2,3,3,3,3,3,3,FALSE,A
Q9P2K3,RCOR3,9,9,9,27,4.0006020069122314,0.6537604033946991,3,3,3,3,3,3,3,3,3,FALSE,A
Q9P2K5,MYEF2,20,25,20,27,4.435103416442871,0.8466833829879761,3,3,3,3,3,3,3,3,3,FALSE,A
Q9P2K6,KLHL42,3,3,3,6,2.5788028240203857,0.11292701959609985,0,3,2,0,0,0,1,0,0,FALSE,A
Q9P2K8,EIF2AK4,9,9,9,25,2.991279125213623,0.49705326557159424,2,3,2,3,3,3,3,3,3,FALSE,A
Q9P2L0,WDR35,2,2,2,14,2.918467879295349,0.963063657283783,0,0,0,3,2,3,1,3,2,FALSE,A
Q9P2M7,CGN,37,43,37,27,3.682453155517578,0.7214905023574829,3,3,3,3,3,3,3,3,3,FALSE,A
Q9P2N5,RBM27,27,37,27,27,4.388615131378174,0.8884289860725403,3,3,3,3,3,3,3,3,3,FALSE,A
Q9P2N6,KANSL3,10,11,10,27,3.0554038286209106,0.5564346015453339,3,3,3,3,3,3,3,3,3,FALSE,A
Q9P2Q2,FRMD4A,1,1,1,11,2.162522554397583,0.032884616404771805,0,0,1,1,3,3,2,1,0,TRUE,C
Q9P2R3,ANKFY1,19,20,19,24,3.2379813194274902,0.5516832768917084,1,3,2,3,3,3,3,3,3,FALSE,A
Q9P2R6,RERE,11,11,11,27,2.830028772354126,0.2869214415550232,3,3,3,3,3,3,3,3,3,FALSE,A
Q9P2R7,SUCLA2,17,24,17,27,4.255632400512695,0.7879183292388916,3,3,3,3,3,3,3,3,3,FALSE,A
Q9P2S5,WRAP73,3,3,3,22,2.8547909259796143,0.6062594652175903,1,3,2,3,3,2,3,3,2,FALSE,A
Q9P2T1,GMPR2,13,14,13,27,5.309995651245117,0.9287285208702087,3,3,3,3,3,3,3,3,3,FALSE,A
Q9P2W1,PSMC3IP,6,6,6,27,4.181460380554199,0.8404615521430969,3,3,3,3,3,3,3,3,3,FALSE,A
Q9P2W9,STX18,15,17,15,27,3.696382522583008,0.6979289650917053,3,3,3,3,3,3,3,3,3,FALSE,A
Q9P2X0,DPM3,2,3,2,27,4.329533815383911,0.8614406883716583,3,3,3,3,3,3,3,3,3,FALSE,A
Q9P2X3,IMPACT,9,10,9,27,3.5027698278427124,0.5796522796154022,3,3,3,3,3,3,3,3,3,FALSE,A
Q9P2Y4,ZNF219,6,6,6,27,2.802435874938965,0.23711006343364716,3,3,3,3,3,3,3,3,3,FALSE,A
Q9P2Y5,UVRAG,4,4,4,13,2.774109125137329,0.7019964456558228,2,3,2,0,0,2,1,1,2,FALSE,A
Q9P2Z0,THAP10,1,1,1,9,1.5114666223526,0,2,1,0,1,0,0,2,1,2,TRUE,C
Q9UBB4,ATXN10,22,26,22,27,4.3220696449279785,0.8441582918167114,3,3,3,3,3,3,3,3,3,FALSE,A
Q9UBB5,MBD2,11,12,11,27,4.774479866027832,0.7509943246841431,3,3,3,3,3,3,3,3,3,FALSE,A
Q9UBB6,NCDN,20,24,20,27,3.5900237560272217,0.740773469209671,3,3,3,3,3,3,3,3,3,FALSE,A
Q9UBB9,TFIP11,38,47,38,27,4.243395805358887,0.8247231245040894,3,3,3,3,3,3,3,3,3,FALSE,A
Q9UBC1,NFKBIL1,6,7,6,27,2.882521152496338,0.40518954396247864,3,3,3,3,3,3,3,3,3,FALSE,A
Q9UBC2,EPS15L1,29,31,29,27,3.7684414386749268,0.7332683801651001,3,3,3,3,3,3,3,3,3,FALSE,A
Q9UBC3,DNMT3B,14,16,14,27,3.3839173316955566,0.7086365222930908,3,3,3,3,3,3,3,3,3,FALSE,A
Q9UBD5,ORC3,24,32,24,27,3.822256326675415,0.8052027225494385,3,3,3,3,3,3,3,3,3,FALSE,A
Q9UBE0,SAE1,25,36,25,27,4.690959453582764,0.8718225955963135,3,3,3,3,3,3,3,3,3,FALSE,A
Q9UBF2,COPG2,26,30,26,26,3.6959283351898193,0.7672026455402374,2,3,3,3,3,3,3,3,3,FALSE,A
Q9UBF6,RNF7,2,2,2,23,4.774787902832031,0.7181154489517212,3,3,3,3,3,1,3,2,2,FALSE,A
Q9UBF8,PI4KB,16,19,16,27,3.1346702575683594,0.5597187578678131,3,3,3,3,3,3,3,3,3,FALSE,A
Q9UBG0,MRC2,8,8,8,27,3.643700361251831,0.3511428087949753,3,3,3,3,3,3,3,3,3,FALSE,A
Q9UBH6,XPR1,1,1,1,11,2.814938545227051,0.2967401146888733,0,3,2,1,1,1,1,1,1,TRUE,C
Q9UBI1,COMMD3,8,8,8,27,3.5384857654571533,0.7751477360725403,3,3,3,3,3,3,3,3,3,FALSE,A
Q9UBI4,STOML1,3,3,3,11,2.8148906230926514,0.4157796800136566,0,3,2,1,0,2,1,0,2,FALSE,A
Q9UBI6,GNG12,5,7,5,27,6.302343368530273,0.9448238015174866,3,3,3,3,3,3,3,3,3,FALSE,A
Q9UBI9,HECA,10,11,10,27,3.050563335418701,0.7462102174758911,3,3,3,3,3,3,3,3,3,FALSE,A
Q9UBK8,MTRR,6,8,6,26,3.115527868270874,0.7249407172203064,3,3,2,3,3,3,3,3,3,FALSE,A
Q9UBK9,UXT,5,6,5,27,3.9136260747909546,0.47326794266700745,3,3,3,3,3,3,3,3,3,FALSE,A
Q9UBL3,ASH2L,23,30,23,27,4.641494274139404,0.8243609964847565,3,3,3,3,3,3,3,3,3,FALSE,A
Q9UBM1,PEMT,1,1,1,15,2.1200404167175293,0,1,3,2,3,3,0,1,2,0,TRUE,C
Q9UBM7,DHCR7,8,9,8,27,4.519009828567505,0.864927351474762,3,3,3,3,3,3,3,3,3,FALSE,A
Q9UBN6,TNFRSF10D,3,3,3,11,3.0949645042419434,0.7324411273002625,3,3,3,0,0,1,1,0,0,FALSE,A
Q9UBN7,HDAC6,13,13,13,26,3.602681040763855,0.7159482836723328,2,3,3,3,3,3,3,3,3,FALSE,A
Q9UBP0,SPAST,18,18,18,27,3.725782871246338,0.6343466639518738,3,3,3,3,3,3,3,3,3,FALSE,A
Q9UBP6,METTL1,10,14,10,27,3.085848093032837,0.6986919641494751,3,3,3,3,3,3,3,3,3,FALSE,A
Q9UBP9,GULP1,6,6,6,23,2.2548004388809204,0.2923135310411453,3,3,2,3,3,2,3,2,2,FALSE,A
Q9UBQ0,VPS29,11,22,11,27,5.244194507598877,0.9339351654052734,3,3,3,3,3,3,3,3,3,FALSE,A
Q9UBQ5,EIF3K,8,12,8,27,4.830719470977783,0.9205365180969238,3,3,3,3,3,3,3,3,3,FALSE,A
Q9UBQ6,EXTL2,2,2,2,21,2.9551477432250977,0.6264099478721619,0,3,3,3,3,3,2,2,2,FALSE,A
Q9UBQ7,GRHPR,17,25,17,27,4.483198165893555,0.8397511839866638,3,3,3,3,3,3,3,3,3,FALSE,A
Q9UBS0,RPS6KB2,5,6,5,26,3.0502161979675293,0.4956301748752594,2,3,3,3,3,3,3,3,3,FALSE,A
Q9UBS3,DNAJB9,5,5,6,27,3.157604694366455,0.4019158184528351,3,3,3,3,3,3,3,3,3,FALSE,A
Q9UBS4,DNAJB11,16,23,16,27,5.580805540084839,0.9501356780529022,3,3,3,3,3,3,3,3,3,FALSE,A
Q9UBS8,RNF14,12,12,12,27,3.0376856327056885,0.3097041845321655,3,3,3,3,3,3,3,3,3,FALSE,A
Q9UBS9,SUCO,7,7,7,25,2.6368911266326904,0.17897921800613403,1,3,3,3,3,3,3,3,3,FALSE,A
Q9UBT2,UBA2,28,38,28,27,4.921861886978149,0.8877222537994385,3,3,3,3,3,3,3,3,3,FALSE,A
Q9UBT6,POLK,3,3,3,21,2.5225861072540283,0,1,3,2,3,3,3,3,2,1,FALSE,A
Q9UBT7,CTNNAL1,6,6,6,23,2.914095878601074,0.7178007960319519,0,3,2,3,3,3,3,3,3,FALSE,A
Q9UBU6,FAM8A1,9,9,9,27,3.2639037370681763,0.3419814854860306,3,3,3,3,3,3,3,3,3,FALSE,A
Q9UBU7,DBF4,2,2,2,16,2.231461524963379,0.18714158236980438,0,1,2,1,3,2,3,2,2,FALSE,A
Q9UBU8,MORF4L1,15,21,15,27,4.400715589523315,0.874832808971405,3,3,3,3,3,3,3,3,3,FALSE,A
Q9UBU9,NXF1,27,37,27,27,4.426558494567871,0.8599105477333069,3,3,3,3,3,3,3,3,3,FALSE,A
Q9UBV2,SEL1L,16,21,16,27,3.906916379928589,0.7244541049003601,3,3,3,3,3,3,3,3,3,FALSE,A
Q9UBV7,B4GALT7,4,4,4,27,4.959109783172607,0.8207382559776306,3,3,3,3,3,3,3,3,3,FALSE,A
Q9UBV8,PEF1,6,7,6,27,5.112665891647339,0.886232316493988,3,3,3,3,3,3,3,3,3,FALSE,A
Q9UBW7,ZMYM2,23,26,23,27,3.0392754077911377,0.6565672159194946,3,3,3,3,3,3,3,3,3,FALSE,A
Q9UBW8,COPS7A,12,15,12,27,4.4572930335998535,0.8771212697029114,3,3,3,3,3,3,3,3,3,FALSE,A
Q9UBX1,CTSF,5,5,5,21,2.9724690914154053,0.4144279360771179,3,3,3,3,2,2,2,1,2,FALSE,A
Q9UBX3,SLC25A10,16,21,16,27,4.308713436126709,0.8852522373199463,3,3,3,3,3,3,3,3,3,FALSE,A
Q9UBX5,FBLN5,2,2,2,6,2.982407331466675,0.4443882703781128,3,1,2,0,0,0,0,0,0,FALSE,A
Q9UBX8,B4GALT6,2,2,2,19,3.4410994052886963,0.6717674136161804,3,3,3,3,0,1,3,2,1,FALSE,A
Q9UC06,ZNF70,7,10,7,27,3.0945825576782227,0.07037007808685303,3,3,3,3,3,3,3,3,3,FALSE,A
Q9UDR5,AASS,16,17,16,25,2.9556198120117188,0.5482332110404968,1,3,3,3,3,3,3,3,3,FALSE,A
Q9UDT6,CLIP2,20,23,20,27,3.6786036491394043,0.6518813967704773,3,3,3,3,3,3,3,3,3,FALSE,A
Q9UDV6,ZNF212,2,2,2,25,1.9746023416519165,0,2,3,2,3,3,3,3,3,3,FALSE,A
Q9UDV7,ZNF282,2,2,2,24,3.239957809448242,0.6680757999420166,3,2,3,3,2,2,3,3,3,FALSE,A
Q9UDW1,UQCR10,2,3,2,27,5.780238628387451,0.9832278490066528,3,3,3,3,3,3,3,3,3,FALSE,A
Q9UDW3,ZMAT5,12,14,12,27,3.5637030601501465,0.7665089964866638,3,3,3,3,3,3,3,3,3,FALSE,A
Q9UDX5,MTFP1,2,2,2,26,4.297476768493652,0.19307740032672882,2,3,3,3,3,3,3,3,3,FALSE,A
Q9UDY2,TJP2,39,46,39,27,4.10505485534668,0.8140817284584045,3,3,3,3,3,3,3,3,3,FALSE,A
Q9UDY4,DNAJB4,10,13,10,27,3.814376473426819,0.7119694650173187,3,3,3,3,3,3,3,3,3,FALSE,A
Q9UDY8,MALT1,8,8,8,24,2.658142566680908,0.37775079905986786,1,3,2,3,3,3,3,3,3,FALSE,A
Q9UEE9,CFDP1,8,12,8,27,5.433645248413086,0.9209544658660889,3,3,3,3,3,3,3,3,3,FALSE,A
Q9UEG4,ZNF629,29,46,29,27,4.378654956817627,0.8260407447814941,3,3,3,3,3,3,3,3,3,FALSE,A
Q9UER7,DAXX,14,18,14,27,4.663445711135864,0.7595526278018951,3,3,3,3,3,3,3,3,3,FALSE,A
Q9UET6,FTSJ1,3,3,3,27,3.922054648399353,0.6722523868083954,3,3,3,3,3,3,3,3,3,FALSE,A
Q9UEU0,VTI1B,8,13,8,27,5.143456935882568,0.8123762011528015,3,3,3,3,3,3,3,3,3,FALSE,A
Q9UEW8,STK39,10,11,10,26,3.8897478580474854,0.6955227553844452,3,3,2,3,3,3,3,3,3,FALSE,A
Q9UEY8,ADD3,19,24,19,27,3.9798450469970703,0.8564874529838562,3,3,3,3,3,3,3,3,3,FALSE,A
Q9UFC0,LRWD1,23,29,23,27,3.911047577857971,0.6833850741386414,3,3,3,3,3,3,3,3,3,FALSE,A
Q9UFF9,CNOT8,7,7,7,23,3.5442956686019897,0.7097251117229462,0,3,2,3,3,3,3,3,3,FALSE,A
Q9UFG5,C19orf25,4,5,4,27,3.12127685546875,0.6450088024139404,3,3,3,3,3,3,3,3,3,FALSE,A
Q9UFN0,NIPSNAP3A,15,21,15,27,5.489834785461426,0.9411875605583191,3,3,3,3,3,3,3,3,3,FALSE,A
Q9UFW8,CGGBP1,12,18,12,27,5.692849636077881,0.9405514597892761,3,3,3,3,3,3,3,3,3,FALSE,A
Q9UG01,IFT172,3,3,3,23,2.9762855768203735,0.027027067495509982,0,3,2,3,3,3,3,3,3,FALSE,A
Q9UG56,PISD,1,1,1,16,2.837583065032959,0.5912922024726868,1,3,1,3,3,2,1,0,2,TRUE,C
Q9UG63,ABCF2,29,45,29,27,4.304137706756592,0.8435272574424744,3,3,3,3,3,3,3,3,3,FALSE,A
Q9UGC7,MTRF1L,4,5,4,27,3.0243468284606934,0.3677402138710022,3,3,3,3,3,3,3,3,3,FALSE,A
Q9UGH3,SLC23A2,4,4,4,17,2.9037433862686157,0.6075902581214905,0,3,2,2,3,1,2,1,3,FALSE,A
Q9UGI8,TES,26,41,26,27,5.4575629234313965,0.9499589800834656,3,3,3,3,3,3,3,3,3,FALSE,A
Q9UGJ0,PRKAG2,1,1,1,17,2.6191654205322266,0.8726890683174133,0,3,0,3,2,2,1,3,3,TRUE,C
Q9UGJ1,TUBGCP4,4,4,4,23,2.633757710456848,0.7692574858665466,0,3,2,3,3,3,3,3,3,FALSE,A
Q9UGK8,SERGEF,1,1,1,21,2.9447851181030273,0.3256048858165741,1,2,1,3,3,2,3,3,3,TRUE,C
Q9UGL1,KDM5B,25,29,25,27,3.3242924213409424,0.6033684313297272,3,3,3,3,3,3,3,3,3,FALSE,A
Q9UGM6,WARS2,10,11,10,27,3.3777118921279907,0.6311981976032257,3,3,3,3,3,3,3,3,3,FALSE,A
Q9UGN5,PARP2,16,23,16,27,3.3069831132888794,0.7836482226848602,3,3,3,3,3,3,3,3,3,FALSE,A
Q9UGP4,LIMD1,18,23,18,27,3.6437435150146484,0.6877642869949341,3,3,3,3,3,3,3,3,3,FALSE,A
Q9UGP5,POLL,6,6,6,23,2.503790855407715,0.34956610202789307,0,3,2,3,3,3,3,3,3,FALSE,A
Q9UGP8,SEC63,30,39,30,27,3.929243326187134,0.7992743849754333,3,3,3,3,3,3,3,3,3,FALSE,A
Q9UGR2,ZC3H7B,28,30,28,27,3.591323137283325,0.6980445086956024,3,3,3,3,3,3,3,3,3,FALSE,A
Q9UGU0,TCF20,61,91,61,27,3.9853477478027344,0.8002482056617737,3,3,3,3,3,3,3,3,3,FALSE,A
Q9UGU5,HMGXB4,17,23,17,27,4.037486791610718,0.7934371829032898,3,3,3,3,3,3,3,3,3,FALSE,A
Q9UGV2,NDRG3,11,14,11,27,4.0803542137146,0.8096582889556885,3,3,3,3,3,3,3,3,3,FALSE,A
Q9UGY1,NOL12,10,13,10,27,4.684237480163574,0.845946729183197,3,3,3,3,3,3,3,3,3,FALSE,A
Q9UH03,SEPTIN3,8,11,8,27,4.249251365661621,0.9083983898162842,3,3,3,3,3,3,3,3,3,FALSE,A
Q9UH17,APOBEC3B,4,5,4,25,2.7294362783432007,0.2722059041261673,2,3,2,3,3,3,3,3,3,FALSE,A
Q9UH62,ARMCX3,12,12,12,27,4.2641520500183105,0.6886363625526428,3,3,3,3,3,3,3,3,3,FALSE,A
Q9UH65,SWAP70,19,21,19,27,3.480003833770752,0.7121785283088684,3,3,3,3,3,3,3,3,3,FALSE,A
Q9UH92,MLX,3,4,3,27,3.0774857997894287,0.7142950892448425,3,3,3,3,3,3,3,3,3,FALSE,A
Q9UH99,SUN2,23,32,23,27,3.5270525217056274,0.7650831639766693,3,3,3,3,3,3,3,3,3,FALSE,A
Q9UHA3,RSL24D1,5,6,5,27,4.101017951965332,0.9132058620452881,3,3,3,3,3,3,3,3,3,FALSE,A
Q9UHA4,LAMTOR3,6,9,6,27,4.2416369915008545,0.6002769768238068,3,3,3,3,3,3,3,3,3,FALSE,A
Q9UHB4,NDOR1,5,5,5,27,2.7391769886016846,0.3289640247821808,3,3,3,3,3,3,3,3,3,FALSE,A
Q9UHB6,LIMA1,33,46,33,27,4.296291351318359,0.8753834962844849,3,3,3,3,3,3,3,3,3,FALSE,A
Q9UHB7,AFF4,30,39,30,27,3.7655577659606934,0.7645500302314758,3,3,3,3,3,3,3,3,3,FALSE,A
Q9UHB9,SRP68,32,42,32,27,4.269051551818848,0.8551141023635864,3,3,3,3,3,3,3,3,3,FALSE,A
Q9UHC7,MKRN1,3,3,3,27,4.607183456420898,0.8485082983970642,3,3,3,3,3,3,3,3,3,FALSE,A
Q9UHD1,CHORDC1,19,35,19,27,5.066904544830322,0.909177839756012,3,3,3,3,3,3,3,3,3,FALSE,A
Q9UHD2,TBK1,20,21,20,25,3.0093324184417725,0.5247846841812134,2,3,2,3,3,3,3,3,3,FALSE,A
Q9UHD8,SEPTIN9,30,41,30,27,5.168670415878296,0.9267542958259583,3,3,3,3,3,3,3,3,3,FALSE,A
Q9UHD9,UBQLN2,9,13,9,27,4.562377452850342,0.9027378559112549,3,3,3,3,3,3,3,3,3,FALSE,A
Q9UHF1,EGFL7,4,5,4,24,2.6850640773773193,0,1,2,3,3,3,3,3,3,3,FALSE,A
Q9UHF7,TRPS1,29,34,29,27,3.1697418689727783,0.5232759714126587,3,3,3,3,3,3,3,3,3,FALSE,A
Q9UHG2,PCSK1N,4,4,4,26,3.1444708108901978,0,3,3,3,3,3,3,3,3,2,FALSE,A
Q9UHG3,PCYOX1,19,26,19,27,4.683767795562744,0.8897749781608582,3,3,3,3,3,3,3,3,3,FALSE,A
Q9UHI5,SLC7A8,2,2,2,5,3.9018884897232056,0.8403736352920532,0,3,2,0,0,0,0,0,0,FALSE,A
Q9UHI6,DDX20,28,32,28,27,3.528789520263672,0.7117918729782104,3,3,3,3,3,3,3,3,3,FALSE,A
Q9UHI8,ADAMTS1,21,24,21,27,3.1966795921325684,0.6419782638549805,3,3,3,3,3,3,3,3,3,FALSE,A
Q9UHJ3,SFMBT1,2,2,2,8,1.8543572425842285,0,0,1,2,1,1,0,0,1,2,FALSE,A
Q9UHJ6,SHPK,10,12,10,27,3.038628101348877,0.46936970949172974,3,3,3,3,3,3,3,3,3,FALSE,A
Q9UHK0,NUFIP1,15,18,15,27,3.3776440620422363,0.6149338483810425,3,3,3,3,3,3,3,3,3,FALSE,A
Q9UHL9,GTF2IRD1,2,2,2,15,2.8052077293395996,0.8665300607681274,0,0,0,3,3,3,2,1,3,FALSE,A
Q9UHN1,POLG2,6,6,6,24,2.681804060935974,0.4774208962917328,0,3,3,3,3,3,3,3,3,FALSE,A
Q9UHN6,CEMIP2,24,25,24,27,3.168252468109131,0.6861532926559448,3,3,3,3,3,3,3,3,3,FALSE,A
Q9UHP3,USP25,3,3,3,19,2.799384832382202,0.41747432947158813,0,2,2,3,1,3,3,3,2,FALSE,A
Q9UHQ1,NARF,8,10,8,25,2.773075580596924,0.5162650942802429,2,3,2,3,3,3,3,3,3,FALSE,A
Q9UHQ4,BCAP29,3,4,3,27,3.401336669921875,0.7617996335029602,3,3,3,3,3,3,3,3,3,FALSE,A
Q9UHQ9,CYB5R1,14,22,14,27,4.390755653381348,0.8974021077156067,3,3,3,3,3,3,3,3,3,FALSE,A
Q9UHR4,BAIAP2L1,16,18,16,27,4.007207632064819,0.7468067407608032,3,3,3,3,3,3,3,3,3,FALSE,A
Q9UHR5,SAP30BP,12,16,12,27,4.981598377227783,0.9374559223651886,3,3,3,3,3,3,3,3,3,FALSE,A
Q9UHR6,ZNHIT2,7,7,7,27,3.51039457321167,0.3335809111595154,3,3,3,3,3,3,3,3,3,FALSE,A
Q9UHV7,MED13,7,7,7,22,2.4674994945526123,0.48242950439453125,0,3,2,3,3,2,3,3,3,FALSE,A
Q9UHV9,PFDN2,9,14,9,27,5.794575929641724,0.9696983993053436,3,3,3,3,3,3,3,3,3,FALSE,A
Q9UHW5,GPN3,5,5,5,25,3.113274574279785,0.5790467262268066,2,3,2,3,3,3,3,3,3,FALSE,A
Q9UHX1,PUF60,23,36,23,27,5.865787029266357,0.9375459551811218,3,3,3,3,3,3,3,3,3,FALSE,A
Q9UHY1,NRBP1,10,14,10,27,4.341759443283081,0.8597475290298462,3,3,3,3,3,3,3,3,3,FALSE,A
Q9UHY7,ENOPH1,7,9,7,27,4.195670127868652,0.8129938244819641,3,3,3,3,3,3,3,3,3,FALSE,A
Q9UHY8,FEZ2,4,4,4,27,4.223809242248535,0.8591403365135193,3,3,3,3,3,3,3,3,3,FALSE,A
Q9UI08,EVL,6,7,6,26,2.792975664138794,0.3853141665458679,3,3,3,3,3,3,3,3,2,FALSE,A
Q9UI09,NDUFA12,8,12,8,27,4.368217468261719,0.8219294250011444,3,3,3,3,3,3,3,3,3,FALSE,A
Q9UI10,EIF2B4,18,22,18,27,3.869158387184143,0.7675988674163818,3,3,3,3,3,3,3,3,3,FALSE,A
Q9UI12,ATP6V1H,18,22,18,27,3.3300528526306152,0.8210980296134949,3,3,3,3,3,3,3,3,3,FALSE,A
Q9UI14,RABAC1,3,3,3,7,4.01796817779541,0.1738504283130169,0,3,3,0,0,1,0,0,0,FALSE,A
Q9UI15,TAGLN3,1,1,1,27,5.314767360687256,0.816766619682312,3,3,3,3,3,3,3,3,3,TRUE,B
Q9UI26,IPO11,25,29,25,26,3.0977957248687744,0.7615267634391785,2,3,3,3,3,3,3,3,3,FALSE,A
Q9UI30,TRMT112,5,7,5,27,5.5808844566345215,0.9534738063812256,3,3,3,3,3,3,3,3,3,FALSE,A
Q9UI36,DACH1,10,12,10,27,4.117071151733398,0.7799497842788696,3,3,3,3,3,3,3,3,3,FALSE,A
Q9UI43,MRM2,2,2,2,26,4.27508020401001,0.8478950262069702,2,3,3,3,3,3,3,3,3,FALSE,A
Q9UI95,MAD2L2,3,3,3,23,3.351597309112549,0.6609211564064026,0,3,2,3,3,3,3,3,3,FALSE,A
Q9UIA9,XPO7,28,30,28,26,3.2714200019836426,0.6505101919174194,2,3,3,3,3,3,3,3,3,FALSE,A
Q9UIB8,CD84,1,1,1,4,2.083797335624695,0,0,1,0,2,0,0,1,0,0,TRUE,C
Q9UIC8,LCMT1,12,14,12,27,4.195676565170288,0.7152306437492371,3,3,3,3,3,3,3,3,3,FALSE,A
Q9UID3,VPS51,15,16,15,27,3.1169605255126953,0.6113414466381073,3,3,3,3,3,3,3,3,3,FALSE,A
Q9UID6,ZNF639,2,2,2,8,2.7419705390930176,0.48782891035079956,2,3,3,0,0,0,0,0,0,FALSE,A
Q9UIF8,BAZ2B,15,16,15,26,2.47502064704895,0.4036516100168228,2,3,3,3,3,3,3,3,3,FALSE,A
Q9UIF9,BAZ2A,51,62,51,27,4.246872901916504,0.7966358661651611,3,3,3,3,3,3,3,3,3,FALSE,A
Q9UIG0,BAZ1B,77,104,77,27,5.244184494018555,0.9248316884040833,3,3,3,3,3,3,3,3,3,FALSE,A
Q9UII2,ATP5IF1,7,10,7,27,5.245626211166382,0.91909027099609375,3,3,3,3,3,3,3,3,3,FALSE,A
Q9UII4,HERC5,26,27,26,27,3.4752795696258545,0.5537523031234741,3,3,3,3,3,3,3,3,3,FALSE,A
Q9UII5,ZNF107,2,2,2,18,3.2324793338775635,0.17136353999376297,0,2,1,2,3,3,3,2,2,FALSE,A
Q9UIJ7,AK3,17,20,17,27,3.786865711212158,0.6687723994255066,3,3,3,3,3,3,3,3,3,FALSE,A
Q9UIM3,FKBPL,6,6,6,27,2.725795269012451,0.24421188235282898,3,3,3,3,3,3,3,3,3,FALSE,A
Q9UIQ6,LNPEP,30,34,30,27,3.5177793502807617,0.7298154234886169,3,3,3,3,3,3,3,3,3,FALSE,A
Q9UIS9,MBD1,16,18,16,27,4.016970872879028,0.7467268109321594,3,3,3,3,3,3,3,3,3,FALSE,A
Q9UIU6,SIX4,3,3,3,27,3.7127416133880615,0.2395796775817871,3,3,3,3,3,3,3,3,3,FALSE,A
Q9UIV1,CNOT7,5,5,5,25,3.2441976070404053,0.5767186880111694,2,3,2,3,3,3,3,3,3,FALSE,A
Q9UIW0,VAX2,1,1,1,18,2.2475409507751465,0.104896429926157,0,3,1,2,3,3,3,2,1,TRUE,C
Q9UIW2,PLXNA1,16,16,16,27,2.9066522121429443,0.49438753724098206,3,3,3,3,3,3,3,3,3,FALSE,A
Q9UJ14,GGT7,11,14,11,27,3.354860782623291,0.7050560712814331,3,3,3,3,3,3,3,3,3,FALSE,A
Q9UJ41,RABGEF1,16,16,16,27,2.978549003601074,0.45645707845687866,3,3,3,3,3,3,3,3,3,FALSE,A
Q9UJ68,MSRA,8,8,8,27,2.929250717163086,0.6540699601173401,3,3,3,3,3,3,3,3,3,FALSE,A
Q9UJ70,NAGK,14,18,14,27,4.691506385803223,0.88398876786232,3,3,3,3,3,3,3,3,3,FALSE,A
Q9UJ83,HACL1,14,16,14,27,3.728773832321167,0.85036301612854,3,3,3,3,3,3,3,3,3,FALSE,A
Q9UJA3,MCM8,10,10,10,26,2.6138100624084473,0.6230992078781128,2,3,3,3,3,3,3,3,3,FALSE,A
Q9UJA5,TRMT6,17,23,17,27,4.179506063461304,0.7597602605819702,3,3,3,3,3,3,3,3,3,FALSE,A
Q9UJA9,ENPP5,6,6,6,27,3.67882239818573,0.729263037443161,3,3,3,3,3,3,3,3,3,FALSE,A
Q9UJC3,HOOK1,24,27,24,27,3.528994083404541,0.5169458389282227,3,3,3,3,3,3,3,3,3,FALSE,A
Q9UJC5,SH3BGRL2,4,5,4,27,3.582409620285034,0.8179329633712769,3,3,3,3,3,3,3,3,3,FALSE,A
Q9UJF2,RASAL2,8,8,8,27,3.145129919052124,0.4831138253211975,3,3,3,3,3,3,3,3,3,FALSE,A
Q9UJG1,MOSPD1,8,9,8,27,3.2371320724487305,0.5742645859718323,3,3,3,3,3,3,3,3,3,FALSE,A
Q9UJJ9,GNPTG,3,3,3,27,3.123276710510254,0.40712735056877136,3,3,3,3,3,3,3,3,3,FALSE,A
Q9UJK0,TSR3,5,5,5,27,3.948983907699585,0.819529116153717,3,3,3,3,3,3,3,3,3,FALSE,A
Q9UJM3,ERRFI1,2,2,2,12,2.5218805074691772,0.3326970040798187,0,0,0,3,2,3,3,1,0,FALSE,A
Q9UJN7,ZNF391,2,2,2,17,2.315486788749695,0.32033467292785645,0,2,2,3,3,1,2,3,1,FALSE,A
Q9UJS0,SLC25A13,17,23,17,27,3.4858380556106567,0.6435665488243103,3,3,3,3,3,3,3,3,3,FALSE,A
Q9UJT0,TUBE1,5,5,5,23,2.951685667037964,0.29278096556663513,1,3,2,3,3,2,3,3,3,FALSE,A
Q9UJU2,LEF1,2,3,2,26,3.4950547218322754,0.6367647349834442,3,3,2,3,3,3,3,3,3,FALSE,A
Q9UJU5,FOXD3,1,1,1,12,2.251623511314392,0.28812238574028015,0,3,1,0,1,2,3,2,0,TRUE,C
Q9UJU6,DBNL,18,23,18,27,5.201290130615234,0.9188205003738403,3,3,3,3,3,3,3,3,3,FALSE,A
Q9UJV3,MID2,4,4,4,15,3.31530499458313,0,2,3,2,2,0,1,3,1,1,FALSE,A
Q9UJV9,DDX41,39,57,39,27,4.63222074508667,0.8927303850650787,3,3,3,3,3,3,3,3,3,FALSE,A
Q9UJW0,DCTN4,16,21,16,27,4.377525806427002,0.7845975458621979,3,3,3,3,3,3,3,3,3,FALSE,A
Q9UJX2,CDC23,8,9,8,26,3.203155755996704,0.6775181591510773,2,3,3,3,3,3,3,3,3,FALSE,A
Q9UJX3,ANAPC7,24,32,24,27,4.002316474914551,0.7850363850593567,3,3,3,3,3,3,3,3,3,FALSE,A
Q9UJX4,ANAPC5,11,12,11,26,3.049528121948242,0.35588157176971436,2,3,3,3,3,3,3,3,3,FALSE,A
Q9UJX5,ANAPC4,10,10,10,23,2.9133365154266357,0.12531816959381104,0,3,2,3,3,3,3,3,3,FALSE,A
Q9UJX6,ANAPC2,14,14,14,25,2.8795809745788574,0.4958692193031311,1,3,3,3,3,3,3,3,3,FALSE,A
Q9UJY4,GGA2,9,9,9,27,3.6517603397369385,0.614905595779419,3,3,3,3,3,3,3,3,3,FALSE,A
Q9UJY5,GGA1,15,21,15,27,3.9975500106811523,0.7347837090492249,3,3,3,3,3,3,3,3,3,FALSE,A
Q9UJZ1,STOML2,20,28,20,27,5.0243072509765625,0.909018337726593,3,3,3,3,3,3,3,3,3,FALSE,A
Q9UK22,FBXO2,3,3,3,12,2.555880069732666,0.09585456550121307,3,3,3,2,1,0,0,0,0,FALSE,A
Q9UK23,NAGPA,12,15,12,27,2.94760000705719,0.32839779555797577,3,3,3,3,3,3,3,3,3,FALSE,A
Q9UK28,TMEM59L,7,9,7,10,3.5069775581359863,0.5617143511772156,3,3,3,0,0,0,1,0,0,FALSE,A
Q9UK33,ZNF580,7,10,7,27,2.95904803276062,0.5460232496261597,3,3,3,3,3,3,3,3,3,FALSE,A
Q9UK39,NOCT,4,4,4,24,2.7679624557495117,0.5615885853767395,0,3,3,3,3,3,3,3,3,FALSE,A
Q9UK41,VPS28,10,12,10,27,4.25731635093689,0.7823759615421295,3,3,3,3,3,3,3,3,3,FALSE,A
Q9UK45,LSM7,5,8,5,27,4.79793643951416,0.9339862763881683,3,3,3,3,3,3,3,3,3,FALSE,A
Q9UK53,ING1,2,3,2,27,4.996610164642334,0.8330002427101135,3,3,3,3,3,3,3,3,3,FALSE,A
Q9UK58,CCNL1,11,15,11,27,3.894813060760498,0.8528611063957214,3,3,3,3,3,3,3,3,3,FALSE,A
Q9UK59,DBR1,12,16,12,27,3.8462975025177,0.7809403538703918,3,3,3,3,3,3,3,3,3,FALSE,A
Q9UK61,TASOR,63,75,63,27,3.7225501537323,0.7862083911895752,3,3,3,3,3,3,3,3,3,FALSE,A
Q9UK73,FEM1B,3,3,3,23,3.706064462661743,0.4058520644903183,0,3,2,3,3,3,3,3,3,FALSE,A
Q9UK76,JPT1,6,10,6,27,5.270483493804932,0.9337316155433655,3,3,3,3,3,3,3,3,3,FALSE,A
Q9UK97,FBXO9,3,3,3,23,3.08456552028656,0.26168595254421234,0,3,2,3,3,3,3,3,3,FALSE,A
Q9UK99,FBXO3,8,8,8,26,2.822716474533081,0.5567734837532043,3,3,2,3,3,3,3,3,3,FALSE,A
Q9UKA4,AKAP11,34,38,34,27,3.037048816680908,0.4677518904209137,3,3,3,3,3,3,3,3,3,FALSE,A
Q9UKA9,PTBP2,10,12,10,27,4.50213623046875,0.9201149344444275,3,3,3,3,3,3,3,3,3,FALSE,A
Q9UKB1,FBXW11,8,8,8,26,2.8987584114074707,0.6118811368942261,2,3,3,3,3,3,3,3,3,FALSE,A
Q9UKD1,GMEB2,5,5,5,26,3.2851979732513428,0.5941512584686279,3,3,2,3,3,3,3,3,3,FALSE,A
Q9UKD2,MRTO4,17,25,17,27,5.292510509490967,0.9377891421318054,3,3,3,3,3,3,3,3,3,FALSE,A
Q9UKE5,TNIK,19,22,19,27,3.485935688018799,0.6764441430568695,3,3,3,3,3,3,3,3,3,FALSE,A
Q9UKF6,CPSF3,30,39,30,27,4.2743000984191895,0.8234720230102539,3,3,3,3,3,3,3,3,3,FALSE,A
Q9UKF7,PITPNC1,2,2,2,22,3.2791301012039185,0.275490403175354,2,2,0,3,3,3,3,3,3,FALSE,A
Q9UKG1,APPL1,24,29,24,27,3.7360758781433105,0.7475366592407227,3,3,3,3,3,3,3,3,3,FALSE,A
Q9UKG9,CROT,9,9,9,26,2.5072567462921143,0.38196778297424316,2,3,3,3,3,3,3,3,3,FALSE,A
Q9UKI8,TLK1,5,5,5,26,3.6855764389038086,0.5951216816902161,2,3,3,3,3,3,3,3,3,FALSE,A
Q9UKJ3,GPATCH8,26,39,26,27,4.5537989139556885,0.8633892834186554,3,3,3,3,3,3,3,3,3,FALSE,A
Q9UKJ5,CHIC2,2,2,2,7,3.2884994745254517,0.5260317176580429,1,3,3,0,0,0,0,0,0,FALSE,A
Q9UKK6,NXT1,2,3,2,26,3.155691385269165,0.6448599100112915,3,3,3,3,3,3,2,3,3,FALSE,A
Q9UKK9,NUDT5,12,20,12,27,5.602835655212402,0.9516312479972839,3,3,3,3,3,3,3,3,3,FALSE,A
Q9UKL0,RCOR1,12,13,12,27,4.878507614135742,0.8661465644836426,3,3,3,3,3,3,3,3,3,FALSE,A
Q9UKL3,CASP8AP2,15,16,15,27,3.146803379058838,0.5264250636100769,3,3,3,3,3,3,3,3,3,FALSE,A
Q9UKL6,PCTP,4,4,4,27,3.0425164699554443,0.5749558806419373,3,3,3,3,3,3,3,3,3,FALSE,A
Q9UKM7,MAN1B1,11,13,11,24,2.952086925506592,0.5989283919334412,1,3,2,3,3,3,3,3,3,FALSE,A
Q9UKM9,RALY,14,21,14,27,5.729510307312012,0.9484387934207916,3,3,3,3,3,3,3,3,3,FALSE,A
Q9UKN8,GTF3C4,34,41,35,27,3.6115256547927856,0.718143492937088,3,3,3,3,3,3,3,3,3,FALSE,A
Q9UKR5,ERG28,5,5,5,27,3.3880727291107178,0.12477067485451698,3,3,3,3,3,3,3,3,3,FALSE,A
Q9UKS6,PACSIN3,14,19,14,27,4.762862205505371,0.8199204802513123,3,3,3,3,3,3,3,3,3,FALSE,A
Q9UKT4,FBXO5,8,8,8,27,3.263758420944214,0.6873037815093994,3,3,3,3,3,3,3,3,3,FALSE,A
Q9UKT5,FBXO4,2,2,2,16,2.6163392066955566,0.4923115670681,0,2,0,2,3,3,2,2,2,FALSE,A
Q9UKU7,ACAD8,5,5,5,25,2.537296772003174,0.17150359600782394,3,3,3,3,3,2,3,2,3,FALSE,A
Q9UKV3,ACIN1,46,67,46,27,5.5277814865112305,0.93431854248046875,3,3,3,3,3,3,3,3,3,FALSE,A
Q9UKV5,AMFR,7,7,7,25,2.968883991241455,0.5338646173477173,2,3,2,3,3,3,3,3,3,FALSE,A
Q9UKV8,AGO2,17,20,17,27,3.752739906311035,0.7376173138618469,3,3,3,3,3,3,3,3,3,FALSE,A
Q9UKX7,NUP50,22,28,22,27,5.558412075042725,0.9344618916511536,3,3,3,3,3,3,3,3,3,FALSE,A
Q9UKY1,ZHX1,16,19,16,27,3.395414352416992,0.6319538354873657,3,3,3,3,3,3,3,3,3,FALSE,A
Q9UKY7,CDV3,10,16,10,27,5.845596790313721,0.9437032341957092,3,3,3,3,3,3,3,3,3,FALSE,A
Q9UKZ1,CNOT11,8,8,8,27,2.909452438354492,0.5971347391605377,3,3,3,3,3,3,3,3,3,FALSE,A
Q9UKZ9,PCOLCE2,2,2,2,13,3.313407301902771,0.12364532425999641,1,3,3,2,1,2,0,0,1,FALSE,A
Q9UL03,INTS6,10,10,10,27,3.172452449798584,0.4315509796142578,3,3,3,3,3,3,3,3,3,FALSE,A
Q9UL15,BAG5,11,13,11,27,3.895850896835327,0.7650265097618103,3,3,3,3,3,3,3,3,3,FALSE,A
Q9UL18,AGO1,14,15,14,27,2.9249199628829956,0.6424703299999237,3,3,3,3,3,3,3,3,3,FALSE,A
Q9UL25,RAB21,12,17,12,27,5.549733638763428,0.9173594117164612,3,3,3,3,3,3,3,3,3,FALSE,A
Q9UL26,RAB22A,10,12,10,27,3.4562439918518066,0.8476119637489319,3,3,3,3,3,3,3,3,3,FALSE,A
Q9UL33,TRAPPC2L,6,6,6,25,2.9875240325927734,0.32870104908943176,2,3,2,3,3,3,3,3,3,FALSE,A
Q9UL40,ZNF346,14,18,14,27,5.439559459686279,0.9061945080757141,3,3,3,3,3,3,3,3,3,FALSE,A
Q9UL45,BLOC1S6,5,8,5,27,4.512512922286987,0.9121898412704468,3,3,3,3,3,3,3,3,3,FALSE,A
Q9UL46,PSME2,16,20,16,27,4.649094104766846,0.8760749101638794,3,3,3,3,3,3,3,3,3,FALSE,A
Q9UL54,TAOK2,15,15,15,27,3.1637699604034424,0.5210477113723755,3,3,3,3,3,3,3,3,3,FALSE,A
Q9UL63,MKLN1,16,19,17,27,3.379117012023926,0.7356076836585999,3,3,3,3,3,3,3,3,3,FALSE,A
Q9ULA0,DNPEP,19,29,19,27,4.3107476234436035,0.7948774695396423,3,3,3,3,3,3,3,3,3,FALSE,A
Q9ULC3,RAB23,9,10,9,27,4.052392959594727,0.8081890344619751,3,3,3,3,3,3,3,3,3,FALSE,A
Q9ULC4,MCTS1,6,8,6,27,5.084148406982422,0.922878623008728,3,3,3,3,3,3,3,3,3,FALSE,A
Q9ULC8,ZDHHC8,3,3,3,21,3.156468629837036,0,0,2,2,3,3,3,3,2,3,FALSE,A
Q9ULD2,MTUS1,7,7,7,21,2.698864698410034,0.543981522321701,0,3,2,3,3,3,3,3,1,FALSE,A
Q9ULD4,BRPF3,20,21,21,27,3.1838330030441284,0.5864731669425964,3,3,3,3,3,3,3,3,3,FALSE,A
Q9ULD5,ZNF777,4,4,4,27,2.797210454940796,0,3,3,3,3,3,3,3,3,3,FALSE,A
Q9ULD9,ZNF608,18,22,18,27,3.3274238109588623,0.7204999327659607,3,3,3,3,3,3,3,3,3,FALSE,A
Q9ULE6,PALD1,9,9,9,26,2.7534170150756836,0.09958214312791824,3,3,2,3,3,3,3,3,3,FALSE,A
Q9ULF5,SLC39A10,4,4,4,27,4.607834815979004,0.9043087363243103,3,3,3,3,3,3,3,3,3,FALSE,A
Q9ULG1,INO80,16,17,16,26,2.7490854263305664,0.2643986940383911,2,3,3,3,3,3,3,3,3,FALSE,A
Q9ULG6,CCPG1,11,11,11,27,2.9814670085906982,0.6628117561340332,3,3,3,3,3,3,3,3,3,FALSE,A
Q9ULH0,KIDINS220,26,27,26,26,2.7307522296905518,0.3552948981523514,2,3,3,3,3,3,3,3,3,FALSE,A
Q9ULH1,ASAP1,4,4,4,27,3.501316785812378,0.7344319820404053,3,3,3,3,3,3,3,3,3,FALSE,A
Q9ULH7,MRTFB,11,13,11,27,3.0966092348098755,0.6782139241695404,3,3,3,3,3,3,3,3,3,FALSE,A
Q9ULI0,ATAD2B,34,38,34,27,3.5689057111740112,0.6689333319664001,3,3,3,3,3,3,3,3,3,FALSE,A
Q9ULI3,HEG1,4,4,4,22,2.7420542240142822,0.0881182923913002,3,3,3,1,3,2,3,2,2,FALSE,A
Q9ULJ3,ZBTB21,23,28,23,27,3.5282814502716064,0.6484636068344116,3,3,3,3,3,3,3,3,3,FALSE,A
Q9ULJ6,ZMIZ1,2,2,2,22,2.849152088165283,0.14651689678430557,3,3,1,3,2,2,2,3,3,FALSE,A
Q9ULJ7,ANKRD50,6,6,6,24,2.8981449604034424,0,0,3,3,3,3,3,3,3,3,FALSE,A
Q9ULJ8,PPP1R9A,10,10,10,27,2.4952526092529297,0.42583924531936646,3,3,3,3,3,3,3,3,3,FALSE,A
Q9ULK4,MED23,28,29,28,26,3.7025880813598633,0.7060439586639404,2,3,3,3,3,3,3,3,3,FALSE,A
Q9ULK5,VANGL2,6,6,6,24,3.5681777000427246,0.3577275574207306,0,3,3,3,3,3,3,3,3,FALSE,A
Q9ULK6,RNF150,2,2,2,16,2.7727575302124023,0.5081937164068222,3,3,3,1,1,1,2,1,1,FALSE,A
Q9ULL1,PLEKHG1,2,2,2,10,2.7502293586730957,0,0,0,0,3,3,3,1,0,0,FALSE,A
Q9ULL5,PRR12,28,30,28,27,3.322497606277466,0.5712513327598572,3,3,3,3,3,3,3,3,3,FALSE,A
Q9ULM3,YEATS2,22,24,22,27,3.1439143419265747,0.5000060051679611,3,3,3,3,3,3,3,3,3,FALSE,A
Q9ULP9,TBC1D24,11,11,11,26,2.747085452079773,0.17552126199007034,2,3,3,3,3,3,3,3,3,FALSE,A
Q9ULQ1,TPCN1,1,1,1,12,2.3729686737060547,0,0,2,1,1,1,3,1,2,1,TRUE,C
Q9ULR0,ISY1,10,16,10,27,4.226769924163818,0.840982973575592,3,3,3,3,3,3,3,3,3,FALSE,A
Q9ULR3,PPM1H,7,8,7,27,2.9197046756744385,0.2905457019805908,3,3,3,3,3,3,3,3,3,FALSE,A
Q9ULS5,TMCC3,6,6,6,27,2.708686351776123,0.6847676932811737,3,3,3,3,3,3,3,3,3,FALSE,A
Q9ULT6,ZNRF3,2,2,2,5,3.497023820877075,0.3000399172306061,0,3,2,0,0,0,0,0,0,FALSE,A
Q9ULT8,HECTD1,46,51,46,27,3.1777615547180176,0.5068959593772888,3,3,3,3,3,3,3,3,3,FALSE,A
Q9ULU4,ZMYND8,27,33,27,27,4.0277814865112305,0.740930438041687,3,3,3,3,3,3,3,3,3,FALSE,A
Q9ULV3,CIZ1,28,37,28,27,4.624856472015381,0.8749103546142578,3,3,3,3,3,3,3,3,3,FALSE,A
Q9ULV4,CORO1C,20,27,20,27,5.313222885131836,0.9130057990550995,3,3,3,3,3,3,3,3,3,FALSE,A
Q9ULW0,TPX2,42,67,42,27,4.585281610488892,0.8595900237560272,3,3,3,3,3,3,3,3,3,FALSE,A
Q9ULW3,ABT1,12,16,12,27,3.99587082862854,0.7227886319160461,3,3,3,3,3,3,3,3,3,FALSE,A
Q9ULX3,NOB1,10,13,10,27,4.784455299377441,0.8926984667778015,3,3,3,3,3,3,3,3,3,FALSE,A
Q9ULX6,AKAP8L,18,23,18,27,4.4935736656188965,0.93441241979599,3,3,3,3,3,3,3,3,3,FALSE,A
Q9ULX9,MAFF,4,5,4,24,3.087699770927429,0.7074753940105438,3,3,3,2,2,3,2,3,3,FALSE,A
Q9UM00,TMCO1,3,4,3,27,5.1968464851379395,0.9332559406757355,3,3,3,3,3,3,3,3,3,FALSE,A
Q9UM13,ANAPC10,5,7,5,27,3.591760993003845,0.797562450170517,3,3,3,3,3,3,3,3,3,FALSE,A
Q9UM19,HPCAL4,2,2,2,10,2.6490732431411743,0.4789653420448303,3,0,2,2,0,2,1,0,0,FALSE,A
Q9UM22,EPDR1,6,6,6,27,4.182016849517822,0.774090588092804,3,3,3,3,3,3,3,3,3,FALSE,A
Q9UM47,NOTCH3,15,15,15,27,2.93477463722229,0.2519930899143219,3,3,3,3,3,3,3,3,3,FALSE,A
Q9UM54,MYO6,54,68,54,27,3.709153652191162,0.7769390940666199,3,3,3,3,3,3,3,3,3,FALSE,A
Q9UM63,PLAGL1,2,2,2,17,2.6092963218688965,0.6849786639213562,0,0,1,3,3,2,3,2,3,FALSE,A
Q9UM82,SPATA2,6,7,6,23,2.925532341003418,0.5198866128921509,0,3,2,3,3,3,3,3,3,FALSE,A
Q9UMF0,ICAM5,2,2,2,16,2.2426459789276123,0.22281809151172638,0,0,2,3,3,1,2,2,3,FALSE,A
Q9UMN6,KMT2B,30,33,30,27,3.154914379119873,0.6397613883018494,3,3,3,3,3,3,3,3,3,FALSE,A
Q9UMR5,PPT2,5,7,5,27,3.870424747467041,0.6366339325904846,3,3,3,3,3,3,3,3,3,FALSE,A
Q9UMS0,NFU1,6,7,6,27,3.735583543777466,0.6714511811733246,3,3,3,3,3,3,3,3,3,FALSE,A
Q9UMS4,PRPF19,14,24,14,27,5.7860167026519775,0.9598875045776367,3,3,3,3,3,3,3,3,3,FALSE,A
Q9UMX0,UBQLN1,4,6,4,23,2.9146244525909424,0.6720937490463257,3,3,3,3,2,2,3,2,2,FALSE,A
Q9UMX1,SUFU,5,5,5,27,2.799311637878418,0.40656518936157227,3,3,3,3,3,3,3,3,3,FALSE,A
Q9UMX5,NENF,7,11,7,27,3.901411533355713,0.8174713850021362,3,3,3,3,3,3,3,3,3,FALSE,A
Q9UMY1,NOL7,7,11,7,27,5.6384382247924805,0.9368512630462646,3,3,3,3,3,3,3,3,3,FALSE,A
Q9UMY4,SNX12,9,12,9,27,4.783675909042358,0.8940183222293854,3,3,3,3,3,3,3,3,3,FALSE,A
Q9UMZ2,SYNRG,13,14,13,26,3.0802321434020996,0.5303276181221008,2,3,3,3,3,3,3,3,3,FALSE,A
Q9UN30,SCML1,2,2,2,26,4.149981498718262,0.8777529001235962,3,3,2,3,3,3,3,3,3,FALSE,A
Q9UN36,NDRG2,4,4,4,25,3.1251779794692993,0.526136577129364,1,3,3,3,3,3,3,3,3,FALSE,A
Q9UN37,VPS4A,16,21,16,27,4.151246070861816,0.8374252617359161,3,3,3,3,3,3,3,3,3,FALSE,A
Q9UN79,SOX13,2,2,2,18,2.124485731124878,0,2,1,2,1,3,2,3,3,1,FALSE,A
Q9UN81,L1RE1,15,20,15,27,4.955051422119141,0.8973528146743774,3,3,3,3,3,3,3,3,3,FALSE,A
Q9UN86,G3BP2,16,26,16,27,4.939648628234863,0.9175788462162018,3,3,3,3,3,3,3,3,3,FALSE,A
Q9UNE7,STUB1,22,32,22,27,5.618011474609375,0.9380084276199341,3,3,3,3,3,3,3,3,3,FALSE,A
Q9UNF0,PACSIN2,17,23,17,27,5.0698394775390625,0.9087471961975098,3,3,3,3,3,3,3,3,3,FALSE,A
Q9UNF1,MAGED2,22,30,22,27,5.290332317352295,0.9319688081741333,3,3,3,3,3,3,3,3,3,FALSE,A
Q9UNH6,SNX7,3,3,3,25,3.081284999847412,0.6800317764282227,2,3,2,3,3,3,3,3,3,FALSE,A
Q9UNH7,SNX6,15,22,15,27,5.05265474319458,0.9024895131587982,3,3,3,3,3,3,3,3,3,FALSE,A
Q9UNI6,DUSP12,8,9,8,27,3.377923011779785,0.7196648120880127,3,3,3,3,3,3,3,3,3,FALSE,A
Q9UNK0,STX8,11,16,11,27,4.606842994689941,0.8830467462539673,3,3,3,3,3,3,3,3,3,FALSE,A
Q9UNK4,PLA2G2D,1,1,1,8,4.263898253440857,0,3,3,2,0,0,0,0,0,0,TRUE,B
Q9UNK9,ANGEL1,2,2,2,19,2.3406563997268677,0,0,3,2,3,3,0,2,3,3,FALSE,A
Q9UNL2,SSR3,1,2,1,27,5.956484794616699,0.9360913038253784,3,3,3,3,3,3,3,3,3,TRUE,B
Q9UNL4,ING4,3,3,3,27,5.719630479812622,0.9450784623622894,3,3,3,3,3,3,3,3,3,FALSE,A
Q9UNM6,PSMD13,23,35,23,27,4.182865858078003,0.8580724596977234,3,3,3,3,3,3,3,3,3,FALSE,A
Q9UNN5,FAF1,21,24,21,27,4.261532783508301,0.8530683517456055,3,3,3,3,3,3,3,3,3,FALSE,A
Q9UNN8,PROCR,3,3,3,27,3.665865421295166,0.7884641885757446,3,3,3,3,3,3,3,3,3,FALSE,A
Q9UNP9,PPIE,10,12,10,27,5.522678852081299,0.9158235788345337,3,3,3,3,3,3,3,3,3,FALSE,A
Q9UNQ2,DIMT1,17,22,17,27,4.065991640090942,0.7654834687709808,3,3,3,3,3,3,3,3,3,FALSE,A
Q9UNS1,TIMELESS,17,19,17,26,3.3384727239608765,0.7544563114643097,2,3,3,3,3,3,3,3,3,FALSE,A
Q9UNS2,COPS3,16,20,16,27,4.136481523513794,0.814285546541214,3,3,3,3,3,3,3,3,3,FALSE,A
Q9UNW1,MINPP1,14,16,14,27,4.247709274291992,0.8832026720046997,3,3,3,3,3,3,3,3,3,FALSE,A
Q9UNW9,NOVA2,3,3,3,27,2.9858494997024536,0,3,3,3,3,3,3,3,3,3,FALSE,A
Q9UNX3,RPL26L1,2,3,2,27,3.429117441177368,0.7324751615524292,3,3,3,3,3,3,3,3,3,FALSE,A
Q9UNX4,WDR3,47,64,47,27,4.129893779754639,0.8522025346755981,3,3,3,3,3,3,3,3,3,FALSE,A
Q9UNY4,TTF2,41,49,41,27,3.622318744659424,0.7125595211982727,3,3,3,3,3,3,3,3,3,FALSE,A
Q9UNZ2,NSFL1C,19,25,19,27,4.7772722244262695,0.9209205508232117,3,3,3,3,3,3,3,3,3,FALSE,A
Q9UNZ5,C19orf53,5,6,6,27,5.817842960357666,0.9514403939247131,3,3,3,3,3,3,3,3,3,FALSE,A
Q9UP83,COG5,10,10,10,26,2.951092004776001,0.6119843125343323,2,3,3,3,3,3,3,3,3,FALSE,A
Q9UP95,SLC12A4,6,6,6,24,3.163936138153076,0.3726740777492523,1,3,2,3,3,3,3,3,3,FALSE,A
Q9UPA5,BSN,3,3,3,20,2.4187310934066772,0,3,2,1,3,3,2,3,3,0,FALSE,A
Q9UPG8,PLAGL2,1,1,1,23,2.6833558082580566,0.3162330389022827,3,3,3,3,3,1,2,2,3,TRUE,C
Q9UPM9,B9D1,2,2,2,9,2.040961742401123,0,0,2,1,3,0,1,1,1,0,FALSE,A
Q9UPN3,MACF1,86,91,86,27,3.2003366947174072,0.49374890327453613,3,3,3,3,3,3,3,3,3,FALSE,A
Q9UPN4,CEP131,50,62,50,27,4.407020568847656,0.8117872476577759,3,3,3,3,3,3,3,3,3,FALSE,A
Q9UPN6,SCAF8,26,35,26,27,3.3246511220932007,0.6598723530769348,3,3,3,3,3,3,3,3,3,FALSE,A
Q9UPN7,PPP6R1,10,10,10,25,3.4145724773406982,0.4878484010696411,2,3,2,3,3,3,3,3,3,FALSE,A
Q9UPN9,TRIM33,24,33,24,27,4.669913053512573,0.8542869687080383,3,3,3,3,3,3,3,3,3,FALSE,A
Q9UPP1,PHF8,23,26,23,27,3.6994365453720093,0.6065549850463867,3,3,3,3,3,3,3,3,3,FALSE,A
Q9UPQ0,LIMCH1,15,17,15,27,2.764570713043213,0.3305994123220444,3,3,3,3,3,3,3,3,3,FALSE,A
Q9UPQ3,AGAP1,3,3,3,23,2.8668906688690186,0.42226697504520416,0,3,2,3,3,3,3,3,3,FALSE,A
Q9UPQ8,DOLK,1,1,1,6,3.4723501205444336,0.9536808431148529,0,0,0,2,1,2,0,1,0,TRUE,C
Q9UPQ9,TNRC6B,35,39,35,27,3.9283881187438965,0.6836686730384827,3,3,3,3,3,3,3,3,3,FALSE,A
Q9UPR0,PLCL2,5,5,5,25,2.7296977043151855,0.09194404631853104,2,3,2,3,3,3,3,3,3,FALSE,A
Q9UPR3,SMG5,6,6,6,26,3.120521306991577,0.7384918928146362,2,3,3,3,3,3,3,3,3,FALSE,A
Q9UPS6,SETD1B,4,4,4,24,2.614920735359192,0,1,3,2,3,3,3,3,3,3,FALSE,A
Q9UPS8,ANKRD26,8,8,8,22,2.4302964210510254,0.19618970155715942,0,3,2,3,3,3,3,3,2,FALSE,A
Q9UPT5,EXOC7,27,33,27,27,3.8811283111572266,0.7776150405406952,3,3,3,3,3,3,3,3,3,FALSE,A
Q9UPT8,ZC3H4,26,36,26,27,4.840976715087891,0.918656587600708,3,3,3,3,3,3,3,3,3,FALSE,A
Q9UPT9,USP22,8,8,8,27,3.5484321117401123,0.4127243161201477,3,3,3,3,3,3,3,3,3,FALSE,A
Q9UPU5,USP24,38,40,38,26,3.2397584915161133,0.6156764626502991,2,3,3,3,3,3,3,3,3,FALSE,A
Q9UPU7,TBC1D2B,11,12,11,27,2.7692506313323975,0.33084703981876373,3,3,3,3,3,3,3,3,3,FALSE,A
Q9UPV0,CEP164,7,7,7,24,2.373624086380005,0.17582742869853973,3,3,2,3,3,3,3,3,1,FALSE,A
Q9UPW0,FOXJ3,4,4,4,27,3.601605176925659,0.6659964323043823,3,3,3,3,3,3,3,3,3,FALSE,A
Q9UPW5,AGTPBP1,14,15,14,26,3.0455682277679443,0.5119323134422302,2,3,3,3,3,3,3,3,3,FALSE,A
Q9UPW6,SATB2,11,13,11,27,3.1654300689697266,0.49617110192775726,3,3,3,3,3,3,3,3,3,FALSE,A
Q9UPY3,DICER1,33,35,33,26,3.0539610385894775,0.6119351387023926,3,3,2,3,3,3,3,3,3,FALSE,A
Q9UPY5,SLC7A11,2,2,2,18,2.675630807876587,0.4857479929924011,0,3,2,3,3,3,2,1,1,FALSE,A
Q9UPY6,WASF3,5,7,5,27,3.6687768697738647,0.7373037040233612,3,3,3,3,3,3,3,3,3,FALSE,A
Q9UPY8,MAPRE3,7,8,7,27,3.4138331413269043,0.7950010895729065,3,3,3,3,3,3,3,3,3,FALSE,A
Q9UPZ3,HPS5,3,3,3,24,3.7432132959365845,0.8841484785079956,1,3,2,3,3,3,3,3,3,FALSE,A
Q9UQ13,SHOC2,11,11,11,27,4.16143274307251,0.8503333926200867,3,3,3,3,3,3,3,3,3,FALSE,A
Q9UQ16,DNM3,2,2,2,27,5.300323009490967,0.9479105770587921,3,3,3,3,3,3,3,3,3,FALSE,A
Q9UQ35,SRRM2,67,94,67,27,5.880109548568726,0.9609161615371704,3,3,3,3,3,3,3,3,3,FALSE,A
Q9UQ53,MGAT4B,2,2,2,10,2.565690517425537,0.23617104440927505,0,3,2,1,0,1,1,1,1,FALSE,A
Q9UQ80,PA2G4,24,39,24,27,6.34237003326416,0.9654728770256042,3,3,3,3,3,3,3,3,3,FALSE,A
Q9UQ84,EXO1,15,15,15,27,2.9339828491210938,0.6857946813106537,3,3,3,3,3,3,3,3,3,FALSE,A
Q9UQ88,CDK11A,1,1,1,3,2.8963050842285156,0,0,1,2,0,0,0,0,0,0,TRUE,C
Q9UQ90,SPG7,2,2,2,6,3.450350284576416,0.47678089141845703,0,2,2,1,0,0,0,0,1,FALSE,A
Q9UQB8,BAIAP2,25,31,25,27,4.26984429359436,0.8280857801437378,3,3,3,3,3,3,3,3,3,FALSE,A
Q9UQE7,SMC3,68,99,68,27,4.895838737487793,0.8794634342193604,3,3,3,3,3,3,3,3,3,FALSE,A
Q9UQL6,HDAC5,4,4,4,20,2.963407278060913,0.5952777564525604,0,2,0,3,3,3,3,3,3,FALSE,A
Q9UQN3,CHMP2B,8,9,8,27,3.5538554191589355,0.8542522192001343,3,3,3,3,3,3,3,3,3,FALSE,A
Q9UQR0,SCML2,34,44,34,27,4.333913326263428,0.847617506980896,3,3,3,3,3,3,3,3,3,FALSE,A
Q9UQR1,ZNF148,19,24,19,27,3.7513010501861572,0.7584313750267029,3,3,3,3,3,3,3,3,3,FALSE,A
Q9UQV4,LAMP3,1,1,1,4,2.6793628931045532,0.03954692929983139,3,0,1,0,0,0,0,0,0,TRUE,C
Q9Y217,MTMR6,7,8,7,26,2.7561569213867188,0.6195020079612732,3,3,2,3,3,3,3,3,3,FALSE,A
Q9Y219,JAG2,4,4,4,9,2.469940662384033,0.4934101700782776,1,3,3,1,0,0,1,0,0,FALSE,A
Q9Y221,NIP7,10,18,10,27,5.133203029632568,0.9383907616138458,3,3,3,3,3,3,3,3,3,FALSE,A
Q9Y223,GNE,24,29,24,26,3.3477593660354614,0.5459282100200653,2,3,3,3,3,3,3,3,3,FALSE,A
Q9Y224,RTRAF,16,26,16,27,5.4886674880981445,0.9428437352180481,3,3,3,3,3,3,3,3,3,FALSE,A
Q9Y230,RUVBL2,31,44,31,27,5.719285488128662,0.9466867446899414,3,3,3,3,3,3,3,3,3,FALSE,A
Q9Y232,CDYL,10,13,10,27,4.165657043457031,0.7685151696205139,3,3,3,3,3,3,3,3,3,FALSE,A
Q9Y237,PIN4,6,10,6,27,6.614473104476929,0.9670703709125519,3,3,3,3,3,3,3,3,3,FALSE,A
Q9Y241,HIGD1A,1,2,1,27,4.232848763465881,0.8981893062591553,3,3,3,3,3,3,3,3,3,TRUE,B
Q9Y242,TCF19,2,2,2,26,2.6708250045776367,0.6521759033203125,2,3,3,3,3,3,3,3,3,FALSE,A
Q9Y243,AKT3,9,9,9,25,3.3874638080596924,0.8111617863178253,2,3,2,3,3,3,3,3,3,FALSE,A
Q9Y247,FAM50B,4,5,4,27,2.604227662086487,0.4889485687017441,3,3,3,3,3,3,3,3,3,FALSE,A
Q9Y248,GINS2,5,5,5,27,3.1928961277008057,0.6875599026679993,3,3,3,3,3,3,3,3,3,FALSE,A
Q9Y251,HPSE,7,10,7,27,3.0790493488311768,0.6140607595443726,3,3,3,3,3,3,3,3,3,FALSE,A
Q9Y256,RCE1,2,2,2,19,2.973266363143921,0.5115219950675964,1,3,2,3,3,0,2,3,2,FALSE,A
Q9Y262,EIF3L,29,46,29,27,4.8134918212890625,0.8598341941833496,3,3,3,3,3,3,3,3,3,FALSE,A
Q9Y263,PLAA,25,29,25,27,3.758627414703369,0.6514693796634674,3,3,3,3,3,3,3,3,3,FALSE,A
Q9Y265,RUVBL1,22,34,22,27,5.511880397796631,0.94057464599609375,3,3,3,3,3,3,3,3,3,FALSE,A
Q9Y266,NUDC,24,37,24,27,5.97552490234375,0.9617892503738403,3,3,3,3,3,3,3,3,3,FALSE,A
Q9Y274,ST3GAL6,4,4,4,24,2.942768096923828,0.052243880927562714,3,3,3,3,3,3,3,0,3,FALSE,A
Q9Y276,BCS1L,17,21,17,26,3.7306336164474487,0.7599440217018127,2,3,3,3,3,3,3,3,3,FALSE,A
Q9Y277,VDAC3,11,17,11,27,5.789523124694824,0.9648764133453369,3,3,3,3,3,3,3,3,3,FALSE,A
Q9Y281,CFL2,9,13,9,27,5.804340362548828,0.940847635269165,3,3,3,3,3,3,3,3,3,FALSE,A
Q9Y282,ERGIC3,9,10,9,27,3.591050148010254,0.5667962431907654,3,3,3,3,3,3,3,3,3,FALSE,A
Q9Y285,FARSA,17,25,17,27,4.545679569244385,0.8475862145423889,3,3,3,3,3,3,3,3,3,FALSE,A
Q9Y287,ITM2B,11,14,11,27,4.104220628738403,0.8909845352172852,3,3,3,3,3,3,3,3,3,FALSE,A
Q9Y289,SLC5A6,5,6,5,27,4.077547550201416,0.7936217188835144,3,3,3,3,3,3,3,3,3,FALSE,A
Q9Y291,MRPS33,7,10,7,27,4.646384954452515,0.8600278794765472,3,3,3,3,3,3,3,3,3,FALSE,A
Q9Y294,ASF1A,4,4,4,27,4.266125679016113,0.6852174997329712,3,3,3,3,3,3,3,3,3,FALSE,A
Q9Y295,DRG1,22,27,22,27,5.295100688934326,0.9258276224136353,3,3,3,3,3,3,3,3,3,FALSE,A
Q9Y296,TRAPPC4,9,9,9,27,3.3174097537994385,0.4430207908153534,3,3,3,3,3,3,3,3,3,FALSE,A
Q9Y297,BTRC,2,2,2,25,2.98456346988678,0,2,3,2,3,3,3,3,3,3,FALSE,A
Q9Y2A7,NCKAP1,29,35,29,27,4.055251121520996,0.8179747760295868,3,3,3,3,3,3,3,3,3,FALSE,A
Q9Y2B0,CNPY2,12,19,12,27,4.6147987842559814,0.8483882248401642,3,3,3,3,3,3,3,3,3,FALSE,A
Q9Y2C2,UST,6,6,6,27,3.33796489238739,0.3261799067258835,3,3,3,3,3,3,3,3,3,FALSE,A
Q9Y2C4,EXOG,5,6,5,27,4.077480792999268,0.6695699095726013,3,3,3,3,3,3,3,3,3,FALSE,A
Q9Y2D0,CA5B,4,5,4,27,3.5208603143692017,0.85265350341796875,3,3,3,3,3,3,3,3,3,FALSE,A
Q9Y2D4,EXOC6B,7,7,7,27,2.987672209739685,0.5072861015796661,3,3,3,3,3,3,3,3,3,FALSE,A
Q9Y2D5,PALM2AKAP2,19,24,19,27,3.580729365348816,0.6562311947345734,3,3,3,3,3,3,3,3,3,FALSE,A
Q9Y2D8,SSX2IP,4,4,4,27,2.883648991584778,0.6241211295127869,3,3,3,3,3,3,3,3,3,FALSE,A
Q9Y2D9,ZNF652,5,5,5,27,3.266162633895874,0.31544895470142365,3,3,3,3,3,3,3,3,3,FALSE,A
Q9Y2E4,DIP2C,1,1,1,24,3.483243465423584,0.24999789148569107,2,3,1,3,3,3,3,3,3,TRUE,C
Q9Y2E5,MAN2B2,15,15,15,27,3.524702310562134,0.7303738594055176,3,3,3,3,3,3,3,3,3,FALSE,A
Q9Y2F5,ICE1,20,22,20,27,3.018820881843567,0.520931214094162,3,3,3,3,3,3,3,3,3,FALSE,A
Q9Y2G0,EFR3B,2,2,2,5,2.060157358646393,0.2427334561944008,0,1,1,1,0,0,0,0,2,FALSE,A
Q9Y2G5,POFUT2,15,18,15,27,3.1250486373901367,0.6089662313461304,3,3,3,3,3,3,3,3,3,FALSE,A
Q9Y2G7,ZFP30,2,2,2,19,3.0222065448760986,0,0,1,2,3,3,2,2,3,3,FALSE,A
Q9Y2G8,DNAJC16,7,8,7,24,3.0620639324188232,0,1,3,2,3,3,3,3,3,3,FALSE,A
Q9Y2H0,DLGAP4,13,14,13,27,3.3836216926574707,0.6574609577655792,3,3,3,3,3,3,3,3,3,FALSE,A
Q9Y2H1,STK38L,4,4,4,25,2.8463393449783325,0.7632121443748474,2,3,2,3,3,3,3,3,3,FALSE,A
Q9Y2H2,INPP5F,4,4,4,24,3.1556122303009033,0.1718391478061676,3,3,2,2,3,2,3,3,3,FALSE,A
Q9Y2H6,FNDC3A,15,16,15,27,3.278211236000061,0.6173298358917236,3,3,3,3,3,3,3,3,3,FALSE,A
Q9Y2I1,NISCH,22,27,22,27,3.262253999710083,0.6955603361129761,3,3,3,3,3,3,3,3,3,FALSE,A
Q9Y2I7,PIKFYVE,12,12,12,26,2.4139349460601807,0,3,3,2,3,3,3,3,3,3,FALSE,A
Q9Y2I8,WDR37,6,6,6,27,4.074535369873047,0.6510999798774719,3,3,3,3,3,3,3,3,3,FALSE,A
Q9Y2I9,TBC1D30,2,2,2,9,3.038541793823242,0.761016309261322,0,0,1,2,2,2,0,1,1,FALSE,A
Q9Y2J2,EPB41L3,27,36,27,27,3.8774904012680054,0.7130329012870789,3,3,3,3,3,3,3,3,3,FALSE,A
Q9Y2J4,AMOTL2,8,9,8,27,2.7080347537994385,0.4667178690433502,3,3,3,3,3,3,3,3,3,FALSE,A
Q9Y2K1,ZBTB1,3,3,3,15,2.4723808765411377,0.2772374451160431,3,3,2,0,1,2,2,1,1,FALSE,A
Q9Y2K5,R3HDM2,3,3,3,23,2.897976040840149,0.3399120420217514,2,3,1,3,3,3,3,3,2,FALSE,A
Q9Y2K7,KDM2A,36,41,36,27,3.9585888385772705,0.7804945111274719,3,3,3,3,3,3,3,3,3,FALSE,A
Q9Y2L1,DIS3,48,64,48,27,4.534468173980713,0.8720054626464844,3,3,3,3,3,3,3,3,3,FALSE,A
Q9Y2L5,TRAPPC8,13,14,13,24,2.446655035018921,0.3285900205373764,1,3,2,3,3,3,3,3,3,FALSE,A
Q9Y2L9,LRCH1,1,1,1,22,3.7798211574554443,0.447687104344368,0,3,1,3,3,3,3,3,3,TRUE,C
Q9Y2M5,KLHL20,1,1,1,18,2.432056427001953,0,0,3,2,3,3,1,1,2,3,TRUE,C
Q9Y2P8,RCL1,16,19,16,27,4.253496170043945,0.8648778796195984,3,3,3,3,3,3,3,3,3,FALSE,A
Q9Y2Q3,GSTK1,13,18,13,27,4.898564338684082,0.9351563453674316,3,3,3,3,3,3,3,3,3,FALSE,A
Q9Y2Q5,LAMTOR2,6,8,6,27,4.160634994506836,0.9049570560455322,3,3,3,3,3,3,3,3,3,FALSE,A
Q9Y2Q9,MRPS28,7,8,7,27,5.91346549987793,0.9760795831680298,3,3,3,3,3,3,3,3,3,FALSE,A
Q9Y2R0,COA3,4,6,4,27,6.269903659820557,0.9732505083084106,3,3,3,3,3,3,3,3,3,FALSE,A
Q9Y2R4,DDX52,23,34,23,27,4.3129401206970215,0.8121464252471924,3,3,3,3,3,3,3,3,3,FALSE,A
Q9Y2R5,MRPS17,4,7,4,27,5.843439817428589,0.9392505884170532,3,3,3,3,3,3,3,3,3,FALSE,A
Q9Y2R9,MRPS7,14,19,14,27,5.431158542633057,0.9449477791786194,3,3,3,3,3,3,3,3,3,FALSE,A
Q9Y2S6,TMA7,2,4,2,25,4.638991117477417,0.9550236463546753,3,3,3,3,3,3,2,2,3,FALSE,A
Q9Y2S7,POLDIP2,16,20,16,27,4.149156093597412,0.8028097748756409,3,3,3,3,3,3,3,3,3,FALSE,A
Q9Y2T2,AP3M1,16,20,16,27,3.310462713241577,0.8160753548145294,3,3,3,3,3,3,3,3,3,FALSE,A
Q9Y2T7,YBX2,4,4,4,26,2.60612952709198,0,3,3,2,3,3,3,3,3,3,FALSE,A
Q9Y2U8,LEMD3,21,28,21,27,4.5874059200286865,0.8179213106632233,3,3,3,3,3,3,3,3,3,FALSE,A
Q9Y2U9,KLHDC2,3,3,3,25,2.634902000427246,0.4946816861629486,3,3,2,3,3,3,3,3,2,FALSE,A
Q9Y2V2,CARHSP1,6,7,6,27,5.394873142242432,0.9431554675102234,3,3,3,3,3,3,3,3,3,FALSE,A
Q9Y2V7,COG6,9,10,9,27,3.604177713394165,0.5872783958911896,3,3,3,3,3,3,3,3,3,FALSE,A
Q9Y2W1,THRAP3,31,45,31,27,5.882835865020752,0.949515700340271,3,3,3,3,3,3,3,3,3,FALSE,A
Q9Y2W2,WBP11,24,38,24,27,5.149798631668091,0.9153139293193817,3,3,3,3,3,3,3,3,3,FALSE,A
Q9Y2W6,TDRKH,14,16,14,27,3.2076070308685303,0.6342098116874695,3,3,3,3,3,3,3,3,3,FALSE,A
Q9Y2X0,MED16,15,15,15,26,2.7549352645874023,0.4301569163799286,2,3,3,3,3,3,3,3,3,FALSE,A
Q9Y2X3,NOP58,28,43,28,27,5.602841377258301,0.9537824988365173,3,3,3,3,3,3,3,3,3,FALSE,A
Q9Y2X7,GIT1,16,17,16,26,2.9778246879577637,0.40541744232177734,3,3,2,3,3,3,3,3,3,FALSE,A
Q9Y2X9,ZNF281,19,27,19,27,4.0000669956207275,0.8019767701625824,3,3,3,3,3,3,3,3,3,FALSE,A
Q9Y2Y0,ARL2BP,5,5,5,27,3.5937817096710205,0.6920135021209717,3,3,3,3,3,3,3,3,3,FALSE,A
Q9Y2Y1,POLR3K,5,6,5,27,3.790785074234009,0.6994264721870422,3,3,3,3,3,3,3,3,3,FALSE,A
Q9Y2Y9,KLF13,3,3,3,27,3.572633743286133,0.5933388471603394,3,3,3,3,3,3,3,3,3,FALSE,A
Q9Y2Z0,SUGT1,21,26,21,27,4.238196849822998,0.8662304878234863,3,3,3,3,3,3,3,3,3,FALSE,A
Q9Y2Z2,MTO1,2,2,2,25,3.3315517902374268,0.9389984905719757,2,3,2,3,3,3,3,3,3,FALSE,A
Q9Y2Z4,YARS2,14,19,14,27,3.5014439821243286,0.7971445918083191,3,3,3,3,3,3,3,3,3,FALSE,A
Q9Y2Z9,COQ6,1,1,1,10,2.461065888404846,0.5879357159137726,0,3,2,1,2,0,0,0,2,TRUE,C
Q9Y303,AMDHD2,1,1,1,24,3.7071579694747925,0.37494105100631714,1,3,2,3,3,3,3,3,3,TRUE,C
Q9Y305,ACOT9,15,19,15,27,3.578735589981079,0.7013866901397705,3,3,3,3,3,3,3,3,3,FALSE,A
Q9Y312,AAR2,13,15,13,27,3.7813851833343506,0.7567875981330872,3,3,3,3,3,3,3,3,3,FALSE,A
Q9Y314,NOSIP,16,23,16,27,5.169342279434204,0.9478377997875214,3,3,3,3,3,3,3,3,3,FALSE,A
Q9Y315,DERA,8,8,8,27,3.799841284751892,0.69685298204422,3,3,3,3,3,3,3,3,3,FALSE,A
Q9Y316,MEMO1,11,14,11,27,3.8868285417556763,0.8003634810447693,3,3,3,3,3,3,3,3,3,FALSE,A
Q9Y320,TMX2,10,11,10,27,3.270717978477478,0.7801385819911957,3,3,3,3,3,3,3,3,3,FALSE,A
Q9Y324,FCF1,7,7,7,26,4.60398006439209,0.738217294216156,2,3,3,3,3,3,3,3,3,FALSE,A
Q9Y333,LSM2,8,14,8,27,4.665717601776123,0.8527847826480865,3,3,3,3,3,3,3,3,3,FALSE,A
Q9Y343,SNX24,2,2,2,27,4.97519063949585,0.8027927875518799,3,3,3,3,3,3,3,3,3,FALSE,A
Q9Y365,STARD10,5,5,5,27,3.105703353881836,0.4834299087524414,3,3,3,3,3,3,3,3,3,FALSE,A
Q9Y366,IFT52,2,2,2,20,2.607124924659729,0.5334205627441406,0,3,1,2,3,3,2,3,3,FALSE,A
Q9Y371,SH3GLB1,11,17,11,27,4.823242902755737,0.8943228423595428,3,3,3,3,3,3,3,3,3,FALSE,A
Q9Y375,NDUFAF1,11,13,11,27,3.4478092193603516,0.7198787331581116,3,3,3,3,3,3,3,3,3,FALSE,A
Q9Y376,CAB39,15,20,15,27,4.192758798599243,0.8286259770393372,3,3,3,3,3,3,3,3,3,FALSE,A
Q9Y383,LUC7L2,18,28,18,27,6.191716194152832,0.9680780172348022,3,3,3,3,3,3,3,3,3,FALSE,A
Q9Y385,UBE2J1,8,10,8,27,4.151894569396973,0.7615353167057037,3,3,3,3,3,3,3,3,3,FALSE,A
Q9Y388,RBMX2,9,12,9,27,4.384223461151123,0.7406124770641327,3,3,3,3,3,3,3,3,3,FALSE,A
Q9Y394,DHRS7,12,13,12,27,4.25144362449646,0.8472775518894196,3,3,3,3,3,3,3,3,3,FALSE,A
Q9Y397,ZDHHC9,5,6,5,7,3.1790250539779663,0.4622260555624962,0,3,2,1,0,0,0,1,0,FALSE,A
Q9Y399,MRPS2,14,19,14,27,4.524431228637695,0.9387372732162476,3,3,3,3,3,3,3,3,3,FALSE,A
Q9Y3A2,UTP11,13,20,13,27,4.614560842514038,0.8769865036010742,3,3,3,3,3,3,3,3,3,FALSE,A
Q9Y3A3,MOB4,8,13,8,27,4.41101598739624,0.8435249328613281,3,3,3,3,3,3,3,3,3,FALSE,A
Q9Y3A4,RRP7A,9,12,9,27,4.409287691116333,0.804208517074585,3,3,3,3,3,3,3,3,3,FALSE,A
Q9Y3A5,SBDS,14,19,14,27,4.6686201095581055,0.9022429585456848,3,3,3,3,3,3,3,3,3,FALSE,A
Q9Y3A6,TMED5,7,7,7,27,5.547324180603027,0.951328843832016,3,3,3,3,3,3,3,3,3,FALSE,A
Q9Y3B1,PRELID3B,3,3,3,26,2.7615225315093994,0.08351147174835205,3,3,3,3,3,3,2,3,3,FALSE,A
Q9Y3B2,EXOSC1,8,12,8,27,4.898014545440674,0.9019023180007935,3,3,3,3,3,3,3,3,3,FALSE,A
Q9Y3B3,TMED7,7,12,7,27,5.19077730178833,0.9080272912979126,3,3,3,3,3,3,3,3,3,FALSE,A
Q9Y3B4,SF3B6,6,9,6,27,6.192243576049805,0.9741572141647339,3,3,3,3,3,3,3,3,3,FALSE,A
Q9Y3B6,EMC9,4,4,4,25,2.9518399238586426,0.6825209558010101,2,3,3,3,3,2,3,3,3,FALSE,A
Q9Y3B7,MRPL11,13,19,13,27,5.662205219268799,0.9560443162918091,3,3,3,3,3,3,3,3,3,FALSE,A
Q9Y3B8,REXO2,13,22,13,27,4.913615703582764,0.9150504469871521,3,3,3,3,3,3,3,3,3,FALSE,A
Q9Y3B9,RRP15,13,19,13,27,5.462398052215576,0.9521229565143585,3,3,3,3,3,3,3,3,3,FALSE,A
Q9Y3C0,WASHC3,2,2,2,27,3.7077265977859497,0.5423549711704254,3,3,3,3,3,3,3,3,3,FALSE,A
Q9Y3C1,NOP16,10,19,10,27,5.860652446746826,0.9661442041397095,3,3,3,3,3,3,3,3,3,FALSE,A
Q9Y3C4,TPRKB,7,10,7,27,4.20601224899292,0.8819067478179932,3,3,3,3,3,3,3,3,3,FALSE,A
Q9Y3C6,PPIL1,5,7,5,27,5.535609722137451,0.9703208208084106,3,3,3,3,3,3,3,3,3,FALSE,A
Q9Y3C7,MED31,4,6,4,27,3.284640312194824,0.7432604432106018,3,3,3,3,3,3,3,3,3,FALSE,A
Q9Y3C8,UFC1,10,15,10,27,4.619121074676514,0.9515537619590759,3,3,3,3,3,3,3,3,3,FALSE,A
Q9Y3D0,CIAO2B,2,2,2,17,2.2711055278778076,0.43582600355148315,2,3,3,1,2,1,1,2,2,FALSE,A
Q9Y3D2,MSRB2,8,11,8,27,3.9274494647979736,0.6346966028213501,3,3,3,3,3,3,3,3,3,FALSE,A
Q9Y3D3,MRPS16,6,11,6,27,5.160967111587524,0.9350315630435944,3,3,3,3,3,3,3,3,3,FALSE,A
Q9Y3D5,MRPS18C,5,8,5,27,5.050113916397095,0.9225714802742004,3,3,3,3,3,3,3,3,3,FALSE,A
Q9Y3D6,FIS1,5,5,5,27,5.917361259460449,0.8903257846832275,3,3,3,3,3,3,3,3,3,FALSE,A
Q9Y3D7,PAM16,5,10,5,27,5.032595634460449,0.8868256211280823,3,3,3,3,3,3,3,3,3,FALSE,A
Q9Y3D8,AK6,8,9,8,27,3.961881160736084,0.7507863640785217,3,3,3,3,3,3,3,3,3,FALSE,A
Q9Y3D9,MRPS23,12,18,12,27,5.548016548156738,0.9506738185882568,3,3,3,3,3,3,3,3,3,FALSE,A
Q9Y3E0,GOLT1B,3,3,3,26,3.9144232273101807,0.7968255579471588,2,3,3,3,3,3,3,3,3,FALSE,A
Q9Y3E1,HDGFL3,5,10,5,27,6.056833744049072,0.9619718194007874,3,3,3,3,3,3,3,3,3,FALSE,A
Q9Y3E2,BOLA1,3,3,3,27,3.1214739084243774,0.03903250768780708,3,3,3,3,3,3,3,3,3,FALSE,A
Q9Y3E5,PTRH2,5,8,5,27,3.643007278442383,0.8747702240943909,3,3,3,3,3,3,3,3,3,FALSE,A
Q9Y3E7,CHMP3,7,11,7,27,5.610225200653076,0.9510205984115601,3,3,3,3,3,3,3,3,3,FALSE,A
Q9Y3F4,STRAP,18,33,18,27,5.662601947784424,0.9483587741851807,3,3,3,3,3,3,3,3,3,FALSE,A
Q9Y3I0,RTCB,28,40,28,27,5.044247388839722,0.9180561602115631,3,3,3,3,3,3,3,3,3,FALSE,A
Q9Y3I1,FBXO7,8,9,8,27,3.015329599380493,0.61150062084198,3,3,3,3,3,3,3,3,3,FALSE,A
Q9Y3L3,SH3BP1,4,5,4,27,3.7166435718536377,0.20527219772338867,3,3,3,3,3,3,3,3,3,FALSE,A
Q9Y3L5,RAP2C,6,9,6,27,4.70819091796875,0.8854717314243317,3,3,3,3,3,3,3,3,3,FALSE,A
Q9Y3M2,CBY1,4,5,4,27,3.8524086475372314,0.7281918525695801,3,3,3,3,3,3,3,3,3,FALSE,A
Q9Y3M9,ZNF337,2,2,2,15,2.0760143995285034,0,0,3,2,0,2,1,3,2,2,FALSE,A
Q9Y3P9,RABGAP1,22,25,22,27,3.2999987602233887,0.6145737767219543,3,3,3,3,3,3,3,3,3,FALSE,A
Q9Y3Q3,TMED3,7,9,7,27,3.8046711683273315,0.8721925914287567,3,3,3,3,3,3,3,3,3,FALSE,A
Q9Y3Q8,TSC22D4,10,13,10,27,3.3417041301727295,0.7595932483673096,3,3,3,3,3,3,3,3,3,FALSE,A
Q9Y3R0,GRIP1,2,2,2,18,2.950331926345825,0.44177812337875366,0,0,0,3,3,3,3,3,3,FALSE,A
Q9Y3R5,DOP1B,1,1,1,23,3.3900721073150635,0.7675946354866028,0,3,2,3,3,3,3,3,3,TRUE,C
Q9Y3S1,WNK2,14,14,14,27,2.680566191673279,0.17796330153942108,3,3,3,3,3,3,3,3,3,FALSE,A
Q9Y3S2,ZNF330,7,8,7,27,5.660499095916748,0.9302436709403992,3,3,3,3,3,3,3,3,3,FALSE,A
Q9Y3T6,R3HCC1,6,6,6,27,3.5365169048309326,0.6395465135574341,3,3,3,3,3,3,3,3,3,FALSE,A
Q9Y3T9,NOC2L,25,35,25,27,5.007665395736694,0.9125837981700897,3,3,3,3,3,3,3,3,3,FALSE,A
Q9Y3U8,RPL36,5,7,5,27,6.548629999160767,0.9778144657611847,3,3,3,3,3,3,3,3,3,FALSE,A
Q9Y3V2,RWDD3,1,1,1,15,1.9642797708511353,0,0,3,2,0,2,1,3,2,2,TRUE,C
Q9Y3X0,CCDC9,13,14,13,27,4.001724720001221,0.8636537790298462,3,3,3,3,3,3,3,3,3,FALSE,A
Q9Y3Y2,CHTOP,8,10,8,27,6.380707740783691,0.973030149936676,3,3,3,3,3,3,3,3,3,FALSE,A
Q9Y3Z3,SAMHD1,33,45,33,27,3.828928232192993,0.7879382371902466,3,3,3,3,3,3,3,3,3,FALSE,A
Q9Y421,FAM32A,5,8,5,27,4.746592998504639,0.8666909337043762,3,3,3,3,3,3,3,3,3,FALSE,A
Q9Y448,KNSTRN,12,16,12,27,3.7263017892837524,0.79474738240242,3,3,3,3,3,3,3,3,3,FALSE,A
Q9Y450,HBS1L,33,45,33,27,4.031914472579956,0.7859775424003601,3,3,3,3,3,3,3,3,3,FALSE,A
Q9Y462,ZNF711,11,14,11,27,3.4240570068359375,0.70229572057724,3,3,3,3,3,3,3,3,3,FALSE,A
Q9Y463,DYRK1B,1,1,1,13,2.9076688289642334,0,0,2,0,1,2,2,3,2,1,TRUE,C
Q9Y467,SALL2,11,14,11,27,3.916367292404175,0.7741816639900208,3,3,3,3,3,3,3,3,3,FALSE,A
Q9Y478,PRKAB1,7,10,7,27,3.2029483318328857,0.6569435000419617,3,3,3,3,3,3,3,3,3,FALSE,A
Q9Y483,MTF2,19,24,19,27,4.173103332519531,0.847970724105835,3,3,3,3,3,3,3,3,3,FALSE,A
Q9Y484,WDR45,8,9,8,27,2.9793033599853516,0.5461256504058838,3,3,3,3,3,3,3,3,3,FALSE,A
Q9Y487,ATP6V0A2,16,17,16,27,2.868583559989929,0.6533976197242737,3,3,3,3,3,3,3,3,3,FALSE,A
Q9Y490,TLN1,97,141,97,27,4.822989225387573,0.9144702553749084,3,3,3,3,3,3,3,3,3,FALSE,A
Q9Y496,KIF3A,19,22,19,27,3.3991129398345947,0.8168110251426697,3,3,3,3,3,3,3,3,3,FALSE,A
Q9Y4A0,JRKL,7,7,7,27,2.4567785263061523,0.4222033768892288,3,3,3,3,3,3,3,3,3,FALSE,A
Q9Y4A5,TRRAP,114,123,114,26,3.46207332611084,0.6495822668075562,2,3,3,3,3,3,3,3,3,FALSE,A
Q9Y4B4,RAD54L2,24,24,24,27,3.2138811349868774,0.38947662711143494,3,3,3,3,3,3,3,3,3,FALSE,A
Q9Y4B5,MTCL1,7,7,7,26,2.7133326530456543,0.021258301101624966,2,3,3,3,3,3,3,3,3,FALSE,A
Q9Y4B6,DCAF1,24,26,24,25,2.762033462524414,0.5096657276153564,1,3,3,3,3,3,3,3,3,FALSE,A
Q9Y4C0,NRXN3,5,5,5,26,2.533651113510132,0.4253028333187103,3,3,3,3,3,3,3,3,2,FALSE,A
Q9Y4C1,KDM3A,15,15,15,27,2.9541163444519043,0.7003606855869293,3,3,3,3,3,3,3,3,3,FALSE,A
Q9Y4C2,TCAF1,23,25,23,27,3.6734514236450195,0.626952588558197,3,3,3,3,3,3,3,3,3,FALSE,A
Q9Y4C8,RBM19,28,37,28,27,3.879896402359009,0.8145707845687866,3,3,3,3,3,3,3,3,3,FALSE,A
Q9Y4D1,DAAM1,2,2,2,19,2.9853386878967285,0.6500076651573181,0,3,3,2,2,2,2,2,3,FALSE,A
Q9Y4D8,HECTD4,7,7,7,23,2.3997691869735718,0,0,3,2,3,3,3,3,3,3,FALSE,A
Q9Y4E1,WASHC2C,8,8,8,27,3.2503470182418823,0.6317160427570343,3,3,3,3,3,3,3,3,3,FALSE,A
Q9Y4E5,ZNF451,7,7,7,21,2.5035053491592407,0.6830552518367767,0,3,2,3,2,2,3,3,3,FALSE,A
Q9Y4E8,USP15,36,45,36,27,3.540698766708374,0.7580251395702362,3,3,3,3,3,3,3,3,3,FALSE,A
Q9Y4F1,FARP1,13,13,13,23,2.9153987169265747,0.6035628318786621,0,3,2,3,3,3,3,3,3,FALSE,A
Q9Y4F3,MARF1,3,3,3,19,2.700747847557068,0.7999014556407928,0,1,1,2,3,3,3,3,3,FALSE,A
Q9Y4F5,CEP170B,46,55,46,27,3.1680028438568115,0.5634520947933197,3,3,3,3,3,3,3,3,3,FALSE,A
Q9Y4G6,TLN2,3,3,3,18,2.473402976989746,0.5617423057556152,0,3,1,1,3,2,3,3,2,FALSE,A
Q9Y4I1,MYO5A,10,10,10,26,2.9296224117279053,0.6521320641040802,2,3,3,3,3,3,3,3,3,FALSE,A
Q9Y4J8,DTNA,13,13,13,26,3.069809317588806,0.47877316176891327,2,3,3,3,3,3,3,3,3,FALSE,A
Q9Y4K3,TRAF6,8,8,8,25,2.629748821258545,0.4517185389995575,2,3,2,3,3,3,3,3,3,FALSE,A
Q9Y4K4,MAP4K5,10,11,10,23,2.757532835006714,0.26180750131607056,0,3,2,3,3,3,3,3,3,FALSE,A
Q9Y4L1,HYOU1,48,75,48,27,5.571512460708618,0.9499997496604919,3,3,3,3,3,3,3,3,3,FALSE,A
Q9Y4P1,ATG4B,12,13,12,26,3.4549916982650757,0.7470656931400299,2,3,3,3,3,3,3,3,3,FALSE,A
Q9Y4P3,TBL2,16,18,16,27,4.125540494918823,0.8120425343513489,3,3,3,3,3,3,3,3,3,FALSE,A
Q9Y4P8,WIPI2,5,6,5,25,3.247424840927124,0.5821764767169952,2,3,2,3,3,3,3,3,3,FALSE,A
Q9Y4R8,TELO2,30,32,30,27,3.185766577720642,0.7081252038478851,3,3,3,3,3,3,3,3,3,FALSE,A
Q9Y4U1,MMACHC,5,5,5,25,3.174629807472229,0.625889003276825,2,3,2,3,3,3,3,3,3,FALSE,A
Q9Y4W2,LAS1L,27,32,27,27,4.117282867431641,0.7748942375183105,3,3,3,3,3,3,3,3,3,FALSE,A
Q9Y4W6,AFG3L2,24,26,24,27,3.5584840774536133,0.7299848198890686,3,3,3,3,3,3,3,3,3,FALSE,A
Q9Y4X0,AMMECR1,2,2,2,11,3.02381694316864,0.7209329605102539,0,2,2,1,1,3,1,0,1,FALSE,A
Q9Y4X4,KLF12,5,7,5,27,3.839823603630066,0.8609389364719391,3,3,3,3,3,3,3,3,3,FALSE,A
Q9Y4X5,ARIH1,21,27,21,27,4.018404483795166,0.8099309206008911,3,3,3,3,3,3,3,3,3,FALSE,A
Q9Y4Z0,LSM4,7,10,7,27,5.230443000793457,0.8866501450538635,3,3,3,3,3,3,3,3,3,FALSE,A
Q9Y508,RNF114,8,11,8,27,4.923981666564941,0.8271218538284302,3,3,3,3,3,3,3,3,3,FALSE,A
Q9Y512,SAMM50,17,23,17,27,4.54687237739563,0.8666670024394989,3,3,3,3,3,3,3,3,3,FALSE,A
Q9Y520,PRRC2C,79,111,81,27,4.892449378967285,0.8936123251914978,3,3,3,3,3,3,3,3,3,FALSE,A
Q9Y530,OARD1,6,7,6,27,3.6733068227767944,0.7050649225711823,3,3,3,3,3,3,3,3,3,FALSE,A
Q9Y535,POLR3H,3,3,3,27,2.442367196083069,0.12535513564944267,3,3,3,3,3,3,3,3,3,FALSE,A
Q9Y547,IFT25,6,8,6,27,4.861330509185791,0.9236505329608917,3,3,3,3,3,3,3,3,3,FALSE,A
Q9Y548,YIPF1,1,1,1,23,3.1764674186706543,0.7245953679084778,1,3,2,3,3,2,3,3,3,TRUE,C
Q9Y570,PPME1,17,21,17,27,3.9534943103790283,0.863389253616333,3,3,3,3,3,3,3,3,3,FALSE,A
Q9Y575,ASB3,1,1,1,18,4.5749077796936035,0.8135715425014496,0,0,0,3,3,3,3,3,3,TRUE,B
Q9Y580,RBM7,11,15,11,27,3.547485113143921,0.8504196405410767,3,3,3,3,3,3,3,3,3,FALSE,A
Q9Y584,TIMM22,3,3,3,25,3.119370937347412,0.5739608705043793,3,3,3,3,3,2,3,3,2,FALSE,A
Q9Y587,AP4S1,1,1,1,27,3.341968536376953,0.8773894309997559,3,3,3,3,3,3,3,3,3,TRUE,C
Q9Y592,CEP83,9,9,9,27,2.8384149074554443,0.39829200506210327,3,3,3,3,3,3,3,3,3,FALSE,A
Q9Y597,KCTD3,10,10,10,27,2.9709956645965576,0.4114781469106674,3,3,3,3,3,3,3,3,3,FALSE,A
Q9Y5A6,ZSCAN21,5,7,5,27,2.866608738899231,0.6949615180492401,3,3,3,3,3,3,3,3,3,FALSE,A
Q9Y5A7,NUB1,17,23,17,27,3.8822274208068848,0.739402711391449,3,3,3,3,3,3,3,3,3,FALSE,A
Q9Y5A9,YTHDF2,8,11,8,27,4.953023910522461,0.9189105033874512,3,3,3,3,3,3,3,3,3,FALSE,A
Q9Y5B0,CTDP1,7,7,7,27,3.8004214763641357,0.6924668550491333,3,3,3,3,3,3,3,3,3,FALSE,A
Q9Y5B6,PAXBP1,30,38,30,27,4.05769157409668,0.7305759191513062,3,3,3,3,3,3,3,3,3,FALSE,A
Q9Y5B8,NME7,11,12,11,25,3.4990859031677246,0.644707441329956,2,3,2,3,3,3,3,3,3,FALSE,A
Q9Y5B9,SUPT16H,59,89,59,27,5.394225835800171,0.9408508837223053,3,3,3,3,3,3,3,3,3,FALSE,A
Q9Y5H2,PCDHGA11,1,1,1,7,2.1047940254211426,0,0,3,3,1,0,0,0,0,0,TRUE,C
Q9Y5J1,UTP18,26,39,26,27,4.401259183883667,0.8240790963172913,3,3,3,3,3,3,3,3,3,FALSE,A
Q9Y5J3,HEY1,3,3,3,26,3.9550708532333374,0.8346936702728271,3,3,2,3,3,3,3,3,3,FALSE,A
Q9Y5J6,TIMM10B,5,7,5,27,4.471526145935059,0.8595961332321167,3,3,3,3,3,3,3,3,3,FALSE,A
Q9Y5J7,TIMM9,5,9,5,27,4.454619407653809,0.9004090428352356,3,3,3,3,3,3,3,3,3,FALSE,A
Q9Y5J9,TIMM8B,3,3,3,26,3.7603094577789307,0.8460895121097565,3,3,3,3,3,3,2,3,3,FALSE,A
Q9Y5K5,UCHL5,15,19,15,27,4.806911468505859,0.8914687037467957,3,3,3,3,3,3,3,3,3,FALSE,A
Q9Y5K6,CD2AP,32,46,32,27,4.6630730628967285,0.9113808274269104,3,3,3,3,3,3,3,3,3,FALSE,A
Q9Y5K8,ATP6V1D,11,14,11,27,4.392709016799927,0.8608691692352295,3,3,3,3,3,3,3,3,3,FALSE,A
Q9Y5L0,TNPO3,23,31,23,26,3.3510303497314453,0.6799319982528687,2,3,3,3,3,3,3,3,3,FALSE,A
Q9Y5L4,TIMM13,5,9,5,27,5.935716152191162,0.9765676259994507,3,3,3,3,3,3,3,3,3,FALSE,A
Q9Y5M8,SRPRB,13,18,13,27,5.217617988586426,0.908852756023407,3,3,3,3,3,3,3,3,3,FALSE,A
Q9Y5N5,N6AMT1,2,2,2,26,3.253145456314087,0.7853296399116516,3,3,2,3,3,3,3,3,3,FALSE,A
Q9Y5N6,ORC6,8,8,8,27,3.496755599975586,0.44904524087905884,3,3,3,3,3,3,3,3,3,FALSE,A
Q9Y5P4,CERT1,17,18,17,27,3.5659730434417725,0.7010711133480072,3,3,3,3,3,3,3,3,3,FALSE,A
Q9Y5P6,GMPPB,13,17,13,27,4.207452774047852,0.840277910232544,3,3,3,3,3,3,3,3,3,FALSE,A
Q9Y5Q8,GTF3C5,25,32,25,27,4.291409492492676,0.8218595683574677,3,3,3,3,3,3,3,3,3,FALSE,A
Q9Y5Q9,GTF3C3,25,29,25,27,3.803760528564453,0.7635734677314758,3,3,3,3,3,3,3,3,3,FALSE,A
Q9Y5R8,TRAPPC1,7,7,7,27,4.401442527770996,0.6590359210968018,3,3,3,3,3,3,3,3,3,FALSE,A
Q9Y5S2,CDC42BPB,24,24,24,27,3.3049557209014893,0.5741434693336487,3,3,3,3,3,3,3,3,3,FALSE,A
Q9Y5S9,RBM8A,9,14,9,27,6.2260236740112305,0.9653428196907043,3,3,3,3,3,3,3,3,3,FALSE,A
Q9Y5T5,USP16,17,18,17,27,3.9205222129821777,0.80184406042099,3,3,3,3,3,3,3,3,3,FALSE,A
Q9Y5U2,TSSC4,4,5,4,27,3.4478577375411987,0.7478854060173035,3,3,3,3,3,3,3,3,3,FALSE,A
Q9Y5U8,MPC1,4,4,4,26,3.7981927394866943,0.760429322719574,3,3,3,3,3,3,3,3,2,FALSE,A
Q9Y5U9,IER3IP1,1,1,1,11,2.217984676361084,0.5869612097740173,2,3,3,2,1,0,0,0,0,TRUE,C
Q9Y5V0,ZNF706,3,3,3,27,5.793541431427002,0.947662353515625,3,3,3,3,3,3,3,3,3,FALSE,A
Q9Y5V3,MAGED1,13,14,13,27,4.129827976226807,0.738280177116394,3,3,3,3,3,3,3,3,3,FALSE,A
Q9Y5W8,SNX13,1,1,1,9,1.9675630331039429,0,0,0,2,2,1,1,0,1,2,TRUE,C
Q9Y5W9,SNX11,6,6,6,25,2.7737481594085693,0.23659780621528625,3,3,3,3,2,3,3,3,2,FALSE,A
Q9Y5X1,SNX9,13,15,13,27,4.248016595840454,0.7975630462169647,3,3,3,3,3,3,3,3,3,FALSE,A
Q9Y5X2,SNX8,9,9,9,26,2.6915061473846436,0.26795630156993866,2,3,3,3,3,3,3,3,3,FALSE,A
Q9Y5X3,SNX5,18,26,18,27,4.573164463043213,0.8679354190826416,3,3,3,3,3,3,3,3,3,FALSE,A
Q9Y5Y0,FLVCR1,5,5,5,27,2.7799583673477173,0.3577432632446289,3,3,3,3,3,3,3,3,3,FALSE,A
Q9Y5Y2,NUBP2,8,9,8,27,4.396895170211792,0.8380282819271088,3,3,3,3,3,3,3,3,3,FALSE,A
Q9Y5Y5,PEX16,5,6,5,22,2.7099040746688843,0.49524982273578644,0,3,3,3,3,2,2,3,3,FALSE,A
Q9Y5Z4,HEBP2,7,10,7,27,4.826099634170532,0.8724994361400604,3,3,3,3,3,3,3,3,3,FALSE,A
Q9Y5Z7,HCFC2,12,12,12,26,2.409205436706543,0.23710417747497559,2,3,3,3,3,3,3,3,3,FALSE,A
Q9Y605,MRFAP1,3,3,3,27,4.068955421447754,0.7905304133892059,3,3,3,3,3,3,3,3,3,FALSE,A
Q9Y606,PUS1,17,21,17,27,3.4943735599517822,0.7766757905483246,3,3,3,3,3,3,3,3,3,FALSE,A
Q9Y608,LRRFIP2,17,22,17,27,4.6580727100372314,0.8764964938163757,3,3,3,3,3,3,3,3,3,FALSE,A
Q9Y613,FHOD1,23,24,23,27,3.1683568954467773,0.32653701305389404,3,3,3,3,3,3,3,3,3,FALSE,A
Q9Y617,PSAT1,18,29,18,27,5.880110502243042,0.9576253294944763,3,3,3,3,3,3,3,3,3,FALSE,A
Q9Y618,NCOR2,33,36,33,27,3.0475339889526367,0.6210967898368835,3,3,3,3,3,3,3,3,3,FALSE,A
Q9Y619,SLC25A15,5,5,5,23,3.411428928375244,0.7311497330665588,0,3,2,3,3,3,3,3,3,FALSE,A
Q9Y620,RAD54B,2,2,2,22,2.690239429473877,0.47262513637542725,0,2,2,3,3,3,3,3,3,FALSE,A
Q9Y624,F11R,14,20,14,27,4.488841533660889,0.8891766667366028,3,3,3,3,3,3,3,3,3,FALSE,A
Q9Y625,GPC6,7,7,7,27,3.400484800338745,0.5961359739303589,3,3,3,3,3,3,3,3,3,FALSE,A
Q9Y639,NPTN,8,14,8,27,5.17412805557251,0.9452028870582581,3,3,3,3,3,3,3,3,3,FALSE,A
Q9Y646,CPQ,1,1,1,24,3.789903163909912,0.250980868935585,3,1,2,3,3,3,3,3,3,TRUE,C
Q9Y657,SPIN1,12,16,12,27,4.355863571166992,0.765207439661026,3,3,3,3,3,3,3,3,3,FALSE,A
Q9Y666,SLC12A7,13,13,13,27,3.023648738861084,0.32679736614227295,3,3,3,3,3,3,3,3,3,FALSE,A
Q9Y672,ALG6,4,5,4,25,3.0728976726531982,0.6674443483352661,1,3,3,3,3,3,3,3,3,FALSE,A
Q9Y673,ALG5,9,9,9,27,2.9839569330215454,0.42363107204437256,3,3,3,3,3,3,3,3,3,FALSE,A
Q9Y676,MRPS18B,13,19,13,27,5.228729248046875,0.9239873290061951,3,3,3,3,3,3,3,3,3,FALSE,A
Q9Y678,COPG1,35,47,35,27,4.343105316162109,0.8529682159423828,3,3,3,3,3,3,3,3,3,FALSE,A
Q9Y679,AUP1,9,10,9,27,3.3378336429595947,0.7652560472488403,3,3,3,3,3,3,3,3,3,FALSE,A
Q9Y680,FKBP7,12,16,12,27,4.626730918884277,0.8852591514587402,3,3,3,3,3,3,3,3,3,FALSE,A
Q9Y689,ARL5A,3,3,3,24,2.8906784057617188,0.5571504831314087,3,3,3,3,3,2,2,2,3,FALSE,A
Q9Y692,GMEB1,9,9,9,27,3.2055234909057617,0.5106135606765747,3,3,3,3,3,3,3,3,3,FALSE,A
Q9Y696,CLIC4,16,24,16,27,4.990190029144287,0.9175663888454437,3,3,3,3,3,3,3,3,3,FALSE,A
Q9Y697,NFS1,21,26,21,27,4.2203264236450195,0.8293827176094055,3,3,3,3,3,3,3,3,3,FALSE,A
Q9Y6A1,POMT1,3,3,3,15,2.9041879177093506,0.6954149007797241,0,0,0,3,3,2,2,2,3,FALSE,A
Q9Y6A4,CFAP20,10,13,10,27,4.295371055603027,0.863314151763916,3,3,3,3,3,3,3,3,3,FALSE,A
Q9Y6A5,TACC3,27,29,27,27,3.515324354171753,0.5765920877456665,3,3,3,3,3,3,3,3,3,FALSE,A
Q9Y6A9,SPCS1,2,4,2,26,4.0895209312438965,0.4401206076145172,3,3,3,3,3,3,2,3,3,FALSE,A
Q9Y6B6,SAR1B,5,6,5,27,4.977407693862915,0.8943443894386292,3,3,3,3,3,3,3,3,3,FALSE,A
Q9Y6B7,AP4B1,2,2,2,23,3.144603729248047,0.5971612334251404,0,3,2,3,3,3,3,3,3,FALSE,A
Q9Y6C9,MTCH2,12,17,12,27,3.9686150550842285,0.8457044363021851,3,3,3,3,3,3,3,3,3,FALSE,A
Q9Y6D0,SELENOK,3,4,3,27,3.636799454689026,0.6954797506332397,3,3,3,3,3,3,3,3,3,FALSE,A
Q9Y6D5,ARFGEF2,11,11,11,27,2.439441442489624,0.3495698571205139,3,3,3,3,3,3,3,3,3,FALSE,A
Q9Y6D6,ARFGEF1,7,7,7,27,3.035278797149658,0.3774089217185974,3,3,3,3,3,3,3,3,3,FALSE,A
Q9Y6D9,MAD1L1,27,35,27,27,4.196854114532471,0.7904971837997437,3,3,3,3,3,3,3,3,3,FALSE,A
Q9Y6E0,STK24,9,12,9,27,3.7912524938583374,0.7649005651473999,3,3,3,3,3,3,3,3,3,FALSE,A
Q9Y6E2,BZW2,19,28,19,27,3.9821393489837646,0.8495670258998871,3,3,3,3,3,3,3,3,3,FALSE,A
Q9Y6G3,MRPL42,2,3,2,27,5.786464691162109,0.9692711234092712,3,3,3,3,3,3,3,3,3,FALSE,A
Q9Y6G5,COMMD10,6,6,6,27,4.105886697769165,0.8303412199020386,3,3,3,3,3,3,3,3,3,FALSE,A
Q9Y6G9,DYNC1LI1,26,39,26,27,4.509381055831909,0.89359050989151,3,3,3,3,3,3,3,3,3,FALSE,A
Q9Y6H1,CHCHD2,1,1,1,27,6.57800817489624,0.9798003435134888,3,3,3,3,3,3,3,3,3,TRUE,B
Q9Y6H3,ATP23,3,3,3,24,2.302701711654663,0,3,2,3,3,3,3,2,2,3,FALSE,A
Q9Y6I3,EPN1,11,15,11,27,4.665094375610352,0.9182391166687012,3,3,3,3,3,3,3,3,3,FALSE,A
Q9Y6I4,USP3,11,13,11,27,3.0419344902038574,0.4686791002750397,3,3,3,3,3,3,3,3,3,FALSE,A
Q9Y6I8,PXMP4,1,1,1,11,3.8237931728363037,0.5372204780578613,0,3,3,2,0,0,0,1,2,TRUE,C
Q9Y6I9,TEX264,10,13,10,27,3.656858205795288,0.8677570819854736,3,3,3,3,3,3,3,3,3,FALSE,A
Q9Y6J0,CABIN1,13,13,13,24,2.926535129547119,0.148712620139122,0,3,3,3,3,3,3,3,3,FALSE,A
Q9Y6J9,TAF6L,17,23,17,26,3.3675317764282227,0.6385308504104614,2,3,3,3,3,3,3,3,3,FALSE,A
Q9Y6K0,CEPT1,3,3,3,26,4.53044319152832,0.6442793011665344,2,3,3,3,3,3,3,3,3,FALSE,A
Q9Y6K1,DNMT3A,34,38,34,27,4.028531551361084,0.824065089225769,3,3,3,3,3,3,3,3,3,FALSE,A
Q9Y6K9,IKBKG,13,18,13,27,3.833831787109375,0.8230715394020081,3,3,3,3,3,3,3,3,3,FALSE,A
Q9Y6M1,IGF2BP2,22,30,22,27,4.806928634643555,0.889419436454773,3,3,3,3,3,3,3,3,3,FALSE,A
Q9Y6M4,CSNK1G3,6,6,6,27,3.3516714572906494,0.49776142835617065,3,3,3,3,3,3,3,3,3,FALSE,A
Q9Y6M5,SLC30A1,12,12,12,27,3.285207509994507,0.6497147679328918,3,3,3,3,3,3,3,3,3,FALSE,A
Q9Y6M7,SLC4A7,7,8,7,27,2.963024616241455,0.7959109842777252,3,3,3,3,3,3,3,3,3,FALSE,A
Q9Y6M9,NDUFB9,9,14,9,27,5.602511644363403,0.94182288646698,3,3,3,3,3,3,3,3,3,FALSE,A
Q9Y6N1,COX11,4,5,4,27,3.0823795795440674,0.6786313354969025,3,3,3,3,3,3,3,3,3,FALSE,A
Q9Y6N5,SQOR,2,2,2,4,2.354193687438965,0.21464215219020844,0,2,2,0,0,0,0,0,0,FALSE,A
Q9Y6N7,ROBO1,36,42,36,27,3.6435394287109375,0.5710864663124084,3,3,3,3,3,3,3,3,3,FALSE,A
Q9Y6Q3,ZFP37,7,10,7,27,3.4995014667510986,0.6749645471572876,3,3,3,3,3,3,3,3,3,FALSE,A
Q9Y6Q9,NCOA3,10,11,10,26,2.5768966674804688,0.20848184823989868,3,3,2,3,3,3,3,3,3,FALSE,A
Q9Y6R0,NUMBL,8,9,8,27,3.1285701990127563,0.4788416028022766,3,3,3,3,3,3,3,3,3,FALSE,A
Q9Y6R4,MAP3K4,4,4,4,19,2.506561756134033,0.628576397895813,1,3,1,3,2,3,3,3,0,FALSE,A
Q9Y6V0,PCLO,4,4,4,23,2.7463899850845337,0.13386819511651993,3,3,2,3,3,3,3,3,0,FALSE,A
Q9Y6V7,DDX49,20,23,20,27,4.17210578918457,0.8477663695812225,3,3,3,3,3,3,3,3,3,FALSE,A
Q9Y6W3,CAPN7,2,2,2,20,3.6122171878814697,0.5272396802902222,1,3,2,1,2,2,3,3,3,FALSE,A
Q9Y6W5,WASF2,11,15,11,27,4.684750080108643,0.9021702110767365,3,3,3,3,3,3,3,3,3,FALSE,A
Q9Y6X2,PIAS3,2,2,2,13,2.4846361875534058,0,0,3,2,2,2,1,1,0,2,FALSE,A
Q9Y6X3,MAU2,17,21,17,26,3.320552945137024,0.729474276304245,2,3,3,3,3,3,3,3,3,FALSE,A
Q9Y6X4,FAM169A,14,17,14,27,3.57950758934021,0.7009977102279663,3,3,3,3,3,3,3,3,3,FALSE,A
Q9Y6X5,ENPP4,10,14,10,27,4.495872259140015,0.8709277808666229,3,3,3,3,3,3,3,3,3,FALSE,A
Q9Y6X8,ZHX2,20,22,20,27,3.4370521306991577,0.6550481617450714,3,3,3,3,3,3,3,3,3,FALSE,A
Q9Y6X9,MORC2,27,30,27,27,3.5722843408584595,0.6925899982452393,3,3,3,3,3,3,3,3,3,FALSE,A
Q9Y6Y0,IVNS1ABP,5,5,5,22,2.437566041946411,0.3904561400413513,0,3,2,3,3,3,2,3,3,FALSE,A
Q9Y6Y8,SEC23IP,28,34,28,27,4.062272787094116,0.7825905680656433,3,3,3,3,3,3,3,3,3,FALSE,A
