"ID","Description","GeneRatio","BgRatio","RichFactor","FoldEnrichment","zScore","pvalue","p.adjust","qvalue","geneID","Count"
"GO:0040017","positive regulation of locomotion","28/268","263/7601",0.106463878326996,3.01952216105783,6.37192997482726,1.36446916602648e-07,5.57658548155023e-05,4.41513496459516e-05,"ADAMTS1/APP/BMP4/CCN1/CD151/COL1A1/DDR2/EPHA4/FAT1/FLT1/HMOX1/NTN1/PHPT1/PLPP3/PTGS2/SDCBP/SEMA3C/SLIT2/SPRY2/THBS1/VTN/ACVR1B/ADAM10/CAV1/NRP2/STX3/TGFBR3/TPBG",28
"GO:0052547","regulation of peptidase activity","19/268","138/7601",0.13768115942029,3.90490482370755,6.5833672212829,3.10015989303812e-07,0.000115185031662244,9.1195134078461e-05,"APLP2/APP/EPHA4/EPHA7/GPC3/ITIH2/ITIH4/PTGS2/PZP/SERPIND1/SERPINF2/SPINT2/THBS1/TIMP3/VTN/PDCD2/RNF34/ROBO1/TIMP1",19
"GO:0035239","tube morphogenesis","33/268","379/7601",0.0870712401055409,2.46950931359036,5.61043527559039,1.13637772201059e-06,0.000258020874992071,0.000204282170611728,"ADAMTS1/APOE/APOH/BMP4/CCN1/CCN2/EPHA4/EPHA7/FLT1/GJA1/GPC3/HMOX1/LDLR/MFGE8/MSX2/NTN1/PTGS2/SERPINF2/SLIT2/SPINT2/SPRY2/THBS1/TMEM59L/UNC5B/BMPR1A/CAV1/DDR1/HMGA2/NRP2/RGMA/ROBO1/SLC31A1/TGFBR3",33
"GO:0001568","blood vessel development","29/268","311/7601",0.0932475884244373,2.64468253587369,5.66150456568515,1.34541624467015e-06,0.00028940611536668,0.000229130722222496,"ADAMTS1/APOE/APOH/BMP4/CCN1/CCN2/COL1A1/EGR1/FLT1/GJA1/GPC3/HMOX1/LDLR/MFGE8/PLPP3/PTGS2/SEMA3C/SERPINF2/SLIT2/SPRY2/THBS1/UNC5B/BMPR1A/CAV1/HMGA2/NRP2/ROBO1/SLC31A1/TGFBR3",29
"GO:0030509","BMP signaling pathway","13/268","75/7601",0.173333333333333,4.91606965174129,6.51526797346305,1.74104116730405e-06,0.000341074557243019,0.000270038038186558,"BMP4/CCN1/CRIM1/EGR1/GPC3/MSX2/NEO1/ACVR2A/BAMBI/BMPR1A/CAV1/RGMA/TGFBR3",13
"GO:0030334","regulation of cell migration","35/268","432/7601",0.0810185185185185,2.29784238529574,5.30967436522113,2.80086060155868e-06,0.000497700751242187,0.000394043271816539,"ADAMTS1/APOE/APOH/APP/BMP4/CCN1/CD151/COL1A1/DDR2/EPHA4/FAT1/FLT1/GCNT1/GJA1/HMOX1/NTN1/PLPP3/PTGS2/RNF7/SDCBP/SEMA3C/SLIT2/SPRY2/THBS1/VTN/ACVR1B/ADAM10/ADIPOR1/BMPR1A/CAV1/NRP2/PTPRU/ROBO1/TGFBR3/TIMP1",35
"GO:0008284","positive regulation of cell population proliferation","32/268","378/7601",0.0846560846560847,2.40101081892127,5.34148400402804,3.08047648627064e-06,0.000514751471868067,0.000407542792814814,"ADAMTS1/BMP4/CCN1/CCPG1/CNBP/DDR2/EGR1/EPHA4/FLT1/FZD7/GJA1/HLA-A/HMOX1/MEIS2/NTN1/PTGS2/SDCBP/SERPINF2/THBS1/ZNF16/ADAM10/BAMBI/BMPR1A/CD320/CDON/HMGA2/NRP2/PDCD2/STX3/TFRC/TGFBR3/TIMP1",32
"GO:0090287","regulation of cellular response to growth factor stimulus","19/268","162/7601",0.117283950617284,3.3264004053805,5.72160725452758,3.71562002791764e-06,0.000521971373388367,0.000413258985949246,"BMP4/CCN1/CRIM1/GPC3/MSX2/NEO1/SDCBP/SLIT2/SPRY2/THBS1/VTN/BAMBI/CAV1/DSTYK/RGMA/ROBO1/SHISA2/TGFBR3/VASN",19
"GO:0045861","negative regulation of proteolysis","17/268","133/7601",0.12781954887218,3.62521041409494,5.83876686743281,3.76882216885059e-06,0.000521971373388367,0.000413258985949246,"APLP2/APP/EPHA4/GPC3/ITIH2/ITIH4/PTGS2/PZP/SERPIND1/SERPINF2/SPINT2/THBS1/TIMP3/VTN/GABARAPL2/RNF34/TIMP1",17
"GO:2000147","positive regulation of cell motility","25/268","258/7601",0.0968992248062016,2.74825002892514,5.46147542290289,3.79619989804159e-06,0.000521971373388367,0.000413258985949246,"ADAMTS1/APP/BMP4/CCN1/CD151/COL1A1/DDR2/EPHA4/FAT1/FLT1/HMOX1/NTN1/PHPT1/PLPP3/PTGS2/SDCBP/SEMA3C/SPRY2/THBS1/VTN/ACVR1B/ADAM10/CAV1/NRP2/TGFBR3",25
"GO:0031401","positive regulation of protein modification process","28/268","313/7601",0.0894568690095847,2.53717037814124,5.30912981225218,4.67397831250559e-06,0.000616211269780979,0.000487871284639802,"APP/BMP4/CCN1/DDR2/EGR1/EPHA4/EPHA7/FLT1/NDFIP1/NDFIP2/PLPP3/PTGS2/RCHY1/SPRY2/THBS1/TNFRSF10B/TRIB3/VTN/ACVR2A/ARRDC3/CAV1/GABARAP/HMGA2/JTB/PTTG1IP/RBX1/ROBO1/TFRC",28
"GO:0090100","positive regulation of transmembrane receptor protein serine/threonine kinase signaling pathway","11/268","59/7601",0.186440677966102,5.28781937768783,6.3205165823375,5.30011570884395e-06,0.000637105085354271,0.000504413488823105,"BMP4/CCN1/GPC3/MSX2/NEO1/SDCBP/THBS1/ACVR1B/ACVR2A/BMPR1A/TGFBR3",11
"GO:0042730","fibrinolysis","5/268","9/7601",0.555555555555556,15.7566334991708,8.46766751086204,5.89065012089282e-06,0.000644553624047524,0.00051031070024908,"APOH/PROS1/SERPINF2/THBS1/VTN",5
"GO:0010562","positive regulation of phosphorus metabolic process","23/268","231/7601",0.0995670995670996,2.82391613361763,5.38158819011566,5.99291355855295e-06,0.000644553624047524,0.00051031070024908,"APP/BMP4/CCN1/DDR2/EPHA4/EPHA7/FLT1/FZD7/PLPP3/PTGS2/SDCBP/SPRY2/THBS1/TNFRSF10B/VTN/ZNF16/ACVR2A/CAV1/DSTYK/HMGA2/JTB/ROBO1/TFRC",23
"GO:0045937","positive regulation of phosphate metabolic process","23/268","231/7601",0.0995670995670996,2.82391613361763,5.38158819011566,5.99291355855295e-06,0.000644553624047524,0.00051031070024908,"APP/BMP4/CCN1/DDR2/EPHA4/EPHA7/FLT1/FZD7/PLPP3/PTGS2/SDCBP/SPRY2/THBS1/TNFRSF10B/VTN/ZNF16/ACVR2A/CAV1/DSTYK/HMGA2/JTB/ROBO1/TFRC",23
"GO:0003148","outflow tract septum morphogenesis","6/268","15/7601",0.4,11.344776119403,7.66643851806814,6.95515843677919e-06,0.000728864936695296,0.000577062268141949,"BMP4/MSX2/SEMA3C/BMPR1A/NRP2/ROBO1",6
"GO:0090092","regulation of transmembrane receptor protein serine/threonine kinase signaling pathway","17/268","140/7601",0.121428571428571,3.44394989339019,5.57944686658536,7.6302476799999e-06,0.000732864993005477,0.000580229221922871,"BMP4/CCN1/CRIM1/GPC3/MSX2/NEO1/SDCBP/SPRY2/THBS1/ACVR1B/ACVR2A/BAMBI/BMPR1A/CAV1/RGMA/TGFBR3/VASN",17
"GO:0032103","positive regulation of response to external stimulus","25/268","272/7601",0.0919117647058824,2.6067959833187,5.15888894838848,9.71591536097989e-06,0.00087404062539851,0.000692001824134295,"APOH/APP/CLOCK/HPX/IFI35/LDLR/MAPK8/PTGS2/PTPRS/SERPINF2/SLIT2/TAX1BP1/THBS1/VTN/ADAM10/CAV1/OPTN/PLSCR1/RIOK3/RNF34/SLC19A1/SQSTM1/STX3/TPBG/TRIM41",25
"GO:0006935","chemotaxis","17/268","143/7601",0.118881118881119,3.37169919632606,5.47330671919938,1.01697910088643e-05,0.00087404062539851,0.000692001824134295,"APOA1/APP/BMP4/CCN1/EPHA7/FLT1/NTN1/SEMA3C/SERPIND1/SLIT2/THBS1/ADAM10/NRP2/PLGRKT/ROBO1/STX3/TPBG",17
"GO:0042330","taxis","17/268","143/7601",0.118881118881119,3.37169919632606,5.47330671919938,1.01697910088643e-05,0.00087404062539851,0.000692001824134295,"APOA1/APP/BMP4/CCN1/EPHA7/FLT1/NTN1/SEMA3C/SERPIND1/SLIT2/THBS1/ADAM10/NRP2/PLGRKT/ROBO1/STX3/TPBG",17
"GO:0006952","defense response","44/268","639/7601",0.0688575899843505,1.95293485623526,4.81149438185004,1.02652189917124e-05,0.00087404062539851,0.000692001824134295,"APOA1/APOE/APP/BNIP3/C4A/C4BPA/CALCOCO2/CD84/CLOCK/CLU/HLA-A/HMOX1/HPX/IFI35/IFNAR1/ITIH4/LDLR/MAPK8/NDFIP1/PLD3/PTGS2/PTPRS/RNASE4/SERINC3/SERPINF2/TAX1BP1/THBS1/TNFRSF10B/TRIM23/USP46/CAV1/CD83/IL10RB/NCR3LG1/OPTN/PLGRKT/PLSCR1/RIOK3/RNF34/SLC19A1/SQSTM1/TFRC/TIMP1/TRIM41",44
"GO:0042060","wound healing","21/268","207/7601",0.101449275362319,2.87729829115293,5.23494454063516,1.15614008083913e-05,0.000964315206201943,0.000763474674221156,"APOE/APOH/CCN1/CD151/DDR2/F5/FZD7/HGFAC/HMOX1/MSX2/PLPP3/PROS1/SERPIND1/SERPINF2/THBS1/VTN/C1GALT1C1/CAV1/DDR1/PLSCR1/TIMP1",21
"GO:0033619","membrane protein proteolysis","8/268","33/7601",0.242424242424242,6.87562189054726,6.46626649229396,1.38681380889703e-05,0.00111135451705141,0.000879889710742927,"APOE/APP/BACE1/TIMP3/ADAM10/RGMA/SPPL2B/TIMP1",8
"GO:0048661","positive regulation of smooth muscle cell proliferation","9/268","43/7601",0.209302325581395,5.93622006247831,6.20524091597746,1.44847025204711e-05,0.0011169618717201,0.000884329206512975,"ADAMTS1/BMP4/DDR2/GJA1/HMOX1/PTGS2/SERPINF2/THBS1/BMPR1A",9
"GO:0035295","tube development","36/268","486/7601",0.0740740740740741,2.10088446655611,4.79518952576091,1.52711166668773e-05,0.00115579729291717,0.00091507626966824,"ADAMTS1/APOE/APOH/BMP4/CCN1/CCN2/EPHA4/EPHA7/FLT1/GJA1/GPC3/HMOX1/LDLR/MFGE8/MSX2/NTN1/PTGS2/SEMA3C/SERPINF2/SLIT2/SPINT2/SPRY2/THBS1/TMEM59L/UNC5B/BMPR1A/CAV1/DDR1/HMGA2/MARCKS/NRP2/RBBP9/RGMA/ROBO1/SLC31A1/TGFBR3",36
"GO:0030195","negative regulation of blood coagulation","6/268","17/7601",0.352941176470588,10.0100965759438,7.10948423019117,1.62012382715471e-05,0.00117269954226238,0.000928458241900388,"APOE/APOH/PROS1/SERPINF2/THBS1/VTN",6
"GO:0048514","blood vessel morphogenesis","24/268","263/7601",0.091254752851711,2.58816185233528,5.01091610030745,1.66421760340636e-05,0.00117269954226238,0.000928458241900388,"ADAMTS1/APOE/APOH/BMP4/CCN1/CCN2/FLT1/GJA1/HMOX1/LDLR/MFGE8/PTGS2/SERPINF2/SLIT2/SPRY2/THBS1/UNC5B/BMPR1A/CAV1/HMGA2/NRP2/ROBO1/SLC31A1/TGFBR3",24
"GO:0042325","regulation of phosphorylation","30/268","374/7601",0.0802139037433155,2.27502194907814,4.83401268228481,1.85969312924926e-05,0.00125185965051032,0.000991131460643818,"APOE/APP/BMP4/CCN1/DDR2/EPHA4/EPHA7/FLT1/FZD7/LRP6/PLPP3/PRKAR1A/PRKAR1B/PTGS2/SDCBP/SLIT2/SPRY2/THBS1/TNFRSF10B/TRIB3/UVRAG/VTN/ZNF16/ACVR2A/CAV1/DSTYK/HMGA2/JTB/ROBO1/TFRC",30
"GO:0048660","regulation of smooth muscle cell proliferation","11/268","67/7601",0.164179104477612,4.65643795945645,5.74666860179421,1.89434678364396e-05,0.00125185965051032,0.000991131460643818,"ADAMTS1/APOE/BMP4/DDR2/GJA1/HMOX1/OGN/PTGS2/SERPINF2/THBS1/BMPR1A",11
"GO:0043408","regulation of MAPK cascade","23/268","248/7601",0.092741935483871,2.63034123736158,4.99005602578753,1.93579982464355e-05,0.00125185965051032,0.000991131460643818,"APOE/APP/BMP4/CCN1/CCN2/EPHA4/EPHA7/FLT1/FZD7/MFAP3/NBR1/RELL1/RNF149/SDCBP/SERPINF2/SPRY2/THBS1/CAV1/CDON/DSTYK/MDFIC/ROBO1/TPBG",23
"GO:0070848","response to growth factor","30/268","375/7601",0.08,2.2689552238806,4.81777267200394,1.95823874452197e-05,0.00125185965051032,0.000991131460643818,"BMP4/CCN1/CCN2/COL1A1/CRIM1/DDR2/EGR1/FLT1/GPC3/MEIS2/MSX2/NEO1/SDCBP/SLIT2/SPINT2/SPRY2/THBS1/VTN/ACVR1B/ACVR2A/BAMBI/BMPR1A/CAV1/DSTYK/NRP2/RGMA/ROBO1/SHISA2/TGFBR3/VASN",30
"GO:0050790","regulation of catalytic activity","40/268","573/7601",0.0698080279232112,1.97989112031466,4.6630772199843,2.00178264918917e-05,0.00125185965051032,0.000991131460643818,"APLP2/APOA1/APOC3/APOE/APOH/APP/CCN1/DDR2/EPHA4/EPHA7/FLT1/GPC3/ITIH2/ITIH4/LRP6/MAPK8/PHPT1/PTGS2/PZP/SERINC1/SERPIND1/SERPINF2/SPINT2/THBS1/TIMP3/TNFRSF10B/TRIB3/UVRAG/VTN/ZNF16/ARRDC3/CAV1/DSTYK/HMGA2/JTB/PDCD2/PLSCR1/RNF34/ROBO1/TIMP1",40
"GO:1903034","regulation of response to wounding","12/268","80/7601",0.15,4.25429104477612,5.59367128072675,2.04653634308086e-05,0.00125185965051032,0.000991131460643818,"APOE/APOH/DDR2/EPHA4/NEO1/PROS1/PTPRS/SERPINF2/THBS1/VTN/CAV1/RGMA",12
"GO:0032102","negative regulation of response to external stimulus","17/268","151/7601",0.112582781456954,3.19306612632203,5.20349827406901,2.10178421542387e-05,0.00125185965051032,0.000991131460643818,"APOA1/APOE/APOH/BACE1/EPHA4/HLA-A/LDLR/NDFIP1/NEO1/PROS1/PTPRS/SERPINF2/SLIT2/THBS1/VTN/RGMA/ROBO1",17
"GO:0051918","negative regulation of fibrinolysis","4/268","6/7601",0.666666666666667,18.907960199005,8.38863324455253,2.14411978311041e-05,0.00125185965051032,0.000991131460643818,"APOH/SERPINF2/THBS1/VTN",4
"GO:0072178","nephric duct morphogenesis","4/268","6/7601",0.666666666666667,18.907960199005,8.38863324455253,2.14411978311041e-05,0.00125185965051032,0.000991131460643818,"BMP4/EPHA4/EPHA7/GPC3",4
"GO:0043086","negative regulation of catalytic activity","21/268","216/7601",0.0972222222222222,2.75741086235489,5.00908363253284,2.22047259691196e-05,0.00127817908501115,0.00101196927544957,"APLP2/APOC3/APOE/APP/GPC3/ITIH2/ITIH4/LRP6/PHPT1/PTGS2/PZP/SERPIND1/SERPINF2/SPINT2/THBS1/TIMP3/TRIB3/VTN/CAV1/RNF34/TIMP1",21
"GO:0050819","negative regulation of coagulation","6/268","18/7601",0.333333333333333,9.45398009950249,6.86452192356966,2.35875614855444e-05,0.00133892171932528,0.00106006087728894,"APOE/APOH/PROS1/SERPINF2/THBS1/VTN",6
"GO:0030335","positive regulation of cell migration","23/268","252/7601",0.0912698412698413,2.58858978914949,4.90265422216657,2.50546793024419e-05,0.00137620621783139,0.00108958003261012,"ADAMTS1/APP/BMP4/CCN1/CD151/COL1A1/DDR2/EPHA4/FAT1/FLT1/HMOX1/PLPP3/PTGS2/SDCBP/SEMA3C/SPRY2/THBS1/VTN/ACVR1B/ADAM10/CAV1/NRP2/TGFBR3",23
"GO:0071363","cellular response to growth factor stimulus","29/268","361/7601",0.0803324099722992,2.27838301566957,4.75749850595773,2.51630005143805e-05,0.00137620621783139,0.00108958003261012,"BMP4/CCN1/CCN2/COL1A1/CRIM1/DDR2/EGR1/FLT1/GPC3/MSX2/NEO1/SDCBP/SLIT2/SPINT2/SPRY2/THBS1/VTN/ACVR1B/ACVR2A/BAMBI/BMPR1A/CAV1/DSTYK/NRP2/RGMA/ROBO1/SHISA2/TGFBR3/VASN",29
"GO:0051247","positive regulation of protein metabolic process","41/268","600/7601",0.0683333333333333,1.93806592039801,4.57680380175521,2.58011852323878e-05,0.00138749268479959,0.00109851583662549,"APOE/APP/BMP4/C4BPA/CCN1/CLU/CNBP/DDR2/EGR1/EPHA4/EPHA7/FLT1/GPC3/HERPUD1/LDLR/MAPK8/NDFIP1/NDFIP2/PABIR1/PLPP3/PTGS2/RCHY1/SPRY2/THBS1/TNFRSF10B/TRIB3/VTN/ACVR2A/ARRDC3/CAV1/GABARAP/HMGA2/JTB/PDCD2/PLGRKT/PTTG1IP/RBX1/RGMA/RGN/ROBO1/TFRC",41
"GO:0040013","negative regulation of locomotion","17/268","154/7601",0.11038961038961,3.13086353944563,5.10691550627087,2.72082063828823e-05,0.00144415505827065,0.00114337698456569,"APOE/APOH/BMP4/EPHA4/GJA1/HMOX1/SLIT2/SPINT2/THBS1/ADIPOR1/ARRDC3/BMPR1A/PTPRU/RGN/ROBO1/TGFBR3/TIMP1",17
"GO:0030193","regulation of blood coagulation","7/268","27/7601",0.259259259259259,7.35309563294638,6.32175957694859,3.03356912455638e-05,0.00153577576077572,0.0012159155959524,"APOE/APOH/PROS1/SERPINF2/THBS1/VTN/CAV1",7
"GO:1900046","regulation of hemostasis","7/268","27/7601",0.259259259259259,7.35309563294638,6.32175957694859,3.03356912455638e-05,0.00153577576077572,0.0012159155959524,"APOE/APOH/PROS1/SERPINF2/THBS1/VTN/CAV1",7
"GO:0048762","mesenchymal cell differentiation","15/268","125/7601",0.12,3.4034328358209,5.17947452123244,3.04374447327706e-05,0.00153577576077572,0.0012159155959524,"BMP4/COL1A1/EPHA4/LRP6/MSX2/SDCBP/SEMA3C/SPRY2/ADIPOR1/BAMBI/BMPR1A/HMGA2/NRP2/TGFBR3/VASN",15
"GO:0009968","negative regulation of signal transduction","43/268","648/7601",0.066358024691358,1.88204233462318,4.48770363825942,3.2533029608723e-05,0.00162149380501038,0.00128378091164589,"APLP1/APOA1/APOE/APP/BMP4/CLOCK/CLU/CRIM1/EGR1/EPHA4/GPC3/HERPUD1/HMOX1/IFI35/MGRN1/PHPT1/PRKAR1A/PRKAR1B/PTGS2/PTPRS/RNF149/SLIT2/SPRY2/TAX1BP1/THBS1/UNC5B/ADIPOR1/ARRDC3/BAMBI/CAV1/OPTN/PTPRU/PTTG1IP/RBX1/RIOK3/RNF126/RNF34/ROBO1/SHISA2/SQSTM1/TGFBR3/TPBG/VASN",43
"GO:0043410","positive regulation of MAPK cascade","17/268","157/7601",0.10828025477707,3.07103812149444,5.01265814706349,3.49694249367287e-05,0.00172192818935434,0.0013632975555549,"APOE/APP/BMP4/CCN2/EPHA4/FLT1/FZD7/MFAP3/RELL1/SDCBP/SERPINF2/SPRY2/THBS1/CDON/DSTYK/ROBO1/TPBG",17
"GO:0033002","muscle cell proliferation","13/268","99/7601",0.131313131313131,3.7242951907131,5.21574777869112,3.99142612085098e-05,0.00191917159481388,0.00151946054433386,"ADAMTS1/APOE/BMP4/DDR2/GJA1/HMOX1/OGN/PRKAR1A/PTGS2/SERPINF2/THBS1/BMPR1A/TGFBR3",13
"GO:0034370","triglyceride-rich lipoprotein particle remodeling","3/268","3/7601",1,28.3619402985075,9.06131492187789,4.33597652936247e-05,0.00203691219258672,0.00161267898986815,"APOA1/APOC3/APOE",3
"GO:0007167","enzyme-linked receptor protein signaling pathway","34/268","470/7601",0.0723404255319149,2.05171483010479,4.49992276010151,4.38794606421367e-05,0.00203790176868651,0.00161346246428144,"BMP4/CCN1/CCN2/COL1A1/CRIM1/DDR2/EGR1/EPHA4/EPHA7/FLT1/GPC3/MSX2/NEO1/SDCBP/SPRY2/THBS1/VTN/ACVR1B/ACVR2A/ADIPOR1/BAMBI/BMPR1A/CAV1/DDR1/DSTYK/NRP2/PTPRU/RGMA/RNF126/ROBO1/SHISA2/SLC31A1/TGFBR3/VASN",34
"GO:0003206","cardiac chamber morphogenesis","10/268","61/7601",0.163934426229508,4.64949840959139,5.47073620552364,4.61669737755333e-05,0.00212004968337758,0.00167850121095197,"ADAMTS1/BMP4/CCN1/MSX2/SEMA3C/SLIT2/BMPR1A/NRP2/ROBO1/TGFBR3",10
"GO:0051917","regulation of fibrinolysis","4/268","7/7601",0.571428571428571,16.2068230277185,7.69459145808232,4.86416424581573e-05,0.00216085209485314,0.00171080559400887,"APOH/SERPINF2/THBS1/VTN",4
"GO:0072176","nephric duct development","4/268","7/7601",0.571428571428571,16.2068230277185,7.69459145808232,4.86416424581573e-05,0.00216085209485314,0.00171080559400887,"BMP4/EPHA4/EPHA7/GPC3",4
"GO:0050818","regulation of coagulation","7/268","29/7601",0.241379310344828,6.84598558929491,6.02954842458604,5.01844853107974e-05,0.00220541926306698,0.00174609063775202,"APOE/APOH/PROS1/SERPINF2/THBS1/VTN/CAV1",7
"GO:2000026","regulation of multicellular organismal development","40/268","597/7601",0.067001675041876,1.90029750743769,4.38059895552865,5.131564836994e-05,0.0022298837587729,0.00176545984687466,"ADAMTS1/APOH/APP/B4GALT5/BMP4/CCN1/CCN2/DDR2/EPHA4/EPHA7/FLT1/GJA1/HMOX1/IFRD1/LDLR/MEIS2/MSX2/NBR1/NDFIP1/NTN1/PTPRS/SLIT2/SPRY2/THBS1/ZNF16/ACVR1B/ACVR2A/ADAM10/BMPR1A/CAV1/CD83/CDON/CLSTN3/HMGA2/LPIN1/RGMA/RGN/ROBO1/TGFBR3/TPBG",40
"GO:0030510","regulation of BMP signaling pathway","9/268","50/7601",0.18,5.10514925373134,5.5673057046609,5.18323848992967e-05,0.0022298837587729,0.00176545984687466,"BMP4/CCN1/CRIM1/GPC3/MSX2/NEO1/BAMBI/CAV1/RGMA",9
"GO:2000146","negative regulation of cell motility","16/268","147/7601",0.108843537414966,3.08701391004163,4.88452871980597,5.58671597220222e-05,0.00237842793524901,0.00188306632659535,"APOE/APOH/BMP4/EPHA4/GJA1/HMOX1/SLIT2/SPINT2/THBS1/ADIPOR1/BMPR1A/PTPRU/RGN/ROBO1/TGFBR3/TIMP1",16
"GO:0000165","MAPK cascade","25/268","303/7601",0.0825082508250825,2.34009408403527,4.55080289150414,6.06703015268918e-05,0.00251931155393326,0.00199460773358166,"APOE/APP/BMP4/CCN1/CCN2/EPHA4/EPHA7/FLT1/FZD7/MAPK8/MFAP3/NBR1/RELL1/RNF149/SDCBP/SERPINF2/SPRY2/THBS1/CAV1/CDON/DSTYK/MDFIC/RBX1/ROBO1/TPBG",25
"GO:0001837","epithelial to mesenchymal transition","12/268","89/7601",0.134831460674157,3.82408183800101,5.12304112496512,6.07887585959235e-05,0.00251931155393326,0.00199460773358166,"BMP4/COL1A1/EPHA4/LRP6/MSX2/SDCBP/SPRY2/ADIPOR1/BAMBI/HMGA2/TGFBR3/VASN",12
"GO:0070374","positive regulation of ERK1 and ERK2 cascade","9/268","51/7601",0.176470588235294,5.00504828797191,5.48596104646843,6.1025653006947e-05,0.00251931155393326,0.00199460773358166,"APOE/APP/BMP4/CCN2/MFAP3/SERPINF2/SPRY2/DSTYK/TPBG",9
"GO:0072359","circulatory system development","35/268","499/7601",0.0701402805611222,1.98931444979511,4.37046495201767,6.35374601081621e-05,0.00254585881825548,0.00201562592747668,"ADAMTS1/APOE/APOH/B9D1/BMP4/CCN1/CCN2/COL1A1/EGR1/FLT1/FZD7/GJA1/GPC3/HMOX1/LDLR/MFGE8/MGRN1/MSX2/PLPP3/PRKAR1A/PTGS2/SEMA3C/SERPINF2/SLIT2/SPRY2/THBS1/UNC5B/ADAM10/BMPR1A/CAV1/HMGA2/NRP2/ROBO1/SLC31A1/TGFBR3",35
"GO:0060485","mesenchyme development","16/268","149/7601",0.10738255033557,3.04557748171892,4.82065438435984,6.58662839107046e-05,0.00258841829176009,0.00204932142450917,"BMP4/COL1A1/EPHA4/LRP6/MSX2/SDCBP/SEMA3C/SPRY2/ADIPOR1/BAMBI/BMPR1A/HMGA2/NRP2/ROBO1/TGFBR3/VASN",16
"GO:0045732","positive regulation of protein catabolic process","15/268","134/7601",0.111940298507463,3.17484406326576,4.85557646341997,6.90543156849971e-05,0.00268785703051984,0.00212804978862838,"APOE/APP/C4BPA/CLU/GPC3/HERPUD1/LDLR/NDFIP1/PABIR1/RCHY1/TRIB3/CAV1/GABARAP/RBX1/RGMA",15
"GO:0016477","cell migration","43/268","671/7601",0.0640834575260805,1.81753119647663,4.23967266930639,7.4248455360015e-05,0.00283601343043347,0.0022453492550584,"ADAMTS1/APOA1/APOE/APOH/APP/BMP4/CCN1/CCN2/CD151/COL1A1/DDR2/EPHA4/FAT1/FLT1/GCNT1/GJA1/GPC3/HMOX1/MSX2/NEO1/NTN1/PLPP3/PTGS2/RNF7/SDCBP/SEMA3C/SLIT2/SPRY2/THBS1/VTN/ACVR1B/ADAM10/ADIPOR1/BAMBI/BMPR1A/CAV1/DDR1/NRP2/PTPRU/ROBO1/TGFBR3/TIMP1/TPBG",43
"GO:0009887","animal organ morphogenesis","30/268","404/7601",0.0742574257425743,2.10608467563174,4.36753764784452,7.94925546833798e-05,0.00297922161777205,0.00235873108650826,"ADAMTS1/APLP1/BMP4/CCN1/CCN2/CHSY1/COL1A1/DGCR2/FAT1/GCNT1/GJA1/GPC3/LRIG1/LRIG3/MEIS2/MSX2/NTN1/SEMA3C/SLIT2/SPRY2/TMEM59L/ACVR2A/BMPR1A/CAV1/CDON/DDR1/NRP2/RELT/ROBO1/TGFBR3",30
"GO:0080164","regulation of nitric oxide metabolic process","7/268","31/7601",0.225806451612903,6.40430909966298,5.76376729476411,7.95863466512555e-05,0.00297922161777205,0.00235873108650826,"APOE/APP/CLU/PTGS2/ACVR2A/CAV1/RGN",7
"GO:0051240","positive regulation of multicellular organismal process","42/268","652/7601",0.0644171779141104,1.82699615419833,4.2218177611014,8.09743666734988e-05,0.00297922161777205,0.00235873108650826,"APOE/APOH/APP/B4GALT5/BMP4/CCN1/CLU/COL1A1/DDR2/EGR1/EPHA4/FLT1/GJA1/HLA-A/HMOX1/MSX2/NTN1/PRKAR1B/PTGS2/SDCBP/SERPINF2/SLIT2/THBS1/VTN/ACVR1B/ACVR2A/ADIPOR1/BAMBI/BMPR1A/CAV1/CD320/CD83/CDON/CLSTN3/HMGA2/LPIN1/NMU/RIOK3/ROBO1/TFRC/TGFBR3/TPBG",42
"GO:0043062","extracellular structure organization","13/268","106/7601",0.122641509433962,3.47835116868488,4.91205598737893,8.23714320548671e-05,0.00297922161777205,0.00235873108650826,"ADAMTS1/APLP1/APP/CCN1/COL1A1/DDR2/SERPINF2/SPINT2/VTN/ADAM10/CAV1/DDR1/TGFBR3",13
"GO:0045229","external encapsulating structure organization","13/268","106/7601",0.122641509433962,3.47835116868488,4.91205598737893,8.23714320548671e-05,0.00297922161777205,0.00235873108650826,"ADAMTS1/APLP1/APP/CCN1/COL1A1/DDR2/SERPINF2/SPINT2/VTN/ADAM10/CAV1/DDR1/TGFBR3",13
"GO:0001934","positive regulation of protein phosphorylation","19/268","202/7601",0.0940594059405941,2.66770725580021,4.59242782894735,8.63392383798491e-05,0.00309533743209161,0.00245066314662656,"APP/BMP4/CCN1/DDR2/EPHA4/EPHA7/FLT1/PLPP3/PTGS2/SPRY2/THBS1/TNFRSF10B/VTN/ACVR2A/CAV1/HMGA2/JTB/ROBO1/TFRC",19
"GO:0050680","negative regulation of epithelial cell proliferation","10/268","66/7601",0.151515151515152,4.29726368159204,5.14301000389527,9.24693225574731e-05,0.00327609810195773,0.00259377630366324,"APOE/APOH/BMP4/FLT1/GPC3/THBS1/CAV1/RGN/ROBO1/TGFBR3",10
"GO:0031345","negative regulation of cell projection organization","12/268","93/7601",0.129032258064516,3.65960519980741,4.93321298919458,9.41022111006806e-05,0.00327609810195773,0.00259377630366324,"APOE/EPHA4/EPHA7/IFRD1/ITM2C/NEO1/NTN1/PTPRS/RAB29/SLIT2/SPRY2/RGMA",12
"GO:0006958","complement activation, classical pathway","4/268","8/7601",0.5,14.1809701492537,7.13048418051972,9.4587613415956e-05,0.00327609810195773,0.00259377630366324,"C4A/C4BPA/CLU/NCR3LG1",4
"GO:0030282","bone mineralization","9/268","54/7601",0.166666666666667,4.72699004975124,5.25413574378948,9.72402185019319e-05,0.00333580263172279,0.00264104600979122,"BMP4/CCN1/DDR2/GJA1/GPC3/NBR1/PTGS2/ACVR2A/BMPR1A",9
"GO:0030500","regulation of bone mineralization","7/268","32/7601",0.21875,6.20417444029851,5.63950430580476,9.88371350179854e-05,0.00333840802329344,0.00264310876942399,"BMP4/CCN1/DDR2/GJA1/NBR1/ACVR2A/BMPR1A",7
"GO:0001525","angiogenesis","20/268","222/7601",0.0900900900900901,2.55512975662229,4.49549702053221,0.000102797314904631,0.00344371004930515,0.00272647925812629,"ADAMTS1/APOH/BMP4/CCN1/CCN2/FLT1/HMOX1/MFGE8/PTGS2/SLIT2/SPRY2/THBS1/UNC5B/BMPR1A/CAV1/HMGA2/NRP2/ROBO1/SLC31A1/TGFBR3",20
"GO:0051043","regulation of membrane protein ectodomain proteolysis","5/268","15/7601",0.333333333333333,9.45398009950249,6.26518330776092,0.000117879172085271,0.00388525948639114,0.00307606600161394,"APOE/APP/TIMP3/RGMA/TIMP1",5
"GO:0019220","regulation of phosphate metabolic process","31/268","434/7601",0.0714285714285714,2.02585287846482,4.20721391854971,0.000123611361096658,0.00400952089525429,0.00317444715130431,"APOE/APP/BMP4/CCN1/DDR2/EPHA4/EPHA7/FLT1/FZD7/LDLR/LRP6/PLPP3/PRKAR1A/PRKAR1B/PTGS2/SDCBP/SLIT2/SPRY2/THBS1/TNFRSF10B/TRIB3/UVRAG/VTN/ZNF16/ACVR2A/CAV1/DSTYK/HMGA2/JTB/ROBO1/TFRC",31
"GO:0051174","regulation of phosphorus metabolic process","31/268","434/7601",0.0714285714285714,2.02585287846482,4.20721391854971,0.000123611361096658,0.00400952089525429,0.00317444715130431,"APOE/APP/BMP4/CCN1/DDR2/EPHA4/EPHA7/FLT1/FZD7/LDLR/LRP6/PLPP3/PRKAR1A/PRKAR1B/PTGS2/SDCBP/SLIT2/SPRY2/THBS1/TNFRSF10B/TRIB3/UVRAG/VTN/ZNF16/ACVR2A/CAV1/DSTYK/HMGA2/JTB/ROBO1/TFRC",31
"GO:0070372","regulation of ERK1 and ERK2 cascade","12/268","96/7601",0.125,3.54524253731343,4.7975862557077,0.000128443711289361,0.00413298310679988,0.00327219555466056,"APOE/APP/BMP4/CCN1/CCN2/EPHA4/EPHA7/MFAP3/SERPINF2/SPRY2/DSTYK/TPBG",12
"GO:0007178","cell surface receptor protein serine/threonine kinase signaling pathway","18/268","191/7601",0.0942408376963351,2.67285301242479,4.47608899825387,0.000129440136449813,0.00413298310679988,0.00327219555466056,"BMP4/CCN1/CRIM1/EGR1/GPC3/MSX2/NEO1/SDCBP/SPRY2/THBS1/ACVR1B/ACVR2A/BAMBI/BMPR1A/CAV1/RGMA/TGFBR3/VASN",18
"GO:0045744","negative regulation of G protein-coupled receptor signaling pathway","6/268","24/7601",0.25,7.09048507462687,5.71271043460763,0.000143042114337667,0.00453188466122515,0.0035880168051733,"APLP1/APP/MGRN1/SLIT2/ARRDC3/ROBO1",6
"GO:0006955","immune response","40/268","626/7601",0.0638977635782748,1.81226455581517,4.05551408393505,0.00014573514350872,0.00458168870400107,0.00362744802547211,"APOA1/APOE/APP/C4A/C4BPA/CALCOCO2/CD84/CLU/HLA-A/HPX/IFI35/IFNAR1/MAPK8/NDFIP1/PHPT1/PTPRS/RAB29/RNASE4/SEMA3C/SERINC3/TAX1BP1/THBS1/TRIM23/VTN/BMPR1A/CAV1/CD83/FCGRT/IL10RB/NCR3LG1/OPTN/PLSCR1/RIOK3/RNF34/SLC19A1/SPPL2B/SQSTM1/TFRC/TGFBR3/TRIM41",40
"GO:0008285","negative regulation of cell population proliferation","24/268","303/7601",0.0792079207920792,2.24649032067386,4.23293545067633,0.000161329821798447,0.0049325695193688,0.00390524994592345,"ADAMTS1/APOE/APOH/APP/BMP4/FLT1/GPC3/HMOX1/IFI35/MSX2/NDFIP1/OGN/PRKAR1A/PTGS2/SPINT2/SPRY2/THBS1/CAV1/DDR1/PTPRU/RGN/ROBO1/TGFBR3/TPBG",24
"GO:0031399","regulation of protein modification process","36/268","544/7601",0.0661764705882353,1.87689310798946,4.05760155693298,0.000162811793594427,0.0049325695193688,0.00390524994592345,"APOE/APP/BMP4/CCN1/DDR2/EGR1/EPHA4/EPHA7/FLT1/HERPUD1/LRP6/NDFIP1/NDFIP2/PLPP3/PRKAR1A/PRKAR1B/PTGS2/RCHY1/SLIT2/SPRY2/THBS1/TNFRSF10B/TRIB3/UVRAG/VTN/ACVR2A/ARRDC3/CAV1/GABARAP/HMGA2/JTB/PTTG1IP/RBX1/ROBO1/SQSTM1/TFRC",36
"GO:0048681","negative regulation of axon regeneration","4/268","9/7601",0.444444444444444,12.6053067993367,6.65936979080297,0.000165545184052006,0.0049325695193688,0.00390524994592345,"EPHA4/NEO1/PTPRS/RGMA",4
"GO:0070571","negative regulation of neuron projection regeneration","4/268","9/7601",0.444444444444444,12.6053067993367,6.65936979080297,0.000165545184052006,0.0049325695193688,0.00390524994592345,"EPHA4/NEO1/PTPRS/RGMA",4
"GO:0001937","negative regulation of endothelial cell proliferation","5/268","16/7601",0.3125,8.86310634328358,6.01879703939795,0.000166551160673573,0.0049325695193688,0.00390524994592345,"APOE/APOH/FLT1/THBS1/CAV1",5
"GO:0003151","outflow tract morphogenesis","7/268","35/7601",0.2,5.67238805970149,5.29630649717794,0.00018035876688097,0.00515472923246521,0.00408113985566509,"BMP4/MSX2/SEMA3C/BMPR1A/NRP2/ROBO1/TGFBR3",7
"GO:0014910","regulation of smooth muscle cell migration","7/268","35/7601",0.2,5.67238805970149,5.29630649717794,0.00018035876688097,0.00515472923246521,0.00408113985566509,"ADAMTS1/BMP4/DDR2/FAT1/SLIT2/VTN/BMPR1A",7
"GO:0001932","regulation of protein phosphorylation","26/268","345/7601",0.0753623188405797,2.13742158771361,4.13347892681808,0.000192304984175273,0.00542034807120234,0.00429143754159556,"APOE/APP/BMP4/CCN1/DDR2/EPHA4/EPHA7/FLT1/LRP6/PLPP3/PRKAR1A/PRKAR1B/PTGS2/SLIT2/SPRY2/THBS1/TNFRSF10B/TRIB3/UVRAG/VTN/ACVR2A/CAV1/HMGA2/JTB/ROBO1/TFRC",26
"GO:0010951","negative regulation of endopeptidase activity","8/268","47/7601",0.170212765957447,4.82756430612893,5.03171790721298,0.000204638892714991,0.00561314868809509,0.0044440830533796,"PTGS2/SERPIND1/SERPINF2/THBS1/TIMP3/VTN/RNF34/TIMP1",8
"GO:0014812","muscle cell migration","8/268","47/7601",0.170212765957447,4.82756430612893,5.03171790721298,0.000204638892714991,0.00561314868809509,0.0044440830533796,"ADAMTS1/BMP4/DDR2/FAT1/SLIT2/VTN/BMPR1A/DDR1",8
"GO:0042982","amyloid precursor protein metabolic process","8/268","47/7601",0.170212765957447,4.82756430612893,5.03171790721298,0.000204638892714991,0.00561314868809509,0.0044440830533796,"APOE/APP/BACE1/CLU/EPHA4/ITM2B/ITM2C/ADAM10",8
"GO:0007599","hemostasis","12/268","101/7601",0.118811881188119,3.36973548101079,4.58314161692167,0.000209574494822563,0.00567079934616284,0.00448972665321483,"APOE/APOH/F5/HGFAC/PROS1/SERPIND1/SERPINF2/THBS1/VTN/C1GALT1C1/CAV1/PLSCR1",12
"GO:0044092","negative regulation of molecular function","26/268","347/7601",0.0749279538904899,2.12510215493139,4.10110859142791,0.000210903229903781,0.00567079934616284,0.00448972665321483,"APLP2/APOC3/APOE/APP/GPC3/ITIH2/ITIH4/LRP6/MAPK8/NDFIP1/NDFIP2/PHPT1/PTGS2/PZP/SERPIND1/SERPINF2/SPINT2/TAX1BP1/THBS1/TIMP3/TRIB3/VTN/CAV1/HMGA2/RNF34/TIMP1",26
"GO:0050804","modulation of chemical synaptic transmission","17/268","182/7601",0.0934065934065934,2.64919222568476,4.30494530427807,0.000221625506471777,0.00588171068149449,0.00465671091520329,"APOE/APP/BACE1/CSPG5/EPHA4/EPHA7/NEO1/PRKAR1B/PTGS2/PTPRS/USP46/CLSTN3/NMU/SLC38A2/SQSTM1/STX3/TPRG1L",17
"GO:0061564","axon development","21/268","254/7601",0.0826771653543307,2.34488482782936,4.16754485888955,0.000232564285577113,0.0061321950655075,0.0048550262401633,"APLP1/APLP2/APOE/APP/B4GALT5/B4GALT6/CSPG5/EPHA4/EPHA7/IFRD1/NEO1/NTN1/PTPRS/SEMA3C/SLIT2/UNC5B/DDR1/NRP2/NTN3/RGMA/ROBO1",21
"GO:0099177","regulation of trans-synaptic signaling","17/268","183/7601",0.092896174863388,2.63471576543512,4.27915218437015,0.000236701335211776,0.00616177297458936,0.00487844387825008,"APOE/APP/BACE1/CSPG5/EPHA4/EPHA7/NEO1/PRKAR1B/PTGS2/PTPRS/USP46/CLSTN3/NMU/SLC38A2/SQSTM1/STX3/TPRG1L",17
"GO:0051336","regulation of hydrolase activity","22/268","274/7601",0.0802919708029197,2.27723608236191,4.11639190339515,0.000250828514124104,0.00648820340015959,0.00513688775761157,"APLP2/APOA1/APOC3/APOH/APP/EPHA4/EPHA7/GPC3/ITIH2/ITIH4/PTGS2/PZP/SERPIND1/SERPINF2/SPINT2/THBS1/TIMP3/VTN/PDCD2/RNF34/ROBO1/TIMP1",22
"GO:0040008","regulation of growth","23/268","293/7601",0.0784982935153584,2.22636391421731,4.09248648998635,0.000252633973092046,0.00649380533350435,0.00514132296117146,"APOE/APP/CDK11A/EPHA7/GJA1/GPC3/IFRD1/MT2A/NTN1/PABIR1/PTPRS/SDCBP/SLIT2/ACVR1B/ADAM10/ADIPOR1/BMPR1A/CLSTN3/DDR1/RGMA/SELENOP/STC2/TGFBR3",23
"GO:0003279","cardiac septum development","9/268","61/7601",0.147540983606557,4.18454856863225,4.77375880117606,0.000255576525246243,0.00652838286675871,0.00516869893820362,"BMP4/CCN1/MSX2/SEMA3C/SLIT2/BMPR1A/NRP2/ROBO1/TGFBR3",9
"GO:0006956","complement activation","4/268","10/7601",0.4,11.344776119403,6.25755897123044,0.000268280381158364,0.00676828344317429,0.00535863477375447,"C4A/C4BPA/CLU/NCR3LG1",4
"GO:0032488","Cdc42 protein signal transduction","4/268","10/7601",0.4,11.344776119403,6.25755897123044,0.000268280381158364,0.00676828344317429,0.00535863477375447,"APOA1/APOC3/APOE/NTN1",4
"GO:0002042","cell migration involved in sprouting angiogenesis","6/268","27/7601",0.222222222222222,6.30265339966833,5.27649855272927,0.000287774905279499,0.00717156120656898,0.00567792078837728,"HMOX1/PTGS2/SLIT2/THBS1/ROBO1/TGFBR3",6
"GO:0007189","adenylate cyclase-activating G protein-coupled receptor signaling pathway","6/268","27/7601",0.222222222222222,6.30265339966833,5.27649855272927,0.000287774905279499,0.00717156120656898,0.00567792078837728,"APLP1/APP/MGRN1/PRKAR1A/PRKAR1B/ARRDC3",6
"GO:0048668","collateral sprouting","5/268","18/7601",0.277777777777778,7.87831674958541,5.58510376994667,0.0003082775002086,0.00761285867750393,0.00602730804338456,"APP/EPHA7/IFRD1/PTPRS/RGMA",5
"GO:0006809","nitric oxide biosynthetic process","7/268","38/7601",0.184210526315789,5.22456794972506,4.99068775261188,0.000309208353429325,0.00761285867750393,0.00602730804338456,"APOE/APP/CLU/PTGS2/ACVR2A/CAV1/RGN",7
"GO:0030278","regulation of ossification","8/268","50/7601",0.16,4.53791044776119,4.79802993776589,0.000318826105979552,0.00774237779216956,0.00612985186229231,"BMP4/CCN1/CHSY1/DDR2/GJA1/NBR1/ACVR2A/BMPR1A",8
"GO:0098916","anterograde trans-synaptic signaling","21/268","260/7601",0.0807692307692308,2.2907721010333,4.04847985436613,0.000320152152404369,0.00774237779216956,0.00612985186229231,"APOE/APP/BACE1/CSPG5/EPHA4/EPHA7/LRP6/NEO1/PRKAR1B/PTGS2/PTPRS/SDCBP/USP46/CLSTN3/GABARAP/NMU/SLC38A2/SQSTM1/STX3/TPBG/TPRG1L",21
"GO:0007409","axonogenesis","19/268","225/7601",0.0844444444444444,2.39500829187396,4.06060686702886,0.00035368956027724,0.00839977414575356,0.00665033050211749,"APLP1/APLP2/APOE/APP/B4GALT5/B4GALT6/EPHA4/EPHA7/IFRD1/NEO1/NTN1/PTPRS/SEMA3C/SLIT2/UNC5B/NRP2/NTN3/RGMA/ROBO1",19
"GO:0006954","inflammatory response","21/268","262/7601",0.0801526717557252,2.27328529110174,4.00950975683406,0.000355179291390517,0.00839977414575356,0.00665033050211749,"APOA1/APOE/APP/C4A/CLOCK/CLU/HMOX1/IFI35/ITIH4/LDLR/MAPK8/NDFIP1/PLD3/PTGS2/SERPINF2/THBS1/IL10RB/PLGRKT/PLSCR1/TFRC/TIMP1",21
"GO:0099537","trans-synaptic signaling","21/268","262/7601",0.0801526717557252,2.27328529110174,4.00950975683406,0.000355179291390517,0.00839977414575356,0.00665033050211749,"APOE/APP/BACE1/CSPG5/EPHA4/EPHA7/LRP6/NEO1/PRKAR1B/PTGS2/PTPRS/SDCBP/USP46/CLSTN3/GABARAP/NMU/SLC38A2/SQSTM1/STX3/TPBG/TPRG1L",21
"GO:0061045","negative regulation of wound healing","6/268","28/7601",0.214285714285714,6.07755863539446,5.14556815811355,0.000355556869883868,0.00839977414575356,0.00665033050211749,"APOE/APOH/PROS1/SERPINF2/THBS1/VTN",6
"GO:0010717","regulation of epithelial to mesenchymal transition","8/268","51/7601",0.156862745098039,4.44893181153058,4.72421409419853,0.000366788980951199,0.00861532508705488,0.00682098806681176,"BMP4/COL1A1/EPHA4/SDCBP/SPRY2/ADIPOR1/BAMBI/VASN",8
"GO:0007565","female pregnancy","10/268","78/7601",0.128205128205128,3.63614619211634,4.47357386184814,0.000380124381746692,0.00882709288749278,0.00698865041560604,"GJA1/PTGS2/PZP/ACVR1B/DDR1/FOSB/SLC19A1/SLC38A2/STC2/TIMP1",10
"GO:0030336","negative regulation of cell migration","14/268","140/7601",0.1,2.83619402985075,4.19196279514632,0.000396947931670888,0.00908482001629579,0.00719270001934072,"APOE/APOH/BMP4/EPHA4/GJA1/HMOX1/SLIT2/THBS1/ADIPOR1/BMPR1A/PTPRU/ROBO1/TGFBR3/TIMP1",14
"GO:0034381","plasma lipoprotein particle clearance","5/268","19/7601",0.263157894736842,7.46366849960723,5.39258917876368,0.000406426101000445,0.00908482001629579,0.00719270001934072,"APOA1/APOC3/APOE/HMOX1/LDLR",5
"GO:0098609","cell-cell adhesion","26/268","362/7601",0.0718232044198895,2.0370454358044,3.86497004258666,0.000409435660383683,0.00908482001629579,0.00719270001934072,"APOA1/BMP4/CCN1/CD84/EPHA7/FAT1/GCNT1/HLA-A/LRP6/NDFIP1/NEO1/NTN1/PLPP3/PRKAR1A/PTPRS/SERPINF2/SPINT2/CAV1/CD83/CDON/CLSTN3/DSC3/PCDH7/PTPRU/ROBO1/TFRC",26
"GO:0048670","regulation of collateral sprouting","4/268","11/7601",0.363636363636364,10.3134328358209,5.90906261897984,0.00040994076642631,0.00908482001629579,0.00719270001934072,"EPHA7/IFRD1/PTPRS/RGMA",4
"GO:0033700","phospholipid efflux","3/268","5/7601",0.6,17.0171641791045,6.84875297347395,0.000411228701496139,0.00908482001629579,0.00719270001934072,"APOA1/APOC3/APOE",3
"GO:0034375","high-density lipoprotein particle remodeling","3/268","5/7601",0.6,17.0171641791045,6.84875297347395,0.000411228701496139,0.00908482001629579,0.00719270001934072,"APOA1/APOC3/APOE",3
"GO:1905770","regulation of mesodermal cell differentiation","3/268","5/7601",0.6,17.0171641791045,6.84875297347395,0.000411228701496139,0.00908482001629579,0.00719270001934072,"BMP4/GJA1/BMPR1A",3
"GO:1905908","positive regulation of amyloid fibril formation","3/268","5/7601",0.6,17.0171641791045,6.84875297347395,0.000411228701496139,0.00908482001629579,0.00719270001934072,"APOE/APP/CLU",3
"GO:0051248","negative regulation of protein metabolic process","30/268","444/7601",0.0675675675675676,1.91634731746672,3.803815466257,0.000418621965366746,0.00919542357270774,0.00728026787439084,"APLP2/APOE/APP/CD84/CLU/EPHA4/GPC3/ITIH2/ITIH4/ITM2B/ITM2C/LDLR/LRP6/PLPP3/PTGS2/PZP/SERPIND1/SERPINF2/SLIT2/SPINT2/SPRY2/THBS1/TIMP3/TRIB3/VTN/CAV1/GABARAPL2/RNF34/SQSTM1/TIMP1",30
"GO:0048646","anatomical structure formation involved in morphogenesis","33/268","507/7601",0.0650887573964497,1.84604345138214,3.7695057186445,0.000420735064373953,0.00919542357270774,0.00728026787439084,"ADAMTS1/APOH/BMP4/CCN1/CCN2/COL1A1/FLT1/FZD7/GJA1/HMOX1/LRP6/MFGE8/MSX2/NEO1/PRKAR1A/PTGS2/SEMA3C/SLIT2/SPINT2/SPRY2/THBS1/UNC5B/VTN/BMPR1A/CAV1/CDON/HMGA2/NRP2/RELT/RGMA/ROBO1/SLC31A1/TGFBR3",33
"GO:0070371","ERK1 and ERK2 cascade","12/268","109/7601",0.110091743119266,3.12241544570724,4.26656250882588,0.000428922969024365,0.0092512247570917,0.00732444719542062,"APOE/APP/BMP4/CCN1/CCN2/EPHA4/EPHA7/MFAP3/SERPINF2/SPRY2/DSTYK/TPBG",12
"GO:0045595","regulation of cell differentiation","40/268","664/7601",0.0602409638554217,1.70855062039202,3.65344375483792,0.000497320586050425,0.0104770579133407,0.00829497277004345,"APP/BMP4/CCN1/CCN2/CLOCK/COL1A1/CRIM1/DDR2/EPHA4/EPHA7/FZD7/GJA1/IFRD1/LDLR/MEIS2/MSX2/NBR1/NDFIP1/NTN1/PLEKHB2/PTGS2/PTPRS/SDCBP/SERPINF2/SLIT2/SPRY2/TRIB3/ZNF16/ACVR1B/ACVR2A/ADIPOR1/BAMBI/BMPR1A/CAV1/CD83/CDON/PDCD2/RGMA/ROBO1/VASN",40
"GO:0070167","regulation of biomineral tissue development","7/268","41/7601",0.170731707317073,4.84228248998908,4.71578148394662,0.000503246652452758,0.0105427181783362,0.00834695779434294,"BMP4/CCN1/DDR2/GJA1/NBR1/ACVR2A/BMPR1A",7
"GO:0045596","negative regulation of cell differentiation","21/268","269/7601",0.0780669144981413,2.21412916828497,3.87581603596565,0.000505596467568853,0.0105427181783362,0.00834695779434294,"APP/BMP4/CRIM1/EPHA4/EPHA7/FZD7/IFRD1/LDLR/MEIS2/MSX2/NBR1/NTN1/PTPRS/SPRY2/TRIB3/ADIPOR1/BAMBI/BMPR1A/CAV1/RGMA/VASN",21
"GO:0045862","positive regulation of proteolysis","16/268","178/7601",0.0898876404494382,2.54938789200067,3.9986535641051,0.000520916545488323,0.0107926891579256,0.008544866643005,"APOE/APP/CLU/EPHA4/HERPUD1/PABIR1/RCHY1/TRIB3/CAV1/GABARAP/PDCD2/PLGRKT/RBX1/RGMA/RGN/ROBO1",16
"GO:0051897","positive regulation of phosphatidylinositol 3-kinase/protein kinase B signal transduction","9/268","67/7601",0.134328358208955,3.80981287591891,4.4160638331631,0.000523974125563186,0.0107926891579256,0.008544866643005,"APP/DDR2/FLT1/PROS1/SPRY2/THBS1/UNC5B/DDR1/TPBG",9
"GO:0007411","axon guidance","11/268","96/7601",0.114583333333333,3.24980565920398,4.24071048254732,0.000525932030358264,0.0107926891579256,0.008544866643005,"APP/EPHA4/EPHA7/NEO1/NTN1/SEMA3C/SLIT2/UNC5B/NRP2/NTN3/ROBO1",11
"GO:0007566","embryo implantation","6/268","30/7601",0.2,5.67238805970149,4.90180759448976,0.000528147255097902,0.0107926891579256,0.008544866643005,"GJA1/PTGS2/ACVR1B/DDR1/STC2/TIMP1",6
"GO:0051216","cartilage development","10/268","82/7601",0.121951219512195,3.45877320713506,4.27935885250653,0.000571005726801084,0.0116104497782887,0.00919231005072811,"BMP4/CCN1/CCN2/CHSY1/COL1A1/MSX2/OGN/BMPR1A/HMGA2/TIMP1",10
"GO:0097485","neuron projection guidance","11/268","97/7601",0.11340206185567,3.21630250807817,4.19954116834011,0.000575032550480859,0.011626092857081,0.00920469510325859,"APP/EPHA4/EPHA7/NEO1/NTN1/SEMA3C/SLIT2/UNC5B/NRP2/NTN3/ROBO1",11
"GO:0015914","phospholipid transport","7/268","42/7601",0.166666666666667,4.72699004975124,4.63003268079656,0.000585998318707777,0.011626092857081,0.00920469510325859,"APOA1/APOC3/APOE/LDLR/PRELID3B/PCTP/PLSCR1",7
"GO:0090288","negative regulation of cellular response to growth factor stimulus","7/268","42/7601",0.166666666666667,4.72699004975124,4.63003268079656,0.000585998318707777,0.011626092857081,0.00920469510325859,"CRIM1/SLIT2/SPRY2/THBS1/BAMBI/CAV1/SHISA2",7
"GO:0006878","intracellular copper ion homeostasis","4/268","12/7601",0.333333333333333,9.45398009950249,5.60264259111213,0.000597948734265618,0.0117491176776134,0.00930209721220905,"ABCB6/APP/MT2A/SLC31A1",4
"GO:1905906","regulation of amyloid fibril formation","4/268","12/7601",0.333333333333333,9.45398009950249,5.60264259111213,0.000597948734265618,0.0117491176776134,0.00930209721220905,"APOE/APP/CLU/LDLR",4
"GO:0061041","regulation of wound healing","8/268","55/7601",0.145454545454545,4.12537313432836,4.44690825585331,0.000620905791441031,0.0121418276058349,0.00961301638322705,"APOE/APOH/DDR2/PROS1/SERPINF2/THBS1/VTN/CAV1",8
"GO:0055092","sterol homeostasis","6/268","31/7601",0.193548387096774,5.48940779971112,4.78801293035729,0.000635801873125096,0.0123152713529017,0.00975033653273408,"APOA1/APOC3/APOE/CNBP/LDLR/CAV1",6
"GO:0052548","regulation of endopeptidase activity","12/268","114/7601",0.105263157894737,2.98546739984289,4.08314328489527,0.000646620333129553,0.0124657419882098,0.0098694682425037,"EPHA4/EPHA7/PTGS2/SERPIND1/SERPINF2/THBS1/TIMP3/VTN/PDCD2/RNF34/ROBO1/TIMP1",12
"GO:0051961","negative regulation of nervous system development","9/268","69/7601",0.130434782608696,3.69938351719663,4.30593363553161,0.000653112593263373,0.0125317895242601,0.00992175987986957,"APP/EPHA7/IFRD1/LDLR/NTN1/PTPRS/BMPR1A/CLSTN3/RGMA",9
"GO:0002526","acute inflammatory response","5/268","21/7601",0.238095238095238,6.75284292821606,5.04650736846936,0.000671242530481497,0.0127598521957111,0.0101023233228892,"ITIH4/PTGS2/SERPINF2/PLSCR1/TFRC",5
"GO:1900271","regulation of long-term synaptic potentiation","5/268","21/7601",0.238095238095238,6.75284292821606,5.04650736846936,0.000671242530481497,0.0127598521957111,0.0101023233228892,"APOE/APP/EPHA4/PRKAR1B/SQSTM1",5
"GO:0016064","immunoglobulin mediated immune response","7/268","43/7601",0.162790697674419,4.61706004859424,4.54694659577548,0.00067920843517609,0.0127922805279478,0.0101279977188033,"C4A/C4BPA/CLU/HPX/NDFIP1/NCR3LG1/TFRC",7
"GO:0019724","B cell mediated immunity","7/268","43/7601",0.162790697674419,4.61706004859424,4.54694659577548,0.00067920843517609,0.0127922805279478,0.0101279977188033,"C4A/C4BPA/CLU/HPX/NDFIP1/NCR3LG1/TFRC",7
"GO:0050878","regulation of body fluid levels","14/268","148/7601",0.0945945945945946,2.68288624445341,3.95233190640945,0.000697559400456456,0.0130776388516768,0.0103539236938829,"APOE/APOH/F5/GJA1/HGFAC/PROS1/SERPIND1/SERPINF2/THBS1/VTN/C1GALT1C1/CAV1/DDR1/PLSCR1",14
"GO:0099536","synaptic signaling","21/268","277/7601",0.075812274368231,2.15018319952584,3.72791573451536,0.000742912149577452,0.0138012816151048,0.0109268514248856,"APOE/APP/BACE1/CSPG5/EPHA4/EPHA7/LRP6/NEO1/PRKAR1B/PTGS2/PTPRS/SDCBP/USP46/CLSTN3/GABARAP/NMU/SLC38A2/SQSTM1/STX3/TPBG/TPRG1L",21
"GO:0002040","sprouting angiogenesis","8/268","57/7601",0.140350877192982,3.98062319979052,4.31794410434167,0.000792921661984641,0.0144856337632465,0.011468671703146,"BMP4/FLT1/HMOX1/PTGS2/SLIT2/THBS1/ROBO1/TGFBR3",8
"GO:0032489","regulation of Cdc42 protein signal transduction","3/268","6/7601",0.5,14.1809701492537,6.17436732943086,0.000801016205161174,0.0144856337632465,0.011468671703146,"APOA1/APOC3/APOE",3
"GO:0070508","cholesterol import","3/268","6/7601",0.5,14.1809701492537,6.17436732943086,0.000801016205161174,0.0144856337632465,0.011468671703146,"APOA1/APOC3/LDLR",3
"GO:0098856","intestinal lipid absorption","3/268","6/7601",0.5,14.1809701492537,6.17436732943086,0.000801016205161174,0.0144856337632465,0.011468671703146,"APOA1/LDLR/UGCG",3
"GO:0106072","negative regulation of adenylate cyclase-activating G protein-coupled receptor signaling pathway","3/268","6/7601",0.5,14.1809701492537,6.17436732943086,0.000801016205161174,0.0144856337632465,0.011468671703146,"APLP1/MGRN1/ARRDC3",3
"GO:0042176","regulation of protein catabolic process","19/268","241/7601",0.0788381742738589,2.23600359199851,3.72754330542136,0.000828098701113588,0.0146072104496449,0.011564927284769,"APOE/APP/C4BPA/CLU/GPC3/HERPUD1/LDLR/MFSD8/NDFIP1/PABIR1/RCHY1/TIMP3/TRIB3/CAV1/GABARAP/GABARAPL2/RBX1/RGMA/TIMP1",19
"GO:0048598","embryonic morphogenesis","22/268","299/7601",0.0735785953177258,2.08683172764938,3.66530685170225,0.000832620804481137,0.0146072104496449,0.011564927284769,"APOA1/B9D1/BMP4/CCN1/FLT1/FZD7/GJA1/GPC3/LRIG1/LRIG3/MSX2/NTN1/PLPP3/PRKAR1A/SPINT2/SPRY2/VTN/ACVR2A/BMPR1A/CDON/HMGA2/RGMA",22
"GO:0007267","cell-cell signaling","28/268","421/7601",0.0665083135391924,1.88630481795299,3.57680518638219,0.000839601277504397,0.0146072104496449,0.011564927284769,"APOE/APP/BACE1/BMP4/CLOCK/CSPG5/EPHA4/EPHA7/FAT1/GJA1/LRP6/NEO1/PRKAR1A/PRKAR1B/PTGS2/PTPRS/SDCBP/USP46/ADAM10/CLSTN3/GABARAP/HMGA2/NMU/SLC38A2/SQSTM1/STX3/TPBG/TPRG1L",28
"GO:0030194","positive regulation of blood coagulation","4/268","13/7601",0.307692307692308,8.72675086107922,5.3301358109701,0.000839905665687923,0.0146072104496449,0.011564927284769,"APOH/SERPINF2/THBS1/VTN",4
"GO:0060343","trabecula formation","4/268","13/7601",0.307692307692308,8.72675086107922,5.3301358109701,0.000839905665687923,0.0146072104496449,0.011564927284769,"ADAMTS1/COL1A1/MSX2/TGFBR3",4
"GO:1900048","positive regulation of hemostasis","4/268","13/7601",0.307692307692308,8.72675086107922,5.3301358109701,0.000839905665687923,0.0146072104496449,0.011564927284769,"APOH/SERPINF2/THBS1/VTN",4
"GO:0030513","positive regulation of BMP signaling pathway","5/268","22/7601",0.227272727272727,6.44589552238806,4.88999080884002,0.000843915582748312,0.0146147584181879,0.0115709032175215,"BMP4/CCN1/GPC3/MSX2/NEO1",5
"GO:0001936","regulation of endothelial cell proliferation","8/268","58/7601",0.137931034482759,3.91199176531137,4.25564542671331,0.000892248510499061,0.0153517145316924,0.0121543714912296,"APOE/APOH/BMP4/FLT1/HMOX1/THBS1/CAV1/NRP2",8
"GO:0006639","acylglycerol metabolic process","7/268","45/7601",0.155555555555556,4.41185737976783,4.38818068692125,0.000900708316098124,0.0153517145316924,0.0121543714912296,"APOC3/APOE/APOH/LDLR/CAV1/LPIN1/RGN",7
"GO:0031100","animal organ regeneration","6/268","33/7601",0.181818181818182,5.15671641791045,4.57456871660593,0.000901495348080789,0.0153517145316924,0.0121543714912296,"FPGS/VTN/LPIN1/PTPRU/RGN/TGFBR3",6
"GO:0045669","positive regulation of osteoblast differentiation","6/268","33/7601",0.181818181818182,5.15671641791045,4.57456871660593,0.000901495348080789,0.0153517145316924,0.0121543714912296,"BMP4/CCN1/DDR2/MSX2/ACVR2A/BMPR1A",6
"GO:0003205","cardiac chamber development","10/268","87/7601",0.114942528735632,3.25999313775948,4.05288706412004,0.000914938109837705,0.0155159836303183,0.0122844278211011,"ADAMTS1/BMP4/CCN1/MSX2/SEMA3C/SLIT2/BMPR1A/NRP2/ROBO1/TGFBR3",10
"GO:0007186","G protein-coupled receptor signaling pathway","15/268","170/7601",0.0882352941176471,2.50252414398595,3.78752615074535,0.000939465745494667,0.0158661012472591,0.0125616254965229,"APLP1/APLP2/APOA1/APOC3/APOE/APP/FZD7/MGRN1/PRKAR1A/PRKAR1B/SLIT2/ARRDC3/CAV1/NMU/ROBO1",15
"GO:0098742","cell-cell adhesion via plasma-membrane adhesion molecules","8/268","59/7601",0.135593220338983,3.84568682013661,4.19472210709388,0.00100131483452464,0.0168410441510379,0.0133335144090481,"APOA1/CD84/FAT1/PTPRS/CLSTN3/DSC3/PCDH7/ROBO1",8
"GO:0006468","protein phosphorylation","34/268","555/7601",0.0612612612612613,1.73748823450316,3.4495593307128,0.00101587182601051,0.017015853085676,0.0134719154148244,"APOE/APP/BMP4/CCN1/CDK11A/DDR2/EPHA4/EPHA7/FLT1/LRP6/MAPK8/PLPP3/PRKAR1A/PRKAR1B/PTGS2/SLIT2/SPRY2/THBS1/TNFRSF10B/TRIB3/UVRAG/VTN/ACVR1B/ACVR2A/ADAM10/BMPR1A/CAV1/DDR1/DSTYK/HMGA2/JTB/RIOK3/ROBO1/TFRC",34
"GO:0043068","positive regulation of programmed cell death","21/268","284/7601",0.073943661971831,2.09718572629809,3.60251785721341,0.0010243668463117,0.0170186475645363,0.0134741278800264,"APP/BACE1/BMP4/BNIP3/CCN1/CLU/EPHA7/HMOX1/ITM2C/MAPK8/MSX2/PLEKHF1/PTGS2/SERINC3/SLIT2/THBS1/TNFRSF10B/CAV1/PDCD2/SQSTM1/TCTN3",21
"GO:0006638","neutral lipid metabolic process","7/268","46/7601",0.152173913043478,4.3159474367294,4.31223747859467,0.00103095089216022,0.0170586894585378,0.0135058301406373,"APOC3/APOE/APOH/LDLR/CAV1/LPIN1/RGN",7
"GO:0060412","ventricular septum morphogenesis","5/268","23/7601",0.217391304347826,6.16563919532771,4.7429007522736,0.00104763692614196,0.0172648875691218,0.0136690828139236,"BMP4/SLIT2/BMPR1A/ROBO1/TGFBR3",5
"GO:0050673","epithelial cell proliferation","16/268","190/7601",0.0842105263157895,2.38837391987431,3.70491451266378,0.00105946217748108,0.0173747639785814,0.0137560749668807,"APOA1/APOE/APOH/BMP4/FLT1/FZD7/GPC3/HMOX1/THBS1/ACVR2A/BMPR1A/CAV1/NRP2/RGN/ROBO1/TGFBR3",16
"GO:0060291","long-term synaptic potentiation","6/268","34/7601",0.176470588235294,5.00504828797191,4.47423405273047,0.00106280670287383,0.0173747639785814,0.0137560749668807,"APOE/APP/EPHA4/PRKAR1B/SQSTM1/STX3",6
"GO:0031398","positive regulation of protein ubiquitination","9/268","74/7601",0.121621621621622,3.4494251714401,4.04764512566179,0.00109260228188301,0.0177878510108877,0.0140831272474904,"NDFIP1/NDFIP2/RCHY1/TRIB3/ARRDC3/CAV1/GABARAP/PTTG1IP/RBX1",9
"GO:0051338","regulation of transferase activity","20/268","266/7601",0.075187969924812,2.13247671417349,3.59420952485726,0.00109734558307034,0.0177878510108877,0.0140831272474904,"APOA1/APOE/CCN1/DDR2/EPHA4/FLT1/LRP6/PHPT1/SERINC1/THBS1/TNFRSF10B/TRIB3/UVRAG/ZNF16/ARRDC3/CAV1/DSTYK/HMGA2/JTB/ROBO1",20
"GO:0040036","regulation of fibroblast growth factor receptor signaling pathway","4/268","14/7601",0.285714285714286,8.10341151385927,5.08544897721644,0.00114350613161545,0.0183996439366628,0.0145675004085616,"SPRY2/THBS1/DSTYK/SHISA2",4
"GO:0140546","defense response to symbiont","28/268","431/7601",0.0649651972157773,1.84253904491464,3.44272587762534,0.00120395275264585,0.0192962937257395,0.0152774025248022,"APOE/APP/BNIP3/C4A/C4BPA/CALCOCO2/CD84/CLU/HLA-A/HPX/IFI35/IFNAR1/MAPK8/PTPRS/RNASE4/SERINC3/TAX1BP1/TRIM23/CAV1/IL10RB/NCR3LG1/OPTN/PLSCR1/RIOK3/RNF34/SLC19A1/SQSTM1/TRIM41",28
"GO:0050771","negative regulation of axonogenesis","5/268","24/7601",0.208333333333333,5.90873756218905,4.60426319885298,0.00128568819240625,0.0202880603952291,0.0160626112719237,"EPHA7/IFRD1/NTN1/PTPRS/RGMA",5
"GO:0061383","trabecula morphogenesis","5/268","24/7601",0.208333333333333,5.90873756218905,4.60426319885298,0.00128568819240625,0.0202880603952291,0.0160626112719237,"ADAMTS1/COL1A1/MSX2/BMPR1A/TGFBR3",5
"GO:1990000","amyloid fibril formation","5/268","24/7601",0.208333333333333,5.90873756218905,4.60426319885298,0.00128568819240625,0.0202880603952291,0.0160626112719237,"APOE/APP/BACE1/CLU/LDLR",5
"GO:0007369","gastrulation","11/268","107/7601",0.102803738317757,2.91571348863161,3.81503873894913,0.00131286759464506,0.020558198694691,0.0162764871382896,"APOA1/BMP4/FZD7/GJA1/GPC3/PLPP3/PRKAR1A/VTN/ACVR2A/BMPR1A/HMGA2",11
"GO:0033674","positive regulation of kinase activity","11/268","107/7601",0.102803738317757,2.91571348863161,3.81503873894913,0.00131286759464506,0.020558198694691,0.0162764871382896,"CCN1/DDR2/EPHA4/FLT1/THBS1/TNFRSF10B/ZNF16/DSTYK/HMGA2/JTB/ROBO1",11
"GO:0050678","regulation of epithelial cell proliferation","14/268","158/7601",0.0886075949367089,2.51308331758927,3.6740979280334,0.00132621260234389,0.0206879042205323,0.0163791785440141,"APOE/APOH/BMP4/FLT1/FZD7/GPC3/HMOX1/THBS1/BMPR1A/CAV1/NRP2/RGN/ROBO1/TGFBR3",14
"GO:0006873","intracellular monoatomic ion homeostasis","17/268","213/7601",0.07981220657277,2.26362903790905,3.57585011228677,0.00135130573736585,0.0209773284166134,0.0166083235812317,"ABCB6/APOE/APP/ATP6V1D/BNIP3/HERPUD1/HMOX1/HPX/MT2A/NCOA4/NDFIP1/NEO1/CAV1/RGN/SLC31A1/STC2/TFRC",17
"GO:0034369","plasma lipoprotein particle remodeling","3/268","7/7601",0.428571428571429,12.1551172707889,5.64444459630148,0.00136529712718844,0.0209773284166134,0.0166083235812317,"APOA1/APOC3/APOE",3
"GO:0007156","homophilic cell adhesion via plasma membrane adhesion molecules","6/268","36/7601",0.166666666666667,4.72699004975124,4.28487708281904,0.00145101075810174,0.0221279140610515,0.0175192736465229,"CD84/FAT1/CLSTN3/DSC3/PCDH7/ROBO1",6
"GO:0010719","negative regulation of epithelial to mesenchymal transition","4/268","15/7601",0.266666666666667,7.56318407960199,4.86392809745371,0.00151646138962643,0.0227024824153964,0.0179741750981748,"EPHA4/SPRY2/ADIPOR1/VASN",4
"GO:0050820","positive regulation of coagulation","4/268","15/7601",0.266666666666667,7.56318407960199,4.86392809745371,0.00151646138962643,0.0227024824153964,0.0179741750981748,"APOH/SERPINF2/THBS1/VTN",4
"GO:0055070","copper ion homeostasis","4/268","15/7601",0.266666666666667,7.56318407960199,4.86392809745371,0.00151646138962643,0.0227024824153964,0.0179741750981748,"ABCB6/APP/MT2A/SLC31A1",4
"GO:0002683","negative regulation of immune system process","16/268","197/7601",0.0812182741116751,2.30350784150314,3.54361806324557,0.00155185076145661,0.0231474965769094,0.0183265049585771,"APOA1/BMP4/C4BPA/CD84/HLA-A/HMOX1/LDLR/NDFIP1/PHPT1/PRKAR1A/PTPRS/SLIT2/TAX1BP1/THBS1/RIOK3/SQSTM1",16
"GO:0043122","regulation of canonical NF-kappaB signal transduction","13/268","144/7601",0.0902777777777778,2.56045294361526,3.61395883959913,0.00165296246638033,0.0245660276367142,0.0194495947240311,"GJA1/HMOX1/NDFIP1/NDFIP2/TNFRSF10B/CAV1/OPTN/RBX1/RIOK3/SLC20A1/SQSTM1/TFRC/TGFBR3",13
"GO:0015748","organophosphate ester transport","8/268","64/7601",0.125,3.54524253731343,3.90888823268886,0.00171726735970483,0.025337442957089,0.0200603452925429,"APOA1/APOC3/APOE/LDLR/PRELID3B/PCTP/PLSCR1/SLC19A1",8
"GO:1901875","positive regulation of post-translational protein modification","10/268","95/7601",0.105263157894737,2.98546739984289,3.72266223775261,0.00180544384813627,0.0263530321690461,0.020864414996883,"EGR1/NDFIP1/NDFIP2/RCHY1/TRIB3/ARRDC3/CAV1/GABARAP/PTTG1IP/RBX1",10
"GO:0031349","positive regulation of defense response","17/268","219/7601",0.0776255707762557,2.20161180399373,3.44931274896753,0.00182599747134598,0.0265581909800392,0.0210268448283107,"APP/CLOCK/HPX/IFI35/LDLR/MAPK8/PTGS2/PTPRS/TAX1BP1/CAV1/OPTN/PLSCR1/RIOK3/RNF34/SLC19A1/SQSTM1/TRIM41",17
"GO:0060443","mammary gland morphogenesis","5/268","26/7601",0.192307692307692,5.45421928817451,4.34910907933977,0.00187830767504387,0.0271259486498386,0.0214763540750785,"BMP4/MSX2/NTN1/CAV1/DDR1",5
"GO:0051129","negative regulation of cellular component organization","27/268","423/7601",0.0638297872340425,1.81033661479835,3.27844022849392,0.00190276296105079,0.027286288497595,0.0216032995097696,"APOA1/APOC3/APOE/APP/BMP4/BNIP3/CLU/EPHA4/EPHA7/IFRD1/ITM2C/LDLR/NEO1/NTN1/PTPRS/RAB29/SDCBP/SLIT2/SPRY2/THBS1/CAV1/CLSTN3/PLSCR1/RGMA/RIOK3/TFRC/TGFBR3",27
"GO:0042157","lipoprotein metabolic process","7/268","51/7601",0.137254901960784,3.89281533508926,3.96246714192863,0.00191956826392828,0.0273784637568067,0.0216762771788401,"APOA1/APOC3/APOE/APP/GOLGA7/LDLR/UGCG",7
"GO:0045087","innate immune response","25/268","381/7601",0.0656167979002625,1.86101970462647,3.29640322383896,0.00192258847521495,0.0273784637568067,0.0216762771788401,"APOE/APP/C4A/C4BPA/CALCOCO2/CD84/CLU/HLA-A/HPX/IFI35/IFNAR1/MAPK8/PTPRS/SERINC3/TAX1BP1/TRIM23/CAV1/IL10RB/OPTN/PLSCR1/RIOK3/RNF34/SLC19A1/SQSTM1/TRIM41",25
"GO:0042987","amyloid precursor protein catabolic process","6/268","38/7601",0.157894736842105,4.47820109976434,4.10896826285982,0.0019388463307413,0.0274293699703525,0.0217165810178264,"APOE/APP/BACE1/CLU/EPHA4/ADAM10",6
"GO:0045429","positive regulation of nitric oxide biosynthetic process","4/268","16/7601",0.25,7.09048507462687,4.66194808200364,0.00196643146594404,0.0274293699703525,0.0217165810178264,"APOE/APP/CLU/PTGS2",4
"GO:0071634","regulation of transforming growth factor beta production","4/268","16/7601",0.25,7.09048507462687,4.66194808200364,0.00196643146594404,0.0274293699703525,0.0217165810178264,"PTGS2/SERPINF2/THBS1/BMPR1A",4
"GO:1902993","positive regulation of amyloid precursor protein catabolic process","4/268","16/7601",0.25,7.09048507462687,4.66194808200364,0.00196643146594404,0.0274293699703525,0.0217165810178264,"APOE/APP/CLU/EPHA4",4
"GO:1904407","positive regulation of nitric oxide metabolic process","4/268","16/7601",0.25,7.09048507462687,4.66194808200364,0.00196643146594404,0.0274293699703525,0.0217165810178264,"APOE/APP/CLU/PTGS2",4
"GO:0045321","leukocyte activation","25/268","383/7601",0.0652741514360313,1.85130158606446,3.26819334501691,0.00206508800950893,0.0286102193046203,0.022651491672544,"APP/BMP4/CD151/CD84/CLU/EGR1/FZD7/GJA1/HLA-A/IFI35/KLF6/LDLR/MFAP3/NDFIP1/PRKAR1A/RAB29/THBS1/ADAM10/CAV1/CD320/CD83/NCR3LG1/PLSCR1/RBX1/TFRC",25
"GO:0002253","activation of immune response","18/268","241/7601",0.0746887966804979,2.11831919241964,3.37263034348291,0.00207909316964926,0.0286996806220859,0.0227223206398445,"APP/C4A/C4BPA/CLU/HLA-A/IFI35/MAPK8/PHPT1/PTPRS/RAB29/TAX1BP1/CAV1/NCR3LG1/PLSCR1/RIOK3/RNF34/SLC19A1/SQSTM1",18
"GO:0098771","inorganic ion homeostasis","16/268","203/7601",0.0788177339901478,2.23542386589221,3.41067386150011,0.00211543986950759,0.0286996806220859,0.0227223206398445,"ABCB6/APOE/APP/BNIP3/HERPUD1/HMOX1/HPX/MT2A/NCOA4/NDFIP1/NEO1/CAV1/RGN/SLC31A1/STC2/TFRC",16
"GO:0048858","cell projection morphogenesis","23/268","342/7601",0.0672514619883041,1.90738194989962,3.28245016539747,0.00212006578094481,0.0286996806220859,0.0227223206398445,"APLP1/APLP2/APOE/APP/B4GALT5/B4GALT6/CSPG5/EPHA4/EPHA7/IFRD1/NEO1/NTN1/PTPRS/SEMA3C/SLIT2/UNC5B/CLSTN3/DDR1/NRP2/NTN3/RGMA/ROBO1/TPBG",23
"GO:0001573","ganglioside metabolic process","3/268","8/7601",0.375,10.6357276119403,5.21262111413153,0.00212772283545193,0.0286996806220859,0.0227223206398445,"B4GALT5/B4GALT6/NEU1",3
"GO:0006688","glycosphingolipid biosynthetic process","3/268","8/7601",0.375,10.6357276119403,5.21262111413153,0.00212772283545193,0.0286996806220859,0.0227223206398445,"B4GALT5/B4GALT6/UGCG",3
"GO:1900272","negative regulation of long-term synaptic potentiation","3/268","8/7601",0.375,10.6357276119403,5.21262111413153,0.00212772283545193,0.0286996806220859,0.0227223206398445,"APOE/APP/EPHA4",3
"GO:0043542","endothelial cell migration","11/268","114/7601",0.0964912280701754,2.73667844985598,3.57150510308702,0.00219449747698777,0.0294062661916361,0.0232817437247987,"APOA1/APOE/APOH/HMOX1/PLPP3/PTGS2/SLIT2/THBS1/NRP2/ROBO1/TGFBR3",11
"GO:0097191","extrinsic apoptotic signaling pathway","11/268","114/7601",0.0964912280701754,2.73667844985598,3.57150510308702,0.00219449747698777,0.0294062661916361,0.0232817437247987,"APP/BMP4/HMOX1/ITM2C/THBS1/TNFRSF10B/UNC5B/ACVR1B/CAV1/GABARAP/RNF34",11
"GO:0031638","zymogen activation","5/268","27/7601",0.185185185185185,5.25221116639027,4.23123752850995,0.00223979239544486,0.0297208815590362,0.0235308333000599,"APOH/HGFAC/SERPINF2/THBS1/PLGRKT",5
"GO:0001558","regulation of cell growth","16/268","205/7601",0.0780487804878049,2.21361485256644,3.36738453300694,0.00233768547264437,0.0308197436345082,0.024400832403765,"APOE/CDK11A/EPHA7/GJA1/IFRD1/NTN1/PABIR1/PTPRS/SDCBP/SLIT2/ACVR1B/ADAM10/ADIPOR1/CLSTN3/DDR1/RGMA",16
"GO:0044093","positive regulation of molecular function","30/268","495/7601",0.0606060606060606,1.71890547263682,3.16224225973061,0.00239061176058016,0.0314161744871097,0.0248730429921253,"APOA1/APOE/APOH/BMP4/CCN1/CLOCK/CLU/DDR2/EPHA4/FLT1/LRP6/MAPK8/PLPP3/SERINC1/THBS1/TNFRSF10B/TRIB3/VTN/ZNF16/ARRDC3/BAMBI/DSTYK/GABARAPL2/HMGA2/JTB/PDCD2/PLSCR1/RGN/ROBO1/TFRC",30
"GO:0090207","regulation of triglyceride metabolic process","4/268","17/7601",0.235294117647059,6.67339771729587,4.47663698859882,0.00250096515956547,0.0326563725467862,0.0258549416529486,"APOC3/APOE/LDLR/RGN",4
"GO:0048812","neuron projection morphogenesis","22/268","326/7601",0.0674846625766871,1.91399597106492,3.22455607124707,0.00252803636997704,0.0328720156791579,0.0260256722078301,"APLP1/APLP2/APOE/APP/B4GALT5/B4GALT6/EPHA4/EPHA7/IFRD1/NEO1/NTN1/PTPRS/SEMA3C/SLIT2/UNC5B/CLSTN3/DDR1/NRP2/NTN3/RGMA/ROBO1/TPBG",22
"GO:0003281","ventricular septum development","6/268","40/7601",0.15,4.25429104477612,3.94484658697878,0.00254160923773279,0.0328720156791579,0.0260256722078301,"BMP4/CCN1/SLIT2/BMPR1A/ROBO1/TGFBR3",6
"GO:0019216","regulation of lipid metabolic process","12/268","134/7601",0.0895522388059701,2.53987525061261,3.43793936759311,0.00264424267776178,0.0339439931755556,0.0268743860563424,"APOA1/APOC3/APOE/CCN1/EGR1/LDLR/PTGS2/TRIB3/ADIPOR1/CAV1/CLSTN3/RGN",12
"GO:0003179","heart valve morphogenesis","5/268","28/7601",0.178571428571429,5.06463219616205,4.11907444204035,0.00264940881404508,0.0339439931755556,0.0268743860563424,"BMP4/CCN1/SLIT2/BMPR1A/ROBO1",5
"GO:0090303","positive regulation of wound healing","5/268","28/7601",0.178571428571429,5.06463219616205,4.11907444204035,0.00264940881404508,0.0339439931755556,0.0268743860563424,"APOH/DDR2/SERPINF2/THBS1/VTN",5
"GO:0043207","response to external biotic stimulus","34/268","588/7601",0.0578231292517007,1.63997613970962,3.0884023674045,0.00268345893665796,0.0341660332527137,0.0270501812470457,"APOE/APP/BNIP3/C4A/C4BPA/CALCOCO2/CD84/CLU/EEF1G/GPC3/HLA-A/HPX/IFI35/IFNAR1/MAPK8/PTGS2/PTPRS/RAB29/RNASE4/SERINC3/TAX1BP1/TRIM23/CAV1/HMGA2/IL10RB/NCR3LG1/OPTN/PLSCR1/RBBP9/RIOK3/RNF34/SLC19A1/SQSTM1/TRIM41",34
"GO:0051707","response to other organism","34/268","588/7601",0.0578231292517007,1.63997613970962,3.0884023674045,0.00268345893665796,0.0341660332527137,0.0270501812470457,"APOE/APP/BNIP3/C4A/C4BPA/CALCOCO2/CD84/CLU/EEF1G/GPC3/HLA-A/HPX/IFI35/IFNAR1/MAPK8/PTGS2/PTPRS/RAB29/RNASE4/SERINC3/TAX1BP1/TRIM23/CAV1/HMGA2/IL10RB/NCR3LG1/OPTN/PLSCR1/RBBP9/RIOK3/RNF34/SLC19A1/SQSTM1/TRIM41",34
"GO:0003007","heart morphogenesis","11/268","117/7601",0.094017094017094,2.66650720755198,3.4726945735196,0.00269650792821632,0.034225552492609,0.0270973042541254,"ADAMTS1/BMP4/CCN1/GJA1/MSX2/SEMA3C/SLIT2/BMPR1A/NRP2/ROBO1/TGFBR3",11
"GO:0009607","response to biotic stimulus","35/268","611/7601",0.0572831423895254,1.62466106456262,3.07793755681445,0.0027123775613442,0.0343203934774419,0.0271723924509436,"APOE/APP/BNIP3/C4A/C4BPA/CALCOCO2/CD84/CLU/EEF1G/GPC3/HLA-A/HPX/IFI35/IFNAR1/MAPK8/PTGS2/PTPRS/RAB29/RNASE4/SERINC3/TAX1BP1/TNFRSF10B/TRIM23/CAV1/HMGA2/IL10RB/NCR3LG1/OPTN/PLSCR1/RBBP9/RIOK3/RNF34/SLC19A1/SQSTM1/TRIM41",35
"GO:0002274","myeloid leukocyte activation","8/268","69/7601",0.115942028985507,3.28834090417478,3.65025718134414,0.00278824753595886,0.0351715051835305,0.0278462408237087,"APP/CD84/CLU/IFI35/LDLR/THBS1/ADAM10/PLSCR1",8
"GO:0031331","positive regulation of cellular catabolic process","12/268","135/7601",0.0888888888888889,2.52106135986733,3.40881141909242,0.00281333014980886,0.035378708683904,0.0280102894915382,"APOE/APP/BNIP3/CALCOCO2/HMOX1/PLEKHF1/TMEM59/TRIM23/UVRAG/OPTN/RGMA/SQSTM1",12
"GO:0006664","glycolipid metabolic process","6/268","41/7601",0.146341463414634,4.15052784856207,3.86676433386068,0.00289104282378079,0.0361336147424835,0.0286079692267895,"B4GALT5/B4GALT6/CREM/MFSD8/NEU1/UGCG",6
"GO:1903509","liposaccharide metabolic process","6/268","41/7601",0.146341463414634,4.15052784856207,3.86676433386068,0.00289104282378079,0.0361336147424835,0.0286079692267895,"B4GALT5/B4GALT6/CREM/MFSD8/NEU1/UGCG",6
"GO:0006665","sphingolipid metabolic process","8/268","70/7601",0.114285714285714,3.24136460554371,3.6013767488984,0.00305423868431995,0.0367758098031536,0.0291164125880247,"B4GALT5/B4GALT6/CCN1/CREM/NEU1/PLPP3/SERINC1/UGCG",8
"GO:0001774","microglial cell activation","3/268","9/7601",0.333333333333333,9.45398009950249,4.85107207074391,0.00310881166115189,0.0367758098031536,0.0291164125880247,"APP/CLU/LDLR",3
"GO:0002269","leukocyte activation involved in inflammatory response","3/268","9/7601",0.333333333333333,9.45398009950249,4.85107207074391,0.00310881166115189,0.0367758098031536,0.0291164125880247,"APP/CLU/LDLR",3
"GO:0003184","pulmonary valve morphogenesis","3/268","9/7601",0.333333333333333,9.45398009950249,4.85107207074391,0.00310881166115189,0.0367758098031536,0.0291164125880247,"BMP4/SLIT2/ROBO1",3
"GO:0034367","protein-containing complex remodeling","3/268","9/7601",0.333333333333333,9.45398009950249,4.85107207074391,0.00310881166115189,0.0367758098031536,0.0291164125880247,"APOA1/APOC3/APOE",3
"GO:0038063","collagen-activated tyrosine kinase receptor signaling pathway","3/268","9/7601",0.333333333333333,9.45398009950249,4.85107207074391,0.00310881166115189,0.0367758098031536,0.0291164125880247,"COL1A1/DDR2/DDR1",3
"GO:0040037","negative regulation of fibroblast growth factor receptor signaling pathway","3/268","9/7601",0.333333333333333,9.45398009950249,4.85107207074391,0.00310881166115189,0.0367758098031536,0.0291164125880247,"SPRY2/THBS1/SHISA2",3
"GO:0072111","cell proliferation involved in kidney development","3/268","9/7601",0.333333333333333,9.45398009950249,4.85107207074391,0.00310881166115189,0.0367758098031536,0.0291164125880247,"BMP4/EGR1/GPC3",3
"GO:0106070","regulation of adenylate cyclase-activating G protein-coupled receptor signaling pathway","3/268","9/7601",0.333333333333333,9.45398009950249,4.85107207074391,0.00310881166115189,0.0367758098031536,0.0291164125880247,"APLP1/MGRN1/ARRDC3",3
"GO:1900273","positive regulation of long-term synaptic potentiation","3/268","9/7601",0.333333333333333,9.45398009950249,4.85107207074391,0.00310881166115189,0.0367758098031536,0.0291164125880247,"APP/PRKAR1B/SQSTM1",3
"GO:1905907","negative regulation of amyloid fibril formation","3/268","9/7601",0.333333333333333,9.45398009950249,4.85107207074391,0.00310881166115189,0.0367758098031536,0.0291164125880247,"APOE/CLU/LDLR",3
"GO:0003161","cardiac conduction system development","4/268","18/7601",0.222222222222222,6.30265339966833,4.30568561632367,0.00312744734795314,0.0367758098031536,0.0291164125880247,"BMP4/GJA1/MSX2/BMPR1A",4
"GO:0006929","substrate-dependent cell migration","4/268","18/7601",0.222222222222222,6.30265339966833,4.30568561632367,0.00312744734795314,0.0367758098031536,0.0291164125880247,"NTN1/SDCBP/SLIT2/ROBO1",4
"GO:0019730","antimicrobial humoral response","4/268","18/7601",0.222222222222222,6.30265339966833,4.30568561632367,0.00312744734795314,0.0367758098031536,0.0291164125880247,"APP/HLA-A/RNASE4/NCR3LG1",4
"GO:0048333","mesodermal cell differentiation","4/268","18/7601",0.222222222222222,6.30265339966833,4.30568561632367,0.00312744734795314,0.0367758098031536,0.0291164125880247,"BMP4/GJA1/BMPR1A/HMGA2",4
"GO:0060391","positive regulation of SMAD protein signal transduction","4/268","18/7601",0.222222222222222,6.30265339966833,4.30568561632367,0.00312744734795314,0.0367758098031536,0.0291164125880247,"BMP4/ACVR2A/BMPR1A/TGFBR3",4
"GO:0090049","regulation of cell migration involved in sprouting angiogenesis","4/268","18/7601",0.222222222222222,6.30265339966833,4.30568561632367,0.00312744734795314,0.0367758098031536,0.0291164125880247,"HMOX1/PTGS2/THBS1/TGFBR3",4
"GO:0018108","peptidyl-tyrosine phosphorylation","9/268","86/7601",0.104651162790698,2.96811003123915,3.50887145725403,0.00314938425033123,0.0367758098031536,0.0291164125880247,"APP/DDR2/EPHA4/EPHA7/FLT1/PLPP3/VTN/CAV1/DDR1",9
"GO:0030178","negative regulation of Wnt signaling pathway","9/268","86/7601",0.104651162790698,2.96811003123915,3.50887145725403,0.00314938425033123,0.0367758098031536,0.0291164125880247,"APOE/APP/EGR1/GPC3/CAV1/PTPRU/RBX1/SHISA2/TPBG",9
"GO:0061138","morphogenesis of a branching epithelium","9/268","86/7601",0.104651162790698,2.96811003123915,3.50887145725403,0.00314938425033123,0.0367758098031536,0.0291164125880247,"BMP4/GPC3/MSX2/SEMA3C/SLIT2/SPINT2/SPRY2/TMEM59L/DDR1",9
"GO:1902532","negative regulation of intracellular signal transduction","23/268","353/7601",0.0651558073654391,1.84794511859964,3.11874132837823,0.00317032470437163,0.0369085909819309,0.0292215390721429,"APOE/CLOCK/CLU/EPHA4/HERPUD1/IFI35/MGRN1/PRKAR1A/PRKAR1B/PTGS2/PTPRS/RNF149/SLIT2/SPRY2/TAX1BP1/THBS1/ADIPOR1/CAV1/OPTN/PTTG1IP/RIOK3/RNF34/TGFBR3",23
"GO:0060562","epithelial tube morphogenesis","13/268","155/7601",0.0838709677419355,2.37874337987482,3.31528694882007,0.00317881674226564,0.0369085909819309,0.0292215390721429,"BMP4/EPHA4/EPHA7/GJA1/GPC3/MSX2/NTN1/SLIT2/SPINT2/SPRY2/TMEM59L/DDR1/RGMA",13
"GO:0006672","ceramide metabolic process","6/268","42/7601",0.142857142857143,4.05170575692964,3.79112828264789,0.00327521690795963,0.0375522123080905,0.0297311116467027,"B4GALT5/B4GALT6/CCN1/NEU1/PLPP3/UGCG",6
"GO:0007188","adenylate cyclase-modulating G protein-coupled receptor signaling pathway","6/268","42/7601",0.142857142857143,4.05170575692964,3.79112828264789,0.00327521690795963,0.0375522123080905,0.0297311116467027,"APLP1/APP/MGRN1/PRKAR1A/PRKAR1B/ARRDC3",6
"GO:0048640","negative regulation of developmental growth","6/268","42/7601",0.142857142857143,4.05170575692964,3.79112828264789,0.00327521690795963,0.0375522123080905,0.0297311116467027,"EPHA7/IFRD1/NTN1/PTPRS/RGMA/STC2",6
"GO:0098542","defense response to other organism","28/268","462/7601",0.0606060606060606,1.71890547263682,3.04794718411738,0.00333275701625854,0.0375522123080905,0.0297311116467027,"APOE/APP/BNIP3/C4A/C4BPA/CALCOCO2/CD84/CLU/HLA-A/HPX/IFI35/IFNAR1/MAPK8/PTPRS/RNASE4/SERINC3/TAX1BP1/TRIM23/CAV1/IL10RB/NCR3LG1/OPTN/PLSCR1/RIOK3/RNF34/SLC19A1/SQSTM1/TRIM41",28
"GO:0002009","morphogenesis of an epithelium","17/268","232/7601",0.0732758620689655,2.07824562532167,3.18853192456182,0.00334859490273715,0.0375522123080905,0.0297311116467027,"BMP4/CCN1/CD151/EPHA4/EPHA7/FAT1/GJA1/GPC3/MSX2/NTN1/SEMA3C/SLIT2/SPINT2/SPRY2/TMEM59L/DDR1/RGMA",17
"GO:0006643","membrane lipid metabolic process","9/268","87/7601",0.103448275862069,2.93399382398353,3.46826652716372,0.00340720495884971,0.0375522123080905,0.0297311116467027,"B4GALT5/B4GALT6/CCN1/CREM/MFSD8/NEU1/PLPP3/SERINC1/UGCG",9
"GO:1903052","positive regulation of proteolysis involved in protein catabolic process","9/268","87/7601",0.103448275862069,2.93399382398353,3.46826652716372,0.00340720495884971,0.0375522123080905,0.0297311116467027,"CLU/HERPUD1/PABIR1/RCHY1/TRIB3/CAV1/GABARAP/RBX1/RGN",9
"GO:0043069","negative regulation of programmed cell death","28/268","463/7601",0.060475161987041,1.71519293381903,3.03569957124845,0.00343600229514067,0.0375522123080905,0.0297311116467027,"APOH/BMP4/BNIP3/CCN1/CLU/DDR2/EPHA4/HERPUD1/HMOX1/LRP6/MAPK8/MFSD8/MSX2/PTGS2/SPRY2/TAX1BP1/THBS1/UNC5B/ZNF16/CAV1/DSTYK/HMGA2/PTTG1IP/RGN/RNF34/SQSTM1/TFRC/TIMP1",28
"GO:0050778","positive regulation of immune response","21/268","314/7601",0.0668789808917197,1.89681766327598,3.10261539604076,0.00350478010978919,0.0375522123080905,0.0297311116467027,"APP/C4A/C4BPA/CLU/HLA-A/HPX/IFI35/MAPK8/PHPT1/PTPRS/RAB29/TAX1BP1/CAV1/NCR3LG1/PLSCR1/RIOK3/RNF34/SLC19A1/SQSTM1/TFRC/TRIM41",21
"GO:0048589","developmental growth","22/268","335/7601",0.0656716417910448,1.86257518378258,3.08677530259258,0.00352724046919043,0.0375522123080905,0.0297311116467027,"APOE/APP/BMP4/DDR2/EPHA7/FZD7/GJA1/IFRD1/MFSD8/MSX2/NTN1/PRKAR1A/PTPRS/SLIT2/SPRY2/BMPR1A/CLSTN3/DDR1/NRP2/RGMA/STC2/TGFBR3",22
"GO:0048667","cell morphogenesis involved in neuron differentiation","20/268","294/7601",0.0680272108843537,1.92938369377602,3.10693745463763,0.00358801959999502,0.0375522123080905,0.0297311116467027,"APLP1/APLP2/APOE/APP/B4GALT5/B4GALT6/EPHA4/EPHA7/IFRD1/NEO1/NTN1/PTPRS/SEMA3C/SLIT2/UNC5B/NRP2/NTN3/RGMA/ROBO1/TPBG",20
"GO:0042116","macrophage activation","5/268","30/7601",0.166666666666667,4.72699004975124,3.90998947369658,0.00362720852157657,0.0375522123080905,0.0297311116467027,"APP/CLU/IFI35/LDLR/THBS1",5
"GO:0097006","regulation of plasma lipoprotein particle levels","5/268","30/7601",0.166666666666667,4.72699004975124,3.90998947369658,0.00362720852157657,0.0375522123080905,0.0297311116467027,"APOA1/APOC3/APOE/HMOX1/LDLR",5
"GO:0002246","wound healing involved in inflammatory response","2/268","3/7601",0.666666666666667,18.907960199005,5.93048830606836,0.00362934276038555,0.0375522123080905,0.0297311116467027,"HMOX1/TIMP1",2
"GO:0002713","negative regulation of B cell mediated immunity","2/268","3/7601",0.666666666666667,18.907960199005,5.93048830606836,0.00362934276038555,0.0375522123080905,0.0297311116467027,"C4BPA/NDFIP1",2
"GO:0002923","regulation of humoral immune response mediated by circulating immunoglobulin","2/268","3/7601",0.666666666666667,18.907960199005,5.93048830606836,0.00362934276038555,0.0375522123080905,0.0297311116467027,"C4BPA/HPX",2
"GO:0031649","heat generation","2/268","3/7601",0.666666666666667,18.907960199005,5.93048830606836,0.00362934276038555,0.0375522123080905,0.0297311116467027,"PTGS2/ARRDC3",2
"GO:0031650","regulation of heat generation","2/268","3/7601",0.666666666666667,18.907960199005,5.93048830606836,0.00362934276038555,0.0375522123080905,0.0297311116467027,"PTGS2/ARRDC3",2
"GO:0033564","anterior/posterior axon guidance","2/268","3/7601",0.666666666666667,18.907960199005,5.93048830606836,0.00362934276038555,0.0375522123080905,0.0297311116467027,"NTN1/UNC5B",2
"GO:0050923","regulation of negative chemotaxis","2/268","3/7601",0.666666666666667,18.907960199005,5.93048830606836,0.00362934276038555,0.0375522123080905,0.0297311116467027,"SLIT2/ROBO1",2
"GO:0051004","regulation of lipoprotein lipase activity","2/268","3/7601",0.666666666666667,18.907960199005,5.93048830606836,0.00362934276038555,0.0375522123080905,0.0297311116467027,"APOC3/APOH",2
"GO:0070099","regulation of chemokine-mediated signaling pathway","2/268","3/7601",0.666666666666667,18.907960199005,5.93048830606836,0.00362934276038555,0.0375522123080905,0.0297311116467027,"SLIT2/ROBO1",2
"GO:0070100","negative regulation of chemokine-mediated signaling pathway","2/268","3/7601",0.666666666666667,18.907960199005,5.93048830606836,0.00362934276038555,0.0375522123080905,0.0297311116467027,"SLIT2/ROBO1",2
"GO:0071830","triglyceride-rich lipoprotein particle clearance","2/268","3/7601",0.666666666666667,18.907960199005,5.93048830606836,0.00362934276038555,0.0375522123080905,0.0297311116467027,"APOC3/APOE",2
"GO:0072203","cell proliferation involved in metanephros development","2/268","3/7601",0.666666666666667,18.907960199005,5.93048830606836,0.00362934276038555,0.0375522123080905,0.0297311116467027,"EGR1/GPC3",2
"GO:0097490","sympathetic neuron projection extension","2/268","3/7601",0.666666666666667,18.907960199005,5.93048830606836,0.00362934276038555,0.0375522123080905,0.0297311116467027,"CLSTN3/NRP2",2
"GO:1901164","negative regulation of trophoblast cell migration","2/268","3/7601",0.666666666666667,18.907960199005,5.93048830606836,0.00362934276038555,0.0375522123080905,0.0297311116467027,"GJA1/TIMP1",2
"GO:1902994","regulation of phospholipid efflux","2/268","3/7601",0.666666666666667,18.907960199005,5.93048830606836,0.00362934276038555,0.0375522123080905,0.0297311116467027,"APOA1/APOE",2
"GO:1902995","positive regulation of phospholipid efflux","2/268","3/7601",0.666666666666667,18.907960199005,5.93048830606836,0.00362934276038555,0.0375522123080905,0.0297311116467027,"APOA1/APOE",2
"GO:1905918","regulation of CoA-transferase activity","2/268","3/7601",0.666666666666667,18.907960199005,5.93048830606836,0.00362934276038555,0.0375522123080905,0.0297311116467027,"APOA1/APOE",2
"GO:1905920","positive regulation of CoA-transferase activity","2/268","3/7601",0.666666666666667,18.907960199005,5.93048830606836,0.00362934276038555,0.0375522123080905,0.0297311116467027,"APOA1/APOE",2
"GO:0090090","negative regulation of canonical Wnt signaling pathway","8/268","72/7601",0.111111111111111,3.15132669983416,3.50620510331895,0.00364520254909915,0.037621067722647,0.029785626358136,"APOE/APP/EGR1/GPC3/CAV1/PTPRU/RBX1/TPBG",8
"GO:0018212","peptidyl-tyrosine modification","9/268","88/7601",0.102272727272727,2.90065298507463,3.42823689377973,0.00368134734269733,0.0377084375679298,0.0298547994498129,"APP/DDR2/EPHA4/EPHA7/FLT1/PLPP3/VTN/CAV1/DDR1",9
"GO:0048678","response to axon injury","6/268","43/7601",0.13953488372093,3.9574800416522,3.7177994356745,0.0036961912548975,0.0377658341469152,0.0299002418883024,"BNIP3/CSPG5/EPHA4/NEO1/PTPRS/RGMA",6
"GO:0007249","canonical NF-kappaB signal transduction","13/268","158/7601",0.0822784810126582,2.33357736633289,3.23821813482313,0.00375163302352053,0.0382367186212678,0.0302730539816304,"GJA1/HMOX1/NDFIP1/NDFIP2/TNFRSF10B/CAV1/OPTN/RBX1/RIOK3/SLC20A1/SQSTM1/TFRC/TGFBR3",13
"GO:0002704","negative regulation of leukocyte mediated immunity","4/268","19/7601",0.210526315789474,5.97093479968578,4.14721287311598,0.0038530530138072,0.0385966364397795,0.0305580107441778,"C4BPA/CD84/HLA-A/NDFIP1",4
"GO:0030501","positive regulation of bone mineralization","4/268","19/7601",0.210526315789474,5.97093479968578,4.14721287311598,0.0038530530138072,0.0385966364397795,0.0305580107441778,"BMP4/CCN1/ACVR2A/BMPR1A",4
"GO:0034250","positive regulation of amide metabolic process","4/268","19/7601",0.210526315789474,5.97093479968578,4.14721287311598,0.0038530530138072,0.0385966364397795,0.0305580107441778,"APOE/CCN1/CLU/EPHA4",4
"GO:1901889","negative regulation of cell junction assembly","4/268","19/7601",0.210526315789474,5.97093479968578,4.14721287311598,0.0038530530138072,0.0385966364397795,0.0305580107441778,"APP/EPHA7/THBS1/CLSTN3",4
"GO:1904707","positive regulation of vascular associated smooth muscle cell proliferation","4/268","19/7601",0.210526315789474,5.97093479968578,4.14721287311598,0.0038530530138072,0.0385966364397795,0.0305580107441778,"ADAMTS1/DDR2/GJA1/BMPR1A",4
"GO:1904752","regulation of vascular associated smooth muscle cell migration","4/268","19/7601",0.210526315789474,5.97093479968578,4.14721287311598,0.0038530530138072,0.0385966364397795,0.0305580107441778,"ADAMTS1/BMP4/DDR2/FAT1",4
"GO:0120039","plasma membrane bounded cell projection morphogenesis","22/268","338/7601",0.0650887573964497,1.84604345138214,3.04176982277125,0.0039265194975589,0.0391406955768859,0.030988757215651,"APLP1/APLP2/APOE/APP/B4GALT5/B4GALT6/EPHA4/EPHA7/IFRD1/NEO1/NTN1/PTPRS/SEMA3C/SLIT2/UNC5B/CLSTN3/DDR1/NRP2/NTN3/RGMA/ROBO1/TPBG",22
"GO:0001501","skeletal system development","16/268","216/7601",0.0740740740740741,2.10088446655611,3.13781056033001,0.00393675086343989,0.0391472038415543,0.0309939099864623,"BMP4/CCN1/CCN2/CHSY1/COL1A1/DDR2/GJA1/HOXA6/MSX2/OGN/SPP2/ACVR2A/BMPR1A/HMGA2/RGN/TIMP1",16
"GO:0046890","regulation of lipid biosynthetic process","8/268","73/7601",0.10958904109589,3.10815784093232,3.45985660395066,0.00397204653109691,0.0393687590056457,0.0311693212582527,"APOC3/APOE/CCN1/EGR1/LDLR/PTGS2/TRIB3/RGN",8
"GO:0001649","osteoblast differentiation","11/268","123/7601",0.0894308943089431,2.53643368523237,3.28402909539273,0.00397829642019371,0.0393687590056457,0.0311693212582527,"BMP4/CCN1/COL1A1/CRIM1/DDR2/GJA1/MSX2/NBR1/ACVR2A/BAMBI/BMPR1A",11
"GO:0055080","monoatomic cation homeostasis","17/268","236/7601",0.0720338983050847,2.04302112319757,3.11168825313503,0.00398836464585742,0.0393730587140563,0.0311727254547819,"ABCB6/APOE/APP/ATP6V1D/BNIP3/HERPUD1/HMOX1/HPX/MT2A/NCOA4/NDFIP1/NEO1/CAV1/RGN/SLC31A1/STC2/TFRC",17
"GO:0031396","regulation of protein ubiquitination","12/268","141/7601",0.0851063829787234,2.41378215306446,3.23933593100349,0.00402183652448276,0.0396078213868941,0.0313585934718073,"HERPUD1/NDFIP1/NDFIP2/RCHY1/SPRY2/TRIB3/ARRDC3/CAV1/GABARAP/PTTG1IP/RBX1/SQSTM1",12
"GO:0031103","axon regeneration","5/268","31/7601",0.161290322580645,4.57450649975927,3.81225856595046,0.00420247903089417,0.0411121690449036,0.0325496265808233,"CSPG5/EPHA4/NEO1/PTPRS/RGMA",5
"GO:0033138","positive regulation of peptidyl-serine phosphorylation","5/268","31/7601",0.161290322580645,4.57450649975927,3.81225856595046,0.00420247903089417,0.0411121690449036,0.0325496265808233,"APP/PTGS2/SPRY2/CAV1/TFRC",5
"GO:0030111","regulation of Wnt signaling pathway","14/268","179/7601",0.0782122905027933,2.21825231384975,3.1530919521385,0.00423121783469005,0.0411188527700647,0.0325549182684968,"APOE/APP/COL1A1/EGR1/FZD7/GPC3/PLPP3/BAMBI/CAV1/MDFIC/PTPRU/RBX1/SHISA2/TPBG",14
"GO:0050776","regulation of immune response","24/268","383/7601",0.0626631853785901,1.77724952262188,2.98390342368992,0.00427129399092003,0.0411188527700647,0.0325549182684968,"APOE/APP/C4A/C4BPA/CLU/HLA-A/HPX/IFI35/MAPK8/NDFIP1/PHPT1/PTPRS/RAB29/TAX1BP1/CAV1/NCR3LG1/PLSCR1/RIOK3/RNF34/SLC19A1/SPPL2B/SQSTM1/TFRC/TRIM41",24
"GO:0043549","regulation of kinase activity","16/268","218/7601",0.073394495412844,2.08161029713816,3.09753324637027,0.00430696893772852,0.0411188527700647,0.0325549182684968,"APOE/CCN1/DDR2/EPHA4/FLT1/LRP6/THBS1/TNFRSF10B/TRIB3/UVRAG/ZNF16/CAV1/DSTYK/HMGA2/JTB/ROBO1",16
"GO:0071248","cellular response to metal ion","8/268","74/7601",0.108108108108108,3.06615570794675,3.41429702676406,0.00432107007645617,0.0411188527700647,0.0325549182684968,"ABCB6/BACE1/BNIP3/CPNE8/HMOX1/MT2A/PTGS2/FOSB",8
"GO:1901800","positive regulation of proteasomal protein catabolic process","8/268","74/7601",0.108108108108108,3.06615570794675,3.41429702676406,0.00432107007645617,0.0411188527700647,0.0325549182684968,"CLU/HERPUD1/PABIR1/RCHY1/TRIB3/CAV1/GABARAP/RBX1",8
"GO:0002043","blood vessel endothelial cell proliferation involved in sprouting angiogenesis","3/268","10/7601",0.3,8.50858208955224,4.54194413425444,0.00432618220972054,0.0411188527700647,0.0325549182684968,"BMP4/HMOX1/THBS1",3
"GO:0010755","regulation of plasminogen activation","3/268","10/7601",0.3,8.50858208955224,4.54194413425444,0.00432618220972054,0.0411188527700647,0.0325549182684968,"SERPINF2/THBS1/PLGRKT",3
"GO:0034143","regulation of toll-like receptor 4 signaling pathway","3/268","10/7601",0.3,8.50858208955224,4.54194413425444,0.00432618220972054,0.0411188527700647,0.0325549182684968,"IFI35/TAX1BP1/SQSTM1",3
"GO:0038065","collagen-activated signaling pathway","3/268","10/7601",0.3,8.50858208955224,4.54194413425444,0.00432618220972054,0.0411188527700647,0.0325549182684968,"COL1A1/DDR2/DDR1",3
"GO:0051044","positive regulation of membrane protein ectodomain proteolysis","3/268","10/7601",0.3,8.50858208955224,4.54194413425444,0.00432618220972054,0.0411188527700647,0.0325549182684968,"APOE/APP/RGMA",3
"GO:1904754","positive regulation of vascular associated smooth muscle cell migration","3/268","10/7601",0.3,8.50858208955224,4.54194413425444,0.00432618220972054,0.0411188527700647,0.0325549182684968,"ADAMTS1/DDR2/FAT1",3
"GO:0048871","multicellular organismal-level homeostasis","23/268","363/7601",0.0633608815426997,1.79703753957485,2.97478888725629,0.0044773772587973,0.0424571713612635,0.0336145016327827,"APOE/BMP4/CCN2/EGR1/GJA1/HMOX1/MAPK8/NEO1/PTGS2/ZNF16/ACVR1B/ACVR2A/ADIPOR1/ARRDC3/CAV1/CLSTN3/CRISPLD1/LPIN1/NMU/PCTP/SQSTM1/TFRC/TGFBR3",23
"GO:0010594","regulation of endothelial cell migration","9/268","91/7601",0.0989010989010989,2.80502706248975,3.31144690391329,0.00460872783572737,0.043601552464393,0.034520539393338,"APOE/APOH/HMOX1/PLPP3/PTGS2/SLIT2/THBS1/NRP2/TGFBR3",9
"GO:0006869","lipid transport","13/268","162/7601",0.0802469135802469,2.27595817210245,3.13812339315728,0.00464285353883372,0.0436136659432848,0.0345301299652705,"APOA1/APOC3/APOE/APOH/CLU/LDLR/LRP10/PRELID3B/PTGS2/THBS1/CAV1/PCTP/PLSCR1",13
"GO:0014911","positive regulation of smooth muscle cell migration","4/268","20/7601",0.2,5.67238805970149,3.99966857283144,0.00468470745023294,0.0436136659432848,0.0345301299652705,"ADAMTS1/DDR2/FAT1/VTN",4
"GO:0021955","central nervous system neuron axonogenesis","4/268","20/7601",0.2,5.67238805970149,3.99966857283144,0.00468470745023294,0.0436136659432848,0.0345301299652705,"B4GALT5/B4GALT6/EPHA4/SLIT2",4
"GO:0038084","vascular endothelial growth factor signaling pathway","4/268","20/7601",0.2,5.67238805970149,3.99966857283144,0.00468470745023294,0.0436136659432848,0.0345301299652705,"FLT1/SPRY2/NRP2/ROBO1",4
"GO:1904738","vascular associated smooth muscle cell migration","4/268","20/7601",0.2,5.67238805970149,3.99966857283144,0.00468470745023294,0.0436136659432848,0.0345301299652705,"ADAMTS1/BMP4/DDR2/FAT1",4
"GO:0050801","monoatomic ion homeostasis","17/268","240/7601",0.0708333333333333,2.00897077114428,3.03633124039637,0.00472580544227157,0.0438354644921681,0.0347057339314449,"ABCB6/APOE/APP/ATP6V1D/BNIP3/HERPUD1/HMOX1/HPX/MT2A/NCOA4/NDFIP1/NEO1/CAV1/RGN/SLC31A1/STC2/TFRC",17
"GO:0010628","positive regulation of gene expression","31/268","541/7601",0.0573012939001848,1.62517587662427,2.88424298109067,0.00472998283363008,0.0438354644921681,0.0347057339314449,"APP/BMP4/CLU/CNBP/EGR1/GJA1/HLA-A/HMOX1/HPX/IL13RA1/LDLR/MAPK8/PTGS2/SERPINF2/SPRY2/THBS1/ACVR1B/BMPR1A/CALCOCO1/CAV1/CD83/HMGA2/PLGRKT/PLSCR1/RBBP9/RIOK3/ROBO1/SLC38A2/TFRC/TGFBR3/WBP2",31
"GO:0031102","neuron projection regeneration","5/268","32/7601",0.15625,4.43155317164179,3.71860303859488,0.00484002758982119,0.044652805326409,0.0353528449830351,"CSPG5/EPHA4/NEO1/PTPRS/RGMA",5
"GO:1904705","regulation of vascular associated smooth muscle cell proliferation","5/268","32/7601",0.15625,4.43155317164179,3.71860303859488,0.00484002758982119,0.044652805326409,0.0353528449830351,"ADAMTS1/BMP4/DDR2/GJA1/BMPR1A",5
"GO:0007423","sensory organ development","17/268","241/7601",0.0705394190871369,2.00063479284078,3.01771738154447,0.00492667199867595,0.04534979382565,0.0359046698054288,"B9D1/BMP4/EPHA4/FAT1/FLT1/GJA1/LRIG1/LRIG3/LRP10/MEIS2/MFSD8/NTN1/SPRY2/ZNF513/ADAM10/CDON/DDR1",17
"GO:0050770","regulation of axonogenesis","8/268","76/7601",0.105263157894737,2.98546739984289,3.32544412633373,0.00508954706151204,0.0467437726750555,0.0370083209156429,"EPHA4/EPHA7/IFRD1/NTN1/PTPRS/SLIT2/RGMA/ROBO1",8
"GO:0003008","system process","34/268","615/7601",0.0552845528455285,1.56797718723456,2.80858460224849,0.00545183674375614,0.0499588716854963,0.039553802573298,"APOA1/APOE/APP/BACE1/BMP4/COL1A1/DGCR2/F5/GJA1/HMOX1/LDLR/LRIG1/MEIS2/MFSD8/NTAN1/PRKAR1B/PTGS2/SERPINF2/SLIT2/SPRY2/TIMP3/ZNF513/CAV1/CHM/CHST10/LPIN1/NMU/REEP6/SLC19A1/SLC38A2/SLC7A8/TFRC/TPBG/UGCG",34
"GO:0010232","vascular transport","5/268","33/7601",0.151515151515152,4.29726368159204,3.62871982876192,0.0055433369187034,0.0503458177483129,0.0398601583347234,"APOE/SLC19A1/SLC38A2/SLC7A8/TFRC",5
"GO:0042475","odontogenesis of dentin-containing tooth","5/268","33/7601",0.151515151515152,4.29726368159204,3.62871982876192,0.0055433369187034,0.0503458177483129,0.0398601583347234,"BMP4/MSX2/ACVR2A/BMPR1A/RELT",5
"GO:0150104","transport across blood-brain barrier","5/268","33/7601",0.151515151515152,4.29726368159204,3.62871982876192,0.0055433369187034,0.0503458177483129,0.0398601583347234,"APOE/SLC19A1/SLC38A2/SLC7A8/TFRC",5
"GO:1990874","vascular associated smooth muscle cell proliferation","5/268","33/7601",0.151515151515152,4.29726368159204,3.62871982876192,0.0055433369187034,0.0503458177483129,0.0398601583347234,"ADAMTS1/BMP4/DDR2/GJA1/BMPR1A",5
"GO:0009725","response to hormone","26/268","435/7601",0.0597701149425287,1.69519643163493,2.85461216016181,0.00555957268120342,0.0503813160711272,0.0398882633259874,"CLOCK/COL1A1/DDR2/EGR1/FAT1/GCNT1/LRP6/NCOA4/PRKAR1A/PTGS2/SLIT2/THBS1/TIMP3/TRIB3/ADIPOR1/CALCOCO1/CAV1/FOSB/LPIN1/PTPRU/RBX1/STC2/TGFBR3/TIMP1/UGCG/WBP2",26
"GO:0048679","regulation of axon regeneration","4/268","21/7601",0.19047619047619,5.40227434257285,3.86176194709815,0.00562905213723327,0.0504516142212113,0.0399439202905242,"EPHA4/NEO1/PTPRS/RGMA",4
"GO:0070570","regulation of neuron projection regeneration","4/268","21/7601",0.19047619047619,5.40227434257285,3.86176194709815,0.00562905213723327,0.0504516142212113,0.0399439202905242,"EPHA4/NEO1/PTPRS/RGMA",4
"GO:0150076","neuroinflammatory response","4/268","21/7601",0.19047619047619,5.40227434257285,3.86176194709815,0.00562905213723327,0.0504516142212113,0.0399439202905242,"APP/CLU/LDLR/PTGS2",4
"GO:1904646","cellular response to amyloid-beta","4/268","21/7601",0.19047619047619,5.40227434257285,3.86176194709815,0.00562905213723327,0.0504516142212113,0.0399439202905242,"APP/BACE1/EPHA4/GJA1",4
"GO:1903322","positive regulation of protein modification by small protein conjugation or removal","9/268","94/7601",0.0957446808510638,2.71550492219752,3.19930789709655,0.00570872192342246,0.0506628627980656,0.0401111715558326,"NDFIP1/NDFIP2/RCHY1/TRIB3/ARRDC3/CAV1/GABARAP/PTTG1IP/RBX1",9
"GO:0044344","cellular response to fibroblast growth factor stimulus","6/268","47/7601",0.127659574468085,3.6206732295967,3.44513830824485,0.00578980454375953,0.0506628627980656,0.0401111715558326,"CCN2/COL1A1/SPRY2/THBS1/DSTYK/SHISA2",6
"GO:0010042","response to manganese ion","3/268","11/7601",0.272727272727273,7.73507462686567,4.27318029938246,0.00579477275095587,0.0506628627980656,0.0401111715558326,"BACE1/PTGS2/TFRC",3
"GO:0010875","positive regulation of cholesterol efflux","3/268","11/7601",0.272727272727273,7.73507462686567,4.27318029938246,0.00579477275095587,0.0506628627980656,0.0401111715558326,"APOA1/APOE/CAV1",3
"GO:0055090","acylglycerol homeostasis","3/268","11/7601",0.272727272727273,7.73507462686567,4.27318029938246,0.00579477275095587,0.0506628627980656,0.0401111715558326,"APOA1/APOC3/APOE",3
"GO:0070328","triglyceride homeostasis","3/268","11/7601",0.272727272727273,7.73507462686567,4.27318029938246,0.00579477275095587,0.0506628627980656,0.0401111715558326,"APOA1/APOC3/APOE",3
"GO:0016055","Wnt signaling pathway","17/268","245/7601",0.0693877551020408,1.96797136765154,2.94413719322552,0.00580137504024827,0.0506628627980656,0.0401111715558326,"APOE/APP/COL1A1/EGR1/FZD7/GPC3/LRP6/PLPP3/BAMBI/CALCOCO1/CAV1/DAAM1/MDFIC/PTPRU/RBX1/SHISA2/TPBG",17
"GO:0043434","response to peptide hormone","16/268","225/7601",0.0711111111111111,2.01684908789386,2.95985652062842,0.00583414464132322,0.0508404033029595,0.0402517352203514,"COL1A1/DDR2/EGR1/FAT1/GCNT1/LRP6/PRKAR1A/PTGS2/TRIB3/ADIPOR1/CAV1/LPIN1/RBX1/STC2/TGFBR3/TIMP1",16
"GO:0030100","regulation of endocytosis","12/268","148/7601",0.0810810810810811,2.29961678096006,3.05220681815123,0.00592582035863983,0.0512758906351041,0.0405965224298636,"APOA1/APOC3/APOE/APP/C4A/CD151/CLU/GPC3/SDCBP/VTN/CAV1/PLSCR1",12
"GO:2001236","regulation of extrinsic apoptotic signaling pathway","8/268","78/7601",0.102564102564103,2.90891695369307,3.2394565271148,0.00595852395927589,0.051376555741689,0.0406762217428694,"APP/BMP4/HMOX1/ITM2C/THBS1/UNC5B/CAV1/RNF34",8
"GO:0031347","regulation of defense response","21/268","330/7601",0.0636363636363636,1.80485074626866,2.85764712631378,0.00619755344436731,0.0533250545834299,0.0422189014692191,"APOA1/APOE/APP/CLOCK/HLA-A/HPX/IFI35/LDLR/MAPK8/NDFIP1/PTGS2/PTPRS/TAX1BP1/CAV1/OPTN/PLSCR1/RIOK3/RNF34/SLC19A1/SQSTM1/TRIM41",21
"GO:0044255","cellular lipid metabolic process","26/268","439/7601",0.0592255125284738,1.67975045048108,2.80477454000732,0.00625409163436136,0.0536984716588968,0.0425145459620231,"APOA1/APOC3/APOE/APOH/B4GALT5/B4GALT6/CCN1/CREM/HMGCS1/LDLR/MFSD8/NEU1/PI4K2A/PIPSL/PLPP3/PTGS2/SERINC1/TRIB3/UVRAG/ADIPOR1/CAV1/IDI1/LPIN1/PLSCR1/RGN/UGCG",26
"GO:0002698","negative regulation of immune effector process","5/268","34/7601",0.147058823529412,4.17087357330992,3.54233694540312,0.0063158421283292,0.0541019713929229,0.0428340077168545,"APOA1/C4BPA/CD84/HLA-A/NDFIP1",5
"GO:0051960","regulation of nervous system development","15/268","207/7601",0.072463768115942,2.05521306510924,2.94251686076376,0.00632756112694327,0.0541019713929229,0.0428340077168545,"APP/EPHA4/EPHA7/IFRD1/LDLR/NTN1/PTPRS/SLIT2/BMPR1A/CDON/CLSTN3/LPIN1/RGMA/ROBO1/TPBG",15
"GO:0003231","cardiac ventricle development","7/268","63/7601",0.111111111111111,3.15132669983416,3.2777960387845,0.0064123620376094,0.0545985909327284,0.0432271949640599,"BMP4/CCN1/SEMA3C/SLIT2/BMPR1A/ROBO1/TGFBR3",7
"GO:0050768","negative regulation of neurogenesis","7/268","63/7601",0.111111111111111,3.15132669983416,3.2777960387845,0.0064123620376094,0.0545985909327284,0.0432271949640599,"EPHA7/IFRD1/LDLR/NTN1/PTPRS/BMPR1A/RGMA",7
"GO:0071774","response to fibroblast growth factor","6/268","48/7601",0.125,3.54524253731343,3.38160907070799,0.00642612029104519,0.0546019825977166,0.0432298802378223,"CCN2/COL1A1/SPRY2/THBS1/DSTYK/SHISA2",6
"GO:0009617","response to bacterium","14/268","188/7601",0.074468085106383,2.11205938393141,2.95150317272334,0.00651075300627607,0.0552063226901459,0.0437083527872737,"APP/BNIP3/C4BPA/GPC3/HLA-A/IFNAR1/MAPK8/PTGS2/RAB29/RNASE4/CAV1/NCR3LG1/OPTN/TRIM41",14
"GO:0062207","regulation of pattern recognition receptor signaling pathway","9/268","96/7601",0.09375,2.65893190298507,3.12695893622656,0.00654785763896893,0.0554059920713582,0.0438664364872845,"APP/IFI35/MAPK8/PTPRS/TAX1BP1/CAV1/RIOK3/SLC19A1/SQSTM1",9
"GO:0090497","mesenchymal cell migration","4/268","22/7601",0.181818181818182,5.15671641791045,3.73240819530509,0.00669241581600771,0.0560036098002811,0.0443395867580298,"BMP4/SEMA3C/NRP2/TPBG",4
"GO:1904645","response to amyloid-beta","4/268","22/7601",0.181818181818182,5.15671641791045,3.73240819530509,0.00669241581600771,0.0560036098002811,0.0443395867580298,"APP/BACE1/EPHA4/GJA1",4
"GO:0007162","negative regulation of cell adhesion","10/268","114/7601",0.087719298245614,2.48788949986908,3.05986692127876,0.00678240256237254,0.0560036098002811,0.0443395867580298,"APOA1/BMP4/COL1A1/EPHA4/FZD7/NDFIP1/PRKAR1A/SPINT2/THBS1/ADAM10",10
"GO:2000060","positive regulation of ubiquitin-dependent protein catabolic process","7/268","64/7601",0.109375,3.10208722014925,3.22830688174814,0.00698895261208891,0.0560036098002811,0.0443395867580298,"CLU/HERPUD1/PABIR1/RCHY1/TRIB3/GABARAP/RBX1",7
"GO:0043583","ear development","9/268","97/7601",0.0927835051546392,2.63152023388214,3.09147165795034,0.00700144798038535,0.0560036098002811,0.0443395867580298,"BMP4/EPHA4/LRIG1/LRIG3/LRP10/NTN1/SPRY2/ADAM10/DDR1",9
"GO:0010757","negative regulation of plasminogen activation","2/268","4/7601",0.5,14.1809701492537,5.04068617274325,0.00708978331316443,0.0560036098002811,0.0443395867580298,"SERPINF2/THBS1",2
"GO:0010989","negative regulation of low-density lipoprotein particle clearance","2/268","4/7601",0.5,14.1809701492537,5.04068617274325,0.00708978331316443,0.0560036098002811,0.0443395867580298,"APOC3/LDLR",2
"GO:0016199","axon midline choice point recognition","2/268","4/7601",0.5,14.1809701492537,5.04068617274325,0.00708978331316443,0.0560036098002811,0.0443395867580298,"APP/ROBO1",2
"GO:0021891","olfactory bulb interneuron development","2/268","4/7601",0.5,14.1809701492537,5.04068617274325,0.00708978331316443,0.0560036098002811,0.0443395867580298,"SLIT2/ROBO1",2
"GO:0021957","corticospinal tract morphogenesis","2/268","4/7601",0.5,14.1809701492537,5.04068617274325,0.00708978331316443,0.0560036098002811,0.0443395867580298,"EPHA4/SLIT2",2
"GO:0022028","tangential migration from the subventricular zone to the olfactory bulb","2/268","4/7601",0.5,14.1809701492537,5.04068617274325,0.00708978331316443,0.0560036098002811,0.0443395867580298,"SLIT2/ROBO1",2
"GO:0030299","intestinal cholesterol absorption","2/268","4/7601",0.5,14.1809701492537,5.04068617274325,0.00708978331316443,0.0560036098002811,0.0443395867580298,"APOA1/LDLR",2
"GO:0032372","negative regulation of sterol transport","2/268","4/7601",0.5,14.1809701492537,5.04068617274325,0.00708978331316443,0.0560036098002811,0.0443395867580298,"APOC3/APOE",2
"GO:0032375","negative regulation of cholesterol transport","2/268","4/7601",0.5,14.1809701492537,5.04068617274325,0.00708978331316443,0.0560036098002811,0.0443395867580298,"APOC3/APOE",2
"GO:0032713","negative regulation of interleukin-4 production","2/268","4/7601",0.5,14.1809701492537,5.04068617274325,0.00708978331316443,0.0560036098002811,0.0443395867580298,"NDFIP1/CD83",2
"GO:0034447","very-low-density lipoprotein particle clearance","2/268","4/7601",0.5,14.1809701492537,5.04068617274325,0.00708978331316443,0.0560036098002811,0.0443395867580298,"APOC3/APOE",2
"GO:0035385","Roundabout signaling pathway","2/268","4/7601",0.5,14.1809701492537,5.04068617274325,0.00708978331316443,0.0560036098002811,0.0443395867580298,"SLIT2/ROBO1",2
"GO:0038060","nitric oxide-cGMP-mediated signaling","2/268","4/7601",0.5,14.1809701492537,5.04068617274325,0.00708978331316443,0.0560036098002811,0.0443395867580298,"APOE/THBS1",2
"GO:0042985","negative regulation of amyloid precursor protein biosynthetic process","2/268","4/7601",0.5,14.1809701492537,5.04068617274325,0.00708978331316443,0.0560036098002811,0.0443395867580298,"ITM2B/ITM2C",2
"GO:0060346","bone trabecula formation","2/268","4/7601",0.5,14.1809701492537,5.04068617274325,0.00708978331316443,0.0560036098002811,0.0443395867580298,"COL1A1/MSX2",2
"GO:0060363","cranial suture morphogenesis","2/268","4/7601",0.5,14.1809701492537,5.04068617274325,0.00708978331316443,0.0560036098002811,0.0443395867580298,"BMP4/MSX2",2
"GO:0061626","pharyngeal arch artery morphogenesis","2/268","4/7601",0.5,14.1809701492537,5.04068617274325,0.00708978331316443,0.0560036098002811,0.0443395867580298,"BMP4/BMPR1A",2
"GO:0071503","response to heparin","2/268","4/7601",0.5,14.1809701492537,5.04068617274325,0.00708978331316443,0.0560036098002811,0.0443395867580298,"EGR1/SLIT2",2
"GO:0072110","glomerular mesangial cell proliferation","2/268","4/7601",0.5,14.1809701492537,5.04068617274325,0.00708978331316443,0.0560036098002811,0.0443395867580298,"BMP4/EGR1",2
"GO:0072124","regulation of glomerular mesangial cell proliferation","2/268","4/7601",0.5,14.1809701492537,5.04068617274325,0.00708978331316443,0.0560036098002811,0.0443395867580298,"BMP4/EGR1",2
"GO:1901098","positive regulation of autophagosome maturation","2/268","4/7601",0.5,14.1809701492537,5.04068617274325,0.00708978331316443,0.0560036098002811,0.0443395867580298,"CALCOCO2/UVRAG",2
"GO:0021954","central nervous system neuron development","6/268","49/7601",0.122448979591837,3.47289064879683,3.31974948585595,0.00711178700424417,0.0560036098002811,0.0443395867580298,"B4GALT5/B4GALT6/EPHA4/SLIT2/NRP2/ROBO1",6
"GO:0030301","cholesterol transport","6/268","49/7601",0.122448979591837,3.47289064879683,3.31974948585595,0.00711178700424417,0.0560036098002811,0.0443395867580298,"APOA1/APOC3/APOE/CLU/LDLR/CAV1",6
"GO:0050921","positive regulation of chemotaxis","6/268","49/7601",0.122448979591837,3.47289064879683,3.31974948585595,0.00711178700424417,0.0560036098002811,0.0443395867580298,"APP/SLIT2/THBS1/ADAM10/STX3/TPBG",6
"GO:0003170","heart valve development","5/268","35/7601",0.142857142857143,4.05170575692964,3.45920947091333,0.00716091879339959,0.0562820675165849,0.0445600493338266,"BMP4/CCN1/SLIT2/BMPR1A/ROBO1",5
"GO:0045860","positive regulation of protein kinase activity","9/268","98/7601",0.0918367346938776,2.60466798659762,3.05642753635347,0.00747874760228816,0.0575010146141326,0.0455251230277887,"CCN1/DDR2/EPHA4/FLT1/THBS1/TNFRSF10B/HMGA2/JTB/ROBO1",9
"GO:0003177","pulmonary valve development","3/268","12/7601",0.25,7.09048507462687,4.03630132529473,0.00752704742318595,0.0575010146141326,0.0455251230277887,"BMP4/SLIT2/ROBO1",3
"GO:0003272","endocardial cushion formation","3/268","12/7601",0.25,7.09048507462687,4.03630132529473,0.00752704742318595,0.0575010146141326,0.0455251230277887,"MSX2/BMPR1A/ROBO1",3
"GO:0010714","positive regulation of collagen metabolic process","3/268","12/7601",0.25,7.09048507462687,4.03630132529473,0.00752704742318595,0.0575010146141326,0.0455251230277887,"BMP4/DDR2/SERPINF2",3
"GO:0032369","negative regulation of lipid transport","3/268","12/7601",0.25,7.09048507462687,4.03630132529473,0.00752704742318595,0.0575010146141326,0.0455251230277887,"APOC3/APOE/THBS1",3
"GO:0035116","embryonic hindlimb morphogenesis","3/268","12/7601",0.25,7.09048507462687,4.03630132529473,0.00752704742318595,0.0575010146141326,0.0455251230277887,"BMP4/GPC3/MSX2",3
"GO:0061450","trophoblast cell migration","3/268","12/7601",0.25,7.09048507462687,4.03630132529473,0.00752704742318595,0.0575010146141326,0.0455251230277887,"GJA1/ACVR1B/TIMP1",3
"GO:0090050","positive regulation of cell migration involved in sprouting angiogenesis","3/268","12/7601",0.25,7.09048507462687,4.03630132529473,0.00752704742318595,0.0575010146141326,0.0455251230277887,"HMOX1/PTGS2/TGFBR3",3
"GO:1901163","regulation of trophoblast cell migration","3/268","12/7601",0.25,7.09048507462687,4.03630132529473,0.00752704742318595,0.0575010146141326,0.0455251230277887,"GJA1/ACVR1B/TIMP1",3
"GO:1902004","positive regulation of amyloid-beta formation","3/268","12/7601",0.25,7.09048507462687,4.03630132529473,0.00752704742318595,0.0575010146141326,0.0455251230277887,"APOE/CLU/EPHA4",3
"GO:0002684","positive regulation of immune system process","26/268","446/7601",0.0582959641255605,1.65338665417308,2.7187308825784,0.0076429601684008,0.0582775712840561,0.0461399441430952,"APP/C4A/C4BPA/CLU/HLA-A/HPX/IFI35/IL13RA1/MAPK8/PHPT1/PTPRS/RAB29/TAX1BP1/THBS1/ADAM10/CAV1/CD320/CD83/NCR3LG1/PLSCR1/RIOK3/RNF34/SLC19A1/SQSTM1/TFRC/TRIM41",26
"GO:0002062","chondrocyte differentiation","6/268","50/7601",0.12,3.4034328358209,3.25947840397587,0.00784887954632159,0.0592073346219012,0.0468760631598842,"BMP4/CCN2/CHSY1/MSX2/BMPR1A/HMGA2",6
"GO:0032436","positive regulation of proteasomal ubiquitin-dependent protein catabolic process","6/268","50/7601",0.12,3.4034328358209,3.25947840397587,0.00784887954632159,0.0592073346219012,0.0468760631598842,"CLU/PABIR1/RCHY1/TRIB3/GABARAP/RBX1",6
"GO:0042476","odontogenesis","6/268","50/7601",0.12,3.4034328358209,3.25947840397587,0.00784887954632159,0.0592073346219012,0.0468760631598842,"BMP4/COL1A1/MSX2/ACVR2A/BMPR1A/RELT",6
"GO:0003197","endocardial cushion development","4/268","23/7601",0.173913043478261,4.93251135626217,3.61068792547696,0.00788079031913733,0.0592073346219012,0.0468760631598842,"BMP4/MSX2/BMPR1A/ROBO1",4
"GO:0033344","cholesterol efflux","4/268","23/7601",0.173913043478261,4.93251135626217,3.61068792547696,0.00788079031913733,0.0592073346219012,0.0468760631598842,"APOA1/APOC3/APOE/CAV1",4
"GO:0048662","negative regulation of smooth muscle cell proliferation","4/268","23/7601",0.173913043478261,4.93251135626217,3.61068792547696,0.00788079031913733,0.0592073346219012,0.0468760631598842,"APOE/BMP4/HMOX1/OGN",4
"GO:0070169","positive regulation of biomineral tissue development","4/268","23/7601",0.173913043478261,4.93251135626217,3.61068792547696,0.00788079031913733,0.0592073346219012,0.0468760631598842,"BMP4/CCN1/ACVR2A/BMPR1A",4
"GO:0010001","glial cell differentiation","11/268","135/7601",0.0814814814814815,2.31097291321172,2.9379876148236,0.00797779892466191,0.0598261728533821,0.0473660142818169,"APP/B4GALT5/B4GALT6/BNIP3/CLU/CSPG5/EPHA4/LDLR/MFSD8/PLPP3/VTN",11
"GO:0046486","glycerolipid metabolic process","13/268","173/7601",0.0751445086705202,2.13124406867397,2.87724450833912,0.00799723091739301,0.0598620563358704,0.0473944242145096,"APOA1/APOC3/APOE/APOH/LDLR/PI4K2A/PIPSL/SERINC1/UVRAG/CAV1/LPIN1/PLSCR1/RGN",13
"GO:0008543","fibroblast growth factor receptor signaling pathway","5/268","36/7601",0.138888888888889,3.9391583747927,3.37911617546859,0.00808187170231859,0.0601981505997488,0.0476605192184791,"CCN2/SPRY2/THBS1/DSTYK/SHISA2",5
"GO:0042733","embryonic digit morphogenesis","5/268","36/7601",0.138888888888889,3.9391583747927,3.37911617546859,0.00808187170231859,0.0601981505997488,0.0476605192184791,"B9D1/BMP4/GJA1/MSX2/BMPR1A",5
"GO:0009790","embryo development","33/268","608/7601",0.0542763157894737,1.53938162804399,2.65063254471905,0.00808631873727969,0.0601981505997488,0.0476605192184791,"APOA1/B4GALT5/B9D1/BMP4/CCN1/COL1A1/FLT1/FZD7/GJA1/GPC3/HOXA6/LRIG1/LRIG3/LRP6/MEIS2/MSX2/NTN1/PLPP3/PRKAR1A/SEMA3C/SPINT2/SPRY2/VTN/ACVR1B/ACVR2A/ADAM10/BMPR1A/CDON/DSC3/HMGA2/MARCKS/NRP2/RGMA",33
"GO:1903320","regulation of protein modification by small protein conjugation or removal","13/268","175/7601",0.0742857142857143,2.10688699360341,2.8319017827249,0.00877364025721455,0.0651961231477015,0.0516175505276125,"EGR1/HERPUD1/NDFIP1/NDFIP2/RCHY1/SPRY2/TRIB3/ARRDC3/CAV1/GABARAP/PTTG1IP/RBX1/SQSTM1",13
"GO:0030182","neuron differentiation","36/268","682/7601",0.0527859237536657,1.49711121810303,2.60110232017816,0.00879250719215858,0.0652177439098949,0.0516346682752803,"APLP1/APLP2/APOE/APP/B4GALT5/B4GALT6/BMP4/CSPG5/DDR2/EPHA4/EPHA7/FZD7/IFRD1/ITM2C/LRP6/MFSD8/NEO1/NTN1/PTPRS/RAB29/SEMA3C/SLIT2/UNC5B/ZNF521/BMPR1A/CDON/CLSTN3/DDR1/NRP2/NTN3/PTPRU/RGMA/ROBO1/STX3/TPBG/UGCG",36
"GO:0002088","lens development in camera-type eye","5/268","37/7601",0.135135135135135,3.83269463493344,3.30185663599357,0.00908192430093624,0.0669895469781191,0.0530374531340033,"BMP4/FAT1/GJA1/SPRY2/CDON",5
"GO:0019217","regulation of fatty acid metabolic process","5/268","37/7601",0.135135135135135,3.83269463493344,3.30185663599357,0.00908192430093624,0.0669895469781191,0.0530374531340033,"APOC3/PTGS2/TRIB3/CAV1/RGN",5
"GO:0046889","positive regulation of lipid biosynthetic process","5/268","37/7601",0.135135135135135,3.83269463493344,3.30185663599357,0.00908192430093624,0.0669895469781191,0.0530374531340033,"APOE/CCN1/LDLR/PTGS2/RGN",5
"GO:0042110","T cell activation","16/268","236/7601",0.0677966101694915,1.9228434100683,2.75315708831399,0.00909694117270763,0.0669895469781191,0.0530374531340033,"BMP4/CD151/CD84/EGR1/FZD7/GJA1/HLA-A/MFAP3/NDFIP1/PRKAR1A/RAB29/CAV1/CD83/NCR3LG1/RBX1/TFRC",16
"GO:0002712","regulation of B cell mediated immunity","4/268","24/7601",0.166666666666667,4.72699004975124,3.49581596309833,0.00919981074448355,0.0672623014538538,0.0532534002985452,"C4BPA/HPX/NDFIP1/TFRC",4
"GO:0002889","regulation of immunoglobulin mediated immune response","4/268","24/7601",0.166666666666667,4.72699004975124,3.49581596309833,0.00919981074448355,0.0672623014538538,0.0532534002985452,"C4BPA/HPX/NDFIP1/TFRC",4
"GO:0045778","positive regulation of ossification","4/268","24/7601",0.166666666666667,4.72699004975124,3.49581596309833,0.00919981074448355,0.0672623014538538,0.0532534002985452,"BMP4/CCN1/ACVR2A/BMPR1A",4
"GO:0001667","ameboidal-type cell migration","11/268","138/7601",0.0797101449275362,2.26073437162016,2.85719424234893,0.00935035240941118,0.0682408755308277,0.0540281641100187,"BMP4/DDR2/GJA1/GPC3/SEMA3C/THBS1/ACVR1B/ADIPOR1/NRP2/TIMP1/TPBG",11
"GO:0006629","lipid metabolic process","32/268","591/7601",0.0541455160744501,1.53567189433543,2.59219066615132,0.00938784643986563,0.0683546444340866,0.0541182380565805,"APOA1/APOC3/APOE/APOH/APP/B4GALT5/B4GALT6/CCN1/CLU/CREM/EGR1/HMGCS1/LDLR/LRP10/MFSD8/NEU1/PI4K2A/PIPSL/PLPP3/PTGS2/SERINC1/TRIB3/UVRAG/ADIPOR1/CAV1/CHST10/CLSTN3/IDI1/LPIN1/PLSCR1/RGN/UGCG",32
"GO:0015918","sterol transport","6/268","52/7601",0.115384615384615,3.27253157290471,3.14340424625517,0.00948554473887572,0.0683546444340866,0.0541182380565805,"APOA1/APOC3/APOE/CLU/LDLR/CAV1",6
"GO:0043405","regulation of MAP kinase activity","6/268","52/7601",0.115384615384615,3.27253157290471,3.14340424625517,0.00948554473887572,0.0683546444340866,0.0541182380565805,"APOE/EPHA4/FLT1/THBS1/TRIB3/ROBO1",6
"GO:0010288","response to lead ion","3/268","13/7601",0.230769230769231,6.54506314580941,3.82514464086669,0.00953318995043537,0.0683546444340866,0.0541182380565805,"BACE1/PTGS2/PLSCR1",3
"GO:0030517","negative regulation of axon extension","3/268","13/7601",0.230769230769231,6.54506314580941,3.82514464086669,0.00953318995043537,0.0683546444340866,0.0541182380565805,"IFRD1/NTN1/PTPRS",3
"GO:0032965","regulation of collagen biosynthetic process","3/268","13/7601",0.230769230769231,6.54506314580941,3.82514464086669,0.00953318995043537,0.0683546444340866,0.0541182380565805,"BMP4/DDR2/SERPINF2",3
"GO:0061900","glial cell activation","3/268","13/7601",0.230769230769231,6.54506314580941,3.82514464086669,0.00953318995043537,0.0683546444340866,0.0541182380565805,"APP/CLU/LDLR",3
"GO:0098696","regulation of neurotransmitter receptor localization to postsynaptic specialization membrane","3/268","13/7601",0.230769230769231,6.54506314580941,3.82514464086669,0.00953318995043537,0.0683546444340866,0.0541182380565805,"ADAM10/GABARAP/NETO2",3
"GO:0007389","pattern specification process","13/268","177/7601",0.0734463276836158,2.08308036090733,2.78715860514773,0.00960816447121924,0.0687715730190421,0.0544483317992957,"BMP4/CHSY1/GJA1/GPC3/HOXA6/MEIS2/MSX2/SEMA3C/ACVR2A/BMPR1A/CDON/NRP2/ROBO1",13
"GO:0051896","regulation of phosphatidylinositol 3-kinase/protein kinase B signal transduction","9/268","102/7601",0.0882352941176471,2.50252414398595,2.92047315881744,0.00964062337042009,0.0688832652358512,0.0545367615765023,"APP/DDR2/FLT1/PROS1/SPRY2/THBS1/UNC5B/DDR1/TPBG",9
"GO:0021953","central nervous system neuron differentiation","8/268","85/7601",0.0941176470588235,2.66935908691835,2.95868815672338,0.00990818410329546,0.0706714632289154,0.055952526744797,"B4GALT5/B4GALT6/EPHA4/LRP6/SLIT2/BMPR1A/NRP2/ROBO1",8
"GO:0045785","positive regulation of cell adhesion","15/268","218/7601",0.0688073394495413,1.95150965356703,2.72494889699598,0.0100133144152658,0.0712968920125284,0.0564476957867725,"APOA1/CCN1/CSPG5/EDIL3/EPHA4/GCNT1/HLA-A/PLPP3/SERPINF2/VTN/CAV1/CD83/PTPRU/STX3/TFRC",15
"GO:1903036","positive regulation of response to wounding","5/268","38/7601",0.131578947368421,3.73183424980361,3.22724877310776,0.0101642088418749,0.0722454287595522,0.0571986782241159,"APOH/DDR2/SERPINF2/THBS1/VTN",5
"GO:0010508","positive regulation of autophagy","9/268","103/7601",0.087378640776699,2.47822779307347,2.88749079503302,0.010248181934753,0.0727158325821795,0.0575711097723513,"BNIP3/CALCOCO2/HMOX1/PLEKHF1/TMEM59/TRIM23/UVRAG/OPTN/SQSTM1",9
"GO:0061387","regulation of extent of cell growth","6/268","53/7601",0.113207547169811,3.21078569417066,3.08746458965313,0.010389155874184,0.0735883536530154,0.0582619085236551,"APOE/EPHA7/IFRD1/NTN1/PTPRS/RGMA",6
"GO:0001704","formation of primary germ layer","7/268","69/7601",0.101449275362319,2.87729829115293,2.99458072715668,0.0104642832809998,0.0738644659230507,0.0584805141456114,"BMP4/FZD7/GJA1/PRKAR1A/VTN/BMPR1A/HMGA2",7
"GO:0007224","smoothened signaling pathway","7/268","69/7601",0.101449275362319,2.87729829115293,2.99458072715668,0.0104642832809998,0.0738644659230507,0.0584805141456114,"B9D1/CHSY1/GPC3/MGRN1/CDON/TCTN3/TXNDC15",7
"GO:1901873","regulation of post-translational protein modification","13/268","179/7601",0.0726256983240224,2.05980572000334,2.74299900651369,0.010503646106383,0.0740144855806677,0.0585992888040314,"EGR1/HERPUD1/NDFIP1/NDFIP2/RCHY1/SPRY2/TRIB3/ARRDC3/CAV1/GABARAP/PTTG1IP/RBX1/SQSTM1",13
"GO:0048839","inner ear development","8/268","86/7601",0.0930232558139535,2.63832002776814,2.920900911045,0.0106013943446251,0.0744374712798517,0.0589341781294384,"BMP4/EPHA4/LRIG1/LRIG3/LRP10/NTN1/SPRY2/ADAM10",8
"GO:0043085","positive regulation of catalytic activity","20/268","325/7601",0.0615384615384615,1.74535017221584,2.62536107635064,0.0106479832386198,0.0744374712798517,0.0589341781294384,"APOA1/APOE/APOH/CCN1/DDR2/EPHA4/FLT1/MAPK8/SERINC1/THBS1/TNFRSF10B/TRIB3/ZNF16/ARRDC3/DSTYK/HMGA2/JTB/PDCD2/PLSCR1/ROBO1",20
"GO:0010596","negative regulation of endothelial cell migration","4/268","25/7601",0.16,4.53791044776119,3.38711707159724,0.0106547395886257,0.0744374712798517,0.0589341781294384,"APOE/APOH/SLIT2/THBS1",4
"GO:0032371","regulation of sterol transport","4/268","25/7601",0.16,4.53791044776119,3.38711707159724,0.0106547395886257,0.0744374712798517,0.0589341781294384,"APOA1/APOC3/APOE/CAV1",4
"GO:0032374","regulation of cholesterol transport","4/268","25/7601",0.16,4.53791044776119,3.38711707159724,0.0106547395886257,0.0744374712798517,0.0589341781294384,"APOA1/APOC3/APOE/CAV1",4
"GO:0045088","regulation of innate immune response","15/268","220/7601",0.0681818181818182,1.93376865671642,2.68674457433482,0.0108365630640893,0.0755785550220696,0.0598376052793433,"APOE/APP/HLA-A/HPX/IFI35/MAPK8/PTPRS/TAX1BP1/CAV1/PLSCR1/RIOK3/RNF34/SLC19A1/SQSTM1/TRIM41",15
"GO:0000902","cell morphogenesis","28/268","505/7601",0.0554455445544554,1.5725432244717,2.54554345838218,0.0109987756226735,0.0765792094886991,0.0606298507380941,"APLP1/APLP2/APOE/APP/B4GALT5/B4GALT6/CLU/CSPG5/EPHA4/EPHA7/FAT1/IFRD1/NEO1/NTN1/PTPRS/SEMA3C/SLIT2/SPINT2/UNC5B/BAMBI/C1GALT1C1/CLSTN3/DDR1/NRP2/NTN3/RGMA/ROBO1/TPBG",28
"GO:0031175","neuron projection development","28/268","506/7601",0.0553359683794466,1.56943543153796,2.53441012893824,0.0112780032172403,0.0772058584825344,0.061125985853814,"APLP1/APLP2/APOE/APP/B4GALT5/B4GALT6/CSPG5/DDR2/EPHA4/EPHA7/IFRD1/ITM2C/NEO1/NTN1/PTPRS/RAB29/SEMA3C/SLIT2/UNC5B/CLSTN3/DDR1/NRP2/NTN3/PTPRU/RGMA/ROBO1/STX3/TPBG",28
"GO:0003002","regionalization","12/268","161/7601",0.0745341614906832,2.11393343839807,2.73098340939286,0.0113033917328089,0.0772058584825344,0.061125985853814,"BMP4/CHSY1/GJA1/GPC3/HOXA6/MSX2/SEMA3C/ACVR2A/BMPR1A/CDON/NRP2/ROBO1",12
"GO:1903050","regulation of proteolysis involved in protein catabolic process","12/268","161/7601",0.0745341614906832,2.11393343839807,2.73098340939286,0.0113033917328089,0.0772058584825344,0.061125985853814,"APOE/CLU/EPHA4/HERPUD1/PABIR1/RCHY1/TRIB3/CAV1/GABARAP/GABARAPL2/RBX1/RGN",12
"GO:0046330","positive regulation of JNK cascade","5/268","39/7601",0.128205128205128,3.63614619211634,3.15512673613815,0.0113317572456999,0.0772058584825344,0.061125985853814,"APP/CCN2/FZD7/SDCBP/SERPINF2",5
"GO:0008610","lipid biosynthetic process","20/268","327/7601",0.0611620795107034,1.73467524761514,2.59606753787015,0.0113425616353647,0.0772058584825344,0.061125985853814,"APOA1/APOC3/APOE/B4GALT5/B4GALT6/CCN1/EGR1/HMGCS1/LDLR/PI4K2A/PIPSL/PTGS2/SERINC1/TRIB3/UVRAG/IDI1/LPIN1/PLSCR1/RGN/UGCG",20
"GO:0003129","heart induction","2/268","5/7601",0.4,11.344776119403,4.42330586210203,0.0115421530542766,0.0772058584825344,0.061125985853814,"BMP4/ROBO1",2
"GO:0003223","ventricular compact myocardium morphogenesis","2/268","5/7601",0.4,11.344776119403,4.42330586210203,0.0115421530542766,0.0772058584825344,0.061125985853814,"BMPR1A/TGFBR3",2
"GO:0010985","negative regulation of lipoprotein particle clearance","2/268","5/7601",0.4,11.344776119403,4.42330586210203,0.0115421530542766,0.0772058584825344,0.061125985853814,"APOC3/LDLR",2
"GO:0016198","axon choice point recognition","2/268","5/7601",0.4,11.344776119403,4.42330586210203,0.0115421530542766,0.0772058584825344,0.061125985853814,"APP/ROBO1",2
"GO:0032329","serine transport","2/268","5/7601",0.4,11.344776119403,4.42330586210203,0.0115421530542766,0.0772058584825344,0.061125985853814,"SERINC3/SLC38A2",2
"GO:0032927","positive regulation of activin receptor signaling pathway","2/268","5/7601",0.4,11.344776119403,4.42330586210203,0.0115421530542766,0.0772058584825344,0.061125985853814,"ACVR1B/ACVR2A",2
"GO:0033210","leptin-mediated signaling pathway","2/268","5/7601",0.4,11.344776119403,4.42330586210203,0.0115421530542766,0.0772058584825344,0.061125985853814,"ADIPOR1/UGCG",2
"GO:0034144","negative regulation of toll-like receptor 4 signaling pathway","2/268","5/7601",0.4,11.344776119403,4.42330586210203,0.0115421530542766,0.0772058584825344,0.061125985853814,"TAX1BP1/SQSTM1",2
"GO:0051045","negative regulation of membrane protein ectodomain proteolysis","2/268","5/7601",0.4,11.344776119403,4.42330586210203,0.0115421530542766,0.0772058584825344,0.061125985853814,"TIMP3/TIMP1",2
"GO:0060033","anatomical structure regression","2/268","5/7601",0.4,11.344776119403,4.42330586210203,0.0115421530542766,0.0772058584825344,0.061125985853814,"FLT1/BMPR1A",2
"GO:0060449","bud elongation involved in lung branching","2/268","5/7601",0.4,11.344776119403,4.42330586210203,0.0115421530542766,0.0772058584825344,0.061125985853814,"BMP4/SPRY2",2
"GO:0061309","cardiac neural crest cell development involved in outflow tract morphogenesis","2/268","5/7601",0.4,11.344776119403,4.42330586210203,0.0115421530542766,0.0772058584825344,0.061125985853814,"BMP4/SEMA3C",2
"GO:0072109","glomerular mesangium development","2/268","5/7601",0.4,11.344776119403,4.42330586210203,0.0115421530542766,0.0772058584825344,0.061125985853814,"BMP4/EGR1",2
"GO:0090209","negative regulation of triglyceride metabolic process","2/268","5/7601",0.4,11.344776119403,4.42330586210203,0.0115421530542766,0.0772058584825344,0.061125985853814,"APOC3/APOE",2
"GO:0090261","positive regulation of inclusion body assembly","2/268","5/7601",0.4,11.344776119403,4.42330586210203,0.0115421530542766,0.0772058584825344,0.061125985853814,"APOE/CLU",2
"GO:1905049","negative regulation of metallopeptidase activity","2/268","5/7601",0.4,11.344776119403,4.42330586210203,0.0115421530542766,0.0772058584825344,0.061125985853814,"TIMP3/TIMP1",2
"GO:2000826","regulation of heart morphogenesis","2/268","5/7601",0.4,11.344776119403,4.42330586210203,0.0115421530542766,0.0772058584825344,0.061125985853814,"BMP4/ROBO1",2
"GO:0007616","long-term memory","3/268","14/7601",0.214285714285714,6.07755863539446,3.63510762663029,0.0118212855373863,0.0778980540739007,0.0616740160001985,"APOE/LDLR/CHST10",3
"GO:0008045","motor neuron axon guidance","3/268","14/7601",0.214285714285714,6.07755863539446,3.63510762663029,0.0118212855373863,0.0778980540739007,0.0616740160001985,"EPHA4/SLIT2/NRP2",3
"GO:0010874","regulation of cholesterol efflux","3/268","14/7601",0.214285714285714,6.07755863539446,3.63510762663029,0.0118212855373863,0.0778980540739007,0.0616740160001985,"APOA1/APOE/CAV1",3
"GO:0014912","negative regulation of smooth muscle cell migration","3/268","14/7601",0.214285714285714,6.07755863539446,3.63510762663029,0.0118212855373863,0.0778980540739007,0.0616740160001985,"BMP4/SLIT2/BMPR1A",3
"GO:0032373","positive regulation of sterol transport","3/268","14/7601",0.214285714285714,6.07755863539446,3.63510762663029,0.0118212855373863,0.0778980540739007,0.0616740160001985,"APOA1/APOE/CAV1",3
"GO:0032376","positive regulation of cholesterol transport","3/268","14/7601",0.214285714285714,6.07755863539446,3.63510762663029,0.0118212855373863,0.0778980540739007,0.0616740160001985,"APOA1/APOE/CAV1",3
"GO:0050830","defense response to Gram-positive bacterium","3/268","14/7601",0.214285714285714,6.07755863539446,3.63510762663029,0.0118212855373863,0.0778980540739007,0.0616740160001985,"APP/HLA-A/RNASE4",3
"GO:0050922","negative regulation of chemotaxis","3/268","14/7601",0.214285714285714,6.07755863539446,3.63510762663029,0.0118212855373863,0.0778980540739007,0.0616740160001985,"SLIT2/THBS1/ROBO1",3
"GO:0065005","protein-lipid complex assembly","3/268","14/7601",0.214285714285714,6.07755863539446,3.63510762663029,0.0118212855373863,0.0778980540739007,0.0616740160001985,"APOA1/APOC3/APOE",3
"GO:0060070","canonical Wnt signaling pathway","12/268","162/7601",0.0740740740740741,2.10088446655611,2.70754274959556,0.011836234788327,0.0778980540739007,0.0616740160001985,"APOE/APP/COL1A1/EGR1/FZD7/GPC3/LRP6/BAMBI/CAV1/PTPRU/RBX1/TPBG",12
"GO:0045859","regulation of protein kinase activity","14/268","202/7601",0.0693069306930693,1.96567903058963,2.65922645505477,0.0119101924434864,0.0782587725346122,0.0619596066530328,"APOE/CCN1/DDR2/EPHA4/FLT1/LRP6/THBS1/TNFRSF10B/TRIB3/UVRAG/CAV1/HMGA2/JTB/ROBO1",14
"GO:0060828","regulation of canonical Wnt signaling pathway","11/268","143/7601",0.0769230769230769,2.1816877152698,2.7270487429437,0.012035371680789,0.0789543564356092,0.0625103194166517,"APOE/APP/COL1A1/EGR1/FZD7/GPC3/BAMBI/CAV1/PTPRU/RBX1/TPBG",11
"GO:1990138","neuron projection extension","8/268","88/7601",0.0909090909090909,2.57835820895522,2.84690887080996,0.0120947771029802,0.0792169134933978,0.0627181930070196,"APOE/IFRD1/NTN1/PTPRS/SLIT2/CLSTN3/DDR1/NRP2",8
"GO:0050920","regulation of chemotaxis","7/268","71/7601",0.0985915492957746,2.79624763506412,2.90690772661799,0.0121569385074842,0.0792208978923278,0.0627213475644253,"APP/SLIT2/THBS1/ADAM10/ROBO1/STX3/TPBG",7
"GO:0043123","positive regulation of canonical NF-kappaB signal transduction","9/268","106/7601",0.0849056603773585,2.40808927062799,2.79081246432987,0.0122444561889398,0.0792208978923278,0.0627213475644253,"GJA1/HMOX1/NDFIP1/NDFIP2/TNFRSF10B/CAV1/RBX1/SLC20A1/TFRC",9
"GO:0046513","ceramide biosynthetic process","4/268","26/7601",0.153846153846154,4.36337543053961,3.28400684291029,0.0122504544820042,0.0792208978923278,0.0627213475644253,"B4GALT5/B4GALT6/CCN1/UGCG",4
"GO:0060390","regulation of SMAD protein signal transduction","4/268","26/7601",0.153846153846154,4.36337543053961,3.28400684291029,0.0122504544820042,0.0792208978923278,0.0627213475644253,"BMP4/ACVR2A/BMPR1A/TGFBR3",4
"GO:0062237","protein localization to postsynapse","4/268","26/7601",0.153846153846154,4.36337543053961,3.28400684291029,0.0122504544820042,0.0792208978923278,0.0627213475644253,"ADAM10/GABARAP/NETO2/STX3",4
"GO:0090505","epiboly involved in wound healing","4/268","26/7601",0.153846153846154,4.36337543053961,3.28400684291029,0.0122504544820042,0.0792208978923278,0.0627213475644253,"CCN1/CD151/MSX2/DDR1",4
"GO:0010565","regulation of cellular ketone metabolic process","6/268","55/7601",0.109090909090909,3.09402985074627,2.97947100427994,0.0123767945106345,0.0799114678751396,0.0632680906721387,"APOC3/EGR1/PTGS2/TRIB3/CAV1/RGN",6
"GO:0050890","cognition","10/268","125/7601",0.08,2.2689552238806,2.73463903493251,0.0126276064230556,0.0814022515000443,0.0644483847658522,"APOE/APP/DGCR2/LDLR/MEIS2/NTAN1/PRKAR1B/PTGS2/CHST10/TPBG",10
"GO:0045597","positive regulation of cell differentiation","22/268","375/7601",0.0586666666666667,1.66390049751244,2.52059459124478,0.0127998503278102,0.0823826587240319,0.0652245999298608,"APP/BMP4/CCN1/CCN2/COL1A1/DDR2/EPHA4/GJA1/MSX2/NTN1/PTGS2/SDCBP/SERPINF2/SLIT2/ZNF16/ACVR1B/ACVR2A/BAMBI/BMPR1A/CD83/CDON/ROBO1",22
"GO:0060348","bone development","8/268","89/7601",0.0898876404494382,2.54938789200067,2.81067559106608,0.0128969764979559,0.0828772687848205,0.0656161962176705,"BMP4/CHSY1/COL1A1/DDR2/GJA1/MSX2/OGN/RGN",8
"GO:0045089","positive regulation of innate immune response","13/268","184/7601",0.0706521739130435,2.00383273848151,2.63505374807057,0.0130279665130325,0.0834565817222002,0.0660748540852364,"APP/HPX/IFI35/MAPK8/PTPRS/TAX1BP1/CAV1/PLSCR1/RIOK3/RNF34/SLC19A1/SQSTM1/TRIM41",13
"GO:0001959","regulation of cytokine-mediated signaling pathway","7/268","72/7601",0.0972222222222222,2.75741086235489,2.86420604303934,0.0130735869953103,0.0836177622063117,0.0662024650746789,"APOA1/HPX/SLIT2/CAV1/ROBO1/SPPL2B/TRIM41",7
"GO:0007611","learning or memory","9/268","108/7601",0.0833333333333333,2.36349502487562,2.72816680116244,0.0137278152175433,0.0873918703957933,0.0691905295601377,"APOE/APP/LDLR/MEIS2/NTAN1/PRKAR1B/PTGS2/CHST10/TPBG",9
"GO:0090504","epiboly","4/268","27/7601",0.148148148148148,4.20176893311222,3.18597650429064,0.0139914391927102,0.0889315893944114,0.0704095671251389,"CCN1/CD151/MSX2/DDR1",4
"GO:0030879","mammary gland development","7/268","73/7601",0.0958904109589041,2.71963811081578,2.82222761436117,0.0140389018930299,0.0889565768012609,0.0704293503372892,"BMP4/GJA1/MSX2/NTN1/CAV1/DDR1/ROBO1",7
"GO:0048754","branching morphogenesis of an epithelial tube","7/268","73/7601",0.0958904109589041,2.71963811081578,2.82222761436117,0.0140389018930299,0.0889565768012609,0.0704293503372892,"BMP4/GPC3/MSX2/SLIT2/SPRY2/TMEM59L/DDR1",7
"GO:0048666","neuron development","30/268","562/7601",0.0533807829181495,1.51398257821214,2.42044057372838,0.0141879853319059,0.0897620681911755,0.0710670798603205,"APLP1/APLP2/APOE/APP/B4GALT5/B4GALT6/CSPG5/DDR2/EPHA4/EPHA7/IFRD1/ITM2C/MFSD8/NEO1/NTN1/PTPRS/RAB29/SEMA3C/SLIT2/UNC5B/CLSTN3/DDR1/NRP2/NTN3/PTPRU/RGMA/ROBO1/STX3/TPBG/UGCG",30
"GO:0002707","negative regulation of lymphocyte mediated immunity","3/268","15/7601",0.2,5.67238805970149,3.46267288714649,0.0143974915743262,0.0902493068470419,0.0714528400056164,"C4BPA/HLA-A/NDFIP1",3
"GO:0034383","low-density lipoprotein particle clearance","3/268","15/7601",0.2,5.67238805970149,3.46267288714649,0.0143974915743262,0.0902493068470419,0.0714528400056164,"APOC3/HMOX1/LDLR",3
"GO:0046688","response to copper ion","3/268","15/7601",0.2,5.67238805970149,3.46267288714649,0.0143974915743262,0.0902493068470419,0.0714528400056164,"BACE1/MT2A/TFRC",3
"GO:0050892","intestinal absorption","3/268","15/7601",0.2,5.67238805970149,3.46267288714649,0.0143974915743262,0.0902493068470419,0.0714528400056164,"APOA1/LDLR/UGCG",3
"GO:0070841","inclusion body assembly","3/268","15/7601",0.2,5.67238805970149,3.46267288714649,0.0143974915743262,0.0902493068470419,0.0714528400056164,"APOE/CLU/MFSD8",3
"GO:0071345","cellular response to cytokine stimulus","20/268","335/7601",0.0597014925373134,1.69325016707507,2.48083591375949,0.0144921584974157,0.0907036014991393,0.0718125174837686,"APOA1/COL1A1/EGR1/HPX/IFNAR1/IL13RA1/MFAP3/MT2A/SLIT2/SPRY2/THBS1/ADIPOR1/CAV1/IL10RB/NRP2/ROBO1/SPPL2B/TFRC/TRIM41/UGCG",20
"GO:0022407","regulation of cell-cell adhesion","14/268","207/7601",0.0676328502415459,1.91819886076862,2.56044558078519,0.0145181488154337,0.0907273305943083,0.07183130445621,"APOA1/BMP4/EPHA7/GCNT1/HLA-A/NDFIP1/PLPP3/PRKAR1A/SERPINF2/SPINT2/CAV1/CD83/PTPRU/TFRC",14
"GO:0008277","regulation of G protein-coupled receptor signaling pathway","6/268","57/7601",0.105263157894737,2.98546739984289,2.87629018458849,0.0146176837828903,0.0912098833903399,0.0722133546783524,"APLP1/APP/MGRN1/SLIT2/ARRDC3/ROBO1",6
"GO:0010810","regulation of cell-substrate adhesion","9/268","110/7601",0.0818181818181818,2.3205223880597,2.66689282718139,0.0153404486780579,0.0950878230615425,0.0752836253824531,"APOA1/CCN1/COL1A1/CSPG5/EDIL3/FZD7/THBS1/VTN/DDR1",9
"GO:0001707","mesoderm formation","5/268","42/7601",0.119047619047619,3.37642146410803,2.95222388449923,0.0153746278908622,0.0950878230615425,0.0752836253824531,"BMP4/GJA1/PRKAR1A/BMPR1A/HMGA2",5
"GO:0033135","regulation of peptidyl-serine phosphorylation","5/268","42/7601",0.119047619047619,3.37642146410803,2.95222388449923,0.0153746278908622,0.0950878230615425,0.0752836253824531,"APP/PTGS2/SPRY2/CAV1/TFRC",5
"GO:0070059","intrinsic apoptotic signaling pathway in response to endoplasmic reticulum stress","5/268","42/7601",0.119047619047619,3.37642146410803,2.95222388449923,0.0153746278908622,0.0950878230615425,0.0752836253824531,"APP/HERPUD1/SERINC3/TNFRSF10B/TRIB3",5
"GO:0050877","nervous system process","20/268","337/7601",0.0593471810089021,1.6832012046592,2.45249994769944,0.0153787744173427,0.0950878230615425,0.0752836253824531,"APOE/APP/BACE1/COL1A1/DGCR2/LDLR/LRIG1/MEIS2/MFSD8/NTAN1/PRKAR1B/PTGS2/SPRY2/TIMP3/ZNF513/CHM/CHST10/LPIN1/REEP6/TPBG",20
"GO:0007417","central nervous system development","27/268","496/7601",0.0544354838709677,1.54389594366875,2.39501351056002,0.015544764004945,0.0959689584414051,0.075981244317381,"ABCB6/APLP1/APLP2/APP/B4GALT5/B4GALT6/BMP4/BNIP3/CLU/EPHA4/EPHA7/LDLR/LRP6/MEIS2/MFSD8/PLPP3/PTPRS/SLIT2/VTN/BMPR1A/CD320/CDON/MARCKS/NRP2/ROBO1/SELENOP/SLC38A2",27
"GO:0055088","lipid homeostasis","6/268","58/7601",0.103448275862069,2.93399382398353,2.82637886218309,0.0158376887890659,0.0968788432938417,0.0767016249945963,"APOA1/APOC3/APOE/CNBP/LDLR/CAV1",6
"GO:1905952","regulation of lipid localization","6/268","58/7601",0.103448275862069,2.93399382398353,2.82637886218309,0.0158376887890659,0.0968788432938417,0.0767016249945963,"APOA1/APOC3/APOE/THBS1/CAV1/CLSTN3",6
"GO:0034205","amyloid-beta formation","4/268","28/7601",0.142857142857143,4.05170575692964,3.09258072596715,0.0158817775891544,0.0968788432938417,0.0767016249945963,"APOE/BACE1/CLU/EPHA4",4
"GO:0046425","regulation of receptor signaling pathway via JAK-STAT","4/268","28/7601",0.142857142857143,4.05170575692964,3.09258072596715,0.0158817775891544,0.0968788432938417,0.0767016249945963,"IFNAR1/ADIPOR1/CAV1/IL10RB",4
"GO:1902991","regulation of amyloid precursor protein catabolic process","4/268","28/7601",0.142857142857143,4.05170575692964,3.09258072596715,0.0158817775891544,0.0968788432938417,0.0767016249945963,"APOE/APP/CLU/EPHA4",4
"GO:1990776","response to angiotensin","4/268","28/7601",0.142857142857143,4.05170575692964,3.09258072596715,0.0158817775891544,0.0968788432938417,0.0767016249945963,"DDR2/FAT1/PTGS2/CAV1",4
"GO:2001238","positive regulation of extrinsic apoptotic signaling pathway","4/268","28/7601",0.142857142857143,4.05170575692964,3.09258072596715,0.0158817775891544,0.0968788432938417,0.0767016249945963,"APP/ITM2C/THBS1/CAV1",4
"GO:0042063","gliogenesis","12/268","170/7601",0.0705882352941176,2.00201931518876,2.5258658072285,0.016824277531219,0.0982826604697236,0.0778130653764646,"APP/B4GALT5/B4GALT6/BNIP3/CLU/CSPG5/EPHA4/LDLR/MFSD8/NTN1/PLPP3/VTN",12
"GO:0014033","neural crest cell differentiation","5/268","43/7601",0.116279069767442,3.29790003471017,2.88865227557351,0.0169112642903312,0.0982826604697236,0.0778130653764646,"BMP4/LRP6/SEMA3C/BMPR1A/NRP2",5
"GO:0035418","protein localization to synapse","5/268","43/7601",0.116279069767442,3.29790003471017,2.88865227557351,0.0169112642903312,0.0982826604697236,0.0778130653764646,"ADAM10/CLSTN3/GABARAP/NETO2/STX3",5
"GO:0050729","positive regulation of inflammatory response","5/268","43/7601",0.116279069767442,3.29790003471017,2.88865227557351,0.0169112642903312,0.0982826604697236,0.0778130653764646,"APP/CLOCK/IFI35/LDLR/PTGS2",5
"GO:0010561","negative regulation of glycoprotein biosynthetic process","2/268","6/7601",0.333333333333333,9.45398009950249,3.96010141430918,0.0169127214788344,0.0982826604697236,0.0778130653764646,"ITM2B/ITM2C",2
"GO:0010867","positive regulation of triglyceride biosynthetic process","2/268","6/7601",0.333333333333333,9.45398009950249,3.96010141430918,0.0169127214788344,0.0982826604697236,0.0778130653764646,"LDLR/RGN",2
"GO:0018344","protein geranylgeranylation","2/268","6/7601",0.333333333333333,9.45398009950249,3.96010141430918,0.0169127214788344,0.0982826604697236,0.0778130653764646,"PGGT1B/CHM",2
"GO:0019934","cGMP-mediated signaling","2/268","6/7601",0.333333333333333,9.45398009950249,3.96010141430918,0.0169127214788344,0.0982826604697236,0.0778130653764646,"APOE/THBS1",2
"GO:0021889","olfactory bulb interneuron differentiation","2/268","6/7601",0.333333333333333,9.45398009950249,3.96010141430918,0.0169127214788344,0.0982826604697236,0.0778130653764646,"SLIT2/ROBO1",2
"GO:0034380","high-density lipoprotein particle assembly","2/268","6/7601",0.333333333333333,9.45398009950249,3.96010141430918,0.0169127214788344,0.0982826604697236,0.0778130653764646,"APOA1/APOE",2
"GO:0042939","tripeptide transport","2/268","6/7601",0.333333333333333,9.45398009950249,3.96010141430918,0.0169127214788344,0.0982826604697236,0.0778130653764646,"GJA1/MGST1",2
"GO:0043562","cellular response to nitrogen levels","2/268","6/7601",0.333333333333333,9.45398009950249,3.96010141430918,0.0169127214788344,0.0982826604697236,0.0778130653764646,"GABARAP/GABARAPL2",2
"GO:0044320","cellular response to leptin stimulus","2/268","6/7601",0.333333333333333,9.45398009950249,3.96010141430918,0.0169127214788344,0.0982826604697236,0.0778130653764646,"ADIPOR1/UGCG",2
"GO:0044321","response to leptin","2/268","6/7601",0.333333333333333,9.45398009950249,3.96010141430918,0.0169127214788344,0.0982826604697236,0.0778130653764646,"ADIPOR1/UGCG",2
"GO:0045723","positive regulation of fatty acid biosynthetic process","2/268","6/7601",0.333333333333333,9.45398009950249,3.96010141430918,0.0169127214788344,0.0982826604697236,0.0778130653764646,"PTGS2/RGN",2
"GO:0048840","otolith development","2/268","6/7601",0.333333333333333,9.45398009950249,3.96010141430918,0.0169127214788344,0.0982826604697236,0.0778130653764646,"LRIG1/LRIG3",2
"GO:0060973","cell migration involved in heart development","2/268","6/7601",0.333333333333333,9.45398009950249,3.96010141430918,0.0169127214788344,0.0982826604697236,0.0778130653764646,"BMP4/SEMA3C",2
"GO:0061430","bone trabecula morphogenesis","2/268","6/7601",0.333333333333333,9.45398009950249,3.96010141430918,0.0169127214788344,0.0982826604697236,0.0778130653764646,"COL1A1/MSX2",2
"GO:0150077","regulation of neuroinflammatory response","2/268","6/7601",0.333333333333333,9.45398009950249,3.96010141430918,0.0169127214788344,0.0982826604697236,0.0778130653764646,"LDLR/PTGS2",2
"GO:1901678","iron coordination entity transport","2/268","6/7601",0.333333333333333,9.45398009950249,3.96010141430918,0.0169127214788344,0.0982826604697236,0.0778130653764646,"ABCB6/HPX",2
"GO:1901722","regulation of cell proliferation involved in kidney development","2/268","6/7601",0.333333333333333,9.45398009950249,3.96010141430918,0.0169127214788344,0.0982826604697236,0.0778130653764646,"BMP4/EGR1",2
"GO:0060429","epithelium development","28/268","523/7601",0.0535372848948375,1.51842127793157,2.34861448053269,0.0169772928708391,0.0982826604697236,0.0778130653764646,"B9D1/BMP4/CCN1/CD151/CLOCK/EPHA4/EPHA7/FAT1/FZD7/GJA1/GPC3/MSX2/NTN1/PTPRS/SEMA3C/SLIT2/SPINT2/SPRY2/TMEM59L/ACVR1B/BMPR1A/CAV1/DDR1/MARCKS/RBBP9/RGMA/ROBO1/UGCG",28
"GO:0007229","integrin-mediated signaling pathway","6/268","59/7601",0.101694915254237,2.88426511510245,2.7775257902648,0.0171264149955398,0.0982826604697236,0.0778130653764646,"ADAMTS1/APOA1/CCN2/PLPP3/ADAM10/TIMP1",6
"GO:0048675","axon extension","6/268","59/7601",0.101694915254237,2.88426511510245,2.7775257902648,0.0171264149955398,0.0982826604697236,0.0778130653764646,"APOE/IFRD1/NTN1/PTPRS/SLIT2/NRP2",6
"GO:0003180","aortic valve morphogenesis","3/268","16/7601",0.1875,5.31786380597015,3.30509912460934,0.0172661977531836,0.0982826604697236,0.0778130653764646,"BMP4/SLIT2/ROBO1",3
"GO:0010712","regulation of collagen metabolic process","3/268","16/7601",0.1875,5.31786380597015,3.30509912460934,0.0172661977531836,0.0982826604697236,0.0778130653764646,"BMP4/DDR2/SERPINF2",3
"GO:0019432","triglyceride biosynthetic process","3/268","16/7601",0.1875,5.31786380597015,3.30509912460934,0.0172661977531836,0.0982826604697236,0.0778130653764646,"LDLR/LPIN1/RGN",3
"GO:0030857","negative regulation of epithelial cell differentiation","3/268","16/7601",0.1875,5.31786380597015,3.30509912460934,0.0172661977531836,0.0982826604697236,0.0778130653764646,"MSX2/SPRY2/CAV1",3
"GO:0032722","positive regulation of chemokine production","3/268","16/7601",0.1875,5.31786380597015,3.30509912460934,0.0172661977531836,0.0982826604697236,0.0778130653764646,"APP/EGR1/HMOX1",3
"GO:0051932","synaptic transmission, GABAergic","3/268","16/7601",0.1875,5.31786380597015,3.30509912460934,0.0172661977531836,0.0982826604697236,0.0778130653764646,"USP46/CLSTN3/TPBG",3
"GO:0060795","cell fate commitment involved in formation of primary germ layer","3/268","16/7601",0.1875,5.31786380597015,3.30509912460934,0.0172661977531836,0.0982826604697236,0.0778130653764646,"BMP4/FZD7/BMPR1A",3
"GO:0071827","plasma lipoprotein particle organization","3/268","16/7601",0.1875,5.31786380597015,3.30509912460934,0.0172661977531836,0.0982826604697236,0.0778130653764646,"APOA1/APOC3/APOE",3
"GO:0099633","protein localization to postsynaptic specialization membrane","3/268","16/7601",0.1875,5.31786380597015,3.30509912460934,0.0172661977531836,0.0982826604697236,0.0778130653764646,"ADAM10/GABARAP/NETO2",3
"GO:0099645","neurotransmitter receptor localization to postsynaptic specialization membrane","3/268","16/7601",0.1875,5.31786380597015,3.30509912460934,0.0172661977531836,0.0982826604697236,0.0778130653764646,"ADAM10/GABARAP/NETO2",3
"GO:2001233","regulation of apoptotic signaling pathway","14/268","212/7601",0.0660377358490566,1.87295832159955,2.46434755138765,0.0175465164648299,0.0997393780135742,0.0789663884238155,"APP/BMP4/CLU/HERPUD1/HMOX1/ITM2C/PLEKHF1/PTGS2/SERINC3/THBS1/UNC5B/CAV1/PTTG1IP/RNF34",14
"GO:0007169","cell surface receptor protein tyrosine kinase signaling pathway","18/268","298/7601",0.0604026845637584,1.71313733346689,2.40084435059685,0.0178474914136985,0.101309301955258,0.0802093400668263,"CCN2/COL1A1/CRIM1/DDR2/EPHA4/EPHA7/FLT1/SPRY2/THBS1/VTN/ADIPOR1/DDR1/DSTYK/NRP2/RNF126/ROBO1/SHISA2/SLC31A1",18
"GO:0010171","body morphogenesis","4/268","29/7601",0.137931034482759,3.91199176531137,3.00342775272876,0.0179251502737396,0.101327924161513,0.0802240837758979,"COL1A1/GPC3/CDON/CRISPLD1",4
"GO:0010718","positive regulation of epithelial to mesenchymal transition","4/268","29/7601",0.137931034482759,3.91199176531137,3.00342775272876,0.0179251502737396,0.101327924161513,0.0802240837758979,"BMP4/COL1A1/SDCBP/BAMBI",4
"GO:0043406","positive regulation of MAP kinase activity","4/268","29/7601",0.137931034482759,3.91199176531137,3.00342775272876,0.0179251502737396,0.101327924161513,0.0802240837758979,"EPHA4/FLT1/THBS1/ROBO1",4
"GO:0015849","organic acid transport","9/268","113/7601",0.079646017699115,2.25891559899617,2.57742638095177,0.0180152027595705,0.101556046452917,0.0804046944216618,"APOE/GJA1/MPC1/PTGS2/SERINC3/THBS1/SLC19A1/SLC38A2/SLC7A8",9
"GO:0046942","carboxylic acid transport","9/268","113/7601",0.079646017699115,2.25891559899617,2.57742638095177,0.0180152027595705,0.101556046452917,0.0804046944216618,"APOE/GJA1/MPC1/PTGS2/SERINC3/THBS1/SLC19A1/SLC38A2/SLC7A8",9
"GO:0055082","intracellular chemical homeostasis","18/268","299/7601",0.0602006688963211,1.70740777716767,2.38571115163157,0.0184029474728793,0.10336947097852,0.0818404321244432,"ABCB6/APOE/APP/ATP6V1D/BNIP3/COL1A1/HERPUD1/HMOX1/HPX/MT2A/NCOA4/NDFIP1/NEO1/CAV1/RGN/SLC31A1/STC2/TFRC",18
"GO:0060759","regulation of response to cytokine stimulus","7/268","77/7601",0.0909090909090909,2.57835820895522,2.66109202323404,0.0184127660563646,0.10336947097852,0.0818404321244432,"APOA1/HPX/SLIT2/CAV1/ROBO1/SPPL2B/TRIM41",7
"GO:0106106","cold-induced thermogenesis","7/268","77/7601",0.0909090909090909,2.57835820895522,2.66109202323404,0.0184127660563646,0.10336947097852,0.0818404321244432,"GJA1/ADIPOR1/ARRDC3/CAV1/CLSTN3/LPIN1/PCTP",7
"GO:0006766","vitamin metabolic process","6/268","60/7601",0.1,2.83619402985075,2.72968841427132,0.0184855536467588,0.103635744518935,0.0820512481555652,"FPGS/CD320/CLSTN3/MMADHC/RGN/SLC19A1",6
"GO:0048332","mesoderm morphogenesis","5/268","44/7601",0.113636363636364,3.22294776119403,2.82692466301167,0.0185465489910981,0.103711561024451,0.0821112741527465,"BMP4/GJA1/PRKAR1A/BMPR1A/HMGA2",5
"GO:0002831","regulation of response to biotic stimulus","16/268","258/7601",0.062015503875969,1.75888001851209,2.37071614555274,0.0198858606340771,0.11074789358125,0.0876821307274058,"APOE/APP/HLA-A/HPX/IFI35/MAPK8/PTPRS/TAX1BP1/CAV1/OPTN/PLSCR1/RIOK3/RNF34/SLC19A1/SQSTM1/TRIM41",16
"GO:0072073","kidney epithelium development","6/268","61/7601",0.0983606557377049,2.78969904575483,2.68282658813333,0.0199167364282404,0.11074789358125,0.0876821307274058,"BMP4/EPHA4/EPHA7/GPC3/SLIT2/TMEM59L",6
"GO:1904892","regulation of receptor signaling pathway via STAT","4/268","30/7601",0.133333333333333,3.781592039801,2.9181713529034,0.0201248336202262,0.111752982344924,0.088477886940182,"IFNAR1/ADIPOR1/CAV1/IL10RB",4
"GO:0048708","astrocyte differentiation","5/268","45/7601",0.111111111111111,3.15132669983416,2.76694164634534,0.0202827595598599,0.111803075396398,0.0885175469765565,"APP/EPHA4/LDLR/MFSD8/PLPP3",5
"GO:0009894","regulation of catabolic process","33/268","650/7601",0.0507692307692308,1.43991389207807,2.24199201523495,0.0203352313851895,0.111803075396398,0.0885175469765565,"APOC3/APOE/APP/ATP6V1D/BNIP3/C4BPA/CALCOCO2/CLU/GPC3/HERPUD1/HMOX1/LDLR/MAPK8/MFSD8/NDFIP1/PABIR1/PLEKHF1/RCHY1/TIMP3/TMEM59/TRIB3/TRIM23/UVRAG/CAV1/CLSTN3/GABARAP/GABARAPL2/OPTN/RBX1/RGMA/RGN/SQSTM1/TIMP1",33
"GO:0003203","endocardial cushion morphogenesis","3/268","17/7601",0.176470588235294,5.00504828797191,3.16021336780264,0.0204301761661018,0.111803075396398,0.0885175469765565,"MSX2/BMPR1A/ROBO1",3
"GO:0051788","response to misfolded protein","3/268","17/7601",0.176470588235294,5.00504828797191,3.16021336780264,0.0204301761661018,0.111803075396398,0.0885175469765565,"CLU/CAV1/RNF126",3
"GO:0060603","mammary gland duct morphogenesis","3/268","17/7601",0.176470588235294,5.00504828797191,3.16021336780264,0.0204301761661018,0.111803075396398,0.0885175469765565,"MSX2/NTN1/DDR1",3
"GO:0048878","chemical homeostasis","23/268","415/7601",0.0554216867469879,1.57186657076065,2.29038506230752,0.0204621239042098,0.111803075396398,0.0885175469765565,"ABCB6/APOA1/APOC3/APOE/APP/ATP6V1D/BNIP3/CNBP/COL1A1/HERPUD1/HMOX1/HPX/LDLR/MT2A/NCOA4/NDFIP1/NEO1/ADIPOR1/CAV1/RGN/SLC31A1/STC2/TFRC",23
"GO:0007626","locomotory behavior","7/268","79/7601",0.0886075949367089,2.51308331758927,2.5843008758369,0.0209247060246281,0.114177935277243,0.0903977883770738,"APOE/APP/EGR1/EPHA4/NTAN1/ARRDC3/SELENOP",7
"GO:0001817","regulation of cytokine production","17/268","282/7601",0.0602836879432624,1.70976235842066,2.32190792829142,0.0213765280414216,0.116113796899891,0.0919304628720755,"APOA1/APP/CD84/CLU/EGR1/HLA-A/HMOX1/NDFIP1/PLD3/PTGS2/PTPRS/SERPINF2/THBS1/BMPR1A/CD83/RBX1/RIOK3",17
"GO:0007498","mesoderm development","6/268","62/7601",0.0967741935483871,2.74470389985556,2.63690240050569,0.0214215323862289,0.116113796899891,0.0919304628720755,"BMP4/GJA1/PRKAR1A/ACVR2A/BMPR1A/HMGA2",6
"GO:0010595","positive regulation of endothelial cell migration","6/268","62/7601",0.0967741935483871,2.74470389985556,2.63690240050569,0.0214215323862289,0.116113796899891,0.0919304628720755,"HMOX1/PLPP3/PTGS2/THBS1/NRP2/TGFBR3",6
"GO:0046328","regulation of JNK cascade","6/268","62/7601",0.0967741935483871,2.74470389985556,2.63690240050569,0.0214215323862289,0.116113796899891,0.0919304628720755,"APP/CCN2/FZD7/SDCBP/SERPINF2/MDFIC",6
"GO:0002221","pattern recognition receptor signaling pathway","10/268","136/7601",0.0735294117647059,2.08543678665496,2.44170074114705,0.0216496429279073,0.117194822048155,0.0927863399935686,"APP/IFI35/MAPK8/PTPRS/TAX1BP1/CAV1/RIOK3/RNF34/SLC19A1/SQSTM1",10
"GO:0001816","cytokine production","17/268","283/7601",0.0600706713780919,1.7037207953167,2.30637940159788,0.0220410247108205,0.119155645493549,0.0943387774450879,"APOA1/APP/CD84/CLU/EGR1/HLA-A/HMOX1/NDFIP1/PLD3/PTGS2/PTPRS/SERPINF2/THBS1/BMPR1A/CD83/RBX1/RIOK3",17
"GO:0007254","JNK cascade","7/268","80/7601",0.0875,2.4816697761194,2.54678317340547,0.022266085394929,0.119896562594302,0.0949253817405338,"APP/CCN2/FZD7/MAPK8/SDCBP/SERPINF2/MDFIC",7
"GO:2001235","positive regulation of apoptotic signaling pathway","7/268","80/7601",0.0875,2.4816697761194,2.54678317340547,0.022266085394929,0.119896562594302,0.0949253817405338,"APP/CLU/ITM2C/PLEKHF1/SERINC3/THBS1/CAV1",7
"GO:0002757","immune response-activating signaling pathway","14/268","219/7601",0.0639269406392694,1.81309207387719,2.33403903589122,0.0225680920120366,0.120585742364881,0.0954710241792704,"APP/HLA-A/IFI35/MAPK8/PHPT1/PTPRS/RAB29/TAX1BP1/CAV1/PLSCR1/RIOK3/RNF34/SLC19A1/SQSTM1",14
"GO:0061136","regulation of proteasomal protein catabolic process","10/268","137/7601",0.072992700729927,2.07021462032901,2.41645492496341,0.0226556007972282,0.120585742364881,0.0954710241792704,"APOE/CLU/HERPUD1/PABIR1/RCHY1/TRIB3/CAV1/GABARAP/GABARAPL2/RBX1",10
"GO:0002700","regulation of production of molecular mediator of immune response","6/268","63/7601",0.0952380952380952,2.70113717128642,2.59188001613216,0.0230014450545046,0.120585742364881,0.0954710241792704,"APOA1/HLA-A/HPX/IL13RA1/NDFIP1/TFRC",6
"GO:0022612","gland morphogenesis","6/268","63/7601",0.0952380952380952,2.70113717128642,2.59188001613216,0.0230014450545046,0.120585742364881,0.0954710241792704,"BMP4/MSX2/NTN1/SEMA3C/CAV1/DDR1",6
"GO:0001710","mesodermal cell fate commitment","2/268","7/7601",0.285714285714286,8.10341151385927,3.59429773452065,0.0231316912194927,0.120585742364881,0.0954710241792704,"BMP4/BMPR1A",2
"GO:0034392","negative regulation of smooth muscle cell apoptotic process","2/268","7/7601",0.285714285714286,8.10341151385927,3.59429773452065,0.0231316912194927,0.120585742364881,0.0954710241792704,"APOH/LRP6",2
"GO:0042983","amyloid precursor protein biosynthetic process","2/268","7/7601",0.285714285714286,8.10341151385927,3.59429773452065,0.0231316912194927,0.120585742364881,0.0954710241792704,"ITM2B/ITM2C",2
"GO:0042984","regulation of amyloid precursor protein biosynthetic process","2/268","7/7601",0.285714285714286,8.10341151385927,3.59429773452065,0.0231316912194927,0.120585742364881,0.0954710241792704,"ITM2B/ITM2C",2
"GO:0048532","anatomical structure arrangement","2/268","7/7601",0.285714285714286,8.10341151385927,3.59429773452065,0.0231316912194927,0.120585742364881,0.0954710241792704,"BMPR1A/NRP2",2
"GO:0061307","cardiac neural crest cell differentiation involved in heart development","2/268","7/7601",0.285714285714286,8.10341151385927,3.59429773452065,0.0231316912194927,0.120585742364881,0.0954710241792704,"BMP4/SEMA3C",2
"GO:0061308","cardiac neural crest cell development involved in heart development","2/268","7/7601",0.285714285714286,8.10341151385927,3.59429773452065,0.0231316912194927,0.120585742364881,0.0954710241792704,"BMP4/SEMA3C",2
"GO:0061687","detoxification of inorganic compound","2/268","7/7601",0.285714285714286,8.10341151385927,3.59429773452065,0.0231316912194927,0.120585742364881,0.0954710241792704,"ABCB6/MT2A",2
"GO:0090025","regulation of monocyte chemotaxis","2/268","7/7601",0.285714285714286,8.10341151385927,3.59429773452065,0.0231316912194927,0.120585742364881,0.0954710241792704,"APP/SLIT2",2
"GO:0097094","craniofacial suture morphogenesis","2/268","7/7601",0.285714285714286,8.10341151385927,3.59429773452065,0.0231316912194927,0.120585742364881,0.0954710241792704,"BMP4/MSX2",2
"GO:0097186","amelogenesis","2/268","7/7601",0.285714285714286,8.10341151385927,3.59429773452065,0.0231316912194927,0.120585742364881,0.0954710241792704,"MSX2/RELT",2
"GO:0097501","stress response to metal ion","2/268","7/7601",0.285714285714286,8.10341151385927,3.59429773452065,0.0231316912194927,0.120585742364881,0.0954710241792704,"ABCB6/MT2A",2
"GO:0110076","negative regulation of ferroptosis","2/268","7/7601",0.285714285714286,8.10341151385927,3.59429773452065,0.0231316912194927,0.120585742364881,0.0954710241792704,"HMOX1/SQSTM1",2
"GO:1903019","negative regulation of glycoprotein metabolic process","2/268","7/7601",0.285714285714286,8.10341151385927,3.59429773452065,0.0231316912194927,0.120585742364881,0.0954710241792704,"ITM2B/ITM2C",2
"GO:1903587","regulation of blood vessel endothelial cell proliferation involved in sprouting angiogenesis","2/268","7/7601",0.285714285714286,8.10341151385927,3.59429773452065,0.0231316912194927,0.120585742364881,0.0954710241792704,"HMOX1/THBS1",2
"GO:1905165","regulation of lysosomal protein catabolic process","2/268","7/7601",0.285714285714286,8.10341151385927,3.59429773452065,0.0231316912194927,0.120585742364881,0.0954710241792704,"LDLR/MFSD8",2
"GO:2001140","positive regulation of phospholipid transport","2/268","7/7601",0.285714285714286,8.10341151385927,3.59429773452065,0.0231316912194927,0.120585742364881,0.0954710241792704,"APOA1/APOE",2
"GO:0009952","anterior/posterior pattern specification","8/268","99/7601",0.0808080808080808,2.29187396351576,2.47333283798532,0.0231880074567306,0.12072533309001,0.0955815419671334,"BMP4/GPC3/HOXA6/MSX2/SEMA3C/ACVR2A/BMPR1A/CDON",8
"GO:0070482","response to oxygen levels","12/268","178/7601",0.0674157303370786,1.9120409190005,2.3537912553724,0.023256972191009,0.120930337588618,0.0957438496252331,"BNIP3/COL1A1/DDR2/EGR1/EPHA4/PTGS2/THBS1/CAV1/STC2/TFRC/TGFBR3/VASN",12
"GO:0036293","response to decreased oxygen levels","11/268","158/7601",0.069620253164557,1.97456546382014,2.36645854840259,0.0236582474089481,0.122433593153624,0.0969340180944044,"BNIP3/DDR2/EGR1/EPHA4/PTGS2/THBS1/CAV1/STC2/TFRC/TGFBR3/VASN",11
"GO:0035107","appendage morphogenesis","7/268","81/7601",0.0864197530864197,2.45103187764879,2.50982761450428,0.0236659012946814,0.122433593153624,0.0969340180944044,"B9D1/BMP4/GJA1/GPC3/MSX2/SEMA3C/BMPR1A",7
"GO:0035108","limb morphogenesis","7/268","81/7601",0.0864197530864197,2.45103187764879,2.50982761450428,0.0236659012946814,0.122433593153624,0.0969340180944044,"B9D1/BMP4/GJA1/GPC3/MSX2/SEMA3C/BMPR1A",7
"GO:0048167","regulation of synaptic plasticity","7/268","81/7601",0.0864197530864197,2.45103187764879,2.50982761450428,0.0236659012946814,0.122433593153624,0.0969340180944044,"APOE/APP/EPHA4/PRKAR1B/PTGS2/SQSTM1/STX3",7
"GO:0022617","extracellular matrix disassembly","3/268","18/7601",0.166666666666667,4.72699004975124,3.02626746270068,0.0238907219297316,0.122974030890193,0.0973618974042089,"DDR2/ADAM10/DDR1",3
"GO:0061384","heart trabecula morphogenesis","3/268","18/7601",0.166666666666667,4.72699004975124,3.02626746270068,0.0238907219297316,0.122974030890193,0.0973618974042089,"ADAMTS1/BMPR1A/TGFBR3",3
"GO:0071825","protein-lipid complex organization","3/268","18/7601",0.166666666666667,4.72699004975124,3.02626746270068,0.0238907219297316,0.122974030890193,0.0973618974042089,"APOA1/APOC3/APOE",3
"GO:1902683","regulation of receptor localization to synapse","3/268","18/7601",0.166666666666667,4.72699004975124,3.02626746270068,0.0238907219297316,0.122974030890193,0.0973618974042089,"ADAM10/GABARAP/NETO2",3
"GO:0008625","extrinsic apoptotic signaling pathway via death domain receptors","5/268","47/7601",0.106382978723404,3.01722769133058,2.65184850876078,0.0240663412547699,0.123722184538672,0.0979542310720459,"HMOX1/THBS1/TNFRSF10B/GABARAP/RNF34",5
"GO:0048732","gland development","14/268","221/7601",0.0633484162895928,1.79668400081043,2.29766866896916,0.0241835800961848,0.124168708358175,0.0983077561698917,"APOA1/BMP4/FPGS/GJA1/MSX2/NTN1/SEMA3C/VTN/BMPR1A/CAV1/DDR1/RGN/ROBO1/TGFBR3",14
"GO:0071900","regulation of protein serine/threonine kinase activity","9/268","119/7601",0.0756302521008403,2.1450206948451,2.40664102414112,0.0243590581707489,0.124912761284631,0.0988968431841541,"APOE/EPHA4/FLT1/LRP6/THBS1/TRIB3/UVRAG/HMGA2/ROBO1",9
"GO:0097190","apoptotic signaling pathway","19/268","331/7601",0.0574018126888218,1.62802678450647,2.23335781327144,0.0244637760988484,0.125139775899332,0.0990765768520332,"APP/BMP4/BNIP3/CLU/HERPUD1/HMOX1/ITM2C/PLEKHF1/PTGS2/SERINC3/THBS1/TNFRSF10B/TRIB3/UNC5B/ACVR1B/CAV1/GABARAP/PTTG1IP/RNF34",19
"GO:0010721","negative regulation of cell development","8/268","100/7601",0.08,2.2689552238806,2.44185609279977,0.0244645659269798,0.125139775899332,0.0990765768520332,"BMP4/EPHA7/IFRD1/LDLR/NTN1/PTPRS/BMPR1A/RGMA",8
"GO:0050865","regulation of cell activation","15/268","243/7601",0.0617283950617284,1.75073705546342,2.27375909030276,0.0246281925062678,0.125813829352598,0.0996102433724099,"APOE/APP/BMP4/CD84/DDR2/HLA-A/LDLR/NDFIP1/PRKAR1A/THBS1/CAV1/CD320/CD83/PLSCR1/TFRC",15
"GO:0006897","endocytosis","20/268","354/7601",0.0564971751412429,1.60236950839025,2.21880344246968,0.0247551583623384,0.126152533948724,0.0998784050476811,"APLP1/APOA1/APOC3/APOE/APP/C4A/C4BPA/CD151/CLU/GPC3/LDLR/LRP10/LRP6/MFGE8/SDCBP/THBS1/VTN/CAV1/PLSCR1/TFRC",20
"GO:0001960","negative regulation of cytokine-mediated signaling pathway","4/268","32/7601",0.125,3.54524253731343,2.75815240498994,0.0250042257349329,0.126946919973504,0.100507342149962,"APOA1/SLIT2/CAV1/ROBO1",4
"GO:0035924","cellular response to vascular endothelial growth factor stimulus","4/268","32/7601",0.125,3.54524253731343,2.75815240498994,0.0250042257349329,0.126946919973504,0.100507342149962,"FLT1/SPRY2/NRP2/ROBO1",4
"GO:0050435","amyloid-beta metabolic process","4/268","32/7601",0.125,3.54524253731343,2.75815240498994,0.0250042257349329,0.126946919973504,0.100507342149962,"APOE/BACE1/CLU/EPHA4",4
"GO:0042098","T cell proliferation","7/268","82/7601",0.0853658536585366,2.42114124499454,2.47341777996505,0.025125231707661,0.127245132576469,0.10074344520883,"BMP4/CD151/GJA1/HLA-A/NDFIP1/PRKAR1A/TFRC",7
"GO:0099175","regulation of postsynapse organization","7/268","82/7601",0.0853658536585366,2.42114124499454,2.47341777996505,0.025125231707661,0.127245132576469,0.10074344520883,"APOE/APP/EPHA4/EPHA7/PTPRS/ADAM10/NRP2",7
"GO:0007416","synapse assembly","8/268","101/7601",0.0792079207920792,2.24649032067386,2.41075078191159,0.0257896308119591,0.130448293475838,0.103279475138044,"APP/EPHA7/NTN1/PTPRS/RAB29/SDCBP/CLSTN3/TPBG",8
"GO:0060627","regulation of vesicle-mediated transport","16/268","267/7601",0.0599250936329588,1.69959192800045,2.22465832116526,0.0264108014099074,0.133260426373199,0.105505917523139,"APOA1/APOC3/APOE/APP/C4A/CD151/CD84/CLU/CSPG5/GPC3/PRKAR1B/RAB29/SDCBP/VTN/CAV1/PLSCR1",16
"GO:0015711","organic anion transport","10/268","141/7601",0.0709219858156028,2.01148512755372,2.31757071643485,0.0270201792346099,0.135976280103882,0.107656133063586,"APOE/GJA1/MPC1/PTGS2/SERINC3/THBS1/MGST1/SLC19A1/SLC38A2/SLC7A8",10
"GO:0071214","cellular response to abiotic stimulus","12/268","182/7601",0.0659340659340659,1.87001804165983,2.27103913343126,0.0270821365315781,0.135976280103882,0.107656133063586,"BNIP3/CLOCK/COL1A1/EGR1/GJA1/MAPK8/PTGS2/TNFRSF10B/EEF1D/RBX1/SLC38A2/TIMP1",12
"GO:0104004","cellular response to environmental stimulus","12/268","182/7601",0.0659340659340659,1.87001804165983,2.27103913343126,0.0270821365315781,0.135976280103882,0.107656133063586,"BNIP3/CLOCK/COL1A1/EGR1/GJA1/MAPK8/PTGS2/TNFRSF10B/EEF1D/RBX1/SLC38A2/TIMP1",12
"GO:0008038","neuron recognition","3/268","19/7601",0.157894736842105,4.47820109976434,2.90183656746828,0.0276477848514674,0.136505239264139,0.108074924471163,"APP/EPHA4/ROBO1",3
"GO:0036296","response to increased oxygen levels","3/268","19/7601",0.157894736842105,4.47820109976434,2.90183656746828,0.0276477848514674,0.136505239264139,0.108074924471163,"BNIP3/COL1A1/CAV1",3
"GO:0042551","neuron maturation","3/268","19/7601",0.157894736842105,4.47820109976434,2.90183656746828,0.0276477848514674,0.136505239264139,0.108074924471163,"APP/B4GALT5/B4GALT6",3
"GO:0042596","fear response","3/268","19/7601",0.157894736842105,4.47820109976434,2.90183656746828,0.0276477848514674,0.136505239264139,0.108074924471163,"APOE/PRKAR1B/USP46",3
"GO:0045668","negative regulation of osteoblast differentiation","3/268","19/7601",0.157894736842105,4.47820109976434,2.90183656746828,0.0276477848514674,0.136505239264139,0.108074924471163,"CRIM1/NBR1/BAMBI",3
"GO:0045880","positive regulation of smoothened signaling pathway","3/268","19/7601",0.157894736842105,4.47820109976434,2.90183656746828,0.0276477848514674,0.136505239264139,0.108074924471163,"CHSY1/GPC3/TXNDC15",3
"GO:0046460","neutral lipid biosynthetic process","3/268","19/7601",0.157894736842105,4.47820109976434,2.90183656746828,0.0276477848514674,0.136505239264139,0.108074924471163,"LDLR/LPIN1/RGN",3
"GO:0046463","acylglycerol biosynthetic process","3/268","19/7601",0.157894736842105,4.47820109976434,2.90183656746828,0.0276477848514674,0.136505239264139,0.108074924471163,"LDLR/LPIN1/RGN",3
"GO:0060914","heart formation","3/268","19/7601",0.157894736842105,4.47820109976434,2.90183656746828,0.0276477848514674,0.136505239264139,0.108074924471163,"BMP4/BMPR1A/ROBO1",3
"GO:0090181","regulation of cholesterol metabolic process","3/268","19/7601",0.157894736842105,4.47820109976434,2.90183656746828,0.0276477848514674,0.136505239264139,0.108074924471163,"APOA1/APOE/LDLR",3
"GO:2000648","positive regulation of stem cell proliferation","3/268","19/7601",0.157894736842105,4.47820109976434,2.90183656746828,0.0276477848514674,0.136505239264139,0.108074924471163,"GJA1/HMGA2/PDCD2",3
"GO:0002637","regulation of immunoglobulin production","4/268","33/7601",0.121212121212121,3.43781094527363,2.6828709409179,0.0276884862613093,0.136505239264139,0.108074924471163,"HPX/IL13RA1/NDFIP1/TFRC",4
"GO:0035249","synaptic transmission, glutamatergic","4/268","33/7601",0.121212121212121,3.43781094527363,2.6828709409179,0.0276884862613093,0.136505239264139,0.108074924471163,"PTGS2/CLSTN3/SLC38A2/TPRG1L",4
"GO:0009628","response to abiotic stimulus","28/268","546/7601",0.0512820512820513,1.45445847684654,2.10705257165615,0.028119692869489,0.138222347275995,0.109434405760604,"APP/BACE1/BNIP3/CLOCK/COL1A1/DDR2/EGR1/EPHA4/GJA1/HMOX1/HSPA6/MAPK8/MEIS2/PTGS2/THBS1/TNFRSF10B/CAV1/EEF1D/FOSB/RBX1/REEP6/RNF34/SLC38A2/STC2/TFRC/TGFBR3/TIMP1/VASN",28
"GO:0002758","innate immune response-activating signaling pathway","10/268","142/7601",0.0704225352112676,1.99731973933151,2.29335683528941,0.0281992650906865,0.138222347275995,0.109434405760604,"APP/IFI35/MAPK8/PTPRS/TAX1BP1/CAV1/RIOK3/RNF34/SLC19A1/SQSTM1",10
"GO:0030326","embryonic limb morphogenesis","6/268","66/7601",0.0909090909090909,2.57835820895522,2.46189350997476,0.0282058814847516,0.138222347275995,0.109434405760604,"B9D1/BMP4/GJA1/GPC3/MSX2/BMPR1A",6
"GO:0035113","embryonic appendage morphogenesis","6/268","66/7601",0.0909090909090909,2.57835820895522,2.46189350997476,0.0282058814847516,0.138222347275995,0.109434405760604,"B9D1/BMP4/GJA1/GPC3/MSX2/BMPR1A",6
"GO:0050866","negative regulation of cell activation","6/268","66/7601",0.0909090909090909,2.57835820895522,2.46189350997476,0.0282058814847516,0.138222347275995,0.109434405760604,"APOE/BMP4/CD84/LDLR/NDFIP1/PRKAR1A",6
"GO:0002764","immune response-regulating signaling pathway","14/268","226/7601",0.0619469026548673,1.7569343547748,2.20833408033793,0.0285988727272219,0.139980350701983,0.110826265065843,"APP/HLA-A/IFI35/MAPK8/PHPT1/PTPRS/RAB29/TAX1BP1/CAV1/PLSCR1/RIOK3/RNF34/SLC19A1/SQSTM1",14
"GO:0001819","positive regulation of cytokine production","11/268","163/7601",0.0674846625766871,1.91399597106492,2.25498338970641,0.0289301058808804,0.141263252969126,0.111841973813527,"APP/CLU/EGR1/HLA-A/HMOX1/PTGS2/SERPINF2/THBS1/BMPR1A/CD83/RIOK3",11
"GO:0048545","response to steroid hormone","11/268","163/7601",0.0674846625766871,1.91399597106492,2.25498338970641,0.0289301058808804,0.141263252969126,0.111841973813527,"CLOCK/COL1A1/NCOA4/PTGS2/SLIT2/THBS1/CALCOCO1/CAV1/FOSB/PTPRU/WBP2",11
"GO:0010866","regulation of triglyceride biosynthetic process","2/268","8/7601",0.25,7.09048507462687,3.29475804774333,0.030133014014173,0.143368601019703,0.113508835340442,"LDLR/RGN",2
"GO:0010988","regulation of low-density lipoprotein particle clearance","2/268","8/7601",0.25,7.09048507462687,3.29475804774333,0.030133014014173,0.143368601019703,0.113508835340442,"APOC3/LDLR",2
"GO:0014004","microglia differentiation","2/268","8/7601",0.25,7.09048507462687,3.29475804774333,0.030133014014173,0.143368601019703,0.113508835340442,"APP/MFSD8",2
"GO:0030949","positive regulation of vascular endothelial growth factor receptor signaling pathway","2/268","8/7601",0.25,7.09048507462687,3.29475804774333,0.030133014014173,0.143368601019703,0.113508835340442,"VTN/ROBO1",2
"GO:0032328","alanine transport","2/268","8/7601",0.25,7.09048507462687,3.29475804774333,0.030133014014173,0.143368601019703,0.113508835340442,"SLC38A2/SLC7A8",2
"GO:0038083","peptidyl-tyrosine autophosphorylation","2/268","8/7601",0.25,7.09048507462687,3.29475804774333,0.030133014014173,0.143368601019703,0.113508835340442,"CAV1/DDR1",2
"GO:0045019","negative regulation of nitric oxide biosynthetic process","2/268","8/7601",0.25,7.09048507462687,3.29475804774333,0.030133014014173,0.143368601019703,0.113508835340442,"CAV1/RGN",2
"GO:0061000","negative regulation of dendritic spine development","2/268","8/7601",0.25,7.09048507462687,3.29475804774333,0.030133014014173,0.143368601019703,0.113508835340442,"APOE/PTPRS",2
"GO:0071391","cellular response to estrogen stimulus","2/268","8/7601",0.25,7.09048507462687,3.29475804774333,0.030133014014173,0.143368601019703,0.113508835340442,"NCOA4/WBP2",2
"GO:0072012","glomerulus vasculature development","2/268","8/7601",0.25,7.09048507462687,3.29475804774333,0.030133014014173,0.143368601019703,0.113508835340442,"BMP4/EGR1",2
"GO:0090208","positive regulation of triglyceride metabolic process","2/268","8/7601",0.25,7.09048507462687,3.29475804774333,0.030133014014173,0.143368601019703,0.113508835340442,"LDLR/RGN",2
"GO:1902950","regulation of dendritic spine maintenance","2/268","8/7601",0.25,7.09048507462687,3.29475804774333,0.030133014014173,0.143368601019703,0.113508835340442,"APOE/APP",2
"GO:1904406","negative regulation of nitric oxide metabolic process","2/268","8/7601",0.25,7.09048507462687,3.29475804774333,0.030133014014173,0.143368601019703,0.113508835340442,"CAV1/RGN",2
"GO:1904889","regulation of excitatory synapse assembly","2/268","8/7601",0.25,7.09048507462687,3.29475804774333,0.030133014014173,0.143368601019703,0.113508835340442,"PTPRS/CLSTN3",2
"GO:1905048","regulation of metallopeptidase activity","2/268","8/7601",0.25,7.09048507462687,3.29475804774333,0.030133014014173,0.143368601019703,0.113508835340442,"TIMP3/TIMP1",2
"GO:2000049","positive regulation of cell-cell adhesion mediated by cadherin","2/268","8/7601",0.25,7.09048507462687,3.29475804774333,0.030133014014173,0.143368601019703,0.113508835340442,"SERPINF2/PTPRU",2
"GO:2001138","regulation of phospholipid transport","2/268","8/7601",0.25,7.09048507462687,3.29475804774333,0.030133014014173,0.143368601019703,0.113508835340442,"APOA1/APOE",2
"GO:0022603","regulation of anatomical structure morphogenesis","21/268","385/7601",0.0545454545454545,1.54701492537313,2.10578791720607,0.0304522303827668,0.14449765769877,0.114402740336116,"ADAMTS1/APOH/BMP4/BNIP3/EPHA4/EPHA7/FLT1/GJA1/HMOX1/IFRD1/NTN1/PTPRS/SLIT2/SPRY2/THBS1/BAMBI/BMPR1A/HMGA2/RGMA/ROBO1/TFRC",21
"GO:0048010","vascular endothelial growth factor receptor signaling pathway","4/268","34/7601",0.117647058823529,3.33669885864794,2.61043983807577,0.0305381721457067,0.14449765769877,0.114402740336116,"FLT1/VTN/ROBO1/SLC31A1",4
"GO:0048844","artery morphogenesis","4/268","34/7601",0.117647058823529,3.33669885864794,2.61043983807577,0.0305381721457067,0.14449765769877,0.114402740336116,"APOE/BMP4/LDLR/BMPR1A",4
"GO:0062208","positive regulation of pattern recognition receptor signaling pathway","4/268","34/7601",0.117647058823529,3.33669885864794,2.61043983807577,0.0305381721457067,0.14449765769877,0.114402740336116,"IFI35/MAPK8/CAV1/SLC19A1",4
"GO:0032368","regulation of lipid transport","5/268","50/7601",0.1,2.83619402985075,2.49020263708086,0.0305470947520767,0.14449765769877,0.114402740336116,"APOA1/APOC3/APOE/THBS1/CAV1",5
"GO:0043491","phosphatidylinositol 3-kinase/protein kinase B signal transduction","9/268","124/7601",0.0725806451612903,2.05852792489167,2.2718665775461,0.0307481725365822,0.145280671857817,0.115022674021848,"APP/DDR2/FLT1/PROS1/SPRY2/THBS1/UNC5B/DDR1/TPBG",9
"GO:0001755","neural crest cell migration","3/268","20/7601",0.15,4.25429104477612,2.7857458439506,0.0317000926281558,0.149088928160268,0.118037774500576,"BMP4/SEMA3C/NRP2",3
"GO:0003176","aortic valve development","3/268","20/7601",0.15,4.25429104477612,2.7857458439506,0.0317000926281558,0.149088928160268,0.118037774500576,"BMP4/SLIT2/ROBO1",3
"GO:0009247","glycolipid biosynthetic process","3/268","20/7601",0.15,4.25429104477612,2.7857458439506,0.0317000926281558,0.149088928160268,0.118037774500576,"B4GALT5/B4GALT6/UGCG",3
"GO:0015804","neutral amino acid transport","3/268","20/7601",0.15,4.25429104477612,2.7857458439506,0.0317000926281558,0.149088928160268,0.118037774500576,"SERINC3/SLC38A2/SLC7A8",3
"GO:0008203","cholesterol metabolic process","6/268","68/7601",0.0882352941176471,2.50252414398595,2.37916894641777,0.0320754787293542,0.150508015576201,0.119161304748365,"APOA1/APOE/APP/HMGCS1/LDLR/IDI1",6
"GO:0003013","circulatory system process","12/268","187/7601",0.0641711229946524,1.82001755926251,2.17045614536432,0.0324852098146589,0.152255794165724,0.120545068771441,"APOE/APP/F5/GJA1/PTGS2/SERPINF2/SLIT2/CAV1/SLC19A1/SLC38A2/SLC7A8/TFRC",12
"GO:0010975","regulation of neuron projection development","14/268","230/7601",0.0608695652173913,1.72637897469176,2.13844127306628,0.0325380407495942,0.152328719981204,0.120602806130406,"APOE/DDR2/EPHA4/EPHA7/IFRD1/ITM2C/NEO1/NTN1/PTPRS/RAB29/SLIT2/DDR1/RGMA/ROBO1",14
"GO:0043535","regulation of blood vessel endothelial cell migration","5/268","51/7601",0.0980392156862745,2.78058238220661,2.43897323738884,0.0329283600094791,0.153803665552847,0.121770560804979,"APOE/HMOX1/PTGS2/THBS1/TGFBR3",5
"GO:2001237","negative regulation of extrinsic apoptotic signaling pathway","5/268","51/7601",0.0980392156862745,2.78058238220661,2.43897323738884,0.0329283600094791,0.153803665552847,0.121770560804979,"BMP4/HMOX1/THBS1/UNC5B/RNF34",5
"GO:0032092","positive regulation of protein binding","4/268","35/7601",0.114285714285714,3.24136460554371,2.54066095778102,0.0335545919331011,0.156015491729903,0.123521723971442,"BMP4/TRIB3/VTN/BAMBI",4
"GO:0042158","lipoprotein biosynthetic process","4/268","35/7601",0.114285714285714,3.24136460554371,2.54066095778102,0.0335545919331011,0.156015491729903,0.123521723971442,"APOA1/APOE/GOLGA7/UGCG",4
"GO:0043536","positive regulation of blood vessel endothelial cell migration","4/268","35/7601",0.114285714285714,3.24136460554371,2.54066095778102,0.0335545919331011,0.156015491729903,0.123521723971442,"HMOX1/PTGS2/THBS1/TGFBR3",4
"GO:0060761","negative regulation of response to cytokine stimulus","4/268","35/7601",0.114285714285714,3.24136460554371,2.54066095778102,0.0335545919331011,0.156015491729903,0.123521723971442,"APOA1/SLIT2/CAV1/ROBO1",4
"GO:0048638","regulation of developmental growth","10/268","147/7601",0.0680272108843537,1.92938369377602,2.17516583005322,0.034648501228903,0.160918664230144,0.127403699494794,"APOE/APP/EPHA7/IFRD1/NTN1/PTPRS/BMPR1A/RGMA/STC2/TGFBR3",10
"GO:0002460","adaptive immune response based on somatic recombination of immune receptors built from immunoglobulin superfamily domains","8/268","107/7601",0.0747663551401869,2.12051890082299,2.23145216637687,0.0348024442032439,0.161267108229771,0.127679572121699,"C4A/C4BPA/CLU/HLA-A/HPX/NDFIP1/NCR3LG1/TFRC",8
"GO:0046651","lymphocyte proliferation","8/268","107/7601",0.0747663551401869,2.12051890082299,2.23145216637687,0.0348024442032439,0.161267108229771,0.127679572121699,"BMP4/CD151/GJA1/HLA-A/NDFIP1/PRKAR1A/CD320/TFRC",8
"GO:0002443","leukocyte mediated immunity","9/268","127/7601",0.0708661417322835,2.00990128099659,2.19400487109765,0.035098735592244,0.162455869043603,0.128620746510768,"C4A/C4BPA/CD84/CLU/HLA-A/HPX/NDFIP1/NCR3LG1/TFRC",9
"GO:0007601","visual perception","5/268","52/7601",0.0961538461538462,2.72710964408726,2.38896737616406,0.0354222765276284,0.163030229919389,0.129075483695981,"COL1A1/TIMP3/ZNF513/CHM/REEP6",5
"GO:0042303","molting cycle","5/268","52/7601",0.0961538461538462,2.72710964408726,2.38896737616406,0.0354222765276284,0.163030229919389,0.129075483695981,"CLOCK/LRIG1/MSX2/PTGS2/ACVR1B",5
"GO:0050953","sensory perception of light stimulus","5/268","52/7601",0.0961538461538462,2.72710964408726,2.38896737616406,0.0354222765276284,0.163030229919389,0.129075483695981,"COL1A1/TIMP3/ZNF513/CHM/REEP6",5
"GO:0060840","artery development","5/268","52/7601",0.0961538461538462,2.72710964408726,2.38896737616406,0.0354222765276284,0.163030229919389,0.129075483695981,"APOE/BMP4/LDLR/BMPR1A/ROBO1",5
"GO:0007631","feeding behavior","3/268","21/7601",0.142857142857143,4.05170575692964,2.67701652572694,0.0360452660433096,0.165002005590578,0.130636592323655,"APP/USP46/NMU",3
"GO:0030511","positive regulation of transforming growth factor beta receptor signaling pathway","3/268","21/7601",0.142857142857143,4.05170575692964,2.67701652572694,0.0360452660433096,0.165002005590578,0.130636592323655,"SDCBP/THBS1/TGFBR3",3
"GO:1903846","positive regulation of cellular response to transforming growth factor beta stimulus","3/268","21/7601",0.142857142857143,4.05170575692964,2.67701652572694,0.0360452660433096,0.165002005590578,0.130636592323655,"SDCBP/THBS1/TGFBR3",3
"GO:1905314","semi-lunar valve development","3/268","21/7601",0.142857142857143,4.05170575692964,2.67701652572694,0.0360452660433096,0.165002005590578,0.130636592323655,"BMP4/SLIT2/ROBO1",3
"GO:0001822","kidney development","10/268","148/7601",0.0675675675675676,1.91634731746672,2.152081729893,0.0360525546837256,0.165002005590578,0.130636592323655,"ADAMTS1/BMP4/EGR1/EPHA4/EPHA7/GCNT1/GPC3/SLIT2/TMEM59L/RGN",10
"GO:0050730","regulation of peptidyl-tyrosine phosphorylation","6/268","70/7601",0.0857142857142857,2.43102345415778,2.29933790432188,0.0362755065306256,0.165836683658464,0.131297429736422,"APP/EPHA4/EPHA7/PLPP3/VTN/CAV1",6
"GO:0006513","protein monoubiquitination","4/268","36/7601",0.111111111111111,3.15132669983416,2.47335526811814,0.0367386819619489,0.167206005766687,0.132381559431522,"MGRN1/RBX1/RNF126/TRIM41",4
"GO:0014032","neural crest cell development","4/268","36/7601",0.111111111111111,3.15132669983416,2.47335526811814,0.0367386819619489,0.167206005766687,0.132381559431522,"BMP4/SEMA3C/BMPR1A/NRP2",4
"GO:0097009","energy homeostasis","4/268","36/7601",0.111111111111111,3.15132669983416,2.47335526811814,0.0367386819619489,0.167206005766687,0.132381559431522,"APOE/MAPK8/NMU/SQSTM1",4
"GO:2001244","positive regulation of intrinsic apoptotic signaling pathway","4/268","36/7601",0.111111111111111,3.15132669983416,2.47335526811814,0.0367386819619489,0.167206005766687,0.132381559431522,"CLU/PLEKHF1/SERINC3/CAV1",4
"GO:0018193","peptidyl-amino acid modification","20/268","370/7601",0.0540540540540541,1.53307785397338,2.0096742717569,0.0370934277776282,0.168163234156067,0.133139423279397,"APOA1/APP/DDR2/EGR1/EPHA4/EPHA7/FLT1/GOLGA7/MAPK8/NAA80/PLPP3/PTGS2/QPCT/SPRY2/VTN/ACVR1B/CAV1/DDR1/GALNT1/TFRC",20
"GO:0002920","regulation of humoral immune response","2/268","9/7601",0.222222222222222,6.30265339966833,3.04277435068484,0.0378542146864647,0.168163234156067,0.133139423279397,"C4BPA/HPX",2
"GO:0006857","oligopeptide transport","2/268","9/7601",0.222222222222222,6.30265339966833,3.04277435068484,0.0378542146864647,0.168163234156067,0.133139423279397,"GJA1/MGST1",2
"GO:0007263","nitric oxide mediated signal transduction","2/268","9/7601",0.222222222222222,6.30265339966833,3.04277435068484,0.0378542146864647,0.168163234156067,0.133139423279397,"APOE/THBS1",2
"GO:0010715","regulation of extracellular matrix disassembly","2/268","9/7601",0.222222222222222,6.30265339966833,3.04277435068484,0.0378542146864647,0.168163234156067,0.133139423279397,"DDR2/DDR1",2
"GO:0010984","regulation of lipoprotein particle clearance","2/268","9/7601",0.222222222222222,6.30265339966833,3.04277435068484,0.0378542146864647,0.168163234156067,0.133139423279397,"APOC3/LDLR",2
"GO:0045923","positive regulation of fatty acid metabolic process","2/268","9/7601",0.222222222222222,6.30265339966833,3.04277435068484,0.0378542146864647,0.168163234156067,0.133139423279397,"PTGS2/RGN",2
"GO:0045987","positive regulation of smooth muscle contraction","2/268","9/7601",0.222222222222222,6.30265339966833,3.04277435068484,0.0378542146864647,0.168163234156067,0.133139423279397,"PTGS2/NMU",2
"GO:0046426","negative regulation of receptor signaling pathway via JAK-STAT","2/268","9/7601",0.222222222222222,6.30265339966833,3.04277435068484,0.0378542146864647,0.168163234156067,0.133139423279397,"ADIPOR1/CAV1",2
"GO:0048143","astrocyte activation","2/268","9/7601",0.222222222222222,6.30265339966833,3.04277435068484,0.0378542146864647,0.168163234156067,0.133139423279397,"APP/LDLR",2
"GO:0050829","defense response to Gram-negative bacterium","2/268","9/7601",0.222222222222222,6.30265339966833,3.04277435068484,0.0378542146864647,0.168163234156067,0.133139423279397,"APP/OPTN",2
"GO:0060347","heart trabecula formation","2/268","9/7601",0.222222222222222,6.30265339966833,3.04277435068484,0.0378542146864647,0.168163234156067,0.133139423279397,"ADAMTS1/TGFBR3",2
"GO:0061437","renal system vasculature development","2/268","9/7601",0.222222222222222,6.30265339966833,3.04277435068484,0.0378542146864647,0.168163234156067,0.133139423279397,"BMP4/EGR1",2
"GO:0061440","kidney vasculature development","2/268","9/7601",0.222222222222222,6.30265339966833,3.04277435068484,0.0378542146864647,0.168163234156067,0.133139423279397,"BMP4/EGR1",2
"GO:0090594","inflammatory response to wounding","2/268","9/7601",0.222222222222222,6.30265339966833,3.04277435068484,0.0378542146864647,0.168163234156067,0.133139423279397,"HMOX1/TIMP1",2
"GO:0110075","regulation of ferroptosis","2/268","9/7601",0.222222222222222,6.30265339966833,3.04277435068484,0.0378542146864647,0.168163234156067,0.133139423279397,"HMOX1/SQSTM1",2
"GO:1900746","regulation of vascular endothelial growth factor signaling pathway","2/268","9/7601",0.222222222222222,6.30265339966833,3.04277435068484,0.0378542146864647,0.168163234156067,0.133139423279397,"SPRY2/ROBO1",2
"GO:1904350","regulation of protein catabolic process in the vacuole","2/268","9/7601",0.222222222222222,6.30265339966833,3.04277435068484,0.0378542146864647,0.168163234156067,0.133139423279397,"LDLR/MFSD8",2
"GO:1904893","negative regulation of receptor signaling pathway via STAT","2/268","9/7601",0.222222222222222,6.30265339966833,3.04277435068484,0.0378542146864647,0.168163234156067,0.133139423279397,"ADIPOR1/CAV1",2
"GO:2001242","regulation of intrinsic apoptotic signaling pathway","8/268","109/7601",0.073394495412844,2.08161029713816,2.17429530691714,0.038228678132042,0.169458359572295,0.134164809427899,"APP/CLU/HERPUD1/PLEKHF1/PTGS2/SERINC3/CAV1/PTTG1IP",8
"GO:0016125","sterol metabolic process","6/268","71/7601",0.0845070422535211,2.39678368719781,2.26044628450373,0.038501835886608,0.170484293898772,0.134977069641823,"APOA1/APOE/APP/HMGCS1/LDLR/IDI1",6
"GO:0030163","protein catabolic process","32/268","660/7601",0.0484848484848485,1.37512437810945,1.92783377491481,0.0389810386853871,0.17241937782162,0.136509128410663,"APOE/APP/BNIP3/C4BPA/CLOCK/CLU/EPHA4/GPC3/HERPUD1/LDLR/MFSD8/NDFIP1/NDFIP2/NTAN1/PABIR1/RCHY1/RNF149/RNF7/TIMP3/TRIB3/ADAM10/CAV1/GABARAP/GABARAPL2/RBX1/RGMA/RGN/RNF126/RNF130/RNF34/SQSTM1/TIMP1",32
"GO:0002688","regulation of leukocyte chemotaxis","4/268","37/7601",0.108108108108108,3.06615570794675,2.40836052398577,0.0400910162238899,0.176564637184308,0.139791043412248,"APP/SLIT2/THBS1/ADAM10",4
"GO:0032963","collagen metabolic process","4/268","37/7601",0.108108108108108,3.06615570794675,2.40836052398577,0.0400910162238899,0.176564637184308,0.139791043412248,"BMP4/COL1A1/DDR2/SERPINF2",4
"GO:0060395","SMAD protein signal transduction","4/268","37/7601",0.108108108108108,3.06615570794675,2.40836052398577,0.0400910162238899,0.176564637184308,0.139791043412248,"BMP4/ACVR2A/BMPR1A/TGFBR3",4
"GO:0002252","immune effector process","13/268","215/7601",0.0604651162790698,1.71490801804929,2.03281612429624,0.0403420211959835,0.177248251638316,0.140332279637923,"APOA1/APP/C4A/C4BPA/CD84/CLU/HLA-A/HPX/IFI35/IL13RA1/NDFIP1/NCR3LG1/TFRC",13
"GO:0071560","cellular response to transforming growth factor beta stimulus","10/268","151/7601",0.0662251655629139,1.87827419195414,2.08388529061692,0.0405014168736158,0.177248251638316,0.140332279637923,"COL1A1/DDR2/SDCBP/SPRY2/THBS1/BAMBI/BMPR1A/CAV1/TGFBR3/VASN",10
"GO:0032611","interleukin-1 beta production","3/268","22/7601",0.136363636363636,3.86753731343284,2.57482558177016,0.0406799266055151,0.177248251638316,0.140332279637923,"APOA1/APP/EGR1",3
"GO:0032651","regulation of interleukin-1 beta production","3/268","22/7601",0.136363636363636,3.86753731343284,2.57482558177016,0.0406799266055151,0.177248251638316,0.140332279637923,"APOA1/APP/EGR1",3
"GO:0050994","regulation of lipid catabolic process","3/268","22/7601",0.136363636363636,3.86753731343284,2.57482558177016,0.0406799266055151,0.177248251638316,0.140332279637923,"APOC3/LDLR/CLSTN3",3
"GO:1902235","regulation of endoplasmic reticulum stress-induced intrinsic apoptotic signaling pathway","3/268","22/7601",0.136363636363636,3.86753731343284,2.57482558177016,0.0406799266055151,0.177248251638316,0.140332279637923,"APP/HERPUD1/SERINC3",3
"GO:0018210","peptidyl-threonine modification","5/268","54/7601",0.0925925925925926,2.62610558319514,2.29240737264953,0.0407521006841536,0.177373626726449,0.140431542517895,"APP/MAPK8/SPRY2/ACVR1B/GALNT1",5
"GO:0051963","regulation of synapse assembly","6/268","72/7601",0.0833333333333333,2.36349502487562,2.22220698275972,0.0408134948767259,0.177451865490616,0.140493486283377,"APP/EPHA7/NTN1/PTPRS/CLSTN3/TPBG",6
"GO:0016567","protein ubiquitination","22/268","421/7601",0.0522565320665083,1.48209664267735,1.94556741308073,0.0408592641138658,0.177462074849489,0.140501569311509,"HERPUD1/MGRN1/NDFIP1/NDFIP2/RCHY1/RNF141/RNF149/RNF7/SPRY2/TRIB3/TRIM23/ARRDC3/CAV1/GABARAP/PTTG1IP/RBX1/RNF126/RNF130/RNF34/SQSTM1/TRIM41/UBR7",22
"GO:0032943","mononuclear cell proliferation","8/268","111/7601",0.0720720720720721,2.04410380529784,2.11834947647696,0.0418744482161904,0.181678205795722,0.143839595280556,"BMP4/CD151/GJA1/HLA-A/NDFIP1/PRKAR1A/CD320/TFRC",8
"GO:0009101","glycoprotein biosynthetic process","10/268","152/7601",0.0657894736842105,1.86591712490181,2.0614959507832,0.0420646930404759,0.182116949636043,0.144186960756493,"B4GALT5/B4GALT6/CHSY1/GCNT1/ITM2B/ITM2C/TMEM59/C1GALT1C1/CHST10/GALNT1",10
"GO:0072001","renal system development","10/268","152/7601",0.0657894736842105,1.86591712490181,2.0614959507832,0.0420646930404759,0.182116949636043,0.144186960756493,"ADAMTS1/BMP4/EGR1/EPHA4/EPHA7/GCNT1/GPC3/SLIT2/TMEM59L/RGN",10
"GO:0021782","glial cell development","6/268","73/7601",0.0821917808219178,2.33111838069924,2.18459862477168,0.0432112196215345,0.186685258555192,0.147803815641034,"APP/B4GALT5/B4GALT6/CLU/CSPG5/LDLR",6
"GO:2000241","regulation of reproductive process","6/268","73/7601",0.0821917808219178,2.33111838069924,2.18459862477168,0.0432112196215345,0.186685258555192,0.147803815641034,"BMP4/GJA1/MSX2/ACVR1B/RGN/TIMP1",6
"GO:0051592","response to calcium ion","5/268","55/7601",0.0909090909090909,2.57835820895522,2.24575237849325,0.0435896313015055,0.18683595016403,0.14792312230158,"APP/CPNE8/THBS1/CAV1/FOSB",5
"GO:0016525","negative regulation of angiogenesis","4/268","38/7601",0.105263157894737,2.98546739984289,2.3455292833557,0.0436118170923623,0.18683595016403,0.14792312230158,"ADAMTS1/APOH/SPRY2/THBS1",4
"GO:0045806","negative regulation of endocytosis","4/268","38/7601",0.105263157894737,2.98546739984289,2.3455292833557,0.0436118170923623,0.18683595016403,0.14792312230158,"APOC3/SDCBP/CAV1/PLSCR1",4
"GO:0060993","kidney morphogenesis","4/268","38/7601",0.105263157894737,2.98546739984289,2.3455292833557,0.0436118170923623,0.18683595016403,0.14792312230158,"BMP4/GCNT1/GPC3/TMEM59L",4
"GO:0097120","receptor localization to synapse","4/268","38/7601",0.105263157894737,2.98546739984289,2.3455292833557,0.0436118170923623,0.18683595016403,0.14792312230158,"ADAM10/GABARAP/NETO2/STX3",4
"GO:1901343","negative regulation of vasculature development","4/268","38/7601",0.105263157894737,2.98546739984289,2.3455292833557,0.0436118170923623,0.18683595016403,0.14792312230158,"ADAMTS1/APOH/SPRY2/THBS1",4
"GO:2000181","negative regulation of blood vessel morphogenesis","4/268","38/7601",0.105263157894737,2.98546739984289,2.3455292833557,0.0436118170923623,0.18683595016403,0.14792312230158,"ADAMTS1/APOH/SPRY2/THBS1",4
"GO:1990778","protein localization to cell periphery","13/268","218/7601",0.0596330275229358,1.69130836642476,1.97978019824739,0.0442787206038974,0.189494378123695,0.150027872291409,"GOLGA7/LRP6/PLEKHF1/RAB29/TMEM59/ADAM10/CAV1/GABARAP/NETO2/OPTN/SQSTM1/STX3/TPBG",13
"GO:0006898","receptor-mediated endocytosis","9/268","133/7601",0.0676691729323308,1.91922904275614,2.04447005451825,0.0450336989866606,0.191069203849034,0.151274704810357,"APOC3/APOE/APP/CLU/LDLR/SDCBP/VTN/CAV1/TFRC",9
"GO:2001234","negative regulation of apoptotic signaling pathway","9/268","133/7601",0.0676691729323308,1.91922904275614,2.04447005451825,0.0450336989866606,0.191069203849034,0.151274704810357,"BMP4/CLU/HERPUD1/HMOX1/PTGS2/THBS1/UNC5B/PTTG1IP/RNF34",9
"GO:0050807","regulation of synapse organization","10/268","154/7601",0.0649350649350649,1.84168443496802,2.01721565588535,0.0453141335382944,0.191069203849034,0.151274704810357,"APOE/APP/EPHA4/EPHA7/NTN1/PTPRS/ADAM10/CLSTN3/NRP2/TPBG",10
"GO:0046649","lymphocyte activation","18/268","332/7601",0.0542168674698795,1.53769555835281,1.91514432131725,0.0453756246288168,0.191069203849034,0.151274704810357,"BMP4/CD151/CD84/EGR1/FZD7/GJA1/HLA-A/KLF6/MFAP3/NDFIP1/PRKAR1A/RAB29/CAV1/CD320/CD83/NCR3LG1/RBX1/TFRC",18
"GO:0006826","iron ion transport","3/268","23/7601",0.130434782608696,3.69938351719663,2.47847509868033,0.0455997970484718,0.191069203849034,0.151274704810357,"ABCB6/HPX/TFRC",3
"GO:0030514","negative regulation of BMP signaling pathway","3/268","23/7601",0.130434782608696,3.69938351719663,2.47847509868033,0.0455997970484718,0.191069203849034,0.151274704810357,"CRIM1/BAMBI/CAV1",3
"GO:0051055","negative regulation of lipid biosynthetic process","3/268","23/7601",0.130434782608696,3.69938351719663,2.47847509868033,0.0455997970484718,0.191069203849034,0.151274704810357,"APOC3/APOE/TRIB3",3
"GO:1902003","regulation of amyloid-beta formation","3/268","23/7601",0.130434782608696,3.69938351719663,2.47847509868033,0.0455997970484718,0.191069203849034,0.151274704810357,"APOE/CLU/EPHA4",3
"GO:0090101","negative regulation of transmembrane receptor protein serine/threonine kinase signaling pathway","6/268","74/7601",0.0810810810810811,2.29961678096006,2.14760082896859,0.0456956627274526,0.191069203849034,0.151274704810357,"CRIM1/SPRY2/BAMBI/CAV1/TGFBR3/VASN",6
"GO:0002823","negative regulation of adaptive immune response based on somatic recombination of immune receptors built from immunoglobulin superfamily domains","2/268","10/7601",0.2,5.67238805970149,2.82632929727845,0.0462362228056508,0.191069203849034,0.151274704810357,"C4BPA/NDFIP1",2
"GO:0010635","regulation of mitochondrial fusion","2/268","10/7601",0.2,5.67238805970149,2.82632929727845,0.0462362228056508,0.191069203849034,0.151274704810357,"BNIP3/TFRC",2
"GO:0018342","protein prenylation","2/268","10/7601",0.2,5.67238805970149,2.82632929727845,0.0462362228056508,0.191069203849034,0.151274704810357,"PGGT1B/CHM",2
"GO:0032633","interleukin-4 production","2/268","10/7601",0.2,5.67238805970149,2.82632929727845,0.0462362228056508,0.191069203849034,0.151274704810357,"NDFIP1/CD83",2
"GO:0032673","regulation of interleukin-4 production","2/268","10/7601",0.2,5.67238805970149,2.82632929727845,0.0462362228056508,0.191069203849034,0.151274704810357,"NDFIP1/CD83",2
"GO:0048846","axon extension involved in axon guidance","2/268","10/7601",0.2,5.67238805970149,2.82632929727845,0.0462362228056508,0.191069203849034,0.151274704810357,"SLIT2/NRP2",2
"GO:0070098","chemokine-mediated signaling pathway","2/268","10/7601",0.2,5.67238805970149,2.82632929727845,0.0462362228056508,0.191069203849034,0.151274704810357,"SLIT2/ROBO1",2
"GO:0072210","metanephric nephron development","2/268","10/7601",0.2,5.67238805970149,2.82632929727845,0.0462362228056508,0.191069203849034,0.151274704810357,"BMP4/EGR1",2
"GO:0090205","positive regulation of cholesterol metabolic process","2/268","10/7601",0.2,5.67238805970149,2.82632929727845,0.0462362228056508,0.191069203849034,0.151274704810357,"APOA1/APOE",2
"GO:0098792","xenophagy","2/268","10/7601",0.2,5.67238805970149,2.82632929727845,0.0462362228056508,0.191069203849034,0.151274704810357,"CALCOCO2/OPTN",2
"GO:0098815","modulation of excitatory postsynaptic potential","2/268","10/7601",0.2,5.67238805970149,2.82632929727845,0.0462362228056508,0.191069203849034,0.151274704810357,"APP/PRKAR1B",2
"GO:0099174","regulation of presynapse organization","2/268","10/7601",0.2,5.67238805970149,2.82632929727845,0.0462362228056508,0.191069203849034,0.151274704810357,"APP/CLSTN3",2
"GO:1900745","positive regulation of p38MAPK cascade","2/268","10/7601",0.2,5.67238805970149,2.82632929727845,0.0462362228056508,0.191069203849034,0.151274704810357,"BMP4/RELL1",2
"GO:1901096","regulation of autophagosome maturation","2/268","10/7601",0.2,5.67238805970149,2.82632929727845,0.0462362228056508,0.191069203849034,0.151274704810357,"CALCOCO2/UVRAG",2
"GO:1902284","neuron projection extension involved in neuron projection guidance","2/268","10/7601",0.2,5.67238805970149,2.82632929727845,0.0462362228056508,0.191069203849034,0.151274704810357,"SLIT2/NRP2",2
"GO:1902547","regulation of cellular response to vascular endothelial growth factor stimulus","2/268","10/7601",0.2,5.67238805970149,2.82632929727845,0.0462362228056508,0.191069203849034,0.151274704810357,"SPRY2/ROBO1",2
"GO:1905606","regulation of presynapse assembly","2/268","10/7601",0.2,5.67238805970149,2.82632929727845,0.0462362228056508,0.191069203849034,0.151274704810357,"APP/CLSTN3",2
"GO:0071902","positive regulation of protein serine/threonine kinase activity","5/268","56/7601",0.0892857142857143,2.53231609808102,2.20011866927188,0.0465430605998212,0.191949029940938,0.151971287146264,"EPHA4/FLT1/THBS1/HMGA2/ROBO1",5
"GO:0097237","cellular response to toxic substance","5/268","56/7601",0.0892857142857143,2.53231609808102,2.20011866927188,0.0465430605998212,0.191949029940938,0.151971287146264,"ABCB6/APOE/PTGS2/RAB29/MGST1",5
"GO:0008654","phospholipid biosynthetic process","9/268","134/7601",0.0671641791044776,1.90490643795946,2.02030227176624,0.0468551352446088,0.192933184897354,0.152750469492348,"APOA1/HMGCS1/PI4K2A/PIPSL/SERINC1/UVRAG/IDI1/LPIN1/PLSCR1",9
"GO:0071559","response to transforming growth factor beta","10/268","155/7601",0.0645161290322581,1.82980259990371,1.99531962924638,0.0470010461351834,0.192933184897354,0.152750469492348,"COL1A1/DDR2/SDCBP/SPRY2/THBS1/BAMBI/BMPR1A/CAV1/TGFBR3/VASN",10
"GO:0033273","response to vitamin","4/268","39/7601",0.102564102564103,2.90891695369307,2.28472720355055,0.0473009667891237,0.192933184897354,0.152750469492348,"COL1A1/F5/PTGS2/STC2",4
"GO:0035150","regulation of tube size","4/268","39/7601",0.102564102564103,2.90891695369307,2.28472720355055,0.0473009667891237,0.192933184897354,0.152750469492348,"APOE/PTGS2/SERPINF2/CAV1",4
"GO:0061180","mammary gland epithelium development","4/268","39/7601",0.102564102564103,2.90891695369307,2.28472720355055,0.0473009667891237,0.192933184897354,0.152750469492348,"MSX2/NTN1/DDR1/ROBO1",4
"GO:0097746","blood vessel diameter maintenance","4/268","39/7601",0.102564102564103,2.90891695369307,2.28472720355055,0.0473009667891237,0.192933184897354,0.152750469492348,"APOE/PTGS2/SERPINF2/CAV1",4
"GO:1902653","secondary alcohol biosynthetic process","4/268","39/7601",0.102564102564103,2.90891695369307,2.28472720355055,0.0473009667891237,0.192933184897354,0.152750469492348,"APOA1/APOE/HMGCS1/IDI1",4
"GO:0046777","protein autophosphorylation","7/268","94/7601",0.074468085106383,2.11205938393141,2.07392023363861,0.0476159462008041,0.194024299225011,0.153614334492598,"DDR2/EPHA4/EPHA7/FLT1/ACVR1B/CAV1/DDR1",7
"GO:0021987","cerebral cortex development","6/268","75/7601",0.08,2.2689552238806,2.11119414748705,0.0482673928240759,0.195897551610723,0.155097439545507,"BNIP3/PTPRS/SLIT2/CDON/ROBO1/SLC38A2",6
"GO:0035265","organ growth","6/268","75/7601",0.08,2.2689552238806,2.11119414748705,0.0482673928240759,0.195897551610723,0.155097439545507,"DDR2/MSX2/PRKAR1A/SPRY2/BMPR1A/TGFBR3",6
"GO:0120161","regulation of cold-induced thermogenesis","6/268","75/7601",0.08,2.2689552238806,2.11119414748705,0.0482673928240759,0.195897551610723,0.155097439545507,"GJA1/ADIPOR1/ARRDC3/CAV1/LPIN1/PCTP",6
"GO:1902652","secondary alcohol metabolic process","6/268","75/7601",0.08,2.2689552238806,2.11119414748705,0.0482673928240759,0.195897551610723,0.155097439545507,"APOA1/APOE/APP/HMGCS1/LDLR/IDI1",6
"GO:0002218","activation of innate immune response","10/268","156/7601",0.0641025641025641,1.81807309605817,1.97358306123831,0.0487298927354523,0.197578444057335,0.156428247983271,"APP/IFI35/MAPK8/PTPRS/TAX1BP1/CAV1/RIOK3/RNF34/SLC19A1/SQSTM1",10
"GO:0048709","oligodendrocyte differentiation","5/268","57/7601",0.087719298245614,2.48788949986908,2.15546322471189,0.0496128083706798,0.200561372711146,0.158789914031412,"B4GALT5/B4GALT6/BNIP3/CLU/VTN",5
"GO:0062013","positive regulation of small molecule metabolic process","5/268","57/7601",0.087719298245614,2.48788949986908,2.15546322471189,0.0496128083706798,0.200561372711146,0.158789914031412,"APOA1/APOE/APP/PTGS2/RGN",5
"GO:1905897","regulation of response to endoplasmic reticulum stress","5/268","57/7601",0.087719298245614,2.48788949986908,2.15546322471189,0.0496128083706798,0.200561372711146,0.158789914031412,"APP/CLU/HERPUD1/SERINC3/CAV1",5
"GO:0050727","regulation of inflammatory response","8/268","115/7601",0.0695652173913043,1.97300454250487,2.00988971226164,0.0498417618312604,0.201287826684152,0.159365067473783,"APOA1/APOE/APP/CLOCK/IFI35/LDLR/NDFIP1/PTGS2",8
"GO:0002753","cytoplasmic pattern recognition receptor signaling pathway","7/268","95/7601",0.0736842105263158,2.08982717989002,2.04337703483525,0.0499280237056884,0.201437149935981,0.159483290768729,"MAPK8/PTPRS/TAX1BP1/CAV1/RIOK3/RNF34/SLC19A1",7
"GO:0032410","negative regulation of transporter activity","3/268","24/7601",0.125,3.54524253731343,2.38736872734369,0.0507997950918987,0.203547806412343,0.161154355121256,"NDFIP1/NDFIP2/CAV1",3
"GO:0032602","chemokine production","3/268","24/7601",0.125,3.54524253731343,2.38736872734369,0.0507997950918987,0.203547806412343,0.161154355121256,"APP/EGR1/HMOX1",3
"GO:0032642","regulation of chemokine production","3/268","24/7601",0.125,3.54524253731343,2.38736872734369,0.0507997950918987,0.203547806412343,0.161154355121256,"APP/EGR1/HMOX1",3
"GO:0048634","regulation of muscle organ development","3/268","24/7601",0.125,3.54524253731343,2.38736872734369,0.0507997950918987,0.203547806412343,0.161154355121256,"BMP4/GJA1/CDON",3
"GO:0051966","regulation of synaptic transmission, glutamatergic","3/268","24/7601",0.125,3.54524253731343,2.38736872734369,0.0507997950918987,0.203547806412343,0.161154355121256,"PTGS2/SLC38A2/TPRG1L",3
"GO:1901861","regulation of muscle tissue development","3/268","24/7601",0.125,3.54524253731343,2.38736872734369,0.0507997950918987,0.203547806412343,0.161154355121256,"BMP4/GJA1/CDON",3
"GO:0002011","morphogenesis of an epithelial sheet","4/268","40/7601",0.1,2.83619402985075,2.22583157192256,0.0511580194684252,0.203784430377635,0.16134169677433,"CCN1/CD151/MSX2/DDR1",4
"GO:0030148","sphingolipid biosynthetic process","4/268","40/7601",0.1,2.83619402985075,2.22583157192256,0.0511580194684252,0.203784430377635,0.16134169677433,"B4GALT5/B4GALT6/CCN1/UGCG",4
"GO:0048864","stem cell development","4/268","40/7601",0.1,2.83619402985075,2.22583157192256,0.0511580194684252,0.203784430377635,0.16134169677433,"BMP4/SEMA3C/BMPR1A/NRP2",4
"GO:0060349","bone morphogenesis","4/268","40/7601",0.1,2.83619402985075,2.22583157192256,0.0511580194684252,0.203784430377635,0.16134169677433,"BMP4/CHSY1/COL1A1/MSX2",4
"GO:0060537","muscle tissue development","12/268","201/7601",0.0597014925373134,1.69325016707507,1.90416905210016,0.0516510077695418,0.205547876099433,0.162737864893734,"BMP4/EGR1/FZD7/GJA1/IFRD1/MSX2/PRKAR1A/SEMA3C/BMPR1A/CAV1/CDON/TGFBR3",12
"GO:0006909","phagocytosis","7/268","96/7601",0.0729166666666667,2.06805814676617,2.01320738990581,0.052310155670041,0.207968488544219,0.164654329848153,"APOA1/C4A/C4BPA/LDLR/MFGE8/THBS1/PLSCR1",7
"GO:0002695","negative regulation of leukocyte activation","5/268","58/7601",0.0862068965517241,2.44499485331961,2.11174557991798,0.0527991404066811,0.209504938681656,0.165870779366518,"BMP4/CD84/LDLR/NDFIP1/PRKAR1A",5
"GO:0007612","learning","5/268","58/7601",0.0862068965517241,2.44499485331961,2.11174557991798,0.0527991404066811,0.209504938681656,0.165870779366518,"APP/MEIS2/PTGS2/CHST10/TPBG",5
"GO:0002685","regulation of leukocyte migration","6/268","77/7601",0.0779220779220779,2.21002132196162,2.04008067975052,0.0536745670868705,0.212565848531046,0.168294185256059,"APP/GCNT1/HMOX1/SLIT2/THBS1/ADAM10",6
"GO:0043281","regulation of cysteine-type endopeptidase activity involved in apoptotic process","6/268","77/7601",0.0779220779220779,2.21002132196162,2.04008067975052,0.0536745670868705,0.212565848531046,0.168294185256059,"EPHA7/PTGS2/THBS1/PDCD2/RNF34/ROBO1",6
"GO:1901342","regulation of vasculature development","8/268","117/7601",0.0683760683760684,1.93927796912872,1.95728256777915,0.054170603376574,0.214134028695691,0.169535756303183,"ADAMTS1/APOH/FLT1/HMOX1/SPRY2/THBS1/ADAM10/HMGA2",8
"GO:0008589","regulation of smoothened signaling pathway","4/268","41/7601",0.0975609756097561,2.76701856570805,2.1687300336888,0.0551822138086367,0.214134028695691,0.169535756303183,"CHSY1/GPC3/MGRN1/TXNDC15",4
"GO:0019218","regulation of steroid metabolic process","4/268","41/7601",0.0975609756097561,2.76701856570805,2.1687300336888,0.0551822138086367,0.214134028695691,0.169535756303183,"APOA1/APOE/EGR1/LDLR",4
"GO:0042472","inner ear morphogenesis","4/268","41/7601",0.0975609756097561,2.76701856570805,2.1687300336888,0.0551822138086367,0.214134028695691,0.169535756303183,"LRIG1/LRIG3/NTN1/SPRY2",4
"GO:0002820","negative regulation of adaptive immune response","2/268","11/7601",0.181818181818182,5.15671641791045,2.63729797978507,0.0552232117066941,0.214134028695691,0.169535756303183,"C4BPA/NDFIP1",2
"GO:0003128","heart field specification","2/268","11/7601",0.181818181818182,5.15671641791045,2.63729797978507,0.0552232117066941,0.214134028695691,0.169535756303183,"BMP4/ROBO1",2
"GO:0003215","cardiac right ventricle morphogenesis","2/268","11/7601",0.181818181818182,5.15671641791045,2.63729797978507,0.0552232117066941,0.214134028695691,0.169535756303183,"SEMA3C/BMPR1A",2
"GO:0003416","endochondral bone growth","2/268","11/7601",0.181818181818182,5.15671641791045,2.63729797978507,0.0552232117066941,0.214134028695691,0.169535756303183,"DDR2/MSX2",2
"GO:0006658","phosphatidylserine metabolic process","2/268","11/7601",0.181818181818182,5.15671641791045,2.63729797978507,0.0552232117066941,0.214134028695691,0.169535756303183,"SERINC1/PLSCR1",2
"GO:0032925","regulation of activin receptor signaling pathway","2/268","11/7601",0.181818181818182,5.15671641791045,2.63729797978507,0.0552232117066941,0.214134028695691,0.169535756303183,"ACVR1B/ACVR2A",2
"GO:0035025","positive regulation of Rho protein signal transduction","2/268","11/7601",0.181818181818182,5.15671641791045,2.63729797978507,0.0552232117066941,0.214134028695691,0.169535756303183,"APOA1/ROBO1",2
"GO:0035456","response to interferon-beta","2/268","11/7601",0.181818181818182,5.15671641791045,2.63729797978507,0.0552232117066941,0.214134028695691,0.169535756303183,"IFNAR1/PLSCR1",2
"GO:0042159","lipoprotein catabolic process","2/268","11/7601",0.181818181818182,5.15671641791045,2.63729797978507,0.0552232117066941,0.214134028695691,0.169535756303183,"APOE/LDLR",2
"GO:0045717","negative regulation of fatty acid biosynthetic process","2/268","11/7601",0.181818181818182,5.15671641791045,2.63729797978507,0.0552232117066941,0.214134028695691,0.169535756303183,"APOC3/TRIB3",2
"GO:0051965","positive regulation of synapse assembly","2/268","11/7601",0.181818181818182,5.15671641791045,2.63729797978507,0.0552232117066941,0.214134028695691,0.169535756303183,"CLSTN3/TPBG",2
"GO:0060669","embryonic placenta morphogenesis","2/268","11/7601",0.181818181818182,5.15671641791045,2.63729797978507,0.0552232117066941,0.214134028695691,0.169535756303183,"CCN1/SPINT2",2
"GO:0071280","cellular response to copper ion","2/268","11/7601",0.181818181818182,5.15671641791045,2.63729797978507,0.0552232117066941,0.214134028695691,0.169535756303183,"BACE1/MT2A",2
"GO:0090083","regulation of inclusion body assembly","2/268","11/7601",0.181818181818182,5.15671641791045,2.63729797978507,0.0552232117066941,0.214134028695691,0.169535756303183,"APOE/CLU",2
"GO:0098868","bone growth","2/268","11/7601",0.181818181818182,5.15671641791045,2.63729797978507,0.0552232117066941,0.214134028695691,0.169535756303183,"DDR2/MSX2",2
"GO:0007265","Ras protein signal transduction","5/268","59/7601",0.0847457627118644,2.40355426258538,2.06892763185026,0.0561021705373425,0.216565284258629,0.171460647704796,"NTN1/RIT1/SDCBP/SPRY2/SQSTM1",5
"GO:0042742","defense response to bacterium","5/268","59/7601",0.0847457627118644,2.40355426258538,2.06892763185026,0.0561021705373425,0.216565284258629,0.171460647704796,"APP/HLA-A/RNASE4/NCR3LG1/OPTN",5
"GO:0014003","oligodendrocyte development","3/268","25/7601",0.12,3.4034328358209,2.30099334306153,0.056274120842345,0.216565284258629,0.171460647704796,"B4GALT5/B4GALT6/CLU",3
"GO:0032370","positive regulation of lipid transport","3/268","25/7601",0.12,3.4034328358209,2.30099334306153,0.056274120842345,0.216565284258629,0.171460647704796,"APOA1/APOE/CAV1",3
"GO:0060976","coronary vasculature development","3/268","25/7601",0.12,3.4034328358209,2.30099334306153,0.056274120842345,0.216565284258629,0.171460647704796,"BMP4/GPC3/TGFBR3",3
"GO:1902041","regulation of extrinsic apoptotic signaling pathway via death domain receptors","3/268","25/7601",0.12,3.4034328358209,2.30099334306153,0.056274120842345,0.216565284258629,0.171460647704796,"HMOX1/THBS1/RNF34",3
"GO:2000027","regulation of animal organ morphogenesis","3/268","25/7601",0.12,3.4034328358209,2.30099334306153,0.056274120842345,0.216565284258629,0.171460647704796,"BMP4/BMPR1A/ROBO1",3
"GO:0000422","autophagy of mitochondrion","6/268","78/7601",0.0769230769230769,2.1816877152698,2.00533919238146,0.0565107269207746,0.217221440130337,0.171980144221255,"BNIP3/TIMM23/GABARAP/GABARAPL2/OPTN/SQSTM1",6
"GO:0050767","regulation of neurogenesis","11/268","182/7601",0.0604395604395604,1.71418320485485,1.8642578992619,0.0566449549969415,0.217221440130337,0.171980144221255,"EPHA4/EPHA7/IFRD1/LDLR/NTN1/PTPRS/SLIT2/BMPR1A/CDON/RGMA/ROBO1",11
"GO:0002250","adaptive immune response","9/268","139/7601",0.0647482014388489,1.83638462364437,1.90247591963239,0.0566963757214053,0.217221440130337,0.171980144221255,"C4A/C4BPA/CD84/CLU/HLA-A/HPX/NDFIP1/NCR3LG1/TFRC",9
"GO:0060284","regulation of cell development","19/268","365/7601",0.0520547945205479,1.47637497444285,1.78311536483241,0.0567103686369146,0.217221440130337,0.171980144221255,"BMP4/CLOCK/EPHA4/EPHA7/IFRD1/LDLR/MEIS2/NDFIP1/NTN1/PTPRS/SLIT2/ZNF16/ACVR1B/ACVR2A/BMPR1A/CD83/CDON/RGMA/ROBO1",19
"GO:0031589","cell-substrate adhesion","10/268","161/7601",0.062111801242236,1.76161119866506,1.86720990345099,0.0580142373828806,0.221592699237227,0.175440989390039,"APOA1/CCN1/CCN2/COL1A1/CSPG5/EDIL3/FZD7/THBS1/VTN/DDR1",10
"GO:0000041","transition metal ion transport","4/268","42/7601",0.0952380952380952,2.70113717128642,2.11331948635056,0.0593724860105077,0.226357602915061,0.179213493712,"ABCB6/HPX/SLC31A1/TFRC",4
"GO:0035023","regulation of Rho protein signal transduction","4/268","42/7601",0.0952380952380952,2.70113717128642,2.11331948635056,0.0593724860105077,0.226357602915061,0.179213493712,"APOA1/APOC3/APOE/ROBO1",4
"GO:0030595","leukocyte chemotaxis","5/268","60/7601",0.0833333333333333,2.36349502487562,2.02697346348638,0.0595218629819408,0.226504519559769,0.179329811630389,"APP/FLT1/SLIT2/THBS1/ADAM10",5
"GO:0001818","negative regulation of cytokine production","7/268","99/7601",0.0707070707070707,2.00538971807629,1.92484984984416,0.059880504176307,0.227657321459132,0.180242516365207,"APOA1/CD84/NDFIP1/PTPRS/THBS1/CD83/RBX1",7
"GO:0044248","cellular catabolic process","31/268","662/7601",0.0468277945619335,1.32812711367633,1.68910255929849,0.0613825771624664,0.233151108608736,0.184592097630035,"APOC3/APOE/APP/ATP6V1D/BNIP3/CALCOCO2/CD84/CLU/HMOX1/LDLR/MAPK8/MFSD8/NBR1/NEU1/PLEKHF1/PLPP3/TAX1BP1/TIMM23/TIMP3/TMEM59/TRIB3/TRIM23/UVRAG/CARNMT1/GABARAP/GABARAPL2/LPIN1/OPTN/RGMA/SQSTM1/TIMP1",31
"GO:0001658","branching involved in ureteric bud morphogenesis","3/268","26/7601",0.115384615384615,3.27253157290471,2.21890460648082,0.0620163381936938,0.233174585278405,0.184610684750317,"BMP4/GPC3/TMEM59L",3
"GO:0002639","positive regulation of immunoglobulin production","3/268","26/7601",0.115384615384615,3.27253157290471,2.21890460648082,0.0620163381936938,0.233174585278405,0.184610684750317,"HPX/IL13RA1/TFRC",3
"GO:0010453","regulation of cell fate commitment","3/268","26/7601",0.115384615384615,3.27253157290471,2.21890460648082,0.0620163381936938,0.233174585278405,0.184610684750317,"BMP4/FZD7/BMPR1A",3
"GO:0030225","macrophage differentiation","3/268","26/7601",0.115384615384615,3.27253157290471,2.21890460648082,0.0620163381936938,0.233174585278405,0.184610684750317,"APP/BMP4/MFSD8",3
"GO:0034142","toll-like receptor 4 signaling pathway","3/268","26/7601",0.115384615384615,3.27253157290471,2.21890460648082,0.0620163381936938,0.233174585278405,0.184610684750317,"IFI35/TAX1BP1/SQSTM1",3
"GO:0043457","regulation of cellular respiration","3/268","26/7601",0.115384615384615,3.27253157290471,2.21890460648082,0.0620163381936938,0.233174585278405,0.184610684750317,"BNIP3/IFNAR1/IL10RB",3
"GO:0046686","response to cadmium ion","3/268","26/7601",0.115384615384615,3.27253157290471,2.21890460648082,0.0620163381936938,0.233174585278405,0.184610684750317,"ABCB6/HMOX1/MT2A",3
"GO:0048260","positive regulation of receptor-mediated endocytosis","3/268","26/7601",0.115384615384615,3.27253157290471,2.21890460648082,0.0620163381936938,0.233174585278405,0.184610684750317,"APP/CLU/VTN",3
"GO:0072132","mesenchyme morphogenesis","3/268","26/7601",0.115384615384615,3.27253157290471,2.21890460648082,0.0620163381936938,0.233174585278405,0.184610684750317,"MSX2/BMPR1A/ROBO1",3
"GO:0006644","phospholipid metabolic process","11/268","185/7601",0.0594594594594595,1.68638563937071,1.80676863562231,0.0622364560762875,0.233787128661569,0.18509565206899,"APOA1/HMGCS1/LDLR/PI4K2A/PIPSL/PLPP3/SERINC1/UVRAG/IDI1/LPIN1/PLSCR1",11
"GO:0071456","cellular response to hypoxia","6/268","80/7601",0.075,2.12714552238806,1.93740555194122,0.0624493502118651,0.234371436470058,0.185558264512371,"BNIP3/DDR2/EPHA4/PTGS2/STC2/VASN",6
"GO:0002706","regulation of lymphocyte mediated immunity","5/268","61/7601",0.0819672131147541,2.32474920479569,1.98584918378575,0.0630580349956641,0.236438705529614,0.187194977862551,"C4BPA/HLA-A/HPX/NDFIP1/TFRC",5
"GO:0043010","camera-type eye development","9/268","142/7601",0.0633802816901408,1.79758776539836,1.83406913689043,0.0631998401609178,0.236747863086402,0.187439746340155,"B9D1/BMP4/FAT1/FLT1/GJA1/MFSD8/SPRY2/ZNF513/CDON",9
"GO:0051049","regulation of transport","32/268","689/7601",0.04644412191582,1.31724541299309,1.66930789845958,0.0633088275717438,0.236747863086402,0.187439746340155,"APOA1/APOC3/APOE/APP/BMP4/C4A/CD151/CD84/CLOCK/CLU/CSPG5/GJA1/GPC3/NDFIP1/NDFIP2/NEO1/PRKAR1A/PRKAR1B/PTGS2/RAB29/SDCBP/THBS1/TRIB3/TSPAN13/VTN/CAV1/MDFIC/PLSCR1/REEP5/REEP6/SLC38A2/STC2",32
"GO:0045017","glycerolipid biosynthetic process","8/268","121/7601",0.0661157024793388,1.87516960651289,1.85510059048602,0.0635328837235196,0.236747863086402,0.187439746340155,"APOA1/LDLR/PI4K2A/PIPSL/UVRAG/LPIN1/PLSCR1/RGN",8
"GO:0006493","protein O-linked glycosylation","4/268","43/7601",0.0930232558139535,2.63832002776814,2.05950511547252,0.063727483110013,0.236747863086402,0.187439746340155,"B4GALT5/GCNT1/C1GALT1C1/GALNT1",4
"GO:0016126","sterol biosynthetic process","4/268","43/7601",0.0930232558139535,2.63832002776814,2.05950511547252,0.063727483110013,0.236747863086402,0.187439746340155,"APOA1/APOE/HMGCS1/IDI1",4
"GO:0034248","regulation of amide metabolic process","4/268","43/7601",0.0930232558139535,2.63832002776814,2.05950511547252,0.063727483110013,0.236747863086402,0.187439746340155,"APOE/CCN1/CLU/EPHA4",4
"GO:0120162","positive regulation of cold-induced thermogenesis","4/268","43/7601",0.0930232558139535,2.63832002776814,2.05950511547252,0.063727483110013,0.236747863086402,0.187439746340155,"GJA1/ADIPOR1/CAV1/LPIN1",4
"GO:0001759","organ induction","2/268","12/7601",0.166666666666667,4.72699004975124,2.46996005947734,0.0647624445633956,0.236747863086402,0.187439746340155,"BMP4/ROBO1",2
"GO:0003171","atrioventricular valve development","2/268","12/7601",0.166666666666667,4.72699004975124,2.46996005947734,0.0647624445633956,0.236747863086402,0.187439746340155,"CCN1/BMPR1A",2
"GO:0003181","atrioventricular valve morphogenesis","2/268","12/7601",0.166666666666667,4.72699004975124,2.46996005947734,0.0647624445633956,0.236747863086402,0.187439746340155,"CCN1/BMPR1A",2
"GO:0010763","positive regulation of fibroblast migration","2/268","12/7601",0.166666666666667,4.72699004975124,2.46996005947734,0.0647624445633956,0.236747863086402,0.187439746340155,"DDR2/THBS1",2
"GO:0031290","retinal ganglion cell axon guidance","2/268","12/7601",0.166666666666667,4.72699004975124,2.46996005947734,0.0647624445633956,0.236747863086402,0.187439746340155,"EPHA7/SLIT2",2
"GO:0032731","positive regulation of interleukin-1 beta production","2/268","12/7601",0.166666666666667,4.72699004975124,2.46996005947734,0.0647624445633956,0.236747863086402,0.187439746340155,"APP/EGR1",2
"GO:0045844","positive regulation of striated muscle tissue development","2/268","12/7601",0.166666666666667,4.72699004975124,2.46996005947734,0.0647624445633956,0.236747863086402,0.187439746340155,"GJA1/CDON",2
"GO:0045940","positive regulation of steroid metabolic process","2/268","12/7601",0.166666666666667,4.72699004975124,2.46996005947734,0.0647624445633956,0.236747863086402,0.187439746340155,"APOA1/APOE",2
"GO:0048636","positive regulation of muscle organ development","2/268","12/7601",0.166666666666667,4.72699004975124,2.46996005947734,0.0647624445633956,0.236747863086402,0.187439746340155,"GJA1/CDON",2
"GO:0060191","regulation of lipase activity","2/268","12/7601",0.166666666666667,4.72699004975124,2.46996005947734,0.0647624445633956,0.236747863086402,0.187439746340155,"APOC3/APOH",2
"GO:0060602","branch elongation of an epithelium","2/268","12/7601",0.166666666666667,4.72699004975124,2.46996005947734,0.0647624445633956,0.236747863086402,0.187439746340155,"BMP4/SPRY2",2
"GO:0071404","cellular response to low-density lipoprotein particle stimulus","2/268","12/7601",0.166666666666667,4.72699004975124,2.46996005947734,0.0647624445633956,0.236747863086402,0.187439746340155,"APP/LDLR",2
"GO:1901223","negative regulation of non-canonical NF-kappaB signal transduction","2/268","12/7601",0.166666666666667,4.72699004975124,2.46996005947734,0.0647624445633956,0.236747863086402,0.187439746340155,"IFI35/ADIPOR1",2
"GO:1901863","positive regulation of muscle tissue development","2/268","12/7601",0.166666666666667,4.72699004975124,2.46996005947734,0.0647624445633956,0.236747863086402,0.187439746340155,"GJA1/CDON",2
"GO:1902430","negative regulation of amyloid-beta formation","2/268","12/7601",0.166666666666667,4.72699004975124,2.46996005947734,0.0647624445633956,0.236747863086402,0.187439746340155,"APOE/CLU",2
"GO:2000047","regulation of cell-cell adhesion mediated by cadherin","2/268","12/7601",0.166666666666667,4.72699004975124,2.46996005947734,0.0647624445633956,0.236747863086402,0.187439746340155,"SERPINF2/PTPRU",2
"GO:2000725","regulation of cardiac muscle cell differentiation","2/268","12/7601",0.166666666666667,4.72699004975124,2.46996005947734,0.0647624445633956,0.236747863086402,0.187439746340155,"BMP4/FZD7",2
"GO:0032944","regulation of mononuclear cell proliferation","6/268","81/7601",0.0740740740740741,2.10088446655611,1.9041830004579,0.0655520261252398,0.239420134739817,0.189555456760253,"BMP4/HLA-A/NDFIP1/PRKAR1A/CD320/TFRC",6
"GO:0009408","response to heat","5/268","62/7601",0.0806451612903226,2.28725324987963,1.94552278180118,0.0667103597859655,0.242566939897901,0.192046868310599,"HMOX1/HSPA6/PTGS2/THBS1/EEF1D",5
"GO:1903825","organic acid transmembrane transport","5/268","62/7601",0.0806451612903226,2.28725324987963,1.94552278180118,0.0667103597859655,0.242566939897901,0.192046868310599,"MPC1/THBS1/SLC19A1/SLC38A2/SLC7A8",5
"GO:1905039","carboxylic acid transmembrane transport","5/268","62/7601",0.0806451612903226,2.28725324987963,1.94552278180118,0.0667103597859655,0.242566939897901,0.192046868310599,"MPC1/THBS1/SLC19A1/SLC38A2/SLC7A8",5
"GO:0010812","negative regulation of cell-substrate adhesion","3/268","27/7601",0.111111111111111,3.15132669983416,2.14071548007132,0.0680194505688167,0.245527879617099,0.194391125118916,"COL1A1/FZD7/THBS1",3
"GO:0032612","interleukin-1 production","3/268","27/7601",0.111111111111111,3.15132669983416,2.14071548007132,0.0680194505688167,0.245527879617099,0.194391125118916,"APOA1/APP/EGR1",3
"GO:0032652","regulation of interleukin-1 production","3/268","27/7601",0.111111111111111,3.15132669983416,2.14071548007132,0.0680194505688167,0.245527879617099,0.194391125118916,"APOA1/APP/EGR1",3
"GO:0035567","non-canonical Wnt signaling pathway","3/268","27/7601",0.111111111111111,3.15132669983416,2.14071548007132,0.0680194505688167,0.245527879617099,0.194391125118916,"FZD7/GPC3/DAAM1",3
"GO:0045646","regulation of erythrocyte differentiation","3/268","27/7601",0.111111111111111,3.15132669983416,2.14071548007132,0.0680194505688167,0.245527879617099,0.194391125118916,"ZNF16/ACVR1B/ACVR2A",3
"GO:0018209","peptidyl-serine modification","7/268","102/7601",0.0686274509803922,1.94640766754463,1.83954327883928,0.0680922105399644,0.245527879617099,0.194391125118916,"APP/MAPK8/PTGS2/SPRY2/CAV1/GALNT1/TFRC",7
"GO:0001657","ureteric bud development","4/268","44/7601",0.0909090909090909,2.57835820895522,2.00719955090883,0.0682455765219045,0.245527879617099,0.194391125118916,"BMP4/GPC3/SLIT2/TMEM59L",4
"GO:0001823","mesonephros development","4/268","44/7601",0.0909090909090909,2.57835820895522,2.00719955090883,0.0682455765219045,0.245527879617099,0.194391125118916,"BMP4/GPC3/SLIT2/TMEM59L",4
"GO:0030516","regulation of axon extension","4/268","44/7601",0.0909090909090909,2.57835820895522,2.00719955090883,0.0682455765219045,0.245527879617099,0.194391125118916,"APOE/IFRD1/NTN1/PTPRS",4
"GO:0061614","miRNA transcription","4/268","44/7601",0.0909090909090909,2.57835820895522,2.00719955090883,0.0682455765219045,0.245527879617099,0.194391125118916,"APP/BMP4/EGR1/BMPR1A",4
"GO:0072163","mesonephric epithelium development","4/268","44/7601",0.0909090909090909,2.57835820895522,2.00719955090883,0.0682455765219045,0.245527879617099,0.194391125118916,"BMP4/GPC3/SLIT2/TMEM59L",4
"GO:0072164","mesonephric tubule development","4/268","44/7601",0.0909090909090909,2.57835820895522,2.00719955090883,0.0682455765219045,0.245527879617099,0.194391125118916,"BMP4/GPC3/SLIT2/TMEM59L",4
"GO:0001654","eye development","10/268","166/7601",0.0602409638554217,1.70855062039202,1.76448426922051,0.0683897474023595,0.245614145547841,0.194459424211315,"B9D1/BMP4/FAT1/FLT1/GJA1/MEIS2/MFSD8/SPRY2/ZNF513/CDON",10
"GO:0150063","visual system development","10/268","166/7601",0.0602409638554217,1.70855062039202,1.76448426922051,0.0683897474023595,0.245614145547841,0.194459424211315,"B9D1/BMP4/FAT1/FLT1/GJA1/MEIS2/MFSD8/SPRY2/ZNF513/CDON",10
"GO:0002703","regulation of leukocyte mediated immunity","6/268","82/7601",0.0731707317073171,2.07526392428103,1.87143742245122,0.0687436151582065,0.246668266155917,0.195294000273857,"C4BPA/CD84/HLA-A/HPX/NDFIP1/TFRC",6
"GO:0010811","positive regulation of cell-substrate adhesion","5/268","63/7601",0.0793650793650794,2.25094764273869,1.90596399347982,0.0704783696766087,0.252449690506836,0.199871311763361,"APOA1/CCN1/CSPG5/EDIL3/VTN",5
"GO:0048259","regulation of receptor-mediated endocytosis","5/268","63/7601",0.0793650793650794,2.25094764273869,1.90596399347982,0.0704783696766087,0.252449690506836,0.199871311763361,"APOC3/APP/CLU/SDCBP/VTN",5
"GO:0048736","appendage development","7/268","103/7601",0.0679611650485437,1.92751050572381,1.81174921762604,0.070972689026556,0.253775485609391,0.200920979939801,"B9D1/BMP4/GJA1/GPC3/MSX2/SEMA3C/BMPR1A",7
"GO:0060173","limb development","7/268","103/7601",0.0679611650485437,1.92751050572381,1.81174921762604,0.070972689026556,0.253775485609391,0.200920979939801,"B9D1/BMP4/GJA1/GPC3/MSX2/SEMA3C/BMPR1A",7
"GO:0097193","intrinsic apoptotic signaling pathway","11/268","190/7601",0.0578947368421053,1.64200706991359,1.71321376504317,0.0723380770713571,0.258431574292514,0.204607332459838,"APP/BNIP3/CLU/HERPUD1/PLEKHF1/PTGS2/SERINC3/TNFRSF10B/TRIB3/CAV1/PTTG1IP",11
"GO:0048880","sensory system development","10/268","168/7601",0.0595238095238095,1.68821073205402,1.72435772070656,0.0728512654982395,0.260037661215113,0.205878915322076,"B9D1/BMP4/FAT1/FLT1/GJA1/MEIS2/MFSD8/SPRY2/ZNF513/CDON",10
"GO:0007259","cell surface receptor signaling pathway via JAK-STAT","4/268","45/7601",0.0888888888888889,2.52106135986733,1.95632212605739,0.0729248757377137,0.260073269755703,0.205907107575762,"IFNAR1/ADIPOR1/CAV1/IL10RB",4
"GO:0008202","steroid metabolic process","8/268","125/7601",0.064,1.81516417910448,1.75670484041254,0.0738471404164504,0.260412664352092,0.206175815543078,"APOA1/APOE/APP/EGR1/HMGCS1/LDLR/CHST10/IDI1",8
"GO:0043124","negative regulation of canonical NF-kappaB signal transduction","3/268","28/7601",0.107142857142857,3.03877931769723,2.06608700989395,0.0742759713263762,0.260412664352092,0.206175815543078,"OPTN/RIOK3/TGFBR3",3
"GO:0043154","negative regulation of cysteine-type endopeptidase activity involved in apoptotic process","3/268","28/7601",0.107142857142857,3.03877931769723,2.06608700989395,0.0742759713263762,0.260412664352092,0.206175815543078,"PTGS2/THBS1/RNF34",3
"GO:0043627","response to estrogen","3/268","28/7601",0.107142857142857,3.03877931769723,2.06608700989395,0.0742759713263762,0.260412664352092,0.206175815543078,"NCOA4/CAV1/WBP2",3
"GO:0098586","cellular response to virus","3/268","28/7601",0.107142857142857,3.03877931769723,2.06608700989395,0.0742759713263762,0.260412664352092,0.206175815543078,"IFNAR1/IL10RB/RIOK3",3
"GO:0042129","regulation of T cell proliferation","5/268","64/7601",0.078125,2.2157765858209,1.86714417986671,0.0743614594975139,0.260412664352092,0.206175815543078,"BMP4/HLA-A/NDFIP1/PRKAR1A/TFRC",5
"GO:1902414","protein localization to cell junction","5/268","64/7601",0.078125,2.2157765858209,1.86714417986671,0.0743614594975139,0.260412664352092,0.206175815543078,"ADAM10/CLSTN3/GABARAP/NETO2/STX3",5
"GO:0009100","glycoprotein metabolic process","11/268","191/7601",0.0575916230366492,1.63341017425959,1.69482930737341,0.0744772134786,0.260412664352092,0.206175815543078,"B4GALT5/B4GALT6/CHSY1/GCNT1/ITM2B/ITM2C/MFSD8/TMEM59/C1GALT1C1/CHST10/GALNT1",11
"GO:0002063","chondrocyte development","2/268","13/7601",0.153846153846154,4.36337543053961,2.32015347076329,0.0748041272202975,0.260412664352092,0.206175815543078,"CHSY1/MSX2",2
"GO:0003156","regulation of animal organ formation","2/268","13/7601",0.153846153846154,4.36337543053961,2.32015347076329,0.0748041272202975,0.260412664352092,0.206175815543078,"BMP4/ROBO1",2
"GO:0010955","negative regulation of protein processing","2/268","13/7601",0.153846153846154,4.36337543053961,2.32015347076329,0.0748041272202975,0.260412664352092,0.206175815543078,"SERPINF2/THBS1",2
"GO:0034249","negative regulation of amide metabolic process","2/268","13/7601",0.153846153846154,4.36337543053961,2.32015347076329,0.0748041272202975,0.260412664352092,0.206175815543078,"APOE/CLU",2
"GO:0034505","tooth mineralization","2/268","13/7601",0.153846153846154,4.36337543053961,2.32015347076329,0.0748041272202975,0.260412664352092,0.206175815543078,"COL1A1/MSX2",2
"GO:0046427","positive regulation of receptor signaling pathway via JAK-STAT","2/268","13/7601",0.153846153846154,4.36337543053961,2.32015347076329,0.0748041272202975,0.260412664352092,0.206175815543078,"ADIPOR1/IL10RB",2
"GO:0050805","negative regulation of synaptic transmission","2/268","13/7601",0.153846153846154,4.36337543053961,2.32015347076329,0.0748041272202975,0.260412664352092,0.206175815543078,"PTGS2/TPRG1L",2
"GO:0051443","positive regulation of ubiquitin-protein transferase activity","2/268","13/7601",0.153846153846154,4.36337543053961,2.32015347076329,0.0748041272202975,0.260412664352092,0.206175815543078,"TRIB3/ARRDC3",2
"GO:0060037","pharyngeal system development","2/268","13/7601",0.153846153846154,4.36337543053961,2.32015347076329,0.0748041272202975,0.260412664352092,0.206175815543078,"BMP4/BMPR1A",2
"GO:0060317","cardiac epithelial to mesenchymal transition","2/268","13/7601",0.153846153846154,4.36337543053961,2.32015347076329,0.0748041272202975,0.260412664352092,0.206175815543078,"MSX2/TGFBR3",2
"GO:0060384","innervation","2/268","13/7601",0.153846153846154,4.36337543053961,2.32015347076329,0.0748041272202975,0.260412664352092,0.206175815543078,"EPHA4/LRIG1",2
"GO:0060444","branching involved in mammary gland duct morphogenesis","2/268","13/7601",0.153846153846154,4.36337543053961,2.32015347076329,0.0748041272202975,0.260412664352092,0.206175815543078,"MSX2/DDR1",2
"GO:1902992","negative regulation of amyloid precursor protein catabolic process","2/268","13/7601",0.153846153846154,4.36337543053961,2.32015347076329,0.0748041272202975,0.260412664352092,0.206175815543078,"APOE/CLU",2
"GO:0017015","regulation of transforming growth factor beta receptor signaling pathway","6/268","84/7601",0.0714285714285714,2.02585287846482,1.80732310191804,0.0753930530040253,0.26223949585315,0.207622167914333,"SDCBP/SPRY2/THBS1/BAMBI/TGFBR3/VASN",6
"GO:0002768","immune response-regulating cell surface receptor signaling pathway","8/268","126/7601",0.0634920634920635,1.80075811419095,1.73266408297742,0.0765754836307677,0.265899746473193,0.210520088253794,"HLA-A/IFI35/MAPK8/PHPT1/RAB29/TAX1BP1/PLSCR1/SQSTM1",8
"GO:1901888","regulation of cell junction assembly","8/268","126/7601",0.0634920634920635,1.80075811419095,1.73266408297742,0.0765754836307677,0.265899746473193,0.210520088253794,"APP/EPHA7/NTN1/PTPRS/THBS1/CAV1/CLSTN3/TPBG",8
"GO:0031667","response to nutrient levels","14/268","261/7601",0.053639846743295,1.52133013095442,1.6383941953317,0.0771726041779628,0.267745698875496,0.211981579164559,"APOE/BNIP3/CHSY1/COL1A1/F5/LDLR/MAPK8/PTGS2/CAV1/GABARAP/GABARAPL2/SLC38A2/STC2/TFRC",14
"GO:0018107","peptidyl-threonine phosphorylation","4/268","46/7601",0.0869565217391304,2.46625567813108,1.90679822557003,0.0777632421090479,0.269337602118372,0.213241932420351,"APP/MAPK8/SPRY2/ACVR1B",4
"GO:0015850","organic hydroxy compound transport","6/268","85/7601",0.0705882352941176,2.00201931518876,1.77592868058714,0.0788504610090469,0.272410679749767,0.215674971875081,"APOA1/APOC3/APOE/CLU/LDLR/CAV1",6
"GO:1903844","regulation of cellular response to transforming growth factor beta stimulus","6/268","85/7601",0.0705882352941176,2.00201931518876,1.77592868058714,0.0788504610090469,0.272410679749767,0.215674971875081,"SDCBP/SPRY2/THBS1/BAMBI/TGFBR3/VASN",6
"GO:0019725","cellular homeostasis","18/268","357/7601",0.0504201680672269,1.4300137965634,1.59096500729471,0.0794696017447343,0.274317789130683,0.217184882435378,"ABCB6/APOE/APP/ATP6V1D/BNIP3/COL1A1/HERPUD1/HMOX1/HPX/MT2A/NCOA4/NDFIP1/NEO1/CAV1/RGN/SLC31A1/STC2/TFRC",18
"GO:0007507","heart development","15/268","286/7601",0.0524475524475524,1.48751435132032,1.60655873163393,0.0801276775758329,0.275805882719933,0.218363046754427,"ADAMTS1/BMP4/CCN1/FZD7/GJA1/GPC3/MGRN1/MSX2/PRKAR1A/SEMA3C/SLIT2/BMPR1A/NRP2/ROBO1/TGFBR3",15
"GO:0006914","autophagy","20/268","406/7601",0.0492610837438424,1.39713991618263,1.57226051582283,0.0805137073812103,0.275805882719933,0.218363046754427,"ATP6V1D/BNIP3/CALCOCO2/CD84/CLU/HMOX1/MAPK8/MFSD8/NBR1/PLEKHF1/TAX1BP1/TIMM23/TMEM59/TRIB3/TRIM23/UVRAG/GABARAP/GABARAPL2/OPTN/SQSTM1",20
"GO:0022414","reproductive process","28/268","604/7601",0.0463576158940397,1.3147919343679,1.541414639304,0.0806626559710701,0.275805882719933,0.218363046754427,"ADAMTS1/APP/BMP4/CLOCK/CREM/EGR1/GJA1/MFGE8/MSX2/NCOA4/PTGS2/PZP/SLIT2/SMC1B/SPINT2/ACVR1B/ACVR2A/BMPR1A/DDR1/FOSB/NEURL4/RBX1/RGN/SELENOP/SLC19A1/SLC38A2/STC2/TIMP1",28
"GO:0001881","receptor recycling","3/268","29/7601",0.103448275862069,2.93399382398353,1.99472086210967,0.080777989140142,0.275805882719933,0.218363046754427,"LDLR/RAB29/OPTN",3
"GO:0002752","cell surface pattern recognition receptor signaling pathway","3/268","29/7601",0.103448275862069,2.93399382398353,1.99472086210967,0.080777989140142,0.275805882719933,0.218363046754427,"IFI35/TAX1BP1/SQSTM1",3
"GO:0008306","associative learning","3/268","29/7601",0.103448275862069,2.93399382398353,1.99472086210967,0.080777989140142,0.275805882719933,0.218363046754427,"APP/MEIS2/TPBG",3
"GO:0022600","digestive system process","3/268","29/7601",0.103448275862069,2.93399382398353,1.99472086210967,0.080777989140142,0.275805882719933,0.218363046754427,"APOA1/LDLR/UGCG",3
"GO:0042130","negative regulation of T cell proliferation","3/268","29/7601",0.103448275862069,2.93399382398353,1.99472086210967,0.080777989140142,0.275805882719933,0.218363046754427,"BMP4/NDFIP1/PRKAR1A",3
"GO:0044743","protein transmembrane import into intracellular organelle","3/268","29/7601",0.103448275862069,2.93399382398353,1.99472086210967,0.080777989140142,0.275805882719933,0.218363046754427,"DNLZ/TIMM23/TOMM40L",3
"GO:0010506","regulation of autophagy","13/268","240/7601",0.0541666666666667,1.53627176616915,1.61382149367447,0.081521910326055,0.278113562189137,0.220190099589046,"ATP6V1D/BNIP3/CALCOCO2/HMOX1/MAPK8/MFSD8/PLEKHF1/TMEM59/TRIB3/TRIM23/UVRAG/OPTN/SQSTM1",13
"GO:0002697","regulation of immune effector process","8/268","128/7601",0.0625,1.77262126865672,1.68522348808853,0.0822121857177209,0.280234531299687,0.22186932873559,"APOA1/C4BPA/CD84/HLA-A/HPX/IL13RA1/NDFIP1/TFRC",8
"GO:0036294","cellular response to decreased oxygen levels","6/268","86/7601",0.0697674418604651,1.9787400208261,1.74495981862694,0.082395902736389,0.280626712069685,0.222179828957596,"BNIP3/DDR2/EPHA4/PTGS2/STC2/VASN",6
"GO:0016239","positive regulation of macroautophagy","5/268","66/7601",0.0757575757575758,2.14863184079602,1.79161438649464,0.0824697925311869,0.280644497980817,0.222193910548988,"BNIP3/CALCOCO2/HMOX1/UVRAG/OPTN",5
"GO:0051056","regulation of small GTPase mediated signal transduction","9/268","150/7601",0.06,1.70171641791045,1.65933218205141,0.0827880991442234,0.281259319370275,0.222680681427434,"APOA1/APOC3/APOE/SLIT2/SPRY2/CDON/GABARAP/ROBO1/SQSTM1",9
"GO:0030522","intracellular receptor signaling pathway","11/268","195/7601",0.0564102564102564,1.59990432453119,1.62233596169716,0.0834335712760517,0.282981747556202,0.224044374843925,"CLOCK/MAPK8/NCOA4/PTPRS/TAX1BP1/CALCOCO1/CAV1/RIOK3/RNF34/SLC19A1/WBP2",11
"GO:0002686","negative regulation of leukocyte migration","2/268","14/7601",0.142857142857143,4.05170575692964,2.18476627604413,0.0853012675007828,0.285525209071007,0.226058102760814,"HMOX1/SLIT2",2
"GO:0003309","type B pancreatic cell differentiation","2/268","14/7601",0.142857142857143,4.05170575692964,2.18476627604413,0.0853012675007828,0.285525209071007,0.226058102760814,"BMP4/CLOCK",2
"GO:0019229","regulation of vasoconstriction","2/268","14/7601",0.142857142857143,4.05170575692964,2.18476627604413,0.0853012675007828,0.285525209071007,0.226058102760814,"PTGS2/CAV1",2
"GO:0021952","central nervous system projection neuron axonogenesis","2/268","14/7601",0.142857142857143,4.05170575692964,2.18476627604413,0.0853012675007828,0.285525209071007,0.226058102760814,"EPHA4/SLIT2",2
"GO:0045933","positive regulation of muscle contraction","2/268","14/7601",0.142857142857143,4.05170575692964,2.18476627604413,0.0853012675007828,0.285525209071007,0.226058102760814,"PTGS2/NMU",2
"GO:0046850","regulation of bone remodeling","2/268","14/7601",0.142857142857143,4.05170575692964,2.18476627604413,0.0853012675007828,0.285525209071007,0.226058102760814,"GJA1/TFRC",2
"GO:0048710","regulation of astrocyte differentiation","2/268","14/7601",0.142857142857143,4.05170575692964,2.18476627604413,0.0853012675007828,0.285525209071007,0.226058102760814,"EPHA4/LDLR",2
"GO:0061734","type 2 mitophagy","2/268","14/7601",0.142857142857143,4.05170575692964,2.18476627604413,0.0853012675007828,0.285525209071007,0.226058102760814,"TIMM23/OPTN",2
"GO:0071359","cellular response to dsRNA","2/268","14/7601",0.142857142857143,4.05170575692964,2.18476627604413,0.0853012675007828,0.285525209071007,0.226058102760814,"CAV1/RIOK3",2
"GO:1900744","regulation of p38MAPK cascade","2/268","14/7601",0.142857142857143,4.05170575692964,2.18476627604413,0.0853012675007828,0.285525209071007,0.226058102760814,"BMP4/RELL1",2
"GO:1902042","negative regulation of extrinsic apoptotic signaling pathway via death domain receptors","2/268","14/7601",0.142857142857143,4.05170575692964,2.18476627604413,0.0853012675007828,0.285525209071007,0.226058102760814,"HMOX1/RNF34",2
"GO:1903318","negative regulation of protein maturation","2/268","14/7601",0.142857142857143,4.05170575692964,2.18476627604413,0.0853012675007828,0.285525209071007,0.226058102760814,"SERPINF2/THBS1",2
"GO:1905207","regulation of cardiocyte differentiation","2/268","14/7601",0.142857142857143,4.05170575692964,2.18476627604413,0.0853012675007828,0.285525209071007,0.226058102760814,"BMP4/FZD7",2
"GO:0032446","protein modification by small protein conjugation","23/268","483/7601",0.0476190476190476,1.35056858564321,1.52195187738217,0.0856492622706103,0.286221205968916,0.226609142505363,"EGR1/HERPUD1/MGRN1/NDFIP1/NDFIP2/RCHY1/RNF141/RNF149/RNF7/SPRY2/TRIB3/TRIM23/ARRDC3/CAV1/GABARAP/PTTG1IP/RBX1/RNF126/RNF130/RNF34/SQSTM1/TRIM41/UBR7",23
"GO:0070663","regulation of leukocyte proliferation","6/268","87/7601",0.0689655172413793,1.95599588265569,1.71440491629475,0.0860289619528753,0.286786596656934,0.227056777748037,"BMP4/HLA-A/NDFIP1/PRKAR1A/CD320/TFRC",6
"GO:2000116","regulation of cysteine-type endopeptidase activity","6/268","87/7601",0.0689655172413793,1.95599588265569,1.71440491629475,0.0860289619528753,0.286786596656934,0.227056777748037,"EPHA7/PTGS2/THBS1/PDCD2/RNF34/ROBO1",6
"GO:0090596","sensory organ morphogenesis","7/268","108/7601",0.0648148148148148,1.83827390823659,1.67727128079575,0.0864493157837693,0.287953018425644,0.227980265705235,"BMP4/FAT1/LRIG1/LRIG3/NTN1/SPRY2/CDON",7
"GO:0002690","positive regulation of leukocyte chemotaxis","3/268","30/7601",0.1,2.83619402985075,1.92635323211022,0.0875172286423548,0.289387470437948,0.229115960523419,"APP/THBS1/ADAM10",3
"GO:0042168","heme metabolic process","3/268","30/7601",0.1,2.83619402985075,1.92635323211022,0.0875172286423548,0.289387470437948,0.229115960523419,"ABCB6/HMOX1/HPX",3
"GO:0048753","pigment granule organization","3/268","30/7601",0.1,2.83619402985075,1.92635323211022,0.0875172286423548,0.289387470437948,0.229115960523419,"ABCB6/APOE/RAB29",3
"GO:0060675","ureteric bud morphogenesis","3/268","30/7601",0.1,2.83619402985075,1.92635323211022,0.0875172286423548,0.289387470437948,0.229115960523419,"BMP4/GPC3/TMEM59L",3
"GO:0061035","regulation of cartilage development","3/268","30/7601",0.1,2.83619402985075,1.92635323211022,0.0875172286423548,0.289387470437948,0.229115960523419,"BMP4/CCN1/CCN2",3
"GO:0070613","regulation of protein processing","3/268","30/7601",0.1,2.83619402985075,1.92635323211022,0.0875172286423548,0.289387470437948,0.229115960523419,"SERPINF2/THBS1/PLGRKT",3
"GO:0072078","nephron tubule morphogenesis","3/268","30/7601",0.1,2.83619402985075,1.92635323211022,0.0875172286423548,0.289387470437948,0.229115960523419,"BMP4/GPC3/TMEM59L",3
"GO:0072171","mesonephric tubule morphogenesis","3/268","30/7601",0.1,2.83619402985075,1.92635323211022,0.0875172286423548,0.289387470437948,0.229115960523419,"BMP4/GPC3/TMEM59L",3
"GO:2000117","negative regulation of cysteine-type endopeptidase activity","3/268","30/7601",0.1,2.83619402985075,1.92635323211022,0.0875172286423548,0.289387470437948,0.229115960523419,"PTGS2/THBS1/RNF34",3
"GO:0042471","ear morphogenesis","4/268","48/7601",0.0833333333333333,2.36349502487562,1.81153940199799,0.0879074638276963,0.290442849364426,0.229951532830991,"LRIG1/LRIG3/NTN1/SPRY2",4
"GO:0009266","response to temperature stimulus","6/268","88/7601",0.0681818181818182,1.93376865671642,1.68425282487043,0.0897491464752668,0.290797464479426,0.230232291298406,"HMOX1/HSPA6/PTGS2/THBS1/EEF1D/RNF34",6
"GO:0048738","cardiac muscle tissue development","7/268","109/7601",0.0642201834862385,1.82140900999589,1.65122850643995,0.0897585752304565,0.290797464479426,0.230232291298406,"BMP4/FZD7/GJA1/MSX2/PRKAR1A/BMPR1A/TGFBR3",7
"GO:0071396","cellular response to lipid","13/268","244/7601",0.0532786885245902,1.5110869831172,1.5512175366941,0.0899599753889803,0.290797464479426,0.230232291298406,"CLOCK/COL1A1/FZD7/LDLR/LRP6/MAPK8/MSX2/NCOA4/PTGS2/CALCOCO1/MGST1/TRIM41/WBP2",13
"GO:0030099","myeloid cell differentiation","11/268","199/7601",0.0552763819095477,1.56774544363609,1.55145436640201,0.0930325504088074,0.290797464479426,0.230232291298406,"APP/BMP4/GPC3/MEIS2/MFSD8/NDFIP1/ZNF16/ACVR1B/ACVR2A/TFRC/TGFBR3",11
"GO:0015718","monocarboxylic acid transport","4/268","49/7601",0.0816326530612245,2.31526043253122,1.7656806405033,0.0932079252140249,0.290797464479426,0.230232291298406,"APOE/MPC1/PTGS2/THBS1",4
"GO:0097696","cell surface receptor signaling pathway via STAT","4/268","49/7601",0.0816326530612245,2.31526043253122,1.7656806405033,0.0932079252140249,0.290797464479426,0.230232291298406,"IFNAR1/ADIPOR1/CAV1/IL10RB",4
"GO:0001656","metanephros development","3/268","31/7601",0.0967741935483871,2.74470389985556,1.86074983713681,0.0944851066075937,0.290797464479426,0.230232291298406,"BMP4/EGR1/GPC3",3
"GO:0030199","collagen fibril organization","3/268","31/7601",0.0967741935483871,2.74470389985556,1.86074983713681,0.0944851066075937,0.290797464479426,0.230232291298406,"COL1A1/DDR2/SERPINF2",3
"GO:0046849","bone remodeling","3/268","31/7601",0.0967741935483871,2.74470389985556,1.86074983713681,0.0944851066075937,0.290797464479426,0.230232291298406,"GJA1/SPP2/TFRC",3
"GO:0051057","positive regulation of small GTPase mediated signal transduction","3/268","31/7601",0.0967741935483871,2.74470389985556,1.86074983713681,0.0944851066075937,0.290797464479426,0.230232291298406,"APOA1/CDON/ROBO1",3
"GO:0072028","nephron morphogenesis","3/268","31/7601",0.0967741935483871,2.74470389985556,1.86074983713681,0.0944851066075937,0.290797464479426,0.230232291298406,"BMP4/GPC3/TMEM59L",3
"GO:0072088","nephron epithelium morphogenesis","3/268","31/7601",0.0967741935483871,2.74470389985556,1.86074983713681,0.0944851066075937,0.290797464479426,0.230232291298406,"BMP4/GPC3/TMEM59L",3
"GO:1901890","positive regulation of cell junction assembly","3/268","31/7601",0.0967741935483871,2.74470389985556,1.86074983713681,0.0944851066075937,0.290797464479426,0.230232291298406,"CAV1/CLSTN3/TPBG",3
"GO:1905954","positive regulation of lipid localization","3/268","31/7601",0.0967741935483871,2.74470389985556,1.86074983713681,0.0944851066075937,0.290797464479426,0.230232291298406,"APOA1/APOE/CAV1",3
"GO:0002694","regulation of leukocyte activation","12/268","223/7601",0.0538116591928251,1.52620306539054,1.52464884981453,0.0952100788105291,0.290797464479426,0.230232291298406,"BMP4/CD84/HLA-A/LDLR/NDFIP1/PRKAR1A/THBS1/CAV1/CD320/CD83/PLSCR1/TFRC",12
"GO:0002065","columnar/cuboidal epithelial cell differentiation","5/268","69/7601",0.072463768115942,2.05521306510924,1.68322781878174,0.0954727696861752,0.290797464479426,0.230232291298406,"B9D1/BMP4/CLOCK/GJA1/CAV1",5
"GO:0051099","positive regulation of binding","5/268","69/7601",0.072463768115942,2.05521306510924,1.68322781878174,0.0954727696861752,0.290797464479426,0.230232291298406,"BMP4/EPHA4/TRIB3/VTN/BAMBI",5
"GO:0001702","gastrulation with mouth forming second","2/268","15/7601",0.133333333333333,3.781592039801,2.06141767683927,0.0962095407202376,0.290797464479426,0.230232291298406,"PLPP3/ACVR2A",2
"GO:0008299","isoprenoid biosynthetic process","2/268","15/7601",0.133333333333333,3.781592039801,2.06141767683927,0.0962095407202376,0.290797464479426,0.230232291298406,"HMGCS1/IDI1",2
"GO:0021772","olfactory bulb development","2/268","15/7601",0.133333333333333,3.781592039801,2.06141767683927,0.0962095407202376,0.290797464479426,0.230232291298406,"SLIT2/ROBO1",2
"GO:0021988","olfactory lobe development","2/268","15/7601",0.133333333333333,3.781592039801,2.06141767683927,0.0962095407202376,0.290797464479426,0.230232291298406,"SLIT2/ROBO1",2
"GO:0022602","ovulation cycle process","2/268","15/7601",0.133333333333333,3.781592039801,2.06141767683927,0.0962095407202376,0.290797464479426,0.230232291298406,"ADAMTS1/SLIT2",2
"GO:0032613","interleukin-10 production","2/268","15/7601",0.133333333333333,3.781592039801,2.06141767683927,0.0962095407202376,0.290797464479426,0.230232291298406,"THBS1/CD83",2
"GO:0032653","regulation of interleukin-10 production","2/268","15/7601",0.133333333333333,3.781592039801,2.06141767683927,0.0962095407202376,0.290797464479426,0.230232291298406,"THBS1/CD83",2
"GO:0032729","positive regulation of type II interferon production","2/268","15/7601",0.133333333333333,3.781592039801,2.06141767683927,0.0962095407202376,0.290797464479426,0.230232291298406,"APP/HLA-A",2
"GO:0045922","negative regulation of fatty acid metabolic process","2/268","15/7601",0.133333333333333,3.781592039801,2.06141767683927,0.0962095407202376,0.290797464479426,0.230232291298406,"APOC3/TRIB3",2
"GO:0046633","alpha-beta T cell proliferation","2/268","15/7601",0.133333333333333,3.781592039801,2.06141767683927,0.0962095407202376,0.290797464479426,0.230232291298406,"HLA-A/NDFIP1",2
"GO:0046640","regulation of alpha-beta T cell proliferation","2/268","15/7601",0.133333333333333,3.781592039801,2.06141767683927,0.0962095407202376,0.290797464479426,0.230232291298406,"HLA-A/NDFIP1",2
"GO:0055023","positive regulation of cardiac muscle tissue growth","2/268","15/7601",0.133333333333333,3.781592039801,2.06141767683927,0.0962095407202376,0.290797464479426,0.230232291298406,"BMPR1A/TGFBR3",2
"GO:0061036","positive regulation of cartilage development","2/268","15/7601",0.133333333333333,3.781592039801,2.06141767683927,0.0962095407202376,0.290797464479426,0.230232291298406,"BMP4/CCN1",2
"GO:0071622","regulation of granulocyte chemotaxis","2/268","15/7601",0.133333333333333,3.781592039801,2.06141767683927,0.0962095407202376,0.290797464479426,0.230232291298406,"SLIT2/THBS1",2
"GO:0097062","dendritic spine maintenance","2/268","15/7601",0.133333333333333,3.781592039801,2.06141767683927,0.0962095407202376,0.290797464479426,0.230232291298406,"APOE/APP",2
"GO:0140448","signaling receptor ligand precursor processing","2/268","15/7601",0.133333333333333,3.781592039801,2.06141767683927,0.0962095407202376,0.290797464479426,0.230232291298406,"BACE1/ADAM10",2
"GO:1904294","positive regulation of ERAD pathway","2/268","15/7601",0.133333333333333,3.781592039801,2.06141767683927,0.0962095407202376,0.290797464479426,0.230232291298406,"HERPUD1/CAV1",2
"GO:1904861","excitatory synapse assembly","2/268","15/7601",0.133333333333333,3.781592039801,2.06141767683927,0.0962095407202376,0.290797464479426,0.230232291298406,"PTPRS/CLSTN3",2
"GO:1904894","positive regulation of receptor signaling pathway via STAT","2/268","15/7601",0.133333333333333,3.781592039801,2.06141767683927,0.0962095407202376,0.290797464479426,0.230232291298406,"ADIPOR1/IL10RB",2
"GO:1905146","lysosomal protein catabolic process","2/268","15/7601",0.133333333333333,3.781592039801,2.06141767683927,0.0962095407202376,0.290797464479426,0.230232291298406,"LDLR/MFSD8",2
"GO:1990868","response to chemokine","2/268","15/7601",0.133333333333333,3.781592039801,2.06141767683927,0.0962095407202376,0.290797464479426,0.230232291298406,"SLIT2/ROBO1",2
"GO:1990869","cellular response to chemokine","2/268","15/7601",0.133333333333333,3.781592039801,2.06141767683927,0.0962095407202376,0.290797464479426,0.230232291298406,"SLIT2/ROBO1",2
"GO:0032434","regulation of proteasomal ubiquitin-dependent protein catabolic process","6/268","90/7601",0.0666666666666667,1.8907960199005,1.6251146011071,0.097448551917674,0.290797464479426,0.230232291298406,"CLU/PABIR1/RCHY1/TRIB3/GABARAP/RBX1",6
"GO:0030900","forebrain development","11/268","201/7601",0.054726368159204,1.55214598648548,1.51659436901819,0.0980734064458726,0.290797464479426,0.230232291298406,"APLP1/APP/BMP4/BNIP3/PTPRS/SLIT2/BMPR1A/CDON/NRP2/ROBO1/SLC38A2",11
"GO:0006022","aminoglycan metabolic process","4/268","50/7601",0.08,2.2689552238806,1.72092687018586,0.0986566930802811,0.290797464479426,0.230232291298406,"B4GALT5/CHSY1/ITIH2/ITIH4",4
"GO:0007600","sensory perception","8/268","134/7601",0.0597014925373134,1.69325016707507,1.54775657315729,0.100557036384314,0.290797464479426,0.230232291298406,"BACE1/COL1A1/LRIG1/SPRY2/TIMP3/ZNF513/CHM/REEP6",8
"GO:0060326","cell chemotaxis","6/268","91/7601",0.0659340659340659,1.87001804165983,1.59610823032716,0.10142642247727,0.290797464479426,0.230232291298406,"APP/FLT1/SLIT2/THBS1/ADAM10/TPBG",6
"GO:0003208","cardiac ventricle morphogenesis","3/268","32/7601",0.09375,2.65893190298507,1.79770177138501,0.101672783939248,0.290797464479426,0.230232291298406,"SEMA3C/BMPR1A/TGFBR3",3
"GO:0006778","porphyrin-containing compound metabolic process","3/268","32/7601",0.09375,2.65893190298507,1.79770177138501,0.101672783939248,0.290797464479426,0.230232291298406,"ABCB6/HMOX1/HPX",3
"GO:0007586","digestion","3/268","32/7601",0.09375,2.65893190298507,1.79770177138501,0.101672783939248,0.290797464479426,0.230232291298406,"APOA1/LDLR/UGCG",3
"GO:0021536","diencephalon development","3/268","32/7601",0.09375,2.65893190298507,1.79770177138501,0.101672783939248,0.290797464479426,0.230232291298406,"BMP4/BMPR1A/NRP2",3
"GO:0032945","negative regulation of mononuclear cell proliferation","3/268","32/7601",0.09375,2.65893190298507,1.79770177138501,0.101672783939248,0.290797464479426,0.230232291298406,"BMP4/NDFIP1/PRKAR1A",3
"GO:0045833","negative regulation of lipid metabolic process","3/268","32/7601",0.09375,2.65893190298507,1.79770177138501,0.101672783939248,0.290797464479426,0.230232291298406,"APOC3/APOE/TRIB3",3
"GO:0048645","animal organ formation","3/268","32/7601",0.09375,2.65893190298507,1.79770177138501,0.101672783939248,0.290797464479426,0.230232291298406,"BMP4/BMPR1A/ROBO1",3
"GO:0050672","negative regulation of lymphocyte proliferation","3/268","32/7601",0.09375,2.65893190298507,1.79770177138501,0.101672783939248,0.290797464479426,0.230232291298406,"BMP4/NDFIP1/PRKAR1A",3
"GO:0061333","renal tubule morphogenesis","3/268","32/7601",0.09375,2.65893190298507,1.79770177138501,0.101672783939248,0.290797464479426,0.230232291298406,"BMP4/GPC3/TMEM59L",3
"GO:0001878","response to yeast","1/268","3/7601",0.333333333333333,9.45398009950249,2.79966169025883,0.102102853322236,0.290797464479426,0.230232291298406,"APP",1
"GO:0002689","negative regulation of leukocyte chemotaxis","1/268","3/7601",0.333333333333333,9.45398009950249,2.79966169025883,0.102102853322236,0.290797464479426,0.230232291298406,"SLIT2",1
"GO:0003149","membranous septum morphogenesis","1/268","3/7601",0.333333333333333,9.45398009950249,2.79966169025883,0.102102853322236,0.290797464479426,0.230232291298406,"BMP4",1
"GO:0003175","tricuspid valve development","1/268","3/7601",0.333333333333333,9.45398009950249,2.79966169025883,0.102102853322236,0.290797464479426,0.230232291298406,"BMPR1A",1
"GO:0003186","tricuspid valve morphogenesis","1/268","3/7601",0.333333333333333,9.45398009950249,2.79966169025883,0.102102853322236,0.290797464479426,0.230232291298406,"BMPR1A",1
"GO:0006659","phosphatidylserine biosynthetic process","1/268","3/7601",0.333333333333333,9.45398009950249,2.79966169025883,0.102102853322236,0.290797464479426,0.230232291298406,"PLSCR1",1
"GO:0006707","cholesterol catabolic process","1/268","3/7601",0.333333333333333,9.45398009950249,2.79966169025883,0.102102853322236,0.290797464479426,0.230232291298406,"APOE",1
"GO:0006848","pyruvate transport","1/268","3/7601",0.333333333333333,9.45398009950249,2.79966169025883,0.102102853322236,0.290797464479426,0.230232291298406,"MPC1",1
"GO:0010748","negative regulation of long-chain fatty acid import across plasma membrane","1/268","3/7601",0.333333333333333,9.45398009950249,2.79966169025883,0.102102853322236,0.290797464479426,0.230232291298406,"THBS1",1
"GO:0014834","skeletal muscle satellite cell maintenance involved in skeletal muscle regeneration","1/268","3/7601",0.333333333333333,9.45398009950249,2.79966169025883,0.102102853322236,0.290797464479426,0.230232291298406,"FZD7",1
"GO:0015677","copper ion import","1/268","3/7601",0.333333333333333,9.45398009950249,2.79966169025883,0.102102853322236,0.290797464479426,0.230232291298406,"SLC31A1",1
"GO:0015816","glycine transport","1/268","3/7601",0.333333333333333,9.45398009950249,2.79966169025883,0.102102853322236,0.290797464479426,0.230232291298406,"SLC7A8",1
"GO:0015829","valine transport","1/268","3/7601",0.333333333333333,9.45398009950249,2.79966169025883,0.102102853322236,0.290797464479426,0.230232291298406,"SLC7A8",1
"GO:0015838","amino-acid betaine transport","1/268","3/7601",0.333333333333333,9.45398009950249,2.79966169025883,0.102102853322236,0.290797464479426,0.230232291298406,"SLC38A2",1
"GO:0015889","cobalamin transport","1/268","3/7601",0.333333333333333,9.45398009950249,2.79966169025883,0.102102853322236,0.290797464479426,0.230232291298406,"CD320",1
"GO:0016127","sterol catabolic process","1/268","3/7601",0.333333333333333,9.45398009950249,2.79966169025883,0.102102853322236,0.290797464479426,0.230232291298406,"APOE",1
"GO:0018197","peptidyl-aspartic acid modification","1/268","3/7601",0.333333333333333,9.45398009950249,2.79966169025883,0.102102853322236,0.290797464479426,0.230232291298406,"NAA80",1
"GO:0018199","peptidyl-glutamine modification","1/268","3/7601",0.333333333333333,9.45398009950249,2.79966169025883,0.102102853322236,0.290797464479426,0.230232291298406,"QPCT",1
"GO:0019853","L-ascorbic acid biosynthetic process","1/268","3/7601",0.333333333333333,9.45398009950249,2.79966169025883,0.102102853322236,0.290797464479426,0.230232291298406,"RGN",1
"GO:0021604","cranial nerve structural organization","1/268","3/7601",0.333333333333333,9.45398009950249,2.79966169025883,0.102102853322236,0.290797464479426,0.230232291298406,"NRP2",1
"GO:0021636","trigeminal nerve morphogenesis","1/268","3/7601",0.333333333333333,9.45398009950249,2.79966169025883,0.102102853322236,0.290797464479426,0.230232291298406,"NRP2",1
"GO:0021637","trigeminal nerve structural organization","1/268","3/7601",0.333333333333333,9.45398009950249,2.79966169025883,0.102102853322236,0.290797464479426,0.230232291298406,"NRP2",1
"GO:0023041","neuronal signal transduction","1/268","3/7601",0.333333333333333,9.45398009950249,2.79966169025883,0.102102853322236,0.290797464479426,0.230232291298406,"CLU",1
"GO:0032604","granulocyte macrophage colony-stimulating factor production","1/268","3/7601",0.333333333333333,9.45398009950249,2.79966169025883,0.102102853322236,0.290797464479426,0.230232291298406,"CD84",1
"GO:0032645","regulation of granulocyte macrophage colony-stimulating factor production","1/268","3/7601",0.333333333333333,9.45398009950249,2.79966169025883,0.102102853322236,0.290797464479426,0.230232291298406,"CD84",1
"GO:0032799","low-density lipoprotein receptor particle metabolic process","1/268","3/7601",0.333333333333333,9.45398009950249,2.79966169025883,0.102102853322236,0.290797464479426,0.230232291298406,"APOE",1
"GO:0032802","low-density lipoprotein particle receptor catabolic process","1/268","3/7601",0.333333333333333,9.45398009950249,2.79966169025883,0.102102853322236,0.290797464479426,0.230232291298406,"APOE",1
"GO:0032803","regulation of low-density lipoprotein particle receptor catabolic process","1/268","3/7601",0.333333333333333,9.45398009950249,2.79966169025883,0.102102853322236,0.290797464479426,0.230232291298406,"APOE",1
"GO:0032914","positive regulation of transforming growth factor beta1 production","1/268","3/7601",0.333333333333333,9.45398009950249,2.79966169025883,0.102102853322236,0.290797464479426,0.230232291298406,"THBS1",1
"GO:0033484","intracellular nitric oxide homeostasis","1/268","3/7601",0.333333333333333,9.45398009950249,2.79966169025883,0.102102853322236,0.290797464479426,0.230232291298406,"CAV1",1
"GO:0034164","negative regulation of toll-like receptor 9 signaling pathway","1/268","3/7601",0.333333333333333,9.45398009950249,2.79966169025883,0.102102853322236,0.290797464479426,0.230232291298406,"PTPRS",1
"GO:0036015","response to interleukin-3","1/268","3/7601",0.333333333333333,9.45398009950249,2.79966169025883,0.102102853322236,0.290797464479426,0.230232291298406,"MT2A",1
"GO:0036016","cellular response to interleukin-3","1/268","3/7601",0.333333333333333,9.45398009950249,2.79966169025883,0.102102853322236,0.290797464479426,0.230232291298406,"MT2A",1
"GO:0036305","ameloblast differentiation","1/268","3/7601",0.333333333333333,9.45398009950249,2.79966169025883,0.102102853322236,0.290797464479426,0.230232291298406,"BMP4",1
"GO:0036315","cellular response to sterol","1/268","3/7601",0.333333333333333,9.45398009950249,2.79966169025883,0.102102853322236,0.290797464479426,0.230232291298406,"LRP6",1
"GO:0036483","neuron intrinsic apoptotic signaling pathway in response to endoplasmic reticulum stress","1/268","3/7601",0.333333333333333,9.45398009950249,2.79966169025883,0.102102853322236,0.290797464479426,0.230232291298406,"APP",1
"GO:0036484","trunk neural crest cell migration","1/268","3/7601",0.333333333333333,9.45398009950249,2.79966169025883,0.102102853322236,0.290797464479426,0.230232291298406,"NRP2",1
"GO:0039534","negative regulation of MDA-5 signaling pathway","1/268","3/7601",0.333333333333333,9.45398009950249,2.79966169025883,0.102102853322236,0.290797464479426,0.230232291298406,"RIOK3",1
"GO:0042481","regulation of odontogenesis","1/268","3/7601",0.333333333333333,9.45398009950249,2.79966169025883,0.102102853322236,0.290797464479426,0.230232291298406,"BMP4",1
"GO:0042661","regulation of mesodermal cell fate specification","1/268","3/7601",0.333333333333333,9.45398009950249,2.79966169025883,0.102102853322236,0.290797464479426,0.230232291298406,"BMPR1A",1
"GO:0043031","negative regulation of macrophage activation","1/268","3/7601",0.333333333333333,9.45398009950249,2.79966169025883,0.102102853322236,0.290797464479426,0.230232291298406,"LDLR",1
"GO:0043949","regulation of cAMP-mediated signaling","1/268","3/7601",0.333333333333333,9.45398009950249,2.79966169025883,0.102102853322236,0.290797464479426,0.230232291298406,"MGRN1",1
"GO:0044848","biological phase","1/268","3/7601",0.333333333333333,9.45398009950249,2.79966169025883,0.102102853322236,0.290797464479426,0.230232291298406,"MSX2",1
"GO:0045337","farnesyl diphosphate biosynthetic process","1/268","3/7601",0.333333333333333,9.45398009950249,2.79966169025883,0.102102853322236,0.290797464479426,0.230232291298406,"HMGCS1",1
"GO:0045617","negative regulation of keratinocyte differentiation","1/268","3/7601",0.333333333333333,9.45398009950249,2.79966169025883,0.102102853322236,0.290797464479426,0.230232291298406,"MSX2",1
"GO:0045986","negative regulation of smooth muscle contraction","1/268","3/7601",0.333333333333333,9.45398009950249,2.79966169025883,0.102102853322236,0.290797464479426,0.230232291298406,"PTGS2",1
"GO:0046135","pyrimidine nucleoside catabolic process","1/268","3/7601",0.333333333333333,9.45398009950249,2.79966169025883,0.102102853322236,0.290797464479426,0.230232291298406,"DCTD",1
"GO:0046886","positive regulation of hormone biosynthetic process","1/268","3/7601",0.333333333333333,9.45398009950249,2.79966169025883,0.102102853322236,0.290797464479426,0.230232291298406,"EGR1",1
"GO:0048669","collateral sprouting in absence of injury","1/268","3/7601",0.333333333333333,9.45398009950249,2.79966169025883,0.102102853322236,0.290797464479426,0.230232291298406,"APP",1
"GO:0050962","detection of light stimulus involved in sensory perception","1/268","3/7601",0.333333333333333,9.45398009950249,2.79966169025883,0.102102853322236,0.290797464479426,0.230232291298406,"REEP6",1
"GO:0051563","smooth endoplasmic reticulum calcium ion homeostasis","1/268","3/7601",0.333333333333333,9.45398009950249,2.79966169025883,0.102102853322236,0.290797464479426,0.230232291298406,"APP",1
"GO:0060318","definitive erythrocyte differentiation","1/268","3/7601",0.333333333333333,9.45398009950249,2.79966169025883,0.102102853322236,0.290797464479426,0.230232291298406,"TGFBR3",1
"GO:0060364","frontal suture morphogenesis","1/268","3/7601",0.333333333333333,9.45398009950249,2.79966169025883,0.102102853322236,0.290797464479426,0.230232291298406,"MSX2",1
"GO:0060601","lateral sprouting from an epithelium","1/268","3/7601",0.333333333333333,9.45398009950249,2.79966169025883,0.102102853322236,0.290797464479426,0.230232291298406,"BMP4",1
"GO:0061046","regulation of branching involved in lung morphogenesis","1/268","3/7601",0.333333333333333,9.45398009950249,2.79966169025883,0.102102853322236,0.290797464479426,0.230232291298406,"BMP4",1
"GO:0061209","cell proliferation involved in mesonephros development","1/268","3/7601",0.333333333333333,9.45398009950249,2.79966169025883,0.102102853322236,0.290797464479426,0.230232291298406,"GPC3",1
"GO:0061643","chemorepulsion of axon","1/268","3/7601",0.333333333333333,9.45398009950249,2.79966169025883,0.102102853322236,0.290797464479426,0.230232291298406,"NTN1",1
"GO:0061740","protein targeting to lysosome involved in chaperone-mediated autophagy","1/268","3/7601",0.333333333333333,9.45398009950249,2.79966169025883,0.102102853322236,0.290797464479426,0.230232291298406,"CLU",1
"GO:0061975","articular cartilage development","1/268","3/7601",0.333333333333333,9.45398009950249,2.79966169025883,0.102102853322236,0.290797464479426,0.230232291298406,"OGN",1
"GO:0071284","cellular response to lead ion","1/268","3/7601",0.333333333333333,9.45398009950249,2.79966169025883,0.102102853322236,0.290797464479426,0.230232291298406,"PTGS2",1
"GO:0071671","regulation of smooth muscle cell chemotaxis","1/268","3/7601",0.333333333333333,9.45398009950249,2.79966169025883,0.102102853322236,0.290797464479426,0.230232291298406,"SLIT2",1
"GO:0072103","glomerulus vasculature morphogenesis","1/268","3/7601",0.333333333333333,9.45398009950249,2.79966169025883,0.102102853322236,0.290797464479426,0.230232291298406,"BMP4",1
"GO:0072104","glomerular capillary formation","1/268","3/7601",0.333333333333333,9.45398009950249,2.79966169025883,0.102102853322236,0.290797464479426,0.230232291298406,"BMP4",1
"GO:0072126","positive regulation of glomerular mesangial cell proliferation","1/268","3/7601",0.333333333333333,9.45398009950249,2.79966169025883,0.102102853322236,0.290797464479426,0.230232291298406,"EGR1",1
"GO:0072224","metanephric glomerulus development","1/268","3/7601",0.333333333333333,9.45398009950249,2.79966169025883,0.102102853322236,0.290797464479426,0.230232291298406,"EGR1",1
"GO:0072592","oxygen metabolic process","1/268","3/7601",0.333333333333333,9.45398009950249,2.79966169025883,0.102102853322236,0.290797464479426,0.230232291298406,"RNF34",1
"GO:0090271","positive regulation of fibroblast growth factor production","1/268","3/7601",0.333333333333333,9.45398009950249,2.79966169025883,0.102102853322236,0.290797464479426,0.230232291298406,"PTGS2",1
"GO:0090360","platelet-derived growth factor production","1/268","3/7601",0.333333333333333,9.45398009950249,2.79966169025883,0.102102853322236,0.290797464479426,0.230232291298406,"PTGS2",1
"GO:0090361","regulation of platelet-derived growth factor production","1/268","3/7601",0.333333333333333,9.45398009950249,2.79966169025883,0.102102853322236,0.290797464479426,0.230232291298406,"PTGS2",1
"GO:0097090","presynaptic membrane organization","1/268","3/7601",0.333333333333333,9.45398009950249,2.79966169025883,0.102102853322236,0.290797464479426,0.230232291298406,"APOE",1
"GO:0097688","glutamate receptor clustering","1/268","3/7601",0.333333333333333,9.45398009950249,2.79966169025883,0.102102853322236,0.290797464479426,0.230232291298406,"APOE",1
"GO:0098581","detection of external biotic stimulus","1/268","3/7601",0.333333333333333,9.45398009950249,2.79966169025883,0.102102853322236,0.290797464479426,0.230232291298406,"HLA-A",1
"GO:0099550","trans-synaptic signaling, modulating synaptic transmission","1/268","3/7601",0.333333333333333,9.45398009950249,2.79966169025883,0.102102853322236,0.290797464479426,0.230232291298406,"NEO1",1
"GO:0110022","regulation of cardiac muscle myoblast proliferation","1/268","3/7601",0.333333333333333,9.45398009950249,2.79966169025883,0.102102853322236,0.290797464479426,0.230232291298406,"MEIS2",1
"GO:0110024","positive regulation of cardiac muscle myoblast proliferation","1/268","3/7601",0.333333333333333,9.45398009950249,2.79966169025883,0.102102853322236,0.290797464479426,0.230232291298406,"MEIS2",1
"GO:0140075","regulation of lipoprotein transport","1/268","3/7601",0.333333333333333,9.45398009950249,2.79966169025883,0.102102853322236,0.290797464479426,0.230232291298406,"APOE",1
"GO:0140077","positive regulation of lipoprotein transport","1/268","3/7601",0.333333333333333,9.45398009950249,2.79966169025883,0.102102853322236,0.290797464479426,0.230232291298406,"APOE",1
"GO:0140213","negative regulation of long-chain fatty acid import into cell","1/268","3/7601",0.333333333333333,9.45398009950249,2.79966169025883,0.102102853322236,0.290797464479426,0.230232291298406,"THBS1",1
"GO:0140246","protein catabolic process at synapse","1/268","3/7601",0.333333333333333,9.45398009950249,2.79966169025883,0.102102853322236,0.290797464479426,0.230232291298406,"ADAM10",1
"GO:0140249","protein catabolic process at postsynapse","1/268","3/7601",0.333333333333333,9.45398009950249,2.79966169025883,0.102102853322236,0.290797464479426,0.230232291298406,"ADAM10",1
"GO:0150003","regulation of spontaneous synaptic transmission","1/268","3/7601",0.333333333333333,9.45398009950249,2.79966169025883,0.102102853322236,0.290797464479426,0.230232291298406,"APP",1
"GO:0150079","negative regulation of neuroinflammatory response","1/268","3/7601",0.333333333333333,9.45398009950249,2.79966169025883,0.102102853322236,0.290797464479426,0.230232291298406,"LDLR",1
"GO:1901336","lactone biosynthetic process","1/268","3/7601",0.333333333333333,9.45398009950249,2.79966169025883,0.102102853322236,0.290797464479426,0.230232291298406,"RGN",1
"GO:1901475","pyruvate transmembrane transport","1/268","3/7601",0.333333333333333,9.45398009950249,2.79966169025883,0.102102853322236,0.290797464479426,0.230232291298406,"MPC1",1
"GO:1901723","negative regulation of cell proliferation involved in kidney development","1/268","3/7601",0.333333333333333,9.45398009950249,2.79966169025883,0.102102853322236,0.290797464479426,0.230232291298406,"BMP4",1
"GO:1901724","positive regulation of cell proliferation involved in kidney development","1/268","3/7601",0.333333333333333,9.45398009950249,2.79966169025883,0.102102853322236,0.290797464479426,0.230232291298406,"EGR1",1
"GO:1901844","regulation of cell communication by electrical coupling involved in cardiac conduction","1/268","3/7601",0.333333333333333,9.45398009950249,2.79966169025883,0.102102853322236,0.290797464479426,0.230232291298406,"CAV1",1
"GO:1902035","positive regulation of hematopoietic stem cell proliferation","1/268","3/7601",0.333333333333333,9.45398009950249,2.79966169025883,0.102102853322236,0.290797464479426,0.230232291298406,"PDCD2",1
"GO:1902219","negative regulation of intrinsic apoptotic signaling pathway in response to osmotic stress","1/268","3/7601",0.333333333333333,9.45398009950249,2.79966169025883,0.102102853322236,0.290797464479426,0.230232291298406,"PTGS2",1
"GO:1902524","positive regulation of protein K48-linked ubiquitination","1/268","3/7601",0.333333333333333,9.45398009950249,2.79966169025883,0.102102853322236,0.290797464479426,0.230232291298406,"GABARAP",1
"GO:1902744","negative regulation of lamellipodium organization","1/268","3/7601",0.333333333333333,9.45398009950249,2.79966169025883,0.102102853322236,0.290797464479426,0.230232291298406,"SLIT2",1
"GO:1902746","regulation of lens fiber cell differentiation","1/268","3/7601",0.333333333333333,9.45398009950249,2.79966169025883,0.102102853322236,0.290797464479426,0.230232291298406,"SPRY2",1
"GO:1902951","negative regulation of dendritic spine maintenance","1/268","3/7601",0.333333333333333,9.45398009950249,2.79966169025883,0.102102853322236,0.290797464479426,0.230232291298406,"APOE",1
"GO:1902959","regulation of aspartic-type endopeptidase activity involved in amyloid precursor protein catabolic process","1/268","3/7601",0.333333333333333,9.45398009950249,2.79966169025883,0.102102853322236,0.290797464479426,0.230232291298406,"EPHA4",1
"GO:1903236","regulation of leukocyte tethering or rolling","1/268","3/7601",0.333333333333333,9.45398009950249,2.79966169025883,0.102102853322236,0.290797464479426,0.230232291298406,"GCNT1",1
"GO:1903238","positive regulation of leukocyte tethering or rolling","1/268","3/7601",0.333333333333333,9.45398009950249,2.79966169025883,0.102102853322236,0.290797464479426,0.230232291298406,"GCNT1",1
"GO:1903361","protein localization to basolateral plasma membrane","1/268","3/7601",0.333333333333333,9.45398009950249,2.79966169025883,0.102102853322236,0.290797464479426,0.230232291298406,"CAV1",1
"GO:1903801","L-leucine import across plasma membrane","1/268","3/7601",0.333333333333333,9.45398009950249,2.79966169025883,0.102102853322236,0.290797464479426,0.230232291298406,"SLC7A8",1
"GO:1904557","L-alanine transmembrane transport","1/268","3/7601",0.333333333333333,9.45398009950249,2.79966169025883,0.102102853322236,0.290797464479426,0.230232291298406,"SLC7A8",1
"GO:1904683","regulation of metalloendopeptidase activity","1/268","3/7601",0.333333333333333,9.45398009950249,2.79966169025883,0.102102853322236,0.290797464479426,0.230232291298406,"TIMP3",1
"GO:1905167","positive regulation of lysosomal protein catabolic process","1/268","3/7601",0.333333333333333,9.45398009950249,2.79966169025883,0.102102853322236,0.290797464479426,0.230232291298406,"LDLR",1
"GO:1905247","positive regulation of aspartic-type peptidase activity","1/268","3/7601",0.333333333333333,9.45398009950249,2.79966169025883,0.102102853322236,0.290797464479426,0.230232291298406,"EPHA4",1
"GO:1905806","regulation of synapse pruning","1/268","3/7601",0.333333333333333,9.45398009950249,2.79966169025883,0.102102853322236,0.290797464479426,0.230232291298406,"EPHA4",1
"GO:1990379","lipid transport across blood-brain barrier","1/268","3/7601",0.333333333333333,9.45398009950249,2.79966169025883,0.102102853322236,0.290797464479426,0.230232291298406,"APOE",1
"GO:2000425","regulation of apoptotic cell clearance","1/268","3/7601",0.333333333333333,9.45398009950249,2.79966169025883,0.102102853322236,0.290797464479426,0.230232291298406,"C4A",1
"GO:2000489","regulation of hepatic stellate cell activation","1/268","3/7601",0.333333333333333,9.45398009950249,2.79966169025883,0.102102853322236,0.290797464479426,0.230232291298406,"DDR2",1
"GO:2000822","regulation of behavioral fear response","1/268","3/7601",0.333333333333333,9.45398009950249,2.79966169025883,0.102102853322236,0.290797464479426,0.230232291298406,"APOE",1
"GO:2001270","regulation of cysteine-type endopeptidase activity involved in execution phase of apoptosis","1/268","3/7601",0.333333333333333,9.45398009950249,2.79966169025883,0.102102853322236,0.290797464479426,0.230232291298406,"RNF34",1
"GO:0055074","calcium ion homeostasis","7/268","113/7601",0.0619469026548673,1.7569343547748,1.54970085063757,0.103699783603897,0.294934596791321,0.233507771892012,"APOE/APP/BNIP3/HERPUD1/CAV1/RGN/STC2",7
"GO:0022409","positive regulation of cell-cell adhesion","8/268","135/7601",0.0592592592592593,1.68070757324489,1.52551620201716,0.103822044743521,0.294961483323351,0.233529058693413,"GCNT1/HLA-A/PLPP3/SERPINF2/CAV1/CD83/PTPRU/TFRC",8
"GO:0071230","cellular response to amino acid stimulus","4/268","51/7601",0.0784313725490196,2.22446590576529,1.67722628511894,0.104250593767158,0.295883456059982,0.23425900967854,"COL1A1/PTGS2/LAMTOR4/RBX1",4
"GO:0002822","regulation of adaptive immune response based on somatic recombination of immune receptors built from immunoglobulin superfamily domains","5/268","71/7601",0.0704225352112676,1.99731973933151,1.61398484238947,0.104687357542837,0.296916884300885,0.235077203029096,"C4BPA/HLA-A/HPX/NDFIP1/TFRC",5
"GO:0002573","myeloid leukocyte differentiation","6/268","92/7601",0.0652173913043478,1.84969175859831,1.56746415495429,0.105488721008301,0.298775053888376,0.236548366618899,"APP/BMP4/GPC3/MFSD8/NDFIP1/TFRC",6
"GO:0006986","response to unfolded protein","6/268","92/7601",0.0652173913043478,1.84969175859831,1.56746415495429,0.105488721008301,0.298775053888376,0.236548366618899,"HERPUD1/HSPA6/RNF7/THBS1/OPTN/STC2",6
"GO:0016050","vesicle organization","13/268","251/7601",0.051792828685259,1.46894511506214,1.44427055802141,0.105995731624148,0.299795539894735,0.237356313249048,"ABCB6/APOE/ATP6V1D/PI4K2A/PLEKHF1/RAB29/SDCBP/UVRAG/CAV1/SQSTM1/STX3/STX6/TRAPPC5",13
"GO:0050808","synapse organization","13/268","251/7601",0.051792828685259,1.46894511506214,1.44427055802141,0.105995731624148,0.299795539894735,0.237356313249048,"APOE/APP/EPHA4/EPHA7/NTN1/PTPRS/RAB29/SDCBP/ADAM10/CLSTN3/DAAM1/NRP2/TPBG",13
