"ID","Description","GeneRatio","BgRatio","RichFactor","FoldEnrichment","zScore","pvalue","p.adjust","qvalue","geneID","Count"
"GO:0071635","negative regulation of transforming growth factor beta production","2/48","6/7601",0.333333333333333,52.7847222222222,10.1153533826153,0.000576402120315767,0.218981527204884,0.17904487169261,"FN1/TSKU",2
"GO:0042634","regulation of hair cycle","2/48","10/7601",0.2,31.6708333333333,7.73648615703256,0.00170152331667409,0.218981527204884,0.17904487169261,"TSKU/WNT5A",2
"GO:0048667","cell morphogenesis involved in neuron differentiation","7/48","294/7601",0.0238095238095238,3.7703373015873,3.86193032054722,0.00227159059911668,0.218981527204884,0.17904487169261,"CRABP2/CUL7/ERBB2/FN1/TSKU/UNC5B/WNT5A",7
"GO:0045785","positive regulation of cell adhesion","6/48","218/7601",0.0275229357798165,4.35837155963303,4.01058964809109,0.00233011928302833,0.218981527204884,0.17904487169261,"CD81/ERBB2/FN1/GCNT1/SDC4/WNT5A",6
"GO:0007409","axonogenesis","6/48","225/7601",0.0266666666666667,4.22277777777778,3.91181977568139,0.00273043365628625,0.218981527204884,0.17904487169261,"CRABP2/ERBB2/FN1/TSKU/UNC5B/WNT5A",6
"GO:0045198","establishment of epithelial cell apical/basal polarity","2/48","14/7601",0.142857142857143,22.6220238095238,6.45495158971872,0.0033858637238588,0.218981527204884,0.17904487169261,"FAT1/WNT5A",2
"GO:0060122","inner ear receptor cell stereocilium organization","2/48","14/7601",0.142857142857143,22.6220238095238,6.45495158971872,0.0033858637238588,0.218981527204884,0.17904487169261,"SDC4/TSKU",2
"GO:0048812","neuron projection morphogenesis","7/48","326/7601",0.0214723926380368,3.40024284253579,3.53114179289443,0.00404728057904356,0.218981527204884,0.17904487169261,"CRABP2/CUL7/ERBB2/FN1/TSKU/UNC5B/WNT5A",7
"GO:0071634","regulation of transforming growth factor beta production","2/48","16/7601",0.125,19.7942708333333,5.99895151913701,0.00442909555138093,0.218981527204884,0.17904487169261,"FN1/TSKU",2
"GO:0061387","regulation of extent of cell growth","3/48","53/7601",0.0566037735849057,8.96344339622642,4.63757086532406,0.00443768436998375,0.218981527204884,0.17904487169261,"CRABP2/FN1/WNT5A",3
"GO:0048593","camera-type eye morphogenesis","3/48","54/7601",0.0555555555555556,8.7974537037037,4.58384772809224,0.00467806485486146,0.218981527204884,0.17904487169261,"FAT1/TSKU/WNT5A",3
"GO:0120039","plasma membrane bounded cell projection morphogenesis","7/48","338/7601",0.0207100591715976,3.2795241617357,3.41752893592085,0.00493376792323666,0.218981527204884,0.17904487169261,"CRABP2/CUL7/ERBB2/FN1/TSKU/UNC5B/WNT5A",7
"GO:0061564","axon development","6/48","254/7601",0.0236220472440945,3.74064960629921,3.54146557966764,0.00496201783500966,0.218981527204884,0.17904487169261,"CRABP2/ERBB2/FN1/TSKU/UNC5B/WNT5A",6
"GO:0071604","transforming growth factor beta production","2/48","17/7601",0.117647058823529,18.6299019607843,5.80086646526883,0.00499950112689435,0.218981527204884,0.17904487169261,"FN1/TSKU",2
"GO:0048858","cell projection morphogenesis","7/48","342/7601",0.0204678362573099,3.2411671539961,3.38077739774339,0.00525979625244322,0.218981527204884,0.17904487169261,"CRABP2/CUL7/ERBB2/FN1/TSKU/UNC5B/WNT5A",7
"GO:0030859","polarized epithelial cell differentiation","2/48","18/7601",0.111111111111111,17.5949074074074,5.61898963020546,0.00560188107876461,0.218981527204884,0.17904487169261,"FAT1/WNT5A",2
"GO:0035089","establishment of apical/basal cell polarity","2/48","18/7601",0.111111111111111,17.5949074074074,5.61898963020546,0.00560188107876461,0.218981527204884,0.17904487169261,"FAT1/WNT5A",2
"GO:0060119","inner ear receptor cell development","2/48","18/7601",0.111111111111111,17.5949074074074,5.61898963020546,0.00560188107876461,0.218981527204884,0.17904487169261,"SDC4/TSKU",2
"GO:0002695","negative regulation of leukocyte activation","3/48","58/7601",0.0517241379310345,8.19073275862069,4.38210484378099,0.00571785685070745,0.218981527204884,0.17904487169261,"ERBB2/FN1/SDC4",3
"GO:0061162","establishment of monopolar cell polarity","2/48","20/7601",0.1,15.8354166666667,5.29564873659539,0.00690093034094601,0.218981527204884,0.17904487169261,"FAT1/WNT5A",2
"GO:0098609","cell-cell adhesion","7/48","362/7601",0.0193370165745856,3.06209714548803,3.20473254293945,0.00714100192188301,0.218981527204884,0.17904487169261,"CD81/ERBB2/FAT1/GCNT1/PCDHGA11/SDC4/WNT5A",7
"GO:0042129","regulation of T cell proliferation","3/48","64/7601",0.046875,7.4228515625,4.113261182337,0.00751953330578403,0.218981527204884,0.17904487169261,"CD81/ERBB2/SDC4",3
"GO:0043491","phosphatidylinositol 3-kinase/protein kinase B signal transduction","4/48","124/7601",0.032258064516129,5.10819892473118,3.67676852562508,0.0075470827120893,0.218981527204884,0.17904487169261,"ERBB2/FN1/MYORG/UNC5B",4
"GO:0061339","establishment or maintenance of monopolar cell polarity","2/48","21/7601",0.0952380952380952,15.0813492063492,5.15094586764301,0.00759679200729101,0.218981527204884,0.17904487169261,"FAT1/WNT5A",2
"GO:0050866","negative regulation of cell activation","3/48","66/7601",0.0454545454545455,7.19791666666667,4.03128724663714,0.00818649642911442,0.218981527204884,0.17904487169261,"ERBB2/FN1/SDC4",3
"GO:0040007","growth","8/48","467/7601",0.0171306209850107,2.71270521056388,3.04538482434141,0.00819363503236048,0.218981527204884,0.17904487169261,"CD81/CRABP2/ERBB2/FN1/IER3IP1/MT2A/TSKU/WNT5A",8
"GO:0048592","eye morphogenesis","3/48","67/7601",0.0447761194029851,7.09048507462687,3.99157366962433,0.00853266334565304,0.218981527204884,0.17904487169261,"FAT1/TSKU/WNT5A",3
"GO:0051897","positive regulation of phosphatidylinositol 3-kinase/protein kinase B signal transduction","3/48","67/7601",0.0447761194029851,7.09048507462687,3.99157366962433,0.00853266334565304,0.218981527204884,0.17904487169261,"FN1/MYORG/UNC5B",3
"GO:0007155","cell adhesion","9/48","573/7601",0.0157068062827225,2.48723821989529,2.95127476712936,0.00869348618864854,0.218981527204884,0.17904487169261,"CD81/ERBB2/FAT1/FN1/GCNT1/PCDHGA11/SDC4/SUSD5/WNT5A",9
"GO:0048146","positive regulation of fibroblast proliferation","2/48","23/7601",0.0869565217391304,13.7699275362319,4.88925538607847,0.0090791977221714,0.218981527204884,0.17904487169261,"FN1/WNT5A",2
"GO:0002274","myeloid leukocyte activation","3/48","69/7601",0.0434782608695652,6.88496376811594,3.91454108493725,0.00925060234763527,0.218981527204884,0.17904487169261,"FN1/IFNGR1/WNT5A",3
"GO:0022407","regulation of cell-cell adhesion","5/48","207/7601",0.0241545893719807,3.82497987117552,3.2849478533636,0.00944468414094552,0.218981527204884,0.17904487169261,"CD81/ERBB2/GCNT1/SDC4/WNT5A",5
"GO:0042060","wound healing","5/48","207/7601",0.0241545893719807,3.82497987117552,3.2849478533636,0.00944468414094552,0.218981527204884,0.17904487169261,"ERBB2/FN1/SDC4/TSKU/WNT5A",5
"GO:0090162","establishment of epithelial cell polarity","2/48","25/7601",0.08,12.6683333333333,4.65828999157978,0.0106798998194167,0.218981527204884,0.17904487169261,"FAT1/WNT5A",2
"GO:0021782","glial cell development","3/48","73/7601",0.0410958904109589,6.50770547945205,3.76929393735532,0.0107900990940383,0.218981527204884,0.17904487169261,"ADGRG6/ERBB2/IFNGR1",3
"GO:0050770","regulation of axonogenesis","3/48","76/7601",0.0394736842105263,6.25082236842105,3.66731777259387,0.0120365970053947,0.218981527204884,0.17904487169261,"CRABP2/FN1/WNT5A",3
"GO:0042490","mechanoreceptor differentiation","2/48","27/7601",0.0740740740740741,11.7299382716049,4.45229700522697,0.0123958119853872,0.218981527204884,0.17904487169261,"SDC4/TSKU",2
"GO:0060113","inner ear receptor cell differentiation","2/48","27/7601",0.0740740740740741,11.7299382716049,4.45229700522697,0.0123958119853872,0.218981527204884,0.17904487169261,"SDC4/TSKU",2
"GO:0002685","regulation of leukocyte migration","3/48","77/7601",0.038961038961039,6.16964285714286,3.63453773897639,0.0124697782754254,0.218981527204884,0.17904487169261,"CD81/GCNT1/WNT5A",3
"GO:0002694","regulation of leukocyte activation","5/48","223/7601",0.0224215246636771,3.55054185351271,3.0816494404632,0.012759434038226,0.218981527204884,0.17904487169261,"CD81/ERBB2/FN1/SDC4/WNT5A",5
"GO:0000902","cell morphogenesis","8/48","505/7601",0.0158415841584158,2.50858085808581,2.79688848495458,0.0128300284733641,0.218981527204884,0.17904487169261,"CRABP2/CUL7/ERBB2/FAT1/FN1/TSKU/UNC5B/WNT5A",8
"GO:0031175","neuron projection development","8/48","506/7601",0.0158102766798419,2.5036231884058,2.79065240605876,0.0129738377314136,0.218981527204884,0.17904487169261,"CRABP2/CUL7/ERBB2/FN1/SDC4/TSKU/UNC5B/WNT5A",8
"GO:0002720","positive regulation of cytokine production involved in immune response","2/48","28/7601",0.0714285714285714,11.3110119047619,4.35726524451808,0.013296022751053,0.218981527204884,0.17904487169261,"CD81/WNT5A",2
"GO:0009880","embryonic pattern specification","2/48","28/7601",0.0714285714285714,11.3110119047619,4.35726524451808,0.013296022751053,0.218981527204884,0.17904487169261,"MEIS2/WNT5A",2
"GO:0046148","pigment biosynthetic process","2/48","28/7601",0.0714285714285714,11.3110119047619,4.35726524451808,0.013296022751053,0.218981527204884,0.17904487169261,"UROS/WNT5A",2
"GO:0050670","regulation of lymphocyte proliferation","3/48","79/7601",0.0379746835443038,6.01344936708861,3.57068210286612,0.0133628436279402,0.218981527204884,0.17904487169261,"CD81/ERBB2/SDC4",3
"GO:0014044","Schwann cell development","2/48","29/7601",0.0689655172413793,10.9209770114943,4.26693288730065,0.0142239040649247,0.218981527204884,0.17904487169261,"ADGRG6/ERBB2",2
"GO:0042130","negative regulation of T cell proliferation","2/48","29/7601",0.0689655172413793,10.9209770114943,4.26693288730065,0.0142239040649247,0.218981527204884,0.17904487169261,"ERBB2/SDC4",2
"GO:0043406","positive regulation of MAP kinase activity","2/48","29/7601",0.0689655172413793,10.9209770114943,4.26693288730065,0.0142239040649247,0.218981527204884,0.17904487169261,"ERBB2/WNT5A",2
"GO:0032944","regulation of mononuclear cell proliferation","3/48","81/7601",0.037037037037037,5.86496913580247,3.50898370138002,0.0142916913087233,0.218981527204884,0.17904487169261,"CD81/ERBB2/SDC4",3
"GO:0010975","regulation of neuron projection development","5/48","230/7601",0.0217391304347826,3.44248188405797,2.99847019390432,0.0144316285101704,0.218981527204884,0.17904487169261,"CRABP2/CUL7/FN1/TSKU/WNT5A",5
"GO:0042098","T cell proliferation","3/48","82/7601",0.0365853658536585,5.79344512195122,3.47890296942418,0.0147695946619698,0.218981527204884,0.17904487169261,"CD81/ERBB2/SDC4",3
"GO:0051241","negative regulation of multicellular organismal process","7/48","418/7601",0.0167464114832536,2.65186403508772,2.7693457339087,0.015076595431504,0.218981527204884,0.17904487169261,"ERBB2/FN1/IFNGR1/SDC4/SFMBT1/TSKU/WNT5A",7
"GO:0001738","morphogenesis of a polarized epithelium","2/48","30/7601",0.0666666666666667,10.5569444444444,4.18090922324646,0.015179085788369,0.218981527204884,0.17904487169261,"FAT1/WNT5A",2
"GO:0042116","macrophage activation","2/48","30/7601",0.0666666666666667,10.5569444444444,4.18090922324646,0.015179085788369,0.218981527204884,0.17904487169261,"IFNGR1/WNT5A",2
"GO:1903037","regulation of leukocyte cell-cell adhesion","4/48","155/7601",0.0258064516129032,4.08655913978495,3.09489990932329,0.0161454682792374,0.218981527204884,0.17904487169261,"CD81/ERBB2/GCNT1/SDC4",4
"GO:0042632","cholesterol homeostasis","2/48","31/7601",0.0645161290322581,10.2163978494624,4.09884781265423,0.0161612011836274,0.218981527204884,0.17904487169261,"CNBP/TSKU",2
"GO:0055092","sterol homeostasis","2/48","31/7601",0.0645161290322581,10.2163978494624,4.09884781265423,0.0161612011836274,0.218981527204884,0.17904487169261,"CNBP/TSKU",2
"GO:0048839","inner ear development","3/48","86/7601",0.0348837209302326,5.52398255813954,3.36335978810521,0.016771562907877,0.218981527204884,0.17904487169261,"SDC4/TSKU/WNT5A",3
"GO:0032945","negative regulation of mononuclear cell proliferation","2/48","32/7601",0.0625,9.89713541666667,4.02044022689388,0.0171698868870693,0.218981527204884,0.17904487169261,"ERBB2/SDC4",2
"GO:0050672","negative regulation of lymphocyte proliferation","2/48","32/7601",0.0625,9.89713541666667,4.02044022689388,0.0171698868870693,0.218981527204884,0.17904487169261,"ERBB2/SDC4",2
"GO:0070663","regulation of leukocyte proliferation","3/48","87/7601",0.0344827586206897,5.46048850574713,3.33560125063209,0.0172947343304423,0.218981527204884,0.17904487169261,"CD81/ERBB2/SDC4",3
"GO:0007423","sensory organ development","5/48","241/7601",0.020746887966805,3.2853561549101,2.87402920959667,0.017349416607667,0.218981527204884,0.17904487169261,"FAT1/MEIS2/SDC4/TSKU/WNT5A",5
"GO:0030307","positive regulation of cell growth","3/48","88/7601",0.0340909090909091,5.3984375,3.30826842051302,0.017827008767019,0.218981527204884,0.17904487169261,"CRABP2/ERBB2/FN1",3
"GO:0050865","regulation of cell activation","5/48","243/7601",0.0205761316872428,3.25831618655693,2.85217169020764,0.017919241209215,0.218981527204884,0.17904487169261,"CD81/ERBB2/FN1/SDC4/WNT5A",5
"GO:0048589","developmental growth","6/48","335/7601",0.017910447761194,2.83619402985075,2.74006553587766,0.0180423571822969,0.218981527204884,0.17904487169261,"CD81/CRABP2/FN1/IER3IP1/TSKU/WNT5A",6
"GO:0070664","negative regulation of leukocyte proliferation","2/48","33/7601",0.0606060606060606,9.59722222222222,3.9454108385918,0.018204782882636,0.218981527204884,0.17904487169261,"ERBB2/SDC4",2
"GO:0002072","optic cup morphogenesis involved in camera-type eye development","1/48","3/7601",0.333333333333333,52.7847222222222,7.15122275566227,0.018827952979417,0.218981527204884,0.17904487169261,"WNT5A",1
"GO:0002291","T cell activation via T cell receptor contact with antigen bound to MHC molecule on antigen presenting cell","1/48","3/7601",0.333333333333333,52.7847222222222,7.15122275566227,0.018827952979417,0.218981527204884,0.17904487169261,"CD81",1
"GO:0002830","positive regulation of type 2 immune response","1/48","3/7601",0.333333333333333,52.7847222222222,7.15122275566227,0.018827952979417,0.218981527204884,0.17904487169261,"CD81",1
"GO:0003433","chondrocyte development involved in endochondral bone morphogenesis","1/48","3/7601",0.333333333333333,52.7847222222222,7.15122275566227,0.018827952979417,0.218981527204884,0.17904487169261,"TSKU",1
"GO:0014905","myoblast fusion involved in skeletal muscle regeneration","1/48","3/7601",0.333333333333333,52.7847222222222,7.15122275566227,0.018827952979417,0.218981527204884,0.17904487169261,"CD81",1
"GO:0018199","peptidyl-glutamine modification","1/48","3/7601",0.333333333333333,52.7847222222222,7.15122275566227,0.018827952979417,0.218981527204884,0.17904487169261,"QPCT",1
"GO:0021540","corpus callosum morphogenesis","1/48","3/7601",0.333333333333333,52.7847222222222,7.15122275566227,0.018827952979417,0.218981527204884,0.17904487169261,"TSKU",1
"GO:0032148","activation of protein kinase B activity","1/48","3/7601",0.333333333333333,52.7847222222222,7.15122275566227,0.018827952979417,0.218981527204884,0.17904487169261,"WNT5A",1
"GO:0033564","anterior/posterior axon guidance","1/48","3/7601",0.333333333333333,52.7847222222222,7.15122275566227,0.018827952979417,0.218981527204884,0.17904487169261,"UNC5B",1
"GO:0035743","CD4-positive, alpha-beta T cell cytokine production","1/48","3/7601",0.333333333333333,52.7847222222222,7.15122275566227,0.018827952979417,0.218981527204884,0.17904487169261,"CD81",1
"GO:0035745","T-helper 2 cell cytokine production","1/48","3/7601",0.333333333333333,52.7847222222222,7.15122275566227,0.018827952979417,0.218981527204884,0.17904487169261,"CD81",1
"GO:0036015","response to interleukin-3","1/48","3/7601",0.333333333333333,52.7847222222222,7.15122275566227,0.018827952979417,0.218981527204884,0.17904487169261,"MT2A",1
"GO:0036016","cellular response to interleukin-3","1/48","3/7601",0.333333333333333,52.7847222222222,7.15122275566227,0.018827952979417,0.218981527204884,0.17904487169261,"MT2A",1
"GO:0036114","medium-chain fatty-acyl-CoA catabolic process","1/48","3/7601",0.333333333333333,52.7847222222222,7.15122275566227,0.018827952979417,0.218981527204884,0.17904487169261,"NUDT8",1
"GO:0036115","fatty-acyl-CoA catabolic process","1/48","3/7601",0.333333333333333,52.7847222222222,7.15122275566227,0.018827952979417,0.218981527204884,0.17904487169261,"NUDT8",1
"GO:0043568","positive regulation of insulin-like growth factor receptor signaling pathway","1/48","3/7601",0.333333333333333,52.7847222222222,7.15122275566227,0.018827952979417,0.218981527204884,0.17904487169261,"MYORG",1
"GO:0044848","biological phase","1/48","3/7601",0.333333333333333,52.7847222222222,7.15122275566227,0.018827952979417,0.218981527204884,0.17904487169261,"WNT5A",1
"GO:0044851","hair cycle phase","1/48","3/7601",0.333333333333333,52.7847222222222,7.15122275566227,0.018827952979417,0.218981527204884,0.17904487169261,"WNT5A",1
"GO:0048570","notochord morphogenesis","1/48","3/7601",0.333333333333333,52.7847222222222,7.15122275566227,0.018827952979417,0.218981527204884,0.17904487169261,"WNT5A",1
"GO:0048819","regulation of hair follicle maturation","1/48","3/7601",0.333333333333333,52.7847222222222,7.15122275566227,0.018827952979417,0.218981527204884,0.17904487169261,"WNT5A",1
"GO:0050861","positive regulation of B cell receptor signaling pathway","1/48","3/7601",0.333333333333333,52.7847222222222,7.15122275566227,0.018827952979417,0.218981527204884,0.17904487169261,"CD81",1
"GO:0060004","reflex","1/48","3/7601",0.333333333333333,52.7847222222222,7.15122275566227,0.018827952979417,0.218981527204884,0.17904487169261,"USP46",1
"GO:0060601","lateral sprouting from an epithelium","1/48","3/7601",0.333333333333333,52.7847222222222,7.15122275566227,0.018827952979417,0.218981527204884,0.17904487169261,"WNT5A",1
"GO:0060751","branch elongation involved in mammary gland duct branching","1/48","3/7601",0.333333333333333,52.7847222222222,7.15122275566227,0.018827952979417,0.218981527204884,0.17904487169261,"WNT5A",1
"GO:0060762","regulation of branching involved in mammary gland duct morphogenesis","1/48","3/7601",0.333333333333333,52.7847222222222,7.15122275566227,0.018827952979417,0.218981527204884,0.17904487169261,"WNT5A",1
"GO:0061643","chemorepulsion of axon","1/48","3/7601",0.333333333333333,52.7847222222222,7.15122275566227,0.018827952979417,0.218981527204884,0.17904487169261,"WNT5A",1
"GO:0070245","positive regulation of thymocyte apoptotic process","1/48","3/7601",0.333333333333333,52.7847222222222,7.15122275566227,0.018827952979417,0.218981527204884,0.17904487169261,"WNT5A",1
"GO:0070541","response to platinum ion","1/48","3/7601",0.333333333333333,52.7847222222222,7.15122275566227,0.018827952979417,0.218981527204884,0.17904487169261,"UROS",1
"GO:0072674","multinuclear osteoclast differentiation","1/48","3/7601",0.333333333333333,52.7847222222222,7.15122275566227,0.018827952979417,0.218981527204884,0.17904487169261,"CD81",1
"GO:0072675","osteoclast fusion","1/48","3/7601",0.333333333333333,52.7847222222222,7.15122275566227,0.018827952979417,0.218981527204884,0.17904487169261,"CD81",1
"GO:0080120","CAAX-box protein maturation","1/48","3/7601",0.333333333333333,52.7847222222222,7.15122275566227,0.018827952979417,0.218981527204884,0.17904487169261,"RCE1",1
"GO:0110021","cardiac muscle myoblast proliferation","1/48","3/7601",0.333333333333333,52.7847222222222,7.15122275566227,0.018827952979417,0.218981527204884,0.17904487169261,"MEIS2",1
"GO:0110022","regulation of cardiac muscle myoblast proliferation","1/48","3/7601",0.333333333333333,52.7847222222222,7.15122275566227,0.018827952979417,0.218981527204884,0.17904487169261,"MEIS2",1
"GO:0110024","positive regulation of cardiac muscle myoblast proliferation","1/48","3/7601",0.333333333333333,52.7847222222222,7.15122275566227,0.018827952979417,0.218981527204884,0.17904487169261,"MEIS2",1
"GO:1900019","regulation of protein kinase C activity","1/48","3/7601",0.333333333333333,52.7847222222222,7.15122275566227,0.018827952979417,0.218981527204884,0.17904487169261,"WNT5A",1
"GO:1900020","positive regulation of protein kinase C activity","1/48","3/7601",0.333333333333333,52.7847222222222,7.15122275566227,0.018827952979417,0.218981527204884,0.17904487169261,"WNT5A",1
"GO:1902035","positive regulation of hematopoietic stem cell proliferation","1/48","3/7601",0.333333333333333,52.7847222222222,7.15122275566227,0.018827952979417,0.218981527204884,0.17904487169261,"WNT5A",1
"GO:1902858","propionyl-CoA metabolic process","1/48","3/7601",0.333333333333333,52.7847222222222,7.15122275566227,0.018827952979417,0.218981527204884,0.17904487169261,"NUDT8",1
"GO:1903236","regulation of leukocyte tethering or rolling","1/48","3/7601",0.333333333333333,52.7847222222222,7.15122275566227,0.018827952979417,0.218981527204884,0.17904487169261,"GCNT1",1
"GO:1903238","positive regulation of leukocyte tethering or rolling","1/48","3/7601",0.333333333333333,52.7847222222222,7.15122275566227,0.018827952979417,0.218981527204884,0.17904487169261,"GCNT1",1
"GO:1903553","positive regulation of extracellular exosome assembly","1/48","3/7601",0.333333333333333,52.7847222222222,7.15122275566227,0.018827952979417,0.218981527204884,0.17904487169261,"SDC4",1
"GO:1904235","regulation of substrate-dependent cell migration, cell attachment to substrate","1/48","3/7601",0.333333333333333,52.7847222222222,7.15122275566227,0.018827952979417,0.218981527204884,0.17904487169261,"FN1",1
"GO:1904237","positive regulation of substrate-dependent cell migration, cell attachment to substrate","1/48","3/7601",0.333333333333333,52.7847222222222,7.15122275566227,0.018827952979417,0.218981527204884,0.17904487169261,"FN1",1
"GO:1904761","negative regulation of myofibroblast differentiation","1/48","3/7601",0.333333333333333,52.7847222222222,7.15122275566227,0.018827952979417,0.218981527204884,0.17904487169261,"TSKU",1
"GO:1905331","negative regulation of morphogenesis of an epithelium","1/48","3/7601",0.333333333333333,52.7847222222222,7.15122275566227,0.018827952979417,0.218981527204884,0.17904487169261,"WNT5A",1
"GO:2000551","regulation of T-helper 2 cell cytokine production","1/48","3/7601",0.333333333333333,52.7847222222222,7.15122275566227,0.018827952979417,0.218981527204884,0.17904487169261,"CD81",1
"GO:2000553","positive regulation of T-helper 2 cell cytokine production","1/48","3/7601",0.333333333333333,52.7847222222222,7.15122275566227,0.018827952979417,0.218981527204884,0.17904487169261,"CD81",1
"GO:2000563","positive regulation of CD4-positive, alpha-beta T cell proliferation","1/48","3/7601",0.333333333333333,52.7847222222222,7.15122275566227,0.018827952979417,0.218981527204884,0.17904487169261,"CD81",1
"GO:2001294","malonyl-CoA catabolic process","1/48","3/7601",0.333333333333333,52.7847222222222,7.15122275566227,0.018827952979417,0.218981527204884,0.17904487169261,"NUDT8",1
"GO:0002367","cytokine production involved in immune response","2/48","34/7601",0.0588235294117647,9.31495098039216,3.87351245956002,0.0192655324754758,0.218981527204884,0.17904487169261,"CD81/WNT5A",2
"GO:0002718","regulation of cytokine production involved in immune response","2/48","34/7601",0.0588235294117647,9.31495098039216,3.87351245956002,0.0192655324754758,0.218981527204884,0.17904487169261,"CD81/WNT5A",2
"GO:0014037","Schwann cell differentiation","2/48","34/7601",0.0588235294117647,9.31495098039216,3.87351245956002,0.0192655324754758,0.218981527204884,0.17904487169261,"ADGRG6/ERBB2",2
"GO:0001654","eye development","4/48","166/7601",0.0240963855421687,3.81576305220884,2.92399978257674,0.0202522251593236,0.218981527204884,0.17904487169261,"FAT1/MEIS2/TSKU/WNT5A",4
"GO:0150063","visual system development","4/48","166/7601",0.0240963855421687,3.81576305220884,2.92399978257674,0.0202522251593236,0.218981527204884,0.17904487169261,"FAT1/MEIS2/TSKU/WNT5A",4
"GO:0032760","positive regulation of tumor necrosis factor production","2/48","35/7601",0.0571428571428571,9.04880952380952,3.80452266804525,0.020351782265767,0.218981527204884,0.17904487169261,"IFNGR1/WNT5A",2
"GO:0045197","establishment or maintenance of epithelial cell apical/basal polarity","2/48","35/7601",0.0571428571428571,9.04880952380952,3.80452266804525,0.020351782265767,0.218981527204884,0.17904487169261,"FAT1/WNT5A",2
"GO:0030155","regulation of cell adhesion","6/48","346/7601",0.0173410404624277,2.74602601156069,2.64995026371263,0.0208195704161064,0.218981527204884,0.17904487169261,"CD81/ERBB2/FN1/GCNT1/SDC4/WNT5A",6
"GO:0048880","sensory system development","4/48","168/7601",0.0238095238095238,3.7703373015873,2.89449561931805,0.021062230539747,0.218981527204884,0.17904487169261,"FAT1/MEIS2/TSKU/WNT5A",4
"GO:0007156","homophilic cell adhesion via plasma membrane adhesion molecules","2/48","36/7601",0.0555555555555556,8.7974537037037,3.73824070009059,0.0214631821227303,0.218981527204884,0.17904487169261,"FAT1/PCDHGA11",2
"GO:1903557","positive regulation of tumor necrosis factor superfamily cytokine production","2/48","36/7601",0.0555555555555556,8.7974537037037,3.73824070009059,0.0214631821227303,0.218981527204884,0.17904487169261,"IFNGR1/WNT5A",2
"GO:0007411","axon guidance","3/48","96/7601",0.03125,4.94856770833333,3.10361277061852,0.0224142163403627,0.218981527204884,0.17904487169261,"ERBB2/UNC5B/WNT5A",3
"GO:0002088","lens development in camera-type eye","2/48","37/7601",0.0540540540540541,8.55968468468468,3.67448480533883,0.022599385158826,0.218981527204884,0.17904487169261,"FAT1/WNT5A",2
"GO:0031016","pancreas development","2/48","37/7601",0.0540540540540541,8.55968468468468,3.67448480533883,0.022599385158826,0.218981527204884,0.17904487169261,"MEIS2/WNT5A",2
"GO:0035088","establishment or maintenance of apical/basal cell polarity","2/48","37/7601",0.0540540540540541,8.55968468468468,3.67448480533883,0.022599385158826,0.218981527204884,0.17904487169261,"FAT1/WNT5A",2
"GO:0061245","establishment or maintenance of bipolar cell polarity","2/48","37/7601",0.0540540540540541,8.55968468468468,3.67448480533883,0.022599385158826,0.218981527204884,0.17904487169261,"FAT1/WNT5A",2
"GO:1904951","positive regulation of establishment of protein localization","4/48","172/7601",0.0232558139534884,3.68265503875969,2.83681847939797,0.0227417904447301,0.218981527204884,0.17904487169261,"CD81/ERBB2/IER3IP1/TMEM132A",4
"GO:0043583","ear development","3/48","97/7601",0.0309278350515464,4.89755154639175,3.07963321146343,0.0230288530259691,0.218981527204884,0.17904487169261,"SDC4/TSKU/WNT5A",3
"GO:0097485","neuron projection guidance","3/48","97/7601",0.0309278350515464,4.89755154639175,3.07963321146343,0.0230288530259691,0.218981527204884,0.17904487169261,"ERBB2/UNC5B/WNT5A",3
"GO:0048666","neuron development","8/48","562/7601",0.0142348754448399,2.25415183867141,2.46280749646192,0.0231007860165692,0.218981527204884,0.17904487169261,"CRABP2/CUL7/ERBB2/FN1/SDC4/TSKU/UNC5B/WNT5A",8
"GO:0007159","leukocyte cell-cell adhesion","4/48","173/7601",0.023121387283237,3.66136801541426,2.82266741451166,0.0231741711002496,0.218981527204884,0.17904487169261,"CD81/ERBB2/GCNT1/SDC4",4
"GO:0008361","regulation of cell size","3/48","98/7601",0.0306122448979592,4.84757653061224,3.05597997477906,0.0236526659800148,0.218981527204884,0.17904487169261,"CRABP2/FN1/WNT5A",3
"GO:0048514","blood vessel morphogenesis","5/48","263/7601",0.0190114068441065,3.01053548795944,2.6452604349322,0.0243142395182826,0.218981527204884,0.17904487169261,"CUL7/ERBB2/FN1/UNC5B/WNT5A",5
"GO:0042440","pigment metabolic process","2/48","39/7601",0.0512820512820513,8.1207264957265,3.55390606431797,0.0249448292809401,0.218981527204884,0.17904487169261,"UROS/WNT5A",2
"GO:0002863","positive regulation of inflammatory response to antigenic stimulus","1/48","4/7601",0.25,39.5885416666667,6.15368088479958,0.0250264602519867,0.218981527204884,0.17904487169261,"CD81",1
"GO:0003330","regulation of extracellular matrix constituent secretion","1/48","4/7601",0.25,39.5885416666667,6.15368088479958,0.0250264602519867,0.218981527204884,0.17904487169261,"IER3IP1",1
"GO:0003418","growth plate cartilage chondrocyte differentiation","1/48","4/7601",0.25,39.5885416666667,6.15368088479958,0.0250264602519867,0.218981527204884,0.17904487169261,"TSKU",1
"GO:0006931","substrate-dependent cell migration, cell attachment to substrate","1/48","4/7601",0.25,39.5885416666667,6.15368088479958,0.0250264602519867,0.218981527204884,0.17904487169261,"FN1",1
"GO:0021891","olfactory bulb interneuron development","1/48","4/7601",0.25,39.5885416666667,6.15368088479958,0.0250264602519867,0.218981527204884,0.17904487169261,"WNT5A",1
"GO:0021960","anterior commissure morphogenesis","1/48","4/7601",0.25,39.5885416666667,6.15368088479958,0.0250264602519867,0.218981527204884,0.17904487169261,"TSKU",1
"GO:0032911","negative regulation of transforming growth factor beta1 production","1/48","4/7601",0.25,39.5885416666667,6.15368088479958,0.0250264602519867,0.218981527204884,0.17904487169261,"TSKU",1
"GO:0033087","negative regulation of immature T cell proliferation","1/48","4/7601",0.25,39.5885416666667,6.15368088479958,0.0250264602519867,0.218981527204884,0.17904487169261,"ERBB2",1
"GO:0033088","negative regulation of immature T cell proliferation in thymus","1/48","4/7601",0.25,39.5885416666667,6.15368088479958,0.0250264602519867,0.218981527204884,0.17904487169261,"ERBB2",1
"GO:0034342","response to type III interferon","1/48","4/7601",0.25,39.5885416666667,6.15368088479958,0.0250264602519867,0.218981527204884,0.17904487169261,"IFNGR1",1
"GO:0036112","medium-chain fatty-acyl-CoA metabolic process","1/48","4/7601",0.25,39.5885416666667,6.15368088479958,0.0250264602519867,0.218981527204884,0.17904487169261,"NUDT8",1
"GO:0038196","type III interferon-mediated signaling pathway","1/48","4/7601",0.25,39.5885416666667,6.15368088479958,0.0250264602519867,0.218981527204884,0.17904487169261,"IFNGR1",1
"GO:0042695","thelarche","1/48","4/7601",0.25,39.5885416666667,6.15368088479958,0.0250264602519867,0.218981527204884,0.17904487169261,"WNT5A",1
"GO:0048149","behavioral response to ethanol","1/48","4/7601",0.25,39.5885416666667,6.15368088479958,0.0250264602519867,0.218981527204884,0.17904487169261,"USP46",1
"GO:0048341","paraxial mesoderm formation","1/48","4/7601",0.25,39.5885416666667,6.15368088479958,0.0250264602519867,0.218981527204884,0.17904487169261,"WNT5A",1
"GO:0048843","negative regulation of axon extension involved in axon guidance","1/48","4/7601",0.25,39.5885416666667,6.15368088479958,0.0250264602519867,0.218981527204884,0.17904487169261,"WNT5A",1
"GO:0060026","convergent extension","1/48","4/7601",0.25,39.5885416666667,6.15368088479958,0.0250264602519867,0.218981527204884,0.17904487169261,"WNT5A",1
"GO:0060068","vagina development","1/48","4/7601",0.25,39.5885416666667,6.15368088479958,0.0250264602519867,0.218981527204884,0.17904487169261,"WNT5A",1
"GO:0060638","mesenchymal-epithelial cell signaling","1/48","4/7601",0.25,39.5885416666667,6.15368088479958,0.0250264602519867,0.218981527204884,0.17904487169261,"WNT5A",1
"GO:0060744","mammary gland branching involved in thelarche","1/48","4/7601",0.25,39.5885416666667,6.15368088479958,0.0250264602519867,0.218981527204884,0.17904487169261,"WNT5A",1
"GO:0061355","Wnt protein secretion","1/48","4/7601",0.25,39.5885416666667,6.15368088479958,0.0250264602519867,0.218981527204884,0.17904487169261,"TMEM132A",1
"GO:0061356","regulation of Wnt protein secretion","1/48","4/7601",0.25,39.5885416666667,6.15368088479958,0.0250264602519867,0.218981527204884,0.17904487169261,"TMEM132A",1
"GO:0061357","positive regulation of Wnt protein secretion","1/48","4/7601",0.25,39.5885416666667,6.15368088479958,0.0250264602519867,0.218981527204884,0.17904487169261,"TMEM132A",1
"GO:0070234","positive regulation of T cell apoptotic process","1/48","4/7601",0.25,39.5885416666667,6.15368088479958,0.0250264602519867,0.218981527204884,0.17904487169261,"WNT5A",1
"GO:0071358","cellular response to type III interferon","1/48","4/7601",0.25,39.5885416666667,6.15368088479958,0.0250264602519867,0.218981527204884,0.17904487169261,"IFNGR1",1
"GO:0090713","immunological memory process","1/48","4/7601",0.25,39.5885416666667,6.15368088479958,0.0250264602519867,0.218981527204884,0.17904487169261,"CD81",1
"GO:0150012","positive regulation of neuron projection arborization","1/48","4/7601",0.25,39.5885416666667,6.15368088479958,0.0250264602519867,0.218981527204884,0.17904487169261,"WNT5A",1
"GO:1900222","negative regulation of amyloid-beta clearance","1/48","4/7601",0.25,39.5885416666667,6.15368088479958,0.0250264602519867,0.218981527204884,0.17904487169261,"IFNGR1",1
"GO:1901166","neural crest cell migration involved in autonomic nervous system development","1/48","4/7601",0.25,39.5885416666667,6.15368088479958,0.0250264602519867,0.218981527204884,0.17904487169261,"FN1",1
"GO:1904760","regulation of myofibroblast differentiation","1/48","4/7601",0.25,39.5885416666667,6.15368088479958,0.0250264602519867,0.218981527204884,0.17904487169261,"TSKU",1
"GO:1904862","inhibitory synapse assembly","1/48","4/7601",0.25,39.5885416666667,6.15368088479958,0.0250264602519867,0.218981527204884,0.17904487169261,"WNT5A",1
"GO:2001293","malonyl-CoA metabolic process","1/48","4/7601",0.25,39.5885416666667,6.15368088479958,0.0250264602519867,0.218981527204884,0.17904487169261,"NUDT8",1
"GO:0051896","regulation of phosphatidylinositol 3-kinase/protein kinase B signal transduction","3/48","102/7601",0.0294117647058824,4.65747549019608,2.96447304660746,0.0262396733075994,0.22062904195383,0.180391921695421,"FN1/MYORG/UNC5B",3
"GO:0060284","regulation of cell development","6/48","365/7601",0.0164383561643836,2.60308219178082,2.50219190816018,0.0262839116284376,0.22062904195383,0.180391921695421,"CRABP2/CUL7/ERBB2/FN1/MEIS2/WNT5A",6
"GO:0006888","endoplasmic reticulum to Golgi vesicle-mediated transport","3/48","103/7601",0.029126213592233,4.6122572815534,2.94233584083591,0.0269093522394661,0.22062904195383,0.180391921695421,"IER3IP1/SEC22A/YIPF4",3
"GO:0050767","regulation of neurogenesis","4/48","182/7601",0.021978021978022,3.48031135531136,2.69983288235652,0.0272931709206805,0.22062904195383,0.180391921695421,"CRABP2/CUL7/FN1/WNT5A",4
"GO:0071346","cellular response to type II interferon","2/48","41/7601",0.0487804878048781,7.72459349593496,3.44163444242581,0.0273854034277478,0.22062904195383,0.180391921695421,"IFNGR1/WNT5A",2
"GO:0007422","peripheral nervous system development","2/48","42/7601",0.0476190476190476,7.5406746031746,3.38830649783897,0.0286405307769121,0.22062904195383,0.180391921695421,"ADGRG6/ERBB2",2
"GO:0009611","response to wounding","5/48","275/7601",0.0181818181818182,2.87916666666667,2.53026415089828,0.0287843265697508,0.22062904195383,0.180391921695421,"ERBB2/FN1/SDC4/TSKU/WNT5A",5
"GO:0046651","lymphocyte proliferation","3/48","107/7601",0.0280373831775701,4.43983644859813,2.85654132256806,0.0296796230933046,0.22062904195383,0.180391921695421,"CD81/ERBB2/SDC4",3
"GO:1903532","positive regulation of secretion by cell","3/48","107/7601",0.0280373831775701,4.43983644859813,2.85654132256806,0.0296796230933046,0.22062904195383,0.180391921695421,"IER3IP1/SDC4/TMEM132A",3
"GO:0035418","protein localization to synapse","2/48","43/7601",0.0465116279069767,7.36531007751938,3.33670660519889,0.0299184466662877,0.22062904195383,0.180391921695421,"ERBB2/WNT5A",2
"GO:0050729","positive regulation of inflammatory response","2/48","43/7601",0.0465116279069767,7.36531007751938,3.33670660519889,0.0299184466662877,0.22062904195383,0.180391921695421,"CD81/WNT5A",2
"GO:0090596","sensory organ morphogenesis","3/48","108/7601",0.0277777777777778,4.39872685185185,2.83575003832769,0.0303950407603849,0.22062904195383,0.180391921695421,"FAT1/TSKU/WNT5A",3
"GO:0008284","positive regulation of cell population proliferation","6/48","378/7601",0.0158730158730159,2.5135582010582,2.406322825101,0.0305342687761048,0.22062904195383,0.180391921695421,"CD81/CNBP/ERBB2/FN1/MEIS2/WNT5A",6
"GO:0035239","tube morphogenesis","6/48","379/7601",0.0158311345646438,2.50692612137203,2.39911185358446,0.0308790164645688,0.22062904195383,0.180391921695421,"CUL7/ERBB2/FN1/SDC4/UNC5B/WNT5A",6
"GO:0010273","detoxification of copper ion","1/48","5/7601",0.2,31.6708333333333,5.46872106644236,0.0311866195132621,0.22062904195383,0.180391921695421,"MT2A",1
"GO:0014908","myotube differentiation involved in skeletal muscle regeneration","1/48","5/7601",0.2,31.6708333333333,5.46872106644236,0.0311866195132621,0.22062904195383,0.180391921695421,"CD81",1
"GO:0036017","response to erythropoietin","1/48","5/7601",0.2,31.6708333333333,5.46872106644236,0.0311866195132621,0.22062904195383,0.180391921695421,"MT2A",1
"GO:0036018","cellular response to erythropoietin","1/48","5/7601",0.2,31.6708333333333,5.46872106644236,0.0311866195132621,0.22062904195383,0.180391921695421,"MT2A",1
"GO:0038007","netrin-activated signaling pathway","1/48","5/7601",0.2,31.6708333333333,5.46872106644236,0.0311866195132621,0.22062904195383,0.180391921695421,"UNC5B",1
"GO:0042117","monocyte activation","1/48","5/7601",0.2,31.6708333333333,5.46872106644236,0.0311866195132621,0.22062904195383,0.180391921695421,"FN1",1
"GO:0048254","snoRNA localization","1/48","5/7601",0.2,31.6708333333333,5.46872106644236,0.0311866195132621,0.22062904195383,0.180391921695421,"ZNHIT3",1
"GO:0048672","positive regulation of collateral sprouting","1/48","5/7601",0.2,31.6708333333333,5.46872106644236,0.0311866195132621,0.22062904195383,0.180391921695421,"CRABP2",1
"GO:0048853","forebrain morphogenesis","1/48","5/7601",0.2,31.6708333333333,5.46872106644236,0.0311866195132621,0.22062904195383,0.180391921695421,"WNT5A",1
"GO:0051798","positive regulation of hair follicle development","1/48","5/7601",0.2,31.6708333333333,5.46872106644236,0.0311866195132621,0.22062904195383,0.180391921695421,"WNT5A",1
"GO:0060352","cell adhesion molecule production","1/48","5/7601",0.2,31.6708333333333,5.46872106644236,0.0311866195132621,0.22062904195383,0.180391921695421,"GCNT1",1
"GO:0060572","morphogenesis of an epithelial bud","1/48","5/7601",0.2,31.6708333333333,5.46872106644236,0.0311866195132621,0.22062904195383,0.180391921695421,"WNT5A",1
"GO:0060900","embryonic camera-type eye formation","1/48","5/7601",0.2,31.6708333333333,5.46872106644236,0.0311866195132621,0.22062904195383,0.180391921695421,"WNT5A",1
"GO:0070230","positive regulation of lymphocyte apoptotic process","1/48","5/7601",0.2,31.6708333333333,5.46872106644236,0.0311866195132621,0.22062904195383,0.180391921695421,"WNT5A",1
"GO:0070278","extracellular matrix constituent secretion","1/48","5/7601",0.2,31.6708333333333,5.46872106644236,0.0311866195132621,0.22062904195383,0.180391921695421,"IER3IP1",1
"GO:0071971","extracellular exosome assembly","1/48","5/7601",0.2,31.6708333333333,5.46872106644236,0.0311866195132621,0.22062904195383,0.180391921695421,"SDC4",1
"GO:0072201","negative regulation of mesenchymal cell proliferation","1/48","5/7601",0.2,31.6708333333333,5.46872106644236,0.0311866195132621,0.22062904195383,0.180391921695421,"WNT5A",1
"GO:1901289","succinyl-CoA catabolic process","1/48","5/7601",0.2,31.6708333333333,5.46872106644236,0.0311866195132621,0.22062904195383,0.180391921695421,"NUDT8",1
"GO:1903551","regulation of extracellular exosome assembly","1/48","5/7601",0.2,31.6708333333333,5.46872106644236,0.0311866195132621,0.22062904195383,0.180391921695421,"SDC4",1
"GO:1904352","positive regulation of protein catabolic process in the vacuole","1/48","5/7601",0.2,31.6708333333333,5.46872106644236,0.0311866195132621,0.22062904195383,0.180391921695421,"CD81",1
"GO:1904948","midbrain dopaminergic neuron differentiation","1/48","5/7601",0.2,31.6708333333333,5.46872106644236,0.0311866195132621,0.22062904195383,0.180391921695421,"WNT5A",1
"GO:1990169","stress response to copper ion","1/48","5/7601",0.2,31.6708333333333,5.46872106644236,0.0311866195132621,0.22062904195383,0.180391921695421,"MT2A",1
"GO:0030516","regulation of axon extension","2/48","44/7601",0.0454545454545455,7.19791666666667,3.2867375937465,0.0312188262039663,0.22062904195383,0.180391921695421,"FN1/WNT5A",2
"GO:0001817","regulation of cytokine production","5/48","282/7601",0.0177304964539007,2.80769799054374,2.46599520794868,0.0316198712267024,0.22062904195383,0.180391921695421,"CD81/FN1/IFNGR1/TSKU/WNT5A",5
"GO:0001816","cytokine production","5/48","283/7601",0.0176678445229682,2.79777679623086,2.45697342091609,0.0320388942615372,0.22062904195383,0.180391921695421,"CD81/FN1/IFNGR1/TSKU/WNT5A",5
"GO:0045321","leukocyte activation","6/48","383/7601",0.0156657963446475,2.48074412532637,2.37049279100479,0.0322838457939921,0.22062904195383,0.180391921695421,"CD81/ERBB2/FN1/IFNGR1/SDC4/WNT5A",6
"GO:0050772","positive regulation of axonogenesis","2/48","45/7601",0.0444444444444444,7.03796296296296,3.23830983970703,0.0325413475414301,0.22062904195383,0.180391921695421,"CRABP2/FN1",2
"GO:0050868","negative regulation of T cell activation","2/48","45/7601",0.0444444444444444,7.03796296296296,3.23830983970703,0.0325413475414301,0.22062904195383,0.180391921695421,"ERBB2/SDC4",2
"GO:0032943","mononuclear cell proliferation","3/48","111/7601",0.027027027027027,4.27984234234234,2.77486092469859,0.0325959727575528,0.22062904195383,0.180391921695421,"CD81/ERBB2/SDC4",3
"GO:1903829","positive regulation of protein localization","5/48","285/7601",0.0175438596491228,2.7781432748538,2.43904608157758,0.0328874780387758,0.22062904195383,0.180391921695421,"CD81/ERBB2/IER3IP1/TMEM132A/WNT5A",5
"GO:0034341","response to type II interferon","2/48","46/7601",0.0434782608695652,6.88496376811594,3.19134052682009,0.0338856918493728,0.22062904195383,0.180391921695421,"IFNGR1/WNT5A",2
"GO:0140888","interferon-mediated signaling pathway","2/48","46/7601",0.0434782608695652,6.88496376811594,3.19134052682009,0.0338856918493728,0.22062904195383,0.180391921695421,"IFNGR1/WNT5A",2
"GO:0051047","positive regulation of secretion","3/48","113/7601",0.0265486725663717,4.20409292035398,2.73545187568725,0.0341087015011997,0.22062904195383,0.180391921695421,"IER3IP1/SDC4/TMEM132A",3
"GO:0048145","regulation of fibroblast proliferation","2/48","47/7601",0.0425531914893617,6.73847517730496,3.14575299365701,0.0352515432936959,0.22062904195383,0.180391921695421,"FN1/WNT5A",2
"GO:1902533","positive regulation of intracellular signal transduction","7/48","499/7601",0.0140280561122244,2.22140113560454,2.25001768035633,0.0356813342436661,0.22062904195383,0.180391921695421,"CD81/ERBB2/FN1/MYORG/UNC5B/WNT5A/ZDHHC13",7
"GO:0040008","regulation of growth","5/48","293/7601",0.0170648464163823,2.70228953356086,2.36883953275409,0.0364233749917362,0.22062904195383,0.180391921695421,"CRABP2/ERBB2/FN1/MT2A/WNT5A",5
"GO:0007030","Golgi organization","3/48","116/7601",0.0258620689655172,4.09536637931034,2.67801389411191,0.036445663326259,0.22062904195383,0.180391921695421,"CUL7/TANGO2/YIPF4",3
"GO:0003139","secondary heart field specification","1/48","6/7601",0.166666666666667,26.3923611111111,4.96000933934999,0.0373086629918506,0.22062904195383,0.180391921695421,"WNT5A",1
"GO:0003413","chondrocyte differentiation involved in endochondral bone morphogenesis","1/48","6/7601",0.166666666666667,26.3923611111111,4.96000933934999,0.0373086629918506,0.22062904195383,0.180391921695421,"TSKU",1
"GO:0003417","growth plate cartilage development","1/48","6/7601",0.166666666666667,26.3923611111111,4.96000933934999,0.0373086629918506,0.22062904195383,0.180391921695421,"TSKU",1
"GO:0007442","hindgut morphogenesis","1/48","6/7601",0.166666666666667,26.3923611111111,4.96000933934999,0.0373086629918506,0.22062904195383,0.180391921695421,"WNT5A",1
"GO:0007494","midgut development","1/48","6/7601",0.166666666666667,26.3923611111111,4.96000933934999,0.0373086629918506,0.22062904195383,0.180391921695421,"WNT5A",1
"GO:0010867","positive regulation of triglyceride biosynthetic process","1/48","6/7601",0.166666666666667,26.3923611111111,4.96000933934999,0.0373086629918506,0.22062904195383,0.180391921695421,"CNEP1R1",1
"GO:0018149","peptide cross-linking","1/48","6/7601",0.166666666666667,26.3923611111111,4.96000933934999,0.0373086629918506,0.22062904195383,0.180391921695421,"FN1",1
"GO:0021889","olfactory bulb interneuron differentiation","1/48","6/7601",0.166666666666667,26.3923611111111,4.96000933934999,0.0373086629918506,0.22062904195383,0.180391921695421,"WNT5A",1
"GO:0030540","female genitalia development","1/48","6/7601",0.166666666666667,26.3923611111111,4.96000933934999,0.0373086629918506,0.22062904195383,0.180391921695421,"WNT5A",1
"GO:0033079","immature T cell proliferation","1/48","6/7601",0.166666666666667,26.3923611111111,4.96000933934999,0.0373086629918506,0.22062904195383,0.180391921695421,"ERBB2",1
"GO:0033080","immature T cell proliferation in thymus","1/48","6/7601",0.166666666666667,26.3923611111111,4.96000933934999,0.0373086629918506,0.22062904195383,0.180391921695421,"ERBB2",1
"GO:0033083","regulation of immature T cell proliferation","1/48","6/7601",0.166666666666667,26.3923611111111,4.96000933934999,0.0373086629918506,0.22062904195383,0.180391921695421,"ERBB2",1
"GO:0033084","regulation of immature T cell proliferation in thymus","1/48","6/7601",0.166666666666667,26.3923611111111,4.96000933934999,0.0373086629918506,0.22062904195383,0.180391921695421,"ERBB2",1
"GO:0033085","negative regulation of T cell differentiation in thymus","1/48","6/7601",0.166666666666667,26.3923611111111,4.96000933934999,0.0373086629918506,0.22062904195383,0.180391921695421,"ERBB2",1
"GO:0038133","ERBB2-ERBB3 signaling pathway","1/48","6/7601",0.166666666666667,26.3923611111111,4.96000933934999,0.0373086629918506,0.22062904195383,0.180391921695421,"ERBB2",1
"GO:0043455","regulation of secondary metabolic process","1/48","6/7601",0.166666666666667,26.3923611111111,4.96000933934999,0.0373086629918506,0.22062904195383,0.180391921695421,"WNT5A",1
"GO:0045836","positive regulation of meiotic nuclear division","1/48","6/7601",0.166666666666667,26.3923611111111,4.96000933934999,0.0373086629918506,0.22062904195383,0.180391921695421,"WNT5A",1
"GO:0046543","development of secondary female sexual characteristics","1/48","6/7601",0.166666666666667,26.3923611111111,4.96000933934999,0.0373086629918506,0.22062904195383,0.180391921695421,"WNT5A",1
"GO:0048021","regulation of melanin biosynthetic process","1/48","6/7601",0.166666666666667,26.3923611111111,4.96000933934999,0.0373086629918506,0.22062904195383,0.180391921695421,"WNT5A",1
"GO:0050855","regulation of B cell receptor signaling pathway","1/48","6/7601",0.166666666666667,26.3923611111111,4.96000933934999,0.0373086629918506,0.22062904195383,0.180391921695421,"CD81",1
"GO:0070863","positive regulation of protein exit from endoplasmic reticulum","1/48","6/7601",0.166666666666667,26.3923611111111,4.96000933934999,0.0373086629918506,0.22062904195383,0.180391921695421,"CD81",1
"GO:0071294","cellular response to zinc ion","1/48","6/7601",0.166666666666667,26.3923611111111,4.96000933934999,0.0373086629918506,0.22062904195383,0.180391921695421,"MT2A",1
"GO:1900376","regulation of secondary metabolite biosynthetic process","1/48","6/7601",0.166666666666667,26.3923611111111,4.96000933934999,0.0373086629918506,0.22062904195383,0.180391921695421,"WNT5A",1
"GO:1902033","regulation of hematopoietic stem cell proliferation","1/48","6/7601",0.166666666666667,26.3923611111111,4.96000933934999,0.0373086629918506,0.22062904195383,0.180391921695421,"WNT5A",1
"GO:2000288","positive regulation of myoblast proliferation","1/48","6/7601",0.166666666666667,26.3923611111111,4.96000933934999,0.0373086629918506,0.22062904195383,0.180391921695421,"MEIS2",1
"GO:0021954","central nervous system neuron development","2/48","49/7601",0.0408163265306122,6.46343537414966,3.05844399381573,0.0380465190883112,0.22062904195383,0.180391921695421,"TSKU/WNT5A",2
"GO:0048646","anatomical structure formation involved in morphogenesis","7/48","507/7601",0.0138067061143984,2.18634944115713,2.20413753358939,0.038415956850601,0.22062904195383,0.180391921695421,"ADGRG6/CD81/ERBB2/FN1/SDC4/UNC5B/WNT5A",7
"GO:0031346","positive regulation of cell projection organization","4/48","204/7601",0.0196078431372549,3.10498366013072,2.42942600437502,0.0391221656575687,0.22062904195383,0.180391921695421,"CRABP2/CUL7/FN1/WNT5A",4
"GO:1903038","negative regulation of leukocyte cell-cell adhesion","2/48","50/7601",0.04,6.33416666666667,3.01659509579878,0.0394750265328226,0.22062904195383,0.180391921695421,"ERBB2/SDC4",2
"GO:0048588","developmental cell growth","3/48","120/7601",0.025,3.95885416666667,2.60436607021237,0.0396875735295733,0.22062904195383,0.180391921695421,"CRABP2/FN1/WNT5A",3
"GO:0001558","regulation of cell growth","4/48","205/7601",0.0195121951219512,3.08983739837398,2.41801309516572,0.0397200682411512,0.22062904195383,0.180391921695421,"CRABP2/ERBB2/FN1/WNT5A",4
"GO:0009887","animal organ morphogenesis","6/48","404/7601",0.0148514851485149,2.35179455445545,2.22583668686024,0.0403515643832851,0.22062904195383,0.180391921695421,"ADGRG6/FAT1/GCNT1/MEIS2/TSKU/WNT5A",6
"GO:0070661","leukocyte proliferation","3/48","121/7601",0.0247933884297521,3.92613636363636,2.58645019460971,0.0405204144202417,0.22062904195383,0.180391921695421,"CD81/ERBB2/SDC4",3
"GO:0032640","tumor necrosis factor production","2/48","51/7601",0.0392156862745098,6.20996732026144,2.97587225183286,0.0409238072553458,0.22062904195383,0.180391921695421,"IFNGR1/WNT5A",2
"GO:0032680","regulation of tumor necrosis factor production","2/48","51/7601",0.0392156862745098,6.20996732026144,2.97587225183286,0.0409238072553458,0.22062904195383,0.180391921695421,"IFNGR1/WNT5A",2
"GO:0051960","regulation of nervous system development","4/48","207/7601",0.0193236714975845,3.05998389694042,2.39539394572825,0.0409316851845108,0.22062904195383,0.180391921695421,"CRABP2/CUL7/FN1/WNT5A",4
"GO:0000165","MAPK cascade","5/48","303/7601",0.0165016501650165,2.61310506050605,2.28428196469793,0.0411656294787704,0.22062904195383,0.180391921695421,"CD81/ERBB2/FN1/RCE1/WNT5A",5
"GO:0050769","positive regulation of neurogenesis","3/48","122/7601",0.0245901639344262,3.89395491803279,2.56872482327815,0.0413621580218645,0.22062904195383,0.180391921695421,"CRABP2/CUL7/FN1",3
"GO:0014902","myotube differentiation","2/48","52/7601",0.0384615384615385,6.09054487179487,2.93622208961271,0.0423925600437764,0.22062904195383,0.180391921695421,"CD81/MYORG",2
"GO:0042303","molting cycle","2/48","52/7601",0.0384615384615385,6.09054487179487,2.93622208961271,0.0423925600437764,0.22062904195383,0.180391921695421,"TSKU/WNT5A",2
"GO:0042633","hair cycle","2/48","52/7601",0.0384615384615385,6.09054487179487,2.93622208961271,0.0423925600437764,0.22062904195383,0.180391921695421,"TSKU/WNT5A",2
"GO:0043405","regulation of MAP kinase activity","2/48","52/7601",0.0384615384615385,6.09054487179487,2.93622208961271,0.0423925600437764,0.22062904195383,0.180391921695421,"ERBB2/WNT5A",2
"GO:0051250","negative regulation of lymphocyte activation","2/48","52/7601",0.0384615384615385,6.09054487179487,2.93622208961271,0.0423925600437764,0.22062904195383,0.180391921695421,"ERBB2/SDC4",2
"GO:0071706","tumor necrosis factor superfamily cytokine production","2/48","52/7601",0.0384615384615385,6.09054487179487,2.93622208961271,0.0423925600437764,0.22062904195383,0.180391921695421,"IFNGR1/WNT5A",2
"GO:1903555","regulation of tumor necrosis factor superfamily cytokine production","2/48","52/7601",0.0384615384615385,6.09054487179487,2.93622208961271,0.0423925600437764,0.22062904195383,0.180391921695421,"IFNGR1/WNT5A",2
"GO:0001771","immunological synapse formation","1/48","7/7601",0.142857142857143,22.6220238095238,4.56223589683239,0.0433928215404211,0.22062904195383,0.180391921695421,"CD81",1
"GO:0010819","regulation of T cell chemotaxis","1/48","7/7601",0.142857142857143,22.6220238095238,4.56223589683239,0.0433928215404211,0.22062904195383,0.180391921695421,"WNT5A",1
"GO:0010820","positive regulation of T cell chemotaxis","1/48","7/7601",0.142857142857143,22.6220238095238,4.56223589683239,0.0433928215404211,0.22062904195383,0.180391921695421,"WNT5A",1
"GO:0021670","lateral ventricle development","1/48","7/7601",0.142857142857143,22.6220238095238,4.56223589683239,0.0433928215404211,0.22062904195383,0.180391921695421,"TSKU",1
"GO:0032905","transforming growth factor beta1 production","1/48","7/7601",0.142857142857143,22.6220238095238,4.56223589683239,0.0433928215404211,0.22062904195383,0.180391921695421,"TSKU",1
"GO:0032908","regulation of transforming growth factor beta1 production","1/48","7/7601",0.142857142857143,22.6220238095238,4.56223589683239,0.0433928215404211,0.22062904195383,0.180391921695421,"TSKU",1
"GO:0036342","post-anal tail morphogenesis","1/48","7/7601",0.142857142857143,22.6220238095238,4.56223589683239,0.0433928215404211,0.22062904195383,0.180391921695421,"WNT5A",1
"GO:0036446","myofibroblast differentiation","1/48","7/7601",0.142857142857143,22.6220238095238,4.56223589683239,0.0433928215404211,0.22062904195383,0.180391921695421,"TSKU",1
"GO:0038129","ERBB3 signaling pathway","1/48","7/7601",0.142857142857143,22.6220238095238,4.56223589683239,0.0433928215404211,0.22062904195383,0.180391921695421,"ERBB2",1
"GO:0042438","melanin biosynthetic process","1/48","7/7601",0.142857142857143,22.6220238095238,4.56223589683239,0.0433928215404211,0.22062904195383,0.180391921695421,"WNT5A",1
"GO:0042573","retinoic acid metabolic process","1/48","7/7601",0.142857142857143,22.6220238095238,4.56223589683239,0.0433928215404211,0.22062904195383,0.180391921695421,"CRABP2",1
"GO:0046641","positive regulation of alpha-beta T cell proliferation","1/48","7/7601",0.142857142857143,22.6220238095238,4.56223589683239,0.0433928215404211,0.22062904195383,0.180391921695421,"CD81",1
"GO:0048340","paraxial mesoderm morphogenesis","1/48","7/7601",0.142857142857143,22.6220238095238,4.56223589683239,0.0433928215404211,0.22062904195383,0.180391921695421,"WNT5A",1
"GO:0048841","regulation of axon extension involved in axon guidance","1/48","7/7601",0.142857142857143,22.6220238095238,4.56223589683239,0.0433928215404211,0.22062904195383,0.180391921695421,"WNT5A",1
"GO:0051797","regulation of hair follicle development","1/48","7/7601",0.142857142857143,22.6220238095238,4.56223589683239,0.0433928215404211,0.22062904195383,0.180391921695421,"WNT5A",1
"GO:0051964","negative regulation of synapse assembly","1/48","7/7601",0.142857142857143,22.6220238095238,4.56223589683239,0.0433928215404211,0.22062904195383,0.180391921695421,"WNT5A",1
"GO:0060907","positive regulation of macrophage cytokine production","1/48","7/7601",0.142857142857143,22.6220238095238,4.56223589683239,0.0433928215404211,0.22062904195383,0.180391921695421,"WNT5A",1
"GO:0061525","hindgut development","1/48","7/7601",0.142857142857143,22.6220238095238,4.56223589683239,0.0433928215404211,0.22062904195383,0.180391921695421,"WNT5A",1
"GO:0061687","detoxification of inorganic compound","1/48","7/7601",0.142857142857143,22.6220238095238,4.56223589683239,0.0433928215404211,0.22062904195383,0.180391921695421,"MT2A",1
"GO:0070243","regulation of thymocyte apoptotic process","1/48","7/7601",0.142857142857143,22.6220238095238,4.56223589683239,0.0433928215404211,0.22062904195383,0.180391921695421,"WNT5A",1
"GO:0097501","stress response to metal ion","1/48","7/7601",0.142857142857143,22.6220238095238,4.56223589683239,0.0433928215404211,0.22062904195383,0.180391921695421,"MT2A",1
"GO:0140131","positive regulation of lymphocyte chemotaxis","1/48","7/7601",0.142857142857143,22.6220238095238,4.56223589683239,0.0433928215404211,0.22062904195383,0.180391921695421,"WNT5A",1
"GO:0150011","regulation of neuron projection arborization","1/48","7/7601",0.142857142857143,22.6220238095238,4.56223589683239,0.0433928215404211,0.22062904195383,0.180391921695421,"WNT5A",1
"GO:1901569","fatty acid derivative catabolic process","1/48","7/7601",0.142857142857143,22.6220238095238,4.56223589683239,0.0433928215404211,0.22062904195383,0.180391921695421,"NUDT8",1
"GO:1901623","regulation of lymphocyte chemotaxis","1/48","7/7601",0.142857142857143,22.6220238095238,4.56223589683239,0.0433928215404211,0.22062904195383,0.180391921695421,"WNT5A",1
"GO:2000052","positive regulation of non-canonical Wnt signaling pathway","1/48","7/7601",0.142857142857143,22.6220238095238,4.56223589683239,0.0433928215404211,0.22062904195383,0.180391921695421,"WNT5A",1
"GO:2000269","regulation of fibroblast apoptotic process","1/48","7/7601",0.142857142857143,22.6220238095238,4.56223589683239,0.0433928215404211,0.22062904195383,0.180391921695421,"IER3IP1",1
"GO:2000291","regulation of myoblast proliferation","1/48","7/7601",0.142857142857143,22.6220238095238,4.56223589683239,0.0433928215404211,0.22062904195383,0.180391921695421,"MEIS2",1
"GO:0002702","positive regulation of production of molecular mediator of immune response","2/48","53/7601",0.0377358490566038,5.97562893081761,2.89759474866834,0.0438809865407879,0.221172455433832,0.180836230391432,"CD81/WNT5A",2
"GO:0048762","mesenchymal cell differentiation","3/48","125/7601",0.024,3.8005,2.51665457127557,0.0439405742024689,0.221172455433832,0.180836230391432,"CUL7/FN1/WNT5A",3
"GO:0060560","developmental growth involved in morphogenesis","3/48","125/7601",0.024,3.8005,2.51665457127557,0.0439405742024689,0.221172455433832,0.180836230391432,"CRABP2/FN1/WNT5A",3
"GO:0050900","leukocyte migration","3/48","126/7601",0.0238095238095238,3.7703373015873,2.49965456441389,0.0448176939525566,0.221446974966431,0.181060684550277,"CD81/GCNT1/WNT5A",3
"GO:0001568","blood vessel development","5/48","311/7601",0.0160771704180064,2.54588692390139,2.21902311653004,0.045220718659935,0.221446974966431,0.181060684550277,"CUL7/ERBB2/FN1/UNC5B/WNT5A",5
"GO:0051962","positive regulation of nervous system development","3/48","127/7601",0.0236220472440945,3.74064960629921,2.48282723392037,0.0457035953093773,0.221446974966431,0.181060684550277,"CRABP2/CUL7/FN1",3
"GO:0045927","positive regulation of growth","3/48","128/7601",0.0234375,3.71142578125,2.46616930107407,0.0465982518465326,0.221446974966431,0.181060684550277,"CRABP2/ERBB2/FN1",3
"GO:0050714","positive regulation of protein secretion","2/48","55/7601",0.0363636363636364,5.75833333333333,2.823224921297,0.0469156813684068,0.221446974966431,0.181060684550277,"IER3IP1/TMEM132A",2
"GO:0071675","regulation of mononuclear cell migration","2/48","55/7601",0.0363636363636364,5.75833333333333,2.823224921297,0.0469156813684068,0.221446974966431,0.181060684550277,"CD81/WNT5A",2
"GO:0051222","positive regulation of protein transport","3/48","129/7601",0.0232558139534884,3.68265503875969,2.44967757506598,0.0475016364342469,0.221446974966431,0.181060684550277,"CD81/IER3IP1/TMEM132A",3
"GO:0071902","positive regulation of protein serine/threonine kinase activity","2/48","56/7601",0.0357142857142857,5.65550595238095,2.78739778238176,0.0484613670537312,0.221446974966431,0.181060684550277,"ERBB2/WNT5A",2
"GO:0002828","regulation of type 2 immune response","1/48","8/7601",0.125,19.7942708333333,4.23966407347976,0.0494393246436684,0.221446974966431,0.181060684550277,"CD81",1
"GO:0006104","succinyl-CoA metabolic process","1/48","8/7601",0.125,19.7942708333333,4.23966407347976,0.0494393246436684,0.221446974966431,0.181060684550277,"NUDT8",1
"GO:0006582","melanin metabolic process","1/48","8/7601",0.125,19.7942708333333,4.23966407347976,0.0494393246436684,0.221446974966431,0.181060684550277,"WNT5A",1
"GO:0006782","protoporphyrinogen IX biosynthetic process","1/48","8/7601",0.125,19.7942708333333,4.23966407347976,0.0494393246436684,0.221446974966431,0.181060684550277,"UROS",1
"GO:0006785","heme B biosynthetic process","1/48","8/7601",0.125,19.7942708333333,4.23966407347976,0.0494393246436684,0.221446974966431,0.181060684550277,"UROS",1
"GO:0007351","tripartite regional subdivision","1/48","8/7601",0.125,19.7942708333333,4.23966407347976,0.0494393246436684,0.221446974966431,0.181060684550277,"WNT5A",1
"GO:0008595","anterior/posterior axis specification, embryo","1/48","8/7601",0.125,19.7942708333333,4.23966407347976,0.0494393246436684,0.221446974966431,0.181060684550277,"WNT5A",1
"GO:0010742","macrophage derived foam cell differentiation","1/48","8/7601",0.125,19.7942708333333,4.23966407347976,0.0494393246436684,0.221446974966431,0.181060684550277,"WNT5A",1
"GO:0010866","regulation of triglyceride biosynthetic process","1/48","8/7601",0.125,19.7942708333333,4.23966407347976,0.0494393246436684,0.221446974966431,0.181060684550277,"CNEP1R1",1
"GO:0015693","magnesium ion transport","1/48","8/7601",0.125,19.7942708333333,4.23966407347976,0.0494393246436684,0.221446974966431,0.181060684550277,"ZDHHC13",1
"GO:0035739","CD4-positive, alpha-beta T cell proliferation","1/48","8/7601",0.125,19.7942708333333,4.23966407347976,0.0494393246436684,0.221446974966431,0.181060684550277,"CD81",1
"GO:0043032","positive regulation of macrophage activation","1/48","8/7601",0.125,19.7942708333333,4.23966407347976,0.0494393246436684,0.221446974966431,0.181060684550277,"WNT5A",1
"GO:0043567","regulation of insulin-like growth factor receptor signaling pathway","1/48","8/7601",0.125,19.7942708333333,4.23966407347976,0.0494393246436684,0.221446974966431,0.181060684550277,"MYORG",1
"GO:0044550","secondary metabolite biosynthetic process","1/48","8/7601",0.125,19.7942708333333,4.23966407347976,0.0494393246436684,0.221446974966431,0.181060684550277,"WNT5A",1
"GO:0045136","development of secondary sexual characteristics","1/48","8/7601",0.125,19.7942708333333,4.23966407347976,0.0494393246436684,0.221446974966431,0.181060684550277,"WNT5A",1
"GO:0046492","heme B metabolic process","1/48","8/7601",0.125,19.7942708333333,4.23966407347976,0.0494393246436684,0.221446974966431,0.181060684550277,"UROS",1
"GO:0048033","heme O metabolic process","1/48","8/7601",0.125,19.7942708333333,4.23966407347976,0.0494393246436684,0.221446974966431,0.181060684550277,"UROS",1
"GO:0048034","heme O biosynthetic process","1/48","8/7601",0.125,19.7942708333333,4.23966407347976,0.0494393246436684,0.221446974966431,0.181060684550277,"UROS",1
"GO:0048280","vesicle fusion with Golgi apparatus","1/48","8/7601",0.125,19.7942708333333,4.23966407347976,0.0494393246436684,0.221446974966431,0.181060684550277,"YIPF4",1
"GO:0048635","negative regulation of muscle organ development","1/48","8/7601",0.125,19.7942708333333,4.23966407347976,0.0494393246436684,0.221446974966431,0.181060684550277,"SFMBT1",1
"GO:0048820","hair follicle maturation","1/48","8/7601",0.125,19.7942708333333,4.23966407347976,0.0494393246436684,0.221446974966431,0.181060684550277,"WNT5A",1
"GO:0060571","morphogenesis of an epithelial fold","1/48","8/7601",0.125,19.7942708333333,4.23966407347976,0.0494393246436684,0.221446974966431,0.181060684550277,"WNT5A",1
"GO:0090103","cochlea morphogenesis","1/48","8/7601",0.125,19.7942708333333,4.23966407347976,0.0494393246436684,0.221446974966431,0.181060684550277,"WNT5A",1
"GO:0090208","positive regulation of triglyceride metabolic process","1/48","8/7601",0.125,19.7942708333333,4.23966407347976,0.0494393246436684,0.221446974966431,0.181060684550277,"CNEP1R1",1
"GO:1903830","magnesium ion transmembrane transport","1/48","8/7601",0.125,19.7942708333333,4.23966407347976,0.0494393246436684,0.221446974966431,0.181060684550277,"ZDHHC13",1
"GO:1903911","positive regulation of receptor clustering","1/48","8/7601",0.125,19.7942708333333,4.23966407347976,0.0494393246436684,0.221446974966431,0.181060684550277,"CD81",1
"GO:1905809","negative regulation of synapse organization","1/48","8/7601",0.125,19.7942708333333,4.23966407347976,0.0494393246436684,0.221446974966431,0.181060684550277,"WNT5A",1
"GO:2000049","positive regulation of cell-cell adhesion mediated by cadherin","1/48","8/7601",0.125,19.7942708333333,4.23966407347976,0.0494393246436684,0.221446974966431,0.181060684550277,"WNT5A",1
"GO:2000561","regulation of CD4-positive, alpha-beta T cell proliferation","1/48","8/7601",0.125,19.7942708333333,4.23966407347976,0.0494393246436684,0.221446974966431,0.181060684550277,"CD81",1
"GO:0001525","angiogenesis","4/48","222/7601",0.018018018018018,2.85322822822823,2.23395443757211,0.0506914373914463,0.225540115247294,0.184407340251153,"ERBB2/FN1/UNC5B/WNT5A",4
"GO:0048144","fibroblast proliferation","2/48","58/7601",0.0344827586206897,5.46048850574713,2.71826654428655,0.051607979121601,0.225540115247294,0.184407340251153,"FN1/WNT5A",2
"GO:0055088","lipid homeostasis","2/48","58/7601",0.0344827586206897,5.46048850574713,2.71826654428655,0.051607979121601,0.225540115247294,0.184407340251153,"CNBP/TSKU",2
"GO:0030334","regulation of cell migration","6/48","432/7601",0.0138888888888889,2.19936342592593,2.04611979424132,0.0529806486320189,0.225540115247294,0.184407340251153,"CD81/FAT1/FN1/GCNT1/SDC4/WNT5A",6
"GO:0010001","glial cell differentiation","3/48","135/7601",0.0222222222222222,3.51898148148148,2.35404921767819,0.0531036284541379,0.225540115247294,0.184407340251153,"ADGRG6/ERBB2/IFNGR1",3
"GO:0022409","positive regulation of cell-cell adhesion","3/48","135/7601",0.0222222222222222,3.51898148148148,2.35404921767819,0.0531036284541379,0.225540115247294,0.184407340251153,"CD81/GCNT1/WNT5A",3
"GO:0030534","adult behavior","2/48","59/7601",0.0338983050847458,5.36793785310735,2.68489227214848,0.0532083393796996,0.225540115247294,0.184407340251153,"NTAN1/USP46",2
"GO:0048675","axon extension","2/48","59/7601",0.0338983050847458,5.36793785310735,2.68489227214848,0.0532083393796996,0.225540115247294,0.184407340251153,"FN1/WNT5A",2
"GO:0098742","cell-cell adhesion via plasma-membrane adhesion molecules","2/48","59/7601",0.0338983050847458,5.36793785310735,2.68489227214848,0.0532083393796996,0.225540115247294,0.184407340251153,"FAT1/PCDHGA11",2
"GO:0022604","regulation of cell morphogenesis","3/48","136/7601",0.0220588235294118,3.49310661764706,2.33863837679832,0.0540672934374127,0.225540115247294,0.184407340251153,"CUL7/FN1/WNT5A",3
"GO:0001944","vasculature development","5/48","328/7601",0.0152439024390244,2.41393546747967,2.08678347582608,0.0546184285610597,0.225540115247294,0.184407340251153,"CUL7/ERBB2/FN1/UNC5B/WNT5A",5
"GO:0000492","box C/D snoRNP assembly","1/48","9/7601",0.111111111111111,17.5949074074074,3.97086992574054,0.055448400426245,0.225540115247294,0.184407340251153,"ZNHIT3",1
"GO:0001774","microglial cell activation","1/48","9/7601",0.111111111111111,17.5949074074074,3.97086992574054,0.055448400426245,0.225540115247294,0.184407340251153,"IFNGR1",1
"GO:0002269","leukocyte activation involved in inflammatory response","1/48","9/7601",0.111111111111111,17.5949074074074,3.97086992574054,0.055448400426245,0.225540115247294,0.184407340251153,"IFNGR1",1
"GO:0002369","T cell cytokine production","1/48","9/7601",0.111111111111111,17.5949074074074,3.97086992574054,0.055448400426245,0.225540115247294,0.184407340251153,"CD81",1
"GO:0002724","regulation of T cell cytokine production","1/48","9/7601",0.111111111111111,17.5949074074074,3.97086992574054,0.055448400426245,0.225540115247294,0.184407340251153,"CD81",1
"GO:0002726","positive regulation of T cell cytokine production","1/48","9/7601",0.111111111111111,17.5949074074074,3.97086992574054,0.055448400426245,0.225540115247294,0.184407340251153,"CD81",1
"GO:0006784","heme A biosynthetic process","1/48","9/7601",0.111111111111111,17.5949074074074,3.97086992574054,0.055448400426245,0.225540115247294,0.184407340251153,"UROS",1
"GO:0006953","acute-phase response","1/48","9/7601",0.111111111111111,17.5949074074074,3.97086992574054,0.055448400426245,0.225540115247294,0.184407340251153,"FN1",1
"GO:0010818","T cell chemotaxis","1/48","9/7601",0.111111111111111,17.5949074074074,3.97086992574054,0.055448400426245,0.225540115247294,0.184407340251153,"WNT5A",1
"GO:0030903","notochord development","1/48","9/7601",0.111111111111111,17.5949074074074,3.97086992574054,0.055448400426245,0.225540115247294,0.184407340251153,"WNT5A",1
"GO:0033622","integrin activation","1/48","9/7601",0.111111111111111,17.5949074074074,3.97086992574054,0.055448400426245,0.225540115247294,0.184407340251153,"FN1",1
"GO:0040037","negative regulation of fibroblast growth factor receptor signaling pathway","1/48","9/7601",0.111111111111111,17.5949074074074,3.97086992574054,0.055448400426245,0.225540115247294,0.184407340251153,"WNT5A",1
"GO:0046160","heme a metabolic process","1/48","9/7601",0.111111111111111,17.5949074074074,3.97086992574054,0.055448400426245,0.225540115247294,0.184407340251153,"UROS",1
"GO:0046501","protoporphyrinogen IX metabolic process","1/48","9/7601",0.111111111111111,17.5949074074074,3.97086992574054,0.055448400426245,0.225540115247294,0.184407340251153,"UROS",1
"GO:0048143","astrocyte activation","1/48","9/7601",0.111111111111111,17.5949074074074,3.97086992574054,0.055448400426245,0.225540115247294,0.184407340251153,"IFNGR1",1
"GO:0048247","lymphocyte chemotaxis","1/48","9/7601",0.111111111111111,17.5949074074074,3.97086992574054,0.055448400426245,0.225540115247294,0.184407340251153,"WNT5A",1
"GO:0051446","positive regulation of meiotic cell cycle","1/48","9/7601",0.111111111111111,17.5949074074074,3.97086992574054,0.055448400426245,0.225540115247294,0.184407340251153,"WNT5A",1
"GO:0060347","heart trabecula formation","1/48","9/7601",0.111111111111111,17.5949074074074,3.97086992574054,0.055448400426245,0.225540115247294,0.184407340251153,"ADGRG6",1
"GO:0062009","secondary palate development","1/48","9/7601",0.111111111111111,17.5949074074074,3.97086992574054,0.055448400426245,0.225540115247294,0.184407340251153,"WNT5A",1
"GO:0090077","foam cell differentiation","1/48","9/7601",0.111111111111111,17.5949074074074,3.97086992574054,0.055448400426245,0.225540115247294,0.184407340251153,"WNT5A",1
"GO:1900221","regulation of amyloid-beta clearance","1/48","9/7601",0.111111111111111,17.5949074074074,3.97086992574054,0.055448400426245,0.225540115247294,0.184407340251153,"IFNGR1",1
"GO:1904350","regulation of protein catabolic process in the vacuole","1/48","9/7601",0.111111111111111,17.5949074074074,3.97086992574054,0.055448400426245,0.225540115247294,0.184407340251153,"CD81",1
"GO:1904996","positive regulation of leukocyte adhesion to vascular endothelial cell","1/48","9/7601",0.111111111111111,17.5949074074074,3.97086992574054,0.055448400426245,0.225540115247294,0.184407340251153,"GCNT1",1
"GO:0001667","ameboidal-type cell migration","3/48","138/7601",0.0217391304347826,3.44248188405797,2.30824469499432,0.0560200522975006,0.227251155546465,0.185806330361124,"FN1/SDC4/WNT5A",3
"GO:0001775","cell activation","6/48","442/7601",0.0135746606334842,2.14960407239819,1.98518470065542,0.0580243000591367,0.233027082579823,0.190528875352903,"CD81/ERBB2/FN1/IFNGR1/SDC4/WNT5A",6
"GO:0009306","protein secretion","3/48","141/7601",0.0212765957446809,3.36923758865248,2.26368727382872,0.0590122610567629,0.233027082579823,0.190528875352903,"IER3IP1/TANGO2/TMEM132A",3
"GO:0002700","regulation of production of molecular mediator of immune response","2/48","63/7601",0.0317460317460317,5.0271164021164,2.5586098267954,0.0597836628516422,0.233027082579823,0.190528875352903,"CD81/WNT5A",2
"GO:0010811","positive regulation of cell-substrate adhesion","2/48","63/7601",0.0317460317460317,5.0271164021164,2.5586098267954,0.0597836628516422,0.233027082579823,0.190528875352903,"FN1/SDC4",2
"GO:0043010","camera-type eye development","3/48","142/7601",0.0211267605633803,3.34551056338028,2.24910087381653,0.060026345041551,0.233027082579823,0.190528875352903,"FAT1/TSKU/WNT5A",3
"GO:0120035","regulation of plasma membrane bounded cell projection organization","5/48","338/7601",0.014792899408284,2.34251725838264,2.01274092835336,0.0606458656675261,0.233027082579823,0.190528875352903,"CRABP2/CUL7/FN1/TSKU/WNT5A",5
"GO:0035592","establishment of protein localization to extracellular region","3/48","143/7601",0.020979020979021,3.32211538461539,2.23464375169558,0.0610487105924455,0.233027082579823,0.190528875352903,"IER3IP1/TANGO2/TMEM132A",3
"GO:0010934","macrophage cytokine production","1/48","10/7601",0.1,15.8354166666667,3.74212185329635,0.061420275660642,0.233027082579823,0.190528875352903,"WNT5A",1
"GO:0010935","regulation of macrophage cytokine production","1/48","10/7601",0.1,15.8354166666667,3.74212185329635,0.061420275660642,0.233027082579823,0.190528875352903,"WNT5A",1
"GO:0018342","protein prenylation","1/48","10/7601",0.1,15.8354166666667,3.74212185329635,0.061420275660642,0.233027082579823,0.190528875352903,"RCE1",1
"GO:0031055","chromatin remodeling at centromere","1/48","10/7601",0.1,15.8354166666667,3.74212185329635,0.061420275660642,0.233027082579823,0.190528875352903,"MIS18A",1
"GO:0032228","regulation of synaptic transmission, GABAergic","1/48","10/7601",0.1,15.8354166666667,3.74212185329635,0.061420275660642,0.233027082579823,0.190528875352903,"USP46",1
"GO:0034080","CENP-A containing chromatin assembly","1/48","10/7601",0.1,15.8354166666667,3.74212185329635,0.061420275660642,0.233027082579823,0.190528875352903,"MIS18A",1
"GO:0042092","type 2 immune response","1/48","10/7601",0.1,15.8354166666667,3.74212185329635,0.061420275660642,0.233027082579823,0.190528875352903,"CD81",1
"GO:0048846","axon extension involved in axon guidance","1/48","10/7601",0.1,15.8354166666667,3.74212185329635,0.061420275660642,0.233027082579823,0.190528875352903,"WNT5A",1
"GO:0050901","leukocyte tethering or rolling","1/48","10/7601",0.1,15.8354166666667,3.74212185329635,0.061420275660642,0.233027082579823,0.190528875352903,"GCNT1",1
"GO:0051480","regulation of cytosolic calcium ion concentration","1/48","10/7601",0.1,15.8354166666667,3.74212185329635,0.061420275660642,0.233027082579823,0.190528875352903,"WNT5A",1
"GO:0071276","cellular response to cadmium ion","1/48","10/7601",0.1,15.8354166666667,3.74212185329635,0.061420275660642,0.233027082579823,0.190528875352903,"MT2A",1
"GO:0097354","prenylation","1/48","10/7601",0.1,15.8354166666667,3.74212185329635,0.061420275660642,0.233027082579823,0.190528875352903,"RCE1",1
"GO:1902284","neuron projection extension involved in neuron projection guidance","1/48","10/7601",0.1,15.8354166666667,3.74212185329635,0.061420275660642,0.233027082579823,0.190528875352903,"WNT5A",1
"GO:1903909","regulation of receptor clustering","1/48","10/7601",0.1,15.8354166666667,3.74212185329635,0.061420275660642,0.233027082579823,0.190528875352903,"CD81",1
"GO:1904754","positive regulation of vascular associated smooth muscle cell migration","1/48","10/7601",0.1,15.8354166666667,3.74212185329635,0.061420275660642,0.233027082579823,0.190528875352903,"FAT1",1
"GO:1904994","regulation of leukocyte adhesion to vascular endothelial cell","1/48","10/7601",0.1,15.8354166666667,3.74212185329635,0.061420275660642,0.233027082579823,0.190528875352903,"GCNT1",1
"GO:0007044","cell-substrate junction assembly","2/48","64/7601",0.03125,4.94856770833333,2.52870397555865,0.0614696025144118,0.233027082579823,0.190528875352903,"FN1/SDC4",2
"GO:0010977","negative regulation of neuron projection development","2/48","64/7601",0.03125,4.94856770833333,2.52870397555865,0.0614696025144118,0.233027082579823,0.190528875352903,"TSKU/WNT5A",2
"GO:1902414","protein localization to cell junction","2/48","64/7601",0.03125,4.94856770833333,2.52870397555865,0.0614696025144118,0.233027082579823,0.190528875352903,"ERBB2/WNT5A",2
"GO:0030182","neuron differentiation","8/48","682/7601",0.0117302052785924,1.85752688172043,1.87105234537461,0.0616559560871869,0.233146266108583,0.190626322840311,"CRABP2/CUL7/ERBB2/FN1/SDC4/TSKU/UNC5B/WNT5A",8
"GO:0071692","protein localization to extracellular region","3/48","144/7601",0.0208333333333333,3.29904513888889,2.22031373324161,0.0620793215442871,0.234158844421434,0.191454232648125,"IER3IP1/TANGO2/TMEM132A",3
"GO:1905477","positive regulation of protein localization to membrane","2/48","65/7601",0.0307692307692308,4.8724358974359,2.49941368445182,0.0631718501285812,0.23739939002673,0.194103785236054,"CD81/ERBB2",2
"GO:2000145","regulation of cell motility","6/48","452/7601",0.0132743362831858,2.10204646017699,1.9258131385367,0.0633527191665703,0.23739939002673,0.194103785236054,"CD81/FAT1/FN1/GCNT1/SDC4/WNT5A",6
"GO:0030326","embryonic limb morphogenesis","2/48","66/7601",0.0303030303030303,4.79861111111111,2.47071610522186,0.0648901424316895,0.23739939002673,0.194103785236054,"CRABP2/WNT5A",2
"GO:0035113","embryonic appendage morphogenesis","2/48","66/7601",0.0303030303030303,4.79861111111111,2.47071610522186,0.0648901424316895,0.23739939002673,0.194103785236054,"CRABP2/WNT5A",2
"GO:0010038","response to metal ion","3/48","147/7601",0.0204081632653061,3.23171768707483,2.17806532470389,0.0652202576023302,0.23739939002673,0.194103785236054,"MT2A/UROS/WNT5A",3
"GO:0048638","regulation of developmental growth","3/48","147/7601",0.0204081632653061,3.23171768707483,2.17806532470389,0.0652202576023302,0.23739939002673,0.194103785236054,"CRABP2/FN1/WNT5A",3
"GO:0001822","kidney development","3/48","148/7601",0.0202702702702703,3.20988175675676,2.16422299061034,0.0662834785142405,0.23739939002673,0.194103785236054,"GCNT1/SDC4/WNT5A",3
"GO:0031344","regulation of cell projection organization","5/48","348/7601",0.014367816091954,2.2752035440613,1.94123434665615,0.0670438968419283,0.23739939002673,0.194103785236054,"CRABP2/CUL7/FN1/TSKU/WNT5A",5
"GO:0060485","mesenchyme development","3/48","149/7601",0.0201342281879195,3.1883389261745,2.1504976347565,0.0673547566023911,0.23739939002673,0.194103785236054,"CUL7/FN1/WNT5A",3
"GO:0000491","small nucleolar ribonucleoprotein complex assembly","1/48","11/7601",0.0909090909090909,14.3958333333333,3.54415626983698,0.0673551757750258,0.23739939002673,0.194103785236054,"ZNHIT3",1
"GO:0002053","positive regulation of mesenchymal cell proliferation","1/48","11/7601",0.0909090909090909,14.3958333333333,3.54415626983698,0.0673551757750258,0.23739939002673,0.194103785236054,"WNT5A",1
"GO:0002455","humoral immune response mediated by circulating immunoglobulin","1/48","11/7601",0.0909090909090909,14.3958333333333,3.54415626983698,0.0673551757750258,0.23739939002673,0.194103785236054,"CD81",1
"GO:0003128","heart field specification","1/48","11/7601",0.0909090909090909,14.3958333333333,3.54415626983698,0.0673551757750258,0.23739939002673,0.194103785236054,"WNT5A",1
"GO:0003283","atrial septum development","1/48","11/7601",0.0909090909090909,14.3958333333333,3.54415626983698,0.0673551757750258,0.23739939002673,0.194103785236054,"WNT5A",1
"GO:0003416","endochondral bone growth","1/48","11/7601",0.0909090909090909,14.3958333333333,3.54415626983698,0.0673551757750258,0.23739939002673,0.194103785236054,"TSKU",1
"GO:0007350","blastoderm segmentation","1/48","11/7601",0.0909090909090909,14.3958333333333,3.54415626983698,0.0673551757750258,0.23739939002673,0.194103785236054,"WNT5A",1
"GO:0019933","cAMP-mediated signaling","1/48","11/7601",0.0909090909090909,14.3958333333333,3.54415626983698,0.0673551757750258,0.23739939002673,0.194103785236054,"ADGRG6",1
"GO:0033081","regulation of T cell differentiation in thymus","1/48","11/7601",0.0909090909090909,14.3958333333333,3.54415626983698,0.0673551757750258,0.23739939002673,0.194103785236054,"ERBB2",1
"GO:0035025","positive regulation of Rho protein signal transduction","1/48","11/7601",0.0909090909090909,14.3958333333333,3.54415626983698,0.0673551757750258,0.23739939002673,0.194103785236054,"ERBB2",1
"GO:0038128","ERBB2 signaling pathway","1/48","11/7601",0.0909090909090909,14.3958333333333,3.54415626983698,0.0673551757750258,0.23739939002673,0.194103785236054,"ERBB2",1
"GO:0048670","regulation of collateral sprouting","1/48","11/7601",0.0909090909090909,14.3958333333333,3.54415626983698,0.0673551757750258,0.23739939002673,0.194103785236054,"CRABP2",1
"GO:0051450","myoblast proliferation","1/48","11/7601",0.0909090909090909,14.3958333333333,3.54415626983698,0.0673551757750258,0.23739939002673,0.194103785236054,"MEIS2",1
"GO:0060333","type II interferon-mediated signaling pathway","1/48","11/7601",0.0909090909090909,14.3958333333333,3.54415626983698,0.0673551757750258,0.23739939002673,0.194103785236054,"IFNGR1",1
"GO:0060340","positive regulation of type I interferon-mediated signaling pathway","1/48","11/7601",0.0909090909090909,14.3958333333333,3.54415626983698,0.0673551757750258,0.23739939002673,0.194103785236054,"WNT5A",1
"GO:0071280","cellular response to copper ion","1/48","11/7601",0.0909090909090909,14.3958333333333,3.54415626983698,0.0673551757750258,0.23739939002673,0.194103785236054,"MT2A",1
"GO:0098868","bone growth","1/48","11/7601",0.0909090909090909,14.3958333333333,3.54415626983698,0.0673551757750258,0.23739939002673,0.194103785236054,"TSKU",1
"GO:1903543","positive regulation of exosomal secretion","1/48","11/7601",0.0909090909090909,14.3958333333333,3.54415626983698,0.0673551757750258,0.23739939002673,0.194103785236054,"SDC4",1
"GO:2000108","positive regulation of leukocyte apoptotic process","1/48","11/7601",0.0909090909090909,14.3958333333333,3.54415626983698,0.0673551757750258,0.23739939002673,0.194103785236054,"WNT5A",1
"GO:0001704","formation of primary germ layer","2/48","69/7601",0.0289855072463768,4.58997584541063,2.38796847262346,0.0701386929763327,0.244448456576176,0.19986728150904,"FN1/WNT5A",2
"GO:0043408","regulation of MAPK cascade","4/48","248/7601",0.0161290322580645,2.55409946236559,1.98353578551926,0.0704009100405032,0.244448456576176,0.19986728150904,"CD81/ERBB2/FN1/WNT5A",4
"GO:0072001","renal system development","3/48","152/7601",0.0197368421052632,3.12541118421053,2.11000478842137,0.0706165412236152,0.244448456576176,0.19986728150904,"GCNT1/SDC4/WNT5A",3
"GO:0006612","protein targeting to membrane","2/48","70/7601",0.0285714285714286,4.52440476190476,2.36143582755546,0.0719185821021271,0.244448456576176,0.19986728150904,"ERBB2/ZDHHC13",2
"GO:0150115","cell-substrate junction organization","2/48","70/7601",0.0285714285714286,4.52440476190476,2.36143582755546,0.0719185821021271,0.244448456576176,0.19986728150904,"FN1/SDC4",2
"GO:0040012","regulation of locomotion","6/48","469/7601",0.0127931769722814,2.02585287846482,1.8282412685818,0.0730680986015126,0.244448456576176,0.19986728150904,"CD81/FAT1/FN1/GCNT1/SDC4/WNT5A",6
"GO:0002691","regulation of cellular extravasation","1/48","12/7601",0.0833333333333333,13.1961805555556,3.37046533061258,0.0732533248610334,0.244448456576176,0.19986728150904,"GCNT1",1
"GO:0003323","type B pancreatic cell development","1/48","12/7601",0.0833333333333333,13.1961805555556,3.37046533061258,0.0732533248610334,0.244448456576176,0.19986728150904,"WNT5A",1
"GO:0006878","intracellular copper ion homeostasis","1/48","12/7601",0.0833333333333333,13.1961805555556,3.37046533061258,0.0732533248610334,0.244448456576176,0.19986728150904,"MT2A",1
"GO:0032731","positive regulation of interleukin-1 beta production","1/48","12/7601",0.0833333333333333,13.1961805555556,3.37046533061258,0.0732533248610334,0.244448456576176,0.19986728150904,"WNT5A",1
"GO:0044346","fibroblast apoptotic process","1/48","12/7601",0.0833333333333333,13.1961805555556,3.37046533061258,0.0732533248610334,0.244448456576176,0.19986728150904,"IER3IP1",1
"GO:0048339","paraxial mesoderm development","1/48","12/7601",0.0833333333333333,13.1961805555556,3.37046533061258,0.0732533248610334,0.244448456576176,0.19986728150904,"WNT5A",1
"GO:0048596","embryonic camera-type eye morphogenesis","1/48","12/7601",0.0833333333333333,13.1961805555556,3.37046533061258,0.0732533248610334,0.244448456576176,0.19986728150904,"WNT5A",1
"GO:0050862","positive regulation of T cell receptor signaling pathway","1/48","12/7601",0.0833333333333333,13.1961805555556,3.37046533061258,0.0732533248610334,0.244448456576176,0.19986728150904,"CD81",1
"GO:0060065","uterus development","1/48","12/7601",0.0833333333333333,13.1961805555556,3.37046533061258,0.0732533248610334,0.244448456576176,0.19986728150904,"WNT5A",1
"GO:0060512","prostate gland morphogenesis","1/48","12/7601",0.0833333333333333,13.1961805555556,3.37046533061258,0.0732533248610334,0.244448456576176,0.19986728150904,"WNT5A",1
"GO:0060602","branch elongation of an epithelium","1/48","12/7601",0.0833333333333333,13.1961805555556,3.37046533061258,0.0732533248610334,0.244448456576176,0.19986728150904,"WNT5A",1
"GO:0060740","prostate gland epithelium morphogenesis","1/48","12/7601",0.0833333333333333,13.1961805555556,3.37046533061258,0.0732533248610334,0.244448456576176,0.19986728150904,"WNT5A",1
"GO:0071243","cellular response to arsenic-containing substance","1/48","12/7601",0.0833333333333333,13.1961805555556,3.37046533061258,0.0732533248610334,0.244448456576176,0.19986728150904,"UROS",1
"GO:0071404","cellular response to low-density lipoprotein particle stimulus","1/48","12/7601",0.0833333333333333,13.1961805555556,3.37046533061258,0.0732533248610334,0.244448456576176,0.19986728150904,"CD81",1
"GO:1902004","positive regulation of amyloid-beta formation","1/48","12/7601",0.0833333333333333,13.1961805555556,3.37046533061258,0.0732533248610334,0.244448456576176,0.19986728150904,"IFNGR1",1
"GO:1903541","regulation of exosomal secretion","1/48","12/7601",0.0833333333333333,13.1961805555556,3.37046533061258,0.0732533248610334,0.244448456576176,0.19986728150904,"SDC4",1
"GO:2000047","regulation of cell-cell adhesion mediated by cadherin","1/48","12/7601",0.0833333333333333,13.1961805555556,3.37046533061258,0.0732533248610334,0.244448456576176,0.19986728150904,"WNT5A",1
"GO:2000050","regulation of non-canonical Wnt signaling pathway","1/48","12/7601",0.0833333333333333,13.1961805555556,3.37046533061258,0.0732533248610334,0.244448456576176,0.19986728150904,"WNT5A",1
"GO:0051050","positive regulation of transport","5/48","359/7601",0.0139275766016713,2.20548978644383,1.86530206784645,0.0745084206104968,0.248086665970791,0.202841974135237,"CD81/IER3IP1/SDC4/TMEM132A/WNT5A",5
"GO:0016049","cell growth","4/48","254/7601",0.015748031496063,2.49376640419948,1.9302439437633,0.0754431914302575,0.250644598460348,0.204933404861092,"CRABP2/ERBB2/FN1/WNT5A",4
"GO:0043410","positive regulation of MAPK cascade","3/48","157/7601",0.0191082802547771,3.02587579617834,2.04468839587254,0.0762102631444709,0.251946959753955,0.205998248611557,"CD81/ERBB2/WNT5A",3
"GO:0050863","regulation of T cell activation","3/48","157/7601",0.0191082802547771,3.02587579617834,2.04468839587254,0.0762102631444709,0.251946959753955,0.205998248611557,"CD81/ERBB2/SDC4",3
"GO:0071674","mononuclear cell migration","2/48","73/7601",0.0273972602739726,4.3384703196347,2.28474016680567,0.0773458561332034,0.251946959753955,0.205998248611557,"CD81/WNT5A",2
"GO:0001736","establishment of planar polarity","1/48","13/7601",0.0769230769230769,12.1810897435897,3.21632421773467,0.07911494568152,0.251946959753955,0.205998248611557,"WNT5A",1
"GO:0002063","chondrocyte development","1/48","13/7601",0.0769230769230769,12.1810897435897,3.21632421773467,0.07911494568152,0.251946959753955,0.205998248611557,"TSKU",1
"GO:0003156","regulation of animal organ formation","1/48","13/7601",0.0769230769230769,12.1810897435897,3.21632421773467,0.07911494568152,0.251946959753955,0.205998248611557,"WNT5A",1
"GO:0007164","establishment of tissue polarity","1/48","13/7601",0.0769230769230769,12.1810897435897,3.21632421773467,0.07911494568152,0.251946959753955,0.205998248611557,"WNT5A",1
"GO:0022038","corpus callosum development","1/48","13/7601",0.0769230769230769,12.1810897435897,3.21632421773467,0.07911494568152,0.251946959753955,0.205998248611557,"TSKU",1
"GO:0030517","negative regulation of axon extension","1/48","13/7601",0.0769230769230769,12.1810897435897,3.21632421773467,0.07911494568152,0.251946959753955,0.205998248611557,"WNT5A",1
"GO:0040020","regulation of meiotic nuclear division","1/48","13/7601",0.0769230769230769,12.1810897435897,3.21632421773467,0.07911494568152,0.251946959753955,0.205998248611557,"WNT5A",1
"GO:0046189","phenol-containing compound biosynthetic process","1/48","13/7601",0.0769230769230769,12.1810897435897,3.21632421773467,0.07911494568152,0.251946959753955,0.205998248611557,"WNT5A",1
"GO:0055094","response to lipoprotein particle","1/48","13/7601",0.0769230769230769,12.1810897435897,3.21632421773467,0.07911494568152,0.251946959753955,0.205998248611557,"CD81",1
"GO:0060343","trabecula formation","1/48","13/7601",0.0769230769230769,12.1810897435897,3.21632421773467,0.07911494568152,0.251946959753955,0.205998248611557,"ADGRG6",1
"GO:0060351","cartilage development involved in endochondral bone morphogenesis","1/48","13/7601",0.0769230769230769,12.1810897435897,3.21632421773467,0.07911494568152,0.251946959753955,0.205998248611557,"TSKU",1
"GO:0060444","branching involved in mammary gland duct morphogenesis","1/48","13/7601",0.0769230769230769,12.1810897435897,3.21632421773467,0.07911494568152,0.251946959753955,0.205998248611557,"WNT5A",1
"GO:0061900","glial cell activation","1/48","13/7601",0.0769230769230769,12.1810897435897,3.21632421773467,0.07911494568152,0.251946959753955,0.205998248611557,"IFNGR1",1
"GO:0070242","thymocyte apoptotic process","1/48","13/7601",0.0769230769230769,12.1810897435897,3.21632421773467,0.07911494568152,0.251946959753955,0.205998248611557,"WNT5A",1
"GO:0090314","positive regulation of protein targeting to membrane","1/48","13/7601",0.0769230769230769,12.1810897435897,3.21632421773467,0.07911494568152,0.251946959753955,0.205998248611557,"ERBB2",1
"GO:2000767","positive regulation of cytoplasmic translation","1/48","13/7601",0.0769230769230769,12.1810897435897,3.21632421773467,0.07911494568152,0.251946959753955,0.205998248611557,"CNBP",1
"GO:0071248","cellular response to metal ion","2/48","74/7601",0.027027027027027,4.27984234234234,2.26008900533666,0.0791833302083858,0.251946959753955,0.205998248611557,"MT2A/WNT5A",2
"GO:0035265","organ growth","2/48","75/7601",0.0266666666666667,4.22277777777778,2.23587004503021,0.0810345919186063,0.256751707026321,0.209926732305486,"IER3IP1/TSKU",2
"GO:0048639","positive regulation of developmental growth","2/48","75/7601",0.0266666666666667,4.22277777777778,2.23587004503021,0.0810345919186063,0.256751707026321,0.209926732305486,"CRABP2/FN1",2
"GO:0006954","inflammatory response","4/48","262/7601",0.0152671755725191,2.41762086513995,1.86148684316791,0.0824471933294686,0.257732037935051,0.210728275814705,"CD81/FN1/IFNGR1/WNT5A",4
"GO:0016331","morphogenesis of embryonic epithelium","2/48","76/7601",0.0263157894736842,4.1672149122807,2.21206940979116,0.0828994025919363,0.257732037935051,0.210728275814705,"SDC4/WNT5A",2
"GO:0022408","negative regulation of cell-cell adhesion","2/48","76/7601",0.0263157894736842,4.1672149122807,2.21206940979116,0.0828994025919363,0.257732037935051,0.210728275814705,"ERBB2/SDC4",2
"GO:0001819","positive regulation of cytokine production","3/48","163/7601",0.0184049079754601,2.91449386503067,1.96964231849498,0.0831760222656979,0.257732037935051,0.210728275814705,"CD81/IFNGR1/WNT5A",3
"GO:0035295","tube development","6/48","486/7601",0.0123456790123457,1.95498971193416,1.73459083691512,0.0836115509075912,0.257732037935051,0.210728275814705,"CUL7/ERBB2/FN1/SDC4/UNC5B/WNT5A",6
"GO:0003309","type B pancreatic cell differentiation","1/48","14/7601",0.0714285714285714,11.3110119047619,3.07820781590922,0.0849402596782628,0.257732037935051,0.210728275814705,"WNT5A",1
"GO:0006882","intracellular zinc ion homeostasis","1/48","14/7601",0.0714285714285714,11.3110119047619,3.07820781590922,0.0849402596782628,0.257732037935051,0.210728275814705,"MT2A",1
"GO:0008045","motor neuron axon guidance","1/48","14/7601",0.0714285714285714,11.3110119047619,3.07820781590922,0.0849402596782628,0.257732037935051,0.210728275814705,"ERBB2",1
"GO:0014850","response to muscle activity","1/48","14/7601",0.0714285714285714,11.3110119047619,3.07820781590922,0.0849402596782628,0.257732037935051,0.210728275814705,"FN1",1
"GO:0015936","coenzyme A metabolic process","1/48","14/7601",0.0714285714285714,11.3110119047619,3.07820781590922,0.0849402596782628,0.257732037935051,0.210728275814705,"NUDT8",1
"GO:0021952","central nervous system projection neuron axonogenesis","1/48","14/7601",0.0714285714285714,11.3110119047619,3.07820781590922,0.0849402596782628,0.257732037935051,0.210728275814705,"TSKU",1
"GO:0030890","positive regulation of B cell proliferation","1/48","14/7601",0.0714285714285714,11.3110119047619,3.07820781590922,0.0849402596782628,0.257732037935051,0.210728275814705,"CD81",1
"GO:0035115","embryonic forelimb morphogenesis","1/48","14/7601",0.0714285714285714,11.3110119047619,3.07820781590922,0.0849402596782628,0.257732037935051,0.210728275814705,"CRABP2",1
"GO:0040036","regulation of fibroblast growth factor receptor signaling pathway","1/48","14/7601",0.0714285714285714,11.3110119047619,3.07820781590922,0.0849402596782628,0.257732037935051,0.210728275814705,"WNT5A",1
"GO:0043507","positive regulation of JUN kinase activity","1/48","14/7601",0.0714285714285714,11.3110119047619,3.07820781590922,0.0849402596782628,0.257732037935051,0.210728275814705,"WNT5A",1
"GO:0050857","positive regulation of antigen receptor-mediated signaling pathway","1/48","14/7601",0.0714285714285714,11.3110119047619,3.07820781590922,0.0849402596782628,0.257732037935051,0.210728275814705,"CD81",1
"GO:0050922","negative regulation of chemotaxis","1/48","14/7601",0.0714285714285714,11.3110119047619,3.07820781590922,0.0849402596782628,0.257732037935051,0.210728275814705,"WNT5A",1
"GO:0071542","dopaminergic neuron differentiation","1/48","14/7601",0.0714285714285714,11.3110119047619,3.07820781590922,0.0849402596782628,0.257732037935051,0.210728275814705,"WNT5A",1
"GO:1901099","negative regulation of signal transduction in absence of ligand","1/48","14/7601",0.0714285714285714,11.3110119047619,3.07820781590922,0.0849402596782628,0.257732037935051,0.210728275814705,"UNC5B",1
"GO:2000516","positive regulation of CD4-positive, alpha-beta T cell activation","1/48","14/7601",0.0714285714285714,11.3110119047619,3.07820781590922,0.0849402596782628,0.257732037935051,0.210728275814705,"CD81",1
"GO:2001240","negative regulation of extrinsic apoptotic signaling pathway in absence of ligand","1/48","14/7601",0.0714285714285714,11.3110119047619,3.07820781590922,0.0849402596782628,0.257732037935051,0.210728275814705,"UNC5B",1
"GO:0045596","negative regulation of cell differentiation","4/48","269/7601",0.0148698884758364,2.35470879801735,1.80334381900482,0.0888345457542121,0.26208805739796,0.214289868227463,"ERBB2/MEIS2/TSKU/WNT5A",4
"GO:0051093","negative regulation of developmental process","5/48","379/7601",0.0131926121372032,2.08910510114336,1.73391709181692,0.0892134465604599,0.26208805739796,0.214289868227463,"ERBB2/MEIS2/SFMBT1/TSKU/WNT5A",5
"GO:0070201","regulation of establishment of protein localization","4/48","270/7601",0.0148148148148148,2.34598765432099,1.79518421672839,0.0897664572425485,0.26208805739796,0.214289868227463,"CD81/ERBB2/IER3IP1/TMEM132A",4
"GO:0007417","central nervous system development","6/48","496/7601",0.0120967741935484,1.91557459677419,1.68120318453022,0.0901985733790702,0.26208805739796,0.214289868227463,"ERBB2/IER3IP1/IFNGR1/MEIS2/TSKU/WNT5A",6
"GO:0007272","ensheathment of neurons","2/48","80/7601",0.025,3.95885416666667,2.12079373707645,0.0904894433475554,0.26208805739796,0.214289868227463,"ADGRG6/ERBB2",2
"GO:0008366","axon ensheathment","2/48","80/7601",0.025,3.95885416666667,2.12079373707645,0.0904894433475554,0.26208805739796,0.214289868227463,"ADGRG6/ERBB2",2
"GO:0042552","myelination","2/48","80/7601",0.025,3.95885416666667,2.12079373707645,0.0904894433475554,0.26208805739796,0.214289868227463,"ADGRG6/ERBB2",2
"GO:0000578","embryonic axis specification","1/48","15/7601",0.0666666666666667,10.5569444444444,2.95342498290433,0.0907294869796261,0.26208805739796,0.214289868227463,"WNT5A",1
"GO:0001702","gastrulation with mouth forming second","1/48","15/7601",0.0666666666666667,10.5569444444444,2.95342498290433,0.0907294869796261,0.26208805739796,0.214289868227463,"WNT5A",1
"GO:0021772","olfactory bulb development","1/48","15/7601",0.0666666666666667,10.5569444444444,2.95342498290433,0.0907294869796261,0.26208805739796,0.214289868227463,"WNT5A",1
"GO:0021988","olfactory lobe development","1/48","15/7601",0.0666666666666667,10.5569444444444,2.95342498290433,0.0907294869796261,0.26208805739796,0.214289868227463,"WNT5A",1
"GO:0032729","positive regulation of type II interferon production","1/48","15/7601",0.0666666666666667,10.5569444444444,2.95342498290433,0.0907294869796261,0.26208805739796,0.214289868227463,"WNT5A",1
"GO:0035136","forelimb morphogenesis","1/48","15/7601",0.0666666666666667,10.5569444444444,2.95342498290433,0.0907294869796261,0.26208805739796,0.214289868227463,"CRABP2",1
"GO:0046633","alpha-beta T cell proliferation","1/48","15/7601",0.0666666666666667,10.5569444444444,2.95342498290433,0.0907294869796261,0.26208805739796,0.214289868227463,"CD81",1
"GO:0046640","regulation of alpha-beta T cell proliferation","1/48","15/7601",0.0666666666666667,10.5569444444444,2.95342498290433,0.0907294869796261,0.26208805739796,0.214289868227463,"CD81",1
"GO:0046688","response to copper ion","1/48","15/7601",0.0666666666666667,10.5569444444444,2.95342498290433,0.0907294869796261,0.26208805739796,0.214289868227463,"MT2A",1
"GO:0055070","copper ion homeostasis","1/48","15/7601",0.0666666666666667,10.5569444444444,2.95342498290433,0.0907294869796261,0.26208805739796,0.214289868227463,"MT2A",1
"GO:0061036","positive regulation of cartilage development","1/48","15/7601",0.0666666666666667,10.5569444444444,2.95342498290433,0.0907294869796261,0.26208805739796,0.214289868227463,"WNT5A",1
"GO:0061081","positive regulation of myeloid leukocyte cytokine production involved in immune response","1/48","15/7601",0.0666666666666667,10.5569444444444,2.95342498290433,0.0907294869796261,0.26208805739796,0.214289868227463,"WNT5A",1
"GO:0070232","regulation of T cell apoptotic process","1/48","15/7601",0.0666666666666667,10.5569444444444,2.95342498290433,0.0907294869796261,0.26208805739796,0.214289868227463,"WNT5A",1
"GO:0071402","cellular response to lipoprotein particle stimulus","1/48","15/7601",0.0666666666666667,10.5569444444444,2.95342498290433,0.0907294869796261,0.26208805739796,0.214289868227463,"CD81",1
"GO:0097734","extracellular exosome biogenesis","1/48","15/7601",0.0666666666666667,10.5569444444444,2.95342498290433,0.0907294869796261,0.26208805739796,0.214289868227463,"SDC4",1
"GO:1904861","excitatory synapse assembly","1/48","15/7601",0.0666666666666667,10.5569444444444,2.95342498290433,0.0907294869796261,0.26208805739796,0.214289868227463,"WNT5A",1
"GO:1905521","regulation of macrophage migration","1/48","15/7601",0.0666666666666667,10.5569444444444,2.95342498290433,0.0907294869796261,0.26208805739796,0.214289868227463,"CD81",1
"GO:1990182","exosomal secretion","1/48","15/7601",0.0666666666666667,10.5569444444444,2.95342498290433,0.0907294869796261,0.26208805739796,0.214289868227463,"SDC4",1
"GO:0042063","gliogenesis","3/48","170/7601",0.0176470588235294,2.79448529411765,1.88628975573698,0.0916400530477484,0.262579898452631,0.214692009995542,"ADGRG6/ERBB2/IFNGR1",3
"GO:0072359","circulatory system development","6/48","499/7601",0.0120240480961924,1.90405811623246,1.66542070929537,0.0922299311308117,0.262579898452631,0.214692009995542,"ADGRG6/CUL7/ERBB2/FN1/UNC5B/WNT5A",6
"GO:0035107","appendage morphogenesis","2/48","81/7601",0.0246913580246914,3.90997942386831,2.09889725600918,0.0924185003611966,0.262579898452631,0.214692009995542,"CRABP2/WNT5A",2
"GO:0035108","limb morphogenesis","2/48","81/7601",0.0246913580246914,3.90997942386831,2.09889725600918,0.0924185003611966,0.262579898452631,0.214692009995542,"CRABP2/WNT5A",2
"GO:0022603","regulation of anatomical structure morphogenesis","5/48","385/7601",0.012987012987013,2.05654761904762,1.69605077874506,0.0939058757605363,0.262579898452631,0.214692009995542,"CRABP2/CUL7/ERBB2/FN1/WNT5A",5
"GO:0050679","positive regulation of epithelial cell proliferation","2/48","82/7601",0.024390243902439,3.86229674796748,2.07734779527921,0.0943597230036773,0.262579898452631,0.214692009995542,"ERBB2/WNT5A",2
"GO:0051216","cartilage development","2/48","82/7601",0.024390243902439,3.86229674796748,2.07734779527921,0.0943597230036773,0.262579898452631,0.214692009995542,"TSKU/WNT5A",2
"GO:0030177","positive regulation of Wnt signaling pathway","2/48","83/7601",0.0240963855421687,3.81576305220884,2.05613518036122,0.096312888660056,0.262579898452631,0.214692009995542,"TMEM132A/WNT5A",2
"GO:0048729","tissue morphogenesis","4/48","277/7601",0.0144404332129964,2.2867027677497,1.73904822054799,0.0964238028120498,0.262579898452631,0.214692009995542,"FAT1/GCNT1/SDC4/WNT5A",4
"GO:0003401","axis elongation","1/48","16/7601",0.0625,9.89713541666667,2.83988054110179,0.0964828464081762,0.262579898452631,0.214692009995542,"WNT5A",1
"GO:0010464","regulation of mesenchymal cell proliferation","1/48","16/7601",0.0625,9.89713541666667,2.83988054110179,0.0964828464081762,0.262579898452631,0.214692009995542,"WNT5A",1
"GO:0014075","response to amine","1/48","16/7601",0.0625,9.89713541666667,2.83988054110179,0.0964828464081762,0.262579898452631,0.214692009995542,"UROS",1
"GO:0019432","triglyceride biosynthetic process","1/48","16/7601",0.0625,9.89713541666667,2.83988054110179,0.0964828464081762,0.262579898452631,0.214692009995542,"CNEP1R1",1
"GO:0031295","T cell costimulation","1/48","16/7601",0.0625,9.89713541666667,2.83988054110179,0.0964828464081762,0.262579898452631,0.214692009995542,"CD81",1
"GO:0032722","positive regulation of chemokine production","1/48","16/7601",0.0625,9.89713541666667,2.83988054110179,0.0964828464081762,0.262579898452631,0.214692009995542,"WNT5A",1
"GO:0032732","positive regulation of interleukin-1 production","1/48","16/7601",0.0625,9.89713541666667,2.83988054110179,0.0964828464081762,0.262579898452631,0.214692009995542,"WNT5A",1
"GO:0032757","positive regulation of interleukin-8 production","1/48","16/7601",0.0625,9.89713541666667,2.83988054110179,0.0964828464081762,0.262579898452631,0.214692009995542,"WNT5A",1
"GO:0035883","enteroendocrine cell differentiation","1/48","16/7601",0.0625,9.89713541666667,2.83988054110179,0.0964828464081762,0.262579898452631,0.214692009995542,"WNT5A",1
"GO:0044331","cell-cell adhesion mediated by cadherin","1/48","16/7601",0.0625,9.89713541666667,2.83988054110179,0.0964828464081762,0.262579898452631,0.214692009995542,"WNT5A",1
"GO:0048048","embryonic eye morphogenesis","1/48","16/7601",0.0625,9.89713541666667,2.83988054110179,0.0964828464081762,0.262579898452631,0.214692009995542,"WNT5A",1
"GO:0048483","autonomic nervous system development","1/48","16/7601",0.0625,9.89713541666667,2.83988054110179,0.0964828464081762,0.262579898452631,0.214692009995542,"FN1",1
"GO:0048741","skeletal muscle fiber development","1/48","16/7601",0.0625,9.89713541666667,2.83988054110179,0.0964828464081762,0.262579898452631,0.214692009995542,"MYORG",1
"GO:0051894","positive regulation of focal adhesion assembly","1/48","16/7601",0.0625,9.89713541666667,2.83988054110179,0.0964828464081762,0.262579898452631,0.214692009995542,"SDC4",1
"GO:0051932","synaptic transmission, GABAergic","1/48","16/7601",0.0625,9.89713541666667,2.83988054110179,0.0964828464081762,0.262579898452631,0.214692009995542,"USP46",1
"GO:0070861","regulation of protein exit from endoplasmic reticulum","1/48","16/7601",0.0625,9.89713541666667,2.83988054110179,0.0964828464081762,0.262579898452631,0.214692009995542,"CD81",1
"GO:0090313","regulation of protein targeting to membrane","1/48","16/7601",0.0625,9.89713541666667,2.83988054110179,0.0964828464081762,0.262579898452631,0.214692009995542,"ERBB2",1
"GO:0099054","presynapse assembly","1/48","16/7601",0.0625,9.89713541666667,2.83988054110179,0.0964828464081762,0.262579898452631,0.214692009995542,"WNT5A",1
"GO:0099633","protein localization to postsynaptic specialization membrane","1/48","16/7601",0.0625,9.89713541666667,2.83988054110179,0.0964828464081762,0.262579898452631,0.214692009995542,"ERBB2",1
"GO:0099645","neurotransmitter receptor localization to postsynaptic specialization membrane","1/48","16/7601",0.0625,9.89713541666667,2.83988054110179,0.0964828464081762,0.262579898452631,0.214692009995542,"ERBB2",1
"GO:0140058","neuron projection arborization","1/48","16/7601",0.0625,9.89713541666667,2.83988054110179,0.0964828464081762,0.262579898452631,0.214692009995542,"WNT5A",1
"GO:0140112","extracellular vesicle biogenesis","1/48","16/7601",0.0625,9.89713541666667,2.83988054110179,0.0964828464081762,0.262579898452631,0.214692009995542,"SDC4",1
"GO:1902993","positive regulation of amyloid precursor protein catabolic process","1/48","16/7601",0.0625,9.89713541666667,2.83988054110179,0.0964828464081762,0.262579898452631,0.214692009995542,"IFNGR1",1
"GO:0002440","production of molecular mediator of immune response","2/48","85/7601",0.0235294117647059,3.72598039215686,2.01468186540928,0.100254169634001,0.269010463939728,0.219949804053535,"CD81/WNT5A",2
"GO:0021953","central nervous system neuron differentiation","2/48","85/7601",0.0235294117647059,3.72598039215686,2.01468186540928,0.100254169634001,0.269010463939728,0.219949804053535,"TSKU/WNT5A",2
"GO:0000463","maturation of LSU-rRNA from tricistronic rRNA transcript (SSU-rRNA, 5.8S rRNA, LSU-rRNA)","1/48","17/7601",0.0588235294117647,9.31495098039216,2.73591540156048,0.102200555488257,0.269010463939728,0.219949804053535,"ZNHIT3",1
"GO:0001662","behavioral fear response","1/48","17/7601",0.0588235294117647,9.31495098039216,2.73591540156048,0.102200555488257,0.269010463939728,0.219949804053535,"USP46",1
"GO:0002068","glandular epithelial cell development","1/48","17/7601",0.0588235294117647,9.31495098039216,2.73591540156048,0.102200555488257,0.269010463939728,0.219949804053535,"WNT5A",1
"GO:0007039","protein catabolic process in the vacuole","1/48","17/7601",0.0588235294117647,9.31495098039216,2.73591540156048,0.102200555488257,0.269010463939728,0.219949804053535,"CD81",1
"GO:0007520","myoblast fusion","1/48","17/7601",0.0588235294117647,9.31495098039216,2.73591540156048,0.102200555488257,0.269010463939728,0.219949804053535,"CD81",1
"GO:0014904","myotube cell development","1/48","17/7601",0.0588235294117647,9.31495098039216,2.73591540156048,0.102200555488257,0.269010463939728,0.219949804053535,"MYORG",1
"GO:0016266","O-glycan processing","1/48","17/7601",0.0588235294117647,9.31495098039216,2.73591540156048,0.102200555488257,0.269010463939728,0.219949804053535,"GCNT1",1
"GO:0031076","embryonic camera-type eye development","1/48","17/7601",0.0588235294117647,9.31495098039216,2.73591540156048,0.102200555488257,0.269010463939728,0.219949804053535,"WNT5A",1
"GO:0031294","lymphocyte costimulation","1/48","17/7601",0.0588235294117647,9.31495098039216,2.73591540156048,0.102200555488257,0.269010463939728,0.219949804053535,"CD81",1
"GO:0043030","regulation of macrophage activation","1/48","17/7601",0.0588235294117647,9.31495098039216,2.73591540156048,0.102200555488257,0.269010463939728,0.219949804053535,"WNT5A",1
"GO:0048806","genitalia development","1/48","17/7601",0.0588235294117647,9.31495098039216,2.73591540156048,0.102200555488257,0.269010463939728,0.219949804053535,"WNT5A",1
"GO:0060603","mammary gland duct morphogenesis","1/48","17/7601",0.0588235294117647,9.31495098039216,2.73591540156048,0.102200555488257,0.269010463939728,0.219949804053535,"WNT5A",1
"GO:0061756","leukocyte adhesion to vascular endothelial cell","1/48","17/7601",0.0588235294117647,9.31495098039216,2.73591540156048,0.102200555488257,0.269010463939728,0.219949804053535,"GCNT1",1
"GO:0090207","regulation of triglyceride metabolic process","1/48","17/7601",0.0588235294117647,9.31495098039216,2.73591540156048,0.102200555488257,0.269010463939728,0.219949804053535,"CNEP1R1",1
"GO:0099170","postsynaptic modulation of chemical synaptic transmission","1/48","17/7601",0.0588235294117647,9.31495098039216,2.73591540156048,0.102200555488257,0.269010463939728,0.219949804053535,"WNT5A",1
"GO:2000178","negative regulation of neural precursor cell proliferation","1/48","17/7601",0.0588235294117647,9.31495098039216,2.73591540156048,0.102200555488257,0.269010463939728,0.219949804053535,"WNT5A",1
"GO:0030178","negative regulation of Wnt signaling pathway","2/48","86/7601",0.0232558139534884,3.68265503875969,1.99442282695995,0.102241850746528,0.269010463939728,0.219949804053535,"TSKU/WNT5A",2
"GO:0002682","regulation of immune system process","7/48","636/7601",0.0110062893081761,1.74289177148847,1.56013154419503,0.102476098767093,0.269156245452837,0.220068998730104,"CD81/ERBB2/FN1/GCNT1/MEIS2/SDC4/WNT5A",7
"GO:0030111","regulation of Wnt signaling pathway","3/48","179/7601",0.0167597765363128,2.65398044692737,1.78510630554911,0.103032008621426,0.27014490065374,0.220877348392531,"TMEM132A/TSKU/WNT5A",3
"GO:0003205","cardiac chamber development","2/48","87/7601",0.0229885057471264,3.64032567049808,1.9744639174032,0.104240606426906,0.272838456821729,0.223079668490716,"ADGRG6/WNT5A",2
"GO:0007507","heart development","4/48","286/7601",0.013986013986014,2.21474358974359,1.66927596310605,0.105321252573958,0.273835560579977,0.22389492590872,"ADGRG6/ERBB2/FN1/WNT5A",4
"GO:1990138","neuron projection extension","2/48","88/7601",0.0227272727272727,3.59895833333333,1.95479685238129,0.106250224977136,0.273835560579977,0.22389492590872,"FN1/WNT5A",2
"GO:0002209","behavioral defense response","1/48","18/7601",0.0555555555555556,8.7974537037037,2.6401962016107,0.10788283045352,0.273835560579977,0.22389492590872,"USP46",1
"GO:0003230","cardiac atrium development","1/48","18/7601",0.0555555555555556,8.7974537037037,2.6401962016107,0.10788283045352,0.273835560579977,0.22389492590872,"WNT5A",1
"GO:0006929","substrate-dependent cell migration","1/48","18/7601",0.0555555555555556,8.7974537037037,2.6401962016107,0.10788283045352,0.273835560579977,0.22389492590872,"FN1",1
"GO:0008542","visual learning","1/48","18/7601",0.0555555555555556,8.7974537037037,2.6401962016107,0.10788283045352,0.273835560579977,0.22389492590872,"MEIS2",1
"GO:0021591","ventricular system development","1/48","18/7601",0.0555555555555556,8.7974537037037,2.6401962016107,0.10788283045352,0.273835560579977,0.22389492590872,"TSKU",1
"GO:0021983","pituitary gland development","1/48","18/7601",0.0555555555555556,8.7974537037037,2.6401962016107,0.10788283045352,0.273835560579977,0.22389492590872,"WNT5A",1
"GO:0022011","myelination in peripheral nervous system","1/48","18/7601",0.0555555555555556,8.7974537037037,2.6401962016107,0.10788283045352,0.273835560579977,0.22389492590872,"ADGRG6",1
"GO:0032292","peripheral nervous system axon ensheathment","1/48","18/7601",0.0555555555555556,8.7974537037037,2.6401962016107,0.10788283045352,0.273835560579977,0.22389492590872,"ADGRG6",1
"GO:0042026","protein refolding","1/48","18/7601",0.0555555555555556,8.7974537037037,2.6401962016107,0.10788283045352,0.273835560579977,0.22389492590872,"HSPA6",1
"GO:0043506","regulation of JUN kinase activity","1/48","18/7601",0.0555555555555556,8.7974537037037,2.6401962016107,0.10788283045352,0.273835560579977,0.22389492590872,"WNT5A",1
"GO:0045581","negative regulation of T cell differentiation","1/48","18/7601",0.0555555555555556,8.7974537037037,2.6401962016107,0.10788283045352,0.273835560579977,0.22389492590872,"ERBB2",1
"GO:0048668","collateral sprouting","1/48","18/7601",0.0555555555555556,8.7974537037037,2.6401962016107,0.10788283045352,0.273835560579977,0.22389492590872,"CRABP2",1
"GO:0061384","heart trabecula morphogenesis","1/48","18/7601",0.0555555555555556,8.7974537037037,2.6401962016107,0.10788283045352,0.273835560579977,0.22389492590872,"ADGRG6",1
"GO:1902473","regulation of protein localization to synapse","1/48","18/7601",0.0555555555555556,8.7974537037037,2.6401962016107,0.10788283045352,0.273835560579977,0.22389492590872,"WNT5A",1
"GO:2000406","positive regulation of T cell migration","1/48","18/7601",0.0555555555555556,8.7974537037037,2.6401962016107,0.10788283045352,0.273835560579977,0.22389492590872,"WNT5A",1
"GO:0040011","locomotion","6/48","521/7601",0.0115163147792706,1.82365642994242,1.55280170205461,0.107896669384669,0.273835560579977,0.22389492590872,"CD81/FAT1/FN1/GCNT1/SDC4/WNT5A",6
"GO:0001837","epithelial to mesenchymal transition","2/48","89/7601",0.0224719101123595,3.55852059925094,1.9354136696281,0.108270496829117,0.2743217133465,0.224292416787591,"CUL7/WNT5A",2
"GO:0051240","positive regulation of multicellular organismal process","7/48","652/7601",0.0107361963190184,1.70012142126789,1.49040287708359,0.113115310748216,0.27782516880147,0.227156931162034,"CD81/CRABP2/CUL7/FN1/IFNGR1/TSKU/WNT5A",7
"GO:0002861","regulation of inflammatory response to antigenic stimulus","1/48","19/7601",0.0526315789473684,8.3344298245614,2.55163729098263,0.113529886254421,0.27782516880147,0.227156931162034,"CD81",1
"GO:0007632","visual behavior","1/48","19/7601",0.0526315789473684,8.3344298245614,2.55163729098263,0.113529886254421,0.27782516880147,0.227156931162034,"MEIS2",1
"GO:0010043","response to zinc ion","1/48","19/7601",0.0526315789473684,8.3344298245614,2.55163729098263,0.113529886254421,0.27782516880147,0.227156931162034,"MT2A",1
"GO:0010463","mesenchymal cell proliferation","1/48","19/7601",0.0526315789473684,8.3344298245614,2.55163729098263,0.113529886254421,0.27782516880147,0.227156931162034,"WNT5A",1
"GO:0019748","secondary metabolic process","1/48","19/7601",0.0526315789473684,8.3344298245614,2.55163729098263,0.113529886254421,0.27782516880147,0.227156931162034,"WNT5A",1
"GO:0034250","positive regulation of amide metabolic process","1/48","19/7601",0.0526315789473684,8.3344298245614,2.55163729098263,0.113529886254421,0.27782516880147,0.227156931162034,"IFNGR1",1
"GO:0042596","fear response","1/48","19/7601",0.0526315789473684,8.3344298245614,2.55163729098263,0.113529886254421,0.27782516880147,0.227156931162034,"USP46",1
"GO:0045620","negative regulation of lymphocyte differentiation","1/48","19/7601",0.0526315789473684,8.3344298245614,2.55163729098263,0.113529886254421,0.27782516880147,0.227156931162034,"ERBB2",1
"GO:0046460","neutral lipid biosynthetic process","1/48","19/7601",0.0526315789473684,8.3344298245614,2.55163729098263,0.113529886254421,0.27782516880147,0.227156931162034,"CNEP1R1",1
"GO:0046463","acylglycerol biosynthetic process","1/48","19/7601",0.0526315789473684,8.3344298245614,2.55163729098263,0.113529886254421,0.27782516880147,0.227156931162034,"CNEP1R1",1
"GO:0050853","B cell receptor signaling pathway","1/48","19/7601",0.0526315789473684,8.3344298245614,2.55163729098263,0.113529886254421,0.27782516880147,0.227156931162034,"CD81",1
"GO:0060914","heart formation","1/48","19/7601",0.0526315789473684,8.3344298245614,2.55163729098263,0.113529886254421,0.27782516880147,0.227156931162034,"WNT5A",1
"GO:0061082","myeloid leukocyte cytokine production","1/48","19/7601",0.0526315789473684,8.3344298245614,2.55163729098263,0.113529886254421,0.27782516880147,0.227156931162034,"WNT5A",1
"GO:0071425","hematopoietic stem cell proliferation","1/48","19/7601",0.0526315789473684,8.3344298245614,2.55163729098263,0.113529886254421,0.27782516880147,0.227156931162034,"WNT5A",1
"GO:0090102","cochlea development","1/48","19/7601",0.0526315789473684,8.3344298245614,2.55163729098263,0.113529886254421,0.27782516880147,0.227156931162034,"WNT5A",1
"GO:1901889","negative regulation of cell junction assembly","1/48","19/7601",0.0526315789473684,8.3344298245614,2.55163729098263,0.113529886254421,0.27782516880147,0.227156931162034,"WNT5A",1
"GO:1903055","positive regulation of extracellular matrix organization","1/48","19/7601",0.0526315789473684,8.3344298245614,2.55163729098263,0.113529886254421,0.27782516880147,0.227156931162034,"IER3IP1",1
"GO:1904752","regulation of vascular associated smooth muscle cell migration","1/48","19/7601",0.0526315789473684,8.3344298245614,2.55163729098263,0.113529886254421,0.27782516880147,0.227156931162034,"FAT1",1
"GO:2000403","positive regulation of lymphocyte migration","1/48","19/7601",0.0526315789473684,8.3344298245614,2.55163729098263,0.113529886254421,0.27782516880147,0.227156931162034,"WNT5A",1
"GO:2000648","positive regulation of stem cell proliferation","1/48","19/7601",0.0526315789473684,8.3344298245614,2.55163729098263,0.113529886254421,0.27782516880147,0.227156931162034,"WNT5A",1
"GO:0002699","positive regulation of immune effector process","2/48","92/7601",0.0217391304347826,3.44248188405797,1.8788922939553,0.114393168095946,0.279030337089788,0.228142307436938,"CD81/WNT5A",2
"GO:0051783","regulation of nuclear division","2/48","92/7601",0.0217391304347826,3.44248188405797,1.8788922939553,0.114393168095946,0.279030337089788,0.228142307436938,"CUL7/WNT5A",2
"GO:0031345","negative regulation of cell projection organization","2/48","93/7601",0.021505376344086,3.40546594982079,1.86057091854116,0.11645399946128,0.283597522959913,0.23187655488032,"TSKU/WNT5A",2
"GO:0050708","regulation of protein secretion","2/48","94/7601",0.0212765957446809,3.36923758865248,1.84249791713374,0.118524467627518,0.284165791650259,0.232341185829098,"IER3IP1/TMEM132A",2
"GO:0048598","embryonic morphogenesis","4/48","299/7601",0.0133779264214047,2.11845039018952,1.57289263073815,0.118820691598308,0.284165791650259,0.232341185829098,"CRABP2/FN1/SDC4/WNT5A",4
"GO:0001523","retinoid metabolic process","1/48","20/7601",0.05,7.91770833333333,2.46934442211277,0.119141936565657,0.284165791650259,0.232341185829098,"CRABP2",1
"GO:0001755","neural crest cell migration","1/48","20/7601",0.05,7.91770833333333,2.46934442211277,0.119141936565657,0.284165791650259,0.232341185829098,"FN1",1
"GO:0010092","specification of animal organ identity","1/48","20/7601",0.05,7.91770833333333,2.46934442211277,0.119141936565657,0.284165791650259,0.232341185829098,"WNT5A",1
"GO:0014002","astrocyte development","1/48","20/7601",0.05,7.91770833333333,2.46934442211277,0.119141936565657,0.284165791650259,0.232341185829098,"IFNGR1",1
"GO:0014911","positive regulation of smooth muscle cell migration","1/48","20/7601",0.05,7.91770833333333,2.46934442211277,0.119141936565657,0.284165791650259,0.232341185829098,"FAT1",1
"GO:0021955","central nervous system neuron axonogenesis","1/48","20/7601",0.05,7.91770833333333,2.46934442211277,0.119141936565657,0.284165791650259,0.232341185829098,"TSKU",1
"GO:0050918","positive chemotaxis","1/48","20/7601",0.05,7.91770833333333,2.46934442211277,0.119141936565657,0.284165791650259,0.232341185829098,"WNT5A",1
"GO:0050919","negative chemotaxis","1/48","20/7601",0.05,7.91770833333333,2.46934442211277,0.119141936565657,0.284165791650259,0.232341185829098,"WNT5A",1
"GO:1904738","vascular associated smooth muscle cell migration","1/48","20/7601",0.05,7.91770833333333,2.46934442211277,0.119141936565657,0.284165791650259,0.232341185829098,"FAT1",1
"GO:1905517","macrophage migration","1/48","20/7601",0.05,7.91770833333333,2.46934442211277,0.119141936565657,0.284165791650259,0.232341185829098,"CD81",1
"GO:2001239","regulation of extrinsic apoptotic signaling pathway in absence of ligand","1/48","20/7601",0.05,7.91770833333333,2.46934442211277,0.119141936565657,0.284165791650259,0.232341185829098,"UNC5B",1
"GO:0045595","regulation of cell differentiation","7/48","664/7601",0.0105421686746988,1.66939633534137,1.43929294087156,0.121477139795418,0.287887096103268,0.235383819090555,"CRABP2/CUL7/ERBB2/FN1/MEIS2/TSKU/WNT5A",7
"GO:0070372","regulation of ERK1 and ERK2 cascade","2/48","96/7601",0.0208333333333333,3.29904513888889,1.80707192591001,0.122693527763769,0.287887096103268,0.235383819090555,"ERBB2/FN1",2
"GO:0010628","positive regulation of gene expression","6/48","541/7601",0.011090573012939,1.75623844731978,1.45486503895437,0.123291243903127,0.287887096103268,0.235383819090555,"CD81/CNBP/ERBB2/FN1/IFNGR1/WNT5A",6
"GO:1903530","regulation of secretion by cell","3/48","195/7601",0.0153846153846154,2.43621794871795,1.61962127971804,0.124597780422487,0.287887096103268,0.235383819090555,"IER3IP1/SDC4/TMEM132A",3
"GO:0000768","syncytium formation by plasma membrane fusion","1/48","21/7601",0.0476190476190476,7.5406746031746,2.39257334827183,0.124719193793575,0.287887096103268,0.235383819090555,"CD81",1
"GO:0002526","acute inflammatory response","1/48","21/7601",0.0476190476190476,7.5406746031746,2.39257334827183,0.124719193793575,0.287887096103268,0.235383819090555,"FN1",1
"GO:0006783","heme biosynthetic process","1/48","21/7601",0.0476190476190476,7.5406746031746,2.39257334827183,0.124719193793575,0.287887096103268,0.235383819090555,"UROS",1
"GO:0007200","phospholipase C-activating G protein-coupled receptor signaling pathway","1/48","21/7601",0.0476190476190476,7.5406746031746,2.39257334827183,0.124719193793575,0.287887096103268,0.235383819090555,"WNT5A",1
"GO:0007631","feeding behavior","1/48","21/7601",0.0476190476190476,7.5406746031746,2.39257334827183,0.124719193793575,0.287887096103268,0.235383819090555,"USP46",1
"GO:0009948","anterior/posterior axis specification","1/48","21/7601",0.0476190476190476,7.5406746031746,2.39257334827183,0.124719193793575,0.287887096103268,0.235383819090555,"WNT5A",1
"GO:0030888","regulation of B cell proliferation","1/48","21/7601",0.0476190476190476,7.5406746031746,2.39257334827183,0.124719193793575,0.287887096103268,0.235383819090555,"CD81",1
"GO:0031018","endocrine pancreas development","1/48","21/7601",0.0476190476190476,7.5406746031746,2.39257334827183,0.124719193793575,0.287887096103268,0.235383819090555,"WNT5A",1
"GO:0033598","mammary gland epithelial cell proliferation","1/48","21/7601",0.0476190476190476,7.5406746031746,2.39257334827183,0.124719193793575,0.287887096103268,0.235383819090555,"WNT5A",1
"GO:0048854","brain morphogenesis","1/48","21/7601",0.0476190476190476,7.5406746031746,2.39257334827183,0.124719193793575,0.287887096103268,0.235383819090555,"WNT5A",1
"GO:0050775","positive regulation of dendrite morphogenesis","1/48","21/7601",0.0476190476190476,7.5406746031746,2.39257334827183,0.124719193793575,0.287887096103268,0.235383819090555,"CUL7",1
"GO:0071526","semaphorin-plexin signaling pathway","1/48","21/7601",0.0476190476190476,7.5406746031746,2.39257334827183,0.124719193793575,0.287887096103268,0.235383819090555,"ERBB2",1
"GO:0097242","amyloid-beta clearance","1/48","21/7601",0.0476190476190476,7.5406746031746,2.39257334827183,0.124719193793575,0.287887096103268,0.235383819090555,"IFNGR1",1
"GO:0140253","cell-cell fusion","1/48","21/7601",0.0476190476190476,7.5406746031746,2.39257334827183,0.124719193793575,0.287887096103268,0.235383819090555,"CD81",1
"GO:0150076","neuroinflammatory response","1/48","21/7601",0.0476190476190476,7.5406746031746,2.39257334827183,0.124719193793575,0.287887096103268,0.235383819090555,"IFNGR1",1
"GO:0150117","positive regulation of cell-substrate junction organization","1/48","21/7601",0.0476190476190476,7.5406746031746,2.39257334827183,0.124719193793575,0.287887096103268,0.235383819090555,"SDC4",1
"GO:2000404","regulation of T cell migration","1/48","21/7601",0.0476190476190476,7.5406746031746,2.39257334827183,0.124719193793575,0.287887096103268,0.235383819090555,"WNT5A",1
"GO:0045860","positive regulation of protein kinase activity","2/48","98/7601",0.0204081632653061,3.23171768707483,1.77256631721259,0.12689879530626,0.292469658401105,0.239130638692703,"ERBB2/WNT5A",2
"GO:0002683","negative regulation of immune system process","3/48","197/7601",0.0152284263959391,2.4114847715736,1.60008766566439,0.127403705519957,0.292603153687645,0.239239787837634,"ERBB2/FN1/SDC4",3
"GO:0001818","negative regulation of cytokine production","2/48","99/7601",0.0202020202020202,3.19907407407407,1.75564457296639,0.129014530143283,0.292603153687645,0.239239787837634,"FN1/TSKU",2
"GO:0003382","epithelial cell morphogenesis","1/48","22/7601",0.0454545454545455,7.19791666666667,2.32069887673226,0.130261869083536,0.292603153687645,0.239239787837634,"FAT1",1
"GO:0006949","syncytium formation","1/48","22/7601",0.0454545454545455,7.19791666666667,2.32069887673226,0.130261869083536,0.292603153687645,0.239239787837634,"CD81",1
"GO:0009988","cell-cell recognition","1/48","22/7601",0.0454545454545455,7.19791666666667,2.32069887673226,0.130261869083536,0.292603153687645,0.239239787837634,"CD81",1
"GO:0010770","positive regulation of cell morphogenesis","1/48","22/7601",0.0454545454545455,7.19791666666667,2.32069887673226,0.130261869083536,0.292603153687645,0.239239787837634,"CUL7",1
"GO:0032611","interleukin-1 beta production","1/48","22/7601",0.0454545454545455,7.19791666666667,2.32069887673226,0.130261869083536,0.292603153687645,0.239239787837634,"WNT5A",1
"GO:0032637","interleukin-8 production","1/48","22/7601",0.0454545454545455,7.19791666666667,2.32069887673226,0.130261869083536,0.292603153687645,0.239239787837634,"WNT5A",1
"GO:0032651","regulation of interleukin-1 beta production","1/48","22/7601",0.0454545454545455,7.19791666666667,2.32069887673226,0.130261869083536,0.292603153687645,0.239239787837634,"WNT5A",1
"GO:0032677","regulation of interleukin-8 production","1/48","22/7601",0.0454545454545455,7.19791666666667,2.32069887673226,0.130261869083536,0.292603153687645,0.239239787837634,"WNT5A",1
"GO:0043403","skeletal muscle tissue regeneration","1/48","22/7601",0.0454545454545455,7.19791666666667,2.32069887673226,0.130261869083536,0.292603153687645,0.239239787837634,"CD81",1
"GO:0046685","response to arsenic-containing substance","1/48","22/7601",0.0454545454545455,7.19791666666667,2.32069887673226,0.130261869083536,0.292603153687645,0.239239787837634,"UROS",1
"GO:0048546","digestive tract morphogenesis","1/48","22/7601",0.0454545454545455,7.19791666666667,2.32069887673226,0.130261869083536,0.292603153687645,0.239239787837634,"WNT5A",1
"GO:0060071","Wnt signaling pathway, planar cell polarity pathway","1/48","22/7601",0.0454545454545455,7.19791666666667,2.32069887673226,0.130261869083536,0.292603153687645,0.239239787837634,"WNT5A",1
"GO:0060688","regulation of morphogenesis of a branching structure","1/48","22/7601",0.0454545454545455,7.19791666666667,2.32069887673226,0.130261869083536,0.292603153687645,0.239239787837634,"WNT5A",1
"GO:0071300","cellular response to retinoic acid","1/48","22/7601",0.0454545454545455,7.19791666666667,2.32069887673226,0.130261869083536,0.292603153687645,0.239239787837634,"WNT5A",1
"GO:0090497","mesenchymal cell migration","1/48","22/7601",0.0454545454545455,7.19791666666667,2.32069887673226,0.130261869083536,0.292603153687645,0.239239787837634,"FN1",1
"GO:0010721","negative regulation of cell development","2/48","100/7601",0.02,3.16708333333333,1.73893641377291,0.131138748685739,0.294133855099906,0.24049132828242,"ERBB2/WNT5A",2
"GO:0045926","negative regulation of growth","2/48","101/7601",0.0198019801980198,3.13572607260726,1.7224367266747,0.133271265593789,0.298472105236089,0.244038392041257,"MT2A/WNT5A",2
"GO:0051249","regulation of lymphocyte activation","3/48","202/7601",0.0148514851485149,2.35179455445545,1.55227097215655,0.134518901086792,0.299171463180803,0.244610204901807,"CD81/ERBB2/SDC4",3
"GO:0001961","positive regulation of cytokine-mediated signaling pathway","1/48","23/7601",0.0434782608695652,6.88496376811594,2.25319139192452,0.135770172327235,0.299171463180803,0.244610204901807,"WNT5A",1
"GO:0016101","diterpenoid metabolic process","1/48","23/7601",0.0434782608695652,6.88496376811594,2.25319139192452,0.135770172327235,0.299171463180803,0.244610204901807,"CRABP2",1
"GO:0030514","negative regulation of BMP signaling pathway","1/48","23/7601",0.0434782608695652,6.88496376811594,2.25319139192452,0.135770172327235,0.299171463180803,0.244610204901807,"WNT5A",1
"GO:0030850","prostate gland development","1/48","23/7601",0.0434782608695652,6.88496376811594,2.25319139192452,0.135770172327235,0.299171463180803,0.244610204901807,"WNT5A",1
"GO:0033344","cholesterol efflux","1/48","23/7601",0.0434782608695652,6.88496376811594,2.25319139192452,0.135770172327235,0.299171463180803,0.244610204901807,"TSKU",1
"GO:0045773","positive regulation of axon extension","1/48","23/7601",0.0434782608695652,6.88496376811594,2.25319139192452,0.135770172327235,0.299171463180803,0.244610204901807,"FN1",1
"GO:0070228","regulation of lymphocyte apoptotic process","1/48","23/7601",0.0434782608695652,6.88496376811594,2.25319139192452,0.135770172327235,0.299171463180803,0.244610204901807,"WNT5A",1
"GO:0099172","presynapse organization","1/48","23/7601",0.0434782608695652,6.88496376811594,2.25319139192452,0.135770172327235,0.299171463180803,0.244610204901807,"WNT5A",1
"GO:1902003","regulation of amyloid-beta formation","1/48","23/7601",0.0434782608695652,6.88496376811594,2.25319139192452,0.135770172327235,0.299171463180803,0.244610204901807,"IFNGR1",1
"GO:1905330","regulation of morphogenesis of an epithelium","1/48","23/7601",0.0434782608695652,6.88496376811594,2.25319139192452,0.135770172327235,0.299171463180803,0.244610204901807,"WNT5A",1
