"ID","Description","GeneRatio","BgRatio","RichFactor","FoldEnrichment","zScore","pvalue","p.adjust","qvalue","geneID","Count"
"GO:0051241","negative regulation of multicellular organismal process","40/266","419/7628",0.0954653937947494,2.73763166867048,6.95419727937771,3.87578192532204e-09,8.19814250065723e-06,6.47063337744331e-06,"ADAMTS1/APOA1/APOC3/APOE/APOH/APP/BMP4/CD84/CHSY1/EPHA4/EPHA7/FZD7/GJA1/IFRD1/LDLR/MSX2/NDFIP1/NTN1/PRKAR1A/PROS1/PTGS2/PTPRS/SERPINF2/SPRY2/THBS1/VTN/ADIPOR1/ARRDC3/BMPR1A/CD83/CLSTN3/LPIN1/PCTP/RBX1/RGMA/RGN/ROBO1/STC2/TIMP1/VASN",40
"GO:0010466","negative regulation of peptidase activity","15/266","65/7628",0.230769230769231,6.6176980913823,8.64545408283071,4.01377845809412e-09,8.19814250065723e-06,6.47063337744331e-06,"APLP2/APP/GPC3/ITIH2/ITIH4/PTGS2/PZP/SERPIND1/SERPINF2/SPINT2/THBS1/TIMP3/VTN/RNF34/TIMP1",15
"GO:0040011","locomotion","45/266","523/7628",0.0860420650095602,2.46740177403355,6.60902855122525,9.76506962644029e-09,1.32967698080029e-05,1.04948800932585e-05,"ADAMTS1/APOA1/APOE/APOH/APP/BMP4/CCN1/CD151/COL1A1/DDR2/EPHA4/EPHA7/FAT1/FLT1/GCNT1/GJA1/HMOX1/NTN1/PHPT1/PLPP3/PTGS2/RNF7/SDCBP/SEMA3C/SERPIND1/SLIT2/SPINT2/SPRY2/THBS1/VTN/ACVR1B/ADAM10/ADIPOR1/ARRDC3/BMPR1A/CAV1/NRP2/PLGRKT/PTPRU/RGN/ROBO1/STX3/TGFBR3/TIMP1/TPBG",45
"GO:0007155","cell adhesion","47/266","571/7628",0.0823117338003503,2.36042821589877,6.42396862530273,1.78429506236569e-08,1.6181891801769e-05,1.27720503997471e-05,"APLP1/APOA1/APP/BMP4/CCN1/CCN2/CD151/CD84/COL1A1/CSPG5/DDR2/DGCR2/EDIL3/EPHA4/EPHA7/FAT1/FZD7/GCNT1/HABP2/HLA-A/LRP6/MFGE8/NDFIP1/NEO1/NTN1/PLPP3/PRKAR1A/PTPRS/SERPINF2/SPINT2/THBS1/VTN/ADAM10/CAV1/CD83/CDON/CHST10/CLSTN3/DDR1/DSC3/NRP2/PCDH7/PTPRU/ROBO1/STX3/TFRC/TPBG",47
"GO:1902533","positive regulation of intracellular signal transduction","43/266","498/7628",0.0863453815261044,2.4760998882749,6.47597910436282,1.98064771135484e-08,1.6181891801769e-05,1.27720503997471e-05,"APOA1/APOE/APP/BMP4/CCN2/CLU/DDR2/EPHA4/FLT1/FZD7/GJA1/HMOX1/IFI35/MAPK8/MFAP3/NDFIP1/NDFIP2/PLEKHF1/PROS1/RELL1/SDCBP/SERINC3/SERPINF2/SPRY2/THBS1/TNFRSF10B/UNC5B/ACVR2A/ARRDC3/BMPR1A/CAV1/CDON/DDR1/DSTYK/LAMTOR4/RBX1/ROBO1/SLC19A1/SLC20A1/TFRC/TGFBR3/TPBG/WBP2",43
"GO:0040012","regulation of locomotion","41/266","471/7628",0.0870488322717622,2.4962725284549,6.37199508707997,3.53932428674934e-08,2.40968995189518e-05,1.90192110356372e-05,"ADAMTS1/APOE/APOH/APP/BMP4/CCN1/CD151/COL1A1/DDR2/EPHA4/FAT1/FLT1/GCNT1/GJA1/HMOX1/NTN1/PHPT1/PLPP3/PTGS2/RNF7/SDCBP/SEMA3C/SLIT2/SPINT2/SPRY2/THBS1/VTN/ACVR1B/ADAM10/ADIPOR1/ARRDC3/BMPR1A/CAV1/NRP2/PTPRU/RGN/ROBO1/STX3/TGFBR3/TIMP1/TPBG",41
"GO:0051346","negative regulation of hydrolase activity","16/266","90/7628",0.177777777777778,5.09807852965748,7.43349835154479,6.44329924382568e-08,3.31020079169996e-05,2.61267667975958e-05,"APLP2/APOC3/APP/GPC3/ITIH2/ITIH4/PTGS2/PZP/SERPIND1/SERPINF2/SPINT2/THBS1/TIMP3/VTN/RNF34/TIMP1",16
"GO:0042127","regulation of cell population proliferation","52/266","694/7628",0.0749279538904899,2.14868583562653,6.03266025202174,6.48264536930226e-08,3.31020079169996e-05,2.61267667975958e-05,"ADAMTS1/APOE/APOH/APP/BMP4/CCN1/CCPG1/CLU/CNBP/DDR2/EGR1/EPHA4/FLT1/FZD7/GJA1/GPC3/HLA-A/HMOX1/IFI35/MEIS2/MSX2/NDFIP1/NTN1/OGN/PRKAR1A/PTGS2/SDCBP/SERPINF2/SPINT2/SPRY2/THBS1/ZNF16/ADAM10/BAMBI/BMPR1A/CAV1/CD320/CDON/DDR1/HMGA2/JTB/NRP2/PDCD2/PTPRU/RGN/RNF126/ROBO1/STX3/TFRC/TGFBR3/TIMP1/TPBG",52
"GO:0030162","regulation of proteolysis","32/266","324/7628",0.0987654320987654,2.83226584980971,6.40619855271702,7.47959044006233e-08,3.39490299418384e-05,2.6795304699311e-05,"APLP2/APOE/APP/CLU/EPHA4/EPHA7/GPC3/HERPUD1/ITIH2/ITIH4/PABIR1/PTGS2/PZP/RCHY1/SERPIND1/SERPINF2/SPINT2/THBS1/TIMP3/TRIB3/VTN/CAV1/GABARAP/GABARAPL2/PDCD2/PLGRKT/RBX1/RGMA/RGN/RNF34/ROBO1/TIMP1",32
"GO:0040017","positive regulation of locomotion","28/266","264/7628",0.106060606060606,3.0414673046252,6.41663428257104,1.1730715307737e-07,4.79199720321056e-05,3.78222957764194e-05,"ADAMTS1/APP/BMP4/CCN1/CD151/COL1A1/DDR2/EPHA4/FAT1/FLT1/HMOX1/NTN1/PHPT1/PLPP3/PTGS2/SDCBP/SEMA3C/SLIT2/SPRY2/THBS1/VTN/ACVR1B/ADAM10/CAV1/NRP2/STX3/TGFBR3/TPBG",28
"GO:0052547","regulation of peptidase activity","19/266","137/7628",0.138686131386861,3.97705943691345,6.68340340220714,2.32592803428288e-07,8.63765092731414e-05,6.81752877417077e-05,"APLP2/APP/EPHA4/EPHA7/GPC3/ITIH2/ITIH4/PTGS2/PZP/SERPIND1/SERPINF2/SPINT2/THBS1/TIMP3/VTN/PDCD2/RNF34/ROBO1/TIMP1",19
"GO:0009611","response to wounding","28/266","274/7628",0.102189781021898,2.93046484825202,6.18578970702024,2.56992354568263e-07,8.74844807009461e-05,6.90497878984727e-05,"APOE/APOH/BNIP3/CCN1/CCN2/CD151/CSPG5/DDR2/EPHA4/F5/FZD7/HGFAC/HMOX1/MSX2/NEO1/PLPP3/PROS1/PTPRS/SERPIND1/SERPINF2/THBS1/VTN/C1GALT1C1/CAV1/DDR1/PLSCR1/RGMA/TIMP1",28
"GO:0001944","vasculature development","31/266","328/7628",0.0945121951219512,2.71029708417385,6.01820298923415,3.28379171975626e-07,9.66498476598751e-05,7.62838326050886e-05,"ADAMTS1/APOE/APOH/B9D1/BMP4/CCN1/CCN2/COL1A1/EGR1/FLT1/GJA1/GPC3/HMOX1/LDLR/MFGE8/PLPP3/PTGS2/SEMA3C/SERPINF2/SLIT2/SPRY2/THBS1/UNC5B/ADAM10/BMPR1A/CAV1/HMGA2/NRP2/ROBO1/SLC31A1/TGFBR3",31
"GO:2000145","regulation of cell motility","38/266","454/7628",0.0837004405286344,2.40025173064821,5.84753921969688,3.3123570801426e-07,9.66498476598751e-05,7.62838326050886e-05,"ADAMTS1/APOE/APOH/APP/BMP4/CCN1/CD151/COL1A1/DDR2/EPHA4/FAT1/FLT1/GCNT1/GJA1/HMOX1/NTN1/PHPT1/PLPP3/PTGS2/RNF7/SDCBP/SEMA3C/SLIT2/SPINT2/SPRY2/THBS1/VTN/ACVR1B/ADAM10/ADIPOR1/BMPR1A/CAV1/NRP2/PTPRU/RGN/ROBO1/TGFBR3/TIMP1",38
"GO:0071772","response to BMP","14/266","80/7628",0.175,5.01842105263158,6.86758863326257,5.35358208620242e-07,0.000136683642638355,0.000107881723223934,"BMP4/CCN1/CRIM1/EGR1/GPC3/MSX2/NEO1/SPINT2/ACVR2A/BAMBI/BMPR1A/CAV1/RGMA/TGFBR3",14
"GO:0071773","cellular response to BMP stimulus","14/266","80/7628",0.175,5.01842105263158,6.86758863326257,5.35358208620242e-07,0.000136683642638355,0.000107881723223934,"BMP4/CCN1/CRIM1/EGR1/GPC3/MSX2/NEO1/SPINT2/ACVR2A/BAMBI/BMPR1A/CAV1/RGMA/TGFBR3",14
"GO:1903035","negative regulation of response to wounding","10/266","40/7628",0.25,7.16917293233083,7.43554941051005,7.54786226141375e-07,0.000181370690222795,0.00014315233502607,"APOE/APOH/EPHA4/NEO1/PROS1/PTPRS/SERPINF2/THBS1/VTN/RGMA",10
"GO:0035239","tube morphogenesis","33/266","380/7628",0.0868421052631579,2.49034428175702,5.66485889437393,9.40158276613367e-07,0.000213363697775867,0.000168403789547763,"ADAMTS1/APOE/APOH/BMP4/CCN1/CCN2/EPHA4/EPHA7/FLT1/GJA1/GPC3/HMOX1/LDLR/MFGE8/MSX2/NTN1/PTGS2/SERPINF2/SLIT2/SPINT2/SPRY2/THBS1/TMEM59L/UNC5B/BMPR1A/CAV1/DDR1/HMGA2/NRP2/RGMA/ROBO1/SLC31A1/TGFBR3",33
"GO:0001568","blood vessel development","29/266","311/7628",0.0932475884244373,2.6740323477504,5.72924372389949,1.07327193940931e-06,0.000230753466973002,0.000182129193928572,"ADAMTS1/APOE/APOH/BMP4/CCN1/CCN2/COL1A1/EGR1/FLT1/GJA1/GPC3/HMOX1/LDLR/MFGE8/PLPP3/PTGS2/SEMA3C/SERPINF2/SLIT2/SPRY2/THBS1/UNC5B/BMPR1A/CAV1/HMGA2/NRP2/ROBO1/SLC31A1/TGFBR3",29
"GO:0042327","positive regulation of phosphorylation","23/266","215/7628",0.106976744186047,3.06773911522994,5.84571661652983,1.44977772487908e-06,0.000296117100306552,0.000233719430068664,"APP/BMP4/CCN1/DDR2/EPHA4/EPHA7/FLT1/FZD7/PLPP3/PTGS2/SDCBP/SPRY2/THBS1/TNFRSF10B/VTN/ZNF16/ACVR2A/CAV1/DSTYK/HMGA2/JTB/ROBO1/TFRC",23
"GO:0030509","BMP signaling pathway","13/266","75/7628",0.173333333333333,4.97062656641604,6.56825066268061,1.53917082800508e-06,0.000299405372971465,0.000236314799307246,"BMP4/CCN1/CRIM1/EGR1/GPC3/MSX2/NEO1/ACVR2A/BAMBI/BMPR1A/CAV1/RGMA/TGFBR3",13
"GO:0030334","regulation of cell migration","35/266","434/7628",0.0806451612903226,2.31263642978414,5.35209589362652,2.41643117883656e-06,0.000417883449075825,0.00032982722528358,"ADAMTS1/APOE/APOH/APP/BMP4/CCN1/CD151/COL1A1/DDR2/EPHA4/FAT1/FLT1/GCNT1/GJA1/HMOX1/NTN1/PLPP3/PTGS2/RNF7/SDCBP/SEMA3C/SLIT2/SPRY2/THBS1/VTN/ACVR1B/ADAM10/ADIPOR1/BMPR1A/CAV1/NRP2/PTPRU/ROBO1/TGFBR3/TIMP1",35
"GO:0008284","positive regulation of cell population proliferation","32/266","378/7628",0.0846560846560847,2.42765644269404,5.41153399655134,2.42986389411672e-06,0.000417883449075825,0.00032982722528358,"ADAMTS1/BMP4/CCN1/CCPG1/CNBP/DDR2/EGR1/EPHA4/FLT1/FZD7/GJA1/HLA-A/HMOX1/MEIS2/NTN1/PTGS2/SDCBP/SERPINF2/THBS1/ZNF16/ADAM10/BAMBI/BMPR1A/CD320/CDON/HMGA2/NRP2/PDCD2/STX3/TFRC/TGFBR3/TIMP1",32
"GO:0006509","membrane protein ectodomain proteolysis","8/266","27/7628",0.296296296296296,8.49679754942913,7.41723576357506,2.4551291989767e-06,0.000417883449075825,0.00032982722528358,"APOE/APP/BACE1/TIMP3/ADAM10/RGMA/SPPL2B/TIMP1",8
"GO:0032101","regulation of response to external stimulus","35/266","438/7628",0.0799086757990868,2.29151646238885,5.29166498611833,2.97992024405895e-06,0.000478095881784327,0.000377351719617443,"APOA1/APOE/APOH/APP/BACE1/CLOCK/EPHA4/HLA-A/HPX/IFI35/LDLR/MAPK8/NDFIP1/NEO1/PROS1/PTGS2/PTPRS/SERPINF2/SLIT2/TAX1BP1/THBS1/VTN/ADAM10/CAV1/OPTN/PLSCR1/RGMA/RIOK3/RNF34/ROBO1/SLC19A1/SQSTM1/STX3/TPBG/TRIM41",35
"GO:0050919","negative chemotaxis","7/266","20/7628",0.35,10.0368421052632,7.69159175161382,3.04296032469829e-06,0.000478095881784327,0.000377351719617443,"APOA1/EPHA7/NTN1/SEMA3C/SLIT2/NRP2/ROBO1",7
"GO:0090287","regulation of cellular response to growth factor stimulus","19/266","162/7628",0.117283950617284,3.36331569664903,5.77903119665173,3.16060866337209e-06,0.000478188384810185,0.000377424730444785,"BMP4/CCN1/CRIM1/GPC3/MSX2/NEO1/SDCBP/SLIT2/SPRY2/THBS1/VTN/BAMBI/CAV1/DSTYK/RGMA/ROBO1/SHISA2/TGFBR3/VASN",19
"GO:2000147","positive regulation of cell motility","25/266","259/7628",0.0965250965250965,2.76802043719337,5.50240647589416,3.34193931527653e-06,0.000487565075103737,0.000384825568522256,"ADAMTS1/APP/BMP4/CCN1/CD151/COL1A1/DDR2/EPHA4/FAT1/FLT1/HMOX1/NTN1/PHPT1/PLPP3/PTGS2/SDCBP/SEMA3C/SPRY2/THBS1/VTN/ACVR1B/ADAM10/CAV1/NRP2/TGFBR3",25
"GO:0045861","negative regulation of proteolysis","17/266","134/7628",0.126865671641791,3.6380877567052,5.85604732992302,3.60435939409234e-06,0.000507717521547145,0.000400731499967508,"APLP2/APP/EPHA4/GPC3/ITIH2/ITIH4/PTGS2/PZP/SERPIND1/SERPINF2/SPINT2/THBS1/TIMP3/VTN/GABARAPL2/RNF34/TIMP1",17
"GO:0031401","positive regulation of protein modification process","28/266","314/7628",0.089171974522293,2.55715722427087,5.35598800796806,4.01876936755168e-06,0.00054722242888162,0.000431911949923185,"APP/BMP4/CCN1/DDR2/EGR1/EPHA4/EPHA7/FLT1/NDFIP1/NDFIP2/PLPP3/PTGS2/RCHY1/SPRY2/THBS1/TNFRSF10B/TRIB3/VTN/ACVR2A/ARRDC3/CAV1/GABARAP/HMGA2/JTB/PTTG1IP/RBX1/ROBO1/TFRC",28
"GO:0031099","regeneration","14/266","95/7628",0.147368421052632,4.22603878116344,6.01405212293066,4.53854680805116e-06,0.000598063345512548,0.000472039690086951,"CSPG5/EPHA4/FPGS/FZD7/GJA1/IFRD1/NEO1/PTPRS/VTN/LPIN1/PTPRU/RGMA/RGN/TGFBR3",14
"GO:0090100","positive regulation of transmembrane receptor protein serine/threonine kinase signaling pathway","11/266","59/7628",0.186440677966102,5.34650184783994,6.37039565864017,4.76808055728563e-06,0.000599209130241771,0.00047294403554224,"BMP4/CCN1/GPC3/MSX2/NEO1/SDCBP/THBS1/ACVR1B/ACVR2A/BMPR1A/TGFBR3",11
"GO:0010562","positive regulation of phosphorus metabolic process","23/266","231/7628",0.0995670995670996,2.85525502066855,5.44253939243224,4.98729753444804e-06,0.000599209130241771,0.00047294403554224,"APP/BMP4/CCN1/DDR2/EPHA4/EPHA7/FLT1/FZD7/PLPP3/PTGS2/SDCBP/SPRY2/THBS1/TNFRSF10B/VTN/ZNF16/ACVR2A/CAV1/DSTYK/HMGA2/JTB/ROBO1/TFRC",23
"GO:0045937","positive regulation of phosphate metabolic process","23/266","231/7628",0.0995670995670996,2.85525502066855,5.44253939243224,4.98729753444804e-06,0.000599209130241771,0.00047294403554224,"APP/BMP4/CCN1/DDR2/EPHA4/EPHA7/FLT1/FZD7/PLPP3/PTGS2/SDCBP/SPRY2/THBS1/TNFRSF10B/VTN/ZNF16/ACVR2A/CAV1/DSTYK/HMGA2/JTB/ROBO1/TFRC",23
"GO:0051093","negative regulation of developmental process","32/266","393/7628",0.0814249363867685,2.33499779984312,5.16508344706998,5.56778773837418e-06,0.000605405514524591,0.000477834720347567,"ADAMTS1/APOE/APOH/APP/BMP4/BNIP3/CRIM1/EPHA4/EPHA7/FZD7/IFRD1/LDLR/MEIS2/MSX2/NBR1/NDFIP1/NEO1/NTN1/PTPRS/SPRY2/THBS1/TRIB3/ADIPOR1/BAMBI/BMPR1A/CAV1/CLSTN3/RGMA/RGN/STC2/TFRC/VASN",32
"GO:0006953","acute-phase response","5/266","9/7628",0.555555555555556,15.9314954051796,8.51913220318516,5.58013696535549e-06,0.000605405514524591,0.000477834720347567,"ITIH4/PTGS2/SERPINF2/PLSCR1/TFRC",5
"GO:0042730","fibrinolysis","5/266","9/7628",0.555555555555556,15.9314954051796,8.51913220318516,5.58013696535549e-06,0.000605405514524591,0.000477834720347567,"APOH/PROS1/SERPINF2/THBS1/VTN",5
"GO:0060411","cardiac septum morphogenesis","9/266","39/7628",0.230769230769231,6.6176980913823,6.68525854089986,5.63167920487991e-06,0.000605405514524591,0.000477834720347567,"BMP4/CCN1/MSX2/SEMA3C/SLIT2/BMPR1A/NRP2/ROBO1/TGFBR3",9
"GO:0023057","negative regulation of signaling","46/266","677/7628",0.0679468242245199,1.94849013227308,4.91386580610239,6.59154217894511e-06,0.000684214077617266,0.000540036776329752,"APLP1/APOA1/APOE/APP/BMP4/CLOCK/CLU/CRIM1/EGR1/EPHA4/GJA1/GPC3/HERPUD1/HMOX1/IFI35/LDLR/MGRN1/PHPT1/PRKAR1A/PRKAR1B/PTGS2/PTPRS/RNF149/SLIT2/SPRY2/TAX1BP1/THBS1/UNC5B/ADIPOR1/ARRDC3/BAMBI/CAV1/OPTN/PTPRU/PTTG1IP/RBX1/RIOK3/RNF126/RNF34/ROBO1/SHISA2/SQSTM1/TGFBR3/TPBG/TPRG1L/VASN",46
"GO:0031214","biomineral tissue development","12/266","73/7628",0.164383561643836,4.71397672262849,6.0604260759261,6.9552413408123e-06,0.000684214077617266,0.000540036776329752,"BMP4/CCN1/COL1A1/DDR2/GJA1/GPC3/MSX2/NBR1/PTGS2/ACVR2A/BMPR1A/SLC20A1",12
"GO:0034384","high-density lipoprotein particle clearance","4/266","5/7628",0.8,22.9413533834586,9.32835874057028,7.03475918235622e-06,0.000684214077617266,0.000540036776329752,"APOA1/APOC3/APOE/LDLR",4
"GO:0043691","reverse cholesterol transport","4/266","5/7628",0.8,22.9413533834586,9.32835874057028,7.03475918235622e-06,0.000684214077617266,0.000540036776329752,"APOA1/APOC3/APOE/CLU",4
"GO:0090092","regulation of transmembrane receptor protein serine/threonine kinase signaling pathway","17/266","141/7628",0.120567375886525,3.45747347091132,5.59840435429044,7.26361903843917e-06,0.000690043808651722,0.000544638068904264,"BMP4/CCN1/CRIM1/GPC3/MSX2/NEO1/SDCBP/SPRY2/THBS1/ACVR1B/ACVR2A/BAMBI/BMPR1A/CAV1/RGMA/TGFBR3/VASN",17
"GO:0006952","defense response","44/266","639/7628",0.0688575899843505,1.97460788120536,4.89206943816926,7.70690520071638e-06,0.000715516085111964,0.000564742838033356,"APOA1/APOE/APP/BNIP3/C4A/C4BPA/CALCOCO2/CD84/CLOCK/CLU/HLA-A/HMOX1/HPX/IFI35/IFNAR1/ITIH4/LDLR/MAPK8/NDFIP1/PLD3/PTGS2/PTPRS/RNASE4/SERINC3/SERPINF2/TAX1BP1/THBS1/TNFRSF10B/TRIM23/USP46/CAV1/CD83/IL10RB/NCR3LG1/OPTN/PLGRKT/PLSCR1/RIOK3/RNF34/SLC19A1/SQSTM1/TFRC/TIMP1/TRIM41",44
"GO:0032103","positive regulation of response to external stimulus","25/266","272/7628",0.0919117647058824,2.63572534276869,5.22148168585714,8.01619817330708e-06,0.000727692656399099,0.000574353567364669,"APOH/APP/CLOCK/HPX/IFI35/LDLR/MAPK8/PTGS2/PTPRS/SERPINF2/SLIT2/TAX1BP1/THBS1/VTN/ADAM10/CAV1/OPTN/PLSCR1/RIOK3/RNF34/SLC19A1/SQSTM1/STX3/TPBG/TRIM41",25
"GO:0006935","chemotaxis","17/266","143/7628",0.118881118881119,3.40911719859088,5.52776827937822,8.79499764417754e-06,0.000764416284605644,0.00060333880815489,"APOA1/APP/BMP4/CCN1/EPHA7/FLT1/NTN1/SEMA3C/SERPIND1/SLIT2/THBS1/ADAM10/NRP2/PLGRKT/ROBO1/STX3/TPBG",17
"GO:0042330","taxis","17/266","143/7628",0.118881118881119,3.40911719859088,5.52776827937822,8.79499764417754e-06,0.000764416284605644,0.00060333880815489,"APOA1/APP/BMP4/CCN1/EPHA7/FLT1/NTN1/SEMA3C/SERPIND1/SLIT2/THBS1/ADAM10/NRP2/PLGRKT/ROBO1/STX3/TPBG",17
"GO:0042060","wound healing","21/266","206/7628",0.101941747572816,2.92335206949412,5.31926600791072,9.05508624639389e-06,0.000770625569094147,0.000608239674840011,"APOE/APOH/CCN1/CD151/DDR2/F5/FZD7/HGFAC/HMOX1/MSX2/PLPP3/PROS1/SERPIND1/SERPINF2/THBS1/VTN/C1GALT1C1/CAV1/DDR1/PLSCR1/TIMP1",21
"GO:0003148","outflow tract septum morphogenesis","6/266","16/7628",0.375,10.7537593984962,7.42339251862032,1.01385542728355e-05,0.000845224371521084,0.000667119049144903,"BMP4/MSX2/SEMA3C/BMPR1A/NRP2/ROBO1",6
"GO:0010977","negative regulation of neuron projection development","11/266","64/7628",0.171875,4.92880639097744,5.99921794201601,1.08512631780686e-05,0.000886548201648204,0.000699735139251034,"APOE/EPHA4/EPHA7/IFRD1/ITM2C/NEO1/NTN1/PTPRS/RAB29/SLIT2/RGMA",11
"GO:0035295","tube development","36/266","487/7628",0.0739219712525667,2.11983758163376,4.85467082234964,1.25065573136549e-05,0.00100175071816236,0.000790662230169762,"ADAMTS1/APOE/APOH/BMP4/CCN1/CCN2/EPHA4/EPHA7/FLT1/GJA1/GPC3/HMOX1/LDLR/MFGE8/MSX2/NTN1/PTGS2/SEMA3C/SERPINF2/SLIT2/SPINT2/SPRY2/THBS1/TMEM59L/UNC5B/BMPR1A/CAV1/DDR1/HMGA2/MARCKS/NRP2/RBBP9/RGMA/ROBO1/SLC31A1/TGFBR3",36
"GO:0033619","membrane protein proteolysis","8/266","33/7628",0.242424242424242,6.95192526771474,6.5128388950047,1.27969815743172e-05,0.00100304874146848,0.000791686734553358,"APOE/APP/BACE1/TIMP3/ADAM10/RGMA/SPPL2B/TIMP1",8
"GO:0006959","humoral immune response","9/266","43/7628",0.209302325581395,6.00209826892814,6.25213633315753,1.32593958480533e-05,0.00100304874146848,0.000791686734553358,"APP/C4A/C4BPA/CLU/HLA-A/HPX/RNASE4/CD83/NCR3LG1",9
"GO:0048661","positive regulation of smooth muscle cell proliferation","9/266","43/7628",0.209302325581395,6.00209826892814,6.25213633315753,1.32593958480533e-05,0.00100304874146848,0.000791686734553358,"ADAMTS1/BMP4/DDR2/GJA1/HMOX1/PTGS2/SERPINF2/THBS1/BMPR1A",9
"GO:0010648","negative regulation of cell communication","45/266","675/7628",0.0666666666666667,1.91177944862155,4.71601693240054,1.38282506340156e-05,0.00101026680199871,0.000797383808419006,"APLP1/APOA1/APOE/APP/BMP4/CLOCK/CLU/CRIM1/EGR1/EPHA4/GJA1/GPC3/HERPUD1/HMOX1/IFI35/MGRN1/PHPT1/PRKAR1A/PRKAR1B/PTGS2/PTPRS/RNF149/SLIT2/SPRY2/TAX1BP1/THBS1/UNC5B/ADIPOR1/ARRDC3/BAMBI/CAV1/OPTN/PTPRU/PTTG1IP/RBX1/RIOK3/RNF126/RNF34/ROBO1/SHISA2/SQSTM1/TGFBR3/TPBG/TPRG1L/VASN",45
"GO:0048514","blood vessel morphogenesis","24/266","263/7628",0.091254752851711,2.6168844163641,5.07212863137995,1.3849434739762e-05,0.00101026680199871,0.000797383808419006,"ADAMTS1/APOE/APOH/BMP4/CCN1/CCN2/FLT1/GJA1/HMOX1/LDLR/MFGE8/PTGS2/SERPINF2/SLIT2/SPRY2/THBS1/UNC5B/BMPR1A/CAV1/HMGA2/NRP2/ROBO1/SLC31A1/TGFBR3",24
"GO:0050790","regulation of catalytic activity","40/266","572/7628",0.0699300699300699,2.00536305799464,4.75183592245518,1.47869114460629e-05,0.00103575007191019,0.000817497254463937,"APLP2/APOA1/APOC3/APOE/APOH/APP/CCN1/DDR2/EPHA4/EPHA7/FLT1/GPC3/ITIH2/ITIH4/LRP6/MAPK8/PHPT1/PTGS2/PZP/SERINC1/SERPIND1/SERPINF2/SPINT2/THBS1/TIMP3/TNFRSF10B/TRIB3/UVRAG/VTN/ZNF16/ARRDC3/CAV1/DSTYK/HMGA2/JTB/PDCD2/PLSCR1/RNF34/ROBO1/TIMP1",40
"GO:0042325","regulation of phosphorylation","30/266","374/7628",0.0802139037433155,2.30026939005267,4.90117431931512,1.50099141121418e-05,0.00103575007191019,0.000817497254463937,"APOE/APP/BMP4/CCN1/DDR2/EPHA4/EPHA7/FLT1/FZD7/LRP6/PLPP3/PRKAR1A/PRKAR1B/PTGS2/SDCBP/SLIT2/SPRY2/THBS1/TNFRSF10B/TRIB3/UVRAG/VTN/ZNF16/ACVR2A/CAV1/DSTYK/HMGA2/JTB/ROBO1/TFRC",30
"GO:0030195","negative regulation of blood coagulation","6/266","17/7628",0.352941176470588,10.1211853162318,7.15607138344184,1.52129753524141e-05,0.00103575007191019,0.000817497254463937,"APOE/APOH/PROS1/SERPINF2/THBS1/VTN",6
"GO:1900047","negative regulation of hemostasis","6/266","17/7628",0.352941176470588,10.1211853162318,7.15607138344184,1.52129753524141e-05,0.00103575007191019,0.000817497254463937,"APOE/APOH/PROS1/SERPINF2/THBS1/VTN",6
"GO:0043408","regulation of MAPK cascade","23/266","248/7628",0.092741935483871,2.65953189425176,5.05013569879878,1.62119067255267e-05,0.00107555084429853,0.000848911224914359,"APOE/APP/BMP4/CCN1/CCN2/EPHA4/EPHA7/FLT1/FZD7/MFAP3/NBR1/RELL1/RNF149/SDCBP/SERPINF2/SPRY2/THBS1/CAV1/CDON/DSTYK/MDFIC/ROBO1/TPBG",23
"GO:0043086","negative regulation of catalytic activity","21/266","214/7628",0.0981308411214953,2.81406787998032,5.11627540931876,1.63241499012262e-05,0.00107555084429853,0.000848911224914359,"APLP2/APOC3/APOE/APP/GPC3/ITIH2/ITIH4/LRP6/PHPT1/PTGS2/PZP/SERPIND1/SERPINF2/SPINT2/THBS1/TIMP3/TRIB3/VTN/CAV1/RNF34/TIMP1",21
"GO:0070848","response to growth factor","30/266","376/7628",0.0797872340425532,2.28803391457367,4.86868983309143,1.66515717854429e-05,0.00107970905942118,0.000852193222703621,"BMP4/CCN1/CCN2/COL1A1/CRIM1/DDR2/EGR1/FLT1/GPC3/MEIS2/MSX2/NEO1/SDCBP/SLIT2/SPINT2/SPRY2/THBS1/VTN/ACVR1B/ACVR2A/BAMBI/BMPR1A/CAV1/DSTYK/NRP2/RGMA/ROBO1/SHISA2/TGFBR3/VASN",30
"GO:0048660","regulation of smooth muscle cell proliferation","11/266","67/7628",0.164179104477612,4.70811356750084,5.7945617323777,1.70903091786886e-05,0.00109084239054599,0.000860980542998739,"ADAMTS1/APOE/BMP4/DDR2/GJA1/HMOX1/OGN/PTGS2/SERPINF2/THBS1/BMPR1A",11
"GO:0032102","negative regulation of response to external stimulus","17/266","151/7628",0.112582781456954,3.22850171787084,5.25723682709696,1.82296393728685e-05,0.00113017439439534,0.000892024523618614,"APOA1/APOE/APOH/BACE1/EPHA4/HLA-A/LDLR/NDFIP1/NEO1/PROS1/PTPRS/SERPINF2/SLIT2/THBS1/VTN/RGMA/ROBO1",17
"GO:1903034","regulation of response to wounding","12/266","80/7628",0.15,4.3015037593985,5.64235787981213,1.83361018623659e-05,0.00113017439439534,0.000892024523618614,"APOE/APOH/DDR2/EPHA4/NEO1/PROS1/PTPRS/SERPINF2/THBS1/VTN/CAV1/RGMA",12
"GO:0051347","positive regulation of transferase activity","16/266","136/7628",0.117647058823529,3.37372843874392,5.30910589376934,1.85365200549542e-05,0.00113017439439534,0.000892024523618614,"APOA1/APOE/CCN1/DDR2/EPHA4/FLT1/SERINC1/THBS1/TNFRSF10B/TRIB3/ZNF16/ARRDC3/DSTYK/HMGA2/JTB/ROBO1",16
"GO:0002455","humoral immune response mediated by circulating immunoglobulin","5/266","11/7628",0.454545454545455,13.0348598769651,7.59215713032688,1.93133591250717e-05,0.00114853951978798,0.00090651975754959,"C4A/C4BPA/CLU/HPX/NCR3LG1",5
"GO:0051247","positive regulation of protein metabolic process","41/266","600/7628",0.0683333333333333,1.95957393483709,4.65433861717537,1.98199139021756e-05,0.00114853951978798,0.00090651975754959,"APOE/APP/BMP4/C4BPA/CCN1/CLU/CNBP/DDR2/EGR1/EPHA4/EPHA7/FLT1/GPC3/HERPUD1/LDLR/MAPK8/NDFIP1/NDFIP2/PABIR1/PLPP3/PTGS2/RCHY1/SPRY2/THBS1/TNFRSF10B/TRIB3/VTN/ACVR2A/ARRDC3/CAV1/GABARAP/HMGA2/JTB/PDCD2/PLGRKT/PTTG1IP/RBX1/RGMA/RGN/ROBO1/TFRC",41
"GO:0071363","cellular response to growth factor stimulus","29/266","361/7628",0.0803324099722992,2.30366775664924,4.8235049678602,2.04568411923978e-05,0.00114853951978798,0.00090651975754959,"BMP4/CCN1/CCN2/COL1A1/CRIM1/DDR2/EGR1/FLT1/GPC3/MSX2/NEO1/SDCBP/SLIT2/SPINT2/SPRY2/THBS1/VTN/ACVR1B/ACVR2A/BAMBI/BMPR1A/CAV1/DSTYK/NRP2/RGMA/ROBO1/SHISA2/TGFBR3/VASN",29
"GO:0019731","antibacterial humoral response","4/266","6/7628",0.666666666666667,19.1177944862155,8.43851966861916,2.05246964368476e-05,0.00114853951978798,0.00090651975754959,"APP/HLA-A/RNASE4/NCR3LG1",4
"GO:0051918","negative regulation of fibrinolysis","4/266","6/7628",0.666666666666667,19.1177944862155,8.43851966861916,2.05246964368476e-05,0.00114853951978798,0.00090651975754959,"APOH/SERPINF2/THBS1/VTN",4
"GO:0072178","nephric duct morphogenesis","4/266","6/7628",0.666666666666667,19.1177944862155,8.43851966861916,2.05246964368476e-05,0.00114853951978798,0.00090651975754959,"BMP4/EPHA4/EPHA7/GPC3",4
"GO:0050819","negative regulation of coagulation","6/266","18/7628",0.333333333333333,9.55889724310777,6.91005527579282,2.21561626148381e-05,0.00122003376707855,0.000962948767264475,"APOE/APOH/PROS1/SERPINF2/THBS1/VTN",6
"GO:0030335","positive regulation of cell migration","23/266","253/7628",0.0909090909090909,2.60697197539303,4.94091447163284,2.23996407664361e-05,0.00122003376707855,0.000962948767264475,"ADAMTS1/APP/BMP4/CCN1/CD151/COL1A1/DDR2/EPHA4/FAT1/FLT1/HMOX1/PLPP3/PTGS2/SDCBP/SEMA3C/SPRY2/THBS1/VTN/ACVR1B/ADAM10/CAV1/NRP2/TGFBR3",23
"GO:0048659","smooth muscle cell proliferation","11/266","69/7628",0.159420289855072,4.57164650757328,5.66474842150703,2.28001570996647e-05,0.00122550844410698,0.000967269822663062,"ADAMTS1/APOE/BMP4/DDR2/GJA1/HMOX1/OGN/PTGS2/SERPINF2/THBS1/BMPR1A",11
"GO:0071495","cellular response to endogenous stimulus","41/266","604/7628",0.0678807947019868,1.94659662401036,4.60798391103977,2.31987637341318e-05,0.00123073960849258,0.000971398678300011,"BMP4/CCN1/CCN2/CLOCK/COL1A1/CRIM1/DDR2/EGR1/FAT1/FLT1/GPC3/MSX2/NCOA4/NEO1/PRKAR1A/SDCBP/SLIT2/SPINT2/SPRY2/THBS1/TRIB3/VTN/ACVR1B/ACVR2A/ADIPOR1/BAMBI/BMPR1A/CALCOCO1/CAV1/DSTYK/FOSB/LPIN1/NRP2/RBX1/RGMA/ROBO1/SHISA2/TGFBR3/UGCG/VASN/WBP2",41
"GO:0040013","negative regulation of locomotion","17/266","154/7628",0.11038961038961,3.16560882726296,5.16040291178988,2.362457719623e-05,0.00123726151085384,0.000976546288151857,"APOE/APOH/BMP4/EPHA4/GJA1/HMOX1/SLIT2/SPINT2/THBS1/ADIPOR1/ARRDC3/BMPR1A/PTPRU/RGN/ROBO1/TGFBR3/TIMP1",17
"GO:0048762","mesenchymal cell differentiation","15/266","125/7628",0.12,3.4412030075188,5.23071688849364,2.67683992713259e-05,0.00138416343067552,0.00109249309750928,"BMP4/COL1A1/EPHA4/LRP6/MSX2/SDCBP/SEMA3C/SPRY2/ADIPOR1/BAMBI/BMPR1A/HMGA2/NRP2/TGFBR3/VASN",15
"GO:0009968","negative regulation of signal transduction","43/266","651/7628",0.0660522273425499,1.89415936153748,4.5340974032076,2.77723232555566e-05,0.00140766740136023,0.00111104432142405,"APLP1/APOA1/APOE/APP/BMP4/CLOCK/CLU/CRIM1/EGR1/EPHA4/GPC3/HERPUD1/HMOX1/IFI35/MGRN1/PHPT1/PRKAR1A/PRKAR1B/PTGS2/PTPRS/RNF149/SLIT2/SPRY2/TAX1BP1/THBS1/UNC5B/ADIPOR1/ARRDC3/BAMBI/CAV1/OPTN/PTPRU/PTTG1IP/RBX1/RIOK3/RNF126/RNF34/ROBO1/SHISA2/SQSTM1/TGFBR3/TPBG/VASN",43
"GO:0030193","regulation of blood coagulation","7/266","27/7628",0.259259259259259,7.43469785575049,6.36640788934025,2.82567262941343e-05,0.00140766740136023,0.00111104432142405,"APOE/APOH/PROS1/SERPINF2/THBS1/VTN/CAV1",7
"GO:1900046","regulation of hemostasis","7/266","27/7628",0.259259259259259,7.43469785575049,6.36640788934025,2.82567262941343e-05,0.00140766740136023,0.00111104432142405,"APOE/APOH/PROS1/SERPINF2/THBS1/VTN/CAV1",7
"GO:0043410","positive regulation of MAPK cascade","17/266","157/7628",0.10828025477707,3.10511948661463,5.06590445295443,3.03966990820991e-05,0.00149603031024548,0.00118078743549105,"APOE/APP/BMP4/CCN2/EPHA4/FLT1/FZD7/MFAP3/RELL1/SDCBP/SERPINF2/SPRY2/THBS1/CDON/DSTYK/ROBO1/TPBG",17
"GO:0007167","enzyme-linked receptor protein signaling pathway","34/266","471/7628",0.0721868365180467,2.07007965774308,4.55701898701851,3.65389351549336e-05,0.0017700622068891,0.00139707544667946,"BMP4/CCN1/CCN2/COL1A1/CRIM1/DDR2/EGR1/EPHA4/EPHA7/FLT1/GPC3/MSX2/NEO1/SDCBP/SPRY2/THBS1/VTN/ACVR1B/ACVR2A/ADIPOR1/BAMBI/BMPR1A/CAV1/DDR1/DSTYK/NRP2/PTPRU/RGMA/RNF126/ROBO1/SHISA2/SLC31A1/TGFBR3/VASN",34
"GO:0048729","tissue morphogenesis","24/266","279/7628",0.0860215053763441,2.46681219176975,4.74441067003429,3.68311597516704e-05,0.0017700622068891,0.00139707544667946,"BMP4/CCN1/CD151/EPHA4/EPHA7/FAT1/GCNT1/GJA1/GPC3/MSX2/NTN1/PRKAR1A/SEMA3C/SLIT2/SPINT2/SPRY2/TMEM59L/BMPR1A/DDR1/HMGA2/NRP2/RGMA/ROBO1/TGFBR3",24
"GO:0033002","muscle cell proliferation","13/266","100/7628",0.13,3.72796992481203,5.21938769996045,3.96556608820966e-05,0.00188364389189959,0.00148672324702401,"ADAMTS1/APOE/BMP4/DDR2/GJA1/HMOX1/OGN/PRKAR1A/PTGS2/SERPINF2/THBS1/BMPR1A/TGFBR3",13
"GO:0034370","triglyceride-rich lipoprotein particle remodeling","3/266","3/7628",1,28.6766917293233,9.11327896908391,4.19440348683227e-05,0.00194706116405793,0.00153677725839321,"APOA1/APOC3/APOE",3
"GO:0034372","very-low-density lipoprotein particle remodeling","3/266","3/7628",1,28.6766917293233,9.11327896908391,4.19440348683227e-05,0.00194706116405793,0.00153677725839321,"APOA1/APOC3/APOE",3
"GO:0048671","negative regulation of collateral sprouting","4/266","7/7628",0.571428571428571,16.3866809881847,7.74119083566242,4.65771598829395e-05,0.00205466833105226,0.00162170948863315,"EPHA7/IFRD1/PTPRS/RGMA",4
"GO:0051917","regulation of fibrinolysis","4/266","7/7628",0.571428571428571,16.3866809881847,7.74119083566242,4.65771598829395e-05,0.00205466833105226,0.00162170948863315,"APOH/SERPINF2/THBS1/VTN",4
"GO:0072176","nephric duct development","4/266","7/7628",0.571428571428571,16.3866809881847,7.74119083566242,4.65771598829395e-05,0.00205466833105226,0.00162170948863315,"BMP4/EPHA4/EPHA7/GPC3",4
"GO:0045428","regulation of nitric oxide biosynthetic process","7/266","29/7628",0.241379310344828,6.92196007259528,6.07303853140516,4.67770268758532e-05,0.00205466833105226,0.00162170948863315,"APOE/APP/CLU/PTGS2/ACVR2A/CAV1/RGN",7
"GO:0050818","regulation of coagulation","7/266","29/7628",0.241379310344828,6.92196007259528,6.07303853140516,4.67770268758532e-05,0.00205466833105226,0.00162170948863315,"APOE/APOH/PROS1/SERPINF2/THBS1/VTN/CAV1",7
"GO:0030510","regulation of BMP signaling pathway","9/266","50/7628",0.18,5.16180451127819,5.611890175115,4.75634691885522e-05,0.00206698693228974,0.00163143231942369,"BMP4/CCN1/CRIM1/GPC3/MSX2/NEO1/BAMBI/CAV1/RGMA",9
"GO:0003206","cardiac chamber morphogenesis","10/266","62/7628",0.161290322580645,4.62527285956828,5.44782515829612,4.86108991044623e-05,0.00208304043311124,0.00164410303333627,"ADAMTS1/BMP4/CCN1/MSX2/SEMA3C/SLIT2/BMPR1A/NRP2/ROBO1/TGFBR3",10
"GO:2000146","negative regulation of cell motility","16/266","147/7628",0.108843537414966,3.12127256917805,4.93622674741969,4.89527249886608e-05,0.00208304043311124,0.00164410303333627,"APOE/APOH/BMP4/EPHA4/GJA1/HMOX1/SLIT2/SPINT2/THBS1/ADIPOR1/BMPR1A/PTPRU/RGN/ROBO1/TGFBR3/TIMP1",16
"GO:0072359","circulatory system development","35/266","499/7628",0.0701402805611222,2.01139120345955,4.44196285430307,5.05899548886986e-05,0.00211084701555411,0.00166605022447781,"ADAMTS1/APOE/APOH/B9D1/BMP4/CCN1/CCN2/COL1A1/EGR1/FLT1/FZD7/GJA1/GPC3/HMOX1/LDLR/MFGE8/MGRN1/MSX2/PLPP3/PRKAR1A/PTGS2/SEMA3C/SERPINF2/SLIT2/SPRY2/THBS1/UNC5B/ADAM10/BMPR1A/CAV1/HMGA2/NRP2/ROBO1/SLC31A1/TGFBR3",35
"GO:0000165","MAPK cascade","25/266","303/7628",0.0825082508250825,2.36606367403658,4.61220102055783,5.06396591246764e-05,0.00211084701555411,0.00166605022447781,"APOE/APP/BMP4/CCN1/CCN2/EPHA4/EPHA7/FLT1/FZD7/MAPK8/MFAP3/NBR1/RELL1/RNF149/SDCBP/SERPINF2/SPRY2/THBS1/CAV1/CDON/DSTYK/MDFIC/RBX1/ROBO1/TPBG",25
"GO:0001837","epithelial to mesenchymal transition","12/266","89/7628",0.134831460674157,3.86652023316719,5.17026648715939,5.46385640785827e-05,0.00225453064910112,0.00177945690348431,"BMP4/COL1A1/EPHA4/LRP6/MSX2/SDCBP/SPRY2/ADIPOR1/BAMBI/HMGA2/TGFBR3/VASN",12
"GO:0045732","positive regulation of protein catabolic process","15/266","133/7628",0.112781954887218,3.2342133529312,4.94065387641799,5.58254723745844e-05,0.00226571968935828,0.00178828819390696,"APOE/APP/C4BPA/CLU/GPC3/HERPUD1/LDLR/NDFIP1/PABIR1/RCHY1/TRIB3/CAV1/GABARAP/RBX1/RGMA",15
"GO:0070374","positive regulation of ERK1 and ERK2 cascade","9/266","51/7628",0.176470588235294,5.06059265811588,5.53026133313467,5.60190180233015e-05,0.00226571968935828,0.00178828819390696,"APOE/APP/BMP4/CCN2/MFAP3/SERPINF2/SPRY2/DSTYK/TPBG",9
"GO:0014909","smooth muscle cell migration","8/266","40/7628",0.2,5.73533834586466,5.70738454447194,5.73370802803823e-05,0.00229629385240551,0.00181241978223747,"ADAMTS1/BMP4/DDR2/FAT1/SLIT2/VTN/BMPR1A/DDR1",8
"GO:0080164","regulation of nitric oxide metabolic process","7/266","30/7628",0.233333333333333,6.69122807017544,5.93658591806516,5.92151754948589e-05,0.00234848535821843,0.00185361351600156,"APOE/APP/CLU/PTGS2/ACVR2A/CAV1/RGN",7
"GO:0141091","transforming growth factor beta receptor superfamily signaling pathway","18/266","182/7628",0.0989010989010989,2.83615632487813,4.76544669471551,6.00480380363841e-05,0.00235861764787143,0.00186161073386077,"BMP4/CCN1/CRIM1/EGR1/GPC3/MSX2/NEO1/SDCBP/SPRY2/THBS1/ACVR1B/ACVR2A/BAMBI/BMPR1A/CAV1/RGMA/TGFBR3/VASN",18
"GO:0016477","cell migration","43/266","673/7628",0.0638930163447251,1.8322403333743,4.29761502510384,6.13160573770673e-05,0.00238548661319352,0.00188281788216499,"ADAMTS1/APOA1/APOE/APOH/APP/BMP4/CCN1/CCN2/CD151/COL1A1/DDR2/EPHA4/FAT1/FLT1/GCNT1/GJA1/GPC3/HMOX1/MSX2/NEO1/NTN1/PLPP3/PTGS2/RNF7/SDCBP/SEMA3C/SLIT2/SPRY2/THBS1/VTN/ACVR1B/ADAM10/ADIPOR1/BAMBI/BMPR1A/CAV1/DDR1/NRP2/PTPRU/ROBO1/TGFBR3/TIMP1/TPBG",43
"GO:0060485","mesenchyme development","16/266","150/7628",0.106666666666667,3.05884711779449,4.8405730978482,6.26590827644722e-05,0.00241473918012141,0.00190590636055192,"BMP4/COL1A1/EPHA4/LRP6/MSX2/SDCBP/SEMA3C/SPRY2/ADIPOR1/BAMBI/BMPR1A/HMGA2/NRP2/ROBO1/TGFBR3/VASN",16
"GO:2000026","regulation of multicellular organismal development","40/266","611/7628",0.0654664484451719,1.87736116067583,4.29776887967548,6.71771591086893e-05,0.00256466070055136,0.00202423648155352,"ADAMTS1/APOH/APP/B4GALT5/BMP4/CCN1/CCN2/DDR2/EPHA4/EPHA7/FLT1/GJA1/HMOX1/IFRD1/LDLR/MEIS2/MSX2/NBR1/NDFIP1/NTN1/PTPRS/SLIT2/SPRY2/THBS1/ZNF16/ACVR1B/ACVR2A/ADAM10/BMPR1A/CAV1/CD83/CDON/CLSTN3/HMGA2/LPIN1/RGMA/RGN/ROBO1/TGFBR3/TPBG",40
"GO:0001934","positive regulation of protein phosphorylation","19/266","202/7628",0.0940594059405941,2.6973125884017,4.64707658138915,7.45277178369382e-05,0.00281894192003604,0.00222493566992731,"APP/BMP4/CCN1/DDR2/EPHA4/EPHA7/FLT1/PLPP3/PTGS2/SPRY2/THBS1/TNFRSF10B/VTN/ACVR2A/CAV1/HMGA2/JTB/ROBO1/TFRC",19
"GO:0009887","animal organ morphogenesis","30/266","408/7628",0.0735294117647059,2.10858027421495,4.37470139184533,7.77688549704321e-05,0.00291454837205702,0.00230039597078159,"ADAMTS1/APLP1/BMP4/CCN1/CCN2/CHSY1/COL1A1/DGCR2/FAT1/GCNT1/GJA1/GPC3/LRIG1/LRIG3/MEIS2/MSX2/NTN1/SEMA3C/SLIT2/SPRY2/TMEM59L/ACVR2A/BMPR1A/CAV1/CDON/DDR1/NRP2/RELT/ROBO1/TGFBR3",30
"GO:0030198","extracellular matrix organization","13/266","107/7628",0.121495327102804,3.4840840418804,4.91858481108896,8.12501272420048e-05,0.00296345330163919,0.00233899567426937,"ADAMTS1/APLP1/APP/CCN1/COL1A1/DDR2/SERPINF2/SPINT2/VTN/ADAM10/CAV1/DDR1/TGFBR3",13
"GO:0043062","extracellular structure organization","13/266","107/7628",0.121495327102804,3.4840840418804,4.91858481108896,8.12501272420048e-05,0.00296345330163919,0.00233899567426937,"ADAMTS1/APLP1/APP/CCN1/COL1A1/DDR2/SERPINF2/SPINT2/VTN/ADAM10/CAV1/DDR1/TGFBR3",13
"GO:0045229","external encapsulating structure organization","13/266","107/7628",0.121495327102804,3.4840840418804,4.91858481108896,8.12501272420048e-05,0.00296345330163919,0.00233899567426937,"ADAMTS1/APLP1/APP/CCN1/COL1A1/DDR2/SERPINF2/SPINT2/VTN/ADAM10/CAV1/DDR1/TGFBR3",13
"GO:0001525","angiogenesis","20/266","221/7628",0.0904977375565611,2.59517572211071,4.57407499329295,8.29523383821166e-05,0.00299876373708802,0.00236686550968256,"ADAMTS1/APOH/BMP4/CCN1/CCN2/FLT1/HMOX1/MFGE8/PTGS2/SLIT2/SPRY2/THBS1/UNC5B/BMPR1A/CAV1/HMGA2/NRP2/ROBO1/SLC31A1/TGFBR3",20
"GO:0050680","negative regulation of epithelial cell proliferation","10/266","66/7628",0.151515151515152,4.34495329232171,5.18756407528388,8.43569701134572e-05,0.00302279142906555,0.00238583009656066,"APOE/APOH/BMP4/FLT1/GPC3/THBS1/CAV1/RGN/ROBO1/TGFBR3",10
"GO:0030282","bone mineralization","9/266","54/7628",0.166666666666667,4.77944862155388,5.29764021646955,8.93553310651799e-05,0.003163311720271,0.00249674001138699,"BMP4/CCN1/DDR2/GJA1/GPC3/NBR1/PTGS2/ACVR2A/BMPR1A",9
"GO:0006958","complement activation, classical pathway","4/266","8/7628",0.5,14.3383458646617,7.17446080469796,9.06015841546405e-05,0.003163311720271,0.00249674001138699,"C4A/C4BPA/CLU/NCR3LG1",4
"GO:1905809","negative regulation of synapse organization","4/266","8/7628",0.5,14.3383458646617,7.17446080469796,9.06015841546405e-05,0.003163311720271,0.00249674001138699,"APOE/APP/EPHA7/CLSTN3",4
"GO:0030500","regulation of bone mineralization","7/266","32/7628",0.21875,6.27302631578947,5.68148984583152,9.22199510928428e-05,0.00319252966283274,0.00251980116143959,"BMP4/CCN1/DDR2/GJA1/NBR1/ACVR2A/BMPR1A",7
"GO:0031345","negative regulation of cell projection organization","12/266","94/7628",0.127659574468085,3.66085426331787,4.93391873899201,9.41333550258587e-05,0.00323138449815658,0.00255046852228399,"APOE/EPHA4/EPHA7/IFRD1/ITM2C/NEO1/NTN1/PTPRS/RAB29/SLIT2/SPRY2/RGMA",12
"GO:0019220","regulation of phosphate metabolic process","31/266","434/7628",0.0714285714285714,2.04833512352309,4.27444338922933,0.000100831415101747,0.00340410190653419,0.00268679099135843,"APOE/APP/BMP4/CCN1/DDR2/EPHA4/EPHA7/FLT1/FZD7/LDLR/LRP6/PLPP3/PRKAR1A/PRKAR1B/PTGS2/SDCBP/SLIT2/SPRY2/THBS1/TNFRSF10B/TRIB3/UVRAG/VTN/ZNF16/ACVR2A/CAV1/DSTYK/HMGA2/JTB/ROBO1/TFRC",31
"GO:0051174","regulation of phosphorus metabolic process","31/266","434/7628",0.0714285714285714,2.04833512352309,4.27444338922933,0.000100831415101747,0.00340410190653419,0.00268679099135843,"APOE/APP/BMP4/CCN1/DDR2/EPHA4/EPHA7/FLT1/FZD7/LDLR/LRP6/PLPP3/PRKAR1A/PRKAR1B/PTGS2/SDCBP/SLIT2/SPRY2/THBS1/TNFRSF10B/TRIB3/UVRAG/VTN/ZNF16/ACVR2A/CAV1/DSTYK/HMGA2/JTB/ROBO1/TFRC",31
"GO:0045744","negative regulation of G protein-coupled receptor signaling pathway","6/266","23/7628",0.260869565217391,7.48087610330173,5.91654010590644,0.000103985386321108,0.00348180576329285,0.00274812112425845,"APLP1/APP/MGRN1/SLIT2/ARRDC3/ROBO1",6
"GO:0006955","immune response","40/266","625/7628",0.064,1.83530827067669,4.14251902820599,0.000110614054876777,0.00367364564367183,0.00289953658611527,"APOA1/APOE/APP/C4A/C4BPA/CALCOCO2/CD84/CLU/HLA-A/HPX/IFI35/IFNAR1/MAPK8/NDFIP1/PHPT1/PTPRS/RAB29/RNASE4/SEMA3C/SERINC3/TAX1BP1/THBS1/TRIM23/VTN/BMPR1A/CAV1/CD83/FCGRT/IL10RB/NCR3LG1/OPTN/PLSCR1/RIOK3/RNF34/SLC19A1/SPPL2B/SQSTM1/TFRC/TGFBR3/TRIM41",40
"GO:0051043","regulation of membrane protein ectodomain proteolysis","5/266","15/7628",0.333333333333333,9.55889724310777,6.30674558601779,0.000111884585363658,0.00368587525169792,0.00290918917630632,"APOE/APP/TIMP3/RGMA/TIMP1",5
"GO:0070372","regulation of ERK1 and ERK2 cascade","12/266","96/7628",0.125,3.58458646616541,4.84385698018764,0.00011573493691483,0.00375253256929641,0.00296180049210975,"APOE/APP/BMP4/CCN1/CCN2/EPHA4/EPHA7/MFAP3/SERPINF2/SPRY2/DSTYK/TPBG",12
"GO:0002682","regulation of immune system process","41/266","648/7628",0.0632716049382716,1.81442031003435,4.11934505689513,0.000115745190631909,0.00375253256929641,0.00296180049210975,"APOA1/APOE/APP/BMP4/C4A/C4BPA/CD84/CLU/GCNT1/HLA-A/HMOX1/HPX/IFI35/IL13RA1/LDLR/MAPK8/MEIS2/NDFIP1/PHPT1/PRKAR1A/PTPRS/RAB29/SLIT2/TAX1BP1/THBS1/ZNF16/ACVR1B/ACVR2A/ADAM10/CAV1/CD320/CD83/NCR3LG1/PLSCR1/RIOK3/RNF34/SLC19A1/SPPL2B/SQSTM1/TFRC/TRIM41",41
"GO:0044703","multi-organism reproductive process","11/266","82/7628",0.134146341463415,3.84687328076288,4.92647685858829,0.000117155572392812,0.00376835049783179,0.00297428527342879,"GJA1/PTGS2/PZP/ACVR1B/ACVR2A/DDR1/FOSB/SLC19A1/SLC38A2/STC2/TIMP1",11
"GO:0007178","cell surface receptor protein serine/threonine kinase signaling pathway","18/266","192/7628",0.09375,2.68843984962406,4.50387472708669,0.000120401956855627,0.00384251557621278,0.0030328223178354,"BMP4/CCN1/CRIM1/EGR1/GPC3/MSX2/NEO1/SDCBP/SPRY2/THBS1/ACVR1B/ACVR2A/BAMBI/BMPR1A/CAV1/RGMA/TGFBR3/VASN",18
"GO:0031399","regulation of protein modification process","36/266","545/7628",0.0660550458715596,1.89424018762503,4.1177843488982,0.00013518721998578,0.00428092863288305,0.00337885316047691,"APOE/APP/BMP4/CCN1/DDR2/EGR1/EPHA4/EPHA7/FLT1/HERPUD1/LRP6/NDFIP1/NDFIP2/PLPP3/PRKAR1A/PRKAR1B/PTGS2/RCHY1/SLIT2/SPRY2/THBS1/TNFRSF10B/TRIB3/UVRAG/VTN/ACVR2A/ARRDC3/CAV1/GABARAP/HMGA2/JTB/PTTG1IP/RBX1/ROBO1/SQSTM1/TFRC",36
"GO:0008285","negative regulation of cell population proliferation","24/266","303/7628",0.0792079207920792,2.27142112707511,4.29266214401775,0.00013626814777554,0.00428196448971601,0.00337967074199578,"ADAMTS1/APOE/APOH/APP/BMP4/FLT1/GPC3/HMOX1/IFI35/MSX2/NDFIP1/OGN/PRKAR1A/PTGS2/SPINT2/SPRY2/THBS1/CAV1/DDR1/PTPRU/RGN/ROBO1/TGFBR3/TPBG",24
"GO:0006641","triglyceride metabolic process","7/266","34/7628",0.205882352941176,5.90402476780186,5.44724115037846,0.000138846730523721,0.00432968621518626,0.00341733656564209,"APOC3/APOE/APOH/LDLR/CAV1/LPIN1/RGN",7
"GO:0051240","positive regulation of multicellular organismal process","41/266","654/7628",0.0626911314984709,1.79777425214412,4.05553079142853,0.000141730667690482,0.00438613467814864,0.00346189023234408,"APOE/APOH/APP/B4GALT5/BMP4/CCN1/CLU/COL1A1/DDR2/EGR1/EPHA4/FLT1/GJA1/HLA-A/HMOX1/MSX2/NTN1/PRKAR1B/PTGS2/SDCBP/SERPINF2/SLIT2/THBS1/VTN/ACVR1B/ACVR2A/ADIPOR1/BAMBI/BMPR1A/CAV1/CD320/CD83/CDON/CLSTN3/HMGA2/LPIN1/RIOK3/ROBO1/TFRC/TGFBR3/TPBG",41
"GO:0034097","response to cytokine","28/266","383/7628",0.0731070496083551,2.09646832485915,4.18500582860494,0.000150562088448511,0.00462440700234712,0.00364995391308104,"APOA1/APP/CALCOCO2/COL1A1/EGR1/HPX/IFNAR1/IL13RA1/ITIH4/MFAP3/MT2A/PTGS2/SLIT2/SPRY2/THBS1/TIMP3/ADAM10/ADIPOR1/CAV1/IL10RB/NRP2/PLSCR1/ROBO1/SPPL2B/TFRC/TIMP1/TRIM41/UGCG",28
"GO:0007596","blood coagulation","12/266","99/7628",0.121212121212121,3.47596263385737,4.71316690950857,0.000156063784278832,0.00464859822937369,0.00366904757497175,"APOE/APOH/F5/HGFAC/PROS1/SERPIND1/SERPINF2/THBS1/VTN/C1GALT1C1/CAV1/PLSCR1",12
"GO:0001937","negative regulation of endothelial cell proliferation","5/266","16/7628",0.3125,8.96146616541353,6.05931374303649,0.000158132781314032,0.00464859822937369,0.00366904757497175,"APOE/APOH/FLT1/THBS1/CAV1",5
"GO:0048681","negative regulation of axon regeneration","4/266","9/7628",0.444444444444444,12.7451963241437,6.70119619787278,0.000158618741906068,0.00464859822937369,0.00366904757497175,"EPHA4/NEO1/PTPRS/RGMA",4
"GO:0070571","negative regulation of neuron projection regeneration","4/266","9/7628",0.444444444444444,12.7451963241437,6.70119619787278,0.000158618741906068,0.00464859822937369,0.00366904757497175,"EPHA4/NEO1/PTPRS/RGMA",4
"GO:0071636","positive regulation of transforming growth factor beta production","4/266","9/7628",0.444444444444444,12.7451963241437,6.70119619787278,0.000158618741906068,0.00464859822937369,0.00366904757497175,"PTGS2/SERPINF2/THBS1/BMPR1A",4
"GO:0001932","regulation of protein phosphorylation","26/266","345/7628",0.0753623188405797,2.16114198539828,4.19526603858605,0.000161110944428933,0.00464859822937369,0.00366904757497175,"APOE/APP/BMP4/CCN1/DDR2/EPHA4/EPHA7/FLT1/LRP6/PLPP3/PRKAR1A/PRKAR1B/PTGS2/SLIT2/SPRY2/THBS1/TNFRSF10B/TRIB3/UVRAG/VTN/ACVR2A/CAV1/HMGA2/JTB/ROBO1/TFRC",26
"GO:0044092","negative regulation of molecular function","26/266","345/7628",0.0753623188405797,2.16114198539828,4.19526603858605,0.000161110944428933,0.00464859822937369,0.00366904757497175,"APLP2/APOC3/APOE/APP/GPC3/ITIH2/ITIH4/LRP6/MAPK8/NDFIP1/NDFIP2/PHPT1/PTGS2/PZP/SERPIND1/SERPINF2/SPINT2/TAX1BP1/THBS1/TIMP3/TRIB3/VTN/CAV1/HMGA2/RNF34/TIMP1",26
"GO:0010951","negative regulation of endopeptidase activity","8/266","46/7628",0.173913043478261,4.98725073553449,5.15561356364739,0.000162272027554932,0.00464859822937369,0.00366904757497175,"PTGS2/SERPIND1/SERPINF2/THBS1/TIMP3/VTN/RNF34/TIMP1",8
"GO:0009612","response to mechanical stimulus","11/266","85/7628",0.129411764705882,3.71110128261831,4.77752464901188,0.000162729387221649,0.00464859822937369,0.00366904757497175,"BACE1/BNIP3/COL1A1/DDR2/MAPK8/MEIS2/PTGS2/THBS1/TNFRSF10B/FOSB/SLC38A2",11
"GO:0044706","multi-multicellular organism process","11/266","85/7628",0.129411764705882,3.71110128261831,4.77752464901188,0.000162729387221649,0.00464859822937369,0.00366904757497175,"GJA1/PTGS2/PZP/ACVR1B/ACVR2A/DDR1/FOSB/SLC19A1/SLC38A2/STC2/TIMP1",11
"GO:0014910","regulation of smooth muscle cell migration","7/266","35/7628",0.2,5.73533834586466,5.33701130236333,0.000168454312746196,0.00477872130255702,0.00377175116916373,"ADAMTS1/BMP4/DDR2/FAT1/SLIT2/VTN/BMPR1A",7
"GO:0050817","coagulation","12/266","100/7628",0.12,3.4412030075188,4.67072046310335,0.000171937619287478,0.00484389775716791,0.0038231936688025,"APOE/APOH/F5/HGFAC/PROS1/SERPIND1/SERPINF2/THBS1/VTN/C1GALT1C1/CAV1/PLSCR1",12
"GO:0045667","regulation of osteoblast differentiation","9/266","59/7628",0.152542372881356,4.37441060277813,4.94566237561595,0.000181293476986586,0.00507249214719318,0.00400361874556535,"BMP4/CCN1/CRIM1/DDR2/MSX2/NBR1/ACVR2A/BAMBI/BMPR1A",9
"GO:0007599","hemostasis","12/266","101/7628",0.118811881188119,3.40713169061267,4.62881010461105,0.000189171597581679,0.00516733273601724,0.00407847456559191,"APOE/APOH/F5/HGFAC/PROS1/SERPIND1/SERPINF2/THBS1/VTN/C1GALT1C1/CAV1/PLSCR1",12
"GO:0045926","negative regulation of growth","12/266","101/7628",0.118811881188119,3.40713169061267,4.62881010461105,0.000189171597581679,0.00516733273601724,0.00407847456559191,"EPHA7/GJA1/GPC3/IFRD1/MT2A/NTN1/PTPRS/SLIT2/ACVR1B/ADIPOR1/RGMA/STC2",12
"GO:0014812","muscle cell migration","8/266","47/7628",0.170212765957447,4.88113901775716,5.07299768964436,0.000189742940123032,0.00516733273601724,0.00407847456559191,"ADAMTS1/BMP4/DDR2/FAT1/SLIT2/VTN/BMPR1A/DDR1",8
"GO:0042982","amyloid precursor protein metabolic process","8/266","47/7628",0.170212765957447,4.88113901775716,5.07299768964436,0.000189742940123032,0.00516733273601724,0.00407847456559191,"APOE/APP/BACE1/CLU/EPHA4/ITM2B/ITM2C/ADAM10",8
"GO:0003151","outflow tract morphogenesis","7/266","36/7628",0.194444444444444,5.57602339181286,5.23095725824816,0.00020296872611553,0.00549090891511217,0.00433386690897084,"BMP4/MSX2/SEMA3C/BMPR1A/NRP2/ROBO1/TGFBR3",7
"GO:1901652","response to peptide","28/266","390/7628",0.0717948717948718,2.05883940620783,4.08011961130573,0.00020435810902372,0.00549212418001249,0.00433482609376493,"APOA1/APP/CALCOCO2/COL1A1/EGR1/HPX/IFNAR1/IL13RA1/ITIH4/MFAP3/MT2A/PTGS2/SLIT2/SPRY2/THBS1/TIMP3/ADAM10/ADIPOR1/CAV1/IL10RB/NRP2/PLSCR1/ROBO1/SPPL2B/TFRC/TIMP1/TRIM41/UGCG",28
"GO:0061564","axon development","21/266","255/7628",0.0823529411764706,2.36160990712074,4.20359107146461,0.000211061486785511,0.00563520374848898,0.0044477559960373,"APLP1/APLP2/APOE/APP/B4GALT5/B4GALT6/CSPG5/EPHA4/EPHA7/IFRD1/NEO1/NTN1/PTPRS/SEMA3C/SLIT2/UNC5B/DDR1/NRP2/NTN3/RGMA/ROBO1",21
"GO:0051336","regulation of hydrolase activity","22/266","274/7628",0.0802919708029197,2.30250809505516,4.17362749443387,0.000214615434038326,0.00569288342887378,0.00449328143854677,"APLP2/APOA1/APOC3/APOH/APP/EPHA4/EPHA7/GPC3/ITIH2/ITIH4/PTGS2/PZP/SERPIND1/SERPINF2/SPINT2/THBS1/TIMP3/VTN/PDCD2/RNF34/ROBO1/TIMP1",22
"GO:0007189","adenylate cyclase-activating G protein-coupled receptor signaling pathway","6/266","26/7628",0.230769230769231,6.6176980913823,5.45382152641658,0.000217152350383668,0.00572301516978894,0.00451706383174992,"APLP1/APP/MGRN1/PRKAR1A/PRKAR1B/ARRDC3",6
"GO:0040008","regulation of growth","23/266","295/7628",0.0779661016949153,2.23580986364216,4.11473250774886,0.000237685442142843,0.00622400660995842,0.00491248656736524,"APOE/APP/CDK11A/EPHA7/GJA1/GPC3/IFRD1/MT2A/NTN1/PABIR1/PTPRS/SDCBP/SLIT2/ACVR1B/ADAM10/ADIPOR1/BMPR1A/CLSTN3/DDR1/RGMA/SELENOP/STC2/TGFBR3",23
"GO:0006809","nitric oxide biosynthetic process","7/266","37/7628",0.189189189189189,5.425320056899,5.12880086786112,0.000242973076996033,0.00632194279954646,0.00498978568447099,"APOE/APP/CLU/PTGS2/ACVR2A/CAV1/RGN",7
"GO:0006956","complement activation","4/266","10/7628",0.4,11.4706766917293,6.29758518385659,0.000257136046587245,0.00660629402709998,0.00521421854152091,"C4A/C4BPA/CLU/NCR3LG1",4
"GO:0032488","Cdc42 protein signal transduction","4/266","10/7628",0.4,11.4706766917293,6.29758518385659,0.000257136046587245,0.00660629402709998,0.00521421854152091,"APOA1/APOC3/APOE/NTN1",4
"GO:0003279","cardiac septum development","9/266","62/7628",0.145161290322581,4.16274557361145,4.7527691218426,0.000267143228316951,0.00682050054796715,0.00538328755483435,"BMP4/CCN1/MSX2/SEMA3C/SLIT2/BMPR1A/NRP2/ROBO1/TGFBR3",9
"GO:0002042","cell migration involved in sprouting angiogenesis","6/266","27/7628",0.222222222222222,6.37259816207185,5.31558001510544,0.000271122528694965,0.00687910266906169,0.00542954106173702,"HMOX1/PTGS2/SLIT2/THBS1/ROBO1/TGFBR3",6
"GO:0048668","collateral sprouting","5/266","18/7628",0.277777777777778,7.96574770258981,5.62382048702396,0.000292885215022348,0.00738540804547095,0.00582915798319333,"APP/EPHA7/IFRD1/PTPRS/RGMA",5
"GO:0030278","regulation of ossification","8/266","50/7628",0.16,4.58827067669173,4.83852158399314,0.000295920636125495,0.00741617054339048,0.00585343822055145,"BMP4/CCN1/CHSY1/DDR2/GJA1/NBR1/ACVR2A/BMPR1A",8
"GO:0009896","positive regulation of catabolic process","25/266","339/7628",0.0737463126843658,2.11480027502384,3.99100917437783,0.00030170444010283,0.00751501608426867,0.00593145507082779,"APOE/APP/BNIP3/C4BPA/CALCOCO2/CLU/GPC3/HERPUD1/HMOX1/LDLR/NDFIP1/PABIR1/PLEKHF1/RCHY1/TMEM59/TRIB3/TRIM23/UVRAG/CAV1/CLSTN3/GABARAP/OPTN/RBX1/RGMA/SQSTM1",25
"GO:0006954","inflammatory response","21/266","262/7628",0.0801526717557252,2.29851345922057,4.06537890067834,0.000306135774910553,0.00757917963945219,0.00598209810877847,"APOA1/APOE/APP/C4A/CLOCK/CLU/HMOX1/IFI35/ITIH4/LDLR/MAPK8/NDFIP1/PLD3/PTGS2/SERPINF2/THBS1/IL10RB/PLGRKT/PLSCR1/TFRC/TIMP1",21
"GO:0007409","axonogenesis","19/266","226/7628",0.084070796460177,2.41087231352718,4.09248574411631,0.000325741807467195,0.00801599568375597,0.00632686846082447,"APLP1/APLP2/APOE/APP/B4GALT5/B4GALT6/EPHA4/EPHA7/IFRD1/NEO1/NTN1/PTPRS/SEMA3C/SLIT2/UNC5B/NRP2/NTN3/RGMA/ROBO1",19
"GO:0061045","negative regulation of wound healing","6/266","28/7628",0.214285714285714,6.14500537056928,5.18415331663996,0.000335092981940033,0.00819673551631758,0.00646952287224912,"APOE/APOH/PROS1/SERPINF2/THBS1/VTN",6
"GO:0046209","nitric oxide metabolic process","7/266","39/7628",0.179487179487179,5.14709851551957,4.93519326240767,0.00034198746405368,0.00831558803963859,0.00656333084208284,"APOE/APP/CLU/PTGS2/ACVR2A/CAV1/RGN",7
"GO:0098609","cell-cell adhesion","26/266","362/7628",0.0718232044198895,2.05965189216134,3.92635525130062,0.000345197507038181,0.00833673966342198,0.00658002540464125,"APOA1/BMP4/CCN1/CD84/EPHA7/FAT1/GCNT1/HLA-A/LRP6/NDFIP1/NEO1/NTN1/PLPP3/PRKAR1A/PTPRS/SERPINF2/SPINT2/CAV1/CD83/CDON/CLSTN3/DSC3/PCDH7/PTPRU/ROBO1/TFRC",26
"GO:0051248","negative regulation of protein metabolic process","30/266","444/7628",0.0675675675675676,1.93761430603536,3.86947756806245,0.00034693898232111,0.00833673966342198,0.00658002540464125,"APLP2/APOE/APP/CD84/CLU/EPHA4/GPC3/ITIH2/ITIH4/ITM2B/ITM2C/LDLR/LRP6/PLPP3/PTGS2/PZP/SERPIND1/SERPINF2/SLIT2/SPINT2/SPRY2/THBS1/TIMP3/TRIB3/VTN/CAV1/GABARAPL2/RNF34/SQSTM1/TIMP1",30
"GO:0030336","negative regulation of cell migration","14/266","140/7628",0.1,2.86766917293233,4.23936524880767,0.000355050951097361,0.00848177272065919,0.00669449715734822,"APOE/APOH/BMP4/EPHA4/GJA1/HMOX1/SLIT2/THBS1/ADIPOR1/BMPR1A/PTPRU/ROBO1/TGFBR3/TIMP1",14
"GO:0048646","anatomical structure formation involved in morphogenesis","33/266","509/7628",0.0648330058939096,1.85919612390505,3.81383138879777,0.000369825076958527,0.00874185101106023,0.00689977186030471,"ADAMTS1/APOH/BMP4/CCN1/CCN2/COL1A1/FLT1/FZD7/GJA1/HMOX1/LRP6/MFGE8/MSX2/NEO1/PRKAR1A/PTGS2/SEMA3C/SLIT2/SPINT2/SPRY2/THBS1/UNC5B/VTN/BMPR1A/CAV1/CDON/HMGA2/NRP2/RELT/RGMA/ROBO1/SLC31A1/TGFBR3",33
"GO:0030155","regulation of cell adhesion","25/266","344/7628",0.0726744186046512,2.08406189893338,3.91082261951197,0.000376763861687838,0.00874185101106023,0.00689977186030471,"APOA1/BMP4/CCN1/COL1A1/CSPG5/EDIL3/EPHA4/EPHA7/FZD7/GCNT1/HLA-A/NDFIP1/PLPP3/PRKAR1A/SERPINF2/SPINT2/THBS1/VTN/ADAM10/CAV1/CD83/DDR1/PTPRU/STX3/TFRC",25
"GO:0034381","plasma lipoprotein particle clearance","5/266","19/7628",0.263157894736842,7.54649782350613,5.43052504812667,0.000386258023645531,0.00874185101106023,0.00689977186030471,"APOA1/APOC3/APOE/HMOX1/LDLR",5
"GO:0007565","female pregnancy","10/266","79/7628",0.126582278481013,3.62996097839536,4.46619748515541,0.000386672175043674,0.00874185101106023,0.00689977186030471,"GJA1/PTGS2/PZP/ACVR1B/DDR1/FOSB/SLC19A1/SLC38A2/STC2/TIMP1",10
"GO:0070371","ERK1 and ERK2 cascade","12/266","109/7628",0.110091743119266,3.15706697937504,4.31138317089081,0.000388255591910521,0.00874185101106023,0.00689977186030471,"APOE/APP/BMP4/CCN1/CCN2/EPHA4/EPHA7/MFAP3/SERPINF2/SPRY2/DSTYK/TPBG",12
"GO:0010717","regulation of epithelial to mesenchymal transition","8/266","52/7628",0.153846153846154,4.4117987275882,4.69229034004165,0.000390525488042288,0.00874185101106023,0.00689977186030471,"BMP4/COL1A1/EPHA4/SDCBP/SPRY2/ADIPOR1/BAMBI/VASN",8
"GO:0050806","positive regulation of synaptic transmission","8/266","52/7628",0.153846153846154,4.4117987275882,4.69229034004165,0.000390525488042288,0.00874185101106023,0.00689977186030471,"APOE/APP/EPHA4/PRKAR1B/PTGS2/CLSTN3/SQSTM1/STX3",8
"GO:0060560","developmental growth involved in morphogenesis","13/266","125/7628",0.104,2.98237593984962,4.2475973018131,0.000392634599997797,0.00874185101106023,0.00689977186030471,"APOE/APP/BMP4/EPHA7/IFRD1/NTN1/PTPRS/SLIT2/SPRY2/CLSTN3/DDR1/NRP2/RGMA",13
"GO:0048670","regulation of collateral sprouting","4/266","11/7628",0.363636363636364,10.4278879015721,5.94755627299362,0.000393034725137058,0.00874185101106023,0.00689977186030471,"EPHA7/IFRD1/PTPRS/RGMA",4
"GO:0033700","phospholipid efflux","3/266","5/7628",0.6,17.206015037594,6.88998164259652,0.000398037769414248,0.00874185101106023,0.00689977186030471,"APOA1/APOC3/APOE",3
"GO:0034375","high-density lipoprotein particle remodeling","3/266","5/7628",0.6,17.206015037594,6.88998164259652,0.000398037769414248,0.00874185101106023,0.00689977186030471,"APOA1/APOC3/APOE",3
"GO:0060352","cell adhesion molecule production","3/266","5/7628",0.6,17.206015037594,6.88998164259652,0.000398037769414248,0.00874185101106023,0.00689977186030471,"APOA1/GCNT1/CAV1",3
"GO:0106072","negative regulation of adenylate cyclase-activating G protein-coupled receptor signaling pathway","3/266","5/7628",0.6,17.206015037594,6.88998164259652,0.000398037769414248,0.00874185101106023,0.00689977186030471,"APLP1/MGRN1/ARRDC3",3
"GO:1905770","regulation of mesodermal cell differentiation","3/266","5/7628",0.6,17.206015037594,6.88998164259652,0.000398037769414248,0.00874185101106023,0.00689977186030471,"BMP4/GJA1/BMPR1A",3
"GO:1905908","positive regulation of amyloid fibril formation","3/266","5/7628",0.6,17.206015037594,6.88998164259652,0.000398037769414248,0.00874185101106023,0.00689977186030471,"APOE/APP/CLU",3
"GO:0040007","growth","31/266","469/7628",0.0660980810234542,1.89547429340943,3.80481152175213,0.000403878595686777,0.00882269552609885,0.00696358085329918,"APOE/APP/BMP4/CDK11A/DDR2/EPHA7/FZD7/GJA1/GPC3/IFRD1/MFSD8/MSX2/MT2A/NTN1/PABIR1/PRKAR1A/PTPRS/SDCBP/SLIT2/SPRY2/ACVR1B/ADAM10/ADIPOR1/BMPR1A/CLSTN3/DDR1/NRP2/RGMA/SELENOP/STC2/TGFBR3",31
"GO:0045862","positive regulation of proteolysis","16/266","177/7628",0.0903954802259887,2.59224332016482,4.0738831868619,0.000433406175908975,0.00941736291802214,0.00743294018370207,"APOE/APP/CLU/EPHA4/HERPUD1/PABIR1/RCHY1/TRIB3/CAV1/GABARAP/PDCD2/PLGRKT/RBX1/RGMA/RGN/ROBO1",16
"GO:0006879","intracellular iron ion homeostasis","7/266","41/7628",0.170731707317073,4.89602053915276,4.75442399427711,0.000470978943026242,0.010020567615949,0.00790903784259528,"ABCB6/HMOX1/HPX/NCOA4/NDFIP1/NEO1/TFRC",7
"GO:0070167","regulation of biomineral tissue development","7/266","41/7628",0.170731707317073,4.89602053915276,4.75442399427711,0.000470978943026242,0.010020567615949,0.00790903784259528,"BMP4/CCN1/DDR2/GJA1/NBR1/ACVR2A/BMPR1A",7
"GO:0090288","negative regulation of cellular response to growth factor stimulus","7/266","41/7628",0.170731707317073,4.89602053915276,4.75442399427711,0.000470978943026242,0.010020567615949,0.00790903784259528,"CRIM1/SLIT2/SPRY2/THBS1/BAMBI/CAV1/SHISA2",7
"GO:2001057","reactive nitrogen species metabolic process","7/266","41/7628",0.170731707317073,4.89602053915276,4.75442399427711,0.000470978943026242,0.010020567615949,0.00790903784259528,"APOE/APP/CLU/PTGS2/ACVR2A/CAV1/RGN",7
"GO:0051897","positive regulation of phosphatidylinositol 3-kinase/protein kinase B signal transduction","9/266","67/7628",0.134328358208955,3.85209291886433,4.45688304416606,0.000483646730300713,0.0102367714677638,0.00807968331012317,"APP/DDR2/FLT1/PROS1/SPRY2/THBS1/UNC5B/DDR1/TPBG",9
"GO:0007566","embryo implantation","6/266","30/7628",0.2,5.73533834586466,4.93948627514194,0.000498078505854865,0.0104878901877171,0.00827788639953039,"GJA1/PTGS2/ACVR1B/DDR1/STC2/TIMP1",6
"GO:0007411","axon guidance","11/266","97/7628",0.11340206185567,3.2519959693047,4.24274506671108,0.000524269602897263,0.0109827760401811,0.0086684901143013,"APP/EPHA4/EPHA7/NEO1/NTN1/SEMA3C/SLIT2/UNC5B/NRP2/NTN3/ROBO1",11
"GO:0001935","endothelial cell proliferation","9/266","68/7628",0.132352941176471,3.79544449358691,4.40113020257743,0.000540746051432486,0.0112197963722043,0.00885556562212501,"APOA1/APOE/APOH/BMP4/FLT1/HMOX1/THBS1/CAV1/NRP2",9
"GO:0052548","regulation of endopeptidase activity","12/266","113/7628",0.106194690265487,3.04531239603433,4.16345777731696,0.000541077083310707,0.0112197963722043,0.00885556562212501,"EPHA4/EPHA7/PTGS2/SERPIND1/SERPINF2/THBS1/TIMP3/VTN/PDCD2/RNF34/ROBO1/TIMP1",12
"GO:0015914","phospholipid transport","7/266","42/7628",0.166666666666667,4.77944862155388,4.66838276263112,0.000548608219160579,0.011318507955914,0.0089334767426308,"APOA1/APOC3/APOE/LDLR/PRELID3B/PCTP/PLSCR1",7
"GO:0050804","modulation of chemical synaptic transmission","16/266","181/7628",0.0883977900552486,2.53495617496781,3.97250429814546,0.000555660344022931,0.0114063944991642,0.00900284387062808,"APOE/APP/BACE1/CSPG5/EPHA4/EPHA7/NEO1/PRKAR1B/PTGS2/PTPRS/USP46/CLSTN3/SLC38A2/SQSTM1/STX3/TPRG1L",16
"GO:0097485","neuron projection guidance","11/266","98/7628",0.112244897959184,3.21881233696486,4.20199863182637,0.00057267068198722,0.011566740288276,0.00912940166282016,"APP/EPHA4/EPHA7/NEO1/NTN1/SEMA3C/SLIT2/UNC5B/NRP2/NTN3/ROBO1",11
"GO:0006878","intracellular copper ion homeostasis","4/266","12/7628",0.333333333333333,9.55889724310777,5.63981362796494,0.000573468009042675,0.011566740288276,0.00912940166282016,"ABCB6/APP/MT2A/SLC31A1",4
"GO:1905906","regulation of amyloid fibril formation","4/266","12/7628",0.333333333333333,9.55889724310777,5.63981362796494,0.000573468009042675,0.011566740288276,0.00912940166282016,"APOE/APP/CLU/LDLR",4
"GO:0061041","regulation of wound healing","8/266","55/7628",0.145454545454545,4.17115516062885,4.48626210650819,0.000577276688328939,0.011566740288276,0.00912940166282016,"APOE/APOH/DDR2/PROS1/SERPINF2/THBS1/VTN/CAV1",8
"GO:0051216","cartilage development","10/266","83/7628",0.120481927710843,3.45502309991847,4.27449478876489,0.000577629135571187,0.011566740288276,0.00912940166282016,"BMP4/CCN1/CCN2/CHSY1/COL1A1/MSX2/OGN/BMPR1A/HMGA2/TIMP1",10
"GO:0099177","regulation of trans-synaptic signaling","16/266","182/7628",0.0879120879120879,2.52102784433611,3.94758170377617,0.000590480895239913,0.0117664119856344,0.00928699862449218,"APOE/APP/BACE1/CSPG5/EPHA4/EPHA7/NEO1/PRKAR1B/PTGS2/PTPRS/USP46/CLSTN3/SLC38A2/SQSTM1/STX3/TPRG1L",16
"GO:0042632","cholesterol homeostasis","6/266","31/7628",0.193548387096774,5.55032743148193,4.82527664226188,0.00059980145773215,0.0118366616175644,0.00934244528366934,"APOA1/APOC3/APOE/CNBP/LDLR/CAV1",6
"GO:0055092","sterol homeostasis","6/266","31/7628",0.193548387096774,5.55032743148193,4.82527664226188,0.00059980145773215,0.0118366616175644,0.00934244528366934,"APOA1/APOC3/APOE/CNBP/LDLR/CAV1",6
"GO:0045595","regulation of cell differentiation","40/266","679/7628",0.0589101620029455,1.68934855548296,3.57711074744129,0.000622217877165521,0.0122200001356786,0.00964500687124489,"APP/BMP4/CCN1/CCN2/CLOCK/COL1A1/CRIM1/DDR2/EPHA4/EPHA7/FZD7/GJA1/IFRD1/LDLR/MEIS2/MSX2/NBR1/NDFIP1/NTN1/PLEKHB2/PTGS2/PTPRS/SDCBP/SERPINF2/SLIT2/SPRY2/TRIB3/ZNF16/ACVR1B/ACVR2A/ADIPOR1/BAMBI/BMPR1A/CAV1/CD83/CDON/PDCD2/RGMA/ROBO1/VASN",40
"GO:0016064","immunoglobulin mediated immune response","7/266","43/7628",0.162790697674419,4.66829865361077,4.58501653907476,0.000636083567250351,0.0123001784993051,0.00970829008397128,"C4A/C4BPA/CLU/HPX/NDFIP1/NCR3LG1/TFRC",7
"GO:0019724","B cell mediated immunity","7/266","43/7628",0.162790697674419,4.66829865361077,4.58501653907476,0.000636083567250351,0.0123001784993051,0.00970829008397128,"C4A/C4BPA/CLU/HPX/NDFIP1/NCR3LG1/TFRC",7
"GO:0002526","acute inflammatory response","5/266","21/7628",0.238095238095238,6.82778374507698,5.08307071949886,0.000638344636928442,0.0123001784993051,0.00970829008397128,"ITIH4/PTGS2/SERPINF2/PLSCR1/TFRC",5
"GO:1900271","regulation of long-term synaptic potentiation","5/266","21/7628",0.238095238095238,6.82778374507698,5.08307071949886,0.000638344636928442,0.0123001784993051,0.00970829008397128,"APOE/APP/EPHA4/PRKAR1B/SQSTM1",5
"GO:0043065","positive regulation of apoptotic process","21/266","277/7628",0.075812274368231,2.17404522135664,3.78330438094858,0.000643841802511468,0.0123478580434711,0.00974592261473993,"APP/BACE1/BMP4/BNIP3/CCN1/CLU/EPHA7/HMOX1/ITM2C/MAPK8/MSX2/PLEKHF1/PTGS2/SERINC3/SLIT2/THBS1/TNFRSF10B/CAV1/PDCD2/SQSTM1/TCTN3",21
"GO:0050878","regulation of body fluid levels","14/266","149/7628",0.0939597315436242,2.69445425644649,3.97027877156079,0.000669450251263055,0.0127597478040881,0.0100710191390638,"APOE/APOH/F5/GJA1/HGFAC/PROS1/SERPIND1/SERPINF2/THBS1/VTN/C1GALT1C1/CAV1/DDR1/PLSCR1",14
"GO:0051961","negative regulation of nervous system development","9/266","70/7628",0.128571428571429,3.68700322234157,4.29272975212577,0.000671565673899376,0.0127597478040881,0.0100710191390638,"APP/EPHA7/IFRD1/LDLR/NTN1/PTPRS/BMPR1A/CLSTN3/RGMA",9
"GO:0007268","chemical synaptic transmission","20/266","259/7628",0.0772200772200772,2.2144163497547,3.77948820429339,0.000686233675563192,0.0129182698832979,0.0101961375127337,"APOE/APP/BACE1/CSPG5/EPHA4/EPHA7/LRP6/NEO1/PRKAR1B/PTGS2/PTPRS/SDCBP/USP46/CLSTN3/GABARAP/SLC38A2/SQSTM1/STX3/TPBG/TPRG1L",20
"GO:0098916","anterograde trans-synaptic signaling","20/266","259/7628",0.0772200772200772,2.2144163497547,3.77948820429339,0.000686233675563192,0.0129182698832979,0.0101961375127337,"APOE/APP/BACE1/CSPG5/EPHA4/EPHA7/LRP6/NEO1/PRKAR1B/PTGS2/PTPRS/SDCBP/USP46/CLSTN3/GABARAP/SLC38A2/SQSTM1/STX3/TPBG/TPRG1L",20
"GO:0002040","sprouting angiogenesis","8/266","57/7628",0.140350877192982,4.02479883920327,4.35689493686714,0.000737704276514292,0.0138234952732151,0.0109106141910346,"BMP4/FLT1/HMOX1/PTGS2/SLIT2/THBS1/ROBO1/TGFBR3",8
"GO:0048598","embryonic morphogenesis","22/266","300/7628",0.0733333333333333,2.10295739348371,3.70464346864389,0.000751844760619808,0.0140241362882736,0.0110689762161907,"APOA1/B9D1/BMP4/CCN1/FLT1/FZD7/GJA1/GPC3/LRIG1/LRIG3/MSX2/NTN1/PLPP3/PRKAR1A/SPINT2/SPRY2/VTN/ACVR2A/BMPR1A/CDON/HMGA2/RGMA",22
"GO:0099537","trans-synaptic signaling","20/266","261/7628",0.0766283524904215,2.19744764209374,3.74154727398188,0.000756113399445891,0.0140396510760748,0.011081221734463,"APOE/APP/BACE1/CSPG5/EPHA4/EPHA7/LRP6/NEO1/PRKAR1B/PTGS2/PTPRS/SDCBP/USP46/CLSTN3/GABARAP/SLC38A2/SQSTM1/STX3/TPBG/TPRG1L",20
"GO:0042176","regulation of protein catabolic process","19/266","242/7628",0.0785123966942149,2.25147579693034,3.76049721364093,0.000762481389017673,0.0140805564051995,0.011113507509921,"APOE/APP/C4BPA/CLU/GPC3/HERPUD1/LDLR/MFSD8/NDFIP1/PABIR1/RCHY1/TIMP3/TRIB3/CAV1/GABARAP/GABARAPL2/RBX1/RGMA/TIMP1",19
"GO:0032489","regulation of Cdc42 protein signal transduction","3/266","6/7628",0.5,14.3383458646617,6.21245008664977,0.000775550842391649,0.0140805564051995,0.011113507509921,"APOA1/APOC3/APOE",3
"GO:0070508","cholesterol import","3/266","6/7628",0.5,14.3383458646617,6.21245008664977,0.000775550842391649,0.0140805564051995,0.011113507509921,"APOA1/APOC3/LDLR",3
"GO:0098856","intestinal lipid absorption","3/266","6/7628",0.5,14.3383458646617,6.21245008664977,0.000775550842391649,0.0140805564051995,0.011113507509921,"APOA1/LDLR/UGCG",3
"GO:0141161","regulation of cAMP/PKA signal transduction","3/266","6/7628",0.5,14.3383458646617,6.21245008664977,0.000775550842391649,0.0140805564051995,0.011113507509921,"APP/PRKAR1A/PRKAR1B",3
"GO:0030513","positive regulation of BMP signaling pathway","5/266","22/7628",0.227272727272727,6.51742993848257,4.92594764799901,0.000802812768205529,0.0143111677773426,0.0112955245511822,"BMP4/CCN1/GPC3/MSX2/NEO1",5
"GO:0030194","positive regulation of blood coagulation","4/266","13/7628",0.307692307692308,8.8235974551764,5.36615241787888,0.00080576954437914,0.0143111677773426,0.0112955245511822,"APOH/SERPINF2/THBS1/VTN",4
"GO:0031639","plasminogen activation","4/266","13/7628",0.307692307692308,8.8235974551764,5.36615241787888,0.00080576954437914,0.0143111677773426,0.0112955245511822,"APOH/SERPINF2/THBS1/PLGRKT",4
"GO:0035137","hindlimb morphogenesis","4/266","13/7628",0.307692307692308,8.8235974551764,5.36615241787888,0.00080576954437914,0.0143111677773426,0.0112955245511822,"BMP4/GPC3/MSX2/BMPR1A",4
"GO:1900048","positive regulation of hemostasis","4/266","13/7628",0.307692307692308,8.8235974551764,5.36615241787888,0.00080576954437914,0.0143111677773426,0.0112955245511822,"APOH/SERPINF2/THBS1/VTN",4
"GO:0001936","regulation of endothelial cell proliferation","8/266","58/7628",0.137931034482759,3.95540575576873,4.29440457454473,0.000830394513573064,0.0146846821989003,0.011590332171676,"APOE/APOH/BMP4/FLT1/HMOX1/THBS1/CAV1/NRP2",8
"GO:0006468","protein phosphorylation","34/266","555/7628",0.0612612612612613,1.75677030413873,3.51907505328493,0.00083655781285563,0.014729908041014,0.0116260280434519,"APOE/APP/BMP4/CCN1/CDK11A/DDR2/EPHA4/EPHA7/FLT1/LRP6/MAPK8/PLPP3/PRKAR1A/PRKAR1B/PTGS2/SLIT2/SPRY2/THBS1/TNFRSF10B/TRIB3/UVRAG/VTN/ACVR1B/ACVR2A/ADAM10/BMPR1A/CAV1/DDR1/DSTYK/HMGA2/JTB/RIOK3/ROBO1/TFRC",34
"GO:0001659","temperature homeostasis","10/266","87/7628",0.114942528735632,3.29617146314061,4.09420190561413,0.000840765711876881,0.0147303985486413,0.0116264151915192,"EGR1/GJA1/PTGS2/ADIPOR1/ARRDC3/CAV1/CLSTN3/LPIN1/PCTP/SQSTM1",10
"GO:0006639","acylglycerol metabolic process","7/266","45/7628",0.155555555555556,4.46081871345029,4.42572438329486,0.00084408283035517,0.0147303985486413,0.0116264151915192,"APOC3/APOE/APOH/LDLR/CAV1/LPIN1/RGN",7
"GO:0031100","animal organ regeneration","6/266","33/7628",0.181818181818182,5.21394395078606,4.61106899525751,0.000851009561194453,0.0147303985486413,0.0116264151915192,"FPGS/VTN/LPIN1/PTPRU/RGN/TGFBR3",6
"GO:0045669","positive regulation of osteoblast differentiation","6/266","33/7628",0.181818181818182,5.21394395078606,4.61106899525751,0.000851009561194453,0.0147303985486413,0.0116264151915192,"BMP4/CCN1/DDR2/MSX2/ACVR2A/BMPR1A",6
"GO:0043068","positive regulation of programmed cell death","21/266","284/7628",0.073943661971831,2.12045959970348,3.65770623590323,0.000890024600401399,0.0152762625741165,0.0120572549802277,"APP/BACE1/BMP4/BNIP3/CCN1/CLU/EPHA7/HMOX1/ITM2C/MAPK8/MSX2/PLEKHF1/PTGS2/SERINC3/SLIT2/THBS1/TNFRSF10B/CAV1/PDCD2/SQSTM1/TCTN3",21
"GO:0045596","negative regulation of cell differentiation","21/266","284/7628",0.073943661971831,2.12045959970348,3.65770623590323,0.000890024600401399,0.0152762625741165,0.0120572549802277,"APP/BMP4/CRIM1/EPHA4/EPHA7/FZD7/IFRD1/LDLR/MEIS2/MSX2/NBR1/NTN1/PTPRS/SPRY2/TRIB3/ADIPOR1/BAMBI/BMPR1A/CAV1/RGMA/VASN",21
"GO:0003205","cardiac chamber development","10/266","88/7628",0.113636363636364,3.25871496924128,4.05076340789531,0.000920023420422809,0.0157250864955112,0.0124115029145786,"ADAMTS1/BMP4/CCN1/MSX2/SEMA3C/SLIT2/BMPR1A/NRP2/ROBO1/TGFBR3",10
"GO:0098742","cell-cell adhesion via plasma-membrane adhesion molecules","8/266","59/7628",0.135593220338983,3.88836498024723,4.23329573410384,0.000932214284018003,0.0158670639592231,0.0125235629471366,"APOA1/CD84/FAT1/PTPRS/CLSTN3/DSC3/PCDH7/ROBO1",8
"GO:0051338","regulation of transferase activity","20/266","266/7628",0.075187969924812,2.15614223528747,3.64816072457148,0.000958287606097487,0.0162431737382084,0.0128204190324377,"APOA1/APOE/CCN1/DDR2/EPHA4/FLT1/LRP6/PHPT1/SERINC1/THBS1/TNFRSF10B/TRIB3/UVRAG/ZNF16/ARRDC3/CAV1/DSTYK/HMGA2/JTB/ROBO1",20
"GO:0006638","neutral lipid metabolic process","7/266","46/7628",0.152173913043478,4.36384439359268,4.34953378453157,0.000966459128293675,0.0163139898309077,0.0128763127880101,"APOC3/APOE/APOH/LDLR/CAV1/LPIN1/RGN",7
"GO:0019221","cytokine-mediated signaling pathway","14/266","155/7628",0.0903225806451613,2.59015280135823,3.8016926360452,0.000990143204970492,0.0166449999683311,0.0131375726091601,"APOA1/EGR1/HPX/IFNAR1/IL13RA1/MFAP3/SLIT2/ADIPOR1/CAV1/IL10RB/ROBO1/SPPL2B/TRIM41/UGCG",14
"GO:0061448","connective tissue development","12/266","121/7628",0.0991735537190083,2.84396942770149,3.88627007557954,0.00100102372065276,0.0167337586864666,0.0132076281277195,"BMP4/CCN1/CCN2/CHSY1/COL1A1/EGR1/MSX2/OGN/ARRDC3/BMPR1A/HMGA2/TIMP1",12
"GO:0060291","long-term synaptic potentiation","6/266","34/7628",0.176470588235294,5.06059265811588,4.51038248571651,0.00100361588205247,0.0167337586864666,0.0132076281277195,"APOE/APP/EPHA4/PRKAR1B/SQSTM1/STX3",6
"GO:0140546","defense response to symbiont","28/266","431/7628",0.0649651972157773,1.86298693369154,3.50579799964653,0.00101698589578067,0.0168877535945693,0.0133291732938648,"APOE/APP/BNIP3/C4A/C4BPA/CALCOCO2/CD84/CLU/HLA-A/HPX/IFI35/IFNAR1/MAPK8/PTPRS/RNASE4/SERINC3/TAX1BP1/TRIM23/CAV1/IL10RB/NCR3LG1/OPTN/PLSCR1/RIOK3/RNF34/SLC19A1/SQSTM1/TRIM41",28
"GO:0050673","epithelial cell proliferation","16/266","192/7628",0.0833333333333333,2.38972431077694,3.70705785125829,0.00105457563114625,0.0174410585151111,0.013765886035376,"APOA1/APOE/APOH/BMP4/FLT1/FZD7/GPC3/HMOX1/THBS1/ACVR2A/BMPR1A/CAV1/NRP2/RGN/ROBO1/TGFBR3",16
"GO:0030003","intracellular monoatomic cation homeostasis","17/266","211/7628",0.0805687203791469,2.31044435733884,3.66914992857338,0.00107989116145861,0.0177877233651549,0.0140395018147186,"ABCB6/APOE/APP/ATP6V1D/BNIP3/HERPUD1/HMOX1/HPX/MT2A/NCOA4/NDFIP1/NEO1/CAV1/RGN/SLC31A1/STC2/TFRC",17
"GO:0040036","regulation of fibroblast growth factor receptor signaling pathway","4/266","14/7628",0.285714285714286,8.19334049409237,5.12044828802194,0.00109737127072553,0.0179310465636552,0.0141526240093992,"SPRY2/THBS1/DSTYK/SHISA2",4
"GO:0060343","trabecula formation","4/266","14/7628",0.285714285714286,8.19334049409237,5.12044828802194,0.00109737127072553,0.0179310465636552,0.0141526240093992,"ADAMTS1/COL1A1/MSX2/TGFBR3",4
"GO:0031398","positive regulation of protein ubiquitination","9/266","75/7628",0.12,3.4412030075188,4.03826272848071,0.00111448408565883,0.0181381174897065,0.0143160610374209,"NDFIP1/NDFIP2/RCHY1/TRIB3/ARRDC3/CAV1/GABARAP/PTTG1IP/RBX1",9
"GO:0006873","intracellular monoatomic ion homeostasis","17/266","213/7628",0.07981220657277,2.2887500441244,3.62595743944636,0.00119853797419848,0.0193172660281734,0.0152467398941687,"ABCB6/APOE/APP/ATP6V1D/BNIP3/HERPUD1/HMOX1/HPX/MT2A/NCOA4/NDFIP1/NEO1/CAV1/RGN/SLC31A1/STC2/TFRC",17
"GO:0007369","gastrulation","11/266","107/7628",0.102803738317757,2.94807111236034,3.85725797623319,0.00120112253883869,0.0193172660281734,0.0152467398941687,"APOA1/BMP4/FZD7/GJA1/GPC3/PLPP3/PRKAR1A/VTN/ACVR2A/BMPR1A/HMGA2",11
"GO:0033674","positive regulation of kinase activity","11/266","107/7628",0.102803738317757,2.94807111236034,3.85725797623319,0.00120112253883869,0.0193172660281734,0.0152467398941687,"CCN1/DDR2/EPHA4/FLT1/THBS1/TNFRSF10B/ZNF16/DSTYK/HMGA2/JTB/ROBO1",11
"GO:0050771","negative regulation of axonogenesis","5/266","24/7628",0.208333333333333,5.97431077694236,4.6391377331152,0.00122385269898793,0.0194530672193218,0.0153539251157077,"EPHA7/IFRD1/NTN1/PTPRS/RGMA",5
"GO:0060412","ventricular septum morphogenesis","5/266","24/7628",0.208333333333333,5.97431077694236,4.6391377331152,0.00122385269898793,0.0194530672193218,0.0153539251157077,"BMP4/SLIT2/BMPR1A/ROBO1/TGFBR3",5
"GO:1990000","amyloid fibril formation","5/266","24/7628",0.208333333333333,5.97431077694236,4.6391377331152,0.00122385269898793,0.0194530672193218,0.0153539251157077,"APOE/APP/BACE1/CLU/LDLR",5
"GO:0050678","regulation of epithelial cell proliferation","14/266","159/7628",0.0880503144654088,2.5249917245945,3.69364033718989,0.00126903996166721,0.0200931327263976,0.0158591162896233,"APOE/APOH/BMP4/FLT1/FZD7/GPC3/HMOX1/THBS1/BMPR1A/CAV1/NRP2/RGN/ROBO1/TGFBR3",14
"GO:0034368","protein-lipid complex remodeling","3/266","7/7628",0.428571428571429,12.2900107411386,5.68011566308187,0.00132228110427318,0.0206954724557699,0.0163345312457703,"APOA1/APOC3/APOE",3
"GO:0034369","plasma lipoprotein particle remodeling","3/266","7/7628",0.428571428571429,12.2900107411386,5.68011566308187,0.00132228110427318,0.0206954724557699,0.0163345312457703,"APOA1/APOC3/APOE",3
"GO:0051964","negative regulation of synapse assembly","3/266","7/7628",0.428571428571429,12.2900107411386,5.68011566308187,0.00132228110427318,0.0206954724557699,0.0163345312457703,"APP/EPHA7/CLSTN3",3
"GO:0007156","homophilic cell adhesion via plasma membrane adhesion molecules","6/266","36/7628",0.166666666666667,4.77944862155388,4.32037437449834,0.00137109577182624,0.0213775810225579,0.016872906183623,"CD84/FAT1/CLSTN3/DSC3/PCDH7/ROBO1",6
"GO:0002683","negative regulation of immune system process","16/266","197/7628",0.0812182741116751,2.32907140948819,3.59234123244863,0.00138435220782132,0.0215022006423957,0.0169712660098327,"APOA1/BMP4/C4BPA/CD84/HLA-A/HMOX1/LDLR/NDFIP1/PHPT1/PRKAR1A/PTPRS/SLIT2/TAX1BP1/THBS1/RIOK3/SQSTM1",16
"GO:0043122","regulation of canonical NF-kappaB signal transduction","13/266","143/7628",0.0909090909090909,2.60697197539303,3.68722979381123,0.00140515412625592,0.0217426310824069,0.0171610330491303,"GJA1/HMOX1/NDFIP1/NDFIP2/TNFRSF10B/CAV1/OPTN/RBX1/RIOK3/SLC20A1/SQSTM1/TFRC/TGFBR3",13
"GO:0001763","morphogenesis of a branching structure","10/266","93/7628",0.10752688172043,3.08351523971218,3.8425215543702,0.00141378702480273,0.0217936603634685,0.0172013094616515,"BMP4/EPHA7/GPC3/MSX2/SEMA3C/SLIT2/SPINT2/SPRY2/TMEM59L/DDR1",10
"GO:0050820","positive regulation of coagulation","4/266","15/7628",0.266666666666667,7.64711779448622,4.89802361441768,0.00145573006540258,0.0221065327775819,0.0174482535328824,"APOH/SERPINF2/THBS1/VTN",4
"GO:0055070","copper ion homeostasis","4/266","15/7628",0.266666666666667,7.64711779448622,4.89802361441768,0.00145573006540258,0.0221065327775819,0.0174482535328824,"ABCB6/APP/MT2A/SLC31A1",4
"GO:0071402","cellular response to lipoprotein particle stimulus","4/266","15/7628",0.266666666666667,7.64711779448622,4.89802361441768,0.00145573006540258,0.0221065327775819,0.0174482535328824,"APOA1/APOE/APP/LDLR",4
"GO:0072337","modified amino acid transport","4/266","15/7628",0.266666666666667,7.64711779448622,4.89802361441768,0.00145573006540258,0.0221065327775819,0.0174482535328824,"GJA1/MGST1/SLC19A1/SLC38A2",4
"GO:0061383","trabecula morphogenesis","5/266","25/7628",0.2,5.73533834586466,4.5076305060637,0.00148681153192977,0.0224608415807703,0.0177279025347934,"ADAMTS1/COL1A1/MSX2/BMPR1A/TGFBR3",5
"GO:0001775","cell activation","28/266","442/7628",0.0633484162895928,1.81662300547749,3.36208681635886,0.00149005827867534,0.0224608415807703,0.0177279025347934,"APOE/APP/BMP4/CD151/CD84/CLU/DDR2/EGR1/FZD7/GJA1/HLA-A/IFI35/KLF6/LDLR/MFAP3/NDFIP1/PRKAR1A/RAB29/THBS1/ADAM10/C1GALT1C1/CAV1/CD320/CD83/NCR3LG1/PLSCR1/RBX1/TFRC",28
"GO:0099536","synaptic signaling","20/266","276/7628",0.072463768115942,2.07802113980604,3.46735935634232,0.00150510401014896,0.0226042275053621,0.0178410742379499,"APOE/APP/BACE1/CSPG5/EPHA4/EPHA7/LRP6/NEO1/PRKAR1B/PTGS2/PTPRS/SDCBP/USP46/CLSTN3/GABARAP/SLC38A2/SQSTM1/STX3/TPBG/TPRG1L",20
"GO:0007267","cell-cell signaling","27/266","421/7628",0.0641330166270784,1.83912274748629,3.36673602615628,0.00151334396576899,0.0226447256416349,0.0178730386240617,"APOE/APP/BACE1/BMP4/CLOCK/CSPG5/EPHA4/EPHA7/FAT1/GJA1/LRP6/NEO1/PRKAR1A/PRKAR1B/PTGS2/PTPRS/SDCBP/USP46/ADAM10/CLSTN3/GABARAP/HMGA2/SLC38A2/SQSTM1/STX3/TPBG/TPRG1L",27
"GO:0015748","organophosphate ester transport","8/266","64/7628",0.125,3.58458646616541,3.94661786748257,0.00160144829288198,0.0237080894036976,0.0187123308235588,"APOA1/APOC3/APOE/LDLR/PRELID3B/PCTP/PLSCR1/SLC19A1",8
"GO:0043534","blood vessel endothelial cell migration","8/266","64/7628",0.125,3.58458646616541,3.94661786748257,0.00160144829288198,0.0237080894036976,0.0187123308235588,"APOA1/APOE/HMOX1/PTGS2/SLIT2/THBS1/ROBO1/TGFBR3",8
"GO:0045834","positive regulation of lipid metabolic process","7/266","50/7628",0.14,4.01473684210526,4.06515299287128,0.00160181950438691,0.0237080894036976,0.0187123308235588,"APOA1/APOE/CCN1/LDLR/PTGS2/CLSTN3/RGN",7
"GO:0030308","negative regulation of cell growth","9/266","79/7628",0.113924050632911,3.26696488055582,3.84975782212994,0.00161795835772816,0.0237636652636056,0.0187561957617532,"EPHA7/GJA1/IFRD1/NTN1/PTPRS/SLIT2/ACVR1B/ADIPOR1/RGMA",9
"GO:0051129","negative regulation of cellular component organization","27/266","423/7628",0.0638297872340425,1.83042713165893,3.3402156464348,0.00162159431467225,0.0237636652636056,0.0187561957617532,"APOA1/APOC3/APOE/APP/BMP4/BNIP3/CLU/EPHA4/EPHA7/IFRD1/ITM2C/LDLR/NEO1/NTN1/PTPRS/RAB29/SDCBP/SLIT2/SPRY2/THBS1/CAV1/CLSTN3/PLSCR1/RGMA/RIOK3/TFRC/TGFBR3",27
"GO:0031349","positive regulation of defense response","17/266","219/7628",0.0776255707762557,2.22604456346345,3.49919625509377,0.00162302634236131,0.0237636652636056,0.0187561957617532,"APP/CLOCK/HPX/IFI35/LDLR/MAPK8/PTGS2/PTPRS/TAX1BP1/CAV1/OPTN/PLSCR1/RIOK3/RNF34/SLC19A1/SQSTM1/TRIM41",17
"GO:0045087","innate immune response","25/266","381/7628",0.0656167979002625,1.88167268565114,3.35591172611684,0.00165172868633589,0.0240975417274361,0.0190197179182212,"APOE/APP/C4A/C4BPA/CALCOCO2/CD84/CLU/HLA-A/HPX/IFI35/IFNAR1/MAPK8/PTPRS/SERINC3/TAX1BP1/TRIM23/CAV1/IL10RB/OPTN/PLSCR1/RIOK3/RNF34/SLC19A1/SQSTM1/TRIM41",25
"GO:0002253","activation of immune response","18/266","240/7628",0.075,2.15075187969925,3.44305258302751,0.00175795007289787,0.0255559645828748,0.0201708225258894,"APP/C4A/C4BPA/CLU/HLA-A/IFI35/MAPK8/PHPT1/PTPRS/RAB29/TAX1BP1/CAV1/NCR3LG1/PLSCR1/RIOK3/RNF34/SLC19A1/SQSTM1",18
"GO:0045321","leukocyte activation","25/266","383/7628",0.0652741514360313,1.87184671862424,3.32766894981781,0.00177545366016091,0.0256984668763458,0.0202832967963015,"APP/BMP4/CD151/CD84/CLU/EGR1/FZD7/GJA1/HLA-A/IFI35/KLF6/LDLR/MFAP3/NDFIP1/PRKAR1A/RAB29/THBS1/ADAM10/CAV1/CD320/CD83/NCR3LG1/PLSCR1/RBX1/TFRC",25
"GO:0006687","glycosphingolipid metabolic process","5/266","26/7628",0.192307692307692,5.51474840948525,4.38304651860473,0.0017891113370598,0.0256984668763458,0.0202832967963015,"B4GALT5/B4GALT6/CREM/NEU1/UGCG",5
"GO:0060443","mammary gland morphogenesis","5/266","26/7628",0.192307692307692,5.51474840948525,4.38304651860473,0.0017891113370598,0.0256984668763458,0.0202832967963015,"BMP4/MSX2/NTN1/CAV1/DDR1",5
"GO:1901875","positive regulation of post-translational protein modification","10/266","96/7628",0.104166666666667,2.98715538847118,3.72419210004002,0.00180134119666753,0.0256984668763458,0.0202832967963015,"EGR1/NDFIP1/NDFIP2/RCHY1/TRIB3/ARRDC3/CAV1/GABARAP/PTTG1IP/RBX1",10
"GO:0042157","lipoprotein metabolic process","7/266","51/7628",0.137254901960784,3.9360165118679,3.99866225354453,0.00180247546037685,0.0256984668763458,0.0202832967963015,"APOA1/APOC3/APOE/APP/GOLGA7/LDLR/UGCG",7
"GO:0010038","response to metal ion","13/266","147/7628",0.0884353741496599,2.53603396245716,3.57436948018617,0.00180549816242625,0.0256984668763458,0.0202832967963015,"ABCB6/APP/BACE1/BNIP3/CPNE8/HMOX1/MT2A/PTGS2/THBS1/CAV1/FOSB/PLSCR1/TFRC",13
"GO:0042987","amyloid precursor protein catabolic process","6/266","38/7628",0.157894736842105,4.52789869410368,4.14387647385773,0.00183325791150821,0.0260029811406633,0.0205236439435294,"APOE/APP/BACE1/CLU/EPHA4/ADAM10",6
"GO:0043542","endothelial cell migration","11/266","113/7628",0.0973451327433628,2.79153636303147,3.64686881987895,0.00187493706018047,0.0260987318669457,0.0205992181172337,"APOA1/APOE/APOH/HMOX1/PLPP3/PTGS2/SLIT2/THBS1/NRP2/ROBO1/TGFBR3",11
"GO:0010719","negative regulation of epithelial to mesenchymal transition","4/266","16/7628",0.25,7.16917293233083,4.69523496745267,0.00188826249343209,0.0260987318669457,0.0205992181172337,"EPHA4/SPRY2/ADIPOR1/VASN",4
"GO:0045429","positive regulation of nitric oxide biosynthetic process","4/266","16/7628",0.25,7.16917293233083,4.69523496745267,0.00188826249343209,0.0260987318669457,0.0205992181172337,"APOE/APP/CLU/PTGS2",4
"GO:0071634","regulation of transforming growth factor beta production","4/266","16/7628",0.25,7.16917293233083,4.69523496745267,0.00188826249343209,0.0260987318669457,0.0205992181172337,"PTGS2/SERPINF2/THBS1/BMPR1A",4
"GO:1902993","positive regulation of amyloid precursor protein catabolic process","4/266","16/7628",0.25,7.16917293233083,4.69523496745267,0.00188826249343209,0.0260987318669457,0.0205992181172337,"APOE/APP/CLU/EPHA4",4
"GO:1904407","positive regulation of nitric oxide metabolic process","4/266","16/7628",0.25,7.16917293233083,4.69523496745267,0.00188826249343209,0.0260987318669457,0.0205992181172337,"APOE/APP/CLU/PTGS2",4
"GO:1905953","negative regulation of lipid localization","4/266","16/7628",0.25,7.16917293233083,4.69523496745267,0.00188826249343209,0.0260987318669457,0.0205992181172337,"APOC3/APOE/THBS1/CLSTN3",4
"GO:0098771","inorganic ion homeostasis","16/266","203/7628",0.0788177339901478,2.26023186043928,3.45915505830432,0.00189111986110549,0.0260987318669457,0.0205992181172337,"ABCB6/APOE/APP/BNIP3/HERPUD1/HMOX1/HPX/MT2A/NCOA4/NDFIP1/NEO1/CAV1/RGN/SLC31A1/STC2/TFRC",16
"GO:0048858","cell projection morphogenesis","23/266","344/7628",0.0668604651162791,1.91733694701871,3.30935169444166,0.00198261367971766,0.0272692824297867,0.021523110760146,"APLP1/APLP2/APOE/APP/B4GALT5/B4GALT6/CSPG5/EPHA4/EPHA7/IFRD1/NEO1/NTN1/PTPRS/SEMA3C/SLIT2/UNC5B/CLSTN3/DDR1/NRP2/NTN3/RGMA/ROBO1/TPBG",23
"GO:0007610","behavior","18/266","243/7628",0.0740740740740741,2.12419938735728,3.38525210033528,0.00201813211087699,0.0276077534910376,0.0217902593424076,"APOE/APP/EGR1/EPHA4/LDLR/MEIS2/MFSD8/NTAN1/PRKAR1B/PTGS2/THBS1/USP46/ACVR2A/ARRDC3/CHST10/FOSB/SELENOP/TPBG",18
"GO:0031329","regulation of cellular catabolic process","20/266","283/7628",0.0706713780918728,2.02662132362709,3.34524078673228,0.00203006751543345,0.0276077534910376,0.0217902593424076,"APOC3/APOE/APP/ATP6V1D/BNIP3/CALCOCO2/HMOX1/LDLR/MAPK8/MFSD8/PLEKHF1/TIMP3/TMEM59/TRIB3/TRIM23/UVRAG/OPTN/RGMA/SQSTM1/TIMP1",20
"GO:0001573","ganglioside metabolic process","3/266","8/7628",0.375,10.7537593984962,5.24637501628773,0.0020612888163443,0.0276077534910376,0.0217902593424076,"B4GALT5/B4GALT6/NEU1",3
"GO:0006688","glycosphingolipid biosynthetic process","3/266","8/7628",0.375,10.7537593984962,5.24637501628773,0.0020612888163443,0.0276077534910376,0.0217902593424076,"B4GALT5/B4GALT6/UGCG",3
"GO:0017038","protein import","3/266","8/7628",0.375,10.7537593984962,5.24637501628773,0.0020612888163443,0.0276077534910376,0.0217902593424076,"APOE/APP/CLU",3
"GO:0106070","regulation of adenylate cyclase-activating G protein-coupled receptor signaling pathway","3/266","8/7628",0.375,10.7537593984962,5.24637501628773,0.0020612888163443,0.0276077534910376,0.0217902593424076,"APLP1/MGRN1/ARRDC3",3
"GO:0141156","cAMP/PKA signal transduction","3/266","8/7628",0.375,10.7537593984962,5.24637501628773,0.0020612888163443,0.0276077534910376,0.0217902593424076,"APP/PRKAR1A/PRKAR1B",3
"GO:1900272","negative regulation of long-term synaptic potentiation","3/266","8/7628",0.375,10.7537593984962,5.24637501628773,0.0020612888163443,0.0276077534910376,0.0217902593424076,"APOE/APP/EPHA4",3
"GO:0071260","cellular response to mechanical stimulus","6/266","39/7628",0.153846153846154,4.4117987275882,4.06016062316157,0.00210439799286358,0.0280015172666049,0.0221010493815914,"BNIP3/COL1A1/MAPK8/PTGS2/TNFRSF10B/SLC38A2",6
"GO:0071496","cellular response to external stimulus","6/266","39/7628",0.153846153846154,4.4117987275882,4.06016062316157,0.00210439799286358,0.0280015172666049,0.0221010493815914,"BNIP3/COL1A1/MAPK8/PTGS2/TNFRSF10B/SLC38A2",6
"GO:0031638","zymogen activation","5/266","27/7628",0.185185185185185,5.31049846839321,4.26475214087063,0.00213410879350635,0.0283046572125761,0.0223403118062541,"APOH/HGFAC/SERPINF2/THBS1/PLGRKT",5
"GO:0097191","extrinsic apoptotic signaling pathway","11/266","115/7628",0.0956521739130435,2.74298790454397,3.57978038503052,0.00215828495695205,0.0285326668257253,0.022520275330077,"APP/BMP4/HMOX1/ITM2C/THBS1/TNFRSF10B/UNC5B/ACVR1B/CAV1/GABARAP/RNF34",11
"GO:0001558","regulation of cell growth","16/266","206/7628",0.0776699029126214,2.22731586247171,3.3942925228102,0.00219781318268154,0.0289615059717874,0.0228587496725079,"APOE/CDK11A/EPHA7/GJA1/IFRD1/NTN1/PABIR1/PTPRS/SDCBP/SLIT2/ACVR1B/ADAM10/ADIPOR1/CLSTN3/DDR1/RGMA",16
"GO:0044093","positive regulation of molecular function","30/266","498/7628",0.0602409638554217,1.72751154995924,3.19175526882852,0.0022146569259656,0.0290896255388085,0.0229598719385095,"APOA1/APOE/APOH/BMP4/CCN1/CLOCK/CLU/DDR2/EPHA4/FLT1/LRP6/MAPK8/PLPP3/SERINC1/THBS1/TNFRSF10B/TRIB3/VTN/ZNF16/ARRDC3/BAMBI/DSTYK/GABARAPL2/HMGA2/JTB/PDCD2/PLSCR1/RGN/ROBO1/TFRC",30
"GO:0043207","response to external biotic stimulus","34/266","588/7628",0.0578231292517007,1.65817605237584,3.15765148783073,0.00223759870129582,0.0292031651590845,0.0230494865379825,"APOE/APP/BNIP3/C4A/C4BPA/CALCOCO2/CD84/CLU/EEF1G/GPC3/HLA-A/HPX/IFI35/IFNAR1/MAPK8/PTGS2/PTPRS/RAB29/RNASE4/SERINC3/TAX1BP1/TRIM23/CAV1/HMGA2/IL10RB/NCR3LG1/OPTN/PLSCR1/RBBP9/RIOK3/RNF34/SLC19A1/SQSTM1/TRIM41",34
"GO:0051707","response to other organism","34/266","588/7628",0.0578231292517007,1.65817605237584,3.15765148783073,0.00223759870129582,0.0292031651590845,0.0230494865379825,"APOE/APP/BNIP3/C4A/C4BPA/CALCOCO2/CD84/CLU/EEF1G/GPC3/HLA-A/HPX/IFI35/IFNAR1/MAPK8/PTGS2/PTPRS/RAB29/RNASE4/SERINC3/TAX1BP1/TRIM23/CAV1/HMGA2/IL10RB/NCR3LG1/OPTN/PLSCR1/RBBP9/RIOK3/RNF34/SLC19A1/SQSTM1/TRIM41",34
"GO:0009607","response to biotic stimulus","35/266","611/7628",0.0572831423895254,1.64269101559135,3.14823309927222,0.00225409666596776,0.0293247926129883,0.0231454847061993,"APOE/APP/BNIP3/C4A/C4BPA/CALCOCO2/CD84/CLU/EEF1G/GPC3/HLA-A/HPX/IFI35/IFNAR1/MAPK8/PTGS2/PTPRS/RAB29/RNASE4/SERINC3/TAX1BP1/TNFRSF10B/TRIM23/CAV1/HMGA2/IL10RB/NCR3LG1/OPTN/PLSCR1/RBBP9/RIOK3/RNF34/SLC19A1/SQSTM1/TRIM41",35
"GO:0007186","G protein-coupled receptor signaling pathway","14/266","169/7628",0.0828402366863905,2.3755839302398,3.43724055589103,0.00226553528863191,0.0293800369970202,0.0231890880169742,"APLP1/APLP2/APOA1/APOC3/APOE/APP/FZD7/MGRN1/PRKAR1A/PRKAR1B/SLIT2/ARRDC3/CAV1/ROBO1",14
"GO:0045807","positive regulation of endocytosis","8/266","68/7628",0.117647058823529,3.37372843874392,3.73718310216487,0.00237251292942492,0.0306583009449046,0.0241979967259532,"APOA1/APOE/APP/C4A/CD151/CLU/GPC3/VTN",8
"GO:0048812","neuron projection morphogenesis","22/266","328/7628",0.0670731707317073,1.92343664038144,3.24939403857805,0.00237911417369272,0.0306583009449046,0.0241979967259532,"APLP1/APLP2/APOE/APP/B4GALT5/B4GALT6/EPHA4/EPHA7/IFRD1/NEO1/NTN1/PTPRS/SEMA3C/SLIT2/UNC5B/CLSTN3/DDR1/NRP2/NTN3/RGMA/ROBO1/TPBG",22
"GO:0071604","transforming growth factor beta production","4/266","17/7628",0.235294117647059,6.74745687748784,4.50919592822706,0.00240228704511436,0.0307628294021698,0.024280498990877,"PTGS2/SERPINF2/THBS1/BMPR1A",4
"GO:0090207","regulation of triglyceride metabolic process","4/266","17/7628",0.235294117647059,6.74745687748784,4.50919592822706,0.00240228704511436,0.0307628294021698,0.024280498990877,"APOC3/APOE/LDLR/RGN",4
"GO:0019216","regulation of lipid metabolic process","12/266","134/7628",0.0895522388059701,2.56806194590955,3.48079587123593,0.00241443436311862,0.0308217636666861,0.02432701465208,"APOA1/APOC3/APOE/CCN1/EGR1/LDLR/PTGS2/TRIB3/ADIPOR1/CAV1/CLSTN3/RGN",12
"GO:0090303","positive regulation of wound healing","5/266","28/7628",0.178571428571429,5.12083780880773,4.15219294348417,0.00252519918732511,0.0321353229913492,0.0253637813109586,"APOH/DDR2/SERPINF2/THBS1/VTN",5
"GO:0031331","positive regulation of cellular catabolic process","12/266","135/7628",0.0888888888888889,2.54903926482874,3.45160611107508,0.00256971196089494,0.0326002278268814,0.0257307215960157,"APOE/APP/BNIP3/CALCOCO2/HMOX1/PLEKHF1/TMEM59/TRIM23/UVRAG/OPTN/RGMA/SQSTM1",12
"GO:0002274","myeloid leukocyte activation","8/266","69/7628",0.115942028985507,3.32483382368966,3.68726264065816,0.00260454626697547,0.0329398498470427,0.0259987786076124,"APP/CD84/CLU/IFI35/LDLR/THBS1/ADAM10/PLSCR1",8
"GO:0003007","heart morphogenesis","11/266","118/7628",0.0932203389830508,2.67325092391997,3.48178454809876,0.00264768189297246,0.0333820386814583,0.0263477895977084,"ADAMTS1/BMP4/CCN1/GJA1/MSX2/SEMA3C/SLIT2/BMPR1A/NRP2/ROBO1/TGFBR3",11
"GO:1902532","negative regulation of intracellular signal transduction","23/266","352/7628",0.0653409090909091,1.87376110731374,3.19034376145298,0.00266214598981139,0.0334611272873216,0.0264102126859669,"APOE/CLOCK/CLU/EPHA4/HERPUD1/IFI35/MGRN1/PRKAR1A/PRKAR1B/PTGS2/PTPRS/RNF149/SLIT2/SPRY2/TAX1BP1/THBS1/ADIPOR1/CAV1/OPTN/PTTG1IP/RIOK3/RNF34/TGFBR3",23
"GO:0003281","ventricular septum development","6/266","41/7628",0.146341463414634,4.19658903355951,3.90088795689547,0.002736260935454,0.0339745468733422,0.0268154447137917,"BMP4/CCN1/SLIT2/BMPR1A/ROBO1/TGFBR3",6
"GO:0006664","glycolipid metabolic process","6/266","41/7628",0.146341463414634,4.19658903355951,3.90088795689547,0.002736260935454,0.0339745468733422,0.0268154447137917,"B4GALT5/B4GALT6/CREM/MFSD8/NEU1/UGCG",6
"GO:0007188","adenylate cyclase-modulating G protein-coupled receptor signaling pathway","6/266","41/7628",0.146341463414634,4.19658903355951,3.90088795689547,0.002736260935454,0.0339745468733422,0.0268154447137917,"APLP1/APP/MGRN1/PRKAR1A/PRKAR1B/ARRDC3",6
"GO:1903509","liposaccharide metabolic process","6/266","41/7628",0.146341463414634,4.19658903355951,3.90088795689547,0.002736260935454,0.0339745468733422,0.0268154447137917,"B4GALT5/B4GALT6/CREM/MFSD8/NEU1/UGCG",6
"GO:0016310","phosphorylation","38/266","688/7628",0.0552325581395349,1.58388704318937,3.05184945843961,0.00277430359611616,0.0343425157276803,0.0271058753266469,"APOE/APP/BMP4/CCN1/CDK11A/DDR2/EPHA4/EPHA7/FLT1/FZD7/LRP6/MAPK8/PI4K2A/PLPP3/PRKAR1A/PRKAR1B/PTGS2/SDCBP/SLIT2/SPRY2/THBS1/TNFRSF10B/TRIB3/UVRAG/VTN/ZNF16/ACVR1B/ACVR2A/ADAM10/BMPR1A/CAV1/DDR1/DSTYK/HMGA2/JTB/RIOK3/ROBO1/TFRC",38
"GO:0098542","defense response to other organism","28/266","462/7628",0.0606060606060606,1.73798131692869,3.11062557224406,0.00284771817448471,0.0348623262206594,0.0275161515722167,"APOE/APP/BNIP3/C4A/C4BPA/CALCOCO2/CD84/CLU/HLA-A/HPX/IFI35/IFNAR1/MAPK8/PTPRS/RNASE4/SERINC3/TAX1BP1/TRIM23/CAV1/IL10RB/NCR3LG1/OPTN/PLSCR1/RIOK3/RNF34/SLC19A1/SQSTM1/TRIM41",28
"GO:0006665","sphingolipid metabolic process","8/266","70/7628",0.114285714285714,3.27733619763695,3.63824976833109,0.00285396311769497,0.0348623262206594,0.0275161515722167,"B4GALT5/B4GALT6/CCN1/CREM/NEU1/PLPP3/SERINC1/UGCG",8
"GO:0018108","peptidyl-tyrosine phosphorylation","9/266","86/7628",0.104651162790698,3.00104913446407,3.5471822218182,0.00292579749555673,0.0348623262206594,0.0275161515722167,"APP/DDR2/EPHA4/EPHA7/FLT1/PLPP3/VTN/CAV1/DDR1",9
"GO:1903052","positive regulation of proteolysis involved in protein catabolic process","9/266","86/7628",0.104651162790698,3.00104913446407,3.5471822218182,0.00292579749555673,0.0348623262206594,0.0275161515722167,"CLU/HERPUD1/PABIR1/RCHY1/TRIB3/CAV1/GABARAP/RBX1/RGN",9
"GO:0050778","positive regulation of immune response","21/266","313/7628",0.0670926517571885,1.92399529174374,3.17288657227974,0.00296399212337433,0.0348623262206594,0.0275161515722167,"APP/C4A/C4BPA/CLU/HLA-A/HPX/IFI35/MAPK8/PHPT1/PTPRS/RAB29/TAX1BP1/CAV1/NCR3LG1/PLSCR1/RIOK3/RNF34/SLC19A1/SQSTM1/TFRC/TRIM41",21
"GO:0003179","heart valve morphogenesis","5/266","29/7628",0.172413793103448,4.94425719471092,4.04488136151073,0.00296580196806308,0.0348623262206594,0.0275161515722167,"BMP4/CCN1/SLIT2/BMPR1A/ROBO1",5
"GO:0006929","substrate-dependent cell migration","4/266","18/7628",0.222222222222222,6.37259816207185,4.33758569825511,0.00300497328228351,0.0348623262206594,0.0275161515722167,"NTN1/SDCBP/SLIT2/ROBO1",4
"GO:0019730","antimicrobial humoral response","4/266","18/7628",0.222222222222222,6.37259816207185,4.33758569825511,0.00300497328228351,0.0348623262206594,0.0275161515722167,"APP/HLA-A/RNASE4/NCR3LG1",4
"GO:0048333","mesodermal cell differentiation","4/266","18/7628",0.222222222222222,6.37259816207185,4.33758569825511,0.00300497328228351,0.0348623262206594,0.0275161515722167,"BMP4/GJA1/BMPR1A/HMGA2",4
"GO:0060391","positive regulation of SMAD protein signal transduction","4/266","18/7628",0.222222222222222,6.37259816207185,4.33758569825511,0.00300497328228351,0.0348623262206594,0.0275161515722167,"BMP4/ACVR2A/BMPR1A/TGFBR3",4
"GO:0090049","regulation of cell migration involved in sprouting angiogenesis","4/266","18/7628",0.222222222222222,6.37259816207185,4.33758569825511,0.00300497328228351,0.0348623262206594,0.0275161515722167,"HMOX1/PTGS2/THBS1/TGFBR3",4
"GO:1902473","regulation of protein localization to synapse","4/266","18/7628",0.222222222222222,6.37259816207185,4.33758569825511,0.00300497328228351,0.0348623262206594,0.0275161515722167,"ADAM10/CLSTN3/GABARAP/NETO2",4
"GO:0001774","microglial cell activation","3/266","9/7628",0.333333333333333,9.55889724310777,4.8832601925604,0.00301262385356342,0.0348623262206594,0.0275161515722167,"APP/CLU/LDLR",3
"GO:0002269","leukocyte activation involved in inflammatory response","3/266","9/7628",0.333333333333333,9.55889724310777,4.8832601925604,0.00301262385356342,0.0348623262206594,0.0275161515722167,"APP/CLU/LDLR",3
"GO:0003184","pulmonary valve morphogenesis","3/266","9/7628",0.333333333333333,9.55889724310777,4.8832601925604,0.00301262385356342,0.0348623262206594,0.0275161515722167,"BMP4/SLIT2/ROBO1",3
"GO:0034367","protein-containing complex remodeling","3/266","9/7628",0.333333333333333,9.55889724310777,4.8832601925604,0.00301262385356342,0.0348623262206594,0.0275161515722167,"APOA1/APOC3/APOE",3
"GO:0038063","collagen-activated tyrosine kinase receptor signaling pathway","3/266","9/7628",0.333333333333333,9.55889724310777,4.8832601925604,0.00301262385356342,0.0348623262206594,0.0275161515722167,"COL1A1/DDR2/DDR1",3
"GO:0040037","negative regulation of fibroblast growth factor receptor signaling pathway","3/266","9/7628",0.333333333333333,9.55889724310777,4.8832601925604,0.00301262385356342,0.0348623262206594,0.0275161515722167,"SPRY2/THBS1/SHISA2",3
"GO:0051775","response to redox state","3/266","9/7628",0.333333333333333,9.55889724310777,4.8832601925604,0.00301262385356342,0.0348623262206594,0.0275161515722167,"CLOCK/RNF7/VASN",3
"GO:0072111","cell proliferation involved in kidney development","3/266","9/7628",0.333333333333333,9.55889724310777,4.8832601925604,0.00301262385356342,0.0348623262206594,0.0275161515722167,"BMP4/EGR1/GPC3",3
"GO:1900221","regulation of amyloid-beta clearance","3/266","9/7628",0.333333333333333,9.55889724310777,4.8832601925604,0.00301262385356342,0.0348623262206594,0.0275161515722167,"APOE/APP/CLU",3
"GO:1900273","positive regulation of long-term synaptic potentiation","3/266","9/7628",0.333333333333333,9.55889724310777,4.8832601925604,0.00301262385356342,0.0348623262206594,0.0275161515722167,"APP/PRKAR1B/SQSTM1",3
"GO:1905907","negative regulation of amyloid fibril formation","3/266","9/7628",0.333333333333333,9.55889724310777,4.8832601925604,0.00301262385356342,0.0348623262206594,0.0275161515722167,"APOE/CLU/LDLR",3
"GO:0048588","developmental cell growth","11/266","120/7628",0.0916666666666667,2.62869674185464,3.41812943009845,0.00302111713148432,0.0348623262206594,0.0275161515722167,"APOE/APP/EPHA7/IFRD1/NTN1/PTPRS/SLIT2/CLSTN3/DDR1/NRP2/RGMA",11
"GO:0006672","ceramide metabolic process","6/266","42/7628",0.142857142857143,4.09667024704619,3.82501350075753,0.0031008697215029,0.0355816090234252,0.0280838674067516,"B4GALT5/B4GALT6/CCN1/NEU1/PLPP3/UGCG",6
"GO:0048640","negative regulation of developmental growth","6/266","42/7628",0.142857142857143,4.09667024704619,3.82501350075753,0.0031008697215029,0.0355816090234252,0.0280838674067516,"EPHA7/IFRD1/NTN1/PTPRS/RGMA/STC2",6
"GO:0006643","membrane lipid metabolic process","9/266","87/7628",0.103448275862069,2.96655431682655,3.50647613241935,0.00316637808598132,0.0361303197799824,0.0285169540645716,"B4GALT5/B4GALT6/CCN1/CREM/MFSD8/NEU1/PLPP3/SERINC1/UGCG",9
"GO:0061138","morphogenesis of a branching epithelium","9/266","87/7628",0.103448275862069,2.96655431682655,3.50647613241935,0.00316637808598132,0.0361303197799824,0.0285169540645716,"BMP4/GPC3/MSX2/SEMA3C/SLIT2/SPINT2/SPRY2/TMEM59L/DDR1",9
"GO:0048589","developmental growth","22/266","336/7628",0.0654761904761905,1.87764052989617,3.12739519545387,0.00319989903002493,0.036173580230004,0.0285510986908464,"APOE/APP/BMP4/DDR2/EPHA7/FZD7/GJA1/IFRD1/MFSD8/MSX2/NTN1/PRKAR1A/PTPRS/SLIT2/SPRY2/BMPR1A/CLSTN3/DDR1/NRP2/RGMA/STC2/TGFBR3",22
"GO:0043069","negative regulation of programmed cell death","28/266","466/7628",0.0600858369098712,1.72306302236277,3.0617641747277,0.00321941159340776,0.036173580230004,0.0285510986908464,"APOH/BMP4/BNIP3/CCN1/CLU/DDR2/EPHA4/HERPUD1/HMOX1/LRP6/MAPK8/MFSD8/MSX2/PTGS2/SPRY2/TAX1BP1/THBS1/UNC5B/ZNF16/CAV1/DSTYK/HMGA2/PTTG1IP/RGN/RNF34/SQSTM1/TFRC/TIMP1",28
"GO:0007249","canonical NF-kappaB signal transduction","13/266","157/7628",0.0828025477707006,2.37450313682295,3.30769897181894,0.00323265092433913,0.036173580230004,0.0285510986908464,"GJA1/HMOX1/NDFIP1/NDFIP2/TNFRSF10B/CAV1/OPTN/RBX1/RIOK3/SLC20A1/SQSTM1/TFRC/TGFBR3",13
"GO:0060562","epithelial tube morphogenesis","13/266","157/7628",0.0828025477707006,2.37450313682295,3.30769897181894,0.00323265092433913,0.036173580230004,0.0285510986908464,"BMP4/EPHA4/EPHA7/GJA1/GPC3/MSX2/NTN1/SLIT2/SPINT2/SPRY2/TMEM59L/DDR1/RGMA",13
"GO:0002009","morphogenesis of an epithelium","17/266","234/7628",0.0726495726495727,2.08334939913887,3.19931157539405,0.00326773534562744,0.036173580230004,0.0285510986908464,"BMP4/CCN1/CD151/EPHA4/EPHA7/FAT1/GJA1/GPC3/MSX2/NTN1/SEMA3C/SLIT2/SPINT2/SPRY2/TMEM59L/DDR1/RGMA",17
"GO:0043066","negative regulation of apoptotic process","27/266","445/7628",0.0606741573033708,1.73993410492523,3.05731299624725,0.00332758731169035,0.036173580230004,0.0285510986908464,"APOH/BMP4/BNIP3/CCN1/CLU/DDR2/EPHA4/HERPUD1/HMOX1/LRP6/MAPK8/MFSD8/MSX2/PTGS2/SPRY2/TAX1BP1/THBS1/UNC5B/ZNF16/CAV1/DSTYK/HMGA2/PTTG1IP/RGN/RNF34/TFRC/TIMP1",27
"GO:0016049","cell growth","18/266","255/7628",0.0705882352941176,2.02423706324635,3.1620464507561,0.00340663349374282,0.036173580230004,0.0285510986908464,"APOE/APP/CDK11A/EPHA7/GJA1/IFRD1/NTN1/PABIR1/PTPRS/SDCBP/SLIT2/ACVR1B/ADAM10/ADIPOR1/CLSTN3/DDR1/NRP2/RGMA",18
"GO:0048667","cell morphogenesis involved in neuron differentiation","20/266","296/7628",0.0675675675675676,1.93761430603536,3.12736547565283,0.00342002530666803,0.036173580230004,0.0285510986908464,"APLP1/APLP2/APOE/APP/B4GALT5/B4GALT6/EPHA4/EPHA7/IFRD1/NEO1/NTN1/PTPRS/SEMA3C/SLIT2/UNC5B/NRP2/NTN3/RGMA/ROBO1/TPBG",20
"GO:0003018","vascular process in circulatory system","9/266","88/7628",0.102272727272727,2.93284347231716,3.4663477762675,0.00342229190863988,0.036173580230004,0.0285510986908464,"APOE/PTGS2/SERPINF2/SLIT2/CAV1/SLC19A1/SLC38A2/SLC7A8/TFRC",9
"GO:0018212","peptidyl-tyrosine modification","9/266","88/7628",0.102272727272727,2.93284347231716,3.4663477762675,0.00342229190863988,0.036173580230004,0.0285510986908464,"APP/DDR2/EPHA4/EPHA7/FLT1/PLPP3/VTN/CAV1/DDR1",9
"GO:0030178","negative regulation of Wnt signaling pathway","9/266","88/7628",0.102272727272727,2.93284347231716,3.4663477762675,0.00342229190863988,0.036173580230004,0.0285510986908464,"APOE/APP/EGR1/GPC3/CAV1/PTPRU/RBX1/SHISA2/TPBG",9
"GO:0042116","macrophage activation","5/266","30/7628",0.166666666666667,4.77944862155388,3.94238663221872,0.00345934666050472,0.036173580230004,0.0285510986908464,"APP/CLU/IFI35/LDLR/THBS1",5
"GO:0097006","regulation of plasma lipoprotein particle levels","5/266","30/7628",0.166666666666667,4.77944862155388,3.94238663221872,0.00345934666050472,0.036173580230004,0.0285510986908464,"APOA1/APOC3/APOE/HMOX1/LDLR",5
"GO:0048678","response to axon injury","6/266","43/7628",0.13953488372093,4.00139884595209,3.75145664203338,0.00350056477354387,0.036173580230004,0.0285510986908464,"BNIP3/CSPG5/EPHA4/NEO1/PTPRS/RGMA",6
"GO:0051094","positive regulation of developmental process","33/266","582/7628",0.0567010309278351,1.62599798465235,2.98664010727642,0.00354371709340563,0.036173580230004,0.0285510986908464,"APOE/APP/B4GALT5/BMP4/BNIP3/CCN1/CCN2/COL1A1/DDR2/EPHA4/FLT1/GJA1/HMOX1/MSX2/NTN1/PTGS2/SDCBP/SERPINF2/SLIT2/THBS1/ZNF16/ACVR1B/ACVR2A/BAMBI/BMPR1A/CD83/CDON/CLSTN3/HMGA2/ROBO1/TFRC/TGFBR3/TPBG",33
"GO:0002246","wound healing involved in inflammatory response","2/266","3/7628",0.666666666666667,19.1177944862155,5.96576054219936,0.00355094386101141,0.036173580230004,0.0285510986908464,"HMOX1/TIMP1",2
"GO:0002713","negative regulation of B cell mediated immunity","2/266","3/7628",0.666666666666667,19.1177944862155,5.96576054219936,0.00355094386101141,0.036173580230004,0.0285510986908464,"C4BPA/NDFIP1",2
"GO:0002890","negative regulation of immunoglobulin mediated immune response","2/266","3/7628",0.666666666666667,19.1177944862155,5.96576054219936,0.00355094386101141,0.036173580230004,0.0285510986908464,"C4BPA/NDFIP1",2
"GO:0002923","regulation of humoral immune response mediated by circulating immunoglobulin","2/266","3/7628",0.666666666666667,19.1177944862155,5.96576054219936,0.00355094386101141,0.036173580230004,0.0285510986908464,"C4BPA/HPX",2
"GO:0021800","cerebral cortex tangential migration","2/266","3/7628",0.666666666666667,19.1177944862155,5.96576054219936,0.00355094386101141,0.036173580230004,0.0285510986908464,"SLIT2/ROBO1",2
"GO:0031649","heat generation","2/266","3/7628",0.666666666666667,19.1177944862155,5.96576054219936,0.00355094386101141,0.036173580230004,0.0285510986908464,"PTGS2/ARRDC3",2
"GO:0031650","regulation of heat generation","2/266","3/7628",0.666666666666667,19.1177944862155,5.96576054219936,0.00355094386101141,0.036173580230004,0.0285510986908464,"PTGS2/ARRDC3",2
"GO:0033564","anterior/posterior axon guidance","2/266","3/7628",0.666666666666667,19.1177944862155,5.96576054219936,0.00355094386101141,0.036173580230004,0.0285510986908464,"NTN1/UNC5B",2
"GO:0038060","nitric oxide-cGMP-mediated signaling","2/266","3/7628",0.666666666666667,19.1177944862155,5.96576054219936,0.00355094386101141,0.036173580230004,0.0285510986908464,"APOE/THBS1",2
"GO:0050923","regulation of negative chemotaxis","2/266","3/7628",0.666666666666667,19.1177944862155,5.96576054219936,0.00355094386101141,0.036173580230004,0.0285510986908464,"SLIT2/ROBO1",2
"GO:0051004","regulation of lipoprotein lipase activity","2/266","3/7628",0.666666666666667,19.1177944862155,5.96576054219936,0.00355094386101141,0.036173580230004,0.0285510986908464,"APOC3/APOH",2
"GO:0060004","reflex","2/266","3/7628",0.666666666666667,19.1177944862155,5.96576054219936,0.00355094386101141,0.036173580230004,0.0285510986908464,"GJA1/USP46",2
"GO:0060353","regulation of cell adhesion molecule production","2/266","3/7628",0.666666666666667,19.1177944862155,5.96576054219936,0.00355094386101141,0.036173580230004,0.0285510986908464,"APOA1/CAV1",2
"GO:0061771","response to caloric restriction","2/266","3/7628",0.666666666666667,19.1177944862155,5.96576054219936,0.00355094386101141,0.036173580230004,0.0285510986908464,"APOE/LDLR",2
"GO:0070099","regulation of chemokine-mediated signaling pathway","2/266","3/7628",0.666666666666667,19.1177944862155,5.96576054219936,0.00355094386101141,0.036173580230004,0.0285510986908464,"SLIT2/ROBO1",2
"GO:0070100","negative regulation of chemokine-mediated signaling pathway","2/266","3/7628",0.666666666666667,19.1177944862155,5.96576054219936,0.00355094386101141,0.036173580230004,0.0285510986908464,"SLIT2/ROBO1",2
"GO:0071504","cellular response to heparin","2/266","3/7628",0.666666666666667,19.1177944862155,5.96576054219936,0.00355094386101141,0.036173580230004,0.0285510986908464,"EGR1/SLIT2",2
"GO:0071830","triglyceride-rich lipoprotein particle clearance","2/266","3/7628",0.666666666666667,19.1177944862155,5.96576054219936,0.00355094386101141,0.036173580230004,0.0285510986908464,"APOC3/APOE",2
"GO:0072203","cell proliferation involved in metanephros development","2/266","3/7628",0.666666666666667,19.1177944862155,5.96576054219936,0.00355094386101141,0.036173580230004,0.0285510986908464,"EGR1/GPC3",2
"GO:0097490","sympathetic neuron projection extension","2/266","3/7628",0.666666666666667,19.1177944862155,5.96576054219936,0.00355094386101141,0.036173580230004,0.0285510986908464,"CLSTN3/NRP2",2
"GO:0180011","cytosolic mRNA polyadenylation","2/266","3/7628",0.666666666666667,19.1177944862155,5.96576054219936,0.00355094386101141,0.036173580230004,0.0285510986908464,"APLP1/APP",2
"GO:1901164","negative regulation of trophoblast cell migration","2/266","3/7628",0.666666666666667,19.1177944862155,5.96576054219936,0.00355094386101141,0.036173580230004,0.0285510986908464,"GJA1/TIMP1",2
"GO:1902988","neurofibrillary tangle assembly","2/266","3/7628",0.666666666666667,19.1177944862155,5.96576054219936,0.00355094386101141,0.036173580230004,0.0285510986908464,"APOE/CLU",2
"GO:1902994","regulation of phospholipid efflux","2/266","3/7628",0.666666666666667,19.1177944862155,5.96576054219936,0.00355094386101141,0.036173580230004,0.0285510986908464,"APOA1/APOE",2
"GO:1902995","positive regulation of phospholipid efflux","2/266","3/7628",0.666666666666667,19.1177944862155,5.96576054219936,0.00355094386101141,0.036173580230004,0.0285510986908464,"APOA1/APOE",2
"GO:1902996","regulation of neurofibrillary tangle assembly","2/266","3/7628",0.666666666666667,19.1177944862155,5.96576054219936,0.00355094386101141,0.036173580230004,0.0285510986908464,"APOE/CLU",2
"GO:1905918","regulation of CoA-transferase activity","2/266","3/7628",0.666666666666667,19.1177944862155,5.96576054219936,0.00355094386101141,0.036173580230004,0.0285510986908464,"APOA1/APOE",2
"GO:1905920","positive regulation of CoA-transferase activity","2/266","3/7628",0.666666666666667,19.1177944862155,5.96576054219936,0.00355094386101141,0.036173580230004,0.0285510986908464,"APOA1/APOE",2
"GO:0055080","monoatomic cation homeostasis","17/266","236/7628",0.0720338983050847,2.06569389575634,3.16102030453079,0.00356642134778204,0.0362408736459942,0.0286042120666572,"ABCB6/APOE/APP/ATP6V1D/BNIP3/HERPUD1/HMOX1/HPX/MT2A/NCOA4/NDFIP1/NEO1/CAV1/RGN/SLC31A1/STC2/TFRC",17
"GO:0050776","regulation of immune response","24/266","382/7628",0.06282722513089,1.80167696728733,3.05563663138893,0.00359369213055875,0.0363955726809799,0.0287263129863664,"APOE/APP/C4A/C4BPA/CLU/HLA-A/HPX/IFI35/MAPK8/NDFIP1/PHPT1/PTPRS/RAB29/TAX1BP1/CAV1/NCR3LG1/PLSCR1/RIOK3/RNF34/SLC19A1/SPPL2B/SQSTM1/TFRC/TRIM41",24
"GO:0001649","osteoblast differentiation","11/266","123/7628",0.0894308943089431,2.56458218717525,3.3250285131464,0.00365970437745811,0.0363955726809799,0.0287263129863664,"BMP4/CCN1/COL1A1/CRIM1/DDR2/GJA1/MSX2/NBR1/ACVR2A/BAMBI/BMPR1A",11
"GO:0120039","plasma membrane bounded cell projection morphogenesis","22/266","340/7628",0.0647058823529412,1.85555064130916,3.0676145052198,0.00369254337800406,0.0363955726809799,0.0287263129863664,"APLP1/APLP2/APOE/APP/B4GALT5/B4GALT6/EPHA4/EPHA7/IFRD1/NEO1/NTN1/PTPRS/SEMA3C/SLIT2/UNC5B/CLSTN3/DDR1/NRP2/NTN3/RGMA/ROBO1/TPBG",22
"GO:0001501","skeletal system development","16/266","217/7628",0.0737327188940092,2.11441045008835,3.16560279830013,0.00369990712938027,0.0363955726809799,0.0287263129863664,"BMP4/CCN1/CCN2/CHSY1/COL1A1/DDR2/GJA1/HOXA6/MSX2/OGN/SPP2/ACVR2A/BMPR1A/HMGA2/RGN/TIMP1",16
"GO:0002704","negative regulation of leukocyte mediated immunity","4/266","19/7628",0.210526315789474,6.03719825880491,4.17851377244783,0.00370329735125364,0.0363955726809799,0.0287263129863664,"C4BPA/CD84/HLA-A/NDFIP1",4
"GO:0003161","cardiac conduction system development","4/266","19/7628",0.210526315789474,6.03719825880491,4.17851377244783,0.00370329735125364,0.0363955726809799,0.0287263129863664,"BMP4/GJA1/MSX2/BMPR1A",4
"GO:0030501","positive regulation of bone mineralization","4/266","19/7628",0.210526315789474,6.03719825880491,4.17851377244783,0.00370329735125364,0.0363955726809799,0.0287263129863664,"BMP4/CCN1/ACVR2A/BMPR1A",4
"GO:0032964","collagen biosynthetic process","4/266","19/7628",0.210526315789474,6.03719825880491,4.17851377244783,0.00370329735125364,0.0363955726809799,0.0287263129863664,"BMP4/COL1A1/DDR2/SERPINF2",4
"GO:0034250","positive regulation of amide metabolic process","4/266","19/7628",0.210526315789474,6.03719825880491,4.17851377244783,0.00370329735125364,0.0363955726809799,0.0287263129863664,"APOE/CCN1/CLU/EPHA4",4
"GO:1901889","negative regulation of cell junction assembly","4/266","19/7628",0.210526315789474,6.03719825880491,4.17851377244783,0.00370329735125364,0.0363955726809799,0.0287263129863664,"APP/EPHA7/THBS1/CLSTN3",4
"GO:1904707","positive regulation of vascular associated smooth muscle cell proliferation","4/266","19/7628",0.210526315789474,6.03719825880491,4.17851377244783,0.00370329735125364,0.0363955726809799,0.0287263129863664,"ADAMTS1/DDR2/GJA1/BMPR1A",4
"GO:1904752","regulation of vascular associated smooth muscle cell migration","4/266","19/7628",0.210526315789474,6.03719825880491,4.17851377244783,0.00370329735125364,0.0363955726809799,0.0287263129863664,"ADAMTS1/BMP4/DDR2/FAT1",4
"GO:0046890","regulation of lipid biosynthetic process","8/266","73/7628",0.10958904109589,3.14265114841899,3.49635440964782,0.00371528856988216,0.0363955726809799,0.0287263129863664,"APOC3/APOE/CCN1/EGR1/LDLR/PTGS2/TRIB3/RGN",8
"GO:0090090","negative regulation of canonical Wnt signaling pathway","8/266","73/7628",0.10958904109589,3.14265114841899,3.49635440964782,0.00371528856988216,0.0363955726809799,0.0287263129863664,"APOE/APP/EGR1/GPC3/CAV1/PTPRU/RBX1/TPBG",8
"GO:1901800","positive regulation of proteasomal protein catabolic process","8/266","73/7628",0.10958904109589,3.14265114841899,3.49635440964782,0.00371528856988216,0.0363955726809799,0.0287263129863664,"CLU/HERPUD1/PABIR1/RCHY1/TRIB3/CAV1/GABARAP/RBX1",8
"GO:0043549","regulation of kinase activity","16/266","218/7628",0.073394495412844,2.10471131958336,3.14548582111627,0.0038706285962593,0.0378265976452614,0.0298557929749238,"APOE/CCN1/DDR2/EPHA4/FLT1/LRP6/THBS1/TNFRSF10B/TRIB3/UVRAG/ZNF16/CAV1/DSTYK/HMGA2/JTB/ROBO1",16
"GO:0001503","ossification","15/266","199/7628",0.0753768844221105,2.1615596780897,3.15589591811057,0.0039790151024142,0.0387373037691057,0.0305745954892149,"BMP4/CCN1/CCN2/CHSY1/COL1A1/CRIM1/DDR2/GJA1/GPC3/MSX2/NBR1/PTGS2/ACVR2A/BAMBI/BMPR1A",15
"GO:0010594","regulation of endothelial cell migration","9/266","90/7628",0.1,2.86766917293233,3.38776224461074,0.00398278276206227,0.0387373037691057,0.0305745954892149,"APOE/APOH/HMOX1/PLPP3/PTGS2/SLIT2/THBS1/NRP2/TGFBR3",9
"GO:0031103","axon regeneration","5/266","31/7628",0.161290322580645,4.62527285956828,3.84432652693824,0.00400925919949945,0.0388100090757234,0.0306319803643473,"CSPG5/EPHA4/NEO1/PTPRS/RGMA",5
"GO:0033138","positive regulation of peptidyl-serine phosphorylation","5/266","31/7628",0.161290322580645,4.62527285956828,3.84432652693824,0.00400925919949945,0.0388100090757234,0.0306319803643473,"APP/PTGS2/SPRY2/CAV1/TFRC",5
"GO:0030111","regulation of Wnt signaling pathway","14/266","180/7628",0.0777777777777778,2.23040935672515,3.17530778826197,0.00403358072805369,0.0389528878139129,0.0307447517552059,"APOE/APP/COL1A1/EGR1/FZD7/GPC3/PLPP3/BAMBI/CAV1/MDFIC/PTPRU/RBX1/SHISA2/TPBG",14
"GO:0071248","cellular response to metal ion","8/266","74/7628",0.108108108108108,3.10018288965657,3.45067669303777,0.00404309043649916,0.0389528878139129,0.0307447517552059,"ABCB6/BACE1/BNIP3/CPNE8/HMOX1/MT2A/PTGS2/FOSB",8
"GO:0031396","regulation of protein ubiquitination","12/266","143/7628",0.0839160839160839,2.40643566959356,3.22709517241948,0.00412780337933926,0.0395626796988252,0.0312260485518268,"HERPUD1/NDFIP1/NDFIP2/RCHY1/SPRY2/TRIB3/ARRDC3/CAV1/GABARAP/PTTG1IP/RBX1/SQSTM1",12
"GO:0010628","positive regulation of gene expression","31/266","542/7628",0.0571955719557196,1.6401797852565,2.9391436367296,0.00412818713748606,0.0395626796988252,0.0312260485518268,"APP/BMP4/CLU/CNBP/EGR1/GJA1/HLA-A/HMOX1/HPX/IL13RA1/LDLR/MAPK8/PTGS2/SERPINF2/SPRY2/THBS1/ACVR1B/BMPR1A/CALCOCO1/CAV1/CD83/HMGA2/PLGRKT/PLSCR1/RBBP9/RIOK3/ROBO1/SLC38A2/TFRC/TGFBR3/WBP2",31
"GO:0002043","blood vessel endothelial cell proliferation involved in sprouting angiogenesis","3/266","10/7628",0.3,8.60300751879699,4.57282646697959,0.00419354719941036,0.0395626796988252,0.0312260485518268,"BMP4/HMOX1/THBS1",3
"GO:0010755","regulation of plasminogen activation","3/266","10/7628",0.3,8.60300751879699,4.57282646697959,0.00419354719941036,0.0395626796988252,0.0312260485518268,"SERPINF2/THBS1/PLGRKT",3
"GO:0034143","regulation of toll-like receptor 4 signaling pathway","3/266","10/7628",0.3,8.60300751879699,4.57282646697959,0.00419354719941036,0.0395626796988252,0.0312260485518268,"IFI35/TAX1BP1/SQSTM1",3
"GO:0038065","collagen-activated signaling pathway","3/266","10/7628",0.3,8.60300751879699,4.57282646697959,0.00419354719941036,0.0395626796988252,0.0312260485518268,"COL1A1/DDR2/DDR1",3
"GO:0051044","positive regulation of membrane protein ectodomain proteolysis","3/266","10/7628",0.3,8.60300751879699,4.57282646697959,0.00419354719941036,0.0395626796988252,0.0312260485518268,"APOE/APP/RGMA",3
"GO:0071276","cellular response to cadmium ion","3/266","10/7628",0.3,8.60300751879699,4.57282646697959,0.00419354719941036,0.0395626796988252,0.0312260485518268,"ABCB6/HMOX1/MT2A",3
"GO:1904754","positive regulation of vascular associated smooth muscle cell migration","3/266","10/7628",0.3,8.60300751879699,4.57282646697959,0.00419354719941036,0.0395626796988252,0.0312260485518268,"ADAMTS1/DDR2/FAT1",3
"GO:0007423","sensory organ development","17/266","240/7628",0.0708333333333333,2.0312656641604,3.08554951889632,0.00423179791599448,0.039656689136126,0.0313002483602278,"B9D1/BMP4/EPHA4/FAT1/FLT1/GJA1/LRIG1/LRIG3/LRP10/MEIS2/MFSD8/NTN1/SPRY2/ZNF513/ADAM10/CDON/DDR1",17
"GO:0050801","monoatomic ion homeostasis","17/266","240/7628",0.0708333333333333,2.0312656641604,3.08554951889632,0.00423179791599448,0.039656689136126,0.0313002483602278,"ABCB6/APOE/APP/ATP6V1D/BNIP3/HERPUD1/HMOX1/HPX/MT2A/NCOA4/NDFIP1/NEO1/CAV1/RGN/SLC31A1/STC2/TFRC",17
"GO:0006869","lipid transport","13/266","162/7628",0.0802469135802469,2.30121600297039,3.18187192909128,0.00423263560914344,0.039656689136126,0.0313002483602278,"APOA1/APOC3/APOE/APOH/CLU/LDLR/LRP10/PRELID3B/PTGS2/THBS1/CAV1/PCTP/PLSCR1",13
"GO:0050770","regulation of axonogenesis","8/266","75/7628",0.106666666666667,3.05884711779449,3.40576574493074,0.004392774776898,0.0410628946536118,0.0324101388453296,"EPHA4/EPHA7/IFRD1/NTN1/PTPRS/SLIT2/RGMA/ROBO1",8
"GO:0014911","positive regulation of smooth muscle cell migration","4/266","20/7628",0.2,5.73533834586466,4.03042223576536,0.00450400335532569,0.0415324011433531,0.0327807111259655,"ADAMTS1/DDR2/FAT1/VTN",4
"GO:0021955","central nervous system neuron axonogenesis","4/266","20/7628",0.2,5.73533834586466,4.03042223576536,0.00450400335532569,0.0415324011433531,0.0327807111259655,"B4GALT5/B4GALT6/EPHA4/SLIT2",4
"GO:0032570","response to progesterone","4/266","20/7628",0.2,5.73533834586466,4.03042223576536,0.00450400335532569,0.0415324011433531,0.0327807111259655,"THBS1/CAV1/FOSB/WBP2",4
"GO:0038084","vascular endothelial growth factor signaling pathway","4/266","20/7628",0.2,5.73533834586466,4.03042223576536,0.00450400335532569,0.0415324011433531,0.0327807111259655,"FLT1/SPRY2/NRP2/ROBO1",4
"GO:0042304","regulation of fatty acid biosynthetic process","4/266","20/7628",0.2,5.73533834586466,4.03042223576536,0.00450400335532569,0.0415324011433531,0.0327807111259655,"APOC3/PTGS2/TRIB3/RGN",4
"GO:1904738","vascular associated smooth muscle cell migration","4/266","20/7628",0.2,5.73533834586466,4.03042223576536,0.00450400335532569,0.0415324011433531,0.0327807111259655,"ADAMTS1/BMP4/DDR2/FAT1",4
"GO:0010232","vascular transport","5/266","32/7628",0.15625,4.48073308270677,3.75036051047804,0.00461894874541195,0.0422111982662367,0.0333164724059739,"APOE/SLC19A1/SLC38A2/SLC7A8/TFRC",5
"GO:0031102","neuron projection regeneration","5/266","32/7628",0.15625,4.48073308270677,3.75036051047804,0.00461894874541195,0.0422111982662367,0.0333164724059739,"CSPG5/EPHA4/NEO1/PTPRS/RGMA",5
"GO:0150104","transport across blood-brain barrier","5/266","32/7628",0.15625,4.48073308270677,3.75036051047804,0.00461894874541195,0.0422111982662367,0.0333164724059739,"APOE/SLC19A1/SLC38A2/SLC7A8/TFRC",5
"GO:1904705","regulation of vascular associated smooth muscle cell proliferation","5/266","32/7628",0.15625,4.48073308270677,3.75036051047804,0.00461894874541195,0.0422111982662367,0.0333164724059739,"ADAMTS1/BMP4/DDR2/GJA1/BMPR1A",5
"GO:0062012","regulation of small molecule metabolic process","12/266","147/7628",0.0816326530612245,2.34095442688354,3.12041705777499,0.00515162375326965,0.0469740692680949,0.0370757132431037,"APOA1/APOC3/APOE/APP/EGR1/LDLR/PTGS2/TRIB3/ADIPOR1/CAV1/CD320/RGN",12
"GO:0009725","response to hormone","26/266","438/7628",0.0593607305936073,1.70226937206029,2.87737272824314,0.00526631267749915,0.0479128892819243,0.0378167055003631,"CLOCK/COL1A1/DDR2/EGR1/FAT1/GCNT1/LRP6/NCOA4/PRKAR1A/PTGS2/SLIT2/THBS1/TIMP3/TRIB3/ADIPOR1/CALCOCO1/CAV1/FOSB/LPIN1/PTPRU/RBX1/STC2/TGFBR3/TIMP1/UGCG/WBP2",26
"GO:0042475","odontogenesis of dentin-containing tooth","5/266","33/7628",0.151515151515152,4.34495329232171,3.66018404538391,0.00529179502830793,0.0479312254781328,0.0378311779010554,"BMP4/MSX2/ACVR2A/BMPR1A/RELT",5
"GO:1990874","vascular associated smooth muscle cell proliferation","5/266","33/7628",0.151515151515152,4.34495329232171,3.66018404538391,0.00529179502830793,0.0479312254781328,0.0378311779010554,"ADAMTS1/BMP4/DDR2/GJA1/BMPR1A",5
"GO:0010876","lipid localization","14/266","186/7628",0.0752688172043011,2.15846066779853,3.04027394318617,0.00539413064275612,0.0483323108612988,0.0381477467417789,"APOA1/APOC3/APOE/APOH/CLU/LDLR/LRP10/PRELID3B/PTGS2/THBS1/CAV1/CLSTN3/PCTP/PLSCR1",14
"GO:0048679","regulation of axon regeneration","4/266","21/7628",0.19047619047619,5.46222699606158,3.89201390779101,0.00541357011259562,0.0483323108612988,0.0381477467417789,"EPHA4/NEO1/PTPRS/RGMA",4
"GO:0070570","regulation of neuron projection regeneration","4/266","21/7628",0.19047619047619,5.46222699606158,3.89201390779101,0.00541357011259562,0.0483323108612988,0.0381477467417789,"EPHA4/NEO1/PTPRS/RGMA",4
"GO:0097242","amyloid-beta clearance","4/266","21/7628",0.19047619047619,5.46222699606158,3.89201390779101,0.00541357011259562,0.0483323108612988,0.0381477467417789,"APOE/APP/CLU/LDLR",4
"GO:0150076","neuroinflammatory response","4/266","21/7628",0.19047619047619,5.46222699606158,3.89201390779101,0.00541357011259562,0.0483323108612988,0.0381477467417789,"APP/CLU/LDLR/PTGS2",4
"GO:1904646","cellular response to amyloid-beta","4/266","21/7628",0.19047619047619,5.46222699606158,3.89201390779101,0.00541357011259562,0.0483323108612988,0.0381477467417789,"APP/BACE1/EPHA4/GJA1",4
"GO:0016055","Wnt signaling pathway","17/266","246/7628",0.0691056910569106,1.98172259918088,2.97501463579746,0.00541889801088736,0.0483323108612988,0.0381477467417789,"APOE/APP/COL1A1/EGR1/FZD7/GPC3/LRP6/PLPP3/BAMBI/CALCOCO1/CAV1/DAAM1/MDFIC/PTPRU/RBX1/SHISA2/TPBG",17
"GO:0030100","regulation of endocytosis","12/266","148/7628",0.0810810810810811,2.32513716724243,3.09428761390226,0.00543684572318197,0.0483867424383406,0.0381907085199091,"APOA1/APOC3/APOE/APP/C4A/CD151/CLU/GPC3/SDCBP/VTN/CAV1/PLSCR1",12
"GO:0031347","regulation of defense response","21/266","330/7628",0.0636363636363636,1.82488038277512,2.91182855570618,0.00547465742654441,0.0484414522713114,0.0382338899199966,"APOA1/APOE/APP/CLOCK/HLA-A/HPX/IFI35/LDLR/MAPK8/NDFIP1/PTGS2/PTPRS/TAX1BP1/CAV1/OPTN/PLSCR1/RIOK3/RNF34/SLC19A1/SQSTM1/TRIM41",21
"GO:0043434","response to peptide hormone","16/266","226/7628",0.0707964601769911,2.03020826402289,2.98830205509116,0.00548325354100814,0.0484414522713114,0.0382338899199966,"COL1A1/DDR2/EGR1/FAT1/GCNT1/LRP6/PRKAR1A/PTGS2/TRIB3/ADIPOR1/CAV1/LPIN1/RBX1/STC2/TGFBR3/TIMP1",16
"GO:0007613","memory","6/266","47/7628",0.127659574468085,3.66085426331787,3.47797578714211,0.00549042653650359,0.0484414522713114,0.0382338899199966,"APOE/APP/LDLR/NTAN1/PTGS2/CHST10",6
"GO:0044344","cellular response to fibroblast growth factor stimulus","6/266","47/7628",0.127659574468085,3.66085426331787,3.47797578714211,0.00549042653650359,0.0484414522713114,0.0382338899199966,"CCN2/COL1A1/SPRY2/THBS1/DSTYK/SHISA2",6
"GO:0002548","monocyte chemotaxis","3/266","11/7628",0.272727272727273,7.82091592617908,4.30295541566036,0.00561873937726284,0.0487315294185111,0.0384628421333246,"APP/FLT1/SLIT2",3
"GO:0010042","response to manganese ion","3/266","11/7628",0.272727272727273,7.82091592617908,4.30295541566036,0.00561873937726284,0.0487315294185111,0.0384628421333246,"BACE1/PTGS2/TFRC",3
"GO:0010875","positive regulation of cholesterol efflux","3/266","11/7628",0.272727272727273,7.82091592617908,4.30295541566036,0.00561873937726284,0.0487315294185111,0.0384628421333246,"APOA1/APOE/CAV1",3
"GO:0022010","central nervous system myelination","3/266","11/7628",0.272727272727273,7.82091592617908,4.30295541566036,0.00561873937726284,0.0487315294185111,0.0384628421333246,"B4GALT5/B4GALT6/CLU",3
"GO:0032291","axon ensheathment in central nervous system","3/266","11/7628",0.272727272727273,7.82091592617908,4.30295541566036,0.00561873937726284,0.0487315294185111,0.0384628421333246,"B4GALT5/B4GALT6/CLU",3
"GO:0055090","acylglycerol homeostasis","3/266","11/7628",0.272727272727273,7.82091592617908,4.30295541566036,0.00561873937726284,0.0487315294185111,0.0384628421333246,"APOA1/APOC3/APOE",3
"GO:0060586","multicellular organismal-level iron ion homeostasis","3/266","11/7628",0.272727272727273,7.82091592617908,4.30295541566036,0.00561873937726284,0.0487315294185111,0.0384628421333246,"HMOX1/NEO1/TFRC",3
"GO:0070328","triglyceride homeostasis","3/266","11/7628",0.272727272727273,7.82091592617908,4.30295541566036,0.00561873937726284,0.0487315294185111,0.0384628421333246,"APOA1/APOC3/APOE",3
"GO:1903322","positive regulation of protein modification by small protein conjugation or removal","9/266","95/7628",0.0947368421052632,2.71673921646221,3.2003828315912,0.00570005360112508,0.0493320316961779,0.0389368068248129,"NDFIP1/NDFIP2/RCHY1/TRIB3/ARRDC3/CAV1/GABARAP/PTTG1IP/RBX1",9
"GO:0009617","response to bacterium","14/266","188/7628",0.074468085106383,2.13549832026876,2.99639275228028,0.00592219108945732,0.0511461957725859,0.0403686910137037,"APP/BNIP3/C4BPA/GPC3/HLA-A/IFNAR1/MAPK8/PTGS2/RAB29/RNASE4/CAV1/NCR3LG1/OPTN/TRIM41",14
"GO:0051960","regulation of nervous system development","15/266","208/7628",0.0721153846153846,2.06803065355697,2.9684737808494,0.0059857393031328,0.0515859600280538,0.0407157883311032,"APP/EPHA4/EPHA7/IFRD1/LDLR/NTN1/PTPRS/SLIT2/BMPR1A/CDON/CLSTN3/LPIN1/RGMA/ROBO1/TPBG",15
"GO:2001236","regulation of extrinsic apoptotic signaling pathway","8/266","79/7628",0.10126582278481,2.90396878271628,3.23331815910448,0.00602929418026435,0.051758805932394,0.0408522122195253,"APP/BMP4/HMOX1/ITM2C/THBS1/UNC5B/CAV1/RNF34",8
"GO:0002698","negative regulation of immune effector process","5/266","34/7628",0.147058823529412,4.2171605484299,3.57352382105455,0.00603113626042094,0.051758805932394,0.0408522122195253,"APOA1/C4BPA/CD84/HLA-A/NDFIP1",5
"GO:0048771","tissue remodeling","7/266","63/7628",0.111111111111111,3.18629908103592,3.31203689269663,0.0060449443655342,0.0517685487069333,0.040859902000731,"DDR2/GJA1/SEMA3C/SPP2/CAV1/TFRC/TIMP1",7
"GO:0071774","response to fibroblast growth factor","6/266","48/7628",0.125,3.58458646616541,3.41426217462897,0.0060957906240368,0.0520506493682177,0.0410825585298849,"CCN2/COL1A1/SPRY2/THBS1/DSTYK/SHISA2",6
"GO:0062207","regulation of pattern recognition receptor signaling pathway","9/266","96/7628",0.09375,2.68843984962406,3.16435965996622,0.00610336867744829,0.0520506493682177,0.0410825585298849,"APP/IFI35/MAPK8/PTPRS/TAX1BP1/CAV1/RIOK3/SLC19A1/SQSTM1",9
"GO:0007162","negative regulation of cell adhesion","10/266","114/7628",0.087719298245614,2.51549927450204,3.09879144315663,0.00628997234066515,0.053530285440869,0.0422504063145995,"APOA1/BMP4/COL1A1/EPHA4/FZD7/NDFIP1/PRKAR1A/SPINT2/THBS1/ADAM10",10
"GO:0090497","mesenchymal cell migration","4/266","22/7628",0.181818181818182,5.21394395078606,3.7621986186712,0.00643818285579342,0.0545642675641414,0.0430665081618154,"BMP4/SEMA3C/NRP2/TPBG",4
"GO:1904645","response to amyloid-beta","4/266","22/7628",0.181818181818182,5.21394395078606,3.7621986186712,0.00643818285579342,0.0545642675641414,0.0430665081618154,"APP/BACE1/EPHA4/GJA1",4
"GO:0002684","positive regulation of immune system process","26/266","445/7628",0.0584269662921348,1.67549210103911,2.7910468859628,0.00645854564491624,0.0546235175144573,0.0431132729876397,"APP/C4A/C4BPA/CLU/HLA-A/HPX/IFI35/IL13RA1/MAPK8/PHPT1/PTPRS/RAB29/TAX1BP1/THBS1/ADAM10/CAV1/CD320/CD83/NCR3LG1/PLSCR1/RIOK3/RNF34/SLC19A1/SQSTM1/TFRC/TRIM41",26
"GO:0043583","ear development","9/266","97/7628",0.0927835051546392,2.66072397488567,3.12879265667177,0.0065283361636045,0.0547173270935992,0.0431873150519087,"BMP4/EPHA4/LRIG1/LRIG3/LRP10/NTN1/SPRY2/ADAM10/DDR1",9
"GO:0003231","cardiac ventricle development","7/266","64/7628",0.109375,3.13651315789474,3.26241784263809,0.00659063686568448,0.0547173270935992,0.0431873150519087,"BMP4/CCN1/SEMA3C/SLIT2/BMPR1A/ROBO1/TGFBR3",7
"GO:0050768","negative regulation of neurogenesis","7/266","64/7628",0.109375,3.13651315789474,3.26241784263809,0.00659063686568448,0.0547173270935992,0.0431873150519087,"EPHA7/IFRD1/LDLR/NTN1/PTPRS/BMPR1A/RGMA",7
"GO:2000060","positive regulation of ubiquitin-dependent protein catabolic process","7/266","64/7628",0.109375,3.13651315789474,3.26241784263809,0.00659063686568448,0.0547173270935992,0.0431873150519087,"CLU/HERPUD1/PABIR1/RCHY1/TRIB3/GABARAP/RBX1",7
"GO:0043603","amide metabolic process","16/266","231/7628",0.0692640692640693,1.98626436220421,2.89328560378409,0.00674296050676582,0.0547173270935992,0.0431873150519087,"APOE/B4GALT5/B4GALT6/BACE1/CCN1/CLU/EPHA4/FPGS/GSTA4/HMGCS1/NEU1/PLPP3/ADAM10/CARNMT1/SLC19A1/UGCG",16
"GO:0021954","central nervous system neuron development","6/266","49/7628",0.122448979591837,3.5114316403253,3.35222555765663,0.00674836694420515,0.0547173270935992,0.0431873150519087,"B4GALT5/B4GALT6/EPHA4/SLIT2/NRP2/ROBO1",6
"GO:0030301","cholesterol transport","6/266","49/7628",0.122448979591837,3.5114316403253,3.35222555765663,0.00674836694420515,0.0547173270935992,0.0431873150519087,"APOA1/APOC3/APOE/CLU/LDLR/CAV1",6
"GO:0050921","positive regulation of chemotaxis","6/266","49/7628",0.122448979591837,3.5114316403253,3.35222555765663,0.00674836694420515,0.0547173270935992,0.0431873150519087,"APP/SLIT2/THBS1/ADAM10/STX3/TPBG",6
"GO:0003253","cardiac neural crest cell migration involved in outflow tract morphogenesis","2/266","4/7628",0.5,14.3383458646617,5.07177888544766,0.00693845175874771,0.0547173270935992,0.0431873150519087,"BMP4/SEMA3C",2
"GO:0010757","negative regulation of plasminogen activation","2/266","4/7628",0.5,14.3383458646617,5.07177888544766,0.00693845175874771,0.0547173270935992,0.0431873150519087,"SERPINF2/THBS1",2
"GO:0010989","negative regulation of low-density lipoprotein particle clearance","2/266","4/7628",0.5,14.3383458646617,5.07177888544766,0.00693845175874771,0.0547173270935992,0.0431873150519087,"APOC3/LDLR",2
"GO:0016199","axon midline choice point recognition","2/266","4/7628",0.5,14.3383458646617,5.07177888544766,0.00693845175874771,0.0547173270935992,0.0431873150519087,"APP/ROBO1",2
"GO:0021891","olfactory bulb interneuron development","2/266","4/7628",0.5,14.3383458646617,5.07177888544766,0.00693845175874771,0.0547173270935992,0.0431873150519087,"SLIT2/ROBO1",2
"GO:0021957","corticospinal tract morphogenesis","2/266","4/7628",0.5,14.3383458646617,5.07177888544766,0.00693845175874771,0.0547173270935992,0.0431873150519087,"EPHA4/SLIT2",2
"GO:0022028","tangential migration from the subventricular zone to the olfactory bulb","2/266","4/7628",0.5,14.3383458646617,5.07177888544766,0.00693845175874771,0.0547173270935992,0.0431873150519087,"SLIT2/ROBO1",2
"GO:0030299","intestinal cholesterol absorption","2/266","4/7628",0.5,14.3383458646617,5.07177888544766,0.00693845175874771,0.0547173270935992,0.0431873150519087,"APOA1/LDLR",2
"GO:0032372","negative regulation of sterol transport","2/266","4/7628",0.5,14.3383458646617,5.07177888544766,0.00693845175874771,0.0547173270935992,0.0431873150519087,"APOC3/APOE",2
"GO:0032375","negative regulation of cholesterol transport","2/266","4/7628",0.5,14.3383458646617,5.07177888544766,0.00693845175874771,0.0547173270935992,0.0431873150519087,"APOC3/APOE",2
"GO:0032474","otolith morphogenesis","2/266","4/7628",0.5,14.3383458646617,5.07177888544766,0.00693845175874771,0.0547173270935992,0.0431873150519087,"LRIG1/LRIG3",2
"GO:0032713","negative regulation of interleukin-4 production","2/266","4/7628",0.5,14.3383458646617,5.07177888544766,0.00693845175874771,0.0547173270935992,0.0431873150519087,"NDFIP1/CD83",2
"GO:0034447","very-low-density lipoprotein particle clearance","2/266","4/7628",0.5,14.3383458646617,5.07177888544766,0.00693845175874771,0.0547173270935992,0.0431873150519087,"APOC3/APOE",2
"GO:0035385","Roundabout signaling pathway","2/266","4/7628",0.5,14.3383458646617,5.07177888544766,0.00693845175874771,0.0547173270935992,0.0431873150519087,"SLIT2/ROBO1",2
"GO:0035524","proline transmembrane transport","2/266","4/7628",0.5,14.3383458646617,5.07177888544766,0.00693845175874771,0.0547173270935992,0.0431873150519087,"SLC38A2/SLC7A8",2
"GO:0042985","negative regulation of amyloid precursor protein biosynthetic process","2/266","4/7628",0.5,14.3383458646617,5.07177888544766,0.00693845175874771,0.0547173270935992,0.0431873150519087,"ITM2B/ITM2C",2
"GO:0044241","lipid digestion","2/266","4/7628",0.5,14.3383458646617,5.07177888544766,0.00693845175874771,0.0547173270935992,0.0431873150519087,"APOA1/LDLR",2
"GO:0060346","bone trabecula formation","2/266","4/7628",0.5,14.3383458646617,5.07177888544766,0.00693845175874771,0.0547173270935992,0.0431873150519087,"COL1A1/MSX2",2
"GO:0060363","cranial suture morphogenesis","2/266","4/7628",0.5,14.3383458646617,5.07177888544766,0.00693845175874771,0.0547173270935992,0.0431873150519087,"BMP4/MSX2",2
"GO:0061626","pharyngeal arch artery morphogenesis","2/266","4/7628",0.5,14.3383458646617,5.07177888544766,0.00693845175874771,0.0547173270935992,0.0431873150519087,"BMP4/BMPR1A",2
"GO:0071211","protein targeting to vacuole involved in autophagy","2/266","4/7628",0.5,14.3383458646617,5.07177888544766,0.00693845175874771,0.0547173270935992,0.0431873150519087,"CLU/SQSTM1",2
"GO:0071503","response to heparin","2/266","4/7628",0.5,14.3383458646617,5.07177888544766,0.00693845175874771,0.0547173270935992,0.0431873150519087,"EGR1/SLIT2",2
"GO:0072110","glomerular mesangial cell proliferation","2/266","4/7628",0.5,14.3383458646617,5.07177888544766,0.00693845175874771,0.0547173270935992,0.0431873150519087,"BMP4/EGR1",2
"GO:0072124","regulation of glomerular mesangial cell proliferation","2/266","4/7628",0.5,14.3383458646617,5.07177888544766,0.00693845175874771,0.0547173270935992,0.0431873150519087,"BMP4/EGR1",2
"GO:0141162","negative regulation of cAMP/PKA signal transduction","2/266","4/7628",0.5,14.3383458646617,5.07177888544766,0.00693845175874771,0.0547173270935992,0.0431873150519087,"PRKAR1A/PRKAR1B",2
"GO:1901098","positive regulation of autophagosome maturation","2/266","4/7628",0.5,14.3383458646617,5.07177888544766,0.00693845175874771,0.0547173270935992,0.0431873150519087,"CALCOCO2/UVRAG",2
"GO:1903365","regulation of fear response","2/266","4/7628",0.5,14.3383458646617,5.07177888544766,0.00693845175874771,0.0547173270935992,0.0431873150519087,"APOE/PRKAR1B",2
"GO:0045860","positive regulation of protein kinase activity","9/266","98/7628",0.0918367346938776,2.63357373024398,3.0936706386185,0.00697569712249819,0.0549050534593548,0.0433354837972051,"CCN1/DDR2/EPHA4/FLT1/THBS1/TNFRSF10B/HMGA2/JTB/ROBO1",9
"GO:0009790","embryo development","33/266","610/7628",0.0540983606557377,1.55136201158634,2.69845301601056,0.00721515949595561,0.0560573838393079,0.0442449956064678,"APOA1/B4GALT5/B9D1/BMP4/CCN1/COL1A1/FLT1/FZD7/GJA1/GPC3/HOXA6/LRIG1/LRIG3/LRP6/MEIS2/MSX2/NTN1/PLPP3/PRKAR1A/SEMA3C/SPINT2/SPRY2/VTN/ACVR1B/ACVR2A/ADAM10/BMPR1A/CDON/DSC3/HMGA2/MARCKS/NRP2/RGMA",33
"GO:0003177","pulmonary valve development","3/266","12/7628",0.25,7.16917293233083,4.06512481558878,0.00730049650000289,0.0560573838393079,0.0442449956064678,"BMP4/SLIT2/ROBO1",3
"GO:0003272","endocardial cushion formation","3/266","12/7628",0.25,7.16917293233083,4.06512481558878,0.00730049650000289,0.0560573838393079,0.0442449956064678,"MSX2/BMPR1A/ROBO1",3
"GO:0010714","positive regulation of collagen metabolic process","3/266","12/7628",0.25,7.16917293233083,4.06512481558878,0.00730049650000289,0.0560573838393079,0.0442449956064678,"BMP4/DDR2/SERPINF2",3
"GO:0032369","negative regulation of lipid transport","3/266","12/7628",0.25,7.16917293233083,4.06512481558878,0.00730049650000289,0.0560573838393079,0.0442449956064678,"APOC3/APOE/THBS1",3
"GO:0032967","positive regulation of collagen biosynthetic process","3/266","12/7628",0.25,7.16917293233083,4.06512481558878,0.00730049650000289,0.0560573838393079,0.0442449956064678,"BMP4/DDR2/SERPINF2",3
"GO:0034377","plasma lipoprotein particle assembly","3/266","12/7628",0.25,7.16917293233083,4.06512481558878,0.00730049650000289,0.0560573838393079,0.0442449956064678,"APOA1/APOC3/APOE",3
"GO:0035116","embryonic hindlimb morphogenesis","3/266","12/7628",0.25,7.16917293233083,4.06512481558878,0.00730049650000289,0.0560573838393079,0.0442449956064678,"BMP4/GPC3/MSX2",3
"GO:0035988","chondrocyte proliferation","3/266","12/7628",0.25,7.16917293233083,4.06512481558878,0.00730049650000289,0.0560573838393079,0.0442449956064678,"CCN2/DDR2/HMGA2",3
"GO:0061450","trophoblast cell migration","3/266","12/7628",0.25,7.16917293233083,4.06512481558878,0.00730049650000289,0.0560573838393079,0.0442449956064678,"GJA1/ACVR1B/TIMP1",3
"GO:0090050","positive regulation of cell migration involved in sprouting angiogenesis","3/266","12/7628",0.25,7.16917293233083,4.06512481558878,0.00730049650000289,0.0560573838393079,0.0442449956064678,"HMOX1/PTGS2/TGFBR3",3
"GO:1901163","regulation of trophoblast cell migration","3/266","12/7628",0.25,7.16917293233083,4.06512481558878,0.00730049650000289,0.0560573838393079,0.0442449956064678,"GJA1/ACVR1B/TIMP1",3
"GO:1902004","positive regulation of amyloid-beta formation","3/266","12/7628",0.25,7.16917293233083,4.06512481558878,0.00730049650000289,0.0560573838393079,0.0442449956064678,"APOE/CLU/EPHA4",3
"GO:0002062","chondrocyte differentiation","6/266","50/7628",0.12,3.4412030075188,3.29178440174942,0.00745016886781672,0.0568858688318342,0.0448989025914857,"BMP4/CCN2/CHSY1/MSX2/BMPR1A/HMGA2",6
"GO:0032436","positive regulation of proteasomal ubiquitin-dependent protein catabolic process","6/266","50/7628",0.12,3.4412030075188,3.29178440174942,0.00745016886781672,0.0568858688318342,0.0448989025914857,"CLU/PABIR1/RCHY1/TRIB3/GABARAP/RBX1",6
"GO:0042476","odontogenesis","6/266","50/7628",0.12,3.4412030075188,3.29178440174942,0.00745016886781672,0.0568858688318342,0.0448989025914857,"BMP4/COL1A1/MSX2/ACVR2A/BMPR1A/RELT",6
"GO:0003197","endocardial cushion development","4/266","23/7628",0.173913043478261,4.98725073553449,3.64005244245855,0.0075837094600877,0.0573693576749227,0.0452805108698803,"BMP4/MSX2/BMPR1A/ROBO1",4
"GO:0033344","cholesterol efflux","4/266","23/7628",0.173913043478261,4.98725073553449,3.64005244245855,0.0075837094600877,0.0573693576749227,0.0452805108698803,"APOA1/APOC3/APOE/CAV1",4
"GO:0048662","negative regulation of smooth muscle cell proliferation","4/266","23/7628",0.173913043478261,4.98725073553449,3.64005244245855,0.0075837094600877,0.0573693576749227,0.0452805108698803,"APOE/BMP4/HMOX1/OGN",4
"GO:0070169","positive regulation of biomineral tissue development","4/266","23/7628",0.173913043478261,4.98725073553449,3.64005244245855,0.0075837094600877,0.0573693576749227,0.0452805108698803,"BMP4/CCN1/ACVR2A/BMPR1A",4
"GO:0099172","presynapse organization","4/266","23/7628",0.173913043478261,4.98725073553449,3.64005244245855,0.0075837094600877,0.0573693576749227,0.0452805108698803,"APP/SDCBP/CLSTN3/DAAM1",4
"GO:0003170","heart valve development","5/266","36/7628",0.138888888888889,3.9828738512949,3.40979149074852,0.00772238053204197,0.0580956251811997,0.0458537395941544,"BMP4/CCN1/SLIT2/BMPR1A/ROBO1",5
"GO:0008543","fibroblast growth factor receptor signaling pathway","5/266","36/7628",0.138888888888889,3.9828738512949,3.40979149074852,0.00772238053204197,0.0580956251811997,0.0458537395941544,"CCN2/SPRY2/THBS1/DSTYK/SHISA2",5
"GO:0042733","embryonic digit morphogenesis","5/266","36/7628",0.138888888888889,3.9828738512949,3.40979149074852,0.00772238053204197,0.0580956251811997,0.0458537395941544,"B9D1/BMP4/GJA1/MSX2/BMPR1A",5
"GO:0030182","neuron differentiation","36/266","686/7628",0.0524781341107872,1.50489927442513,2.63477955452238,0.00811349641207577,0.0609257956678851,0.0480875377519119,"APLP1/APLP2/APOE/APP/B4GALT5/B4GALT6/BMP4/CSPG5/DDR2/EPHA4/EPHA7/FZD7/IFRD1/ITM2C/LRP6/MFSD8/NEO1/NTN1/PTPRS/RAB29/SEMA3C/SLIT2/UNC5B/ZNF521/BMPR1A/CDON/CLSTN3/DDR1/NRP2/NTN3/PTPRU/RGMA/ROBO1/STX3/TPBG/UGCG",36
"GO:0048871","multicellular organismal-level homeostasis","22/266","364/7628",0.0604395604395604,1.73320664298108,2.72463888313047,0.0081700819839142,0.0612381374390633,0.0483340629970627,"APOE/BMP4/CCN2/EGR1/GJA1/HMOX1/MAPK8/NEO1/PTGS2/ZNF16/ACVR1B/ACVR2A/ADIPOR1/ARRDC3/CAV1/CLSTN3/CRISPLD1/LPIN1/PCTP/SQSTM1/TFRC/TGFBR3",22
"GO:0001667","ameboidal-type cell migration","11/266","137/7628",0.0802919708029197,2.30250809505516,2.92408909474757,0.00820209203751897,0.0612532833149268,0.0483460173403649,"BMP4/DDR2/GJA1/GPC3/SEMA3C/THBS1/ACVR1B/ADIPOR1/NRP2/TIMP1/TPBG",11
"GO:0010001","glial cell differentiation","11/266","137/7628",0.0802919708029197,2.30250809505516,2.92408909474757,0.00820209203751897,0.0612532833149268,0.0483460173403649,"APP/B4GALT5/B4GALT6/BNIP3/CLU/CSPG5/EPHA4/LDLR/MFSD8/PLPP3/VTN",11
"GO:0042110","T cell activation","16/266","236/7628",0.0677966101694915,1.94418249012361,2.80059783991255,0.00822674133449618,0.0613252524660892,0.0484028211824084,"BMP4/CD151/CD84/EGR1/FZD7/GJA1/HLA-A/MFAP3/NDFIP1/PRKAR1A/RAB29/CAV1/CD83/NCR3LG1/RBX1/TFRC",16
"GO:0003008","system process","33/266","616/7628",0.0535714285714286,1.53625134264232,2.63850292452809,0.00832031779620629,0.0619098327823364,0.0488642189814589,"APOA1/APOE/APP/BACE1/BMP4/COL1A1/DGCR2/F5/GJA1/HMOX1/LDLR/LRIG1/MEIS2/MFSD8/NTAN1/PRKAR1B/PTGS2/SERPINF2/SLIT2/SPRY2/TIMP3/ZNF513/CAV1/CHM/CHST10/LPIN1/REEP6/SLC19A1/SLC38A2/SLC7A8/TFRC/TPBG/UGCG",33
"GO:0002088","lens development in camera-type eye","5/266","37/7628",0.135135135135135,3.87522861207072,3.33229570093984,0.00868065216207072,0.0642399711631502,0.0507033515873811,"BMP4/FAT1/GJA1/SPRY2/CDON",5
"GO:0019217","regulation of fatty acid metabolic process","5/266","37/7628",0.135135135135135,3.87522861207072,3.33229570093984,0.00868065216207072,0.0642399711631502,0.0507033515873811,"APOC3/PTGS2/TRIB3/CAV1/RGN",5
"GO:0046889","positive regulation of lipid biosynthetic process","5/266","37/7628",0.135135135135135,3.87522861207072,3.33229570093984,0.00868065216207072,0.0642399711631502,0.0507033515873811,"APOE/CCN1/LDLR/PTGS2/RGN",5
"GO:1903320","regulation of protein modification by small protein conjugation or removal","13/266","177/7628",0.0734463276836158,2.10619769763392,2.83029618944777,0.00880432257939085,0.0648305665202092,0.0511694969403854,"EGR1/HERPUD1/NDFIP1/NDFIP2/RCHY1/SPRY2/TRIB3/ARRDC3/CAV1/GABARAP/PTTG1IP/RBX1/SQSTM1",13
"GO:0002712","regulation of B cell mediated immunity","4/266","24/7628",0.166666666666667,4.77944862155388,3.52478634666216,0.00885568081230764,0.0648305665202092,0.0511694969403854,"C4BPA/HPX/NDFIP1/TFRC",4
"GO:0002889","regulation of immunoglobulin mediated immune response","4/266","24/7628",0.166666666666667,4.77944862155388,3.52478634666216,0.00885568081230764,0.0648305665202092,0.0511694969403854,"C4BPA/HPX/NDFIP1/TFRC",4
"GO:0010596","negative regulation of endothelial cell migration","4/266","24/7628",0.166666666666667,4.77944862155388,3.52478634666216,0.00885568081230764,0.0648305665202092,0.0511694969403854,"APOE/APOH/SLIT2/THBS1",4
"GO:0045778","positive regulation of ossification","4/266","24/7628",0.166666666666667,4.77944862155388,3.52478634666216,0.00885568081230764,0.0648305665202092,0.0511694969403854,"BMP4/CCN1/ACVR2A/BMPR1A",4
"GO:1903539","protein localization to postsynaptic membrane","4/266","24/7628",0.166666666666667,4.77944862155388,3.52478634666216,0.00885568081230764,0.0648305665202092,0.0511694969403854,"ADAM10/GABARAP/NETO2/STX3",4
"GO:0051896","regulation of phosphatidylinositol 3-kinase/protein kinase B signal transduction","9/266","102/7628",0.0882352941176471,2.53029632905794,2.9574220072353,0.00900406251302642,0.0656033728817997,0.0517794578720485,"APP/DDR2/FLT1/PROS1/SPRY2/THBS1/UNC5B/DDR1/TPBG",9
"GO:0015918","sterol transport","6/266","52/7628",0.115384615384615,3.30884904569115,3.17538956390003,0.00900942281191912,0.0656033728817997,0.0517794578720485,"APOA1/APOC3/APOE/CLU/LDLR/CAV1",6
"GO:0043405","regulation of MAP kinase activity","6/266","52/7628",0.115384615384615,3.30884904569115,3.17538956390003,0.00900942281191912,0.0656033728817997,0.0517794578720485,"APOE/EPHA4/FLT1/THBS1/TRIB3/ROBO1",6
"GO:0045785","positive regulation of cell adhesion","15/266","218/7628",0.0688073394495413,1.9731668621094,2.77093437179571,0.0091004624278717,0.0661483790353308,0.0522096205592265,"APOA1/CCN1/CSPG5/EDIL3/EPHA4/GCNT1/HLA-A/PLPP3/SERPINF2/VTN/CAV1/CD83/PTPRU/STX3/TFRC",15
"GO:0010288","response to lead ion","3/266","13/7628",0.230769230769231,6.6176980913823,3.85314100945203,0.00924891458669001,0.0662838878712784,0.0523165750305291,"BACE1/PTGS2/PLSCR1",3
"GO:0030517","negative regulation of axon extension","3/266","13/7628",0.230769230769231,6.6176980913823,3.85314100945203,0.00924891458669001,0.0662838878712784,0.0523165750305291,"IFRD1/NTN1/PTPRS",3
"GO:0032965","regulation of collagen biosynthetic process","3/266","13/7628",0.230769230769231,6.6176980913823,3.85314100945203,0.00924891458669001,0.0662838878712784,0.0523165750305291,"BMP4/DDR2/SERPINF2",3
"GO:0043277","apoptotic cell clearance","3/266","13/7628",0.230769230769231,6.6176980913823,3.85314100945203,0.00924891458669001,0.0662838878712784,0.0523165750305291,"C4A/MFGE8/THBS1",3
"GO:0055093","response to hyperoxia","3/266","13/7628",0.230769230769231,6.6176980913823,3.85314100945203,0.00924891458669001,0.0662838878712784,0.0523165750305291,"BNIP3/COL1A1/CAV1",3
"GO:0055094","response to lipoprotein particle","3/266","13/7628",0.230769230769231,6.6176980913823,3.85314100945203,0.00924891458669001,0.0662838878712784,0.0523165750305291,"APOE/APP/LDLR",3
"GO:0061900","glial cell activation","3/266","13/7628",0.230769230769231,6.6176980913823,3.85314100945203,0.00924891458669001,0.0662838878712784,0.0523165750305291,"APP/CLU/LDLR",3
"GO:0098696","regulation of neurotransmitter receptor localization to postsynaptic specialization membrane","3/266","13/7628",0.230769230769231,6.6176980913823,3.85314100945203,0.00924891458669001,0.0662838878712784,0.0523165750305291,"ADAM10/GABARAP/NETO2",3
"GO:0010508","positive regulation of autophagy","9/266","103/7628",0.087378640776699,2.50573034528068,2.92437018916912,0.0095746615489699,0.0684982354247671,0.0540643162033271,"BNIP3/CALCOCO2/HMOX1/PLEKHF1/TMEM59/TRIM23/UVRAG/OPTN/SQSTM1",9
"GO:0007389","pattern specification process","13/266","179/7628",0.0726256983240224,2.08266476246482,2.78606545449781,0.00963143063390632,0.0687839058382995,0.0542897902680439,"BMP4/CHSY1/GJA1/GPC3/HOXA6/MEIS2/MSX2/SEMA3C/ACVR2A/BMPR1A/CDON/NRP2/ROBO1",13
"GO:1903036","positive regulation of response to wounding","5/266","38/7628",0.131578947368421,3.77324891175307,3.25746341321312,0.00971813613942871,0.0692820002261191,0.0546829264169562,"APOH/DDR2/SERPINF2/THBS1/VTN",5
"GO:0043085","positive regulation of catalytic activity","20/266","326/7628",0.0613496932515337,1.75930624106278,2.66332790990675,0.00980583854263428,0.0697854537398276,0.0550802924190149,"APOA1/APOE/APOH/CCN1/DDR2/EPHA4/FLT1/MAPK8/SERINC1/THBS1/TNFRSF10B/TRIB3/ZNF16/ARRDC3/DSTYK/HMGA2/JTB/PDCD2/PLSCR1/ROBO1",20
"GO:0045088","regulation of innate immune response","15/266","220/7628",0.0681818181818182,1.95522898154477,2.7326759143317,0.00985543035847145,0.0699749803259354,0.0552298820429917,"APOE/APP/HLA-A/HPX/IFI35/MAPK8/PTPRS/TAX1BP1/CAV1/PLSCR1/RIOK3/RNF34/SLC19A1/SQSTM1/TRIM41",15
"GO:0061387","regulation of extent of cell growth","6/266","53/7628",0.113207547169811,3.24641793162151,3.11929865749984,0.00987080755998189,0.0699749803259354,0.0552298820429917,"APOE/EPHA7/IFRD1/NTN1/PTPRS/RGMA",6
"GO:0001704","formation of primary germ layer","7/266","69/7628",0.101449275362319,2.90922959572845,3.02810071370854,0.00988385891017496,0.0699749803259354,0.0552298820429917,"BMP4/FZD7/GJA1/PRKAR1A/VTN/BMPR1A/HMGA2",7
"GO:0048839","inner ear development","8/266","86/7628",0.0930232558139535,2.66759923063473,2.95608850484797,0.00995858359238738,0.0703820310984471,0.0555511592487389,"BMP4/EPHA4/LRIG1/LRIG3/LRP10/NTN1/SPRY2/ADAM10",8
"GO:0000902","cell morphogenesis","28/266","507/7628",0.0552268244575937,1.58372262015987,2.58559080691025,0.010044336094547,0.0708654800452928,0.0559327360378102,"APLP1/APLP2/APOE/APP/B4GALT5/B4GALT6/CLU/CSPG5/EPHA4/EPHA7/FAT1/IFRD1/NEO1/NTN1/PTPRS/SEMA3C/SLIT2/SPINT2/UNC5B/BAMBI/C1GALT1C1/CLSTN3/DDR1/NRP2/NTN3/RGMA/ROBO1/TPBG",28
"GO:0044255","cellular lipid metabolic process","25/266","439/7628",0.0569476082004556,1.63306900508675,2.59698149089475,0.0102580140168897,0.0720088285489434,0.0568351586279492,"APOA1/APOC3/APOE/APOH/B4GALT5/B4GALT6/CCN1/CREM/HMGCS1/LDLR/MFSD8/NEU1/PI4K2A/PLPP3/PTGS2/SERINC1/TRIB3/UVRAG/ADIPOR1/CAV1/IDI1/LPIN1/PLSCR1/RGN/UGCG",25
"GO:0032371","regulation of sterol transport","4/266","25/7628",0.16,4.58827067669173,3.41572178900261,0.0102592749609511,0.0720088285489434,0.0568351586279492,"APOA1/APOC3/APOE/CAV1",4
"GO:0032374","regulation of cholesterol transport","4/266","25/7628",0.16,4.58827067669173,3.41572178900261,0.0102592749609511,0.0720088285489434,0.0568351586279492,"APOA1/APOC3/APOE/CAV1",4
"GO:1901873","regulation of post-translational protein modification","13/266","181/7628",0.0718232044198895,2.05965189216134,2.74240513494607,0.0105182183463136,0.0736996945878061,0.0581697260896606,"EGR1/HERPUD1/NDFIP1/NDFIP2/RCHY1/SPRY2/TRIB3/ARRDC3/CAV1/GABARAP/PTTG1IP/RBX1/SQSTM1",13
"GO:0031175","neuron projection development","28/266","509/7628",0.0550098231827112,1.57749974149519,2.56342711501846,0.0105624331234832,0.0738827727901176,0.0583142261305496,"APLP1/APLP2/APOE/APP/B4GALT5/B4GALT6/CSPG5/DDR2/EPHA4/EPHA7/IFRD1/ITM2C/NEO1/NTN1/PTPRS/RAB29/SEMA3C/SLIT2/UNC5B/CLSTN3/DDR1/NRP2/NTN3/PTPRU/RGMA/ROBO1/STX3/TPBG",28
"GO:0007224","smoothened signaling pathway","7/266","70/7628",0.1,2.86766917293233,2.98376978453641,0.0106649584426727,0.0744724021167831,0.0587796090146767,"B9D1/CHSY1/GPC3/MGRN1/CDON/TCTN3/TXNDC15",7
"GO:0010565","regulation of cellular ketone metabolic process","6/266","54/7628",0.111111111111111,3.18629908103592,3.06452795015491,0.0107892744463961,0.0748591539761488,0.0590848646856777,"APOC3/EGR1/PTGS2/TRIB3/CAV1/RGN",6
"GO:0046330","positive regulation of JNK cascade","5/266","39/7628",0.128205128205128,3.67649893965683,3.18512798391547,0.0108378035139236,0.0748591539761488,0.0590848646856777,"APP/CCN2/FZD7/SDCBP/SERPINF2",5
"GO:0045859","regulation of protein kinase activity","14/266","202/7628",0.0693069306930693,1.98749348619072,2.70366100228628,0.0108856254421971,0.0748591539761488,0.0590848646856777,"APOE/CCN1/DDR2/EPHA4/FLT1/LRP6/THBS1/TNFRSF10B/TRIB3/UVRAG/CAV1/HMGA2/JTB/ROBO1",14
"GO:1903050","regulation of proteolysis involved in protein catabolic process","12/266","162/7628",0.0740740740740741,2.12419938735728,2.74901205116454,0.0109111807140499,0.0748591539761488,0.0590848646856777,"APOE/CLU/EPHA4/HERPUD1/PABIR1/RCHY1/TRIB3/CAV1/GABARAP/GABARAPL2/RBX1/RGN",12
"GO:0003129","heart induction","2/266","5/7628",0.4,11.4706766917293,4.45160454462277,0.0112987277516367,0.0748591539761488,0.0590848646856777,"BMP4/ROBO1",2
"GO:0003223","ventricular compact myocardium morphogenesis","2/266","5/7628",0.4,11.4706766917293,4.45160454462277,0.0112987277516367,0.0748591539761488,0.0590848646856777,"BMPR1A/TGFBR3",2
"GO:0010985","negative regulation of lipoprotein particle clearance","2/266","5/7628",0.4,11.4706766917293,4.45160454462277,0.0112987277516367,0.0748591539761488,0.0590848646856777,"APOC3/LDLR",2
"GO:0015825","L-serine transport","2/266","5/7628",0.4,11.4706766917293,4.45160454462277,0.0112987277516367,0.0748591539761488,0.0590848646856777,"SERINC3/SLC38A2",2
"GO:0016198","axon choice point recognition","2/266","5/7628",0.4,11.4706766917293,4.45160454462277,0.0112987277516367,0.0748591539761488,0.0590848646856777,"APP/ROBO1",2
"GO:0016264","gap junction assembly","2/266","5/7628",0.4,11.4706766917293,4.45160454462277,0.0112987277516367,0.0748591539761488,0.0590848646856777,"GJA1/CAV1",2
"GO:0019934","cGMP-mediated signaling","2/266","5/7628",0.4,11.4706766917293,4.45160454462277,0.0112987277516367,0.0748591539761488,0.0590848646856777,"APOE/THBS1",2
"GO:0032329","serine transport","2/266","5/7628",0.4,11.4706766917293,4.45160454462277,0.0112987277516367,0.0748591539761488,0.0590848646856777,"SERINC3/SLC38A2",2
"GO:0032927","positive regulation of activin receptor signaling pathway","2/266","5/7628",0.4,11.4706766917293,4.45160454462277,0.0112987277516367,0.0748591539761488,0.0590848646856777,"ACVR1B/ACVR2A",2
"GO:0033210","leptin-mediated signaling pathway","2/266","5/7628",0.4,11.4706766917293,4.45160454462277,0.0112987277516367,0.0748591539761488,0.0590848646856777,"ADIPOR1/UGCG",2
"GO:0034144","negative regulation of toll-like receptor 4 signaling pathway","2/266","5/7628",0.4,11.4706766917293,4.45160454462277,0.0112987277516367,0.0748591539761488,0.0590848646856777,"TAX1BP1/SQSTM1",2
"GO:0051045","negative regulation of membrane protein ectodomain proteolysis","2/266","5/7628",0.4,11.4706766917293,4.45160454462277,0.0112987277516367,0.0748591539761488,0.0590848646856777,"TIMP3/TIMP1",2
"GO:0060033","anatomical structure regression","2/266","5/7628",0.4,11.4706766917293,4.45160454462277,0.0112987277516367,0.0748591539761488,0.0590848646856777,"FLT1/BMPR1A",2
"GO:0060449","bud elongation involved in lung branching","2/266","5/7628",0.4,11.4706766917293,4.45160454462277,0.0112987277516367,0.0748591539761488,0.0590848646856777,"BMP4/SPRY2",2
"GO:0061309","cardiac neural crest cell development involved in outflow tract morphogenesis","2/266","5/7628",0.4,11.4706766917293,4.45160454462277,0.0112987277516367,0.0748591539761488,0.0590848646856777,"BMP4/SEMA3C",2
"GO:0072109","glomerular mesangium development","2/266","5/7628",0.4,11.4706766917293,4.45160454462277,0.0112987277516367,0.0748591539761488,0.0590848646856777,"BMP4/EGR1",2
"GO:0090209","negative regulation of triglyceride metabolic process","2/266","5/7628",0.4,11.4706766917293,4.45160454462277,0.0112987277516367,0.0748591539761488,0.0590848646856777,"APOC3/APOE",2
"GO:0090261","positive regulation of inclusion body assembly","2/266","5/7628",0.4,11.4706766917293,4.45160454462277,0.0112987277516367,0.0748591539761488,0.0590848646856777,"APOE/CLU",2
"GO:1905049","negative regulation of metallopeptidase activity","2/266","5/7628",0.4,11.4706766917293,4.45160454462277,0.0112987277516367,0.0748591539761488,0.0590848646856777,"TIMP3/TIMP1",2
"GO:2000826","regulation of heart morphogenesis","2/266","5/7628",0.4,11.4706766917293,4.45160454462277,0.0112987277516367,0.0748591539761488,0.0590848646856777,"BMP4/ROBO1",2
"GO:0021953","central nervous system neuron differentiation","8/266","88/7628",0.0909090909090909,2.60697197539303,2.8819321446397,0.0113688128678048,0.0748591539761488,0.0590848646856777,"B4GALT5/B4GALT6/EPHA4/LRP6/SLIT2/BMPR1A/NRP2/ROBO1",8
"GO:1990138","neuron projection extension","8/266","88/7628",0.0909090909090909,2.60697197539303,2.8819321446397,0.0113688128678048,0.0748591539761488,0.0590848646856777,"APOE/IFRD1/NTN1/PTPRS/SLIT2/CLSTN3/DDR1/NRP2",8
"GO:1901701","cellular response to oxygen-containing compound","28/266","512/7628",0.0546875,1.56825657894737,2.53035390883618,0.0113804382705334,0.0748591539761488,0.0590848646856777,"APLP1/APP/BACE1/BNIP3/COL1A1/DDR2/EGR1/EPHA4/FAT1/FZD7/GJA1/LDLR/LRP6/MAPK8/MSX2/NCOA4/PRKAR1A/PTGS2/SLIT2/TRIB3/ZNF16/ADIPOR1/CAV1/LPIN1/MGST1/RBX1/SLC38A2/TRIM41",28
"GO:0003002","regionalization","12/266","163/7628",0.0736196319018405,2.11116748927534,2.72570096156623,0.0114238695902081,0.0748591539761488,0.0590848646856777,"BMP4/CHSY1/GJA1/GPC3/HOXA6/MSX2/SEMA3C/ACVR2A/BMPR1A/CDON/NRP2/ROBO1",12
"GO:0060070","canonical Wnt signaling pathway","12/266","163/7628",0.0736196319018405,2.11116748927534,2.72570096156623,0.0114238695902081,0.0748591539761488,0.0590848646856777,"APOE/APP/COL1A1/EGR1/FZD7/GPC3/LRP6/BAMBI/CAV1/PTPRU/RBX1/TPBG",12
"GO:0035966","response to topologically incorrect protein","9/266","106/7628",0.0849056603773585,2.43481344871613,2.82749269630067,0.0114510333714854,0.0748591539761488,0.0590848646856777,"CLU/HERPUD1/HSPA6/RNF7/THBS1/CAV1/OPTN/RNF126/STC2",9
"GO:0043123","positive regulation of canonical NF-kappaB signal transduction","9/266","106/7628",0.0849056603773585,2.43481344871613,2.82749269630067,0.0114510333714854,0.0748591539761488,0.0590848646856777,"GJA1/HMOX1/NDFIP1/NDFIP2/TNFRSF10B/CAV1/RBX1/SLC20A1/TFRC",9
"GO:0051051","negative regulation of transport","13/266","183/7628",0.0710382513661202,2.03714203541641,2.69930037712047,0.0114674661628411,0.0748591539761488,0.0590848646856777,"APOC3/APOE/CD84/GJA1/NDFIP1/NDFIP2/NEO1/PTGS2/SDCBP/THBS1/CAV1/MDFIC/PLSCR1",13
"GO:0007616","long-term memory","3/266","14/7628",0.214285714285714,6.14500537056928,3.66237827379798,0.0114720627637712,0.0748591539761488,0.0590848646856777,"APOE/LDLR/CHST10",3
"GO:0008045","motor neuron axon guidance","3/266","14/7628",0.214285714285714,6.14500537056928,3.66237827379798,0.0114720627637712,0.0748591539761488,0.0590848646856777,"EPHA4/SLIT2/NRP2",3
"GO:0010874","regulation of cholesterol efflux","3/266","14/7628",0.214285714285714,6.14500537056928,3.66237827379798,0.0114720627637712,0.0748591539761488,0.0590848646856777,"APOA1/APOE/CAV1",3
"GO:0014912","negative regulation of smooth muscle cell migration","3/266","14/7628",0.214285714285714,6.14500537056928,3.66237827379798,0.0114720627637712,0.0748591539761488,0.0590848646856777,"BMP4/SLIT2/BMPR1A",3
"GO:0032373","positive regulation of sterol transport","3/266","14/7628",0.214285714285714,6.14500537056928,3.66237827379798,0.0114720627637712,0.0748591539761488,0.0590848646856777,"APOA1/APOE/CAV1",3
"GO:0032376","positive regulation of cholesterol transport","3/266","14/7628",0.214285714285714,6.14500537056928,3.66237827379798,0.0114720627637712,0.0748591539761488,0.0590848646856777,"APOA1/APOE/CAV1",3
"GO:0050830","defense response to Gram-positive bacterium","3/266","14/7628",0.214285714285714,6.14500537056928,3.66237827379798,0.0114720627637712,0.0748591539761488,0.0590848646856777,"APP/HLA-A/RNASE4",3
"GO:0050922","negative regulation of chemotaxis","3/266","14/7628",0.214285714285714,6.14500537056928,3.66237827379798,0.0114720627637712,0.0748591539761488,0.0590848646856777,"SLIT2/THBS1/ROBO1",3
"GO:0065005","protein-lipid complex assembly","3/266","14/7628",0.214285714285714,6.14500537056928,3.66237827379798,0.0114720627637712,0.0748591539761488,0.0590848646856777,"APOA1/APOC3/APOE",3
"GO:0050920","regulation of chemotaxis","7/266","71/7628",0.0985915492957746,2.82727946627131,2.94021590221787,0.01149000968006,0.0748591539761488,0.0590848646856777,"APP/SLIT2/THBS1/ADAM10/ROBO1/STX3/TPBG",7
"GO:0060828","regulation of canonical Wnt signaling pathway","11/266","144/7628",0.0763888888888889,2.1905806182122,2.74152966683244,0.0117072299667016,0.0761455920117087,0.0601002250420315,"APOE/APP/COL1A1/EGR1/FZD7/GPC3/BAMBI/CAV1/PTPRU/RBX1/TPBG",11
"GO:0044319","wound healing, spreading of cells","4/266","26/7628",0.153846153846154,4.4117987275882,3.31227151079289,0.0117993047107495,0.0761455920117087,0.0601002250420315,"CCN1/CD151/MSX2/DDR1",4
"GO:0046513","ceramide biosynthetic process","4/266","26/7628",0.153846153846154,4.4117987275882,3.31227151079289,0.0117993047107495,0.0761455920117087,0.0601002250420315,"B4GALT5/B4GALT6/CCN1/UGCG",4
"GO:0060390","regulation of SMAD protein signal transduction","4/266","26/7628",0.153846153846154,4.4117987275882,3.31227151079289,0.0117993047107495,0.0761455920117087,0.0601002250420315,"BMP4/ACVR2A/BMPR1A/TGFBR3",4
"GO:0062237","protein localization to postsynapse","4/266","26/7628",0.153846153846154,4.4117987275882,3.31227151079289,0.0117993047107495,0.0761455920117087,0.0601002250420315,"ADAM10/GABARAP/NETO2/STX3",4
"GO:0090505","epiboly involved in wound healing","4/266","26/7628",0.153846153846154,4.4117987275882,3.31227151079289,0.0117993047107495,0.0761455920117087,0.0601002250420315,"CCN1/CD151/MSX2/DDR1",4
"GO:0045089","positive regulation of innate immune response","13/266","184/7628",0.0706521739130435,2.02607061131089,2.67795184324127,0.0119663884279299,0.0771020453124505,0.0608551349074369,"APP/HPX/IFI35/MAPK8/PTPRS/TAX1BP1/CAV1/PLSCR1/RIOK3/RNF34/SLC19A1/SQSTM1/TRIM41",13
"GO:0033993","response to lipid","22/266","377/7628",0.0583554376657825,1.67344089667139,2.54912418945436,0.0120343837745552,0.0772963171683302,0.0610084698799447,"CLOCK/COL1A1/FZD7/IFNAR1/LDLR/LRP6/MAPK8/MSX2/NCOA4/PTGS2/SLIT2/THBS1/CALCOCO1/CAV1/FOSB/MGST1/PTPRU/STC2/TFRC/TGFBR3/TRIM41/WBP2",22
"GO:0045597","positive regulation of cell differentiation","22/266","377/7628",0.0583554376657825,1.67344089667139,2.54912418945436,0.0120343837745552,0.0772963171683302,0.0610084698799447,"APP/BMP4/CCN1/CCN2/COL1A1/DDR2/EPHA4/GJA1/MSX2/NTN1/PTGS2/SDCBP/SERPINF2/SLIT2/ZNF16/ACVR1B/ACVR2A/BAMBI/BMPR1A/CD83/CDON/ROBO1",22
"GO:0001959","regulation of cytokine-mediated signaling pathway","7/266","72/7628",0.0972222222222222,2.78801169590643,2.89741306336305,0.0123603324558097,0.0792652403170844,0.0625625023748578,"APOA1/HPX/SLIT2/CAV1/ROBO1/SPPL2B/TRIM41",7
"GO:0050890","cognition","10/266","126/7628",0.0793650793650794,2.27592791502566,2.74500200960708,0.0123875475898613,0.0793152537689396,0.0626019770132738,"APOE/APP/DGCR2/LDLR/MEIS2/NTAN1/PRKAR1B/PTGS2/CHST10/TPBG",10
"GO:0008277","regulation of G protein-coupled receptor signaling pathway","6/266","56/7628",0.107142857142857,3.07250268528464,2.95871816272241,0.0128049880853318,0.0818597438631928,0.0646102932301642,"APLP1/APP/MGRN1/SLIT2/ARRDC3/ROBO1",6
"GO:0060348","bone development","8/266","90/7628",0.0888888888888889,2.54903926482874,2.80979994362016,0.012921337303655,0.0824744732584853,0.0650954871070644,"BMP4/CHSY1/COL1A1/DDR2/GJA1/MSX2/OGN/RGN",8
"GO:0048666","neuron development","30/266","565/7628",0.0530973451327434,1.52265619801717,2.45394887595582,0.0131687924225945,0.0839228035043658,0.0662386258155956,"APLP1/APLP2/APOE/APP/B4GALT5/B4GALT6/CSPG5/DDR2/EPHA4/EPHA7/IFRD1/ITM2C/MFSD8/NEO1/NTN1/PTPRS/RAB29/SEMA3C/SLIT2/UNC5B/CLSTN3/DDR1/NRP2/NTN3/PTPRU/RGMA/ROBO1/STX3/TPBG/UGCG",30
"GO:0022407","regulation of cell-cell adhesion","14/266","207/7628",0.0676328502415459,1.9394863971523,2.60473915330034,0.0132918130713089,0.0845748541998395,0.0667532766640748,"APOA1/BMP4/EPHA7/GCNT1/HLA-A/NDFIP1/PLPP3/PRKAR1A/SERPINF2/SPINT2/CAV1/CD83/PTPRU/TFRC",14
"GO:0071345","cellular response to cytokine stimulus","20/266","336/7628",0.0595238095238095,1.70694593626924,2.51913995448186,0.0133672812245254,0.0849227741869147,0.0670278830985041,"APOA1/COL1A1/EGR1/HPX/IFNAR1/IL13RA1/MFAP3/MT2A/SLIT2/SPRY2/THBS1/ADIPOR1/CAV1/IL10RB/NRP2/ROBO1/SPPL2B/TFRC/TRIM41/UGCG",20
"GO:0090504","epiboly","4/266","27/7628",0.148148148148148,4.24839877471456,3.21392426663582,0.0134802083485309,0.0855072222107898,0.0674891764817752,"CCN1/CD151/MSX2/DDR1",4
"GO:0007611","learning or memory","9/266","109/7628",0.0825688073394495,2.36780023453128,2.73385618929979,0.0135902208930328,0.085938161529472,0.0678293084493392,"APOE/APP/LDLR/MEIS2/NTAN1/PRKAR1B/PTGS2/CHST10/TPBG",9
"GO:0010810","regulation of cell-substrate adhesion","9/266","109/7628",0.0825688073394495,2.36780023453128,2.73385618929979,0.0135902208930328,0.085938161529472,0.0678293084493392,"APOA1/CCN1/COL1A1/CSPG5/EDIL3/FZD7/THBS1/VTN/DDR1",9
"GO:0050877","nervous system process","20/266","337/7628",0.0593471810089021,1.70188081479664,2.50498170198661,0.0137736530725492,0.0869634819186453,0.0686385737594049,"APOE/APP/BACE1/COL1A1/DGCR2/LDLR/LRIG1/MEIS2/MFSD8/NTAN1/PRKAR1B/PTGS2/SPRY2/TIMP3/ZNF513/CHM/CHST10/LPIN1/REEP6/TPBG",20
"GO:0006629","lipid metabolic process","31/266","591/7628",0.0524534686971235,1.50419195196112,2.42558031246622,0.0138726459186138,0.0874311732897618,0.0690077134024455,"APOA1/APOC3/APOE/APOH/APP/B4GALT5/B4GALT6/CCN1/CLU/CREM/EGR1/HMGCS1/LDLR/LRP10/MFSD8/NEU1/PI4K2A/PLPP3/PTGS2/SERINC1/TRIB3/UVRAG/ADIPOR1/CAV1/CHST10/CLSTN3/IDI1/LPIN1/PLSCR1/RGN/UGCG",31
"GO:0002707","negative regulation of lymphocyte mediated immunity","3/266","15/7628",0.2,5.73533834586466,3.48930164281757,0.0139761459383634,0.0874311732897618,0.0690077134024455,"C4BPA/HLA-A/NDFIP1",3
"GO:0034383","low-density lipoprotein particle clearance","3/266","15/7628",0.2,5.73533834586466,3.48930164281757,0.0139761459383634,0.0874311732897618,0.0690077134024455,"APOC3/HMOX1/LDLR",3
"GO:0046688","response to copper ion","3/266","15/7628",0.2,5.73533834586466,3.48930164281757,0.0139761459383634,0.0874311732897618,0.0690077134024455,"BACE1/MT2A/TFRC",3
"GO:0050892","intestinal absorption","3/266","15/7628",0.2,5.73533834586466,3.48930164281757,0.0139761459383634,0.0874311732897618,0.0690077134024455,"APOA1/LDLR/UGCG",3
"GO:0070841","inclusion body assembly","3/266","15/7628",0.2,5.73533834586466,3.48930164281757,0.0139761459383634,0.0874311732897618,0.0690077134024455,"APOE/CLU/MFSD8",3
"GO:0030879","mammary gland development","7/266","74/7628",0.0945945945945946,2.7126600284495,2.81396257077139,0.0142419920093674,0.0888221944401005,0.0701056191638286,"BMP4/GJA1/MSX2/NTN1/CAV1/DDR1/ROBO1",7
"GO:0048754","branching morphogenesis of an epithelial tube","7/266","74/7628",0.0945945945945946,2.7126600284495,2.81396257077139,0.0142419920093674,0.0888221944401005,0.0701056191638286,"BMP4/GPC3/MSX2/SLIT2/SPRY2/TMEM59L/DDR1",7
"GO:0001707","mesoderm formation","5/266","42/7628",0.119047619047619,3.41389187253849,2.98164423888395,0.0147180600080266,0.0913727585604691,0.0721187294906183,"BMP4/GJA1/PRKAR1A/BMPR1A/HMGA2",5
"GO:0033135","regulation of peptidyl-serine phosphorylation","5/266","42/7628",0.119047619047619,3.41389187253849,2.98164423888395,0.0147180600080266,0.0913727585604691,0.0721187294906183,"APP/PTGS2/SPRY2/CAV1/TFRC",5
"GO:0070059","intrinsic apoptotic signaling pathway in response to endoplasmic reticulum stress","5/266","42/7628",0.119047619047619,3.41389187253849,2.98164423888395,0.0147180600080266,0.0913727585604691,0.0721187294906183,"APP/HERPUD1/SERINC3/TNFRSF10B/TRIB3",5
"GO:0007417","central nervous system development","27/266","500/7628",0.054,1.54854135338346,2.41173904959633,0.0149897994173735,0.0929185593626264,0.0733387998009985,"ABCB6/APLP1/APLP2/APP/B4GALT5/B4GALT6/BMP4/BNIP3/CLU/EPHA4/EPHA7/LDLR/LRP6/MEIS2/MFSD8/PLPP3/PTPRS/SLIT2/VTN/BMPR1A/CD320/CDON/MARCKS/NRP2/ROBO1/SELENOP/SLC38A2",27
"GO:0055088","lipid homeostasis","6/266","58/7628",0.103448275862069,2.96655431682655,2.85753651179242,0.0150712369154385,0.09314070015063,0.0735141311760304,"APOA1/APOC3/APOE/CNBP/LDLR/CAV1",6
"GO:1905952","regulation of lipid localization","6/266","58/7628",0.103448275862069,2.96655431682655,2.85753651179242,0.0150712369154385,0.09314070015063,0.0735141311760304,"APOA1/APOC3/APOE/THBS1/CAV1/CLSTN3",6
"GO:0034205","amyloid-beta formation","4/266","28/7628",0.142857142857143,4.09667024704619,3.12023257032839,0.0153060432087318,0.0937409093068508,0.0739878645125,"APOE/BACE1/CLU/EPHA4",4
"GO:0046425","regulation of receptor signaling pathway via JAK-STAT","4/266","28/7628",0.142857142857143,4.09667024704619,3.12023257032839,0.0153060432087318,0.0937409093068508,0.0739878645125,"IFNAR1/ADIPOR1/CAV1/IL10RB",4
"GO:1902991","regulation of amyloid precursor protein catabolic process","4/266","28/7628",0.142857142857143,4.09667024704619,3.12023257032839,0.0153060432087318,0.0937409093068508,0.0739878645125,"APOE/APP/CLU/EPHA4",4
"GO:1990776","response to angiotensin","4/266","28/7628",0.142857142857143,4.09667024704619,3.12023257032839,0.0153060432087318,0.0937409093068508,0.0739878645125,"DDR2/FAT1/PTGS2/CAV1",4
"GO:2000242","negative regulation of reproductive process","4/266","28/7628",0.142857142857143,4.09667024704619,3.12023257032839,0.0153060432087318,0.0937409093068508,0.0739878645125,"BMP4/GJA1/RGN/TIMP1",4
"GO:2001238","positive regulation of extrinsic apoptotic signaling pathway","4/266","28/7628",0.142857142857143,4.09667024704619,3.12023257032839,0.0153060432087318,0.0937409093068508,0.0739878645125,"APP/ITM2C/THBS1/CAV1",4
"GO:0060429","epithelium development","28/266","526/7628",0.0532319391634981,1.52651590954573,2.37866795401881,0.0159086078513682,0.0957870082489964,0.0756028103502354,"B9D1/BMP4/CCN1/CD151/CLOCK/EPHA4/EPHA7/FAT1/FZD7/GJA1/GPC3/MSX2/NTN1/PTPRS/SEMA3C/SLIT2/SPINT2/SPRY2/TMEM59L/ACVR1B/BMPR1A/CAV1/DDR1/MARCKS/RBBP9/RGMA/ROBO1/UGCG",28
"GO:0007169","cell surface receptor protein tyrosine kinase signaling pathway","18/266","298/7628",0.0604026845637584,1.73214916485846,2.45061733347638,0.0161259721761064,0.0957870082489964,0.0756028103502354,"CCN2/COL1A1/CRIM1/DDR2/EPHA4/EPHA7/FLT1/SPRY2/THBS1/VTN/ADIPOR1/DDR1/DSTYK/NRP2/RNF126/ROBO1/SHISA2/SLC31A1",18
"GO:0006767","water-soluble vitamin metabolic process","5/266","43/7628",0.116279069767442,3.33449903829341,2.917896744992,0.0161940462230901,0.0957870082489964,0.0756028103502354,"FPGS/CLSTN3/MMADHC/RGN/SLC19A1",5
"GO:0014033","neural crest cell differentiation","5/266","43/7628",0.116279069767442,3.33449903829341,2.917896744992,0.0161940462230901,0.0957870082489964,0.0756028103502354,"BMP4/LRP6/SEMA3C/BMPR1A/NRP2",5
"GO:0034605","cellular response to heat","5/266","43/7628",0.116279069767442,3.33449903829341,2.917896744992,0.0161940462230901,0.0957870082489964,0.0756028103502354,"HMOX1/HSPA6/PTGS2/THBS1/EEF1D",5
"GO:0035418","protein localization to synapse","5/266","43/7628",0.116279069767442,3.33449903829341,2.917896744992,0.0161940462230901,0.0957870082489964,0.0756028103502354,"ADAM10/CLSTN3/GABARAP/NETO2/STX3",5
"GO:0050729","positive regulation of inflammatory response","5/266","43/7628",0.116279069767442,3.33449903829341,2.917896744992,0.0161940462230901,0.0957870082489964,0.0756028103502354,"APP/CLOCK/IFI35/LDLR/PTGS2",5
"GO:0007229","integrin-mediated signaling pathway","6/266","59/7628",0.101694915254237,2.91627373518542,2.80856245107961,0.016302705223027,0.0957870082489964,0.0756028103502354,"ADAMTS1/APOA1/CCN2/PLPP3/ADAM10/TIMP1",6
"GO:0048675","axon extension","6/266","59/7628",0.101694915254237,2.91627373518542,2.80856245107961,0.016302705223027,0.0957870082489964,0.0756028103502354,"APOE/IFRD1/NTN1/PTPRS/SLIT2/NRP2",6
"GO:0002701","negative regulation of production of molecular mediator of immune response","2/266","6/7628",0.333333333333333,9.55889724310777,3.98638050468037,0.0165603162062592,0.0957870082489964,0.0756028103502354,"APOA1/NDFIP1",2
"GO:0006995","cellular response to nitrogen starvation","2/266","6/7628",0.333333333333333,9.55889724310777,3.98638050468037,0.0165603162062592,0.0957870082489964,0.0756028103502354,"GABARAP/GABARAPL2",2
"GO:0010561","negative regulation of glycoprotein biosynthetic process","2/266","6/7628",0.333333333333333,9.55889724310777,3.98638050468037,0.0165603162062592,0.0957870082489964,0.0756028103502354,"ITM2B/ITM2C",2
"GO:0010637","negative regulation of mitochondrial fusion","2/266","6/7628",0.333333333333333,9.55889724310777,3.98638050468037,0.0165603162062592,0.0957870082489964,0.0756028103502354,"BNIP3/TFRC",2
"GO:0010867","positive regulation of triglyceride biosynthetic process","2/266","6/7628",0.333333333333333,9.55889724310777,3.98638050468037,0.0165603162062592,0.0957870082489964,0.0756028103502354,"LDLR/RGN",2
"GO:0015886","heme transport","2/266","6/7628",0.333333333333333,9.55889724310777,3.98638050468037,0.0165603162062592,0.0957870082489964,0.0756028103502354,"ABCB6/HPX",2
"GO:0018344","protein geranylgeranylation","2/266","6/7628",0.333333333333333,9.55889724310777,3.98638050468037,0.0165603162062592,0.0957870082489964,0.0756028103502354,"PGGT1B/CHM",2
"GO:0021889","olfactory bulb interneuron differentiation","2/266","6/7628",0.333333333333333,9.55889724310777,3.98638050468037,0.0165603162062592,0.0957870082489964,0.0756028103502354,"SLIT2/ROBO1",2
"GO:0033003","regulation of mast cell activation","2/266","6/7628",0.333333333333333,9.55889724310777,3.98638050468037,0.0165603162062592,0.0957870082489964,0.0756028103502354,"CD84/PLSCR1",2
"GO:0034380","high-density lipoprotein particle assembly","2/266","6/7628",0.333333333333333,9.55889724310777,3.98638050468037,0.0165603162062592,0.0957870082489964,0.0756028103502354,"APOA1/APOE",2
"GO:0034635","glutathione transport","2/266","6/7628",0.333333333333333,9.55889724310777,3.98638050468037,0.0165603162062592,0.0957870082489964,0.0756028103502354,"GJA1/MGST1",2
"GO:0042939","tripeptide transport","2/266","6/7628",0.333333333333333,9.55889724310777,3.98638050468037,0.0165603162062592,0.0957870082489964,0.0756028103502354,"GJA1/MGST1",2
"GO:0043562","cellular response to nitrogen levels","2/266","6/7628",0.333333333333333,9.55889724310777,3.98638050468037,0.0165603162062592,0.0957870082489964,0.0756028103502354,"GABARAP/GABARAPL2",2
"GO:0044320","cellular response to leptin stimulus","2/266","6/7628",0.333333333333333,9.55889724310777,3.98638050468037,0.0165603162062592,0.0957870082489964,0.0756028103502354,"ADIPOR1/UGCG",2
"GO:0044321","response to leptin","2/266","6/7628",0.333333333333333,9.55889724310777,3.98638050468037,0.0165603162062592,0.0957870082489964,0.0756028103502354,"ADIPOR1/UGCG",2
"GO:0045723","positive regulation of fatty acid biosynthetic process","2/266","6/7628",0.333333333333333,9.55889724310777,3.98638050468037,0.0165603162062592,0.0957870082489964,0.0756028103502354,"PTGS2/RGN",2
"GO:0045907","positive regulation of vasoconstriction","2/266","6/7628",0.333333333333333,9.55889724310777,3.98638050468037,0.0165603162062592,0.0957870082489964,0.0756028103502354,"PTGS2/CAV1",2
"GO:0048840","otolith development","2/266","6/7628",0.333333333333333,9.55889724310777,3.98638050468037,0.0165603162062592,0.0957870082489964,0.0756028103502354,"LRIG1/LRIG3",2
"GO:0060973","cell migration involved in heart development","2/266","6/7628",0.333333333333333,9.55889724310777,3.98638050468037,0.0165603162062592,0.0957870082489964,0.0756028103502354,"BMP4/SEMA3C",2
"GO:0061430","bone trabecula morphogenesis","2/266","6/7628",0.333333333333333,9.55889724310777,3.98638050468037,0.0165603162062592,0.0957870082489964,0.0756028103502354,"COL1A1/MSX2",2
"GO:0150077","regulation of neuroinflammatory response","2/266","6/7628",0.333333333333333,9.55889724310777,3.98638050468037,0.0165603162062592,0.0957870082489964,0.0756028103502354,"LDLR/PTGS2",2
"GO:1901678","iron coordination entity transport","2/266","6/7628",0.333333333333333,9.55889724310777,3.98638050468037,0.0165603162062592,0.0957870082489964,0.0756028103502354,"ABCB6/HPX",2
"GO:1901722","regulation of cell proliferation involved in kidney development","2/266","6/7628",0.333333333333333,9.55889724310777,3.98638050468037,0.0165603162062592,0.0957870082489964,0.0756028103502354,"BMP4/EGR1",2
"GO:1901857","positive regulation of cellular respiration","2/266","6/7628",0.333333333333333,9.55889724310777,3.98638050468037,0.0165603162062592,0.0957870082489964,0.0756028103502354,"IFNAR1/IL10RB",2
"GO:2001256","regulation of store-operated calcium entry","2/266","6/7628",0.333333333333333,9.55889724310777,3.98638050468037,0.0165603162062592,0.0957870082489964,0.0756028103502354,"CD84/STC2",2
"GO:2001233","regulation of apoptotic signaling pathway","14/266","213/7628",0.0657276995305164,1.88485297751421,2.4895744921691,0.0167021599180493,0.0957870082489964,0.0756028103502354,"APP/BMP4/CLU/HERPUD1/HMOX1/ITM2C/PLEKHF1/PTGS2/SERINC3/THBS1/UNC5B/CAV1/PTTG1IP/RNF34",14
"GO:0001919","regulation of receptor recycling","3/266","16/7628",0.1875,5.37687969924812,3.33115619186884,0.0167656575025783,0.0957870082489964,0.0756028103502354,"LDLR/RAB29/OPTN",3
"GO:0010712","regulation of collagen metabolic process","3/266","16/7628",0.1875,5.37687969924812,3.33115619186884,0.0167656575025783,0.0957870082489964,0.0756028103502354,"BMP4/DDR2/SERPINF2",3
"GO:0019432","triglyceride biosynthetic process","3/266","16/7628",0.1875,5.37687969924812,3.33115619186884,0.0167656575025783,0.0957870082489964,0.0756028103502354,"LDLR/LPIN1/RGN",3
"GO:0030150","protein import into mitochondrial matrix","3/266","16/7628",0.1875,5.37687969924812,3.33115619186884,0.0167656575025783,0.0957870082489964,0.0756028103502354,"DNLZ/TIMM23/TOMM40L",3
"GO:0030857","negative regulation of epithelial cell differentiation","3/266","16/7628",0.1875,5.37687969924812,3.33115619186884,0.0167656575025783,0.0957870082489964,0.0756028103502354,"MSX2/SPRY2/CAV1",3
"GO:0032722","positive regulation of chemokine production","3/266","16/7628",0.1875,5.37687969924812,3.33115619186884,0.0167656575025783,0.0957870082489964,0.0756028103502354,"APP/EGR1/HMOX1",3
"GO:0042908","xenobiotic transport","3/266","16/7628",0.1875,5.37687969924812,3.33115619186884,0.0167656575025783,0.0957870082489964,0.0756028103502354,"GJA1/SLC19A1/SLC31A1",3
"GO:0051932","synaptic transmission, GABAergic","3/266","16/7628",0.1875,5.37687969924812,3.33115619186884,0.0167656575025783,0.0957870082489964,0.0756028103502354,"USP46/CLSTN3/TPBG",3
"GO:0060795","cell fate commitment involved in formation of primary germ layer","3/266","16/7628",0.1875,5.37687969924812,3.33115619186884,0.0167656575025783,0.0957870082489964,0.0756028103502354,"BMP4/FZD7/BMPR1A",3
"GO:0071827","plasma lipoprotein particle organization","3/266","16/7628",0.1875,5.37687969924812,3.33115619186884,0.0167656575025783,0.0957870082489964,0.0756028103502354,"APOA1/APOC3/APOE",3
"GO:0099054","presynapse assembly","3/266","16/7628",0.1875,5.37687969924812,3.33115619186884,0.0167656575025783,0.0957870082489964,0.0756028103502354,"APP/SDCBP/CLSTN3",3
"GO:0099633","protein localization to postsynaptic specialization membrane","3/266","16/7628",0.1875,5.37687969924812,3.33115619186884,0.0167656575025783,0.0957870082489964,0.0756028103502354,"ADAM10/GABARAP/NETO2",3
"GO:0099645","neurotransmitter receptor localization to postsynaptic specialization membrane","3/266","16/7628",0.1875,5.37687969924812,3.33115619186884,0.0167656575025783,0.0957870082489964,0.0756028103502354,"ADAM10/GABARAP/NETO2",3
"GO:0015849","organic acid transport","9/266","113/7628",0.079646017699115,2.28398429702575,2.61369090500294,0.016886429095809,0.0961068128378766,0.0758552258512958,"APOE/GJA1/MPC1/PTGS2/SERINC3/THBS1/SLC19A1/SLC38A2/SLC7A8",9
"GO:0046942","carboxylic acid transport","9/266","113/7628",0.079646017699115,2.28398429702575,2.61369090500294,0.016886429095809,0.0961068128378766,0.0758552258512958,"APOE/GJA1/MPC1/PTGS2/SERINC3/THBS1/SLC19A1/SLC38A2/SLC7A8",9
"GO:0042063","gliogenesis","12/266","172/7628",0.0697674418604651,2.00069942297604,2.52310142048826,0.016915740129849,0.0961068128378766,0.0758552258512958,"APP/B4GALT5/B4GALT6/BNIP3/CLU/CSPG5/EPHA4/LDLR/MFSD8/NTN1/PLPP3/VTN",12
"GO:0046486","glycerolipid metabolic process","12/266","172/7628",0.0697674418604651,2.00069942297604,2.52310142048826,0.016915740129849,0.0961068128378766,0.0758552258512958,"APOA1/APOC3/APOE/APOH/LDLR/PI4K2A/SERINC1/UVRAG/CAV1/LPIN1/PLSCR1/RGN",12
"GO:0055082","intracellular chemical homeostasis","18/266","300/7628",0.06,1.7206015037594,2.42037604550193,0.0171535876465585,0.0973227854669327,0.0768149692418256,"ABCB6/APOE/APP/ATP6V1D/BNIP3/COL1A1/HERPUD1/HMOX1/HPX/MT2A/NCOA4/NDFIP1/NEO1/CAV1/RGN/SLC31A1/STC2/TFRC",18
"GO:0010171","body morphogenesis","4/266","29/7628",0.137931034482759,3.95540575576873,3.03080277656352,0.0172804818072388,0.0976359172649663,0.0770621180397067,"COL1A1/GPC3/CDON/CRISPLD1",4
"GO:0010718","positive regulation of epithelial to mesenchymal transition","4/266","29/7628",0.137931034482759,3.95540575576873,3.03080277656352,0.0172804818072388,0.0976359172649663,0.0770621180397067,"BMP4/COL1A1/SDCBP/BAMBI",4
"GO:0043406","positive regulation of MAP kinase activity","4/266","29/7628",0.137931034482759,3.95540575576873,3.03080277656352,0.0172804818072388,0.0976359172649663,0.0770621180397067,"EPHA4/FLT1/THBS1/ROBO1",4
"GO:0060759","regulation of response to cytokine stimulus","7/266","77/7628",0.0909090909090909,2.60697197539303,2.69383639042898,0.0174360041883405,0.0982428649784428,0.0775411699874947,"APOA1/HPX/SLIT2/CAV1/ROBO1/SPPL2B/TRIM41",7
"GO:0106106","cold-induced thermogenesis","7/266","77/7628",0.0909090909090909,2.60697197539303,2.69383639042898,0.0174360041883405,0.0982428649784428,0.0775411699874947,"GJA1/ADIPOR1/ARRDC3/CAV1/CLSTN3/LPIN1/PCTP",7
"GO:0002449","lymphocyte mediated immunity","8/266","95/7628",0.0842105263157895,2.41487930352196,2.63764897332331,0.0174759158877244,0.098332116255309,0.0776116142730172,"C4A/C4BPA/CLU/HLA-A/HPX/NDFIP1/NCR3LG1/TFRC",8
"GO:0009894","regulation of catabolic process","33/266","650/7628",0.0507692307692308,1.45589358010411,2.30980042663637,0.0175601920785925,0.0986704052834256,0.0778786191800896,"APOC3/APOE/APP/ATP6V1D/BNIP3/C4BPA/CALCOCO2/CLU/GPC3/HERPUD1/HMOX1/LDLR/MAPK8/MFSD8/NDFIP1/PABIR1/PLEKHF1/RCHY1/TIMP3/TMEM59/TRIB3/TRIM23/UVRAG/CAV1/CLSTN3/GABARAP/GABARAPL2/OPTN/RBX1/RGMA/RGN/SQSTM1/TIMP1",33
"GO:0006766","vitamin metabolic process","6/266","60/7628",0.1,2.86766917293233,2.76060836098365,0.0176019798220242,0.0987693510617705,0.077956715145836,"FPGS/CD320/CLSTN3/MMADHC/RGN/SLC19A1",6
"GO:0098657","import into cell","23/266","414/7628",0.0555555555555556,1.59314954051796,2.35882697071485,0.0177483400768652,0.0994133312585789,0.0784649961077181,"APLP1/APOA1/APOC3/APOE/APP/C4A/C4BPA/CD151/CLU/GPC3/LDLR/LRP10/LRP6/MFGE8/SDCBP/THBS1/VTN/CAV1/PLSCR1/SLC19A1/SLC38A2/SLC7A8/TFRC",23
"GO:0048332","mesoderm morphogenesis","5/266","44/7628",0.113636363636364,3.25871496924128,2.85600123638618,0.0177654178258905,0.0994133312585789,0.0784649961077181,"BMP4/GJA1/PRKAR1A/BMPR1A/HMGA2",5
"GO:0002833","positive regulation of response to biotic stimulus","13/266","194/7628",0.0670103092783505,1.92163398186187,2.47154117998514,0.0179308691278856,0.100201915714655,0.0790874103804644,"APP/HPX/IFI35/MAPK8/PTPRS/TAX1BP1/CAV1/PLSCR1/RIOK3/RNF34/SLC19A1/SQSTM1/TRIM41",13
"GO:0002831","regulation of response to biotic stimulus","16/266","258/7628",0.062015503875969,1.77839948708982,2.41767786924142,0.0181200208458635,0.101120608135727,0.0798125163228069,"APOE/APP/HLA-A/HPX/IFI35/MAPK8/PTPRS/TAX1BP1/CAV1/OPTN/PLSCR1/RIOK3/RNF34/SLC19A1/SQSTM1/TRIM41",16
"GO:0048878","chemical homeostasis","23/266","415/7628",0.0554216867469879,1.5893106259625,2.34655176509557,0.0182100732202682,0.101484514467661,0.0800997404662621,"ABCB6/APOA1/APOC3/APOE/APP/ATP6V1D/BNIP3/CNBP/COL1A1/HERPUD1/HMOX1/HPX/LDLR/MT2A/NCOA4/NDFIP1/NEO1/ADIPOR1/CAV1/RGN/SLC31A1/STC2/TFRC",23
"GO:0001666","response to hypoxia","11/266","154/7628",0.0714285714285714,2.04833512352309,2.49806500410209,0.0185684561410839,0.103340794736142,0.0815648661410299,"BNIP3/DDR2/EGR1/EPHA4/PTGS2/THBS1/CAV1/STC2/TFRC/TGFBR3/VASN",11
"GO:1901698","response to nitrogen compound","28/266","533/7628",0.0525328330206379,1.50646785820085,2.30440643152077,0.0186621158250675,0.103720738973334,0.0818647486891253,"APLP1/APOE/APP/BACE1/COL1A1/DDR2/EGR1/EPHA4/FAT1/GCNT1/GJA1/HERPUD1/LDLR/LRP6/PRKAR1A/PTGS2/SLIT2/TRIB3/ADIPOR1/CAV1/FOSB/LPIN1/RBX1/RIOK3/STC2/TGFBR3/TIMP1/TRIM41",28
"GO:0001817","regulation of cytokine production","17/266","281/7628",0.0604982206405694,1.73488882348219,2.38583039699323,0.0188266894692735,0.104493242502693,0.0824744706012369,"APOA1/APP/CD84/CLU/EGR1/HLA-A/HMOX1/NDFIP1/PLD3/PTGS2/PTPRS/SERPINF2/THBS1/BMPR1A/CD83/RBX1/RIOK3",17
"GO:0072073","kidney epithelium development","6/266","61/7628",0.0983606557377049,2.82065820288426,2.7136339100982,0.0189706755892937,0.105007059325562,0.0828800161603289,"BMP4/EPHA4/EPHA7/GPC3/SLIT2/TMEM59L",6
"GO:0098754","detoxification","6/266","61/7628",0.0983606557377049,2.82065820288426,2.7136339100982,0.0189706755892937,0.105007059325562,0.0828800161603289,"ABCB6/APOE/MT2A/PTGS2/RAB29/MGST1",6
"GO:0008610","lipid biosynthetic process","19/266","326/7628",0.0582822085889571,1.67134092900964,2.3547824798483,0.0191870661432704,0.106061116637699,0.0837119629610957,"APOA1/APOC3/APOE/B4GALT5/B4GALT6/CCN1/EGR1/HMGCS1/LDLR/PI4K2A/PTGS2/SERINC1/TRIB3/UVRAG/IDI1/LPIN1/PLSCR1/RGN/UGCG",19
"GO:1904892","regulation of receptor signaling pathway via STAT","4/266","30/7628",0.133333333333333,3.82355889724311,2.94528698929549,0.0194068102913518,0.106850188915775,0.0843347622621967,"IFNAR1/ADIPOR1/CAV1/IL10RB",4
"GO:0001816","cytokine production","17/266","282/7628",0.0602836879432624,1.72873673545566,2.37022481079405,0.0194228615260918,0.106850188915775,0.0843347622621967,"APOA1/APP/CD84/CLU/EGR1/HLA-A/HMOX1/NDFIP1/PLD3/PTGS2/PTPRS/SERPINF2/THBS1/BMPR1A/CD83/RBX1/RIOK3",17
"GO:0048708","astrocyte differentiation","5/266","45/7628",0.111111111111111,3.18629908103592,2.79585784557588,0.0194344407256845,0.106850188915775,0.0843347622621967,"APP/EPHA4/LDLR/MFSD8/PLPP3",5
"GO:0097352","autophagosome maturation","5/266","45/7628",0.111111111111111,3.18629908103592,2.79585784557588,0.0194344407256845,0.106850188915775,0.0843347622621967,"CALCOCO2/MFSD8/UVRAG/GABARAP/GABARAPL2",5
"GO:0003180","aortic valve morphogenesis","3/266","17/7628",0.176470588235294,5.06059265811588,3.18575820061967,0.0198435226006063,0.108225353569395,0.0854201528011483,"BMP4/SLIT2/ROBO1",3
"GO:0003203","endocardial cushion morphogenesis","3/266","17/7628",0.176470588235294,5.06059265811588,3.18575820061967,0.0198435226006063,0.108225353569395,0.0854201528011483,"MSX2/BMPR1A/ROBO1",3
"GO:0016266","O-glycan processing","3/266","17/7628",0.176470588235294,5.06059265811588,3.18575820061967,0.0198435226006063,0.108225353569395,0.0854201528011483,"B4GALT5/GCNT1/GALNT1",3
"GO:0051180","vitamin transport","3/266","17/7628",0.176470588235294,5.06059265811588,3.18575820061967,0.0198435226006063,0.108225353569395,0.0854201528011483,"APOA1/CD320/SLC19A1",3
"GO:0051788","response to misfolded protein","3/266","17/7628",0.176470588235294,5.06059265811588,3.18575820061967,0.0198435226006063,0.108225353569395,0.0854201528011483,"CLU/CAV1/RNF126",3
"GO:0060603","mammary gland duct morphogenesis","3/266","17/7628",0.176470588235294,5.06059265811588,3.18575820061967,0.0198435226006063,0.108225353569395,0.0854201528011483,"MSX2/NTN1/DDR1",3
"GO:0002757","immune response-activating signaling pathway","14/266","218/7628",0.0642201834862385,1.84162240463544,2.39638292247515,0.0200249431703184,0.109069190467668,0.0860861767448214,"APP/HLA-A/IFI35/MAPK8/PHPT1/PTPRS/RAB29/TAX1BP1/CAV1/PLSCR1/RIOK3/RNF34/SLC19A1/SQSTM1",14
"GO:0002221","pattern recognition receptor signaling pathway","10/266","136/7628",0.0735294117647059,2.10858027421495,2.47946225502755,0.0202245304664172,0.110009596478448,0.0868284207984244,"APP/IFI35/MAPK8/PTPRS/TAX1BP1/CAV1/RIOK3/RNF34/SLC19A1/SQSTM1",10
"GO:0007498","mesoderm development","6/266","62/7628",0.0967741935483871,2.77516371574097,2.66760101248206,0.0204103494038308,0.110578617128181,0.0872775376573136,"BMP4/GJA1/PRKAR1A/ACVR2A/BMPR1A/HMGA2",6
"GO:0010595","positive regulation of endothelial cell migration","6/266","62/7628",0.0967741935483871,2.77516371574097,2.66760101248206,0.0204103494038308,0.110578617128181,0.0872775376573136,"HMOX1/PLPP3/PTGS2/THBS1/NRP2/TGFBR3",6
"GO:0046328","regulation of JNK cascade","6/266","62/7628",0.0967741935483871,2.77516371574097,2.66760101248206,0.0204103494038308,0.110578617128181,0.0872775376573136,"APP/CCN2/FZD7/SDCBP/SERPINF2/MDFIC",6
"GO:0007254","JNK cascade","7/266","80/7628",0.0875,2.50921052631579,2.57928099618604,0.0211049542449395,0.113888689683723,0.0898901131227835,"APP/CCN2/FZD7/MAPK8/SDCBP/SERPINF2/MDFIC",7
"GO:0007626","locomotory behavior","7/266","80/7628",0.0875,2.50921052631579,2.57928099618604,0.0211049542449395,0.113888689683723,0.0898901131227835,"APOE/APP/EGR1/EPHA4/NTAN1/ARRDC3/SELENOP",7
"GO:2001235","positive regulation of apoptotic signaling pathway","7/266","80/7628",0.0875,2.50921052631579,2.57928099618604,0.0211049542449395,0.113888689683723,0.0898901131227835,"APP/CLU/ITM2C/PLEKHF1/SERINC3/THBS1/CAV1",7
"GO:0043112","receptor metabolic process","5/266","46/7628",0.108695652173913,3.11703170970905,2.73737422629995,0.0212032443565697,0.114268144058822,0.0901896090323193,"APOE/LDLR/RAB29/UVRAG/OPTN",5
"GO:0033555","multicellular organismal response to stress","4/266","31/7628",0.129032258064516,3.70021828765462,2.8633764116146,0.0216879289716262,0.116419434755707,0.0918875806626891,"APOE/PRKAR1B/THBS1/USP46",4
"GO:0035924","cellular response to vascular endothelial growth factor stimulus","4/266","31/7628",0.129032258064516,3.70021828765462,2.8633764116146,0.0216879289716262,0.116419434755707,0.0918875806626891,"FLT1/SPRY2/NRP2/ROBO1",4
"GO:1905898","positive regulation of response to endoplasmic reticulum stress","4/266","31/7628",0.129032258064516,3.70021828765462,2.8633764116146,0.0216879289716262,0.116419434755707,0.0918875806626891,"APP/HERPUD1/SERINC3/CAV1",4
"GO:0009952","anterior/posterior pattern specification","8/266","99/7628",0.0808080808080808,2.31730842257158,2.50758811218755,0.0218736028544626,0.117001063285985,0.0923466486748623,"BMP4/GPC3/HOXA6/MSX2/SEMA3C/ACVR2A/BMPR1A/CDON",8
"GO:0002700","regulation of production of molecular mediator of immune response","6/266","63/7628",0.0952380952380952,2.73111349803079,2.62247366824415,0.0219224973025989,0.117001063285985,0.0923466486748623,"APOA1/HLA-A/HPX/IL13RA1/NDFIP1/TFRC",6
"GO:0022612","gland morphogenesis","6/266","63/7628",0.0952380952380952,2.73111349803079,2.62247366824415,0.0219224973025989,0.117001063285985,0.0923466486748623,"BMP4/MSX2/NTN1/SEMA3C/CAV1/DDR1",6
"GO:0061136","regulation of proteasomal protein catabolic process","10/266","138/7628",0.072463768115942,2.07802113980604,2.42910169296821,0.0221497633099046,0.117001063285985,0.0923466486748623,"APOE/CLU/HERPUD1/PABIR1/RCHY1/TRIB3/CAV1/GABARAP/GABARAPL2/RBX1",10
"GO:0006897","endocytosis","20/266","354/7628",0.0564971751412429,1.62015207510301,2.27108280348189,0.0223027556088404,0.117001063285985,0.0923466486748623,"APLP1/APOA1/APOC3/APOE/APP/C4A/C4BPA/CD151/CLU/GPC3/LDLR/LRP10/LRP6/MFGE8/SDCBP/THBS1/VTN/CAV1/PLSCR1/TFRC",20
"GO:0035107","appendage morphogenesis","7/266","81/7628",0.0864197530864197,2.4782326185835,2.54224791930735,0.0224388520385846,0.117001063285985,0.0923466486748623,"B9D1/BMP4/GJA1/GPC3/MSX2/SEMA3C/BMPR1A",7
"GO:0035108","limb morphogenesis","7/266","81/7628",0.0864197530864197,2.4782326185835,2.54224791930735,0.0224388520385846,0.117001063285985,0.0923466486748623,"B9D1/BMP4/GJA1/GPC3/MSX2/SEMA3C/BMPR1A",7
"GO:0048167","regulation of synaptic plasticity","7/266","81/7628",0.0864197530864197,2.4782326185835,2.54224791930735,0.0224388520385846,0.117001063285985,0.0923466486748623,"APOE/APP/EPHA4/PRKAR1B/PTGS2/SQSTM1/STX3",7
"GO:0050865","regulation of cell activation","15/266","243/7628",0.0617283950617284,1.77016615613107,2.31916742436478,0.0225742914550152,0.117001063285985,0.0923466486748623,"APOE/APP/BMP4/CD84/DDR2/HLA-A/LDLR/NDFIP1/PRKAR1A/THBS1/CAV1/CD320/CD83/PLSCR1/TFRC",15
"GO:0001710","mesodermal cell fate commitment","2/266","7/7628",0.285714285714286,8.19334049409237,3.61904049050131,0.0226555302470536,0.117001063285985,0.0923466486748623,"BMP4/BMPR1A",2
"GO:0010269","response to selenium ion","2/266","7/7628",0.285714285714286,8.19334049409237,3.61904049050131,0.0226555302470536,0.117001063285985,0.0923466486748623,"PTGS2/SELENOP",2
"GO:0034392","negative regulation of smooth muscle cell apoptotic process","2/266","7/7628",0.285714285714286,8.19334049409237,3.61904049050131,0.0226555302470536,0.117001063285985,0.0923466486748623,"APOH/LRP6",2
"GO:0042983","amyloid precursor protein biosynthetic process","2/266","7/7628",0.285714285714286,8.19334049409237,3.61904049050131,0.0226555302470536,0.117001063285985,0.0923466486748623,"ITM2B/ITM2C",2
"GO:0042984","regulation of amyloid precursor protein biosynthetic process","2/266","7/7628",0.285714285714286,8.19334049409237,3.61904049050131,0.0226555302470536,0.117001063285985,0.0923466486748623,"ITM2B/ITM2C",2
"GO:0045019","negative regulation of nitric oxide biosynthetic process","2/266","7/7628",0.285714285714286,8.19334049409237,3.61904049050131,0.0226555302470536,0.117001063285985,0.0923466486748623,"CAV1/RGN",2
"GO:0048532","anatomical structure arrangement","2/266","7/7628",0.285714285714286,8.19334049409237,3.61904049050131,0.0226555302470536,0.117001063285985,0.0923466486748623,"BMPR1A/NRP2",2
"GO:0061307","cardiac neural crest cell differentiation involved in heart development","2/266","7/7628",0.285714285714286,8.19334049409237,3.61904049050131,0.0226555302470536,0.117001063285985,0.0923466486748623,"BMP4/SEMA3C",2
"GO:0061308","cardiac neural crest cell development involved in heart development","2/266","7/7628",0.285714285714286,8.19334049409237,3.61904049050131,0.0226555302470536,0.117001063285985,0.0923466486748623,"BMP4/SEMA3C",2
"GO:0061687","detoxification of inorganic compound","2/266","7/7628",0.285714285714286,8.19334049409237,3.61904049050131,0.0226555302470536,0.117001063285985,0.0923466486748623,"ABCB6/MT2A",2
"GO:0090025","regulation of monocyte chemotaxis","2/266","7/7628",0.285714285714286,8.19334049409237,3.61904049050131,0.0226555302470536,0.117001063285985,0.0923466486748623,"APP/SLIT2",2
"GO:0097094","craniofacial suture morphogenesis","2/266","7/7628",0.285714285714286,8.19334049409237,3.61904049050131,0.0226555302470536,0.117001063285985,0.0923466486748623,"BMP4/MSX2",2
"GO:0097186","amelogenesis","2/266","7/7628",0.285714285714286,8.19334049409237,3.61904049050131,0.0226555302470536,0.117001063285985,0.0923466486748623,"MSX2/RELT",2
"GO:0097501","stress response to metal ion","2/266","7/7628",0.285714285714286,8.19334049409237,3.61904049050131,0.0226555302470536,0.117001063285985,0.0923466486748623,"ABCB6/MT2A",2
"GO:0110076","negative regulation of ferroptosis","2/266","7/7628",0.285714285714286,8.19334049409237,3.61904049050131,0.0226555302470536,0.117001063285985,0.0923466486748623,"HMOX1/SQSTM1",2
"GO:1903019","negative regulation of glycoprotein metabolic process","2/266","7/7628",0.285714285714286,8.19334049409237,3.61904049050131,0.0226555302470536,0.117001063285985,0.0923466486748623,"ITM2B/ITM2C",2
"GO:1903587","regulation of blood vessel endothelial cell proliferation involved in sprouting angiogenesis","2/266","7/7628",0.285714285714286,8.19334049409237,3.61904049050131,0.0226555302470536,0.117001063285985,0.0923466486748623,"HMOX1/THBS1",2
"GO:1904406","negative regulation of nitric oxide metabolic process","2/266","7/7628",0.285714285714286,8.19334049409237,3.61904049050131,0.0226555302470536,0.117001063285985,0.0923466486748623,"CAV1/RGN",2
"GO:1905165","regulation of lysosomal protein catabolic process","2/266","7/7628",0.285714285714286,8.19334049409237,3.61904049050131,0.0226555302470536,0.117001063285985,0.0923466486748623,"LDLR/MFSD8",2
"GO:2000463","positive regulation of excitatory postsynaptic potential","2/266","7/7628",0.285714285714286,8.19334049409237,3.61904049050131,0.0226555302470536,0.117001063285985,0.0923466486748623,"APP/PRKAR1B",2
"GO:2001140","positive regulation of phospholipid transport","2/266","7/7628",0.285714285714286,8.19334049409237,3.61904049050131,0.0226555302470536,0.117001063285985,0.0923466486748623,"APOA1/APOE",2
"GO:0097190","apoptotic signaling pathway","19/266","332/7628",0.0572289156626506,1.64113597246127,2.27036957827124,0.0227336817490661,0.11725642669815,0.0925482020167323,"APP/BMP4/BNIP3/CLU/HERPUD1/HMOX1/ITM2C/PLEKHF1/PTGS2/SERINC3/THBS1/TNFRSF10B/TRIB3/UNC5B/ACVR1B/CAV1/GABARAP/PTTG1IP/RNF34",19
"GO:0071900","regulation of protein serine/threonine kinase activity","9/266","119/7628",0.0756302521008403,2.1688254249068,2.44259724834563,0.0228772139583042,0.117847943278276,0.0930150744730681,"APOE/EPHA4/FLT1/LRP6/THBS1/TRIB3/UVRAG/HMGA2/ROBO1",9
"GO:0008625","extrinsic apoptotic signaling pathway via death domain receptors","5/266","47/7628",0.106382978723404,3.05071188609822,2.68046483589098,0.0230738179065776,0.118711015300213,0.0936962803232761,"HMOX1/THBS1/TNFRSF10B/GABARAP/RNF34",5
"GO:0071825","protein-lipid complex organization","3/266","18/7628",0.166666666666667,4.77944862155388,3.05135090948626,0.0232112324642709,0.119117945498174,0.0940174623618906,"APOA1/APOC3/APOE",3
"GO:1902683","regulation of receptor localization to synapse","3/266","18/7628",0.166666666666667,4.77944862155388,3.05135090948626,0.0232112324642709,0.119117945498174,0.0940174623618906,"ADAM10/GABARAP/NETO2",3
"GO:0060627","regulation of vesicle-mediated transport","16/266","266/7628",0.0601503759398496,1.72491378822997,2.28743655426043,0.023404309487283,0.119958098187642,0.0946805784316817,"APOA1/APOC3/APOE/APP/C4A/CD151/CD84/CLU/CSPG5/GPC3/PRKAR1B/RAB29/SDCBP/VTN/CAV1/PLSCR1",16
"GO:0000423","mitophagy","6/266","64/7628",0.09375,2.68843984962406,2.57821781779362,0.0235085518305556,0.120341396275463,0.094983108108418,"BNIP3/TIMM23/GABARAP/GABARAPL2/OPTN/SQSTM1",6
"GO:0042098","T cell proliferation","7/266","82/7628",0.0853658536585366,2.44801026957638,2.50576277218585,0.0238300224228024,0.121834344927594,0.0961614632514904,"BMP4/CD151/GJA1/HLA-A/NDFIP1/PRKAR1A/TFRC",7
"GO:0001960","negative regulation of cytokine-mediated signaling pathway","4/266","32/7628",0.125,3.58458646616541,2.7847958428013,0.0241263547182282,0.123041397033661,0.0971141658478653,"APOA1/SLIT2/CAV1/ROBO1",4
"GO:0050435","amyloid-beta metabolic process","4/266","32/7628",0.125,3.58458646616541,2.7847958428013,0.0241263547182282,0.123041397033661,0.0971141658478653,"APOE/BACE1/CLU/EPHA4",4
"GO:0010721","negative regulation of cell development","8/266","101/7628",0.0792079207920792,2.27142112707511,2.44488782361689,0.0243432806458727,0.123992894561584,0.0978651642188059,"BMP4/EPHA7/IFRD1/LDLR/NTN1/PTPRS/BMPR1A/RGMA",8
"GO:0048732","gland development","14/266","224/7628",0.0625,1.79229323308271,2.28768663905883,0.0246464083308025,0.12538054549356,0.0989604099328154,"APOA1/BMP4/FPGS/GJA1/MSX2/NTN1/SEMA3C/VTN/BMPR1A/CAV1/DDR1/RGN/ROBO1/TGFBR3",14
"GO:0051224","negative regulation of protein transport","5/266","48/7628",0.104166666666667,2.98715538847118,2.62505029983897,0.0250480071254777,0.127265061079075,0.100447821190545,"APOE/NDFIP1/NDFIP2/NEO1/MDFIC",5
"GO:0071214","cellular response to abiotic stimulus","12/266","182/7628",0.0659340659340659,1.89077088325209,2.31185172189749,0.0251324427359927,0.127377206670633,0.100536335510442,"BNIP3/CLOCK/COL1A1/EGR1/GJA1/MAPK8/PTGS2/TNFRSF10B/EEF1D/RBX1/SLC38A2/TIMP1",12
"GO:0104004","cellular response to environmental stimulus","12/266","182/7628",0.0659340659340659,1.89077088325209,2.31185172189749,0.0251324427359927,0.127377206670633,0.100536335510442,"BNIP3/CLOCK/COL1A1/EGR1/GJA1/MAPK8/PTGS2/TNFRSF10B/EEF1D/RBX1/SLC38A2/TIMP1",12
"GO:0070661","leukocyte proliferation","9/266","121/7628",0.0743801652892562,2.13297707077611,2.38781338797108,0.025175639776792,0.127438027866413,0.100584340489551,"BMP4/CD151/CLU/GJA1/HLA-A/NDFIP1/PRKAR1A/CD320/TFRC",9
"GO:0099175","regulation of postsynapse organization","7/266","83/7628",0.0843373493975904,2.41851616994293,2.4698097449271,0.0252795035078722,0.127663392310864,0.100762216233506,"APOE/APP/EPHA4/EPHA7/PTPRS/ADAM10/NRP2",7
"GO:0015711","organic anion transport","10/266","141/7628",0.0709219858156028,2.03380792406548,2.35513215182009,0.0252826644747832,0.127663392310864,0.100762216233506,"APOE/GJA1/MPC1/PTGS2/SERINC3/THBS1/MGST1/SLC19A1/SLC38A2/SLC7A8",10
"GO:0002764","immune response-regulating signaling pathway","14/266","225/7628",0.0622222222222222,1.78432748538012,2.26988891342688,0.0254881174113695,0.128541925463511,0.101455625251494,"APP/HLA-A/IFI35/MAPK8/PHPT1/PTPRS/RAB29/TAX1BP1/CAV1/PLSCR1/RIOK3/RNF34/SLC19A1/SQSTM1",14
"GO:0007416","synapse assembly","8/266","102/7628",0.0784313725490196,2.24915229249595,2.41408831091567,0.0256487460188808,0.129192512314585,0.101969120716246,"APP/EPHA7/NTN1/PTPRS/RAB29/SDCBP/CLSTN3/TPBG",8
"GO:1901699","cellular response to nitrogen compound","18/266","314/7628",0.0573248407643312,1.64388678703127,2.21470886566602,0.0258423869598907,0.130007574792061,0.102612433572913,"APLP1/APP/BACE1/DDR2/EGR1/EPHA4/FAT1/GJA1/PRKAR1A/PTGS2/SLIT2/TRIB3/ADIPOR1/CAV1/LPIN1/RBX1/RIOK3/TRIM41",18
"GO:0002758","innate immune response-activating signaling pathway","10/266","142/7628",0.0704225352112676,2.01948533305094,2.33088060348782,0.0263944867054336,0.131954714358499,0.10414927271277,"APP/IFI35/MAPK8/PTPRS/TAX1BP1/CAV1/RIOK3/RNF34/SLC19A1/SQSTM1",10
"GO:0002637","regulation of immunoglobulin production","4/266","33/7628",0.121212121212121,3.47596263385737,2.70929909551032,0.0267242250202862,0.131954714358499,0.10414927271277,"HPX/IL13RA1/NDFIP1/TFRC",4
"GO:0035249","synaptic transmission, glutamatergic","4/266","33/7628",0.121212121212121,3.47596263385737,2.70929909551032,0.0267242250202862,0.131954714358499,0.10414927271277,"PTGS2/CLSTN3/SLC38A2/TPRG1L",4
"GO:0022603","regulation of anatomical structure morphogenesis","21/266","384/7628",0.0546875,1.56825657894737,2.1719041180156,0.0267506096916366,0.131954714358499,0.10414927271277,"ADAMTS1/APOH/BMP4/BNIP3/EPHA4/EPHA7/FLT1/GJA1/HMOX1/IFRD1/NTN1/PTPRS/SLIT2/SPRY2/THBS1/BAMBI/BMPR1A/HMGA2/RGMA/ROBO1/TFRC",21
"GO:0008038","neuron recognition","3/266","19/7628",0.157894736842105,4.52789869410368,2.92650249676898,0.0268689702979616,0.131954714358499,0.10414927271277,"APP/EPHA4/ROBO1",3
"GO:0010463","mesenchymal cell proliferation","3/266","19/7628",0.157894736842105,4.52789869410368,2.92650249676898,0.0268689702979616,0.131954714358499,0.10414927271277,"BMP4/GPC3/BMPR1A",3
"GO:0022617","extracellular matrix disassembly","3/266","19/7628",0.157894736842105,4.52789869410368,2.92650249676898,0.0268689702979616,0.131954714358499,0.10414927271277,"DDR2/ADAM10/DDR1",3
"GO:0042551","neuron maturation","3/266","19/7628",0.157894736842105,4.52789869410368,2.92650249676898,0.0268689702979616,0.131954714358499,0.10414927271277,"APP/B4GALT5/B4GALT6",3
"GO:0042596","fear response","3/266","19/7628",0.157894736842105,4.52789869410368,2.92650249676898,0.0268689702979616,0.131954714358499,0.10414927271277,"APOE/PRKAR1B/USP46",3
"GO:0045648","positive regulation of erythrocyte differentiation","3/266","19/7628",0.157894736842105,4.52789869410368,2.92650249676898,0.0268689702979616,0.131954714358499,0.10414927271277,"ZNF16/ACVR1B/ACVR2A",3
"GO:0045668","negative regulation of osteoblast differentiation","3/266","19/7628",0.157894736842105,4.52789869410368,2.92650249676898,0.0268689702979616,0.131954714358499,0.10414927271277,"CRIM1/NBR1/BAMBI",3
"GO:0045880","positive regulation of smoothened signaling pathway","3/266","19/7628",0.157894736842105,4.52789869410368,2.92650249676898,0.0268689702979616,0.131954714358499,0.10414927271277,"CHSY1/GPC3/TXNDC15",3
"GO:0046460","neutral lipid biosynthetic process","3/266","19/7628",0.157894736842105,4.52789869410368,2.92650249676898,0.0268689702979616,0.131954714358499,0.10414927271277,"LDLR/LPIN1/RGN",3
"GO:0046463","acylglycerol biosynthetic process","3/266","19/7628",0.157894736842105,4.52789869410368,2.92650249676898,0.0268689702979616,0.131954714358499,0.10414927271277,"LDLR/LPIN1/RGN",3
"GO:0060914","heart formation","3/266","19/7628",0.157894736842105,4.52789869410368,2.92650249676898,0.0268689702979616,0.131954714358499,0.10414927271277,"BMP4/BMPR1A/ROBO1",3
"GO:0061384","heart trabecula morphogenesis","3/266","19/7628",0.157894736842105,4.52789869410368,2.92650249676898,0.0268689702979616,0.131954714358499,0.10414927271277,"ADAMTS1/BMPR1A/TGFBR3",3
"GO:0090181","regulation of cholesterol metabolic process","3/266","19/7628",0.157894736842105,4.52789869410368,2.92650249676898,0.0268689702979616,0.131954714358499,0.10414927271277,"APOA1/APOE/LDLR",3
"GO:2000648","positive regulation of stem cell proliferation","3/266","19/7628",0.157894736842105,4.52789869410368,2.92650249676898,0.0268689702979616,0.131954714358499,0.10414927271277,"GJA1/HMGA2/PDCD2",3
"GO:0030326","embryonic limb morphogenesis","6/266","66/7628",0.0909090909090909,2.60697197539303,2.4921932717783,0.0269077789622105,0.131954714358499,0.10414927271277,"B9D1/BMP4/GJA1/GPC3/MSX2/BMPR1A",6
"GO:0035113","embryonic appendage morphogenesis","6/266","66/7628",0.0909090909090909,2.60697197539303,2.4921932717783,0.0269077789622105,0.131954714358499,0.10414927271277,"B9D1/BMP4/GJA1/GPC3/MSX2/BMPR1A",6
"GO:0050866","negative regulation of cell activation","6/266","66/7628",0.0909090909090909,2.60697197539303,2.4921932717783,0.0269077789622105,0.131954714358499,0.10414927271277,"APOE/BMP4/CD84/LDLR/NDFIP1/PRKAR1A",6
"GO:0001819","positive regulation of cytokine production","11/266","163/7628",0.0674846625766871,1.93523686516906,2.29414201485139,0.0269711068506383,0.132106680437479,0.104269216563808,"APP/CLU/EGR1/HLA-A/HMOX1/PTGS2/SERPINF2/THBS1/BMPR1A/CD83/RIOK3",11
"GO:0009628","response to abiotic stimulus","28/266","551/7628",0.0508166969147005,1.45725475212532,2.11801589127804,0.0275006132849504,0.134538928465895,0.106188942315541,"APP/BACE1/BNIP3/CLOCK/COL1A1/DDR2/EGR1/EPHA4/GJA1/HMOX1/HSPA6/MAPK8/MEIS2/PTGS2/THBS1/TNFRSF10B/CAV1/EEF1D/FOSB/RBX1/REEP6/RNF34/SLC38A2/STC2/TFRC/TGFBR3/TIMP1/VASN",28
"GO:0036293","response to decreased oxygen levels","11/266","164/7628",0.0670731707317073,1.92343664038144,2.27228601839596,0.0280506995355643,0.136902159621004,0.108054194400344,"BNIP3/DDR2/EGR1/EPHA4/PTGS2/THBS1/CAV1/STC2/TFRC/TGFBR3/VASN",11
"GO:0048545","response to steroid hormone","11/266","164/7628",0.0670731707317073,1.92343664038144,2.27228601839596,0.0280506995355643,0.136902159621004,0.108054194400344,"CLOCK/COL1A1/NCOA4/PTGS2/SLIT2/THBS1/CALCOCO1/CAV1/FOSB/PTPRU/WBP2",11
"GO:0070482","response to oxygen levels","12/266","185/7628",0.0648648648648649,1.86010973379394,2.25105186926166,0.0280892148034597,0.136926542329514,0.108073439194821,"BNIP3/COL1A1/DDR2/EGR1/EPHA4/PTGS2/THBS1/CAV1/STC2/TFRC/TGFBR3/VASN",12
"GO:1990845","adaptive thermogenesis","7/266","85/7628",0.0823529411764706,2.36160990712074,2.39944001181898,0.0283573674405744,0.138068946358458,0.108975116329564,"GJA1/ADIPOR1/ARRDC3/CAV1/CLSTN3/LPIN1/PCTP",7
"GO:1901654","response to ketone","8/266","104/7628",0.0769230769230769,2.2058993637941,2.35354836387288,0.0284048673595437,0.138135575194924,0.109027705165768,"F5/NCOA4/SLIT2/THBS1/CAV1/FOSB/TGFBR3/WBP2",8
"GO:0043491","phosphatidylinositol 3-kinase/protein kinase B signal transduction","9/266","124/7628",0.0725806451612903,2.08137278680572,2.30759532810794,0.0289240864937923,0.13973387385944,0.110289211011135,"APP/DDR2/FLT1/PROS1/SPRY2/THBS1/UNC5B/DDR1/TPBG",9
"GO:0032368","regulation of lipid transport","5/266","50/7628",0.1,2.86766917293233,2.51841581062756,0.0293138831163885,0.13973387385944,0.110289211011135,"APOA1/APOC3/APOE/THBS1/CAV1",5
"GO:0043535","regulation of blood vessel endothelial cell migration","5/266","50/7628",0.1,2.86766917293233,2.51841581062756,0.0293138831163885,0.13973387385944,0.110289211011135,"APOE/HMOX1/PTGS2/THBS1/TGFBR3",5
"GO:0048010","vascular endothelial growth factor receptor signaling pathway","4/266","34/7628",0.117647058823529,3.37372843874392,2.6366651563926,0.0294833035216016,0.13973387385944,0.110289211011135,"FLT1/VTN/ROBO1/SLC31A1",4
"GO:0048844","artery morphogenesis","4/266","34/7628",0.117647058823529,3.37372843874392,2.6366651563926,0.0294833035216016,0.13973387385944,0.110289211011135,"APOE/BMP4/LDLR/BMPR1A",4
"GO:0062208","positive regulation of pattern recognition receptor signaling pathway","4/266","34/7628",0.117647058823529,3.37372843874392,2.6366651563926,0.0294833035216016,0.13973387385944,0.110289211011135,"IFI35/MAPK8/CAV1/SLC19A1",4
"GO:0002115","store-operated calcium entry","2/266","8/7628",0.25,7.16917293233083,3.3182892278775,0.0295202773906233,0.13973387385944,0.110289211011135,"CD84/STC2",2
"GO:0006930","substrate-dependent cell migration, cell extension","2/266","8/7628",0.25,7.16917293233083,3.3182892278775,0.0295202773906233,0.13973387385944,0.110289211011135,"NTN1/SDCBP",2
"GO:0010866","regulation of triglyceride biosynthetic process","2/266","8/7628",0.25,7.16917293233083,3.3182892278775,0.0295202773906233,0.13973387385944,0.110289211011135,"LDLR/RGN",2
"GO:0010988","regulation of low-density lipoprotein particle clearance","2/266","8/7628",0.25,7.16917293233083,3.3182892278775,0.0295202773906233,0.13973387385944,0.110289211011135,"APOC3/LDLR",2
"GO:0014004","microglia differentiation","2/266","8/7628",0.25,7.16917293233083,3.3182892278775,0.0295202773906233,0.13973387385944,0.110289211011135,"APP/MFSD8",2
"GO:0030949","positive regulation of vascular endothelial growth factor receptor signaling pathway","2/266","8/7628",0.25,7.16917293233083,3.3182892278775,0.0295202773906233,0.13973387385944,0.110289211011135,"VTN/ROBO1",2
"GO:0032328","alanine transport","2/266","8/7628",0.25,7.16917293233083,3.3182892278775,0.0295202773906233,0.13973387385944,0.110289211011135,"SLC38A2/SLC7A8",2
"GO:0038083","peptidyl-tyrosine autophosphorylation","2/266","8/7628",0.25,7.16917293233083,3.3182892278775,0.0295202773906233,0.13973387385944,0.110289211011135,"CAV1/DDR1",2
"GO:0061000","negative regulation of dendritic spine development","2/266","8/7628",0.25,7.16917293233083,3.3182892278775,0.0295202773906233,0.13973387385944,0.110289211011135,"APOE/PTPRS",2
"GO:0071391","cellular response to estrogen stimulus","2/266","8/7628",0.25,7.16917293233083,3.3182892278775,0.0295202773906233,0.13973387385944,0.110289211011135,"NCOA4/WBP2",2
"GO:0072012","glomerulus vasculature development","2/266","8/7628",0.25,7.16917293233083,3.3182892278775,0.0295202773906233,0.13973387385944,0.110289211011135,"BMP4/EGR1",2
"GO:0090208","positive regulation of triglyceride metabolic process","2/266","8/7628",0.25,7.16917293233083,3.3182892278775,0.0295202773906233,0.13973387385944,0.110289211011135,"LDLR/RGN",2
"GO:1902950","regulation of dendritic spine maintenance","2/266","8/7628",0.25,7.16917293233083,3.3182892278775,0.0295202773906233,0.13973387385944,0.110289211011135,"APOE/APP",2
"GO:1904889","regulation of excitatory synapse assembly","2/266","8/7628",0.25,7.16917293233083,3.3182892278775,0.0295202773906233,0.13973387385944,0.110289211011135,"PTPRS/CLSTN3",2
"GO:1905048","regulation of metallopeptidase activity","2/266","8/7628",0.25,7.16917293233083,3.3182892278775,0.0295202773906233,0.13973387385944,0.110289211011135,"TIMP3/TIMP1",2
"GO:2000049","positive regulation of cell-cell adhesion mediated by cadherin","2/266","8/7628",0.25,7.16917293233083,3.3182892278775,0.0295202773906233,0.13973387385944,0.110289211011135,"SERPINF2/PTPRU",2
"GO:2001138","regulation of phospholipid transport","2/266","8/7628",0.25,7.16917293233083,3.3182892278775,0.0295202773906233,0.13973387385944,0.110289211011135,"APOA1/APOE",2
"GO:0010975","regulation of neuron projection development","14/266","230/7628",0.0608695652173913,1.74553775743707,2.1822081954909,0.0300205036288866,0.141937219125002,0.112028268293469,"APOE/DDR2/EPHA4/EPHA7/IFRD1/ITM2C/NEO1/NTN1/PTPRS/RAB29/SLIT2/DDR1/RGMA/ROBO1",14
"GO:0008203","cholesterol metabolic process","6/266","68/7628",0.0882352941176471,2.53029632905794,2.40928890133975,0.0306181329384634,0.144428490824045,0.113994580272898,"APOA1/APOE/APP/HMGCS1/LDLR/IDI1",6
"GO:0039531","regulation of cytoplasmic pattern recognition receptor signaling pathway","6/266","68/7628",0.0882352941176471,2.53029632905794,2.40928890133975,0.0306181329384634,0.144428490824045,0.113994580272898,"MAPK8/PTPRS/TAX1BP1/CAV1/RIOK3/SLC19A1",6
"GO:0001755","neural crest cell migration","3/266","20/7628",0.15,4.3015037593985,2.81003239714921,0.0308157291701915,0.144692245586474,0.11420275674325,"BMP4/SEMA3C/NRP2",3
"GO:0009247","glycolipid biosynthetic process","3/266","20/7628",0.15,4.3015037593985,2.81003239714921,0.0308157291701915,0.144692245586474,0.11420275674325,"B4GALT5/B4GALT6/UGCG",3
"GO:0015804","neutral amino acid transport","3/266","20/7628",0.15,4.3015037593985,2.81003239714921,0.0308157291701915,0.144692245586474,0.11420275674325,"SERINC3/SLC38A2/SLC7A8",3
"GO:0036296","response to increased oxygen levels","3/266","20/7628",0.15,4.3015037593985,2.81003239714921,0.0308157291701915,0.144692245586474,0.11420275674325,"BNIP3/COL1A1/CAV1",3
"GO:0003013","circulatory system process","12/266","188/7628",0.0638297872340425,1.83042713165893,2.19136021091673,0.0312913671577445,0.146756871227768,0.11583232534192,"APOE/APP/F5/GJA1/PTGS2/SERPINF2/SLIT2/CAV1/SLC19A1/SLC38A2/SLC7A8/TFRC",12
"GO:0032092","positive regulation of protein binding","4/266","35/7628",0.114285714285714,3.27733619763695,2.56669495151992,0.0324049868600433,0.151284995798031,0.119406285416316,"BMP4/TRIB3/VTN/BAMBI",4
"GO:0042158","lipoprotein biosynthetic process","4/266","35/7628",0.114285714285714,3.27733619763695,2.56669495151992,0.0324049868600433,0.151284995798031,0.119406285416316,"APOA1/APOE/GOLGA7/UGCG",4
"GO:0043536","positive regulation of blood vessel endothelial cell migration","4/266","35/7628",0.114285714285714,3.27733619763695,2.56669495151992,0.0324049868600433,0.151284995798031,0.119406285416316,"HMOX1/PTGS2/THBS1/TGFBR3",4
"GO:0060761","negative regulation of response to cytokine stimulus","4/266","35/7628",0.114285714285714,3.27733619763695,2.56669495151992,0.0324049868600433,0.151284995798031,0.119406285416316,"APOA1/SLIT2/CAV1/ROBO1",4
"GO:0018193","peptidyl-amino acid modification","20/266","369/7628",0.0542005420054201,1.55429223465167,2.07459517847597,0.0327910462642213,0.152912584462721,0.1206909092854,"APOA1/APP/DDR2/EGR1/EPHA4/EPHA7/FLT1/GOLGA7/MAPK8/NAA80/PLPP3/PTGS2/QPCT/SPRY2/VTN/ACVR1B/CAV1/DDR1/GALNT1/TFRC",20
"GO:0002460","adaptive immune response based on somatic recombination of immune receptors built from immunoglobulin superfamily domains","8/266","107/7628",0.0747663551401869,2.14405171808025,2.26526772394952,0.0329131512582407,0.153132372311974,0.12086438353194,"C4A/C4BPA/CLU/HLA-A/HPX/NDFIP1/NCR3LG1/TFRC",8
"GO:0046651","lymphocyte proliferation","8/266","107/7628",0.0747663551401869,2.14405171808025,2.26526772394952,0.0329131512582407,0.153132372311974,0.12086438353194,"BMP4/CD151/GJA1/HLA-A/NDFIP1/PRKAR1A/CD320/TFRC",8
"GO:0002443","leukocyte mediated immunity","9/266","127/7628",0.0708661417322835,2.03220650050323,2.22960871104586,0.0330482063701255,0.153585805485737,0.121222269458948,"C4A/C4BPA/CD84/CLU/HLA-A/HPX/NDFIP1/NCR3LG1/TFRC",9
"GO:0001822","kidney development","10/266","148/7628",0.0675675675675676,1.93761430603536,2.18939473248658,0.0338105530988943,0.156642400395593,0.123634779981113,"ADAMTS1/BMP4/EGR1/EPHA4/EPHA7/GCNT1/GPC3/SLIT2/TMEM59L/RGN",10
"GO:0048638","regulation of developmental growth","10/266","148/7628",0.0675675675675676,1.93761430603536,2.18939473248658,0.0338105530988943,0.156642400395593,0.123634779981113,"APOE/APP/EPHA7/IFRD1/NTN1/PTPRS/BMPR1A/RGMA/STC2/TGFBR3",10
"GO:0007601","visual perception","5/266","52/7628",0.0961538461538462,2.75737420474263,2.41693917582922,0.034012682778676,0.156642400395593,0.123634779981113,"COL1A1/TIMP3/ZNF513/CHM/REEP6",5
"GO:0042303","molting cycle","5/266","52/7628",0.0961538461538462,2.75737420474263,2.41693917582922,0.034012682778676,0.156642400395593,0.123634779981113,"CLOCK/LRIG1/MSX2/PTGS2/ACVR1B",5
"GO:0042633","hair cycle","5/266","52/7628",0.0961538461538462,2.75737420474263,2.41693917582922,0.034012682778676,0.156642400395593,0.123634779981113,"CLOCK/LRIG1/MSX2/PTGS2/ACVR1B",5
"GO:0050953","sensory perception of light stimulus","5/266","52/7628",0.0961538461538462,2.75737420474263,2.41693917582922,0.034012682778676,0.156642400395593,0.123634779981113,"COL1A1/TIMP3/ZNF513/CHM/REEP6",5
"GO:0060840","artery development","5/266","52/7628",0.0961538461538462,2.75737420474263,2.41693917582922,0.034012682778676,0.156642400395593,0.123634779981113,"APOE/BMP4/LDLR/BMPR1A/ROBO1",5
"GO:2001237","negative regulation of extrinsic apoptotic signaling pathway","5/266","52/7628",0.0961538461538462,2.75737420474263,2.41693917582922,0.034012682778676,0.156642400395593,0.123634779981113,"BMP4/HMOX1/THBS1/UNC5B/RNF34",5
"GO:0050730","regulation of peptidyl-tyrosine phosphorylation","6/266","70/7628",0.0857142857142857,2.45800214822771,2.32928980074173,0.0346485632587238,0.159391194720593,0.125804349527585,"APP/EPHA4/EPHA7/PLPP3/VTN/CAV1",6
"GO:0030163","protein catabolic process","32/266","661/7628",0.048411497730711,1.38828159657844,1.98538353617793,0.0348010648078802,0.159912654375917,0.126215927424708,"APOE/APP/BNIP3/C4BPA/CLOCK/CLU/EPHA4/GPC3/HERPUD1/LDLR/MFSD8/NDFIP1/NDFIP2/NTAN1/PABIR1/RCHY1/RNF149/RNF7/TIMP3/TRIB3/ADAM10/CAV1/GABARAP/GABARAPL2/RBX1/RGMA/RGN/RNF126/RNF130/RNF34/SQSTM1/TIMP1",32
"GO:0003176","aortic valve development","3/266","21/7628",0.142857142857143,4.09667024704619,2.70095709608316,0.0350494223464574,0.160512208839998,0.126689144025489,"BMP4/SLIT2/ROBO1",3
"GO:0030511","positive regulation of transforming growth factor beta receptor signaling pathway","3/266","21/7628",0.142857142857143,4.09667024704619,2.70095709608316,0.0350494223464574,0.160512208839998,0.126689144025489,"SDCBP/THBS1/TGFBR3",3
"GO:1903846","positive regulation of cellular response to transforming growth factor beta stimulus","3/266","21/7628",0.142857142857143,4.09667024704619,2.70095709608316,0.0350494223464574,0.160512208839998,0.126689144025489,"SDCBP/THBS1/TGFBR3",3
"GO:0006513","protein monoubiquitination","4/266","36/7628",0.111111111111111,3.18629908103592,2.49920860699871,0.0354903126510434,0.161986510815098,0.127852781711433,"MGRN1/RBX1/RNF126/TRIM41",4
"GO:0014032","neural crest cell development","4/266","36/7628",0.111111111111111,3.18629908103592,2.49920860699871,0.0354903126510434,0.161986510815098,0.127852781711433,"BMP4/SEMA3C/BMPR1A/NRP2",4
"GO:2001244","positive regulation of intrinsic apoptotic signaling pathway","4/266","36/7628",0.111111111111111,3.18629908103592,2.49920860699871,0.0354903126510434,0.161986510815098,0.127852781711433,"CLU/PLEKHF1/SERINC3/CAV1",4
"GO:2001242","regulation of intrinsic apoptotic signaling pathway","8/266","109/7628",0.073394495412844,2.10471131958336,2.20801386210279,0.0361761507106376,0.164884169342866,0.130139846858777,"APP/CLU/HERPUD1/PLEKHF1/PTGS2/SERINC3/CAV1/PTTG1IP",8
"GO:1990748","cellular detoxification","5/266","53/7628",0.0943396226415094,2.70534827635126,2.36798794833,0.03652746144729,0.164884169342866,0.130139846858777,"ABCB6/APOE/PTGS2/RAB29/MGST1",5
"GO:0016125","sterol metabolic process","6/266","71/7628",0.0845070422535211,2.42338239966112,2.29031828117708,0.0367862758967543,0.164884169342866,0.130139846858777,"APOA1/APOE/APP/HMGCS1/LDLR/IDI1",6
"GO:0016567","protein ubiquitination","22/266","421/7628",0.0522565320665083,1.49854446091476,2.00026468383851,0.0368466581935715,0.164884169342866,0.130139846858777,"HERPUD1/MGRN1/NDFIP1/NDFIP2/RCHY1/RNF141/RNF149/RNF7/SPRY2/TRIB3/TRIM23/ARRDC3/CAV1/GABARAP/PTTG1IP/RBX1/RNF126/RNF130/RNF34/SQSTM1/TRIM41/UBR7",22
"GO:0002920","regulation of humoral immune response","2/266","9/7628",0.222222222222222,6.37259816207185,3.06532418724801,0.0370938926869262,0.164884169342866,0.130139846858777,"C4BPA/HPX",2
"GO:0006857","oligopeptide transport","2/266","9/7628",0.222222222222222,6.37259816207185,3.06532418724801,0.0370938926869262,0.164884169342866,0.130139846858777,"GJA1/MGST1",2
"GO:0007263","nitric oxide mediated signal transduction","2/266","9/7628",0.222222222222222,6.37259816207185,3.06532418724801,0.0370938926869262,0.164884169342866,0.130139846858777,"APOE/THBS1",2
"GO:0010715","regulation of extracellular matrix disassembly","2/266","9/7628",0.222222222222222,6.37259816207185,3.06532418724801,0.0370938926869262,0.164884169342866,0.130139846858777,"DDR2/DDR1",2
"GO:0010984","regulation of lipoprotein particle clearance","2/266","9/7628",0.222222222222222,6.37259816207185,3.06532418724801,0.0370938926869262,0.164884169342866,0.130139846858777,"APOC3/LDLR",2
"GO:0014047","glutamate secretion","2/266","9/7628",0.222222222222222,6.37259816207185,3.06532418724801,0.0370938926869262,0.164884169342866,0.130139846858777,"GJA1/SLC38A2",2
"GO:0045923","positive regulation of fatty acid metabolic process","2/266","9/7628",0.222222222222222,6.37259816207185,3.06532418724801,0.0370938926869262,0.164884169342866,0.130139846858777,"PTGS2/RGN",2
"GO:0046426","negative regulation of receptor signaling pathway via JAK-STAT","2/266","9/7628",0.222222222222222,6.37259816207185,3.06532418724801,0.0370938926869262,0.164884169342866,0.130139846858777,"ADIPOR1/CAV1",2
"GO:0048143","astrocyte activation","2/266","9/7628",0.222222222222222,6.37259816207185,3.06532418724801,0.0370938926869262,0.164884169342866,0.130139846858777,"APP/LDLR",2
"GO:0050829","defense response to Gram-negative bacterium","2/266","9/7628",0.222222222222222,6.37259816207185,3.06532418724801,0.0370938926869262,0.164884169342866,0.130139846858777,"APP/OPTN",2
"GO:0060713","labyrinthine layer morphogenesis","2/266","9/7628",0.222222222222222,6.37259816207185,3.06532418724801,0.0370938926869262,0.164884169342866,0.130139846858777,"CCN1/SPINT2",2
"GO:0061437","renal system vasculature development","2/266","9/7628",0.222222222222222,6.37259816207185,3.06532418724801,0.0370938926869262,0.164884169342866,0.130139846858777,"BMP4/EGR1",2
"GO:0061440","kidney vasculature development","2/266","9/7628",0.222222222222222,6.37259816207185,3.06532418724801,0.0370938926869262,0.164884169342866,0.130139846858777,"BMP4/EGR1",2
"GO:0090594","inflammatory response to wounding","2/266","9/7628",0.222222222222222,6.37259816207185,3.06532418724801,0.0370938926869262,0.164884169342866,0.130139846858777,"HMOX1/TIMP1",2
"GO:0097707","ferroptosis","2/266","9/7628",0.222222222222222,6.37259816207185,3.06532418724801,0.0370938926869262,0.164884169342866,0.130139846858777,"HMOX1/SQSTM1",2
"GO:0110075","regulation of ferroptosis","2/266","9/7628",0.222222222222222,6.37259816207185,3.06532418724801,0.0370938926869262,0.164884169342866,0.130139846858777,"HMOX1/SQSTM1",2
"GO:1900746","regulation of vascular endothelial growth factor signaling pathway","2/266","9/7628",0.222222222222222,6.37259816207185,3.06532418724801,0.0370938926869262,0.164884169342866,0.130139846858777,"SPRY2/ROBO1",2
"GO:1902547","regulation of cellular response to vascular endothelial growth factor stimulus","2/266","9/7628",0.222222222222222,6.37259816207185,3.06532418724801,0.0370938926869262,0.164884169342866,0.130139846858777,"SPRY2/ROBO1",2
"GO:1904350","regulation of protein catabolic process in the vacuole","2/266","9/7628",0.222222222222222,6.37259816207185,3.06532418724801,0.0370938926869262,0.164884169342866,0.130139846858777,"LDLR/MFSD8",2
"GO:1904893","negative regulation of receptor signaling pathway via STAT","2/266","9/7628",0.222222222222222,6.37259816207185,3.06532418724801,0.0370938926869262,0.164884169342866,0.130139846858777,"ADIPOR1/CAV1",2
"GO:0002252","immune effector process","13/266","215/7628",0.0604651162790698,1.73393949991257,2.07492439378138,0.0374391646840122,0.166238030145859,0.131208422685503,"APOA1/APP/C4A/C4BPA/CD84/CLU/HLA-A/HPX/IFI35/IL13RA1/NDFIP1/NCR3LG1/TFRC",13
"GO:0009101","glycoprotein biosynthetic process","10/266","151/7628",0.0662251655629139,1.89911865757108,2.12110212014054,0.0380193031110886,0.16863067666536,0.133096891741545,"B4GALT5/B4GALT6/CHSY1/GCNT1/ITM2B/ITM2C/TMEM59/C1GALT1C1/CHST10/GALNT1",10
"GO:0014706","striated muscle tissue development","12/266","194/7628",0.0618556701030928,1.77381598325711,2.07513840200098,0.0384703091657368,0.170347439387863,0.134451898948663,"BMP4/EGR1/FZD7/GJA1/IFRD1/MSX2/PRKAR1A/SEMA3C/BMPR1A/CAV1/CDON/TGFBR3",12
"GO:1990778","protein localization to cell periphery","13/266","216/7628",0.0601851851851852,1.72591200222779,2.05713565830729,0.0386430128641404,0.170347439387863,0.134451898948663,"GOLGA7/LRP6/PLEKHF1/RAB29/TMEM59/ADAM10/CAV1/GABARAP/NETO2/OPTN/SQSTM1/STX3/TPBG",13
"GO:0002688","regulation of leukocyte chemotaxis","4/266","37/7628",0.108108108108108,3.10018288965657,2.43404311747921,0.0387399684678886,0.170347439387863,0.134451898948663,"APP/SLIT2/THBS1/ADAM10",4
"GO:0016525","negative regulation of angiogenesis","4/266","37/7628",0.108108108108108,3.10018288965657,2.43404311747921,0.0387399684678886,0.170347439387863,0.134451898948663,"ADAMTS1/APOH/SPRY2/THBS1",4
"GO:0032963","collagen metabolic process","4/266","37/7628",0.108108108108108,3.10018288965657,2.43404311747921,0.0387399684678886,0.170347439387863,0.134451898948663,"BMP4/COL1A1/DDR2/SERPINF2",4
"GO:0060395","SMAD protein signal transduction","4/266","37/7628",0.108108108108108,3.10018288965657,2.43404311747921,0.0387399684678886,0.170347439387863,0.134451898948663,"BMP4/ACVR2A/BMPR1A/TGFBR3",4
"GO:1901343","negative regulation of vasculature development","4/266","37/7628",0.108108108108108,3.10018288965657,2.43404311747921,0.0387399684678886,0.170347439387863,0.134451898948663,"ADAMTS1/APOH/SPRY2/THBS1",4
"GO:2000181","negative regulation of blood vessel morphogenesis","4/266","37/7628",0.108108108108108,3.10018288965657,2.43404311747921,0.0387399684678886,0.170347439387863,0.134451898948663,"ADAMTS1/APOH/SPRY2/THBS1",4
"GO:0018210","peptidyl-threonine modification","5/266","54/7628",0.0925925925925926,2.6552492341966,2.3201571947167,0.0391538070596261,0.171948021017827,0.135715206693964,"APP/MAPK8/SPRY2/ACVR1B/GALNT1",5
"GO:0071560","cellular response to transforming growth factor beta stimulus","10/266","152/7628",0.0657894736842105,1.88662445587653,2.09868200594016,0.0394993987379634,0.171948021017827,0.135715206693964,"COL1A1/DDR2/SDCBP/SPRY2/THBS1/BAMBI/BMPR1A/CAV1/TGFBR3/VASN",10
"GO:0072001","renal system development","10/266","152/7628",0.0657894736842105,1.88662445587653,2.09868200594016,0.0394993987379634,0.171948021017827,0.135715206693964,"ADAMTS1/BMP4/EGR1/EPHA4/EPHA7/GCNT1/GPC3/SLIT2/TMEM59L/RGN",10
"GO:0032611","interleukin-1 beta production","3/266","22/7628",0.136363636363636,3.91045796308954,2.59844958934338,0.0395669864765623,0.171948021017827,0.135715206693964,"APOA1/APP/EGR1",3
"GO:0032651","regulation of interleukin-1 beta production","3/266","22/7628",0.136363636363636,3.91045796308954,2.59844958934338,0.0395669864765623,0.171948021017827,0.135715206693964,"APOA1/APP/EGR1",3
"GO:0034103","regulation of tissue remodeling","3/266","22/7628",0.136363636363636,3.91045796308954,2.59844958934338,0.0395669864765623,0.171948021017827,0.135715206693964,"DDR2/GJA1/TFRC",3
"GO:0043403","skeletal muscle tissue regeneration","3/266","22/7628",0.136363636363636,3.91045796308954,2.59844958934338,0.0395669864765623,0.171948021017827,0.135715206693964,"FZD7/GJA1/IFRD1",3
"GO:0050994","regulation of lipid catabolic process","3/266","22/7628",0.136363636363636,3.91045796308954,2.59844958934338,0.0395669864765623,0.171948021017827,0.135715206693964,"APOC3/LDLR/CLSTN3",3
"GO:0060071","Wnt signaling pathway, planar cell polarity pathway","3/266","22/7628",0.136363636363636,3.91045796308954,2.59844958934338,0.0395669864765623,0.171948021017827,0.135715206693964,"FZD7/GPC3/DAAM1",3
"GO:1902235","regulation of endoplasmic reticulum stress-induced intrinsic apoptotic signaling pathway","3/266","22/7628",0.136363636363636,3.91045796308954,2.59844958934338,0.0395669864765623,0.171948021017827,0.135715206693964,"APP/HERPUD1/SERINC3",3
"GO:1905314","semi-lunar valve development","3/266","22/7628",0.136363636363636,3.91045796308954,2.59844958934338,0.0395669864765623,0.171948021017827,0.135715206693964,"BMP4/SLIT2/ROBO1",3
"GO:0032943","mononuclear cell proliferation","8/266","111/7628",0.0720720720720721,2.06678859310438,2.15197569741158,0.0396510371603082,0.172130166631094,0.135858970660578,"BMP4/CD151/GJA1/HLA-A/NDFIP1/PRKAR1A/CD320/TFRC",8
"GO:0021782","glial cell development","6/266","73/7628",0.0821917808219178,2.35698836131424,2.21431857650868,0.041310958164176,0.178766169598155,0.141096637886787,"APP/B4GALT5/B4GALT6/CLU/CSPG5/LDLR",6
"GO:0051963","regulation of synapse assembly","6/266","73/7628",0.0821917808219178,2.35698836131424,2.21431857650868,0.041310958164176,0.178766169598155,0.141096637886787,"APP/EPHA7/NTN1/PTPRS/CLSTN3/TPBG",6
"GO:2000241","regulation of reproductive process","6/266","73/7628",0.0821917808219178,2.35698836131424,2.21431857650868,0.041310958164176,0.178766169598155,0.141096637886787,"BMP4/GJA1/MSX2/ACVR1B/RGN/TIMP1",6
"GO:0046649","lymphocyte activation","18/266","332/7628",0.0542168674698795,1.55476039496331,1.96449922957726,0.0414761439235336,0.179291056008079,0.141510920454228,"BMP4/CD151/CD84/EGR1/FZD7/GJA1/HLA-A/KLF6/MFAP3/NDFIP1/PRKAR1A/RAB29/CAV1/CD320/CD83/NCR3LG1/RBX1/TFRC",18
"GO:0051592","response to calcium ion","5/266","55/7628",0.0909090909090909,2.60697197539303,2.27339789895261,0.0418925161565438,0.180708477824162,0.142629663744227,"APP/CPNE8/THBS1/CAV1/FOSB",5
"GO:1904950","negative regulation of establishment of protein localization","5/266","55/7628",0.0909090909090909,2.60697197539303,2.27339789895261,0.0418925161565438,0.180708477824162,0.142629663744227,"APOE/NDFIP1/NDFIP2/NEO1/MDFIC",5
"GO:0045806","negative regulation of endocytosis","4/266","38/7628",0.105263157894737,3.01859912940245,2.37105035256851,0.0421543016830015,0.181263497236907,0.143067729700868,"APOC3/SDCBP/CAV1/PLSCR1",4
"GO:0060993","kidney morphogenesis","4/266","38/7628",0.105263157894737,3.01859912940245,2.37105035256851,0.0421543016830015,0.181263497236907,0.143067729700868,"BMP4/GCNT1/GPC3/TMEM59L",4
"GO:0097120","receptor localization to synapse","4/266","38/7628",0.105263157894737,3.01859912940245,2.37105035256851,0.0421543016830015,0.181263497236907,0.143067729700868,"ADAM10/GABARAP/NETO2/STX3",4
"GO:0006898","receptor-mediated endocytosis","9/266","133/7628",0.0676691729323308,1.94052801175872,2.07984763902649,0.0424834987496705,0.18248695309401,0.144033379456794,"APOC3/APOE/APP/CLU/LDLR/SDCBP/VTN/CAV1/TFRC",9
"GO:0050807","regulation of synapse organization","10/266","155/7628",0.0645161290322581,1.85010914382731,2.0324170539853,0.0441769278149496,0.187803198862822,0.14822938816384,"APOE/APP/EPHA4/EPHA7/NTN1/PTPRS/ADAM10/CLSTN3/NRP2/TPBG",10
"GO:2001234","negative regulation of apoptotic signaling pathway","9/266","134/7628",0.0671641791044776,1.92604645943216,2.05564499602368,0.0442157268393934,0.187803198862822,0.14822938816384,"BMP4/CLU/HERPUD1/HMOX1/PTGS2/THBS1/UNC5B/PTTG1IP/RNF34",9
"GO:0006826","iron ion transport","3/266","23/7628",0.130434782608696,3.74043805165087,2.50180861073461,0.0443644780290335,0.187803198862822,0.14822938816384,"ABCB6/HPX/TFRC",3
"GO:0007595","lactation","3/266","23/7628",0.130434782608696,3.74043805165087,2.50180861073461,0.0443644780290335,0.187803198862822,0.14822938816384,"GJA1/CAV1/DDR1",3
"GO:0016202","regulation of striated muscle tissue development","3/266","23/7628",0.130434782608696,3.74043805165087,2.50180861073461,0.0443644780290335,0.187803198862822,0.14822938816384,"BMP4/GJA1/CDON",3
"GO:0030514","negative regulation of BMP signaling pathway","3/266","23/7628",0.130434782608696,3.74043805165087,2.50180861073461,0.0443644780290335,0.187803198862822,0.14822938816384,"CRIM1/BAMBI/CAV1",3
"GO:0051055","negative regulation of lipid biosynthetic process","3/266","23/7628",0.130434782608696,3.74043805165087,2.50180861073461,0.0443644780290335,0.187803198862822,0.14822938816384,"APOC3/APOE/TRIB3",3
"GO:1902003","regulation of amyloid-beta formation","3/266","23/7628",0.130434782608696,3.74043805165087,2.50180861073461,0.0443644780290335,0.187803198862822,0.14822938816384,"APOE/CLU/EPHA4",3
"GO:0071902","positive regulation of protein serine/threonine kinase activity","5/266","56/7628",0.0892857142857143,2.56041890440387,2.22766406369266,0.0447442345948979,0.187803198862822,0.14822938816384,"EPHA4/FLT1/THBS1/HMGA2/ROBO1",5
"GO:0097237","cellular response to toxic substance","5/266","56/7628",0.0892857142857143,2.56041890440387,2.22766406369266,0.0447442345948979,0.187803198862822,0.14822938816384,"ABCB6/APOE/PTGS2/RAB29/MGST1",5
"GO:0002823","negative regulation of adaptive immune response based on somatic recombination of immune receptors built from immunoglobulin superfamily domains","2/266","10/7628",0.2,5.73533834586466,2.8480677501026,0.0453189790588052,0.187803198862822,0.14822938816384,"C4BPA/NDFIP1",2
"GO:0010635","regulation of mitochondrial fusion","2/266","10/7628",0.2,5.73533834586466,2.8480677501026,0.0453189790588052,0.187803198862822,0.14822938816384,"BNIP3/TFRC",2
"GO:0018342","protein prenylation","2/266","10/7628",0.2,5.73533834586466,2.8480677501026,0.0453189790588052,0.187803198862822,0.14822938816384,"PGGT1B/CHM",2
"GO:0019852","L-ascorbic acid metabolic process","2/266","10/7628",0.2,5.73533834586466,2.8480677501026,0.0453189790588052,0.187803198862822,0.14822938816384,"CLSTN3/RGN",2
"GO:0032633","interleukin-4 production","2/266","10/7628",0.2,5.73533834586466,2.8480677501026,0.0453189790588052,0.187803198862822,0.14822938816384,"NDFIP1/CD83",2
"GO:0032673","regulation of interleukin-4 production","2/266","10/7628",0.2,5.73533834586466,2.8480677501026,0.0453189790588052,0.187803198862822,0.14822938816384,"NDFIP1/CD83",2
"GO:0042634","regulation of hair cycle","2/266","10/7628",0.2,5.73533834586466,2.8480677501026,0.0453189790588052,0.187803198862822,0.14822938816384,"CLOCK/MSX2",2
"GO:0043116","negative regulation of vascular permeability","2/266","10/7628",0.2,5.73533834586466,2.8480677501026,0.0453189790588052,0.187803198862822,0.14822938816384,"APOE/SLIT2",2
"GO:0046655","folic acid metabolic process","2/266","10/7628",0.2,5.73533834586466,2.8480677501026,0.0453189790588052,0.187803198862822,0.14822938816384,"FPGS/SLC19A1",2
"GO:0046885","regulation of hormone biosynthetic process","2/266","10/7628",0.2,5.73533834586466,2.8480677501026,0.0453189790588052,0.187803198862822,0.14822938816384,"EGR1/STC2",2
"GO:0048846","axon extension involved in axon guidance","2/266","10/7628",0.2,5.73533834586466,2.8480677501026,0.0453189790588052,0.187803198862822,0.14822938816384,"SLIT2/NRP2",2
"GO:0060347","heart trabecula formation","2/266","10/7628",0.2,5.73533834586466,2.8480677501026,0.0453189790588052,0.187803198862822,0.14822938816384,"ADAMTS1/TGFBR3",2
"GO:0070098","chemokine-mediated signaling pathway","2/266","10/7628",0.2,5.73533834586466,2.8480677501026,0.0453189790588052,0.187803198862822,0.14822938816384,"SLIT2/ROBO1",2
"GO:0072210","metanephric nephron development","2/266","10/7628",0.2,5.73533834586466,2.8480677501026,0.0453189790588052,0.187803198862822,0.14822938816384,"BMP4/EGR1",2
"GO:0086064","cell communication by electrical coupling involved in cardiac conduction","2/266","10/7628",0.2,5.73533834586466,2.8480677501026,0.0453189790588052,0.187803198862822,0.14822938816384,"GJA1/CAV1",2
"GO:0090205","positive regulation of cholesterol metabolic process","2/266","10/7628",0.2,5.73533834586466,2.8480677501026,0.0453189790588052,0.187803198862822,0.14822938816384,"APOA1/APOE",2
"GO:0097354","prenylation","2/266","10/7628",0.2,5.73533834586466,2.8480677501026,0.0453189790588052,0.187803198862822,0.14822938816384,"PGGT1B/CHM",2
"GO:0098792","xenophagy","2/266","10/7628",0.2,5.73533834586466,2.8480677501026,0.0453189790588052,0.187803198862822,0.14822938816384,"CALCOCO2/OPTN",2
"GO:0098815","modulation of excitatory postsynaptic potential","2/266","10/7628",0.2,5.73533834586466,2.8480677501026,0.0453189790588052,0.187803198862822,0.14822938816384,"APP/PRKAR1B",2
"GO:0099174","regulation of presynapse organization","2/266","10/7628",0.2,5.73533834586466,2.8480677501026,0.0453189790588052,0.187803198862822,0.14822938816384,"APP/CLSTN3",2
"GO:1900745","positive regulation of p38MAPK cascade","2/266","10/7628",0.2,5.73533834586466,2.8480677501026,0.0453189790588052,0.187803198862822,0.14822938816384,"BMP4/RELL1",2
"GO:1901096","regulation of autophagosome maturation","2/266","10/7628",0.2,5.73533834586466,2.8480677501026,0.0453189790588052,0.187803198862822,0.14822938816384,"CALCOCO2/UVRAG",2
"GO:1902284","neuron projection extension involved in neuron projection guidance","2/266","10/7628",0.2,5.73533834586466,2.8480677501026,0.0453189790588052,0.187803198862822,0.14822938816384,"SLIT2/NRP2",2
"GO:1905606","regulation of presynapse assembly","2/266","10/7628",0.2,5.73533834586466,2.8480677501026,0.0453189790588052,0.187803198862822,0.14822938816384,"APP/CLSTN3",2
"GO:0046777","protein autophosphorylation","7/266","94/7628",0.074468085106383,2.13549832026876,2.10551044365811,0.0453302213167056,0.187803198862822,0.14822938816384,"DDR2/EPHA4/EPHA7/FLT1/ACVR1B/CAV1/DDR1",7
"GO:0006695","cholesterol biosynthetic process","4/266","39/7628",0.102564102564103,2.94119915172547,2.31009534466937,0.0457333300451819,0.188479551795547,0.148763220292408,"APOA1/APOE/HMGCS1/IDI1",4
"GO:0033013","tetrapyrrole metabolic process","4/266","39/7628",0.102564102564103,2.94119915172547,2.31009534466937,0.0457333300451819,0.188479551795547,0.148763220292408,"ABCB6/HMOX1/HPX/MMADHC",4
"GO:0061180","mammary gland epithelium development","4/266","39/7628",0.102564102564103,2.94119915172547,2.31009534466937,0.0457333300451819,0.188479551795547,0.148763220292408,"MSX2/NTN1/DDR1/ROBO1",4
"GO:1902653","secondary alcohol biosynthetic process","4/266","39/7628",0.102564102564103,2.94119915172547,2.31009534466937,0.0457333300451819,0.188479551795547,0.148763220292408,"APOA1/APOE/HMGCS1/IDI1",4
"GO:0002218","activation of innate immune response","10/266","156/7628",0.0641025641025641,1.83824946982842,2.01065213769424,0.0458164491879996,0.188479551795547,0.148763220292408,"APP/IFI35/MAPK8/PTPRS/TAX1BP1/CAV1/RIOK3/RNF34/SLC19A1/SQSTM1",10
"GO:0050803","regulation of synapse structure or activity","10/266","156/7628",0.0641025641025641,1.83824946982842,2.01065213769424,0.0458164491879996,0.188479551795547,0.148763220292408,"APOE/APP/EPHA4/EPHA7/NTN1/PTPRS/ADAM10/CLSTN3/NRP2/TPBG",10
"GO:0071559","response to transforming growth factor beta","10/266","156/7628",0.0641025641025641,1.83824946982842,2.01065213769424,0.0458164491879996,0.188479551795547,0.148763220292408,"COL1A1/DDR2/SDCBP/SPRY2/THBS1/BAMBI/BMPR1A/CAV1/TGFBR3/VASN",10
"GO:0090101","negative regulation of transmembrane receptor protein serine/threonine kinase signaling pathway","6/266","75/7628",0.08,2.29413533834586,2.14077177783079,0.0461727454269769,0.189373157700001,0.149468525938311,"CRIM1/SPRY2/BAMBI/CAV1/TGFBR3/VASN",6
"GO:0120161","regulation of cold-induced thermogenesis","6/266","75/7628",0.08,2.29413533834586,2.14077177783079,0.0461727454269769,0.189373157700001,0.149468525938311,"GJA1/ADIPOR1/ARRDC3/CAV1/LPIN1/PCTP",6
"GO:1902652","secondary alcohol metabolic process","6/266","75/7628",0.08,2.29413533834586,2.14077177783079,0.0461727454269769,0.189373157700001,0.149468525938311,"APOA1/APOE/APP/HMGCS1/LDLR/IDI1",6
"GO:0050727","regulation of inflammatory response","8/266","115/7628",0.0695652173913043,1.9949002942138,2.04334439097526,0.0472542229141935,0.193614343635387,0.152816010965713,"APOA1/APOE/APP/CLOCK/IFI35/LDLR/NDFIP1/PTGS2",8
"GO:0002753","cytoplasmic pattern recognition receptor signaling pathway","7/266","95/7628",0.0736842105263158,2.11301939058172,2.07491511505542,0.0475459047031019,0.194614249210592,0.15360521686067,"MAPK8/PTPRS/TAX1BP1/CAV1/RIOK3/RNF34/SLC19A1",7
"GO:0062013","positive regulation of small molecule metabolic process","5/266","57/7628",0.087719298245614,2.51549927450204,2.18291247349294,0.0477094585885517,0.194893138334234,0.153825338586036,"APOA1/APOE/APP/PTGS2/RGN",5
"GO:1905897","regulation of response to endoplasmic reticulum stress","5/266","57/7628",0.087719298245614,2.51549927450204,2.18291247349294,0.0477094585885517,0.194893138334234,0.153825338586036,"APP/CLU/HERPUD1/SERINC3/CAV1",5
"GO:0021987","cerebral cortex development","6/266","76/7628",0.0789473684210526,2.26394934705184,2.10486991288617,0.04873153967907,0.19814954461377,0.156395556310501,"BNIP3/PTPRS/SLIT2/CDON/ROBO1/SLC38A2",6
"GO:0035265","organ growth","6/266","76/7628",0.0789473684210526,2.26394934705184,2.10486991288617,0.04873153967907,0.19814954461377,0.156395556310501,"DDR2/MSX2/PRKAR1A/SPRY2/BMPR1A/TGFBR3",6
"GO:0035967","cellular response to topologically incorrect protein","6/266","76/7628",0.0789473684210526,2.26394934705184,2.10486991288617,0.04873153967907,0.19814954461377,0.156395556310501,"HERPUD1/RNF7/CAV1/OPTN/RNF126/STC2",6
"GO:0043281","regulation of cysteine-type endopeptidase activity involved in apoptotic process","6/266","76/7628",0.0789473684210526,2.26394934705184,2.10486991288617,0.04873153967907,0.19814954461377,0.156395556310501,"EPHA7/PTGS2/THBS1/PDCD2/RNF34/ROBO1",6
"GO:1901342","regulation of vasculature development","8/266","116/7628",0.0689655172413793,1.97770287788437,2.01686989497043,0.0492939905140755,0.19814954461377,0.156395556310501,"ADAMTS1/APOH/FLT1/HMOX1/SPRY2/THBS1/ADAM10/HMGA2",8
"GO:0032410","negative regulation of transporter activity","3/266","24/7628",0.125,3.58458646616541,2.41043496020912,0.0494371633457086,0.19814954461377,0.156395556310501,"NDFIP1/NDFIP2/CAV1",3
"GO:0032602","chemokine production","3/266","24/7628",0.125,3.58458646616541,2.41043496020912,0.0494371633457086,0.19814954461377,0.156395556310501,"APP/EGR1/HMOX1",3
"GO:0032642","regulation of chemokine production","3/266","24/7628",0.125,3.58458646616541,2.41043496020912,0.0494371633457086,0.19814954461377,0.156395556310501,"APP/EGR1/HMOX1",3
"GO:0048634","regulation of muscle organ development","3/266","24/7628",0.125,3.58458646616541,2.41043496020912,0.0494371633457086,0.19814954461377,0.156395556310501,"BMP4/GJA1/CDON",3
"GO:0051966","regulation of synaptic transmission, glutamatergic","3/266","24/7628",0.125,3.58458646616541,2.41043496020912,0.0494371633457086,0.19814954461377,0.156395556310501,"PTGS2/SLC38A2/TPRG1L",3
"GO:1901861","regulation of muscle tissue development","3/266","24/7628",0.125,3.58458646616541,2.41043496020912,0.0494371633457086,0.19814954461377,0.156395556310501,"BMP4/GJA1/CDON",3
"GO:1904385","cellular response to angiotensin","3/266","24/7628",0.125,3.58458646616541,2.41043496020912,0.0494371633457086,0.19814954461377,0.156395556310501,"DDR2/FAT1/CAV1",3
"GO:0002011","morphogenesis of an epithelial sheet","4/266","40/7628",0.1,2.86766917293233,2.25105481239573,0.0494767528778568,0.19814954461377,0.156395556310501,"CCN1/CD151/MSX2/DDR1",4
"GO:0019915","lipid storage","4/266","40/7628",0.1,2.86766917293233,2.25105481239573,0.0494767528778568,0.19814954461377,0.156395556310501,"APOA1/APOE/CAV1/CLSTN3",4
"GO:0030148","sphingolipid biosynthetic process","4/266","40/7628",0.1,2.86766917293233,2.25105481239573,0.0494767528778568,0.19814954461377,0.156395556310501,"B4GALT5/B4GALT6/CCN1/UGCG",4
"GO:0033273","response to vitamin","4/266","40/7628",0.1,2.86766917293233,2.25105481239573,0.0494767528778568,0.19814954461377,0.156395556310501,"COL1A1/F5/PTGS2/STC2",4
"GO:0035150","regulation of tube size","4/266","40/7628",0.1,2.86766917293233,2.25105481239573,0.0494767528778568,0.19814954461377,0.156395556310501,"APOE/PTGS2/SERPINF2/CAV1",4
"GO:0035296","regulation of tube diameter","4/266","40/7628",0.1,2.86766917293233,2.25105481239573,0.0494767528778568,0.19814954461377,0.156395556310501,"APOE/PTGS2/SERPINF2/CAV1",4
"GO:0048864","stem cell development","4/266","40/7628",0.1,2.86766917293233,2.25105481239573,0.0494767528778568,0.19814954461377,0.156395556310501,"BMP4/SEMA3C/BMPR1A/NRP2",4
"GO:0097746","blood vessel diameter maintenance","4/266","40/7628",0.1,2.86766917293233,2.25105481239573,0.0494767528778568,0.19814954461377,0.156395556310501,"APOE/PTGS2/SERPINF2/CAV1",4
"GO:0060537","muscle tissue development","12/266","202/7628",0.0594059405940594,1.70356584530633,1.92629477064513,0.0497516233925659,0.199055221898758,0.157110389660734,"BMP4/EGR1/FZD7/GJA1/IFRD1/MSX2/PRKAR1A/SEMA3C/BMPR1A/CAV1/CDON/TGFBR3",12
"GO:0006909","phagocytosis","7/266","96/7628",0.0729166666666667,2.09100877192982,2.0446947798186,0.0498296445481602,0.199172307220386,0.157202802812869,"APOA1/C4A/C4BPA/LDLR/MFGE8/THBS1/PLSCR1",7
"GO:0002695","negative regulation of leukocyte activation","5/266","58/7628",0.0862068965517241,2.47212859735546,2.13910248041626,0.0507885361048831,0.202608564441843,0.159914973364779,"BMP4/CD84/LDLR/NDFIP1/PRKAR1A",5
"GO:0007612","learning","5/266","58/7628",0.0862068965517241,2.47212859735546,2.13910248041626,0.0507885361048831,0.202608564441843,0.159914973364779,"APP/MEIS2/PTGS2/CHST10/TPBG",5
"GO:0002685","regulation of leukocyte migration","6/266","77/7628",0.0779220779220779,2.23454740747974,2.06952503397907,0.0513762328191315,0.204753083966978,0.161607600641848,"APP/GCNT1/HMOX1/SLIT2/THBS1/ADAM10",6
"GO:0034976","response to endoplasmic reticulum stress","11/266","181/7628",0.0607734806629834,1.74278237029037,1.92233902614649,0.0514412767537528,0.204812490778831,0.161654489275413,"APP/CLU/HERPUD1/RNF7/SERINC3/THBS1/TNFRSF10B/TRIB3/CAV1/MARCKS/STC2",11
"GO:0031589","cell-substrate adhesion","10/266","160/7628",0.0625,1.79229323308271,1.92514554349074,0.0527854756275162,0.209959754565145,0.165717123811902,"APOA1/CCN1/CCN2/COL1A1/CSPG5/EDIL3/FZD7/THBS1/VTN/DDR1",10
"GO:0008589","regulation of smoothened signaling pathway","4/266","41/7628",0.0975609756097561,2.79772602237301,2.19381588213219,0.0533839627928258,0.210035161263604,0.165776640842728,"CHSY1/GPC3/MGRN1/TXNDC15",4
"GO:0019218","regulation of steroid metabolic process","4/266","41/7628",0.0975609756097561,2.79772602237301,2.19381588213219,0.0533839627928258,0.210035161263604,0.165776640842728,"APOA1/APOE/EGR1/LDLR",4
"GO:0042472","inner ear morphogenesis","4/266","41/7628",0.0975609756097561,2.79772602237301,2.19381588213219,0.0533839627928258,0.210035161263604,0.165776640842728,"LRIG1/LRIG3/NTN1/SPRY2",4
"GO:0060349","bone morphogenesis","4/266","41/7628",0.0975609756097561,2.79772602237301,2.19381588213219,0.0533839627928258,0.210035161263604,0.165776640842728,"BMP4/CHSY1/COL1A1/MSX2",4
"GO:0002250","adaptive immune response","9/266","139/7628",0.0647482014388489,1.85676421269,1.93765559797706,0.0535865718748472,0.210035161263604,0.165776640842728,"C4A/C4BPA/CD84/CLU/HLA-A/HPX/NDFIP1/NCR3LG1/TFRC",9
"GO:0007265","Ras protein signal transduction","5/266","59/7628",0.0847457627118644,2.43022811265452,2.0961958095675,0.0539816685939438,0.210035161263604,0.165776640842728,"NTN1/RIT1/SDCBP/SPRY2/SQSTM1",5
"GO:0030534","adult behavior","5/266","59/7628",0.0847457627118644,2.43022811265452,2.0961958095675,0.0539816685939438,0.210035161263604,0.165776640842728,"APP/EPHA4/NTAN1/USP46/FOSB",5
"GO:0042742","defense response to bacterium","5/266","59/7628",0.0847457627118644,2.43022811265452,2.0961958095675,0.0539816685939438,0.210035161263604,0.165776640842728,"APP/HLA-A/RNASE4/NCR3LG1/OPTN",5
"GO:0048709","oligodendrocyte differentiation","5/266","59/7628",0.0847457627118644,2.43022811265452,2.0961958095675,0.0539816685939438,0.210035161263604,0.165776640842728,"B4GALT5/B4GALT6/BNIP3/CLU/VTN",5
"GO:0000422","autophagy of mitochondrion","6/266","78/7628",0.0769230769230769,2.2058993637941,2.03472010577707,0.0541071978893993,0.210035161263604,0.165776640842728,"BNIP3/TIMM23/GABARAP/GABARAPL2/OPTN/SQSTM1",6
"GO:0002820","negative regulation of adaptive immune response","2/266","11/7628",0.181818181818182,5.21394395078606,2.6583545583271,0.0541412545435923,0.210035161263604,0.165776640842728,"C4BPA/NDFIP1",2
"GO:0003128","heart field specification","2/266","11/7628",0.181818181818182,5.21394395078606,2.6583545583271,0.0541412545435923,0.210035161263604,0.165776640842728,"BMP4/ROBO1",2
"GO:0003416","endochondral bone growth","2/266","11/7628",0.181818181818182,5.21394395078606,2.6583545583271,0.0541412545435923,0.210035161263604,0.165776640842728,"DDR2/MSX2",2
"GO:0006658","phosphatidylserine metabolic process","2/266","11/7628",0.181818181818182,5.21394395078606,2.6583545583271,0.0541412545435923,0.210035161263604,0.165776640842728,"SERINC1/PLSCR1",2
"GO:0007398","ectoderm development","2/266","11/7628",0.181818181818182,5.21394395078606,2.6583545583271,0.0541412545435923,0.210035161263604,0.165776640842728,"FZD7/BMPR1A",2
"GO:0032925","regulation of activin receptor signaling pathway","2/266","11/7628",0.181818181818182,5.21394395078606,2.6583545583271,0.0541412545435923,0.210035161263604,0.165776640842728,"ACVR1B/ACVR2A",2
"GO:0035025","positive regulation of Rho protein signal transduction","2/266","11/7628",0.181818181818182,5.21394395078606,2.6583545583271,0.0541412545435923,0.210035161263604,0.165776640842728,"APOA1/ROBO1",2
"GO:0035456","response to interferon-beta","2/266","11/7628",0.181818181818182,5.21394395078606,2.6583545583271,0.0541412545435923,0.210035161263604,0.165776640842728,"IFNAR1/PLSCR1",2
"GO:0042159","lipoprotein catabolic process","2/266","11/7628",0.181818181818182,5.21394395078606,2.6583545583271,0.0541412545435923,0.210035161263604,0.165776640842728,"APOE/LDLR",2
"GO:0045717","negative regulation of fatty acid biosynthetic process","2/266","11/7628",0.181818181818182,5.21394395078606,2.6583545583271,0.0541412545435923,0.210035161263604,0.165776640842728,"APOC3/TRIB3",2
"GO:0046697","decidualization","2/266","11/7628",0.181818181818182,5.21394395078606,2.6583545583271,0.0541412545435923,0.210035161263604,0.165776640842728,"PTGS2/STC2",2
"GO:0060669","embryonic placenta morphogenesis","2/266","11/7628",0.181818181818182,5.21394395078606,2.6583545583271,0.0541412545435923,0.210035161263604,0.165776640842728,"CCN1/SPINT2",2
"GO:0071280","cellular response to copper ion","2/266","11/7628",0.181818181818182,5.21394395078606,2.6583545583271,0.0541412545435923,0.210035161263604,0.165776640842728,"BACE1/MT2A",2
"GO:0090083","regulation of inclusion body assembly","2/266","11/7628",0.181818181818182,5.21394395078606,2.6583545583271,0.0541412545435923,0.210035161263604,0.165776640842728,"APOE/CLU",2
"GO:0098868","bone growth","2/266","11/7628",0.181818181818182,5.21394395078606,2.6583545583271,0.0541412545435923,0.210035161263604,0.165776640842728,"DDR2/MSX2",2
"GO:1901334","lactone metabolic process","2/266","11/7628",0.181818181818182,5.21394395078606,2.6583545583271,0.0541412545435923,0.210035161263604,0.165776640842728,"CLSTN3/RGN",2
"GO:0008361","regulation of cell size","7/266","98/7628",0.0714285714285714,2.04833512352309,1.98534264541063,0.0546029541623644,0.21130753249352,0.166780898544779,"APOE/EPHA7/IFRD1/NTN1/PTPRS/LAMTOR4/RGMA",7
"GO:0014003","oligodendrocyte development","3/266","25/7628",0.12,3.4412030075188,2.32381307194151,0.0547796026709028,0.21130753249352,0.166780898544779,"B4GALT5/B4GALT6/CLU",3
"GO:0032370","positive regulation of lipid transport","3/266","25/7628",0.12,3.4412030075188,2.32381307194151,0.0547796026709028,0.21130753249352,0.166780898544779,"APOA1/APOE/CAV1",3
"GO:0060976","coronary vasculature development","3/266","25/7628",0.12,3.4412030075188,2.32381307194151,0.0547796026709028,0.21130753249352,0.166780898544779,"BMP4/GPC3/TGFBR3",3
"GO:1902041","regulation of extrinsic apoptotic signaling pathway via death domain receptors","3/266","25/7628",0.12,3.4412030075188,2.32381307194151,0.0547796026709028,0.21130753249352,0.166780898544779,"HMOX1/THBS1/RNF34",3
"GO:2000027","regulation of animal organ morphogenesis","3/266","25/7628",0.12,3.4412030075188,2.32381307194151,0.0547796026709028,0.21130753249352,0.166780898544779,"BMP4/BMPR1A/ROBO1",3
"GO:0050767","regulation of neurogenesis","11/266","183/7628",0.0601092896174863,1.72373556842927,1.88361827607563,0.0548631053528791,0.211429986194822,0.166877548853891,"EPHA4/EPHA7/IFRD1/LDLR/NTN1/PTPRS/SLIT2/BMPR1A/CDON/RGMA/ROBO1",11
"GO:0044248","cellular catabolic process","31/266","663/7628",0.0467571644042232,1.3408407897572,1.74569171877935,0.0553705153069369,0.213184311997019,0.168262203864426,"APOC3/APOE/APP/ATP6V1D/BNIP3/CALCOCO2/CD84/CLU/HMOX1/LDLR/MAPK8/MFSD8/NBR1/NEU1/PLEKHF1/PLPP3/TAX1BP1/TIMM23/TIMP3/TMEM59/TRIB3/TRIM23/UVRAG/CARNMT1/GABARAP/GABARAPL2/LPIN1/OPTN/RGMA/SQSTM1/TIMP1",31
"GO:0051049","regulation of transport","32/266","689/7628",0.04644412191582,1.33186376681908,1.73596430323768,0.0560824491951013,0.215722038570611,0.17026518176687,"APOA1/APOC3/APOE/APP/BMP4/C4A/CD151/CD84/CLOCK/CLU/CSPG5/GJA1/GPC3/NDFIP1/NDFIP2/NEO1/PRKAR1A/PRKAR1B/PTGS2/RAB29/SDCBP/THBS1/TRIB3/TSPAN13/VTN/CAV1/MDFIC/PLSCR1/REEP5/REEP6/SLC38A2/STC2",32
"GO:0050670","regulation of lymphocyte proliferation","6/266","79/7628",0.0759493670886076,2.17797658703721,2.00043883305354,0.056924727342825,0.218755890118006,0.1726597413983,"BMP4/HLA-A/NDFIP1/PRKAR1A/CD320/TFRC",6
"GO:0001818","negative regulation of cytokine production","7/266","99/7628",0.0707070707070707,2.02764486975013,1.95619341285729,0.0570932308923135,0.218991406755963,0.172845630069836,"APOA1/CD84/NDFIP1/PTPRS/THBS1/CD83/RBX1",7
"GO:0071453","cellular response to oxygen levels","7/266","99/7628",0.0707070707070707,2.02764486975013,1.95619341285729,0.0570932308923135,0.218991406755963,0.172845630069836,"BNIP3/DDR2/EPHA4/PTGS2/CAV1/STC2/VASN",7
"GO:0009408","response to heat","5/266","60/7628",0.0833333333333333,2.38972431077694,2.05415638240128,0.0572889130277547,0.219330093456774,0.17311294885218,"HMOX1/HSPA6/PTGS2/THBS1/EEF1D",5
"GO:0030595","leukocyte chemotaxis","5/266","60/7628",0.0833333333333333,2.38972431077694,2.05415638240128,0.0572889130277547,0.219330093456774,0.17311294885218,"APP/FLT1/SLIT2/THBS1/ADAM10",5
"GO:0000041","transition metal ion transport","4/266","42/7628",0.0952380952380952,2.73111349803079,2.13827497701037,0.0574540578228046,0.219345631968371,0.17312521309518,"ABCB6/HPX/SLC31A1/TFRC",4
"GO:0006493","protein O-linked glycosylation","4/266","42/7628",0.0952380952380952,2.73111349803079,2.13827497701037,0.0574540578228046,0.219345631968371,0.17312521309518,"B4GALT5/GCNT1/C1GALT1C1/GALNT1",4
"GO:0035023","regulation of Rho protein signal transduction","4/266","42/7628",0.0952380952380952,2.73111349803079,2.13827497701037,0.0574540578228046,0.219345631968371,0.17312521309518,"APOA1/APOC3/APOE/ROBO1",4
"GO:0043010","camera-type eye development","9/266","141/7628",0.0638297872340425,1.83042713165893,1.89180755146718,0.0576725984859884,0.219974383581011,0.173621474433714,"B9D1/BMP4/FAT1/FLT1/GJA1/MFSD8/SPRY2/ZNF513/CDON",9
"GO:0001658","branching involved in ureteric bud morphogenesis","3/266","26/7628",0.115384615384615,3.30884904569115,2.24149650298105,0.0603857284917924,0.228192137732629,0.180107586903316,"BMP4/GPC3/TMEM59L",3
"GO:0002639","positive regulation of immunoglobulin production","3/266","26/7628",0.115384615384615,3.30884904569115,2.24149650298105,0.0603857284917924,0.228192137732629,0.180107586903316,"HPX/IL13RA1/TFRC",3
"GO:0010453","regulation of cell fate commitment","3/266","26/7628",0.115384615384615,3.30884904569115,2.24149650298105,0.0603857284917924,0.228192137732629,0.180107586903316,"BMP4/FZD7/BMPR1A",3
"GO:0030225","macrophage differentiation","3/266","26/7628",0.115384615384615,3.30884904569115,2.24149650298105,0.0603857284917924,0.228192137732629,0.180107586903316,"APP/BMP4/MFSD8",3
"GO:0034142","toll-like receptor 4 signaling pathway","3/266","26/7628",0.115384615384615,3.30884904569115,2.24149650298105,0.0603857284917924,0.228192137732629,0.180107586903316,"IFI35/TAX1BP1/SQSTM1",3
"GO:0043243","positive regulation of protein-containing complex disassembly","3/266","26/7628",0.115384615384615,3.30884904569115,2.24149650298105,0.0603857284917924,0.228192137732629,0.180107586903316,"BNIP3/CALCOCO2/UVRAG",3
"GO:0043457","regulation of cellular respiration","3/266","26/7628",0.115384615384615,3.30884904569115,2.24149650298105,0.0603857284917924,0.228192137732629,0.180107586903316,"BNIP3/IFNAR1/IL10RB",3
"GO:0046686","response to cadmium ion","3/266","26/7628",0.115384615384615,3.30884904569115,2.24149650298105,0.0603857284917924,0.228192137732629,0.180107586903316,"ABCB6/HMOX1/MT2A",3
"GO:0048260","positive regulation of receptor-mediated endocytosis","3/266","26/7628",0.115384615384615,3.30884904569115,2.24149650298105,0.0603857284917924,0.228192137732629,0.180107586903316,"APP/CLU/VTN",3
"GO:0072132","mesenchyme morphogenesis","3/266","26/7628",0.115384615384615,3.30884904569115,2.24149650298105,0.0603857284917924,0.228192137732629,0.180107586903316,"MSX2/BMPR1A/ROBO1",3
"GO:0002706","regulation of lymphocyte mediated immunity","5/266","61/7628",0.0819672131147541,2.35054850240355,2.01295015590996,0.0607101842276173,0.22920619461166,0.180907962145337,"C4BPA/HLA-A/HPX/NDFIP1/TFRC",5
"GO:0016126","sterol biosynthetic process","4/266","43/7628",0.0930232558139535,2.66759923063473,2.08433684795062,0.0616858538843139,0.232031964196521,0.183138286757442,"APOA1/APOE/HMGCS1/IDI1",4
"GO:0034248","regulation of amide metabolic process","4/266","43/7628",0.0930232558139535,2.66759923063473,2.08433684795062,0.0616858538843139,0.232031964196521,0.183138286757442,"APOE/CCN1/CLU/EPHA4",4
"GO:0120162","positive regulation of cold-induced thermogenesis","4/266","43/7628",0.0930232558139535,2.66759923063473,2.08433684795062,0.0616858538843139,0.232031964196521,0.183138286757442,"GJA1/ADIPOR1/CAV1/LPIN1",4
"GO:1902893","regulation of miRNA transcription","4/266","43/7628",0.0930232558139535,2.66759923063473,2.08433684795062,0.0616858538843139,0.232031964196521,0.183138286757442,"APP/BMP4/EGR1/BMPR1A",4
"GO:0001654","eye development","10/266","165/7628",0.0606060606060606,1.73798131692869,1.82158903510086,0.0624434314620603,0.233515683287297,0.184309357188428,"B9D1/BMP4/FAT1/FLT1/GJA1/MEIS2/MFSD8/SPRY2/ZNF513/CDON",10
"GO:0150063","visual system development","10/266","165/7628",0.0606060606060606,1.73798131692869,1.82158903510086,0.0624434314620603,0.233515683287297,0.184309357188428,"B9D1/BMP4/FAT1/FLT1/GJA1/MEIS2/MFSD8/SPRY2/ZNF513/CDON",10
"GO:0032944","regulation of mononuclear cell proliferation","6/266","81/7628",0.0740740740740741,2.12419938735728,1.93338552908831,0.0628202477681684,0.233515683287297,0.184309357188428,"BMP4/HLA-A/NDFIP1/PRKAR1A/CD320/TFRC",6
"GO:0071456","cellular response to hypoxia","6/266","81/7628",0.0740740740740741,2.12419938735728,1.93338552908831,0.0628202477681684,0.233515683287297,0.184309357188428,"BNIP3/DDR2/EPHA4/PTGS2/STC2/VASN",6
"GO:0001759","organ induction","2/266","12/7628",0.166666666666667,4.77944862155388,2.49043600321263,0.0635094061523102,0.233515683287297,0.184309357188428,"BMP4/ROBO1",2
"GO:0003171","atrioventricular valve development","2/266","12/7628",0.166666666666667,4.77944862155388,2.49043600321263,0.0635094061523102,0.233515683287297,0.184309357188428,"CCN1/BMPR1A",2
"GO:0003181","atrioventricular valve morphogenesis","2/266","12/7628",0.166666666666667,4.77944862155388,2.49043600321263,0.0635094061523102,0.233515683287297,0.184309357188428,"CCN1/BMPR1A",2
"GO:0003215","cardiac right ventricle morphogenesis","2/266","12/7628",0.166666666666667,4.77944862155388,2.49043600321263,0.0635094061523102,0.233515683287297,0.184309357188428,"SEMA3C/BMPR1A",2
"GO:0007617","mating behavior","2/266","12/7628",0.166666666666667,4.77944862155388,2.49043600321263,0.0635094061523102,0.233515683287297,0.184309357188428,"APP/ACVR2A",2
"GO:0010763","positive regulation of fibroblast migration","2/266","12/7628",0.166666666666667,4.77944862155388,2.49043600321263,0.0635094061523102,0.233515683287297,0.184309357188428,"DDR2/THBS1",2
"GO:0031290","retinal ganglion cell axon guidance","2/266","12/7628",0.166666666666667,4.77944862155388,2.49043600321263,0.0635094061523102,0.233515683287297,0.184309357188428,"EPHA7/SLIT2",2
"GO:0032731","positive regulation of interleukin-1 beta production","2/266","12/7628",0.166666666666667,4.77944862155388,2.49043600321263,0.0635094061523102,0.233515683287297,0.184309357188428,"APP/EGR1",2
"GO:0045844","positive regulation of striated muscle tissue development","2/266","12/7628",0.166666666666667,4.77944862155388,2.49043600321263,0.0635094061523102,0.233515683287297,0.184309357188428,"GJA1/CDON",2
"GO:0045940","positive regulation of steroid metabolic process","2/266","12/7628",0.166666666666667,4.77944862155388,2.49043600321263,0.0635094061523102,0.233515683287297,0.184309357188428,"APOA1/APOE",2
"GO:0048636","positive regulation of muscle organ development","2/266","12/7628",0.166666666666667,4.77944862155388,2.49043600321263,0.0635094061523102,0.233515683287297,0.184309357188428,"GJA1/CDON",2
"GO:0051965","positive regulation of synapse assembly","2/266","12/7628",0.166666666666667,4.77944862155388,2.49043600321263,0.0635094061523102,0.233515683287297,0.184309357188428,"CLSTN3/TPBG",2
"GO:0060191","regulation of lipase activity","2/266","12/7628",0.166666666666667,4.77944862155388,2.49043600321263,0.0635094061523102,0.233515683287297,0.184309357188428,"APOC3/APOH",2
"GO:0060602","branch elongation of an epithelium","2/266","12/7628",0.166666666666667,4.77944862155388,2.49043600321263,0.0635094061523102,0.233515683287297,0.184309357188428,"BMP4/SPRY2",2
"GO:0071243","cellular response to arsenic-containing substance","2/266","12/7628",0.166666666666667,4.77944862155388,2.49043600321263,0.0635094061523102,0.233515683287297,0.184309357188428,"HMOX1/SLC38A2",2
"GO:0071404","cellular response to low-density lipoprotein particle stimulus","2/266","12/7628",0.166666666666667,4.77944862155388,2.49043600321263,0.0635094061523102,0.233515683287297,0.184309357188428,"APP/LDLR",2
"GO:1901223","negative regulation of non-canonical NF-kappaB signal transduction","2/266","12/7628",0.166666666666667,4.77944862155388,2.49043600321263,0.0635094061523102,0.233515683287297,0.184309357188428,"IFI35/ADIPOR1",2
"GO:1901863","positive regulation of muscle tissue development","2/266","12/7628",0.166666666666667,4.77944862155388,2.49043600321263,0.0635094061523102,0.233515683287297,0.184309357188428,"GJA1/CDON",2
"GO:1902430","negative regulation of amyloid-beta formation","2/266","12/7628",0.166666666666667,4.77944862155388,2.49043600321263,0.0635094061523102,0.233515683287297,0.184309357188428,"APOE/CLU",2
"GO:2000047","regulation of cell-cell adhesion mediated by cadherin","2/266","12/7628",0.166666666666667,4.77944862155388,2.49043600321263,0.0635094061523102,0.233515683287297,0.184309357188428,"SERPINF2/PTPRU",2
"GO:2000725","regulation of cardiac muscle cell differentiation","2/266","12/7628",0.166666666666667,4.77944862155388,2.49043600321263,0.0635094061523102,0.233515683287297,0.184309357188428,"BMP4/FZD7",2
"GO:0099072","regulation of postsynaptic membrane neurotransmitter receptor levels","5/266","62/7628",0.0806451612903226,2.31263642978414,1.97254497602854,0.064245257457774,0.235585167607726,0.185942760647417,"ADAM10/GABARAP/NETO2/STX3/TFRC",5
"GO:1903825","organic acid transmembrane transport","5/266","62/7628",0.0806451612903226,2.31263642978414,1.97254497602854,0.064245257457774,0.235585167607726,0.185942760647417,"MPC1/THBS1/SLC19A1/SLC38A2/SLC7A8",5
"GO:1905039","carboxylic acid transmembrane transport","5/266","62/7628",0.0806451612903226,2.31263642978414,1.97254497602854,0.064245257457774,0.235585167607726,0.185942760647417,"MPC1/THBS1/SLC19A1/SLC38A2/SLC7A8",5
"GO:0018209","peptidyl-serine modification","7/266","102/7628",0.0686274509803922,1.96800825593395,1.87075461459605,0.0649817465376536,0.238072138660372,0.187905678210841,"APP/MAPK8/PTGS2/SPRY2/CAV1/GALNT1/TFRC",7
"GO:0043523","regulation of neuron apoptotic process","8/266","123/7628",0.0650406504065041,1.865150681582,1.83860631164528,0.0651710744101959,0.238551827030152,0.188284286850057,"APP/BACE1/CLU/EGR1/EPHA4/EPHA7/MFSD8/UNC5B",8
"GO:0002703","regulation of leukocyte mediated immunity","6/266","82/7628",0.0731707317073171,2.09829451677975,1.90058425058524,0.0658984234533288,0.239281018666777,0.188859823533167,"C4BPA/CD84/HLA-A/HPX/NDFIP1/TFRC",6
"GO:0001657","ureteric bud development","4/266","44/7628",0.0909090909090909,2.60697197539303,2.03191372575092,0.0660778974901562,0.239281018666777,0.188859823533167,"BMP4/GPC3/SLIT2/TMEM59L",4
"GO:0001823","mesonephros development","4/266","44/7628",0.0909090909090909,2.60697197539303,2.03191372575092,0.0660778974901562,0.239281018666777,0.188859823533167,"BMP4/GPC3/SLIT2/TMEM59L",4
"GO:0030516","regulation of axon extension","4/266","44/7628",0.0909090909090909,2.60697197539303,2.03191372575092,0.0660778974901562,0.239281018666777,0.188859823533167,"APOE/IFRD1/NTN1/PTPRS",4
"GO:0061614","miRNA transcription","4/266","44/7628",0.0909090909090909,2.60697197539303,2.03191372575092,0.0660778974901562,0.239281018666777,0.188859823533167,"APP/BMP4/EGR1/BMPR1A",4
"GO:0072163","mesonephric epithelium development","4/266","44/7628",0.0909090909090909,2.60697197539303,2.03191372575092,0.0660778974901562,0.239281018666777,0.188859823533167,"BMP4/GPC3/SLIT2/TMEM59L",4
"GO:0072164","mesonephric tubule development","4/266","44/7628",0.0909090909090909,2.60697197539303,2.03191372575092,0.0660778974901562,0.239281018666777,0.188859823533167,"BMP4/GPC3/SLIT2/TMEM59L",4
"GO:0010812","negative regulation of cell-substrate adhesion","3/266","27/7628",0.111111111111111,3.18629908103592,2.16309639240102,0.0662489185097001,0.239281018666777,0.188859823533167,"COL1A1/FZD7/THBS1",3
"GO:0032612","interleukin-1 production","3/266","27/7628",0.111111111111111,3.18629908103592,2.16309639240102,0.0662489185097001,0.239281018666777,0.188859823533167,"APOA1/APP/EGR1",3
"GO:0032652","regulation of interleukin-1 production","3/266","27/7628",0.111111111111111,3.18629908103592,2.16309639240102,0.0662489185097001,0.239281018666777,0.188859823533167,"APOA1/APP/EGR1",3
"GO:0035567","non-canonical Wnt signaling pathway","3/266","27/7628",0.111111111111111,3.18629908103592,2.16309639240102,0.0662489185097001,0.239281018666777,0.188859823533167,"FZD7/GPC3/DAAM1",3
"GO:0043124","negative regulation of canonical NF-kappaB signal transduction","3/266","27/7628",0.111111111111111,3.18629908103592,2.16309639240102,0.0662489185097001,0.239281018666777,0.188859823533167,"OPTN/RIOK3/TGFBR3",3
"GO:0043154","negative regulation of cysteine-type endopeptidase activity involved in apoptotic process","3/266","27/7628",0.111111111111111,3.18629908103592,2.16309639240102,0.0662489185097001,0.239281018666777,0.188859823533167,"PTGS2/THBS1/RNF34",3
"GO:0045646","regulation of erythrocyte differentiation","3/266","27/7628",0.111111111111111,3.18629908103592,2.16309639240102,0.0662489185097001,0.239281018666777,0.188859823533167,"ZNF16/ACVR1B/ACVR2A",3
"GO:0060038","cardiac muscle cell proliferation","3/266","27/7628",0.111111111111111,3.18629908103592,2.16309639240102,0.0662489185097001,0.239281018666777,0.188859823533167,"PRKAR1A/BMPR1A/TGFBR3",3
"GO:0048880","sensory system development","10/266","167/7628",0.0598802395209581,1.71716716942056,1.78114756165045,0.0666073984306816,0.240363270838635,0.189714023984729,"B9D1/BMP4/FAT1/FLT1/GJA1/MEIS2/MFSD8/SPRY2/ZNF513/CDON",10
"GO:0048736","appendage development","7/266","103/7628",0.0679611650485437,1.94890137966275,1.84291889702862,0.0677510773068059,0.244059215871519,0.192631161042186,"B9D1/BMP4/GJA1/GPC3/MSX2/SEMA3C/BMPR1A",7
"GO:0060173","limb development","7/266","103/7628",0.0679611650485437,1.94890137966275,1.84291889702862,0.0677510773068059,0.244059215871519,0.192631161042186,"B9D1/BMP4/GJA1/GPC3/MSX2/SEMA3C/BMPR1A",7
"GO:0010811","positive regulation of cell-substrate adhesion","5/266","63/7628",0.0793650793650794,2.27592791502566,1.93291044379167,0.0678937712642546,0.244142654590211,0.192697017589337,"APOA1/CCN1/CSPG5/EDIL3/VTN",5
"GO:0048259","regulation of receptor-mediated endocytosis","5/266","63/7628",0.0793650793650794,2.27592791502566,1.93291044379167,0.0678937712642546,0.244142654590211,0.192697017589337,"APOC3/APP/CLU/SDCBP/VTN",5
"GO:0009100","glycoprotein metabolic process","11/266","190/7628",0.0578947368421053,1.66022952117135,1.75171495485286,0.0680258088665864,0.244187547644996,0.192732450798589,"B4GALT5/B4GALT6/CHSY1/GCNT1/ITM2B/ITM2C/MFSD8/TMEM59/C1GALT1C1/CHST10/GALNT1",11
"GO:0097193","intrinsic apoptotic signaling pathway","11/266","190/7628",0.0578947368421053,1.66022952117135,1.75171495485286,0.0680258088665864,0.244187547644996,0.192732450798589,"APP/BNIP3/CLU/HERPUD1/PLEKHF1/PTGS2/SERINC3/TNFRSF10B/TRIB3/CAV1/PTTG1IP",11
"GO:0060284","regulation of cell development","19/266","379/7628",0.050131926121372,1.4376177911798,1.66109820840415,0.070000246488692,0.251054439777267,0.198152354322687,"BMP4/CLOCK/EPHA4/EPHA7/IFRD1/LDLR/MEIS2/NDFIP1/NTN1/PTPRS/SLIT2/ZNF16/ACVR1B/ACVR2A/BMPR1A/CD83/CDON/RGMA/ROBO1",19
"GO:0002768","immune response-regulating cell surface receptor signaling pathway","8/266","125/7628",0.064,1.83530827067669,1.78979833511177,0.0702291300268508,0.251433826607963,0.198451796920747,"HLA-A/IFI35/MAPK8/PHPT1/RAB29/TAX1BP1/PLSCR1/SQSTM1",8
"GO:0008202","steroid metabolic process","8/266","125/7628",0.064,1.83530827067669,1.78979833511177,0.0702291300268508,0.251433826607963,0.198451796920747,"APOA1/APOE/APP/EGR1/HMGCS1/LDLR/CHST10/IDI1",8
"GO:0007259","cell surface receptor signaling pathway via JAK-STAT","4/266","45/7628",0.0888888888888889,2.54903926482874,1.98092457671639,0.0706284786379096,0.252642149943836,0.199405502873921,"IFNAR1/ADIPOR1/CAV1/IL10RB",4
"GO:0042129","regulation of T cell proliferation","5/266","64/7628",0.078125,2.24036654135338,1.89401779294914,0.071655230538297,0.255866797857468,0.201950654341925,"BMP4/HLA-A/NDFIP1/PRKAR1A/TFRC",5
"GO:1902414","protein localization to cell junction","5/266","64/7628",0.078125,2.24036654135338,1.89401779294914,0.071655230538297,0.255866797857468,0.201950654341925,"ADAM10/CLSTN3/GABARAP/NETO2/STX3",5
"GO:0002931","response to ischemia","3/266","28/7628",0.107142857142857,3.07250268528464,2.08827219717261,0.0723620635458163,0.256843762681715,0.202721753551271,"EGR1/CAV1/SQSTM1",3
"GO:0032438","melanosome organization","3/266","28/7628",0.107142857142857,3.07250268528464,2.08827219717261,0.0723620635458163,0.256843762681715,0.202721753551271,"ABCB6/APOE/RAB29",3
"GO:0032781","positive regulation of ATP-dependent activity","3/266","28/7628",0.107142857142857,3.07250268528464,2.08827219717261,0.0723620635458163,0.256843762681715,0.202721753551271,"GABARAPL2/PLSCR1/RGN",3
"GO:0042698","ovulation cycle","3/266","28/7628",0.107142857142857,3.07250268528464,2.08827219717261,0.0723620635458163,0.256843762681715,0.202721753551271,"ADAMTS1/EGR1/SLIT2",3
"GO:0043627","response to estrogen","3/266","28/7628",0.107142857142857,3.07250268528464,2.08827219717261,0.0723620635458163,0.256843762681715,0.202721753551271,"NCOA4/CAV1/WBP2",3
"GO:0098586","cellular response to virus","3/266","28/7628",0.107142857142857,3.07250268528464,2.08827219717261,0.0723620635458163,0.256843762681715,0.202721753551271,"IFNAR1/IL10RB/RIOK3",3
"GO:1901888","regulation of cell junction assembly","8/266","126/7628",0.0634920634920635,1.82074233202053,1.76572620148423,0.0728459671826403,0.256843762681715,0.202721753551271,"APP/EPHA7/NTN1/PTPRS/THBS1/CAV1/CLSTN3/TPBG",8
"GO:0002063","chondrocyte development","2/266","13/7628",0.153846153846154,4.4117987275882,2.34012960102517,0.0733749500733321,0.256843762681715,0.202721753551271,"CHSY1/MSX2",2
"GO:0003156","regulation of animal organ formation","2/266","13/7628",0.153846153846154,4.4117987275882,2.34012960102517,0.0733749500733321,0.256843762681715,0.202721753551271,"BMP4/ROBO1",2
"GO:0003323","type B pancreatic cell development","2/266","13/7628",0.153846153846154,4.4117987275882,2.34012960102517,0.0733749500733321,0.256843762681715,0.202721753551271,"BMP4/CLOCK",2
"GO:0010644","cell communication by electrical coupling","2/266","13/7628",0.153846153846154,4.4117987275882,2.34012960102517,0.0733749500733321,0.256843762681715,0.202721753551271,"GJA1/CAV1",2
"GO:0010955","negative regulation of protein processing","2/266","13/7628",0.153846153846154,4.4117987275882,2.34012960102517,0.0733749500733321,0.256843762681715,0.202721753551271,"SERPINF2/THBS1",2
"GO:0030212","hyaluronan metabolic process","2/266","13/7628",0.153846153846154,4.4117987275882,2.34012960102517,0.0733749500733321,0.256843762681715,0.202721753551271,"ITIH2/ITIH4",2
"GO:0033280","response to vitamin D","2/266","13/7628",0.153846153846154,4.4117987275882,2.34012960102517,0.0733749500733321,0.256843762681715,0.202721753551271,"PTGS2/STC2",2
"GO:0034249","negative regulation of amide metabolic process","2/266","13/7628",0.153846153846154,4.4117987275882,2.34012960102517,0.0733749500733321,0.256843762681715,0.202721753551271,"APOE/CLU",2
"GO:0034505","tooth mineralization","2/266","13/7628",0.153846153846154,4.4117987275882,2.34012960102517,0.0733749500733321,0.256843762681715,0.202721753551271,"COL1A1/MSX2",2
"GO:0046427","positive regulation of receptor signaling pathway via JAK-STAT","2/266","13/7628",0.153846153846154,4.4117987275882,2.34012960102517,0.0733749500733321,0.256843762681715,0.202721753551271,"ADIPOR1/IL10RB",2
"GO:0050805","negative regulation of synaptic transmission","2/266","13/7628",0.153846153846154,4.4117987275882,2.34012960102517,0.0733749500733321,0.256843762681715,0.202721753551271,"PTGS2/TPRG1L",2
"GO:0051443","positive regulation of ubiquitin-protein transferase activity","2/266","13/7628",0.153846153846154,4.4117987275882,2.34012960102517,0.0733749500733321,0.256843762681715,0.202721753551271,"TRIB3/ARRDC3",2
"GO:0060317","cardiac epithelial to mesenchymal transition","2/266","13/7628",0.153846153846154,4.4117987275882,2.34012960102517,0.0733749500733321,0.256843762681715,0.202721753551271,"MSX2/TGFBR3",2
"GO:0060384","innervation","2/266","13/7628",0.153846153846154,4.4117987275882,2.34012960102517,0.0733749500733321,0.256843762681715,0.202721753551271,"EPHA4/LRIG1",2
"GO:0060444","branching involved in mammary gland duct morphogenesis","2/266","13/7628",0.153846153846154,4.4117987275882,2.34012960102517,0.0733749500733321,0.256843762681715,0.202721753551271,"MSX2/DDR1",2
"GO:1902992","negative regulation of amyloid precursor protein catabolic process","2/266","13/7628",0.153846153846154,4.4117987275882,2.34012960102517,0.0733749500733321,0.256843762681715,0.202721753551271,"APOE/CLU",2
"GO:0019725","cellular homeostasis","18/266","358/7628",0.0502793296089385,1.44184483555257,1.62766069428912,0.0747845227537674,0.261553746103716,0.20643925125702,"ABCB6/APOE/APP/ATP6V1D/BNIP3/COL1A1/HERPUD1/HMOX1/HPX/MT2A/NCOA4/NDFIP1/NEO1/CAV1/RGN/SLC31A1/STC2/TFRC",18
"GO:0022414","reproductive process","28/266","606/7628",0.0462046204620462,1.32499565746048,1.58490502559272,0.0748780526636121,0.261656839290723,0.206520620691228,"ADAMTS1/APP/BMP4/CLOCK/CREM/EGR1/GJA1/MFGE8/MSX2/NCOA4/PTGS2/PZP/SLIT2/SMC1B/SPINT2/ACVR1B/ACVR2A/BMPR1A/DDR1/FOSB/NEURL4/RBX1/RGN/SELENOP/SLC19A1/SLC38A2/STC2/TIMP1",28
"GO:0006914","autophagy","20/266","407/7628",0.0491400491400491,1.40917404075299,1.61259901436843,0.0752752962518912,0.262358145740739,0.207074148142468,"ATP6V1D/BNIP3/CALCOCO2/CD84/CLU/HMOX1/MAPK8/MFSD8/NBR1/PLEKHF1/TAX1BP1/TIMM23/TMEM59/TRIB3/TRIM23/UVRAG/GABARAP/GABARAPL2/OPTN/SQSTM1",20
"GO:0061919","process utilizing autophagic mechanism","20/266","407/7628",0.0491400491400491,1.40917404075299,1.61259901436843,0.0752752962518912,0.262358145740739,0.207074148142468,"ATP6V1D/BNIP3/CALCOCO2/CD84/CLU/HMOX1/MAPK8/MFSD8/NBR1/PLEKHF1/TAX1BP1/TIMM23/TMEM59/TRIB3/TRIM23/UVRAG/GABARAP/GABARAPL2/OPTN/SQSTM1",20
"GO:0018107","peptidyl-threonine phosphorylation","4/266","46/7628",0.0869565217391304,2.49362536776724,1.93129444718414,0.075335643807561,0.262358145740739,0.207074148142468,"APP/MAPK8/SPRY2/ACVR1B",4
"GO:0140888","interferon-mediated signaling pathway","4/266","46/7628",0.0869565217391304,2.49362536776724,1.93129444718414,0.075335643807561,0.262358145740739,0.207074148142468,"HPX/IFNAR1/IL10RB/TRIM41",4
"GO:0031667","response to nutrient levels","14/266","263/7628",0.0532319391634981,1.52651590954573,1.65166810481681,0.0755319165447663,0.262571673002751,0.207242681030066,"APOE/BNIP3/CHSY1/COL1A1/F5/LDLR/MAPK8/PTGS2/CAV1/GABARAP/GABARAPL2/SLC38A2/STC2/TFRC",14
"GO:0002440","production of molecular mediator of immune response","6/266","85/7628",0.0705882352941176,2.02423706324635,1.80491885252075,0.0756540658810864,0.262571673002751,0.207242681030066,"APOA1/HLA-A/HPX/IL13RA1/NDFIP1/TFRC",6
"GO:0015850","organic hydroxy compound transport","6/266","85/7628",0.0705882352941176,2.02423706324635,1.80491885252075,0.0756540658810864,0.262571673002751,0.207242681030066,"APOA1/APOC3/APOE/CLU/LDLR/CAV1",6
"GO:0017015","regulation of transforming growth factor beta receptor signaling pathway","6/266","85/7628",0.0705882352941176,2.02423706324635,1.80491885252075,0.0756540658810864,0.262571673002751,0.207242681030066,"SDCBP/SPRY2/THBS1/BAMBI/TGFBR3/VASN",6
"GO:0007507","heart development","15/266","287/7628",0.0522648083623693,1.49878179769982,1.63716977211206,0.0762426937466235,0.26438998637942,0.20867784018042,"ADAMTS1/BMP4/CCN1/FZD7/GJA1/GPC3/MGRN1/MSX2/PRKAR1A/SEMA3C/SLIT2/BMPR1A/NRP2/ROBO1/TGFBR3",15
"GO:0006874","intracellular calcium ion homeostasis","7/266","106/7628",0.0660377358490566,1.89374379344588,1.76124223716573,0.0764796565884444,0.264986766042235,0.209148866684885,"APOE/APP/BNIP3/HERPUD1/CAV1/RGN/STC2",7
"GO:0032446","protein modification by small protein conjugation","23/266","483/7628",0.0476190476190476,1.3655567490154,1.5777821562691,0.0780251634993337,0.269540252543923,0.212742844435235,"EGR1/HERPUD1/MGRN1/NDFIP1/NDFIP2/RCHY1/RNF141/RNF149/RNF7/SPRY2/TRIB3/TRIM23/ARRDC3/CAV1/GABARAP/PTTG1IP/RBX1/RNF126/RNF130/RNF34/SQSTM1/TRIM41/UBR7",23
"GO:0010506","regulation of autophagy","13/266","241/7628",0.0539419087136929,1.54687548747387,1.63976916026745,0.0782200354420204,0.269540252543923,0.212742844435235,"ATP6V1D/BNIP3/CALCOCO2/HMOX1/MAPK8/MFSD8/PLEKHF1/TMEM59/TRIB3/TRIM23/UVRAG/OPTN/SQSTM1",13
"GO:0002697","regulation of immune effector process","8/266","128/7628",0.0625,1.79229323308271,1.71822520201999,0.0782556039572194,0.269540252543923,0.212742844435235,"APOA1/C4BPA/CD84/HLA-A/HPX/IL13RA1/NDFIP1/TFRC",8
"GO:0051056","regulation of small GTPase mediated signal transduction","9/266","150/7628",0.06,1.7206015037594,1.69421236925222,0.0785137461317878,0.269540252543923,0.212742844435235,"APOA1/APOC3/APOE/SLIT2/SPRY2/CDON/GABARAP/ROBO1/SQSTM1",9
"GO:0030522","intracellular receptor signaling pathway","11/266","195/7628",0.0564102564102564,1.61765953344901,1.66074966415567,0.0785827088624982,0.269540252543923,0.212742844435235,"CLOCK/MAPK8/NCOA4/PTPRS/TAX1BP1/CALCOCO1/CAV1/RIOK3/RNF34/SLC19A1/WBP2",11
"GO:0001881","receptor recycling","3/266","29/7628",0.103448275862069,2.96655431682655,2.01672419161631,0.0787176306694983,0.269540252543923,0.212742844435235,"LDLR/RAB29/OPTN",3
"GO:0002752","cell surface pattern recognition receptor signaling pathway","3/266","29/7628",0.103448275862069,2.96655431682655,2.01672419161631,0.0787176306694983,0.269540252543923,0.212742844435235,"IFI35/TAX1BP1/SQSTM1",3
"GO:0008306","associative learning","3/266","29/7628",0.103448275862069,2.96655431682655,2.01672419161631,0.0787176306694983,0.269540252543923,0.212742844435235,"APP/MEIS2/TPBG",3
"GO:0022600","digestive system process","3/266","29/7628",0.103448275862069,2.96655431682655,2.01672419161631,0.0787176306694983,0.269540252543923,0.212742844435235,"APOA1/LDLR/UGCG",3
"GO:0042130","negative regulation of T cell proliferation","3/266","29/7628",0.103448275862069,2.96655431682655,2.01672419161631,0.0787176306694983,0.269540252543923,0.212742844435235,"BMP4/NDFIP1/PRKAR1A",3
"GO:0044743","protein transmembrane import into intracellular organelle","3/266","29/7628",0.103448275862069,2.96655431682655,2.01672419161631,0.0787176306694983,0.269540252543923,0.212742844435235,"DNLZ/TIMM23/TOMM40L",3
"GO:0048753","pigment granule organization","3/266","29/7628",0.103448275862069,2.96655431682655,2.01672419161631,0.0787176306694983,0.269540252543923,0.212742844435235,"ABCB6/APOE/RAB29",3
"GO:0140895","cell surface toll-like receptor signaling pathway","3/266","29/7628",0.103448275862069,2.96655431682655,2.01672419161631,0.0787176306694983,0.269540252543923,0.212742844435235,"IFI35/TAX1BP1/SQSTM1",3
"GO:2000117","negative regulation of cysteine-type endopeptidase activity","3/266","29/7628",0.103448275862069,2.96655431682655,2.01672419161631,0.0787176306694983,0.269540252543923,0.212742844435235,"PTGS2/THBS1/RNF34",3
"GO:0009266","response to temperature stimulus","6/266","86/7628",0.0697674418604651,2.00069942297604,1.77390107090751,0.0790790478651339,0.270098587398889,0.213183527205514,"HMOX1/HSPA6/PTGS2/THBS1/EEF1D/RNF34",6
"GO:1903844","regulation of cellular response to transforming growth factor beta stimulus","6/266","86/7628",0.0697674418604651,2.00069942297604,1.77390107090751,0.0790790478651339,0.270098587398889,0.213183527205514,"SDCBP/SPRY2/THBS1/BAMBI/TGFBR3/VASN",6
"GO:2000116","regulation of cysteine-type endopeptidase activity","6/266","86/7628",0.0697674418604651,2.00069942297604,1.77390107090751,0.0790790478651339,0.270098587398889,0.213183527205514,"EPHA7/PTGS2/THBS1/PDCD2/RNF34/ROBO1",6
"GO:0016239","positive regulation of macroautophagy","5/266","66/7628",0.0757575757575758,2.17247664616086,1.8183505709019,0.0795143565730129,0.271358518463457,0.214177966128601,"BNIP3/CALCOCO2/HMOX1/UVRAG/OPTN",5
"GO:0034101","erythrocyte homeostasis","6/266","87/7628",0.0689655172413793,1.97770287788437,1.74329881283498,0.0825900886171261,0.28111628316993,0.221879578779745,"BMP4/HMOX1/ZNF16/ACVR1B/ACVR2A/TGFBR3",6
"GO:0036294","cellular response to decreased oxygen levels","6/266","87/7628",0.0689655172413793,1.97770287788437,1.74329881283498,0.0825900886171261,0.28111628316993,0.221879578779745,"BNIP3/DDR2/EPHA4/PTGS2/STC2/VASN",6
"GO:0070663","regulation of leukocyte proliferation","6/266","87/7628",0.0689655172413793,1.97770287788437,1.74329881283498,0.0825900886171261,0.28111628316993,0.221879578779745,"BMP4/HLA-A/NDFIP1/PRKAR1A/CD320/TFRC",6
"GO:0090596","sensory organ morphogenesis","7/266","108/7628",0.0648148148148148,1.85867446393762,1.70824945185745,0.0826488754191152,0.28111628316993,0.221879578779745,"BMP4/FAT1/LRIG1/LRIG3/NTN1/SPRY2/CDON",7
"GO:0002686","negative regulation of leukocyte migration","2/266","14/7628",0.142857142857143,4.09667024704619,2.20430825957403,0.0836920979582589,0.281170532677647,0.221922396854121,"HMOX1/SLIT2",2
"GO:0019229","regulation of vasoconstriction","2/266","14/7628",0.142857142857143,4.09667024704619,2.20430825957403,0.0836920979582589,0.281170532677647,0.221922396854121,"PTGS2/CAV1",2
"GO:0021952","central nervous system projection neuron axonogenesis","2/266","14/7628",0.142857142857143,4.09667024704619,2.20430825957403,0.0836920979582589,0.281170532677647,0.221922396854121,"EPHA4/SLIT2",2
"GO:0030890","positive regulation of B cell proliferation","2/266","14/7628",0.142857142857143,4.09667024704619,2.20430825957403,0.0836920979582589,0.281170532677647,0.221922396854121,"CD320/TFRC",2
"GO:0046850","regulation of bone remodeling","2/266","14/7628",0.142857142857143,4.09667024704619,2.20430825957403,0.0836920979582589,0.281170532677647,0.221922396854121,"GJA1/TFRC",2
"GO:0048710","regulation of astrocyte differentiation","2/266","14/7628",0.142857142857143,4.09667024704619,2.20430825957403,0.0836920979582589,0.281170532677647,0.221922396854121,"EPHA4/LDLR",2
"GO:0060037","pharyngeal system development","2/266","14/7628",0.142857142857143,4.09667024704619,2.20430825957403,0.0836920979582589,0.281170532677647,0.221922396854121,"BMP4/BMPR1A",2
"GO:0060045","positive regulation of cardiac muscle cell proliferation","2/266","14/7628",0.142857142857143,4.09667024704619,2.20430825957403,0.0836920979582589,0.281170532677647,0.221922396854121,"BMPR1A/TGFBR3",2
"GO:0060306","regulation of membrane repolarization","2/266","14/7628",0.142857142857143,4.09667024704619,2.20430825957403,0.0836920979582589,0.281170532677647,0.221922396854121,"GJA1/CAV1",2
"GO:0061734","type 2 mitophagy","2/266","14/7628",0.142857142857143,4.09667024704619,2.20430825957403,0.0836920979582589,0.281170532677647,0.221922396854121,"TIMM23/OPTN",2
"GO:0071359","cellular response to dsRNA","2/266","14/7628",0.142857142857143,4.09667024704619,2.20430825957403,0.0836920979582589,0.281170532677647,0.221922396854121,"CAV1/RIOK3",2
"GO:1900744","regulation of p38MAPK cascade","2/266","14/7628",0.142857142857143,4.09667024704619,2.20430825957403,0.0836920979582589,0.281170532677647,0.221922396854121,"BMP4/RELL1",2
"GO:1902042","negative regulation of extrinsic apoptotic signaling pathway via death domain receptors","2/266","14/7628",0.142857142857143,4.09667024704619,2.20430825957403,0.0836920979582589,0.281170532677647,0.221922396854121,"HMOX1/RNF34",2
"GO:1903318","negative regulation of protein maturation","2/266","14/7628",0.142857142857143,4.09667024704619,2.20430825957403,0.0836920979582589,0.281170532677647,0.221922396854121,"SERPINF2/THBS1",2
"GO:0051402","neuron apoptotic process","9/266","152/7628",0.0592105263157895,1.69796201028888,1.65210907742779,0.0836972748435785,0.281170532677647,0.221922396854121,"APP/BACE1/BNIP3/CLU/EGR1/EPHA4/EPHA7/MFSD8/UNC5B",9
"GO:0007492","endoderm development","4/266","48/7628",0.0833333333333333,2.38972431077694,1.83583842504898,0.0852107728151228,0.284243102484035,0.224347516049371,"BMP4/VTN/BMPR1A/HMGA2",4
"GO:0042471","ear morphogenesis","4/266","48/7628",0.0833333333333333,2.38972431077694,1.83583842504898,0.0852107728151228,0.284243102484035,0.224347516049371,"LRIG1/LRIG3/NTN1/SPRY2",4
"GO:0002066","columnar/cuboidal epithelial cell development","3/266","30/7628",0.1,2.86766917293233,1.94818734637227,0.0853077218226258,0.284243102484035,0.224347516049371,"BMP4/CLOCK/GJA1",3
"GO:0002690","positive regulation of leukocyte chemotaxis","3/266","30/7628",0.1,2.86766917293233,1.94818734637227,0.0853077218226258,0.284243102484035,0.224347516049371,"APP/THBS1/ADAM10",3
"GO:0042168","heme metabolic process","3/266","30/7628",0.1,2.86766917293233,1.94818734637227,0.0853077218226258,0.284243102484035,0.224347516049371,"ABCB6/HMOX1/HPX",3
"GO:0060675","ureteric bud morphogenesis","3/266","30/7628",0.1,2.86766917293233,1.94818734637227,0.0853077218226258,0.284243102484035,0.224347516049371,"BMP4/GPC3/TMEM59L",3
"GO:0061035","regulation of cartilage development","3/266","30/7628",0.1,2.86766917293233,1.94818734637227,0.0853077218226258,0.284243102484035,0.224347516049371,"BMP4/CCN1/CCN2",3
"GO:0070613","regulation of protein processing","3/266","30/7628",0.1,2.86766917293233,1.94818734637227,0.0853077218226258,0.284243102484035,0.224347516049371,"SERPINF2/THBS1/PLGRKT",3
"GO:0072078","nephron tubule morphogenesis","3/266","30/7628",0.1,2.86766917293233,1.94818734637227,0.0853077218226258,0.284243102484035,0.224347516049371,"BMP4/GPC3/TMEM59L",3
"GO:0072171","mesonephric tubule morphogenesis","3/266","30/7628",0.1,2.86766917293233,1.94818734637227,0.0853077218226258,0.284243102484035,0.224347516049371,"BMP4/GPC3/TMEM59L",3
"GO:0071396","cellular response to lipid","13/266","245/7628",0.0530612244897959,1.5216203774743,1.57739675115148,0.0863488338289086,0.287477576357858,0.226900422955387,"CLOCK/COL1A1/FZD7/LDLR/LRP6/MAPK8/MSX2/NCOA4/PTGS2/CALCOCO1/MGST1/TRIM41/WBP2",13
"GO:0048738","cardiac muscle tissue development","7/266","110/7628",0.0636363636363636,1.82488038277512,1.65636460793544,0.0890970108643054,0.287503414644131,0.226920816608896,"BMP4/FZD7/GJA1/MSX2/PRKAR1A/BMPR1A/TGFBR3",7
"GO:0002694","regulation of leukocyte activation","12/266","223/7628",0.0538116591928251,1.54314036211605,1.56466642169929,0.0895261327749233,0.287503414644131,0.226920816608896,"BMP4/CD84/HLA-A/LDLR/NDFIP1/PRKAR1A/THBS1/CAV1/CD320/CD83/PLSCR1/TFRC",12
"GO:0008037","cell recognition","4/266","49/7628",0.0816326530612245,2.34095442688354,1.78988813761601,0.0903737293594421,0.287503414644131,0.226920816608896,"APP/C4BPA/EPHA4/ROBO1",4
"GO:0015718","monocarboxylic acid transport","4/266","49/7628",0.0816326530612245,2.34095442688354,1.78988813761601,0.0903737293594421,0.287503414644131,0.226920816608896,"APOE/MPC1/PTGS2/THBS1",4
"GO:0097696","cell surface receptor signaling pathway via STAT","4/266","49/7628",0.0816326530612245,2.34095442688354,1.78988813761601,0.0903737293594421,0.287503414644131,0.226920816608896,"IFNAR1/ADIPOR1/CAV1/IL10RB",4
"GO:0001656","metanephros development","3/266","31/7628",0.0967741935483871,2.77516371574097,1.88242629629096,0.0921241281995184,0.287503414644131,0.226920816608896,"BMP4/EGR1/GPC3",3
"GO:0030199","collagen fibril organization","3/266","31/7628",0.0967741935483871,2.77516371574097,1.88242629629096,0.0921241281995184,0.287503414644131,0.226920816608896,"COL1A1/DDR2/SERPINF2",3
"GO:0031644","regulation of nervous system process","3/266","31/7628",0.0967741935483871,2.77516371574097,1.88242629629096,0.0921241281995184,0.287503414644131,0.226920816608896,"APP/PRKAR1B/LPIN1",3
"GO:0046849","bone remodeling","3/266","31/7628",0.0967741935483871,2.77516371574097,1.88242629629096,0.0921241281995184,0.287503414644131,0.226920816608896,"GJA1/SPP2/TFRC",3
"GO:0051057","positive regulation of small GTPase mediated signal transduction","3/266","31/7628",0.0967741935483871,2.77516371574097,1.88242629629096,0.0921241281995184,0.287503414644131,0.226920816608896,"APOA1/CDON/ROBO1",3
"GO:0072028","nephron morphogenesis","3/266","31/7628",0.0967741935483871,2.77516371574097,1.88242629629096,0.0921241281995184,0.287503414644131,0.226920816608896,"BMP4/GPC3/TMEM59L",3
"GO:0072088","nephron epithelium morphogenesis","3/266","31/7628",0.0967741935483871,2.77516371574097,1.88242629629096,0.0921241281995184,0.287503414644131,0.226920816608896,"BMP4/GPC3/TMEM59L",3
"GO:1905954","positive regulation of lipid localization","3/266","31/7628",0.0967741935483871,2.77516371574097,1.88242629629096,0.0921241281995184,0.287503414644131,0.226920816608896,"APOA1/APOE/CAV1",3
"GO:0007600","sensory perception","8/266","133/7628",0.0601503759398496,1.72491378822997,1.60304659946125,0.0928053961623591,0.287503414644131,0.226920816608896,"BACE1/COL1A1/LRIG1/SPRY2/TIMP3/ZNF513/CHM/REEP6",8
"GO:0008654","phospholipid biosynthetic process","8/266","133/7628",0.0601503759398496,1.72491378822997,1.60304659946125,0.0928053961623591,0.287503414644131,0.226920816608896,"APOA1/HMGCS1/PI4K2A/SERINC1/UVRAG/IDI1/LPIN1/PLSCR1",8
"GO:0032434","regulation of proteasomal ubiquitin-dependent protein catabolic process","6/266","90/7628",0.0666666666666667,1.91177944862155,1.65387534163901,0.0936351362208566,0.287503414644131,0.226920816608896,"CLU/PABIR1/RCHY1/TRIB3/GABARAP/RBX1",6
"GO:0060341","regulation of cellular localization","26/266","570/7628",0.0456140350877193,1.30805962274106,1.45328625146263,0.0943197291092566,0.287503414644131,0.226920816608896,"APOE/APP/B9D1/BMP4/CLOCK/GPC3/MAPK8/NDFIP1/NDFIP2/NEO1/PRKAR1A/PTGS2/RAB29/TMEM59/ADAM10/CAV1/CLSTN3/GABARAP/MDFIC/NETO2/REEP5/REEP6/SQSTM1/STX3/STX6/TFRC",26
"GO:0001702","gastrulation with mouth forming second","2/266","15/7628",0.133333333333333,3.82355889724311,2.08057967121746,0.0944176290382429,0.287503414644131,0.226920816608896,"PLPP3/ACVR2A",2
"GO:0003309","type B pancreatic cell differentiation","2/266","15/7628",0.133333333333333,3.82355889724311,2.08057967121746,0.0944176290382429,0.287503414644131,0.226920816608896,"BMP4/CLOCK",2
"GO:0006940","regulation of smooth muscle contraction","2/266","15/7628",0.133333333333333,3.82355889724311,2.08057967121746,0.0944176290382429,0.287503414644131,0.226920816608896,"PTGS2/CAV1",2
"GO:0008299","isoprenoid biosynthetic process","2/266","15/7628",0.133333333333333,3.82355889724311,2.08057967121746,0.0944176290382429,0.287503414644131,0.226920816608896,"HMGCS1/IDI1",2
"GO:0021772","olfactory bulb development","2/266","15/7628",0.133333333333333,3.82355889724311,2.08057967121746,0.0944176290382429,0.287503414644131,0.226920816608896,"SLIT2/ROBO1",2
"GO:0021988","olfactory lobe development","2/266","15/7628",0.133333333333333,3.82355889724311,2.08057967121746,0.0944176290382429,0.287503414644131,0.226920816608896,"SLIT2/ROBO1",2
"GO:0022602","ovulation cycle process","2/266","15/7628",0.133333333333333,3.82355889724311,2.08057967121746,0.0944176290382429,0.287503414644131,0.226920816608896,"ADAMTS1/SLIT2",2
"GO:0032613","interleukin-10 production","2/266","15/7628",0.133333333333333,3.82355889724311,2.08057967121746,0.0944176290382429,0.287503414644131,0.226920816608896,"THBS1/CD83",2
"GO:0032653","regulation of interleukin-10 production","2/266","15/7628",0.133333333333333,3.82355889724311,2.08057967121746,0.0944176290382429,0.287503414644131,0.226920816608896,"THBS1/CD83",2
"GO:0032729","positive regulation of type II interferon production","2/266","15/7628",0.133333333333333,3.82355889724311,2.08057967121746,0.0944176290382429,0.287503414644131,0.226920816608896,"APP/HLA-A",2
"GO:0043537","negative regulation of blood vessel endothelial cell migration","2/266","15/7628",0.133333333333333,3.82355889724311,2.08057967121746,0.0944176290382429,0.287503414644131,0.226920816608896,"APOE/THBS1",2
"GO:0045922","negative regulation of fatty acid metabolic process","2/266","15/7628",0.133333333333333,3.82355889724311,2.08057967121746,0.0944176290382429,0.287503414644131,0.226920816608896,"APOC3/TRIB3",2
"GO:0046633","alpha-beta T cell proliferation","2/266","15/7628",0.133333333333333,3.82355889724311,2.08057967121746,0.0944176290382429,0.287503414644131,0.226920816608896,"HLA-A/NDFIP1",2
"GO:0046640","regulation of alpha-beta T cell proliferation","2/266","15/7628",0.133333333333333,3.82355889724311,2.08057967121746,0.0944176290382429,0.287503414644131,0.226920816608896,"HLA-A/NDFIP1",2
"GO:0051131","chaperone-mediated protein complex assembly","2/266","15/7628",0.133333333333333,3.82355889724311,2.08057967121746,0.0944176290382429,0.287503414644131,0.226920816608896,"CLU/DNLZ",2
"GO:0055023","positive regulation of cardiac muscle tissue growth","2/266","15/7628",0.133333333333333,3.82355889724311,2.08057967121746,0.0944176290382429,0.287503414644131,0.226920816608896,"BMPR1A/TGFBR3",2
"GO:0061036","positive regulation of cartilage development","2/266","15/7628",0.133333333333333,3.82355889724311,2.08057967121746,0.0944176290382429,0.287503414644131,0.226920816608896,"BMP4/CCN1",2
"GO:0071622","regulation of granulocyte chemotaxis","2/266","15/7628",0.133333333333333,3.82355889724311,2.08057967121746,0.0944176290382429,0.287503414644131,0.226920816608896,"SLIT2/THBS1",2
"GO:0097062","dendritic spine maintenance","2/266","15/7628",0.133333333333333,3.82355889724311,2.08057967121746,0.0944176290382429,0.287503414644131,0.226920816608896,"APOE/APP",2
"GO:0140448","signaling receptor ligand precursor processing","2/266","15/7628",0.133333333333333,3.82355889724311,2.08057967121746,0.0944176290382429,0.287503414644131,0.226920816608896,"BACE1/ADAM10",2
"GO:1904294","positive regulation of ERAD pathway","2/266","15/7628",0.133333333333333,3.82355889724311,2.08057967121746,0.0944176290382429,0.287503414644131,0.226920816608896,"HERPUD1/CAV1",2
"GO:1904861","excitatory synapse assembly","2/266","15/7628",0.133333333333333,3.82355889724311,2.08057967121746,0.0944176290382429,0.287503414644131,0.226920816608896,"PTPRS/CLSTN3",2
"GO:1904894","positive regulation of receptor signaling pathway via STAT","2/266","15/7628",0.133333333333333,3.82355889724311,2.08057967121746,0.0944176290382429,0.287503414644131,0.226920816608896,"ADIPOR1/IL10RB",2
"GO:1905146","lysosomal protein catabolic process","2/266","15/7628",0.133333333333333,3.82355889724311,2.08057967121746,0.0944176290382429,0.287503414644131,0.226920816608896,"LDLR/MFSD8",2
"GO:1905207","regulation of cardiocyte differentiation","2/266","15/7628",0.133333333333333,3.82355889724311,2.08057967121746,0.0944176290382429,0.287503414644131,0.226920816608896,"BMP4/FZD7",2
"GO:1990868","response to chemokine","2/266","15/7628",0.133333333333333,3.82355889724311,2.08057967121746,0.0944176290382429,0.287503414644131,0.226920816608896,"SLIT2/ROBO1",2
"GO:1990869","cellular response to chemokine","2/266","15/7628",0.133333333333333,3.82355889724311,2.08057967121746,0.0944176290382429,0.287503414644131,0.226920816608896,"SLIT2/ROBO1",2
"GO:0030900","forebrain development","11/266","202/7628",0.0544554455445545,1.56160202486414,1.53761165482455,0.0950078066018379,0.287503414644131,0.226920816608896,"APLP1/APP/BMP4/BNIP3/PTPRS/SLIT2/BMPR1A/CDON/NRP2/ROBO1/SLC38A2",11
"GO:0006022","aminoglycan metabolic process","4/266","50/7628",0.08,2.29413533834586,1.7450472195057,0.0956832812066641,0.287503414644131,0.226920816608896,"B4GALT5/CHSY1/ITIH2/ITIH4",4
"GO:0055074","calcium ion homeostasis","7/266","112/7628",0.0625,1.79229323308271,1.60554084032484,0.0958221535935977,0.287503414644131,0.226920816608896,"APOE/APP/BNIP3/HERPUD1/CAV1/RGN/STC2",7
"GO:0002065","columnar/cuboidal epithelial cell differentiation","5/266","70/7628",0.0714285714285714,2.04833512352309,1.67480981694705,0.0965521345929556,0.287503414644131,0.226920816608896,"B9D1/BMP4/CLOCK/GJA1/CAV1",5
"GO:0051099","positive regulation of binding","5/266","70/7628",0.0714285714285714,2.04833512352309,1.67480981694705,0.0965521345929556,0.287503414644131,0.226920816608896,"BMP4/EPHA4/TRIB3/VTN/BAMBI",5
"GO:0016050","vesicle organization","13/266","250/7628",0.052,1.49118796992481,1.50095677491512,0.0972338843355588,0.287503414644131,0.226920816608896,"ABCB6/APOE/ATP6V1D/PI4K2A/PLEKHF1/RAB29/SDCBP/UVRAG/CAV1/SQSTM1/STX3/STX6/TRAPPC5",13
"GO:0060326","cell chemotaxis","6/266","91/7628",0.0659340659340659,1.89077088325209,1.62482740793705,0.0974856277516997,0.287503414644131,0.226920816608896,"APP/FLT1/SLIT2/THBS1/ADAM10/TPBG",6
"GO:0022409","positive regulation of cell-cell adhesion","8/266","135/7628",0.0592592592592593,1.69935950988583,1.55832948393808,0.0990334903640687,0.287503414644131,0.226920816608896,"GCNT1/HLA-A/PLPP3/SERPINF2/CAV1/CD83/PTPRU/TFRC",8
"GO:0006778","porphyrin-containing compound metabolic process","3/266","32/7628",0.09375,2.68843984962406,1.81923117512456,0.0991583806286175,0.287503414644131,0.226920816608896,"ABCB6/HMOX1/HPX",3
"GO:0007586","digestion","3/266","32/7628",0.09375,2.68843984962406,1.81923117512456,0.0991583806286175,0.287503414644131,0.226920816608896,"APOA1/LDLR/UGCG",3
"GO:0032945","negative regulation of mononuclear cell proliferation","3/266","32/7628",0.09375,2.68843984962406,1.81923117512456,0.0991583806286175,0.287503414644131,0.226920816608896,"BMP4/NDFIP1/PRKAR1A",3
"GO:0045833","negative regulation of lipid metabolic process","3/266","32/7628",0.09375,2.68843984962406,1.81923117512456,0.0991583806286175,0.287503414644131,0.226920816608896,"APOC3/APOE/TRIB3",3
"GO:0048645","animal organ formation","3/266","32/7628",0.09375,2.68843984962406,1.81923117512456,0.0991583806286175,0.287503414644131,0.226920816608896,"BMP4/BMPR1A/ROBO1",3
"GO:0050672","negative regulation of lymphocyte proliferation","3/266","32/7628",0.09375,2.68843984962406,1.81923117512456,0.0991583806286175,0.287503414644131,0.226920816608896,"BMP4/NDFIP1/PRKAR1A",3
"GO:0061333","renal tubule morphogenesis","3/266","32/7628",0.09375,2.68843984962406,1.81923117512456,0.0991583806286175,0.287503414644131,0.226920816608896,"BMP4/GPC3/TMEM59L",3
"GO:0140962","multicellular organismal-level chemical homeostasis","3/266","32/7628",0.09375,2.68843984962406,1.81923117512456,0.0991583806286175,0.287503414644131,0.226920816608896,"HMOX1/NEO1/TFRC",3
"GO:1901890","positive regulation of cell junction assembly","3/266","32/7628",0.09375,2.68843984962406,1.81923117512456,0.0991583806286175,0.287503414644131,0.226920816608896,"CAV1/CLSTN3/TPBG",3
"GO:0045765","regulation of angiogenesis","7/266","113/7628",0.0619469026548673,1.77643223102003,1.58051299012693,0.0992877998907332,0.287503414644131,0.226920816608896,"ADAMTS1/APOH/FLT1/HMOX1/SPRY2/THBS1/HMGA2",7
"GO:0001542","ovulation from ovarian follicle","1/266","3/7628",0.333333333333333,9.55889724310777,2.81824211531482,0.101021689975122,0.287503414644131,0.226920816608896,"ADAMTS1",1
"GO:0001878","response to yeast","1/266","3/7628",0.333333333333333,9.55889724310777,2.81824211531482,0.101021689975122,0.287503414644131,0.226920816608896,"APP",1
"GO:0002689","negative regulation of leukocyte chemotaxis","1/266","3/7628",0.333333333333333,9.55889724310777,2.81824211531482,0.101021689975122,0.287503414644131,0.226920816608896,"SLIT2",1
"GO:0003071","renal system process involved in regulation of systemic arterial blood pressure","1/266","3/7628",0.333333333333333,9.55889724310777,2.81824211531482,0.101021689975122,0.287503414644131,0.226920816608896,"SERPINF2",1
"GO:0003149","membranous septum morphogenesis","1/266","3/7628",0.333333333333333,9.55889724310777,2.81824211531482,0.101021689975122,0.287503414644131,0.226920816608896,"BMP4",1
"GO:0003175","tricuspid valve development","1/266","3/7628",0.333333333333333,9.55889724310777,2.81824211531482,0.101021689975122,0.287503414644131,0.226920816608896,"BMPR1A",1
"GO:0003186","tricuspid valve morphogenesis","1/266","3/7628",0.333333333333333,9.55889724310777,2.81824211531482,0.101021689975122,0.287503414644131,0.226920816608896,"BMPR1A",1
"GO:0003278","apoptotic process involved in heart morphogenesis","1/266","3/7628",0.333333333333333,9.55889724310777,2.81824211531482,0.101021689975122,0.287503414644131,0.226920816608896,"CCN1",1
"GO:0003292","cardiac septum cell differentiation","1/266","3/7628",0.333333333333333,9.55889724310777,2.81824211531482,0.101021689975122,0.287503414644131,0.226920816608896,"BMPR1A",1
"GO:0006659","phosphatidylserine biosynthetic process","1/266","3/7628",0.333333333333333,9.55889724310777,2.81824211531482,0.101021689975122,0.287503414644131,0.226920816608896,"PLSCR1",1
"GO:0006707","cholesterol catabolic process","1/266","3/7628",0.333333333333333,9.55889724310777,2.81824211531482,0.101021689975122,0.287503414644131,0.226920816608896,"APOE",1
"GO:0006848","pyruvate transport","1/266","3/7628",0.333333333333333,9.55889724310777,2.81824211531482,0.101021689975122,0.287503414644131,0.226920816608896,"MPC1",1
"GO:0010748","negative regulation of long-chain fatty acid import across plasma membrane","1/266","3/7628",0.333333333333333,9.55889724310777,2.81824211531482,0.101021689975122,0.287503414644131,0.226920816608896,"THBS1",1
"GO:0014834","skeletal muscle satellite cell maintenance involved in skeletal muscle regeneration","1/266","3/7628",0.333333333333333,9.55889724310777,2.81824211531482,0.101021689975122,0.287503414644131,0.226920816608896,"FZD7",1
"GO:0015677","copper ion import","1/266","3/7628",0.333333333333333,9.55889724310777,2.81824211531482,0.101021689975122,0.287503414644131,0.226920816608896,"SLC31A1",1
"GO:0015816","glycine transport","1/266","3/7628",0.333333333333333,9.55889724310777,2.81824211531482,0.101021689975122,0.287503414644131,0.226920816608896,"SLC7A8",1
"GO:0015829","valine transport","1/266","3/7628",0.333333333333333,9.55889724310777,2.81824211531482,0.101021689975122,0.287503414644131,0.226920816608896,"SLC7A8",1
"GO:0015838","amino-acid betaine transport","1/266","3/7628",0.333333333333333,9.55889724310777,2.81824211531482,0.101021689975122,0.287503414644131,0.226920816608896,"SLC38A2",1
"GO:0015889","cobalamin transport","1/266","3/7628",0.333333333333333,9.55889724310777,2.81824211531482,0.101021689975122,0.287503414644131,0.226920816608896,"CD320",1
"GO:0016127","sterol catabolic process","1/266","3/7628",0.333333333333333,9.55889724310777,2.81824211531482,0.101021689975122,0.287503414644131,0.226920816608896,"APOE",1
"GO:0018197","peptidyl-aspartic acid modification","1/266","3/7628",0.333333333333333,9.55889724310777,2.81824211531482,0.101021689975122,0.287503414644131,0.226920816608896,"NAA80",1
"GO:0018199","peptidyl-glutamine modification","1/266","3/7628",0.333333333333333,9.55889724310777,2.81824211531482,0.101021689975122,0.287503414644131,0.226920816608896,"QPCT",1
"GO:0019853","L-ascorbic acid biosynthetic process","1/266","3/7628",0.333333333333333,9.55889724310777,2.81824211531482,0.101021689975122,0.287503414644131,0.226920816608896,"RGN",1
"GO:0021604","cranial nerve structural organization","1/266","3/7628",0.333333333333333,9.55889724310777,2.81824211531482,0.101021689975122,0.287503414644131,0.226920816608896,"NRP2",1
"GO:0021612","facial nerve structural organization","1/266","3/7628",0.333333333333333,9.55889724310777,2.81824211531482,0.101021689975122,0.287503414644131,0.226920816608896,"NRP2",1
"GO:0021636","trigeminal nerve morphogenesis","1/266","3/7628",0.333333333333333,9.55889724310777,2.81824211531482,0.101021689975122,0.287503414644131,0.226920816608896,"NRP2",1
"GO:0021637","trigeminal nerve structural organization","1/266","3/7628",0.333333333333333,9.55889724310777,2.81824211531482,0.101021689975122,0.287503414644131,0.226920816608896,"NRP2",1
"GO:0023041","neuronal signal transduction","1/266","3/7628",0.333333333333333,9.55889724310777,2.81824211531482,0.101021689975122,0.287503414644131,0.226920816608896,"CLU",1
"GO:0030728","ovulation","1/266","3/7628",0.333333333333333,9.55889724310777,2.81824211531482,0.101021689975122,0.287503414644131,0.226920816608896,"ADAMTS1",1
"GO:0032604","granulocyte macrophage colony-stimulating factor production","1/266","3/7628",0.333333333333333,9.55889724310777,2.81824211531482,0.101021689975122,0.287503414644131,0.226920816608896,"CD84",1
"GO:0032645","regulation of granulocyte macrophage colony-stimulating factor production","1/266","3/7628",0.333333333333333,9.55889724310777,2.81824211531482,0.101021689975122,0.287503414644131,0.226920816608896,"CD84",1
"GO:0032799","low-density lipoprotein receptor particle metabolic process","1/266","3/7628",0.333333333333333,9.55889724310777,2.81824211531482,0.101021689975122,0.287503414644131,0.226920816608896,"APOE",1
"GO:0032802","low-density lipoprotein particle receptor catabolic process","1/266","3/7628",0.333333333333333,9.55889724310777,2.81824211531482,0.101021689975122,0.287503414644131,0.226920816608896,"APOE",1
"GO:0032803","regulation of low-density lipoprotein particle receptor catabolic process","1/266","3/7628",0.333333333333333,9.55889724310777,2.81824211531482,0.101021689975122,0.287503414644131,0.226920816608896,"APOE",1
"GO:0032914","positive regulation of transforming growth factor beta1 production","1/266","3/7628",0.333333333333333,9.55889724310777,2.81824211531482,0.101021689975122,0.287503414644131,0.226920816608896,"THBS1",1
"GO:0033484","intracellular nitric oxide homeostasis","1/266","3/7628",0.333333333333333,9.55889724310777,2.81824211531482,0.101021689975122,0.287503414644131,0.226920816608896,"CAV1",1
"GO:0034164","negative regulation of toll-like receptor 9 signaling pathway","1/266","3/7628",0.333333333333333,9.55889724310777,2.81824211531482,0.101021689975122,0.287503414644131,0.226920816608896,"PTPRS",1
"GO:0035290","trunk segmentation","1/266","3/7628",0.333333333333333,9.55889724310777,2.81824211531482,0.101021689975122,0.287503414644131,0.226920816608896,"NRP2",1
"GO:0036015","response to interleukin-3","1/266","3/7628",0.333333333333333,9.55889724310777,2.81824211531482,0.101021689975122,0.287503414644131,0.226920816608896,"MT2A",1
"GO:0036016","cellular response to interleukin-3","1/266","3/7628",0.333333333333333,9.55889724310777,2.81824211531482,0.101021689975122,0.287503414644131,0.226920816608896,"MT2A",1
"GO:0036305","ameloblast differentiation","1/266","3/7628",0.333333333333333,9.55889724310777,2.81824211531482,0.101021689975122,0.287503414644131,0.226920816608896,"BMP4",1
"GO:0036315","cellular response to sterol","1/266","3/7628",0.333333333333333,9.55889724310777,2.81824211531482,0.101021689975122,0.287503414644131,0.226920816608896,"LRP6",1
"GO:0036483","neuron intrinsic apoptotic signaling pathway in response to endoplasmic reticulum stress","1/266","3/7628",0.333333333333333,9.55889724310777,2.81824211531482,0.101021689975122,0.287503414644131,0.226920816608896,"APP",1
"GO:0036484","trunk neural crest cell migration","1/266","3/7628",0.333333333333333,9.55889724310777,2.81824211531482,0.101021689975122,0.287503414644131,0.226920816608896,"NRP2",1
"GO:0039534","negative regulation of MDA-5 signaling pathway","1/266","3/7628",0.333333333333333,9.55889724310777,2.81824211531482,0.101021689975122,0.287503414644131,0.226920816608896,"RIOK3",1
"GO:0042448","progesterone metabolic process","1/266","3/7628",0.333333333333333,9.55889724310777,2.81824211531482,0.101021689975122,0.287503414644131,0.226920816608896,"EGR1",1
"GO:0042481","regulation of odontogenesis","1/266","3/7628",0.333333333333333,9.55889724310777,2.81824211531482,0.101021689975122,0.287503414644131,0.226920816608896,"BMP4",1
"GO:0042661","regulation of mesodermal cell fate specification","1/266","3/7628",0.333333333333333,9.55889724310777,2.81824211531482,0.101021689975122,0.287503414644131,0.226920816608896,"BMPR1A",1
"GO:0043031","negative regulation of macrophage activation","1/266","3/7628",0.333333333333333,9.55889724310777,2.81824211531482,0.101021689975122,0.287503414644131,0.226920816608896,"LDLR",1
"GO:0043305","negative regulation of mast cell degranulation","1/266","3/7628",0.333333333333333,9.55889724310777,2.81824211531482,0.101021689975122,0.287503414644131,0.226920816608896,"CD84",1
"GO:0043949","regulation of cAMP-mediated signaling","1/266","3/7628",0.333333333333333,9.55889724310777,2.81824211531482,0.101021689975122,0.287503414644131,0.226920816608896,"MGRN1",1
"GO:0044848","biological phase","1/266","3/7628",0.333333333333333,9.55889724310777,2.81824211531482,0.101021689975122,0.287503414644131,0.226920816608896,"MSX2",1
"GO:0044851","hair cycle phase","1/266","3/7628",0.333333333333333,9.55889724310777,2.81824211531482,0.101021689975122,0.287503414644131,0.226920816608896,"MSX2",1
"GO:0045337","farnesyl diphosphate biosynthetic process","1/266","3/7628",0.333333333333333,9.55889724310777,2.81824211531482,0.101021689975122,0.287503414644131,0.226920816608896,"HMGCS1",1
"GO:0045617","negative regulation of keratinocyte differentiation","1/266","3/7628",0.333333333333333,9.55889724310777,2.81824211531482,0.101021689975122,0.287503414644131,0.226920816608896,"MSX2",1
"GO:0045986","negative regulation of smooth muscle contraction","1/266","3/7628",0.333333333333333,9.55889724310777,2.81824211531482,0.101021689975122,0.287503414644131,0.226920816608896,"PTGS2",1
"GO:0046131","pyrimidine ribonucleoside metabolic process","1/266","3/7628",0.333333333333333,9.55889724310777,2.81824211531482,0.101021689975122,0.287503414644131,0.226920816608896,"DCTD",1
"GO:0046133","pyrimidine ribonucleoside catabolic process","1/266","3/7628",0.333333333333333,9.55889724310777,2.81824211531482,0.101021689975122,0.287503414644131,0.226920816608896,"DCTD",1
"GO:0046135","pyrimidine nucleoside catabolic process","1/266","3/7628",0.333333333333333,9.55889724310777,2.81824211531482,0.101021689975122,0.287503414644131,0.226920816608896,"DCTD",1
"GO:0046886","positive regulation of hormone biosynthetic process","1/266","3/7628",0.333333333333333,9.55889724310777,2.81824211531482,0.101021689975122,0.287503414644131,0.226920816608896,"EGR1",1
"GO:0048669","collateral sprouting in absence of injury","1/266","3/7628",0.333333333333333,9.55889724310777,2.81824211531482,0.101021689975122,0.287503414644131,0.226920816608896,"APP",1
"GO:0048819","regulation of hair follicle maturation","1/266","3/7628",0.333333333333333,9.55889724310777,2.81824211531482,0.101021689975122,0.287503414644131,0.226920816608896,"MSX2",1
"GO:0050434","positive regulation of viral transcription","1/266","3/7628",0.333333333333333,9.55889724310777,2.81824211531482,0.101021689975122,0.287503414644131,0.226920816608896,"MDFIC",1
"GO:0050908","detection of light stimulus involved in visual perception","1/266","3/7628",0.333333333333333,9.55889724310777,2.81824211531482,0.101021689975122,0.287503414644131,0.226920816608896,"REEP6",1
"GO:0050962","detection of light stimulus involved in sensory perception","1/266","3/7628",0.333333333333333,9.55889724310777,2.81824211531482,0.101021689975122,0.287503414644131,0.226920816608896,"REEP6",1
"GO:0051563","smooth endoplasmic reticulum calcium ion homeostasis","1/266","3/7628",0.333333333333333,9.55889724310777,2.81824211531482,0.101021689975122,0.287503414644131,0.226920816608896,"APP",1
"GO:0060318","definitive erythrocyte differentiation","1/266","3/7628",0.333333333333333,9.55889724310777,2.81824211531482,0.101021689975122,0.287503414644131,0.226920816608896,"TGFBR3",1
"GO:0060364","frontal suture morphogenesis","1/266","3/7628",0.333333333333333,9.55889724310777,2.81824211531482,0.101021689975122,0.287503414644131,0.226920816608896,"MSX2",1
"GO:0060601","lateral sprouting from an epithelium","1/266","3/7628",0.333333333333333,9.55889724310777,2.81824211531482,0.101021689975122,0.287503414644131,0.226920816608896,"BMP4",1
"GO:0060666","dichotomous subdivision of terminal units involved in salivary gland branching","1/266","3/7628",0.333333333333333,9.55889724310777,2.81824211531482,0.101021689975122,0.287503414644131,0.226920816608896,"SEMA3C",1
"GO:0060922","atrioventricular node cell differentiation","1/266","3/7628",0.333333333333333,9.55889724310777,2.81824211531482,0.101021689975122,0.287503414644131,0.226920816608896,"BMPR1A",1
"GO:0060928","atrioventricular node cell development","1/266","3/7628",0.333333333333333,9.55889724310777,2.81824211531482,0.101021689975122,0.287503414644131,0.226920816608896,"BMPR1A",1
"GO:0061046","regulation of branching involved in lung morphogenesis","1/266","3/7628",0.333333333333333,9.55889724310777,2.81824211531482,0.101021689975122,0.287503414644131,0.226920816608896,"BMP4",1
"GO:0061209","cell proliferation involved in mesonephros development","1/266","3/7628",0.333333333333333,9.55889724310777,2.81824211531482,0.101021689975122,0.287503414644131,0.226920816608896,"GPC3",1
"GO:0061311","cell surface receptor signaling pathway involved in heart development","1/266","3/7628",0.333333333333333,9.55889724310777,2.81824211531482,0.101021689975122,0.287503414644131,0.226920816608896,"MSX2",1
"GO:0061643","chemorepulsion of axon","1/266","3/7628",0.333333333333333,9.55889724310777,2.81824211531482,0.101021689975122,0.287503414644131,0.226920816608896,"NTN1",1
"GO:0061740","protein targeting to lysosome involved in chaperone-mediated autophagy","1/266","3/7628",0.333333333333333,9.55889724310777,2.81824211531482,0.101021689975122,0.287503414644131,0.226920816608896,"CLU",1
"GO:0061975","articular cartilage development","1/266","3/7628",0.333333333333333,9.55889724310777,2.81824211531482,0.101021689975122,0.287503414644131,0.226920816608896,"OGN",1
"GO:0070987","error-free translesion synthesis","1/266","3/7628",0.333333333333333,9.55889724310777,2.81824211531482,0.101021689975122,0.287503414644131,0.226920816608896,"RCHY1",1
"GO:0071284","cellular response to lead ion","1/266","3/7628",0.333333333333333,9.55889724310777,2.81824211531482,0.101021689975122,0.287503414644131,0.226920816608896,"PTGS2",1
"GO:0071397","cellular response to cholesterol","1/266","3/7628",0.333333333333333,9.55889724310777,2.81824211531482,0.101021689975122,0.287503414644131,0.226920816608896,"LRP6",1
"GO:0071629","cytoplasm protein quality control by the ubiquitin-proteasome system","1/266","3/7628",0.333333333333333,9.55889724310777,2.81824211531482,0.101021689975122,0.287503414644131,0.226920816608896,"RNF126",1
"GO:0071671","regulation of smooth muscle cell chemotaxis","1/266","3/7628",0.333333333333333,9.55889724310777,2.81824211531482,0.101021689975122,0.287503414644131,0.226920816608896,"SLIT2",1
"GO:0071878","negative regulation of adenylate cyclase-activating adrenergic receptor signaling pathway","1/266","3/7628",0.333333333333333,9.55889724310777,2.81824211531482,0.101021689975122,0.287503414644131,0.226920816608896,"ARRDC3",1
"GO:0072103","glomerulus vasculature morphogenesis","1/266","3/7628",0.333333333333333,9.55889724310777,2.81824211531482,0.101021689975122,0.287503414644131,0.226920816608896,"BMP4",1
"GO:0072104","glomerular capillary formation","1/266","3/7628",0.333333333333333,9.55889724310777,2.81824211531482,0.101021689975122,0.287503414644131,0.226920816608896,"BMP4",1
"GO:0072126","positive regulation of glomerular mesangial cell proliferation","1/266","3/7628",0.333333333333333,9.55889724310777,2.81824211531482,0.101021689975122,0.287503414644131,0.226920816608896,"EGR1",1
"GO:0072224","metanephric glomerulus development","1/266","3/7628",0.333333333333333,9.55889724310777,2.81824211531482,0.101021689975122,0.287503414644131,0.226920816608896,"EGR1",1
"GO:0072592","oxygen metabolic process","1/266","3/7628",0.333333333333333,9.55889724310777,2.81824211531482,0.101021689975122,0.287503414644131,0.226920816608896,"RNF34",1
"GO:0090118","receptor-mediated endocytosis involved in cholesterol transport","1/266","3/7628",0.333333333333333,9.55889724310777,2.81824211531482,0.101021689975122,0.287503414644131,0.226920816608896,"LDLR",1
"GO:0090271","positive regulation of fibroblast growth factor production","1/266","3/7628",0.333333333333333,9.55889724310777,2.81824211531482,0.101021689975122,0.287503414644131,0.226920816608896,"PTGS2",1
"GO:0090360","platelet-derived growth factor production","1/266","3/7628",0.333333333333333,9.55889724310777,2.81824211531482,0.101021689975122,0.287503414644131,0.226920816608896,"PTGS2",1
"GO:0090361","regulation of platelet-derived growth factor production","1/266","3/7628",0.333333333333333,9.55889724310777,2.81824211531482,0.101021689975122,0.287503414644131,0.226920816608896,"PTGS2",1
"GO:0097090","presynaptic membrane organization","1/266","3/7628",0.333333333333333,9.55889724310777,2.81824211531482,0.101021689975122,0.287503414644131,0.226920816608896,"APOE",1
"GO:0097113","AMPA glutamate receptor clustering","1/266","3/7628",0.333333333333333,9.55889724310777,2.81824211531482,0.101021689975122,0.287503414644131,0.226920816608896,"APOE",1
"GO:0097688","glutamate receptor clustering","1/266","3/7628",0.333333333333333,9.55889724310777,2.81824211531482,0.101021689975122,0.287503414644131,0.226920816608896,"APOE",1
"GO:0098581","detection of external biotic stimulus","1/266","3/7628",0.333333333333333,9.55889724310777,2.81824211531482,0.101021689975122,0.287503414644131,0.226920816608896,"HLA-A",1
"GO:0098838","folate transmembrane transport","1/266","3/7628",0.333333333333333,9.55889724310777,2.81824211531482,0.101021689975122,0.287503414644131,0.226920816608896,"SLC19A1",1
"GO:0098989","NMDA selective glutamate receptor signaling pathway","1/266","3/7628",0.333333333333333,9.55889724310777,2.81824211531482,0.101021689975122,0.287503414644131,0.226920816608896,"APP",1
"GO:0099550","trans-synaptic signaling, modulating synaptic transmission","1/266","3/7628",0.333333333333333,9.55889724310777,2.81824211531482,0.101021689975122,0.287503414644131,0.226920816608896,"NEO1",1
"GO:0110021","cardiac muscle myoblast proliferation","1/266","3/7628",0.333333333333333,9.55889724310777,2.81824211531482,0.101021689975122,0.287503414644131,0.226920816608896,"MEIS2",1
"GO:0110022","regulation of cardiac muscle myoblast proliferation","1/266","3/7628",0.333333333333333,9.55889724310777,2.81824211531482,0.101021689975122,0.287503414644131,0.226920816608896,"MEIS2",1
"GO:0110024","positive regulation of cardiac muscle myoblast proliferation","1/266","3/7628",0.333333333333333,9.55889724310777,2.81824211531482,0.101021689975122,0.287503414644131,0.226920816608896,"MEIS2",1
"GO:0140075","regulation of lipoprotein transport","1/266","3/7628",0.333333333333333,9.55889724310777,2.81824211531482,0.101021689975122,0.287503414644131,0.226920816608896,"APOE",1
"GO:0140077","positive regulation of lipoprotein transport","1/266","3/7628",0.333333333333333,9.55889724310777,2.81824211531482,0.101021689975122,0.287503414644131,0.226920816608896,"APOE",1
"GO:0140213","negative regulation of long-chain fatty acid import into cell","1/266","3/7628",0.333333333333333,9.55889724310777,2.81824211531482,0.101021689975122,0.287503414644131,0.226920816608896,"THBS1",1
"GO:0140246","protein catabolic process at synapse","1/266","3/7628",0.333333333333333,9.55889724310777,2.81824211531482,0.101021689975122,0.287503414644131,0.226920816608896,"ADAM10",1
"GO:0140249","protein catabolic process at postsynapse","1/266","3/7628",0.333333333333333,9.55889724310777,2.81824211531482,0.101021689975122,0.287503414644131,0.226920816608896,"ADAM10",1
"GO:0150003","regulation of spontaneous synaptic transmission","1/266","3/7628",0.333333333333333,9.55889724310777,2.81824211531482,0.101021689975122,0.287503414644131,0.226920816608896,"APP",1
"GO:0150079","negative regulation of neuroinflammatory response","1/266","3/7628",0.333333333333333,9.55889724310777,2.81824211531482,0.101021689975122,0.287503414644131,0.226920816608896,"LDLR",1
"GO:1901336","lactone biosynthetic process","1/266","3/7628",0.333333333333333,9.55889724310777,2.81824211531482,0.101021689975122,0.287503414644131,0.226920816608896,"RGN",1
"GO:1901475","pyruvate transmembrane transport","1/266","3/7628",0.333333333333333,9.55889724310777,2.81824211531482,0.101021689975122,0.287503414644131,0.226920816608896,"MPC1",1
"GO:1901723","negative regulation of cell proliferation involved in kidney development","1/266","3/7628",0.333333333333333,9.55889724310777,2.81824211531482,0.101021689975122,0.287503414644131,0.226920816608896,"BMP4",1
"GO:1901724","positive regulation of cell proliferation involved in kidney development","1/266","3/7628",0.333333333333333,9.55889724310777,2.81824211531482,0.101021689975122,0.287503414644131,0.226920816608896,"EGR1",1
"GO:1901844","regulation of cell communication by electrical coupling involved in cardiac conduction","1/266","3/7628",0.333333333333333,9.55889724310777,2.81824211531482,0.101021689975122,0.287503414644131,0.226920816608896,"CAV1",1
"GO:1902035","positive regulation of hematopoietic stem cell proliferation","1/266","3/7628",0.333333333333333,9.55889724310777,2.81824211531482,0.101021689975122,0.287503414644131,0.226920816608896,"PDCD2",1
"GO:1902219","negative regulation of intrinsic apoptotic signaling pathway in response to osmotic stress","1/266","3/7628",0.333333333333333,9.55889724310777,2.81824211531482,0.101021689975122,0.287503414644131,0.226920816608896,"PTGS2",1
"GO:1902524","positive regulation of protein K48-linked ubiquitination","1/266","3/7628",0.333333333333333,9.55889724310777,2.81824211531482,0.101021689975122,0.287503414644131,0.226920816608896,"GABARAP",1
"GO:1902617","response to fluoride","1/266","3/7628",0.333333333333333,9.55889724310777,2.81824211531482,0.101021689975122,0.287503414644131,0.226920816608896,"COL1A1",1
"GO:1902744","negative regulation of lamellipodium organization","1/266","3/7628",0.333333333333333,9.55889724310777,2.81824211531482,0.101021689975122,0.287503414644131,0.226920816608896,"SLIT2",1
"GO:1902746","regulation of lens fiber cell differentiation","1/266","3/7628",0.333333333333333,9.55889724310777,2.81824211531482,0.101021689975122,0.287503414644131,0.226920816608896,"SPRY2",1
"GO:1902951","negative regulation of dendritic spine maintenance","1/266","3/7628",0.333333333333333,9.55889724310777,2.81824211531482,0.101021689975122,0.287503414644131,0.226920816608896,"APOE",1
"GO:1902959","regulation of aspartic-type endopeptidase activity involved in amyloid precursor protein catabolic process","1/266","3/7628",0.333333333333333,9.55889724310777,2.81824211531482,0.101021689975122,0.287503414644131,0.226920816608896,"EPHA4",1
"GO:1903236","regulation of leukocyte tethering or rolling","1/266","3/7628",0.333333333333333,9.55889724310777,2.81824211531482,0.101021689975122,0.287503414644131,0.226920816608896,"GCNT1",1
"GO:1903238","positive regulation of leukocyte tethering or rolling","1/266","3/7628",0.333333333333333,9.55889724310777,2.81824211531482,0.101021689975122,0.287503414644131,0.226920816608896,"GCNT1",1
"GO:1903361","protein localization to basolateral plasma membrane","1/266","3/7628",0.333333333333333,9.55889724310777,2.81824211531482,0.101021689975122,0.287503414644131,0.226920816608896,"CAV1",1
"GO:1903553","positive regulation of extracellular exosome assembly","1/266","3/7628",0.333333333333333,9.55889724310777,2.81824211531482,0.101021689975122,0.287503414644131,0.226920816608896,"SDCBP",1
"GO:1903801","L-leucine import across plasma membrane","1/266","3/7628",0.333333333333333,9.55889724310777,2.81824211531482,0.101021689975122,0.287503414644131,0.226920816608896,"SLC7A8",1
"GO:1903979","negative regulation of microglial cell activation","1/266","3/7628",0.333333333333333,9.55889724310777,2.81824211531482,0.101021689975122,0.287503414644131,0.226920816608896,"LDLR",1
"GO:1904238","pericyte cell differentiation","1/266","3/7628",0.333333333333333,9.55889724310777,2.81824211531482,0.101021689975122,0.287503414644131,0.226920816608896,"BMP4",1
"GO:1904273","L-alanine import across plasma membrane","1/266","3/7628",0.333333333333333,9.55889724310777,2.81824211531482,0.101021689975122,0.287503414644131,0.226920816608896,"SLC7A8",1
"GO:1904557","L-alanine transmembrane transport","1/266","3/7628",0.333333333333333,9.55889724310777,2.81824211531482,0.101021689975122,0.287503414644131,0.226920816608896,"SLC7A8",1
"GO:1904683","regulation of metalloendopeptidase activity","1/266","3/7628",0.333333333333333,9.55889724310777,2.81824211531482,0.101021689975122,0.287503414644131,0.226920816608896,"TIMP3",1
"GO:1905161","protein localization to phagocytic vesicle","1/266","3/7628",0.333333333333333,9.55889724310777,2.81824211531482,0.101021689975122,0.287503414644131,0.226920816608896,"TAX1BP1",1
"GO:1905167","positive regulation of lysosomal protein catabolic process","1/266","3/7628",0.333333333333333,9.55889724310777,2.81824211531482,0.101021689975122,0.287503414644131,0.226920816608896,"LDLR",1
"GO:1905247","positive regulation of aspartic-type peptidase activity","1/266","3/7628",0.333333333333333,9.55889724310777,2.81824211531482,0.101021689975122,0.287503414644131,0.226920816608896,"EPHA4",1
"GO:1905331","negative regulation of morphogenesis of an epithelium","1/266","3/7628",0.333333333333333,9.55889724310777,2.81824211531482,0.101021689975122,0.287503414644131,0.226920816608896,"BMP4",1
"GO:1905806","regulation of synapse pruning","1/266","3/7628",0.333333333333333,9.55889724310777,2.81824211531482,0.101021689975122,0.287503414644131,0.226920816608896,"EPHA4",1
"GO:1990379","lipid transport across blood-brain barrier","1/266","3/7628",0.333333333333333,9.55889724310777,2.81824211531482,0.101021689975122,0.287503414644131,0.226920816608896,"APOE",1
"GO:2000425","regulation of apoptotic cell clearance","1/266","3/7628",0.333333333333333,9.55889724310777,2.81824211531482,0.101021689975122,0.287503414644131,0.226920816608896,"C4A",1
"GO:2000489","regulation of hepatic stellate cell activation","1/266","3/7628",0.333333333333333,9.55889724310777,2.81824211531482,0.101021689975122,0.287503414644131,0.226920816608896,"DDR2",1
"GO:2000822","regulation of behavioral fear response","1/266","3/7628",0.333333333333333,9.55889724310777,2.81824211531482,0.101021689975122,0.287503414644131,0.226920816608896,"APOE",1
"GO:2001053","regulation of mesenchymal cell apoptotic process","1/266","3/7628",0.333333333333333,9.55889724310777,2.81824211531482,0.101021689975122,0.287503414644131,0.226920816608896,"MSX2",1
"GO:2001187","positive regulation of CD8-positive, alpha-beta T cell activation","1/266","3/7628",0.333333333333333,9.55889724310777,2.81824211531482,0.101021689975122,0.287503414644131,0.226920816608896,"HLA-A",1
"GO:2001270","regulation of cysteine-type endopeptidase activity involved in execution phase of apoptosis","1/266","3/7628",0.333333333333333,9.55889724310777,2.81824211531482,0.101021689975122,0.287503414644131,0.226920816608896,"RNF34",1
"GO:0002822","regulation of adaptive immune response based on somatic recombination of immune receptors built from immunoglobulin superfamily domains","5/266","71/7628",0.0704225352112676,2.01948533305094,1.64042066013628,0.10107985116085,0.287503414644131,0.226920816608896,"C4BPA/HLA-A/HPX/NDFIP1/TFRC",5
"GO:0006836","neurotransmitter transport","5/266","71/7628",0.0704225352112676,2.01948533305094,1.64042066013628,0.10107985116085,0.287503414644131,0.226920816608896,"APP/CSPG5/SLC38A2/STX3/TPRG1L",5
"GO:0071230","cellular response to amino acid stimulus","4/266","51/7628",0.0784313725490196,2.24915229249595,1.70126363415932,0.1011364521037,0.287503414644131,0.226920816608896,"COL1A1/PTGS2/LAMTOR4/RBX1",4
"GO:0002573","myeloid leukocyte differentiation","6/266","92/7628",0.0652173913043478,1.87021902582543,1.59614311123952,0.101419434067156,0.287707214003008,0.227081671452996,"APP/BMP4/GPC3/MFSD8/NDFIP1/TFRC",6
"GO:0006986","response to unfolded protein","6/266","92/7628",0.0652173913043478,1.87021902582543,1.59614311123952,0.101419434067156,0.287707214003008,0.227081671452996,"HERPUD1/HSPA6/RNF7/THBS1/OPTN/STC2",6
"GO:0042180","cellular ketone metabolic process","6/266","92/7628",0.0652173913043478,1.87021902582543,1.59614311123952,0.101419434067156,0.287707214003008,0.227081671452996,"APOC3/EGR1/PTGS2/TRIB3/CAV1/RGN",6
"GO:0050808","synapse organization","13/266","252/7628",0.0515873015873016,1.47935314476668,1.47083915350627,0.101813784180396,0.288625474237972,0.227806436279304,"APOE/APP/EPHA4/EPHA7/NTN1/PTPRS/RAB29/SDCBP/ADAM10/CLSTN3/DAAM1/NRP2/TPBG",13
"GO:0016485","protein processing","7/266","114/7628",0.0614035087719298,1.76084949215143,1.55573409732156,0.102821642407715,0.291280450232674,0.229901956854392,"APOH/BACE1/HGFAC/SERPINF2/THBS1/ADAM10/PLGRKT",7
"GO:0031344","regulation of cell projection organization","17/266","350/7628",0.0485714285714286,1.3928678839957,1.43019188414773,0.103721538634273,0.293437609844586,0.231604560704495,"APOE/APP/DDR2/EPHA4/EPHA7/IFRD1/ITM2C/NEO1/NTN1/PTPRS/RAB29/SLIT2/SPRY2/CAV1/DDR1/RGMA/ROBO1",17
"GO:0006979","response to oxidative stress","12/266","229/7628",0.0524017467248908,1.50270873690777,1.46813991316601,0.103726783014831,0.293437609844586,0.231604560704495,"APOE/APP/BNIP3/COL1A1/DDR2/HMOX1/MAPK8/PTGS2/MGST1/RBX1/SELENOP/STC2",12
"GO:0018105","peptidyl-serine phosphorylation","6/266","93/7628",0.0645161290322581,1.85010914382731,1.56781320648026,0.105435800683056,0.296227825829332,0.233806823556076,"APP/MAPK8/PTGS2/SPRY2/CAV1/TFRC",6
"GO:0003401","axis elongation","2/266","16/7628",0.125,3.58458646616541,1.96707741628501,0.105510767829052,0.296227825829332,0.233806823556076,"BMP4/SPRY2",2
"GO:0010464","regulation of mesenchymal cell proliferation","2/266","16/7628",0.125,3.58458646616541,1.96707741628501,0.105510767829052,0.296227825829332,0.233806823556076,"BMP4/BMPR1A",2
"GO:0019098","reproductive behavior","2/266","16/7628",0.125,3.58458646616541,1.96707741628501,0.105510767829052,0.296227825829332,0.233806823556076,"APP/ACVR2A",2
"GO:0032350","regulation of hormone metabolic process","2/266","16/7628",0.125,3.58458646616541,1.96707741628501,0.105510767829052,0.296227825829332,0.233806823556076,"EGR1/STC2",2
"GO:0032732","positive regulation of interleukin-1 production","2/266","16/7628",0.125,3.58458646616541,1.96707741628501,0.105510767829052,0.296227825829332,0.233806823556076,"APP/EGR1",2
"GO:0044331","cell-cell adhesion mediated by cadherin","2/266","16/7628",0.125,3.58458646616541,1.96707741628501,0.105510767829052,0.296227825829332,0.233806823556076,"SERPINF2/PTPRU",2
"GO:0060325","face morphogenesis","2/266","16/7628",0.125,3.58458646616541,1.96707741628501,0.105510767829052,0.296227825829332,0.233806823556076,"COL1A1/CRISPLD1",2
"GO:0071218","cellular response to misfolded protein","2/266","16/7628",0.125,3.58458646616541,1.96707741628501,0.105510767829052,0.296227825829332,0.233806823556076,"CAV1/RNF126",2
"GO:1902894","negative regulation of miRNA transcription","2/266","16/7628",0.125,3.58458646616541,1.96707741628501,0.105510767829052,0.296227825829332,0.233806823556076,"APP/BMP4",2
"GO:1905332","positive regulation of morphogenesis of an epithelium","2/266","16/7628",0.125,3.58458646616541,1.96707741628501,0.105510767829052,0.296227825829332,0.233806823556076,"BMP4/GJA1",2
"GO:0007266","Rho protein signal transduction","5/266","72/7628",0.0694444444444444,1.99143692564745,1.6065903296092,0.10571216720199,0.296589425151188,0.234092226821642,"APOA1/APOC3/APOE/NTN1/ROBO1",5
"GO:0003208","cardiac ventricle morphogenesis","3/266","33/7628",0.0909090909090909,2.60697197539303,1.75841414563672,0.106401796189451,0.296952809134367,0.234379038685451,"SEMA3C/BMPR1A/TGFBR3",3
"GO:0015695","organic cation transport","3/266","33/7628",0.0909090909090909,2.60697197539303,1.75841414563672,0.106401796189451,0.296952809134367,0.234379038685451,"SERINC3/SLC38A2/SLC7A8",3
"GO:0021536","diencephalon development","3/266","33/7628",0.0909090909090909,2.60697197539303,1.75841414563672,0.106401796189451,0.296952809134367,0.234379038685451,"BMP4/BMPR1A/NRP2",3
"GO:0039532","negative regulation of cytoplasmic pattern recognition receptor signaling pathway","3/266","33/7628",0.0909090909090909,2.60697197539303,1.75841414563672,0.106401796189451,0.296952809134367,0.234379038685451,"PTPRS/TAX1BP1/RIOK3",3
"GO:0070664","negative regulation of leukocyte proliferation","3/266","33/7628",0.0909090909090909,2.60697197539303,1.75841414563672,0.106401796189451,0.296952809134367,0.234379038685451,"BMP4/NDFIP1/PRKAR1A",3
"GO:0170036","import into the mitochondrion","3/266","33/7628",0.0909090909090909,2.60697197539303,1.75841414563672,0.106401796189451,0.296952809134367,0.234379038685451,"DNLZ/TIMM23/TOMM40L",3
"GO:1903317","regulation of protein maturation","3/266","33/7628",0.0909090909090909,2.60697197539303,1.75841414563672,0.106401796189451,0.296952809134367,0.234379038685451,"SERPINF2/THBS1/PLGRKT",3
"GO:2000058","regulation of ubiquitin-dependent protein catabolic process","7/266","115/7628",0.0608695652173913,1.74553775743707,1.5311990596235,0.106423234411925,0.296952809134367,0.234379038685451,"CLU/HERPUD1/PABIR1/RCHY1/TRIB3/GABARAP/RBX1",7
"GO:0046467","membrane lipid biosynthetic process","4/266","52/7628",0.0769230769230769,2.2058993637941,1.65848878775841,0.106730099547452,0.297200038617139,0.234574172076093,"B4GALT5/B4GALT6/CCN1/UGCG",4
"GO:1903531","negative regulation of secretion by cell","4/266","52/7628",0.0769230769230769,2.2058993637941,1.65848878775841,0.106730099547452,0.297200038617139,0.234574172076093,"APOE/CD84/GJA1/NEO1",4
"GO:2000628","regulation of miRNA metabolic process","4/266","52/7628",0.0769230769230769,2.2058993637941,1.65848878775841,0.106730099547452,0.297200038617139,0.234574172076093,"APP/BMP4/EGR1/BMPR1A",4
