_MEMBER_MyList,_LogP_MyList,GO,_PATTERN_,_RANK_,GiniIndex,Category,CategoryID,Description,PARENT_GO,LogP,Enrichment,Z-score,#TotalGeneInLibrary,#GeneInGO,#GeneInHitList,#GeneInGOAndHitList,%InGO,STDV %InGO,GeneID,Hits,Log(q-value),EvidenceCutoff,GROUP_ID,FirstInGroupByEnrichment,FirstInGroupByLogP,BestLogPInGroup,BestEnrichmentInGroup,URL
1,-18.67872412269033,GO:0031966,M1,1,0,GO Cellular Components,20,mitochondrial membrane,,-18.67872412269033,3.9165471851301628,11.681378292962796,30230,793,584,60,10.273972602739725,1.2563828456523636,22|706|1468|2182|2710|4504|4508|4514|4540|4541|4706|4833|6391|6392|8834|9016|9481|9489|9927|10463|10975|23175|23456|23761|25875|26521|51300|51522|51537|51660|54968|54974|54996|55669|56997|57038|57169|57380|58472|60558|63933|79109|79671|81554|84129|84274|84275|84947|90550|91137|113612|114789|114971|119559|123096|157378|197257|221154|286097|340061,ABCB7|TSPO|SLC25A10|ACSL4|GK|MT3|ATP6|COX3|ND5|ND6|NDUFAB1|NME4|SDHC|SDHD|TMEM11|SLC25A14|SLC25A27|PGS1|MFN2|SLC30A9|UQCR11|LPIN1|ABCB10|PISD|LETMD1|TIMM8B|TIMMDC1|TMEM14C|MTFP1|MPC1|TMEM70|THG1L|MTARC2|MFN1|COQ8A|RARS2|ZNFX1|MRS2|SQOR|GUF1|MCUR1|MAPKAP1|NLRX1|RCC1L|ACAD11|COQ5|SLC25A33|SERAC1|MCU|SLC25A46|CYP2U1|SLC25A25|PTPMT1|SFXN4|SLC25A29|TMEM65|LDHD|MICU2|MICU3|STING1,-14.30318853018083,0,1,1,1,-18.67872412269033,4.381572915543091,
1,-15.188622331782009,GO:0005743,M1,1,0,GO Cellular Components,20,mitochondrial inner membrane,,-15.188622331782009,4.381572915543091,10.788147093858184,30230,508,584,43,7.363013698630137,1.0807209978686656,22|1468|4508|4514|4540|4541|4706|4833|6391|6392|8834|9016|9481|9489|10975|23456|23761|25875|26521|51300|51522|51537|51660|54968|56997|57380|58472|60558|63933|81554|84129|84274|84275|90550|113612|114789|114971|119559|123096|157378|197257|221154|286097,ABCB7|SLC25A10|ATP6|COX3|ND5|ND6|NDUFAB1|NME4|SDHC|SDHD|TMEM11|SLC25A14|SLC25A27|PGS1|UQCR11|ABCB10|PISD|LETMD1|TIMM8B|TIMMDC1|TMEM14C|MTFP1|MPC1|TMEM70|COQ8A|MRS2|SQOR|GUF1|MCUR1|RCC1L|ACAD11|COQ5|SLC25A33|MCU|CYP2U1|SLC25A25|PTPMT1|SFXN4|SLC25A29|TMEM65|LDHD|MICU2|MICU3,-11.41514673060047,0,1,0,0,-18.67872412269033,4.381572915543091,
1,-14.893549892838797,GO:0019866,M1,1,0,GO Cellular Components,20,organelle inner membrane,,-14.893549892838797,4.122772457267548,10.516655544020631,30230,565,584,45,7.705479452054795,1.1035229479302329,22|1468|4508|4514|4540|4541|4706|4833|6391|6392|8834|9016|9481|9489|10975|23411|23456|23761|25875|26521|51300|51522|51537|51660|54968|56997|57380|58472|60558|63933|81554|83862|84129|84274|84275|90550|113612|114789|114971|119559|123096|157378|197257|221154|286097,ABCB7|SLC25A10|ATP6|COX3|ND5|ND6|NDUFAB1|NME4|SDHC|SDHD|TMEM11|SLC25A14|SLC25A27|PGS1|UQCR11|SIRT1|ABCB10|PISD|LETMD1|TIMM8B|TIMMDC1|TMEM14C|MTFP1|MPC1|TMEM70|COQ8A|MRS2|SQOR|GUF1|MCUR1|RCC1L|TMEM120A|ACAD11|COQ5|SLC25A33|MCU|CYP2U1|SLC25A25|PTPMT1|SFXN4|SLC25A29|TMEM65|LDHD|MICU2|MICU3,-11.216984304665317,0,1,0,0,-18.67872412269033,4.381572915543091,
1,-7.268633703882683,GO:0007005,M1,1,0,GO Biological Processes,19,mitochondrion organization,19_GO:0009987 cellular process,-7.268633703882683,3.5649930186044756,6.90047458460641,30230,363,584,25,4.280821917808219,0.8376385138868881,3988|4540|4541|8834|9638|9927|23682|23761|25875|26521|51300|51537|51542|54968|54974|54978|55669|81554|84266|84275|91137|91419|114971|124997|131474,LIPA|ND5|ND6|TMEM11|FEZ1|MFN2|RAB38|PISD|LETMD1|TIMM8B|TIMMDC1|MTFP1|VPS54|TMEM70|THG1L|SLC35F6|MFN1|RCC1L|ALKBH7|SLC25A33|SLC25A46|ATP23|PTPMT1|WDR81|CHCHD4,-4.495158102701146,0,1,0,0,-18.67872412269033,4.381572915543091,
1,-16.268950701347794,GO:0090407,M1,1,0,GO Biological Processes,19,organophosphate biosynthetic process,19_GO:0009987 cellular process,-16.268950701347794,4.306006788701661,11.1337393610137,30230,565,584,47,8.047945205479452,1.1256847980606464,1040|1468|2182|2710|2977|3988|4337|4508|4540|4541|4706|4833|5286|5287|5290|6391|6392|8443|9374|9489|9517|9677|9926|10020|10162|11001|23049|23167|23761|25875|26289|27132|30849|51205|51422|57605|64924|65258|81490|84302|84947|93100|93183|114971|128869|197322|200576,CDS1|SLC25A10|ACSL4|GK|GUCY1A2|LIPA|MOCS1|ATP6|ND5|ND6|NDUFAB1|NME4|PIK3C2A|PIK3C2B|PIK3CA|SDHC|SDHD|GNPAT|PPT2|PGS1|SPTLC2|PPIP5K1|LPGAT1|GNE|LPCAT3|SLC27A2|SMG1|EFR3A|PISD|LETMD1|AK5|CPNE7|PIK3R4|ACP6|PRKAG2|PITPNM2|SLC30A5|MPPE1|PTDSS2|PGAP4|SERAC1|NAPRT|PIGM|PTPMT1|PIGU|ACSF3|PIKFYVE,-12.238818698399918,0,2,1,1,-16.268950701347794,6.2473429381199805,
1,-16.137233036189755,GO:0008610,M1,1,0,GO Biological Processes,19,lipid biosynthetic process,19_GO:0009987 cellular process,-16.137233036189755,4.189978978493382,11.011165987688157,30230,593,584,48,8.219178082191782,1.136537429453436,20|706|1040|1718|2182|2710|3988|4706|5286|5287|5290|5563|5587|6307|8443|9374|9489|9517|9926|10162|10682|10948|11001|23049|23167|23175|23761|25979|27132|30849|51205|51422|55825|57605|64924|65258|81490|83723|84302|84947|93183|114971|128869|137695|197322|200576|253260|729920,ABCA2|TSPO|CDS1|DHCR24|ACSL4|GK|LIPA|NDUFAB1|PIK3C2A|PIK3C2B|PIK3CA|PRKAA2|PRKD1|MSMO1|GNPAT|PPT2|PGS1|SPTLC2|LPGAT1|LPCAT3|EBP|STARD3|SLC27A2|SMG1|EFR3A|LPIN1|PISD|DHRS7B|CPNE7|PIK3R4|ACP6|PRKAG2|PECR|PITPNM2|SLC30A5|MPPE1|PTDSS2|TLCD3B|PGAP4|SERAC1|PIGM|PTPMT1|PIGU|TMEM68|ACSF3|PIKFYVE|RICTOR|CRPPA,-12.238818698399918,0,2,0,0,-16.268950701347794,6.2473429381199805,
1,-13.883800172549012,R-HSA-556833,M1,1,0,Reactome Gene Sets,6,Metabolism of lipids,,-13.883800172549012,3.487382602558766,9.727777349202942,30230,757,584,51,8.732876712328768,1.1682328707679432,406|416|706|1040|1718|2182|2710|4706|5286|5287|5290|5563|5587|6095|6307|6721|6837|8310|8443|9374|9439|9489|9517|9885|9915|9926|10162|10478|10682|10948|11001|23175|23761|25979|27132|30849|51205|51360|51422|54545|55825|56261|57605|59338|66036|81490|84129|113612|114971|197322|200576,BMAL1|ARSF|TSPO|CDS1|DHCR24|ACSL4|GK|NDUFAB1|PIK3C2A|PIK3C2B|PIK3CA|PRKAA2|PRKD1|RORA|MSMO1|SREBF2|MED22|ACOX3|GNPAT|PPT2|MED23|PGS1|SPTLC2|OSBPL2|ARNT2|LPGAT1|LPCAT3|SLC25A17|EBP|STARD3|SLC27A2|LPIN1|PISD|DHRS7B|CPNE7|PIK3R4|ACP6|MBTPS2|PRKAG2|MTMR12|PECR|GPCPD1|PITPNM2|PLEKHA1|MTMR9|PTDSS2|ACAD11|CYP2U1|PTPMT1|ACSF3|PIKFYVE,-10.286415830423156,0,2,0,0,-16.268950701347794,6.2473429381199805,
1,-12.877756210483167,GO:0045017,M1,1,0,GO Biological Processes,19,glycerolipid biosynthetic process,19_GO:0009987 cellular process,-12.877756210483167,6.230815575849822,10.828532553145925,30230,216,584,26,4.4520547945205475,0.8534626164047334,1040|2710|5286|5287|5290|8443|9489|9926|10162|23049|23167|23175|23761|27132|30849|51205|57605|64924|65258|81490|84302|93183|114971|128869|137695|200576,CDS1|GK|PIK3C2A|PIK3C2B|PIK3CA|GNPAT|PGS1|LPGAT1|LPCAT3|SMG1|EFR3A|LPIN1|PISD|CPNE7|PIK3R4|ACP6|PITPNM2|SLC30A5|MPPE1|PTDSS2|PGAP4|PIGM|PTPMT1|PIGU|TMEM68|PIKFYVE,-9.40531060496561,0,2,0,0,-16.268950701347794,6.2473429381199805,
1,-12.770804996841951,GO:0046486,M1,1,0,GO Biological Processes,19,glycerolipid metabolic process,19_GO:0009987 cellular process,-12.770804996841951,4.758222993856603,10.054029390353794,30230,359,584,33,5.6506849315068495,0.9554621747560708,21|1040|2710|3988|4547|5286|5287|5290|8443|9489|9926|10162|23049|23167|23175|23411|23761|27132|30849|51205|56261|57605|64924|65258|66036|81490|84302|84947|93183|114971|128869|137695|200576,ABCA3|CDS1|GK|LIPA|MTTP|PIK3C2A|PIK3C2B|PIK3CA|GNPAT|PGS1|LPGAT1|LPCAT3|SMG1|EFR3A|LPIN1|SIRT1|PISD|CPNE7|PIK3R4|ACP6|GPCPD1|PITPNM2|SLC30A5|MPPE1|MTMR9|PTDSS2|PGAP4|SERAC1|PIGM|PTPMT1|PIGU|TMEM68|PIKFYVE,-9.349511913771776,0,2,0,0,-16.268950701347794,6.2473429381199805,
1,-11.620646873235552,GO:0006650,M1,1,0,GO Biological Processes,19,glycerophospholipid metabolic process,19_GO:0009987 cellular process,-11.620646873235552,5.085556356645037,9.726279344342604,30230,285,584,28,4.794520547945205,0.8840913487074371,21|1040|5286|5287|5290|8443|9489|9926|10162|23049|23167|23175|23761|27132|30849|51205|56261|57605|64924|65258|66036|81490|84302|84947|93183|114971|128869|200576,ABCA3|CDS1|PIK3C2A|PIK3C2B|PIK3CA|GNPAT|PGS1|LPGAT1|LPCAT3|SMG1|EFR3A|LPIN1|PISD|CPNE7|PIK3R4|ACP6|GPCPD1|PITPNM2|SLC30A5|MPPE1|MTMR9|PTDSS2|PGAP4|SERAC1|PIGM|PTPMT1|PIGU|PIKFYVE,-8.359054633032889,0,2,0,0,-16.268950701347794,6.2473429381199805,
1,-11.077409246151861,GO:0008654,M1,1,0,GO Biological Processes,19,phospholipid biosynthetic process,19_GO:0009987 cellular process,-11.077409246151861,5.437363301484978,9.645972375229494,30230,238,584,25,4.280821917808219,0.8376385138868881,1040|5286|5287|5290|8443|9489|9517|9926|10162|23049|23167|23761|27132|30849|51205|57605|64924|65258|81490|84302|84947|93183|114971|128869|200576,CDS1|PIK3C2A|PIK3C2B|PIK3CA|GNPAT|PGS1|SPTLC2|LPGAT1|LPCAT3|SMG1|EFR3A|PISD|CPNE7|PIK3R4|ACP6|PITPNM2|SLC30A5|MPPE1|PTDSS2|PGAP4|SERAC1|PIGM|PTPMT1|PIGU|PIKFYVE,-7.877964912698043,0,2,0,0,-16.268950701347794,6.2473429381199805,
1,-10.52983735053519,GO:0006644,M1,1,0,GO Biological Processes,19,phospholipid metabolic process,19_GO:0009987 cellular process,-10.52983735053519,4.289809278740634,8.838065113013249,30230,362,584,30,5.136986301369863,0.9134741018332575,20|21|1040|5286|5287|5290|8443|9489|9517|9926|10162|23049|23167|23175|23761|27132|30849|51205|56261|57605|64924|65258|66036|81490|84302|84947|93183|114971|128869|200576,ABCA2|ABCA3|CDS1|PIK3C2A|PIK3C2B|PIK3CA|GNPAT|PGS1|SPTLC2|LPGAT1|LPCAT3|SMG1|EFR3A|LPIN1|PISD|CPNE7|PIK3R4|ACP6|GPCPD1|PITPNM2|SLC30A5|MPPE1|MTMR9|PTDSS2|PGAP4|SERAC1|PIGM|PTPMT1|PIGU|PIKFYVE,-7.422112122589183,0,2,0,0,-16.268950701347794,6.2473429381199805,
1,-10.52073669673182,GO:0046474,M1,1,0,GO Biological Processes,19,glycerophospholipid biosynthetic process,19_GO:0009987 cellular process,-10.52073669673182,5.900525232450848,9.585797905180968,30230,193,584,22,3.767123287671233,0.7878802744630862,1040|5286|5287|5290|8443|9489|10162|23049|23167|23761|27132|30849|51205|57605|64924|65258|81490|84302|93183|114971|128869|200576,CDS1|PIK3C2A|PIK3C2B|PIK3CA|GNPAT|PGS1|LPCAT3|SMG1|EFR3A|PISD|CPNE7|PIK3R4|ACP6|PITPNM2|SLC30A5|MPPE1|PTDSS2|PGAP4|PIGM|PTPMT1|PIGU|PIKFYVE,-7.422112122589183,0,2,0,0,-16.268950701347794,6.2473429381199805,
1,-8.937127961803585,R-HSA-1483257,M1,1,0,Reactome Gene Sets,6,Phospholipid metabolism,,-8.937127961803585,5.127536185060738,8.46453694430895,30230,212,584,21,3.595890410958904,0.7704502033461142,1040|5286|5287|5290|8443|9489|9926|10162|23175|23761|27132|30849|51205|54545|56261|57605|59338|66036|81490|114971|200576,CDS1|PIK3C2A|PIK3C2B|PIK3CA|GNPAT|PGS1|LPGAT1|LPCAT3|LPIN1|PISD|CPNE7|PIK3R4|ACP6|MTMR12|GPCPD1|PITPNM2|PLEKHA1|MTMR9|PTDSS2|PTPMT1|PIKFYVE,-5.976565717264903,0,2,0,0,-16.268950701347794,6.2473429381199805,
1,-7.6652195201111155,GO:0046488,M1,1,0,GO Biological Processes,19,phosphatidylinositol metabolic process,19_GO:0009987 cellular process,-7.6652195201111155,5.751522070015221,8.021711397306282,30230,144,584,16,2.73972602739726,0.6754837232184769,1040|5286|5287|5290|9926|23049|23167|30849|57605|64924|65258|66036|84302|93183|128869|200576,CDS1|PIK3C2A|PIK3C2B|PIK3CA|LPGAT1|SMG1|EFR3A|PIK3R4|PITPNM2|SLC30A5|MPPE1|MTMR9|PGAP4|PIGM|PIGU|PIKFYVE,-4.845986428368904,0,2,0,0,-16.268950701347794,6.2473429381199805,
1,-7.2406601179151036,GO:0006661,M1,1,0,GO Biological Processes,19,phosphatidylinositol biosynthetic process,19_GO:0009987 cellular process,-7.2406601179151036,6.2473429381199805,7.947297698180045,30230,116,584,14,2.3972602739726026,0.6329686127171638,1040|5286|5287|5290|23049|23167|30849|57605|64924|65258|84302|93183|128869|200576,CDS1|PIK3C2A|PIK3C2B|PIK3CA|SMG1|EFR3A|PIK3R4|PITPNM2|SLC30A5|MPPE1|PGAP4|PIGM|PIGU|PIKFYVE,-4.47790838212534,0,2,0,0,-16.268950701347794,6.2473429381199805,
1,-5.856013131740287,R-HSA-1483206,M1,1,0,Reactome Gene Sets,6,Glycerophospholipid biosynthesis,,-5.856013131740287,5.216496761176595,6.735834780632788,30230,129,584,13,2.2260273972602738,0.6104786211136067,1040|8443|9489|9926|10162|23175|23761|27132|51205|56261|57605|81490|114971,CDS1|GNPAT|PGS1|LPGAT1|LPCAT3|LPIN1|PISD|CPNE7|ACP6|GPCPD1|PITPNM2|PTDSS2|PTPMT1,-3.376163713696752,0,2,0,0,-16.268950701347794,6.2473429381199805,
1,-3.752751797125452,hsa00564,M1,1,0,KEGG Pathway,24,Glycerophospholipid metabolism,,-3.752751797125452,4.523041627876047,5.026824292018858,30230,103,584,9,1.5410958904109588,0.509724966965557,1040|8443|9489|9926|10162|23175|23761|56261|81490,CDS1|GNPAT|PGS1|LPGAT1|LPCAT3|LPIN1|PISD|GPCPD1|PTDSS2,-1.8274653129353136,0,2,0,0,-16.268950701347794,6.2473429381199805,
1,-13.332721648101833,GO:0070647,M1,1,0,GO Biological Processes,19,protein modification by small protein conjugation or removal,19_GO:0009987 cellular process,-13.332721648101833,3.3758933889219773,9.447952150619997,30230,782,584,51,8.732876712328768,1.1682328707679432,373|1540|1959|5192|7126|7328|8925|9817|9960|11043|23032|23038|23113|23411|26001|26249|29761|29882|51255|54542|55128|55167|55585|55819|55958|57161|57448|57520|57531|57542|57558|57559|57560|63891|64682|64750|79786|80013|80067|84078|84219|84447|84669|84861|89890|91947|123228|142678|142685|151525|257218,TRIM23|CYLD|EGR2|PEX10|TNFAIP1|UBE2H|HERC1|KEAP1|USP3|MID2|USP33|WDTC1|CUL9|SIRT1|RNF167|KLHL3|USP25|ANAPC2|RNF181|RC3H2|TRIM68|MSL2|UBE2Q1|RNF130|KLHL9|PELI2|BIRC6|HECW2|HACE1|KLHL42|USP35|STAMBPL1|IFT80|RNF123|ANAPC1|SMURF2|KLHL36|MINDY3|DCAF17|KBTBD7|WDR24|SYVN1|USP32|KLHL22|KBTBD6|ARRDC4|SENP8|MIB2|ASB15|WDSUB1|SHPRH,-9.80228409560659,0,3,1,1,-13.332721648101833,7.501985308715504,
1,-11.579004826321077,GO:0016567,M1,1,0,GO Biological Processes,19,protein ubiquitination,19_GO:0009987 cellular process,-11.579004826321077,3.5729152253124856,8.888821152811513,30230,594,584,41,7.02054794520548,1.057237532658426,373|5192|7126|7328|8925|9817|11043|23038|23113|23411|26001|26249|29882|51255|54542|55128|55167|55585|55819|55958|57161|57448|57520|57531|57542|57560|63891|64682|64750|79786|80067|84078|84219|84447|84861|89890|91947|142678|142685|151525|257218,TRIM23|PEX10|TNFAIP1|UBE2H|HERC1|KEAP1|MID2|WDTC1|CUL9|SIRT1|RNF167|KLHL3|ANAPC2|RNF181|RC3H2|TRIM68|MSL2|UBE2Q1|RNF130|KLHL9|PELI2|BIRC6|HECW2|HACE1|KLHL42|IFT80|RNF123|ANAPC1|SMURF2|KLHL36|DCAF17|KBTBD7|WDR24|SYVN1|KLHL22|KBTBD6|ARRDC4|MIB2|ASB15|WDSUB1|SHPRH,-8.349597269489815,0,3,0,0,-13.332721648101833,7.501985308715504,
1,-10.491908898522642,GO:0032446,M1,1,0,GO Biological Processes,19,protein modification by small protein conjugation,19_GO:0009987 cellular process,-10.491908898522642,3.2400526713349524,8.235877593636754,30230,671,584,42,7.191780821917808,1.0690672310583338,373|1959|5192|7126|7328|8925|9817|11043|23038|23113|23411|26001|26249|29882|51255|54542|55128|55167|55585|55819|55958|57161|57448|57520|57531|57542|57560|63891|64682|64750|79786|80067|84078|84219|84447|84861|89890|91947|142678|142685|151525|257218,TRIM23|EGR2|PEX10|TNFAIP1|UBE2H|HERC1|KEAP1|MID2|WDTC1|CUL9|SIRT1|RNF167|KLHL3|ANAPC2|RNF181|RC3H2|TRIM68|MSL2|UBE2Q1|RNF130|KLHL9|PELI2|BIRC6|HECW2|HACE1|KLHL42|IFT80|RNF123|ANAPC1|SMURF2|KLHL36|DCAF17|KBTBD7|WDR24|SYVN1|KLHL22|KBTBD6|ARRDC4|MIB2|ASB15|WDSUB1|SHPRH,-7.4174033016771235,0,3,0,0,-13.332721648101833,7.501985308715504,
1,-7.691178737109737,R-HSA-983168,M1,1,0,Reactome Gene Sets,6,Antigen processing: Ubiquitination & Proteasome degradation,,-7.691178737109737,4.022179285449833,7.333629487921581,30230,296,584,23,3.9383561643835616,0.8048706259955334,7328|8925|9817|26249|29882|54620|55336|55585|55819|55958|57520|57531|57542|63891|64682|64750|84078|84861|89890|115290|126433|142678|142685,UBE2H|HERC1|KEAP1|KLHL3|ANAPC2|FBXL19|FBXL8|UBE2Q1|RNF130|KLHL9|HECW2|HACE1|KLHL42|RNF123|ANAPC1|SMURF2|KBTBD7|KLHL22|KBTBD6|FBXO17|FBXO27|MIB2|ASB15,-4.859711188950513,0,3,0,0,-13.332721648101833,7.501985308715504,
1,-7.640128122816389,R-HSA-983169,M1,1,0,Reactome Gene Sets,6,Class I MHC mediated antigen processing & presentation,,-7.640128122816389,3.608193470197216,7.11387773629077,30230,373,584,26,4.4520547945205475,0.8534626164047334,3551|4615|7328|8925|9817|26249|29882|30849|54620|55336|55585|55819|55958|57520|57531|57542|63891|64682|64750|84078|84861|89890|115290|126433|142678|142685,IKBKB|MYD88|UBE2H|HERC1|KEAP1|KLHL3|ANAPC2|PIK3R4|FBXL19|FBXL8|UBE2Q1|RNF130|KLHL9|HECW2|HACE1|KLHL42|RNF123|ANAPC1|SMURF2|KBTBD7|KLHL22|KBTBD6|FBXO17|FBXO27|MIB2|ASB15,-4.832794254373884,0,3,0,0,-13.332721648101833,7.501985308715504,
1,-7.3112803650896145,GO:0000151,M1,1,0,GO Cellular Components,20,ubiquitin ligase complex,,-7.3112803650896145,3.375893388921977,6.831840074914712,30230,414,584,27,4.623287671232877,0.8689408391281002,4289|5192|7126|9681|9817|23032|23038|23113|26249|29882|54620|55336|55958|57542|63891|64682|64750|79018|79786|80067|84078|84447|84861|89890|115290|126433|142678,MKLN1|PEX10|TNFAIP1|DEPDC5|KEAP1|USP33|WDTC1|CUL9|KLHL3|ANAPC2|FBXL19|FBXL8|KLHL9|KLHL42|RNF123|ANAPC1|SMURF2|GID4|KLHL36|DCAF17|KBTBD7|SYVN1|KLHL22|KBTBD6|FBXO17|FBXO27|MIB2,-4.526809379606615,0,3,0,0,-13.332721648101833,7.501985308715504,
1,-6.9902163923738865,GO:0051603,M1,1,0,GO Biological Processes,19,proteolysis involved in protein catabolic process,19_GO:0009987 cellular process,-6.9902163923738865,2.6453823885567247,6.289501431114021,30230,724,584,37,6.335616438356165,1.00803417140591,406|1519|4289|5192|7126|7328|9817|11253|23032|23113|23411|26001|26249|29882|54542|54620|55336|55819|55958|57520|57531|57542|57560|63891|64682|64750|79018|79139|79786|84078|84447|84861|89890|89970|115290|124997|126433,BMAL1|CTSO|MKLN1|PEX10|TNFAIP1|UBE2H|KEAP1|MAN1B1|USP33|CUL9|SIRT1|RNF167|KLHL3|ANAPC2|RC3H2|FBXL19|FBXL8|RNF130|KLHL9|HECW2|HACE1|KLHL42|IFT80|RNF123|ANAPC1|SMURF2|GID4|DERL1|KLHL36|KBTBD7|SYVN1|KLHL22|KBTBD6|RSPRY1|FBXO17|WDR81|FBXO27,-4.286778657800104,0,3,0,0,-13.332721648101833,7.501985308715504,
1,-6.920642629862168,GO:0006511,M1,1,0,GO Biological Processes,19,ubiquitin-dependent protein catabolic process,19_GO:0009987 cellular process,-6.920642629862168,2.8188152719381527,6.348020439625874,30230,606,584,33,5.6506849315068495,0.9554621747560708,406|4289|5192|7126|7328|9817|23032|23113|23411|26001|26249|29882|54542|54620|55336|55819|55958|57520|57531|57542|63891|64682|64750|79018|79139|79786|84078|84447|84861|89890|115290|124997|126433,BMAL1|MKLN1|PEX10|TNFAIP1|UBE2H|KEAP1|USP33|CUL9|SIRT1|RNF167|KLHL3|ANAPC2|RC3H2|FBXL19|FBXL8|RNF130|KLHL9|HECW2|HACE1|KLHL42|RNF123|ANAPC1|SMURF2|GID4|DERL1|KLHL36|KBTBD7|SYVN1|KLHL22|KBTBD6|FBXO17|WDR81|FBXO27,-4.235303117381182,0,3,0,0,-13.332721648101833,7.501985308715504,
1,-6.725663779256414,GO:0019941,M1,1,0,GO Biological Processes,19,modification-dependent protein catabolic process,19_GO:0009987 cellular process,-6.725663779256414,2.76408099481314,6.218908257443865,30230,618,584,33,5.6506849315068495,0.9554621747560708,406|4289|5192|7126|7328|9817|23032|23113|23411|26001|26249|29882|54542|54620|55336|55819|55958|57520|57531|57542|63891|64682|64750|79018|79139|79786|84078|84447|84861|89890|115290|124997|126433,BMAL1|MKLN1|PEX10|TNFAIP1|UBE2H|KEAP1|USP33|CUL9|SIRT1|RNF167|KLHL3|ANAPC2|RC3H2|FBXL19|FBXL8|RNF130|KLHL9|HECW2|HACE1|KLHL42|RNF123|ANAPC1|SMURF2|GID4|DERL1|KLHL36|KBTBD7|SYVN1|KLHL22|KBTBD6|FBXO17|WDR81|FBXO27,-4.0758662441590765,0,3,0,0,-13.332721648101833,7.501985308715504,
1,-6.646118006435874,GO:0043632,M1,1,0,GO Biological Processes,19,modification-dependent macromolecule catabolic process,19_GO:0009987 cellular process,-6.646118006435874,2.741897359220739,6.166015952112364,30230,623,584,33,5.6506849315068495,0.9554621747560708,406|4289|5192|7126|7328|9817|23032|23113|23411|26001|26249|29882|54542|54620|55336|55819|55958|57520|57531|57542|63891|64682|64750|79018|79139|79786|84078|84447|84861|89890|115290|124997|126433,BMAL1|MKLN1|PEX10|TNFAIP1|UBE2H|KEAP1|USP33|CUL9|SIRT1|RNF167|KLHL3|ANAPC2|RC3H2|FBXL19|FBXL8|RNF130|KLHL9|HECW2|HACE1|KLHL42|RNF123|ANAPC1|SMURF2|GID4|DERL1|KLHL36|KBTBD7|SYVN1|KLHL22|KBTBD6|FBXO17|WDR81|FBXO27,-4.010945103420618,0,3,0,0,-13.332721648101833,7.501985308715504,
1,-6.086430442346942,GO:0031463,M1,1,0,GO Cellular Components,20,Cul3-RING ubiquitin ligase complex,,-6.086430442346942,7.501985308715504,7.588971513584685,30230,69,584,10,1.7123287671232876,0.536829873604794,7126|9681|9817|26249|55958|57542|79786|84078|84861|89890,TNFAIP1|DEPDC5|KEAP1|KLHL3|KLHL9|KLHL42|KLHL36|KBTBD7|KLHL22|KBTBD6,-3.549743940574698,0,3,0,0,-13.332721648101833,7.501985308715504,
1,-6.007290146683944,GO:0000209,M1,1,0,GO Biological Processes,19,protein polyubiquitination,19_GO:0009987 cellular process,-6.007290146683944,3.753856007529018,6.283451332511646,30230,262,584,19,3.2534246575342465,0.7341448451657991,5192|7328|11043|26001|26249|29882|54542|55585|57161|57531|57542|63891|64682|84078|84219|84447|89890|91947|257218,PEX10|UBE2H|MID2|RNF167|KLHL3|ANAPC2|RC3H2|UBE2Q1|PELI2|HACE1|KLHL42|RNF123|ANAPC1|KBTBD7|WDR24|SYVN1|KBTBD6|ARRDC4|SHPRH,-3.4890870506057134,0,3,0,0,-13.332721648101833,7.501985308715504,
1,-5.741041865224501,GO:0031461,M1,1,0,GO Cellular Components,20,cullin-RING ubiquitin ligase complex,,-5.741041865224501,3.60260173616338,6.062826506872599,30230,273,584,19,3.2534246575342465,0.7341448451657991,7126|9681|9817|23038|23113|26249|29882|54620|55336|55958|57542|64682|79786|80067|84078|84861|89890|115290|126433,TNFAIP1|DEPDC5|KEAP1|WDTC1|CUL9|KLHL3|ANAPC2|FBXL19|FBXL8|KLHL9|KLHL42|ANAPC1|KLHL36|DCAF17|KBTBD7|KLHL22|KBTBD6|FBXO17|FBXO27,-3.2949251984292944,0,3,0,0,-13.332721648101833,7.501985308715504,
1,-5.36084815022758,GO:0043161,M1,1,0,GO Biological Processes,19,proteasome-mediated ubiquitin-dependent protein catabolic process,19_GO:0009987 cellular process,-5.36084815022758,2.8824333343927795,5.524495911297232,30230,431,584,24,4.109589041095891,0.8214485430891646,406|4289|5192|7126|7328|9817|23411|26249|29882|54620|55336|55958|57542|64682|64750|79018|79139|79786|84078|84447|84861|89890|115290|126433,BMAL1|MKLN1|PEX10|TNFAIP1|UBE2H|KEAP1|SIRT1|KLHL3|ANAPC2|FBXL19|FBXL8|KLHL9|KLHL42|ANAPC1|SMURF2|GID4|DERL1|KLHL36|KBTBD7|SYVN1|KLHL22|KBTBD6|FBXO17|FBXO27,-2.985312557718081,0,3,0,0,-13.332721648101833,7.501985308715504,
1,-4.980255382024787,GO:0010498,M1,1,0,GO Biological Processes,19,proteasomal protein catabolic process,19_GO:0009987 cellular process,-4.980255382024787,2.6082483805882974,5.171692276344568,30230,516,584,26,4.4520547945205475,0.8534626164047334,406|4289|5192|7126|7328|9817|11253|23411|26249|29882|54620|55336|55958|57542|57560|64682|64750|79018|79139|79786|84078|84447|84861|89890|115290|126433,BMAL1|MKLN1|PEX10|TNFAIP1|UBE2H|KEAP1|MAN1B1|SIRT1|KLHL3|ANAPC2|FBXL19|FBXL8|KLHL9|KLHL42|IFT80|ANAPC1|SMURF2|GID4|DERL1|KLHL36|KBTBD7|SYVN1|KLHL22|KBTBD6|FBXO17|FBXO27,-2.6910796201900355,0,3,0,0,-13.332721648101833,7.501985308715504,
1,-4.859274030656125,R-HSA-8951664,M1,1,0,Reactome Gene Sets,6,Neddylation,,-4.859274030656125,3.55458874713387,5.49408413076854,30230,233,584,16,2.73972602739726,0.6754837232184769,9817|23038|23113|26249|54620|55336|55958|57542|80067|84078|84861|89890|115290|123228|126433|142685,KEAP1|WDTC1|CUL9|KLHL3|FBXL19|FBXL8|KLHL9|KLHL42|DCAF17|KBTBD7|KLHL22|KBTBD6|FBXO17|SENP8|FBXO27|ASB15,-2.606227306938659,0,3,0,0,-13.332721648101833,7.501985308715504,
1,-3.9529887419914833,GO:0070936,M1,1,0,GO Biological Processes,19,protein K48-linked ubiquitination,19_GO:0009987 cellular process,-3.9529887419914833,4.802817398672503,5.2650853445627686,30230,97,584,9,1.5410958904109588,0.509724966965557,7328|11043|26249|29882|57531|64682|84078|84447|89890,UBE2H|MID2|KLHL3|ANAPC2|HACE1|ANAPC1|KBTBD7|SYVN1|KBTBD6,-1.9737229070774358,0,3,0,0,-13.332721648101833,7.501985308715504,
1,-3.3406065671035003,hsa04120,M1,1,0,KEGG Pathway,24,Ubiquitin mediated proteolysis,,-3.3406065671035003,3.6453308894462664,4.434685000050937,30230,142,584,10,1.7123287671232876,0.536829873604794,7328|8925|9817|29882|55585|55958|57448|64682|64750|84447,UBE2H|HERC1|KEAP1|ANAPC2|UBE2Q1|KLHL9|BIRC6|ANAPC1|SMURF2|SYVN1,-1.5309187932675186,0,3,0,0,-13.332721648101833,7.501985308715504,
1,-12.24603726430369,GO:0009267,M1,1,0,GO Biological Processes,19,cellular response to starvation,19_GO:0050896 response to stimulus,-12.24603726430369,6.436936617219108,10.635059134238086,30230,193,584,24,4.109589041095891,0.8214485430891646,2353|5287|5563|5587|6721|6845|9213|9681|10325|23411|26001|26100|27072|27244|30849|51422|55062|64121|79726|84219|90550|93664|201163|440275,FOS|PIK3C2B|PRKAA2|PRKD1|SREBF2|VAMP7|XPR1|DEPDC5|RRAGB|SIRT1|RNF167|WIPI2|VPS41|SESN1|PIK3R4|PRKAG2|WIPI1|RRAGC|WDR59|WDR24|MCU|CADPS2|FLCN|EIF2AK4,-8.870501671794191,0,4,1,1,-12.24603726430369,19.411386986301373,
1,-12.161209771533606,GO:0031669,M1,1,0,GO Biological Processes,19,cellular response to nutrient levels,19_GO:0050896 response to stimulus,-12.161209771533606,5.568206625552584,10.200214174048927,30230,251,584,27,4.623287671232877,0.8689408391281002,2353|5287|5563|5587|6721|6845|8850|9213|9681|10325|23411|26001|26100|27072|27244|30849|51422|55062|64121|79109|79726|84219|90550|93664|201163|253260|440275,FOS|PIK3C2B|PRKAA2|PRKD1|SREBF2|VAMP7|KAT2B|XPR1|DEPDC5|RRAGB|SIRT1|RNF167|WIPI2|VPS41|SESN1|PIK3R4|PRKAG2|WIPI1|RRAGC|MAPKAP1|WDR59|WDR24|MCU|CADPS2|FLCN|RICTOR|EIF2AK4,-8.827066864182331,0,4,0,0,-12.24603726430369,19.411386986301373,
1,-10.518894114145853,GO:0042594,M1,1,0,GO Biological Processes,19,response to starvation,19_GO:0050896 response to stimulus,-10.518894114145853,5.354865375531413,9.345613962202549,30230,232,584,24,4.109589041095891,0.8214485430891646,2353|5287|5563|5587|6721|6845|9213|9681|10325|23411|26001|26100|27072|27244|30849|51422|55062|64121|79726|84219|90550|93664|201163|440275,FOS|PIK3C2B|PRKAA2|PRKD1|SREBF2|VAMP7|XPR1|DEPDC5|RRAGB|SIRT1|RNF167|WIPI2|VPS41|SESN1|PIK3R4|PRKAG2|WIPI1|RRAGC|WDR59|WDR24|MCU|CADPS2|FLCN|EIF2AK4,-7.422112122589183,0,4,0,0,-12.24603726430369,19.411386986301373,
1,-8.738594977925306,GO:0031667,M1,1,0,GO Biological Processes,19,response to nutrient levels,19_GO:0050896 response to stimulus,-8.738594977925306,3.355996178378233,7.5237962442067765,30230,509,584,33,5.6506849315068495,0.9554621747560708,706|1143|2353|3988|5287|5563|5587|6721|6845|8850|9213|9681|10325|23411|26001|26100|27072|27244|29086|30849|51422|55062|64121|79109|79726|84219|90550|93664|114789|160897|201163|253260|440275,TSPO|CHRNB4|FOS|LIPA|PIK3C2B|PRKAA2|PRKD1|SREBF2|VAMP7|KAT2B|XPR1|DEPDC5|RRAGB|SIRT1|RNF167|WIPI2|VPS41|SESN1|BABAM1|PIK3R4|PRKAG2|WIPI1|RRAGC|MAPKAP1|WDR59|WDR24|MCU|CADPS2|SLC25A25|GPR180|FLCN|RICTOR|EIF2AK4,-5.7944231495747935,0,4,0,0,-12.24603726430369,19.411386986301373,
1,-7.810387558803854,GO:0032006,M1,1,0,GO Biological Processes,19,regulation of TOR signaling,19_GO:0050896 response to stimulus,-7.810387558803854,5.499892979452055,8.009966949399747,30230,160,584,17,2.910958904109589,0.6956594987008953,406|5290|5563|9681|10325|23411|26001|27244|57559|64121|79726|84219|84669|84861|201163|253260|729438,BMAL1|PIK3CA|PRKAA2|DEPDC5|RRAGB|SIRT1|RNF167|SESN1|STAMBPL1|RRAGC|WDR59|WDR24|USP32|KLHL22|FLCN|RICTOR|CASTOR2,-4.96633088333661,0,4,0,0,-12.24603726430369,19.411386986301373,
1,-7.207680005739759,GO:0034198,M1,1,0,GO Biological Processes,19,cellular response to amino acid starvation,19_GO:0050896 response to stimulus,-7.207680005739759,9.766735590591884,8.965470239818837,30230,53,584,10,1.7123287671232876,0.536829873604794,5587|9681|10325|26001|27244|64121|79726|84219|201163|440275,PRKD1|DEPDC5|RRAGB|RNF167|SESN1|RRAGC|WDR59|WDR24|FLCN|EIF2AK4,-4.45539370362816,0,4,0,0,-12.24603726430369,19.411386986301373,
1,-7.050892170491098,GO:1903432,M1,1,0,GO Biological Processes,19,regulation of TORC1 signaling,19_GO:0050896 response to stimulus,-7.050892170491098,6.597334139135105,7.947516342716258,30230,102,584,13,2.2260273972602738,0.6104786211136067,5563|9681|10325|26001|27244|57559|64121|79726|84219|84669|84861|201163|729438,PRKAA2|DEPDC5|RRAGB|RNF167|SESN1|STAMBPL1|RRAGC|WDR59|WDR24|USP32|KLHL22|FLCN|CASTOR2,-4.324312191429598,0,4,0,0,-12.24603726430369,19.411386986301373,
1,-7.046635270163754,GO:1990928,M1,1,0,GO Biological Processes,19,response to amino acid starvation,19_GO:0050896 response to stimulus,-7.046635270163754,9.411581569115814,8.763359493254303,30230,55,584,10,1.7123287671232876,0.536829873604794,5587|9681|10325|26001|27244|64121|79726|84219|201163|440275,PRKD1|DEPDC5|RRAGB|RNF167|SESN1|RRAGC|WDR59|WDR24|FLCN|EIF2AK4,-4.324312191429598,0,4,0,0,-12.24603726430369,19.411386986301373,
1,-6.454681674451782,GO:0032008,M1,1,0,GO Biological Processes,19,positive regulation of TOR signaling,19_GO:0048518 positive regulation of biological process,-6.454681674451782,7.207603606727934,7.753930853212944,30230,79,584,11,1.8835616438356164,0.5625412616790831,5290|10325|26001|57559|64121|79726|84219|84669|84861|201163|253260,PIK3CA|RRAGB|RNF167|STAMBPL1|RRAGC|WDR59|WDR24|USP32|KLHL22|FLCN|RICTOR,-3.827334108948483,0,4,0,0,-12.24603726430369,19.411386986301373,
1,-5.993120233684954,R-HSA-9639288,M1,1,0,Reactome Gene Sets,6,Amino acids regulate mTORC1,,-5.993120233684954,8.470423412204234,7.7828414775570725,30230,55,584,9,1.5410958904109588,0.509724966965557,9681|10325|27244|64121|79726|84219|90423|201163|729438,DEPDC5|RRAGB|SESN1|RRAGC|WDR59|WDR24|ATP6V1E2|FLCN|CASTOR2,-3.486816360906431,0,4,0,0,-12.24603726430369,19.411386986301373,
1,-5.924476529297524,GO:1904263,M1,1,0,GO Biological Processes,19,positive regulation of TORC1 signaling,19_GO:0048518 positive regulation of biological process,-5.924476529297524,8.319165851272015,7.694393990608645,30230,56,584,9,1.5410958904109588,0.509724966965557,10325|26001|57559|64121|79726|84219|84669|84861|201163,RRAGB|RNF167|STAMBPL1|RRAGC|WDR59|WDR24|USP32|KLHL22|FLCN,-3.4354316619605068,0,4,0,0,-12.24603726430369,19.411386986301373,
1,-5.6377731511917535,GO:0032007,M1,1,0,GO Biological Processes,19,negative regulation of TOR signaling,19_GO:0048519 negative regulation of biological process,-5.6377731511917535,6.722558263654153,7.0567638378290205,30230,77,584,10,1.7123287671232876,0.536829873604794,406|5563|9681|23411|26001|27244|79726|84219|201163|729438,BMAL1|PRKAA2|DEPDC5|SIRT1|RNF167|SESN1|WDR59|WDR24|FLCN|CASTOR2,-3.211627565327167,0,4,0,0,-12.24603726430369,19.411386986301373,
1,-5.1696322993482156,GO:0035859,M1,1,0,GO Cellular Components,20,Seh1-associated complex,,-5.1696322993482156,17.25456621004566,8.837816413832861,30230,15,584,5,0.8561643835616438,0.3812457520636574,9681|27244|79726|84219|729438,DEPDC5|SESN1|WDR59|WDR24|CASTOR2,-2.8152860059086544,0,4,0,0,-12.24603726430369,19.411386986301373,
1,-4.388912896793521,GO:0061700,M1,1,0,GO Cellular Components,20,GATOR2 complex,,-4.388912896793521,18.82316313823163,8.298055634577517,30230,11,584,4,0.684931506849315,0.341290910327769,27244|79726|84219|729438,SESN1|WDR59|WDR24|CASTOR2,-2.2884526505255156,0,4,0,0,-12.24603726430369,19.411386986301373,
1,-4.2700860213612035,GO:1904262,M1,1,0,GO Biological Processes,19,negative regulation of TORC1 signaling,19_GO:0048519 negative regulation of biological process,-4.2700860213612035,7.104821380607037,6.124080471857708,30230,51,584,7,1.1986301369863013,0.45031628818687125,5563|9681|26001|27244|79726|84219|729438,PRKAA2|DEPDC5|RNF167|SESN1|WDR59|WDR24|CASTOR2,-2.191215619113235,0,4,0,0,-12.24603726430369,19.411386986301373,
1,-3.427550051721769,CORUM:6217,M1,1,0,CORUM,33,GATOR complex,,-3.427550051721769,19.411386986301373,7.309794386284797,30230,8,584,3,0.5136986301369864,0.2958212874838213,9681|79726|84219,DEPDC5|WDR59|WDR24,-1.5960825035625454,0,4,0,0,-12.24603726430369,19.411386986301373,
1,-3.0018994494335294,R-HSA-9711097,M1,1,0,Reactome Gene Sets,6,Cellular response to starvation,,-3.0018994494335294,3.297050868161591,4.050114707814951,30230,157,584,10,1.7123287671232876,0.536829873604794,9681|10325|27244|64121|79726|84219|90423|201163|440275|729438,DEPDC5|RRAGB|SESN1|RRAGC|WDR59|WDR24|ATP6V1E2|FLCN|EIF2AK4|CASTOR2,-1.2937535086828567,0,4,0,0,-12.24603726430369,19.411386986301373,
1,-11.749011893166346,GO:1901137,M1,1,0,GO Biological Processes,19,carbohydrate derivative biosynthetic process,19_GO:0009987 cellular process,-11.749011893166346,3.6908163016140447,9.029200316679896,30230,561,584,40,6.8493150684931505,1.0452259291899884,1468|1798|2710|2977|3988|4249|4508|4540|4541|4706|4833|6391|6392|8693|9517|10020|10195|10585|11253|25875|26035|26289|29880|29929|29954|51422|54916|55454|55624|64924|65258|84061|84302|91869|93183|114805|124583|128869|285203|729920,SLC25A10|DPAGT1|GK|GUCY1A2|LIPA|MGAT5|ATP6|ND5|ND6|NDUFAB1|NME4|SDHC|SDHD|GALNT4|SPTLC2|GNE|ALG3|POMT1|MAN1B1|LETMD1|GLCE|AK5|ALG5|ALG6|POMT2|PRKAG2|TMEM260|CSGALNACT2|POMGNT1|SLC30A5|MPPE1|MAGT1|PGAP4|RFT1|PIGM|GALNT13|CANT1|PIGU|EOGT|CRPPA,-8.45265754670447,0,5,1,1,-11.749011893166346,12.940924657534245,
1,-6.0363437638617885,GO:0009100,M1,1,0,GO Biological Processes,19,glycoprotein metabolic process,19_GO:0009987 cellular process,-6.0363437638617885,3.359296076292076,6.131226130562451,30230,339,584,22,3.767123287671233,0.7878802744630862,1798|4249|8693|10195|10585|11253|26035|29880|29929|29954|54916|55454|55624|84061|84447|91869|114805|115290|124583|126433|285203|729920,DPAGT1|MGAT5|GALNT4|ALG3|POMT1|MAN1B1|GLCE|ALG5|ALG6|POMT2|TMEM260|CSGALNACT2|POMGNT1|MAGT1|SYVN1|RFT1|GALNT13|FBXO17|CANT1|FBXO27|EOGT|CRPPA,-3.5120665200713646,0,5,0,0,-11.749011893166346,12.940924657534245,
1,-5.741041865224501,GO:0009101,M1,1,0,GO Biological Processes,19,glycoprotein biosynthetic process,19_GO:0009987 cellular process,-5.741041865224501,3.60260173616338,6.062826506872599,30230,273,584,19,3.2534246575342465,0.7341448451657991,1798|4249|8693|10195|10585|11253|26035|29880|29929|29954|54916|55454|55624|84061|91869|114805|124583|285203|729920,DPAGT1|MGAT5|GALNT4|ALG3|POMT1|MAN1B1|GLCE|ALG5|ALG6|POMT2|TMEM260|CSGALNACT2|POMGNT1|MAGT1|RFT1|GALNT13|CANT1|EOGT|CRPPA,-3.2949251984292944,0,5,0,0,-11.749011893166346,12.940924657534245,
1,-4.491500363306042,GO:0006488,M1,1,0,GO Biological Processes,19,dolichol-linked oligosaccharide biosynthetic process,19_GO:0009987 cellular process,-4.491500363306042,12.940924657534245,7.497437516436176,30230,20,584,5,0.8561643835616438,0.3812457520636574,1798|10195|29880|29929|91869,DPAGT1|ALG3|ALG5|ALG6|RFT1,-2.356514019079143,0,5,0,0,-11.749011893166346,12.940924657534245,
1,-4.491500363306042,R-HSA-3781860,M1,1,0,Reactome Gene Sets,6,Diseases associated with N-glycosylation of proteins,,-4.491500363306042,12.940924657534245,7.497437516436176,30230,20,584,5,0.8561643835616438,0.3812457520636574,1798|10195|11253|29929|91869,DPAGT1|ALG3|MAN1B1|ALG6|RFT1,-2.356514019079143,0,5,0,0,-11.749011893166346,12.940924657534245,
1,-4.004507883613045,hsa00510,M1,1,0,KEGG Pathway,24,N-Glycan biosynthesis,,-4.004507883613045,6.470462328767122,5.750913877843262,30230,56,584,7,1.1986301369863013,0.45031628818687125,1798|4249|10195|11253|29880|29929|84061,DPAGT1|MGAT5|ALG3|MAN1B1|ALG5|ALG6|MAGT1,-2.010989333678414,0,5,0,0,-11.749011893166346,12.940924657534245,
1,-3.954824804621053,WP5153,M1,1,0,WikiPathways,27,N glycan biosynthesis,,-3.954824804621053,6.356945445806296,5.6817309799904185,30230,57,584,7,1.1986301369863013,0.45031628818687125,1798|4249|10195|11253|29880|29929|91869,DPAGT1|MGAT5|ALG3|MAN1B1|ALG5|ALG6|RFT1,-1.9737408929377698,0,5,0,0,-11.749011893166346,12.940924657534245,
1,-3.2878145654734916,GO:0006487,M1,1,0,GO Biological Processes,19,protein N-linked glycosylation,19_GO:0009987 cellular process,-3.2878145654734916,4.3590483056957465,4.602329578783928,30230,95,584,8,1.36986301369863,0.48099101587450915,1798|4249|10195|11253|29880|29929|84061|91869,DPAGT1|MGAT5|ALG3|MAN1B1|ALG5|ALG6|MAGT1|RFT1,-1.4898382793213907,0,5,0,0,-11.749011893166346,12.940924657534245,
1,-3.040592746975847,R-HSA-446193,M1,1,0,Reactome Gene Sets,6,"Biosynthesis of the N-glycan precursor (dolichol lipid-linked oligosaccharide, LLO) and transfer to a nascent protein",,-3.040592746975847,4.529323630136986,4.4363732797899145,30230,80,584,7,1.1986301369863013,0.45031628818687125,1798|10020|10195|26503|29880|29929|91869,DPAGT1|GNE|ALG3|SLC17A5|ALG5|ALG6|RFT1,-1.3245955146978263,0,5,0,0,-11.749011893166346,12.940924657534245,
1,-2.9184440976067147,R-HSA-446203,M1,1,0,Reactome Gene Sets,6,Asparagine N-linked glycosylation,,-2.9184440976067147,2.488639357218124,3.7096742600664228,30230,312,584,15,2.5684931506849313,0.6546097839047824,1798|4249|9382|10020|10195|11253|26503|29880|29929|58485|79139|84061|84342|84447|91869,DPAGT1|MGAT5|COG1|GNE|ALG3|MAN1B1|SLC17A5|ALG5|ALG6|TRAPPC1|DERL1|MAGT1|COG8|SYVN1|RFT1,-1.240137847856933,0,5,0,0,-11.749011893166346,12.940924657534245,
1,-2.8985802501862126,WP4521,M1,1,0,WikiPathways,27,Glycosylation and related congenital defects,,-2.8985802501862126,8.282191780821918,5.112436869188562,30230,25,584,4,0.684931506849315,0.341290910327769,1798|10195|29929|84061,DPAGT1|ALG3|ALG6|MAGT1,-1.232314618652544,0,5,0,0,-11.749011893166346,12.940924657534245,
1,-2.6784286458311772,R-HSA-3781865,M1,1,0,Reactome Gene Sets,6,Diseases of glycosylation,,-2.6784286458311772,3.212919225318847,3.748951454811428,30230,145,584,9,1.5410958904109588,0.509724966965557,1798|10020|10195|10585|11253|29929|29954|55624|91869,DPAGT1|GNE|ALG3|POMT1|MAN1B1|ALG6|POMT2|POMGNT1|RFT1,-1.0752147600445976,0,5,0,0,-11.749011893166346,12.940924657534245,
1,-2.1777953055736377,R-HSA-5668914,M1,1,0,Reactome Gene Sets,6,Diseases of metabolism,,-2.1777953055736377,2.3006088280060886,3.0129570220785054,30230,270,584,12,2.0547945205479454,0.5870422605221068,21|1798|10020|10195|10585|11253|29929|29954|55624|56922|91869|113612,ABCA3|DPAGT1|GNE|ALG3|POMT1|MAN1B1|ALG6|POMT2|POMGNT1|MCCC1|RFT1|CYP2U1,-0.7176595482764081,0,5,0,0,-11.749011893166346,12.940924657534245,
1,-10.929484611771356,GO:0005774,M1,1,0,GO Cellular Components,20,vacuolar membrane,,-10.929484611771356,3.697407045009785,8.69121884980641,30230,518,584,37,6.335616438356165,1.00803417140591,20|21|373|1185|1186|5587|6836|6845|9681|9821|10325|10948|23001|23400|23461|26001|26100|26503|27072|54978|55062|55238|55362|56262|64121|79109|79726|79803|84061|84219|84888|124997|200576|201163|201931|253260|340061,ABCA2|ABCA3|TRIM23|CLCN6|CLCN7|PRKD1|SURF4|VAMP7|DEPDC5|RB1CC1|RRAGB|STARD3|WDFY3|ATP13A2|ABCA5|RNF167|WIPI2|SLC17A5|VPS41|SLC35F6|WIPI1|SLC38A7|TMEM63B|LRRC8A|RRAGC|MAPKAP1|WDR59|HPS6|MAGT1|WDR24|SPPL2A|WDR81|PIKFYVE|FLCN|TMEM192|RICTOR|STING1,-7.758069001917781,0,6,1,1,-10.929484611771356,4.550654824627427,
1,-7.824098022675431,GO:0005765,M1,1,0,GO Cellular Components,20,lysosomal membrane,,-7.824098022675431,3.2970508681615915,7.051916500760162,30230,471,584,30,5.136986301369863,0.9134741018332575,20|21|373|1185|1186|6836|6845|9681|10325|10948|23400|23461|26001|26503|27072|54978|55238|55362|56262|64121|79109|79726|79803|84061|84219|84888|124997|201163|201931|253260,ABCA2|ABCA3|TRIM23|CLCN6|CLCN7|SURF4|VAMP7|DEPDC5|RRAGB|STARD3|ATP13A2|ABCA5|RNF167|SLC17A5|VPS41|SLC35F6|SLC38A7|TMEM63B|LRRC8A|RRAGC|MAPKAP1|WDR59|HPS6|MAGT1|WDR24|SPPL2A|WDR81|FLCN|TMEM192|RICTOR,-4.967076370043818,0,6,0,0,-10.929484611771356,4.550654824627427,
1,-7.824098022675431,GO:0098852,M1,1,0,GO Cellular Components,20,lytic vacuole membrane,,-7.824098022675431,3.2970508681615915,7.051916500760162,30230,471,584,30,5.136986301369863,0.9134741018332575,20|21|373|1185|1186|6836|6845|9681|10325|10948|23400|23461|26001|26503|27072|54978|55238|55362|56262|64121|79109|79726|79803|84061|84219|84888|124997|201163|201931|253260,ABCA2|ABCA3|TRIM23|CLCN6|CLCN7|SURF4|VAMP7|DEPDC5|RRAGB|STARD3|ATP13A2|ABCA5|RNF167|SLC17A5|VPS41|SLC35F6|SLC38A7|TMEM63B|LRRC8A|RRAGC|MAPKAP1|WDR59|HPS6|MAGT1|WDR24|SPPL2A|WDR81|FLCN|TMEM192|RICTOR,-4.967076370043818,0,6,0,0,-10.929484611771356,4.550654824627427,
1,-6.385834591315199,GO:0010008,M1,1,0,GO Cellular Components,20,endosome membrane,,-6.385834591315199,2.719931619317543,6.01804222537679,30230,609,584,32,5.47945205479452,0.9417275100487599,20|21|1185|4289|4615|5873|6490|6845|9897|10079|10454|10479|10948|23041|23092|23400|23461|23555|26001|27072|51107|51324|51761|55062|55362|79109|79658|79803|83891|84888|124997|200576,ABCA2|ABCA3|CLCN6|MKLN1|MYD88|RAB27A|PMEL|VAMP7|WASHC5|ATP9A|TAB1|SLC9A6|STARD3|MON2|ARHGAP26|ATP13A2|ABCA5|TSPAN15|RNF167|VPS41|APH1A|SPG21|ATP8A2|WIPI1|TMEM63B|MAPKAP1|ARHGAP10|HPS6|SNX25|SPPL2A|WDR81|PIKFYVE,-3.7811510104478434,0,6,0,0,-10.929484611771356,4.550654824627427,
1,-6.254160017378812,GO:0005770,M1,1,0,GO Cellular Components,20,late endosome,,-6.254160017378812,3.46140234000916,6.300470222675376,30230,329,584,22,3.767123287671233,0.7878802744630862,21|1185|5873|6490|6845|7274|10079|10479|10948|23400|23461|23555|27072|30849|54887|79109|79139|84888|124997|200576|201931|338692,ABCA3|CLCN6|RAB27A|PMEL|VAMP7|TTPA|ATP9A|SLC9A6|STARD3|ATP13A2|ABCA5|TSPAN15|VPS41|PIK3R4|BLTP3A|MAPKAP1|DERL1|SPPL2A|WDR81|PIKFYVE|TMEM192|ANKRD13D,-3.6805319771273175,0,6,0,0,-10.929484611771356,4.550654824627427,
1,-6.24988759565293,GO:0031902,M1,1,0,GO Cellular Components,20,late endosome membrane,,-6.24988759565293,4.550654824627427,6.743286705170757,30230,182,584,16,2.73972602739726,0.6754837232184769,21|1185|5873|6490|6845|10079|10479|10948|23400|23461|23555|27072|79109|84888|124997|200576,ABCA3|CLCN6|RAB27A|PMEL|VAMP7|ATP9A|SLC9A6|STARD3|ATP13A2|ABCA5|TSPAN15|VPS41|MAPKAP1|SPPL2A|WDR81|PIKFYVE,-3.6805319771273175,0,6,0,0,-10.929484611771356,4.550654824627427,
1,-9.514673531948246,GO:0010506,M1,1,0,GO Biological Processes,19,regulation of autophagy,19_GO:0050789 regulation of biological process,-9.514673531948246,4.013762728005275,8.23122189295918,30230,374,584,29,4.965753424657534,0.8989307150523217,373|706|5286|5290|5563|5587|6721|8925|9517|9638|9681|9817|9821|10325|11043|23032|23400|23411|27244|30849|55062|60673|64121|66036|84219|84861|90423|201163|340061,TRIM23|TSPO|PIK3C2A|PIK3CA|PRKAA2|PRKD1|SREBF2|HERC1|SPTLC2|FEZ1|DEPDC5|KEAP1|RB1CC1|RRAGB|MID2|USP33|ATP13A2|SIRT1|SESN1|PIK3R4|WIPI1|ATG101|RRAGC|MTMR9|WDR24|KLHL22|ATP6V1E2|FLCN|STING1,-6.461357234172666,0,7,1,1,-9.514673531948246,5.081099252037986,
1,-6.905225482084204,GO:0010508,M1,1,0,GO Biological Processes,19,positive regulation of autophagy,19_GO:0048518 positive regulation of biological process,-6.905225482084204,5.081099252037986,7.332653649838207,30230,163,584,16,2.73972602739726,0.6754837232184769,373|5286|5563|5587|9517|9681|9821|11043|23032|23411|27244|55062|60673|84219|201163|340061,TRIM23|PIK3C2A|PRKAA2|PRKD1|SPTLC2|DEPDC5|RB1CC1|MID2|USP33|SIRT1|SESN1|WIPI1|ATG101|WDR24|FLCN|STING1,-4.228659893910724,0,7,0,0,-9.514673531948246,5.081099252037986,
1,-5.07318528175733,GO:0016241,M1,1,0,GO Biological Processes,19,regulation of macroautophagy,19_GO:0050789 regulation of biological process,-5.07318528175733,3.9017863289047976,5.7642436953589105,30230,199,584,15,2.5684931506849313,0.6546097839047824,706|5290|5563|6721|9517|9638|23032|23400|23411|27244|30849|55062|84219|90423|340061,TSPO|PIK3CA|PRKAA2|SREBF2|SPTLC2|FEZ1|USP33|ATP13A2|SIRT1|SESN1|PIK3R4|WIPI1|WDR24|ATP6V1E2|STING1,-2.7350761871884544,0,7,0,0,-9.514673531948246,5.081099252037986,
1,-3.773916553425079,GO:0009896,M1,1,0,GO Biological Processes,19,positive regulation of catabolic process,19_GO:0048518 positive regulation of biological process,-3.773916553425079,2.166852500796432,4.204315448449909,30230,645,584,27,4.623287671232877,0.8689408391281002,20|373|4292|5286|5563|5580|5581|5587|9517|9681|9817|9821|11043|23032|23411|23658|25819|27244|27257|54542|55062|60673|84219|91304|167227|201163|340061,ABCA2|TRIM23|MLH1|PIK3C2A|PRKAA2|PRKCD|PRKCE|PRKD1|SPTLC2|DEPDC5|KEAP1|RB1CC1|MID2|USP33|SIRT1|LSM5|NOCT|SESN1|LSM1|RC3H2|WIPI1|ATG101|WDR24|TMEM259|DCP2|FLCN|STING1,-1.8455389922577987,0,7,0,0,-9.514673531948246,5.081099252037986,
1,-3.2272035595073443,GO:0016239,M1,1,0,GO Biological Processes,19,positive regulation of macroautophagy,19_GO:0048518 positive regulation of biological process,-3.2272035595073443,4.269171021042226,4.526240055009555,30230,97,584,8,1.36986301369863,0.48099101587450915,5563|9517|23032|23411|27244|55062|84219|340061,PRKAA2|SPTLC2|USP33|SIRT1|SESN1|WIPI1|WDR24|STING1,-1.452640862684593,0,7,0,0,-9.514673531948246,5.081099252037986,
1,-9.403309417910698,GO:0006869,M1,1,0,GO Biological Processes,19,lipid transport,19_GO:0051179 localization,-9.403309417910698,4.0943038464515125,8.21937177168806,30230,354,584,28,4.794520547945205,0.8840913487074371,20|21|24|706|1468|3988|4547|4833|5375|6836|7274|9885|10079|10478|10948|11001|23074|23461|51542|51761|55362|55852|57605|57655|84947|91869|116362|153768,ABCA2|ABCA3|ABCA4|TSPO|SLC25A10|LIPA|MTTP|NME4|PMP2|SURF4|TTPA|OSBPL2|ATP9A|SLC25A17|STARD3|SLC27A2|BLTP3B|ABCA5|VPS54|ATP8A2|TMEM63B|TEX2|PITPNM2|GRAMD1A|SERAC1|RFT1|RBP7|PRELID2,-6.370196506223405,0,8,1,1,-9.403309417910698,10.588029265255292,
1,-9.375430925113216,GO:0010876,M1,1,0,GO Biological Processes,19,lipid localization,19_GO:0051179 localization,-9.375430925113216,4.082770596179818,8.200431198760983,30230,355,584,28,4.794520547945205,0.8840913487074371,20|21|24|706|1468|3988|4547|4833|5375|6836|7274|9885|10079|10478|10948|11001|23074|23461|51542|51761|55362|55852|57605|57655|84947|91869|116362|153768,ABCA2|ABCA3|ABCA4|TSPO|SLC25A10|LIPA|MTTP|NME4|PMP2|SURF4|TTPA|OSBPL2|ATP9A|SLC25A17|STARD3|SLC27A2|BLTP3B|ABCA5|VPS54|ATP8A2|TMEM63B|TEX2|PITPNM2|GRAMD1A|SERAC1|RFT1|RBP7|PRELID2,-6.36162316862131,0,8,0,0,-9.403309417910698,10.588029265255292,
1,-6.863869896085889,GO:0120009,M1,1,0,GO Biological Processes,19,intermembrane lipid transfer,19_GO:0051179 localization,-6.863869896085889,10.588029265255292,8.932811447406003,30230,44,584,9,1.5410958904109588,0.509724966965557,21|4547|4833|7274|9885|23074|55362|57605|153768,ABCA3|MTTP|NME4|TTPA|OSBPL2|BLTP3B|TMEM63B|PITPNM2|PRELID2,-4.195904479674326,0,8,0,0,-9.403309417910698,10.588029265255292,
1,-4.984665165883272,GO:0015748,M1,1,0,GO Biological Processes,19,organophosphate ester transport,19_GO:0051179 localization,-4.984665165883272,4.071302139448976,5.768077873595219,30230,178,584,14,2.3972602739726026,0.6329686127171638,21|24|4547|4833|9885|10079|10478|51761|55362|56262|57605|84275|114789|153768,ABCA3|ABCA4|MTTP|NME4|OSBPL2|ATP9A|SLC25A17|ATP8A2|TMEM63B|LRRC8A|PITPNM2|SLC25A33|SLC25A25|PRELID2,-2.691914943690223,0,8,0,0,-9.403309417910698,10.588029265255292,
1,-4.253672609966599,GO:0015914,M1,1,0,GO Biological Processes,19,phospholipid transport,19_GO:0051179 localization,-4.253672609966599,4.705790784557907,5.464935210302499,30230,110,584,10,1.7123287671232876,0.536829873604794,21|24|4547|4833|9885|10079|51761|55362|57605|153768,ABCA3|ABCA4|MTTP|NME4|OSBPL2|ATP9A|ATP8A2|TMEM63B|PITPNM2|PRELID2,-2.1856330553703125,0,8,0,0,-9.403309417910698,10.588029265255292,
1,-3.8118956613246304,GO:0034204,M1,1,0,GO Biological Processes,19,lipid translocation,19_GO:0051179 localization,-3.8118956613246304,6.039098173515981,5.4837298467734925,30230,60,584,7,1.1986301369863013,0.45031628818687125,20|21|24|10079|51761|55362|91869,ABCA2|ABCA3|ABCA4|ATP9A|ATP8A2|TMEM63B|RFT1,-1.8693293596895368,0,8,0,0,-9.403309417910698,10.588029265255292,
1,-3.4698400109485887,GO:0097035,M1,1,0,GO Biological Processes,19,regulation of membrane lipid distribution,19_GO:0065007 biological regulation,-3.4698400109485887,5.328616035455277,5.01543624609394,30230,68,584,7,1.1986301369863013,0.45031628818687125,20|21|24|10079|51761|55362|91869,ABCA2|ABCA3|ABCA4|ATP9A|ATP8A2|TMEM63B|RFT1,-1.6127278821292654,0,8,0,0,-9.403309417910698,10.588029265255292,
1,-9.296283744137849,GO:0141124,M1,1,0,GO Biological Processes,19,intracellular signaling cassette,19_GO:0050896 response to stimulus,-9.296283744137849,2.872134602428786,7.498288598865976,30230,793,584,44,7.534246575342466,1.0922044646476274,673|1052|1121|1600|1718|2353|2899|2977|3551|3611|3726|3988|4615|5286|5287|5290|5311|5580|5587|5602|5609|6016|6300|6655|7410|7867|9138|9986|10451|10454|10900|23348|23682|25875|30849|51776|55103|57531|57560|59338|64121|81704|90550|440275,BRAF|CEBPD|CHM|DAB1|DHCR24|FOS|GRIK3|GUCY1A2|IKBKB|ILK|JUNB|LIPA|MYD88|PIK3C2A|PIK3C2B|PIK3CA|PKD2|PRKCD|PRKD1|MAPK10|MAP2K7|RIT1|MAPK12|SOS2|VAV2|MAPKAPK3|ARHGEF1|RCE1|VAV3|TAB1|RUNDC3A|DOCK9|RAB38|LETMD1|PIK3R4|MAP3K20|RALGPS2|HACE1|IFT80|PLEKHA1|RRAGC|DOCK8|MCU|EIF2AK4,-6.300959393339956,0,9,1,1,-9.296283744137849,3.022697730226977,
1,-4.012207623659306,GO:0007264,M1,1,0,GO Biological Processes,19,small GTPase-mediated signal transduction,19_GO:0050896 response to stimulus,-4.012207623659306,3.022697730226977,4.7206262744713525,30230,274,584,16,2.73972602739726,0.6754837232184769,1121|1600|1718|3988|6016|6655|7410|9138|10451|10900|23348|23682|55103|57531|64121|81704,CHM|DAB1|DHCR24|LIPA|RIT1|SOS2|VAV2|ARHGEF1|VAV3|RUNDC3A|DOCK9|RAB38|RALGPS2|HACE1|RRAGC|DOCK8,-2.016883272861412,0,9,0,0,-9.296283744137849,3.022697730226977,
1,-9.209006137779328,GO:0005759,M1,1,0,GO Cellular Components,20,mitochondrial matrix,,-9.209006137779328,3.3488529612842783,7.737344609720951,30230,541,584,35,5.993150684931507,0.9822022478873127,1757|4285|4337|4706|4833|5428|6041|8505|9238|9489|10157|10873|22868|23395|25902|51106|51205|51601|54704|54802|55149|56922|57038|57570|60558|64172|64745|79736|80324|81554|84266|84274|84340|84461|197322,SARDH|MIPEP|MOCS1|NDUFAB1|NME4|POLG|RNASEL|PARG|TBRG4|PGS1|AASS|ME3|FASTKD2|LARS2|MTHFD1L|TFB1M|ACP6|LIPT1|PDP1|TRIT1|MTPAP|MCCC1|RARS2|TRMT5|GUF1|OSGEPL1|METTL17|TEFM|PUS1|RCC1L|ALKBH7|COQ5|GFM2|NEURL4|ACSF3,-6.231410553941866,0,10,1,1,-9.209006137779328,3.3488529612842783,
1,-8.719737318076382,hsa04150,M1,1,0,KEGG Pathway,24,mTOR signaling pathway,,-8.719737318076382,5.897130223686491,8.662122110275858,30230,158,584,18,3.0821917808219177,0.7151961986636398,673|3551|5290|5563|5582|6655|9681|10325|23175|64121|79109|79726|81029|84219|90423|201163|253260|729438,BRAF|IKBKB|PIK3CA|PRKAA2|PRKCG|SOS2|DEPDC5|RRAGB|LPIN1|RRAGC|MAPKAP1|WDR59|WNT5B|WDR24|ATP6V1E2|FLCN|RICTOR|CASTOR2,-5.7913597569091015,0,11,1,1,-8.719737318076382,14.117372353673726,
1,-3.4305787790996067,M121,M1,1,0,Canonical Pathways,11,PID MTOR 4PATHWAY,,-3.4305787790996067,5.251389716100853,4.962126783859203,30230,69,584,7,1.1986301369863013,0.45031628818687125,673|3551|9821|10325|64121|79109|253260,BRAF|IKBKB|RB1CC1|RRAGB|RRAGC|MAPKAP1|RICTOR,-1.5960825035625454,0,11,0,0,-8.719737318076382,14.117372353673726,
1,-3.1974968473640133,R-HSA-4420097,M1,1,0,Reactome Gene Sets,6,VEGFA-VEGFR2 Pathway,,-3.1974968473640133,4.225608051439754,4.4889618515171295,30230,98,584,8,1.36986301369863,0.48099101587450915,5290|5580|6300|7410|7867|10451|79109|253260,PIK3CA|PRKCD|MAPK12|VAV2|MAPKAPK3|VAV3|MAPKAP1|RICTOR,-1.433241768742604,0,11,0,0,-8.719737318076382,14.117372353673726,
1,-3.10573636001466,WP5215,M1,1,0,WikiPathways,27,Targeted agents in triple negative breast cancer,,-3.10573636001466,6.811012977649603,5.030752642174386,30230,38,584,5,0.8561643835616438,0.3812457520636574,673|5290|6655|79109|253260,BRAF|PIK3CA|SOS2|MAPKAP1|RICTOR,-1.3660771972814527,0,11,0,0,-8.719737318076382,14.117372353673726,
1,-2.977063657728385,GO:0038203,M1,1,0,GO Biological Processes,19,TORC2 signaling,19_GO:0050896 response to stimulus,-2.977063657728385,14.117372353673726,6.107147464569147,30230,11,584,3,0.5136986301369864,0.2958212874838213,5290|79109|253260,PIK3CA|MAPKAP1|RICTOR,-1.2823034864608833,0,11,0,0,-8.719737318076382,14.117372353673726,
1,-2.9466654374797785,R-HSA-194138,M1,1,0,Reactome Gene Sets,6,Signaling by VEGF,,-2.9466654374797785,3.870183075150429,4.174338263895234,30230,107,584,8,1.36986301369863,0.48099101587450915,5290|5580|6300|7410|7867|10451|79109|253260,PIK3CA|PRKCD|MAPK12|VAV2|MAPKAPK3|VAV3|MAPKAP1|RICTOR,-1.2630949477376394,0,11,0,0,-8.719737318076382,14.117372353673726,
1,-2.9041357593555714,GO:0031929,M1,1,0,GO Biological Processes,19,TOR signaling,19_GO:0050896 response to stimulus,-2.9041357593555714,6.162345075016307,4.698830376692817,30230,42,584,5,0.8561643835616438,0.3812457520636574,3988|5290|9252|79109|253260,LIPA|PIK3CA|RPS6KA5|MAPKAP1|RICTOR,-1.232314618652544,0,11,0,0,-8.719737318076382,14.117372353673726,
1,-2.6514690930611815,R-HSA-5218920,M1,1,0,Reactome Gene Sets,6,VEGFR2 mediated vascular permeability,,-2.6514690930611815,7.13982050070855,4.642792493670461,30230,29,584,4,0.684931506849315,0.341290910327769,7410|10451|79109|253260,VAV2|VAV3|MAPKAP1|RICTOR,-1.0569704391728139,0,11,0,0,-8.719737318076382,14.117372353673726,
1,-2.561529066081665,WP3873,M1,1,0,WikiPathways,27,RIOK1 and RIOK2 in EGFR and PI3K mediated tumorigenesis,,-2.561529066081665,10.3527397260274,5.085204710901933,30230,15,584,3,0.5136986301369864,0.2958212874838213,5290|79109|253260,PIK3CA|MAPKAP1|RICTOR,-0.9907169731803744,0,11,0,0,-8.719737318076382,14.117372353673726,
1,-2.50978903512985,WP4674,M1,1,0,WikiPathways,27,Head and neck squamous cell carcinoma,,-2.50978903512985,4.197056645686783,3.864689306433497,30230,74,584,6,1.0273972602739727,0.417272989913396,5290|5563|9817|27244|79109|253260,PIK3CA|PRKAA2|KEAP1|SESN1|MAPKAP1|RICTOR,-0.9498311909446181,0,11,0,0,-8.719737318076382,14.117372353673726,
1,-2.491143383162605,WP3844,M1,1,0,WikiPathways,27,PI3K AKT mTOR signaling and therapeutic opportunities in prostate cancer,,-2.491143383162605,6.470462328767123,4.345554411615855,30230,32,584,4,0.684931506849315,0.341290910327769,5290|9821|79109|253260,PIK3CA|RB1CC1|MAPKAP1|RICTOR,-0.9410339084209286,0,11,0,0,-8.719737318076382,14.117372353673726,
1,-2.4775850656192304,R-HSA-9920951,M1,1,0,Reactome Gene Sets,6,Dengue virus modulates apoptosis,,-2.4775850656192304,9.705693493150687,4.888712675651234,30230,16,584,3,0.5136986301369864,0.2958212874838213,30849|79109|253260,PIK3R4|MAPKAP1|RICTOR,-0.9313532459407559,0,11,0,0,-8.719737318076382,14.117372353673726,
1,-8.2128484039784,R-HSA-73887,M1,1,0,Reactome Gene Sets,6,Death Receptor Signaling,,-8.2128484039784,6.274387712743877,8.523647077261217,30230,132,584,16,2.73972602739726,0.6754837232184769,1540|3551|4615|6655|7410|8439|9138|9639|10451|10454|23229|50649|51107|55160|84888|142678,CYLD|IKBKB|MYD88|SOS2|VAV2|NSMAF|ARHGEF1|ARHGEF10|VAV3|TAB1|ARHGEF9|ARHGEF4|APH1A|ARHGEF10L|SPPL2A|MIB2,-5.299710809367856,0,12,1,1,-8.2128484039784,7.26508050949291,
1,-5.802820028863341,GO:0051056,M1,1,0,GO Biological Processes,19,regulation of small GTPase mediated signal transduction,19_GO:0050896 response to stimulus,-5.802820028863341,3.3654417066033333,5.998771885457309,30230,323,584,21,3.595890410958904,0.7704502033461142,5922|7126|7410|9138|9639|9927|10451|22821|23092|23229|23348|50649|55103|55160|79109|79658|81704|84078|89890|143872|201163,RASA2|TNFAIP1|VAV2|ARHGEF1|ARHGEF10|MFN2|VAV3|RASA3|ARHGAP26|ARHGEF9|DOCK9|ARHGEF4|RALGPS2|ARHGEF10L|MAPKAP1|ARHGAP10|DOCK8|KBTBD7|KBTBD6|ARHGAP42|FLCN,-3.335769455232491,0,12,0,0,-8.2128484039784,7.26508050949291,
1,-5.684905923580032,R-HSA-193704,M1,1,0,Reactome Gene Sets,6,p75 NTR receptor-mediated signalling,,-5.684905923580032,6.05745409501603,6.892683460565062,30230,94,584,11,1.8835616438356164,0.5625412616790831,3551|4615|6655|7410|9138|9639|10451|23229|50649|51107|55160,IKBKB|MYD88|SOS2|VAV2|ARHGEF1|ARHGEF10|VAV3|ARHGEF9|ARHGEF4|APH1A|ARHGEF10L,-3.250604802575054,0,12,0,0,-8.2128484039784,7.26508050949291,
1,-4.943165892487628,R-HSA-204998,M1,1,0,Reactome Gene Sets,6,"Cell death signalling via NRAGE, NRIF and NADE",,-4.943165892487628,6.381825858510039,6.4614838745979535,30230,73,584,9,1.5410958904109588,0.509724966965557,6655|7410|9138|9639|10451|23229|50649|51107|55160,SOS2|VAV2|ARHGEF1|ARHGEF10|VAV3|ARHGEF9|ARHGEF4|APH1A|ARHGEF10L,-2.6616531395528735,0,12,0,0,-8.2128484039784,7.26508050949291,
1,-4.940278719054317,R-HSA-9013148,M1,1,0,Reactome Gene Sets,6,CDC42 GTPase cycle,,-4.940278719054317,4.313641552511415,5.823813928439755,30230,156,584,13,2.2260273972602738,0.6104786211136067,7410|8476|9639|10451|23092|23229|23348|50649|79658|81704|81839|124997|143872,VAV2|CDC42BPA|ARHGEF10|VAV3|ARHGAP26|ARHGEF9|DOCK9|ARHGEF4|ARHGAP10|DOCK8|VANGL1|WDR81|ARHGAP42,-2.6616531395528735,0,12,0,0,-8.2128484039784,7.26508050949291,
1,-4.876477464969635,R-HSA-193648,M1,1,0,Reactome Gene Sets,6,NRAGE signals death through JNK,,-4.876477464969635,7.26508050949291,6.644925243878836,30230,57,584,8,1.36986301369863,0.48099101587450915,6655|7410|9138|9639|10451|23229|50649|55160,SOS2|VAV2|ARHGEF1|ARHGEF10|VAV3|ARHGEF9|ARHGEF4|ARHGEF10L,-2.611538672976895,0,12,0,0,-8.2128484039784,7.26508050949291,
1,-4.162014185295482,R-HSA-9013149,M1,1,0,Reactome Gene Sets,6,RAC1 GTPase cycle,,-4.162014185295482,3.6374490929285446,5.050322449530669,30230,185,584,13,2.2260273972602738,0.6104786211136067,5290|6655|7410|8476|9639|10451|23092|23348|50649|79658|81704|81839|143872,PIK3CA|SOS2|VAV2|CDC42BPA|ARHGEF10|VAV3|ARHGAP26|DOCK9|ARHGEF4|ARHGAP10|DOCK8|VANGL1|ARHGAP42,-2.1315526318007625,0,12,0,0,-8.2128484039784,7.26508050949291,
1,-3.9293975985685714,R-HSA-8980692,M1,1,0,Reactome Gene Sets,6,RHOA GTPase cycle,,-3.9293975985685714,3.954171423135464,4.987351468723444,30230,144,584,11,1.8835616438356164,0.5625412616790831,7410|9138|9639|10451|23092|50649|55160|55852|79658|81839|143872,VAV2|ARHGEF1|ARHGEF10|VAV3|ARHGAP26|ARHGEF4|ARHGEF10L|TEX2|ARHGAP10|VANGL1|ARHGAP42,-1.95698252723489,0,12,0,0,-8.2128484039784,7.26508050949291,
1,-3.878440244785338,R-HSA-416482,M1,1,0,Reactome Gene Sets,6,G alpha (12/13) signalling events,,-3.878440244785338,5.309097295398665,5.348238931071913,30230,78,584,8,1.36986301369863,0.48099101587450915,6655|7410|9138|9639|10451|23229|50649|55160,SOS2|VAV2|ARHGEF1|ARHGEF10|VAV3|ARHGEF9|ARHGEF4|ARHGEF10L,-1.9195451596141195,0,12,0,0,-8.2128484039784,7.26508050949291,
1,-3.78416252257661,R-HSA-9012999,M1,1,0,Reactome Gene Sets,6,RHO GTPase cycle,,-3.78416252257661,2.459361247133205,4.337989868061919,30230,442,584,21,3.595890410958904,0.7704502033461142,5290|6655|7126|7410|8476|9138|9639|10451|23074|23092|23229|23348|50649|54514|55160|55852|79658|81704|81839|124997|143872,PIK3CA|SOS2|TNFAIP1|VAV2|CDC42BPA|ARHGEF1|ARHGEF10|VAV3|BLTP3B|ARHGAP26|ARHGEF9|DOCK9|ARHGEF4|DDX4|ARHGEF10L|TEX2|ARHGAP10|DOCK8|VANGL1|WDR81|ARHGAP42,-1.851106699131559,0,12,0,0,-8.2128484039784,7.26508050949291,
1,-3.085206676630947,R-HSA-9716542,M1,1,0,Reactome Gene Sets,6,"Signaling by Rho GTPases, Miro GTPases and RHOBTB3",,-3.085206676630947,1.954713095124054,3.6260999292763887,30230,715,584,27,4.623287671232877,0.8689408391281002,3985|5290|5580|6655|7126|7410|8476|9138|9639|9927|10451|23074|23092|23229|23348|30849|50649|54514|55160|55669|55852|64946|79658|81704|81839|124997|143872,LIMK2|PIK3CA|PRKCD|SOS2|TNFAIP1|VAV2|CDC42BPA|ARHGEF1|ARHGEF10|MFN2|VAV3|BLTP3B|ARHGAP26|ARHGEF9|DOCK9|PIK3R4|ARHGEF4|DDX4|ARHGEF10L|MFN1|TEX2|CENPH|ARHGAP10|DOCK8|VANGL1|WDR81|ARHGAP42,-1.3511451946255473,0,12,0,0,-8.2128484039784,7.26508050949291,
1,-2.7630663570185066,R-HSA-9013026,M1,1,0,Reactome Gene Sets,6,RHOB GTPase cycle,,-2.7630663570185066,4.705790784557909,4.230032074199431,30230,66,584,6,1.0273972602739727,0.417272989913396,7410|9138|9639|23092|55160|81839,VAV2|ARHGEF1|ARHGEF10|ARHGAP26|ARHGEF10L|VANGL1,-1.133385959682736,0,12,0,0,-8.2128484039784,7.26508050949291,
1,-2.724386582292341,M68,M1,1,0,Canonical Pathways,11,PID RHOA REG PATHWAY,,-2.724386582292341,5.626488981536628,4.407347698683296,30230,46,584,5,0.8561643835616438,0.3812457520636574,7410|9138|9639|10451|55160,VAV2|ARHGEF1|ARHGEF10|VAV3|ARHGEF10L,-1.104725845455333,0,12,0,0,-8.2128484039784,7.26508050949291,
1,-2.6318584134628558,R-HSA-9013106,M1,1,0,Reactome Gene Sets,6,RHOC GTPase cycle,,-2.6318584134628558,4.436888454011743,4.040490130202073,30230,70,584,6,1.0273972602739727,0.417272989913396,7410|9138|9639|23092|55160|81839,VAV2|ARHGEF1|ARHGEF10|ARHGAP26|ARHGEF10L|VANGL1,-1.0409401135862317,0,12,0,0,-8.2128484039784,7.26508050949291,
1,-2.583554402949293,R-HSA-194315,M1,1,0,Reactome Gene Sets,6,Signaling by Rho GTPases,,-2.583554402949293,1.8513483057988909,3.1962596254332127,30230,699,584,25,4.280821917808219,0.8376385138868881,3985|5290|5580|6655|7126|7410|8476|9138|9639|10451|23074|23092|23229|23348|30849|50649|54514|55160|55852|64946|79658|81704|81839|124997|143872,LIMK2|PIK3CA|PRKCD|SOS2|TNFAIP1|VAV2|CDC42BPA|ARHGEF1|ARHGEF10|VAV3|BLTP3B|ARHGAP26|ARHGEF9|DOCK9|PIK3R4|ARHGEF4|DDX4|ARHGEF10L|TEX2|CENPH|ARHGAP10|DOCK8|VANGL1|WDR81|ARHGAP42,-1.00528635127051,0,12,0,0,-8.2128484039784,7.26508050949291,
1,-8.153398036203203,GO:0030991,M1,1,0,GO Cellular Components,20,intraciliary transport particle A,,-8.153398036203203,18.004764740917214,11.450277442182086,30230,23,584,8,1.36986301369863,0.48099101587450915,8100|9742|26160|55764|57560|57728|79809|90410,IFT88|IFT140|IFT172|IFT122|IFT80|WDR19|TTC21B|IFT20,-5.254983698413366,0,13,1,1,-8.153398036203203,41.41095890410959,
1,-7.824612641480088,GO:0030990,M1,1,0,GO Cellular Components,20,intraciliary transport particle,,-7.824612641480088,16.564383561643837,10.926920185801437,30230,25,584,8,1.36986301369863,0.48099101587450915,8100|9742|26160|55764|57560|57728|79809|90410,IFT88|IFT140|IFT172|IFT122|IFT80|WDR19|TTC21B|IFT20,-4.967076370043818,0,13,0,0,-8.153398036203203,41.41095890410959,
1,-7.376190888178955,GO:0097542,M1,1,0,GO Cellular Components,20,ciliary tip,,-7.376190888178955,10.149744829438623,9.178609846054883,30230,51,584,10,1.7123287671232876,0.536829873604794,1540|8100|9742|22920|26160|55764|57560|57728|79809|90410,CYLD|IFT88|IFT140|KIFAP3|IFT172|IFT122|IFT80|WDR19|TTC21B|IFT20,-4.580438892286265,0,13,0,0,-8.153398036203203,41.41095890410959,
1,-6.392338535530367,R-HSA-1852241,M1,1,0,Reactome Gene Sets,6,Organelle biogenesis and maintenance,,-6.392338535530367,3.6600594991005946,6.465910879752024,30230,297,584,21,3.595890410958904,0.7704502033461142,4508|5311|5563|6300|8100|8834|9742|22920|23354|26160|50807|51106|51422|55764|57560|57728|79809|79867|84131|90410|123016,ATP6|PKD2|PRKAA2|MAPK12|IFT88|TMEM11|IFT140|KIFAP3|HAUS5|IFT172|ASAP1|TFB1M|PRKAG2|IFT122|IFT80|WDR19|TTC21B|TCTN2|CEP78|IFT20|TTC8,-3.7811510104478434,0,13,0,0,-8.153398036203203,41.41095890410959,
1,-6.168234429740838,CORUM:6585,M1,1,0,CORUM,33,Intraflagellar transport complex A,,-6.168234429740838,41.41095890410959,12.683416817220317,30230,5,584,4,0.684931506849315,0.341290910327769,9742|55764|57728|79809,IFT140|IFT122|WDR19|TTC21B,-3.6252077499375743,0,13,0,0,-8.153398036203203,41.41095890410959,
1,-6.063277347152852,R-HSA-5620924,M1,1,0,Reactome Gene Sets,6,Intraflagellar transport,,-6.063277347152852,8.62728310502283,7.873560567929037,30230,54,584,9,1.5410958904109588,0.509724966965557,8100|9742|22920|26160|55764|57560|57728|79809|90410,IFT88|IFT140|KIFAP3|IFT172|IFT122|IFT80|WDR19|TTC21B|IFT20,-3.532839794657609,0,13,0,0,-8.153398036203203,41.41095890410959,
1,-5.251057110673255,WP4536,M1,1,0,WikiPathways,27,Genes related to primary cilium development based on CRISPR,,-5.251057110673255,5.475006585879873,6.416155403401941,30230,104,584,11,1.8835616438356164,0.5625412616790831,8100|9742|22920|26160|55764|57560|57728|79809|79867|90410|123016,IFT88|IFT140|KIFAP3|IFT172|IFT122|IFT80|WDR19|TTC21B|TCTN2|IFT20|TTC8,-2.8883587428689275,0,13,0,0,-8.153398036203203,41.41095890410959,
1,-5.105868826677588,WP5234,M1,1,0,WikiPathways,27,Bardet Biedl syndrome,,-5.105868826677588,5.882238480697384,6.437386048514832,30230,88,584,10,1.7123287671232876,0.536829873604794,406|5311|9742|26160|55764|57560|57728|79809|123016|201163,BMAL1|PKD2|IFT140|IFT172|IFT122|IFT80|WDR19|TTC21B|TTC8|FLCN,-2.763756989655038,0,13,0,0,-8.153398036203203,41.41095890410959,
1,-5.055318021886079,GO:0042073,M1,1,0,GO Biological Processes,19,intraciliary transport,19_GO:0051179 localization,-5.055318021886079,7.668696093353628,6.88402172531845,30230,54,584,8,1.36986301369863,0.48099101587450915,8100|9742|26160|55764|57560|57728|79809|90410,IFT88|IFT140|IFT172|IFT122|IFT80|WDR19|TTC21B|IFT20,-2.7264696685215166,0,13,0,0,-8.153398036203203,41.41095890410959,
1,-5.020958041849283,R-HSA-5617833,M1,1,0,Reactome Gene Sets,6,Cilium Assembly,,-5.020958041849283,3.862962584338581,5.715819790143708,30230,201,584,15,2.5684931506849313,0.6546097839047824,5311|8100|9742|22920|23354|26160|50807|55764|57560|57728|79809|79867|84131|90410|123016,PKD2|IFT88|IFT140|KIFAP3|HAUS5|IFT172|ASAP1|IFT122|IFT80|WDR19|TTC21B|TCTN2|CEP78|IFT20|TTC8,-2.7098804385667026,0,13,0,0,-8.153398036203203,41.41095890410959,
1,-4.821253895566774,WP4803,M1,1,0,WikiPathways,27,Ciliopathies,,-4.821253895566774,3.93854228707564,5.611549349525374,30230,184,584,14,2.3972602739726026,0.6329686127171638,5311|9742|26160|30849|55624|55764|57560|57728|79809|79867|83479|84131|123016|201163,PKD2|IFT140|IFT172|PIK3R4|POMGNT1|IFT122|IFT80|WDR19|TTC21B|TCTN2|DDX59|CEP78|TTC8|FLCN,-2.5819270719048757,0,13,0,0,-8.153398036203203,41.41095890410959,
1,-4.735171658700218,GO:0035720,M1,1,0,GO Biological Processes,19,intraciliary anterograde transport,19_GO:0051179 localization,-4.735171658700218,14.37880517503805,7.968913372127734,30230,18,584,5,0.8561643835616438,0.3812457520636574,8100|26160|55764|57560|90410,IFT88|IFT172|IFT122|IFT80|IFT20,-2.523988921975156,0,13,0,0,-8.153398036203203,41.41095890410959,
1,-4.530114847861595,GO:0061512,M1,1,0,GO Biological Processes,19,protein localization to cilium,19_GO:0051179 localization,-4.530114847861595,5.6813815569662545,5.957814463821509,30230,82,584,9,1.5410958904109588,0.509724966965557,9742|50807|55764|57560|57728|79809|79867|84131|90410,IFT140|ASAP1|IFT122|IFT80|WDR19|TTC21B|TCTN2|CEP78|IFT20,-2.38502817673037,0,13,0,0,-8.153398036203203,41.41095890410959,
1,-4.422203899577439,GO:0036064,M1,1,0,GO Cellular Components,20,ciliary basal body,,-4.422203899577439,3.435643714389623,5.158383931715701,30230,226,584,15,2.5684931506849313,0.6546097839047824,1540|2733|5311|5563|8100|9742|22920|26160|55764|57560|79874|84131|90410|93664|123016,CYLD|GLE1|PKD2|PRKAA2|IFT88|IFT140|KIFAP3|IFT172|IFT122|IFT80|RABEP2|CEP78|IFT20|CADPS2|TTC8,-2.3019408121712455,0,13,0,0,-8.153398036203203,41.41095890410959,
1,-4.156873567896749,CORUM:6174,M1,1,0,CORUM,33,Intraflagellar transport complex B peripheral subcomplex,,-4.156873567896749,31.058219178082197,9.434097407181588,30230,5,584,3,0.5136986301369864,0.2958212874838213,26160|57560|90410,IFT172|IFT80|IFT20,-2.1315526318007625,0,13,0,0,-8.153398036203203,41.41095890410959,
1,-3.79902324554911,CORUM:6172,M1,1,0,CORUM,33,Intraflagellar transport complex B,,-3.79902324554911,13.803652968036529,6.961510562367397,30230,15,584,4,0.684931506849315,0.341290910327769,8100|26160|57560|90410,IFT88|IFT172|IFT80|IFT20,-1.8628203468698732,0,13,0,0,-8.153398036203203,41.41095890410959,
1,-3.7407159607590423,GO:0097730,M1,1,0,GO Cellular Components,20,non-motile cilium,,-3.7407159607590423,3.5094032969584403,4.699465259678377,30230,177,584,12,2.0547945205479454,0.5870422605221068,24|5145|5311|5873|8100|9742|22920|55764|57560|57728|90410|123016,ABCA4|PDE6A|PKD2|RAB27A|IFT88|IFT140|KIFAP3|IFT122|IFT80|WDR19|IFT20|TTC8,-1.8184987082965807,0,13,0,0,-8.153398036203203,41.41095890410959,
1,-3.7174503930710965,GO:0032391,M1,1,0,GO Cellular Components,20,photoreceptor connecting cilium,,-3.7174503930710965,7.058686176836863,5.644653321283724,30230,44,584,6,1.0273972602739727,0.417272989913396,9742|22920|55764|57728|90410|123016,IFT140|KIFAP3|IFT122|WDR19|IFT20|TTC8,-1.7978745530657863,0,13,0,0,-8.153398036203203,41.41095890410959,
1,-3.468435480863046,GO:0030992,M1,1,0,GO Cellular Components,20,intraciliary transport particle B,,-3.468435480863046,11.503044140030442,6.256003267892596,30230,18,584,4,0.684931506849315,0.341290910327769,8100|26160|57560|90410,IFT88|IFT172|IFT80|IFT20,-1.6127278821292654,0,13,0,0,-8.153398036203203,41.41095890410959,
1,-3.4575916470087797,GO:0010970,M1,1,0,GO Biological Processes,19,transport along microtubule,19_GO:0051179 localization,-3.4575916470087797,3.26928622927181,4.404041226097599,30230,190,584,12,2.0547945205479454,0.5870422605221068,8100|9742|10239|22920|26160|55638|55764|57560|57728|79809|80128|90410,IFT88|IFT140|AP3S2|KIFAP3|IFT172|SYBU|IFT122|IFT80|WDR19|TTC21B|TRIM46|IFT20,-1.611910270395861,0,13,0,0,-8.153398036203203,41.41095890410959,
1,-3.3724313388198346,GO:0035721,M1,1,0,GO Biological Processes,19,intraciliary retrograde transport,19_GO:0051179 localization,-3.3724313388198346,10.897620764239365,6.057038319121295,30230,19,584,4,0.684931506849315,0.341290910327769,9742|55764|57728|79809,IFT140|IFT122|WDR19|TTC21B,-1.5556043168435008,0,13,0,0,-8.153398036203203,41.41095890410959,
1,-3.2225011982262806,GO:0097731,M1,1,0,GO Cellular Components,20,9+0 non-motile cilium,,-3.2225011982262806,3.5213400428664614,4.300953809143269,30230,147,584,10,1.7123287671232876,0.536829873604794,24|5145|5873|9742|22920|55764|57560|57728|90410|123016,ABCA4|PDE6A|RAB27A|IFT140|KIFAP3|IFT122|IFT80|WDR19|IFT20|TTC8,-1.4490255970447437,0,13,0,0,-8.153398036203203,41.41095890410959,
1,-3.1804433861989017,GO:0097733,M1,1,0,GO Cellular Components,20,photoreceptor cell cilium,,-3.1804433861989017,3.7875877046441695,4.347930730293234,30230,123,584,9,1.5410958904109588,0.509724966965557,24|5145|5873|9742|22920|55764|57728|90410|123016,ABCA4|PDE6A|RAB27A|IFT140|KIFAP3|IFT122|WDR19|IFT20|TTC8,-1.4187496155654715,0,13,0,0,-8.153398036203203,41.41095890410959,
1,-3.114669920089483,GO:0099111,M1,1,0,GO Biological Processes,19,microtubule-based transport,19_GO:0051179 localization,-3.114669920089483,2.8393589965897923,3.989936480742014,30230,237,584,13,2.2260273972602738,0.6104786211136067,8100|9742|10239|22920|26160|55638|55764|57560|57728|79809|80128|81839|90410,IFT88|IFT140|AP3S2|KIFAP3|IFT172|SYBU|IFT122|IFT80|WDR19|TTC21B|TRIM46|VANGL1|IFT20,-1.3685439266827024,0,13,0,0,-8.153398036203203,41.41095890410959,
1,-3.0983208989849267,GO:1905515,M1,1,0,GO Biological Processes,19,non-motile cilium assembly,19_GO:0009987 cellular process,-3.0983208989849267,5.448810382119683,4.718536716102001,30230,57,584,6,1.0273972602739727,0.417272989913396,8100|9742|26160|55764|57560|123016,IFT88|IFT140|IFT172|IFT122|IFT80|TTC8,-1.3612745634300645,0,13,0,0,-8.153398036203203,41.41095890410959,
1,-3.0001857957964115,GO:0030705,M1,1,0,GO Biological Processes,19,cytoskeleton-dependent intracellular transport,19_GO:0051179 localization,-3.0001857957964115,2.902637306362822,3.920322075054385,30230,214,584,12,2.0547945205479454,0.5870422605221068,8100|9742|10239|22920|26160|55638|55764|57560|57728|79809|80128|90410,IFT88|IFT140|AP3S2|KIFAP3|IFT172|SYBU|IFT122|IFT80|WDR19|TTC21B|TRIM46|IFT20,-1.2937535086828567,0,13,0,0,-8.153398036203203,41.41095890410959,
1,-2.9769236196546696,GO:0035869,M1,1,0,GO Cellular Components,20,ciliary transition zone,,-2.9769236196546696,4.418852322084864,4.351042008929286,30230,82,584,7,1.1986301369863013,0.45031628818687125,9742|22920|55764|57728|79867|90410|123016,IFT140|KIFAP3|IFT122|WDR19|TCTN2|IFT20|TTC8,-1.2823034864608833,0,13,0,0,-8.153398036203203,41.41095890410959,
1,-2.9654009790679456,WP4352,M1,1,0,WikiPathways,27,Ciliary landscape,,-2.9654009790679456,2.875761035007611,3.8830922510975094,30230,216,584,12,2.0547945205479454,0.5870422605221068,4289|7328|8100|9742|26160|55764|57560|79018|79874|83741|90410|123016,MKLN1|UBE2H|IFT88|IFT140|IFT172|IFT122|IFT80|GID4|RABEP2|TFAP2D|IFT20|TTC8,-1.2765016558207396,0,13,0,0,-8.153398036203203,41.41095890410959,
1,-2.769642870412249,WP4532,M1,1,0,WikiPathways,27,Intraflagellar transport proteins binding to dynein,,-2.769642870412249,7.668696093353628,4.865562197675781,30230,27,584,4,0.684931506849315,0.341290910327769,9742|55764|57560|57728,IFT140|IFT122|IFT80|WDR19,-1.1360463556319487,0,13,0,0,-8.153398036203203,41.41095890410959,
1,-2.7639916806426936,GO:0048736,M1,1,0,GO Biological Processes,19,appendage development,19_GO:0032502 developmental process,-2.7639916806426936,2.8757610350076104,3.71666347121193,30230,198,584,11,1.8835616438356164,0.5625412616790831,8850|9742|26160|51324|51542|51776|54542|55764|57560|57728|140467,KAT2B|IFT140|IFT172|SPG21|VPS54|MAP3K20|RC3H2|IFT122|IFT80|WDR19|ZNF358,-1.1335308797152517,0,13,0,0,-8.153398036203203,41.41095890410959,
1,-2.7639916806426936,GO:0060173,M1,1,0,GO Biological Processes,19,limb development,19_GO:0032502 developmental process,-2.7639916806426936,2.8757610350076104,3.71666347121193,30230,198,584,11,1.8835616438356164,0.5625412616790831,8850|9742|26160|51324|51542|51776|54542|55764|57560|57728|140467,KAT2B|IFT140|IFT172|SPG21|VPS54|MAP3K20|RC3H2|IFT122|IFT80|WDR19|ZNF358,-1.1335308797152517,0,13,0,0,-8.153398036203203,41.41095890410959,
1,-2.580759950593122,GO:0001750,M1,1,0,GO Cellular Components,20,photoreceptor outer segment,,-2.580759950593122,3.7744363584474883,3.821353841795871,30230,96,584,7,1.1986301369863013,0.45031628818687125,24|5145|5873|9742|22920|57728|90410,ABCA4|PDE6A|RAB27A|IFT140|KIFAP3|WDR19|IFT20,-1.0045649075372043,0,13,0,0,-8.153398036203203,41.41095890410959,
1,-2.3639243850599665,GO:0021510,M1,1,0,GO Biological Processes,19,spinal cord development,19_GO:0032502 developmental process,-2.3639243850599665,3.450913242009132,3.5309723905401023,30230,105,584,7,1.1986301369863013,0.45031628818687125,1600|2068|5311|8882|26160|55764|57560,DAB1|ERCC2|PKD2|ZPR1|IFT172|IFT122|IFT80,-0.848127358747614,0,13,0,0,-8.153398036203203,41.41095890410959,
1,-2.3152297710688265,GO:0007224,M1,1,0,GO Biological Processes,19,smoothened signaling pathway,19_GO:0050896 response to stimulus,-2.3152297710688265,3.8343480466768143,3.58504403193561,30230,81,584,6,1.0273972602739727,0.417272989913396,26160|57560|57728|79809|79867|90410,IFT172|IFT80|WDR19|TTC21B|TCTN2|IFT20,-0.812433006031996,0,13,0,0,-8.153398036203203,41.41095890410959,
1,-2.2978024332733398,R-HSA-5358351,M1,1,0,Reactome Gene Sets,6,Signaling by Hedgehog,,-2.2978024332733398,3.0449234488315873,3.3546082641322066,30230,136,584,8,1.36986301369863,0.48099101587450915,8100|9742|26160|55764|57728|64750|79809|84447,IFT88|IFT140|IFT172|IFT122|WDR19|SMURF2|TTC21B|SYVN1,-0.8030804330446317,0,13,0,0,-8.153398036203203,41.41095890410959,
1,-7.046635270163754,GO:0000959,M1,1,0,GO Biological Processes,19,mitochondrial RNA metabolic process,19_GO:0009987 cellular process,-7.046635270163754,9.411581569115814,8.763359493254303,30230,55,584,10,1.7123287671232876,0.536829873604794,9238|22868|51106|54802|55149|57570|64172|79736|80324|84275,TBRG4|FASTKD2|TFB1M|TRIT1|MTPAP|TRMT5|OSGEPL1|TEFM|PUS1|SLC25A33,-4.324312191429598,0,14,1,1,-7.046635270163754,16.176155821917806,
1,-6.282153045372858,GO:0009451,M1,1,0,GO Biological Processes,19,RNA modification,19_GO:0009987 cellular process,-6.282153045372858,4.57579656399001,6.772239991404971,30230,181,584,16,2.73972602739726,0.6754837232184769,9582|10785|22868|27292|29081|51106|54802|54974|57570|60487|64172|80324|84266|126789|200316|285605,APOBEC3B|WDR4|FASTKD2|DIMT1|METTL5|TFB1M|TRIT1|THG1L|TRMT5|TRMT11|OSGEPL1|PUS1|ALKBH7|PUSL1|APOBEC3F|DTWD2,-3.6919472878741253,0,14,0,0,-7.046635270163754,16.176155821917806,
1,-5.996641000205366,GO:0140053,M1,1,0,GO Biological Processes,19,mitochondrial gene expression,19_GO:0009987 cellular process,-5.996641000205366,4.963642334396697,6.738114054861912,30230,146,584,14,2.3972602739726026,0.6329686127171638,9238|22868|23395|51106|54802|55149|57038|57570|64172|79736|80324|84275|84340|283459,TBRG4|FASTKD2|LARS2|TFB1M|TRIT1|MTPAP|RARS2|TRMT5|OSGEPL1|TEFM|PUS1|SLC25A33|GFM2|GATC,-3.486816360906431,0,14,0,0,-7.046635270163754,16.176155821917806,
1,-5.9807452703999395,GO:0000963,M1,1,0,GO Biological Processes,19,mitochondrial RNA processing,19_GO:0009987 cellular process,-5.9807452703999395,12.494685876239961,8.692019790667826,30230,29,584,7,1.1986301369863013,0.45031628818687125,9238|22868|54802|55149|57570|64172|80324,TBRG4|FASTKD2|TRIT1|MTPAP|TRMT5|OSGEPL1|PUS1,-3.48027094128214,0,14,0,0,-7.046635270163754,16.176155821917806,
1,-5.013862678442484,GO:1900864,M1,1,0,GO Biological Processes,19,mitochondrial RNA modification,19_GO:0009987 cellular process,-5.013862678442484,16.176155821917806,8.522223461306012,30230,16,584,5,0.8561643835616438,0.3812457520636574,22868|54802|57570|64172|80324,FASTKD2|TRIT1|TRMT5|OSGEPL1|PUS1,-2.7065129476791463,0,14,0,0,-7.046635270163754,16.176155821917806,
1,-4.255354508377489,GO:0006399,M1,1,0,GO Biological Processes,19,tRNA metabolic process,19_GO:0009987 cellular process,-4.255354508377489,3.5009264774005686,5.0675065158687005,30230,207,584,14,2.3972602739726026,0.6329686127171638,10785|23395|23405|54802|54974|57038|57570|60487|64172|80324|126789|283459|285605|339487,WDR4|LARS2|DICER1|TRIT1|THG1L|RARS2|TRMT5|TRMT11|OSGEPL1|PUS1|PUSL1|GATC|DTWD2|ZBTB8OS,-2.1856330553703125,0,14,0,0,-7.046635270163754,16.176155821917806,
1,-4.231152398138407,R-HSA-8953854,M1,1,0,Reactome Gene Sets,6,Metabolism of RNA,,-4.231152398138407,2.162634309345346,4.500468126535253,30230,742,584,31,5.308219178082192,0.9277354286789578,2068|2071|2733|2968|5580|9238|9582|10785|22868|23049|23511|23658|27257|27292|29107|51106|54802|54974|55149|55181|55706|57570|60487|64172|64852|80324|81554|92856|167227|196441|339487,ERCC2|ERCC3|GLE1|GTF2H4|PRKCD|TBRG4|APOBEC3B|WDR4|FASTKD2|SMG1|NUP188|LSM5|LSM1|DIMT1|NXT1|TFB1M|TRIT1|THG1L|MTPAP|SMG8|NDC1|TRMT5|TRMT11|OSGEPL1|TUT1|PUS1|RCC1L|IMP4|DCP2|ZFC3H1|ZBTB8OS,-2.171587151085826,0,14,0,0,-7.046635270163754,16.176155821917806,
1,-4.220131166916361,R-HSA-72306,M1,1,0,Reactome Gene Sets,6,tRNA processing,,-4.220131166916361,4.663396272985313,5.427006929561741,30230,111,584,10,1.7123287671232876,0.536829873604794,10785|23511|54802|54974|55706|57570|60487|64172|80324|339487,WDR4|NUP188|TRIT1|THG1L|NDC1|TRMT5|TRMT11|OSGEPL1|PUS1|ZBTB8OS,-2.17068528162602,0,14,0,0,-7.046635270163754,16.176155821917806,
1,-4.066493994370855,GO:0070900,M1,1,0,GO Biological Processes,19,mitochondrial tRNA modification,19_GO:0009987 cellular process,-4.066493994370855,15.927291886195995,7.555484006876285,30230,13,584,4,0.684931506849315,0.341290910327769,54802|57570|64172|80324,TRIT1|TRMT5|OSGEPL1|PUS1,-2.0693563028094935,0,14,0,0,-7.046635270163754,16.176155821917806,
1,-3.66238693750178,R-HSA-6782315,M1,1,0,Reactome Gene Sets,6,tRNA modification in the nucleus and cytosol,,-3.66238693750178,6.901826484018266,5.560737130846804,30230,45,584,6,1.0273972602739727,0.417272989913396,10785|54802|54974|57570|60487|80324,WDR4|TRIT1|THG1L|TRMT5|TRMT11|PUS1,-1.7610676090685358,0,14,0,0,-7.046635270163754,16.176155821917806,
1,-3.570917338236855,GO:0090646,M1,1,0,GO Biological Processes,19,mitochondrial tRNA processing,19_GO:0009987 cellular process,-3.570917338236855,12.179693795326349,6.4713174664072,30230,17,584,4,0.684931506849315,0.341290910327769,54802|57570|64172|80324,TRIT1|TRMT5|OSGEPL1|PUS1,-1.6882678941020939,0,14,0,0,-7.046635270163754,16.176155821917806,
1,-3.4644322968434165,GO:0008033,M1,1,0,GO Biological Processes,19,tRNA processing,19_GO:0009987 cellular process,-3.4644322968434165,3.7783721627837212,4.574601012361072,30230,137,584,10,1.7123287671232876,0.536829873604794,10785|54802|54974|57570|60487|64172|80324|126789|285605|339487,WDR4|TRIT1|THG1L|TRMT5|TRMT11|OSGEPL1|PUS1|PUSL1|DTWD2|ZBTB8OS,-1.611910270395861,0,14,0,0,-7.046635270163754,16.176155821917806,
1,-3.2878145654734916,GO:0006400,M1,1,0,GO Biological Processes,19,tRNA modification,19_GO:0009987 cellular process,-3.2878145654734916,4.3590483056957465,4.602329578783928,30230,95,584,8,1.36986301369863,0.48099101587450915,10785|54802|54974|57570|64172|80324|126789|285605,WDR4|TRIT1|THG1L|TRMT5|OSGEPL1|PUS1|PUSL1|DTWD2,-1.4898382793213907,0,14,0,0,-7.046635270163754,16.176155821917806,
1,-3.1970540532447616,GO:0070525,M1,1,0,GO Biological Processes,19,tRNA threonylcarbamoyladenosine metabolic process,19_GO:0009987 cellular process,-3.1970540532447616,9.859752120026092,5.700307784637489,30230,21,584,4,0.684931506849315,0.341290910327769,54802|57570|64172|80324,TRIT1|TRMT5|OSGEPL1|PUS1,-1.433241768742604,0,14,0,0,-7.046635270163754,16.176155821917806,
1,-2.977063657728385,R-HSA-6787450,M1,1,0,Reactome Gene Sets,6,tRNA modification in the mitochondrion,,-2.977063657728385,14.117372353673726,6.107147464569147,30230,11,584,3,0.5136986301369864,0.2958212874838213,54802|64172|80324,TRIT1|OSGEPL1|PUS1,-1.2823034864608833,0,14,0,0,-7.046635270163754,16.176155821917806,
1,-7.0134035580085055,GO:0098791,M1,1,0,GO Cellular Components,20,Golgi apparatus subcompartment,,-7.0134035580085055,3.356249786492672,6.666677231165881,30230,401,584,26,4.4520547945205475,0.8534626164047334,5286|5587|6845|8677|9179|9382|10079|11154|23682|26225|50807|51107|51172|51542|51761|55062|55454|55676|56927|57448|57531|64924|80262|84342|124583|339122,PIK3C2A|PRKD1|VAMP7|STX10|AP4M1|COG1|ATP9A|AP4S1|RAB38|ARL5A|ASAP1|APH1A|NAGPA|VPS54|ATP8A2|WIPI1|CSGALNACT2|SLC30A6|GPR108|BIRC6|HACE1|SLC30A5|PHAF1|COG8|CANT1|RAB43,-4.30062579718058,0,15,1,1,-7.0134035580085055,5.282010064299691,
1,-6.81751031587781,GO:0005802,M1,1,0,GO Cellular Components,20,trans-Golgi network,,-6.81751031587781,3.8822773972602738,6.800669039739975,30230,280,584,21,3.595890410958904,0.7704502033461142,5286|5587|6845|8677|9179|9382|10079|11154|23682|26225|50807|51542|51761|55062|55676|56927|57448|64924|80262|84342|339122,PIK3C2A|PRKD1|VAMP7|STX10|AP4M1|COG1|ATP9A|AP4S1|RAB38|ARL5A|ASAP1|VPS54|ATP8A2|WIPI1|SLC30A6|GPR108|BIRC6|SLC30A5|PHAF1|COG8|RAB43,-4.15797806700311,0,15,0,0,-7.0134035580085055,5.282010064299691,
1,-4.866257118095323,GO:0032588,M1,1,0,GO Cellular Components,20,trans-Golgi network membrane,,-4.866257118095323,4.994742850276376,5.997605157282186,30230,114,584,11,1.8835616438356164,0.5625412616790831,8677|9179|9382|10079|11154|50807|51542|55676|64924|84342|339122,STX10|AP4M1|COG1|ATP9A|AP4S1|ASAP1|VPS54|SLC30A6|SLC30A5|COG8|RAB43,-2.607992821241588,0,15,0,0,-7.0134035580085055,5.282010064299691,
1,-2.6015724893895387,R-HSA-6811440,M1,1,0,Reactome Gene Sets,6,Retrograde transport at the Trans-Golgi-Network,,-2.6015724893895387,5.282010064299691,4.210310961574756,30230,49,584,5,0.8561643835616438,0.3812457520636574,8677|9382|51542|84342|339122,STX10|COG1|VPS54|COG8|RAB43,-1.016322060913281,0,15,0,0,-7.0134035580085055,5.282010064299691,
1,-2.019643454975625,GO:0099023,M1,1,0,GO Cellular Components,20,vesicle tethering complex,,-2.019643454975625,3.8629625843385806,3.2926916955684216,30230,67,584,5,0.8561643835616438,0.3812457520636574,9382|27072|51542|58485|84342,COG1|VPS41|VPS54|TRAPPC1|COG8,-0.6078956898116809,0,15,0,0,-7.0134035580085055,5.282010064299691,
1,-6.965585076380425,hsa05208,M1,1,0,KEGG Pathway,24,Chemical carcinogenesis - reactive oxygen species,,-6.965585076380425,4.332644378733932,7.073833323300155,30230,227,584,19,3.2534246575342465,0.7341448451657991,673|2353|3551|4508|4514|4540|4541|4706|5290|5580|5587|5602|5609|6300|6391|6392|6655|9817|10975,BRAF|FOS|IKBKB|ATP6|COX3|ND5|ND6|NDUFAB1|PIK3CA|PRKCD|PRKD1|MAPK10|MAP2K7|MAPK12|SDHC|SDHD|SOS2|KEAP1|UQCR11,-4.271290721246513,0,16,1,1,-6.965585076380425,5.41713125199108,
1,-5.4719023862494405,GO:0006091,M1,1,0,GO Biological Processes,19,generation of precursor metabolites and energy,19_GO:0009987 cellular process,-5.4719023862494405,3.103001007801127,5.689067118527598,30230,367,584,22,3.767123287671233,0.7878802744630862,3988|4504|4508|4514|4540|4541|4547|4706|6391|6392|9016|9821|9927|10975|26100|51422|51542|55062|63933|90550|114789|160897,LIPA|MT3|ATP6|COX3|ND5|ND6|MTTP|NDUFAB1|SDHC|SDHD|SLC25A14|RB1CC1|MFN2|UQCR11|WIPI2|PRKAG2|VPS54|WIPI1|MCUR1|MCU|SLC25A25|GPR180,-3.0786380267795095,0,16,0,0,-6.965585076380425,5.41713125199108,
1,-5.327692472981901,GO:0072522,M1,1,0,GO Biological Processes,19,purine-containing compound biosynthetic process,19_GO:0009987 cellular process,-5.327692472981901,3.6819367226457267,5.8423458948867015,30230,239,584,17,2.910958904109589,0.6956594987008953,2182|2977|3988|4508|4540|4541|4706|4833|6391|6392|9374|11001|25875|26289|51422|93100|197322,ACSL4|GUCY1A2|LIPA|ATP6|ND5|ND6|NDUFAB1|NME4|SDHC|SDHD|PPT2|SLC27A2|LETMD1|AK5|PRKAG2|NAPRT|ACSF3,-2.957106760383151,0,16,0,0,-6.965585076380425,5.41713125199108,
1,-5.234161818287952,GO:0009205,M1,1,0,GO Biological Processes,19,purine ribonucleoside triphosphate metabolic process,19_GO:0009987 cellular process,-5.234161818287952,4.0230853857619415,5.913383603481053,30230,193,584,15,2.5684931506849313,0.6546097839047824,3988|4508|4540|4541|4547|4706|4833|6391|6392|8505|25875|26289|51422|55669|114789,LIPA|ATP6|ND5|ND6|MTTP|NDUFAB1|NME4|SDHC|SDHD|PARG|LETMD1|AK5|PRKAG2|MFN1|SLC25A25,-2.875659565077233,0,16,0,0,-6.965585076380425,5.41713125199108,
1,-5.0469843688108975,GO:0009144,M1,1,0,GO Biological Processes,19,purine nucleoside triphosphate metabolic process,19_GO:0009987 cellular process,-5.0469843688108975,3.8822773972602738,5.73995343834402,30230,200,584,15,2.5684931506849313,0.6546097839047824,3988|4508|4540|4541|4547|4706|4833|6391|6392|8505|25875|26289|51422|55669|114789,LIPA|ATP6|ND5|ND6|MTTP|NDUFAB1|NME4|SDHC|SDHD|PARG|LETMD1|AK5|PRKAG2|MFN1|SLC25A25,-2.7253040282975034,0,16,0,0,-6.965585076380425,5.41713125199108,
1,-5.04393476947053,GO:0015980,M1,1,0,GO Biological Processes,19,energy derivation by oxidation of organic compounds,19_GO:0009987 cellular process,-5.04393476947053,3.224623849090501,5.480556894923878,30230,305,584,19,3.2534246575342465,0.7341448451657991,3988|4504|4508|4514|4540|4541|4547|4706|6391|6392|9016|9821|9927|10975|26100|51422|51542|55062|114789,LIPA|MT3|ATP6|COX3|ND5|ND6|MTTP|NDUFAB1|SDHC|SDHD|SLC25A14|RB1CC1|MFN2|UQCR11|WIPI2|PRKAG2|VPS54|WIPI1|SLC25A25,-2.7253040282975034,0,16,0,0,-6.965585076380425,5.41713125199108,
1,-4.890098001252178,R-HSA-1428517,M1,1,0,Reactome Gene Sets,6,Aerobic respiration and respiratory electron transport,,-4.890098001252178,3.4107863438462354,5.458156393584532,30230,258,584,17,2.910958904109589,0.6956594987008953,4289|4508|4514|4540|4541|4706|6391|6392|9016|9481|10873|10975|51300|51660|54704|79018|119559,MKLN1|ATP6|COX3|ND5|ND6|NDUFAB1|SDHC|SDHD|SLC25A14|SLC25A27|ME3|UQCR11|TIMMDC1|MPC1|PDP1|GID4|SFXN4,-2.6183661296986354,0,16,0,0,-6.965585076380425,5.41713125199108,
1,-4.8731309131795575,hsa05014,M1,1,0,KEGG Pathway,24,Amyotrophic lateral sclerosis,,-4.8731309131795575,2.930020677177565,5.249845819189516,30230,371,584,21,3.595890410958904,0.7704502033461142,2733|4508|4514|4540|4541|4706|6300|6391|6392|9821|10975|23511|26100|29107|30849|55062|55706|60673|79139|90550|144983,GLE1|ATP6|COX3|ND5|ND6|NDUFAB1|MAPK12|SDHC|SDHD|RB1CC1|UQCR11|NUP188|WIPI2|NXT1|PIK3R4|WIPI1|NDC1|ATG101|DERL1|MCU|HNRNPA1L2,-2.611538672976895,0,16,0,0,-6.965585076380425,5.41713125199108,
1,-4.728173205695952,GO:0009206,M1,1,0,GO Biological Processes,19,purine ribonucleoside triphosphate biosynthetic process,19_GO:0009987 cellular process,-4.728173205695952,5.336463776302781,6.003930634115983,30230,97,584,10,1.7123287671232876,0.536829873604794,3988|4508|4540|4541|4706|4833|6391|6392|25875|51422,LIPA|ATP6|ND5|ND6|NDUFAB1|NME4|SDHC|SDHD|LETMD1|PRKAG2,-2.5199549479346284,0,16,0,0,-6.965585076380425,5.41713125199108,
1,-4.709969019399365,GO:1901293,M1,1,0,GO Biological Processes,19,nucleoside phosphate biosynthetic process,19_GO:0009987 cellular process,-4.709969019399365,3.1692060385798153,5.245813502034144,30230,294,584,18,3.0821917808219177,0.7151961986636398,2182|2977|3988|4508|4540|4541|4706|4833|6391|6392|9374|10020|11001|25875|26289|51422|93100|197322,ACSL4|GUCY1A2|LIPA|ATP6|ND5|ND6|NDUFAB1|NME4|SDHC|SDHD|PPT2|GNE|SLC27A2|LETMD1|AK5|PRKAG2|NAPRT|ACSF3,-2.504695142284823,0,16,0,0,-6.965585076380425,5.41713125199108,
1,-4.688905508816415,GO:0009145,M1,1,0,GO Biological Processes,19,purine nucleoside triphosphate biosynthetic process,19_GO:0009987 cellular process,-4.688905508816415,5.282010064299691,5.959118256129745,30230,98,584,10,1.7123287671232876,0.536829873604794,3988|4508|4540|4541|4706|4833|6391|6392|25875|51422,LIPA|ATP6|ND5|ND6|NDUFAB1|NME4|SDHC|SDHD|LETMD1|PRKAG2,-2.503701614477207,0,16,0,0,-6.965585076380425,5.41713125199108,
1,-4.603573813239431,GO:0009141,M1,1,0,GO Biological Processes,19,nucleoside triphosphate metabolic process,19_GO:0009987 cellular process,-4.603573813239431,3.5617223828075906,5.327802318863665,30230,218,584,15,2.5684931506849313,0.6546097839047824,3988|4508|4540|4541|4547|4706|4833|6391|6392|8505|25875|26289|51422|55669|114789,LIPA|ATP6|ND5|ND6|MTTP|NDUFAB1|NME4|SDHC|SDHD|PARG|LETMD1|AK5|PRKAG2|MFN1|SLC25A25,-2.429435345050383,0,16,0,0,-6.965585076380425,5.41713125199108,
1,-4.57609115616013,GO:0009152,M1,1,0,GO Biological Processes,19,purine ribonucleotide biosynthetic process,19_GO:0009987 cellular process,-4.57609115616013,4.283892300425131,5.563308717402006,30230,145,584,12,2.0547945205479454,0.5870422605221068,2977|3988|4508|4540|4541|4706|4833|6391|6392|25875|26289|51422,GUCY1A2|LIPA|ATP6|ND5|ND6|NDUFAB1|NME4|SDHC|SDHD|LETMD1|AK5|PRKAG2,-2.4098461617317892,0,16,0,0,-6.965585076380425,5.41713125199108,
1,-4.569531124848947,GO:0046034,M1,1,0,GO Biological Processes,19,ATP metabolic process,19_GO:0009987 cellular process,-4.569531124848947,3.9818229715489983,5.455803981311446,30230,169,584,13,2.2260273972602738,0.6104786211136067,3988|4508|4540|4541|4547|4706|6391|6392|8505|25875|26289|51422|114789,LIPA|ATP6|ND5|ND6|MTTP|NDUFAB1|SDHC|SDHD|PARG|LETMD1|AK5|PRKAG2|SLC25A25,-2.4088393803871453,0,16,0,0,-6.965585076380425,5.41713125199108,
1,-4.536017306002093,hsa05010,M1,1,0,KEGG Pathway,24,Alzheimer disease,,-4.536017306002093,2.7801474967592754,4.97264546142214,30230,391,584,21,3.595890410958904,0.7704502033461142,673|3551|4508|4514|4540|4541|4706|5290|5602|5609|6391|6392|9821|10975|26100|30849|51107|55062|60673|81029|90550,BRAF|IKBKB|ATP6|COX3|ND5|ND6|NDUFAB1|PIK3CA|MAPK10|MAP2K7|SDHC|SDHD|RB1CC1|UQCR11|WIPI2|PIK3R4|APH1A|WIPI1|ATG101|WNT5B|MCU,-2.388368418106267,0,16,0,0,-6.965585076380425,5.41713125199108,
1,-4.49981709124492,GO:0009201,M1,1,0,GO Biological Processes,19,ribonucleoside triphosphate biosynthetic process,19_GO:0009987 cellular process,-4.49981709124492,5.025601808751163,5.743898341168671,30230,103,584,10,1.7123287671232876,0.536829873604794,3988|4508|4540|4541|4706|4833|6391|6392|25875|51422,LIPA|ATP6|ND5|ND6|NDUFAB1|NME4|SDHC|SDHD|LETMD1|PRKAG2,-2.3572776091275744,0,16,0,0,-6.965585076380425,5.41713125199108,
1,-4.427381940420428,WP111,M1,1,0,WikiPathways,27,Electron transport chain OXPHOS system in mitochondria,,-4.427381940420428,4.929876060013045,5.661678931880723,30230,105,584,10,1.7123287671232876,0.536829873604794,4508|4514|4540|4541|4706|6391|6392|9016|9481|10975,ATP6|COX3|ND5|ND6|NDUFAB1|SDHC|SDHD|SLC25A14|SLC25A27|UQCR11,-2.304699378890822,0,16,0,0,-6.965585076380425,5.41713125199108,
1,-4.410883212491628,GO:0006164,M1,1,0,GO Biological Processes,19,purine nucleotide biosynthetic process,19_GO:0009987 cellular process,-4.410883212491628,3.8453033268101757,5.298152949680172,30230,175,584,13,2.2260273972602738,0.6104786211136067,2977|3988|4508|4540|4541|4706|4833|6391|6392|25875|26289|51422|93100,GUCY1A2|LIPA|ATP6|ND5|ND6|NDUFAB1|NME4|SDHC|SDHD|LETMD1|AK5|PRKAG2|NAPRT,-2.295419007967203,0,16,0,0,-6.965585076380425,5.41713125199108,
1,-4.364070138812446,GO:0006754,M1,1,0,GO Biological Processes,19,ATP biosynthetic process,19_GO:0009987 cellular process,-4.364070138812446,5.41713125199108,5.757372790695204,30230,86,584,9,1.5410958904109588,0.509724966965557,3988|4508|4540|4541|4706|6391|6392|25875|51422,LIPA|ATP6|ND5|ND6|NDUFAB1|SDHC|SDHD|LETMD1|PRKAG2,-2.2733902639904544,0,16,0,0,-6.965585076380425,5.41713125199108,
1,-4.301107714943731,hsa05415,M1,1,0,KEGG Pathway,24,Diabetic cardiomyopathy,,-4.301107714943731,3.5350818576678913,5.111668383376174,30230,205,584,14,2.3972602739726026,0.6329686127171638,4508|4514|4540|4541|4706|5290|5580|5582|5602|6300|6391|6392|10975|51660,ATP6|COX3|ND5|ND6|NDUFAB1|PIK3CA|PRKCD|PRKCG|MAPK10|MAPK12|SDHC|SDHD|UQCR11|MPC1,-2.2178281937907074,0,16,0,0,-6.965585076380425,5.41713125199108,
1,-4.241747187770859,GO:0072521,M1,1,0,GO Biological Processes,19,purine-containing compound metabolic process,19_GO:0009987 cellular process,-4.241747187770859,2.46005696460057,4.643974425379823,30230,505,584,24,4.109589041095891,0.8214485430891646,2182|2977|3988|4508|4540|4541|4547|4706|4833|6095|6391|6392|8505|9374|10157|11001|25819|25875|26289|51422|55669|93100|114789|197322,ACSL4|GUCY1A2|LIPA|ATP6|ND5|ND6|MTTP|NDUFAB1|NME4|RORA|SDHC|SDHD|PARG|PPT2|AASS|SLC27A2|NOCT|LETMD1|AK5|PRKAG2|MFN1|NAPRT|SLC25A25|ACSF3,-2.177158164187114,0,16,0,0,-6.965585076380425,5.41713125199108,
1,-4.2364397840290104,hsa04932,M1,1,0,KEGG Pathway,24,Non-alcoholic fatty liver disease,,-4.2364397840290104,3.9564610417939106,5.212773697969794,30230,157,584,12,2.0547945205479454,0.5870422605221068,2353|3551|4514|4706|5290|5563|5602|6300|6391|6392|10975|51422,FOS|IKBKB|COX3|NDUFAB1|PIK3CA|PRKAA2|MAPK10|MAPK12|SDHC|SDHD|UQCR11|PRKAG2,-2.1747714118886643,0,16,0,0,-6.965585076380425,5.41713125199108,
1,-4.220131166916361,GO:0009142,M1,1,0,GO Biological Processes,19,nucleoside triphosphate biosynthetic process,19_GO:0009987 cellular process,-4.220131166916361,4.663396272985313,5.427006929561741,30230,111,584,10,1.7123287671232876,0.536829873604794,3988|4508|4540|4541|4706|4833|6391|6392|25875|51422,LIPA|ATP6|ND5|ND6|NDUFAB1|NME4|SDHC|SDHD|LETMD1|PRKAG2,-2.17068528162602,0,16,0,0,-6.965585076380425,5.41713125199108,
1,-4.191312166554424,GO:0009150,M1,1,0,GO Biological Processes,19,purine ribonucleotide metabolic process,19_GO:0009987 cellular process,-4.191312166554424,3.0033545280284257,4.836405932242031,30230,293,584,17,2.910958904109589,0.6956594987008953,2977|3988|4508|4540|4541|4547|4706|4833|6095|6391|6392|8505|25875|26289|51422|55669|114789,GUCY1A2|LIPA|ATP6|ND5|ND6|MTTP|NDUFAB1|NME4|RORA|SDHC|SDHD|PARG|LETMD1|AK5|PRKAG2|MFN1|SLC25A25,-2.146190347394116,0,16,0,0,-6.965585076380425,5.41713125199108,
1,-4.162965982732143,GO:0006753,M1,1,0,GO Biological Processes,19,nucleoside phosphate metabolic process,19_GO:0009987 cellular process,-4.162965982732143,2.3325063507514066,4.535844287117081,30230,577,584,26,4.4520547945205475,0.8534626164047334,2182|2977|3988|4508|4540|4541|4547|4706|4833|6095|6391|6392|7374|8505|9374|10020|10157|11001|25819|25875|26289|51422|55669|93100|114789|197322,ACSL4|GUCY1A2|LIPA|ATP6|ND5|ND6|MTTP|NDUFAB1|NME4|RORA|SDHC|SDHD|UNG|PARG|PPT2|GNE|AASS|SLC27A2|NOCT|LETMD1|AK5|PRKAG2|MFN1|NAPRT|SLC25A25|ACSF3,-2.1315526318007625,0,16,0,0,-6.965585076380425,5.41713125199108,
1,-4.130746317856711,GO:0009260,M1,1,0,GO Biological Processes,19,ribonucleotide biosynthetic process,19_GO:0009987 cellular process,-4.130746317856711,3.858163873053689,5.103590644807602,30230,161,584,12,2.0547945205479454,0.5870422605221068,2977|3988|4508|4540|4541|4706|4833|6391|6392|25875|26289|51422,GUCY1A2|LIPA|ATP6|ND5|ND6|NDUFAB1|NME4|SDHC|SDHD|LETMD1|AK5|PRKAG2,-2.1131455723476655,0,16,0,0,-6.965585076380425,5.41713125199108,
1,-4.102696269986887,hsa05022,M1,1,0,KEGG Pathway,24,Pathways of neurodegeneration - multiple diseases,,-4.102696269986887,2.464938030006523,4.555189973446528,30230,483,584,23,3.9383561643835616,0.8048706259955334,673|4508|4514|4540|4541|4706|5582|5602|5609|6300|6391|6392|9821|9927|10975|26100|30849|55062|55669|60673|79139|81029|90550,BRAF|ATP6|COX3|ND5|ND6|NDUFAB1|PRKCG|MAPK10|MAP2K7|MAPK12|SDHC|SDHD|RB1CC1|MFN2|UQCR11|WIPI2|PIK3R4|WIPI1|MFN1|ATG101|DERL1|WNT5B|MCU,-2.092648662368287,0,16,0,0,-6.965585076380425,5.41713125199108,
1,-3.9786016759430036,GO:0046390,M1,1,0,GO Biological Processes,19,ribose phosphate biosynthetic process,19_GO:0009987 cellular process,-3.9786016759430036,3.719547206955952,4.946225826135958,30230,167,584,12,2.0547945205479454,0.5870422605221068,2977|3988|4508|4540|4541|4706|4833|6391|6392|25875|26289|51422,GUCY1A2|LIPA|ATP6|ND5|ND6|NDUFAB1|NME4|SDHC|SDHD|LETMD1|AK5|PRKAG2,-1.9904559097722336,0,16,0,0,-6.965585076380425,5.41713125199108,
1,-3.937056649966176,GO:0006163,M1,1,0,GO Biological Processes,19,purine nucleotide metabolic process,19_GO:0009987 cellular process,-3.937056649966176,2.672582266229899,4.530928546138217,30230,368,584,19,3.2534246575342465,0.7341448451657991,2977|3988|4508|4540|4541|4547|4706|4833|6095|6391|6392|8505|25819|25875|26289|51422|55669|93100|114789,GUCY1A2|LIPA|ATP6|ND5|ND6|MTTP|NDUFAB1|NME4|RORA|SDHC|SDHD|PARG|NOCT|LETMD1|AK5|PRKAG2|MFN1|NAPRT|SLC25A25,-1.9611947789377149,0,16,0,0,-6.965585076380425,5.41713125199108,
1,-3.8449995799791363,GO:0055086,M1,1,0,GO Biological Processes,19,nucleobase-containing small molecule metabolic process,19_GO:0009987 cellular process,-3.8449995799791363,2.228238682754241,4.27956860559118,30230,604,584,26,4.4520547945205475,0.8534626164047334,2182|2977|3988|4508|4540|4541|4547|4706|4833|6095|6391|6392|7374|8505|9374|10020|10157|11001|25819|25875|26289|51422|55669|93100|114789|197322,ACSL4|GUCY1A2|LIPA|ATP6|ND5|ND6|MTTP|NDUFAB1|NME4|RORA|SDHC|SDHD|UNG|PARG|PPT2|GNE|AASS|SLC27A2|NOCT|LETMD1|AK5|PRKAG2|MFN1|NAPRT|SLC25A25|ACSF3,-1.895975248834212,0,16,0,0,-6.965585076380425,5.41713125199108,
1,-3.8273249662800457,GO:0009259,M1,1,0,GO Biological Processes,19,ribonucleotide metabolic process,19_GO:0009987 cellular process,-3.8273249662800457,2.8024932379373526,4.506319369996151,30230,314,584,17,2.910958904109589,0.6956594987008953,2977|3988|4508|4540|4541|4547|4706|4833|6095|6391|6392|8505|25875|26289|51422|55669|114789,GUCY1A2|LIPA|ATP6|ND5|ND6|MTTP|NDUFAB1|NME4|RORA|SDHC|SDHD|PARG|LETMD1|AK5|PRKAG2|MFN1|SLC25A25,-1.8815416537729541,0,16,0,0,-6.965585076380425,5.41713125199108,
1,-3.7501610449814073,GO:0045333,M1,1,0,GO Biological Processes,19,cellular respiration,19_GO:0009987 cellular process,-3.7501610449814073,3.137193856371938,4.576482223314819,30230,231,584,14,2.3972602739726026,0.6329686127171638,3988|4508|4514|4540|4541|4547|4706|6391|6392|9016|9927|10975|51542|114789,LIPA|ATP6|COX3|ND5|ND6|MTTP|NDUFAB1|SDHC|SDHD|SLC25A14|MFN2|UQCR11|VPS54|SLC25A25,-1.8264118879961981,0,16,0,0,-6.965585076380425,5.41713125199108,
1,-3.713927475535945,GO:0019693,M1,1,0,GO Biological Processes,19,ribose phosphate metabolic process,19_GO:0009987 cellular process,-3.713927475535945,2.7413796782315534,4.402306779163252,30230,321,584,17,2.910958904109589,0.6956594987008953,2977|3988|4508|4540|4541|4547|4706|4833|6095|6391|6392|8505|25875|26289|51422|55669|114789,GUCY1A2|LIPA|ATP6|ND5|ND6|MTTP|NDUFAB1|NME4|RORA|SDHC|SDHD|PARG|LETMD1|AK5|PRKAG2|MFN1|SLC25A25,-1.7962737797604378,0,16,0,0,-6.965585076380425,5.41713125199108,
1,-3.673120808601931,hsa04714,M1,1,0,KEGG Pathway,24,Thermogenesis,,-3.673120808601931,3.0837948120081604,4.500903608342907,30230,235,584,14,2.3972602739726026,0.6329686127171638,2182|4508|4514|4540|4541|4706|5563|6300|6391|6392|6655|10975|51422|123096,ACSL4|ATP6|COX3|ND5|ND6|NDUFAB1|PRKAA2|MAPK12|SDHC|SDHD|SOS2|UQCR11|PRKAG2|SLC25A29,-1.7688769271513705,0,16,0,0,-6.965585076380425,5.41713125199108,
1,-3.6330680694049153,GO:0009165,M1,1,0,GO Biological Processes,19,nucleotide biosynthetic process,19_GO:0009987 cellular process,-3.6330680694049153,3.2197515894343574,4.519602114502558,30230,209,584,13,2.2260273972602738,0.6104786211136067,2977|3988|4508|4540|4541|4706|4833|6391|6392|25875|26289|51422|93100,GUCY1A2|LIPA|ATP6|ND5|ND6|NDUFAB1|NME4|SDHC|SDHD|LETMD1|AK5|PRKAG2|NAPRT,-1.7375394198525667,0,16,0,0,-6.965585076380425,5.41713125199108,
1,-3.564993147855424,GO:0009117,M1,1,0,GO Biological Processes,19,nucleotide metabolic process,19_GO:0009987 cellular process,-3.564993147855424,2.4302205929641776,4.172590940888466,30230,426,584,20,3.4246575342465753,0.7525498597664905,2977|3988|4508|4540|4541|4547|4706|4833|6095|6391|6392|7374|8505|25819|25875|26289|51422|55669|93100|114789,GUCY1A2|LIPA|ATP6|ND5|ND6|MTTP|NDUFAB1|NME4|RORA|SDHC|SDHD|UNG|PARG|NOCT|LETMD1|AK5|PRKAG2|MFN1|NAPRT|SLC25A25,-1.6880428598567643,0,16,0,0,-6.965585076380425,5.41713125199108,
1,-3.430373918413491,hsa05020,M1,1,0,KEGG Pathway,24,Prion disease,,-3.430373918413491,2.7930053217699813,4.215278998322151,30230,278,584,15,2.5684931506849313,0.6546097839047824,1958|3310|4508|4514|4540|4541|4706|5290|5580|5602|6300|6391|6392|10975|90550,EGR1|HSPA6|ATP6|COX3|ND5|ND6|NDUFAB1|PIK3CA|PRKCD|MAPK10|MAPK12|SDHC|SDHD|UQCR11|MCU,-1.5960825035625454,0,16,0,0,-6.965585076380425,5.41713125199108,
1,-3.391250992634376,hsa05016,M1,1,0,KEGG Pathway,24,Huntington disease,,-3.391250992634376,2.663084173897723,4.137672854308788,30230,311,584,16,2.73972602739726,0.6754837232184769,4508|4514|4540|4541|4706|5602|5609|6391|6392|6908|9821|10975|26100|30849|55062|60673,ATP6|COX3|ND5|ND6|NDUFAB1|MAPK10|MAP2K7|SDHC|SDHD|TBP|RB1CC1|UQCR11|WIPI2|PIK3R4|WIPI1|ATG101,-1.5701935660436863,0,16,0,0,-6.965585076380425,5.41713125199108,
1,-3.1814350667639157,GO:0009060,M1,1,0,GO Biological Processes,19,aerobic respiration,19_GO:0009987 cellular process,-3.1814350667639157,3.044923448831588,4.113188948473062,30230,204,584,12,2.0547945205479454,0.5870422605221068,3988|4508|4514|4540|4541|4547|4706|6391|6392|9016|9927|10975,LIPA|ATP6|COX3|ND5|ND6|MTTP|NDUFAB1|SDHC|SDHD|SLC25A14|MFN2|UQCR11,-1.4187496155654715,0,16,0,0,-6.965585076380425,5.41713125199108,
1,-2.9466654374797785,GO:0022904,M1,1,0,GO Biological Processes,19,respiratory electron transport chain,19_GO:0009987 cellular process,-2.9466654374797785,3.870183075150429,4.174338263895234,30230,107,584,8,1.36986301369863,0.48099101587450915,4514|4540|4541|4706|6391|6392|10975|51542,COX3|ND5|ND6|NDUFAB1|SDHC|SDHD|UQCR11|VPS54,-1.2630949477376394,0,16,0,0,-6.965585076380425,5.41713125199108,
1,-2.8324629719806307,GO:0042776,M1,1,0,GO Biological Processes,19,proton motive force-driven mitochondrial ATP synthesis,19_GO:0009987 cellular process,-2.8324629719806307,4.852846746575343,4.330600482269634,30230,64,584,6,1.0273972602739727,0.417272989913396,4508|4540|4541|4706|6391|6392,ATP6|ND5|ND6|NDUFAB1|SDHC|SDHD,-1.1869016651706867,0,16,0,0,-6.965585076380425,5.41713125199108,
1,-2.82629227567054,hsa00190,M1,1,0,KEGG Pathway,24,Oxidative phosphorylation,,-2.82629227567054,3.3758933889219773,3.9262344324831018,30230,138,584,9,1.5410958904109588,0.509724966965557,4508|4514|4540|4541|4706|6391|6392|10975|90423,ATP6|COX3|ND5|ND6|NDUFAB1|SDHC|SDHD|UQCR11|ATP6V1E2,-1.1829056925888772,0,16,0,0,-6.965585076380425,5.41713125199108,
1,-2.826047525275408,GO:0019646,M1,1,0,GO Biological Processes,19,aerobic electron transport chain,19_GO:0009987 cellular process,-2.826047525275408,4.164895292079987,4.149167787789236,30230,87,584,7,1.1986301369863013,0.45031628818687125,4514|4540|4541|4706|6391|6392|10975,COX3|ND5|ND6|NDUFAB1|SDHC|SDHD|UQCR11,-1.1829056925888772,0,16,0,0,-6.965585076380425,5.41713125199108,
1,-2.7699501724440743,GO:0098803,M1,1,0,GO Cellular Components,20,respiratory chain complex,,-2.7699501724440743,3.632540254746455,3.9524288797532843,30230,114,584,8,1.36986301369863,0.48099101587450915,4508|4514|4540|4541|4706|6391|6392|10975,ATP6|COX3|ND5|ND6|NDUFAB1|SDHC|SDHD|UQCR11,-1.1360463556319487,0,16,0,0,-6.965585076380425,5.41713125199108,
1,-2.745880395860382,GO:0006119,M1,1,0,GO Biological Processes,19,oxidative phosphorylation,19_GO:0009987 cellular process,-2.745880395860382,3.6009529481834424,3.922159437270195,30230,115,584,8,1.36986301369863,0.48099101587450915,4508|4514|4540|4541|4706|6391|6392|10975,ATP6|COX3|ND5|ND6|NDUFAB1|SDHC|SDHD|UQCR11,-1.122393251170321,0,16,0,0,-6.965585076380425,5.41713125199108,
1,-2.713147092429454,GO:0042773,M1,1,0,GO Biological Processes,19,ATP synthesis coupled electron transport,19_GO:0009987 cellular process,-2.713147092429454,3.981822971548999,3.998281751575297,30230,91,584,7,1.1986301369863013,0.45031628818687125,4514|4540|4541|4706|6391|6392|10975,COX3|ND5|ND6|NDUFAB1|SDHC|SDHD|UQCR11,-1.097206267230411,0,16,0,0,-6.965585076380425,5.41713125199108,
1,-2.713147092429454,GO:0042775,M1,1,0,GO Biological Processes,19,mitochondrial ATP synthesis coupled electron transport,19_GO:0009987 cellular process,-2.713147092429454,3.981822971548999,3.998281751575297,30230,91,584,7,1.1986301369863013,0.45031628818687125,4514|4540|4541|4706|6391|6392|10975,COX3|ND5|ND6|NDUFAB1|SDHC|SDHD|UQCR11,-1.097206267230411,0,16,0,0,-6.965585076380425,5.41713125199108,
1,-2.6985694465596564,GO:0022900,M1,1,0,GO Biological Processes,19,electron transport chain,19_GO:0009987 cellular process,-2.6985694465596564,3.5393981969324435,3.862620022594443,30230,117,584,8,1.36986301369863,0.48099101587450915,4514|4540|4541|4706|6391|6392|10975|51542,COX3|ND5|ND6|NDUFAB1|SDHC|SDHD|UQCR11|VPS54,-1.0879568387000456,0,16,0,0,-6.965585076380425,5.41713125199108,
1,-2.594850022937119,hsa05012,M1,1,0,KEGG Pathway,24,Parkinson disease,,-2.594850022937119,2.4831294545822167,3.4421937414365296,30230,271,584,13,2.2260273972602738,0.6104786211136067,4508|4514|4540|4541|4706|5602|6391|6392|9817|9927|10975|55669|90550,ATP6|COX3|ND5|ND6|NDUFAB1|MAPK10|SDHC|SDHD|KEAP1|MFN2|UQCR11|MFN1|MCU,-1.0151944477716948,0,16,0,0,-6.965585076380425,5.41713125199108,
1,-2.5697481457984956,GO:0015986,M1,1,0,GO Biological Processes,19,proton motive force-driven ATP synthesis,19_GO:0009987 cellular process,-2.5697481457984956,4.313641552511417,3.9509885315119724,30230,72,584,6,1.0273972602739727,0.417272989913396,4508|4540|4541|4706|6391|6392,ATP6|ND5|ND6|NDUFAB1|SDHC|SDHD,-0.9956162633063513,0,16,0,0,-6.965585076380425,5.41713125199108,
1,-2.5022538131606638,WP4396,M1,1,0,WikiPathways,27,Nonalcoholic fatty liver disease,,-2.5022538131606638,3.025151218644369,3.5362506616243086,30230,154,584,9,1.5410958904109588,0.509724966965557,3551|4514|4706|5290|5563|6391|6392|10975|51422,IKBKB|COX3|NDUFAB1|PIK3CA|PRKAA2|SDHC|SDHD|UQCR11|PRKAG2,-0.9455270234672974,0,16,0,0,-6.965585076380425,5.41713125199108,
1,-2.4467152299273893,R-HSA-611105,M1,1,0,Reactome Gene Sets,6,Respiratory electron transport,,-2.4467152299273893,2.9673457813454323,3.4687852127375294,30230,157,584,9,1.5410958904109588,0.509724966965557,4514|4540|4541|4706|6391|6392|10975|51300|119559,COX3|ND5|ND6|NDUFAB1|SDHC|SDHD|UQCR11|TIMMDC1|SFXN4,-0.9068702089103154,0,16,0,0,-6.965585076380425,5.41713125199108,
1,-6.719008076845608,GO:0000139,M1,1,0,GO Cellular Components,20,Golgi membrane,,-6.719008076845608,2.620946766082885,6.1388637416677865,30230,711,584,36,6.164383561643835,0.9952272503871752,373|757|1718|4249|6721|6836|8677|8693|9382|23461|25837|26035|50807|51107|51360|51761|55062|55454|55624|55638|56180|56927|57531|64924|79109|79591|83723|84302|84342|84669|90410|114805|200576|222865|339122|340061,TRIM23|TMEM50B|DHCR24|MGAT5|SREBF2|SURF4|STX10|GALNT4|COG1|ABCA5|RAB26|GLCE|ASAP1|APH1A|MBTPS2|ATP8A2|WIPI1|CSGALNACT2|POMGNT1|SYBU|MOSPD1|GPR108|HACE1|SLC30A5|MAPKAP1|ARMH3|TLCD3B|PGAP4|COG8|USP32|IFT20|GALNT13|PIKFYVE|TMEM130|RAB43|STING1,-4.0758662441590765,0,17,1,1,-6.719008076845608,2.620946766082885,
1,-6.39309841285859,GO:0055088,M1,1,0,GO Biological Processes,19,lipid homeostasis,19_GO:0042592 homeostatic process,-6.39309841285859,4.399914383561644,6.770809178377525,30230,200,584,17,2.910958904109589,0.6956594987008953,20|21|706|3988|4547|5563|6095|6721|6836|9481|23400|23411|23461|79803|79850|83723|91137,ABCA2|ABCA3|TSPO|LIPA|MTTP|PRKAA2|RORA|SREBF2|SURF4|SLC25A27|ATP13A2|SIRT1|ABCA5|HPS6|TLCD3A|TLCD3B|SLC25A46,-3.7811510104478434,0,18,1,1,-6.39309841285859,4.540675318433069,
1,-5.033758599905685,GO:0019216,M1,1,0,GO Biological Processes,19,regulation of lipid metabolic process,19_GO:0050789 regulation of biological process,-5.033758599905685,3.0028664951184436,5.380696264345667,30230,362,584,21,3.595890410958904,0.7704502033461142,20|21|706|1958|5580|5581|6095|6721|8850|9926|10162|23038|23175|23399|23411|23682|26580|51360|51422|54704|66036,ABCA2|ABCA3|TSPO|EGR1|PRKCD|PRKCE|RORA|SREBF2|KAT2B|LPGAT1|LPCAT3|WDTC1|LPIN1|CTDNEP1|SIRT1|RAB38|BSCL2|MBTPS2|PRKAG2|PDP1|MTMR9,-2.7189208477497973,0,18,0,0,-6.39309841285859,4.540675318433069,
1,-4.818821536293067,GO:0046890,M1,1,0,GO Biological Processes,19,regulation of lipid biosynthetic process,19_GO:0050789 regulation of biological process,-4.818821536293067,3.7150979878088743,5.528169307408671,30230,209,584,15,2.5684931506849313,0.6546097839047824,20|21|706|1958|5580|6721|8850|9926|10162|23038|23175|23399|23411|23682|51360,ABCA2|ABCA3|TSPO|EGR1|PRKCD|SREBF2|KAT2B|LPGAT1|LPCAT3|WDTC1|LPIN1|CTDNEP1|SIRT1|RAB38|MBTPS2,-2.5819270719048757,0,18,0,0,-6.39309841285859,4.540675318433069,
1,-3.0660138436249844,GO:0032368,M1,1,0,GO Biological Processes,19,regulation of lipid transport,19_GO:0051179 localization,-3.0660138436249844,3.3612791318270765,4.123185871419859,30230,154,584,10,1.7123287671232876,0.536829873604794,20|21|706|2182|6721|6836|10162|23411|23461|51761,ABCA2|ABCA3|TSPO|ACSL4|SREBF2|SURF4|LPCAT3|SIRT1|ABCA5|ATP8A2,-1.3378612212301049,0,18,0,0,-6.39309841285859,4.540675318433069,
1,-2.6753184738220606,GO:0019218,M1,1,0,GO Biological Processes,19,regulation of steroid metabolic process,19_GO:0050789 regulation of biological process,-2.6753184738220606,3.50940329695844,3.8333363618765244,30230,118,584,8,1.36986301369863,0.48099101587450915,20|706|1958|6095|6721|10162|23411|51360,ABCA2|TSPO|EGR1|RORA|SREBF2|LPCAT3|SIRT1|MBTPS2,-1.0728375746768237,0,18,0,0,-6.39309841285859,4.540675318433069,
1,-2.544113946016154,GO:1905952,M1,1,0,GO Biological Processes,19,regulation of lipid localization,19_GO:0051179 localization,-2.544113946016154,2.859872852493756,3.5224334173340415,30230,181,584,10,1.7123287671232876,0.536829873604794,20|21|706|2182|6721|6836|10162|23411|23461|51761,ABCA2|ABCA3|TSPO|ACSL4|SREBF2|SURF4|LPCAT3|SIRT1|ABCA5|ATP8A2,-0.976113381575508,0,18,0,0,-6.39309841285859,4.540675318433069,
1,-2.368541017475227,GO:0032371,M1,1,0,GO Biological Processes,19,regulation of sterol transport,19_GO:0051179 localization,-2.368541017475227,3.9314201491243286,3.661643136071047,30230,79,584,6,1.0273972602739727,0.417272989913396,20|21|706|6721|23411|23461,ABCA2|ABCA3|TSPO|SREBF2|SIRT1|ABCA5,-0.8515426225353668,0,18,0,0,-6.39309841285859,4.540675318433069,
1,-2.368541017475227,GO:0032374,M1,1,0,GO Biological Processes,19,regulation of cholesterol transport,19_GO:0051179 localization,-2.368541017475227,3.9314201491243286,3.661643136071047,30230,79,584,6,1.0273972602739727,0.417272989913396,20|21|706|6721|23411|23461,ABCA2|ABCA3|TSPO|SREBF2|SIRT1|ABCA5,-0.8515426225353668,0,18,0,0,-6.39309841285859,4.540675318433069,
1,-2.3146267124926516,GO:0010874,M1,1,0,GO Biological Processes,19,regulation of cholesterol efflux,19_GO:0051179 localization,-2.3146267124926516,4.540675318433069,3.7553424522135836,30230,57,584,5,0.8561643835616438,0.3812457520636574,20|21|6721|23411|23461,ABCA2|ABCA3|SREBF2|SIRT1|ABCA5,-0.8124117217985509,0,18,0,0,-6.39309841285859,4.540675318433069,
1,-2.1305461737537543,GO:0042632,M1,1,0,GO Biological Processes,19,cholesterol homeostasis,19_GO:0042592 homeostatic process,-2.1305461737537543,3.1236714690599903,3.2163800949891703,30230,116,584,7,1.1986301369863013,0.45031628818687125,20|706|4547|6095|6721|23411|23461,ABCA2|TSPO|MTTP|RORA|SREBF2|SIRT1|ABCA5,-0.6869163946108319,0,18,0,0,-6.39309841285859,4.540675318433069,
1,-2.110835876485762,GO:0055092,M1,1,0,GO Biological Processes,19,sterol homeostasis,19_GO:0042592 homeostatic process,-2.110835876485762,3.096973422315888,3.1896579030693957,30230,117,584,7,1.1986301369863013,0.45031628818687125,20|706|4547|6095|6721|23411|23461,ABCA2|TSPO|MTTP|RORA|SREBF2|SIRT1|ABCA5,-0.6703034354299173,0,18,0,0,-6.39309841285859,4.540675318433069,
1,-2.0949992200909238,GO:0050810,M1,1,0,GO Biological Processes,19,regulation of steroid biosynthetic process,19_GO:0050789 regulation of biological process,-2.0949992200909238,3.450913242009133,3.268231644535835,30230,90,584,6,1.0273972602739727,0.417272989913396,706|1958|6721|10162|23411|51360,TSPO|EGR1|SREBF2|LPCAT3|SIRT1|MBTPS2,-0.6594817825890875,0,18,0,0,-6.39309841285859,4.540675318433069,
1,-2.000854521372773,GO:0062012,M1,1,0,GO Biological Processes,19,regulation of small molecule metabolic process,19_GO:0050789 regulation of biological process,-2.000854521372773,2.035651069724488,2.758843280023189,30230,356,584,14,2.3972602739726026,0.6329686127171638,706|1958|5563|6095|6721|8850|9926|10162|23038|23411|51360|51422|54704|201163,TSPO|EGR1|PRKAA2|RORA|SREBF2|KAT2B|LPGAT1|LPCAT3|WDTC1|SIRT1|MBTPS2|PRKAG2|PDP1|FLCN,-0.5914606616023061,0,18,0,0,-6.39309841285859,4.540675318433069,
1,-6.332490331667887,GO:0048471,M1,1,0,GO Cellular Components,20,perinuclear region of cytoplasm,,-6.332490331667887,2.52505846976278,5.887051358300774,30230,738,584,36,6.164383561643835,0.9952272503871752,827|1540|1600|3985|4504|5290|5580|5581|5582|5587|5797|5922|8677|8693|8882|9681|9885|10079|23032|23405|23682|25819|50626|51542|54497|54514|55128|56180|66036|79109|79591|79658|201931|284110|338692|340061,CAPN6|CYLD|DAB1|LIMK2|MT3|PIK3CA|PRKCD|PRKCE|PRKCG|PRKD1|PTPRM|RASA2|STX10|GALNT4|ZPR1|DEPDC5|OSBPL2|ATP9A|USP33|DICER1|RAB38|NOCT|ZFTRAF1|VPS54|HEATR5B|DDX4|TRIM68|MOSPD1|MTMR9|MAPKAP1|ARMH3|ARHGAP10|TMEM192|GSDMA|ANKRD13D|STING1,-3.735105989542031,0,19,1,1,-6.332490331667887,2.52505846976278,
1,-6.2501196635547425,GO:0048193,M1,1,0,GO Biological Processes,19,Golgi vesicle transport,19_GO:0051179 localization,-6.2501196635547425,3.5875830733758303,6.353591455975428,30230,303,584,21,3.595890410958904,0.7704502033461142,5587|6836|6845|8677|9179|9382|10079|10239|23041|23074|25837|27072|51542|55062|58485|65258|79591|80262|84342|134957|339122,PRKD1|SURF4|VAMP7|STX10|AP4M1|COG1|ATP9A|AP3S2|MON2|BLTP3B|RAB26|VPS41|VPS54|WIPI1|TRAPPC1|MPPE1|ARMH3|PHAF1|COG8|STXBP5|RAB43,-3.6805319771273175,0,20,1,1,-6.2501196635547425,12.940924657534245,
1,-4.491500363306042,GO:0006895,M1,1,0,GO Biological Processes,19,Golgi to endosome transport,19_GO:0051179 localization,-4.491500363306042,12.940924657534245,7.497437516436176,30230,20,584,5,0.8561643835616438,0.3812457520636574,9179|10079|23041|55062|79591,AP4M1|ATP9A|MON2|WIPI1|ARMH3,-2.356514019079143,0,20,0,0,-6.2501196635547425,12.940924657534245,
1,-4.287603914424909,GO:0006892,M1,1,0,GO Biological Processes,19,post-Golgi vesicle-mediated transport,19_GO:0051179 localization,-4.287603914424909,4.748963177076787,5.503322864204493,30230,109,584,10,1.7123287671232876,0.536829873604794,9179|10079|10239|23041|25837|51542|55062|79591|80262|134957,AP4M1|ATP9A|AP3S2|MON2|RAB26|VPS54|WIPI1|ARMH3|PHAF1|STXBP5,-2.2065345480770024,0,20,0,0,-6.2501196635547425,12.940924657534245,
1,-3.4899220651413145,GO:0016482,M1,1,0,GO Biological Processes,19,cytosolic transport,19_GO:0051179 localization,-3.4899220651413145,3.8061543110394838,4.6033744919018424,30230,136,584,10,1.7123287671232876,0.536829873604794,8677|9179|10079|23041|23074|51542|54497|55062|79591|200576,STX10|AP4M1|ATP9A|MON2|BLTP3B|VPS54|HEATR5B|WIPI1|ARMH3|PIKFYVE,-1.6262698336106896,0,20,0,0,-6.2501196635547425,12.940924657534245,
1,-6.216818982169762,WP5470,M1,1,0,WikiPathways,27,Effect of omega 3 PUFA on Huntington 39 s disease pathways,,-6.216818982169762,5.607734018264839,7.098358156761595,30230,120,584,13,2.2260273972602738,0.6104786211136067,2562|3551|5286|5287|5290|5563|5602|5609|6721|9252|30849|51422|253260,GABRB3|IKBKB|PIK3C2A|PIK3C2B|PIK3CA|PRKAA2|MAPK10|MAP2K7|SREBF2|RPS6KA5|PIK3R4|PRKAG2|RICTOR,-3.6541967463031186,0,21,1,1,-6.216818982169762,9.411581569115818,
1,-5.786292162594357,WP4666,M1,1,0,WikiPathways,27,Hepatitis B infection,,-5.786292162594357,4.767709084354722,6.535968349955869,30230,152,584,14,2.3972602739726026,0.6329686127171638,673|1959|2353|3551|4615|5290|5582|5602|5609|6300|6655|6773|6778|10454,BRAF|EGR2|FOS|IKBKB|MYD88|PIK3CA|PRKCG|MAPK10|MAP2K7|MAPK12|SOS2|STAT2|STAT6|TAB1,-3.3245704224685744,0,21,0,0,-6.216818982169762,9.411581569115818,
1,-5.742702835921982,WP3915,M1,1,0,WikiPathways,27,Angiopoietin like protein 8 regulatory pathway,,-5.742702835921982,5.097940016604399,6.6224548417110345,30230,132,584,13,2.2260273972602738,0.6104786211136067,5286|5290|5563|5602|5609|6300|6655|6721|9252|30849|51422|79109|253260,PIK3C2A|PIK3CA|PRKAA2|MAPK10|MAP2K7|MAPK12|SOS2|SREBF2|RPS6KA5|PIK3R4|PRKAG2|MAPKAP1|RICTOR,-3.2949251984292944,0,21,0,0,-6.216818982169762,9.411581569115818,
1,-5.426949204220273,hsa05161,M1,1,0,KEGG Pathway,24,Hepatitis B,,-5.426949204220273,4.445961845533238,6.191480075186692,30230,163,584,14,2.3972602739726026,0.6329686127171638,673|1959|2353|3551|4615|5290|5582|5602|5609|6300|6655|6773|6778|10454,BRAF|EGR2|FOS|IKBKB|MYD88|PIK3CA|PRKCG|MAPK10|MAP2K7|MAPK12|SOS2|STAT2|STAT6|TAB1,-3.039157160678673,0,21,0,0,-6.216818982169762,9.411581569115818,
1,-5.053126485547377,R-HSA-168138,M1,1,0,Reactome Gene Sets,6,Toll Like Receptor 9 (TLR9) Cascade,,-5.053126485547377,5.223859494784466,6.200451014021382,30230,109,584,11,1.8835616438356164,0.5625412616790831,2353|3551|4615|5602|5609|7867|9252|10454|30849|57161|79671,FOS|IKBKB|MYD88|MAPK10|MAP2K7|MAPKAPK3|RPS6KA5|TAB1|PIK3R4|PELI2|NLRX1,-2.7264696685215166,0,21,0,0,-6.216818982169762,9.411581569115818,
1,-5.000848490420526,hsa05131,M1,1,0,KEGG Pathway,24,Shigellosis,,-5.000848490420526,3.478193188586279,5.555671996196479,30230,253,584,17,2.910958904109589,0.6956594987008953,3551|3611|4615|5290|5580|5581|5602|6300|9252|10325|10454|26100|30849|55062|57180|64121|340061,IKBKB|ILK|MYD88|PIK3CA|PRKCD|PRKCE|MAPK10|MAPK12|RPS6KA5|RRAGB|TAB1|WIPI2|PIK3R4|WIPI1|ACTR3B|RRAGC|STING1,-2.7044941439586516,0,21,0,0,-6.216818982169762,9.411581569115818,
1,-4.822011244093571,WP481,M1,1,0,WikiPathways,27,Insulin signaling,,-4.822011244093571,4.205800513698629,5.706437081581787,30230,160,584,13,2.2260273972602738,0.6104786211136067,1958|2353|3551|5286|5290|5563|5580|5602|5609|6300|6655|9252|30849,EGR1|FOS|IKBKB|PIK3C2A|PIK3CA|PRKAA2|PRKCD|MAPK10|MAP2K7|MAPK12|SOS2|RPS6KA5|PIK3R4,-2.5819270719048757,0,21,0,0,-6.216818982169762,9.411581569115818,
1,-4.808243551758995,R-HSA-168142,M1,1,0,Reactome Gene Sets,6,Toll Like Receptor 10 (TLR10) Cascade,,-4.808243551758995,5.4488103821196825,6.095444229638597,30230,95,584,10,1.7123287671232876,0.536829873604794,2353|3551|4615|5602|5609|7867|9252|10454|57161|79671,FOS|IKBKB|MYD88|MAPK10|MAP2K7|MAPKAPK3|RPS6KA5|TAB1|PELI2|NLRX1,-2.5819270719048757,0,21,0,0,-6.216818982169762,9.411581569115818,
1,-4.808243551758995,R-HSA-168176,M1,1,0,Reactome Gene Sets,6,Toll Like Receptor 5 (TLR5) Cascade,,-4.808243551758995,5.4488103821196825,6.095444229638597,30230,95,584,10,1.7123287671232876,0.536829873604794,2353|3551|4615|5602|5609|7867|9252|10454|57161|79671,FOS|IKBKB|MYD88|MAPK10|MAP2K7|MAPKAPK3|RPS6KA5|TAB1|PELI2|NLRX1,-2.5819270719048757,0,21,0,0,-6.216818982169762,9.411581569115818,
1,-4.808243551758995,R-HSA-975871,M1,1,0,Reactome Gene Sets,6,MyD88 cascade initiated on plasma membrane,,-4.808243551758995,5.4488103821196825,6.095444229638597,30230,95,584,10,1.7123287671232876,0.536829873604794,2353|3551|4615|5602|5609|7867|9252|10454|57161|79671,FOS|IKBKB|MYD88|MAPK10|MAP2K7|MAPKAPK3|RPS6KA5|TAB1|PELI2|NLRX1,-2.5819270719048757,0,21,0,0,-6.216818982169762,9.411581569115818,
1,-4.79162444252426,hsa05135,M1,1,0,KEGG Pathway,24,Yersinia infection,,-4.79162444252426,4.501191185229304,5.785822482712854,30230,138,584,12,2.0547945205479454,0.5870422605221068,2353|3551|4615|5290|5602|5609|6300|7410|9138|10451|10454|57180,FOS|IKBKB|MYD88|PIK3CA|MAPK10|MAP2K7|MAPK12|VAV2|ARHGEF1|VAV3|TAB1|ACTR3B,-2.568377194397817,0,21,0,0,-6.216818982169762,9.411581569115818,
1,-4.5740429156824804,R-HSA-975138,M1,1,0,Reactome Gene Sets,6,TRAF6 mediated induction of NFkB and MAP kinases upon TLR7/8 or 9 activation,,-4.5740429156824804,5.125118676251186,5.8282750272410775,30230,101,584,10,1.7123287671232876,0.536829873604794,2353|3551|4615|5602|5609|7867|9252|10454|57161|79671,FOS|IKBKB|MYD88|MAPK10|MAP2K7|MAPKAPK3|RPS6KA5|TAB1|PELI2|NLRX1,-2.4098461617317892,0,21,0,0,-6.216818982169762,9.411581569115818,
1,-4.547941835109487,WP382,M1,1,0,WikiPathways,27,MAPK signaling,,-4.547941835109487,3.3531140813044202,5.211817246572808,30230,247,584,16,2.73972602739726,0.6754837232184769,673|2353|3310|3551|5580|5582|5602|5609|5922|6300|6655|7867|9252|10454|27091|51776,BRAF|FOS|HSPA6|IKBKB|PRKCD|PRKCG|MAPK10|MAP2K7|RASA2|MAPK12|SOS2|MAPKAPK3|RPS6KA5|TAB1|CACNG5|MAP3K20,-2.3925143306400427,0,21,0,0,-6.216818982169762,9.411581569115818,
1,-4.536701563361039,R-HSA-975155,M1,1,0,Reactome Gene Sets,6,MyD88 dependent cascade initiated on endosome,,-4.536701563361039,5.074872414719311,5.785810585084976,30230,102,584,10,1.7123287671232876,0.536829873604794,2353|3551|4615|5602|5609|7867|9252|10454|57161|79671,FOS|IKBKB|MYD88|MAPK10|MAP2K7|MAPKAPK3|RPS6KA5|TAB1|PELI2|NLRX1,-2.388368418106267,0,21,0,0,-6.216818982169762,9.411581569115818,
1,-4.443726447617863,WP422,M1,1,0,WikiPathways,27,MAPK cascade,,-4.443726447617863,9.411581569115818,6.785595903176252,30230,33,584,6,1.0273972602739727,0.417272989913396,673|5602|5609|6300|6655|22821,BRAF|MAPK10|MAP2K7|MAPK12|SOS2|RASA3,-2.3161641214701696,0,21,0,0,-6.216818982169762,9.411581569115818,
1,-4.391813525183063,R-HSA-168181,M1,1,0,Reactome Gene Sets,6,Toll Like Receptor 7/8 (TLR7/8) Cascade,,-4.391813525183063,4.883367795295942,5.621347063531271,30230,106,584,10,1.7123287671232876,0.536829873604794,2353|3551|4615|5602|5609|7867|9252|10454|57161|79671,FOS|IKBKB|MYD88|MAPK10|MAP2K7|MAPKAPK3|RPS6KA5|TAB1|PELI2|NLRX1,-2.2884526505255156,0,21,0,0,-6.216818982169762,9.411581569115818,
1,-4.385234642082186,WP2637,M1,1,0,WikiPathways,27,Interleukin 1 IL 1 structural pathway,,-4.385234642082186,7.394814090019569,6.287737641000954,30230,49,584,7,1.1986301369863013,0.45031628818687125,2353|3551|4615|5602|5609|9252|10454,FOS|IKBKB|MYD88|MAPK10|MAP2K7|RPS6KA5|TAB1,-2.2884526505255156,0,21,0,0,-6.216818982169762,9.411581569115818,
1,-4.240939895640859,hsa04068,M1,1,0,KEGG Pathway,24,FoxO signaling pathway,,-4.240939895640859,4.2812081573797505,5.3227155852915855,30230,133,584,11,1.8835616438356164,0.5625412616790831,673|3551|5290|5563|5602|5934|6300|6655|23411|51422|116986,BRAF|IKBKB|PIK3CA|PRKAA2|MAPK10|RBL2|MAPK12|SOS2|SIRT1|PRKAG2|AGAP2,-2.177158164187114,0,21,0,0,-6.216818982169762,9.411581569115818,
1,-4.220131166916361,R-HSA-166058,M1,1,0,Reactome Gene Sets,6,MyD88:MAL(TIRAP) cascade initiated on plasma membrane,,-4.220131166916361,4.663396272985313,5.427006929561741,30230,111,584,10,1.7123287671232876,0.536829873604794,2353|3551|4615|5602|5609|7867|9252|10454|57161|79671,FOS|IKBKB|MYD88|MAPK10|MAP2K7|MAPKAPK3|RPS6KA5|TAB1|PELI2|NLRX1,-2.17068528162602,0,21,0,0,-6.216818982169762,9.411581569115818,
1,-4.220131166916361,R-HSA-168188,M1,1,0,Reactome Gene Sets,6,Toll Like Receptor TLR6:TLR2 Cascade,,-4.220131166916361,4.663396272985313,5.427006929561741,30230,111,584,10,1.7123287671232876,0.536829873604794,2353|3551|4615|5602|5609|7867|9252|10454|57161|79671,FOS|IKBKB|MYD88|MAPK10|MAP2K7|MAPKAPK3|RPS6KA5|TAB1|PELI2|NLRX1,-2.17068528162602,0,21,0,0,-6.216818982169762,9.411581569115818,
1,-4.121773719822319,R-HSA-168179,M1,1,0,Reactome Gene Sets,6,Toll Like Receptor TLR1:TLR2 Cascade,,-4.121773719822319,4.540675318433069,5.315879731439218,30230,114,584,10,1.7123287671232876,0.536829873604794,2353|3551|4615|5602|5609|7867|9252|10454|57161|79671,FOS|IKBKB|MYD88|MAPK10|MAP2K7|MAPKAPK3|RPS6KA5|TAB1|PELI2|NLRX1,-2.107965963330413,0,21,0,0,-6.216818982169762,9.411581569115818,
1,-4.121773719822319,R-HSA-181438,M1,1,0,Reactome Gene Sets,6,Toll Like Receptor 2 (TLR2) Cascade,,-4.121773719822319,4.540675318433069,5.315879731439218,30230,114,584,10,1.7123287671232876,0.536829873604794,2353|3551|4615|5602|5609|7867|9252|10454|57161|79671,FOS|IKBKB|MYD88|MAPK10|MAP2K7|MAPKAPK3|RPS6KA5|TAB1|PELI2|NLRX1,-2.107965963330413,0,21,0,0,-6.216818982169762,9.411581569115818,
1,-3.964996073556771,hsa04668,M1,1,0,KEGG Pathway,24,TNF signaling pathway,,-3.964996073556771,4.349890641187981,5.1389782842592915,30230,119,584,10,1.7123287671232876,0.536829873604794,1540|2353|3551|3726|5290|5602|5609|6300|9252|10454,CYLD|FOS|IKBKB|JUNB|PIK3CA|MAPK10|MAP2K7|MAPK12|RPS6KA5|TAB1,-1.978626565411804,0,21,0,0,-6.216818982169762,9.411581569115818,
1,-3.9293975985685714,hsa04936,M1,1,0,KEGG Pathway,24,Alcoholic liver disease,,-3.9293975985685714,3.954171423135464,4.987351468723444,30230,144,584,11,1.8835616438356164,0.5625412616790831,3551|4615|5563|5602|5609|6300|8310|10454|23175|23411|51422,IKBKB|MYD88|PRKAA2|MAPK10|MAP2K7|MAPK12|ACOX3|TAB1|LPIN1|SIRT1|PRKAG2,-1.95698252723489,0,21,0,0,-6.216818982169762,9.411581569115818,
1,-3.677411746171139,R-HSA-450294,M1,1,0,Reactome Gene Sets,6,MAP kinase activation,,-3.677411746171139,5.75152207001522,5.298735310877098,30230,63,584,7,1.1986301369863013,0.45031628818687125,2353|3551|5602|5609|7867|9252|10454,FOS|IKBKB|MAPK10|MAP2K7|MAPKAPK3|RPS6KA5|TAB1,-1.7716981696398024,0,21,0,0,-6.216818982169762,9.411581569115818,
1,-3.5668738385383785,hsa04620,M1,1,0,KEGG Pathway,24,Toll-like receptor signaling pathway,,-3.5668738385383785,4.274066859369109,4.806194714387603,30230,109,584,9,1.5410958904109588,0.509724966965557,2353|3551|4615|5290|5602|5609|6300|6773|10454,FOS|IKBKB|MYD88|PIK3CA|MAPK10|MAP2K7|MAPK12|STAT2|TAB1,-1.6882678941020939,0,21,0,0,-6.216818982169762,9.411581569115818,
1,-3.56389136974786,hsa04010,M1,1,0,KEGG Pathway,24,MAPK signaling pathway,,-3.56389136974786,2.760730593607306,4.301653660388425,30230,300,584,16,2.73972602739726,0.6754837232184769,673|2353|3310|3551|4615|5582|5602|5609|5922|6300|6655|7867|9252|10454|27091|51776,BRAF|FOS|HSPA6|IKBKB|MYD88|PRKCG|MAPK10|MAP2K7|RASA2|MAPK12|SOS2|MAPKAPK3|RPS6KA5|TAB1|CACNG5|MAP3K20,-1.6880428598567643,0,21,0,0,-6.216818982169762,9.411581569115818,
1,-3.5334368530180624,hsa05170,M1,1,0,KEGG Pathway,24,Human immunodeficiency virus 1 infection,,-3.5334368530180624,3.144523748559723,4.418721194965287,30230,214,584,13,2.2260273972602738,0.6104786211136067,2353|3551|3985|4615|5290|5582|5602|5609|6300|9582|10454|200316|340061,FOS|IKBKB|LIMK2|MYD88|PIK3CA|PRKCG|MAPK10|MAP2K7|MAPK12|APOBEC3B|TAB1|APOBEC3F|STING1,-1.661691943565744,0,21,0,0,-6.216818982169762,9.411581569115818,
1,-3.4945015261031203,hsa05417,M1,1,0,KEGG Pathway,24,Lipid and atherosclerosis,,-3.4945015261031203,3.115407787924911,4.379195129815253,30230,216,584,13,2.2260273972602738,0.6104786211136067,2353|3310|3551|4615|5290|5602|5609|6300|7410|9138|10451|10454|142678,FOS|HSPA6|IKBKB|MYD88|PIK3CA|MAPK10|MAP2K7|MAPK12|VAV2|ARHGEF1|VAV3|TAB1|MIB2,-1.6295109438002329,0,21,0,0,-6.216818982169762,9.411581569115818,
1,-3.3965666591789914,WP4880,M1,1,0,WikiPathways,27,Host pathogen interaction of human coronaviruses interferon induction,,-3.3965666591789914,7.842984640929846,5.520213786605706,30230,33,584,5,0.8561643835616438,0.3812457520636574,2353|3551|4615|4938|6773,FOS|IKBKB|MYD88|OAS1|STAT2,-1.5724810646423673,0,21,0,0,-6.216818982169762,9.411581569115818,
1,-3.354128703687393,R-HSA-448424,M1,1,0,Reactome Gene Sets,6,Interleukin-17 signaling,,-3.354128703687393,5.103463245224773,4.858548196220004,30230,71,584,7,1.1986301369863013,0.45031628818687125,2353|3551|5602|5609|7867|9252|10454,FOS|IKBKB|MAPK10|MAP2K7|MAPKAPK3|RPS6KA5|TAB1,-1.5420741965723042,0,21,0,0,-6.216818982169762,9.411581569115818,
1,-3.316541219305183,hsa04380,M1,1,0,KEGG Pathway,24,Osteoclast differentiation,,-3.316541219305183,3.6198390650445442,4.407460726802847,30230,143,584,10,1.7123287671232876,0.536829873604794,1540|2353|3551|3726|5290|5602|5609|6300|6773|10454,CYLD|FOS|IKBKB|JUNB|PIK3CA|MAPK10|MAP2K7|MAPK12|STAT2|TAB1,-1.511548566677581,0,21,0,0,-6.216818982169762,9.411581569115818,
1,-3.3044221127525804,R-HSA-168898,M1,1,0,Reactome Gene Sets,6,Toll-like Receptor Cascades,,-3.3044221127525804,3.349415793714746,4.31146751478861,30230,170,584,11,1.8835616438356164,0.5625412616790831,2353|3551|4615|5602|5609|7867|9252|10454|30849|57161|79671,FOS|IKBKB|MYD88|MAPK10|MAP2K7|MAPKAPK3|RPS6KA5|TAB1|PIK3R4|PELI2|NLRX1,-1.501758122443561,0,21,0,0,-6.216818982169762,9.411581569115818,
1,-3.2690833257888587,R-HSA-166016,M1,1,0,Reactome Gene Sets,6,Toll Like Receptor 4 (TLR4) Cascade,,-3.2690833257888587,3.5699102503542743,4.353737209008288,30230,145,584,10,1.7123287671232876,0.536829873604794,2353|3551|4615|5602|5609|7867|9252|10454|57161|79671,FOS|IKBKB|MYD88|MAPK10|MAP2K7|MAPKAPK3|RPS6KA5|TAB1|PELI2|NLRX1,-1.4801350379511145,0,21,0,0,-6.216818982169762,9.411581569115818,
1,-3.2690833257888587,WP1449,M1,1,0,WikiPathways,27,Regulation of toll like receptor signaling,,-3.2690833257888587,3.5699102503542743,4.353737209008288,30230,145,584,10,1.7123287671232876,0.536829873604794,1540|2353|3551|4615|5290|5602|5609|6300|10454|57161,CYLD|FOS|IKBKB|MYD88|PIK3CA|MAPK10|MAP2K7|MAPK12|TAB1|PELI2,-1.4801350379511145,0,21,0,0,-6.216818982169762,9.411581569115818,
1,-3.258235973046013,hsa04722,M1,1,0,KEGG Pathway,24,Neurotrophin signaling pathway,,-3.258235973046013,3.8822773972602738,4.440238345310688,30230,120,584,9,1.5410958904109588,0.509724966965557,673|3551|5290|5580|5602|5609|6300|6655|9252,BRAF|IKBKB|PIK3CA|PRKCD|MAPK10|MAP2K7|MAPK12|SOS2|RPS6KA5,-1.4765917289545651,0,21,0,0,-6.216818982169762,9.411581569115818,
1,-3.216284132696718,WP4877,M1,1,0,WikiPathways,27,Host pathogen interaction of human coronaviruses MAPK signaling,,-3.216284132696718,7.189402587519025,5.215247443865958,30230,36,584,5,0.8561643835616438,0.3812457520636574,2353|3726|5602|5609|6300,FOS|JUNB|MAPK10|MAP2K7|MAPK12,-1.4449745932716886,0,21,0,0,-6.216818982169762,9.411581569115818,
1,-2.999972220626244,R-HSA-168164,M1,1,0,Reactome Gene Sets,6,Toll Like Receptor 3 (TLR3) Cascade,,-2.999972220626244,3.943900848010437,4.2412079043203095,30230,105,584,8,1.36986301369863,0.48099101587450915,2353|3551|5602|5609|7867|9252|10454|79671,FOS|IKBKB|MAPK10|MAP2K7|MAPKAPK3|RPS6KA5|TAB1|NLRX1,-1.2937535086828567,0,21,0,0,-6.216818982169762,9.411581569115818,
1,-2.8877711889984403,hsa05132,M1,1,0,KEGG Pathway,24,Salmonella infection,,-2.8877711889984403,2.680988375266059,3.7534294871625358,30230,251,584,13,2.2260273972602738,0.6104786211136067,2353|3551|4615|5286|5287|5290|5602|5609|6300|8677|10454|27072|57180,FOS|IKBKB|MYD88|PIK3C2A|PIK3C2B|PIK3CA|MAPK10|MAP2K7|MAPK12|STX10|TAB1|VPS41|ACTR3B,-1.2240428255301319,0,21,0,0,-6.216818982169762,9.411581569115818,
1,-2.8704384016615947,WP4630,M1,1,0,WikiPathways,27,Measles virus infection,,-2.8704384016615947,3.4255388799355355,3.978991378017025,30230,136,584,9,1.5410958904109588,0.509724966965557,2353|3310|3551|4615|4938|5290|5602|6773|440275,FOS|HSPA6|IKBKB|MYD88|OAS1|PIK3CA|MAPK10|STAT2|EIF2AK4,-1.211246909921333,0,21,0,0,-6.216818982169762,9.411581569115818,
1,-2.8691119994285703,R-HSA-166166,M1,1,0,Reactome Gene Sets,6,MyD88-independent TLR4 cascade,,-2.8691119994285703,3.7646326276463262,4.077007869233486,30230,110,584,8,1.36986301369863,0.48099101587450915,2353|3551|5602|5609|7867|9252|10454|79671,FOS|IKBKB|MAPK10|MAP2K7|MAPKAPK3|RPS6KA5|TAB1|NLRX1,-1.211246909921333,0,21,0,0,-6.216818982169762,9.411581569115818,
1,-2.8691119994285703,R-HSA-937061,M1,1,0,Reactome Gene Sets,6,TRIF (TICAM1)-mediated TLR4 signaling,,-2.8691119994285703,3.7646326276463262,4.077007869233486,30230,110,584,8,1.36986301369863,0.48099101587450915,2353|3551|5602|5609|7867|9252|10454|79671,FOS|IKBKB|MAPK10|MAP2K7|MAPKAPK3|RPS6KA5|TAB1|NLRX1,-1.211246909921333,0,21,0,0,-6.216818982169762,9.411581569115818,
1,-2.7943029064533462,R-HSA-2454202,M1,1,0,Reactome Gene Sets,6,Fc epsilon receptor (FCERI) signaling,,-2.7943029064533462,3.6646866286822646,3.98304095171782,30230,113,584,8,1.36986301369863,0.48099101587450915,2353|3551|5290|5602|5609|7410|10451|10454,FOS|IKBKB|PIK3CA|MAPK10|MAP2K7|VAV2|VAV3|TAB1,-1.1543662136420267,0,21,0,0,-6.216818982169762,9.411581569115818,
1,-2.740569784466015,hsa05418,M1,1,0,KEGG Pathway,24,Fluid shear stress and atherosclerosis,,-2.740569784466015,3.28079780050164,3.823574523091527,30230,142,584,9,1.5410958904109588,0.509724966965557,90|2353|3551|5290|5563|5602|5609|6300|9817,ACVR1|FOS|IKBKB|PIK3CA|PRKAA2|MAPK10|MAP2K7|MAPK12|KEAP1,-1.1186172508494223,0,21,0,0,-6.216818982169762,9.411581569115818,
1,-2.724386582292341,WP4566,M1,1,0,WikiPathways,27,Translation inhibitors in chronically activated PDGFRA cells,,-2.724386582292341,5.626488981536628,4.407347698683296,30230,46,584,5,0.8561643835616438,0.3812457520636574,5290|5580|5602|5609|9252,PIK3CA|PRKCD|MAPK10|MAP2K7|RPS6KA5,-1.104725845455333,0,21,0,0,-6.216818982169762,9.411581569115818,
1,-2.6065065132596628,WP75,M1,1,0,WikiPathways,27,Toll like receptor signaling,,-2.6065065132596628,3.8141672674837777,3.855772253356592,30230,95,584,7,1.1986301369863013,0.45031628818687125,2353|3551|4615|5602|5609|6300|10454,FOS|IKBKB|MYD88|MAPK10|MAP2K7|MAPK12|TAB1,-1.0198460365255801,0,21,0,0,-6.216818982169762,9.411581569115818,
1,-2.491143383162605,WP5530,M1,1,0,WikiPathways,27,MAPK signaling and ARTD family members,,-2.491143383162605,6.470462328767123,4.345554411615855,30230,32,584,4,0.684931506849315,0.341290910327769,673|5602|5609|6300,BRAF|MAPK10|MAP2K7|MAPK12,-0.9410339084209286,0,21,0,0,-6.216818982169762,9.411581569115818,
1,-2.457060308137928,R-HSA-449147,M1,1,0,Reactome Gene Sets,6,Signaling by Interleukins,,-2.457060308137928,2.0523052320318627,3.17082110325618,30230,454,584,18,3.0821917808219177,0.7151961986636398,1052|2353|3551|3726|4615|5290|5602|5609|6095|6655|6773|6778|6845|7867|9252|10454|57161|79671,CEBPD|FOS|IKBKB|JUNB|MYD88|PIK3CA|MAPK10|MAP2K7|RORA|SOS2|STAT2|STAT6|VAMP7|MAPKAPK3|RPS6KA5|TAB1|PELI2|NLRX1,-0.9127544094954918,0,21,0,0,-6.216818982169762,9.411581569115818,
1,-2.416044450904373,WP195,M1,1,0,WikiPathways,27,IL1 signaling,,-2.416044450904373,4.792935058346017,3.9154051974866912,30230,54,584,5,0.8561643835616438,0.3812457520636574,3551|4615|5609|10454|57161,IKBKB|MYD88|MAP2K7|TAB1|PELI2,-0.8812420930066802,0,21,0,0,-6.216818982169762,9.411581569115818,
1,-2.409920950035063,hsa05142,M1,1,0,KEGG Pathway,24,Chagas disease,,-2.409920950035063,3.517921266125814,3.592676193719232,30230,103,584,7,1.1986301369863013,0.45031628818687125,2353|3551|4615|5290|5602|6300|9630,FOS|IKBKB|MYD88|PIK3CA|MAPK10|MAPK12|GNA14,-0.8782407801487248,0,21,0,0,-6.216818982169762,9.411581569115818,
1,-2.3938546896941575,M110,M1,1,0,Canonical Pathways,11,PID IL1 PATHWAY,,-2.3938546896941575,6.0898468976631746,4.167779468293621,30230,34,584,4,0.684931506849315,0.341290910327769,3551|4615|5290|10454,IKBKB|MYD88|PIK3CA|TAB1,-0.8720173089608324,0,21,0,0,-6.216818982169762,9.411581569115818,
1,-2.3938546896941575,M12705,M1,1,0,Canonical Pathways,11,SIG CD40PATHWAYMAP,,-2.3938546896941575,6.0898468976631746,4.167779468293621,30230,34,584,4,0.684931506849315,0.341290910327769,5290|5602|5609|6300,PIK3CA|MAPK10|MAP2K7|MAPK12,-0.8720173089608324,0,21,0,0,-6.216818982169762,9.411581569115818,
1,-2.2978024332733398,hsa05162,M1,1,0,KEGG Pathway,24,Measles,,-2.2978024332733398,3.0449234488315873,3.3546082641322066,30230,136,584,8,1.36986301369863,0.48099101587450915,2353|3310|3551|4615|4938|5290|5602|6773,FOS|HSPA6|IKBKB|MYD88|OAS1|PIK3CA|MAPK10|STAT2,-0.8030804330446317,0,21,0,0,-6.216818982169762,9.411581569115818,
1,-2.2445410170020708,R-HSA-1280215,M1,1,0,Reactome Gene Sets,6,Cytokine Signaling in Immune system,,-2.2445410170020708,1.7188456760965025,2.8604297043006097,30230,783,584,26,4.4520547945205475,0.8534626164047334,1052|1958|2353|3551|3726|4615|4938|5290|5580|5602|5609|6041|6095|6655|6773|6778|6845|7867|9252|10454|23511|55128|55706|57161|79671|80128,CEBPD|EGR1|FOS|IKBKB|JUNB|MYD88|OAS1|PIK3CA|PRKCD|MAPK10|MAP2K7|RNASEL|RORA|SOS2|STAT2|STAT6|VAMP7|MAPKAPK3|RPS6KA5|TAB1|NUP188|TRIM68|NDC1|PELI2|NLRX1|TRIM46,-0.7677306060820648,0,21,0,0,-6.216818982169762,9.411581569115818,
1,-2.2183170675681576,M94,M1,1,0,Canonical Pathways,11,PID FAS PATHWAY,,-2.2183170675681576,5.4488103821196825,3.8514566514414983,30230,38,584,4,0.684931506849315,0.341290910327769,3551|5290|5602|5609,IKBKB|PIK3CA|MAPK10|MAP2K7,-0.7480375238071094,0,21,0,0,-6.216818982169762,9.411581569115818,
1,-2.1893203292794747,GO:0090398,M1,1,0,GO Biological Processes,19,cellular senescence,19_GO:0050896 response to stimulus,-2.1893203292794747,4.242926117224343,3.558416473184459,30230,61,584,5,0.8561643835616438,0.3812457520636574,406|5580|5602|5609|23411,BMAL1|PRKCD|MAPK10|MAP2K7|SIRT1,-0.7247539432990371,0,21,0,0,-6.216818982169762,9.411581569115818,
1,-2.18913192706856,hsa04012,M1,1,0,KEGG Pathway,24,ErbB signaling pathway,,-2.18913192706856,3.6114208346607204,3.403775527782426,30230,86,584,6,1.0273972602739727,0.417272989913396,673|5290|5582|5602|5609|6655,BRAF|PIK3CA|PRKCG|MAPK10|MAP2K7|SOS2,-0.7247539432990371,0,21,0,0,-6.216818982169762,9.411581569115818,
1,-2.0949992200909238,WP673,M1,1,0,WikiPathways,27,ErbB signaling,,-2.0949992200909238,3.450913242009133,3.268231644535835,30230,90,584,6,1.0273972602739727,0.417272989913396,673|5290|5582|5602|5609|6655,BRAF|PIK3CA|PRKCG|MAPK10|MAP2K7|SOS2,-0.6594817825890875,0,21,0,0,-6.216818982169762,9.411581569115818,
1,-2.0755156377296666,R-HSA-450321,M1,1,0,Reactome Gene Sets,6,JNK (c-Jun kinases) phosphorylation and  activation mediated by activated human TAK1,,-2.0755156377296666,7.058686176836863,3.9899189499904946,30230,22,584,3,0.5136986301369864,0.2958212874838213,5602|5609|10454,MAPK10|MAP2K7|TAB1,-0.645448630351987,0,21,0,0,-6.216818982169762,9.411581569115818,
1,-2.0279756783527247,hsa04912,M1,1,0,KEGG Pathway,24,GnRH signaling pathway,,-2.0279756783527247,3.3395934600088384,3.171517598665403,30230,93,584,6,1.0273972602739727,0.417272989913396,1958|5580|5602|5609|6300|6655,EGR1|PRKCD|MAPK10|MAP2K7|MAPK12|SOS2,-0.609489561234585,0,21,0,0,-6.216818982169762,9.411581569115818,
1,-2.015678488845146,hsa04935,M1,1,0,KEGG Pathway,24,"Growth hormone synthesis, secretion and action",,-2.015678488845146,2.9700482820570397,3.0602090374606363,30230,122,584,7,1.1986301369863013,0.45031628818687125,2353|3726|5290|5582|5602|6300|6655,FOS|JUNB|PIK3CA|PRKCG|MAPK10|MAPK12|SOS2,-0.604873817389276,0,21,0,0,-6.216818982169762,9.411581569115818,
1,-6.209862495433875,GO:0061695,M1,1,0,GO Cellular Components,20,"transferase complex, transferring phosphorus-containing groups",,-6.209862495433875,3.440487522244754,6.266102843647527,30230,331,584,22,3.767123287671233,0.7878802744630862,90|2068|2071|2968|3551|4615|5129|5290|5428|5563|6908|9821|10454|23049|30849|51422|55181|55703|57169|60673|200576|340061,ACVR1|ERCC2|ERCC3|GTF2H4|IKBKB|MYD88|CDK18|PIK3CA|POLG|PRKAA2|TBP|RB1CC1|TAB1|SMG1|PIK3R4|PRKAG2|SMG8|POLR3B|ZNFX1|ATG101|PIKFYVE|STING1,-3.653870838466244,0,22,1,1,-6.209862495433875,4.5142760433259,
1,-5.85407221491581,GO:1902911,M1,1,0,GO Cellular Components,20,protein kinase complex,,-5.85407221491581,4.5142760433259,6.487170568424692,30230,172,584,15,2.5684931506849313,0.6546097839047824,90|2068|2071|2968|3551|4615|5129|5563|9821|10454|23049|51422|55181|60673|340061,ACVR1|ERCC2|ERCC3|GTF2H4|IKBKB|MYD88|CDK18|PRKAA2|RB1CC1|TAB1|SMG1|PRKAG2|SMG8|ATG101|STING1,-3.376163713696752,0,22,0,0,-6.209862495433875,4.5142760433259,
1,-4.880656814778818,GO:1902554,M1,1,0,GO Cellular Components,20,serine/threonine protein kinase complex,,-4.880656814778818,4.259038494884688,5.764639312272467,30230,158,584,13,2.2260273972602738,0.6104786211136067,90|2068|2071|2968|3551|4615|5129|9821|10454|23049|55181|60673|340061,ACVR1|ERCC2|ERCC3|GTF2H4|IKBKB|MYD88|CDK18|RB1CC1|TAB1|SMG1|SMG8|ATG101|STING1,-2.6123311919171868,0,22,0,0,-6.209862495433875,4.5142760433259,
1,-6.1933433102894275,R-HSA-382551,M1,1,0,Reactome Gene Sets,6,Transport of small molecules,,-6.1933433102894275,2.5303483967245732,5.816584602090883,30230,716,584,35,5.993150684931507,0.9822022478873127,20|21|22|24|1185|1186|1468|3988|4547|5304|5824|6515|6533|10079|10479|23400|23428|23456|23461|26503|51360|51761|56262|57030|57380|64924|79139|81539|84061|90423|90550|114134|123096|221154|286097,ABCA2|ABCA3|ABCB7|ABCA4|CLCN6|CLCN7|SLC25A10|LIPA|MTTP|PIP|PEX19|SLC2A3|SLC6A6|ATP9A|SLC9A6|ATP13A2|SLC7A8|ABCB10|ABCA5|SLC17A5|MBTPS2|ATP8A2|LRRC8A|SLC17A7|MRS2|SLC30A5|DERL1|SLC38A1|MAGT1|ATP6V1E2|MCU|SLC2A13|SLC25A29|MICU2|MICU3,-3.6438825204807546,0,23,1,1,-6.1933433102894275,2.5303483967245732,
1,-4.33780643081155,GO:1990351,M1,1,0,GO Cellular Components,20,transporter complex,,-4.33780643081155,2.390508284873111,4.674403776184216,30230,563,584,26,4.4520547945205475,0.8534626164047334,20|22|1143|1186|2562|2899|3769|4508|4514|4540|4541|4706|5311|10975|23428|23456|27091|51761|55676|56262|57030|64924|90550|134957|221154|286097,ABCA2|ABCB7|CHRNB4|CLCN7|GABRB3|GRIK3|KCNJ13|ATP6|COX3|ND5|ND6|NDUFAB1|PKD2|UQCR11|SLC7A8|ABCB10|CACNG5|ATP8A2|SLC30A6|LRRC8A|SLC17A7|SLC30A5|MCU|STXBP5|MICU2|MICU3,-2.252305449664568,0,23,0,0,-6.1933433102894275,2.5303483967245732,
1,-4.198254543566376,GO:1902495,M1,1,0,GO Cellular Components,20,transmembrane transporter complex,,-4.198254543566376,2.3920378294887703,4.58550474382761,30230,541,584,25,4.280821917808219,0.8376385138868881,20|22|1143|1186|2562|2899|3769|4508|4514|4540|4541|4706|5311|10975|23428|23456|27091|55676|56262|57030|64924|90550|134957|221154|286097,ABCA2|ABCB7|CHRNB4|CLCN7|GABRB3|GRIK3|KCNJ13|ATP6|COX3|ND5|ND6|NDUFAB1|PKD2|UQCR11|SLC7A8|ABCB10|CACNG5|SLC30A6|LRRC8A|SLC17A7|SLC30A5|MCU|STXBP5|MICU2|MICU3,-2.1510985544956145,0,23,0,0,-6.1933433102894275,2.5303483967245732,
1,-5.950670530216649,hsa04140,M1,1,0,KEGG Pathway,24,Autophagy - animal,,-5.950670530216649,4.594411121018076,6.576648812365052,30230,169,584,15,2.5684931506849313,0.6546097839047824,5290|5563|5580|5602|9821|10325|23001|26100|27072|30849|55062|57448|60673|64121|440275,PIK3CA|PRKAA2|PRKCD|MAPK10|RB1CC1|RRAGB|WDFY3|WIPI2|VPS41|PIK3R4|WIPI1|BIRC6|ATG101|RRAGC|EIF2AK4,-3.455948529987941,0,24,1,1,-5.950670530216649,12.940924657534248,
1,-5.681657722934385,GO:0016236,M1,1,0,GO Biological Processes,19,macroautophagy,19_GO:0009987 cellular process,-5.681657722934385,3.9110350076103497,6.151444831545882,30230,225,584,17,2.910958904109589,0.6956594987008953,5287|6845|9179|9821|9927|23001|23092|23400|26100|26249|27072|30849|55062|60673|124997|339122|340061,PIK3C2B|VAMP7|AP4M1|RB1CC1|MFN2|WDFY3|ARHGAP26|ATP13A2|WIPI2|KLHL3|VPS41|PIK3R4|WIPI1|ATG101|WDR81|RAB43|STING1,-3.250604802575054,0,24,0,0,-5.950670530216649,12.940924657534248,
1,-5.552622039337911,GO:0006914,M1,1,0,GO Biological Processes,19,autophagy,19_GO:0009987 cellular process,-5.552622039337911,3.2448885708444077,5.799000887738225,30230,335,584,21,3.595890410958904,0.7704502033461142,5287|5563|6845|9179|9821|9927|23001|23092|23400|26100|26249|27072|30849|55062|57655|60673|84219|91137|124997|339122|340061,PIK3C2B|PRKAA2|VAMP7|AP4M1|RB1CC1|MFN2|WDFY3|ARHGAP26|ATP13A2|WIPI2|KLHL3|VPS41|PIK3R4|WIPI1|GRAMD1A|ATG101|WDR24|SLC25A46|WDR81|RAB43|STING1,-3.136127839149505,0,24,0,0,-5.950670530216649,12.940924657534248,
1,-5.552622039337911,GO:0061919,M1,1,0,GO Biological Processes,19,process utilizing autophagic mechanism,19_GO:0009987 cellular process,-5.552622039337911,3.2448885708444077,5.799000887738225,30230,335,584,21,3.595890410958904,0.7704502033461142,5287|5563|6845|9179|9821|9927|23001|23092|23400|26100|26249|27072|30849|55062|57655|60673|84219|91137|124997|339122|340061,PIK3C2B|PRKAA2|VAMP7|AP4M1|RB1CC1|MFN2|WDFY3|ARHGAP26|ATP13A2|WIPI2|KLHL3|VPS41|PIK3R4|WIPI1|GRAMD1A|ATG101|WDR24|SLC25A46|WDR81|RAB43|STING1,-3.136127839149505,0,24,0,0,-5.950670530216649,12.940924657534248,
1,-5.423466677495678,GO:0000421,M1,1,0,GO Cellular Components,20,autophagosome membrane,,-5.423466677495678,7.279270119863013,7.057900819323001,30230,64,584,9,1.5410958904109588,0.509724966965557,5587|6845|9821|23001|23400|26100|55062|124997|340061,PRKD1|VAMP7|RB1CC1|WDFY3|ATP13A2|WIPI2|WIPI1|WDR81|STING1,-3.039157160678673,0,24,0,0,-5.950670530216649,12.940924657534248,
1,-5.125181063050484,GO:0005776,M1,1,0,GO Cellular Components,20,autophagosome,,-5.125181063050484,4.852846746575343,6.1309010293818496,30230,128,584,12,2.0547945205479454,0.5870422605221068,5587|6845|9821|23001|23232|23400|26100|30849|55062|57655|124997|340061,PRKD1|VAMP7|RB1CC1|WDFY3|TBC1D12|ATP13A2|WIPI2|PIK3R4|WIPI1|GRAMD1A|WDR81|STING1,-2.7790292482261947,0,24,0,0,-5.950670530216649,12.940924657534248,
1,-4.890437234206515,GO:1905037,M1,1,0,GO Biological Processes,19,autophagosome organization,19_GO:0009987 cellular process,-4.890437234206515,5.565989100014729,6.189585940266912,30230,93,584,10,1.7123287671232876,0.536829873604794,5287|9179|9821|9927|23400|26100|55062|60673|339122|340061,PIK3C2B|AP4M1|RB1CC1|MFN2|ATP13A2|WIPI2|WIPI1|ATG101|RAB43|STING1,-2.6183661296986354,0,24,0,0,-5.950670530216649,12.940924657534248,
1,-4.699587197300619,WP4577,M1,1,0,WikiPathways,27,Neurodegeneration with brain iron accumulation NBIA subtypes pathway,,-4.699587197300619,8.235133872976338,6.74070602999115,30230,44,584,7,1.1986301369863013,0.45031628818687125,9821|23400|26100|30849|55062|60673|80067,RB1CC1|ATP13A2|WIPI2|PIK3R4|WIPI1|ATG101|DCAF17,-2.503701614477207,0,24,0,0,-5.950670530216649,12.940924657534248,
1,-4.6977178028042506,GO:0007033,M1,1,0,GO Biological Processes,19,vacuole organization,19_GO:0009987 cellular process,-4.6977178028042506,3.628296632953527,5.415519434787092,30230,214,584,15,2.5684931506849313,0.6546097839047824,3988|5287|9179|9821|9897|9927|23400|26100|51172|51542|55062|60673|200576|339122|340061,LIPA|PIK3C2B|AP4M1|RB1CC1|WASHC5|MFN2|ATP13A2|WIPI2|NAGPA|VPS54|WIPI1|ATG101|PIKFYVE|RAB43|STING1,-2.503701614477207,0,24,0,0,-5.950670530216649,12.940924657534248,
1,-4.693121492394239,WP4923,M1,1,0,WikiPathways,27,Autophagy,,-4.693121492394239,10.3527397260274,7.193351232688544,30230,30,584,6,1.0273972602739727,0.417272989913396,5563|9821|26100|30849|51422|60673,PRKAA2|RB1CC1|WIPI2|PIK3R4|PRKAG2|ATG101,-2.503701614477207,0,24,0,0,-5.950670530216649,12.940924657534248,
1,-4.606047304444925,hsa05017,M1,1,0,KEGG Pathway,24,Spinocerebellar ataxia,,-4.606047304444925,4.313641552511417,5.594223454440011,30230,144,584,12,2.0547945205479454,0.5870422605221068,1600|5290|5582|5602|6095|6908|9821|26100|30849|55062|60673|90550,DAB1|PIK3CA|PRKCG|MAPK10|RORA|TBP|RB1CC1|WIPI2|PIK3R4|WIPI1|ATG101|MCU,-2.429435345050383,0,24,0,0,-5.950670530216649,12.940924657534248,
1,-4.57609115616013,R-HSA-1632852,M1,1,0,Reactome Gene Sets,6,Macroautophagy,,-4.57609115616013,4.283892300425131,5.563308717402006,30230,145,584,12,2.0547945205479454,0.5870422605221068,5563|8100|9821|9927|10325|26100|30849|51422|55062|55669|60673|64121,PRKAA2|IFT88|RB1CC1|MFN2|RRAGB|WIPI2|PIK3R4|PRKAG2|WIPI1|MFN1|ATG101|RRAGC,-2.4098461617317892,0,24,0,0,-5.950670530216649,12.940924657534248,
1,-4.156840205976099,R-HSA-9612973,M1,1,0,Reactome Gene Sets,6,Autophagy,,-4.156840205976099,3.8822773972602747,5.130554614627298,30230,160,584,12,2.0547945205479454,0.5870422605221068,5563|8100|9821|9927|10325|26100|30849|51422|55062|55669|60673|64121,PRKAA2|IFT88|RB1CC1|MFN2|RRAGB|WIPI2|PIK3R4|PRKAG2|WIPI1|MFN1|ATG101|RRAGC,-2.1315526318007625,0,24,0,0,-5.950670530216649,12.940924657534248,
1,-3.680755898686853,GO:0000425,M1,1,0,GO Biological Processes,19,pexophagy,19_GO:0009987 cellular process,-3.680755898686853,12.940924657534246,6.7054680684786225,30230,16,584,4,0.684931506849315,0.341290910327769,9821|26100|30849|55062,RB1CC1|WIPI2|PIK3R4|WIPI1,-1.7735676365895108,0,24,0,0,-5.950670530216649,12.940924657534248,
1,-3.680755898686853,GO:0030242,M1,1,0,GO Biological Processes,19,autophagy of peroxisome,19_GO:0009987 cellular process,-3.680755898686853,12.940924657534246,6.7054680684786225,30230,16,584,4,0.684931506849315,0.341290910327769,9821|26100|30849|55062,RB1CC1|WIPI2|PIK3R4|WIPI1,-1.7735676365895108,0,24,0,0,-5.950670530216649,12.940924657534248,
1,-3.6173001935092635,GO:0000045,M1,1,0,GO Biological Processes,19,autophagosome assembly,19_GO:0009987 cellular process,-3.6173001935092635,4.87187751813054,5.017168546991495,30230,85,584,8,1.36986301369863,0.48099101587450915,9179|9821|9927|26100|55062|60673|339122|340061,AP4M1|RB1CC1|MFN2|WIPI2|WIPI1|ATG101|RAB43|STING1,-1.727486027481344,0,24,0,0,-5.950670530216649,12.940924657534248,
1,-3.0530323402796857,GO:0000407,M1,1,0,GO Cellular Components,20,phagophore assembly site,,-3.0530323402796857,6.63637161924833,4.943430532208886,30230,39,584,5,0.8561643835616438,0.3812457520636574,9821|26100|55062|60673|80262,RB1CC1|WIPI2|WIPI1|ATG101|PHAF1,-1.33070926154553,0,24,0,0,-5.950670530216649,12.940924657534248,
1,-2.8583824460202236,GO:0061723,M1,1,0,GO Biological Processes,19,glycophagy,19_GO:0009987 cellular process,-2.8583824460202236,12.940924657534248,5.806721331393259,30230,12,584,3,0.5136986301369864,0.2958212874838213,9821|26100|55062,RB1CC1|WIPI2|WIPI1,-1.2054807760445365,0,24,0,0,-5.950670530216649,12.940924657534248,
1,-2.693493926908138,WP5124,M1,1,0,WikiPathways,27,Alzheimer 39 s disease,,-2.693493926908138,2.5489700083021996,3.5478548728330574,30230,264,584,13,2.2260273972602738,0.6104786211136067,673|3551|5290|5602|5609|9821|26100|30849|51107|55062|60673|81029|90550,BRAF|IKBKB|PIK3CA|MAPK10|MAP2K7|RB1CC1|WIPI2|PIK3R4|APH1A|WIPI1|ATG101|WNT5B|MCU,-1.084371181511038,0,24,0,0,-5.950670530216649,12.940924657534248,
1,-2.622627709531826,WP2059,M1,1,0,WikiPathways,27,Alzheimer 39 s disease and miRNA effects,,-2.622627709531826,2.501591383612568,3.472042375367971,30230,269,584,13,2.2260273972602738,0.6104786211136067,673|3551|5290|5602|5609|9821|26100|30849|51107|55062|60673|81029|90550,BRAF|IKBKB|PIK3CA|MAPK10|MAP2K7|RB1CC1|WIPI2|PIK3R4|APH1A|WIPI1|ATG101|WNT5B|MCU,-1.0338435391678877,0,24,0,0,-5.950670530216649,12.940924657534248,
1,-2.50978903512985,GO:0000422,M1,1,0,GO Biological Processes,19,autophagy of mitochondrion,19_GO:0009987 cellular process,-2.50978903512985,4.197056645686783,3.864689306433497,30230,74,584,6,1.0273972602739727,0.417272989913396,9821|9927|23092|26100|55062|91137,RB1CC1|MFN2|ARHGAP26|WIPI2|WIPI1|SLC25A46,-0.9498311909446181,0,24,0,0,-5.950670530216649,12.940924657534248,
1,-2.491143383162605,hsa04136,M1,1,0,KEGG Pathway,24,Autophagy - other,,-2.491143383162605,6.470462328767123,4.345554411615855,30230,32,584,4,0.684931506849315,0.341290910327769,26100|30849|55062|60673,WIPI2|PIK3R4|WIPI1|ATG101,-0.9410339084209286,0,24,0,0,-5.950670530216649,12.940924657534248,
1,-2.399490534255,GO:0034497,M1,1,0,GO Biological Processes,19,protein localization to phagophore assembly site,19_GO:0051179 localization,-2.399490534255,9.134770346494763,4.7087766795983335,30230,17,584,3,0.5136986301369864,0.2958212874838213,9927|26100|55062,MFN2|WIPI2|WIPI1,-0.8720173089608324,0,24,0,0,-5.950670530216649,12.940924657534248,
1,-2.2581094687161003,WP4863,M1,1,0,WikiPathways,27,Host pathogen interaction of human coronaviruses autophagy,,-2.2581094687161003,8.173215573179526,4.389786458079658,30230,19,584,3,0.5136986301369864,0.2958212874838213,9821|30849|55062,RB1CC1|PIK3R4|WIPI1,-0.7802009674970423,0,24,0,0,-5.950670530216649,12.940924657534248,
1,-2.0755156377296666,GO:0034045,M1,1,0,GO Cellular Components,20,phagophore assembly site membrane,,-2.0755156377296666,7.058686176836863,3.9899189499904946,30230,22,584,3,0.5136986301369864,0.2958212874838213,9821|26100|55062,RB1CC1|WIPI2|WIPI1,-0.645448630351987,0,24,0,0,-5.950670530216649,12.940924657534248,
1,-2.0210060625959025,GO:0044804,M1,1,0,GO Biological Processes,19,nucleophagy,19_GO:0009987 cellular process,-2.0210060625959025,6.7517867778439555,3.87300591322591,30230,23,584,3,0.5136986301369864,0.2958212874838213,9821|26100|55062,RB1CC1|WIPI2|WIPI1,-0.6078956898116809,0,24,0,0,-5.950670530216649,12.940924657534248,
1,-5.8126113297258355,GO:0006259,M1,1,0,GO Biological Processes,19,DNA metabolic process,19_GO:0009987 cellular process,-5.8126113297258355,2.39831808324959,5.542261031198795,30230,777,584,36,6.164383561643835,0.9952272503871752,1677|2068|2071|2968|3981|4292|5428|7374|8505|8882|9557|9582|9960|10463|11200|23049|23405|23411|25842|29086|51542|54617|54799|55135|64318|79605|80198|80314|81602|84142|84461|91419|93973|200316|256126|257218,DFFB|ERCC2|ERCC3|GTF2H4|LIG4|MLH1|POLG|UNG|PARG|ZPR1|CHD1L|APOBEC3B|USP3|SLC30A9|CHEK2|SMG1|DICER1|SIRT1|ASF1A|BABAM1|VPS54|INO80|MBTD1|WRAP53|NOC3L|PGBD5|MUS81|EPC1|CDADC1|ABRAXAS1|NEURL4|ATP23|ACTR8|APOBEC3F|SYCE2|SHPRH,-3.34016572420828,0,25,1,1,-5.8126113297258355,4.086607786589763,
1,-4.751395454007603,GO:0006281,M1,1,0,GO Biological Processes,19,DNA repair,19_GO:0050896 response to stimulus,-4.751395454007603,2.5298048202698524,4.996472499680227,30230,532,584,26,4.4520547945205475,0.8534626164047334,2068|2071|2968|3981|4292|5428|7374|8505|9557|9960|10463|11200|23049|23411|25842|29086|54617|54799|55135|80198|80314|84142|84461|91419|93973|257218,ERCC2|ERCC3|GTF2H4|LIG4|MLH1|POLG|UNG|PARG|CHD1L|USP3|SLC30A9|CHEK2|SMG1|SIRT1|ASF1A|BABAM1|INO80|MBTD1|WRAP53|MUS81|EPC1|ABRAXAS1|NEURL4|ATP23|ACTR8|SHPRH,-2.531195898963165,0,25,0,0,-5.8126113297258355,4.086607786589763,
1,-3.867813665221717,GO:0051054,M1,1,0,GO Biological Processes,19,positive regulation of DNA metabolic process,19_GO:0048518 positive regulation of biological process,-3.867813665221717,2.9369474400077724,4.586630342255597,30230,282,584,16,2.73972602739726,0.6754837232184769,2068|4292|4931|5580|5582|5609|6778|7126|23411|29086|54617|54799|55135|80314|84142|93973,ERCC2|MLH1|NVL|PRKCD|PRKCG|MAP2K7|STAT6|TNFAIP1|SIRT1|BABAM1|INO80|MBTD1|WRAP53|EPC1|ABRAXAS1|ACTR8,-1.9105793640319633,0,25,0,0,-5.8126113297258355,4.086607786589763,
1,-3.3406065671035003,GO:0045739,M1,1,0,GO Biological Processes,19,positive regulation of DNA repair,19_GO:0048518 positive regulation of biological process,-3.3406065671035003,3.6453308894462664,4.434685000050937,30230,142,584,10,1.7123287671232876,0.536829873604794,5580|5582|23411|29086|54617|54799|55135|80314|84142|93973,PRKCD|PRKCG|SIRT1|BABAM1|INO80|MBTD1|WRAP53|EPC1|ABRAXAS1|ACTR8,-1.5309187932675186,0,25,0,0,-5.8126113297258355,4.086607786589763,
1,-3.049474776706389,GO:0051052,M1,1,0,GO Biological Processes,19,regulation of DNA metabolic process,19_GO:0050789 regulation of biological process,-3.049474776706389,2.1611086903238106,3.6856711930638717,30230,503,584,21,3.595890410958904,0.7704502033461142,1677|2068|4292|4931|5580|5582|5609|6778|7126|8505|8850|23049|23411|29086|54617|54799|55135|80314|84142|93973|167227,DFFB|ERCC2|MLH1|NVL|PRKCD|PRKCG|MAP2K7|STAT6|TNFAIP1|PARG|KAT2B|SMG1|SIRT1|BABAM1|INO80|MBTD1|WRAP53|EPC1|ABRAXAS1|ACTR8|DCP2,-1.3281157260748502,0,25,0,0,-5.8126113297258355,4.086607786589763,
1,-2.8389836576629732,GO:0080135,M1,1,0,GO Biological Processes,19,regulation of cellular response to stress,19_GO:0050896 response to stimulus,-2.8389836576629732,2.037211752885534,3.474101502965156,30230,559,584,22,3.767123287671233,0.7878802744630862,673|5580|5582|8505|8850|9016|10162|23411|29086|29761|51043|51360|51776|54617|54799|55135|79109|80314|84142|84447|91304|93973,BRAF|PRKCD|PRKCG|PARG|KAT2B|SLC25A14|LPCAT3|SIRT1|BABAM1|USP25|ZBTB7B|MBTPS2|MAP3K20|INO80|MBTD1|WRAP53|MAPKAP1|EPC1|ABRAXAS1|SYVN1|TMEM259|ACTR8,-1.187723934754263,0,25,0,0,-5.8126113297258355,4.086607786589763,
1,-2.5819984675424044,GO:0006282,M1,1,0,GO Biological Processes,19,regulation of DNA repair,19_GO:0050896 response to stimulus,-2.5819984675424044,2.58818493150685,3.4669990357555625,30230,240,584,12,2.0547945205479454,0.5870422605221068,5580|5582|8505|8850|23411|29086|54617|54799|55135|80314|84142|93973,PRKCD|PRKCG|PARG|KAT2B|SIRT1|BABAM1|INO80|MBTD1|WRAP53|EPC1|ABRAXAS1|ACTR8,-1.0045649075372043,0,25,0,0,-5.8126113297258355,4.086607786589763,
1,-2.4518614545189203,GO:0045911,M1,1,0,GO Biological Processes,19,positive regulation of DNA recombination,19_GO:0048518 positive regulation of biological process,-2.4518614545189203,4.086607786589763,3.7813862446551476,30230,76,584,6,1.0273972602739727,0.417272989913396,2068|4292|6778|54799|55135|80314,ERCC2|MLH1|STAT6|MBTD1|WRAP53|EPC1,-0.9109339291561157,0,25,0,0,-5.8126113297258355,4.086607786589763,
1,-2.3529014100408734,GO:0006302,M1,1,0,GO Biological Processes,19,double-strand break repair,19_GO:0050896 response to stimulus,-2.3529014100408734,2.541967343444227,3.2511004973649853,30230,224,584,11,1.8835616438356164,0.5625412616790831,3981|4292|11200|29086|54617|54799|80198|80314|84142|91419|93973,LIG4|MLH1|CHEK2|BABAM1|INO80|MBTD1|MUS81|EPC1|ABRAXAS1|ATP23|ACTR8,-0.8400933458493486,0,25,0,0,-5.8126113297258355,4.086607786589763,
1,-2.2314267724104795,R-HSA-73894,M1,1,0,Reactome Gene Sets,6,DNA Repair,,-2.2314267724104795,2.169735870724305,3.017100388315502,30230,334,584,14,2.3972602739726026,0.6329686127171638,2068|2071|2968|3981|4292|7374|8505|9557|11200|29086|54617|80198|84142|93973,ERCC2|ERCC3|GTF2H4|LIG4|MLH1|UNG|PARG|CHD1L|CHEK2|BABAM1|INO80|MUS81|ABRAXAS1|ACTR8,-0.7578940712517095,0,25,0,0,-5.8126113297258355,4.086607786589763,
1,-5.727060664619055,GO:0044088,M1,1,0,GO Biological Processes,19,regulation of vacuole organization,19_GO:0050789 regulation of biological process,-5.727060664619055,7.896157418156489,7.441724391833202,30230,59,584,9,1.5410958904109588,0.509724966965557,8100|9638|11200|23032|23232|55062|90410|200576|201163,IFT88|FEZ1|CHEK2|USP33|TBC1D12|WIPI1|IFT20|PIKFYVE|FLCN,-3.286023523353123,0,26,1,1,-5.727060664619055,8.810842320023317,
1,-5.523477990651757,GO:2000785,M1,1,0,GO Biological Processes,19,regulation of autophagosome assembly,19_GO:0050789 regulation of biological process,-5.523477990651757,8.810842320023317,7.521437645970688,30230,47,584,8,1.36986301369863,0.48099101587450915,8100|9638|11200|23032|23232|55062|90410|200576,IFT88|FEZ1|CHEK2|USP33|TBC1D12|WIPI1|IFT20|PIKFYVE,-3.1117302254878125,0,26,0,0,-5.727060664619055,8.810842320023317,
1,-4.74518202553951,GO:1902115,M1,1,0,GO Biological Processes,19,regulation of organelle assembly,19_GO:0050789 regulation of biological process,-4.74518202553951,3.4799125129503854,5.390851721539248,30230,238,584,16,2.73972602739726,0.6754837232184769,1540|3985|5563|8100|8850|9638|9742|11200|23032|23229|23232|55062|79874|90410|115704|200576,CYLD|LIMK2|PRKAA2|IFT88|KAT2B|FEZ1|IFT140|CHEK2|USP33|ARHGEF9|TBC1D12|WIPI1|RABEP2|IFT20|EVI5L|PIKFYVE,-2.5310144352649853,0,26,0,0,-5.727060664619055,8.810842320023317,
1,-5.481847885770609,WP5504,M1,1,0,WikiPathways,27,Disorders of mitochondrial homeostatis dynamics protein import and quality control,,-5.481847885770609,7.394814090019569,7.131278509492969,30230,63,584,9,1.5410958904109588,0.509724966965557,4285|6773|9927|51300|55669|78997|84274|91137|119559,MIPEP|STAT2|MFN2|TIMMDC1|MFN1|GDAP1L1|COQ5|SLC25A46|SFXN4,-3.0786380267795095,0,27,1,1,-5.481847885770609,11.945468914646998,
1,-3.1970540532447616,GO:0008053,M1,1,0,GO Biological Processes,19,mitochondrial fusion,19_GO:0009987 cellular process,-3.1970540532447616,9.859752120026092,5.700307784637489,30230,21,584,4,0.684931506849315,0.341290910327769,9927|54974|55669|81554,MFN2|THG1L|MFN1|RCC1L,-1.433241768742604,0,27,0,0,-5.481847885770609,11.945468914646998,
1,-2.7506904259463174,WP4318,M1,1,0,WikiPathways,27,Mitochondrial fission and fusion,,-2.7506904259463174,11.945468914646998,5.540074915320181,30230,13,584,3,0.5136986301369864,0.2958212874838213,9927|51537|55669,MFN2|MTFP1|MFN1,-1.1264339374201604,0,27,0,0,-5.481847885770609,11.945468914646998,
1,-2.1329900523897782,WP5521,M1,1,0,WikiPathways,27,SLC25A46 pathway,,-2.1329900523897782,7.394814090019571,4.114382439239248,30230,21,584,3,0.5136986301369864,0.2958212874838213,9927|55669|91137,MFN2|MFN1|SLC25A46,-0.6869163946108319,0,27,0,0,-5.481847885770609,11.945468914646998,
1,-5.479695124486311,WP5531,M1,1,0,WikiPathways,27,AKT signaling and ARTD family members,,-5.479695124486311,10.657232070910554,7.90774543025385,30230,34,584,7,1.1986301369863013,0.45031628818687125,5286|5287|5290|23411|30849|79109|253260,PIK3C2A|PIK3C2B|PIK3CA|SIRT1|PIK3R4|MAPKAP1|RICTOR,-3.0786380267795095,0,28,1,1,-5.479695124486311,18.82316313823163,
1,-4.689451335945426,WP4787,M1,1,0,WikiPathways,27,Osteoblast differentiation and related diseases,,-4.689451335945426,4.78487970530678,5.806283457422804,30230,119,584,11,1.8835616438356164,0.5625412616790831,5286|5287|5290|5580|5581|5582|5587|5602|6300|30849|81029,PIK3C2A|PIK3C2B|PIK3CA|PRKCD|PRKCE|PRKCG|PRKD1|MAPK10|MAPK12|PIK3R4|WNT5B,-2.503701614477207,0,28,0,0,-5.479695124486311,18.82316313823163,
1,-4.388912896793521,R-HSA-1660517,M1,1,0,Reactome Gene Sets,6,Synthesis of PIPs at the late endosome membrane,,-4.388912896793521,18.82316313823163,8.298055634577517,30230,11,584,4,0.684931506849315,0.341290910327769,5286|30849|66036|200576,PIK3C2A|PIK3R4|MTMR9|PIKFYVE,-2.2884526505255156,0,28,0,0,-5.479695124486311,18.82316313823163,
1,-4.385234642082186,WP4971,M1,1,0,WikiPathways,27,Phosphoinositides metabolism,,-4.385234642082186,7.394814090019569,6.287737641000954,30230,49,584,7,1.1986301369863013,0.45031628818687125,5286|5287|5290|30849|54545|66036|200576,PIK3C2A|PIK3C2B|PIK3CA|PIK3R4|MTMR12|MTMR9|PIKFYVE,-2.2884526505255156,0,28,0,0,-5.479695124486311,18.82316313823163,
1,-4.08126156221775,GO:0036092,M1,1,0,GO Biological Processes,19,phosphatidylinositol-3-phosphate biosynthetic process,19_GO:0009987 cellular process,-4.08126156221775,10.784103881278538,6.730004097744293,30230,24,584,5,0.8561643835616438,0.3812457520636574,5286|5287|5290|30849|200576,PIK3C2A|PIK3C2B|PIK3CA|PIK3R4|PIKFYVE,-2.076793831979987,0,28,0,0,-5.479695124486311,18.82316313823163,
1,-4.066493994370855,WP5472,M1,1,0,WikiPathways,27,Phosphoinositide 3 kinase PI3K family,,-4.066493994370855,15.927291886195995,7.555484006876285,30230,13,584,4,0.684931506849315,0.341290910327769,5286|5287|5290|30849,PIK3C2A|PIK3C2B|PIK3CA|PIK3R4,-2.0693563028094935,0,28,0,0,-5.479695124486311,18.82316313823163,
1,-3.954824804621053,GO:0046854,M1,1,0,GO Biological Processes,19,phosphatidylinositol phosphate biosynthetic process,19_GO:0009987 cellular process,-3.954824804621053,6.356945445806296,5.6817309799904185,30230,57,584,7,1.1986301369863013,0.45031628818687125,5286|5287|5290|23049|23167|30849|200576,PIK3C2A|PIK3C2B|PIK3CA|SMG1|EFR3A|PIK3R4|PIKFYVE,-1.9737408929377698,0,28,0,0,-5.479695124486311,18.82316313823163,
1,-3.8118956613246304,GO:0043491,M1,1,0,GO Biological Processes,19,phosphatidylinositol 3-kinase/protein kinase B signal transduction,19_GO:0050896 response to stimulus,-3.8118956613246304,6.039098173515981,5.4837298467734925,30230,60,584,7,1.1986301369863013,0.45031628818687125,3611|5286|5287|5290|30849|57560|59338,ILK|PIK3C2A|PIK3C2B|PIK3CA|PIK3R4|IFT80|PLEKHA1,-1.8693293596895368,0,28,0,0,-5.479695124486311,18.82316313823163,
1,-3.680755898686853,R-HSA-1660516,M1,1,0,Reactome Gene Sets,6,Synthesis of PIPs at the early endosome membrane,,-3.680755898686853,12.940924657534246,6.7054680684786225,30230,16,584,4,0.684931506849315,0.341290910327769,5286|30849|54545|200576,PIK3C2A|PIK3R4|MTMR12|PIKFYVE,-1.7735676365895108,0,28,0,0,-5.479695124486311,18.82316313823163,
1,-3.6529278272658128,R-HSA-1483255,M1,1,0,Reactome Gene Sets,6,PI Metabolism,,-3.6529278272658128,4.929876060013046,5.062195474090288,30230,84,584,8,1.36986301369863,0.48099101587450915,5286|5287|5290|30849|54545|59338|66036|200576,PIK3C2A|PIK3C2B|PIK3CA|PIK3R4|MTMR12|PLEKHA1|MTMR9|PIKFYVE,-1.753063423080743,0,28,0,0,-5.479695124486311,18.82316313823163,
1,-2.9769236196546696,WP2261,M1,1,0,WikiPathways,27,Glioblastoma signaling,,-2.9769236196546696,4.418852322084864,4.351042008929286,30230,82,584,7,1.1986301369863013,0.45031628818687125,673|5286|5287|5290|5580|5582|5609,BRAF|PIK3C2A|PIK3C2B|PIK3CA|PRKCD|PRKCG|MAP2K7,-1.2823034864608833,0,28,0,0,-5.479695124486311,18.82316313823163,
1,-2.8691119994285703,WP710,M1,1,0,WikiPathways,27,DNA damage response only ATM dependent,,-2.8691119994285703,3.7646326276463262,4.077007869233486,30230,110,584,8,1.36986301369863,0.48099101587450915,5286|5287|5290|5602|5934|6655|30849|81029,PIK3C2A|PIK3C2B|PIK3CA|MAPK10|RBL2|SOS2|PIK3R4|WNT5B,-1.211246909921333,0,28,0,0,-5.479695124486311,18.82316313823163,
1,-2.8326564596309938,WP5496,M1,1,0,WikiPathways,27,Targeted therapy in breast cancer,,-2.8326564596309938,7.963645943097998,4.985702804192252,30230,26,584,4,0.684931506849315,0.341290910327769,5286|5287|5290|30849,PIK3C2A|PIK3C2B|PIK3CA|PIK3R4,-1.1869016651706867,0,28,0,0,-5.479695124486311,18.82316313823163,
1,-2.5303082049819787,hsa04070,M1,1,0,KEGG Pathway,24,Phosphatidylinositol signaling system,,-2.5303082049819787,3.6974070450097845,3.753883649210822,30230,98,584,7,1.1986301369863013,0.45031628818687125,1040|5286|5287|5290|5582|9677|200576,CDS1|PIK3C2A|PIK3C2B|PIK3CA|PRKCG|PPIP5K1|PIKFYVE,-0.9663476183430726,0,28,0,0,-5.479695124486311,18.82316313823163,
1,-2.451413419945499,R-HSA-1660499,M1,1,0,Reactome Gene Sets,6,Synthesis of PIPs at the plasma membrane,,-2.451413419945499,4.883367795295942,3.971400533211023,30230,53,584,5,0.8561643835616438,0.3812457520636574,5286|5287|5290|59338|66036,PIK3C2A|PIK3C2B|PIK3CA|PLEKHA1|MTMR9,-0.9109339291561157,0,28,0,0,-5.479695124486311,18.82316313823163,
1,-2.3265293461569967,R-HSA-1660514,M1,1,0,Reactome Gene Sets,6,Synthesis of PIPs at the Golgi membrane,,-2.3265293461569967,8.627283105022833,4.543093163657457,30230,18,584,3,0.5136986301369864,0.2958212874838213,5286|30849|200576,PIK3C2A|PIK3R4|PIKFYVE,-0.8219825674080725,0,28,0,0,-5.479695124486311,18.82316313823163,
1,-2.2581094687161003,GO:0005942,M1,1,0,GO Cellular Components,20,phosphatidylinositol 3-kinase complex,,-2.2581094687161003,8.173215573179526,4.389786458079658,30230,19,584,3,0.5136986301369864,0.2958212874838213,5290|9821|30849,PIK3CA|RB1CC1|PIK3R4,-0.7802009674970423,0,28,0,0,-5.479695124486311,18.82316313823163,
1,-2.2183170675681576,WP5497,M1,1,0,WikiPathways,27,Cyclin dependent kinase 4 6 inhibitors in breast cancer,,-2.2183170675681576,5.4488103821196825,3.8514566514414983,30230,38,584,4,0.684931506849315,0.341290910327769,5286|5287|5290|30849,PIK3C2A|PIK3C2B|PIK3CA|PIK3R4,-0.7480375238071094,0,28,0,0,-5.479695124486311,18.82316313823163,
1,-2.0493300457280217,WP51,M1,1,0,WikiPathways,27,Regulation of actin cytoskeleton,,-2.0493300457280217,2.760730593607306,3.0341348980949103,30230,150,584,8,1.36986301369863,0.48099101587450915,673|5286|5287|5290|6655|9138|30849|50649,BRAF|PIK3C2A|PIK3C2B|PIK3CA|SOS2|ARHGEF1|PIK3R4|ARHGEF4,-0.6265868962626144,0,28,0,0,-5.479695124486311,18.82316313823163,
1,-5.475874221099201,GO:0005741,M1,1,0,GO Cellular Components,20,mitochondrial outer membrane,,-5.475874221099201,3.7767505438297366,5.971881429084841,30230,233,584,17,2.910958904109589,0.6956594987008953,706|2182|2710|4504|4833|9927|23175|25875|54974|54996|55669|57169|79109|79671|84947|91137|340061,TSPO|ACSL4|GK|MT3|NME4|MFN2|LPIN1|LETMD1|THG1L|MTARC2|MFN1|ZNFX1|MAPKAP1|NLRX1|SERAC1|SLC25A46|STING1,-3.0786380267795095,0,29,1,1,-5.475874221099201,3.7767505438297366,
1,-5.3698289785228965,GO:0031968,M1,1,0,GO Cellular Components,20,organelle outer membrane,,-5.3698289785228965,3.5427626438877025,5.812959866808548,30230,263,584,18,3.0821917808219177,0.7151961986636398,706|2182|2710|4504|4833|9927|23175|25875|54884|54974|54996|55669|57169|79109|79671|84947|91137|340061,TSPO|ACSL4|GK|MT3|NME4|MFN2|LPIN1|LETMD1|RETSAT|THG1L|MTARC2|MFN1|ZNFX1|MAPKAP1|NLRX1|SERAC1|SLC25A46|STING1,-2.9899285806109472,0,29,0,0,-5.475874221099201,3.7767505438297366,
1,-5.324042181130733,GO:0019867,M1,1,0,GO Cellular Components,20,outer membrane,,-5.324042181130733,3.516024812613078,5.773856385973258,30230,265,584,18,3.0821917808219177,0.7151961986636398,706|2182|2710|4504|4833|9927|23175|25875|54884|54974|54996|55669|57169|79109|79671|84947|91137|340061,TSPO|ACSL4|GK|MT3|NME4|MFN2|LPIN1|LETMD1|RETSAT|THG1L|MTARC2|MFN1|ZNFX1|MAPKAP1|NLRX1|SERAC1|SLC25A46|STING1,-2.957106760383151,0,29,0,0,-5.475874221099201,3.7767505438297366,
1,-5.161082428088654,GO:0141188,M1,1,0,GO Biological Processes,19,nucleic acid catabolic process,19_GO:0009987 cellular process,-5.161082428088654,3.577166165497271,5.696399658291499,30230,246,584,17,2.910958904109589,0.6956594987008953,1677|4292|8882|23049|23405|23658|25819|27257|51542|54542|55149|55181|80198|162394|167227|192670|196441,DFFB|MLH1|ZPR1|SMG1|DICER1|LSM5|NOCT|LSM1|VPS54|RC3H2|MTPAP|SMG8|MUS81|SLFN5|DCP2|AGO4|ZFC3H1,-2.810852700843925,0,30,1,1,-5.161082428088654,10.3527397260274,
1,-4.164660475514412,GO:0034655,M1,1,0,GO Biological Processes,19,nucleobase-containing compound catabolic process,19_GO:0009987 cellular process,-4.164660475514412,2.6960259703196345,4.694510390826971,30230,384,584,20,3.4246575342465753,0.7525498597664905,1677|3988|4292|4547|7374|8882|23049|23405|23658|25819|27257|51542|54542|55149|55181|80198|162394|167227|192670|196441,DFFB|LIPA|MLH1|MTTP|UNG|ZPR1|SMG1|DICER1|LSM5|NOCT|LSM1|VPS54|RC3H2|MTPAP|SMG8|MUS81|SLFN5|DCP2|AGO4|ZFC3H1,-2.1315526318007625,0,30,0,0,-5.161082428088654,10.3527397260274,
1,-3.9513184909148977,GO:0006401,M1,1,0,GO Biological Processes,19,RNA catabolic process,19_GO:0009987 cellular process,-3.9513184909148977,3.27914832951094,4.772854853046266,30230,221,584,14,2.3972602739726026,0.6329686127171638,4292|8882|23049|23405|23658|25819|27257|54542|55149|55181|162394|167227|192670|196441,MLH1|ZPR1|SMG1|DICER1|LSM5|NOCT|LSM1|RC3H2|MTPAP|SMG8|SLFN5|DCP2|AGO4|ZFC3H1,-1.9737229070774358,0,30,0,0,-5.161082428088654,10.3527397260274,
1,-3.608770919057612,GO:0000288,M1,1,0,GO Biological Processes,19,"nuclear-transcribed mRNA catabolic process, deadenylation-dependent decay",19_GO:0048519 negative regulation of biological process,-3.608770919057612,6.7517867778439555,5.479343908483241,30230,46,584,6,1.0273972602739727,0.417272989913396,4292|23658|25819|27257|54542|167227,MLH1|LSM5|NOCT|LSM1|RC3H2|DCP2,-1.7217860430485568,0,30,0,0,-5.161082428088654,10.3527397260274,
1,-3.364900582827014,GO:0006402,M1,1,0,GO Biological Processes,19,mRNA catabolic process,19_GO:0048519 negative regulation of biological process,-3.364900582827014,3.671184300009715,4.462156461496105,30230,141,584,10,1.7123287671232876,0.536829873604794,4292|23049|23658|25819|27257|54542|55149|55181|167227|192670,MLH1|SMG1|LSM5|NOCT|LSM1|RC3H2|MTPAP|SMG8|DCP2|AGO4,-1.5516578547739894,0,30,0,0,-5.161082428088654,10.3527397260274,
1,-3.2847389394289026,GO:0000956,M1,1,0,GO Biological Processes,19,nuclear-transcribed mRNA catabolic process,19_GO:0048519 negative regulation of biological process,-3.2847389394289026,3.9149015770691835,4.471673111095779,30230,119,584,9,1.5410958904109588,0.509724966965557,4292|23049|23658|25819|27257|54542|55149|55181|167227,MLH1|SMG1|LSM5|NOCT|LSM1|RC3H2|MTPAP|SMG8|DCP2,-1.4898382793213907,0,30,0,0,-5.161082428088654,10.3527397260274,
1,-3.2821750978622672,GO:0000290,M1,1,0,GO Biological Processes,19,deadenylation-dependent decapping of nuclear-transcribed mRNA,19_GO:0048519 negative regulation of biological process,-3.2821750978622672,10.352739726027398,5.8723745199361,30230,20,584,4,0.684931506849315,0.341290910327769,23658|25819|27257|167227,LSM5|NOCT|LSM1|DCP2,-1.4898382793213907,0,30,0,0,-5.161082428088654,10.3527397260274,
1,-3.1165487472114846,GO:0110156,M1,1,0,GO Biological Processes,19,mRNA methylguanosine-cap decapping,19_GO:0009987 cellular process,-3.1165487472114846,9.411581569115816,5.539407013737735,30230,22,584,4,0.684931506849315,0.341290910327769,23658|25819|27257|167227,LSM5|NOCT|LSM1|DCP2,-1.3694020847522967,0,30,0,0,-5.161082428088654,10.3527397260274,
1,-2.8326564596309938,GO:0110154,M1,1,0,GO Biological Processes,19,RNA decapping,19_GO:0009987 cellular process,-2.8326564596309938,7.963645943097998,4.985702804192252,30230,26,584,4,0.684931506849315,0.341290910327769,23658|25819|27257|167227,LSM5|NOCT|LSM1|DCP2,-1.1869016651706867,0,30,0,0,-5.161082428088654,10.3527397260274,
1,-2.561529066081665,R-HSA-430039,M1,1,0,Reactome Gene Sets,6,mRNA decay by 5' to 3' exoribonuclease,,-2.561529066081665,10.3527397260274,5.085204710901933,30230,15,584,3,0.5136986301369864,0.2958212874838213,23658|27257|167227,LSM5|LSM1|DCP2,-0.9907169731803744,0,30,0,0,-5.161082428088654,10.3527397260274,
1,-2.5055883208419885,GO:0000932,M1,1,0,GO Cellular Components,20,P-body,,-2.5055883208419885,3.6600594991005946,3.7208095154089587,30230,99,584,7,1.1986301369863013,0.45031628818687125,9582|25819|27257|54542|167227|192670|200316,APOBEC3B|NOCT|LSM1|RC3H2|DCP2|AGO4|APOBEC3F,-0.9462940283242721,0,30,0,0,-5.161082428088654,10.3527397260274,
1,-2.4950546925644272,GO:0036464,M1,1,0,GO Cellular Components,20,cytoplasmic ribonucleoprotein granule,,-2.4950546925644272,2.5250584697627803,3.370889569456616,30230,246,584,12,2.0547945205479454,0.5870422605221068,406|5563|9582|23049|25819|27257|54514|54542|57169|167227|192670|200316,BMAL1|PRKAA2|APOBEC3B|SMG1|NOCT|LSM1|DDX4|RC3H2|ZNFX1|DCP2|AGO4|APOBEC3F,-0.9410339084209286,0,30,0,0,-5.161082428088654,10.3527397260274,
1,-2.0755156377296666,GO:0071044,M1,1,0,GO Biological Processes,19,histone mRNA catabolic process,19_GO:0048519 negative regulation of biological process,-2.0755156377296666,7.058686176836863,3.9899189499904946,30230,22,584,3,0.5136986301369864,0.2958212874838213,27257|55149|167227,LSM1|MTPAP|DCP2,-0.645448630351987,0,30,0,0,-5.161082428088654,10.3527397260274,
1,-2.0241640550413242,GO:0061013,M1,1,0,GO Biological Processes,19,regulation of mRNA catabolic process,19_GO:0048519 negative regulation of biological process,-2.0241640550413242,2.1161260446282415,2.8082730879767634,30230,318,584,13,2.2260273972602738,0.6104786211136067,4292|4615|5580|6041|9238|22868|23049|23658|25819|27257|54542|55181|167227,MLH1|MYD88|PRKCD|RNASEL|TBRG4|FASTKD2|SMG1|LSM5|NOCT|LSM1|RC3H2|SMG8|DCP2,-0.6078956898116809,0,30,0,0,-5.161082428088654,10.3527397260274,
1,-5.0527872383608345,GO:0140694,M1,1,0,GO Biological Processes,19,membraneless organelle assembly,19_GO:0009987 cellular process,-5.0527872383608345,2.9200035124692656,5.35636519070215,30230,390,584,22,3.767123287671233,0.7878802744630862,1040|3833|4292|4706|8225|8736|9639|9897|11200|22868|23354|23761|25819|26580|51106|54617|64745|64946|81554|84142|85378|127294,CDS1|KIFC1|MLH1|NDUFAB1|GTPBP6|MYOM1|ARHGEF10|WASHC5|CHEK2|FASTKD2|HAUS5|PISD|NOCT|BSCL2|TFB1M|INO80|METTL17|CENPH|RCC1L|ABRAXAS1|TUBGCP6|MYOM3,-2.7264696685215166,0,31,1,1,-5.0527872383608345,4.3539559595442325,
1,-3.810130167125562,GO:0007051,M1,1,0,GO Biological Processes,19,spindle organization,19_GO:0009987 cellular process,-3.810130167125562,3.5699102503542757,4.771580460052832,30230,174,584,12,2.0547945205479454,0.5870422605221068,3611|3833|3985|4292|9639|9897|11200|23354|54617|64946|84142|85378,ILK|KIFC1|LIMK2|MLH1|ARHGEF10|WASHC5|CHEK2|HAUS5|INO80|CENPH|ABRAXAS1|TUBGCP6,-1.8691634786502611,0,31,0,0,-5.0527872383608345,4.3539559595442325,
1,-3.77073047376642,GO:0007059,M1,1,0,GO Biological Processes,19,chromosome segregation,19_GO:0009987 cellular process,-3.77073047376642,2.677432687765706,4.417384009633832,30230,348,584,18,3.0821917808219177,0.7151961986636398,2068|3833|4292|9639|9874|9897|10592|11200|23354|51776|54617|55706|64946|84142|84861|85378|192670|256126,ERCC2|KIFC1|MLH1|ARHGEF10|TLK1|WASHC5|SMC2|CHEK2|HAUS5|MAP3K20|INO80|NDC1|CENPH|ABRAXAS1|KLHL22|TUBGCP6|AGO4|SYCE2,-1.8439012011620002,0,31,0,0,-5.0527872383608345,4.3539559595442325,
1,-3.6273426978774292,GO:0051225,M1,1,0,GO Biological Processes,19,spindle assembly,19_GO:0009987 cellular process,-3.6273426978774292,4.3539559595442325,4.877928107987037,30230,107,584,9,1.5410958904109588,0.509724966965557,3833|4292|9639|9897|11200|23354|54617|84142|85378,KIFC1|MLH1|ARHGEF10|WASHC5|CHEK2|HAUS5|INO80|ABRAXAS1|TUBGCP6,-1.7346806889766835,0,31,0,0,-5.0527872383608345,4.3539559595442325,
1,-3.131756930805533,GO:0048285,M1,1,0,GO Biological Processes,19,organelle fission,19_GO:0009987 cellular process,-3.131756930805533,2.4376256972640684,3.8567753995043947,30230,361,584,17,2.910958904109589,0.6956594987008953,3833|4292|5824|9639|9897|10592|11200|51537|54514|54617|55706|80198|84142|84861|91137|192670|256126,KIFC1|MLH1|PEX19|ARHGEF10|WASHC5|SMC2|CHEK2|MTFP1|DDX4|INO80|NDC1|MUS81|ABRAXAS1|KLHL22|SLC25A46|AGO4|SYCE2,-1.379470628693934,0,31,0,0,-5.0527872383608345,4.3539559595442325,
1,-2.4950546925644272,GO:0098813,M1,1,0,GO Biological Processes,19,nuclear chromosome segregation,19_GO:0009987 cellular process,-2.4950546925644272,2.5250584697627803,3.370889569456616,30230,246,584,12,2.0547945205479454,0.5870422605221068,3833|4292|9639|9897|10592|11200|54617|55706|84142|84861|192670|256126,KIFC1|MLH1|ARHGEF10|WASHC5|SMC2|CHEK2|INO80|NDC1|ABRAXAS1|KLHL22|AGO4|SYCE2,-0.9410339084209286,0,31,0,0,-5.0527872383608345,4.3539559595442325,
1,-2.4670124020633533,GO:0051276,M1,1,0,GO Biological Processes,19,chromosome organization,19_GO:0009987 cellular process,-2.4670124020633533,2.0568357071577608,3.180909920292603,30230,453,584,18,3.0821917808219177,0.7151961986636398,1677|2071|3833|3981|4292|9639|10592|11200|54617|55135|55706|64946|80198|84142|84861|93973|192670|256126,DFFB|ERCC3|KIFC1|LIG4|MLH1|ARHGEF10|SMC2|CHEK2|INO80|WRAP53|NDC1|CENPH|MUS81|ABRAXAS1|KLHL22|ACTR8|AGO4|SYCE2,-0.9214235054954898,0,31,0,0,-5.0527872383608345,4.3539559595442325,
1,-2.2648770775484364,GO:0000280,M1,1,0,GO Biological Processes,19,nuclear division,19_GO:0009987 cellular process,-2.2648770775484364,2.189401150519389,3.0538611091328245,30230,331,584,14,2.3972602739726026,0.6329686127171638,3833|4292|9639|9897|10592|11200|54514|54617|55706|80198|84142|84861|192670|256126,KIFC1|MLH1|ARHGEF10|WASHC5|SMC2|CHEK2|DDX4|INO80|NDC1|MUS81|ABRAXAS1|KLHL22|AGO4|SYCE2,-0.7802009674970423,0,31,0,0,-5.0527872383608345,4.3539559595442325,
1,-2.155217142427623,GO:0000226,M1,1,0,GO Biological Processes,19,microtubule cytoskeleton organization,19_GO:0009987 cellular process,-2.155217142427623,1.8117294520547944,2.818748739231141,30230,600,584,21,3.595890410958904,0.7704502033461142,827|3611|3833|3985|4292|5311|8882|9639|9897|11200|23032|23113|23354|26160|54617|64946|80128|84142|84446|84942|85378,CAPN6|ILK|KIFC1|LIMK2|MLH1|PKD2|ZPR1|ARHGEF10|WASHC5|CHEK2|USP33|CUL9|HAUS5|IFT172|INO80|CENPH|TRIM46|ABRAXAS1|BRSK1|WDR73|TUBGCP6,-0.6982360804683971,0,31,0,0,-5.0527872383608345,4.3539559595442325,
1,-5.001639382170067,GO:0098655,M1,1,0,GO Biological Processes,19,monoatomic cation transmembrane transport,19_GO:0051179 localization,-5.001639382170067,2.3363023359159145,5.053561723694483,30230,709,584,32,5.47945205479452,0.9417275100487599,22|1186|3769|4508|4514|4540|4541|5311|6533|9016|9481|9772|10463|10479|23400|26503|26504|27091|55362|55676|57030|57380|63933|64924|81539|84061|90423|90550|114789|221154|286097|340061,ABCB7|CLCN7|KCNJ13|ATP6|COX3|ND5|ND6|PKD2|SLC6A6|SLC25A14|SLC25A27|TMEM94|SLC30A9|SLC9A6|ATP13A2|SLC17A5|CNNM4|CACNG5|TMEM63B|SLC30A6|SLC17A7|MRS2|MCUR1|SLC30A5|SLC38A1|MAGT1|ATP6V1E2|MCU|SLC25A25|MICU2|MICU3|STING1,-2.7044941439586516,0,32,1,1,-5.001639382170067,2.3363023359159145,
1,-3.465006988005295,GO:0055082,M1,1,0,GO Biological Processes,19,intracellular chemical homeostasis,19_GO:0042592 homeostatic process,-3.465006988005295,2.142537194956001,3.9809577559382787,30230,604,584,25,4.280821917808219,0.8376385138868881,20|22|1657|4504|5290|5311|5563|9213|9481|9772|9885|10463|10479|23038|23400|23411|23682|26504|51542|56262|63933|64924|90550|221154|286097,ABCA2|ABCB7|DMXL1|MT3|PIK3CA|PKD2|PRKAA2|XPR1|SLC25A27|TMEM94|OSBPL2|SLC30A9|SLC9A6|WDTC1|ATP13A2|SIRT1|RAB38|CNNM4|VPS54|LRRC8A|MCUR1|SLC30A5|MCU|MICU2|MICU3,-1.611910270395861,0,32,0,0,-5.001639382170067,2.3363023359159145,
1,-3.1332717403157284,GO:0098771,M1,1,0,GO Biological Processes,19,inorganic ion homeostasis,19_GO:0042592 homeostatic process,-3.1332717403157284,2.245713606513535,3.782873420369254,30230,461,584,20,3.4246575342465753,0.7525498597664905,22|4504|5311|9213|9481|9772|9885|10463|23400|25875|26249|26504|51542|57030|63933|64924|90550|114781|221154|286097,ABCB7|MT3|PKD2|XPR1|SLC25A27|TMEM94|OSBPL2|SLC30A9|ATP13A2|LETMD1|KLHL3|CNNM4|VPS54|SLC17A7|MCUR1|SLC30A5|MCU|BTBD9|MICU2|MICU3,-1.3799501707725244,0,32,0,0,-5.001639382170067,2.3363023359159145,
1,-3.0762641817722343,GO:0019725,M1,1,0,GO Biological Processes,19,cellular homeostasis,19_GO:0042592 homeostatic process,-3.0762641817722343,1.9519830489018135,3.6183198254367195,30230,716,584,27,4.623287671232877,0.8689408391281002,20|22|1185|1657|4504|5290|5311|5563|9213|9481|9772|9885|10463|10479|23038|23400|23411|23682|26504|51542|56262|57030|63933|64924|90550|221154|286097,ABCA2|ABCB7|CLCN6|DMXL1|MT3|PIK3CA|PKD2|PRKAA2|XPR1|SLC25A27|TMEM94|OSBPL2|SLC30A9|SLC9A6|WDTC1|ATP13A2|SIRT1|RAB38|CNNM4|VPS54|LRRC8A|SLC17A7|MCUR1|SLC30A5|MCU|MICU2|MICU3,-1.3451671787305735,0,32,0,0,-5.001639382170067,2.3363023359159145,
1,-2.780582603888491,GO:0055080,M1,1,0,GO Biological Processes,19,monoatomic cation homeostasis,19_GO:0042592 homeostatic process,-2.780582603888491,2.0548916280394645,3.435464043746763,30230,529,584,21,3.595890410958904,0.7704502033461142,22|1657|4504|5311|9481|9772|9885|10463|10479|23400|23682|25875|26249|26504|51542|63933|64924|90550|114781|221154|286097,ABCB7|DMXL1|MT3|PKD2|SLC25A27|TMEM94|OSBPL2|SLC30A9|SLC9A6|ATP13A2|RAB38|LETMD1|KLHL3|CNNM4|VPS54|MCUR1|SLC30A5|MCU|BTBD9|MICU2|MICU3,-1.142239654083729,0,32,0,0,-5.001639382170067,2.3363023359159145,
1,-2.6737565736266475,GO:0050801,M1,1,0,GO Biological Processes,19,monoatomic ion homeostasis,19_GO:0042592 homeostatic process,-2.6737565736266475,2.013032724505327,3.3338842521705123,30230,540,584,21,3.595890410958904,0.7704502033461142,22|1657|4504|5311|9481|9772|9885|10463|10479|23400|23682|25875|26249|26504|51542|63933|64924|90550|114781|221154|286097,ABCB7|DMXL1|MT3|PKD2|SLC25A27|TMEM94|OSBPL2|SLC30A9|SLC9A6|ATP13A2|RAB38|LETMD1|KLHL3|CNNM4|VPS54|MCUR1|SLC30A5|MCU|BTBD9|MICU2|MICU3,-1.0720074260983417,0,32,0,0,-5.001639382170067,2.3363023359159145,
1,-2.517360020595112,GO:0030003,M1,1,0,GO Biological Processes,19,intracellular monoatomic cation homeostasis,19_GO:0042592 homeostatic process,-2.517360020595112,2.0797914628180036,3.2317460640164213,30230,448,584,18,3.0821917808219177,0.7151961986636398,22|1657|4504|5311|9481|9772|9885|10463|10479|23400|23682|26504|51542|63933|64924|90550|221154|286097,ABCB7|DMXL1|MT3|PKD2|SLC25A27|TMEM94|OSBPL2|SLC30A9|SLC9A6|ATP13A2|RAB38|CNNM4|VPS54|MCUR1|SLC30A5|MCU|MICU2|MICU3,-0.9554054166538044,0,32,0,0,-5.001639382170067,2.3363023359159145,
1,-2.427435642794479,GO:0006873,M1,1,0,GO Biological Processes,19,intracellular monoatomic ion homeostasis,19_GO:0042592 homeostatic process,-2.427435642794479,2.0388327688018943,3.1407090325849043,30230,457,584,18,3.0821917808219177,0.7151961986636398,22|1657|4504|5311|9481|9772|9885|10463|10479|23400|23682|26504|51542|63933|64924|90550|221154|286097,ABCB7|DMXL1|MT3|PKD2|SLC25A27|TMEM94|OSBPL2|SLC30A9|SLC9A6|ATP13A2|RAB38|CNNM4|VPS54|MCUR1|SLC30A5|MCU|MICU2|MICU3,-0.8920061447417373,0,32,0,0,-5.001639382170067,2.3363023359159145,
1,-2.3258830809369524,GO:0030001,M1,1,0,GO Biological Processes,19,metal ion transport,19_GO:0051179 localization,-2.3258830809369524,1.817656593119314,2.9693711048553384,30230,655,584,23,3.9383561643835616,0.8048706259955334,22|3769|4504|5311|6533|9772|10463|10479|26249|26504|27091|55238|55676|57030|57380|63933|64924|81539|84061|90550|114789|221154|286097,ABCB7|KCNJ13|MT3|PKD2|SLC6A6|TMEM94|SLC30A9|SLC9A6|KLHL3|CNNM4|CACNG5|SLC38A7|SLC30A6|SLC17A7|MRS2|MCUR1|SLC30A5|SLC38A1|MAGT1|MCU|SLC25A25|MICU2|MICU3,-0.8219204239733316,0,32,0,0,-5.001639382170067,2.3363023359159145,
1,-5.000848490420526,GO:0033044,M1,1,0,GO Biological Processes,19,regulation of chromosome organization,19_GO:0050789 regulation of biological process,-5.000848490420526,3.478193188586279,5.555671996196479,30230,253,584,17,2.910958904109589,0.6956594987008953,3981|4931|5609|8850|10592|23049|23411|29882|51776|54617|55135|56984|57520|64682|84861|93973|167227,LIG4|NVL|MAP2K7|KAT2B|SMC2|SMG1|SIRT1|ANAPC2|MAP3K20|INO80|WRAP53|PSMG2|HECW2|ANAPC1|KLHL22|ACTR8|DCP2,-2.7044941439586516,0,33,1,1,-5.000848490420526,3.569910250354275,
1,-2.7220884756645023,GO:0033045,M1,1,0,GO Biological Processes,19,regulation of sister chromatid segregation,19_GO:0050789 regulation of biological process,-2.7220884756645023,3.569910250354275,3.892225466873581,30230,116,584,8,1.36986301369863,0.48099101587450915,8850|23411|29882|51776|56984|57520|64682|84861,KAT2B|SIRT1|ANAPC2|MAP3K20|PSMG2|HECW2|ANAPC1|KLHL22,-1.103948911948027,0,33,0,0,-5.000848490420526,3.569910250354275,
1,-2.6989434700314843,GO:0051983,M1,1,0,GO Biological Processes,19,regulation of chromosome segregation,19_GO:0050789 regulation of biological process,-2.6989434700314843,3.2352311643835616,3.773607497290309,30230,144,584,9,1.5410958904109588,0.509724966965557,8850|10592|23411|29882|51776|56984|57520|64682|84861,KAT2B|SMC2|SIRT1|ANAPC2|MAP3K20|PSMG2|HECW2|ANAPC1|KLHL22,-1.0879568387000456,0,33,0,0,-5.000848490420526,3.569910250354275,
1,-4.974061103732789,GO:0061668,M1,1,0,GO Biological Processes,19,mitochondrial ribosome assembly,19_GO:0009987 cellular process,-4.974061103732789,11.503044140030443,7.663149409250242,30230,27,584,6,1.0273972602739727,0.417272989913396,4706|8225|22868|51106|64745|81554,NDUFAB1|GTPBP6|FASTKD2|TFB1M|METTL17|RCC1L,-2.688430622662688,0,34,1,1,-4.974061103732789,19.411386986301373,
1,-3.680755898686853,GO:1902775,M1,1,0,GO Biological Processes,19,mitochondrial large ribosomal subunit assembly,19_GO:0009987 cellular process,-3.680755898686853,12.940924657534246,6.7054680684786225,30230,16,584,4,0.684931506849315,0.341290910327769,4706|8225|22868|81554,NDUFAB1|GTPBP6|FASTKD2|RCC1L,-1.7735676365895108,0,34,0,0,-4.974061103732789,19.411386986301373,
1,-3.427550051721769,GO:0180026,M1,1,0,GO Biological Processes,19,mitochondrial small ribosomal subunit assembly,19_GO:0009987 cellular process,-3.427550051721769,19.411386986301373,7.309794386284797,30230,8,584,3,0.5136986301369864,0.2958212874838213,51106|64745|81554,TFB1M|METTL17|RCC1L,-1.5960825035625454,0,34,0,0,-4.974061103732789,19.411386986301373,
1,-2.977063657728385,R-HSA-9937008,M1,1,0,Reactome Gene Sets,6,Mitochondrial mRNA modification,,-2.977063657728385,14.117372353673726,6.107147464569147,30230,11,584,3,0.5136986301369864,0.2958212874838213,22868|55149|81554,FASTKD2|MTPAP|RCC1L,-1.2823034864608833,0,34,0,0,-4.974061103732789,19.411386986301373,
1,-2.7506904259463174,R-HSA-6793080,M1,1,0,Reactome Gene Sets,6,rRNA modification in the mitochondrion,,-2.7506904259463174,11.945468914646998,5.540074915320181,30230,13,584,3,0.5136986301369864,0.2958212874838213,22868|51106|81554,FASTKD2|TFB1M|RCC1L,-1.1264339374201604,0,34,0,0,-4.974061103732789,19.411386986301373,
1,-2.6514690930611815,GO:0000027,M1,1,0,GO Biological Processes,19,ribosomal large subunit assembly,19_GO:0009987 cellular process,-2.6514690930611815,7.13982050070855,4.642792493670461,30230,29,584,4,0.684931506849315,0.341290910327769,4706|8225|22868|81554,NDUFAB1|GTPBP6|FASTKD2|RCC1L,-1.0569704391728139,0,34,0,0,-4.974061103732789,19.411386986301373,
1,-2.600526500608038,GO:0042255,M1,1,0,GO Biological Processes,19,ribosome assembly,19_GO:0009987 cellular process,-2.600526500608038,4.37439706733552,3.9953253642302378,30230,71,584,6,1.0273972602739727,0.417272989913396,4706|8225|22868|51106|64745|81554,NDUFAB1|GTPBP6|FASTKD2|TFB1M|METTL17|RCC1L,-1.0159793831873545,0,34,0,0,-4.974061103732789,19.411386986301373,
1,-2.399490534255,R-HSA-8868766,M1,1,0,Reactome Gene Sets,6,rRNA processing in the mitochondrion,,-2.399490534255,9.134770346494763,4.7087766795983335,30230,17,584,3,0.5136986301369864,0.2958212874838213,22868|51106|81554,FASTKD2|TFB1M|RCC1L,-0.8720173089608324,0,34,0,0,-4.974061103732789,19.411386986301373,
1,-2.3174564657188426,GO:0022618,M1,1,0,GO Biological Processes,19,protein-RNA complex assembly,19_GO:0009987 cellular process,-2.3174564657188426,2.3983180832495905,3.1720534812300363,30230,259,584,12,2.0547945205479454,0.5870422605221068,4706|4931|8225|11189|22868|23405|23658|26747|51106|64745|81554|192670,NDUFAB1|NVL|GTPBP6|CELF3|FASTKD2|DICER1|LSM5|NUFIP1|TFB1M|METTL17|RCC1L|AGO4,-0.8140771459576359,0,34,0,0,-4.974061103732789,19.411386986301373,
1,-2.202506275691281,GO:0071826,M1,1,0,GO Biological Processes,19,protein-RNA complex organization,19_GO:0009987 cellular process,-2.202506275691281,2.317777550603149,3.041300711963753,30230,268,584,12,2.0547945205479454,0.5870422605221068,4706|4931|8225|11189|22868|23405|23658|26747|51106|64745|81554|192670,NDUFAB1|NVL|GTPBP6|CELF3|FASTKD2|DICER1|LSM5|NUFIP1|TFB1M|METTL17|RCC1L|AGO4,-0.7343820439563677,0,34,0,0,-4.974061103732789,19.411386986301373,
1,-4.857911258481073,R-HSA-2262752,M1,1,0,Reactome Gene Sets,6,Cellular responses to stress,,-4.857911258481073,2.2306283313367015,4.916141717815106,30230,789,584,34,5.821917808219178,0.9689503693414938,406|2353|3310|4514|5563|5580|5602|5609|6095|7029|7290|7867|9681|9817|10325|23411|23511|25842|27244|29882|51360|55062|55706|64121|64682|79726|84219|84447|90423|167227|192670|201163|440275|729438,BMAL1|FOS|HSPA6|COX3|PRKAA2|PRKCD|MAPK10|MAP2K7|RORA|TFDP2|HIRA|MAPKAPK3|DEPDC5|KEAP1|RRAGB|SIRT1|NUP188|ASF1A|SESN1|ANAPC2|MBTPS2|WIPI1|NDC1|RRAGC|ANAPC1|WDR59|WDR24|SYVN1|ATP6V1E2|DCP2|AGO4|FLCN|EIF2AK4|CASTOR2,-2.606227306938659,0,35,1,1,-4.857911258481073,2.738820033340581,
1,-2.4104094418342648,R-HSA-2559583,M1,1,0,Reactome Gene Sets,6,Cellular Senescence,,-2.4104094418342648,2.738820033340581,3.36560858112966,30230,189,584,10,1.7123287671232876,0.536829873604794,2353|5602|5609|7029|7290|7867|25842|29882|64682|192670,FOS|MAPK10|MAP2K7|TFDP2|HIRA|MAPKAPK3|ASF1A|ANAPC2|ANAPC1|AGO4,-0.8782407801487248,0,35,0,0,-4.857911258481073,2.738820033340581,
1,-4.812852542269239,GO:0005815,M1,1,0,GO Cellular Components,20,microtubule organizing center,,-4.812852542269239,2.2193767382404253,4.883857540055464,30230,793,584,34,5.821917808219178,0.9689503693414938,20|1540|2733|3310|3611|3833|3985|5311|5563|8100|8850|9638|9639|9742|22920|23032|23354|26160|50807|55764|57448|57560|79874|84131|84318|84446|84461|84861|85378|90410|93664|123016|201163|387119,ABCA2|CYLD|GLE1|HSPA6|ILK|KIFC1|LIMK2|PKD2|PRKAA2|IFT88|KAT2B|FEZ1|ARHGEF10|IFT140|KIFAP3|USP33|HAUS5|IFT172|ASAP1|IFT122|BIRC6|IFT80|RABEP2|CEP78|CCDC77|BRSK1|NEURL4|KLHL22|TUBGCP6|IFT20|CADPS2|TTC8|FLCN|CEP85L,-2.5819270719048757,0,36,1,1,-4.812852542269239,2.8064655883809206,
1,-3.883277388409127,GO:0005813,M1,1,0,GO Cellular Components,20,centrosome,,-3.883277388409127,2.2009761622262967,4.292866070794527,30230,635,584,27,4.623287671232877,0.8689408391281002,1540|2733|3611|3833|3985|8100|8850|9638|9639|9742|22920|23032|23354|50807|57448|57560|79874|84131|84318|84446|84861|85378|90410|93664|123016|201163|387119,CYLD|GLE1|ILK|KIFC1|LIMK2|IFT88|KAT2B|FEZ1|ARHGEF10|IFT140|KIFAP3|USP33|HAUS5|ASAP1|BIRC6|IFT80|RABEP2|CEP78|CCDC77|BRSK1|KLHL22|TUBGCP6|IFT20|CADPS2|TTC8|FLCN|CEP85L,-1.9210415599808797,0,36,0,0,-4.812852542269239,2.8064655883809206,
1,-2.3686254360620818,GO:0005819,M1,1,0,GO Cellular Components,20,spindle,,-2.3686254360620818,2.060849828366109,3.098654237339756,30230,427,584,17,2.910958904109589,0.6956594987008953,827|1540|2068|3833|3985|5311|8850|22920|23354|54617|57448|57520|57542|84861|84942|85378|201163,CAPN6|CYLD|ERCC2|KIFC1|LIMK2|PKD2|KAT2B|KIFAP3|HAUS5|INO80|BIRC6|HECW2|KLHL42|KLHL22|WDR73|TUBGCP6|FLCN,-0.8515426225353668,0,36,0,0,-4.812852542269239,2.8064655883809206,
1,-2.288802658408145,GO:0072686,M1,1,0,GO Cellular Components,20,mitotic spindle,,-2.288802658408145,2.8064655883809206,3.275635863798362,30230,166,584,9,1.5410958904109588,0.509724966965557,3833|3985|5311|8850|23354|57448|57520|84861|201163,KIFC1|LIMK2|PKD2|KAT2B|HAUS5|BIRC6|HECW2|KLHL22|FLCN,-0.7963604244743354,0,36,0,0,-4.812852542269239,2.8064655883809206,
1,-4.80939554595954,GO:0033365,M1,1,0,GO Biological Processes,19,protein localization to organelle,19_GO:0051179 localization,-4.80939554595954,2.2847425602267357,4.914423363031753,30230,725,584,32,5.47945205479452,0.9417275100487599,706|5192|5563|5824|7485|9179|9742|11043|23041|23399|23400|23511|25842|26225|26521|27072|30849|50807|51172|51542|55135|55764|57560|57728|64121|79809|79867|84131|90410|131474|200576|340061,TSPO|PEX10|PRKAA2|PEX19|GET1|AP4M1|IFT140|MID2|MON2|CTDNEP1|ATP13A2|NUP188|ASF1A|ARL5A|TIMM8B|VPS41|PIK3R4|ASAP1|NAGPA|VPS54|WRAP53|IFT122|IFT80|WDR19|RRAGC|TTC21B|TCTN2|CEP78|IFT20|CHCHD4|PIKFYVE|STING1,-2.5819270719048757,0,37,1,1,-4.80939554595954,6.338412077159632,
1,-4.74518202553951,GO:0006605,M1,1,0,GO Biological Processes,19,protein targeting,19_GO:0051179 localization,-4.74518202553951,3.4799125129503854,5.390851721539248,30230,238,584,16,2.73972602739726,0.6754837232184769,706|1121|4285|5824|7485|9179|9927|11154|23041|23148|26521|27072|30849|51172|51542|200576,TSPO|CHM|MIPEP|PEX19|GET1|AP4M1|MFN2|AP4S1|MON2|NACAD|TIMM8B|VPS41|PIK3R4|NAGPA|VPS54|PIKFYVE,-2.5310144352649853,0,37,0,0,-4.80939554595954,6.338412077159632,
1,-4.410883212491628,GO:0007034,M1,1,0,GO Biological Processes,19,vacuolar transport,19_GO:0051179 localization,-4.410883212491628,3.8453033268101757,5.298152949680172,30230,175,584,13,2.2260273972602738,0.6104786211136067,757|3988|6845|9179|10239|23041|23400|23484|23585|27072|30849|51172|51542,TMEM50B|LIPA|VAMP7|AP4M1|AP3S2|MON2|ATP13A2|LEPROTL1|TMEM50A|VPS41|PIK3R4|NAGPA|VPS54,-2.295419007967203,0,37,0,0,-4.80939554595954,6.338412077159632,
1,-3.878440244785338,GO:0072665,M1,1,0,GO Biological Processes,19,protein localization to vacuole,19_GO:0051179 localization,-3.878440244785338,5.309097295398665,5.348238931071913,30230,78,584,8,1.36986301369863,0.48099101587450915,9179|23041|23400|27072|30849|51172|51542|64121,AP4M1|MON2|ATP13A2|VPS41|PIK3R4|NAGPA|VPS54|RRAGC,-1.9195451596141195,0,37,0,0,-4.80939554595954,6.338412077159632,
1,-3.547805875227298,GO:0072594,M1,1,0,GO Biological Processes,19,establishment of protein localization to organelle,19_GO:0051179 localization,-3.547805875227298,2.5667949733952224,4.215071469896259,30230,363,584,18,3.0821917808219177,0.7151961986636398,706|4285|5192|5824|7485|9179|9927|23041|23511|25842|26521|27072|30849|51172|51542|55764|83882|131474,TSPO|MIPEP|PEX10|PEX19|GET1|AP4M1|MFN2|MON2|NUP188|ASF1A|TIMM8B|VPS41|PIK3R4|NAGPA|VPS54|IFT122|TSPAN10|CHCHD4,-1.67332954493555,0,37,0,0,-4.80939554595954,6.338412077159632,
1,-3.4559669458631053,GO:0006623,M1,1,0,GO Biological Processes,19,protein targeting to vacuole,19_GO:0051179 localization,-3.4559669458631053,6.338412077159632,5.249024301287855,30230,49,584,6,1.0273972602739727,0.417272989913396,9179|23041|27072|30849|51172|51542,AP4M1|MON2|VPS41|PIK3R4|NAGPA|VPS54,-1.611910270395861,0,37,0,0,-4.80939554595954,6.338412077159632,
1,-3.4559669458631053,GO:0061462,M1,1,0,GO Biological Processes,19,protein localization to lysosome,19_GO:0051179 localization,-3.4559669458631053,6.338412077159632,5.249024301287855,30230,49,584,6,1.0273972602739727,0.417272989913396,9179|23400|30849|51172|51542|64121,AP4M1|ATP13A2|PIK3R4|NAGPA|VPS54|RRAGC,-1.611910270395861,0,37,0,0,-4.80939554595954,6.338412077159632,
1,-3.327503940595476,GO:0006886,M1,1,0,GO Biological Processes,19,intracellular protein transport,19_GO:0051179 localization,-3.327503940595476,2.176535774210513,3.897446531585684,30230,547,584,23,3.9383561643835616,0.8048706259955334,373|1121|1959|5192|5824|8677|9179|9874|10239|23041|23511|23682|25842|26225|27072|29107|30849|51172|51542|79139|84447|203062|339122,TRIM23|CHM|EGR2|PEX10|PEX19|STX10|AP4M1|TLK1|AP3S2|MON2|NUP188|RAB38|ASF1A|ARL5A|VPS41|NXT1|PIK3R4|NAGPA|VPS54|DERL1|SYVN1|TSNARE1|RAB43,-1.5189947142450368,0,37,0,0,-4.80939554595954,6.338412077159632,
1,-2.941777166149466,GO:0072666,M1,1,0,GO Biological Processes,19,establishment of protein localization to vacuole,19_GO:0051179 localization,-2.941777166149466,5.0915113406692125,4.489556908968319,30230,61,584,6,1.0273972602739727,0.417272989913396,9179|23041|27072|30849|51172|51542,AP4M1|MON2|VPS41|PIK3R4|NAGPA|VPS54,-1.2590884929171964,0,37,0,0,-4.80939554595954,6.338412077159632,
1,-2.4416222210814436,GO:0006622,M1,1,0,GO Biological Processes,19,protein targeting to lysosome,19_GO:0051179 localization,-2.4416222210814436,6.274387712743877,4.254831670035159,30230,33,584,4,0.684931506849315,0.341290910327769,9179|30849|51172|51542,AP4M1|PIK3R4|NAGPA|VPS54,-0.90430585047957,0,37,0,0,-4.80939554595954,6.338412077159632,
1,-2.395461100670107,GO:0007041,M1,1,0,GO Biological Processes,19,lysosomal transport,19_GO:0051179 localization,-2.395461100670107,3.161141901077068,3.479190107060247,30230,131,584,8,1.36986301369863,0.48099101587450915,3988|6845|9179|23400|27072|30849|51172|51542,LIPA|VAMP7|AP4M1|ATP13A2|VPS41|PIK3R4|NAGPA|VPS54,-0.8720173089608324,0,37,0,0,-4.80939554595954,6.338412077159632,
1,-4.698092949036382,GO:0008202,M1,1,0,GO Biological Processes,19,steroid metabolic process,19_GO:0009987 cellular process,-4.698092949036382,3.295816017649171,5.28853431739644,30230,267,584,17,2.910958904109589,0.6956594987008953,706|1718|3988|4547|5563|5959|6307|6721|9885|10682|10948|11001|23461|51360|51422|59338|113612,TSPO|DHCR24|LIPA|MTTP|PRKAA2|RDH5|MSMO1|SREBF2|OSBPL2|EBP|STARD3|SLC27A2|ABCA5|MBTPS2|PRKAG2|PLEKHA1|CYP2U1,-2.503701614477207,0,38,1,1,-4.698092949036382,19.411386986301373,
1,-4.35244184087979,GO:0006066,M1,1,0,GO Biological Processes,19,alcohol metabolic process,19_GO:0009987 cellular process,-4.35244184087979,2.9768261193050023,4.934201493767562,30230,313,584,18,3.0821917808219177,0.7151961986636398,20|1718|2710|3988|4547|5563|5959|6307|6721|8824|9517|9677|10682|10948|23461|51360|54884|55825,ABCA2|DHCR24|GK|LIPA|MTTP|PRKAA2|RDH5|MSMO1|SREBF2|CES2|SPTLC2|PPIP5K1|EBP|STARD3|ABCA5|MBTPS2|RETSAT|PECR,-2.264707978300516,0,38,0,0,-4.698092949036382,19.411386986301373,
1,-3.956410863581044,GO:0016125,M1,1,0,GO Biological Processes,19,sterol metabolic process,19_GO:0009987 cellular process,-3.956410863581044,3.981822971548999,5.016440825214323,30230,143,584,11,1.8835616438356164,0.5625412616790831,1718|3988|4547|5563|6307|6721|10682|10948|23461|51360|51422,DHCR24|LIPA|MTTP|PRKAA2|MSMO1|SREBF2|EBP|STARD3|ABCA5|MBTPS2|PRKAG2,-1.9737408929377698,0,38,0,0,-4.698092949036382,19.411386986301373,
1,-3.8455651495992043,GO:0008203,M1,1,0,GO Biological Processes,19,cholesterol metabolic process,19_GO:0009987 cellular process,-3.8455651495992043,4.208430782937966,5.004339333938718,30230,123,584,10,1.7123287671232876,0.536829873604794,1718|3988|4547|5563|6307|6721|10682|10948|23461|51360,DHCR24|LIPA|MTTP|PRKAA2|MSMO1|SREBF2|EBP|STARD3|ABCA5|MBTPS2,-1.895975248834212,0,38,0,0,-4.698092949036382,19.411386986301373,
1,-3.7740324015461284,GO:0016126,M1,1,0,GO Biological Processes,19,sterol biosynthetic process,19_GO:0009987 cellular process,-3.7740324015461284,7.222841669321441,5.7312356193944245,30230,43,584,6,1.0273972602739727,0.417272989913396,1718|3988|5563|6307|10682|51422,DHCR24|LIPA|PRKAA2|MSMO1|EBP|PRKAG2,-1.8455389922577987,0,38,0,0,-4.698092949036382,19.411386986301373,
1,-3.5416560617048334,GO:1902652,M1,1,0,GO Biological Processes,19,secondary alcohol metabolic process,19_GO:0009987 cellular process,-3.5416560617048334,3.8629625843385806,4.66174962031078,30230,134,584,10,1.7123287671232876,0.536829873604794,1718|3988|4547|5563|6307|6721|10682|10948|23461|51360,DHCR24|LIPA|MTTP|PRKAA2|MSMO1|SREBF2|EBP|STARD3|ABCA5|MBTPS2,-1.6685475891797665,0,38,0,0,-4.698092949036382,19.411386986301373,
1,-3.427550051721769,R-HSA-6807062,M1,1,0,Reactome Gene Sets,6,Zymostenol biosynthesis via lathosterol (Kandutsch-Russell pathway),,-3.427550051721769,19.411386986301373,7.309794386284797,30230,8,584,3,0.5136986301369864,0.2958212874838213,1718|6307|6721,DHCR24|MSMO1|SREBF2,-1.5960825035625454,0,38,0,0,-4.698092949036382,19.411386986301373,
1,-3.3168991697185413,WP5304,M1,1,0,WikiPathways,27,Cholesterol metabolism,,-3.3168991697185413,5.032581811263317,4.808210011915662,30230,72,584,7,1.1986301369863013,0.45031628818687125,706|1718|3988|4547|6307|10682|10948,TSPO|DHCR24|LIPA|MTTP|MSMO1|EBP|STARD3,-1.511548566677581,0,38,0,0,-4.698092949036382,19.411386986301373,
1,-3.2878145654734916,GO:0006694,M1,1,0,GO Biological Processes,19,steroid biosynthetic process,19_GO:0009987 cellular process,-3.2878145654734916,4.3590483056957465,4.602329578783928,30230,95,584,8,1.36986301369863,0.48099101587450915,706|1718|3988|5563|6307|10682|10948|51422,TSPO|DHCR24|LIPA|PRKAA2|MSMO1|EBP|STARD3|PRKAG2,-1.4898382793213907,0,38,0,0,-4.698092949036382,19.411386986301373,
1,-3.2821750978622672,hsa00100,M1,1,0,KEGG Pathway,24,Steroid biosynthesis,,-3.2821750978622672,10.352739726027398,5.8723745199361,30230,20,584,4,0.684931506849315,0.341290910327769,1718|3988|6307|10682,DHCR24|LIPA|MSMO1|EBP,-1.4898382793213907,0,38,0,0,-4.698092949036382,19.411386986301373,
1,-3.2272035595073443,GO:0046165,M1,1,0,GO Biological Processes,19,alcohol biosynthetic process,19_GO:0009987 cellular process,-3.2272035595073443,4.269171021042226,4.526240055009555,30230,97,584,8,1.36986301369863,0.48099101587450915,20|1718|3988|5563|6307|9517|9677|10682,ABCA2|DHCR24|LIPA|PRKAA2|MSMO1|SPTLC2|PPIP5K1|EBP,-1.452640862684593,0,38,0,0,-4.698092949036382,19.411386986301373,
1,-3.1601209127472023,GO:0006695,M1,1,0,GO Biological Processes,19,cholesterol biosynthetic process,19_GO:0009987 cellular process,-3.1601209127472023,6.995094409477971,5.121285847626335,30230,37,584,5,0.8561643835616438,0.3812457520636574,1718|3988|5563|6307|10682,DHCR24|LIPA|PRKAA2|MSMO1|EBP,-1.4036786508644457,0,38,0,0,-4.698092949036382,19.411386986301373,
1,-3.1601209127472023,GO:1902653,M1,1,0,GO Biological Processes,19,secondary alcohol biosynthetic process,19_GO:0009987 cellular process,-3.1601209127472023,6.995094409477971,5.121285847626335,30230,37,584,5,0.8561643835616438,0.3812457520636574,1718|3988|5563|6307|10682,DHCR24|LIPA|PRKAA2|MSMO1|EBP,-1.4036786508644457,0,38,0,0,-4.698092949036382,19.411386986301373,
1,-3.109102659106116,R-HSA-6807047,M1,1,0,Reactome Gene Sets,6,Cholesterol biosynthesis via desmosterol (Bloch pathway),,-3.109102659106116,15.529109589041099,6.449514615422177,30230,10,584,3,0.5136986301369864,0.2958212874838213,1718|6307|10682,DHCR24|MSMO1|EBP,-1.3670355221762032,0,38,0,0,-4.698092949036382,19.411386986301373,
1,-2.769642870412249,R-HSA-191273,M1,1,0,Reactome Gene Sets,6,Cholesterol biosynthesis,,-2.769642870412249,7.668696093353628,4.865562197675781,30230,27,584,4,0.684931506849315,0.341290910327769,1718|6307|6721|10682,DHCR24|MSMO1|SREBF2|EBP,-1.1360463556319487,0,38,0,0,-4.698092949036382,19.411386986301373,
1,-2.6823917814034015,WP4718,M1,1,0,WikiPathways,27,Cholesterol metabolism with Bloch and Kandutsch Russell pathways,,-2.6823917814034015,5.506776450014573,4.339792901236362,30230,47,584,5,0.8561643835616438,0.3812457520636574,1718|2182|6307|6721|10682,DHCR24|ACSL4|MSMO1|SREBF2|EBP,-1.0784436697751574,0,38,0,0,-4.698092949036382,19.411386986301373,
1,-2.5022538131606638,R-HSA-8957322,M1,1,0,Reactome Gene Sets,6,Metabolism of steroids,,-2.5022538131606638,3.025151218644369,3.5362506616243086,30230,154,584,9,1.5410958904109588,0.509724966965557,706|1718|6307|6721|9885|10682|10948|11001|51360,TSPO|DHCR24|MSMO1|SREBF2|OSBPL2|EBP|STARD3|SLC27A2|MBTPS2,-0.9455270234672974,0,38,0,0,-4.698092949036382,19.411386986301373,
1,-2.3265293461569967,WP5193,M1,1,0,WikiPathways,27,Cholesterol synthesis disorders,,-2.3265293461569967,8.627283105022833,4.543093163657457,30230,18,584,3,0.5136986301369864,0.2958212874838213,1718|6307|10682,DHCR24|MSMO1|EBP,-0.8219825674080725,0,38,0,0,-4.698092949036382,19.411386986301373,
1,-2.303162067975118,WP5333,M1,1,0,WikiPathways,27,Enterocyte cholesterol metabolism,,-2.303162067975118,5.751522070015221,4.003676118934216,30230,36,584,4,0.684931506849315,0.341290910327769,1718|4547|6307|10682,DHCR24|MTTP|MSMO1|EBP,-0.8067223549656912,0,38,0,0,-4.698092949036382,19.411386986301373,
1,-2.2581094687161003,GO:0033489,M1,1,0,GO Biological Processes,19,cholesterol biosynthetic process via desmosterol,19_GO:0009987 cellular process,-2.2581094687161003,8.173215573179526,4.389786458079658,30230,19,584,3,0.5136986301369864,0.2958212874838213,1718|6307|10682,DHCR24|MSMO1|EBP,-0.7802009674970423,0,38,0,0,-4.698092949036382,19.411386986301373,
1,-2.2581094687161003,GO:0033490,M1,1,0,GO Biological Processes,19,cholesterol biosynthetic process via lathosterol,19_GO:0009987 cellular process,-2.2581094687161003,8.173215573179526,4.389786458079658,30230,19,584,3,0.5136986301369864,0.2958212874838213,1718|6307|10682,DHCR24|MSMO1|EBP,-0.7802009674970423,0,38,0,0,-4.698092949036382,19.411386986301373,
1,-4.690397513211227,hsa04621,M1,1,0,KEGG Pathway,24,NOD-like receptor signaling pathway,,-4.690397513211227,3.8343480466768134,5.486080172125046,30230,189,584,14,2.3972602739726026,0.6329686127171638,3551|4615|4938|5580|5602|6041|6300|6773|9927|10454|55669|79671|90550|340061,IKBKB|MYD88|OAS1|PRKCD|MAPK10|RNASEL|MAPK12|STAT2|MFN2|TAB1|MFN1|NLRX1|MCU|STING1,-2.503701614477207,0,39,1,1,-4.690397513211227,7.394814090019571,
1,-3.7740324015461284,R-HSA-75893,M1,1,0,Reactome Gene Sets,6,TNF signaling,,-3.7740324015461284,7.222841669321441,5.7312356193944245,30230,43,584,6,1.0273972602739727,0.417272989913396,1540|3551|8439|10454|84888|142678,CYLD|IKBKB|NSMAF|TAB1|SPPL2A|MIB2,-1.8455389922577987,0,39,0,0,-4.690397513211227,7.394814090019571,
1,-3.3168991697185413,hsa04622,M1,1,0,KEGG Pathway,24,RIG-I-like receptor signaling pathway,,-3.3168991697185413,5.032581811263317,4.808210011915662,30230,72,584,7,1.1986301369863013,0.45031628818687125,1540|3551|5602|6300|57169|79671|340061,CYLD|IKBKB|MAPK10|MAPK12|ZNFX1|NLRX1|STING1,-1.511548566677581,0,39,0,0,-4.690397513211227,7.394814090019571,
1,-2.979703030249177,WP3865,M1,1,0,WikiPathways,27,Novel intracellular components of RIG I like receptor pathway,,-2.979703030249177,5.1763698630137,4.544877531725848,30230,60,584,6,1.0273972602739727,0.417272989913396,1540|3551|5602|6300|79671|340061,CYLD|IKBKB|MAPK10|MAPK12|NLRX1|STING1,-1.2823034864608833,0,39,0,0,-4.690397513211227,7.394814090019571,
1,-2.724386582292341,M128,M1,1,0,Canonical Pathways,11,PID TNF PATHWAY,,-2.724386582292341,5.626488981536628,4.407347698683296,30230,46,584,5,0.8561643835616438,0.3812457520636574,1540|3551|5609|8439|10454,CYLD|IKBKB|MAP2K7|NSMAF|TAB1,-1.104725845455333,0,39,0,0,-4.690397513211227,7.394814090019571,
1,-2.3477338052412797,R-HSA-5357905,M1,1,0,Reactome Gene Sets,6,Regulation of TNFR1 signaling,,-2.3477338052412797,5.915851272015655,4.08413888117048,30230,35,584,4,0.684931506849315,0.341290910327769,1540|3551|84888|142678,CYLD|IKBKB|SPPL2A|MIB2,-0.8366559260694505,0,39,0,0,-4.690397513211227,7.394814090019571,
1,-2.303162067975118,R-HSA-168638,M1,1,0,Reactome Gene Sets,6,NOD1/2 Signaling Pathway,,-2.303162067975118,5.751522070015221,4.003676118934216,30230,36,584,4,0.684931506849315,0.341290910327769,1540|3551|6300|10454,CYLD|IKBKB|MAPK12|TAB1,-0.8067223549656912,0,39,0,0,-4.690397513211227,7.394814090019571,
1,-2.1329900523897782,R-HSA-5357956,M1,1,0,Reactome Gene Sets,6,TNFR1-induced NF-kappa-B signaling pathway,,-2.1329900523897782,7.394814090019571,4.114382439239248,30230,21,584,3,0.5136986301369864,0.2958212874838213,1540|3551|10454,CYLD|IKBKB|TAB1,-0.6869163946108319,0,39,0,0,-4.690397513211227,7.394814090019571,
1,-2.1329900523897782,WP4961,M1,1,0,WikiPathways,27,STING pathway in Kawasaki like disease and COVID 19,,-2.1329900523897782,7.394814090019571,4.114382439239248,30230,21,584,3,0.5136986301369864,0.2958212874838213,3551|79671|340061,IKBKB|NLRX1|STING1,-0.6869163946108319,0,39,0,0,-4.690397513211227,7.394814090019571,
1,-4.609494202622633,GO:0035269,M1,1,0,GO Biological Processes,19,protein O-linked glycosylation via mannose,19_GO:0009987 cellular process,-4.609494202622633,13.622025955299206,7.724290180162932,30230,19,584,5,0.8561643835616438,0.3812457520636574,10585|29954|54916|55624|729920,POMT1|POMT2|TMEM260|POMGNT1|CRPPA,-2.429435345050383,0,40,1,1,-4.609494202622633,38.82277397260275,
1,-4.548513283486109,R-HSA-8932506,M1,1,0,Reactome Gene Sets,6,DAG1 core M1 glycosylations,,-4.548513283486109,38.82277397260275,10.617647325951832,30230,4,584,3,0.5136986301369864,0.2958212874838213,10585|29954|55624,POMT1|POMT2|POMGNT1,-2.3925143306400427,0,40,0,0,-4.609494202622633,38.82277397260275,
1,-4.156873567896749,R-HSA-8932504,M1,1,0,Reactome Gene Sets,6,DAG1 core M2 glycosylations,,-4.156873567896749,31.058219178082197,9.434097407181588,30230,5,584,3,0.5136986301369864,0.2958212874838213,10585|29954|55624,POMT1|POMT2|POMGNT1,-2.1315526318007625,0,40,0,0,-4.609494202622633,38.82277397260275,
1,-3.468435480863046,R-HSA-8931838,M1,1,0,Reactome Gene Sets,6,DAG1 glycosylations,,-3.468435480863046,11.503044140030442,6.256003267892596,30230,18,584,4,0.684931506849315,0.341290910327769,10585|29954|55624|729920,POMT1|POMT2|POMGNT1|CRPPA,-1.6127278821292654,0,40,0,0,-4.609494202622633,38.82277397260275,
1,-3.427550051721769,GO:0031501,M1,1,0,GO Cellular Components,20,mannosyltransferase complex,,-3.427550051721769,19.411386986301373,7.309794386284797,30230,8,584,3,0.5136986301369864,0.2958212874838213,10585|29954|93183,POMT1|POMT2|PIGM,-1.5960825035625454,0,40,0,0,-4.609494202622633,38.82277397260275,
1,-3.154216471369469,GO:0006493,M1,1,0,GO Biological Processes,19,protein O-linked glycosylation,19_GO:0009987 cellular process,-3.154216471369469,3.450913242009132,4.223474861391191,30230,150,584,10,1.7123287671232876,0.536829873604794,8693|10585|26035|29954|54916|55454|55624|114805|285203|729920,GALNT4|POMT1|GLCE|POMT2|TMEM260|CSGALNACT2|POMGNT1|GALNT13|EOGT|CRPPA,-1.3988169338337273,0,40,0,0,-4.609494202622633,38.82277397260275,
1,-3.0402149071374756,hsa00515,M1,1,0,KEGG Pathway,24,Mannose type O-glycan biosynthesis,,-3.0402149071374756,9.002382370458607,5.388460219017145,30230,23,584,4,0.684931506849315,0.341290910327769,10585|29954|55624|729920,POMT1|POMT2|POMGNT1|CRPPA,-1.3245955146978263,0,40,0,0,-4.609494202622633,38.82277397260275,
1,-2.9847667626048042,GO:0140534,M1,1,0,GO Cellular Components,20,endoplasmic reticulum protein-containing complex,,-2.9847667626048042,3.556284638711701,4.115324505717716,30230,131,584,9,1.5410958904109588,0.509724966965557,6721|7485|10585|29954|79139|84061|84447|93183|128869,SREBF2|GET1|POMT1|POMT2|DERL1|MAGT1|SYVN1|PIGM|PIGU,-1.2823034864608833,0,40,0,0,-4.609494202622633,38.82277397260275,
1,-2.6823917814034015,hsa00514,M1,1,0,KEGG Pathway,24,Other types of O-glycan biosynthesis,,-2.6823917814034015,5.506776450014573,4.339792901236362,30230,47,584,5,0.8561643835616438,0.3812457520636574,8693|10585|29954|114805|285203,GALNT4|POMT1|POMT2|GALNT13|EOGT,-1.0784436697751574,0,40,0,0,-4.609494202622633,38.82277397260275,
1,-4.606820130702859,WP2533,M1,1,0,WikiPathways,27,Glycerophospholipid biosynthetic pathway,,-4.606820130702859,10.018780380026515,7.0512747799619975,30230,31,584,6,1.0273972602739727,0.417272989913396,2710|5290|8443|9489|23175|114971,GK|PIK3CA|GNPAT|PGS1|LPIN1|PTPMT1,-2.429435345050383,0,41,1,1,-4.606820130702859,10.352739726027398,
1,-3.2821750978622672,WP5275,M1,1,0,WikiPathways,27,Ether lipid biosynthesis,,-3.2821750978622672,10.352739726027398,5.8723745199361,30230,20,584,4,0.684931506849315,0.341290910327769,5824|8443|23175|25979,PEX19|GNPAT|LPIN1|DHRS7B,-1.4898382793213907,0,41,0,0,-4.606820130702859,10.352739726027398,
1,-2.3265293461569967,WP5101,M1,1,0,WikiPathways,27,Congenital generalized lipodystrophy,,-2.3265293461569967,8.627283105022833,4.543093163657457,30230,18,584,3,0.5136986301369864,0.2958212874838213,5290|23175|26580,PIK3CA|LPIN1|BSCL2,-0.8219825674080725,0,41,0,0,-4.606820130702859,10.352739726027398,
1,-4.573194149837331,GO:0015918,M1,1,0,GO Biological Processes,19,sterol transport,19_GO:0051179 localization,-4.573194149837331,5.75152207001522,6.009994382902527,30230,81,584,9,1.5410958904109588,0.509724966965557,706|3988|4547|9885|10948|23461|51542|57655|84947,TSPO|LIPA|MTTP|OSBPL2|STARD3|ABCA5|VPS54|GRAMD1A|SERAC1,-2.4098461617317892,0,42,1,1,-4.573194149837331,7.39481409001957,
1,-3.3697053355333813,GO:0015850,M1,1,0,GO Biological Processes,19,organic hydroxy compound transport,19_GO:0051179 localization,-3.3697053355333813,3.409584939709622,4.382476328624007,30230,167,584,11,1.8835616438356164,0.5625412616790831,24|706|3988|4547|9885|10948|23461|51542|57655|84947|114134,ABCA4|TSPO|LIPA|MTTP|OSBPL2|STARD3|ABCA5|VPS54|GRAMD1A|SERAC1|SLC2A13,-1.5540763680599943,0,42,0,0,-4.573194149837331,7.39481409001957,
1,-2.8324629719806307,GO:0044232,M1,1,0,GO Cellular Components,20,organelle membrane contact site,,-2.8324629719806307,4.852846746575343,4.330600482269634,30230,64,584,6,1.0273972602739727,0.417272989913396,2182|10948|23682|30849|57655|84947,ACSL4|STARD3|RAB38|PIK3R4|GRAMD1A|SERAC1,-1.1869016651706867,0,42,0,0,-4.573194149837331,7.39481409001957,
1,-2.709313866176973,GO:0032366,M1,1,0,GO Biological Processes,19,intracellular sterol transport,19_GO:0051179 localization,-2.709313866176973,7.39481409001957,4.751430147960187,30230,28,584,4,0.684931506849315,0.341290910327769,9885|51542|57655|84947,OSBPL2|VPS54|GRAMD1A|SERAC1,-1.097206267230411,0,42,0,0,-4.573194149837331,7.39481409001957,
1,-2.663760536845118,GO:0030301,M1,1,0,GO Biological Processes,19,cholesterol transport,19_GO:0051179 localization,-2.663760536845118,4.501191185229304,4.08651187395071,30230,69,584,6,1.0273972602739727,0.417272989913396,3988|9885|10948|23461|51542|84947,LIPA|OSBPL2|STARD3|ABCA5|VPS54|SERAC1,-1.0628053686026995,0,42,0,0,-4.573194149837331,7.39481409001957,
1,-2.0637532363188136,GO:0032365,M1,1,0,GO Biological Processes,19,intracellular lipid transport,19_GO:0051179 localization,-2.0637532363188136,4.929876060013046,3.57702182614533,30230,42,584,4,0.684931506849315,0.341290910327769,9885|51542|57655|84947,OSBPL2|VPS54|GRAMD1A|SERAC1,-0.6385824981854372,0,42,0,0,-4.573194149837331,7.39481409001957,
1,-4.537729710355046,GO:0016310,M1,1,0,GO Biological Processes,19,phosphorylation,19_GO:0009987 cellular process,-4.537729710355046,2.8677949379577274,5.010807459649217,30230,361,584,20,3.4246575342465753,0.7525498597664905,673|3551|3985|5580|5587|5602|6041|8476|9252|9874|10020|11200|23049|30849|51776|56997|57448|84446|200576|440275,BRAF|IKBKB|LIMK2|PRKCD|PRKD1|MAPK10|RNASEL|CDC42BPA|RPS6KA5|TLK1|GNE|CHEK2|SMG1|PIK3R4|MAP3K20|COQ8A|BIRC6|BRSK1|PIKFYVE|EIF2AK4,-2.388368418106267,0,43,1,1,-4.537729710355046,6.63637161924833,
1,-4.263556245586597,GO:0006468,M1,1,0,GO Biological Processes,19,protein phosphorylation,19_GO:0009987 cellular process,-4.263556245586597,2.930020677177565,4.856104875468382,30230,318,584,18,3.0821917808219177,0.7151961986636398,673|3551|3985|5580|5587|5602|6041|8476|9252|9874|11200|23049|30849|51776|57448|84446|200576|440275,BRAF|IKBKB|LIMK2|PRKCD|PRKD1|MAPK10|RNASEL|CDC42BPA|RPS6KA5|TLK1|CHEK2|SMG1|PIK3R4|MAP3K20|BIRC6|BRSK1|PIKFYVE|EIF2AK4,-2.1890506487410786,0,43,0,0,-4.537729710355046,6.63637161924833,
1,-3.0530323402796857,GO:0018105,M1,1,0,GO Biological Processes,19,peptidyl-serine phosphorylation,19_GO:0009987 cellular process,-3.0530323402796857,6.63637161924833,4.943430532208886,30230,39,584,5,0.8561643835616438,0.3812457520636574,3551|5580|23049|84446|200576,IKBKB|PRKCD|SMG1|BRSK1|PIKFYVE,-1.33070926154553,0,43,0,0,-4.537729710355046,6.63637161924833,
1,-2.952312028668647,GO:0018209,M1,1,0,GO Biological Processes,19,peptidyl-serine modification,19_GO:0009987 cellular process,-2.952312028668647,6.312646174406948,4.777643265532393,30230,41,584,5,0.8561643835616438,0.3812457520636574,3551|5580|23049|84446|200576,IKBKB|PRKCD|SMG1|BRSK1|PIKFYVE,-1.266085295282768,0,43,0,0,-4.537729710355046,6.63637161924833,
1,-4.458903000252165,GO:0005777,M1,1,0,GO Cellular Components,20,peroxisome,,-4.458903000252165,4.16888848027949,5.442384446857385,30230,149,584,12,2.0547945205479454,0.5870422605221068,2182|5192|5824|8310|8443|10478|11001|25979|54996|55825|84129|340061,ACSL4|PEX10|PEX19|ACOX3|GNPAT|SLC25A17|SLC27A2|DHRS7B|MTARC2|PECR|ACAD11|STING1,-2.3288800755568153,0,44,1,1,-4.458903000252165,25.881849315068497,
1,-4.458903000252165,GO:0042579,M1,1,0,GO Cellular Components,20,microbody,,-4.458903000252165,4.16888848027949,5.442384446857385,30230,149,584,12,2.0547945205479454,0.5870422605221068,2182|5192|5824|8310|8443|10478|11001|25979|54996|55825|84129|340061,ACSL4|PEX10|PEX19|ACOX3|GNPAT|SLC25A17|SLC27A2|DHRS7B|MTARC2|PECR|ACAD11|STING1,-2.3288800755568153,0,44,0,0,-4.458903000252165,25.881849315068497,
1,-4.401474466566329,GO:0005778,M1,1,0,GO Cellular Components,20,peroxisomal membrane,,-4.401474466566329,6.274387712743877,6.020531242519025,30230,66,584,8,1.36986301369863,0.48099101587450915,2182|5192|5824|8443|10478|11001|25979|55825,ACSL4|PEX10|PEX19|GNPAT|SLC25A17|SLC27A2|DHRS7B|PECR,-2.290756697066366,0,44,0,0,-4.458903000252165,25.881849315068497,
1,-4.401474466566329,GO:0031903,M1,1,0,GO Cellular Components,20,microbody membrane,,-4.401474466566329,6.274387712743877,6.020531242519025,30230,66,584,8,1.36986301369863,0.48099101587450915,2182|5192|5824|8443|10478|11001|25979|55825,ACSL4|PEX10|PEX19|GNPAT|SLC25A17|SLC27A2|DHRS7B|PECR,-2.290756697066366,0,44,0,0,-4.458903000252165,25.881849315068497,
1,-3.862137817733619,R-HSA-389599,M1,1,0,Reactome Gene Sets,6,Alpha-oxidation of phytanate,,-3.862137817733619,25.881849315068497,8.554951904105012,30230,6,584,3,0.5136986301369864,0.2958212874838213,10478|11001|55825,SLC25A17|SLC27A2|PECR,-1.9082061520939508,0,44,0,0,-4.458903000252165,25.881849315068497,
1,-3.6890911717024912,hsa04146,M1,1,0,KEGG Pathway,24,Peroxisome,,-3.6890911717024912,4.989272157121637,5.107941600565311,30230,83,584,8,1.36986301369863,0.48099101587450915,2182|5192|5824|8310|8443|10478|11001|55825,ACSL4|PEX10|PEX19|ACOX3|GNPAT|SLC25A17|SLC27A2|PECR,-1.7744534219495396,0,44,0,0,-4.458903000252165,25.881849315068497,
1,-3.4821635012380603,R-HSA-9609507,M1,1,0,Reactome Gene Sets,6,Protein localization,,-3.4821635012380603,3.514819042787079,4.504506712937352,30230,162,584,11,1.8835616438356164,0.5625412616790831,5192|5824|7485|8310|8443|10478|11001|26521|55825|131474|197257,PEX10|PEX19|GET1|ACOX3|GNPAT|SLC25A17|SLC27A2|TIMM8B|PECR|CHCHD4|LDHD,-1.6198455087964998,0,44,0,0,-4.458903000252165,25.881849315068497,
1,-2.709313866176973,R-HSA-390918,M1,1,0,Reactome Gene Sets,6,Peroxisomal lipid metabolism,,-2.709313866176973,7.39481409001957,4.751430147960187,30230,28,584,4,0.684931506849315,0.341290910327769,8310|10478|11001|55825,ACOX3|SLC25A17|SLC27A2|PECR,-1.097206267230411,0,44,0,0,-4.458903000252165,25.881849315068497,
1,-2.1304858723921587,R-HSA-9033241,M1,1,0,Reactome Gene Sets,6,Peroxisomal protein import,,-2.1304858723921587,4.108230050010872,3.4661921122612265,30230,63,584,5,0.8561643835616438,0.3812457520636574,5192|8310|8443|11001|55825,PEX10|ACOX3|GNPAT|SLC27A2|PECR,-0.6869163946108319,0,44,0,0,-4.458903000252165,25.881849315068497,
1,-4.439352781307345,GO:0051668,M1,1,0,GO Biological Processes,19,localization within membrane,19_GO:0051179 localization,-4.439352781307345,2.3769045289348614,4.732318885519752,30230,588,584,27,4.623287671232877,0.8689408391281002,673|1121|3551|5824|7485|9179|23148|23167|23555|23682|25837|26225|26521|27091|55706|57560|57728|64121|79726|79803|80262|84219|90410|91663|123016|134957|200576,BRAF|CHM|IKBKB|PEX19|GET1|AP4M1|NACAD|EFR3A|TSPAN15|RAB38|RAB26|ARL5A|TIMM8B|CACNG5|NDC1|IFT80|WDR19|RRAGC|WDR59|HPS6|PHAF1|WDR24|IFT20|MYADM|TTC8|STXBP5|PIKFYVE,-2.314237191106739,0,45,1,1,-4.439352781307345,3.0195490867579906,
1,-4.1595686120181234,GO:0072657,M1,1,0,GO Biological Processes,19,protein localization to membrane,19_GO:0051179 localization,-4.1595686120181234,2.87576103500761,4.764376922920189,30230,324,584,18,3.0821917808219177,0.7151961986636398,3551|5824|9179|23167|23555|23682|25837|26225|57560|57728|64121|79726|79803|80262|84219|90410|91663|123016,IKBKB|PEX19|AP4M1|EFR3A|TSPAN15|RAB38|RAB26|ARL5A|IFT80|WDR19|RRAGC|WDR59|HPS6|PHAF1|WDR24|IFT20|MYADM|TTC8,-2.1315526318007625,0,45,0,0,-4.439352781307345,3.0195490867579906,
1,-3.579418504985509,GO:1990778,M1,1,0,GO Biological Processes,19,protein localization to cell periphery,19_GO:0051179 localization,-3.579418504985509,3.0195490867579906,4.408664631900133,30230,240,584,14,2.3972602739726026,0.6329686127171638,3551|3611|9179|23167|23555|25837|57560|57728|79726|80262|84219|90410|91663|123016,IKBKB|ILK|AP4M1|EFR3A|TSPAN15|RAB26|IFT80|WDR19|WDR59|PHAF1|WDR24|IFT20|MYADM|TTC8,-1.6952446063102822,0,45,0,0,-4.439352781307345,3.0195490867579906,
1,-4.385234642082186,WP5477,M1,1,0,WikiPathways,27,Molecular pathway for oxidative stress,,-4.385234642082186,7.394814090019569,6.287737641000954,30230,49,584,7,1.1986301369863013,0.45031628818687125,2353|3551|5290|5304|9252|9817|23411,FOS|IKBKB|PIK3CA|PIP|RPS6KA5|KEAP1|SIRT1,-2.2884526505255156,0,46,1,1,-4.385234642082186,9.705693493150687,
1,-2.4775850656192304,WP2435,M1,1,0,WikiPathways,27,Quercetin and Nf kB AP 1 induced apoptosis,,-2.4775850656192304,9.705693493150687,4.888712675651234,30230,16,584,3,0.5136986301369864,0.2958212874838213,2353|3551|9817,FOS|IKBKB|KEAP1,-0.9313532459407559,0,46,0,0,-4.385234642082186,9.705693493150687,
1,-2.0210060625959025,WP3612,M1,1,0,WikiPathways,27,Photodynamic therapy induced NFE2L2 NRF2 survival signaling,,-2.0210060625959025,6.7517867778439555,3.87300591322591,30230,23,584,3,0.5136986301369864,0.2958212874838213,2353|6300|9817,FOS|MAPK12|KEAP1,-0.6078956898116809,0,46,0,0,-4.385234642082186,9.705693493150687,
1,-4.366518344035473,M270,M1,1,0,Canonical Pathways,11,PID MAPK TRK PATHWAY,,-4.366518344035473,9.134770346494763,6.6610901096004405,30230,34,584,6,1.0273972602739727,0.417272989913396,673|1958|2353|5580|6016|9252,BRAF|EGR1|FOS|PRKCD|RIT1|RPS6KA5,-2.2733902639904544,0,47,1,1,-4.366518344035473,9.134770346494763,
1,-4.0897204266208265,R-HSA-187037,M1,1,0,Reactome Gene Sets,6,Signaling by NTRK1 (TRKA),,-4.0897204266208265,4.5011911852293025,5.2796918369573715,30230,115,584,10,1.7123287671232876,0.536829873604794,673|1958|1959|2353|3726|5290|6016|6300|7867|9252,BRAF|EGR1|EGR2|FOS|JUNB|PIK3CA|RIT1|MAPK12|MAPKAPK3|RPS6KA5,-2.081540755137346,0,47,0,0,-4.366518344035473,9.134770346494763,
1,-3.6892822734828723,M164,M1,1,0,Canonical Pathways,11,PID ERBB1 DOWNSTREAM PATHWAY,,-3.6892822734828723,4.436888454011742,4.951443418100516,30230,105,584,9,1.5410958904109588,0.509724966965557,673|1958|2353|5290|5580|7410|9252|79109|253260,BRAF|EGR1|FOS|PIK3CA|PRKCD|VAV2|RPS6KA5|MAPKAP1|RICTOR,-1.7744534219495396,0,47,0,0,-4.366518344035473,9.134770346494763,
1,-3.5679081389871747,R-HSA-166520,M1,1,0,Reactome Gene Sets,6,Signaling by NTRKs,,-3.5679081389871747,3.892007415799773,4.691361293319725,30230,133,584,10,1.7123287671232876,0.536829873604794,673|1958|1959|2353|3726|5290|6016|6300|7867|9252,BRAF|EGR1|EGR2|FOS|JUNB|PIK3CA|RIT1|MAPK12|MAPKAPK3|RPS6KA5,-1.6882678941020939,0,47,0,0,-4.366518344035473,9.134770346494763,
1,-3.1395732821464692,WP2374,M1,1,0,WikiPathways,27,Oncostatin M signaling,,-3.1395732821464692,5.5461105675146785,4.779173821460571,30230,56,584,6,1.0273972602739727,0.417272989913396,1958|2353|3726|5580|5581|253260,EGR1|FOS|JUNB|PRKCD|PRKCE|RICTOR,-1.385213971412005,0,47,0,0,-4.366518344035473,9.134770346494763,
1,-3.1239884108614246,R-HSA-9006934,M1,1,0,Reactome Gene Sets,6,Signaling by Receptor Tyrosine Kinases,,-3.1239884108614246,2.1446353481412688,3.734898144630169,30230,531,584,22,3.767123287671233,0.7878802744630862,673|1958|1959|2353|2562|3726|5290|5580|5581|6016|6300|6778|7410|7867|9252|10451|26018|30849|51107|79109|90423|253260,BRAF|EGR1|EGR2|FOS|GABRB3|JUNB|PIK3CA|PRKCD|PRKCE|RIT1|MAPK12|STAT6|VAV2|MAPKAPK3|RPS6KA5|VAV3|LRIG1|PIK3R4|APH1A|MAPKAP1|ATP6V1E2|RICTOR,-1.373765269313599,0,47,0,0,-4.366518344035473,9.134770346494763,
1,-3.0530323402796857,GO:0140467,M1,1,0,GO Biological Processes,19,integrated stress response signaling,19_GO:0050896 response to stimulus,-3.0530323402796857,6.63637161924833,4.943430532208886,30230,39,584,5,0.8561643835616438,0.3812457520636574,1052|2353|3726|51776|440275,CEBPD|FOS|JUNB|MAP3K20|EIF2AK4,-1.33070926154553,0,47,0,0,-4.366518344035473,9.134770346494763,
1,-2.6823917814034015,M183,M1,1,0,Canonical Pathways,11,PID IL6 7 PATHWAY,,-2.6823917814034015,5.506776450014573,4.339792901236362,30230,47,584,5,0.8561643835616438,0.3812457520636574,1052|2353|3726|5290|5580,CEBPD|FOS|JUNB|PIK3CA|PRKCD,-1.0784436697751574,0,47,0,0,-4.366518344035473,9.134770346494763,
1,-2.2581094687161003,WP734,M1,1,0,WikiPathways,27,Serotonin receptor 4 6 7 and NR3C signaling,,-2.2581094687161003,8.173215573179526,4.389786458079658,30230,19,584,3,0.5136986301369864,0.2958212874838213,673|1958|9252,BRAF|EGR1|RPS6KA5,-0.7802009674970423,0,47,0,0,-4.366518344035473,9.134770346494763,
1,-2.1893203292794747,R-HSA-198725,M1,1,0,Reactome Gene Sets,6,Nuclear Events (kinase and transcription factor activation),,-2.1893203292794747,4.242926117224343,3.558416473184459,30230,61,584,5,0.8561643835616438,0.3812457520636574,1958|1959|2353|3726|9252,EGR1|EGR2|FOS|JUNB|RPS6KA5,-0.7247539432990371,0,47,0,0,-4.366518344035473,9.134770346494763,
1,-2.177887150955641,R-HSA-9031628,M1,1,0,Reactome Gene Sets,6,NGF-stimulated transcription,,-2.177887150955641,5.309097295398665,3.7793326230631505,30230,39,584,4,0.684931506849315,0.341290910327769,1958|1959|2353|3726,EGR1|EGR2|FOS|JUNB,-0.7176595482764081,0,47,0,0,-4.366518344035473,9.134770346494763,
1,-2.0739757701320025,M272,M1,1,0,Canonical Pathways,11,PID CD8 TCR DOWNSTREAM PATHWAY,,-2.0739757701320025,3.9818229715489983,3.377708224869132,30230,65,584,5,0.8561643835616438,0.3812457520636574,673|1958|2353|3726|5581,BRAF|EGR1|FOS|JUNB|PRKCE,-0.6448924426355762,0,47,0,0,-4.366518344035473,9.134770346494763,
1,-4.36336854749218,GO:0051640,M1,1,0,GO Biological Processes,19,organelle localization,19_GO:0051179 localization,-4.36336854749218,2.3990305960491294,4.694533585705748,30230,561,584,26,4.4520547945205475,0.8534626164047334,1600|3833|3985|4292|5873|6854|8677|9638|9783|9927|10239|10948|22920|23411|26001|54849|55062|55638|55669|58485|79803|80128|84142|93664|201163|203062,DAB1|KIFC1|LIMK2|MLH1|RAB27A|SYN2|STX10|FEZ1|RIMS3|MFN2|AP3S2|STARD3|KIFAP3|SIRT1|RNF167|DEF8|WIPI1|SYBU|MFN1|TRAPPC1|HPS6|TRIM46|ABRAXAS1|CADPS2|FLCN|TSNARE1,-2.2733902639904544,0,48,1,1,-4.36336854749218,2.7244051910598412,
1,-2.394278979137023,GO:0051648,M1,1,0,GO Biological Processes,19,vesicle localization,19_GO:0051179 localization,-2.394278979137023,2.7244051910598412,3.3465816052482706,30230,190,584,10,1.7123287671232876,0.536829873604794,3985|5873|6854|10239|10948|22920|55062|58485|80128|93664,LIMK2|RAB27A|SYN2|AP3S2|STARD3|KIFAP3|WIPI1|TRAPPC1|TRIM46|CADPS2,-0.8720173089608324,0,48,0,0,-4.36336854749218,2.7244051910598412,
1,-2.1272961271361734,GO:0051650,M1,1,0,GO Biological Processes,19,establishment of vesicle localization,19_GO:0051179 localization,-2.1272961271361734,2.647007316313823,3.0756434172341907,30230,176,584,9,1.5410958904109588,0.509724966965557,3985|5873|10239|10948|22920|55062|58485|80128|93664,LIMK2|RAB27A|AP3S2|STARD3|KIFAP3|WIPI1|TRAPPC1|TRIM46|CADPS2,-0.6842342993038273,0,48,0,0,-4.36336854749218,2.7244051910598412,
1,-4.267008319984659,GO:0044283,M1,1,0,GO Biological Processes,19,small molecule biosynthetic process,19_GO:0009987 cellular process,-4.267008319984659,2.5277389989238865,4.690138997221494,30230,471,584,23,3.9383561643835616,0.8048706259955334,20|1468|1718|2182|3988|4706|5563|6307|9517|9677|9885|10020|10682|10873|10948|11001|25902|51422|55825|56997|81539|84274|197322,ABCA2|SLC25A10|DHCR24|ACSL4|LIPA|NDUFAB1|PRKAA2|MSMO1|SPTLC2|PPIP5K1|OSBPL2|GNE|EBP|ME3|STARD3|SLC27A2|MTHFD1L|PRKAG2|PECR|COQ8A|SLC38A1|COQ5|ACSF3,-2.1903258038848663,0,49,1,1,-4.267008319984659,7.39481409001957,
1,-3.9080818118757823,GO:0032787,M1,1,0,GO Biological Processes,19,monocarboxylic acid metabolic process,19_GO:0009987 cellular process,-3.9080818118757823,2.3396021979722934,4.371066970694075,30230,531,584,24,4.109589041095891,0.8214485430891646,2182|3988|4547|4706|5563|6307|8310|8824|9885|10478|10873|11001|23175|25902|51422|55825|56922|57380|81539|84129|84266|113612|197257|197322,ACSL4|LIPA|MTTP|NDUFAB1|PRKAA2|MSMO1|ACOX3|CES2|OSBPL2|SLC25A17|ME3|SLC27A2|LPIN1|MTHFD1L|PRKAG2|PECR|MCCC1|MRS2|SLC38A1|ACAD11|ALKBH7|CYP2U1|LDHD|ACSF3,-1.9407861846781325,0,49,0,0,-4.267008319984659,7.39481409001957,
1,-3.786812155172129,R-HSA-8978868,M1,1,0,Reactome Gene Sets,6,Fatty acid metabolism,,-3.786812155172129,3.549510763209394,4.747366596405191,30230,175,584,12,2.0547945205479454,0.5870422605221068,2182|4706|5563|8310|9374|10478|11001|51422|55825|84129|113612|197322,ACSL4|NDUFAB1|PRKAA2|ACOX3|PPT2|SLC25A17|SLC27A2|PRKAG2|PECR|ACAD11|CYP2U1|ACSF3,-1.8521856447278475,0,49,0,0,-4.267008319984659,7.39481409001957,
1,-3.045172401157015,GO:0006631,M1,1,0,GO Biological Processes,19,fatty acid metabolic process,19_GO:0009987 cellular process,-3.045172401157015,2.472296053976692,3.803238269778725,30230,335,584,16,2.73972602739726,0.6754837232184769,2182|3988|4706|5563|6307|8310|8824|10478|11001|23175|51422|55825|84129|84266|113612|197322,ACSL4|LIPA|NDUFAB1|PRKAA2|MSMO1|ACOX3|CES2|SLC25A17|SLC27A2|LPIN1|PRKAG2|PECR|ACAD11|ALKBH7|CYP2U1|ACSF3,-1.3247752434588977,0,49,0,0,-4.267008319984659,7.39481409001957,
1,-3.021116861813136,GO:0019752,M1,1,0,GO Biological Processes,19,carboxylic acid metabolic process,19_GO:0009987 cellular process,-3.021116861813136,1.8834971898042319,3.5477444527253,30230,797,584,29,4.965753424657534,0.8989307150523217,1757|2182|3988|4547|4706|5563|6307|6515|8310|8824|9885|10020|10157|10478|10873|11001|23175|25902|51422|55825|56922|57380|81539|84129|84266|92292|113612|197257|197322,SARDH|ACSL4|LIPA|MTTP|NDUFAB1|PRKAA2|MSMO1|SLC2A3|ACOX3|CES2|OSBPL2|GNE|AASS|SLC25A17|ME3|SLC27A2|LPIN1|MTHFD1L|PRKAG2|PECR|MCCC1|MRS2|SLC38A1|ACAD11|ALKBH7|GLYATL1|CYP2U1|LDHD|ACSF3,-1.3083391009852108,0,49,0,0,-4.267008319984659,7.39481409001957,
1,-2.709313866176973,GO:0046949,M1,1,0,GO Biological Processes,19,fatty-acyl-CoA biosynthetic process,19_GO:0009987 cellular process,-2.709313866176973,7.39481409001957,4.751430147960187,30230,28,584,4,0.684931506849315,0.341290910327769,2182|9374|11001|197322,ACSL4|PPT2|SLC27A2|ACSF3,-1.097206267230411,0,49,0,0,-4.267008319984659,7.39481409001957,
1,-2.5614318869687116,GO:0072330,M1,1,0,GO Biological Processes,19,monocarboxylic acid biosynthetic process,19_GO:0009987 cellular process,-2.5614318869687116,2.87576103500761,3.542638076661001,30230,180,584,10,1.7123287671232876,0.536829873604794,2182|4706|5563|9885|10873|11001|25902|51422|55825|197322,ACSL4|NDUFAB1|PRKAA2|OSBPL2|ME3|SLC27A2|MTHFD1L|PRKAG2|PECR|ACSF3,-0.9907169731803744,0,49,0,0,-4.267008319984659,7.39481409001957,
1,-2.4518614545189203,hsa03320,M1,1,0,KEGG Pathway,24,PPAR signaling pathway,,-2.4518614545189203,4.086607786589763,3.7813862446551476,30230,76,584,6,1.0273972602739727,0.417272989913396,2182|2710|3611|8310|10873|11001,ACSL4|GK|ILK|ACOX3|ME3|SLC27A2,-0.9109339291561157,0,49,0,0,-4.267008319984659,7.39481409001957,
1,-2.260050371975874,R-HSA-75105,M1,1,0,Reactome Gene Sets,6,Fatty acyl-CoA biosynthesis,,-2.260050371975874,5.596075527582377,3.9261794637991274,30230,37,584,4,0.684931506849315,0.341290910327769,2182|9374|11001|197322,ACSL4|PPT2|SLC27A2|ACSF3,-0.7802009674970423,0,49,0,0,-4.267008319984659,7.39481409001957,
1,-2.058546203401666,GO:0046394,M1,1,0,GO Biological Processes,19,carboxylic acid biosynthetic process,19_GO:0009987 cellular process,-2.058546203401666,2.2184442270058713,2.874891895944904,30230,280,584,12,2.0547945205479454,0.5870422605221068,2182|4706|5563|9885|10020|10873|11001|25902|51422|55825|81539|197322,ACSL4|NDUFAB1|PRKAA2|OSBPL2|GNE|ME3|SLC27A2|MTHFD1L|PRKAG2|PECR|SLC38A1|ACSF3,-0.6343481296880842,0,49,0,0,-4.267008319984659,7.39481409001957,
1,-2.024118595952058,GO:0016053,M1,1,0,GO Biological Processes,19,organic acid biosynthetic process,19_GO:0009987 cellular process,-2.024118595952058,2.1949271503945016,2.8346095580653623,30230,283,584,12,2.0547945205479454,0.5870422605221068,2182|4706|5563|9885|10020|10873|11001|25902|51422|55825|81539|197322,ACSL4|NDUFAB1|PRKAA2|OSBPL2|GNE|ME3|SLC27A2|MTHFD1L|PRKAG2|PECR|SLC38A1|ACSF3,-0.6078956898116809,0,49,0,0,-4.267008319984659,7.39481409001957,
1,-4.2561133504852915,R-HSA-3700989,M1,1,0,Reactome Gene Sets,6,Transcriptional Regulation by TP53,,-4.2561133504852915,2.826178948197134,4.809095317702961,30230,348,584,19,3.2534246575342465,0.7341448451657991,1121|2068|2071|2353|2968|4292|4514|5563|5934|6908|7029|10325|11200|27244|51422|64121|79109|192670|253260,CHM|ERCC2|ERCC3|FOS|GTF2H4|MLH1|COX3|PRKAA2|RBL2|TBP|TFDP2|RRAGB|CHEK2|SESN1|PRKAG2|RRAGC|MAPKAP1|AGO4|RICTOR,-2.1856330553703125,0,50,1,1,-4.2561133504852915,2.826178948197134,
1,-4.219885013206768,WP1471,M1,1,0,WikiPathways,27,Target of rapamycin signaling,,-4.219885013206768,8.627283105022833,6.4268187687977,30230,36,584,6,1.0273972602739727,0.417272989913396,5563|10325|51422|64121|79109|253260,PRKAA2|RRAGB|PRKAG2|RRAGC|MAPKAP1|RICTOR,-2.17068528162602,0,51,1,1,-4.219885013206768,15.529109589041099,
1,-3.9054515478890752,WP5500,M1,1,0,WikiPathways,27,Bempedoic acid therapy in atherosclerosis and metabolic syndrome,,-3.9054515478890752,9.954557428872496,6.41111889493459,30230,26,584,5,0.8561643835616438,0.3812457520636574,5563|5602|6300|11001|51422,PRKAA2|MAPK10|MAPK12|SLC27A2|PRKAG2,-1.9398490787108704,0,51,0,0,-4.219885013206768,15.529109589041099,
1,-3.4305787790996067,WP1982,M1,1,0,WikiPathways,27,Sterol regulatory element binding proteins SREBP signaling,,-3.4305787790996067,5.251389716100853,4.962126783859203,30230,69,584,7,1.1986301369863013,0.45031628818687125,5290|5563|6721|23175|23411|51360|51422,PIK3CA|PRKAA2|SREBF2|LPIN1|SIRT1|MBTPS2|PRKAG2,-1.5960825035625454,0,51,0,0,-4.219885013206768,15.529109589041099,
1,-3.109102659106116,R-HSA-2151209,M1,1,0,Reactome Gene Sets,6,Activation of PPARGC1A (PGC-1alpha) by phosphorylation,,-3.109102659106116,15.529109589041099,6.449514615422177,30230,10,584,3,0.5136986301369864,0.2958212874838213,5563|6300|51422,PRKAA2|MAPK12|PRKAG2,-1.3670355221762032,0,51,0,0,-4.219885013206768,15.529109589041099,
1,-2.9769236196546696,R-HSA-5628897,M1,1,0,Reactome Gene Sets,6,TP53 Regulates Metabolic Genes,,-2.9769236196546696,4.418852322084864,4.351042008929286,30230,82,584,7,1.1986301369863013,0.45031628818687125,4514|5563|10325|27244|51422|64121|192670,COX3|PRKAA2|RRAGB|SESN1|PRKAG2|RRAGC|AGO4,-1.2823034864608833,0,51,0,0,-4.219885013206768,15.529109589041099,
1,-2.769642870412249,WP4905,M1,1,0,WikiPathways,27,1q21 1 copy number variation syndrome,,-2.769642870412249,7.668696093353628,4.865562197675781,30230,27,584,4,0.684931506849315,0.341290910327769,5563|9557|51205|51422,PRKAA2|CHD1L|ACP6|PRKAG2,-1.1360463556319487,0,51,0,0,-4.219885013206768,15.529109589041099,
1,-2.740762724488311,hsa04211,M1,1,0,KEGG Pathway,24,Longevity regulating pathway,,-2.740762724488311,4.026065449010654,4.035182759380722,30230,90,584,7,1.1986301369863013,0.45031628818687125,5290|5563|9821|23411|27244|51422|60673,PIK3CA|PRKAA2|RB1CC1|SIRT1|SESN1|PRKAG2|ATG101,-1.1186172508494223,0,51,0,0,-4.219885013206768,15.529109589041099,
1,-2.6514690930611815,R-HSA-380972,M1,1,0,Reactome Gene Sets,6,Energy dependent regulation of mTOR by LKB1-AMPK,,-2.6514690930611815,7.13982050070855,4.642792493670461,30230,29,584,4,0.684931506849315,0.341290910327769,5563|10325|51422|64121,PRKAA2|RRAGB|PRKAG2|RRAGC,-1.0569704391728139,0,51,0,0,-4.219885013206768,15.529109589041099,
1,-2.5626581010972656,GO:0042149,M1,1,0,GO Biological Processes,19,cellular response to glucose starvation,19_GO:0050896 response to stimulus,-2.5626581010972656,5.176369863013698,4.14819916147269,30230,50,584,5,0.8561643835616438,0.3812457520636574,5563|23411|27244|30849|51422,PRKAA2|SIRT1|SESN1|PIK3R4|PRKAG2,-0.9907169731803744,0,51,0,0,-4.219885013206768,15.529109589041099,
1,-2.399490534255,WP5526,M1,1,0,WikiPathways,27,Age related macular degeneration,,-2.399490534255,9.134770346494763,4.7087766795983335,30230,17,584,3,0.5136986301369864,0.2958212874838213,5563|23411|51422,PRKAA2|SIRT1|PRKAG2,-0.8720173089608324,0,51,0,0,-4.219885013206768,15.529109589041099,
1,-2.3938546896941575,hsa04710,M1,1,0,KEGG Pathway,24,Circadian rhythm,,-2.3938546896941575,6.0898468976631746,4.167779468293621,30230,34,584,4,0.684931506849315,0.341290910327769,406|5563|6095|51422,BMAL1|PRKAA2|RORA|PRKAG2,-0.8720173089608324,0,51,0,0,-4.219885013206768,15.529109589041099,
1,-2.1596028263277742,hsa04213,M1,1,0,KEGG Pathway,24,Longevity regulating pathway - multiple species,,-2.1596028263277742,4.174491825011047,3.5118184793492357,30230,62,584,5,0.8561643835616438,0.3812457520636574,3310|5290|5563|23411|51422,HSPA6|PIK3CA|PRKAA2|SIRT1|PRKAG2,-0.702097570603155,0,51,0,0,-4.219885013206768,15.529109589041099,
1,-2.10066656807626,R-HSA-165159,M1,1,0,Reactome Gene Sets,6,MTOR signalling,,-2.10066656807626,5.05011693952556,3.642255344231163,30230,41,584,4,0.684931506849315,0.341290910327769,5563|10325|51422|64121,PRKAA2|RRAGB|PRKAG2|RRAGC,-0.6636507007432527,0,51,0,0,-4.219885013206768,15.529109589041099,
1,-2.0755156377296666,WP4141,M1,1,0,WikiPathways,27,PI3K AKT mTOR vitamin D3 signaling,,-2.0755156377296666,7.058686176836863,3.9899189499904946,30230,22,584,3,0.5136986301369864,0.2958212874838213,5290|5563|6515,PIK3CA|PRKAA2|SLC2A3,-0.645448630351987,0,51,0,0,-4.219885013206768,15.529109589041099,
1,-4.18315182656824,WP5381,M1,1,0,WikiPathways,27,Smith Magenis and Potocki Lupski syndrome copy number variation,,-4.18315182656824,3.9066942362367545,5.157737533331226,30230,159,584,12,2.0547945205479454,0.5870422605221068,406|4289|4615|8100|9821|26160|51422|57560|60673|79018|90410|201163,BMAL1|MKLN1|MYD88|IFT88|RB1CC1|IFT172|PRKAG2|IFT80|ATG101|GID4|IFT20|FLCN,-2.1420699852096714,0,52,1,1,-4.18315182656824,3.9066942362367545,
1,-4.18315182656824,WP437,M1,1,0,WikiPathways,27,EGF EGFR signaling,,-4.18315182656824,3.9066942362367545,5.157737533331226,30230,159,584,12,2.0547945205479454,0.5870422605221068,673|2353|3985|5287|5580|6655|7410|9138|9252|10451|50807|253260,BRAF|FOS|LIMK2|PIK3C2B|PRKCD|SOS2|VAV2|ARHGEF1|RPS6KA5|VAV3|ASAP1|RICTOR,-2.1420699852096714,0,53,1,1,-4.18315182656824,10.352739726027396,
1,-3.991280215512293,GO:0038095,M1,1,0,GO Biological Processes,19,Fc-epsilon receptor signaling pathway,19_GO:0002376 immune system process,-3.991280215512293,10.352739726027396,6.5660576983417815,30230,25,584,5,0.8561643835616438,0.3812457520636574,3551|5602|5609|7410|10451,IKBKB|MAPK10|MAP2K7|VAV2|VAV3,-1.999559988983225,0,53,0,0,-4.18315182656824,10.352739726027396,
1,-3.884536090143142,hsa04666,M1,1,0,KEGG Pathway,24,Fc gamma R-mediated phagocytosis,,-3.884536090143142,4.705790784557908,5.183546314644467,30230,99,584,9,1.5410958904109588,0.509724966965557,3985|5290|5580|5581|5582|7410|10451|50807|57180,LIMK2|PIK3CA|PRKCD|PRKCE|PRKCG|VAV2|VAV3|ASAP1|ACTR3B,-1.9210415599808797,0,53,0,0,-4.18315182656824,10.352739726027396,
1,-3.858555573884643,GO:0038093,M1,1,0,GO Biological Processes,19,Fc receptor signaling pathway,19_GO:0002376 immune system process,-3.858555573884643,6.141455769677269,5.548205252682162,30230,59,584,7,1.1986301369863013,0.45031628818687125,3551|5580|5581|5602|5609|7410|10451,IKBKB|PRKCD|PRKCE|MAPK10|MAP2K7|VAV2|VAV3,-1.9062658553119514,0,53,0,0,-4.18315182656824,10.352739726027396,
1,-3.461020473596122,R-HSA-2871796,M1,1,0,Reactome Gene Sets,6,FCERI mediated MAPK activation,,-3.461020473596122,8.088077910958903,5.630534749114362,30230,32,584,5,0.8561643835616438,0.3812457520636574,2353|5602|5609|7410|10451,FOS|MAPK10|MAP2K7|VAV2|VAV3,-1.611910270395861,0,53,0,0,-4.18315182656824,10.352739726027396,
1,-3.4305787790996067,hsa04664,M1,1,0,KEGG Pathway,24,Fc epsilon RI signaling pathway,,-3.4305787790996067,5.251389716100853,4.962126783859203,30230,69,584,7,1.1986301369863013,0.45031628818687125,5290|5602|5609|6300|6655|7410|10451,PIK3CA|MAPK10|MAP2K7|MAPK12|SOS2|VAV2|VAV3,-1.5960825035625454,0,53,0,0,-4.18315182656824,10.352739726027396,
1,-3.3920152773761427,M81,M1,1,0,Canonical Pathways,11,PID CDC42 PATHWAY,,-3.3920152773761427,5.176369863013698,4.909842561775088,30230,70,584,7,1.1986301369863013,0.45031628818687125,673|3985|5290|5581|5609|7410|8476,BRAF|LIMK2|PIK3CA|PRKCE|MAP2K7|VAV2|CDC42BPA,-1.5701935660436863,0,53,0,0,-4.18315182656824,10.352739726027396,
1,-3.2060930977774436,hsa04660,M1,1,0,KEGG Pathway,24,T cell receptor signaling pathway,,-3.2060930977774436,3.8186335055019085,4.37837377154016,30230,122,584,9,1.5410958904109588,0.509724966965557,2353|3551|5290|5602|5609|6300|6655|7410|10451,FOS|IKBKB|PIK3CA|MAPK10|MAP2K7|MAPK12|SOS2|VAV2|VAV3,-1.4358625514090537,0,53,0,0,-4.18315182656824,10.352739726027396,
1,-3.082468822370979,WP185,M1,1,0,WikiPathways,27,Integrin mediated cell adhesion,,-3.082468822370979,4.05989793177545,4.344673413330788,30230,102,584,8,1.36986301369863,0.48099101587450915,673|827|3611|5602|6300|7410|10451|23473,BRAF|CAPN6|ILK|MAPK10|MAPK12|VAV2|VAV3|CAPN7,-1.3503859063476669,0,53,0,0,-4.18315182656824,10.352739726027396,
1,-3.0402149071374756,GO:0002433,M1,1,0,GO Biological Processes,19,immune response-regulating cell surface receptor signaling pathway involved in phagocytosis,19_GO:0002376 immune system process,-3.0402149071374756,9.002382370458607,5.388460219017145,30230,23,584,4,0.684931506849315,0.341290910327769,5580|5581|7410|10451,PRKCD|PRKCE|VAV2|VAV3,-1.3245955146978263,0,53,0,0,-4.18315182656824,10.352739726027396,
1,-3.0402149071374756,GO:0038096,M1,1,0,GO Biological Processes,19,Fc-gamma receptor signaling pathway involved in phagocytosis,19_GO:0002376 immune system process,-3.0402149071374756,9.002382370458607,5.388460219017145,30230,23,584,4,0.684931506849315,0.341290910327769,5580|5581|7410|10451,PRKCD|PRKCE|VAV2|VAV3,-1.3245955146978263,0,53,0,0,-4.18315182656824,10.352739726027396,
1,-2.8985802501862126,GO:0002431,M1,1,0,GO Biological Processes,19,Fc receptor mediated stimulatory signaling pathway,19_GO:0002376 immune system process,-2.8985802501862126,8.282191780821918,5.112436869188562,30230,25,584,4,0.684931506849315,0.341290910327769,5580|5581|7410|10451,PRKCD|PRKCE|VAV2|VAV3,-1.232314618652544,0,53,0,0,-4.18315182656824,10.352739726027396,
1,-2.595929817179047,M83,M1,1,0,Canonical Pathways,11,PID CDC42 REG PATHWAY,,-2.595929817179047,6.901826484018264,4.539195151104574,30230,30,584,4,0.684931506849315,0.341290910327769,7410|10451|23229|23348,VAV2|VAV3|ARHGEF9|DOCK9,-1.0155788143519715,0,53,0,0,-4.18315182656824,10.352739726027396,
1,-2.4359848408942293,M186,M1,1,0,Canonical Pathways,11,PID PDGFRB PATHWAY,,-2.4359848408942293,3.210151853031751,3.53070773330253,30230,129,584,8,1.36986301369863,0.48099101587450915,673|2353|5290|5580|5581|5602|5609|7410,BRAF|FOS|PIK3CA|PRKCD|PRKCE|MAPK10|MAP2K7|VAV2,-0.8992983391219851,0,53,0,0,-4.18315182656824,10.352739726027396,
1,-2.357429798777093,GO:0006909,M1,1,0,GO Biological Processes,19,phagocytosis,19_GO:0051179 localization,-2.357429798777093,2.87576103500761,3.359835451497921,30230,162,584,9,1.5410958904109588,0.509724966965557,4615|5290|5580|5581|6845|7410|10451|25875|200576,MYD88|PIK3CA|PRKCD|PRKCE|VAMP7|VAV2|VAV3|LETMD1|PIKFYVE,-0.8422322128385874,0,53,0,0,-4.18315182656824,10.352739726027396,
1,-2.303162067975118,GO:0038094,M1,1,0,GO Biological Processes,19,Fc-gamma receptor signaling pathway,19_GO:0002376 immune system process,-2.303162067975118,5.751522070015221,4.003676118934216,30230,36,584,4,0.684931506849315,0.341290910327769,5580|5581|7410|10451,PRKCD|PRKCE|VAV2|VAV3,-0.8067223549656912,0,53,0,0,-4.18315182656824,10.352739726027396,
1,-2.2788709601100945,WP2380,M1,1,0,WikiPathways,27,Brain derived neurotrophic factor BDNF signaling,,-2.2788709601100945,3.022697730226977,3.3303800003257744,30230,137,584,8,1.36986301369863,0.48099101587450915,2562|3551|5563|5580|5602|7410|9252|10451,GABRB3|IKBKB|PRKAA2|PRKCD|MAPK10|VAV2|RPS6KA5|VAV3,-0.788696587632107,0,53,0,0,-4.18315182656824,10.352739726027396,
1,-2.2581094687161003,M273,M1,1,0,Canonical Pathways,11,PID EPHA2 FWD PATHWAY,,-2.2581094687161003,8.173215573179526,4.389786458079658,30230,19,584,3,0.5136986301369864,0.2958212874838213,5290|7410|10451,PIK3CA|VAV2|VAV3,-0.7802009674970423,0,53,0,0,-4.18315182656824,10.352739726027396,
1,-2.1650636219430024,R-HSA-9013404,M1,1,0,Reactome Gene Sets,6,RAC2 GTPase cycle,,-2.1650636219430024,3.5699102503542757,3.3691442667828513,30230,87,584,6,1.0273972602739727,0.417272989913396,5290|7410|10451|23092|81839|143872,PIK3CA|VAV2|VAV3|ARHGAP26|VANGL1|ARHGAP42,-0.7065080767538852,0,53,0,0,-4.18315182656824,10.352739726027396,
1,-2.1386915612527373,WP3937,M1,1,0,WikiPathways,27,Microglia pathogen phagocytosis pathway,,-2.1386915612527373,5.176369863013699,3.709647587530452,30230,40,584,4,0.684931506849315,0.341290910327769,5286|5290|7410|10451,PIK3C2A|PIK3CA|VAV2|VAV3,-0.6874352548051196,0,53,0,0,-4.18315182656824,10.352739726027396,
1,-2.0723304947878103,hsa04662,M1,1,0,KEGG Pathway,24,B cell receptor signaling pathway,,-2.0723304947878103,3.412991118470571,3.2355436415067573,30230,91,584,6,1.0273972602739727,0.417272989913396,2353|3551|5290|6655|7410|10451,FOS|IKBKB|PIK3CA|SOS2|VAV2|VAV3,-0.6444940193071214,0,53,0,0,-4.18315182656824,10.352739726027396,
1,-4.156873567896749,GO:0033687,M1,1,0,GO Biological Processes,19,osteoblast proliferation,19_GO:0009987 cellular process,-4.156873567896749,31.058219178082197,9.434097407181588,30230,5,584,3,0.5136986301369864,0.2958212874838213,3726|57560|80198,JUNB|IFT80|MUS81,-2.1315526318007625,0,54,1,1,-4.156873567896749,31.058219178082197,
1,-4.150150144953152,GO:1903725,M1,1,0,GO Biological Processes,19,regulation of phospholipid metabolic process,19_GO:0050789 regulation of biological process,-4.150150144953152,8.394113291373566,6.316392231453542,30230,37,584,6,1.0273972602739727,0.417272989913396,20|21|5580|23175|23682|66036,ABCA2|ABCA3|PRKCD|LPIN1|RAB38|MTMR9,-2.1267970705550145,0,55,1,1,-4.150150144953152,8.394113291373566,
1,-2.6514690930611815,GO:0034250,M1,1,0,GO Biological Processes,19,positive regulation of amide metabolic process,19_GO:0048518 positive regulation of biological process,-2.6514690930611815,7.13982050070855,4.642792493670461,30230,29,584,4,0.684931506849315,0.341290910327769,20|5580|54704|114134,ABCA2|PRKCD|PDP1|SLC2A13,-1.0569704391728139,0,55,0,0,-4.150150144953152,8.394113291373566,
1,-2.2581094687161003,GO:0071071,M1,1,0,GO Biological Processes,19,regulation of phospholipid biosynthetic process,19_GO:0050789 regulation of biological process,-2.2581094687161003,8.173215573179526,4.389786458079658,30230,19,584,3,0.5136986301369864,0.2958212874838213,20|23175|23682,ABCA2|LPIN1|RAB38,-0.7802009674970423,0,55,0,0,-4.150150144953152,8.394113291373566,
1,-4.142898329590149,GO:0009314,M1,1,0,GO Biological Processes,19,response to radiation,19_GO:0050896 response to stimulus,-4.142898329590149,2.541967343444227,4.615008605469639,30230,448,584,22,3.767123287671233,0.7878802744630862,24|673|1040|1958|2068|2071|2353|3981|5580|5602|5609|11200|23411|29086|51761|51776|54617|84142|84446|90410|92840|440275,ABCA4|BRAF|CDS1|EGR1|ERCC2|ERCC3|FOS|LIG4|PRKCD|MAPK10|MAP2K7|CHEK2|SIRT1|BABAM1|ATP8A2|MAP3K20|INO80|ABRAXAS1|BRSK1|IFT20|REEP6|EIF2AK4,-2.12147117622805,0,56,1,1,-4.142898329590149,4.254550572340027,
1,-3.588813623761682,GO:0009416,M1,1,0,GO Biological Processes,19,response to light stimulus,19_GO:0050896 response to stimulus,-3.588813623761682,2.674719990007078,4.286793449753335,30230,329,584,17,2.910958904109589,0.6956594987008953,24|673|1040|2068|2071|2353|5580|5602|5609|23411|51761|51776|54617|84446|90410|92840|440275,ABCA4|BRAF|CDS1|ERCC2|ERCC3|FOS|PRKCD|MAPK10|MAP2K7|SIRT1|ATP8A2|MAP3K20|INO80|BRSK1|IFT20|REEP6|EIF2AK4,-1.703236510677017,0,56,0,0,-4.142898329590149,4.254550572340027,
1,-2.5401363558371055,GO:0009411,M1,1,0,GO Biological Processes,19,response to UV,19_GO:0050896 response to stimulus,-2.5401363558371055,3.0649558399423213,3.5821465277038578,30230,152,584,9,1.5410958904109588,0.509724966965557,2068|2071|5580|5609|23411|51776|54617|84446|440275,ERCC2|ERCC3|PRKCD|MAP2K7|SIRT1|MAP3K20|INO80|BRSK1|EIF2AK4,-0.9748760997364128,0,56,0,0,-4.142898329590149,4.254550572340027,
1,-2.539507411577212,GO:0071479,M1,1,0,GO Biological Processes,19,cellular response to ionizing radiation,19_GO:0050896 response to stimulus,-2.539507411577212,4.254550572340027,3.907451967994477,30230,73,584,6,1.0273972602739727,0.417272989913396,1958|3981|11200|23411|51776|54617,EGR1|LIG4|CHEK2|SIRT1|MAP3K20|INO80,-0.9748760997364128,0,56,0,0,-4.142898329590149,4.254550572340027,
1,-2.187051617006067,GO:0010212,M1,1,0,GO Biological Processes,19,response to ionizing radiation,19_GO:0050896 response to stimulus,-2.187051617006067,2.9162647115570133,3.212464046132116,30230,142,584,8,1.36986301369863,0.48099101587450915,1958|3981|11200|23411|29086|51776|54617|84142,EGR1|LIG4|CHEK2|SIRT1|BABAM1|MAP3K20|INO80|ABRAXAS1,-0.7242693281678906,0,56,0,0,-4.142898329590149,4.254550572340027,
1,-4.135633482358119,GO:0098657,M1,1,0,GO Biological Processes,19,import into cell,19_GO:0051179 localization,-4.135633482358119,2.1688700543353483,4.442669116682031,30230,716,584,30,5.136986301369863,0.9134741018332575,3769|3988|4615|4642|5286|5290|5580|5581|6515|6533|6845|7410|7867|10079|10239|10451|10479|11001|23032|23428|25875|53944|54497|56262|57030|64924|66036|79874|81539|200576,KCNJ13|LIPA|MYD88|MYO1D|PIK3C2A|PIK3CA|PRKCD|PRKCE|SLC2A3|SLC6A6|VAMP7|VAV2|MAPKAPK3|ATP9A|AP3S2|VAV3|SLC9A6|SLC27A2|USP33|SLC7A8|LETMD1|CSNK1G1|HEATR5B|LRRC8A|SLC17A7|SLC30A5|MTMR9|RABEP2|SLC38A1|PIKFYVE,-2.116123747041742,0,57,1,1,-4.135633482358119,2.1688700543353483,
1,-2.6336431817461925,GO:0006897,M1,1,0,GO Biological Processes,19,endocytosis,19_GO:0051179 localization,-2.6336431817461925,2.0379408909502748,3.3113167410448807,30230,508,584,20,3.4246575342465753,0.7525498597664905,3988|4615|4642|5286|5290|5580|5581|6845|7410|7867|10079|10239|10451|23032|25875|53944|54497|66036|79874|200576,LIPA|MYD88|MYO1D|PIK3C2A|PIK3CA|PRKCD|PRKCE|VAMP7|VAV2|MAPKAPK3|ATP9A|AP3S2|VAV3|USP33|LETMD1|CSNK1G1|HEATR5B|MTMR9|RABEP2|PIKFYVE,-1.042011168509428,0,57,0,0,-4.135633482358119,2.1688700543353483,
1,-4.114787064567096,GO:0005769,M1,1,0,GO Cellular Components,20,early endosome,,-4.114787064567096,2.530669710806697,4.591564191619169,30230,450,584,22,3.767123287671233,0.7878802744630862,3833|4642|9179|9897|10079|10239|10479|23041|23074|23682|27072|55362|79109|79139|79803|79874|91947|115825|124997|142678|200576|219285,KIFC1|MYO1D|AP4M1|WASHC5|ATP9A|AP3S2|SLC9A6|MON2|BLTP3B|RAB38|VPS41|TMEM63B|MAPKAP1|DERL1|HPS6|RABEP2|ARRDC4|WDFY2|WDR81|MIB2|PIKFYVE|SAMD9L,-2.1028634519497413,0,58,1,1,-4.114787064567096,2.530669710806697,
1,-2.0824106236563242,GO:0031901,M1,1,0,GO Cellular Components,20,early endosome membrane,,-2.0824106236563242,2.4532558592481983,2.9731749260997664,30230,211,584,10,1.7123287671232876,0.536829873604794,9897|10079|10479|23041|27072|55362|79109|79803|124997|200576,WASHC5|ATP9A|SLC9A6|MON2|VPS41|TMEM63B|MAPKAP1|HPS6|WDR81|PIKFYVE,-0.6473915160793922,0,58,0,0,-4.114787064567096,2.530669710806697,
1,-4.08126156221775,GO:0051560,M1,1,0,GO Biological Processes,19,mitochondrial calcium ion homeostasis,19_GO:0042592 homeostatic process,-4.08126156221775,10.784103881278538,6.730004097744293,30230,24,584,5,0.8561643835616438,0.3812457520636574,9481|63933|90550|221154|286097,SLC25A27|MCUR1|MCU|MICU2|MICU3,-2.076793831979987,0,59,1,1,-4.08126156221775,25.881849315068497,
1,-4.066493994370855,GO:0036444,M1,1,0,GO Biological Processes,19,calcium import into the mitochondrion,19_GO:0051179 localization,-4.066493994370855,15.927291886195995,7.555484006876285,30230,13,584,4,0.684931506849315,0.341290910327769,63933|90550|221154|286097,MCUR1|MCU|MICU2|MICU3,-2.0693563028094935,0,59,0,0,-4.08126156221775,25.881849315068497,
1,-3.862137817733619,GO:1990246,M1,1,0,GO Cellular Components,20,uniplex complex,,-3.862137817733619,25.881849315068497,8.554951904105012,30230,6,584,3,0.5136986301369864,0.2958212874838213,90550|221154|286097,MCU|MICU2|MICU3,-1.9082061520939508,0,59,0,0,-4.08126156221775,25.881849315068497,
1,-3.257734771088638,GO:0051561,M1,1,0,GO Biological Processes,19,positive regulation of mitochondrial calcium ion concentration,19_GO:0042592 homeostatic process,-3.257734771088638,17.254566210045667,6.845063555625751,30230,9,584,3,0.5136986301369864,0.2958212874838213,63933|90550|221154,MCUR1|MCU|MICU2,-1.4765917289545651,0,59,0,0,-4.08126156221775,25.881849315068497,
1,-3.1970540532447616,GO:0006851,M1,1,0,GO Biological Processes,19,mitochondrial calcium ion transmembrane transport,19_GO:0051179 localization,-3.1970540532447616,9.859752120026092,5.700307784637489,30230,21,584,4,0.684931506849315,0.341290910327769,63933|90550|221154|286097,MCUR1|MCU|MICU2|MICU3,-1.433241768742604,0,59,0,0,-4.08126156221775,25.881849315068497,
1,-2.4775850656192304,R-HSA-8949664,M1,1,0,Reactome Gene Sets,6,Processing of SMDT1,,-2.4775850656192304,9.705693493150687,4.888712675651234,30230,16,584,3,0.5136986301369864,0.2958212874838213,90550|221154|286097,MCU|MICU2|MICU3,-0.9313532459407559,0,59,0,0,-4.08126156221775,25.881849315068497,
1,-2.1180056401274445,GO:0005758,M1,1,0,GO Cellular Components,20,mitochondrial intermembrane space,,-2.1180056401274445,3.4896875480991234,3.3013858367297915,30230,89,584,6,1.0273972602739727,0.417272989913396,4833|26521|131474|153768|221154|286097,NME4|TIMM8B|CHCHD4|PRELID2|MICU2|MICU3,-0.6769684988615129,0,59,0,0,-4.08126156221775,25.881849315068497,
1,-2.0210060625959025,R-HSA-8949215,M1,1,0,Reactome Gene Sets,6,Mitochondrial calcium ion transport,,-2.0210060625959025,6.7517867778439555,3.87300591322591,30230,23,584,3,0.5136986301369864,0.2958212874838213,90550|221154|286097,MCU|MICU2|MICU3,-0.6078956898116809,0,59,0,0,-4.08126156221775,25.881849315068497,
1,-4.067002923027029,GO:0048284,M1,1,0,GO Biological Processes,19,organelle fusion,19_GO:0009987 cellular process,-4.067002923027029,4.096407805262639,5.135497297793187,30230,139,584,11,1.8835616438356164,0.5625412616790831,6845|8677|9927|10451|23400|27072|54974|55669|81554|200576|203062,VAMP7|STX10|MFN2|VAV3|ATP13A2|VPS41|THG1L|MFN1|RCC1L|PIKFYVE|TSNARE1,-2.0693563028094935,0,60,1,1,-4.067002923027029,4.096407805262639,
1,-3.406984274463591,GO:0016050,M1,1,0,GO Biological Processes,19,vesicle organization,19_GO:0009987 cellular process,-3.406984274463591,2.497980094751919,4.085757965131566,30230,373,584,18,3.0821917808219177,0.7151961986636398,5873|6490|6836|6845|8677|9897|10239|10451|23400|23682|27072|57030|58485|79803|80067|84131|200576|203062,RAB27A|PMEL|SURF4|VAMP7|STX10|WASHC5|AP3S2|VAV3|ATP13A2|RAB38|VPS41|SLC17A7|TRAPPC1|HPS6|DCAF17|CEP78|PIKFYVE|TSNARE1,-1.5804519439798794,0,60,0,0,-4.067002923027029,4.096407805262639,
1,-2.386774701387977,GO:0006906,M1,1,0,GO Biological Processes,19,vesicle fusion,19_GO:0051179 localization,-2.386774701387977,3.4840951001053737,3.5616350262804346,30230,104,584,7,1.1986301369863013,0.45031628818687125,6845|8677|10451|23400|27072|200576|203062,VAMP7|STX10|VAV3|ATP13A2|VPS41|PIKFYVE|TSNARE1,-0.8655451506795582,0,60,0,0,-4.067002923027029,4.096407805262639,
1,-2.275368201519378,GO:0090174,M1,1,0,GO Biological Processes,19,organelle membrane fusion,19_GO:0009987 cellular process,-2.275368201519378,3.324274223953751,3.411938414753824,30230,109,584,7,1.1986301369863013,0.45031628818687125,6845|8677|10451|23400|27072|200576|203062,VAMP7|STX10|VAV3|ATP13A2|VPS41|PIKFYVE|TSNARE1,-0.7857589488113096,0,60,0,0,-4.067002923027029,4.096407805262639,
1,-3.987887550892729,GO:0006839,M1,1,0,GO Biological Processes,19,mitochondrial transport,19_GO:0051179 localization,-3.987887550892729,4.852846746575342,5.3066961410191125,30230,96,584,9,1.5410958904109588,0.509724966965557,10948|23456|51522|51660|54978|84266|91137|119559|123096,STARD3|ABCB10|TMEM14C|MPC1|SLC35F6|ALKBH7|SLC25A46|SFXN4|SLC25A29,-1.9979582319815417,0,61,1,1,-3.987887550892729,8.282191780821918,
1,-2.8985802501862126,GO:1990542,M1,1,0,GO Biological Processes,19,mitochondrial transmembrane transport,19_GO:0051179 localization,-2.8985802501862126,8.282191780821918,5.112436869188562,30230,25,584,4,0.684931506849315,0.341290910327769,23456|51660|119559|123096,ABCB10|MPC1|SFXN4|SLC25A29,-1.232314618652544,0,61,0,0,-3.987887550892729,8.282191780821918,
1,-3.927046064143113,GO:0021702,M1,1,0,GO Biological Processes,19,cerebellar Purkinje cell differentiation,19_GO:0032502 developmental process,-3.927046064143113,14.78962818003914,7.24324791008112,30230,14,584,4,0.684931506849315,0.341290910327769,6095|8925|79809|91137,RORA|HERC1|TTC21B|SLC25A46,-1.9563441882535515,0,62,1,1,-3.927046064143113,14.78962818003914,
1,-3.680755898686853,GO:0021694,M1,1,0,GO Biological Processes,19,cerebellar Purkinje cell layer formation,19_GO:0032502 developmental process,-3.680755898686853,12.940924657534246,6.7054680684786225,30230,16,584,4,0.684931506849315,0.341290910327769,6095|8925|79809|91137,RORA|HERC1|TTC21B|SLC25A46,-1.7735676365895108,0,62,0,0,-3.927046064143113,14.78962818003914,
1,-3.608770919057612,GO:0021587,M1,1,0,GO Biological Processes,19,cerebellum morphogenesis,19_GO:0032502 developmental process,-3.608770919057612,6.7517867778439555,5.479343908483241,30230,46,584,6,1.0273972602739727,0.417272989913396,1600|6095|8443|8925|79809|91137,DAB1|RORA|GNPAT|HERC1|TTC21B|SLC25A46,-1.7217860430485568,0,62,0,0,-3.927046064143113,14.78962818003914,
1,-3.4559669458631053,GO:0021575,M1,1,0,GO Biological Processes,19,hindbrain morphogenesis,19_GO:0032502 developmental process,-3.4559669458631053,6.338412077159632,5.249024301287855,30230,49,584,6,1.0273972602739727,0.417272989913396,1600|6095|8443|8925|79809|91137,DAB1|RORA|GNPAT|HERC1|TTC21B|SLC25A46,-1.611910270395861,0,62,0,0,-3.927046064143113,14.78962818003914,
1,-3.2821750978622672,GO:0021692,M1,1,0,GO Biological Processes,19,cerebellar Purkinje cell layer morphogenesis,19_GO:0032502 developmental process,-3.2821750978622672,10.352739726027398,5.8723745199361,30230,20,584,4,0.684931506849315,0.341290910327769,6095|8925|79809|91137,RORA|HERC1|TTC21B|SLC25A46,-1.4898382793213907,0,62,0,0,-3.927046064143113,14.78962818003914,
1,-2.8985802501862126,GO:0021533,M1,1,0,GO Biological Processes,19,cell differentiation in hindbrain,19_GO:0032502 developmental process,-2.8985802501862126,8.282191780821918,5.112436869188562,30230,25,584,4,0.684931506849315,0.341290910327769,6095|8925|79809|91137,RORA|HERC1|TTC21B|SLC25A46,-1.232314618652544,0,62,0,0,-3.927046064143113,14.78962818003914,
1,-2.709313866176973,GO:0021697,M1,1,0,GO Biological Processes,19,cerebellar cortex formation,19_GO:0032502 developmental process,-2.709313866176973,7.39481409001957,4.751430147960187,30230,28,584,4,0.684931506849315,0.341290910327769,6095|8925|79809|91137,RORA|HERC1|TTC21B|SLC25A46,-1.097206267230411,0,62,0,0,-3.927046064143113,14.78962818003914,
1,-2.491143383162605,GO:0021680,M1,1,0,GO Biological Processes,19,cerebellar Purkinje cell layer development,19_GO:0032502 developmental process,-2.491143383162605,6.470462328767123,4.345554411615855,30230,32,584,4,0.684931506849315,0.341290910327769,6095|8925|79809|91137,RORA|HERC1|TTC21B|SLC25A46,-0.9410339084209286,0,62,0,0,-3.927046064143113,14.78962818003914,
1,-2.232721680955755,GO:0021549,M1,1,0,GO Biological Processes,19,cerebellum development,19_GO:0032502 developmental process,-2.232721680955755,3.2643773910897194,3.354480617673574,30230,111,584,7,1.1986301369863013,0.45031628818687125,1600|2562|6095|8443|8925|79809|91137,DAB1|GABRB3|RORA|GNPAT|HERC1|TTC21B|SLC25A46,-0.7586444098423681,0,62,0,0,-3.927046064143113,14.78962818003914,
1,-2.177887150955641,GO:0021696,M1,1,0,GO Biological Processes,19,cerebellar cortex morphogenesis,19_GO:0032502 developmental process,-2.177887150955641,5.309097295398665,3.7793326230631505,30230,39,584,4,0.684931506849315,0.341290910327769,6095|8925|79809|91137,RORA|HERC1|TTC21B|SLC25A46,-0.7176595482764081,0,62,0,0,-3.927046064143113,14.78962818003914,
1,-2.0342704628229478,GO:0022037,M1,1,0,GO Biological Processes,19,metencephalon development,19_GO:0032502 developmental process,-2.0342704628229478,2.9945941356277594,3.0855622947826205,30230,121,584,7,1.1986301369863013,0.45031628818687125,1600|2562|6095|8443|8925|79809|91137,DAB1|GABRB3|RORA|GNPAT|HERC1|TTC21B|SLC25A46,-0.6124945620466771,0,62,0,0,-3.927046064143113,14.78962818003914,
1,-3.9212546570861946,R-HSA-5688426,M1,1,0,Reactome Gene Sets,6,Deubiquitination,,-3.9212546570861946,2.968527520007856,4.636317725584319,30230,279,584,16,2.73972602739726,0.6754837232184769,1540|8850|9817|9960|9986|10454|23032|29086|29761|54617|57559|63891|64750|84142|93973|123228,CYLD|KAT2B|KEAP1|USP3|RCE1|TAB1|USP33|BABAM1|USP25|INO80|STAMBPL1|RNF123|SMURF2|ABRAXAS1|ACTR8|SENP8,-1.9522592450106504,0,63,1,1,-3.9212546570861946,7.963645943097998,
1,-3.478806777247523,GO:0016579,M1,1,0,GO Biological Processes,19,protein deubiquitination,19_GO:0009987 cellular process,-3.478806777247523,4.159582925636007,4.701765520235185,30230,112,584,9,1.5410958904109588,0.509724966965557,1540|9960|23032|29761|57558|57559|80013|84669|123228,CYLD|USP3|USP33|USP25|USP35|STAMBPL1|MINDY3|USP32|SENP8,-1.6178189373983096,0,63,0,0,-3.9212546570861946,7.963645943097998,
1,-2.9847667626048042,GO:0070646,M1,1,0,GO Biological Processes,19,protein modification by small protein removal,19_GO:0009987 cellular process,-2.9847667626048042,3.556284638711701,4.115324505717716,30230,131,584,9,1.5410958904109588,0.509724966965557,1540|9960|23032|29761|57558|57559|80013|84669|123228,CYLD|USP3|USP33|USP25|USP35|STAMBPL1|MINDY3|USP32|SENP8,-1.2823034864608833,0,63,0,0,-3.9212546570861946,7.963645943097998,
1,-2.8326564596309938,GO:0070536,M1,1,0,GO Biological Processes,19,protein K63-linked deubiquitination,19_GO:0009987 cellular process,-2.8326564596309938,7.963645943097998,4.985702804192252,30230,26,584,4,0.684931506849315,0.341290910327769,1540|23032|29761|57559,CYLD|USP33|USP25|STAMBPL1,-1.1869016651706867,0,63,0,0,-3.9212546570861946,7.963645943097998,
1,-3.832209450529903,WP405,M1,1,0,WikiPathways,27,Eukaryotic transcription initiation,,-3.832209450529903,7.394814090019571,5.820638927240304,30230,42,584,6,1.0273972602739727,0.417272989913396,2068|2071|2968|3611|6908|55703,ERCC2|ERCC3|GTF2H4|ILK|TBP|POLR3B,-1.8848086520491922,0,64,1,1,-3.832209450529903,17.254566210045667,
1,-3.4363813188509096,GO:0006351,M1,1,0,GO Biological Processes,19,DNA-templated transcription,19_GO:0009987 cellular process,-3.4363813188509096,2.2640186279582775,4.0123350065209715,30230,503,584,22,3.767123287671233,0.7878802744630862,1052|1958|2068|2071|2353|2968|6837|6908|7290|8850|9439|11189|25819|51043|51106|54617|55703|64121|79736|80314|84275|200316,CEBPD|EGR1|ERCC2|ERCC3|FOS|GTF2H4|MED22|TBP|HIRA|KAT2B|MED23|CELF3|NOCT|ZBTB7B|TFB1M|INO80|POLR3B|RRAGC|TEFM|EPC1|SLC25A33|APOBEC3F,-1.5960825035625454,0,64,0,0,-3.832209450529903,17.254566210045667,
1,-3.257734771088638,CORUM:1036,M1,1,0,CORUM,33,TFIIH transcription factor complex,,-3.257734771088638,17.254566210045667,6.845063555625751,30230,9,584,3,0.5136986301369864,0.2958212874838213,2068|2071|2968,ERCC2|ERCC3|GTF2H4,-1.4765917289545651,0,64,0,0,-3.832209450529903,17.254566210045667,
1,-3.257734771088638,CORUM:107,M1,1,0,CORUM,33,TFIIH transcription factor complex,,-3.257734771088638,17.254566210045667,6.845063555625751,30230,9,584,3,0.5136986301369864,0.2958212874838213,2068|2071|2968,ERCC2|ERCC3|GTF2H4,-1.4765917289545651,0,64,0,0,-3.832209450529903,17.254566210045667,
1,-3.109102659106116,CORUM:1009,M1,1,0,CORUM,33,TFIIH transcription factor complex,,-3.109102659106116,15.529109589041099,6.449514615422177,30230,10,584,3,0.5136986301369864,0.2958212874838213,2068|2071|2968,ERCC2|ERCC3|GTF2H4,-1.3670355221762032,0,64,0,0,-3.832209450529903,17.254566210045667,
1,-3.109102659106116,CORUM:1029,M1,1,0,CORUM,33,TFIIH transcription factor complex,,-3.109102659106116,15.529109589041099,6.449514615422177,30230,10,584,3,0.5136986301369864,0.2958212874838213,2068|2071|2968,ERCC2|ERCC3|GTF2H4,-1.3670355221762032,0,64,0,0,-3.832209450529903,17.254566210045667,
1,-2.9676695656645005,CORUM:103,M1,1,0,CORUM,33,RNA polymerase II holoenzyme complex,,-2.9676695656645005,8.627283105022832,5.246433109697492,30230,24,584,4,0.684931506849315,0.341290910327769,2068|2071|2968|6908,ERCC2|ERCC3|GTF2H4|TBP,-1.2778757117572648,0,64,0,0,-3.832209450529903,17.254566210045667,
1,-2.9046120078000897,GO:0006289,M1,1,0,GO Biological Processes,19,nucleotide-excision repair,19_GO:0050896 response to stimulus,-2.9046120078000897,5.009390190013257,4.435434499870259,30230,62,584,6,1.0273972602739727,0.417272989913396,2068|2071|2968|3981|10463|23411,ERCC2|ERCC3|GTF2H4|LIG4|SLC30A9|SIRT1,-1.232314618652544,0,64,0,0,-3.832209450529903,17.254566210045667,
1,-2.8985802501862126,WP5523,M1,1,0,WikiPathways,27,HINT1 pathway,,-2.8985802501862126,8.282191780821918,5.112436869188562,30230,25,584,4,0.684931506849315,0.341290910327769,2068|2071|2353|2968,ERCC2|ERCC3|FOS|GTF2H4,-1.232314618652544,0,64,0,0,-3.832209450529903,17.254566210045667,
1,-2.8583824460202236,GO:0000439,M1,1,0,GO Cellular Components,20,transcription factor TFIIH core complex,,-2.8583824460202236,12.940924657534248,5.806721331393259,30230,12,584,3,0.5136986301369864,0.2958212874838213,2068|2071|2968,ERCC2|ERCC3|GTF2H4,-1.2054807760445365,0,64,0,0,-3.832209450529903,17.254566210045667,
1,-2.8326564596309938,CORUM:2825,M1,1,0,CORUM,33,BRCA1-RNA polymerase II complex,,-2.8326564596309938,7.963645943097998,4.985702804192252,30230,26,584,4,0.684931506849315,0.341290910327769,2068|2071|2968|6908,ERCC2|ERCC3|GTF2H4|TBP,-1.1869016651706867,0,64,0,0,-3.832209450529903,17.254566210045667,
1,-2.7506904259463174,GO:0005675,M1,1,0,GO Cellular Components,20,transcription factor TFIIH holo complex,,-2.7506904259463174,11.945468914646998,5.540074915320181,30230,13,584,3,0.5136986301369864,0.2958212874838213,2068|2071|2968,ERCC2|ERCC3|GTF2H4,-1.1264339374201604,0,64,0,0,-3.832209450529903,17.254566210045667,
1,-2.6823917814034015,R-HSA-73762,M1,1,0,Reactome Gene Sets,6,RNA Polymerase I Transcription Initiation,,-2.6823917814034015,5.506776450014573,4.339792901236362,30230,47,584,5,0.8561643835616438,0.3812457520636574,2068|2071|2968|6908|8850,ERCC2|ERCC3|GTF2H4|TBP|KAT2B,-1.0784436697751574,0,64,0,0,-3.832209450529903,17.254566210045667,
1,-2.513403063101638,GO:0090575,M1,1,0,GO Cellular Components,20,RNA polymerase II transcription regulator complex,,-2.513403063101638,2.429343257010039,3.35421981505761,30230,277,584,13,2.2260273972602738,0.6104786211136067,406|1052|2068|2071|2353|2968|3726|6773|6778|6837|6908|7029|9439,BMAL1|CEBPD|ERCC2|ERCC3|FOS|GTF2H4|JUNB|STAT2|STAT6|MED22|TBP|TFDP2|MED23,-0.9521150663240587,0,64,0,0,-3.832209450529903,17.254566210045667,
1,-2.491143383162605,R-HSA-73863,M1,1,0,Reactome Gene Sets,6,RNA Polymerase I Transcription Termination,,-2.491143383162605,6.470462328767123,4.345554411615855,30230,32,584,4,0.684931506849315,0.341290910327769,2068|2071|2968|6908,ERCC2|ERCC3|GTF2H4|TBP,-0.9410339084209286,0,64,0,0,-3.832209450529903,17.254566210045667,
1,-2.338529966566983,GO:0006352,M1,1,0,GO Biological Processes,19,DNA-templated transcription initiation,19_GO:0009987 cellular process,-2.338529966566983,2.530669710806697,3.234530074949212,30230,225,584,11,1.8835616438356164,0.5625412616790831,1958|2068|2071|2968|6837|6908|8850|9439|51106|55703|200316,EGR1|ERCC2|ERCC3|GTF2H4|MED22|TBP|KAT2B|MED23|TFB1M|POLR3B|APOBEC3F,-0.8298721883949827,0,64,0,0,-3.832209450529903,17.254566210045667,
1,-2.238391313949093,R-HSA-5696399,M1,1,0,Reactome Gene Sets,6,Global Genome Nucleotide Excision Repair (GG-NER),,-2.238391313949093,3.6974070450097853,3.474613836799336,30230,84,584,6,1.0273972602739727,0.417272989913396,2068|2071|2968|9557|54617|93973,ERCC2|ERCC3|GTF2H4|CHD1L|INO80|ACTR8,-0.7632228500960638,0,64,0,0,-3.832209450529903,17.254566210045667,
1,-2.174305995423308,GO:0006367,M1,1,0,GO Biological Processes,19,transcription initiation at RNA polymerase II promoter,19_GO:0009987 cellular process,-2.174305995423308,2.692909177290363,3.1341455186776264,30230,173,584,9,1.5410958904109588,0.509724966965557,1958|2068|2071|2968|6837|6908|8850|9439|200316,EGR1|ERCC2|ERCC3|GTF2H4|MED22|TBP|KAT2B|MED23|APOBEC3F,-0.7146976146109245,0,64,0,0,-3.832209450529903,17.254566210045667,
1,-2.1596028263277742,R-HSA-6796648,M1,1,0,Reactome Gene Sets,6,TP53 Regulates Transcription of DNA Repair Genes,,-2.1596028263277742,4.174491825011047,3.5118184793492357,30230,62,584,5,0.8561643835616438,0.3812457520636574,2068|2071|2353|2968|4292,ERCC2|ERCC3|FOS|GTF2H4|MLH1,-0.702097570603155,0,64,0,0,-3.832209450529903,17.254566210045667,
1,-2.1329900523897782,GO:0032806,M1,1,0,GO Cellular Components,20,carboxy-terminal domain protein kinase complex,,-2.1329900523897782,7.394814090019571,4.114382439239248,30230,21,584,3,0.5136986301369864,0.2958212874838213,2068|2071|2968,ERCC2|ERCC3|GTF2H4,-0.6869163946108319,0,64,0,0,-3.832209450529903,17.254566210045667,
1,-2.10066656807626,R-HSA-5696400,M1,1,0,Reactome Gene Sets,6,Dual Incision in GG-NER,,-2.10066656807626,5.05011693952556,3.642255344231163,30230,41,584,4,0.684931506849315,0.341290910327769,2068|2071|2968|9557,ERCC2|ERCC3|GTF2H4|CHD1L,-0.6636507007432527,0,64,0,0,-3.832209450529903,17.254566210045667,
1,-2.0278969560672713,R-HSA-5696395,M1,1,0,Reactome Gene Sets,6,Formation of Incision Complex in GG-NER,,-2.0278969560672713,4.815227779547627,3.5138238297216384,30230,43,584,4,0.684931506849315,0.341290910327769,2068|2071|2968|9557,ERCC2|ERCC3|GTF2H4|CHD1L,-0.609489561234585,0,64,0,0,-3.832209450529903,17.254566210045667,
1,-3.8009346073291783,GO:0071277,M1,1,0,GO Biological Processes,19,cellular response to calcium ion,19_GO:0050896 response to stimulus,-3.8009346073291783,5.176369863013699,5.249712865259314,30230,80,584,8,1.36986301369863,0.48099101587450915,673|2353|3726|5311|5563|27132|221154|286097,BRAF|FOS|JUNB|PKD2|PRKAA2|CPNE7|MICU2|MICU3,-1.8628203468698732,0,65,1,1,-3.8009346073291783,5.176369863013699,
1,-3.628527637942457,GO:0071248,M1,1,0,GO Biological Processes,19,cellular response to metal ion,19_GO:0050896 response to stimulus,-3.628527637942457,3.412991118470571,4.582673262412967,30230,182,584,12,2.0547945205479454,0.5870422605221068,673|706|2353|2562|3726|4504|5311|5563|23400|27132|221154|286097,BRAF|TSPO|FOS|GABRB3|JUNB|MT3|PKD2|PRKAA2|ATP13A2|CPNE7|MICU2|MICU3,-1.7346806889766835,0,65,0,0,-3.8009346073291783,5.176369863013699,
1,-3.3894266577858985,GO:0051592,M1,1,0,GO Biological Processes,19,response to calcium ion,19_GO:0050896 response to stimulus,-3.3894266577858985,3.6974070450097845,4.489879372126068,30230,140,584,10,1.7123287671232876,0.536829873604794,673|2353|3726|4547|5311|5563|27132|51542|221154|286097,BRAF|FOS|JUNB|MTTP|PKD2|PRKAA2|CPNE7|VPS54|MICU2|MICU3,-1.5701935660436863,0,65,0,0,-3.8009346073291783,5.176369863013699,
1,-2.8850342777282183,WP2571,M1,1,0,WikiPathways,27,Polycystic kidney disease pathway,,-2.8850342777282183,4.2628928283642225,4.228047812467286,30230,85,584,7,1.1986301369863013,0.45031628818687125,673|2353|3551|5311|5563|51422|81029,BRAF|FOS|IKBKB|PKD2|PRKAA2|PRKAG2|WNT5B,-1.2229892283126613,0,65,0,0,-3.8009346073291783,5.176369863013699,
1,-2.546139224617583,GO:0010038,M1,1,0,GO Biological Processes,19,response to metal ion,19_GO:0050896 response to stimulus,-2.546139224617583,2.2769955409151166,3.3284814388585975,30230,341,584,15,2.5684931506849313,0.6546097839047824,673|706|2353|2562|3726|4504|4547|5311|5563|23400|27132|51542|64924|221154|286097,BRAF|TSPO|FOS|GABRB3|JUNB|MT3|MTTP|PKD2|PRKAA2|ATP13A2|CPNE7|VPS54|SLC30A5|MICU2|MICU3,-0.9767836060919706,0,65,0,0,-3.8009346073291783,5.176369863013699,
1,-3.79902324554911,GO:0043201,M1,1,0,GO Biological Processes,19,response to L-leucine,19_GO:0050896 response to stimulus,-3.79902324554911,13.803652968036529,6.961510562367397,30230,15,584,4,0.684931506849315,0.341290910327769,5290|27244|57559|84861,PIK3CA|SESN1|STAMBPL1|KLHL22,-1.8628203468698732,0,66,1,1,-3.79902324554911,13.803652968036529,
1,-3.3894266577858985,GO:0001101,M1,1,0,GO Biological Processes,19,response to acid chemical,19_GO:0050896 response to stimulus,-3.3894266577858985,3.6974070450097845,4.489879372126068,30230,140,584,10,1.7123287671232876,0.536829873604794,2562|4615|5290|5311|10325|27244|57559|64121|84861|729438,GABRB3|MYD88|PIK3CA|PKD2|RRAGB|SESN1|STAMBPL1|RRAGC|KLHL22|CASTOR2,-1.5701935660436863,0,66,0,0,-3.79902324554911,13.803652968036529,
1,-3.1974968473640133,GO:0071229,M1,1,0,GO Biological Processes,19,cellular response to acid chemical,19_GO:0050896 response to stimulus,-3.1974968473640133,4.225608051439754,4.4889618515171295,30230,98,584,8,1.36986301369863,0.48099101587450915,5290|5311|10325|27244|57559|64121|84861|729438,PIK3CA|PKD2|RRAGB|SESN1|STAMBPL1|RRAGC|KLHL22|CASTOR2,-1.433241768742604,0,66,0,0,-3.79902324554911,13.803652968036529,
1,-3.129963826598588,GO:0043200,M1,1,0,GO Biological Processes,19,response to amino acid,19_GO:0050896 response to stimulus,-3.129963826598588,3.726986301369863,4.287991430784251,30230,125,584,9,1.5410958904109588,0.509724966965557,2562|4615|5290|10325|27244|57559|64121|84861|729438,GABRB3|MYD88|PIK3CA|RRAGB|SESN1|STAMBPL1|RRAGC|KLHL22|CASTOR2,-1.3787103299247567,0,66,0,0,-3.79902324554911,13.803652968036529,
1,-2.8583824460202236,GO:0071233,M1,1,0,GO Biological Processes,19,cellular response to L-leucine,19_GO:0050896 response to stimulus,-2.8583824460202236,12.940924657534248,5.806721331393259,30230,12,584,3,0.5136986301369864,0.2958212874838213,27244|57559|84861,SESN1|STAMBPL1|KLHL22,-1.2054807760445365,0,66,0,0,-3.79902324554911,13.803652968036529,
1,-2.8583824460202236,GO:1990253,M1,1,0,GO Biological Processes,19,cellular response to leucine starvation,19_GO:0050896 response to stimulus,-2.8583824460202236,12.940924657534248,5.806721331393259,30230,12,584,3,0.5136986301369864,0.2958212874838213,10325|26001|27244,RRAGB|RNF167|SESN1,-1.2054807760445365,0,66,0,0,-3.79902324554911,13.803652968036529,
1,-2.1180056401274445,GO:0071230,M1,1,0,GO Biological Processes,19,cellular response to amino acid stimulus,19_GO:0050896 response to stimulus,-2.1180056401274445,3.4896875480991234,3.3013858367297915,30230,89,584,6,1.0273972602739727,0.417272989913396,10325|27244|57559|64121|84861|729438,RRAGB|SESN1|STAMBPL1|RRAGC|KLHL22|CASTOR2,-0.6769684988615129,0,66,0,0,-3.79902324554911,13.803652968036529,
1,-3.7170441124462426,GO:0051604,M1,1,0,GO Biological Processes,19,protein maturation,19_GO:0009987 cellular process,-3.7170441124462426,2.2273536415721593,4.192644295590113,30230,581,584,25,4.280821917808219,0.8376385138868881,1718|3310|3551|4285|4706|5824|8850|8882|9986|23555|23761|26160|51107|51360|51601|54916|63891|64924|65258|79591|84302|91419|93183|128869|131474,DHCR24|HSPA6|IKBKB|MIPEP|NDUFAB1|PEX19|KAT2B|ZPR1|RCE1|TSPAN15|PISD|IFT172|APH1A|MBTPS2|LIPT1|TMEM260|RNF123|SLC30A5|MPPE1|ARMH3|PGAP4|ATP23|PIGM|PIGU|CHCHD4,-1.7978745530657863,0,67,1,1,-3.7170441124462426,2.2273536415721593,
1,-3.66238693750178,hsa02010,M1,1,0,KEGG Pathway,24,ABC transporters,,-3.66238693750178,6.901826484018266,5.560737130846804,30230,45,584,6,1.0273972602739727,0.417272989913396,20|21|22|24|23456|23461,ABCA2|ABCA3|ABCB7|ABCA4|ABCB10|ABCA5,-1.7610676090685358,0,68,1,1,-3.66238693750178,11.503044140030442,
1,-3.468435480863046,R-HSA-1369062,M1,1,0,Reactome Gene Sets,6,ABC transporters in lipid homeostasis,,-3.468435480863046,11.503044140030442,6.256003267892596,30230,18,584,4,0.684931506849315,0.341290910327769,20|21|5824|23461,ABCA2|ABCA3|PEX19|ABCA5,-1.6127278821292654,0,68,0,0,-3.66238693750178,11.503044140030442,
1,-3.446753744071932,R-HSA-382556,M1,1,0,Reactome Gene Sets,6,ABC-family proteins mediated transport,,-3.446753744071932,4.601217656012176,4.802133874225609,30230,90,584,8,1.36986301369863,0.48099101587450915,20|21|22|24|5824|23456|23461|79139,ABCA2|ABCA3|ABCB7|ABCA4|PEX19|ABCB10|ABCA5|DERL1,-1.6039725305549302,0,68,0,0,-3.66238693750178,11.503044140030442,
1,-3.6500338247473403,GO:0032535,M1,1,0,GO Biological Processes,19,regulation of cellular component size,19_GO:0065007 biological regulation,-3.6500338247473403,2.6172656610743417,4.3081908873556864,30230,356,584,18,3.0821917808219177,0.7151961986636398,1185|4504|5290|5580|5581|5587|7410|9821|9897|10451|23038|23400|29882|56262|80128|91663|140469|253260,CLCN6|MT3|PIK3CA|PRKCD|PRKCE|PRKD1|VAV2|RB1CC1|WASHC5|VAV3|WDTC1|ATP13A2|ANAPC2|LRRC8A|TRIM46|MYADM|MYO3B|RICTOR,-1.7516194869575032,0,69,1,1,-3.6500338247473403,2.924502747465366,
1,-2.974721865617186,GO:0090066,M1,1,0,GO Biological Processes,19,regulation of anatomical structure size,19_GO:0065007 biological regulation,-2.974721865617186,2.1314464141821112,3.6168453344543976,30230,510,584,21,3.595890410958904,0.7704502033461142,1185|4504|5286|5290|5580|5581|5587|7410|8850|9821|9897|10451|23038|23400|29882|56262|80128|91663|140469|143872|253260,CLCN6|MT3|PIK3C2A|PIK3CA|PRKCD|PRKCE|PRKD1|VAV2|KAT2B|RB1CC1|WASHC5|VAV3|WDTC1|ATP13A2|ANAPC2|LRRC8A|TRIM46|MYADM|MYO3B|ARHGAP42|RICTOR,-1.2813313494815184,0,69,0,0,-3.6500338247473403,2.924502747465366,
1,-2.6142298490948694,GO:0008361,M1,1,0,GO Biological Processes,19,regulation of cell size,19_GO:0065007 biological regulation,-2.6142298490948694,2.924502747465366,3.604097362441166,30230,177,584,10,1.7123287671232876,0.536829873604794,1185|4504|5587|7410|9821|10451|23038|29882|56262|80128,CLCN6|MT3|PRKD1|VAV2|RB1CC1|VAV3|WDTC1|ANAPC2|LRRC8A|TRIM46,-1.0268626277265378,0,69,0,0,-3.6500338247473403,2.924502747465366,
1,-3.6482537373667863,GO:0045444,M1,1,0,GO Biological Processes,19,fat cell differentiation,19_GO:0032502 developmental process,-3.6482537373667863,3.9818229715489983,4.78195567515452,30230,130,584,10,1.7123287671232876,0.536829873604794,1052|1959|6041|23411|26580|64318|81029|83862|123016|160897,CEBPD|EGR2|RNASEL|SIRT1|BSCL2|NOC3L|WNT5B|TMEM120A|TTC8|GPR180,-1.7512846404511302,0,70,1,1,-3.6482537373667863,3.9818229715489983,
1,-2.9847667626048042,WP236,M1,1,0,WikiPathways,27,Adipogenesis,,-2.9847667626048042,3.556284638711701,4.115324505717716,30230,131,584,9,1.5410958904109588,0.509724966965557,1052|1959|5934|6095|6773|6778|23175|26580|81029,CEBPD|EGR2|RBL2|RORA|STAT2|STAT6|LPIN1|BSCL2|WNT5B,-1.2823034864608833,0,70,0,0,-3.6482537373667863,3.9818229715489983,
1,-3.6253879461990413,GO:2000671,M1,1,0,GO Biological Processes,19,regulation of motor neuron apoptotic process,19_GO:0050789 regulation of biological process,-3.6253879461990413,22.184442270058714,7.867423538787593,30230,7,584,3,0.5136986301369864,0.2958212874838213,5609|8882|51542,MAP2K7|ZPR1|VPS54,-1.7341521930363277,0,71,1,1,-3.6253879461990413,22.184442270058714,
1,-2.399490534255,GO:0051403,M1,1,0,GO Biological Processes,19,stress-activated MAPK cascade,19_GO:0050896 response to stimulus,-2.399490534255,9.134770346494763,4.7087766795983335,30230,17,584,3,0.5136986301369864,0.2958212874838213,3551|5609|51776,IKBKB|MAP2K7|MAP3K20,-0.8720173089608324,0,71,0,0,-3.6253879461990413,22.184442270058714,
1,-2.1937357974879457,GO:0031098,M1,1,0,GO Biological Processes,19,stress-activated protein kinase signaling cascade,19_GO:0050896 response to stimulus,-2.1937357974879457,7.764554794520549,4.247311523436024,30230,20,584,3,0.5136986301369864,0.2958212874838213,3551|5609|51776,IKBKB|MAP2K7|MAP3K20,-0.726685223857096,0,71,0,0,-3.6253879461990413,22.184442270058714,
1,-3.5679081389871747,hsa04142,M1,1,0,KEGG Pathway,24,Lysosome,,-3.5679081389871747,3.892007415799773,4.691361293319725,30230,133,584,10,1.7123287671232876,0.536829873604794,20|1519|1657|3988|9179|9374|10239|11154|26503|51172,ABCA2|CTSO|DMXL1|LIPA|AP4M1|PPT2|AP3S2|AP4S1|SLC17A5|NAGPA,-1.6882678941020939,0,72,1,1,-3.5679081389871747,4.929876060013046,
1,-2.0637532363188136,GO:0030119,M1,1,0,GO Cellular Components,20,AP-type membrane coat adaptor complex,,-2.0637532363188136,4.929876060013046,3.57702182614533,30230,42,584,4,0.684931506849315,0.341290910327769,9179|10239|11154|27072,AP4M1|AP3S2|AP4S1|VPS41,-0.6385824981854372,0,72,0,0,-3.5679081389871747,4.929876060013046,
1,-3.5279012311089395,GO:0006505,M1,1,0,GO Biological Processes,19,GPI anchor metabolic process,19_GO:0009987 cellular process,-3.5279012311089395,8.348983650022094,5.7457550673388855,30230,31,584,5,0.8561643835616438,0.3812457520636574,64924|65258|84302|93183|128869,SLC30A5|MPPE1|PGAP4|PIGM|PIGU,-1.6602215102952709,0,73,1,1,-3.5279012311089395,8.348983650022094,
1,-3.5279012311089395,GO:0006506,M1,1,0,GO Biological Processes,19,GPI anchor biosynthetic process,19_GO:0009987 cellular process,-3.5279012311089395,8.348983650022094,5.7457550673388855,30230,31,584,5,0.8561643835616438,0.3812457520636574,64924|65258|84302|93183|128869,SLC30A5|MPPE1|PGAP4|PIGM|PIGU,-1.6602215102952709,0,73,0,0,-3.5279012311089395,8.348983650022094,
1,-3.5279012311089395,GO:0180046,M1,1,0,GO Biological Processes,19,GPI anchored protein biosynthesis,19_GO:0009987 cellular process,-3.5279012311089395,8.348983650022094,5.7457550673388855,30230,31,584,5,0.8561643835616438,0.3812457520636574,64924|65258|84302|93183|128869,SLC30A5|MPPE1|PGAP4|PIGM|PIGU,-1.6602215102952709,0,73,0,0,-3.5279012311089395,8.348983650022094,
1,-3.0354461757108435,GO:0006643,M1,1,0,GO Biological Processes,19,membrane lipid metabolic process,19_GO:0009987 cellular process,-3.0354461757108435,2.930020677177566,3.9579862156942607,30230,212,584,12,2.0547945205479454,0.5870422605221068,20|5587|8439|9517|51542|55852|64924|65258|83723|84302|93183|128869,ABCA2|PRKD1|NSMAF|SPTLC2|VPS54|TEX2|SLC30A5|MPPE1|TLCD3B|PGAP4|PIGM|PIGU,-1.3207760612052133,0,73,0,0,-3.5279012311089395,8.348983650022094,
1,-2.6180437193115607,GO:0046467,M1,1,0,GO Biological Processes,19,membrane lipid biosynthetic process,19_GO:0009987 cellular process,-2.6180437193115607,3.1477924842650866,3.6762503958670214,30230,148,584,9,1.5410958904109588,0.509724966965557,20|5587|9517|64924|65258|83723|84302|93183|128869,ABCA2|PRKD1|SPTLC2|SLC30A5|MPPE1|TLCD3B|PGAP4|PIGM|PIGU,-1.0299686013204763,0,73,0,0,-3.5279012311089395,8.348983650022094,
1,-2.595929817179047,hsa00563,M1,1,0,KEGG Pathway,24,Glycosylphosphatidylinositol (GPI)-anchor biosynthesis,,-2.595929817179047,6.901826484018264,4.539195151104574,30230,30,584,4,0.684931506849315,0.341290910327769,65258|84302|93183|128869,MPPE1|PGAP4|PIGM|PIGU,-1.0155788143519715,0,73,0,0,-3.5279012311089395,8.348983650022094,
1,-2.18913192706856,GO:0009247,M1,1,0,GO Biological Processes,19,glycolipid biosynthetic process,19_GO:0009987 cellular process,-2.18913192706856,3.6114208346607204,3.403775527782426,30230,86,584,6,1.0273972602739727,0.417272989913396,9517|64924|65258|84302|93183|128869,SPTLC2|SLC30A5|MPPE1|PGAP4|PIGM|PIGU,-0.7247539432990371,0,73,0,0,-3.5279012311089395,8.348983650022094,
1,-2.1504922381601745,GO:0006664,M1,1,0,GO Biological Processes,19,glycolipid metabolic process,19_GO:0009987 cellular process,-2.1504922381601745,3.150833829660512,3.2433932374266066,30230,115,584,7,1.1986301369863013,0.45031628818687125,20|9517|64924|65258|84302|93183|128869,ABCA2|SPTLC2|SLC30A5|MPPE1|PGAP4|PIGM|PIGU,-0.6956016470574627,0,73,0,0,-3.5279012311089395,8.348983650022094,
1,-2.1305461737537543,GO:1903509,M1,1,0,GO Biological Processes,19,liposaccharide metabolic process,19_GO:0009987 cellular process,-2.1305461737537543,3.1236714690599903,3.2163800949891703,30230,116,584,7,1.1986301369863013,0.45031628818687125,20|9517|64924|65258|84302|93183|128869,ABCA2|SPTLC2|SLC30A5|MPPE1|PGAP4|PIGM|PIGU,-0.6869163946108319,0,73,0,0,-3.5279012311089395,8.348983650022094,
1,-3.5098207459939332,GO:0051058,M1,1,0,GO Biological Processes,19,negative regulation of small GTPase mediated signal transduction,19_GO:0048519 negative regulation of biological process,-3.5098207459939332,5.408147618074013,5.069808154068241,30230,67,584,7,1.1986301369863013,0.45031628818687125,5922|7126|9927|22821|79109|143872|201163,RASA2|TNFAIP1|MFN2|RASA3|MAPKAP1|ARHGAP42|FLCN,-1.6434876758155368,0,74,1,1,-3.5098207459939332,8.282191780821918,
1,-2.8985802501862126,GO:0046580,M1,1,0,GO Biological Processes,19,negative regulation of Ras protein signal transduction,19_GO:0048519 negative regulation of biological process,-2.8985802501862126,8.282191780821918,5.112436869188562,30230,25,584,4,0.684931506849315,0.341290910327769,5922|9927|22821|79109,RASA2|MFN2|RASA3|MAPKAP1,-1.232314618652544,0,74,0,0,-3.5098207459939332,8.282191780821918,
1,-2.3814768477237593,GO:0046578,M1,1,0,GO Biological Processes,19,regulation of Ras protein signal transduction,19_GO:0050896 response to stimulus,-2.3814768477237593,4.705790784557907,3.860769414768153,30230,55,584,5,0.8561643835616438,0.3812457520636574,5922|9927|22821|79109|201163,RASA2|MFN2|RASA3|MAPKAP1|FLCN,-0.8608542775221155,0,74,0,0,-3.5098207459939332,8.282191780821918,
1,-3.4575916470087797,GO:1902600,M1,1,0,GO Biological Processes,19,proton transmembrane transport,19_GO:0051179 localization,-3.4575916470087797,3.26928622927181,4.404041226097599,30230,190,584,12,2.0547945205479454,0.5870422605221068,1186|4508|4514|4540|4541|9016|9481|10479|26503|57030|90423|340061,CLCN7|ATP6|COX3|ND5|ND6|SLC25A14|SLC25A27|SLC9A6|SLC17A5|SLC17A7|ATP6V1E2|STING1,-1.611910270395861,0,75,1,1,-3.4575916470087797,3.3612791318270765,
1,-3.0660138436249844,GO:0015698,M1,1,0,GO Biological Processes,19,inorganic anion transport,19_GO:0051179 localization,-3.0660138436249844,3.3612791318270765,4.123185871419859,30230,154,584,10,1.7123287671232876,0.536829873604794,706|1185|1186|1468|2562|9016|9213|9481|56262|57030,TSPO|CLCN6|CLCN7|SLC25A10|GABRB3|SLC25A14|XPR1|SLC25A27|LRRC8A|SLC17A7,-1.3378612212301049,0,75,0,0,-3.4575916470087797,3.3612791318270765,
1,-2.5411864380247375,GO:0006821,M1,1,0,GO Biological Processes,19,chloride transport,19_GO:0051179 localization,-2.5411864380247375,3.339593460008838,3.6640380440470404,30230,124,584,8,1.36986301369863,0.48099101587450915,706|1185|1186|2562|9016|9481|56262|57030,TSPO|CLCN6|CLCN7|GABRB3|SLC25A14|SLC25A27|LRRC8A|SLC17A7,-0.9752105601505059,0,75,0,0,-3.4575916470087797,3.3612791318270765,
1,-2.521107851533106,GO:0006820,M1,1,0,GO Biological Processes,19,monoatomic anion transport,19_GO:0051179 localization,-2.521107851533106,3.0449234488315873,3.5591047828931774,30230,153,584,9,1.5410958904109588,0.509724966965557,706|1185|1186|2562|9016|9481|26503|56262|57030,TSPO|CLCN6|CLCN7|GABRB3|SLC25A14|SLC25A27|SLC17A5|LRRC8A|SLC17A7,-0.9584856156664622,0,75,0,0,-3.4575916470087797,3.3612791318270765,
1,-2.1911089333302196,GO:1902476,M1,1,0,GO Biological Processes,19,chloride transmembrane transport,19_GO:0051179 localization,-2.1911089333302196,3.206600800096981,3.298317053974145,30230,113,584,7,1.1986301369863013,0.45031628818687125,1185|1186|2562|9016|9481|56262|57030,CLCN6|CLCN7|GABRB3|SLC25A14|SLC25A27|LRRC8A|SLC17A7,-0.7247539432990371,0,75,0,0,-3.4575916470087797,3.3612791318270765,
1,-3.4559669458631053,M136,M1,1,0,Canonical Pathways,11,PID FOXO PATHWAY,,-3.4559669458631053,6.338412077159632,5.249024301287855,30230,49,584,6,1.0273972602739727,0.417272989913396,3551|5602|5934|8850|23411|53944,IKBKB|MAPK10|RBL2|KAT2B|SIRT1|CSNK1G1,-1.611910270395861,0,76,1,1,-3.4559669458631053,6.338412077159632,
1,-3.414188258860853,GO:0006865,M1,1,0,GO Biological Processes,19,amino acid transport,19_GO:0051179 localization,-3.414188258860853,3.724007095693308,4.51785809844769,30230,139,584,10,1.7123287671232876,0.536829873604794,6533|23428|26503|51542|55238|56262|57030|81539|119559|123096,SLC6A6|SLC7A8|SLC17A5|VPS54|SLC38A7|LRRC8A|SLC17A7|SLC38A1|SFXN4|SLC25A29,-1.58508726308814,0,77,1,1,-3.414188258860853,8.627283105022833,
1,-3.08895265055309,GO:0015849,M1,1,0,GO Biological Processes,19,organic acid transport,19_GO:0051179 localization,-3.08895265055309,2.588184931506849,3.8801061041334255,30230,300,584,15,2.5684931506849313,0.6546097839047824,1468|5375|6533|10478|11001|23428|26503|51542|51660|55238|56262|57030|81539|116362|123096,SLC25A10|PMP2|SLC6A6|SLC25A17|SLC27A2|SLC7A8|SLC17A5|VPS54|MPC1|SLC38A7|LRRC8A|SLC17A7|SLC38A1|RBP7|SLC25A29,-1.3538984950140125,0,77,0,0,-3.414188258860853,8.627283105022833,
1,-3.08895265055309,GO:0046942,M1,1,0,GO Biological Processes,19,carboxylic acid transport,19_GO:0051179 localization,-3.08895265055309,2.588184931506849,3.8801061041334255,30230,300,584,15,2.5684931506849313,0.6546097839047824,1468|5375|6533|10478|11001|23428|26503|51542|51660|55238|56262|57030|81539|116362|123096,SLC25A10|PMP2|SLC6A6|SLC25A17|SLC27A2|SLC7A8|SLC17A5|VPS54|MPC1|SLC38A7|LRRC8A|SLC17A7|SLC38A1|RBP7|SLC25A29,-1.3538984950140125,0,77,0,0,-3.414188258860853,8.627283105022833,
1,-2.958076938078883,GO:0015711,M1,1,0,GO Biological Processes,19,organic anion transport,19_GO:0051179 localization,-2.958076938078883,2.2836925866236903,3.664021331977457,30230,408,584,18,3.0821917808219177,0.7151961986636398,1468|4547|5375|6515|6533|10478|11001|23428|26503|51542|51660|55238|56262|57030|81539|114789|116362|123096,SLC25A10|MTTP|PMP2|SLC2A3|SLC6A6|SLC25A17|SLC27A2|SLC7A8|SLC17A5|VPS54|MPC1|SLC38A7|LRRC8A|SLC17A7|SLC38A1|SLC25A25|RBP7|SLC25A29,-1.2709611675720944,0,77,0,0,-3.414188258860853,8.627283105022833,
1,-2.491143383162605,R-HSA-352230,M1,1,0,Reactome Gene Sets,6,Amino acid transport across the plasma membrane,,-2.491143383162605,6.470462328767123,4.345554411615855,30230,32,584,4,0.684931506849315,0.341290910327769,6533|23428|81539|123096,SLC6A6|SLC7A8|SLC38A1|SLC25A29,-0.9410339084209286,0,77,0,0,-3.414188258860853,8.627283105022833,
1,-2.409920950035063,GO:0003333,M1,1,0,GO Biological Processes,19,amino acid transmembrane transport,19_GO:0051179 localization,-2.409920950035063,3.517921266125814,3.592676193719232,30230,103,584,7,1.1986301369863013,0.45031628818687125,6533|23428|55238|56262|57030|81539|123096,SLC6A6|SLC7A8|SLC38A7|LRRC8A|SLC17A7|SLC38A1|SLC25A29,-0.8782407801487248,0,77,0,0,-3.414188258860853,8.627283105022833,
1,-2.3265293461569967,GO:0032328,M1,1,0,GO Biological Processes,19,alanine transport,19_GO:0051179 localization,-2.3265293461569967,8.627283105022833,4.543093163657457,30230,18,584,3,0.5136986301369864,0.2958212874838213,6533|23428|81539,SLC6A6|SLC7A8|SLC38A1,-0.8219825674080725,0,77,0,0,-3.414188258860853,8.627283105022833,
1,-2.260050371975874,R-HSA-9958863,M1,1,0,Reactome Gene Sets,6,SLC-mediated transport of amino acids,,-2.260050371975874,5.596075527582377,3.9261794637991274,30230,37,584,4,0.684931506849315,0.341290910327769,6533|23428|81539|123096,SLC6A6|SLC7A8|SLC38A1|SLC25A29,-0.7802009674970423,0,77,0,0,-3.414188258860853,8.627283105022833,
1,-2.241584129206458,GO:1905039,M1,1,0,GO Biological Processes,19,carboxylic acid transmembrane transport,19_GO:0051179 localization,-2.241584129206458,2.979205676554647,3.2825796997566967,30230,139,584,8,1.36986301369863,0.48099101587450915,1468|23428|26503|51660|56262|57030|81539|123096,SLC25A10|SLC7A8|SLC17A5|MPC1|LRRC8A|SLC17A7|SLC38A1|SLC25A29,-0.7658690391240548,0,77,0,0,-3.414188258860853,8.627283105022833,
1,-2.141357699173928,GO:0010232,M1,1,0,GO Biological Processes,19,vascular transport,19_GO:0051179 localization,-2.141357699173928,3.5293430884184316,3.3350189618280246,30230,88,584,6,1.0273972602739727,0.417272989913396,20|6515|6533|23428|81539|114134,ABCA2|SLC2A3|SLC6A6|SLC7A8|SLC38A1|SLC2A13,-0.689066125294705,0,77,0,0,-3.414188258860853,8.627283105022833,
1,-2.141357699173928,GO:0150104,M1,1,0,GO Biological Processes,19,transport across blood-brain barrier,19_GO:0051179 localization,-2.141357699173928,3.5293430884184316,3.3350189618280246,30230,88,584,6,1.0273972602739727,0.417272989913396,20|6515|6533|23428|81539|114134,ABCA2|SLC2A3|SLC6A6|SLC7A8|SLC38A1|SLC2A13,-0.689066125294705,0,77,0,0,-3.414188258860853,8.627283105022833,
1,-2.121246073981517,R-HSA-425407,M1,1,0,Reactome Gene Sets,6,SLC-mediated transmembrane transport,,-2.121246073981517,2.3626584436991984,2.9809164424205017,30230,241,584,11,1.8835616438356164,0.5625412616790831,1468|6515|6533|10479|23428|26503|57030|64924|81539|114134|123096,SLC25A10|SLC2A3|SLC6A6|SLC9A6|SLC7A8|SLC17A5|SLC17A7|SLC30A5|SLC38A1|SLC2A13|SLC25A29,-0.6786913033952159,0,77,0,0,-3.414188258860853,8.627283105022833,
1,-3.4140801921195085,WP35,M1,1,0,WikiPathways,27,G protein signaling,,-3.4140801921195085,4.550654824627427,4.761019861643837,30230,91,584,8,1.36986301369863,0.48099101587450915,5137|5580|5581|5582|5587|9138|9465|9630,PDE1C|PRKCD|PRKCE|PRKCG|PRKD1|ARHGEF1|AKAP7|GNA14,-1.58508726308814,0,78,1,1,-3.4140801921195085,8.282191780821918,
1,-2.8985802501862126,WP5501,M1,1,0,WikiPathways,27,GNAQ p R183Q drives capillary malformation,,-2.8985802501862126,8.282191780821918,5.112436869188562,30230,25,584,4,0.684931506849315,0.341290910327769,5580|5581|5582|5587,PRKCD|PRKCE|PRKCG|PRKD1,-1.232314618652544,0,78,0,0,-3.4140801921195085,8.282191780821918,
1,-2.8573187155750626,M238,M1,1,0,Canonical Pathways,11,PID THROMBIN PAR1 PATHWAY,,-2.8573187155750626,6.019034724434532,4.6225297245580315,30230,43,584,5,0.8561643835616438,0.3812457520636574,5290|5580|5582|9138|9630,PIK3CA|PRKCD|PRKCG|ARHGEF1|GNA14,-1.2052387951007488,0,78,0,0,-3.4140801921195085,8.282191780821918,
1,-2.797431742268183,M15,M1,1,0,Canonical Pathways,11,PID LYSOPHOSPHOLIPID PATHWAY,,-2.797431742268183,4.7781875658588,4.279803106376278,30230,65,584,6,1.0273972602739727,0.417272989913396,2353|5580|5581|5587|9138|9630,FOS|PRKCD|PRKCE|PRKD1|ARHGEF1|GNA14,-1.1566959793475304,0,78,0,0,-3.4140801921195085,8.282191780821918,
1,-2.4518614545189203,WP4341,M1,1,0,WikiPathways,27,Non genomic actions of 1 25 dihydroxyvitamin D3,,-2.4518614545189203,4.086607786589763,3.7813862446551476,30230,76,584,6,1.0273972602739727,0.417272989913396,3551|5580|5581|5582|6300|6773,IKBKB|PRKCD|PRKCE|PRKCG|MAPK12|STAT2,-0.9109339291561157,0,78,0,0,-3.4140801921195085,8.282191780821918,
1,-2.347680437520558,M99,M1,1,0,Canonical Pathways,11,PID TXA2PATHWAY,,-2.347680437520558,4.62175880626223,3.807433765077879,30230,56,584,5,0.8561643835616438,0.3812457520636574,5580|5581|5582|9138|9630,PRKCD|PRKCE|PRKCG|ARHGEF1|GNA14,-0.8366559260694505,0,78,0,0,-3.4140801921195085,8.282191780821918,
1,-2.2581094687161003,GO:0014072,M1,1,0,GO Biological Processes,19,response to isoquinoline alkaloid,19_GO:0050896 response to stimulus,-2.2581094687161003,8.173215573179526,4.389786458079658,30230,19,584,3,0.5136986301369864,0.2958212874838213,2562|5581|5582,GABRB3|PRKCE|PRKCG,-0.7802009674970423,0,78,0,0,-3.4140801921195085,8.282191780821918,
1,-2.2581094687161003,GO:0043278,M1,1,0,GO Biological Processes,19,response to morphine,19_GO:0050896 response to stimulus,-2.2581094687161003,8.173215573179526,4.389786458079658,30230,19,584,3,0.5136986301369864,0.2958212874838213,2562|5581|5582,GABRB3|PRKCE|PRKCG,-0.7802009674970423,0,78,0,0,-3.4140801921195085,8.282191780821918,
1,-2.177887150955641,WP4871,M1,1,0,WikiPathways,27,Kisspeptin kisspeptin receptor system in the ovary,,-2.177887150955641,5.309097295398665,3.7793326230631505,30230,39,584,4,0.684931506849315,0.341290910327769,5290|5580|5581|5582,PIK3CA|PRKCD|PRKCE|PRKCG,-0.7176595482764081,0,78,0,0,-3.4140801921195085,8.282191780821918,
1,-2.1304858723921587,M8,M1,1,0,Canonical Pathways,11,PID ENDOTHELIN PATHWAY,,-2.1304858723921587,4.108230050010872,3.4661921122612265,30230,63,584,5,0.8561643835616438,0.3812457520636574,2353|5580|5581|5582|9630,FOS|PRKCD|PRKCE|PRKCG|GNA14,-0.6869163946108319,0,78,0,0,-3.4140801921195085,8.282191780821918,
1,-2.0278969560672713,R-HSA-1489509,M1,1,0,Reactome Gene Sets,6,DAG and IP3 signaling,,-2.0278969560672713,4.815227779547627,3.5138238297216384,30230,43,584,4,0.684931506849315,0.341290910327769,5137|5580|5581|5582,PDE1C|PRKCD|PRKCE|PRKCG,-0.609489561234585,0,78,0,0,-3.4140801921195085,8.282191780821918,
1,-3.4075208320549004,GO:0045071,M1,1,0,GO Biological Processes,19,negative regulation of viral genome replication,19_GO:0016032 viral process,-3.4075208320549004,6.21164383561644,5.176489941721312,30230,50,584,6,1.0273972602739727,0.417272989913396,4938|6041|6590|9582|57169|200316,OAS1|RNASEL|SLPI|APOBEC3B|ZNFX1|APOBEC3F,-1.5804519439798794,0,79,1,1,-3.4075208320549004,17.254566210045667,
1,-3.257734771088638,GO:0070383,M1,1,0,GO Biological Processes,19,DNA cytosine deamination,19_GO:0009987 cellular process,-3.257734771088638,17.254566210045667,6.845063555625751,30230,9,584,3,0.5136986301369864,0.2958212874838213,9582|81602|200316,APOBEC3B|CDADC1|APOBEC3F,-1.4765917289545651,0,79,0,0,-3.4075208320549004,17.254566210045667,
1,-3.1741827997778693,GO:0048525,M1,1,0,GO Biological Processes,19,negative regulation of viral process,19_GO:0016032 viral process,-3.1741827997778693,4.767709084354722,4.615799703266531,30230,76,584,7,1.1986301369863013,0.45031628818687125,4938|6041|6590|9582|11043|57169|200316,OAS1|RNASEL|SLPI|APOBEC3B|MID2|ZNFX1|APOBEC3F,-1.4135444233015044,0,79,0,0,-3.4075208320549004,17.254566210045667,
1,-2.7506904259463174,GO:0045006,M1,1,0,GO Biological Processes,19,DNA deamination,19_GO:0009987 cellular process,-2.7506904259463174,11.945468914646998,5.540074915320181,30230,13,584,3,0.5136986301369864,0.2958212874838213,9582|81602|200316,APOBEC3B|CDADC1|APOBEC3F,-1.1264339374201604,0,79,0,0,-3.4075208320549004,17.254566210045667,
1,-2.695632114998157,GO:0051607,M1,1,0,GO Biological Processes,19,defense response to virus,19_GO:0044419 biological process involved in interspecies interaction between organisms,-2.695632114998157,2.4482830433172897,3.5144080579414028,30230,296,584,14,2.3972602739726026,0.6329686127171638,4615|4938|6041|6773|9582|9821|11043|55703|56927|57169|83862|200316|340061|440275,MYD88|OAS1|RNASEL|STAT2|APOBEC3B|RB1CC1|MID2|POLR3B|GPR108|ZNFX1|TMEM120A|APOBEC3F|STING1|EIF2AK4,-1.0857650772476717,0,79,0,0,-3.4075208320549004,17.254566210045667,
1,-2.6514690930611815,GO:0006304,M1,1,0,GO Biological Processes,19,DNA modification,19_GO:0009987 cellular process,-2.6514690930611815,7.13982050070855,4.642792493670461,30230,29,584,4,0.684931506849315,0.341290910327769,7374|9582|81602|200316,UNG|APOBEC3B|CDADC1|APOBEC3F,-1.0569704391728139,0,79,0,0,-3.4075208320549004,17.254566210045667,
1,-2.5669351780152687,GO:0009615,M1,1,0,GO Biological Processes,19,response to virus,19_GO:0044419 biological process involved in interspecies interaction between organisms,-2.5669351780152687,2.1568207762557075,3.3018933392953898,30230,408,584,17,2.910958904109589,0.6956594987008953,3551|4615|4938|6041|6773|9213|9582|9821|11043|55703|56927|57169|79591|83862|200316|340061|440275,IKBKB|MYD88|OAS1|RNASEL|STAT2|XPR1|APOBEC3B|RB1CC1|MID2|POLR3B|GPR108|ZNFX1|ARMH3|TMEM120A|APOBEC3F|STING1|EIF2AK4,-0.993488843387502,0,79,0,0,-3.4075208320549004,17.254566210045667,
1,-2.368541017475227,GO:0045069,M1,1,0,GO Biological Processes,19,regulation of viral genome replication,19_GO:0016032 viral process,-2.368541017475227,3.9314201491243286,3.661643136071047,30230,79,584,6,1.0273972602739727,0.417272989913396,4938|6041|6590|9582|57169|200316,OAS1|RNASEL|SLPI|APOBEC3B|ZNFX1|APOBEC3F,-0.8515426225353668,0,79,0,0,-3.4075208320549004,17.254566210045667,
1,-3.3965666591789914,GO:0046471,M1,1,0,GO Biological Processes,19,phosphatidylglycerol metabolic process,19_GO:0009987 cellular process,-3.3965666591789914,7.842984640929846,5.520213786605706,30230,33,584,5,0.8561643835616438,0.3812457520636574,21|9489|9926|84947|114971,ABCA3|PGS1|LPGAT1|SERAC1|PTPMT1,-1.5724810646423673,0,80,1,1,-3.3965666591789914,7.842984640929846,
1,-3.375947263623827,GO:0006338,M1,1,0,GO Biological Processes,19,chromatin remodeling,19_GO:0009987 cellular process,-3.375947263623827,2.013032724505327,3.861360770063852,30230,720,584,28,4.794520547945205,0.8840913487074371,1958|2145|4615|5290|5563|7290|7403|8850|9252|9557|9960|23411|23522|25842|29086|54514|54531|54617|54620|55167|56978|57169|79885|80314|90826|93973|200316|257218,EGR1|EZH1|MYD88|PIK3CA|PRKAA2|HIRA|KDM6A|KAT2B|RPS6KA5|CHD1L|USP3|SIRT1|KAT6B|ASF1A|BABAM1|DDX4|MIER2|INO80|FBXL19|MSL2|PRDM8|ZNFX1|HDAC11|EPC1|PRMT9|ACTR8|APOBEC3F|SHPRH,-1.5579188730199853,0,81,1,1,-3.375947263623827,2.013032724505327,
1,-3.364900582827014,GO:0006836,M1,1,0,GO Biological Processes,19,neurotransmitter transport,19_GO:0051179 localization,-3.364900582827014,3.671184300009715,4.462156461496105,30230,141,584,10,1.7123287671232876,0.536829873604794,6533|6854|9783|23167|26503|57030|81539|84446|93664|143425,SLC6A6|SYN2|RIMS3|EFR3A|SLC17A5|SLC17A7|SLC38A1|BRSK1|CADPS2|SYT9,-1.5516578547739894,0,82,1,1,-3.364900582827014,8.173215573179526,
1,-2.6379815118667094,GO:0099504,M1,1,0,GO Biological Processes,19,synaptic vesicle cycle,19_GO:0051179 localization,-2.6379815118667094,3.1692060385798153,3.7002763672605368,30230,147,584,9,1.5410958904109588,0.509724966965557,6854|9783|10239|23167|26503|57030|84446|93664|143425,SYN2|RIMS3|AP3S2|EFR3A|SLC17A5|SLC17A7|BRSK1|CADPS2|SYT9,-1.0456346104324674,0,82,0,0,-3.364900582827014,8.173215573179526,
1,-2.4835718912571565,GO:0099003,M1,1,0,GO Biological Processes,19,vesicle-mediated transport in synapse,19_GO:0051179 localization,-2.4835718912571565,3.005634114007954,3.5135812492650964,30230,155,584,9,1.5410958904109588,0.509724966965557,6854|9783|10239|23167|26503|57030|84446|93664|143425,SYN2|RIMS3|AP3S2|EFR3A|SLC17A5|SLC17A7|BRSK1|CADPS2|SYT9,-0.9341111014484834,0,82,0,0,-3.364900582827014,8.173215573179526,
1,-2.2978024332733398,GO:0045055,M1,1,0,GO Biological Processes,19,regulated exocytosis,19_GO:0051179 localization,-2.2978024332733398,3.0449234488315873,3.3546082641322066,30230,136,584,8,1.36986301369863,0.48099101587450915,5873|6845|6854|9783|23167|25837|93664|143425,RAB27A|VAMP7|SYN2|RIMS3|EFR3A|RAB26|CADPS2|SYT9,-0.8030804330446317,0,82,0,0,-3.364900582827014,8.173215573179526,
1,-2.260050371975874,GO:0017156,M1,1,0,GO Biological Processes,19,calcium-ion regulated exocytosis,19_GO:0051179 localization,-2.260050371975874,5.596075527582377,3.9261794637991274,30230,37,584,4,0.684931506849315,0.341290910327769,6845|6854|9783|93664,VAMP7|SYN2|RIMS3|CADPS2,-0.7802009674970423,0,82,0,0,-3.364900582827014,8.173215573179526,
1,-2.2581094687161003,GO:0016082,M1,1,0,GO Biological Processes,19,synaptic vesicle priming,19_GO:0051179 localization,-2.2581094687161003,8.173215573179526,4.389786458079658,30230,19,584,3,0.5136986301369864,0.2958212874838213,9783|23167|93664,RIMS3|EFR3A|CADPS2,-0.7802009674970423,0,82,0,0,-3.364900582827014,8.173215573179526,
1,-2.141357699173928,GO:0007269,M1,1,0,GO Biological Processes,19,neurotransmitter secretion,19_GO:0051179 localization,-2.141357699173928,3.5293430884184316,3.3350189618280246,30230,88,584,6,1.0273972602739727,0.417272989913396,6854|9783|23167|84446|93664|143425,SYN2|RIMS3|EFR3A|BRSK1|CADPS2|SYT9,-0.689066125294705,0,82,0,0,-3.364900582827014,8.173215573179526,
1,-2.141357699173928,GO:0099643,M1,1,0,GO Biological Processes,19,signal release from synapse,19_GO:0051179 localization,-2.141357699173928,3.5293430884184316,3.3350189618280246,30230,88,584,6,1.0273972602739727,0.417272989913396,6854|9783|23167|84446|93664|143425,SYN2|RIMS3|EFR3A|BRSK1|CADPS2|SYT9,-0.689066125294705,0,82,0,0,-3.364900582827014,8.173215573179526,
1,-2.134160918286593,GO:0006887,M1,1,0,GO Biological Processes,19,exocytosis,19_GO:0051179 localization,-2.134160918286593,2.3725028538812785,2.9961662376832776,30230,240,584,11,1.8835616438356164,0.5625412616790831,5286|5873|6845|6854|9783|23167|25837|55362|93664|134957|143425,PIK3C2A|RAB27A|VAMP7|SYN2|RIMS3|EFR3A|RAB26|TMEM63B|CADPS2|STXBP5|SYT9,-0.6869163946108319,0,82,0,0,-3.364900582827014,8.173215573179526,
1,-3.308183922628429,GO:0030133,M1,1,0,GO Cellular Components,20,transport vesicle,,-3.308183922628429,2.264661815068493,3.920006626224802,30230,480,584,21,3.595890410958904,0.7704502033461142,4504|5873|6721|6836|6845|6854|6856|8677|9179|23400|25837|26503|51324|57030|64418|64924|80262|84446|134957|143425|203062,MT3|RAB27A|SREBF2|SURF4|VAMP7|SYN2|SYPL1|STX10|AP4M1|ATP13A2|RAB26|SLC17A5|SPG21|SLC17A7|TMEM168|SLC30A5|PHAF1|BRSK1|STXBP5|SYT9|TSNARE1,-1.504357161927617,0,83,1,1,-3.308183922628429,2.9162647115570133,
1,-2.50009740689097,GO:0070382,M1,1,0,GO Cellular Components,20,exocytic vesicle,,-2.50009740689097,2.42060461220065,3.3397808216305993,30230,278,584,13,2.2260273972602738,0.6104786211136067,4504|5873|6854|6856|8677|25837|26503|57030|80262|84446|134957|143425|203062,MT3|RAB27A|SYN2|SYPL1|STX10|RAB26|SLC17A5|SLC17A7|PHAF1|BRSK1|STXBP5|SYT9|TSNARE1,-0.9441057499233394,0,83,0,0,-3.308183922628429,2.9162647115570133,
1,-2.3043730401958866,GO:0008021,M1,1,0,GO Cellular Components,20,synaptic vesicle,,-2.3043730401958866,2.3890937829294,3.157258432199578,30230,260,584,12,2.0547945205479454,0.5870422605221068,4504|6854|6856|8677|25837|26503|57030|80262|84446|134957|143425|203062,MT3|SYN2|SYPL1|STX10|RAB26|SLC17A5|SLC17A7|PHAF1|BRSK1|STXBP5|SYT9|TSNARE1,-0.8067223549656912,0,83,0,0,-3.308183922628429,2.9162647115570133,
1,-2.2913688621581936,GO:0030658,M1,1,0,GO Cellular Components,20,transport vesicle membrane,,-2.2913688621581936,2.37994016690285,3.1425315436110504,30230,261,584,12,2.0547945205479454,0.5870422605221068,6721|6845|6854|6856|8677|9179|25837|26503|57030|64924|80262|143425,SREBF2|VAMP7|SYN2|SYPL1|STX10|AP4M1|RAB26|SLC17A5|SLC17A7|SLC30A5|PHAF1|SYT9,-0.7983578076035747,0,83,0,0,-3.308183922628429,2.9162647115570133,
1,-2.187051617006067,GO:0030672,M1,1,0,GO Cellular Components,20,synaptic vesicle membrane,,-2.187051617006067,2.9162647115570133,3.212464046132116,30230,142,584,8,1.36986301369863,0.48099101587450915,6854|6856|8677|25837|26503|57030|80262|143425,SYN2|SYPL1|STX10|RAB26|SLC17A5|SLC17A7|PHAF1|SYT9,-0.7242693281678906,0,83,0,0,-3.308183922628429,2.9162647115570133,
1,-2.187051617006067,GO:0099501,M1,1,0,GO Cellular Components,20,exocytic vesicle membrane,,-2.187051617006067,2.9162647115570133,3.212464046132116,30230,142,584,8,1.36986301369863,0.48099101587450915,6854|6856|8677|25837|26503|57030|80262|143425,SYN2|SYPL1|STX10|RAB26|SLC17A5|SLC17A7|PHAF1|SYT9,-0.7242693281678906,0,83,0,0,-3.308183922628429,2.9162647115570133,
1,-3.2821750978622672,GO:1903830,M1,1,0,GO Biological Processes,19,magnesium ion transmembrane transport,19_GO:0051179 localization,-3.2821750978622672,10.352739726027398,5.8723745199361,30230,20,584,4,0.684931506849315,0.341290910327769,9772|26504|57380|84061,TMEM94|CNNM4|MRS2|MAGT1,-1.4898382793213907,0,84,1,1,-3.2821750978622672,10.352739726027398,
1,-3.1970540532447616,GO:0015693,M1,1,0,GO Biological Processes,19,magnesium ion transport,19_GO:0051179 localization,-3.1970540532447616,9.859752120026092,5.700307784637489,30230,21,584,4,0.684931506849315,0.341290910327769,9772|26504|57380|84061,TMEM94|CNNM4|MRS2|MAGT1,-1.433241768742604,0,84,0,0,-3.2821750978622672,10.352739726027398,
1,-2.709313866176973,R-HSA-5223345,M1,1,0,Reactome Gene Sets,6,Miscellaneous transport and binding events,,-2.709313866176973,7.39481409001957,4.751430147960187,30230,28,584,4,0.684931506849315,0.341290910327769,5304|56262|57380|84061,PIP|LRRC8A|MRS2|MAGT1,-1.097206267230411,0,84,0,0,-3.2821750978622672,10.352739726027398,
1,-3.2743330039016896,GO:1902882,M1,1,0,GO Biological Processes,19,regulation of response to oxidative stress,19_GO:0050896 response to stimulus,-3.2743330039016896,7.394814090019569,5.312876126172307,30230,35,584,5,0.8561643835616438,0.3812457520636574,9016|9817|27244|29761|79109,SLC25A14|KEAP1|SESN1|USP25|MAPKAP1,-1.4831286357597209,0,85,1,1,-3.2743330039016896,7.394814090019569,
1,-3.257734771088638,GO:0140112,M1,1,0,GO Biological Processes,19,extracellular vesicle biogenesis,19_GO:0009987 cellular process,-3.257734771088638,17.254566210045667,6.845063555625751,30230,9,584,3,0.5136986301369864,0.2958212874838213,5873|23400|91947,RAB27A|ATP13A2|ARRDC4,-1.4765917289545651,0,86,1,1,-3.257734771088638,17.254566210045667,
1,-2.6514690930611815,GO:0032585,M1,1,0,GO Cellular Components,20,multivesicular body membrane,,-2.6514690930611815,7.13982050070855,4.642792493670461,30230,29,584,4,0.684931506849315,0.341290910327769,21|5873|6490|23400,ABCA3|RAB27A|PMEL|ATP13A2,-1.0569704391728139,0,86,0,0,-3.257734771088638,17.254566210045667,
1,-3.257734771088638,GO:0043190,M1,1,0,GO Cellular Components,20,ATP-binding cassette (ABC) transporter complex,,-3.257734771088638,17.254566210045667,6.845063555625751,30230,9,584,3,0.5136986301369864,0.2958212874838213,20|22|23456,ABCA2|ABCB7|ABCB10,-1.4765917289545651,0,87,1,1,-3.257734771088638,17.254566210045667,
1,-2.81179496740189,GO:0046148,M1,1,0,GO Biological Processes,19,pigment biosynthetic process,19_GO:0009987 cellular process,-2.81179496740189,5.882238480697384,4.548600612576298,30230,44,584,5,0.8561643835616438,0.3812457520636574,22|706|6490|23456|51522,ABCB7|TSPO|PMEL|ABCB10|TMEM14C,-1.1697390493492492,0,87,0,0,-3.257734771088638,17.254566210045667,
1,-2.6514690930611815,GO:0006783,M1,1,0,GO Biological Processes,19,heme biosynthetic process,19_GO:0009987 cellular process,-2.6514690930611815,7.13982050070855,4.642792493670461,30230,29,584,4,0.684931506849315,0.341290910327769,22|706|23456|51522,ABCB7|TSPO|ABCB10|TMEM14C,-1.0569704391728139,0,87,0,0,-3.257734771088638,17.254566210045667,
1,-2.4416222210814436,GO:0006779,M1,1,0,GO Biological Processes,19,porphyrin-containing compound biosynthetic process,19_GO:0009987 cellular process,-2.4416222210814436,6.274387712743877,4.254831670035159,30230,33,584,4,0.684931506849315,0.341290910327769,22|706|23456|51522,ABCB7|TSPO|ABCB10|TMEM14C,-0.90430585047957,0,87,0,0,-3.257734771088638,17.254566210045667,
1,-2.4416222210814436,GO:0033014,M1,1,0,GO Biological Processes,19,tetrapyrrole biosynthetic process,19_GO:0009987 cellular process,-2.4416222210814436,6.274387712743877,4.254831670035159,30230,33,584,4,0.684931506849315,0.341290910327769,22|706|23456|51522,ABCB7|TSPO|ABCB10|TMEM14C,-0.90430585047957,0,87,0,0,-3.257734771088638,17.254566210045667,
1,-3.2547452211344856,GO:0062197,M1,1,0,GO Biological Processes,19,cellular response to chemical stress,19_GO:0050896 response to stimulus,-3.2547452211344856,2.6866971607337535,4.043785832223757,30230,289,584,15,2.5684931506849313,0.6546097839047824,406|706|2353|4504|5192|5290|5311|5563|5580|5587|8850|9817|23400|23411|59338,BMAL1|TSPO|FOS|MT3|PEX10|PIK3CA|PKD2|PRKAA2|PRKCD|PRKD1|KAT2B|KEAP1|ATP13A2|SIRT1|PLEKHA1,-1.4747058504505604,0,88,1,1,-3.2547452211344856,2.9385505772566844,
1,-3.253410912885715,GO:0034599,M1,1,0,GO Biological Processes,19,cellular response to oxidative stress,19_GO:0050896 response to stimulus,-3.253410912885715,2.9385505772566844,4.132970198609016,30230,229,584,13,2.2260273972602738,0.6104786211136067,406|2353|4504|5192|5311|5563|5580|5587|8850|9817|23400|23411|59338,BMAL1|FOS|MT3|PEX10|PKD2|PRKAA2|PRKCD|PRKD1|KAT2B|KEAP1|ATP13A2|SIRT1|PLEKHA1,-1.4744724160026759,0,88,0,0,-3.2547452211344856,2.9385505772566844,
1,-3.018310926687198,GO:0006979,M1,1,0,GO Biological Processes,19,response to oxidative stress,19_GO:0050896 response to stimulus,-3.018310926687198,2.31202624154458,3.72156423180727,30230,403,584,18,3.0821917808219177,0.7151961986636398,406|2068|2071|2353|4504|4540|5192|5311|5563|5580|5587|8850|9817|23400|23411|54974|59338|93100,BMAL1|ERCC2|ERCC3|FOS|MT3|ND5|PEX10|PKD2|PRKAA2|PRKCD|PRKD1|KAT2B|KEAP1|ATP13A2|SIRT1|THG1L|PLEKHA1|NAPRT,-1.3064762595673467,0,88,0,0,-3.2547452211344856,2.9385505772566844,
1,-3.2476621425265964,GO:0043523,M1,1,0,GO Biological Processes,19,regulation of neuron apoptotic process,19_GO:0050789 regulation of biological process,-3.2476621425265964,2.7980377637911884,4.078808689051959,30230,259,584,14,2.3972602739726026,0.6329686127171638,673|1958|3981|4504|5290|5582|5609|8882|9481|23400|23411|51542|83741|116986,BRAF|EGR1|LIG4|MT3|PIK3CA|PRKCG|MAP2K7|ZPR1|SLC25A27|ATP13A2|SIRT1|VPS54|TFAP2D|AGAP2,-1.4698217359426093,0,89,1,1,-3.2476621425265964,3.1810094130251776,
1,-3.117774498396404,GO:0043524,M1,1,0,GO Biological Processes,19,negative regulation of neuron apoptotic process,19_GO:0048519 negative regulation of biological process,-3.117774498396404,3.1810094130251776,4.107616151934907,30230,179,584,11,1.8835616438356164,0.5625412616790831,673|3981|4504|5290|5582|8882|9481|23411|51542|83741|116986,BRAF|LIG4|MT3|PIK3CA|PRKCG|ZPR1|SLC25A27|SIRT1|VPS54|TFAP2D|AGAP2,-1.3694020847522967,0,89,0,0,-3.2476621425265964,3.1810094130251776,
1,-3.2272035595073443,GO:0010507,M1,1,0,GO Biological Processes,19,negative regulation of autophagy,19_GO:0048519 negative regulation of biological process,-3.2272035595073443,4.269171021042226,4.526240055009555,30230,97,584,8,1.36986301369863,0.48099101587450915,706|5290|8925|9638|10325|64121|66036|84861,TSPO|PIK3CA|HERC1|FEZ1|RRAGB|RRAGC|MTMR9|KLHL22,-1.452640862684593,0,90,1,1,-3.2272035595073443,4.269171021042226,
1,-3.2195679247184703,GO:0009895,M1,1,0,GO Biological Processes,19,negative regulation of catabolic process,19_GO:0048519 negative regulation of biological process,-3.2195679247184703,2.4076138897738133,3.9115874890634648,30230,387,584,18,3.0821917808219177,0.7151961986636398,706|1677|4504|4615|5290|5582|8925|9638|10325|23400|25819|26580|29761|64121|66036|84861|116986|201163,TSPO|DFFB|MT3|MYD88|PIK3CA|PRKCG|HERC1|FEZ1|RRAGB|ATP13A2|NOCT|BSCL2|USP25|RRAGC|MTMR9|KLHL22|AGAP2|FLCN,-1.447176704829153,0,90,0,0,-3.2272035595073443,4.269171021042226,
1,-3.17164699526099,GO:0031344,M1,1,0,GO Biological Processes,19,regulation of cell projection organization,19_GO:0050789 regulation of biological process,-3.17164699526099,2.0117431455658616,3.714146506036587,30230,669,584,26,4.4520547945205475,0.8534626164047334,673|1540|1600|3985|4504|5290|5580|5587|8100|8850|9638|9742|9897|10154|26035|29882|51761|54849|57520|79874|80128|84446|90410|115704|116983|140469,BRAF|CYLD|DAB1|LIMK2|MT3|PIK3CA|PRKCD|PRKD1|IFT88|KAT2B|FEZ1|IFT140|WASHC5|PLXNC1|GLCE|ANAPC2|ATP8A2|DEF8|HECW2|RABEP2|TRIM46|BRSK1|IFT20|EVI5L|ACAP3|MYO3B,-1.4120614544078915,0,91,1,1,-3.17164699526099,4.313641552511415,
1,-3.0085012966772005,GO:0120035,M1,1,0,GO Biological Processes,19,regulation of plasma membrane bounded cell projection organization,19_GO:0050789 regulation of biological process,-3.0085012966772005,1.9909114857744996,3.5844928431996013,30230,650,584,25,4.280821917808219,0.8376385138868881,673|1540|1600|3985|4504|5290|5580|5587|8100|8850|9638|9742|9897|10154|29882|51761|54849|57520|79874|80128|84446|90410|115704|116983|140469,BRAF|CYLD|DAB1|LIMK2|MT3|PIK3CA|PRKCD|PRKD1|IFT88|KAT2B|FEZ1|IFT140|WASHC5|PLXNC1|ANAPC2|ATP8A2|DEF8|HECW2|RABEP2|TRIM46|BRSK1|IFT20|EVI5L|ACAP3|MYO3B,-1.2976076797238265,0,91,0,0,-3.17164699526099,4.313641552511415,
1,-2.9151982100929312,GO:1902017,M1,1,0,GO Biological Processes,19,regulation of cilium assembly,19_GO:0050789 regulation of biological process,-2.9151982100929312,4.313641552511415,4.268404655444812,30230,84,584,7,1.1986301369863013,0.45031628818687125,1540|3985|8100|9742|79874|90410|115704,CYLD|LIMK2|IFT88|IFT140|RABEP2|IFT20|EVI5L,-1.2386326219194506,0,91,0,0,-3.17164699526099,4.313641552511415,
1,-2.502177201382787,GO:0120032,M1,1,0,GO Biological Processes,19,regulation of plasma membrane bounded cell projection assembly,19_GO:0050789 regulation of biological process,-2.502177201382787,2.66075086416592,3.4219229551434824,30230,214,584,11,1.8835616438356164,0.5625412616790831,1540|3985|5290|5580|8100|9742|54849|79874|90410|115704|140469,CYLD|LIMK2|PIK3CA|PRKCD|IFT88|IFT140|DEF8|RABEP2|IFT20|EVI5L|MYO3B,-0.9455270234672974,0,91,0,0,-3.17164699526099,4.313641552511415,
1,-2.4563056637624547,GO:0060491,M1,1,0,GO Biological Processes,19,regulation of cell projection assembly,19_GO:0050789 regulation of biological process,-2.4563056637624547,2.623966290006944,3.369670489478098,30230,217,584,11,1.8835616438356164,0.5625412616790831,1540|3985|5290|5580|8100|9742|54849|79874|90410|115704|140469,CYLD|LIMK2|PIK3CA|PRKCD|IFT88|IFT140|DEF8|RABEP2|IFT20|EVI5L|MYO3B,-0.912639845533457,0,91,0,0,-3.17164699526099,4.313641552511415,
1,-3.1601209127472023,WP722,M1,1,0,WikiPathways,27,Serotonin HTR1 group and FOS pathway,,-3.1601209127472023,6.995094409477971,5.121285847626335,30230,37,584,5,0.8561643835616438,0.3812457520636574,673|2353|5290|7867|9252,BRAF|FOS|PIK3CA|MAPKAPK3|RPS6KA5,-1.4036786508644457,0,92,1,1,-3.1601209127472023,9.705693493150687,
1,-3.0402149071374756,WP712,M1,1,0,WikiPathways,27,Estrogen signaling,,-3.0402149071374756,9.002382370458607,5.388460219017145,30230,23,584,4,0.684931506849315,0.341290910327769,673|2353|3551|5290,BRAF|FOS|IKBKB|PIK3CA,-1.3245955146978263,0,92,0,0,-3.1601209127472023,9.705693493150687,
1,-2.5425359173421396,M63,M1,1,0,Canonical Pathways,11,PID AVB3 OPN PATHWAY,,-2.5425359173421396,6.679186920017676,4.440235354715774,30230,31,584,4,0.684931506849315,0.341290910327769,2353|3611|5290|10451,FOS|ILK|PIK3CA|VAV3,-0.9758861921924522,0,92,0,0,-3.1601209127472023,9.705693493150687,
1,-2.4775850656192304,WP4928,M1,1,0,WikiPathways,27,MAPK pathway in congenital thyroid cancer,,-2.4775850656192304,9.705693493150687,4.888712675651234,30230,16,584,3,0.5136986301369864,0.2958212874838213,673|2353|6655,BRAF|FOS|SOS2,-0.9313532459407559,0,92,0,0,-3.1601209127472023,9.705693493150687,
1,-2.399490534255,M12771,M1,1,0,Canonical Pathways,11,SA PTEN PATHWAY,,-2.399490534255,9.134770346494763,4.7087766795983335,30230,17,584,3,0.5136986301369864,0.2958212874838213,3611|5290|5934,ILK|PIK3CA|RBL2,-0.8720173089608324,0,92,0,0,-3.1601209127472023,9.705693493150687,
1,-2.2506408998442904,hsa05213,M1,1,0,KEGG Pathway,24,Endometrial cancer,,-2.2506408998442904,4.386754121198049,3.654686113531121,30230,59,584,5,0.8561643835616438,0.3812457520636574,673|3611|4292|5290|6655,BRAF|ILK|MLH1|PIK3CA|SOS2,-0.7732817908324675,0,92,0,0,-3.1601209127472023,9.705693493150687,
1,-2.1650636219430024,hsa05210,M1,1,0,KEGG Pathway,24,Colorectal cancer,,-2.1650636219430024,3.5699102503542757,3.3691442667828513,30230,87,584,6,1.0273972602739727,0.417272989913396,673|2353|4292|5290|5602|6655,BRAF|FOS|MLH1|PIK3CA|MAPK10|SOS2,-0.7065080767538852,0,92,0,0,-3.1601209127472023,9.705693493150687,
1,-2.1304858723921587,WP4155,M1,1,0,WikiPathways,27,Endometrial cancer,,-2.1304858723921587,4.108230050010872,3.4661921122612265,30230,63,584,5,0.8561643835616438,0.3812457520636574,673|2353|3611|5290|6655,BRAF|FOS|ILK|PIK3CA|SOS2,-0.6869163946108319,0,92,0,0,-3.1601209127472023,9.705693493150687,
1,-3.1165487472114846,GO:0032288,M1,1,0,GO Biological Processes,19,myelin assembly,19_GO:0032502 developmental process,-3.1165487472114846,9.411581569115816,5.539407013737735,30230,22,584,4,0.684931506849315,0.341290910327769,20|2068|8443|23405,ABCA2|ERCC2|GNPAT|DICER1,-1.3694020847522967,0,93,1,1,-3.1165487472114846,9.411581569115816,
1,-3.1051248934375866,GO:0042552,M1,1,0,GO Biological Processes,19,myelination,19_GO:0032502 developmental process,-3.1051248934375866,3.6974070450097845,4.258483011789622,30230,126,584,9,1.5410958904109588,0.509724966965557,20|1959|2068|3611|8443|9639|23405|55624|91137,ABCA2|EGR2|ERCC2|ILK|GNPAT|ARHGEF10|DICER1|POMGNT1|SLC25A46,-1.3660771972814527,0,93,0,0,-3.1165487472114846,9.411581569115816,
1,-3.0562268377260495,GO:0007272,M1,1,0,GO Biological Processes,19,ensheathment of neurons,19_GO:0032502 developmental process,-3.0562268377260495,3.6396350599315066,4.2003594668049775,30230,128,584,9,1.5410958904109588,0.509724966965557,20|1959|2068|3611|8443|9639|23405|55624|91137,ABCA2|EGR2|ERCC2|ILK|GNPAT|ARHGEF10|DICER1|POMGNT1|SLC25A46,-1.33070926154553,0,93,0,0,-3.1165487472114846,9.411581569115816,
1,-3.0562268377260495,GO:0008366,M1,1,0,GO Biological Processes,19,axon ensheathment,19_GO:0032502 developmental process,-3.0562268377260495,3.6396350599315066,4.2003594668049775,30230,128,584,9,1.5410958904109588,0.509724966965557,20|1959|2068|3611|8443|9639|23405|55624|91137,ABCA2|EGR2|ERCC2|ILK|GNPAT|ARHGEF10|DICER1|POMGNT1|SLC25A46,-1.33070926154553,0,93,0,0,-3.1165487472114846,9.411581569115816,
1,-2.8112753553203618,GO:0042063,M1,1,0,GO Biological Processes,19,gliogenesis,19_GO:0032502 developmental process,-2.8112753553203618,2.6286253210616435,3.672857472392216,30230,256,584,13,2.2260273972602738,0.6104786211136067,20|706|1600|1959|2068|3611|4615|9639|23405|51542|56978|79809|91137,ABCA2|TSPO|DAB1|EGR2|ERCC2|ILK|MYD88|ARHGEF10|DICER1|VPS54|PRDM8|TTC21B|SLC25A46,-1.1697390493492492,0,93,0,0,-3.1165487472114846,9.411581569115816,
1,-2.6823917814034015,GO:0014037,M1,1,0,GO Biological Processes,19,Schwann cell differentiation,19_GO:0032502 developmental process,-2.6823917814034015,5.506776450014573,4.339792901236362,30230,47,584,5,0.8561643835616438,0.3812457520636574,1959|3611|9639|23405|91137,EGR2|ILK|ARHGEF10|DICER1|SLC25A46,-1.0784436697751574,0,93,0,0,-3.1165487472114846,9.411581569115816,
1,-2.6457465512369396,GO:0010001,M1,1,0,GO Biological Processes,19,glial cell differentiation,19_GO:0032502 developmental process,-2.6457465512369396,2.7775643167390576,3.584231132343603,30230,205,584,11,1.8835616438356164,0.5625412616790831,20|1959|2068|3611|4615|9639|23405|51542|56978|79809|91137,ABCA2|EGR2|ERCC2|ILK|MYD88|ARHGEF10|DICER1|VPS54|PRDM8|TTC21B|SLC25A46,-1.0526835828937264,0,93,0,0,-3.1165487472114846,9.411581569115816,
1,-2.595929817179047,GO:0022011,M1,1,0,GO Biological Processes,19,myelination in peripheral nervous system,19_GO:0032502 developmental process,-2.595929817179047,6.901826484018264,4.539195151104574,30230,30,584,4,0.684931506849315,0.341290910327769,3611|9639|23405|91137,ILK|ARHGEF10|DICER1|SLC25A46,-1.0155788143519715,0,93,0,0,-3.1165487472114846,9.411581569115816,
1,-2.595929817179047,GO:0032292,M1,1,0,GO Biological Processes,19,peripheral nervous system axon ensheathment,19_GO:0032502 developmental process,-2.595929817179047,6.901826484018264,4.539195151104574,30230,30,584,4,0.684931506849315,0.341290910327769,3611|9639|23405|91137,ILK|ARHGEF10|DICER1|SLC25A46,-1.0155788143519715,0,93,0,0,-3.1165487472114846,9.411581569115816,
1,-2.580759950593122,GO:0021675,M1,1,0,GO Biological Processes,19,nerve development,19_GO:0032502 developmental process,-2.580759950593122,3.7744363584474883,3.821353841795871,30230,96,584,7,1.1986301369863013,0.45031628818687125,1959|2562|3611|5582|23405|26018|91137,EGR2|GABRB3|ILK|PRKCG|DICER1|LRIG1|SLC25A46,-1.0045649075372043,0,93,0,0,-3.1165487472114846,9.411581569115816,
1,-2.3557848836098745,GO:0010927,M1,1,0,GO Biological Processes,19,cellular component assembly involved in morphogenesis,19_GO:0032502 developmental process,-2.3557848836098745,3.113605932639819,3.4286527093760015,30230,133,584,8,1.36986301369863,0.48099101587450915,20|2068|8443|8736|23405|80067|84131|127294,ABCA2|ERCC2|GNPAT|MYOM1|DICER1|DCAF17|CEP78|MYOM3,-0.8421871790734747,0,93,0,0,-3.1165487472114846,9.411581569115816,
1,-2.3557848836098745,GO:0032989,M1,1,0,GO Biological Processes,19,cellular anatomical entity morphogenesis,19_GO:0009987 cellular process,-2.3557848836098745,3.113605932639819,3.4286527093760015,30230,133,584,8,1.36986301369863,0.48099101587450915,20|2068|8443|8736|23405|80067|84131|127294,ABCA2|ERCC2|GNPAT|MYOM1|DICER1|DCAF17|CEP78|MYOM3,-0.8421871790734747,0,93,0,0,-3.1165487472114846,9.411581569115816,
1,-2.0278969560672713,GO:0014044,M1,1,0,GO Biological Processes,19,Schwann cell development,19_GO:0032502 developmental process,-2.0278969560672713,4.815227779547627,3.5138238297216384,30230,43,584,4,0.684931506849315,0.341290910327769,3611|9639|23405|91137,ILK|ARHGEF10|DICER1|SLC25A46,-0.609489561234585,0,93,0,0,-3.1165487472114846,9.411581569115816,
1,-3.10573636001466,GO:0032438,M1,1,0,GO Biological Processes,19,melanosome organization,19_GO:0043473 pigmentation,-3.10573636001466,6.811012977649603,5.030752642174386,30230,38,584,5,0.8561643835616438,0.3812457520636574,6490|10239|23682|79803|200576,PMEL|AP3S2|RAB38|HPS6|PIKFYVE,-1.3660771972814527,0,94,1,1,-3.10573636001466,8.173215573179526,
1,-3.0530323402796857,GO:0048753,M1,1,0,GO Biological Processes,19,pigment granule organization,19_GO:0043473 pigmentation,-3.0530323402796857,6.63637161924833,4.943430532208886,30230,39,584,5,0.8561643835616438,0.3812457520636574,6490|10239|23682|79803|200576,PMEL|AP3S2|RAB38|HPS6|PIKFYVE,-1.33070926154553,0,94,0,0,-3.10573636001466,8.173215573179526,
1,-2.9204995971445085,GO:0043473,M1,1,0,GO Biological Processes,19,pigmentation,19_GO:0043473 pigmentation,-2.9204995971445085,3.834348046676814,4.1415071568661865,30230,108,584,8,1.36986301369863,0.48099101587450915,2562|5873|6490|10239|23682|79803|81839|200576,GABRB3|RAB27A|PMEL|AP3S2|RAB38|HPS6|VANGL1|PIKFYVE,-1.2413203933683412,0,94,0,0,-3.10573636001466,8.173215573179526,
1,-2.868182031348527,GO:0033059,M1,1,0,GO Biological Processes,19,cellular pigmentation,19_GO:0043473 pigmentation,-2.868182031348527,4.929876060013047,4.382463711569162,30230,63,584,6,1.0273972602739727,0.417272989913396,5873|6490|10239|23682|79803|200576,RAB27A|PMEL|AP3S2|RAB38|HPS6|PIKFYVE,-1.2111481277063016,0,94,0,0,-3.10573636001466,8.173215573179526,
1,-2.2581094687161003,GO:1903232,M1,1,0,GO Biological Processes,19,melanosome assembly,19_GO:0043473 pigmentation,-2.2581094687161003,8.173215573179526,4.389786458079658,30230,19,584,3,0.5136986301369864,0.2958212874838213,10239|23682|79803,AP3S2|RAB38|HPS6,-0.7802009674970423,0,94,0,0,-3.10573636001466,8.173215573179526,
1,-2.0739757701320025,R-HSA-8873719,M1,1,0,Reactome Gene Sets,6,RAB geranylgeranylation,,-2.0739757701320025,3.9818229715489983,3.377708224869132,30230,65,584,5,0.8561643835616438,0.3812457520636574,1121|5873|23682|25837|339122,CHM|RAB27A|RAB38|RAB26|RAB43,-0.6448924426355762,0,94,0,0,-3.10573636001466,8.173215573179526,
1,-2.0210060625959025,GO:0033162,M1,1,0,GO Cellular Components,20,melanosome membrane,,-2.0210060625959025,6.7517867778439555,3.87300591322591,30230,23,584,3,0.5136986301369864,0.2958212874838213,5873|6490|23682,RAB27A|PMEL|RAB38,-0.6078956898116809,0,94,0,0,-3.10573636001466,8.173215573179526,
1,-2.0210060625959025,GO:0045009,M1,1,0,GO Cellular Components,20,chitosome,,-2.0210060625959025,6.7517867778439555,3.87300591322591,30230,23,584,3,0.5136986301369864,0.2958212874838213,5873|6490|23682,RAB27A|PMEL|RAB38,-0.6078956898116809,0,94,0,0,-3.10573636001466,8.173215573179526,
1,-2.0210060625959025,GO:0090741,M1,1,0,GO Cellular Components,20,pigment granule membrane,,-2.0210060625959025,6.7517867778439555,3.87300591322591,30230,23,584,3,0.5136986301369864,0.2958212874838213,5873|6490|23682,RAB27A|PMEL|RAB38,-0.6078956898116809,0,94,0,0,-3.10573636001466,8.173215573179526,
1,-3.1036381843520116,GO:0010948,M1,1,0,GO Biological Processes,19,negative regulation of cell cycle process,19_GO:0048519 negative regulation of biological process,-3.1036381843520116,2.596841068401521,3.8946813948054486,30230,299,584,15,2.5684931506849313,0.6546097839047824,90|5311|5934|8850|11200|23411|29086|51360|51776|56984|80198|84142|84446|84861|440275,ACVR1|PKD2|RBL2|KAT2B|CHEK2|SIRT1|BABAM1|MBTPS2|MAP3K20|PSMG2|MUS81|ABRAXAS1|BRSK1|KLHL22|EIF2AK4,-1.3655923213550227,0,95,1,1,-3.1036381843520116,5.751522070015221,
1,-3.082468822370979,GO:0000077,M1,1,0,GO Biological Processes,19,DNA damage checkpoint signaling,19_GO:0048519 negative regulation of biological process,-3.082468822370979,4.05989793177545,4.344673413330788,30230,102,584,8,1.36986301369863,0.48099101587450915,11200|29086|51360|51776|80198|84142|84446|440275,CHEK2|BABAM1|MBTPS2|MAP3K20|MUS81|ABRAXAS1|BRSK1|EIF2AK4,-1.3503859063476669,0,95,0,0,-3.1036381843520116,5.751522070015221,
1,-2.939455134184263,GO:0000075,M1,1,0,GO Biological Processes,19,cell cycle checkpoint signaling,19_GO:0048519 negative regulation of biological process,-2.939455134184263,3.235231164383561,3.9787896807183176,30230,160,584,10,1.7123287671232876,0.536829873604794,11200|29086|51360|51776|56984|80198|84142|84446|84861|440275,CHEK2|BABAM1|MBTPS2|MAP3K20|PSMG2|MUS81|ABRAXAS1|BRSK1|KLHL22|EIF2AK4,-1.2576464905984104,0,95,0,0,-3.1036381843520116,5.751522070015221,
1,-2.93478021851926,GO:1901988,M1,1,0,GO Biological Processes,19,negative regulation of cell cycle phase transition,19_GO:0048519 negative regulation of biological process,-2.93478021851926,2.7134196862571804,3.80272180189221,30230,248,584,13,2.2260273972602738,0.6104786211136067,90|5311|5934|11200|29086|51360|51776|56984|80198|84142|84446|84861|440275,ACVR1|PKD2|RBL2|CHEK2|BABAM1|MBTPS2|MAP3K20|PSMG2|MUS81|ABRAXAS1|BRSK1|KLHL22|EIF2AK4,-1.254726302499958,0,95,0,0,-3.1036381843520116,5.751522070015221,
1,-2.914160776140738,GO:0045786,M1,1,0,GO Biological Processes,19,negative regulation of cell cycle,19_GO:0048519 negative regulation of biological process,-2.914160776140738,2.3279970283394937,3.6466287227260774,30230,378,584,17,2.910958904109589,0.6956594987008953,90|5311|5934|6300|8850|11200|23411|26001|29086|51360|51776|56984|80198|84142|84446|84861|440275,ACVR1|PKD2|RBL2|MAPK12|KAT2B|CHEK2|SIRT1|RNF167|BABAM1|MBTPS2|MAP3K20|PSMG2|MUS81|ABRAXAS1|BRSK1|KLHL22|EIF2AK4,-1.2384629094984845,0,95,0,0,-3.1036381843520116,5.751522070015221,
1,-2.7699501724440743,GO:0031570,M1,1,0,GO Biological Processes,19,DNA integrity checkpoint signaling,19_GO:0048519 negative regulation of biological process,-2.7699501724440743,3.632540254746455,3.9524288797532843,30230,114,584,8,1.36986301369863,0.48099101587450915,11200|29086|51360|51776|80198|84142|84446|440275,CHEK2|BABAM1|MBTPS2|MAP3K20|MUS81|ABRAXAS1|BRSK1|EIF2AK4,-1.1360463556319487,0,95,0,0,-3.1036381843520116,5.751522070015221,
1,-2.629601985061485,GO:0007093,M1,1,0,GO Biological Processes,19,mitotic cell cycle checkpoint signaling,19_GO:0048519 negative regulation of biological process,-2.629601985061485,3.450913242009132,3.7757083924479624,30230,120,584,8,1.36986301369863,0.48099101587450915,11200|29086|51360|56984|80198|84142|84446|84861,CHEK2|BABAM1|MBTPS2|PSMG2|MUS81|ABRAXAS1|BRSK1|KLHL22,-1.0393962275627524,0,95,0,0,-3.1036381843520116,5.751522070015221,
1,-2.589239823457758,GO:0007346,M1,1,0,GO Biological Processes,19,regulation of mitotic cell cycle,19_GO:0050789 regulation of biological process,-2.589239823457758,1.9800321880380267,3.252538974425085,30230,549,584,21,3.595890410958904,0.7704502033461142,90|1540|2068|2071|5311|5934|11200|23113|23411|29086|29882|51360|51776|54617|56984|57520|64682|80198|84142|84446|84861,ACVR1|CYLD|ERCC2|ERCC3|PKD2|RBL2|CHEK2|CUL9|SIRT1|BABAM1|ANAPC2|MBTPS2|MAP3K20|INO80|PSMG2|HECW2|ANAPC1|MUS81|ABRAXAS1|BRSK1|KLHL22,-1.0102785641586882,0,95,0,0,-3.1036381843520116,5.751522070015221,
1,-2.5697481457984956,GO:0044773,M1,1,0,GO Biological Processes,19,mitotic DNA damage checkpoint signaling,19_GO:0048519 negative regulation of biological process,-2.5697481457984956,4.313641552511417,3.9509885315119724,30230,72,584,6,1.0273972602739727,0.417272989913396,11200|29086|51360|80198|84142|84446,CHEK2|BABAM1|MBTPS2|MUS81|ABRAXAS1|BRSK1,-0.9956162633063513,0,95,0,0,-3.1036381843520116,5.751522070015221,
1,-2.5022538131606638,GO:0042770,M1,1,0,GO Biological Processes,19,signal transduction in response to DNA damage,19_GO:0050896 response to stimulus,-2.5022538131606638,3.025151218644369,3.5362506616243086,30230,154,584,9,1.5410958904109588,0.509724966965557,6300|11200|29086|51360|51776|80198|84142|84446|440275,MAPK12|CHEK2|BABAM1|MBTPS2|MAP3K20|MUS81|ABRAXAS1|BRSK1|EIF2AK4,-0.9455270234672974,0,95,0,0,-3.1036381843520116,5.751522070015221,
1,-2.4518614545189203,GO:0044774,M1,1,0,GO Biological Processes,19,mitotic DNA integrity checkpoint signaling,19_GO:0048519 negative regulation of biological process,-2.4518614545189203,4.086607786589763,3.7813862446551476,30230,76,584,6,1.0273972602739727,0.417272989913396,11200|29086|51360|80198|84142|84446,CHEK2|BABAM1|MBTPS2|MUS81|ABRAXAS1|BRSK1,-0.9109339291561157,0,95,0,0,-3.1036381843520116,5.751522070015221,
1,-2.303162067975118,GO:0007095,M1,1,0,GO Biological Processes,19,mitotic G2 DNA damage checkpoint signaling,19_GO:0048519 negative regulation of biological process,-2.303162067975118,5.751522070015221,4.003676118934216,30230,36,584,4,0.684931506849315,0.341290910327769,29086|51360|84142|84446,BABAM1|MBTPS2|ABRAXAS1|BRSK1,-0.8067223549656912,0,95,0,0,-3.1036381843520116,5.751522070015221,
1,-2.2681154613562766,GO:0045930,M1,1,0,GO Biological Processes,19,negative regulation of mitotic cell cycle,19_GO:0048519 negative regulation of biological process,-2.2681154613562766,2.4756551518761167,3.1529960797087604,30230,230,584,11,1.8835616438356164,0.5625412616790831,90|5311|5934|11200|29086|51360|56984|80198|84142|84446|84861,ACVR1|PKD2|RBL2|CHEK2|BABAM1|MBTPS2|PSMG2|MUS81|ABRAXAS1|BRSK1|KLHL22,-0.7802009674970423,0,95,0,0,-3.1036381843520116,5.751522070015221,
1,-2.260050371975874,R-HSA-5689901,M1,1,0,Reactome Gene Sets,6,Metalloprotease DUBs,,-2.260050371975874,5.596075527582377,3.9261794637991274,30230,37,584,4,0.684931506849315,0.341290910327769,8850|29086|57559|84142,KAT2B|BABAM1|STAMBPL1|ABRAXAS1,-0.7802009674970423,0,95,0,0,-3.1036381843520116,5.751522070015221,
1,-2.081459353529157,GO:1901991,M1,1,0,GO Biological Processes,19,negative regulation of mitotic cell cycle phase transition,19_GO:0048519 negative regulation of biological process,-2.081459353529157,2.6026440652024183,3.0183485723232306,30230,179,584,9,1.5410958904109588,0.509724966965557,90|5311|5934|29086|51360|56984|84142|84446|84861,ACVR1|PKD2|RBL2|BABAM1|MBTPS2|PSMG2|ABRAXAS1|BRSK1|KLHL22,-0.6471728369550551,0,95,0,0,-3.1036381843520116,5.751522070015221,
1,-2.0804391568807614,GO:1901987,M1,1,0,GO Biological Processes,19,regulation of cell cycle phase transition,19_GO:0050789 regulation of biological process,-2.0804391568807614,1.8823163138231631,2.777974143038447,30230,495,584,18,3.0821917808219177,0.7151961986636398,90|2068|2071|5129|5311|5934|11200|29086|51360|51776|54617|56984|57520|80198|84142|84446|84861|440275,ACVR1|ERCC2|ERCC3|CDK18|PKD2|RBL2|CHEK2|BABAM1|MBTPS2|MAP3K20|INO80|PSMG2|HECW2|MUS81|ABRAXAS1|BRSK1|KLHL22|EIF2AK4,-0.6469116173935752,0,95,0,0,-3.1036381843520116,5.751522070015221,
1,-3.073188096344907,GO:0006641,M1,1,0,GO Biological Processes,19,triglyceride metabolic process,19_GO:0009987 cellular process,-3.073188096344907,4.586656840645049,4.480100679499427,30230,79,584,7,1.1986301369863013,0.45031628818687125,2710|3988|4547|9926|23175|23411|137695,GK|LIPA|MTTP|LPGAT1|LPIN1|SIRT1|TMEM68,-1.3430747731844996,0,96,1,1,-3.073188096344907,8.627283105022832,
1,-2.97315418358948,GO:0006639,M1,1,0,GO Biological Processes,19,acylglycerol metabolic process,19_GO:0009987 cellular process,-2.97315418358948,3.9066942362367536,4.207568783272445,30230,106,584,8,1.36986301369863,0.48099101587450915,2710|3988|4547|9489|9926|23175|23411|137695,GK|LIPA|MTTP|PGS1|LPGAT1|LPIN1|SIRT1|TMEM68,-1.2806656293188303,0,96,0,0,-3.073188096344907,8.627283105022832,
1,-2.9676695656645005,GO:0019432,M1,1,0,GO Biological Processes,19,triglyceride biosynthetic process,19_GO:0009987 cellular process,-2.9676695656645005,8.627283105022832,5.246433109697492,30230,24,584,4,0.684931506849315,0.341290910327769,2710|9926|23175|137695,GK|LPGAT1|LPIN1|TMEM68,-1.2778757117572648,0,96,0,0,-3.073188096344907,8.627283105022832,
1,-2.9466654374797785,GO:0006638,M1,1,0,GO Biological Processes,19,neutral lipid metabolic process,19_GO:0009987 cellular process,-2.9466654374797785,3.870183075150429,4.174338263895234,30230,107,584,8,1.36986301369863,0.48099101587450915,2710|3988|4547|9489|9926|23175|23411|137695,GK|LIPA|MTTP|PGS1|LPGAT1|LPIN1|SIRT1|TMEM68,-1.2630949477376394,0,96,0,0,-3.073188096344907,8.627283105022832,
1,-2.595929817179047,GO:0046460,M1,1,0,GO Biological Processes,19,neutral lipid biosynthetic process,19_GO:0009987 cellular process,-2.595929817179047,6.901826484018264,4.539195151104574,30230,30,584,4,0.684931506849315,0.341290910327769,2710|9926|23175|137695,GK|LPGAT1|LPIN1|TMEM68,-1.0155788143519715,0,96,0,0,-3.073188096344907,8.627283105022832,
1,-2.595929817179047,GO:0046463,M1,1,0,GO Biological Processes,19,acylglycerol biosynthetic process,19_GO:0009987 cellular process,-2.595929817179047,6.901826484018264,4.539195151104574,30230,30,584,4,0.684931506849315,0.341290910327769,2710|9926|23175|137695,GK|LPGAT1|LPIN1|TMEM68,-1.0155788143519715,0,96,0,0,-3.073188096344907,8.627283105022832,
1,-3.0254080431380626,GO:0031965,M1,1,0,GO Cellular Components,20,nuclear membrane,,-3.0254080431380626,2.6545486476993325,3.85431288191226,30230,273,584,14,2.3972602739726026,0.6329686127171638,1195|2733|10682|23001|23175|23399|23411|54884|55706|55852|64418|80013|80314|83862,CLK1|GLE1|EBP|WDFY3|LPIN1|CTDNEP1|SIRT1|RETSAT|NDC1|TEX2|TMEM168|MINDY3|EPC1|TMEM120A,-1.3116851361658244,0,97,1,1,-3.0254080431380626,2.6545486476993325,
1,-2.3692127674526837,GO:0005635,M1,1,0,GO Cellular Components,20,nuclear envelope,,-2.3692127674526837,2.012411609810941,3.081167726880213,30230,463,584,18,3.0821917808219177,0.7151961986636398,1195|2733|10682|23001|23175|23399|23411|23511|29107|50626|54884|55706|55852|64222|64418|80013|80314|83862,CLK1|GLE1|EBP|WDFY3|LPIN1|CTDNEP1|SIRT1|NUP188|NXT1|ZFTRAF1|RETSAT|NDC1|TEX2|TOR3A|TMEM168|MINDY3|EPC1|TMEM120A,-0.8515426225353668,0,97,0,0,-3.0254080431380626,2.6545486476993325,
1,-3.0018994494335294,GO:0045598,M1,1,0,GO Biological Processes,19,regulation of fat cell differentiation,19_GO:0032502 developmental process,-3.0018994494335294,3.297050868161591,4.050114707814951,30230,157,584,10,1.7123287671232876,0.536829873604794,406|1040|6095|23411|25819|51043|81029|83723|115825|201163,BMAL1|CDS1|RORA|SIRT1|NOCT|ZBTB7B|WNT5B|TLCD3B|WDFY2|FLCN,-1.2937535086828567,0,98,1,1,-3.0018994494335294,3.8629625843385806,
1,-2.712578715520406,WP3594,M1,1,0,WikiPathways,27,Circadian rhythm genes,,-2.712578715520406,2.8328392285149593,3.6592090975292297,30230,201,584,11,1.8835616438356164,0.5625412616790831,406|1958|4547|5563|5582|5602|6095|9915|23411|25819|114781,BMAL1|EGR1|MTTP|PRKAA2|PRKCG|MAPK10|RORA|ARNT2|SIRT1|NOCT|BTBD9,-1.097206267230411,0,98,0,0,-3.0018994494335294,3.8629625843385806,
1,-2.650727890315534,GO:0048511,M1,1,0,GO Biological Processes,19,rhythmic process,19_GO:0048511 rhythmic process,-2.650727890315534,2.520329895849366,3.5021607855999317,30230,267,584,13,2.2260273972602738,0.6104786211136067,406|1958|2562|4547|5563|5582|5602|6095|8850|23411|25819|59338|114781,BMAL1|EGR1|GABRB3|MTTP|PRKAA2|PRKCG|MAPK10|RORA|KAT2B|SIRT1|NOCT|PLEKHA1|BTBD9,-1.0569476724585036,0,98,0,0,-3.0018994494335294,3.8629625843385806,
1,-2.2232230350839584,GO:0007623,M1,1,0,GO Biological Processes,19,circadian rhythm,19_GO:0048511 rhythmic process,-2.2232230350839584,2.9579256360078277,3.2590001355307017,30230,140,584,8,1.36986301369863,0.48099101587450915,406|1958|2562|4547|6095|23411|25819|114781,BMAL1|EGR1|GABRB3|MTTP|RORA|SIRT1|NOCT|BTBD9,-0.7507774295664026,0,98,0,0,-3.0018994494335294,3.8629625843385806,
1,-2.019643454975625,GO:0032922,M1,1,0,GO Biological Processes,19,circadian regulation of gene expression,19_GO:0048511 rhythmic process,-2.019643454975625,3.8629625843385806,3.2926916955684216,30230,67,584,5,0.8561643835616438,0.3812457520636574,406|1958|6095|23411|25819,BMAL1|EGR1|RORA|SIRT1|NOCT,-0.6078956898116809,0,98,0,0,-3.0018994494335294,3.8629625843385806,
1,-2.999972220626244,hsa04625,M1,1,0,KEGG Pathway,24,C-type lectin receptor signaling pathway,,-2.999972220626244,3.943900848010437,4.2412079043203095,30230,105,584,8,1.36986301369863,0.48099101587450915,1540|1959|3551|5290|5580|5602|6300|6773,CYLD|EGR2|IKBKB|PIK3CA|PRKCD|MAPK10|MAPK12|STAT2,-1.2937535086828567,0,99,1,1,-2.999972220626244,5.751522070015221,
1,-2.894650460101536,hsa04931,M1,1,0,KEGG Pathway,24,Insulin resistance,,-2.894650460101536,3.79917054166143,4.109066564570713,30230,109,584,8,1.36986301369863,0.48099101587450915,3551|5290|5563|5580|5581|5602|11001|51422,IKBKB|PIK3CA|PRKAA2|PRKCD|PRKCE|MAPK10|SLC27A2|PRKAG2,-1.2292322327038527,0,99,0,0,-2.999972220626244,5.751522070015221,
1,-2.8308388912282703,hsa05166,M1,1,0,KEGG Pathway,24,Human T-cell leukemia virus 1 infection,,-2.8308388912282703,2.7730552837573392,3.738328791064696,30230,224,584,12,2.0547945205479454,0.5870422605221068,706|1958|1959|2353|3551|5290|5602|6908|8850|11200|29882|64682,TSPO|EGR1|EGR2|FOS|IKBKB|PIK3CA|MAPK10|TBP|KAT2B|CHEK2|ANAPC2|ANAPC1,-1.1860855743851602,0,99,0,0,-2.999972220626244,5.751522070015221,
1,-2.6823917814034015,hsa04930,M1,1,0,KEGG Pathway,24,Type II diabetes mellitus,,-2.6823917814034015,5.506776450014573,4.339792901236362,30230,47,584,5,0.8561643835616438,0.3812457520636574,3551|5290|5580|5581|5602,IKBKB|PIK3CA|PRKCD|PRKCE|MAPK10,-1.0784436697751574,0,99,0,0,-2.999972220626244,5.751522070015221,
1,-2.303162067975118,M271,M1,1,0,Canonical Pathways,11,PID PI3K PLC TRK PATHWAY,,-2.303162067975118,5.751522070015221,4.003676118934216,30230,36,584,4,0.684931506849315,0.341290910327769,1958|5290|5580|116986,EGR1|PIK3CA|PRKCD|AGAP2,-0.8067223549656912,0,99,0,0,-2.999972220626244,5.751522070015221,
1,-2.1504922381601745,WP4659,M1,1,0,WikiPathways,27,Gastrin signaling,,-2.1504922381601745,3.150833829660512,3.2433932374266066,30230,115,584,7,1.1986301369863013,0.45031628818687125,1958|2353|3551|5290|5580|5581|5587,EGR1|FOS|IKBKB|PIK3CA|PRKCD|PRKCE|PRKD1,-0.6956016470574627,0,99,0,0,-2.999972220626244,5.751522070015221,
1,-2.977063657728385,GO:0006390,M1,1,0,GO Biological Processes,19,mitochondrial transcription,19_GO:0009987 cellular process,-2.977063657728385,14.117372353673726,6.107147464569147,30230,11,584,3,0.5136986301369864,0.2958212874838213,51106|79736|84275,TFB1M|TEFM|SLC25A33,-1.2823034864608833,0,100,1,1,-2.977063657728385,14.117372353673726,
1,-2.977063657728385,GO:0010807,M1,1,0,GO Biological Processes,19,regulation of synaptic vesicle priming,19_GO:0051179 localization,-2.977063657728385,14.117372353673726,6.107147464569147,30230,11,584,3,0.5136986301369864,0.2958212874838213,9885|84446|134957,OSBPL2|BRSK1|STXBP5,-1.2823034864608833,0,101,1,1,-2.977063657728385,14.117372353673726,
1,-2.9765978415947956,GO:1901699,M1,1,0,GO Biological Processes,19,cellular response to nitrogen compound,19_GO:0050896 response to stimulus,-2.9765978415947956,2.0134988121933355,3.5699315126053905,30230,617,584,24,4.109589041095891,0.8214485430891646,1143|1958|2353|2562|4938|5286|5290|5311|5580|5587|6655|6778|8850|9465|9630|23038|23175|27244|57559|79109|84275|84861|340061|729438,CHRNB4|EGR1|FOS|GABRB3|OAS1|PIK3C2A|PIK3CA|PKD2|PRKCD|PRKD1|SOS2|STAT6|KAT2B|AKAP7|GNA14|WDTC1|LPIN1|SESN1|STAMBPL1|MAPKAP1|SLC25A33|KLHL22|STING1|CASTOR2,-1.2823034864608833,0,102,1,1,-2.9765978415947956,2.7244051910598417,
1,-2.7661860284599435,GO:0032868,M1,1,0,GO Biological Processes,19,response to insulin,19_GO:0050896 response to stimulus,-2.7661860284599435,2.7244051910598417,3.668317379768959,30230,228,584,12,2.0547945205479454,0.5870422605221068,1958|2353|5286|5290|6655|8850|23038|23175|23411|51043|79109|84275,EGR1|FOS|PIK3C2A|PIK3CA|SOS2|KAT2B|WDTC1|LPIN1|SIRT1|ZBTB7B|MAPKAP1|SLC25A33,-1.1341602006788738,0,102,0,0,-2.9765978415947956,2.7244051910598417,
1,-2.577813454437963,GO:0043434,M1,1,0,GO Biological Processes,19,response to peptide hormone,19_GO:0050896 response to stimulus,-2.577813454437963,2.162120090202282,3.312896066303425,30230,407,584,17,2.910958904109589,0.6956594987008953,1958|2353|5286|5290|5580|5582|5587|6655|6773|6778|8850|23038|23175|23411|51043|79109|84275,EGR1|FOS|PIK3C2A|PIK3CA|PRKCD|PRKCG|PRKD1|SOS2|STAT2|STAT6|KAT2B|WDTC1|LPIN1|SIRT1|ZBTB7B|MAPKAP1|SLC25A33,-1.002307221172598,0,102,0,0,-2.9765978415947956,2.7244051910598417,
1,-2.058546203401666,GO:0071375,M1,1,0,GO Biological Processes,19,cellular response to peptide hormone stimulus,19_GO:0050896 response to stimulus,-2.058546203401666,2.2184442270058713,2.874891895944904,30230,280,584,12,2.0547945205479454,0.5870422605221068,2353|5286|5290|5580|5587|6655|6778|8850|23038|23175|79109|84275,FOS|PIK3C2A|PIK3CA|PRKCD|PRKD1|SOS2|STAT6|KAT2B|WDTC1|LPIN1|MAPKAP1|SLC25A33,-0.6343481296880842,0,102,0,0,-2.9765978415947956,2.7244051910598417,
1,-2.9676695656645005,GO:0070498,M1,1,0,GO Biological Processes,19,interleukin-1-mediated signaling pathway,19_GO:0050896 response to stimulus,-2.9676695656645005,8.627283105022832,5.246433109697492,30230,24,584,4,0.684931506849315,0.341290910327769,1958|3551|4615|9252,EGR1|IKBKB|MYD88|RPS6KA5,-1.2778757117572648,0,103,1,1,-2.9676695656645005,8.627283105022832,
1,-2.368541017475227,GO:0071347,M1,1,0,GO Biological Processes,19,cellular response to interleukin-1,19_GO:0050896 response to stimulus,-2.368541017475227,3.9314201491243286,3.661643136071047,30230,79,584,6,1.0273972602739727,0.417272989913396,1958|3551|4615|5609|6095|9252,EGR1|IKBKB|MYD88|MAP2K7|RORA|RPS6KA5,-0.8515426225353668,0,103,0,0,-2.9676695656645005,8.627283105022832,
1,-2.1019497703771752,R-HSA-1834949,M1,1,0,Reactome Gene Sets,6,Cytosolic sensors of pathogen-associated DNA,,-2.1019497703771752,4.044038955479452,3.4215003699185114,30230,64,584,5,0.8561643835616438,0.3812457520636574,3551|4615|6778|55703|340061,IKBKB|MYD88|STAT6|POLR3B|STING1,-0.6636507007432527,0,103,0,0,-2.9676695656645005,8.627283105022832,
1,-2.958076938078883,GO:0002764,M1,1,0,GO Biological Processes,19,immune response-regulating signaling pathway,19_GO:0002376 immune system process,-2.958076938078883,2.2836925866236903,3.664021331977457,30230,408,584,18,3.0821917808219177,0.7151961986636398,673|1540|3551|4615|4938|5290|5580|5581|5602|5609|7410|7867|10451|25875|51324|54542|59338|340061,BRAF|CYLD|IKBKB|MYD88|OAS1|PIK3CA|PRKCD|PRKCE|MAPK10|MAP2K7|VAV2|MAPKAPK3|VAV3|LETMD1|SPG21|RC3H2|PLEKHA1|STING1,-1.2709611675720944,0,104,1,1,-2.958076938078883,6.0898468976631746,
1,-2.8906100921506495,GO:0050778,M1,1,0,GO Biological Processes,19,positive regulation of immune response,19_GO:0002376 immune system process,-2.8906100921506495,1.9226516634050879,3.4664929979417707,30230,700,584,26,4.4520547945205475,0.8534626164047334,673|1540|3551|3988|4292|4615|4938|5290|5580|5581|5587|6778|7410|7867|10451|10454|23411|25875|51324|54542|55703|57169|59338|84861|340061|440275,BRAF|CYLD|IKBKB|LIPA|MLH1|MYD88|OAS1|PIK3CA|PRKCD|PRKCE|PRKD1|STAT6|VAV2|MAPKAPK3|VAV3|TAB1|SIRT1|LETMD1|SPG21|RC3H2|POLR3B|ZNFX1|PLEKHA1|KLHL22|STING1|EIF2AK4,-1.2260376186364257,0,104,0,0,-2.958076938078883,6.0898468976631746,
1,-2.8863566707258084,GO:0002757,M1,1,0,GO Biological Processes,19,immune response-activating signaling pathway,19_GO:0002376 immune system process,-2.8863566707258084,2.386798784098535,3.646711057558654,30230,347,584,16,2.73972602739726,0.6754837232184769,673|1540|3551|4615|4938|5290|5580|5581|7410|7867|10451|25875|51324|54542|59338|340061,BRAF|CYLD|IKBKB|MYD88|OAS1|PIK3CA|PRKCD|PRKCE|VAV2|MAPKAPK3|VAV3|LETMD1|SPG21|RC3H2|PLEKHA1|STING1,-1.2234707798435203,0,104,0,0,-2.958076938078883,6.0898468976631746,
1,-2.784012396749225,GO:0002768,M1,1,0,GO Biological Processes,19,immune response-regulating cell surface receptor signaling pathway,19_GO:0002376 immune system process,-2.784012396749225,2.411352420658555,3.5735921383034035,30230,322,584,15,2.5684931506849313,0.6546097839047824,673|3551|4615|4938|5290|5580|5581|5602|5609|7410|10451|25875|51324|54542|59338,BRAF|IKBKB|MYD88|OAS1|PIK3CA|PRKCD|PRKCE|MAPK10|MAP2K7|VAV2|VAV3|LETMD1|SPG21|RC3H2|PLEKHA1,-1.1448733065163683,0,104,0,0,-2.958076938078883,6.0898468976631746,
1,-2.7224227137954107,GO:0002429,M1,1,0,GO Biological Processes,19,immune response-activating cell surface receptor signaling pathway,19_GO:0002376 immune system process,-2.7224227137954107,2.5684277946251175,3.5786692147816126,30230,262,584,13,2.2260273972602738,0.6104786211136067,673|3551|4615|4938|5290|5580|5581|7410|10451|25875|51324|54542|59338,BRAF|IKBKB|MYD88|OAS1|PIK3CA|PRKCD|PRKCE|VAV2|VAV3|LETMD1|SPG21|RC3H2|PLEKHA1,-1.103948911948027,0,104,0,0,-2.958076938078883,6.0898468976631746,
1,-2.545314722194166,GO:0002253,M1,1,0,GO Biological Processes,19,activation of immune response,19_GO:0002376 immune system process,-2.545314722194166,2.1462996992983627,3.279982669307063,30230,410,584,17,2.910958904109589,0.6956594987008953,673|1540|3551|4615|4938|5290|5580|5581|7410|7867|10451|25875|51324|54542|57169|59338|340061,BRAF|CYLD|IKBKB|MYD88|OAS1|PIK3CA|PRKCD|PRKCE|VAV2|MAPKAPK3|VAV3|LETMD1|SPG21|RC3H2|ZNFX1|PLEKHA1|STING1,-0.976637159203484,0,104,0,0,-2.958076938078883,6.0898468976631746,
1,-2.3938546896941575,GO:0034142,M1,1,0,GO Biological Processes,19,toll-like receptor 4 signaling pathway,19_GO:0044419 biological process involved in interspecies interaction between organisms,-2.3938546896941575,6.0898468976631746,4.167779468293621,30230,34,584,4,0.684931506849315,0.341290910327769,4615|4938|5581|25875,MYD88|OAS1|PRKCE|LETMD1,-0.8720173089608324,0,104,0,0,-2.958076938078883,6.0898468976631746,
1,-2.2788709601100945,GO:0002221,M1,1,0,GO Biological Processes,19,pattern recognition receptor signaling pathway,19_GO:0044419 biological process involved in interspecies interaction between organisms,-2.2788709601100945,3.022697730226977,3.3303800003257744,30230,137,584,8,1.36986301369863,0.48099101587450915,1540|3551|4615|4938|5581|7867|25875|340061,CYLD|IKBKB|MYD88|OAS1|PRKCE|MAPKAPK3|LETMD1|STING1,-0.788696587632107,0,104,0,0,-2.958076938078883,6.0898468976631746,
1,-2.260050371975874,GO:0140895,M1,1,0,GO Biological Processes,19,cell surface toll-like receptor signaling pathway,19_GO:0044419 biological process involved in interspecies interaction between organisms,-2.260050371975874,5.596075527582377,3.9261794637991274,30230,37,584,4,0.684931506849315,0.341290910327769,4615|4938|5581|25875,MYD88|OAS1|PRKCE|LETMD1,-0.7802009674970423,0,104,0,0,-2.958076938078883,6.0898468976631746,
1,-2.0367550293115544,GO:0002218,M1,1,0,GO Biological Processes,19,activation of innate immune response,19_GO:0044419 biological process involved in interspecies interaction between organisms,-2.0367550293115544,2.5597433388529276,2.962213180344624,30230,182,584,9,1.5410958904109588,0.509724966965557,1540|3551|4615|4938|5581|7867|25875|57169|340061,CYLD|IKBKB|MYD88|OAS1|PRKCE|MAPKAPK3|LETMD1|ZNFX1|STING1,-0.6144957734693594,0,104,0,0,-2.958076938078883,6.0898468976631746,
1,-2.9353530883413623,GO:0016197,M1,1,0,GO Biological Processes,19,endosomal transport,19_GO:0051179 localization,-2.9353530883413623,2.5974615800068737,3.762375361303684,30230,279,584,14,2.3972602739726026,0.6329686127171638,757|4642|8677|9897|23041|23074|23484|23585|30849|51542|54497|116986|124997|200576,TMEM50B|MYO1D|STX10|WASHC5|MON2|BLTP3B|LEPROTL1|TMEM50A|PIK3R4|VPS54|HEATR5B|AGAP2|WDR81|PIKFYVE,-1.254726302499958,0,105,1,1,-2.9353530883413623,5.4488103821196825,
1,-2.2183170675681576,GO:0045324,M1,1,0,GO Biological Processes,19,late endosome to vacuole transport,19_GO:0051179 localization,-2.2183170675681576,5.4488103821196825,3.8514566514414983,30230,38,584,4,0.684931506849315,0.341290910327769,757|23484|23585|30849,TMEM50B|LEPROTL1|TMEM50A|PIK3R4,-0.7480375238071094,0,105,0,0,-2.9353530883413623,5.4488103821196825,
1,-2.917245660717556,GO:0051174,M1,1,0,GO Biological Processes,19,regulation of phosphorus metabolic process,19_GO:0050789 regulation of biological process,-2.917245660717556,2.0282198781825396,3.5308496995108225,30230,587,584,23,3.9383561643835616,0.8048706259955334,20|21|673|706|4504|4615|5290|5563|5580|5934|6773|23175|23411|23682|51422|51527|54704|55181|57161|66036|115825|116986|201163,ABCA2|ABCA3|BRAF|TSPO|MT3|MYD88|PIK3CA|PRKAA2|PRKCD|RBL2|STAT2|LPIN1|SIRT1|RAB38|PRKAG2|GSKIP|PDP1|SMG8|PELI2|MTMR9|WDFY2|AGAP2|FLCN,-1.2398106138314466,0,106,1,1,-2.917245660717556,2.0282198781825396,
1,-2.626857948133682,GO:0031399,M1,1,0,GO Biological Processes,19,regulation of protein modification process,19_GO:0050789 regulation of biological process,-2.626857948133682,1.8937938523220852,3.2484000635586505,30230,656,584,24,4.109589041095891,0.8214485430891646,20|406|673|706|1958|4504|4615|5290|5581|5582|6773|8850|9821|23411|51527|55181|57161|60673|79139|84131|91947|115825|116986|201163,ABCA2|BMAL1|BRAF|TSPO|EGR1|MT3|MYD88|PIK3CA|PRKCE|PRKCG|STAT2|KAT2B|RB1CC1|SIRT1|GSKIP|SMG8|PELI2|ATG101|DERL1|CEP78|ARRDC4|WDFY2|AGAP2|FLCN,-1.0373635658667368,0,106,0,0,-2.917245660717556,2.0282198781825396,
1,-2.8985802501862126,GO:0071294,M1,1,0,GO Biological Processes,19,cellular response to zinc ion,19_GO:0050896 response to stimulus,-2.8985802501862126,8.282191780821918,5.112436869188562,30230,25,584,4,0.684931506849315,0.341290910327769,706|2562|4504|23400,TSPO|GABRB3|MT3|ATP13A2,-1.232314618652544,0,107,1,1,-2.8985802501862126,8.282191780821918,
1,-2.5246852795334065,GO:0010043,M1,1,0,GO Biological Processes,19,response to zinc ion,19_GO:0050896 response to stimulus,-2.5246852795334065,5.074872414719311,4.087727555726258,30230,51,584,5,0.8561643835616438,0.3812457520636574,706|2562|4504|23400|64924,TSPO|GABRB3|MT3|ATP13A2|SLC30A5,-0.9613943838242763,0,107,0,0,-2.8985802501862126,8.282191780821918,
1,-2.3938546896941575,GO:0006829,M1,1,0,GO Biological Processes,19,zinc ion transport,19_GO:0051179 localization,-2.3938546896941575,6.0898468976631746,4.167779468293621,30230,34,584,4,0.684931506849315,0.341290910327769,4504|10463|55676|64924,MT3|SLC30A9|SLC30A6|SLC30A5,-0.8720173089608324,0,107,0,0,-2.8985802501862126,8.282191780821918,
1,-2.303162067975118,WP3529,M1,1,0,WikiPathways,27,Zinc homeostasis,,-2.303162067975118,5.751522070015221,4.003676118934216,30230,36,584,4,0.684931506849315,0.341290910327769,4504|10463|55676|64924,MT3|SLC30A9|SLC30A6|SLC30A5,-0.8067223549656912,0,107,0,0,-2.8985802501862126,8.282191780821918,
1,-2.260050371975874,GO:0006882,M1,1,0,GO Biological Processes,19,intracellular zinc ion homeostasis,19_GO:0042592 homeostatic process,-2.260050371975874,5.596075527582377,3.9261794637991274,30230,37,584,4,0.684931506849315,0.341290910327769,4504|10463|23400|64924,MT3|SLC30A9|ATP13A2|SLC30A5,-0.7802009674970423,0,107,0,0,-2.8985802501862126,8.282191780821918,
1,-2.8985802501862126,GO:0140861,M1,1,0,GO Biological Processes,19,DNA repair-dependent chromatin remodeling,19_GO:0050896 response to stimulus,-2.8985802501862126,8.282191780821918,5.112436869188562,30230,25,584,4,0.684931506849315,0.341290910327769,9960|23411|25842|29086,USP3|SIRT1|ASF1A|BABAM1,-1.232314618652544,0,108,1,1,-2.8985802501862126,8.282191780821918,
1,-2.8702857016605754,GO:0017157,M1,1,0,GO Biological Processes,19,regulation of exocytosis,19_GO:0051179 localization,-2.8702857016605754,2.965628567351598,3.834880408214686,30230,192,584,11,1.8835616438356164,0.5625412616790831,673|5582|5873|6845|9783|10079|23400|25837|93664|134957|143425,BRAF|PRKCG|RAB27A|VAMP7|RIMS3|ATP9A|ATP13A2|RAB26|CADPS2|STXBP5|SYT9,-1.211246909921333,0,109,1,1,-2.8702857016605754,3.450913242009133,
1,-2.3419300106989183,GO:1903530,M1,1,0,GO Biological Processes,19,regulation of secretion by cell,19_GO:0051179 localization,-2.3419300106989183,1.8839474371453668,3.0089522129681794,30230,577,584,21,3.595890410958904,0.7704502033461142,406|673|706|1143|2182|5581|5582|5587|5873|6392|6845|9783|10079|23400|25837|56262|90550|93664|134957|143425|286097,BMAL1|BRAF|TSPO|CHRNB4|ACSL4|PRKCE|PRKCG|PRKD1|RAB27A|SDHD|VAMP7|RIMS3|ATP9A|ATP13A2|RAB26|LRRC8A|MCU|CADPS2|STXBP5|SYT9|MICU3,-0.8314983928305468,0,109,0,0,-2.8702857016605754,3.450913242009133,
1,-2.0949992200909238,GO:0046928,M1,1,0,GO Biological Processes,19,regulation of neurotransmitter secretion,19_GO:0051179 localization,-2.0949992200909238,3.450913242009133,3.268231644535835,30230,90,584,6,1.0273972602739727,0.417272989913396,673|1143|5582|9783|134957|286097,BRAF|CHRNB4|PRKCG|RIMS3|STXBP5|MICU3,-0.6594817825890875,0,109,0,0,-2.8702857016605754,3.450913242009133,
1,-2.8583824460202236,GO:0000012,M1,1,0,GO Biological Processes,19,single strand break repair,19_GO:0050896 response to stimulus,-2.8583824460202236,12.940924657534248,5.806721331393259,30230,12,584,3,0.5136986301369864,0.2958212874838213,3981|7374|23411,LIG4|UNG|SIRT1,-1.2054807760445365,0,110,1,1,-2.8583824460202236,12.940924657534248,
1,-2.1329900523897782,GO:0002204,M1,1,0,GO Biological Processes,19,somatic recombination of immunoglobulin genes involved in immune response,19_GO:0002376 immune system process,-2.1329900523897782,7.394814090019571,4.114382439239248,30230,21,584,3,0.5136986301369864,0.2958212874838213,3981|4292|7374,LIG4|MLH1|UNG,-0.6869163946108319,0,110,0,0,-2.8583824460202236,12.940924657534248,
1,-2.1329900523897782,GO:0045190,M1,1,0,GO Biological Processes,19,isotype switching,19_GO:0002376 immune system process,-2.1329900523897782,7.394814090019571,4.114382439239248,30230,21,584,3,0.5136986301369864,0.2958212874838213,3981|4292|7374,LIG4|MLH1|UNG,-0.6869163946108319,0,110,0,0,-2.8583824460202236,12.940924657534248,
1,-2.8326564596309938,GO:0007622,M1,1,0,GO Biological Processes,19,rhythmic behavior,19_GO:0032501 multicellular organismal process,-2.8326564596309938,7.963645943097998,4.985702804192252,30230,26,584,4,0.684931506849315,0.341290910327769,1958|1959|2562|114781,EGR1|EGR2|GABRB3|BTBD9,-1.1869016651706867,0,111,1,1,-2.8326564596309938,7.963645943097998,
1,-2.260050371975874,GO:0007616,M1,1,0,GO Biological Processes,19,long-term memory,19_GO:0032501 multicellular organismal process,-2.260050371975874,5.596075527582377,3.9261794637991274,30230,37,584,4,0.684931506849315,0.341290910327769,1958|57030|114781|440275,EGR1|SLC17A7|BTBD9|EIF2AK4,-0.7802009674970423,0,111,0,0,-2.8326564596309938,7.963645943097998,
1,-2.769642870412249,GO:0006308,M1,1,0,GO Biological Processes,19,DNA catabolic process,19_GO:0009987 cellular process,-2.769642870412249,7.668696093353628,4.865562197675781,30230,27,584,4,0.684931506849315,0.341290910327769,1677|23405|51542|80198,DFFB|DICER1|VPS54|MUS81,-1.1360463556319487,0,112,1,1,-2.769642870412249,11.945468914646998,
1,-2.7506904259463174,GO:0006309,M1,1,0,GO Biological Processes,19,apoptotic DNA fragmentation,19_GO:0009987 cellular process,-2.7506904259463174,11.945468914646998,5.540074915320181,30230,13,584,3,0.5136986301369864,0.2958212874838213,1677|23405|51542,DFFB|DICER1|VPS54,-1.1264339374201604,0,112,0,0,-2.769642870412249,11.945468914646998,
1,-2.0210060625959025,GO:0030262,M1,1,0,GO Biological Processes,19,apoptotic nuclear changes,19_GO:0009987 cellular process,-2.0210060625959025,6.7517867778439555,3.87300591322591,30230,23,584,3,0.5136986301369864,0.2958212874838213,1677|23405|51542,DFFB|DICER1|VPS54,-0.6078956898116809,0,112,0,0,-2.769642870412249,11.945468914646998,
1,-2.7675032602058574,GO:0031641,M1,1,0,GO Biological Processes,19,regulation of myelination,19_GO:0032502 developmental process,-2.7675032602058574,5.75152207001522,4.476913252926115,30230,45,584,5,0.8561643835616438,0.3812457520636574,1959|5129|8882|23175|23405,EGR2|CDK18|ZPR1|LPIN1|DICER1,-1.1346927990010562,0,113,1,1,-2.7675032602058574,7.394814090019571,
1,-2.1386915612527373,GO:0031646,M1,1,0,GO Biological Processes,19,positive regulation of nervous system process,19_GO:0048518 positive regulation of biological process,-2.1386915612527373,5.176369863013699,3.709647587530452,30230,40,584,4,0.684931506849315,0.341290910327769,1143|1959|5129|23405,CHRNB4|EGR2|CDK18|DICER1,-0.6874352548051196,0,113,0,0,-2.7675032602058574,7.394814090019571,
1,-2.1329900523897782,GO:0031643,M1,1,0,GO Biological Processes,19,positive regulation of myelination,19_GO:0032502 developmental process,-2.1329900523897782,7.394814090019571,4.114382439239248,30230,21,584,3,0.5136986301369864,0.2958212874838213,1959|5129|23405,EGR2|CDK18|DICER1,-0.6869163946108319,0,113,0,0,-2.7675032602058574,7.394814090019571,
1,-2.7506904259463174,GO:0035435,M1,1,0,GO Biological Processes,19,phosphate ion transmembrane transport,19_GO:0051179 localization,-2.7506904259463174,11.945468914646998,5.540074915320181,30230,13,584,3,0.5136986301369864,0.2958212874838213,1468|9213|57030,SLC25A10|XPR1|SLC17A7,-1.1264339374201604,0,114,1,1,-2.7506904259463174,11.945468914646998,
1,-2.2581094687161003,GO:0006817,M1,1,0,GO Biological Processes,19,phosphate ion transport,19_GO:0051179 localization,-2.2581094687161003,8.173215573179526,4.389786458079658,30230,19,584,3,0.5136986301369864,0.2958212874838213,1468|9213|57030,SLC25A10|XPR1|SLC17A7,-0.7802009674970423,0,114,0,0,-2.7506904259463174,11.945468914646998,
1,-2.7506904259463174,GO:0033106,M1,1,0,GO Cellular Components,20,cis-Golgi network membrane,,-2.7506904259463174,11.945468914646998,5.540074915320181,30230,13,584,3,0.5136986301369864,0.2958212874838213,6490|56927|339122,PMEL|GPR108|RAB43,-1.1264339374201604,0,115,1,1,-2.7506904259463174,11.945468914646998,
1,-2.6887234358444774,GO:0031175,M1,1,0,GO Biological Processes,19,neuron projection development,19_GO:0032502 developmental process,-2.6887234358444774,1.8589173541209412,3.283225811533652,30230,724,584,26,4.4520547945205475,0.8534626164047334,706|1600|1959|2562|5797|8100|8882|8925|9252|9638|10079|10479|23032|23405|51324|51542|51761|56978|80128|84446|90410|91137|123016|285527|440275|729920,TSPO|DAB1|EGR2|GABRB3|PTPRM|IFT88|ZPR1|HERC1|RPS6KA5|FEZ1|ATP9A|SLC9A6|USP33|DICER1|SPG21|VPS54|ATP8A2|PRDM8|TRIM46|BRSK1|IFT20|SLC25A46|TTC8|FRYL|EIF2AK4|CRPPA,-1.0803437094171584,0,116,1,1,-2.6887234358444774,1.9828836168802473,
1,-2.401742191574764,GO:0048812,M1,1,0,GO Biological Processes,19,neuron projection morphogenesis,19_GO:0032502 developmental process,-2.401742191574764,1.9828836168802473,3.097786819137231,30230,496,584,19,3.2534246575342465,0.7341448451657991,1959|2562|5797|9252|9638|10079|10479|23032|23405|51324|51542|51761|56978|80128|84446|91137|123016|440275|729920,EGR2|GABRB3|PTPRM|RPS6KA5|FEZ1|ATP9A|SLC9A6|USP33|DICER1|SPG21|VPS54|ATP8A2|PRDM8|TRIM46|BRSK1|SLC25A46|TTC8|EIF2AK4|CRPPA,-0.8720173089608324,0,116,0,0,-2.6887234358444774,1.9828836168802473,
1,-2.355591392269937,GO:0120039,M1,1,0,GO Biological Processes,19,plasma membrane bounded cell projection morphogenesis,19_GO:0032502 developmental process,-2.355591392269937,1.9630943592267518,3.050934004312736,30230,501,584,19,3.2534246575342465,0.7341448451657991,1959|2562|5797|9252|9638|10079|10479|23032|23405|51324|51542|51761|56978|80128|84446|91137|123016|440275|729920,EGR2|GABRB3|PTPRM|RPS6KA5|FEZ1|ATP9A|SLC9A6|USP33|DICER1|SPG21|VPS54|ATP8A2|PRDM8|TRIM46|BRSK1|SLC25A46|TTC8|EIF2AK4|CRPPA,-0.8421871790734747,0,116,0,0,-2.6887234358444774,1.9828836168802473,
1,-2.2947510719551496,GO:0007610,M1,1,0,GO Biological Processes,19,behavior,19_GO:0032501 multicellular organismal process,-2.2947510719551496,1.8066237761656307,2.938434284671906,30230,659,584,23,3.9383561643835616,0.8048706259955334,20|673|706|1143|1600|1958|1959|2353|2562|5581|5582|8850|51324|51542|51761|55362|55585|57030|84446|90410|91137|114781|440275,ABCA2|BRAF|TSPO|CHRNB4|DAB1|EGR1|EGR2|FOS|GABRB3|PRKCE|PRKCG|KAT2B|SPG21|VPS54|ATP8A2|TMEM63B|UBE2Q1|SLC17A7|BRSK1|IFT20|SLC25A46|BTBD9|EIF2AK4,-0.8006001362162231,0,116,0,0,-2.6887234358444774,1.9828836168802473,
1,-2.2923814798705897,GO:0048858,M1,1,0,GO Biological Processes,19,cell projection morphogenesis,19_GO:0032502 developmental process,-2.2923814798705897,1.9360438464027612,2.9862371604877804,30230,508,584,19,3.2534246575342465,0.7341448451657991,1959|2562|5797|9252|9638|10079|10479|23032|23405|51324|51542|51761|56978|80128|84446|91137|123016|440275|729920,EGR2|GABRB3|PTPRM|RPS6KA5|FEZ1|ATP9A|SLC9A6|USP33|DICER1|SPG21|VPS54|ATP8A2|PRDM8|TRIM46|BRSK1|SLC25A46|TTC8|EIF2AK4|CRPPA,-0.7988008587006908,0,116,0,0,-2.6887234358444774,1.9828836168802473,
1,-2.153648484383495,GO:0000902,M1,1,0,GO Biological Processes,19,cell morphogenesis,19_GO:0032502 developmental process,-2.153648484383495,1.73267610477446,2.786763980094335,30230,717,584,24,4.109589041095891,0.8214485430891646,1959|2562|3611|3988|5797|9252|9638|10079|10479|23032|23405|51324|51542|51761|56978|57728|80067|80128|84446|91137|123016|285527|440275|729920,EGR2|GABRB3|ILK|LIPA|PTPRM|RPS6KA5|FEZ1|ATP9A|SLC9A6|USP33|DICER1|SPG21|VPS54|ATP8A2|PRDM8|WDR19|DCAF17|TRIM46|BRSK1|SLC25A46|TTC8|FRYL|EIF2AK4|CRPPA,-0.6971909842500695,0,116,0,0,-2.6887234358444774,1.9828836168802473,
1,-2.0035819511132202,GO:0061564,M1,1,0,GO Biological Processes,19,axon development,19_GO:0032502 developmental process,-2.0035819511132202,1.9305808346904236,2.7245990011568817,30230,429,584,16,2.73972602739726,0.6754837232184769,706|1959|5797|8882|9252|9638|10479|23032|51324|51761|56978|80128|84446|91137|123016|729920,TSPO|EGR2|PTPRM|ZPR1|RPS6KA5|FEZ1|SLC9A6|USP33|SPG21|ATP8A2|PRDM8|TRIM46|BRSK1|SLC25A46|TTC8|CRPPA,-0.5937183298238276,0,116,0,0,-2.6887234358444774,1.9828836168802473,
1,-2.6630947013719624,GO:0010638,M1,1,0,GO Biological Processes,19,positive regulation of organelle organization,19_GO:0048518 positive regulation of biological process,-2.6630947013719624,2.0500474705004743,3.339865304346548,30230,505,584,20,3.4246575342465753,0.7525498597664905,673|3981|4931|5581|5587|5609|6836|8100|9639|10592|23032|54617|55062|55135|55160|90410|90550|93973|143425|253260,BRAF|LIG4|NVL|PRKCE|PRKD1|MAP2K7|SURF4|IFT88|ARHGEF10|SMC2|USP33|INO80|WIPI1|WRAP53|ARHGEF10L|IFT20|MCU|ACTR8|SYT9|RICTOR,-1.0628053686026995,0,117,1,1,-2.6630947013719624,3.450913242009132,
1,-2.3639243850599665,GO:2001252,M1,1,0,GO Biological Processes,19,positive regulation of chromosome organization,19_GO:0048518 positive regulation of biological process,-2.3639243850599665,3.450913242009132,3.5309723905401023,30230,105,584,7,1.1986301369863013,0.45031628818687125,3981|4931|5609|10592|54617|55135|93973,LIG4|NVL|MAP2K7|SMC2|INO80|WRAP53|ACTR8,-0.848127358747614,0,117,0,0,-2.6630947013719624,3.450913242009132,
1,-2.232721680955755,GO:0032204,M1,1,0,GO Biological Processes,19,regulation of telomere maintenance,19_GO:0050789 regulation of biological process,-2.232721680955755,3.2643773910897194,3.354480617673574,30230,111,584,7,1.1986301369863013,0.45031628818687125,4931|5609|23049|54617|55135|93973|167227,NVL|MAP2K7|SMG1|INO80|WRAP53|ACTR8|DCP2,-0.7586444098423681,0,117,0,0,-2.6630947013719624,3.450913242009132,
1,-2.652200194336592,GO:0031293,M1,1,0,GO Biological Processes,19,membrane protein intracellular domain proteolysis,19_GO:0009987 cellular process,-2.652200194336592,11.092221135029357,5.301118977971631,30230,14,584,3,0.5136986301369864,0.2958212874838213,51107|51360|84888,APH1A|MBTPS2|SPPL2A,-1.0569704391728139,0,118,1,1,-2.652200194336592,11.092221135029357,
1,-2.1329900523897782,GO:0070977,M1,1,0,GO Biological Processes,19,bone maturation,19_GO:0032502 developmental process,-2.1329900523897782,7.394814090019571,4.114382439239248,30230,21,584,3,0.5136986301369864,0.2958212874838213,10682|51360|57560,EBP|MBTPS2|IFT80,-0.6869163946108319,0,118,0,0,-2.652200194336592,11.092221135029357,
1,-2.6015724893895387,R-HSA-70268,M1,1,0,Reactome Gene Sets,6,Pyruvate metabolism,,-2.6015724893895387,5.282010064299691,4.210310961574756,30230,49,584,5,0.8561643835616438,0.3812457520636574,4289|10873|51660|54704|79018,MKLN1|ME3|MPC1|PDP1|GID4,-1.016322060913281,0,119,1,1,-2.6015724893895387,5.282010064299691,
1,-2.559341723201041,GO:0006997,M1,1,0,GO Biological Processes,19,nucleus organization,19_GO:0009987 cellular process,-2.559341723201041,3.0852535607366414,3.605378876948317,30230,151,584,9,1.5410958904109588,0.509724966965557,8882|11189|23175|23399|23411|55135|55706|80314|84942,ZPR1|CELF3|LPIN1|CTDNEP1|SIRT1|WRAP53|NDC1|EPC1|WDR73,-0.9893069888499418,0,120,1,1,-2.559341723201041,8.627283105022833,
1,-2.3265293461569967,GO:0030575,M1,1,0,GO Biological Processes,19,nuclear body organization,19_GO:0009987 cellular process,-2.3265293461569967,8.627283105022833,4.543093163657457,30230,18,584,3,0.5136986301369864,0.2958212874838213,8882|11189|55135,ZPR1|CELF3|WRAP53,-0.8219825674080725,0,120,0,0,-2.559341723201041,8.627283105022833,
1,-2.543390811620323,GO:0009792,M1,1,0,GO Biological Processes,19,embryo development ending in birth or egg hatching,19_GO:0032502 developmental process,-2.543390811620323,1.8381995252179328,3.158396822595772,30230,704,584,25,4.280821917808219,0.8376385138868881,90|2068|2182|3726|3981|5311|7274|8882|9742|9817|9915|9927|10454|23038|25902|26160|51542|54799|55764|57448|57718|57728|140467|201163|253260,ACVR1|ERCC2|ACSL4|JUNB|LIG4|PKD2|TTPA|ZPR1|IFT140|KEAP1|ARNT2|MFN2|TAB1|WDTC1|MTHFD1L|IFT172|VPS54|MBTD1|IFT122|BIRC6|PPP4R4|WDR19|ZNF358|FLCN|RICTOR,-0.9760661920350456,0,121,1,1,-2.543390811620323,2.1204406667766955,
1,-2.4920467646843076,GO:0001701,M1,1,0,GO Biological Processes,19,in utero embryonic development,19_GO:0032502 developmental process,-2.4920467646843076,2.1204406667766955,3.2257504500576983,30230,415,584,17,2.910958904109589,0.6956594987008953,90|2068|3726|3981|5311|7274|8882|9817|9915|9927|10454|23038|51542|57448|57718|57728|201163,ACVR1|ERCC2|JUNB|LIG4|PKD2|TTPA|ZPR1|KEAP1|ARNT2|MFN2|TAB1|WDTC1|VPS54|BIRC6|PPP4R4|WDR19|FLCN,-0.9410339084209286,0,121,0,0,-2.543390811620323,2.1204406667766955,
1,-2.101275102613637,GO:0043009,M1,1,0,GO Biological Processes,19,chordate embryonic development,19_GO:0032502 developmental process,-2.101275102613637,1.738051194880512,2.7423636138543603,30230,685,584,23,3.9383561643835616,0.8048706259955334,90|2068|3726|3981|5311|7274|8882|9742|9817|9915|9927|10454|23038|25902|26160|51542|54799|55764|57448|57718|57728|140467|201163,ACVR1|ERCC2|JUNB|LIG4|PKD2|TTPA|ZPR1|IFT140|KEAP1|ARNT2|MFN2|TAB1|WDTC1|MTHFD1L|IFT172|VPS54|MBTD1|IFT122|BIRC6|PPP4R4|WDR19|ZNF358|FLCN,-0.6636507007432527,0,121,0,0,-2.543390811620323,2.1204406667766955,
1,-2.4775850656192304,WP4705,M1,1,0,WikiPathways,27,Pathways of nucleic acid metabolism and innate immune sensing,,-2.4775850656192304,9.705693493150687,4.888712675651234,30230,16,584,3,0.5136986301369864,0.2958212874838213,4938|6041|340061,OAS1|RNASEL|STING1,-0.9313532459407559,0,122,1,1,-2.4775850656192304,9.705693493150687,
1,-2.2050464357070987,GO:0032479,M1,1,0,GO Biological Processes,19,regulation of type I interferon production,19_GO:0032501 multicellular organismal process,-2.2050464357070987,2.9369474400077724,3.235629430353265,30230,141,584,8,1.36986301369863,0.48099101587450915,1540|4615|4938|55703|79671|84861|91947|340061,CYLD|MYD88|OAS1|POLR3B|NLRX1|KLHL22|ARRDC4|STING1,-0.7363843779196696,0,122,0,0,-2.4775850656192304,9.705693493150687,
1,-2.1019497703771752,GO:0032648,M1,1,0,GO Biological Processes,19,regulation of interferon-beta production,19_GO:0032501 multicellular organismal process,-2.1019497703771752,4.044038955479452,3.4215003699185114,30230,64,584,5,0.8561643835616438,0.3812457520636574,4938|55703|79671|91947|340061,OAS1|POLR3B|NLRX1|ARRDC4|STING1,-0.6636507007432527,0,122,0,0,-2.4775850656192304,9.705693493150687,
1,-2.0278969560672713,GO:0032728,M1,1,0,GO Biological Processes,19,positive regulation of interferon-beta production,19_GO:0048518 positive regulation of biological process,-2.0278969560672713,4.815227779547627,3.5138238297216384,30230,43,584,4,0.684931506849315,0.341290910327769,4938|55703|91947|340061,OAS1|POLR3B|ARRDC4|STING1,-0.609489561234585,0,122,0,0,-2.4775850656192304,9.705693493150687,
1,-2.45712547929387,GO:0046889,M1,1,0,GO Biological Processes,19,positive regulation of lipid biosynthetic process,19_GO:0048518 positive regulation of biological process,-2.45712547929387,3.5875830733758303,3.655930166153055,30230,101,584,7,1.1986301369863013,0.45031628818687125,5580|6721|8850|9926|23399|23682|51360,PRKCD|SREBF2|KAT2B|LPGAT1|CTDNEP1|RAB38|MBTPS2,-0.9127544094954918,0,123,1,1,-2.45712547929387,3.5875830733758303,
1,-2.241584129206458,GO:0045834,M1,1,0,GO Biological Processes,19,positive regulation of lipid metabolic process,19_GO:0048518 positive regulation of biological process,-2.241584129206458,2.979205676554647,3.2825796997566967,30230,139,584,8,1.36986301369863,0.48099101587450915,5580|5581|6721|8850|9926|23399|23682|51360,PRKCD|PRKCE|SREBF2|KAT2B|LPGAT1|CTDNEP1|RAB38|MBTPS2,-0.7658690391240548,0,123,0,0,-2.45712547929387,3.5875830733758303,
1,-2.4416222210814436,GO:0006626,M1,1,0,GO Biological Processes,19,protein targeting to mitochondrion,19_GO:0051179 localization,-2.4416222210814436,6.274387712743877,4.254831670035159,30230,33,584,4,0.684931506849315,0.341290910327769,706|4285|9927|26521,TSPO|MIPEP|MFN2|TIMM8B,-0.90430585047957,0,124,1,1,-2.4416222210814436,6.274387712743877,
1,-2.433369143914971,GO:0033108,M1,1,0,GO Biological Processes,19,mitochondrial respiratory chain complex assembly,19_GO:0009987 cellular process,-2.433369143914971,3.5524106903035184,3.6241048274536936,30230,102,584,7,1.1986301369863013,0.45031628818687125,4540|4541|51300|54968|84275|91419|131474,ND5|ND6|TIMMDC1|TMEM70|SLC25A33|ATP23|CHCHD4,-0.8973115987796699,0,125,1,1,-2.433369143914971,5.05011693952556,
1,-2.347680437520558,WP4324,M1,1,0,WikiPathways,27,Mitochondrial complex I assembly model OXPHOS system,,-2.347680437520558,4.62175880626223,3.807433765077879,30230,56,584,5,0.8561643835616438,0.3812457520636574,4540|4541|4706|51300|54968,ND5|ND6|NDUFAB1|TIMMDC1|TMEM70,-0.8366559260694505,0,125,0,0,-2.433369143914971,5.05011693952556,
1,-2.10066656807626,GO:0010257,M1,1,0,GO Biological Processes,19,NADH dehydrogenase complex assembly,19_GO:0009987 cellular process,-2.10066656807626,5.05011693952556,3.642255344231163,30230,41,584,4,0.684931506849315,0.341290910327769,4540|4541|51300|54968,ND5|ND6|TIMMDC1|TMEM70,-0.6636507007432527,0,125,0,0,-2.433369143914971,5.05011693952556,
1,-2.10066656807626,GO:0032981,M1,1,0,GO Biological Processes,19,mitochondrial respiratory chain complex I assembly,19_GO:0009987 cellular process,-2.10066656807626,5.05011693952556,3.642255344231163,30230,41,584,4,0.684931506849315,0.341290910327769,4540|4541|51300|54968,ND5|ND6|TIMMDC1|TMEM70,-0.6636507007432527,0,125,0,0,-2.433369143914971,5.05011693952556,
1,-2.0659616419842286,hsa04723,M1,1,0,KEGG Pathway,24,Retrograde endocannabinoid signaling,,-2.0659616419842286,2.7792589868529927,3.055775391668533,30230,149,584,8,1.36986301369863,0.48099101587450915,2562|4540|4541|4706|5582|5602|6300|57030,GABRB3|ND5|ND6|NDUFAB1|PRKCG|MAPK10|MAPK12|SLC17A7,-0.639816056119642,0,125,0,0,-2.433369143914971,5.05011693952556,
1,-2.019643454975625,R-HSA-6799198,M1,1,0,Reactome Gene Sets,6,Complex I biogenesis,,-2.019643454975625,3.8629625843385806,3.2926916955684216,30230,67,584,5,0.8561643835616438,0.3812457520636574,4540|4541|4706|51300|119559,ND5|ND6|NDUFAB1|TIMMDC1|SFXN4,-0.6078956898116809,0,125,0,0,-2.433369143914971,5.05011693952556,
1,-2.4109553631164102,GO:0030097,M1,1,0,GO Biological Processes,19,hemopoiesis,19_GO:0032502 developmental process,-2.4109553631164102,1.7948577888397013,3.0319014598656437,30230,721,584,25,4.280821917808219,0.8376385138868881,673|1052|1540|1958|2068|2353|3726|3981|3988|4615|6095|6778|10682|23411|23456|29086|51043|51205|51522|51542|54542|56262|57560|84447|201163,BRAF|CEBPD|CYLD|EGR1|ERCC2|FOS|JUNB|LIG4|LIPA|MYD88|RORA|STAT6|EBP|SIRT1|ABCB10|BABAM1|ZBTB7B|ACP6|TMEM14C|VPS54|RC3H2|LRRC8A|IFT80|SYVN1|FLCN,-0.8782407801487248,0,126,1,1,-2.4109553631164102,2.930020677177565,
1,-2.4105199791734138,GO:0002285,M1,1,0,GO Biological Processes,19,lymphocyte activation involved in immune response,19_GO:0002376 immune system process,-2.4105199791734138,2.930020677177565,3.424694611041046,30230,159,584,9,1.5410958904109588,0.509724966965557,3981|4292|5873|6095|6778|6845|7374|54542|440275,LIG4|MLH1|RAB27A|RORA|STAT6|VAMP7|UNG|RC3H2|EIF2AK4,-0.8782407801487248,0,126,0,0,-2.4109553631164102,2.930020677177565,
1,-2.338529966566983,GO:0002366,M1,1,0,GO Biological Processes,19,leukocyte activation involved in immune response,19_GO:0002376 immune system process,-2.338529966566983,2.530669710806697,3.234530074949212,30230,225,584,11,1.8835616438356164,0.5625412616790831,3981|4292|4615|5581|5873|6095|6778|6845|7374|54542|440275,LIG4|MLH1|MYD88|PRKCE|RAB27A|RORA|STAT6|VAMP7|UNG|RC3H2|EIF2AK4,-0.8298721883949827,0,126,0,0,-2.4109553631164102,2.930020677177565,
1,-2.2820089300062576,GO:0002263,M1,1,0,GO Biological Processes,19,cell activation involved in immune response,19_GO:0002376 immune system process,-2.2820089300062576,2.4864658730633487,3.1691301876240314,30230,229,584,11,1.8835616438356164,0.5625412616790831,3981|4292|4615|5581|5873|6095|6778|6845|7374|54542|440275,LIG4|MLH1|MYD88|PRKCE|RAB27A|RORA|STAT6|VAMP7|UNG|RC3H2|EIF2AK4,-0.7907021071293621,0,126,0,0,-2.4109553631164102,2.930020677177565,
1,-2.222677036677902,GO:0002521,M1,1,0,GO Biological Processes,19,leukocyte differentiation,19_GO:0032502 developmental process,-2.222677036677902,1.9909114857744992,2.9455105744928716,30230,442,584,17,2.910958904109589,0.6956594987008953,673|1540|1958|2353|3726|3981|3988|4615|6095|6778|23411|51043|51542|54542|56262|57560|84447,BRAF|CYLD|EGR1|FOS|JUNB|LIG4|LIPA|MYD88|RORA|STAT6|SIRT1|ZBTB7B|VPS54|RC3H2|LRRC8A|IFT80|SYVN1,-0.7507739602526403,0,126,0,0,-2.4109553631164102,2.930020677177565,
1,-2.0811969968301516,GO:1903131,M1,1,0,GO Biological Processes,19,mononuclear cell differentiation,19_GO:0032502 developmental process,-2.0811969968301516,2.022019477739726,2.8288959849904214,30230,384,584,15,2.5684931506849313,0.6546097839047824,673|1540|1958|2353|3981|3988|4615|6095|6778|23411|51043|51542|54542|56262|84447,BRAF|CYLD|EGR1|FOS|LIG4|LIPA|MYD88|RORA|STAT6|SIRT1|ZBTB7B|VPS54|RC3H2|LRRC8A|SYVN1,-0.6471728369550551,0,126,0,0,-2.4109553631164102,2.930020677177565,
1,-2.069149183380033,GO:0001775,M1,1,0,GO Biological Processes,19,cell activation,19_GO:0032501 multicellular organismal process,-2.069149183380033,1.6828250529953508,2.692056290405757,30230,769,584,25,4.280821917808219,0.8376385138868881,673|1540|1958|3611|3981|3988|4292|4615|5290|5580|5581|5873|6095|6778|6845|7374|7410|10451|22821|51043|54542|56262|81704|84447|440275,BRAF|CYLD|EGR1|ILK|LIG4|LIPA|MLH1|MYD88|PIK3CA|PRKCD|PRKCE|RAB27A|RORA|STAT6|VAMP7|UNG|VAV2|VAV3|RASA3|ZBTB7B|RC3H2|LRRC8A|DOCK8|SYVN1|EIF2AK4,-0.642515351840747,0,126,0,0,-2.4109553631164102,2.930020677177565,
1,-2.3938546896941575,GO:0098554,M1,1,0,GO Cellular Components,20,cytoplasmic side of endoplasmic reticulum membrane,,-2.3938546896941575,6.0898468976631746,4.167779468293621,30230,34,584,4,0.684931506849315,0.341290910327769,5311|9517|29880|84888,PKD2|SPTLC2|ALG5|SPPL2A,-0.8720173089608324,0,127,1,1,-2.3938546896941575,6.0898468976631746,
1,-2.303162067975118,GO:0098553,M1,1,0,GO Cellular Components,20,lumenal side of endoplasmic reticulum membrane,,-2.303162067975118,5.751522070015221,4.003676118934216,30230,36,584,4,0.684931506849315,0.341290910327769,5311|10195|29929|84888,PKD2|ALG3|ALG6|SPPL2A,-0.8067223549656912,0,127,0,0,-2.3938546896941575,6.0898468976631746,
1,-2.3938546896941575,R-HSA-187687,M1,1,0,Reactome Gene Sets,6,Signalling to ERKs,,-2.3938546896941575,6.0898468976631746,4.167779468293621,30230,34,584,4,0.684931506849315,0.341290910327769,673|6016|6300|7867,BRAF|RIT1|MAPK12|MAPKAPK3,-0.8720173089608324,0,128,1,1,-2.3938546896941575,6.0898468976631746,
1,-2.3938546896941575,R-HSA-9634815,M1,1,0,Reactome Gene Sets,6,Transcriptional Regulation by NPAS4,,-2.3938546896941575,6.0898468976631746,4.167779468293621,30230,34,584,4,0.684931506849315,0.341290910327769,406|2353|9915|192670,BMAL1|FOS|ARNT2|AGO4,-0.8720173089608324,0,129,1,1,-2.3938546896941575,7.058686176836863,
1,-2.0755156377296666,R-HSA-9768919,M1,1,0,Reactome Gene Sets,6,NPAS4 regulates expression of target genes,,-2.0755156377296666,7.058686176836863,3.9899189499904946,30230,22,584,3,0.5136986301369864,0.2958212874838213,406|2353|9915,BMAL1|FOS|ARNT2,-0.645448630351987,0,129,0,0,-2.3938546896941575,7.058686176836863,
1,-2.338529966566983,GO:0030136,M1,1,0,GO Cellular Components,20,clathrin-coated vesicle,,-2.338529966566983,2.530669710806697,3.234530074949212,30230,225,584,11,1.8835616438356164,0.5625412616790831,5286|5873|6845|9179|27072|51324|54497|55062|57030|92840|143425,PIK3C2A|RAB27A|VAMP7|AP4M1|VPS41|SPG21|HEATR5B|WIPI1|SLC17A7|REEP6|SYT9,-0.8298721883949827,0,130,1,1,-2.338529966566983,2.530669710806697,
1,-2.333319400244293,GO:0030135,M1,1,0,GO Cellular Components,20,coated vesicle,,-2.333319400244293,2.229820864067439,3.1285773403133934,30230,325,584,14,2.3972602739726026,0.6329686127171638,5286|5873|6721|6836|6845|9179|27072|51324|54497|55062|57030|64924|92840|143425,PIK3C2A|RAB27A|SREBF2|SURF4|VAMP7|AP4M1|VPS41|SPG21|HEATR5B|WIPI1|SLC17A7|SLC30A5|REEP6|SYT9,-0.8258401695578353,0,130,0,0,-2.338529966566983,2.530669710806697,
1,-2.3362563263591474,GO:0006986,M1,1,0,GO Biological Processes,19,response to unfolded protein,19_GO:0050896 response to stimulus,-2.3362563263591474,3.090370067470865,3.4037405593942203,30230,134,584,8,1.36986301369863,0.48099101587450915,3310|9927|23411|23456|51360|79139|89890|339487,HSPA6|MFN2|SIRT1|ABCB10|MBTPS2|DERL1|KBTBD6|ZBTB8OS,-0.8281882217086993,0,131,1,1,-2.3362563263591474,3.090370067470865,
1,-2.0328582468137317,GO:0035966,M1,1,0,GO Biological Processes,19,response to topologically incorrect protein,19_GO:0050896 response to stimulus,-2.0328582468137317,2.742447609543681,3.0126714198817233,30230,151,584,8,1.36986301369863,0.48099101587450915,3310|9927|23411|23456|51360|79139|89890|339487,HSPA6|MFN2|SIRT1|ABCB10|MBTPS2|DERL1|KBTBD6|ZBTB8OS,-0.6115651637435572,0,131,0,0,-2.3362563263591474,3.090370067470865,
1,-2.309168052303239,GO:0005975,M1,1,0,GO Biological Processes,19,carbohydrate metabolic process,19_GO:0009987 cellular process,-2.309168052303239,2.0322930178113827,3.0366583253509547,30230,433,584,17,2.910958904109589,0.6956594987008953,1468|2710|3988|4547|4938|5290|6515|8505|9821|10020|11253|23038|26100|51172|51422|55062|64847,SLC25A10|GK|LIPA|MTTP|OAS1|PIK3CA|SLC2A3|PARG|RB1CC1|GNE|MAN1B1|WDTC1|WIPI2|NAGPA|PRKAG2|WIPI1|SPATA20,-0.8075340576582012,0,132,1,1,-2.309168052303239,2.0322930178113827,
1,-2.303346620660532,GO:0044297,M1,1,0,GO Cellular Components,20,cell body,,-2.303346620660532,1.9030771555197419,2.983209314790086,30230,544,584,20,3.4246575342465753,0.7525498597664905,673|2899|4642|5137|5563|5959|6515|6533|8882|9481|9638|9897|23001|23032|23400|23585|23682|55238|81539|114134,BRAF|GRIK3|MYO1D|PDE1C|PRKAA2|RDH5|SLC2A3|SLC6A6|ZPR1|SLC25A27|FEZ1|WASHC5|WDFY3|USP33|ATP13A2|TMEM50A|RAB38|SLC38A7|SLC38A1|SLC2A13,-0.8067223549656912,0,133,1,1,-2.303346620660532,1.9030771555197419,
1,-2.2820089300062576,GO:0032259,M1,1,0,GO Biological Processes,19,methylation,19_GO:0009987 cellular process,-2.2820089300062576,2.4864658730633487,3.1691301876240314,30230,229,584,11,1.8835616438356164,0.5625412616790831,2145|10785|27292|29081|51106|51108|56978|57570|60487|84274|90826,EZH1|WDR4|DIMT1|METTL5|TFB1M|METTL9|PRDM8|TRMT5|TRMT11|COQ5|PRMT9,-0.7907021071293621,0,134,1,1,-2.2820089300062576,3.4896875480991234,
1,-2.1180056401274445,GO:0001510,M1,1,0,GO Biological Processes,19,RNA methylation,19_GO:0009987 cellular process,-2.1180056401274445,3.4896875480991234,3.3013858367297915,30230,89,584,6,1.0273972602739727,0.417272989913396,10785|27292|29081|51106|57570|60487,WDR4|DIMT1|METTL5|TFB1M|TRMT5|TRMT11,-0.6769684988615129,0,134,0,0,-2.2820089300062576,3.4896875480991234,
1,-2.2232230350839584,WP5083,M1,1,0,WikiPathways,27,Neuroinflammation and glutamatergic signaling,,-2.2232230350839584,2.9579256360078277,3.2590001355307017,30230,140,584,8,1.36986301369863,0.48099101587450915,2353|2899|5582|6515|6778|56262|57030|81539,FOS|GRIK3|PRKCG|SLC2A3|STAT6|LRRC8A|SLC17A7|SLC38A1,-0.7507774295664026,0,135,1,1,-2.2232230350839584,2.9579256360078277,
1,-2.2134632498175275,GO:0043583,M1,1,0,GO Biological Processes,19,ear development,19_GO:0032502 developmental process,-2.2134632498175275,2.4333362603910547,3.089296594761504,30230,234,584,11,1.8835616438356164,0.5625412616790831,1052|2562|7485|8100|9481|26018|51761|57728|90410|123016|140469,CEBPD|GABRB3|GET1|IFT88|SLC25A27|LRIG1|ATP8A2|WDR19|IFT20|TTC8|MYO3B,-0.7442116556487768,0,136,1,1,-2.2134632498175275,2.5374362073596557,
1,-2.2134122063531856,GO:0007423,M1,1,0,GO Biological Processes,19,sensory organ development,19_GO:0032502 developmental process,-2.2134122063531856,1.804756529101448,2.8673184607896873,30230,631,584,22,3.767123287671233,0.7878802744630862,1052|2353|2562|3985|5145|5797|7485|8100|8736|9481|9742|9927|26018|51761|55764|57030|57728|81029|90410|114789|123016|140469,CEBPD|FOS|GABRB3|LIMK2|PDE6A|PTPRM|GET1|IFT88|MYOM1|SLC25A27|IFT140|MFN2|LRIG1|ATP8A2|IFT122|SLC17A7|WDR19|WNT5B|IFT20|SLC25A25|TTC8|MYO3B,-0.7442116556487768,0,136,0,0,-2.2134632498175275,2.5374362073596557,
1,-2.180960628596882,GO:0048839,M1,1,0,GO Biological Processes,19,inner ear development,19_GO:0032502 developmental process,-2.180960628596882,2.5374362073596557,3.092421684883755,30230,204,584,10,1.7123287671232876,0.536829873604794,1052|2562|7485|8100|9481|26018|51761|90410|123016|140469,CEBPD|GABRB3|GET1|IFT88|SLC25A27|LRIG1|ATP8A2|IFT20|TTC8|MYO3B,-0.718708937847801,0,136,0,0,-2.2134632498175275,2.5374362073596557,
1,-2.1937357974879457,GO:0043129,M1,1,0,GO Biological Processes,19,surfactant homeostasis,19_GO:0042592 homeostatic process,-2.1937357974879457,7.764554794520549,4.247311523436024,30230,20,584,3,0.5136986301369864,0.2958212874838213,21|4938|55362,ABCA3|OAS1|TMEM63B,-0.726685223857096,0,137,1,1,-2.1937357974879457,7.764554794520549,
1,-2.1515967565541114,WP4673,M1,1,0,WikiPathways,27,Male infertility,,-2.1515967565541114,2.8757610350076104,3.1667355115737417,30230,144,584,8,1.36986301369863,0.48099101587450915,406|2068|3981|4292|5192|5428|8476|54514,BMAL1|ERCC2|LIG4|MLH1|PEX10|POLG|CDC42BPA|DDX4,-0.695662187828723,0,138,1,1,-2.1515967565541114,2.8757610350076104,
1,-2.1474147560224375,GO:0010256,M1,1,0,GO Biological Processes,19,endomembrane system organization,19_GO:0009987 cellular process,-2.1474147560224375,1.8087149271761673,2.8106674234169238,30230,601,584,21,3.595890410958904,0.7704502033461142,3611|5587|5873|6836|7485|9382|9885|9897|10162|10239|23175|23399|23682|55362|57531|79803|80067|84131|84342|92840|339122,ILK|PRKD1|RAB27A|SURF4|GET1|COG1|OSBPL2|WASHC5|LPCAT3|AP3S2|LPIN1|CTDNEP1|RAB38|TMEM63B|HACE1|HPS6|DCAF17|CEP78|COG8|REEP6|RAB43,-0.6930452141506768,0,139,1,1,-2.1474147560224375,1.8087149271761673,
1,-2.1329900523897782,GO:0140042,M1,1,0,GO Biological Processes,19,lipid droplet formation,19_GO:0009987 cellular process,-2.1329900523897782,7.394814090019571,4.114382439239248,30230,21,584,3,0.5136986301369864,0.2958212874838213,1040|23761|26580,CDS1|PISD|BSCL2,-0.6869163946108319,0,140,1,1,-2.1329900523897782,7.394814090019571,
1,-2.0755156377296666,WP4722,M1,1,0,WikiPathways,27,Glycerolipids and glycerophospholipids,,-2.0755156377296666,7.058686176836863,3.9899189499904946,30230,22,584,3,0.5136986301369864,0.2958212874838213,1040|23761|81490,CDS1|PISD|PTDSS2,-0.645448630351987,0,140,0,0,-2.1329900523897782,7.394814090019571,
1,-2.0755156377296666,GO:0043369,M1,1,0,GO Biological Processes,19,"CD4-positive or CD8-positive, alpha-beta T cell lineage commitment",19_GO:0002376 immune system process,-2.0755156377296666,7.058686176836863,3.9899189499904946,30230,22,584,3,0.5136986301369864,0.2958212874838213,673|1540|6778,BRAF|CYLD|STAT6,-0.645448630351987,0,141,1,1,-2.0755156377296666,7.058686176836863,
1,-2.0723304947878103,GO:0035023,M1,1,0,GO Biological Processes,19,regulation of Rho protein signal transduction,19_GO:0050896 response to stimulus,-2.0723304947878103,3.412991118470571,3.2355436415067573,30230,91,584,6,1.0273972602739727,0.417272989913396,7126|9639|23348|81704|143872|201163,TNFAIP1|ARHGEF10|DOCK9|DOCK8|ARHGAP42|FLCN,-0.6444940193071214,0,142,1,1,-2.0723304947878103,6.7517867778439555,
1,-2.0210060625959025,GO:0035024,M1,1,0,GO Biological Processes,19,negative regulation of Rho protein signal transduction,19_GO:0048519 negative regulation of biological process,-2.0210060625959025,6.7517867778439555,3.87300591322591,30230,23,584,3,0.5136986301369864,0.2958212874838213,7126|143872|201163,TNFAIP1|ARHGAP42|FLCN,-0.6078956898116809,0,142,0,0,-2.0723304947878103,6.7517867778439555,
1,-2.0721059919848943,GO:0035264,M1,1,0,GO Biological Processes,19,multicellular organism growth,19_GO:0040007 growth,-2.0721059919848943,3.0449234488315873,3.137062764768754,30230,119,584,7,1.1986301369863013,0.45031628818687125,2068|23038|54542|57560|59338|114789|123016,ERCC2|WDTC1|RC3H2|IFT80|PLEKHA1|SLC25A25|TTC8,-0.6444940193071214,0,143,1,1,-2.0721059919848943,3.0449234488315873,
1,-2.070157120378459,GO:0051259,M1,1,0,GO Biological Processes,19,protein complex oligomerization,19_GO:0009987 cellular process,-2.070157120378459,2.2263956400058924,2.888432997023049,30230,279,584,12,2.0547945205479454,0.5870422605221068,4833|4938|5311|7126|9885|54968|54974|56262|63933|83862|90550|340061,NME4|OAS1|PKD2|TNFAIP1|OSBPL2|TMEM70|THG1L|LRRC8A|MCUR1|TMEM120A|MCU|STING1,-0.6430344936475603,0,144,1,1,-2.070157120378459,2.2263956400058924,
1,-2.049991787747691,GO:0032580,M1,1,0,GO Cellular Components,20,Golgi cisterna membrane,,-2.049991787747691,3.3758933889219778,3.2033095626447317,30230,92,584,6,1.0273972602739727,0.417272989913396,51107|51172|55454|57531|64924|124583,APH1A|NAGPA|CSGALNACT2|HACE1|SLC30A5|CANT1,-0.6265868962626144,0,145,1,1,-2.049991787747691,3.3758933889219778,
1,-2.0493300457280217,GO:2000377,M1,1,0,GO Biological Processes,19,regulation of reactive oxygen species metabolic process,19_GO:0050789 regulation of biological process,-2.0493300457280217,2.760730593607306,3.0341348980949103,30230,150,584,8,1.36986301369863,0.48099101587450915,22|706|4504|5580|5581|5873|84275|200576,ABCB7|TSPO|MT3|PRKCD|PRKCE|RAB27A|SLC25A33|PIKFYVE,-0.6265868962626144,0,146,1,1,-2.0493300457280217,2.760730593607306,
1,-2.0278969560672713,GO:0051298,M1,1,0,GO Biological Processes,19,centrosome duplication,19_GO:0009987 cellular process,-2.0278969560672713,4.815227779547627,3.5138238297216384,30230,43,584,4,0.684931506849315,0.341290910327769,5311|9639|23032|84446,PKD2|ARHGEF10|USP33|BRSK1,-0.609489561234585,0,147,1,1,-2.0278969560672713,4.815227779547627,
1,-2.0210060625959025,GO:0018279,M1,1,0,GO Biological Processes,19,protein N-linked glycosylation via asparagine,19_GO:0009987 cellular process,-2.0210060625959025,6.7517867778439555,3.87300591322591,30230,23,584,3,0.5136986301369864,0.2958212874838213,4249|29880|84061,MGAT5|ALG5|MAGT1,-0.6078956898116809,0,148,1,1,-2.0210060625959025,6.7517867778439555,
1,-2.016544047263607,GO:0120161,M1,1,0,GO Biological Processes,19,regulation of cold-induced thermogenesis,19_GO:0042592 homeostatic process,-2.016544047263607,2.7244051910598412,2.991382163253456,30230,152,584,8,1.36986301369863,0.48099101587450915,406|6778|9927|23175|25875|26580|51043|201163,BMAL1|STAT6|MFN2|LPIN1|LETMD1|BSCL2|ZBTB7B|FLCN,-0.6052680849509564,0,149,1,1,-2.016544047263607,2.7244051910598412,
1,-2.0062749907962574,GO:0002244,M1,1,0,GO Biological Processes,19,hematopoietic progenitor cell differentiation,19_GO:0032502 developmental process,-2.0062749907962574,3.304065870008744,3.140156374313346,30230,94,584,6,1.0273972602739727,0.417272989913396,673|1052|2068|3981|3988|51205,BRAF|CEBPD|ERCC2|LIG4|LIPA|ACP6,-0.5959410993126699,0,150,1,1,-2.0062749907962574,3.304065870008744,
