Category,CategoryID,GO,Description,PARENT_GO,LogP,Enrichment,Z-score,#TotalGeneInLibrary,#GeneInGO,#GeneInHitList,#GeneInGOAndHitList,%InGO,STDV %InGO,GeneID,Hits,Log(q-value),GeneList
GO Cellular Components,20,GO:0031966,mitochondrial membrane,,-19,3.9,12,30230,793,584,60,10,1.3,22|706|1468|2182|2710|4504|4508|4514|4540|4541|4706|4833|6391|6392|8834|9016|9481|9489|9927|10463|10975|23175|23456|23761|25875|26521|51300|51522|51537|51660|54968|54974|54996|55669|56997|57038|57169|57380|58472|60558|63933|79109|79671|81554|84129|84274|84275|84947|90550|91137|113612|114789|114971|119559|123096|157378|197257|221154|286097|340061,ABCB7|TSPO|SLC25A10|ACSL4|GK|MT3|ATP6|COX3|ND5|ND6|NDUFAB1|NME4|SDHC|SDHD|TMEM11|SLC25A14|SLC25A27|PGS1|MFN2|SLC30A9|UQCR11|LPIN1|ABCB10|PISD|LETMD1|TIMM8B|TIMMDC1|TMEM14C|MTFP1|MPC1|TMEM70|THG1L|MTARC2|MFN1|COQ8A|RARS2|ZNFX1|MRS2|SQOR|GUF1|MCUR1|MAPKAP1|NLRX1|RCC1L|ACAD11|COQ5|SLC25A33|SERAC1|MCU|SLC25A46|CYP2U1|SLC25A25|PTPMT1|SFXN4|SLC25A29|TMEM65|LDHD|MICU2|MICU3|STING1,-14,MyList
GO Biological Processes,19,GO:0090407,organophosphate biosynthetic process,19_GO:0009987 cellular process,-16,4.3,11,30230,565,584,47,8,1.1,1040|1468|2182|2710|2977|3988|4337|4508|4540|4541|4706|4833|5286|5287|5290|6391|6392|8443|9374|9489|9517|9677|9926|10020|10162|11001|23049|23167|23761|25875|26289|27132|30849|51205|51422|57605|64924|65258|81490|84302|84947|93100|93183|114971|128869|197322|200576,CDS1|SLC25A10|ACSL4|GK|GUCY1A2|LIPA|MOCS1|ATP6|ND5|ND6|NDUFAB1|NME4|PIK3C2A|PIK3C2B|PIK3CA|SDHC|SDHD|GNPAT|PPT2|PGS1|SPTLC2|PPIP5K1|LPGAT1|GNE|LPCAT3|SLC27A2|SMG1|EFR3A|PISD|LETMD1|AK5|CPNE7|PIK3R4|ACP6|PRKAG2|PITPNM2|SLC30A5|MPPE1|PTDSS2|PGAP4|SERAC1|NAPRT|PIGM|PTPMT1|PIGU|ACSF3|PIKFYVE,-12,MyList
GO Biological Processes,19,GO:0008610,lipid biosynthetic process,19_GO:0009987 cellular process,-16,4.2,11,30230,593,584,48,8.2,1.1,20|706|1040|1718|2182|2710|3988|4706|5286|5287|5290|5563|5587|6307|8443|9374|9489|9517|9926|10162|10682|10948|11001|23049|23167|23175|23761|25979|27132|30849|51205|51422|55825|57605|64924|65258|81490|83723|84302|84947|93183|114971|128869|137695|197322|200576|253260|729920,ABCA2|TSPO|CDS1|DHCR24|ACSL4|GK|LIPA|NDUFAB1|PIK3C2A|PIK3C2B|PIK3CA|PRKAA2|PRKD1|MSMO1|GNPAT|PPT2|PGS1|SPTLC2|LPGAT1|LPCAT3|EBP|STARD3|SLC27A2|SMG1|EFR3A|LPIN1|PISD|DHRS7B|CPNE7|PIK3R4|ACP6|PRKAG2|PECR|PITPNM2|SLC30A5|MPPE1|PTDSS2|TLCD3B|PGAP4|SERAC1|PIGM|PTPMT1|PIGU|TMEM68|ACSF3|PIKFYVE|RICTOR|CRPPA,-12,MyList
GO Cellular Components,20,GO:0005743,mitochondrial inner membrane,,-15,4.4,11,30230,508,584,43,7.4,1.1,22|1468|4508|4514|4540|4541|4706|4833|6391|6392|8834|9016|9481|9489|10975|23456|23761|25875|26521|51300|51522|51537|51660|54968|56997|57380|58472|60558|63933|81554|84129|84274|84275|90550|113612|114789|114971|119559|123096|157378|197257|221154|286097,ABCB7|SLC25A10|ATP6|COX3|ND5|ND6|NDUFAB1|NME4|SDHC|SDHD|TMEM11|SLC25A14|SLC25A27|PGS1|UQCR11|ABCB10|PISD|LETMD1|TIMM8B|TIMMDC1|TMEM14C|MTFP1|MPC1|TMEM70|COQ8A|MRS2|SQOR|GUF1|MCUR1|RCC1L|ACAD11|COQ5|SLC25A33|MCU|CYP2U1|SLC25A25|PTPMT1|SFXN4|SLC25A29|TMEM65|LDHD|MICU2|MICU3,-11,MyList
GO Cellular Components,20,GO:0019866,organelle inner membrane,,-15,4.1,11,30230,565,584,45,7.7,1.1,22|1468|4508|4514|4540|4541|4706|4833|6391|6392|8834|9016|9481|9489|10975|23411|23456|23761|25875|26521|51300|51522|51537|51660|54968|56997|57380|58472|60558|63933|81554|83862|84129|84274|84275|90550|113612|114789|114971|119559|123096|157378|197257|221154|286097,ABCB7|SLC25A10|ATP6|COX3|ND5|ND6|NDUFAB1|NME4|SDHC|SDHD|TMEM11|SLC25A14|SLC25A27|PGS1|UQCR11|SIRT1|ABCB10|PISD|LETMD1|TIMM8B|TIMMDC1|TMEM14C|MTFP1|MPC1|TMEM70|COQ8A|MRS2|SQOR|GUF1|MCUR1|RCC1L|TMEM120A|ACAD11|COQ5|SLC25A33|MCU|CYP2U1|SLC25A25|PTPMT1|SFXN4|SLC25A29|TMEM65|LDHD|MICU2|MICU3,-11,MyList
Reactome Gene Sets,6,R-HSA-556833,Metabolism of lipids,,-14,3.5,9.7,30230,757,584,51,8.7,1.2,406|416|706|1040|1718|2182|2710|4706|5286|5287|5290|5563|5587|6095|6307|6721|6837|8310|8443|9374|9439|9489|9517|9885|9915|9926|10162|10478|10682|10948|11001|23175|23761|25979|27132|30849|51205|51360|51422|54545|55825|56261|57605|59338|66036|81490|84129|113612|114971|197322|200576,BMAL1|ARSF|TSPO|CDS1|DHCR24|ACSL4|GK|NDUFAB1|PIK3C2A|PIK3C2B|PIK3CA|PRKAA2|PRKD1|RORA|MSMO1|SREBF2|MED22|ACOX3|GNPAT|PPT2|MED23|PGS1|SPTLC2|OSBPL2|ARNT2|LPGAT1|LPCAT3|SLC25A17|EBP|STARD3|SLC27A2|LPIN1|PISD|DHRS7B|CPNE7|PIK3R4|ACP6|MBTPS2|PRKAG2|MTMR12|PECR|GPCPD1|PITPNM2|PLEKHA1|MTMR9|PTDSS2|ACAD11|CYP2U1|PTPMT1|ACSF3|PIKFYVE,-10,MyList
GO Biological Processes,19,GO:0070647,protein modification by small protein conjugation or removal,19_GO:0009987 cellular process,-13,3.4,9.4,30230,782,584,51,8.7,1.2,373|1540|1959|5192|7126|7328|8925|9817|9960|11043|23032|23038|23113|23411|26001|26249|29761|29882|51255|54542|55128|55167|55585|55819|55958|57161|57448|57520|57531|57542|57558|57559|57560|63891|64682|64750|79786|80013|80067|84078|84219|84447|84669|84861|89890|91947|123228|142678|142685|151525|257218,TRIM23|CYLD|EGR2|PEX10|TNFAIP1|UBE2H|HERC1|KEAP1|USP3|MID2|USP33|WDTC1|CUL9|SIRT1|RNF167|KLHL3|USP25|ANAPC2|RNF181|RC3H2|TRIM68|MSL2|UBE2Q1|RNF130|KLHL9|PELI2|BIRC6|HECW2|HACE1|KLHL42|USP35|STAMBPL1|IFT80|RNF123|ANAPC1|SMURF2|KLHL36|MINDY3|DCAF17|KBTBD7|WDR24|SYVN1|USP32|KLHL22|KBTBD6|ARRDC4|SENP8|MIB2|ASB15|WDSUB1|SHPRH,-9.8,MyList
GO Biological Processes,19,GO:0045017,glycerolipid biosynthetic process,19_GO:0009987 cellular process,-13,6.2,11,30230,216,584,26,4.5,0.85,1040|2710|5286|5287|5290|8443|9489|9926|10162|23049|23167|23175|23761|27132|30849|51205|57605|64924|65258|81490|84302|93183|114971|128869|137695|200576,CDS1|GK|PIK3C2A|PIK3C2B|PIK3CA|GNPAT|PGS1|LPGAT1|LPCAT3|SMG1|EFR3A|LPIN1|PISD|CPNE7|PIK3R4|ACP6|PITPNM2|SLC30A5|MPPE1|PTDSS2|PGAP4|PIGM|PTPMT1|PIGU|TMEM68|PIKFYVE,-9.4,MyList
GO Biological Processes,19,GO:0046486,glycerolipid metabolic process,19_GO:0009987 cellular process,-13,4.8,10,30230,359,584,33,5.7,0.96,21|1040|2710|3988|4547|5286|5287|5290|8443|9489|9926|10162|23049|23167|23175|23411|23761|27132|30849|51205|56261|57605|64924|65258|66036|81490|84302|84947|93183|114971|128869|137695|200576,ABCA3|CDS1|GK|LIPA|MTTP|PIK3C2A|PIK3C2B|PIK3CA|GNPAT|PGS1|LPGAT1|LPCAT3|SMG1|EFR3A|LPIN1|SIRT1|PISD|CPNE7|PIK3R4|ACP6|GPCPD1|PITPNM2|SLC30A5|MPPE1|MTMR9|PTDSS2|PGAP4|SERAC1|PIGM|PTPMT1|PIGU|TMEM68|PIKFYVE,-9.3,MyList
GO Biological Processes,19,GO:0009267,cellular response to starvation,19_GO:0050896 response to stimulus,-12,6.4,11,30230,193,584,24,4.1,0.82,2353|5287|5563|5587|6721|6845|9213|9681|10325|23411|26001|26100|27072|27244|30849|51422|55062|64121|79726|84219|90550|93664|201163|440275,FOS|PIK3C2B|PRKAA2|PRKD1|SREBF2|VAMP7|XPR1|DEPDC5|RRAGB|SIRT1|RNF167|WIPI2|VPS41|SESN1|PIK3R4|PRKAG2|WIPI1|RRAGC|WDR59|WDR24|MCU|CADPS2|FLCN|EIF2AK4,-8.9,MyList
GO Biological Processes,19,GO:0031669,cellular response to nutrient levels,19_GO:0050896 response to stimulus,-12,5.6,10,30230,251,584,27,4.6,0.87,2353|5287|5563|5587|6721|6845|8850|9213|9681|10325|23411|26001|26100|27072|27244|30849|51422|55062|64121|79109|79726|84219|90550|93664|201163|253260|440275,FOS|PIK3C2B|PRKAA2|PRKD1|SREBF2|VAMP7|KAT2B|XPR1|DEPDC5|RRAGB|SIRT1|RNF167|WIPI2|VPS41|SESN1|PIK3R4|PRKAG2|WIPI1|RRAGC|MAPKAP1|WDR59|WDR24|MCU|CADPS2|FLCN|RICTOR|EIF2AK4,-8.8,MyList
GO Biological Processes,19,GO:1901137,carbohydrate derivative biosynthetic process,19_GO:0009987 cellular process,-12,3.7,9,30230,561,584,40,6.8,1,1468|1798|2710|2977|3988|4249|4508|4540|4541|4706|4833|6391|6392|8693|9517|10020|10195|10585|11253|25875|26035|26289|29880|29929|29954|51422|54916|55454|55624|64924|65258|84061|84302|91869|93183|114805|124583|128869|285203|729920,SLC25A10|DPAGT1|GK|GUCY1A2|LIPA|MGAT5|ATP6|ND5|ND6|NDUFAB1|NME4|SDHC|SDHD|GALNT4|SPTLC2|GNE|ALG3|POMT1|MAN1B1|LETMD1|GLCE|AK5|ALG5|ALG6|POMT2|PRKAG2|TMEM260|CSGALNACT2|POMGNT1|SLC30A5|MPPE1|MAGT1|PGAP4|RFT1|PIGM|GALNT13|CANT1|PIGU|EOGT|CRPPA,-8.5,MyList
GO Biological Processes,19,GO:0006650,glycerophospholipid metabolic process,19_GO:0009987 cellular process,-12,5.1,9.7,30230,285,584,28,4.8,0.88,21|1040|5286|5287|5290|8443|9489|9926|10162|23049|23167|23175|23761|27132|30849|51205|56261|57605|64924|65258|66036|81490|84302|84947|93183|114971|128869|200576,ABCA3|CDS1|PIK3C2A|PIK3C2B|PIK3CA|GNPAT|PGS1|LPGAT1|LPCAT3|SMG1|EFR3A|LPIN1|PISD|CPNE7|PIK3R4|ACP6|GPCPD1|PITPNM2|SLC30A5|MPPE1|MTMR9|PTDSS2|PGAP4|SERAC1|PIGM|PTPMT1|PIGU|PIKFYVE,-8.4,MyList
GO Biological Processes,19,GO:0016567,protein ubiquitination,19_GO:0009987 cellular process,-12,3.6,8.9,30230,594,584,41,7,1.1,373|5192|7126|7328|8925|9817|11043|23038|23113|23411|26001|26249|29882|51255|54542|55128|55167|55585|55819|55958|57161|57448|57520|57531|57542|57560|63891|64682|64750|79786|80067|84078|84219|84447|84861|89890|91947|142678|142685|151525|257218,TRIM23|PEX10|TNFAIP1|UBE2H|HERC1|KEAP1|MID2|WDTC1|CUL9|SIRT1|RNF167|KLHL3|ANAPC2|RNF181|RC3H2|TRIM68|MSL2|UBE2Q1|RNF130|KLHL9|PELI2|BIRC6|HECW2|HACE1|KLHL42|IFT80|RNF123|ANAPC1|SMURF2|KLHL36|DCAF17|KBTBD7|WDR24|SYVN1|KLHL22|KBTBD6|ARRDC4|MIB2|ASB15|WDSUB1|SHPRH,-8.3,MyList
GO Biological Processes,19,GO:0008654,phospholipid biosynthetic process,19_GO:0009987 cellular process,-11,5.4,9.6,30230,238,584,25,4.3,0.84,1040|5286|5287|5290|8443|9489|9517|9926|10162|23049|23167|23761|27132|30849|51205|57605|64924|65258|81490|84302|84947|93183|114971|128869|200576,CDS1|PIK3C2A|PIK3C2B|PIK3CA|GNPAT|PGS1|SPTLC2|LPGAT1|LPCAT3|SMG1|EFR3A|PISD|CPNE7|PIK3R4|ACP6|PITPNM2|SLC30A5|MPPE1|PTDSS2|PGAP4|SERAC1|PIGM|PTPMT1|PIGU|PIKFYVE,-7.9,MyList
GO Cellular Components,20,GO:0005774,vacuolar membrane,,-11,3.7,8.7,30230,518,584,37,6.3,1,20|21|373|1185|1186|5587|6836|6845|9681|9821|10325|10948|23001|23400|23461|26001|26100|26503|27072|54978|55062|55238|55362|56262|64121|79109|79726|79803|84061|84219|84888|124997|200576|201163|201931|253260|340061,ABCA2|ABCA3|TRIM23|CLCN6|CLCN7|PRKD1|SURF4|VAMP7|DEPDC5|RB1CC1|RRAGB|STARD3|WDFY3|ATP13A2|ABCA5|RNF167|WIPI2|SLC17A5|VPS41|SLC35F6|WIPI1|SLC38A7|TMEM63B|LRRC8A|RRAGC|MAPKAP1|WDR59|HPS6|MAGT1|WDR24|SPPL2A|WDR81|PIKFYVE|FLCN|TMEM192|RICTOR|STING1,-7.8,MyList
GO Biological Processes,19,GO:0006644,phospholipid metabolic process,19_GO:0009987 cellular process,-11,4.3,8.8,30230,362,584,30,5.1,0.91,20|21|1040|5286|5287|5290|8443|9489|9517|9926|10162|23049|23167|23175|23761|27132|30849|51205|56261|57605|64924|65258|66036|81490|84302|84947|93183|114971|128869|200576,ABCA2|ABCA3|CDS1|PIK3C2A|PIK3C2B|PIK3CA|GNPAT|PGS1|SPTLC2|LPGAT1|LPCAT3|SMG1|EFR3A|LPIN1|PISD|CPNE7|PIK3R4|ACP6|GPCPD1|PITPNM2|SLC30A5|MPPE1|MTMR9|PTDSS2|PGAP4|SERAC1|PIGM|PTPMT1|PIGU|PIKFYVE,-7.4,MyList
GO Biological Processes,19,GO:0046474,glycerophospholipid biosynthetic process,19_GO:0009987 cellular process,-11,5.9,9.6,30230,193,584,22,3.8,0.79,1040|5286|5287|5290|8443|9489|10162|23049|23167|23761|27132|30849|51205|57605|64924|65258|81490|84302|93183|114971|128869|200576,CDS1|PIK3C2A|PIK3C2B|PIK3CA|GNPAT|PGS1|LPCAT3|SMG1|EFR3A|PISD|CPNE7|PIK3R4|ACP6|PITPNM2|SLC30A5|MPPE1|PTDSS2|PGAP4|PIGM|PTPMT1|PIGU|PIKFYVE,-7.4,MyList
GO Biological Processes,19,GO:0042594,response to starvation,19_GO:0050896 response to stimulus,-11,5.4,9.3,30230,232,584,24,4.1,0.82,2353|5287|5563|5587|6721|6845|9213|9681|10325|23411|26001|26100|27072|27244|30849|51422|55062|64121|79726|84219|90550|93664|201163|440275,FOS|PIK3C2B|PRKAA2|PRKD1|SREBF2|VAMP7|XPR1|DEPDC5|RRAGB|SIRT1|RNF167|WIPI2|VPS41|SESN1|PIK3R4|PRKAG2|WIPI1|RRAGC|WDR59|WDR24|MCU|CADPS2|FLCN|EIF2AK4,-7.4,MyList
GO Biological Processes,19,GO:0032446,protein modification by small protein conjugation,19_GO:0009987 cellular process,-10,3.2,8.2,30230,671,584,42,7.2,1.1,373|1959|5192|7126|7328|8925|9817|11043|23038|23113|23411|26001|26249|29882|51255|54542|55128|55167|55585|55819|55958|57161|57448|57520|57531|57542|57560|63891|64682|64750|79786|80067|84078|84219|84447|84861|89890|91947|142678|142685|151525|257218,TRIM23|EGR2|PEX10|TNFAIP1|UBE2H|HERC1|KEAP1|MID2|WDTC1|CUL9|SIRT1|RNF167|KLHL3|ANAPC2|RNF181|RC3H2|TRIM68|MSL2|UBE2Q1|RNF130|KLHL9|PELI2|BIRC6|HECW2|HACE1|KLHL42|IFT80|RNF123|ANAPC1|SMURF2|KLHL36|DCAF17|KBTBD7|WDR24|SYVN1|KLHL22|KBTBD6|ARRDC4|MIB2|ASB15|WDSUB1|SHPRH,-7.4,MyList
GO Biological Processes,19,GO:0010506,regulation of autophagy,19_GO:0050789 regulation of biological process,-9.5,4,8.2,30230,374,584,29,5,0.9,373|706|5286|5290|5563|5587|6721|8925|9517|9638|9681|9817|9821|10325|11043|23032|23400|23411|27244|30849|55062|60673|64121|66036|84219|84861|90423|201163|340061,TRIM23|TSPO|PIK3C2A|PIK3CA|PRKAA2|PRKD1|SREBF2|HERC1|SPTLC2|FEZ1|DEPDC5|KEAP1|RB1CC1|RRAGB|MID2|USP33|ATP13A2|SIRT1|SESN1|PIK3R4|WIPI1|ATG101|RRAGC|MTMR9|WDR24|KLHL22|ATP6V1E2|FLCN|STING1,-6.5,MyList
GO Biological Processes,19,GO:0006869,lipid transport,19_GO:0051179 localization,-9.4,4.1,8.2,30230,354,584,28,4.8,0.88,20|21|24|706|1468|3988|4547|4833|5375|6836|7274|9885|10079|10478|10948|11001|23074|23461|51542|51761|55362|55852|57605|57655|84947|91869|116362|153768,ABCA2|ABCA3|ABCA4|TSPO|SLC25A10|LIPA|MTTP|NME4|PMP2|SURF4|TTPA|OSBPL2|ATP9A|SLC25A17|STARD3|SLC27A2|BLTP3B|ABCA5|VPS54|ATP8A2|TMEM63B|TEX2|PITPNM2|GRAMD1A|SERAC1|RFT1|RBP7|PRELID2,-6.4,MyList
GO Biological Processes,19,GO:0010876,lipid localization,19_GO:0051179 localization,-9.4,4.1,8.2,30230,355,584,28,4.8,0.88,20|21|24|706|1468|3988|4547|4833|5375|6836|7274|9885|10079|10478|10948|11001|23074|23461|51542|51761|55362|55852|57605|57655|84947|91869|116362|153768,ABCA2|ABCA3|ABCA4|TSPO|SLC25A10|LIPA|MTTP|NME4|PMP2|SURF4|TTPA|OSBPL2|ATP9A|SLC25A17|STARD3|SLC27A2|BLTP3B|ABCA5|VPS54|ATP8A2|TMEM63B|TEX2|PITPNM2|GRAMD1A|SERAC1|RFT1|RBP7|PRELID2,-6.4,MyList
GO Biological Processes,19,GO:0141124,intracellular signaling cassette,19_GO:0050896 response to stimulus,-9.3,2.9,7.5,30230,793,584,44,7.5,1.1,673|1052|1121|1600|1718|2353|2899|2977|3551|3611|3726|3988|4615|5286|5287|5290|5311|5580|5587|5602|5609|6016|6300|6655|7410|7867|9138|9986|10451|10454|10900|23348|23682|25875|30849|51776|55103|57531|57560|59338|64121|81704|90550|440275,BRAF|CEBPD|CHM|DAB1|DHCR24|FOS|GRIK3|GUCY1A2|IKBKB|ILK|JUNB|LIPA|MYD88|PIK3C2A|PIK3C2B|PIK3CA|PKD2|PRKCD|PRKD1|MAPK10|MAP2K7|RIT1|MAPK12|SOS2|VAV2|MAPKAPK3|ARHGEF1|RCE1|VAV3|TAB1|RUNDC3A|DOCK9|RAB38|LETMD1|PIK3R4|MAP3K20|RALGPS2|HACE1|IFT80|PLEKHA1|RRAGC|DOCK8|MCU|EIF2AK4,-6.3,MyList
GO Cellular Components,20,GO:0005759,mitochondrial matrix,,-9.2,3.3,7.7,30230,541,584,35,6,0.98,1757|4285|4337|4706|4833|5428|6041|8505|9238|9489|10157|10873|22868|23395|25902|51106|51205|51601|54704|54802|55149|56922|57038|57570|60558|64172|64745|79736|80324|81554|84266|84274|84340|84461|197322,SARDH|MIPEP|MOCS1|NDUFAB1|NME4|POLG|RNASEL|PARG|TBRG4|PGS1|AASS|ME3|FASTKD2|LARS2|MTHFD1L|TFB1M|ACP6|LIPT1|PDP1|TRIT1|MTPAP|MCCC1|RARS2|TRMT5|GUF1|OSGEPL1|METTL17|TEFM|PUS1|RCC1L|ALKBH7|COQ5|GFM2|NEURL4|ACSF3,-6.2,MyList
Reactome Gene Sets,6,R-HSA-1483257,Phospholipid metabolism,,-8.9,5.1,8.5,30230,212,584,21,3.6,0.77,1040|5286|5287|5290|8443|9489|9926|10162|23175|23761|27132|30849|51205|54545|56261|57605|59338|66036|81490|114971|200576,CDS1|PIK3C2A|PIK3C2B|PIK3CA|GNPAT|PGS1|LPGAT1|LPCAT3|LPIN1|PISD|CPNE7|PIK3R4|ACP6|MTMR12|GPCPD1|PITPNM2|PLEKHA1|MTMR9|PTDSS2|PTPMT1|PIKFYVE,-6,MyList
GO Biological Processes,19,GO:0031667,response to nutrient levels,19_GO:0050896 response to stimulus,-8.7,3.4,7.5,30230,509,584,33,5.7,0.96,706|1143|2353|3988|5287|5563|5587|6721|6845|8850|9213|9681|10325|23411|26001|26100|27072|27244|29086|30849|51422|55062|64121|79109|79726|84219|90550|93664|114789|160897|201163|253260|440275,TSPO|CHRNB4|FOS|LIPA|PIK3C2B|PRKAA2|PRKD1|SREBF2|VAMP7|KAT2B|XPR1|DEPDC5|RRAGB|SIRT1|RNF167|WIPI2|VPS41|SESN1|BABAM1|PIK3R4|PRKAG2|WIPI1|RRAGC|MAPKAP1|WDR59|WDR24|MCU|CADPS2|SLC25A25|GPR180|FLCN|RICTOR|EIF2AK4,-5.8,MyList
KEGG Pathway,24,hsa04150,mTOR signaling pathway,,-8.7,5.9,8.7,30230,158,584,18,3.1,0.72,673|3551|5290|5563|5582|6655|9681|10325|23175|64121|79109|79726|81029|84219|90423|201163|253260|729438,BRAF|IKBKB|PIK3CA|PRKAA2|PRKCG|SOS2|DEPDC5|RRAGB|LPIN1|RRAGC|MAPKAP1|WDR59|WNT5B|WDR24|ATP6V1E2|FLCN|RICTOR|CASTOR2,-5.8,MyList
Reactome Gene Sets,6,R-HSA-73887,Death Receptor Signaling,,-8.2,6.3,8.5,30230,132,584,16,2.7,0.68,1540|3551|4615|6655|7410|8439|9138|9639|10451|10454|23229|50649|51107|55160|84888|142678,CYLD|IKBKB|MYD88|SOS2|VAV2|NSMAF|ARHGEF1|ARHGEF10|VAV3|TAB1|ARHGEF9|ARHGEF4|APH1A|ARHGEF10L|SPPL2A|MIB2,-5.3,MyList
GO Cellular Components,20,GO:0030991,intraciliary transport particle A,,-8.2,18,11,30230,23,584,8,1.4,0.48,8100|9742|26160|55764|57560|57728|79809|90410,IFT88|IFT140|IFT172|IFT122|IFT80|WDR19|TTC21B|IFT20,-5.3,MyList
GO Cellular Components,20,GO:0030990,intraciliary transport particle,,-7.8,17,11,30230,25,584,8,1.4,0.48,8100|9742|26160|55764|57560|57728|79809|90410,IFT88|IFT140|IFT172|IFT122|IFT80|WDR19|TTC21B|IFT20,-5,MyList
GO Cellular Components,20,GO:0005765,lysosomal membrane,,-7.8,3.3,7.1,30230,471,584,30,5.1,0.91,20|21|373|1185|1186|6836|6845|9681|10325|10948|23400|23461|26001|26503|27072|54978|55238|55362|56262|64121|79109|79726|79803|84061|84219|84888|124997|201163|201931|253260,ABCA2|ABCA3|TRIM23|CLCN6|CLCN7|SURF4|VAMP7|DEPDC5|RRAGB|STARD3|ATP13A2|ABCA5|RNF167|SLC17A5|VPS41|SLC35F6|SLC38A7|TMEM63B|LRRC8A|RRAGC|MAPKAP1|WDR59|HPS6|MAGT1|WDR24|SPPL2A|WDR81|FLCN|TMEM192|RICTOR,-5,MyList
GO Cellular Components,20,GO:0098852,lytic vacuole membrane,,-7.8,3.3,7.1,30230,471,584,30,5.1,0.91,20|21|373|1185|1186|6836|6845|9681|10325|10948|23400|23461|26001|26503|27072|54978|55238|55362|56262|64121|79109|79726|79803|84061|84219|84888|124997|201163|201931|253260,ABCA2|ABCA3|TRIM23|CLCN6|CLCN7|SURF4|VAMP7|DEPDC5|RRAGB|STARD3|ATP13A2|ABCA5|RNF167|SLC17A5|VPS41|SLC35F6|SLC38A7|TMEM63B|LRRC8A|RRAGC|MAPKAP1|WDR59|HPS6|MAGT1|WDR24|SPPL2A|WDR81|FLCN|TMEM192|RICTOR,-5,MyList
GO Biological Processes,19,GO:0032006,regulation of TOR signaling,19_GO:0050896 response to stimulus,-7.8,5.5,8,30230,160,584,17,2.9,0.7,406|5290|5563|9681|10325|23411|26001|27244|57559|64121|79726|84219|84669|84861|201163|253260|729438,BMAL1|PIK3CA|PRKAA2|DEPDC5|RRAGB|SIRT1|RNF167|SESN1|STAMBPL1|RRAGC|WDR59|WDR24|USP32|KLHL22|FLCN|RICTOR|CASTOR2,-5,MyList
Reactome Gene Sets,6,R-HSA-983168,Antigen processing: Ubiquitination & Proteasome degradation,,-7.7,4,7.3,30230,296,584,23,3.9,0.8,7328|8925|9817|26249|29882|54620|55336|55585|55819|55958|57520|57531|57542|63891|64682|64750|84078|84861|89890|115290|126433|142678|142685,UBE2H|HERC1|KEAP1|KLHL3|ANAPC2|FBXL19|FBXL8|UBE2Q1|RNF130|KLHL9|HECW2|HACE1|KLHL42|RNF123|ANAPC1|SMURF2|KBTBD7|KLHL22|KBTBD6|FBXO17|FBXO27|MIB2|ASB15,-4.9,MyList
GO Biological Processes,19,GO:0046488,phosphatidylinositol metabolic process,19_GO:0009987 cellular process,-7.7,5.8,8,30230,144,584,16,2.7,0.68,1040|5286|5287|5290|9926|23049|23167|30849|57605|64924|65258|66036|84302|93183|128869|200576,CDS1|PIK3C2A|PIK3C2B|PIK3CA|LPGAT1|SMG1|EFR3A|PIK3R4|PITPNM2|SLC30A5|MPPE1|MTMR9|PGAP4|PIGM|PIGU|PIKFYVE,-4.8,MyList
Reactome Gene Sets,6,R-HSA-983169,Class I MHC mediated antigen processing & presentation,,-7.6,3.6,7.1,30230,373,584,26,4.5,0.85,3551|4615|7328|8925|9817|26249|29882|30849|54620|55336|55585|55819|55958|57520|57531|57542|63891|64682|64750|84078|84861|89890|115290|126433|142678|142685,IKBKB|MYD88|UBE2H|HERC1|KEAP1|KLHL3|ANAPC2|PIK3R4|FBXL19|FBXL8|UBE2Q1|RNF130|KLHL9|HECW2|HACE1|KLHL42|RNF123|ANAPC1|SMURF2|KBTBD7|KLHL22|KBTBD6|FBXO17|FBXO27|MIB2|ASB15,-4.8,MyList
GO Cellular Components,20,GO:0097542,ciliary tip,,-7.4,10,9.2,30230,51,584,10,1.7,0.54,1540|8100|9742|22920|26160|55764|57560|57728|79809|90410,CYLD|IFT88|IFT140|KIFAP3|IFT172|IFT122|IFT80|WDR19|TTC21B|IFT20,-4.6,MyList
GO Cellular Components,20,GO:0000151,ubiquitin ligase complex,,-7.3,3.4,6.8,30230,414,584,27,4.6,0.87,4289|5192|7126|9681|9817|23032|23038|23113|26249|29882|54620|55336|55958|57542|63891|64682|64750|79018|79786|80067|84078|84447|84861|89890|115290|126433|142678,MKLN1|PEX10|TNFAIP1|DEPDC5|KEAP1|USP33|WDTC1|CUL9|KLHL3|ANAPC2|FBXL19|FBXL8|KLHL9|KLHL42|RNF123|ANAPC1|SMURF2|GID4|KLHL36|DCAF17|KBTBD7|SYVN1|KLHL22|KBTBD6|FBXO17|FBXO27|MIB2,-4.5,MyList
GO Biological Processes,19,GO:0007005,mitochondrion organization,19_GO:0009987 cellular process,-7.3,3.6,6.9,30230,363,584,25,4.3,0.84,3988|4540|4541|8834|9638|9927|23682|23761|25875|26521|51300|51537|51542|54968|54974|54978|55669|81554|84266|84275|91137|91419|114971|124997|131474,LIPA|ND5|ND6|TMEM11|FEZ1|MFN2|RAB38|PISD|LETMD1|TIMM8B|TIMMDC1|MTFP1|VPS54|TMEM70|THG1L|SLC35F6|MFN1|RCC1L|ALKBH7|SLC25A33|SLC25A46|ATP23|PTPMT1|WDR81|CHCHD4,-4.5,MyList
GO Biological Processes,19,GO:0006661,phosphatidylinositol biosynthetic process,19_GO:0009987 cellular process,-7.2,6.2,7.9,30230,116,584,14,2.4,0.63,1040|5286|5287|5290|23049|23167|30849|57605|64924|65258|84302|93183|128869|200576,CDS1|PIK3C2A|PIK3C2B|PIK3CA|SMG1|EFR3A|PIK3R4|PITPNM2|SLC30A5|MPPE1|PGAP4|PIGM|PIGU|PIKFYVE,-4.5,MyList
GO Biological Processes,19,GO:0034198,cellular response to amino acid starvation,19_GO:0050896 response to stimulus,-7.2,9.8,9,30230,53,584,10,1.7,0.54,5587|9681|10325|26001|27244|64121|79726|84219|201163|440275,PRKD1|DEPDC5|RRAGB|RNF167|SESN1|RRAGC|WDR59|WDR24|FLCN|EIF2AK4,-4.5,MyList
GO Biological Processes,19,GO:1903432,regulation of TORC1 signaling,19_GO:0050896 response to stimulus,-7.1,6.6,7.9,30230,102,584,13,2.2,0.61,5563|9681|10325|26001|27244|57559|64121|79726|84219|84669|84861|201163|729438,PRKAA2|DEPDC5|RRAGB|RNF167|SESN1|STAMBPL1|RRAGC|WDR59|WDR24|USP32|KLHL22|FLCN|CASTOR2,-4.3,MyList
GO Biological Processes,19,GO:1990928,response to amino acid starvation,19_GO:0050896 response to stimulus,-7,9.4,8.8,30230,55,584,10,1.7,0.54,5587|9681|10325|26001|27244|64121|79726|84219|201163|440275,PRKD1|DEPDC5|RRAGB|RNF167|SESN1|RRAGC|WDR59|WDR24|FLCN|EIF2AK4,-4.3,MyList
GO Biological Processes,19,GO:0000959,mitochondrial RNA metabolic process,19_GO:0009987 cellular process,-7,9.4,8.8,30230,55,584,10,1.7,0.54,9238|22868|51106|54802|55149|57570|64172|79736|80324|84275,TBRG4|FASTKD2|TFB1M|TRIT1|MTPAP|TRMT5|OSGEPL1|TEFM|PUS1|SLC25A33,-4.3,MyList
GO Cellular Components,20,GO:0098791,Golgi apparatus subcompartment,,-7,3.4,6.7,30230,401,584,26,4.5,0.85,5286|5587|6845|8677|9179|9382|10079|11154|23682|26225|50807|51107|51172|51542|51761|55062|55454|55676|56927|57448|57531|64924|80262|84342|124583|339122,PIK3C2A|PRKD1|VAMP7|STX10|AP4M1|COG1|ATP9A|AP4S1|RAB38|ARL5A|ASAP1|APH1A|NAGPA|VPS54|ATP8A2|WIPI1|CSGALNACT2|SLC30A6|GPR108|BIRC6|HACE1|SLC30A5|PHAF1|COG8|CANT1|RAB43,-4.3,MyList
GO Biological Processes,19,GO:0051603,proteolysis involved in protein catabolic process,19_GO:0009987 cellular process,-7,2.6,6.3,30230,724,584,37,6.3,1,406|1519|4289|5192|7126|7328|9817|11253|23032|23113|23411|26001|26249|29882|54542|54620|55336|55819|55958|57520|57531|57542|57560|63891|64682|64750|79018|79139|79786|84078|84447|84861|89890|89970|115290|124997|126433,BMAL1|CTSO|MKLN1|PEX10|TNFAIP1|UBE2H|KEAP1|MAN1B1|USP33|CUL9|SIRT1|RNF167|KLHL3|ANAPC2|RC3H2|FBXL19|FBXL8|RNF130|KLHL9|HECW2|HACE1|KLHL42|IFT80|RNF123|ANAPC1|SMURF2|GID4|DERL1|KLHL36|KBTBD7|SYVN1|KLHL22|KBTBD6|RSPRY1|FBXO17|WDR81|FBXO27,-4.3,MyList
KEGG Pathway,24,hsa05208,Chemical carcinogenesis - reactive oxygen species,,-7,4.3,7.1,30230,227,584,19,3.3,0.73,673|2353|3551|4508|4514|4540|4541|4706|5290|5580|5587|5602|5609|6300|6391|6392|6655|9817|10975,BRAF|FOS|IKBKB|ATP6|COX3|ND5|ND6|NDUFAB1|PIK3CA|PRKCD|PRKD1|MAPK10|MAP2K7|MAPK12|SDHC|SDHD|SOS2|KEAP1|UQCR11,-4.3,MyList
GO Biological Processes,19,GO:0006511,ubiquitin-dependent protein catabolic process,19_GO:0009987 cellular process,-6.9,2.8,6.3,30230,606,584,33,5.7,0.96,406|4289|5192|7126|7328|9817|23032|23113|23411|26001|26249|29882|54542|54620|55336|55819|55958|57520|57531|57542|63891|64682|64750|79018|79139|79786|84078|84447|84861|89890|115290|124997|126433,BMAL1|MKLN1|PEX10|TNFAIP1|UBE2H|KEAP1|USP33|CUL9|SIRT1|RNF167|KLHL3|ANAPC2|RC3H2|FBXL19|FBXL8|RNF130|KLHL9|HECW2|HACE1|KLHL42|RNF123|ANAPC1|SMURF2|GID4|DERL1|KLHL36|KBTBD7|SYVN1|KLHL22|KBTBD6|FBXO17|WDR81|FBXO27,-4.2,MyList
GO Biological Processes,19,GO:0010508,positive regulation of autophagy,19_GO:0048518 positive regulation of biological process,-6.9,5.1,7.3,30230,163,584,16,2.7,0.68,373|5286|5563|5587|9517|9681|9821|11043|23032|23411|27244|55062|60673|84219|201163|340061,TRIM23|PIK3C2A|PRKAA2|PRKD1|SPTLC2|DEPDC5|RB1CC1|MID2|USP33|SIRT1|SESN1|WIPI1|ATG101|WDR24|FLCN|STING1,-4.2,MyList
GO Biological Processes,19,GO:0120009,intermembrane lipid transfer,19_GO:0051179 localization,-6.9,11,8.9,30230,44,584,9,1.5,0.51,21|4547|4833|7274|9885|23074|55362|57605|153768,ABCA3|MTTP|NME4|TTPA|OSBPL2|BLTP3B|TMEM63B|PITPNM2|PRELID2,-4.2,MyList
GO Cellular Components,20,GO:0005802,trans-Golgi network,,-6.8,3.9,6.8,30230,280,584,21,3.6,0.77,5286|5587|6845|8677|9179|9382|10079|11154|23682|26225|50807|51542|51761|55062|55676|56927|57448|64924|80262|84342|339122,PIK3C2A|PRKD1|VAMP7|STX10|AP4M1|COG1|ATP9A|AP4S1|RAB38|ARL5A|ASAP1|VPS54|ATP8A2|WIPI1|SLC30A6|GPR108|BIRC6|SLC30A5|PHAF1|COG8|RAB43,-4.2,MyList
GO Biological Processes,19,GO:0019941,modification-dependent protein catabolic process,19_GO:0009987 cellular process,-6.7,2.8,6.2,30230,618,584,33,5.7,0.96,406|4289|5192|7126|7328|9817|23032|23113|23411|26001|26249|29882|54542|54620|55336|55819|55958|57520|57531|57542|63891|64682|64750|79018|79139|79786|84078|84447|84861|89890|115290|124997|126433,BMAL1|MKLN1|PEX10|TNFAIP1|UBE2H|KEAP1|USP33|CUL9|SIRT1|RNF167|KLHL3|ANAPC2|RC3H2|FBXL19|FBXL8|RNF130|KLHL9|HECW2|HACE1|KLHL42|RNF123|ANAPC1|SMURF2|GID4|DERL1|KLHL36|KBTBD7|SYVN1|KLHL22|KBTBD6|FBXO17|WDR81|FBXO27,-4.1,MyList
GO Cellular Components,20,GO:0000139,Golgi membrane,,-6.7,2.6,6.1,30230,711,584,36,6.2,1,373|757|1718|4249|6721|6836|8677|8693|9382|23461|25837|26035|50807|51107|51360|51761|55062|55454|55624|55638|56180|56927|57531|64924|79109|79591|83723|84302|84342|84669|90410|114805|200576|222865|339122|340061,TRIM23|TMEM50B|DHCR24|MGAT5|SREBF2|SURF4|STX10|GALNT4|COG1|ABCA5|RAB26|GLCE|ASAP1|APH1A|MBTPS2|ATP8A2|WIPI1|CSGALNACT2|POMGNT1|SYBU|MOSPD1|GPR108|HACE1|SLC30A5|MAPKAP1|ARMH3|TLCD3B|PGAP4|COG8|USP32|IFT20|GALNT13|PIKFYVE|TMEM130|RAB43|STING1,-4.1,MyList
GO Biological Processes,19,GO:0043632,modification-dependent macromolecule catabolic process,19_GO:0009987 cellular process,-6.6,2.7,6.2,30230,623,584,33,5.7,0.96,406|4289|5192|7126|7328|9817|23032|23113|23411|26001|26249|29882|54542|54620|55336|55819|55958|57520|57531|57542|63891|64682|64750|79018|79139|79786|84078|84447|84861|89890|115290|124997|126433,BMAL1|MKLN1|PEX10|TNFAIP1|UBE2H|KEAP1|USP33|CUL9|SIRT1|RNF167|KLHL3|ANAPC2|RC3H2|FBXL19|FBXL8|RNF130|KLHL9|HECW2|HACE1|KLHL42|RNF123|ANAPC1|SMURF2|GID4|DERL1|KLHL36|KBTBD7|SYVN1|KLHL22|KBTBD6|FBXO17|WDR81|FBXO27,-4,MyList
GO Biological Processes,19,GO:0032008,positive regulation of TOR signaling,19_GO:0048518 positive regulation of biological process,-6.5,7.2,7.8,30230,79,584,11,1.9,0.56,5290|10325|26001|57559|64121|79726|84219|84669|84861|201163|253260,PIK3CA|RRAGB|RNF167|STAMBPL1|RRAGC|WDR59|WDR24|USP32|KLHL22|FLCN|RICTOR,-3.8,MyList
GO Biological Processes,19,GO:0055088,lipid homeostasis,19_GO:0042592 homeostatic process,-6.4,4.4,6.8,30230,200,584,17,2.9,0.7,20|21|706|3988|4547|5563|6095|6721|6836|9481|23400|23411|23461|79803|79850|83723|91137,ABCA2|ABCA3|TSPO|LIPA|MTTP|PRKAA2|RORA|SREBF2|SURF4|SLC25A27|ATP13A2|SIRT1|ABCA5|HPS6|TLCD3A|TLCD3B|SLC25A46,-3.8,MyList
Reactome Gene Sets,6,R-HSA-1852241,Organelle biogenesis and maintenance,,-6.4,3.7,6.5,30230,297,584,21,3.6,0.77,4508|5311|5563|6300|8100|8834|9742|22920|23354|26160|50807|51106|51422|55764|57560|57728|79809|79867|84131|90410|123016,ATP6|PKD2|PRKAA2|MAPK12|IFT88|TMEM11|IFT140|KIFAP3|HAUS5|IFT172|ASAP1|TFB1M|PRKAG2|IFT122|IFT80|WDR19|TTC21B|TCTN2|CEP78|IFT20|TTC8,-3.8,MyList
GO Cellular Components,20,GO:0010008,endosome membrane,,-6.4,2.7,6,30230,609,584,32,5.5,0.94,20|21|1185|4289|4615|5873|6490|6845|9897|10079|10454|10479|10948|23041|23092|23400|23461|23555|26001|27072|51107|51324|51761|55062|55362|79109|79658|79803|83891|84888|124997|200576,ABCA2|ABCA3|CLCN6|MKLN1|MYD88|RAB27A|PMEL|VAMP7|WASHC5|ATP9A|TAB1|SLC9A6|STARD3|MON2|ARHGAP26|ATP13A2|ABCA5|TSPAN15|RNF167|VPS41|APH1A|SPG21|ATP8A2|WIPI1|TMEM63B|MAPKAP1|ARHGAP10|HPS6|SNX25|SPPL2A|WDR81|PIKFYVE,-3.8,MyList
GO Cellular Components,20,GO:0048471,perinuclear region of cytoplasm,,-6.3,2.5,5.9,30230,738,584,36,6.2,1,827|1540|1600|3985|4504|5290|5580|5581|5582|5587|5797|5922|8677|8693|8882|9681|9885|10079|23032|23405|23682|25819|50626|51542|54497|54514|55128|56180|66036|79109|79591|79658|201931|284110|338692|340061,CAPN6|CYLD|DAB1|LIMK2|MT3|PIK3CA|PRKCD|PRKCE|PRKCG|PRKD1|PTPRM|RASA2|STX10|GALNT4|ZPR1|DEPDC5|OSBPL2|ATP9A|USP33|DICER1|RAB38|NOCT|ZFTRAF1|VPS54|HEATR5B|DDX4|TRIM68|MOSPD1|MTMR9|MAPKAP1|ARMH3|ARHGAP10|TMEM192|GSDMA|ANKRD13D|STING1,-3.7,MyList
GO Biological Processes,19,GO:0009451,RNA modification,19_GO:0009987 cellular process,-6.3,4.6,6.8,30230,181,584,16,2.7,0.68,9582|10785|22868|27292|29081|51106|54802|54974|57570|60487|64172|80324|84266|126789|200316|285605,APOBEC3B|WDR4|FASTKD2|DIMT1|METTL5|TFB1M|TRIT1|THG1L|TRMT5|TRMT11|OSGEPL1|PUS1|ALKBH7|PUSL1|APOBEC3F|DTWD2,-3.7,MyList
GO Cellular Components,20,GO:0005770,late endosome,,-6.3,3.5,6.3,30230,329,584,22,3.8,0.79,21|1185|5873|6490|6845|7274|10079|10479|10948|23400|23461|23555|27072|30849|54887|79109|79139|84888|124997|200576|201931|338692,ABCA3|CLCN6|RAB27A|PMEL|VAMP7|TTPA|ATP9A|SLC9A6|STARD3|ATP13A2|ABCA5|TSPAN15|VPS41|PIK3R4|BLTP3A|MAPKAP1|DERL1|SPPL2A|WDR81|PIKFYVE|TMEM192|ANKRD13D,-3.7,MyList
GO Biological Processes,19,GO:0048193,Golgi vesicle transport,19_GO:0051179 localization,-6.3,3.6,6.4,30230,303,584,21,3.6,0.77,5587|6836|6845|8677|9179|9382|10079|10239|23041|23074|25837|27072|51542|55062|58485|65258|79591|80262|84342|134957|339122,PRKD1|SURF4|VAMP7|STX10|AP4M1|COG1|ATP9A|AP3S2|MON2|BLTP3B|RAB26|VPS41|VPS54|WIPI1|TRAPPC1|MPPE1|ARMH3|PHAF1|COG8|STXBP5|RAB43,-3.7,MyList
GO Cellular Components,20,GO:0031902,late endosome membrane,,-6.2,4.6,6.7,30230,182,584,16,2.7,0.68,21|1185|5873|6490|6845|10079|10479|10948|23400|23461|23555|27072|79109|84888|124997|200576,ABCA3|CLCN6|RAB27A|PMEL|VAMP7|ATP9A|SLC9A6|STARD3|ATP13A2|ABCA5|TSPAN15|VPS41|MAPKAP1|SPPL2A|WDR81|PIKFYVE,-3.7,MyList
WikiPathways,27,WP5470,Effect of omega 3 PUFA on Huntington 39 s disease pathways,,-6.2,5.6,7.1,30230,120,584,13,2.2,0.61,2562|3551|5286|5287|5290|5563|5602|5609|6721|9252|30849|51422|253260,GABRB3|IKBKB|PIK3C2A|PIK3C2B|PIK3CA|PRKAA2|MAPK10|MAP2K7|SREBF2|RPS6KA5|PIK3R4|PRKAG2|RICTOR,-3.7,MyList
GO Cellular Components,20,GO:0061695,"transferase complex, transferring phosphorus-containing groups",,-6.2,3.4,6.3,30230,331,584,22,3.8,0.79,90|2068|2071|2968|3551|4615|5129|5290|5428|5563|6908|9821|10454|23049|30849|51422|55181|55703|57169|60673|200576|340061,ACVR1|ERCC2|ERCC3|GTF2H4|IKBKB|MYD88|CDK18|PIK3CA|POLG|PRKAA2|TBP|RB1CC1|TAB1|SMG1|PIK3R4|PRKAG2|SMG8|POLR3B|ZNFX1|ATG101|PIKFYVE|STING1,-3.7,MyList
Reactome Gene Sets,6,R-HSA-382551,Transport of small molecules,,-6.2,2.5,5.8,30230,716,584,35,6,0.98,20|21|22|24|1185|1186|1468|3988|4547|5304|5824|6515|6533|10079|10479|23400|23428|23456|23461|26503|51360|51761|56262|57030|57380|64924|79139|81539|84061|90423|90550|114134|123096|221154|286097,ABCA2|ABCA3|ABCB7|ABCA4|CLCN6|CLCN7|SLC25A10|LIPA|MTTP|PIP|PEX19|SLC2A3|SLC6A6|ATP9A|SLC9A6|ATP13A2|SLC7A8|ABCB10|ABCA5|SLC17A5|MBTPS2|ATP8A2|LRRC8A|SLC17A7|MRS2|SLC30A5|DERL1|SLC38A1|MAGT1|ATP6V1E2|MCU|SLC2A13|SLC25A29|MICU2|MICU3,-3.6,MyList
CORUM,33,CORUM:6585,Intraflagellar transport complex A,,-6.2,41,13,30230,5,584,4,0.68,0.34,9742|55764|57728|79809,IFT140|IFT122|WDR19|TTC21B,-3.6,MyList
GO Cellular Components,20,GO:0031463,Cul3-RING ubiquitin ligase complex,,-6.1,7.5,7.6,30230,69,584,10,1.7,0.54,7126|9681|9817|26249|55958|57542|79786|84078|84861|89890,TNFAIP1|DEPDC5|KEAP1|KLHL3|KLHL9|KLHL42|KLHL36|KBTBD7|KLHL22|KBTBD6,-3.5,MyList
Reactome Gene Sets,6,R-HSA-5620924,Intraflagellar transport,,-6.1,8.6,7.9,30230,54,584,9,1.5,0.51,8100|9742|22920|26160|55764|57560|57728|79809|90410,IFT88|IFT140|KIFAP3|IFT172|IFT122|IFT80|WDR19|TTC21B|IFT20,-3.5,MyList
GO Biological Processes,19,GO:0009100,glycoprotein metabolic process,19_GO:0009987 cellular process,-6,3.4,6.1,30230,339,584,22,3.8,0.79,1798|4249|8693|10195|10585|11253|26035|29880|29929|29954|54916|55454|55624|84061|84447|91869|114805|115290|124583|126433|285203|729920,DPAGT1|MGAT5|GALNT4|ALG3|POMT1|MAN1B1|GLCE|ALG5|ALG6|POMT2|TMEM260|CSGALNACT2|POMGNT1|MAGT1|SYVN1|RFT1|GALNT13|FBXO17|CANT1|FBXO27|EOGT|CRPPA,-3.5,MyList
GO Biological Processes,19,GO:0000209,protein polyubiquitination,19_GO:0009987 cellular process,-6,3.8,6.3,30230,262,584,19,3.3,0.73,5192|7328|11043|26001|26249|29882|54542|55585|57161|57531|57542|63891|64682|84078|84219|84447|89890|91947|257218,PEX10|UBE2H|MID2|RNF167|KLHL3|ANAPC2|RC3H2|UBE2Q1|PELI2|HACE1|KLHL42|RNF123|ANAPC1|KBTBD7|WDR24|SYVN1|KBTBD6|ARRDC4|SHPRH,-3.5,MyList
GO Biological Processes,19,GO:0140053,mitochondrial gene expression,19_GO:0009987 cellular process,-6,5,6.7,30230,146,584,14,2.4,0.63,9238|22868|23395|51106|54802|55149|57038|57570|64172|79736|80324|84275|84340|283459,TBRG4|FASTKD2|LARS2|TFB1M|TRIT1|MTPAP|RARS2|TRMT5|OSGEPL1|TEFM|PUS1|SLC25A33|GFM2|GATC,-3.5,MyList
Reactome Gene Sets,6,R-HSA-9639288,Amino acids regulate mTORC1,,-6,8.5,7.8,30230,55,584,9,1.5,0.51,9681|10325|27244|64121|79726|84219|90423|201163|729438,DEPDC5|RRAGB|SESN1|RRAGC|WDR59|WDR24|ATP6V1E2|FLCN|CASTOR2,-3.5,MyList
GO Biological Processes,19,GO:0000963,mitochondrial RNA processing,19_GO:0009987 cellular process,-6,12,8.7,30230,29,584,7,1.2,0.45,9238|22868|54802|55149|57570|64172|80324,TBRG4|FASTKD2|TRIT1|MTPAP|TRMT5|OSGEPL1|PUS1,-3.5,MyList
KEGG Pathway,24,hsa04140,Autophagy - animal,,-6,4.6,6.6,30230,169,584,15,2.6,0.65,5290|5563|5580|5602|9821|10325|23001|26100|27072|30849|55062|57448|60673|64121|440275,PIK3CA|PRKAA2|PRKCD|MAPK10|RB1CC1|RRAGB|WDFY3|WIPI2|VPS41|PIK3R4|WIPI1|BIRC6|ATG101|RRAGC|EIF2AK4,-3.5,MyList
GO Biological Processes,19,GO:1904263,positive regulation of TORC1 signaling,19_GO:0048518 positive regulation of biological process,-5.9,8.3,7.7,30230,56,584,9,1.5,0.51,10325|26001|57559|64121|79726|84219|84669|84861|201163,RRAGB|RNF167|STAMBPL1|RRAGC|WDR59|WDR24|USP32|KLHL22|FLCN,-3.4,MyList
Reactome Gene Sets,6,R-HSA-1483206,Glycerophospholipid biosynthesis,,-5.9,5.2,6.7,30230,129,584,13,2.2,0.61,1040|8443|9489|9926|10162|23175|23761|27132|51205|56261|57605|81490|114971,CDS1|GNPAT|PGS1|LPGAT1|LPCAT3|LPIN1|PISD|CPNE7|ACP6|GPCPD1|PITPNM2|PTDSS2|PTPMT1,-3.4,MyList
GO Cellular Components,20,GO:1902911,protein kinase complex,,-5.9,4.5,6.5,30230,172,584,15,2.6,0.65,90|2068|2071|2968|3551|4615|5129|5563|9821|10454|23049|51422|55181|60673|340061,ACVR1|ERCC2|ERCC3|GTF2H4|IKBKB|MYD88|CDK18|PRKAA2|RB1CC1|TAB1|SMG1|PRKAG2|SMG8|ATG101|STING1,-3.4,MyList
GO Biological Processes,19,GO:0006259,DNA metabolic process,19_GO:0009987 cellular process,-5.8,2.4,5.5,30230,777,584,36,6.2,1,1677|2068|2071|2968|3981|4292|5428|7374|8505|8882|9557|9582|9960|10463|11200|23049|23405|23411|25842|29086|51542|54617|54799|55135|64318|79605|80198|80314|81602|84142|84461|91419|93973|200316|256126|257218,DFFB|ERCC2|ERCC3|GTF2H4|LIG4|MLH1|POLG|UNG|PARG|ZPR1|CHD1L|APOBEC3B|USP3|SLC30A9|CHEK2|SMG1|DICER1|SIRT1|ASF1A|BABAM1|VPS54|INO80|MBTD1|WRAP53|NOC3L|PGBD5|MUS81|EPC1|CDADC1|ABRAXAS1|NEURL4|ATP23|ACTR8|APOBEC3F|SYCE2|SHPRH,-3.3,MyList
GO Biological Processes,19,GO:0051056,regulation of small GTPase mediated signal transduction,19_GO:0050896 response to stimulus,-5.8,3.4,6,30230,323,584,21,3.6,0.77,5922|7126|7410|9138|9639|9927|10451|22821|23092|23229|23348|50649|55103|55160|79109|79658|81704|84078|89890|143872|201163,RASA2|TNFAIP1|VAV2|ARHGEF1|ARHGEF10|MFN2|VAV3|RASA3|ARHGAP26|ARHGEF9|DOCK9|ARHGEF4|RALGPS2|ARHGEF10L|MAPKAP1|ARHGAP10|DOCK8|KBTBD7|KBTBD6|ARHGAP42|FLCN,-3.3,MyList
WikiPathways,27,WP4666,Hepatitis B infection,,-5.8,4.8,6.5,30230,152,584,14,2.4,0.63,673|1959|2353|3551|4615|5290|5582|5602|5609|6300|6655|6773|6778|10454,BRAF|EGR2|FOS|IKBKB|MYD88|PIK3CA|PRKCG|MAPK10|MAP2K7|MAPK12|SOS2|STAT2|STAT6|TAB1,-3.3,MyList
WikiPathways,27,WP3915,Angiopoietin like protein 8 regulatory pathway,,-5.7,5.1,6.6,30230,132,584,13,2.2,0.61,5286|5290|5563|5602|5609|6300|6655|6721|9252|30849|51422|79109|253260,PIK3C2A|PIK3CA|PRKAA2|MAPK10|MAP2K7|MAPK12|SOS2|SREBF2|RPS6KA5|PIK3R4|PRKAG2|MAPKAP1|RICTOR,-3.3,MyList
GO Cellular Components,20,GO:0031461,cullin-RING ubiquitin ligase complex,,-5.7,3.6,6.1,30230,273,584,19,3.3,0.73,7126|9681|9817|23038|23113|26249|29882|54620|55336|55958|57542|64682|79786|80067|84078|84861|89890|115290|126433,TNFAIP1|DEPDC5|KEAP1|WDTC1|CUL9|KLHL3|ANAPC2|FBXL19|FBXL8|KLHL9|KLHL42|ANAPC1|KLHL36|DCAF17|KBTBD7|KLHL22|KBTBD6|FBXO17|FBXO27,-3.3,MyList
GO Biological Processes,19,GO:0009101,glycoprotein biosynthetic process,19_GO:0009987 cellular process,-5.7,3.6,6.1,30230,273,584,19,3.3,0.73,1798|4249|8693|10195|10585|11253|26035|29880|29929|29954|54916|55454|55624|84061|91869|114805|124583|285203|729920,DPAGT1|MGAT5|GALNT4|ALG3|POMT1|MAN1B1|GLCE|ALG5|ALG6|POMT2|TMEM260|CSGALNACT2|POMGNT1|MAGT1|RFT1|GALNT13|CANT1|EOGT|CRPPA,-3.3,MyList
GO Biological Processes,19,GO:0044088,regulation of vacuole organization,19_GO:0050789 regulation of biological process,-5.7,7.9,7.4,30230,59,584,9,1.5,0.51,8100|9638|11200|23032|23232|55062|90410|200576|201163,IFT88|FEZ1|CHEK2|USP33|TBC1D12|WIPI1|IFT20|PIKFYVE|FLCN,-3.3,MyList
Reactome Gene Sets,6,R-HSA-193704,p75 NTR receptor-mediated signalling,,-5.7,6.1,6.9,30230,94,584,11,1.9,0.56,3551|4615|6655|7410|9138|9639|10451|23229|50649|51107|55160,IKBKB|MYD88|SOS2|VAV2|ARHGEF1|ARHGEF10|VAV3|ARHGEF9|ARHGEF4|APH1A|ARHGEF10L,-3.3,MyList
GO Biological Processes,19,GO:0016236,macroautophagy,19_GO:0009987 cellular process,-5.7,3.9,6.2,30230,225,584,17,2.9,0.7,5287|6845|9179|9821|9927|23001|23092|23400|26100|26249|27072|30849|55062|60673|124997|339122|340061,PIK3C2B|VAMP7|AP4M1|RB1CC1|MFN2|WDFY3|ARHGAP26|ATP13A2|WIPI2|KLHL3|VPS41|PIK3R4|WIPI1|ATG101|WDR81|RAB43|STING1,-3.3,MyList
GO Biological Processes,19,GO:0032007,negative regulation of TOR signaling,19_GO:0048519 negative regulation of biological process,-5.6,6.7,7.1,30230,77,584,10,1.7,0.54,406|5563|9681|23411|26001|27244|79726|84219|201163|729438,BMAL1|PRKAA2|DEPDC5|SIRT1|RNF167|SESN1|WDR59|WDR24|FLCN|CASTOR2,-3.2,MyList
GO Biological Processes,19,GO:0061919,process utilizing autophagic mechanism,19_GO:0009987 cellular process,-5.6,3.2,5.8,30230,335,584,21,3.6,0.77,5287|5563|6845|9179|9821|9927|23001|23092|23400|26100|26249|27072|30849|55062|57655|60673|84219|91137|124997|339122|340061,PIK3C2B|PRKAA2|VAMP7|AP4M1|RB1CC1|MFN2|WDFY3|ARHGAP26|ATP13A2|WIPI2|KLHL3|VPS41|PIK3R4|WIPI1|GRAMD1A|ATG101|WDR24|SLC25A46|WDR81|RAB43|STING1,-3.1,MyList
GO Biological Processes,19,GO:0006914,autophagy,19_GO:0009987 cellular process,-5.6,3.2,5.8,30230,335,584,21,3.6,0.77,5287|5563|6845|9179|9821|9927|23001|23092|23400|26100|26249|27072|30849|55062|57655|60673|84219|91137|124997|339122|340061,PIK3C2B|PRKAA2|VAMP7|AP4M1|RB1CC1|MFN2|WDFY3|ARHGAP26|ATP13A2|WIPI2|KLHL3|VPS41|PIK3R4|WIPI1|GRAMD1A|ATG101|WDR24|SLC25A46|WDR81|RAB43|STING1,-3.1,MyList
GO Biological Processes,19,GO:2000785,regulation of autophagosome assembly,19_GO:0050789 regulation of biological process,-5.5,8.8,7.5,30230,47,584,8,1.4,0.48,8100|9638|11200|23032|23232|55062|90410|200576,IFT88|FEZ1|CHEK2|USP33|TBC1D12|WIPI1|IFT20|PIKFYVE,-3.1,MyList
WikiPathways,27,WP5504,Disorders of mitochondrial homeostatis dynamics protein import and quality control,,-5.5,7.4,7.1,30230,63,584,9,1.5,0.51,4285|6773|9927|51300|55669|78997|84274|91137|119559,MIPEP|STAT2|MFN2|TIMMDC1|MFN1|GDAP1L1|COQ5|SLC25A46|SFXN4,-3.1,MyList
WikiPathways,27,WP5531,AKT signaling and ARTD family members,,-5.5,11,7.9,30230,34,584,7,1.2,0.45,5286|5287|5290|23411|30849|79109|253260,PIK3C2A|PIK3C2B|PIK3CA|SIRT1|PIK3R4|MAPKAP1|RICTOR,-3.1,MyList
GO Cellular Components,20,GO:0005741,mitochondrial outer membrane,,-5.5,3.8,6,30230,233,584,17,2.9,0.7,706|2182|2710|4504|4833|9927|23175|25875|54974|54996|55669|57169|79109|79671|84947|91137|340061,TSPO|ACSL4|GK|MT3|NME4|MFN2|LPIN1|LETMD1|THG1L|MTARC2|MFN1|ZNFX1|MAPKAP1|NLRX1|SERAC1|SLC25A46|STING1,-3.1,MyList
GO Biological Processes,19,GO:0006091,generation of precursor metabolites and energy,19_GO:0009987 cellular process,-5.5,3.1,5.7,30230,367,584,22,3.8,0.79,3988|4504|4508|4514|4540|4541|4547|4706|6391|6392|9016|9821|9927|10975|26100|51422|51542|55062|63933|90550|114789|160897,LIPA|MT3|ATP6|COX3|ND5|ND6|MTTP|NDUFAB1|SDHC|SDHD|SLC25A14|RB1CC1|MFN2|UQCR11|WIPI2|PRKAG2|VPS54|WIPI1|MCUR1|MCU|SLC25A25|GPR180,-3.1,MyList
KEGG Pathway,24,hsa05161,Hepatitis B,,-5.4,4.4,6.2,30230,163,584,14,2.4,0.63,673|1959|2353|3551|4615|5290|5582|5602|5609|6300|6655|6773|6778|10454,BRAF|EGR2|FOS|IKBKB|MYD88|PIK3CA|PRKCG|MAPK10|MAP2K7|MAPK12|SOS2|STAT2|STAT6|TAB1,-3,MyList
GO Cellular Components,20,GO:0000421,autophagosome membrane,,-5.4,7.3,7.1,30230,64,584,9,1.5,0.51,5587|6845|9821|23001|23400|26100|55062|124997|340061,PRKD1|VAMP7|RB1CC1|WDFY3|ATP13A2|WIPI2|WIPI1|WDR81|STING1,-3,MyList
GO Cellular Components,20,GO:0031968,organelle outer membrane,,-5.4,3.5,5.8,30230,263,584,18,3.1,0.72,706|2182|2710|4504|4833|9927|23175|25875|54884|54974|54996|55669|57169|79109|79671|84947|91137|340061,TSPO|ACSL4|GK|MT3|NME4|MFN2|LPIN1|LETMD1|RETSAT|THG1L|MTARC2|MFN1|ZNFX1|MAPKAP1|NLRX1|SERAC1|SLC25A46|STING1,-3,MyList
GO Biological Processes,19,GO:0043161,proteasome-mediated ubiquitin-dependent protein catabolic process,19_GO:0009987 cellular process,-5.4,2.9,5.5,30230,431,584,24,4.1,0.82,406|4289|5192|7126|7328|9817|23411|26249|29882|54620|55336|55958|57542|64682|64750|79018|79139|79786|84078|84447|84861|89890|115290|126433,BMAL1|MKLN1|PEX10|TNFAIP1|UBE2H|KEAP1|SIRT1|KLHL3|ANAPC2|FBXL19|FBXL8|KLHL9|KLHL42|ANAPC1|SMURF2|GID4|DERL1|KLHL36|KBTBD7|SYVN1|KLHL22|KBTBD6|FBXO17|FBXO27,-3,MyList
GO Biological Processes,19,GO:0072522,purine-containing compound biosynthetic process,19_GO:0009987 cellular process,-5.3,3.7,5.8,30230,239,584,17,2.9,0.7,2182|2977|3988|4508|4540|4541|4706|4833|6391|6392|9374|11001|25875|26289|51422|93100|197322,ACSL4|GUCY1A2|LIPA|ATP6|ND5|ND6|NDUFAB1|NME4|SDHC|SDHD|PPT2|SLC27A2|LETMD1|AK5|PRKAG2|NAPRT|ACSF3,-3,MyList
GO Cellular Components,20,GO:0019867,outer membrane,,-5.3,3.5,5.8,30230,265,584,18,3.1,0.72,706|2182|2710|4504|4833|9927|23175|25875|54884|54974|54996|55669|57169|79109|79671|84947|91137|340061,TSPO|ACSL4|GK|MT3|NME4|MFN2|LPIN1|LETMD1|RETSAT|THG1L|MTARC2|MFN1|ZNFX1|MAPKAP1|NLRX1|SERAC1|SLC25A46|STING1,-3,MyList
WikiPathways,27,WP4536,Genes related to primary cilium development based on CRISPR,,-5.3,5.5,6.4,30230,104,584,11,1.9,0.56,8100|9742|22920|26160|55764|57560|57728|79809|79867|90410|123016,IFT88|IFT140|KIFAP3|IFT172|IFT122|IFT80|WDR19|TTC21B|TCTN2|IFT20|TTC8,-2.9,MyList
GO Biological Processes,19,GO:0009205,purine ribonucleoside triphosphate metabolic process,19_GO:0009987 cellular process,-5.2,4,5.9,30230,193,584,15,2.6,0.65,3988|4508|4540|4541|4547|4706|4833|6391|6392|8505|25875|26289|51422|55669|114789,LIPA|ATP6|ND5|ND6|MTTP|NDUFAB1|NME4|SDHC|SDHD|PARG|LETMD1|AK5|PRKAG2|MFN1|SLC25A25,-2.9,MyList
GO Cellular Components,20,GO:0035859,Seh1-associated complex,,-5.2,17,8.8,30230,15,584,5,0.86,0.38,9681|27244|79726|84219|729438,DEPDC5|SESN1|WDR59|WDR24|CASTOR2,-2.8,MyList
GO Biological Processes,19,GO:0141188,nucleic acid catabolic process,19_GO:0009987 cellular process,-5.2,3.6,5.7,30230,246,584,17,2.9,0.7,1677|4292|8882|23049|23405|23658|25819|27257|51542|54542|55149|55181|80198|162394|167227|192670|196441,DFFB|MLH1|ZPR1|SMG1|DICER1|LSM5|NOCT|LSM1|VPS54|RC3H2|MTPAP|SMG8|MUS81|SLFN5|DCP2|AGO4|ZFC3H1,-2.8,MyList
GO Cellular Components,20,GO:0005776,autophagosome,,-5.1,4.9,6.1,30230,128,584,12,2.1,0.59,5587|6845|9821|23001|23232|23400|26100|30849|55062|57655|124997|340061,PRKD1|VAMP7|RB1CC1|WDFY3|TBC1D12|ATP13A2|WIPI2|PIK3R4|WIPI1|GRAMD1A|WDR81|STING1,-2.8,MyList
WikiPathways,27,WP5234,Bardet Biedl syndrome,,-5.1,5.9,6.4,30230,88,584,10,1.7,0.54,406|5311|9742|26160|55764|57560|57728|79809|123016|201163,BMAL1|PKD2|IFT140|IFT172|IFT122|IFT80|WDR19|TTC21B|TTC8|FLCN,-2.8,MyList
GO Biological Processes,19,GO:0016241,regulation of macroautophagy,19_GO:0050789 regulation of biological process,-5.1,3.9,5.8,30230,199,584,15,2.6,0.65,706|5290|5563|6721|9517|9638|23032|23400|23411|27244|30849|55062|84219|90423|340061,TSPO|PIK3CA|PRKAA2|SREBF2|SPTLC2|FEZ1|USP33|ATP13A2|SIRT1|SESN1|PIK3R4|WIPI1|WDR24|ATP6V1E2|STING1,-2.7,MyList
GO Biological Processes,19,GO:0042073,intraciliary transport,19_GO:0051179 localization,-5.1,7.7,6.9,30230,54,584,8,1.4,0.48,8100|9742|26160|55764|57560|57728|79809|90410,IFT88|IFT140|IFT172|IFT122|IFT80|WDR19|TTC21B|IFT20,-2.7,MyList
Reactome Gene Sets,6,R-HSA-168138,Toll Like Receptor 9 (TLR9) Cascade,,-5.1,5.2,6.2,30230,109,584,11,1.9,0.56,2353|3551|4615|5602|5609|7867|9252|10454|30849|57161|79671,FOS|IKBKB|MYD88|MAPK10|MAP2K7|MAPKAPK3|RPS6KA5|TAB1|PIK3R4|PELI2|NLRX1,-2.7,MyList
GO Biological Processes,19,GO:0140694,membraneless organelle assembly,19_GO:0009987 cellular process,-5.1,2.9,5.4,30230,390,584,22,3.8,0.79,1040|3833|4292|4706|8225|8736|9639|9897|11200|22868|23354|23761|25819|26580|51106|54617|64745|64946|81554|84142|85378|127294,CDS1|KIFC1|MLH1|NDUFAB1|GTPBP6|MYOM1|ARHGEF10|WASHC5|CHEK2|FASTKD2|HAUS5|PISD|NOCT|BSCL2|TFB1M|INO80|METTL17|CENPH|RCC1L|ABRAXAS1|TUBGCP6|MYOM3,-2.7,MyList
GO Biological Processes,19,GO:0009144,purine nucleoside triphosphate metabolic process,19_GO:0009987 cellular process,-5,3.9,5.7,30230,200,584,15,2.6,0.65,3988|4508|4540|4541|4547|4706|4833|6391|6392|8505|25875|26289|51422|55669|114789,LIPA|ATP6|ND5|ND6|MTTP|NDUFAB1|NME4|SDHC|SDHD|PARG|LETMD1|AK5|PRKAG2|MFN1|SLC25A25,-2.7,MyList
GO Biological Processes,19,GO:0015980,energy derivation by oxidation of organic compounds,19_GO:0009987 cellular process,-5,3.2,5.5,30230,305,584,19,3.3,0.73,3988|4504|4508|4514|4540|4541|4547|4706|6391|6392|9016|9821|9927|10975|26100|51422|51542|55062|114789,LIPA|MT3|ATP6|COX3|ND5|ND6|MTTP|NDUFAB1|SDHC|SDHD|SLC25A14|RB1CC1|MFN2|UQCR11|WIPI2|PRKAG2|VPS54|WIPI1|SLC25A25,-2.7,MyList
GO Biological Processes,19,GO:0019216,regulation of lipid metabolic process,19_GO:0050789 regulation of biological process,-5,3,5.4,30230,362,584,21,3.6,0.77,20|21|706|1958|5580|5581|6095|6721|8850|9926|10162|23038|23175|23399|23411|23682|26580|51360|51422|54704|66036,ABCA2|ABCA3|TSPO|EGR1|PRKCD|PRKCE|RORA|SREBF2|KAT2B|LPGAT1|LPCAT3|WDTC1|LPIN1|CTDNEP1|SIRT1|RAB38|BSCL2|MBTPS2|PRKAG2|PDP1|MTMR9,-2.7,MyList
Reactome Gene Sets,6,R-HSA-5617833,Cilium Assembly,,-5,3.9,5.7,30230,201,584,15,2.6,0.65,5311|8100|9742|22920|23354|26160|50807|55764|57560|57728|79809|79867|84131|90410|123016,PKD2|IFT88|IFT140|KIFAP3|HAUS5|IFT172|ASAP1|IFT122|IFT80|WDR19|TTC21B|TCTN2|CEP78|IFT20|TTC8,-2.7,MyList
GO Biological Processes,19,GO:1900864,mitochondrial RNA modification,19_GO:0009987 cellular process,-5,16,8.5,30230,16,584,5,0.86,0.38,22868|54802|57570|64172|80324,FASTKD2|TRIT1|TRMT5|OSGEPL1|PUS1,-2.7,MyList
GO Biological Processes,19,GO:0098655,monoatomic cation transmembrane transport,19_GO:0051179 localization,-5,2.3,5.1,30230,709,584,32,5.5,0.94,22|1186|3769|4508|4514|4540|4541|5311|6533|9016|9481|9772|10463|10479|23400|26503|26504|27091|55362|55676|57030|57380|63933|64924|81539|84061|90423|90550|114789|221154|286097|340061,ABCB7|CLCN7|KCNJ13|ATP6|COX3|ND5|ND6|PKD2|SLC6A6|SLC25A14|SLC25A27|TMEM94|SLC30A9|SLC9A6|ATP13A2|SLC17A5|CNNM4|CACNG5|TMEM63B|SLC30A6|SLC17A7|MRS2|MCUR1|SLC30A5|SLC38A1|MAGT1|ATP6V1E2|MCU|SLC25A25|MICU2|MICU3|STING1,-2.7,MyList
GO Biological Processes,19,GO:0033044,regulation of chromosome organization,19_GO:0050789 regulation of biological process,-5,3.5,5.6,30230,253,584,17,2.9,0.7,3981|4931|5609|8850|10592|23049|23411|29882|51776|54617|55135|56984|57520|64682|84861|93973|167227,LIG4|NVL|MAP2K7|KAT2B|SMC2|SMG1|SIRT1|ANAPC2|MAP3K20|INO80|WRAP53|PSMG2|HECW2|ANAPC1|KLHL22|ACTR8|DCP2,-2.7,MyList
KEGG Pathway,24,hsa05131,Shigellosis,,-5,3.5,5.6,30230,253,584,17,2.9,0.7,3551|3611|4615|5290|5580|5581|5602|6300|9252|10325|10454|26100|30849|55062|57180|64121|340061,IKBKB|ILK|MYD88|PIK3CA|PRKCD|PRKCE|MAPK10|MAPK12|RPS6KA5|RRAGB|TAB1|WIPI2|PIK3R4|WIPI1|ACTR3B|RRAGC|STING1,-2.7,MyList
GO Biological Processes,19,GO:0015748,organophosphate ester transport,19_GO:0051179 localization,-5,4.1,5.8,30230,178,584,14,2.4,0.63,21|24|4547|4833|9885|10079|10478|51761|55362|56262|57605|84275|114789|153768,ABCA3|ABCA4|MTTP|NME4|OSBPL2|ATP9A|SLC25A17|ATP8A2|TMEM63B|LRRC8A|PITPNM2|SLC25A33|SLC25A25|PRELID2,-2.7,MyList
GO Biological Processes,19,GO:0010498,proteasomal protein catabolic process,19_GO:0009987 cellular process,-5,2.6,5.2,30230,516,584,26,4.5,0.85,406|4289|5192|7126|7328|9817|11253|23411|26249|29882|54620|55336|55958|57542|57560|64682|64750|79018|79139|79786|84078|84447|84861|89890|115290|126433,BMAL1|MKLN1|PEX10|TNFAIP1|UBE2H|KEAP1|MAN1B1|SIRT1|KLHL3|ANAPC2|FBXL19|FBXL8|KLHL9|KLHL42|IFT80|ANAPC1|SMURF2|GID4|DERL1|KLHL36|KBTBD7|SYVN1|KLHL22|KBTBD6|FBXO17|FBXO27,-2.7,MyList
GO Biological Processes,19,GO:0061668,mitochondrial ribosome assembly,19_GO:0009987 cellular process,-5,12,7.7,30230,27,584,6,1,0.42,4706|8225|22868|51106|64745|81554,NDUFAB1|GTPBP6|FASTKD2|TFB1M|METTL17|RCC1L,-2.7,MyList
Reactome Gene Sets,6,R-HSA-204998,"Cell death signalling via NRAGE, NRIF and NADE",,-4.9,6.4,6.5,30230,73,584,9,1.5,0.51,6655|7410|9138|9639|10451|23229|50649|51107|55160,SOS2|VAV2|ARHGEF1|ARHGEF10|VAV3|ARHGEF9|ARHGEF4|APH1A|ARHGEF10L,-2.7,MyList
Reactome Gene Sets,6,R-HSA-9013148,CDC42 GTPase cycle,,-4.9,4.3,5.8,30230,156,584,13,2.2,0.61,7410|8476|9639|10451|23092|23229|23348|50649|79658|81704|81839|124997|143872,VAV2|CDC42BPA|ARHGEF10|VAV3|ARHGAP26|ARHGEF9|DOCK9|ARHGEF4|ARHGAP10|DOCK8|VANGL1|WDR81|ARHGAP42,-2.7,MyList
GO Biological Processes,19,GO:1905037,autophagosome organization,19_GO:0009987 cellular process,-4.9,5.6,6.2,30230,93,584,10,1.7,0.54,5287|9179|9821|9927|23400|26100|55062|60673|339122|340061,PIK3C2B|AP4M1|RB1CC1|MFN2|ATP13A2|WIPI2|WIPI1|ATG101|RAB43|STING1,-2.6,MyList
Reactome Gene Sets,6,R-HSA-1428517,Aerobic respiration and respiratory electron transport,,-4.9,3.4,5.5,30230,258,584,17,2.9,0.7,4289|4508|4514|4540|4541|4706|6391|6392|9016|9481|10873|10975|51300|51660|54704|79018|119559,MKLN1|ATP6|COX3|ND5|ND6|NDUFAB1|SDHC|SDHD|SLC25A14|SLC25A27|ME3|UQCR11|TIMMDC1|MPC1|PDP1|GID4|SFXN4,-2.6,MyList
GO Cellular Components,20,GO:1902554,serine/threonine protein kinase complex,,-4.9,4.3,5.8,30230,158,584,13,2.2,0.61,90|2068|2071|2968|3551|4615|5129|9821|10454|23049|55181|60673|340061,ACVR1|ERCC2|ERCC3|GTF2H4|IKBKB|MYD88|CDK18|RB1CC1|TAB1|SMG1|SMG8|ATG101|STING1,-2.6,MyList
Reactome Gene Sets,6,R-HSA-193648,NRAGE signals death through JNK,,-4.9,7.3,6.6,30230,57,584,8,1.4,0.48,6655|7410|9138|9639|10451|23229|50649|55160,SOS2|VAV2|ARHGEF1|ARHGEF10|VAV3|ARHGEF9|ARHGEF4|ARHGEF10L,-2.6,MyList
KEGG Pathway,24,hsa05014,Amyotrophic lateral sclerosis,,-4.9,2.9,5.2,30230,371,584,21,3.6,0.77,2733|4508|4514|4540|4541|4706|6300|6391|6392|9821|10975|23511|26100|29107|30849|55062|55706|60673|79139|90550|144983,GLE1|ATP6|COX3|ND5|ND6|NDUFAB1|MAPK12|SDHC|SDHD|RB1CC1|UQCR11|NUP188|WIPI2|NXT1|PIK3R4|WIPI1|NDC1|ATG101|DERL1|MCU|HNRNPA1L2,-2.6,MyList
GO Cellular Components,20,GO:0032588,trans-Golgi network membrane,,-4.9,5,6,30230,114,584,11,1.9,0.56,8677|9179|9382|10079|11154|50807|51542|55676|64924|84342|339122,STX10|AP4M1|COG1|ATP9A|AP4S1|ASAP1|VPS54|SLC30A6|SLC30A5|COG8|RAB43,-2.6,MyList
Reactome Gene Sets,6,R-HSA-8951664,Neddylation,,-4.9,3.6,5.5,30230,233,584,16,2.7,0.68,9817|23038|23113|26249|54620|55336|55958|57542|80067|84078|84861|89890|115290|123228|126433|142685,KEAP1|WDTC1|CUL9|KLHL3|FBXL19|FBXL8|KLHL9|KLHL42|DCAF17|KBTBD7|KLHL22|KBTBD6|FBXO17|SENP8|FBXO27|ASB15,-2.6,MyList
Reactome Gene Sets,6,R-HSA-2262752,Cellular responses to stress,,-4.9,2.2,4.9,30230,789,584,34,5.8,0.97,406|2353|3310|4514|5563|5580|5602|5609|6095|7029|7290|7867|9681|9817|10325|23411|23511|25842|27244|29882|51360|55062|55706|64121|64682|79726|84219|84447|90423|167227|192670|201163|440275|729438,BMAL1|FOS|HSPA6|COX3|PRKAA2|PRKCD|MAPK10|MAP2K7|RORA|TFDP2|HIRA|MAPKAPK3|DEPDC5|KEAP1|RRAGB|SIRT1|NUP188|ASF1A|SESN1|ANAPC2|MBTPS2|WIPI1|NDC1|RRAGC|ANAPC1|WDR59|WDR24|SYVN1|ATP6V1E2|DCP2|AGO4|FLCN|EIF2AK4|CASTOR2,-2.6,MyList
WikiPathways,27,WP481,Insulin signaling,,-4.8,4.2,5.7,30230,160,584,13,2.2,0.61,1958|2353|3551|5286|5290|5563|5580|5602|5609|6300|6655|9252|30849,EGR1|FOS|IKBKB|PIK3C2A|PIK3CA|PRKAA2|PRKCD|MAPK10|MAP2K7|MAPK12|SOS2|RPS6KA5|PIK3R4,-2.6,MyList
WikiPathways,27,WP4803,Ciliopathies,,-4.8,3.9,5.6,30230,184,584,14,2.4,0.63,5311|9742|26160|30849|55624|55764|57560|57728|79809|79867|83479|84131|123016|201163,PKD2|IFT140|IFT172|PIK3R4|POMGNT1|IFT122|IFT80|WDR19|TTC21B|TCTN2|DDX59|CEP78|TTC8|FLCN,-2.6,MyList
GO Biological Processes,19,GO:0046890,regulation of lipid biosynthetic process,19_GO:0050789 regulation of biological process,-4.8,3.7,5.5,30230,209,584,15,2.6,0.65,20|21|706|1958|5580|6721|8850|9926|10162|23038|23175|23399|23411|23682|51360,ABCA2|ABCA3|TSPO|EGR1|PRKCD|SREBF2|KAT2B|LPGAT1|LPCAT3|WDTC1|LPIN1|CTDNEP1|SIRT1|RAB38|MBTPS2,-2.6,MyList
GO Cellular Components,20,GO:0005815,microtubule organizing center,,-4.8,2.2,4.9,30230,793,584,34,5.8,0.97,20|1540|2733|3310|3611|3833|3985|5311|5563|8100|8850|9638|9639|9742|22920|23032|23354|26160|50807|55764|57448|57560|79874|84131|84318|84446|84461|84861|85378|90410|93664|123016|201163|387119,ABCA2|CYLD|GLE1|HSPA6|ILK|KIFC1|LIMK2|PKD2|PRKAA2|IFT88|KAT2B|FEZ1|ARHGEF10|IFT140|KIFAP3|USP33|HAUS5|IFT172|ASAP1|IFT122|BIRC6|IFT80|RABEP2|CEP78|CCDC77|BRSK1|NEURL4|KLHL22|TUBGCP6|IFT20|CADPS2|TTC8|FLCN|CEP85L,-2.6,MyList
GO Biological Processes,19,GO:0033365,protein localization to organelle,19_GO:0051179 localization,-4.8,2.3,4.9,30230,725,584,32,5.5,0.94,706|5192|5563|5824|7485|9179|9742|11043|23041|23399|23400|23511|25842|26225|26521|27072|30849|50807|51172|51542|55135|55764|57560|57728|64121|79809|79867|84131|90410|131474|200576|340061,TSPO|PEX10|PRKAA2|PEX19|GET1|AP4M1|IFT140|MID2|MON2|CTDNEP1|ATP13A2|NUP188|ASF1A|ARL5A|TIMM8B|VPS41|PIK3R4|ASAP1|NAGPA|VPS54|WRAP53|IFT122|IFT80|WDR19|RRAGC|TTC21B|TCTN2|CEP78|IFT20|CHCHD4|PIKFYVE|STING1,-2.6,MyList
Reactome Gene Sets,6,R-HSA-975871,MyD88 cascade initiated on plasma membrane,,-4.8,5.4,6.1,30230,95,584,10,1.7,0.54,2353|3551|4615|5602|5609|7867|9252|10454|57161|79671,FOS|IKBKB|MYD88|MAPK10|MAP2K7|MAPKAPK3|RPS6KA5|TAB1|PELI2|NLRX1,-2.6,MyList
Reactome Gene Sets,6,R-HSA-168176,Toll Like Receptor 5 (TLR5) Cascade,,-4.8,5.4,6.1,30230,95,584,10,1.7,0.54,2353|3551|4615|5602|5609|7867|9252|10454|57161|79671,FOS|IKBKB|MYD88|MAPK10|MAP2K7|MAPKAPK3|RPS6KA5|TAB1|PELI2|NLRX1,-2.6,MyList
Reactome Gene Sets,6,R-HSA-168142,Toll Like Receptor 10 (TLR10) Cascade,,-4.8,5.4,6.1,30230,95,584,10,1.7,0.54,2353|3551|4615|5602|5609|7867|9252|10454|57161|79671,FOS|IKBKB|MYD88|MAPK10|MAP2K7|MAPKAPK3|RPS6KA5|TAB1|PELI2|NLRX1,-2.6,MyList
KEGG Pathway,24,hsa05135,Yersinia infection,,-4.8,4.5,5.8,30230,138,584,12,2.1,0.59,2353|3551|4615|5290|5602|5609|6300|7410|9138|10451|10454|57180,FOS|IKBKB|MYD88|PIK3CA|MAPK10|MAP2K7|MAPK12|VAV2|ARHGEF1|VAV3|TAB1|ACTR3B,-2.6,MyList
GO Biological Processes,19,GO:0006281,DNA repair,19_GO:0050896 response to stimulus,-4.8,2.5,5,30230,532,584,26,4.5,0.85,2068|2071|2968|3981|4292|5428|7374|8505|9557|9960|10463|11200|23049|23411|25842|29086|54617|54799|55135|80198|80314|84142|84461|91419|93973|257218,ERCC2|ERCC3|GTF2H4|LIG4|MLH1|POLG|UNG|PARG|CHD1L|USP3|SLC30A9|CHEK2|SMG1|SIRT1|ASF1A|BABAM1|INO80|MBTD1|WRAP53|MUS81|EPC1|ABRAXAS1|NEURL4|ATP23|ACTR8|SHPRH,-2.5,MyList
GO Biological Processes,19,GO:1902115,regulation of organelle assembly,19_GO:0050789 regulation of biological process,-4.7,3.5,5.4,30230,238,584,16,2.7,0.68,1540|3985|5563|8100|8850|9638|9742|11200|23032|23229|23232|55062|79874|90410|115704|200576,CYLD|LIMK2|PRKAA2|IFT88|KAT2B|FEZ1|IFT140|CHEK2|USP33|ARHGEF9|TBC1D12|WIPI1|RABEP2|IFT20|EVI5L|PIKFYVE,-2.5,MyList
GO Biological Processes,19,GO:0006605,protein targeting,19_GO:0051179 localization,-4.7,3.5,5.4,30230,238,584,16,2.7,0.68,706|1121|4285|5824|7485|9179|9927|11154|23041|23148|26521|27072|30849|51172|51542|200576,TSPO|CHM|MIPEP|PEX19|GET1|AP4M1|MFN2|AP4S1|MON2|NACAD|TIMM8B|VPS41|PIK3R4|NAGPA|VPS54|PIKFYVE,-2.5,MyList
GO Biological Processes,19,GO:0035720,intraciliary anterograde transport,19_GO:0051179 localization,-4.7,14,8,30230,18,584,5,0.86,0.38,8100|26160|55764|57560|90410,IFT88|IFT172|IFT122|IFT80|IFT20,-2.5,MyList
GO Biological Processes,19,GO:0009206,purine ribonucleoside triphosphate biosynthetic process,19_GO:0009987 cellular process,-4.7,5.3,6,30230,97,584,10,1.7,0.54,3988|4508|4540|4541|4706|4833|6391|6392|25875|51422,LIPA|ATP6|ND5|ND6|NDUFAB1|NME4|SDHC|SDHD|LETMD1|PRKAG2,-2.5,MyList
GO Biological Processes,19,GO:1901293,nucleoside phosphate biosynthetic process,19_GO:0009987 cellular process,-4.7,3.2,5.2,30230,294,584,18,3.1,0.72,2182|2977|3988|4508|4540|4541|4706|4833|6391|6392|9374|10020|11001|25875|26289|51422|93100|197322,ACSL4|GUCY1A2|LIPA|ATP6|ND5|ND6|NDUFAB1|NME4|SDHC|SDHD|PPT2|GNE|SLC27A2|LETMD1|AK5|PRKAG2|NAPRT|ACSF3,-2.5,MyList
WikiPathways,27,WP4577,Neurodegeneration with brain iron accumulation NBIA subtypes pathway,,-4.7,8.2,6.7,30230,44,584,7,1.2,0.45,9821|23400|26100|30849|55062|60673|80067,RB1CC1|ATP13A2|WIPI2|PIK3R4|WIPI1|ATG101|DCAF17,-2.5,MyList
GO Biological Processes,19,GO:0008202,steroid metabolic process,19_GO:0009987 cellular process,-4.7,3.3,5.3,30230,267,584,17,2.9,0.7,706|1718|3988|4547|5563|5959|6307|6721|9885|10682|10948|11001|23461|51360|51422|59338|113612,TSPO|DHCR24|LIPA|MTTP|PRKAA2|RDH5|MSMO1|SREBF2|OSBPL2|EBP|STARD3|SLC27A2|ABCA5|MBTPS2|PRKAG2|PLEKHA1|CYP2U1,-2.5,MyList
GO Biological Processes,19,GO:0007033,vacuole organization,19_GO:0009987 cellular process,-4.7,3.6,5.4,30230,214,584,15,2.6,0.65,3988|5287|9179|9821|9897|9927|23400|26100|51172|51542|55062|60673|200576|339122|340061,LIPA|PIK3C2B|AP4M1|RB1CC1|WASHC5|MFN2|ATP13A2|WIPI2|NAGPA|VPS54|WIPI1|ATG101|PIKFYVE|RAB43|STING1,-2.5,MyList
WikiPathways,27,WP4923,Autophagy,,-4.7,10,7.2,30230,30,584,6,1,0.42,5563|9821|26100|30849|51422|60673,PRKAA2|RB1CC1|WIPI2|PIK3R4|PRKAG2|ATG101,-2.5,MyList
KEGG Pathway,24,hsa04621,NOD-like receptor signaling pathway,,-4.7,3.8,5.5,30230,189,584,14,2.4,0.63,3551|4615|4938|5580|5602|6041|6300|6773|9927|10454|55669|79671|90550|340061,IKBKB|MYD88|OAS1|PRKCD|MAPK10|RNASEL|MAPK12|STAT2|MFN2|TAB1|MFN1|NLRX1|MCU|STING1,-2.5,MyList
WikiPathways,27,WP4787,Osteoblast differentiation and related diseases,,-4.7,4.8,5.8,30230,119,584,11,1.9,0.56,5286|5287|5290|5580|5581|5582|5587|5602|6300|30849|81029,PIK3C2A|PIK3C2B|PIK3CA|PRKCD|PRKCE|PRKCG|PRKD1|MAPK10|MAPK12|PIK3R4|WNT5B,-2.5,MyList
GO Biological Processes,19,GO:0009145,purine nucleoside triphosphate biosynthetic process,19_GO:0009987 cellular process,-4.7,5.3,6,30230,98,584,10,1.7,0.54,3988|4508|4540|4541|4706|4833|6391|6392|25875|51422,LIPA|ATP6|ND5|ND6|NDUFAB1|NME4|SDHC|SDHD|LETMD1|PRKAG2,-2.5,MyList
GO Biological Processes,19,GO:0035269,protein O-linked glycosylation via mannose,19_GO:0009987 cellular process,-4.6,14,7.7,30230,19,584,5,0.86,0.38,10585|29954|54916|55624|729920,POMT1|POMT2|TMEM260|POMGNT1|CRPPA,-2.4,MyList
WikiPathways,27,WP2533,Glycerophospholipid biosynthetic pathway,,-4.6,10,7.1,30230,31,584,6,1,0.42,2710|5290|8443|9489|23175|114971,GK|PIK3CA|GNPAT|PGS1|LPIN1|PTPMT1,-2.4,MyList
KEGG Pathway,24,hsa05017,Spinocerebellar ataxia,,-4.6,4.3,5.6,30230,144,584,12,2.1,0.59,1600|5290|5582|5602|6095|6908|9821|26100|30849|55062|60673|90550,DAB1|PIK3CA|PRKCG|MAPK10|RORA|TBP|RB1CC1|WIPI2|PIK3R4|WIPI1|ATG101|MCU,-2.4,MyList
GO Biological Processes,19,GO:0009141,nucleoside triphosphate metabolic process,19_GO:0009987 cellular process,-4.6,3.6,5.3,30230,218,584,15,2.6,0.65,3988|4508|4540|4541|4547|4706|4833|6391|6392|8505|25875|26289|51422|55669|114789,LIPA|ATP6|ND5|ND6|MTTP|NDUFAB1|NME4|SDHC|SDHD|PARG|LETMD1|AK5|PRKAG2|MFN1|SLC25A25,-2.4,MyList
Reactome Gene Sets,6,R-HSA-1632852,Macroautophagy,,-4.6,4.3,5.6,30230,145,584,12,2.1,0.59,5563|8100|9821|9927|10325|26100|30849|51422|55062|55669|60673|64121,PRKAA2|IFT88|RB1CC1|MFN2|RRAGB|WIPI2|PIK3R4|PRKAG2|WIPI1|MFN1|ATG101|RRAGC,-2.4,MyList
GO Biological Processes,19,GO:0009152,purine ribonucleotide biosynthetic process,19_GO:0009987 cellular process,-4.6,4.3,5.6,30230,145,584,12,2.1,0.59,2977|3988|4508|4540|4541|4706|4833|6391|6392|25875|26289|51422,GUCY1A2|LIPA|ATP6|ND5|ND6|NDUFAB1|NME4|SDHC|SDHD|LETMD1|AK5|PRKAG2,-2.4,MyList
Reactome Gene Sets,6,R-HSA-975138,TRAF6 mediated induction of NFkB and MAP kinases upon TLR7/8 or 9 activation,,-4.6,5.1,5.8,30230,101,584,10,1.7,0.54,2353|3551|4615|5602|5609|7867|9252|10454|57161|79671,FOS|IKBKB|MYD88|MAPK10|MAP2K7|MAPKAPK3|RPS6KA5|TAB1|PELI2|NLRX1,-2.4,MyList
GO Biological Processes,19,GO:0015918,sterol transport,19_GO:0051179 localization,-4.6,5.8,6,30230,81,584,9,1.5,0.51,706|3988|4547|9885|10948|23461|51542|57655|84947,TSPO|LIPA|MTTP|OSBPL2|STARD3|ABCA5|VPS54|GRAMD1A|SERAC1,-2.4,MyList
GO Biological Processes,19,GO:0046034,ATP metabolic process,19_GO:0009987 cellular process,-4.6,4,5.5,30230,169,584,13,2.2,0.61,3988|4508|4540|4541|4547|4706|6391|6392|8505|25875|26289|51422|114789,LIPA|ATP6|ND5|ND6|MTTP|NDUFAB1|SDHC|SDHD|PARG|LETMD1|AK5|PRKAG2|SLC25A25,-2.4,MyList
Reactome Gene Sets,6,R-HSA-8932506,DAG1 core M1 glycosylations,,-4.5,39,11,30230,4,584,3,0.51,0.3,10585|29954|55624,POMT1|POMT2|POMGNT1,-2.4,MyList
WikiPathways,27,WP382,MAPK signaling,,-4.5,3.4,5.2,30230,247,584,16,2.7,0.68,673|2353|3310|3551|5580|5582|5602|5609|5922|6300|6655|7867|9252|10454|27091|51776,BRAF|FOS|HSPA6|IKBKB|PRKCD|PRKCG|MAPK10|MAP2K7|RASA2|MAPK12|SOS2|MAPKAPK3|RPS6KA5|TAB1|CACNG5|MAP3K20,-2.4,MyList
GO Biological Processes,19,GO:0016310,phosphorylation,19_GO:0009987 cellular process,-4.5,2.9,5,30230,361,584,20,3.4,0.75,673|3551|3985|5580|5587|5602|6041|8476|9252|9874|10020|11200|23049|30849|51776|56997|57448|84446|200576|440275,BRAF|IKBKB|LIMK2|PRKCD|PRKD1|MAPK10|RNASEL|CDC42BPA|RPS6KA5|TLK1|GNE|CHEK2|SMG1|PIK3R4|MAP3K20|COQ8A|BIRC6|BRSK1|PIKFYVE|EIF2AK4,-2.4,MyList
Reactome Gene Sets,6,R-HSA-975155,MyD88 dependent cascade initiated on endosome,,-4.5,5.1,5.8,30230,102,584,10,1.7,0.54,2353|3551|4615|5602|5609|7867|9252|10454|57161|79671,FOS|IKBKB|MYD88|MAPK10|MAP2K7|MAPKAPK3|RPS6KA5|TAB1|PELI2|NLRX1,-2.4,MyList
KEGG Pathway,24,hsa05010,Alzheimer disease,,-4.5,2.8,5,30230,391,584,21,3.6,0.77,673|3551|4508|4514|4540|4541|4706|5290|5602|5609|6391|6392|9821|10975|26100|30849|51107|55062|60673|81029|90550,BRAF|IKBKB|ATP6|COX3|ND5|ND6|NDUFAB1|PIK3CA|MAPK10|MAP2K7|SDHC|SDHD|RB1CC1|UQCR11|WIPI2|PIK3R4|APH1A|WIPI1|ATG101|WNT5B|MCU,-2.4,MyList
GO Biological Processes,19,GO:0061512,protein localization to cilium,19_GO:0051179 localization,-4.5,5.7,6,30230,82,584,9,1.5,0.51,9742|50807|55764|57560|57728|79809|79867|84131|90410,IFT140|ASAP1|IFT122|IFT80|WDR19|TTC21B|TCTN2|CEP78|IFT20,-2.4,MyList
GO Biological Processes,19,GO:0009201,ribonucleoside triphosphate biosynthetic process,19_GO:0009987 cellular process,-4.5,5,5.7,30230,103,584,10,1.7,0.54,3988|4508|4540|4541|4706|4833|6391|6392|25875|51422,LIPA|ATP6|ND5|ND6|NDUFAB1|NME4|SDHC|SDHD|LETMD1|PRKAG2,-2.4,MyList
Reactome Gene Sets,6,R-HSA-3781860,Diseases associated with N-glycosylation of proteins,,-4.5,13,7.5,30230,20,584,5,0.86,0.38,1798|10195|11253|29929|91869,DPAGT1|ALG3|MAN1B1|ALG6|RFT1,-2.4,MyList
GO Biological Processes,19,GO:0006488,dolichol-linked oligosaccharide biosynthetic process,19_GO:0009987 cellular process,-4.5,13,7.5,30230,20,584,5,0.86,0.38,1798|10195|29880|29929|91869,DPAGT1|ALG3|ALG5|ALG6|RFT1,-2.4,MyList
GO Biological Processes,19,GO:0006895,Golgi to endosome transport,19_GO:0051179 localization,-4.5,13,7.5,30230,20,584,5,0.86,0.38,9179|10079|23041|55062|79591,AP4M1|ATP9A|MON2|WIPI1|ARMH3,-2.4,MyList
GO Cellular Components,20,GO:0042579,microbody,,-4.5,4.2,5.4,30230,149,584,12,2.1,0.59,2182|5192|5824|8310|8443|10478|11001|25979|54996|55825|84129|340061,ACSL4|PEX10|PEX19|ACOX3|GNPAT|SLC25A17|SLC27A2|DHRS7B|MTARC2|PECR|ACAD11|STING1,-2.3,MyList
GO Cellular Components,20,GO:0005777,peroxisome,,-4.5,4.2,5.4,30230,149,584,12,2.1,0.59,2182|5192|5824|8310|8443|10478|11001|25979|54996|55825|84129|340061,ACSL4|PEX10|PEX19|ACOX3|GNPAT|SLC25A17|SLC27A2|DHRS7B|MTARC2|PECR|ACAD11|STING1,-2.3,MyList
WikiPathways,27,WP422,MAPK cascade,,-4.4,9.4,6.8,30230,33,584,6,1,0.42,673|5602|5609|6300|6655|22821,BRAF|MAPK10|MAP2K7|MAPK12|SOS2|RASA3,-2.3,MyList
GO Biological Processes,19,GO:0051668,localization within membrane,19_GO:0051179 localization,-4.4,2.4,4.7,30230,588,584,27,4.6,0.87,673|1121|3551|5824|7485|9179|23148|23167|23555|23682|25837|26225|26521|27091|55706|57560|57728|64121|79726|79803|80262|84219|90410|91663|123016|134957|200576,BRAF|CHM|IKBKB|PEX19|GET1|AP4M1|NACAD|EFR3A|TSPAN15|RAB38|RAB26|ARL5A|TIMM8B|CACNG5|NDC1|IFT80|WDR19|RRAGC|WDR59|HPS6|PHAF1|WDR24|IFT20|MYADM|TTC8|STXBP5|PIKFYVE,-2.3,MyList
WikiPathways,27,WP111,Electron transport chain OXPHOS system in mitochondria,,-4.4,4.9,5.7,30230,105,584,10,1.7,0.54,4508|4514|4540|4541|4706|6391|6392|9016|9481|10975,ATP6|COX3|ND5|ND6|NDUFAB1|SDHC|SDHD|SLC25A14|SLC25A27|UQCR11,-2.3,MyList
GO Cellular Components,20,GO:0036064,ciliary basal body,,-4.4,3.4,5.2,30230,226,584,15,2.6,0.65,1540|2733|5311|5563|8100|9742|22920|26160|55764|57560|79874|84131|90410|93664|123016,CYLD|GLE1|PKD2|PRKAA2|IFT88|IFT140|KIFAP3|IFT172|IFT122|IFT80|RABEP2|CEP78|IFT20|CADPS2|TTC8,-2.3,MyList
GO Biological Processes,19,GO:0006164,purine nucleotide biosynthetic process,19_GO:0009987 cellular process,-4.4,3.8,5.3,30230,175,584,13,2.2,0.61,2977|3988|4508|4540|4541|4706|4833|6391|6392|25875|26289|51422|93100,GUCY1A2|LIPA|ATP6|ND5|ND6|NDUFAB1|NME4|SDHC|SDHD|LETMD1|AK5|PRKAG2|NAPRT,-2.3,MyList
GO Biological Processes,19,GO:0007034,vacuolar transport,19_GO:0051179 localization,-4.4,3.8,5.3,30230,175,584,13,2.2,0.61,757|3988|6845|9179|10239|23041|23400|23484|23585|27072|30849|51172|51542,TMEM50B|LIPA|VAMP7|AP4M1|AP3S2|MON2|ATP13A2|LEPROTL1|TMEM50A|VPS41|PIK3R4|NAGPA|VPS54,-2.3,MyList
GO Cellular Components,20,GO:0031903,microbody membrane,,-4.4,6.3,6,30230,66,584,8,1.4,0.48,2182|5192|5824|8443|10478|11001|25979|55825,ACSL4|PEX10|PEX19|GNPAT|SLC25A17|SLC27A2|DHRS7B|PECR,-2.3,MyList
GO Cellular Components,20,GO:0005778,peroxisomal membrane,,-4.4,6.3,6,30230,66,584,8,1.4,0.48,2182|5192|5824|8443|10478|11001|25979|55825,ACSL4|PEX10|PEX19|GNPAT|SLC25A17|SLC27A2|DHRS7B|PECR,-2.3,MyList
Reactome Gene Sets,6,R-HSA-168181,Toll Like Receptor 7/8 (TLR7/8) Cascade,,-4.4,4.9,5.6,30230,106,584,10,1.7,0.54,2353|3551|4615|5602|5609|7867|9252|10454|57161|79671,FOS|IKBKB|MYD88|MAPK10|MAP2K7|MAPKAPK3|RPS6KA5|TAB1|PELI2|NLRX1,-2.3,MyList
Reactome Gene Sets,6,R-HSA-1660517,Synthesis of PIPs at the late endosome membrane,,-4.4,19,8.3,30230,11,584,4,0.68,0.34,5286|30849|66036|200576,PIK3C2A|PIK3R4|MTMR9|PIKFYVE,-2.3,MyList
GO Cellular Components,20,GO:0061700,GATOR2 complex,,-4.4,19,8.3,30230,11,584,4,0.68,0.34,27244|79726|84219|729438,SESN1|WDR59|WDR24|CASTOR2,-2.3,MyList
WikiPathways,27,WP5477,Molecular pathway for oxidative stress,,-4.4,7.4,6.3,30230,49,584,7,1.2,0.45,2353|3551|5290|5304|9252|9817|23411,FOS|IKBKB|PIK3CA|PIP|RPS6KA5|KEAP1|SIRT1,-2.3,MyList
WikiPathways,27,WP2637,Interleukin 1 IL 1 structural pathway,,-4.4,7.4,6.3,30230,49,584,7,1.2,0.45,2353|3551|4615|5602|5609|9252|10454,FOS|IKBKB|MYD88|MAPK10|MAP2K7|RPS6KA5|TAB1,-2.3,MyList
WikiPathways,27,WP4971,Phosphoinositides metabolism,,-4.4,7.4,6.3,30230,49,584,7,1.2,0.45,5286|5287|5290|30849|54545|66036|200576,PIK3C2A|PIK3C2B|PIK3CA|PIK3R4|MTMR12|MTMR9|PIKFYVE,-2.3,MyList
Canonical Pathways,11,M270,PID MAPK TRK PATHWAY,,-4.4,9.1,6.7,30230,34,584,6,1,0.42,673|1958|2353|5580|6016|9252,BRAF|EGR1|FOS|PRKCD|RIT1|RPS6KA5,-2.3,MyList
GO Biological Processes,19,GO:0006754,ATP biosynthetic process,19_GO:0009987 cellular process,-4.4,5.4,5.8,30230,86,584,9,1.5,0.51,3988|4508|4540|4541|4706|6391|6392|25875|51422,LIPA|ATP6|ND5|ND6|NDUFAB1|SDHC|SDHD|LETMD1|PRKAG2,-2.3,MyList
GO Biological Processes,19,GO:0051640,organelle localization,19_GO:0051179 localization,-4.4,2.4,4.7,30230,561,584,26,4.5,0.85,1600|3833|3985|4292|5873|6854|8677|9638|9783|9927|10239|10948|22920|23411|26001|54849|55062|55638|55669|58485|79803|80128|84142|93664|201163|203062,DAB1|KIFC1|LIMK2|MLH1|RAB27A|SYN2|STX10|FEZ1|RIMS3|MFN2|AP3S2|STARD3|KIFAP3|SIRT1|RNF167|DEF8|WIPI1|SYBU|MFN1|TRAPPC1|HPS6|TRIM46|ABRAXAS1|CADPS2|FLCN|TSNARE1,-2.3,MyList
GO Biological Processes,19,GO:0006066,alcohol metabolic process,19_GO:0009987 cellular process,-4.4,3,4.9,30230,313,584,18,3.1,0.72,20|1718|2710|3988|4547|5563|5959|6307|6721|8824|9517|9677|10682|10948|23461|51360|54884|55825,ABCA2|DHCR24|GK|LIPA|MTTP|PRKAA2|RDH5|MSMO1|SREBF2|CES2|SPTLC2|PPIP5K1|EBP|STARD3|ABCA5|MBTPS2|RETSAT|PECR,-2.3,MyList
GO Cellular Components,20,GO:1990351,transporter complex,,-4.3,2.4,4.7,30230,563,584,26,4.5,0.85,20|22|1143|1186|2562|2899|3769|4508|4514|4540|4541|4706|5311|10975|23428|23456|27091|51761|55676|56262|57030|64924|90550|134957|221154|286097,ABCA2|ABCB7|CHRNB4|CLCN7|GABRB3|GRIK3|KCNJ13|ATP6|COX3|ND5|ND6|NDUFAB1|PKD2|UQCR11|SLC7A8|ABCB10|CACNG5|ATP8A2|SLC30A6|LRRC8A|SLC17A7|SLC30A5|MCU|STXBP5|MICU2|MICU3,-2.3,MyList
KEGG Pathway,24,hsa05415,Diabetic cardiomyopathy,,-4.3,3.5,5.1,30230,205,584,14,2.4,0.63,4508|4514|4540|4541|4706|5290|5580|5582|5602|6300|6391|6392|10975|51660,ATP6|COX3|ND5|ND6|NDUFAB1|PIK3CA|PRKCD|PRKCG|MAPK10|MAPK12|SDHC|SDHD|UQCR11|MPC1,-2.2,MyList
GO Biological Processes,19,GO:0006892,post-Golgi vesicle-mediated transport,19_GO:0051179 localization,-4.3,4.7,5.5,30230,109,584,10,1.7,0.54,9179|10079|10239|23041|25837|51542|55062|79591|80262|134957,AP4M1|ATP9A|AP3S2|MON2|RAB26|VPS54|WIPI1|ARMH3|PHAF1|STXBP5,-2.2,MyList
GO Biological Processes,19,GO:1904262,negative regulation of TORC1 signaling,19_GO:0048519 negative regulation of biological process,-4.3,7.1,6.1,30230,51,584,7,1.2,0.45,5563|9681|26001|27244|79726|84219|729438,PRKAA2|DEPDC5|RNF167|SESN1|WDR59|WDR24|CASTOR2,-2.2,MyList
GO Biological Processes,19,GO:0044283,small molecule biosynthetic process,19_GO:0009987 cellular process,-4.3,2.5,4.7,30230,471,584,23,3.9,0.8,20|1468|1718|2182|3988|4706|5563|6307|9517|9677|9885|10020|10682|10873|10948|11001|25902|51422|55825|56997|81539|84274|197322,ABCA2|SLC25A10|DHCR24|ACSL4|LIPA|NDUFAB1|PRKAA2|MSMO1|SPTLC2|PPIP5K1|OSBPL2|GNE|EBP|ME3|STARD3|SLC27A2|MTHFD1L|PRKAG2|PECR|COQ8A|SLC38A1|COQ5|ACSF3,-2.2,MyList
GO Biological Processes,19,GO:0006468,protein phosphorylation,19_GO:0009987 cellular process,-4.3,2.9,4.9,30230,318,584,18,3.1,0.72,673|3551|3985|5580|5587|5602|6041|8476|9252|9874|11200|23049|30849|51776|57448|84446|200576|440275,BRAF|IKBKB|LIMK2|PRKCD|PRKD1|MAPK10|RNASEL|CDC42BPA|RPS6KA5|TLK1|CHEK2|SMG1|PIK3R4|MAP3K20|BIRC6|BRSK1|PIKFYVE|EIF2AK4,-2.2,MyList
Reactome Gene Sets,6,R-HSA-3700989,Transcriptional Regulation by TP53,,-4.3,2.8,4.8,30230,348,584,19,3.3,0.73,1121|2068|2071|2353|2968|4292|4514|5563|5934|6908|7029|10325|11200|27244|51422|64121|79109|192670|253260,CHM|ERCC2|ERCC3|FOS|GTF2H4|MLH1|COX3|PRKAA2|RBL2|TBP|TFDP2|RRAGB|CHEK2|SESN1|PRKAG2|RRAGC|MAPKAP1|AGO4|RICTOR,-2.2,MyList
GO Biological Processes,19,GO:0006399,tRNA metabolic process,19_GO:0009987 cellular process,-4.3,3.5,5.1,30230,207,584,14,2.4,0.63,10785|23395|23405|54802|54974|57038|57570|60487|64172|80324|126789|283459|285605|339487,WDR4|LARS2|DICER1|TRIT1|THG1L|RARS2|TRMT5|TRMT11|OSGEPL1|PUS1|PUSL1|GATC|DTWD2|ZBTB8OS,-2.2,MyList
GO Biological Processes,19,GO:0015914,phospholipid transport,19_GO:0051179 localization,-4.3,4.7,5.5,30230,110,584,10,1.7,0.54,21|24|4547|4833|9885|10079|51761|55362|57605|153768,ABCA3|ABCA4|MTTP|NME4|OSBPL2|ATP9A|ATP8A2|TMEM63B|PITPNM2|PRELID2,-2.2,MyList
GO Biological Processes,19,GO:0072521,purine-containing compound metabolic process,19_GO:0009987 cellular process,-4.2,2.5,4.6,30230,505,584,24,4.1,0.82,2182|2977|3988|4508|4540|4541|4547|4706|4833|6095|6391|6392|8505|9374|10157|11001|25819|25875|26289|51422|55669|93100|114789|197322,ACSL4|GUCY1A2|LIPA|ATP6|ND5|ND6|MTTP|NDUFAB1|NME4|RORA|SDHC|SDHD|PARG|PPT2|AASS|SLC27A2|NOCT|LETMD1|AK5|PRKAG2|MFN1|NAPRT|SLC25A25|ACSF3,-2.2,MyList
KEGG Pathway,24,hsa04068,FoxO signaling pathway,,-4.2,4.3,5.3,30230,133,584,11,1.9,0.56,673|3551|5290|5563|5602|5934|6300|6655|23411|51422|116986,BRAF|IKBKB|PIK3CA|PRKAA2|MAPK10|RBL2|MAPK12|SOS2|SIRT1|PRKAG2|AGAP2,-2.2,MyList
KEGG Pathway,24,hsa04932,Non-alcoholic fatty liver disease,,-4.2,4,5.2,30230,157,584,12,2.1,0.59,2353|3551|4514|4706|5290|5563|5602|6300|6391|6392|10975|51422,FOS|IKBKB|COX3|NDUFAB1|PIK3CA|PRKAA2|MAPK10|MAPK12|SDHC|SDHD|UQCR11|PRKAG2,-2.2,MyList
Reactome Gene Sets,6,R-HSA-8953854,Metabolism of RNA,,-4.2,2.2,4.5,30230,742,584,31,5.3,0.93,2068|2071|2733|2968|5580|9238|9582|10785|22868|23049|23511|23658|27257|27292|29107|51106|54802|54974|55149|55181|55706|57570|60487|64172|64852|80324|81554|92856|167227|196441|339487,ERCC2|ERCC3|GLE1|GTF2H4|PRKCD|TBRG4|APOBEC3B|WDR4|FASTKD2|SMG1|NUP188|LSM5|LSM1|DIMT1|NXT1|TFB1M|TRIT1|THG1L|MTPAP|SMG8|NDC1|TRMT5|TRMT11|OSGEPL1|TUT1|PUS1|RCC1L|IMP4|DCP2|ZFC3H1|ZBTB8OS,-2.2,MyList
Reactome Gene Sets,6,R-HSA-168188,Toll Like Receptor TLR6:TLR2 Cascade,,-4.2,4.7,5.4,30230,111,584,10,1.7,0.54,2353|3551|4615|5602|5609|7867|9252|10454|57161|79671,FOS|IKBKB|MYD88|MAPK10|MAP2K7|MAPKAPK3|RPS6KA5|TAB1|PELI2|NLRX1,-2.2,MyList
Reactome Gene Sets,6,R-HSA-72306,tRNA processing,,-4.2,4.7,5.4,30230,111,584,10,1.7,0.54,10785|23511|54802|54974|55706|57570|60487|64172|80324|339487,WDR4|NUP188|TRIT1|THG1L|NDC1|TRMT5|TRMT11|OSGEPL1|PUS1|ZBTB8OS,-2.2,MyList
GO Biological Processes,19,GO:0009142,nucleoside triphosphate biosynthetic process,19_GO:0009987 cellular process,-4.2,4.7,5.4,30230,111,584,10,1.7,0.54,3988|4508|4540|4541|4706|4833|6391|6392|25875|51422,LIPA|ATP6|ND5|ND6|NDUFAB1|NME4|SDHC|SDHD|LETMD1|PRKAG2,-2.2,MyList
Reactome Gene Sets,6,R-HSA-166058,MyD88:MAL(TIRAP) cascade initiated on plasma membrane,,-4.2,4.7,5.4,30230,111,584,10,1.7,0.54,2353|3551|4615|5602|5609|7867|9252|10454|57161|79671,FOS|IKBKB|MYD88|MAPK10|MAP2K7|MAPKAPK3|RPS6KA5|TAB1|PELI2|NLRX1,-2.2,MyList
WikiPathways,27,WP1471,Target of rapamycin signaling,,-4.2,8.6,6.4,30230,36,584,6,1,0.42,5563|10325|51422|64121|79109|253260,PRKAA2|RRAGB|PRKAG2|RRAGC|MAPKAP1|RICTOR,-2.2,MyList
GO Cellular Components,20,GO:1902495,transmembrane transporter complex,,-4.2,2.4,4.6,30230,541,584,25,4.3,0.84,20|22|1143|1186|2562|2899|3769|4508|4514|4540|4541|4706|5311|10975|23428|23456|27091|55676|56262|57030|64924|90550|134957|221154|286097,ABCA2|ABCB7|CHRNB4|CLCN7|GABRB3|GRIK3|KCNJ13|ATP6|COX3|ND5|ND6|NDUFAB1|PKD2|UQCR11|SLC7A8|ABCB10|CACNG5|SLC30A6|LRRC8A|SLC17A7|SLC30A5|MCU|STXBP5|MICU2|MICU3,-2.2,MyList
GO Biological Processes,19,GO:0009150,purine ribonucleotide metabolic process,19_GO:0009987 cellular process,-4.2,3,4.8,30230,293,584,17,2.9,0.7,2977|3988|4508|4540|4541|4547|4706|4833|6095|6391|6392|8505|25875|26289|51422|55669|114789,GUCY1A2|LIPA|ATP6|ND5|ND6|MTTP|NDUFAB1|NME4|RORA|SDHC|SDHD|PARG|LETMD1|AK5|PRKAG2|MFN1|SLC25A25,-2.1,MyList
WikiPathways,27,WP437,EGF EGFR signaling,,-4.2,3.9,5.2,30230,159,584,12,2.1,0.59,673|2353|3985|5287|5580|6655|7410|9138|9252|10451|50807|253260,BRAF|FOS|LIMK2|PIK3C2B|PRKCD|SOS2|VAV2|ARHGEF1|RPS6KA5|VAV3|ASAP1|RICTOR,-2.1,MyList
WikiPathways,27,WP5381,Smith Magenis and Potocki Lupski syndrome copy number variation,,-4.2,3.9,5.2,30230,159,584,12,2.1,0.59,406|4289|4615|8100|9821|26160|51422|57560|60673|79018|90410|201163,BMAL1|MKLN1|MYD88|IFT88|RB1CC1|IFT172|PRKAG2|IFT80|ATG101|GID4|IFT20|FLCN,-2.1,MyList
GO Biological Processes,19,GO:0034655,nucleobase-containing compound catabolic process,19_GO:0009987 cellular process,-4.2,2.7,4.7,30230,384,584,20,3.4,0.75,1677|3988|4292|4547|7374|8882|23049|23405|23658|25819|27257|51542|54542|55149|55181|80198|162394|167227|192670|196441,DFFB|LIPA|MLH1|MTTP|UNG|ZPR1|SMG1|DICER1|LSM5|NOCT|LSM1|VPS54|RC3H2|MTPAP|SMG8|MUS81|SLFN5|DCP2|AGO4|ZFC3H1,-2.1,MyList
GO Biological Processes,19,GO:0006753,nucleoside phosphate metabolic process,19_GO:0009987 cellular process,-4.2,2.3,4.5,30230,577,584,26,4.5,0.85,2182|2977|3988|4508|4540|4541|4547|4706|4833|6095|6391|6392|7374|8505|9374|10020|10157|11001|25819|25875|26289|51422|55669|93100|114789|197322,ACSL4|GUCY1A2|LIPA|ATP6|ND5|ND6|MTTP|NDUFAB1|NME4|RORA|SDHC|SDHD|UNG|PARG|PPT2|GNE|AASS|SLC27A2|NOCT|LETMD1|AK5|PRKAG2|MFN1|NAPRT|SLC25A25|ACSF3,-2.1,MyList
Reactome Gene Sets,6,R-HSA-9013149,RAC1 GTPase cycle,,-4.2,3.6,5.1,30230,185,584,13,2.2,0.61,5290|6655|7410|8476|9639|10451|23092|23348|50649|79658|81704|81839|143872,PIK3CA|SOS2|VAV2|CDC42BPA|ARHGEF10|VAV3|ARHGAP26|DOCK9|ARHGEF4|ARHGAP10|DOCK8|VANGL1|ARHGAP42,-2.1,MyList
GO Biological Processes,19,GO:0072657,protein localization to membrane,19_GO:0051179 localization,-4.2,2.9,4.8,30230,324,584,18,3.1,0.72,3551|5824|9179|23167|23555|23682|25837|26225|57560|57728|64121|79726|79803|80262|84219|90410|91663|123016,IKBKB|PEX19|AP4M1|EFR3A|TSPAN15|RAB38|RAB26|ARL5A|IFT80|WDR19|RRAGC|WDR59|HPS6|PHAF1|WDR24|IFT20|MYADM|TTC8,-2.1,MyList
GO Biological Processes,19,GO:0033687,osteoblast proliferation,19_GO:0009987 cellular process,-4.2,31,9.4,30230,5,584,3,0.51,0.3,3726|57560|80198,JUNB|IFT80|MUS81,-2.1,MyList
CORUM,33,CORUM:6174,Intraflagellar transport complex B peripheral subcomplex,,-4.2,31,9.4,30230,5,584,3,0.51,0.3,26160|57560|90410,IFT172|IFT80|IFT20,-2.1,MyList
Reactome Gene Sets,6,R-HSA-8932504,DAG1 core M2 glycosylations,,-4.2,31,9.4,30230,5,584,3,0.51,0.3,10585|29954|55624,POMT1|POMT2|POMGNT1,-2.1,MyList
Reactome Gene Sets,6,R-HSA-9612973,Autophagy,,-4.2,3.9,5.1,30230,160,584,12,2.1,0.59,5563|8100|9821|9927|10325|26100|30849|51422|55062|55669|60673|64121,PRKAA2|IFT88|RB1CC1|MFN2|RRAGB|WIPI2|PIK3R4|PRKAG2|WIPI1|MFN1|ATG101|RRAGC,-2.1,MyList
GO Biological Processes,19,GO:1903725,regulation of phospholipid metabolic process,19_GO:0050789 regulation of biological process,-4.2,8.4,6.3,30230,37,584,6,1,0.42,20|21|5580|23175|23682|66036,ABCA2|ABCA3|PRKCD|LPIN1|RAB38|MTMR9,-2.1,MyList
GO Biological Processes,19,GO:0009314,response to radiation,19_GO:0050896 response to stimulus,-4.1,2.5,4.6,30230,448,584,22,3.8,0.79,24|673|1040|1958|2068|2071|2353|3981|5580|5602|5609|11200|23411|29086|51761|51776|54617|84142|84446|90410|92840|440275,ABCA4|BRAF|CDS1|EGR1|ERCC2|ERCC3|FOS|LIG4|PRKCD|MAPK10|MAP2K7|CHEK2|SIRT1|BABAM1|ATP8A2|MAP3K20|INO80|ABRAXAS1|BRSK1|IFT20|REEP6|EIF2AK4,-2.1,MyList
GO Biological Processes,19,GO:0098657,import into cell,19_GO:0051179 localization,-4.1,2.2,4.4,30230,716,584,30,5.1,0.91,3769|3988|4615|4642|5286|5290|5580|5581|6515|6533|6845|7410|7867|10079|10239|10451|10479|11001|23032|23428|25875|53944|54497|56262|57030|64924|66036|79874|81539|200576,KCNJ13|LIPA|MYD88|MYO1D|PIK3C2A|PIK3CA|PRKCD|PRKCE|SLC2A3|SLC6A6|VAMP7|VAV2|MAPKAPK3|ATP9A|AP3S2|VAV3|SLC9A6|SLC27A2|USP33|SLC7A8|LETMD1|CSNK1G1|HEATR5B|LRRC8A|SLC17A7|SLC30A5|MTMR9|RABEP2|SLC38A1|PIKFYVE,-2.1,MyList
GO Biological Processes,19,GO:0009260,ribonucleotide biosynthetic process,19_GO:0009987 cellular process,-4.1,3.9,5.1,30230,161,584,12,2.1,0.59,2977|3988|4508|4540|4541|4706|4833|6391|6392|25875|26289|51422,GUCY1A2|LIPA|ATP6|ND5|ND6|NDUFAB1|NME4|SDHC|SDHD|LETMD1|AK5|PRKAG2,-2.1,MyList
Reactome Gene Sets,6,R-HSA-168179,Toll Like Receptor TLR1:TLR2 Cascade,,-4.1,4.5,5.3,30230,114,584,10,1.7,0.54,2353|3551|4615|5602|5609|7867|9252|10454|57161|79671,FOS|IKBKB|MYD88|MAPK10|MAP2K7|MAPKAPK3|RPS6KA5|TAB1|PELI2|NLRX1,-2.1,MyList
Reactome Gene Sets,6,R-HSA-181438,Toll Like Receptor 2 (TLR2) Cascade,,-4.1,4.5,5.3,30230,114,584,10,1.7,0.54,2353|3551|4615|5602|5609|7867|9252|10454|57161|79671,FOS|IKBKB|MYD88|MAPK10|MAP2K7|MAPKAPK3|RPS6KA5|TAB1|PELI2|NLRX1,-2.1,MyList
GO Cellular Components,20,GO:0005769,early endosome,,-4.1,2.5,4.6,30230,450,584,22,3.8,0.79,3833|4642|9179|9897|10079|10239|10479|23041|23074|23682|27072|55362|79109|79139|79803|79874|91947|115825|124997|142678|200576|219285,KIFC1|MYO1D|AP4M1|WASHC5|ATP9A|AP3S2|SLC9A6|MON2|BLTP3B|RAB38|VPS41|TMEM63B|MAPKAP1|DERL1|HPS6|RABEP2|ARRDC4|WDFY2|WDR81|MIB2|PIKFYVE|SAMD9L,-2.1,MyList
KEGG Pathway,24,hsa05022,Pathways of neurodegeneration - multiple diseases,,-4.1,2.5,4.6,30230,483,584,23,3.9,0.8,673|4508|4514|4540|4541|4706|5582|5602|5609|6300|6391|6392|9821|9927|10975|26100|30849|55062|55669|60673|79139|81029|90550,BRAF|ATP6|COX3|ND5|ND6|NDUFAB1|PRKCG|MAPK10|MAP2K7|MAPK12|SDHC|SDHD|RB1CC1|MFN2|UQCR11|WIPI2|PIK3R4|WIPI1|MFN1|ATG101|DERL1|WNT5B|MCU,-2.1,MyList
Reactome Gene Sets,6,R-HSA-187037,Signaling by NTRK1 (TRKA),,-4.1,4.5,5.3,30230,115,584,10,1.7,0.54,673|1958|1959|2353|3726|5290|6016|6300|7867|9252,BRAF|EGR1|EGR2|FOS|JUNB|PIK3CA|RIT1|MAPK12|MAPKAPK3|RPS6KA5,-2.1,MyList
GO Biological Processes,19,GO:0051560,mitochondrial calcium ion homeostasis,19_GO:0042592 homeostatic process,-4.1,11,6.7,30230,24,584,5,0.86,0.38,9481|63933|90550|221154|286097,SLC25A27|MCUR1|MCU|MICU2|MICU3,-2.1,MyList
GO Biological Processes,19,GO:0036092,phosphatidylinositol-3-phosphate biosynthetic process,19_GO:0009987 cellular process,-4.1,11,6.7,30230,24,584,5,0.86,0.38,5286|5287|5290|30849|200576,PIK3C2A|PIK3C2B|PIK3CA|PIK3R4|PIKFYVE,-2.1,MyList
GO Biological Processes,19,GO:0048284,organelle fusion,19_GO:0009987 cellular process,-4.1,4.1,5.1,30230,139,584,11,1.9,0.56,6845|8677|9927|10451|23400|27072|54974|55669|81554|200576|203062,VAMP7|STX10|MFN2|VAV3|ATP13A2|VPS41|THG1L|MFN1|RCC1L|PIKFYVE|TSNARE1,-2.1,MyList
WikiPathways,27,WP5472,Phosphoinositide 3 kinase PI3K family,,-4.1,16,7.6,30230,13,584,4,0.68,0.34,5286|5287|5290|30849,PIK3C2A|PIK3C2B|PIK3CA|PIK3R4,-2.1,MyList
GO Biological Processes,19,GO:0070900,mitochondrial tRNA modification,19_GO:0009987 cellular process,-4.1,16,7.6,30230,13,584,4,0.68,0.34,54802|57570|64172|80324,TRIT1|TRMT5|OSGEPL1|PUS1,-2.1,MyList
GO Biological Processes,19,GO:0036444,calcium import into the mitochondrion,19_GO:0051179 localization,-4.1,16,7.6,30230,13,584,4,0.68,0.34,63933|90550|221154|286097,MCUR1|MCU|MICU2|MICU3,-2.1,MyList
GO Biological Processes,19,GO:0007264,small GTPase-mediated signal transduction,19_GO:0050896 response to stimulus,-4,3,4.7,30230,274,584,16,2.7,0.68,1121|1600|1718|3988|6016|6655|7410|9138|10451|10900|23348|23682|55103|57531|64121|81704,CHM|DAB1|DHCR24|LIPA|RIT1|SOS2|VAV2|ARHGEF1|VAV3|RUNDC3A|DOCK9|RAB38|RALGPS2|HACE1|RRAGC|DOCK8,-2,MyList
KEGG Pathway,24,hsa00510,N-Glycan biosynthesis,,-4,6.5,5.8,30230,56,584,7,1.2,0.45,1798|4249|10195|11253|29880|29929|84061,DPAGT1|MGAT5|ALG3|MAN1B1|ALG5|ALG6|MAGT1,-2,MyList
GO Biological Processes,19,GO:0038095,Fc-epsilon receptor signaling pathway,19_GO:0002376 immune system process,-4,10,6.6,30230,25,584,5,0.86,0.38,3551|5602|5609|7410|10451,IKBKB|MAPK10|MAP2K7|VAV2|VAV3,-2,MyList
GO Biological Processes,19,GO:0006839,mitochondrial transport,19_GO:0051179 localization,-4,4.9,5.3,30230,96,584,9,1.5,0.51,10948|23456|51522|51660|54978|84266|91137|119559|123096,STARD3|ABCB10|TMEM14C|MPC1|SLC35F6|ALKBH7|SLC25A46|SFXN4|SLC25A29,-2,MyList
GO Biological Processes,19,GO:0046390,ribose phosphate biosynthetic process,19_GO:0009987 cellular process,-4,3.7,4.9,30230,167,584,12,2.1,0.59,2977|3988|4508|4540|4541|4706|4833|6391|6392|25875|26289|51422,GUCY1A2|LIPA|ATP6|ND5|ND6|NDUFAB1|NME4|SDHC|SDHD|LETMD1|AK5|PRKAG2,-2,MyList
KEGG Pathway,24,hsa04668,TNF signaling pathway,,-4,4.3,5.1,30230,119,584,10,1.7,0.54,1540|2353|3551|3726|5290|5602|5609|6300|9252|10454,CYLD|FOS|IKBKB|JUNB|PIK3CA|MAPK10|MAP2K7|MAPK12|RPS6KA5|TAB1,-2,MyList
GO Biological Processes,19,GO:0016125,sterol metabolic process,19_GO:0009987 cellular process,-4,4,5,30230,143,584,11,1.9,0.56,1718|3988|4547|5563|6307|6721|10682|10948|23461|51360|51422,DHCR24|LIPA|MTTP|PRKAA2|MSMO1|SREBF2|EBP|STARD3|ABCA5|MBTPS2|PRKAG2,-2,MyList
WikiPathways,27,WP5153,N glycan biosynthesis,,-4,6.4,5.7,30230,57,584,7,1.2,0.45,1798|4249|10195|11253|29880|29929|91869,DPAGT1|MGAT5|ALG3|MAN1B1|ALG5|ALG6|RFT1,-2,MyList
GO Biological Processes,19,GO:0046854,phosphatidylinositol phosphate biosynthetic process,19_GO:0009987 cellular process,-4,6.4,5.7,30230,57,584,7,1.2,0.45,5286|5287|5290|23049|23167|30849|200576,PIK3C2A|PIK3C2B|PIK3CA|SMG1|EFR3A|PIK3R4|PIKFYVE,-2,MyList
GO Biological Processes,19,GO:0070936,protein K48-linked ubiquitination,19_GO:0009987 cellular process,-4,4.8,5.3,30230,97,584,9,1.5,0.51,7328|11043|26249|29882|57531|64682|84078|84447|89890,UBE2H|MID2|KLHL3|ANAPC2|HACE1|ANAPC1|KBTBD7|SYVN1|KBTBD6,-2,MyList
GO Biological Processes,19,GO:0006401,RNA catabolic process,19_GO:0009987 cellular process,-4,3.3,4.8,30230,221,584,14,2.4,0.63,4292|8882|23049|23405|23658|25819|27257|54542|55149|55181|162394|167227|192670|196441,MLH1|ZPR1|SMG1|DICER1|LSM5|NOCT|LSM1|RC3H2|MTPAP|SMG8|SLFN5|DCP2|AGO4|ZFC3H1,-2,MyList
GO Biological Processes,19,GO:0006163,purine nucleotide metabolic process,19_GO:0009987 cellular process,-3.9,2.7,4.5,30230,368,584,19,3.3,0.73,2977|3988|4508|4540|4541|4547|4706|4833|6095|6391|6392|8505|25819|25875|26289|51422|55669|93100|114789,GUCY1A2|LIPA|ATP6|ND5|ND6|MTTP|NDUFAB1|NME4|RORA|SDHC|SDHD|PARG|NOCT|LETMD1|AK5|PRKAG2|MFN1|NAPRT|SLC25A25,-2,MyList
KEGG Pathway,24,hsa04936,Alcoholic liver disease,,-3.9,4,5,30230,144,584,11,1.9,0.56,3551|4615|5563|5602|5609|6300|8310|10454|23175|23411|51422,IKBKB|MYD88|PRKAA2|MAPK10|MAP2K7|MAPK12|ACOX3|TAB1|LPIN1|SIRT1|PRKAG2,-2,MyList
Reactome Gene Sets,6,R-HSA-8980692,RHOA GTPase cycle,,-3.9,4,5,30230,144,584,11,1.9,0.56,7410|9138|9639|10451|23092|50649|55160|55852|79658|81839|143872,VAV2|ARHGEF1|ARHGEF10|VAV3|ARHGAP26|ARHGEF4|ARHGEF10L|TEX2|ARHGAP10|VANGL1|ARHGAP42,-2,MyList
GO Biological Processes,19,GO:0021702,cerebellar Purkinje cell differentiation,19_GO:0032502 developmental process,-3.9,15,7.2,30230,14,584,4,0.68,0.34,6095|8925|79809|91137,RORA|HERC1|TTC21B|SLC25A46,-2,MyList
Reactome Gene Sets,6,R-HSA-5688426,Deubiquitination,,-3.9,3,4.6,30230,279,584,16,2.7,0.68,1540|8850|9817|9960|9986|10454|23032|29086|29761|54617|57559|63891|64750|84142|93973|123228,CYLD|KAT2B|KEAP1|USP3|RCE1|TAB1|USP33|BABAM1|USP25|INO80|STAMBPL1|RNF123|SMURF2|ABRAXAS1|ACTR8|SENP8,-2,MyList
GO Biological Processes,19,GO:0032787,monocarboxylic acid metabolic process,19_GO:0009987 cellular process,-3.9,2.3,4.4,30230,531,584,24,4.1,0.82,2182|3988|4547|4706|5563|6307|8310|8824|9885|10478|10873|11001|23175|25902|51422|55825|56922|57380|81539|84129|84266|113612|197257|197322,ACSL4|LIPA|MTTP|NDUFAB1|PRKAA2|MSMO1|ACOX3|CES2|OSBPL2|SLC25A17|ME3|SLC27A2|LPIN1|MTHFD1L|PRKAG2|PECR|MCCC1|MRS2|SLC38A1|ACAD11|ALKBH7|CYP2U1|LDHD|ACSF3,-1.9,MyList
WikiPathways,27,WP5500,Bempedoic acid therapy in atherosclerosis and metabolic syndrome,,-3.9,10,6.4,30230,26,584,5,0.86,0.38,5563|5602|6300|11001|51422,PRKAA2|MAPK10|MAPK12|SLC27A2|PRKAG2,-1.9,MyList
KEGG Pathway,24,hsa04666,Fc gamma R-mediated phagocytosis,,-3.9,4.7,5.2,30230,99,584,9,1.5,0.51,3985|5290|5580|5581|5582|7410|10451|50807|57180,LIMK2|PIK3CA|PRKCD|PRKCE|PRKCG|VAV2|VAV3|ASAP1|ACTR3B,-1.9,MyList
GO Cellular Components,20,GO:0005813,centrosome,,-3.9,2.2,4.3,30230,635,584,27,4.6,0.87,1540|2733|3611|3833|3985|8100|8850|9638|9639|9742|22920|23032|23354|50807|57448|57560|79874|84131|84318|84446|84861|85378|90410|93664|123016|201163|387119,CYLD|GLE1|ILK|KIFC1|LIMK2|IFT88|KAT2B|FEZ1|ARHGEF10|IFT140|KIFAP3|USP33|HAUS5|ASAP1|BIRC6|IFT80|RABEP2|CEP78|CCDC77|BRSK1|KLHL22|TUBGCP6|IFT20|CADPS2|TTC8|FLCN|CEP85L,-1.9,MyList
GO Biological Processes,19,GO:0072665,protein localization to vacuole,19_GO:0051179 localization,-3.9,5.3,5.3,30230,78,584,8,1.4,0.48,9179|23041|23400|27072|30849|51172|51542|64121,AP4M1|MON2|ATP13A2|VPS41|PIK3R4|NAGPA|VPS54|RRAGC,-1.9,MyList
Reactome Gene Sets,6,R-HSA-416482,G alpha (12/13) signalling events,,-3.9,5.3,5.3,30230,78,584,8,1.4,0.48,6655|7410|9138|9639|10451|23229|50649|55160,SOS2|VAV2|ARHGEF1|ARHGEF10|VAV3|ARHGEF9|ARHGEF4|ARHGEF10L,-1.9,MyList
GO Biological Processes,19,GO:0051054,positive regulation of DNA metabolic process,19_GO:0048518 positive regulation of biological process,-3.9,2.9,4.6,30230,282,584,16,2.7,0.68,2068|4292|4931|5580|5582|5609|6778|7126|23411|29086|54617|54799|55135|80314|84142|93973,ERCC2|MLH1|NVL|PRKCD|PRKCG|MAP2K7|STAT6|TNFAIP1|SIRT1|BABAM1|INO80|MBTD1|WRAP53|EPC1|ABRAXAS1|ACTR8,-1.9,MyList
GO Cellular Components,20,GO:1990246,uniplex complex,,-3.9,26,8.6,30230,6,584,3,0.51,0.3,90550|221154|286097,MCU|MICU2|MICU3,-1.9,MyList
Reactome Gene Sets,6,R-HSA-389599,Alpha-oxidation of phytanate,,-3.9,26,8.6,30230,6,584,3,0.51,0.3,10478|11001|55825,SLC25A17|SLC27A2|PECR,-1.9,MyList
GO Biological Processes,19,GO:0038093,Fc receptor signaling pathway,19_GO:0002376 immune system process,-3.9,6.1,5.5,30230,59,584,7,1.2,0.45,3551|5580|5581|5602|5609|7410|10451,IKBKB|PRKCD|PRKCE|MAPK10|MAP2K7|VAV2|VAV3,-1.9,MyList
GO Biological Processes,19,GO:0008203,cholesterol metabolic process,19_GO:0009987 cellular process,-3.8,4.2,5,30230,123,584,10,1.7,0.54,1718|3988|4547|5563|6307|6721|10682|10948|23461|51360,DHCR24|LIPA|MTTP|PRKAA2|MSMO1|SREBF2|EBP|STARD3|ABCA5|MBTPS2,-1.9,MyList
GO Biological Processes,19,GO:0055086,nucleobase-containing small molecule metabolic process,19_GO:0009987 cellular process,-3.8,2.2,4.3,30230,604,584,26,4.5,0.85,2182|2977|3988|4508|4540|4541|4547|4706|4833|6095|6391|6392|7374|8505|9374|10020|10157|11001|25819|25875|26289|51422|55669|93100|114789|197322,ACSL4|GUCY1A2|LIPA|ATP6|ND5|ND6|MTTP|NDUFAB1|NME4|RORA|SDHC|SDHD|UNG|PARG|PPT2|GNE|AASS|SLC27A2|NOCT|LETMD1|AK5|PRKAG2|MFN1|NAPRT|SLC25A25|ACSF3,-1.9,MyList
WikiPathways,27,WP405,Eukaryotic transcription initiation,,-3.8,7.4,5.8,30230,42,584,6,1,0.42,2068|2071|2968|3611|6908|55703,ERCC2|ERCC3|GTF2H4|ILK|TBP|POLR3B,-1.9,MyList
GO Biological Processes,19,GO:0009259,ribonucleotide metabolic process,19_GO:0009987 cellular process,-3.8,2.8,4.5,30230,314,584,17,2.9,0.7,2977|3988|4508|4540|4541|4547|4706|4833|6095|6391|6392|8505|25875|26289|51422|55669|114789,GUCY1A2|LIPA|ATP6|ND5|ND6|MTTP|NDUFAB1|NME4|RORA|SDHC|SDHD|PARG|LETMD1|AK5|PRKAG2|MFN1|SLC25A25,-1.9,MyList
GO Biological Processes,19,GO:0043491,phosphatidylinositol 3-kinase/protein kinase B signal transduction,19_GO:0050896 response to stimulus,-3.8,6,5.5,30230,60,584,7,1.2,0.45,3611|5286|5287|5290|30849|57560|59338,ILK|PIK3C2A|PIK3C2B|PIK3CA|PIK3R4|IFT80|PLEKHA1,-1.9,MyList
GO Biological Processes,19,GO:0034204,lipid translocation,19_GO:0051179 localization,-3.8,6,5.5,30230,60,584,7,1.2,0.45,20|21|24|10079|51761|55362|91869,ABCA2|ABCA3|ABCA4|ATP9A|ATP8A2|TMEM63B|RFT1,-1.9,MyList
GO Biological Processes,19,GO:0007051,spindle organization,19_GO:0009987 cellular process,-3.8,3.6,4.8,30230,174,584,12,2.1,0.59,3611|3833|3985|4292|9639|9897|11200|23354|54617|64946|84142|85378,ILK|KIFC1|LIMK2|MLH1|ARHGEF10|WASHC5|CHEK2|HAUS5|INO80|CENPH|ABRAXAS1|TUBGCP6,-1.9,MyList
GO Biological Processes,19,GO:0071277,cellular response to calcium ion,19_GO:0050896 response to stimulus,-3.8,5.2,5.2,30230,80,584,8,1.4,0.48,673|2353|3726|5311|5563|27132|221154|286097,BRAF|FOS|JUNB|PKD2|PRKAA2|CPNE7|MICU2|MICU3,-1.9,MyList
CORUM,33,CORUM:6172,Intraflagellar transport complex B,,-3.8,14,7,30230,15,584,4,0.68,0.34,8100|26160|57560|90410,IFT88|IFT172|IFT80|IFT20,-1.9,MyList
GO Biological Processes,19,GO:0043201,response to L-leucine,19_GO:0050896 response to stimulus,-3.8,14,7,30230,15,584,4,0.68,0.34,5290|27244|57559|84861,PIK3CA|SESN1|STAMBPL1|KLHL22,-1.9,MyList
Reactome Gene Sets,6,R-HSA-8978868,Fatty acid metabolism,,-3.8,3.5,4.7,30230,175,584,12,2.1,0.59,2182|4706|5563|8310|9374|10478|11001|51422|55825|84129|113612|197322,ACSL4|NDUFAB1|PRKAA2|ACOX3|PPT2|SLC25A17|SLC27A2|PRKAG2|PECR|ACAD11|CYP2U1|ACSF3,-1.9,MyList
Reactome Gene Sets,6,R-HSA-9012999,RHO GTPase cycle,,-3.8,2.5,4.3,30230,442,584,21,3.6,0.77,5290|6655|7126|7410|8476|9138|9639|10451|23074|23092|23229|23348|50649|54514|55160|55852|79658|81704|81839|124997|143872,PIK3CA|SOS2|TNFAIP1|VAV2|CDC42BPA|ARHGEF1|ARHGEF10|VAV3|BLTP3B|ARHGAP26|ARHGEF9|DOCK9|ARHGEF4|DDX4|ARHGEF10L|TEX2|ARHGAP10|DOCK8|VANGL1|WDR81|ARHGAP42,-1.9,MyList
GO Biological Processes,19,GO:0016126,sterol biosynthetic process,19_GO:0009987 cellular process,-3.8,7.2,5.7,30230,43,584,6,1,0.42,1718|3988|5563|6307|10682|51422,DHCR24|LIPA|PRKAA2|MSMO1|EBP|PRKAG2,-1.8,MyList
Reactome Gene Sets,6,R-HSA-75893,TNF signaling,,-3.8,7.2,5.7,30230,43,584,6,1,0.42,1540|3551|8439|10454|84888|142678,CYLD|IKBKB|NSMAF|TAB1|SPPL2A|MIB2,-1.8,MyList
GO Biological Processes,19,GO:0009896,positive regulation of catabolic process,19_GO:0048518 positive regulation of biological process,-3.8,2.2,4.2,30230,645,584,27,4.6,0.87,20|373|4292|5286|5563|5580|5581|5587|9517|9681|9817|9821|11043|23032|23411|23658|25819|27244|27257|54542|55062|60673|84219|91304|167227|201163|340061,ABCA2|TRIM23|MLH1|PIK3C2A|PRKAA2|PRKCD|PRKCE|PRKD1|SPTLC2|DEPDC5|KEAP1|RB1CC1|MID2|USP33|SIRT1|LSM5|NOCT|SESN1|LSM1|RC3H2|WIPI1|ATG101|WDR24|TMEM259|DCP2|FLCN|STING1,-1.8,MyList
GO Biological Processes,19,GO:0007059,chromosome segregation,19_GO:0009987 cellular process,-3.8,2.7,4.4,30230,348,584,18,3.1,0.72,2068|3833|4292|9639|9874|9897|10592|11200|23354|51776|54617|55706|64946|84142|84861|85378|192670|256126,ERCC2|KIFC1|MLH1|ARHGEF10|TLK1|WASHC5|SMC2|CHEK2|HAUS5|MAP3K20|INO80|NDC1|CENPH|ABRAXAS1|KLHL22|TUBGCP6|AGO4|SYCE2,-1.8,MyList
KEGG Pathway,24,hsa00564,Glycerophospholipid metabolism,,-3.8,4.5,5,30230,103,584,9,1.5,0.51,1040|8443|9489|9926|10162|23175|23761|56261|81490,CDS1|GNPAT|PGS1|LPGAT1|LPCAT3|LPIN1|PISD|GPCPD1|PTDSS2,-1.8,MyList
GO Biological Processes,19,GO:0045333,cellular respiration,19_GO:0009987 cellular process,-3.8,3.1,4.6,30230,231,584,14,2.4,0.63,3988|4508|4514|4540|4541|4547|4706|6391|6392|9016|9927|10975|51542|114789,LIPA|ATP6|COX3|ND5|ND6|MTTP|NDUFAB1|SDHC|SDHD|SLC25A14|MFN2|UQCR11|VPS54|SLC25A25,-1.8,MyList
GO Cellular Components,20,GO:0097730,non-motile cilium,,-3.7,3.5,4.7,30230,177,584,12,2.1,0.59,24|5145|5311|5873|8100|9742|22920|55764|57560|57728|90410|123016,ABCA4|PDE6A|PKD2|RAB27A|IFT88|IFT140|KIFAP3|IFT122|IFT80|WDR19|IFT20|TTC8,-1.8,MyList
GO Cellular Components,20,GO:0032391,photoreceptor connecting cilium,,-3.7,7.1,5.6,30230,44,584,6,1,0.42,9742|22920|55764|57728|90410|123016,IFT140|KIFAP3|IFT122|WDR19|IFT20|TTC8,-1.8,MyList
GO Biological Processes,19,GO:0051604,protein maturation,19_GO:0009987 cellular process,-3.7,2.2,4.2,30230,581,584,25,4.3,0.84,1718|3310|3551|4285|4706|5824|8850|8882|9986|23555|23761|26160|51107|51360|51601|54916|63891|64924|65258|79591|84302|91419|93183|128869|131474,DHCR24|HSPA6|IKBKB|MIPEP|NDUFAB1|PEX19|KAT2B|ZPR1|RCE1|TSPAN15|PISD|IFT172|APH1A|MBTPS2|LIPT1|TMEM260|RNF123|SLC30A5|MPPE1|ARMH3|PGAP4|ATP23|PIGM|PIGU|CHCHD4,-1.8,MyList
GO Biological Processes,19,GO:0019693,ribose phosphate metabolic process,19_GO:0009987 cellular process,-3.7,2.7,4.4,30230,321,584,17,2.9,0.7,2977|3988|4508|4540|4541|4547|4706|4833|6095|6391|6392|8505|25875|26289|51422|55669|114789,GUCY1A2|LIPA|ATP6|ND5|ND6|MTTP|NDUFAB1|NME4|RORA|SDHC|SDHD|PARG|LETMD1|AK5|PRKAG2|MFN1|SLC25A25,-1.8,MyList
Canonical Pathways,11,M164,PID ERBB1 DOWNSTREAM PATHWAY,,-3.7,4.4,5,30230,105,584,9,1.5,0.51,673|1958|2353|5290|5580|7410|9252|79109|253260,BRAF|EGR1|FOS|PIK3CA|PRKCD|VAV2|RPS6KA5|MAPKAP1|RICTOR,-1.8,MyList
KEGG Pathway,24,hsa04146,Peroxisome,,-3.7,5,5.1,30230,83,584,8,1.4,0.48,2182|5192|5824|8310|8443|10478|11001|55825,ACSL4|PEX10|PEX19|ACOX3|GNPAT|SLC25A17|SLC27A2|PECR,-1.8,MyList
GO Biological Processes,19,GO:0021694,cerebellar Purkinje cell layer formation,19_GO:0032502 developmental process,-3.7,13,6.7,30230,16,584,4,0.68,0.34,6095|8925|79809|91137,RORA|HERC1|TTC21B|SLC25A46,-1.8,MyList
Reactome Gene Sets,6,R-HSA-1660516,Synthesis of PIPs at the early endosome membrane,,-3.7,13,6.7,30230,16,584,4,0.68,0.34,5286|30849|54545|200576,PIK3C2A|PIK3R4|MTMR12|PIKFYVE,-1.8,MyList
GO Biological Processes,19,GO:0000425,pexophagy,19_GO:0009987 cellular process,-3.7,13,6.7,30230,16,584,4,0.68,0.34,9821|26100|30849|55062,RB1CC1|WIPI2|PIK3R4|WIPI1,-1.8,MyList
GO Biological Processes,19,GO:1902775,mitochondrial large ribosomal subunit assembly,19_GO:0009987 cellular process,-3.7,13,6.7,30230,16,584,4,0.68,0.34,4706|8225|22868|81554,NDUFAB1|GTPBP6|FASTKD2|RCC1L,-1.8,MyList
GO Biological Processes,19,GO:0030242,autophagy of peroxisome,19_GO:0009987 cellular process,-3.7,13,6.7,30230,16,584,4,0.68,0.34,9821|26100|30849|55062,RB1CC1|WIPI2|PIK3R4|WIPI1,-1.8,MyList
Reactome Gene Sets,6,R-HSA-450294,MAP kinase activation,,-3.7,5.8,5.3,30230,63,584,7,1.2,0.45,2353|3551|5602|5609|7867|9252|10454,FOS|IKBKB|MAPK10|MAP2K7|MAPKAPK3|RPS6KA5|TAB1,-1.8,MyList
KEGG Pathway,24,hsa04714,Thermogenesis,,-3.7,3.1,4.5,30230,235,584,14,2.4,0.63,2182|4508|4514|4540|4541|4706|5563|6300|6391|6392|6655|10975|51422|123096,ACSL4|ATP6|COX3|ND5|ND6|NDUFAB1|PRKAA2|MAPK12|SDHC|SDHD|SOS2|UQCR11|PRKAG2|SLC25A29,-1.8,MyList
Reactome Gene Sets,6,R-HSA-6782315,tRNA modification in the nucleus and cytosol,,-3.7,6.9,5.6,30230,45,584,6,1,0.42,10785|54802|54974|57570|60487|80324,WDR4|TRIT1|THG1L|TRMT5|TRMT11|PUS1,-1.8,MyList
KEGG Pathway,24,hsa02010,ABC transporters,,-3.7,6.9,5.6,30230,45,584,6,1,0.42,20|21|22|24|23456|23461,ABCA2|ABCA3|ABCB7|ABCA4|ABCB10|ABCA5,-1.8,MyList
Reactome Gene Sets,6,R-HSA-1483255,PI Metabolism,,-3.7,4.9,5.1,30230,84,584,8,1.4,0.48,5286|5287|5290|30849|54545|59338|66036|200576,PIK3C2A|PIK3C2B|PIK3CA|PIK3R4|MTMR12|PLEKHA1|MTMR9|PIKFYVE,-1.8,MyList
GO Biological Processes,19,GO:0032535,regulation of cellular component size,19_GO:0065007 biological regulation,-3.7,2.6,4.3,30230,356,584,18,3.1,0.72,1185|4504|5290|5580|5581|5587|7410|9821|9897|10451|23038|23400|29882|56262|80128|91663|140469|253260,CLCN6|MT3|PIK3CA|PRKCD|PRKCE|PRKD1|VAV2|RB1CC1|WASHC5|VAV3|WDTC1|ATP13A2|ANAPC2|LRRC8A|TRIM46|MYADM|MYO3B|RICTOR,-1.8,MyList
GO Biological Processes,19,GO:0045444,fat cell differentiation,19_GO:0032502 developmental process,-3.6,4,4.8,30230,130,584,10,1.7,0.54,1052|1959|6041|23411|26580|64318|81029|83862|123016|160897,CEBPD|EGR2|RNASEL|SIRT1|BSCL2|NOC3L|WNT5B|TMEM120A|TTC8|GPR180,-1.8,MyList
GO Biological Processes,19,GO:0009165,nucleotide biosynthetic process,19_GO:0009987 cellular process,-3.6,3.2,4.5,30230,209,584,13,2.2,0.61,2977|3988|4508|4540|4541|4706|4833|6391|6392|25875|26289|51422|93100,GUCY1A2|LIPA|ATP6|ND5|ND6|NDUFAB1|NME4|SDHC|SDHD|LETMD1|AK5|PRKAG2|NAPRT,-1.7,MyList
GO Biological Processes,19,GO:0071248,cellular response to metal ion,19_GO:0050896 response to stimulus,-3.6,3.4,4.6,30230,182,584,12,2.1,0.59,673|706|2353|2562|3726|4504|5311|5563|23400|27132|221154|286097,BRAF|TSPO|FOS|GABRB3|JUNB|MT3|PKD2|PRKAA2|ATP13A2|CPNE7|MICU2|MICU3,-1.7,MyList
GO Biological Processes,19,GO:0051225,spindle assembly,19_GO:0009987 cellular process,-3.6,4.4,4.9,30230,107,584,9,1.5,0.51,3833|4292|9639|9897|11200|23354|54617|84142|85378,KIFC1|MLH1|ARHGEF10|WASHC5|CHEK2|HAUS5|INO80|ABRAXAS1|TUBGCP6,-1.7,MyList
GO Biological Processes,19,GO:2000671,regulation of motor neuron apoptotic process,19_GO:0050789 regulation of biological process,-3.6,22,7.9,30230,7,584,3,0.51,0.3,5609|8882|51542,MAP2K7|ZPR1|VPS54,-1.7,MyList
GO Biological Processes,19,GO:0000045,autophagosome assembly,19_GO:0009987 cellular process,-3.6,4.9,5,30230,85,584,8,1.4,0.48,9179|9821|9927|26100|55062|60673|339122|340061,AP4M1|RB1CC1|MFN2|WIPI2|WIPI1|ATG101|RAB43|STING1,-1.7,MyList
GO Biological Processes,19,GO:0000288,"nuclear-transcribed mRNA catabolic process, deadenylation-dependent decay",19_GO:0048519 negative regulation of biological process,-3.6,6.8,5.5,30230,46,584,6,1,0.42,4292|23658|25819|27257|54542|167227,MLH1|LSM5|NOCT|LSM1|RC3H2|DCP2,-1.7,MyList
GO Biological Processes,19,GO:0021587,cerebellum morphogenesis,19_GO:0032502 developmental process,-3.6,6.8,5.5,30230,46,584,6,1,0.42,1600|6095|8443|8925|79809|91137,DAB1|RORA|GNPAT|HERC1|TTC21B|SLC25A46,-1.7,MyList
GO Biological Processes,19,GO:0009416,response to light stimulus,19_GO:0050896 response to stimulus,-3.6,2.7,4.3,30230,329,584,17,2.9,0.7,24|673|1040|2068|2071|2353|5580|5602|5609|23411|51761|51776|54617|84446|90410|92840|440275,ABCA4|BRAF|CDS1|ERCC2|ERCC3|FOS|PRKCD|MAPK10|MAP2K7|SIRT1|ATP8A2|MAP3K20|INO80|BRSK1|IFT20|REEP6|EIF2AK4,-1.7,MyList
GO Biological Processes,19,GO:1990778,protein localization to cell periphery,19_GO:0051179 localization,-3.6,3,4.4,30230,240,584,14,2.4,0.63,3551|3611|9179|23167|23555|25837|57560|57728|79726|80262|84219|90410|91663|123016,IKBKB|ILK|AP4M1|EFR3A|TSPAN15|RAB26|IFT80|WDR19|WDR59|PHAF1|WDR24|IFT20|MYADM|TTC8,-1.7,MyList
GO Biological Processes,19,GO:0090646,mitochondrial tRNA processing,19_GO:0009987 cellular process,-3.6,12,6.5,30230,17,584,4,0.68,0.34,54802|57570|64172|80324,TRIT1|TRMT5|OSGEPL1|PUS1,-1.7,MyList
Reactome Gene Sets,6,R-HSA-166520,Signaling by NTRKs,,-3.6,3.9,4.7,30230,133,584,10,1.7,0.54,673|1958|1959|2353|3726|5290|6016|6300|7867|9252,BRAF|EGR1|EGR2|FOS|JUNB|PIK3CA|RIT1|MAPK12|MAPKAPK3|RPS6KA5,-1.7,MyList
KEGG Pathway,24,hsa04142,Lysosome,,-3.6,3.9,4.7,30230,133,584,10,1.7,0.54,20|1519|1657|3988|9179|9374|10239|11154|26503|51172,ABCA2|CTSO|DMXL1|LIPA|AP4M1|PPT2|AP3S2|AP4S1|SLC17A5|NAGPA,-1.7,MyList
KEGG Pathway,24,hsa04620,Toll-like receptor signaling pathway,,-3.6,4.3,4.8,30230,109,584,9,1.5,0.51,2353|3551|4615|5290|5602|5609|6300|6773|10454,FOS|IKBKB|MYD88|PIK3CA|MAPK10|MAP2K7|MAPK12|STAT2|TAB1,-1.7,MyList
GO Biological Processes,19,GO:0009117,nucleotide metabolic process,19_GO:0009987 cellular process,-3.6,2.4,4.2,30230,426,584,20,3.4,0.75,2977|3988|4508|4540|4541|4547|4706|4833|6095|6391|6392|7374|8505|25819|25875|26289|51422|55669|93100|114789,GUCY1A2|LIPA|ATP6|ND5|ND6|MTTP|NDUFAB1|NME4|RORA|SDHC|SDHD|UNG|PARG|NOCT|LETMD1|AK5|PRKAG2|MFN1|NAPRT|SLC25A25,-1.7,MyList
KEGG Pathway,24,hsa04010,MAPK signaling pathway,,-3.6,2.8,4.3,30230,300,584,16,2.7,0.68,673|2353|3310|3551|4615|5582|5602|5609|5922|6300|6655|7867|9252|10454|27091|51776,BRAF|FOS|HSPA6|IKBKB|MYD88|PRKCG|MAPK10|MAP2K7|RASA2|MAPK12|SOS2|MAPKAPK3|RPS6KA5|TAB1|CACNG5|MAP3K20,-1.7,MyList
GO Biological Processes,19,GO:0072594,establishment of protein localization to organelle,19_GO:0051179 localization,-3.5,2.6,4.2,30230,363,584,18,3.1,0.72,706|4285|5192|5824|7485|9179|9927|23041|23511|25842|26521|27072|30849|51172|51542|55764|83882|131474,TSPO|MIPEP|PEX10|PEX19|GET1|AP4M1|MFN2|MON2|NUP188|ASF1A|TIMM8B|VPS41|PIK3R4|NAGPA|VPS54|IFT122|TSPAN10|CHCHD4,-1.7,MyList
GO Biological Processes,19,GO:1902652,secondary alcohol metabolic process,19_GO:0009987 cellular process,-3.5,3.9,4.7,30230,134,584,10,1.7,0.54,1718|3988|4547|5563|6307|6721|10682|10948|23461|51360,DHCR24|LIPA|MTTP|PRKAA2|MSMO1|SREBF2|EBP|STARD3|ABCA5|MBTPS2,-1.7,MyList
KEGG Pathway,24,hsa05170,Human immunodeficiency virus 1 infection,,-3.5,3.1,4.4,30230,214,584,13,2.2,0.61,2353|3551|3985|4615|5290|5582|5602|5609|6300|9582|10454|200316|340061,FOS|IKBKB|LIMK2|MYD88|PIK3CA|PRKCG|MAPK10|MAP2K7|MAPK12|APOBEC3B|TAB1|APOBEC3F|STING1,-1.7,MyList
GO Biological Processes,19,GO:0006505,GPI anchor metabolic process,19_GO:0009987 cellular process,-3.5,8.3,5.7,30230,31,584,5,0.86,0.38,64924|65258|84302|93183|128869,SLC30A5|MPPE1|PGAP4|PIGM|PIGU,-1.7,MyList
GO Biological Processes,19,GO:0006506,GPI anchor biosynthetic process,19_GO:0009987 cellular process,-3.5,8.3,5.7,30230,31,584,5,0.86,0.38,64924|65258|84302|93183|128869,SLC30A5|MPPE1|PGAP4|PIGM|PIGU,-1.7,MyList
GO Biological Processes,19,GO:0180046,GPI anchored protein biosynthesis,19_GO:0009987 cellular process,-3.5,8.3,5.7,30230,31,584,5,0.86,0.38,64924|65258|84302|93183|128869,SLC30A5|MPPE1|PGAP4|PIGM|PIGU,-1.7,MyList
GO Biological Processes,19,GO:0051058,negative regulation of small GTPase mediated signal transduction,19_GO:0048519 negative regulation of biological process,-3.5,5.4,5.1,30230,67,584,7,1.2,0.45,5922|7126|9927|22821|79109|143872|201163,RASA2|TNFAIP1|MFN2|RASA3|MAPKAP1|ARHGAP42|FLCN,-1.6,MyList
KEGG Pathway,24,hsa05417,Lipid and atherosclerosis,,-3.5,3.1,4.4,30230,216,584,13,2.2,0.61,2353|3310|3551|4615|5290|5602|5609|6300|7410|9138|10451|10454|142678,FOS|HSPA6|IKBKB|MYD88|PIK3CA|MAPK10|MAP2K7|MAPK12|VAV2|ARHGEF1|VAV3|TAB1|MIB2,-1.6,MyList
GO Biological Processes,19,GO:0016482,cytosolic transport,19_GO:0051179 localization,-3.5,3.8,4.6,30230,136,584,10,1.7,0.54,8677|9179|10079|23041|23074|51542|54497|55062|79591|200576,STX10|AP4M1|ATP9A|MON2|BLTP3B|VPS54|HEATR5B|WIPI1|ARMH3|PIKFYVE,-1.6,MyList
Reactome Gene Sets,6,R-HSA-9609507,Protein localization,,-3.5,3.5,4.5,30230,162,584,11,1.9,0.56,5192|5824|7485|8310|8443|10478|11001|26521|55825|131474|197257,PEX10|PEX19|GET1|ACOX3|GNPAT|SLC25A17|SLC27A2|TIMM8B|PECR|CHCHD4|LDHD,-1.6,MyList
GO Biological Processes,19,GO:0016579,protein deubiquitination,19_GO:0009987 cellular process,-3.5,4.2,4.7,30230,112,584,9,1.5,0.51,1540|9960|23032|29761|57558|57559|80013|84669|123228,CYLD|USP3|USP33|USP25|USP35|STAMBPL1|MINDY3|USP32|SENP8,-1.6,MyList
GO Biological Processes,19,GO:0097035,regulation of membrane lipid distribution,19_GO:0065007 biological regulation,-3.5,5.3,5,30230,68,584,7,1.2,0.45,20|21|24|10079|51761|55362|91869,ABCA2|ABCA3|ABCA4|ATP9A|ATP8A2|TMEM63B|RFT1,-1.6,MyList
Reactome Gene Sets,6,R-HSA-1369062,ABC transporters in lipid homeostasis,,-3.5,12,6.3,30230,18,584,4,0.68,0.34,20|21|5824|23461,ABCA2|ABCA3|PEX19|ABCA5,-1.6,MyList
Reactome Gene Sets,6,R-HSA-8931838,DAG1 glycosylations,,-3.5,12,6.3,30230,18,584,4,0.68,0.34,10585|29954|55624|729920,POMT1|POMT2|POMGNT1|CRPPA,-1.6,MyList
GO Cellular Components,20,GO:0030992,intraciliary transport particle B,,-3.5,12,6.3,30230,18,584,4,0.68,0.34,8100|26160|57560|90410,IFT88|IFT172|IFT80|IFT20,-1.6,MyList
GO Biological Processes,19,GO:0055082,intracellular chemical homeostasis,19_GO:0042592 homeostatic process,-3.5,2.1,4,30230,604,584,25,4.3,0.84,20|22|1657|4504|5290|5311|5563|9213|9481|9772|9885|10463|10479|23038|23400|23411|23682|26504|51542|56262|63933|64924|90550|221154|286097,ABCA2|ABCB7|DMXL1|MT3|PIK3CA|PKD2|PRKAA2|XPR1|SLC25A27|TMEM94|OSBPL2|SLC30A9|SLC9A6|WDTC1|ATP13A2|SIRT1|RAB38|CNNM4|VPS54|LRRC8A|MCUR1|SLC30A5|MCU|MICU2|MICU3,-1.6,MyList
GO Biological Processes,19,GO:0008033,tRNA processing,19_GO:0009987 cellular process,-3.5,3.8,4.6,30230,137,584,10,1.7,0.54,10785|54802|54974|57570|60487|64172|80324|126789|285605|339487,WDR4|TRIT1|THG1L|TRMT5|TRMT11|OSGEPL1|PUS1|PUSL1|DTWD2|ZBTB8OS,-1.6,MyList
Reactome Gene Sets,6,R-HSA-2871796,FCERI mediated MAPK activation,,-3.5,8.1,5.6,30230,32,584,5,0.86,0.38,2353|5602|5609|7410|10451,FOS|MAPK10|MAP2K7|VAV2|VAV3,-1.6,MyList
GO Biological Processes,19,GO:1902600,proton transmembrane transport,19_GO:0051179 localization,-3.5,3.3,4.4,30230,190,584,12,2.1,0.59,1186|4508|4514|4540|4541|9016|9481|10479|26503|57030|90423|340061,CLCN7|ATP6|COX3|ND5|ND6|SLC25A14|SLC25A27|SLC9A6|SLC17A5|SLC17A7|ATP6V1E2|STING1,-1.6,MyList
GO Biological Processes,19,GO:0010970,transport along microtubule,19_GO:0051179 localization,-3.5,3.3,4.4,30230,190,584,12,2.1,0.59,8100|9742|10239|22920|26160|55638|55764|57560|57728|79809|80128|90410,IFT88|IFT140|AP3S2|KIFAP3|IFT172|SYBU|IFT122|IFT80|WDR19|TTC21B|TRIM46|IFT20,-1.6,MyList
GO Biological Processes,19,GO:0061462,protein localization to lysosome,19_GO:0051179 localization,-3.5,6.3,5.2,30230,49,584,6,1,0.42,9179|23400|30849|51172|51542|64121,AP4M1|ATP13A2|PIK3R4|NAGPA|VPS54|RRAGC,-1.6,MyList
Canonical Pathways,11,M136,PID FOXO PATHWAY,,-3.5,6.3,5.2,30230,49,584,6,1,0.42,3551|5602|5934|8850|23411|53944,IKBKB|MAPK10|RBL2|KAT2B|SIRT1|CSNK1G1,-1.6,MyList
GO Biological Processes,19,GO:0006623,protein targeting to vacuole,19_GO:0051179 localization,-3.5,6.3,5.2,30230,49,584,6,1,0.42,9179|23041|27072|30849|51172|51542,AP4M1|MON2|VPS41|PIK3R4|NAGPA|VPS54,-1.6,MyList
GO Biological Processes,19,GO:0021575,hindbrain morphogenesis,19_GO:0032502 developmental process,-3.5,6.3,5.2,30230,49,584,6,1,0.42,1600|6095|8443|8925|79809|91137,DAB1|RORA|GNPAT|HERC1|TTC21B|SLC25A46,-1.6,MyList
Reactome Gene Sets,6,R-HSA-382556,ABC-family proteins mediated transport,,-3.4,4.6,4.8,30230,90,584,8,1.4,0.48,20|21|22|24|5824|23456|23461|79139,ABCA2|ABCA3|ABCB7|ABCA4|PEX19|ABCB10|ABCA5|DERL1,-1.6,MyList
GO Biological Processes,19,GO:0006351,DNA-templated transcription,19_GO:0009987 cellular process,-3.4,2.3,4,30230,503,584,22,3.8,0.79,1052|1958|2068|2071|2353|2968|6837|6908|7290|8850|9439|11189|25819|51043|51106|54617|55703|64121|79736|80314|84275|200316,CEBPD|EGR1|ERCC2|ERCC3|FOS|GTF2H4|MED22|TBP|HIRA|KAT2B|MED23|CELF3|NOCT|ZBTB7B|TFB1M|INO80|POLR3B|RRAGC|TEFM|EPC1|SLC25A33|APOBEC3F,-1.6,MyList
WikiPathways,27,WP1982,Sterol regulatory element binding proteins SREBP signaling,,-3.4,5.3,5,30230,69,584,7,1.2,0.45,5290|5563|6721|23175|23411|51360|51422,PIK3CA|PRKAA2|SREBF2|LPIN1|SIRT1|MBTPS2|PRKAG2,-1.6,MyList
Canonical Pathways,11,M121,PID MTOR 4PATHWAY,,-3.4,5.3,5,30230,69,584,7,1.2,0.45,673|3551|9821|10325|64121|79109|253260,BRAF|IKBKB|RB1CC1|RRAGB|RRAGC|MAPKAP1|RICTOR,-1.6,MyList
KEGG Pathway,24,hsa04664,Fc epsilon RI signaling pathway,,-3.4,5.3,5,30230,69,584,7,1.2,0.45,5290|5602|5609|6300|6655|7410|10451,PIK3CA|MAPK10|MAP2K7|MAPK12|SOS2|VAV2|VAV3,-1.6,MyList
KEGG Pathway,24,hsa05020,Prion disease,,-3.4,2.8,4.2,30230,278,584,15,2.6,0.65,1958|3310|4508|4514|4540|4541|4706|5290|5580|5602|6300|6391|6392|10975|90550,EGR1|HSPA6|ATP6|COX3|ND5|ND6|NDUFAB1|PIK3CA|PRKCD|MAPK10|MAPK12|SDHC|SDHD|UQCR11|MCU,-1.6,MyList
CORUM,33,CORUM:6217,GATOR complex,,-3.4,19,7.3,30230,8,584,3,0.51,0.3,9681|79726|84219,DEPDC5|WDR59|WDR24,-1.6,MyList
Reactome Gene Sets,6,R-HSA-6807062,Zymostenol biosynthesis via lathosterol (Kandutsch-Russell pathway),,-3.4,19,7.3,30230,8,584,3,0.51,0.3,1718|6307|6721,DHCR24|MSMO1|SREBF2,-1.6,MyList
GO Cellular Components,20,GO:0031501,mannosyltransferase complex,,-3.4,19,7.3,30230,8,584,3,0.51,0.3,10585|29954|93183,POMT1|POMT2|PIGM,-1.6,MyList
GO Biological Processes,19,GO:0180026,mitochondrial small ribosomal subunit assembly,19_GO:0009987 cellular process,-3.4,19,7.3,30230,8,584,3,0.51,0.3,51106|64745|81554,TFB1M|METTL17|RCC1L,-1.6,MyList
GO Biological Processes,19,GO:0006865,amino acid transport,19_GO:0051179 localization,-3.4,3.7,4.5,30230,139,584,10,1.7,0.54,6533|23428|26503|51542|55238|56262|57030|81539|119559|123096,SLC6A6|SLC7A8|SLC17A5|VPS54|SLC38A7|LRRC8A|SLC17A7|SLC38A1|SFXN4|SLC25A29,-1.6,MyList
WikiPathways,27,WP35,G protein signaling,,-3.4,4.6,4.8,30230,91,584,8,1.4,0.48,5137|5580|5581|5582|5587|9138|9465|9630,PDE1C|PRKCD|PRKCE|PRKCG|PRKD1|ARHGEF1|AKAP7|GNA14,-1.6,MyList
GO Biological Processes,19,GO:0045071,negative regulation of viral genome replication,19_GO:0016032 viral process,-3.4,6.2,5.2,30230,50,584,6,1,0.42,4938|6041|6590|9582|57169|200316,OAS1|RNASEL|SLPI|APOBEC3B|ZNFX1|APOBEC3F,-1.6,MyList
GO Biological Processes,19,GO:0016050,vesicle organization,19_GO:0009987 cellular process,-3.4,2.5,4.1,30230,373,584,18,3.1,0.72,5873|6490|6836|6845|8677|9897|10239|10451|23400|23682|27072|57030|58485|79803|80067|84131|200576|203062,RAB27A|PMEL|SURF4|VAMP7|STX10|WASHC5|AP3S2|VAV3|ATP13A2|RAB38|VPS41|SLC17A7|TRAPPC1|HPS6|DCAF17|CEP78|PIKFYVE|TSNARE1,-1.6,MyList
GO Biological Processes,19,GO:0046471,phosphatidylglycerol metabolic process,19_GO:0009987 cellular process,-3.4,7.8,5.5,30230,33,584,5,0.86,0.38,21|9489|9926|84947|114971,ABCA3|PGS1|LPGAT1|SERAC1|PTPMT1,-1.6,MyList
WikiPathways,27,WP4880,Host pathogen interaction of human coronaviruses interferon induction,,-3.4,7.8,5.5,30230,33,584,5,0.86,0.38,2353|3551|4615|4938|6773,FOS|IKBKB|MYD88|OAS1|STAT2,-1.6,MyList
Canonical Pathways,11,M81,PID CDC42 PATHWAY,,-3.4,5.2,4.9,30230,70,584,7,1.2,0.45,673|3985|5290|5581|5609|7410|8476,BRAF|LIMK2|PIK3CA|PRKCE|MAP2K7|VAV2|CDC42BPA,-1.6,MyList
KEGG Pathway,24,hsa05016,Huntington disease,,-3.4,2.7,4.1,30230,311,584,16,2.7,0.68,4508|4514|4540|4541|4706|5602|5609|6391|6392|6908|9821|10975|26100|30849|55062|60673,ATP6|COX3|ND5|ND6|NDUFAB1|MAPK10|MAP2K7|SDHC|SDHD|TBP|RB1CC1|UQCR11|WIPI2|PIK3R4|WIPI1|ATG101,-1.6,MyList
GO Biological Processes,19,GO:0001101,response to acid chemical,19_GO:0050896 response to stimulus,-3.4,3.7,4.5,30230,140,584,10,1.7,0.54,2562|4615|5290|5311|10325|27244|57559|64121|84861|729438,GABRB3|MYD88|PIK3CA|PKD2|RRAGB|SESN1|STAMBPL1|RRAGC|KLHL22|CASTOR2,-1.6,MyList
GO Biological Processes,19,GO:0051592,response to calcium ion,19_GO:0050896 response to stimulus,-3.4,3.7,4.5,30230,140,584,10,1.7,0.54,673|2353|3726|4547|5311|5563|27132|51542|221154|286097,BRAF|FOS|JUNB|MTTP|PKD2|PRKAA2|CPNE7|VPS54|MICU2|MICU3,-1.6,MyList
GO Biological Processes,19,GO:0006338,chromatin remodeling,19_GO:0009987 cellular process,-3.4,2,3.9,30230,720,584,28,4.8,0.88,1958|2145|4615|5290|5563|7290|7403|8850|9252|9557|9960|23411|23522|25842|29086|54514|54531|54617|54620|55167|56978|57169|79885|80314|90826|93973|200316|257218,EGR1|EZH1|MYD88|PIK3CA|PRKAA2|HIRA|KDM6A|KAT2B|RPS6KA5|CHD1L|USP3|SIRT1|KAT6B|ASF1A|BABAM1|DDX4|MIER2|INO80|FBXL19|MSL2|PRDM8|ZNFX1|HDAC11|EPC1|PRMT9|ACTR8|APOBEC3F|SHPRH,-1.6,MyList
GO Biological Processes,19,GO:0035721,intraciliary retrograde transport,19_GO:0051179 localization,-3.4,11,6.1,30230,19,584,4,0.68,0.34,9742|55764|57728|79809,IFT140|IFT122|WDR19|TTC21B,-1.6,MyList
GO Biological Processes,19,GO:0015850,organic hydroxy compound transport,19_GO:0051179 localization,-3.4,3.4,4.4,30230,167,584,11,1.9,0.56,24|706|3988|4547|9885|10948|23461|51542|57655|84947|114134,ABCA4|TSPO|LIPA|MTTP|OSBPL2|STARD3|ABCA5|VPS54|GRAMD1A|SERAC1|SLC2A13,-1.6,MyList
GO Biological Processes,19,GO:0006836,neurotransmitter transport,19_GO:0051179 localization,-3.4,3.7,4.5,30230,141,584,10,1.7,0.54,6533|6854|9783|23167|26503|57030|81539|84446|93664|143425,SLC6A6|SYN2|RIMS3|EFR3A|SLC17A5|SLC17A7|SLC38A1|BRSK1|CADPS2|SYT9,-1.6,MyList
GO Biological Processes,19,GO:0006402,mRNA catabolic process,19_GO:0048519 negative regulation of biological process,-3.4,3.7,4.5,30230,141,584,10,1.7,0.54,4292|23049|23658|25819|27257|54542|55149|55181|167227|192670,MLH1|SMG1|LSM5|NOCT|LSM1|RC3H2|MTPAP|SMG8|DCP2|AGO4,-1.6,MyList
Reactome Gene Sets,6,R-HSA-448424,Interleukin-17 signaling,,-3.4,5.1,4.9,30230,71,584,7,1.2,0.45,2353|3551|5602|5609|7867|9252|10454,FOS|IKBKB|MAPK10|MAP2K7|MAPKAPK3|RPS6KA5|TAB1,-1.5,MyList
KEGG Pathway,24,hsa04120,Ubiquitin mediated proteolysis,,-3.3,3.6,4.4,30230,142,584,10,1.7,0.54,7328|8925|9817|29882|55585|55958|57448|64682|64750|84447,UBE2H|HERC1|KEAP1|ANAPC2|UBE2Q1|KLHL9|BIRC6|ANAPC1|SMURF2|SYVN1,-1.5,MyList
GO Biological Processes,19,GO:0045739,positive regulation of DNA repair,19_GO:0048518 positive regulation of biological process,-3.3,3.6,4.4,30230,142,584,10,1.7,0.54,5580|5582|23411|29086|54617|54799|55135|80314|84142|93973,PRKCD|PRKCG|SIRT1|BABAM1|INO80|MBTD1|WRAP53|EPC1|ABRAXAS1|ACTR8,-1.5,MyList
GO Biological Processes,19,GO:0006886,intracellular protein transport,19_GO:0051179 localization,-3.3,2.2,3.9,30230,547,584,23,3.9,0.8,373|1121|1959|5192|5824|8677|9179|9874|10239|23041|23511|23682|25842|26225|27072|29107|30849|51172|51542|79139|84447|203062|339122,TRIM23|CHM|EGR2|PEX10|PEX19|STX10|AP4M1|TLK1|AP3S2|MON2|NUP188|RAB38|ASF1A|ARL5A|VPS41|NXT1|PIK3R4|NAGPA|VPS54|DERL1|SYVN1|TSNARE1|RAB43,-1.5,MyList
KEGG Pathway,24,hsa04622,RIG-I-like receptor signaling pathway,,-3.3,5,4.8,30230,72,584,7,1.2,0.45,1540|3551|5602|6300|57169|79671|340061,CYLD|IKBKB|MAPK10|MAPK12|ZNFX1|NLRX1|STING1,-1.5,MyList
WikiPathways,27,WP5304,Cholesterol metabolism,,-3.3,5,4.8,30230,72,584,7,1.2,0.45,706|1718|3988|4547|6307|10682|10948,TSPO|DHCR24|LIPA|MTTP|MSMO1|EBP|STARD3,-1.5,MyList
KEGG Pathway,24,hsa04380,Osteoclast differentiation,,-3.3,3.6,4.4,30230,143,584,10,1.7,0.54,1540|2353|3551|3726|5290|5602|5609|6300|6773|10454,CYLD|FOS|IKBKB|JUNB|PIK3CA|MAPK10|MAP2K7|MAPK12|STAT2|TAB1,-1.5,MyList
GO Cellular Components,20,GO:0030133,transport vesicle,,-3.3,2.3,3.9,30230,480,584,21,3.6,0.77,4504|5873|6721|6836|6845|6854|6856|8677|9179|23400|25837|26503|51324|57030|64418|64924|80262|84446|134957|143425|203062,MT3|RAB27A|SREBF2|SURF4|VAMP7|SYN2|SYPL1|STX10|AP4M1|ATP13A2|RAB26|SLC17A5|SPG21|SLC17A7|TMEM168|SLC30A5|PHAF1|BRSK1|STXBP5|SYT9|TSNARE1,-1.5,MyList
Reactome Gene Sets,6,R-HSA-168898,Toll-like Receptor Cascades,,-3.3,3.3,4.3,30230,170,584,11,1.9,0.56,2353|3551|4615|5602|5609|7867|9252|10454|30849|57161|79671,FOS|IKBKB|MYD88|MAPK10|MAP2K7|MAPKAPK3|RPS6KA5|TAB1|PIK3R4|PELI2|NLRX1,-1.5,MyList
GO Biological Processes,19,GO:0006400,tRNA modification,19_GO:0009987 cellular process,-3.3,4.4,4.6,30230,95,584,8,1.4,0.48,10785|54802|54974|57570|64172|80324|126789|285605,WDR4|TRIT1|THG1L|TRMT5|OSGEPL1|PUS1|PUSL1|DTWD2,-1.5,MyList
GO Biological Processes,19,GO:0006694,steroid biosynthetic process,19_GO:0009987 cellular process,-3.3,4.4,4.6,30230,95,584,8,1.4,0.48,706|1718|3988|5563|6307|10682|10948|51422,TSPO|DHCR24|LIPA|PRKAA2|MSMO1|EBP|STARD3|PRKAG2,-1.5,MyList
GO Biological Processes,19,GO:0006487,protein N-linked glycosylation,19_GO:0009987 cellular process,-3.3,4.4,4.6,30230,95,584,8,1.4,0.48,1798|4249|10195|11253|29880|29929|84061|91869,DPAGT1|MGAT5|ALG3|MAN1B1|ALG5|ALG6|MAGT1|RFT1,-1.5,MyList
GO Biological Processes,19,GO:0000956,nuclear-transcribed mRNA catabolic process,19_GO:0048519 negative regulation of biological process,-3.3,3.9,4.5,30230,119,584,9,1.5,0.51,4292|23049|23658|25819|27257|54542|55149|55181|167227,MLH1|SMG1|LSM5|NOCT|LSM1|RC3H2|MTPAP|SMG8|DCP2,-1.5,MyList
GO Biological Processes,19,GO:1903830,magnesium ion transmembrane transport,19_GO:0051179 localization,-3.3,10,5.9,30230,20,584,4,0.68,0.34,9772|26504|57380|84061,TMEM94|CNNM4|MRS2|MAGT1,-1.5,MyList
GO Biological Processes,19,GO:0000290,deadenylation-dependent decapping of nuclear-transcribed mRNA,19_GO:0048519 negative regulation of biological process,-3.3,10,5.9,30230,20,584,4,0.68,0.34,23658|25819|27257|167227,LSM5|NOCT|LSM1|DCP2,-1.5,MyList
KEGG Pathway,24,hsa00100,Steroid biosynthesis,,-3.3,10,5.9,30230,20,584,4,0.68,0.34,1718|3988|6307|10682,DHCR24|LIPA|MSMO1|EBP,-1.5,MyList
WikiPathways,27,WP5275,Ether lipid biosynthesis,,-3.3,10,5.9,30230,20,584,4,0.68,0.34,5824|8443|23175|25979,PEX19|GNPAT|LPIN1|DHRS7B,-1.5,MyList
GO Biological Processes,19,GO:0021692,cerebellar Purkinje cell layer morphogenesis,19_GO:0032502 developmental process,-3.3,10,5.9,30230,20,584,4,0.68,0.34,6095|8925|79809|91137,RORA|HERC1|TTC21B|SLC25A46,-1.5,MyList
GO Biological Processes,19,GO:1902882,regulation of response to oxidative stress,19_GO:0050896 response to stimulus,-3.3,7.4,5.3,30230,35,584,5,0.86,0.38,9016|9817|27244|29761|79109,SLC25A14|KEAP1|SESN1|USP25|MAPKAP1,-1.5,MyList
Reactome Gene Sets,6,R-HSA-166016,Toll Like Receptor 4 (TLR4) Cascade,,-3.3,3.6,4.4,30230,145,584,10,1.7,0.54,2353|3551|4615|5602|5609|7867|9252|10454|57161|79671,FOS|IKBKB|MYD88|MAPK10|MAP2K7|MAPKAPK3|RPS6KA5|TAB1|PELI2|NLRX1,-1.5,MyList
WikiPathways,27,WP1449,Regulation of toll like receptor signaling,,-3.3,3.6,4.4,30230,145,584,10,1.7,0.54,1540|2353|3551|4615|5290|5602|5609|6300|10454|57161,CYLD|FOS|IKBKB|MYD88|PIK3CA|MAPK10|MAP2K7|MAPK12|TAB1|PELI2,-1.5,MyList
KEGG Pathway,24,hsa04722,Neurotrophin signaling pathway,,-3.3,3.9,4.4,30230,120,584,9,1.5,0.51,673|3551|5290|5580|5602|5609|6300|6655|9252,BRAF|IKBKB|PIK3CA|PRKCD|MAPK10|MAP2K7|MAPK12|SOS2|RPS6KA5,-1.5,MyList
GO Biological Processes,19,GO:0140112,extracellular vesicle biogenesis,19_GO:0009987 cellular process,-3.3,17,6.8,30230,9,584,3,0.51,0.3,5873|23400|91947,RAB27A|ATP13A2|ARRDC4,-1.5,MyList
GO Biological Processes,19,GO:0070383,DNA cytosine deamination,19_GO:0009987 cellular process,-3.3,17,6.8,30230,9,584,3,0.51,0.3,9582|81602|200316,APOBEC3B|CDADC1|APOBEC3F,-1.5,MyList
GO Cellular Components,20,GO:0043190,ATP-binding cassette (ABC) transporter complex,,-3.3,17,6.8,30230,9,584,3,0.51,0.3,20|22|23456,ABCA2|ABCB7|ABCB10,-1.5,MyList
GO Biological Processes,19,GO:0051561,positive regulation of mitochondrial calcium ion concentration,19_GO:0042592 homeostatic process,-3.3,17,6.8,30230,9,584,3,0.51,0.3,63933|90550|221154,MCUR1|MCU|MICU2,-1.5,MyList
CORUM,33,CORUM:107,TFIIH transcription factor complex,,-3.3,17,6.8,30230,9,584,3,0.51,0.3,2068|2071|2968,ERCC2|ERCC3|GTF2H4,-1.5,MyList
CORUM,33,CORUM:1036,TFIIH transcription factor complex,,-3.3,17,6.8,30230,9,584,3,0.51,0.3,2068|2071|2968,ERCC2|ERCC3|GTF2H4,-1.5,MyList
GO Biological Processes,19,GO:0062197,cellular response to chemical stress,19_GO:0050896 response to stimulus,-3.3,2.7,4,30230,289,584,15,2.6,0.65,406|706|2353|4504|5192|5290|5311|5563|5580|5587|8850|9817|23400|23411|59338,BMAL1|TSPO|FOS|MT3|PEX10|PIK3CA|PKD2|PRKAA2|PRKCD|PRKD1|KAT2B|KEAP1|ATP13A2|SIRT1|PLEKHA1,-1.5,MyList
GO Biological Processes,19,GO:0034599,cellular response to oxidative stress,19_GO:0050896 response to stimulus,-3.3,2.9,4.1,30230,229,584,13,2.2,0.61,406|2353|4504|5192|5311|5563|5580|5587|8850|9817|23400|23411|59338,BMAL1|FOS|MT3|PEX10|PKD2|PRKAA2|PRKCD|PRKD1|KAT2B|KEAP1|ATP13A2|SIRT1|PLEKHA1,-1.5,MyList
GO Biological Processes,19,GO:0043523,regulation of neuron apoptotic process,19_GO:0050789 regulation of biological process,-3.2,2.8,4.1,30230,259,584,14,2.4,0.63,673|1958|3981|4504|5290|5582|5609|8882|9481|23400|23411|51542|83741|116986,BRAF|EGR1|LIG4|MT3|PIK3CA|PRKCG|MAP2K7|ZPR1|SLC25A27|ATP13A2|SIRT1|VPS54|TFAP2D|AGAP2,-1.5,MyList
GO Biological Processes,19,GO:0046165,alcohol biosynthetic process,19_GO:0009987 cellular process,-3.2,4.3,4.5,30230,97,584,8,1.4,0.48,20|1718|3988|5563|6307|9517|9677|10682,ABCA2|DHCR24|LIPA|PRKAA2|MSMO1|SPTLC2|PPIP5K1|EBP,-1.5,MyList
GO Biological Processes,19,GO:0010507,negative regulation of autophagy,19_GO:0048519 negative regulation of biological process,-3.2,4.3,4.5,30230,97,584,8,1.4,0.48,706|5290|8925|9638|10325|64121|66036|84861,TSPO|PIK3CA|HERC1|FEZ1|RRAGB|RRAGC|MTMR9|KLHL22,-1.5,MyList
GO Biological Processes,19,GO:0016239,positive regulation of macroautophagy,19_GO:0048518 positive regulation of biological process,-3.2,4.3,4.5,30230,97,584,8,1.4,0.48,5563|9517|23032|23411|27244|55062|84219|340061,PRKAA2|SPTLC2|USP33|SIRT1|SESN1|WIPI1|WDR24|STING1,-1.5,MyList
GO Cellular Components,20,GO:0097731,9+0 non-motile cilium,,-3.2,3.5,4.3,30230,147,584,10,1.7,0.54,24|5145|5873|9742|22920|55764|57560|57728|90410|123016,ABCA4|PDE6A|RAB27A|IFT140|KIFAP3|IFT122|IFT80|WDR19|IFT20|TTC8,-1.4,MyList
GO Biological Processes,19,GO:0009895,negative regulation of catabolic process,19_GO:0048519 negative regulation of biological process,-3.2,2.4,3.9,30230,387,584,18,3.1,0.72,706|1677|4504|4615|5290|5582|8925|9638|10325|23400|25819|26580|29761|64121|66036|84861|116986|201163,TSPO|DFFB|MT3|MYD88|PIK3CA|PRKCG|HERC1|FEZ1|RRAGB|ATP13A2|NOCT|BSCL2|USP25|RRAGC|MTMR9|KLHL22|AGAP2|FLCN,-1.4,MyList
WikiPathways,27,WP4877,Host pathogen interaction of human coronaviruses MAPK signaling,,-3.2,7.2,5.2,30230,36,584,5,0.86,0.38,2353|3726|5602|5609|6300,FOS|JUNB|MAPK10|MAP2K7|MAPK12,-1.4,MyList
KEGG Pathway,24,hsa04660,T cell receptor signaling pathway,,-3.2,3.8,4.4,30230,122,584,9,1.5,0.51,2353|3551|5290|5602|5609|6300|6655|7410|10451,FOS|IKBKB|PIK3CA|MAPK10|MAP2K7|MAPK12|SOS2|VAV2|VAV3,-1.4,MyList
GO Biological Processes,19,GO:0071229,cellular response to acid chemical,19_GO:0050896 response to stimulus,-3.2,4.2,4.5,30230,98,584,8,1.4,0.48,5290|5311|10325|27244|57559|64121|84861|729438,PIK3CA|PKD2|RRAGB|SESN1|STAMBPL1|RRAGC|KLHL22|CASTOR2,-1.4,MyList
Reactome Gene Sets,6,R-HSA-4420097,VEGFA-VEGFR2 Pathway,,-3.2,4.2,4.5,30230,98,584,8,1.4,0.48,5290|5580|6300|7410|7867|10451|79109|253260,PIK3CA|PRKCD|MAPK12|VAV2|MAPKAPK3|VAV3|MAPKAP1|RICTOR,-1.4,MyList
GO Biological Processes,19,GO:0008053,mitochondrial fusion,19_GO:0009987 cellular process,-3.2,9.9,5.7,30230,21,584,4,0.68,0.34,9927|54974|55669|81554,MFN2|THG1L|MFN1|RCC1L,-1.4,MyList
GO Biological Processes,19,GO:0015693,magnesium ion transport,19_GO:0051179 localization,-3.2,9.9,5.7,30230,21,584,4,0.68,0.34,9772|26504|57380|84061,TMEM94|CNNM4|MRS2|MAGT1,-1.4,MyList
GO Biological Processes,19,GO:0006851,mitochondrial calcium ion transmembrane transport,19_GO:0051179 localization,-3.2,9.9,5.7,30230,21,584,4,0.68,0.34,63933|90550|221154|286097,MCUR1|MCU|MICU2|MICU3,-1.4,MyList
GO Biological Processes,19,GO:0070525,tRNA threonylcarbamoyladenosine metabolic process,19_GO:0009987 cellular process,-3.2,9.9,5.7,30230,21,584,4,0.68,0.34,54802|57570|64172|80324,TRIT1|TRMT5|OSGEPL1|PUS1,-1.4,MyList
GO Biological Processes,19,GO:0009060,aerobic respiration,19_GO:0009987 cellular process,-3.2,3,4.1,30230,204,584,12,2.1,0.59,3988|4508|4514|4540|4541|4547|4706|6391|6392|9016|9927|10975,LIPA|ATP6|COX3|ND5|ND6|MTTP|NDUFAB1|SDHC|SDHD|SLC25A14|MFN2|UQCR11,-1.4,MyList
GO Cellular Components,20,GO:0097733,photoreceptor cell cilium,,-3.2,3.8,4.3,30230,123,584,9,1.5,0.51,24|5145|5873|9742|22920|55764|57728|90410|123016,ABCA4|PDE6A|RAB27A|IFT140|KIFAP3|IFT122|WDR19|IFT20|TTC8,-1.4,MyList
GO Biological Processes,19,GO:0048525,negative regulation of viral process,19_GO:0016032 viral process,-3.2,4.8,4.6,30230,76,584,7,1.2,0.45,4938|6041|6590|9582|11043|57169|200316,OAS1|RNASEL|SLPI|APOBEC3B|MID2|ZNFX1|APOBEC3F,-1.4,MyList
GO Biological Processes,19,GO:0031344,regulation of cell projection organization,19_GO:0050789 regulation of biological process,-3.2,2,3.7,30230,669,584,26,4.5,0.85,673|1540|1600|3985|4504|5290|5580|5587|8100|8850|9638|9742|9897|10154|26035|29882|51761|54849|57520|79874|80128|84446|90410|115704|116983|140469,BRAF|CYLD|DAB1|LIMK2|MT3|PIK3CA|PRKCD|PRKD1|IFT88|KAT2B|FEZ1|IFT140|WASHC5|PLXNC1|GLCE|ANAPC2|ATP8A2|DEF8|HECW2|RABEP2|TRIM46|BRSK1|IFT20|EVI5L|ACAP3|MYO3B,-1.4,MyList
WikiPathways,27,WP722,Serotonin HTR1 group and FOS pathway,,-3.2,7,5.1,30230,37,584,5,0.86,0.38,673|2353|5290|7867|9252,BRAF|FOS|PIK3CA|MAPKAPK3|RPS6KA5,-1.4,MyList
GO Biological Processes,19,GO:0006695,cholesterol biosynthetic process,19_GO:0009987 cellular process,-3.2,7,5.1,30230,37,584,5,0.86,0.38,1718|3988|5563|6307|10682,DHCR24|LIPA|PRKAA2|MSMO1|EBP,-1.4,MyList
GO Biological Processes,19,GO:1902653,secondary alcohol biosynthetic process,19_GO:0009987 cellular process,-3.2,7,5.1,30230,37,584,5,0.86,0.38,1718|3988|5563|6307|10682,DHCR24|LIPA|PRKAA2|MSMO1|EBP,-1.4,MyList
GO Biological Processes,19,GO:0006493,protein O-linked glycosylation,19_GO:0009987 cellular process,-3.2,3.5,4.2,30230,150,584,10,1.7,0.54,8693|10585|26035|29954|54916|55454|55624|114805|285203|729920,GALNT4|POMT1|GLCE|POMT2|TMEM260|CSGALNACT2|POMGNT1|GALNT13|EOGT|CRPPA,-1.4,MyList
WikiPathways,27,WP2374,Oncostatin M signaling,,-3.1,5.5,4.8,30230,56,584,6,1,0.42,1958|2353|3726|5580|5581|253260,EGR1|FOS|JUNB|PRKCD|PRKCE|RICTOR,-1.4,MyList
GO Biological Processes,19,GO:0098771,inorganic ion homeostasis,19_GO:0042592 homeostatic process,-3.1,2.2,3.8,30230,461,584,20,3.4,0.75,22|4504|5311|9213|9481|9772|9885|10463|23400|25875|26249|26504|51542|57030|63933|64924|90550|114781|221154|286097,ABCB7|MT3|PKD2|XPR1|SLC25A27|TMEM94|OSBPL2|SLC30A9|ATP13A2|LETMD1|KLHL3|CNNM4|VPS54|SLC17A7|MCUR1|SLC30A5|MCU|BTBD9|MICU2|MICU3,-1.4,MyList
GO Biological Processes,19,GO:0048285,organelle fission,19_GO:0009987 cellular process,-3.1,2.4,3.9,30230,361,584,17,2.9,0.7,3833|4292|5824|9639|9897|10592|11200|51537|54514|54617|55706|80198|84142|84861|91137|192670|256126,KIFC1|MLH1|PEX19|ARHGEF10|WASHC5|SMC2|CHEK2|MTFP1|DDX4|INO80|NDC1|MUS81|ABRAXAS1|KLHL22|SLC25A46|AGO4|SYCE2,-1.4,MyList
GO Biological Processes,19,GO:0043200,response to amino acid,19_GO:0050896 response to stimulus,-3.1,3.7,4.3,30230,125,584,9,1.5,0.51,2562|4615|5290|10325|27244|57559|64121|84861|729438,GABRB3|MYD88|PIK3CA|RRAGB|SESN1|STAMBPL1|RRAGC|KLHL22|CASTOR2,-1.4,MyList
Reactome Gene Sets,6,R-HSA-9006934,Signaling by Receptor Tyrosine Kinases,,-3.1,2.1,3.7,30230,531,584,22,3.8,0.79,673|1958|1959|2353|2562|3726|5290|5580|5581|6016|6300|6778|7410|7867|9252|10451|26018|30849|51107|79109|90423|253260,BRAF|EGR1|EGR2|FOS|GABRB3|JUNB|PIK3CA|PRKCD|PRKCE|RIT1|MAPK12|STAT6|VAV2|MAPKAPK3|RPS6KA5|VAV3|LRIG1|PIK3R4|APH1A|MAPKAP1|ATP6V1E2|RICTOR,-1.4,MyList
GO Biological Processes,19,GO:0043524,negative regulation of neuron apoptotic process,19_GO:0048519 negative regulation of biological process,-3.1,3.2,4.1,30230,179,584,11,1.9,0.56,673|3981|4504|5290|5582|8882|9481|23411|51542|83741|116986,BRAF|LIG4|MT3|PIK3CA|PRKCG|ZPR1|SLC25A27|SIRT1|VPS54|TFAP2D|AGAP2,-1.4,MyList
GO Biological Processes,19,GO:0110156,mRNA methylguanosine-cap decapping,19_GO:0009987 cellular process,-3.1,9.4,5.5,30230,22,584,4,0.68,0.34,23658|25819|27257|167227,LSM5|NOCT|LSM1|DCP2,-1.4,MyList
GO Biological Processes,19,GO:0032288,myelin assembly,19_GO:0032502 developmental process,-3.1,9.4,5.5,30230,22,584,4,0.68,0.34,20|2068|8443|23405,ABCA2|ERCC2|GNPAT|DICER1,-1.4,MyList
GO Biological Processes,19,GO:0099111,microtubule-based transport,19_GO:0051179 localization,-3.1,2.8,4,30230,237,584,13,2.2,0.61,8100|9742|10239|22920|26160|55638|55764|57560|57728|79809|80128|81839|90410,IFT88|IFT140|AP3S2|KIFAP3|IFT172|SYBU|IFT122|IFT80|WDR19|TTC21B|TRIM46|VANGL1|IFT20,-1.4,MyList
Reactome Gene Sets,6,R-HSA-6807047,Cholesterol biosynthesis via desmosterol (Bloch pathway),,-3.1,16,6.4,30230,10,584,3,0.51,0.3,1718|6307|10682,DHCR24|MSMO1|EBP,-1.4,MyList
CORUM,33,CORUM:1009,TFIIH transcription factor complex,,-3.1,16,6.4,30230,10,584,3,0.51,0.3,2068|2071|2968,ERCC2|ERCC3|GTF2H4,-1.4,MyList
Reactome Gene Sets,6,R-HSA-2151209,Activation of PPARGC1A (PGC-1alpha) by phosphorylation,,-3.1,16,6.4,30230,10,584,3,0.51,0.3,5563|6300|51422,PRKAA2|MAPK12|PRKAG2,-1.4,MyList
CORUM,33,CORUM:1029,TFIIH transcription factor complex,,-3.1,16,6.4,30230,10,584,3,0.51,0.3,2068|2071|2968,ERCC2|ERCC3|GTF2H4,-1.4,MyList
GO Biological Processes,19,GO:0032438,melanosome organization,19_GO:0043473 pigmentation,-3.1,6.8,5,30230,38,584,5,0.86,0.38,6490|10239|23682|79803|200576,PMEL|AP3S2|RAB38|HPS6|PIKFYVE,-1.4,MyList
WikiPathways,27,WP5215,Targeted agents in triple negative breast cancer,,-3.1,6.8,5,30230,38,584,5,0.86,0.38,673|5290|6655|79109|253260,BRAF|PIK3CA|SOS2|MAPKAP1|RICTOR,-1.4,MyList
GO Biological Processes,19,GO:0042552,myelination,19_GO:0032502 developmental process,-3.1,3.7,4.3,30230,126,584,9,1.5,0.51,20|1959|2068|3611|8443|9639|23405|55624|91137,ABCA2|EGR2|ERCC2|ILK|GNPAT|ARHGEF10|DICER1|POMGNT1|SLC25A46,-1.4,MyList
GO Biological Processes,19,GO:0010948,negative regulation of cell cycle process,19_GO:0048519 negative regulation of biological process,-3.1,2.6,3.9,30230,299,584,15,2.6,0.65,90|5311|5934|8850|11200|23411|29086|51360|51776|56984|80198|84142|84446|84861|440275,ACVR1|PKD2|RBL2|KAT2B|CHEK2|SIRT1|BABAM1|MBTPS2|MAP3K20|PSMG2|MUS81|ABRAXAS1|BRSK1|KLHL22|EIF2AK4,-1.4,MyList
GO Biological Processes,19,GO:1905515,non-motile cilium assembly,19_GO:0009987 cellular process,-3.1,5.4,4.7,30230,57,584,6,1,0.42,8100|9742|26160|55764|57560|123016,IFT88|IFT140|IFT172|IFT122|IFT80|TTC8,-1.4,MyList
GO Biological Processes,19,GO:0046942,carboxylic acid transport,19_GO:0051179 localization,-3.1,2.6,3.9,30230,300,584,15,2.6,0.65,1468|5375|6533|10478|11001|23428|26503|51542|51660|55238|56262|57030|81539|116362|123096,SLC25A10|PMP2|SLC6A6|SLC25A17|SLC27A2|SLC7A8|SLC17A5|VPS54|MPC1|SLC38A7|LRRC8A|SLC17A7|SLC38A1|RBP7|SLC25A29,-1.4,MyList
GO Biological Processes,19,GO:0015849,organic acid transport,19_GO:0051179 localization,-3.1,2.6,3.9,30230,300,584,15,2.6,0.65,1468|5375|6533|10478|11001|23428|26503|51542|51660|55238|56262|57030|81539|116362|123096,SLC25A10|PMP2|SLC6A6|SLC25A17|SLC27A2|SLC7A8|SLC17A5|VPS54|MPC1|SLC38A7|LRRC8A|SLC17A7|SLC38A1|RBP7|SLC25A29,-1.4,MyList
Reactome Gene Sets,6,R-HSA-9716542,"Signaling by Rho GTPases, Miro GTPases and RHOBTB3",,-3.1,2,3.6,30230,715,584,27,4.6,0.87,3985|5290|5580|6655|7126|7410|8476|9138|9639|9927|10451|23074|23092|23229|23348|30849|50649|54514|55160|55669|55852|64946|79658|81704|81839|124997|143872,LIMK2|PIK3CA|PRKCD|SOS2|TNFAIP1|VAV2|CDC42BPA|ARHGEF1|ARHGEF10|MFN2|VAV3|BLTP3B|ARHGAP26|ARHGEF9|DOCK9|PIK3R4|ARHGEF4|DDX4|ARHGEF10L|MFN1|TEX2|CENPH|ARHGAP10|DOCK8|VANGL1|WDR81|ARHGAP42,-1.4,MyList
GO Biological Processes,19,GO:0000077,DNA damage checkpoint signaling,19_GO:0048519 negative regulation of biological process,-3.1,4.1,4.3,30230,102,584,8,1.4,0.48,11200|29086|51360|51776|80198|84142|84446|440275,CHEK2|BABAM1|MBTPS2|MAP3K20|MUS81|ABRAXAS1|BRSK1|EIF2AK4,-1.4,MyList
WikiPathways,27,WP185,Integrin mediated cell adhesion,,-3.1,4.1,4.3,30230,102,584,8,1.4,0.48,673|827|3611|5602|6300|7410|10451|23473,BRAF|CAPN6|ILK|MAPK10|MAPK12|VAV2|VAV3|CAPN7,-1.4,MyList
GO Biological Processes,19,GO:0019725,cellular homeostasis,19_GO:0042592 homeostatic process,-3.1,2,3.6,30230,716,584,27,4.6,0.87,20|22|1185|1657|4504|5290|5311|5563|9213|9481|9772|9885|10463|10479|23038|23400|23411|23682|26504|51542|56262|57030|63933|64924|90550|221154|286097,ABCA2|ABCB7|CLCN6|DMXL1|MT3|PIK3CA|PKD2|PRKAA2|XPR1|SLC25A27|TMEM94|OSBPL2|SLC30A9|SLC9A6|WDTC1|ATP13A2|SIRT1|RAB38|CNNM4|VPS54|LRRC8A|SLC17A7|MCUR1|SLC30A5|MCU|MICU2|MICU3,-1.3,MyList
GO Biological Processes,19,GO:0006641,triglyceride metabolic process,19_GO:0009987 cellular process,-3.1,4.6,4.5,30230,79,584,7,1.2,0.45,2710|3988|4547|9926|23175|23411|137695,GK|LIPA|MTTP|LPGAT1|LPIN1|SIRT1|TMEM68,-1.3,MyList
GO Biological Processes,19,GO:0032368,regulation of lipid transport,19_GO:0051179 localization,-3.1,3.4,4.1,30230,154,584,10,1.7,0.54,20|21|706|2182|6721|6836|10162|23411|23461|51761,ABCA2|ABCA3|TSPO|ACSL4|SREBF2|SURF4|LPCAT3|SIRT1|ABCA5|ATP8A2,-1.3,MyList
GO Biological Processes,19,GO:0015698,inorganic anion transport,19_GO:0051179 localization,-3.1,3.4,4.1,30230,154,584,10,1.7,0.54,706|1185|1186|1468|2562|9016|9213|9481|56262|57030,TSPO|CLCN6|CLCN7|SLC25A10|GABRB3|SLC25A14|XPR1|SLC25A27|LRRC8A|SLC17A7,-1.3,MyList
GO Biological Processes,19,GO:0008366,axon ensheathment,19_GO:0032502 developmental process,-3.1,3.6,4.2,30230,128,584,9,1.5,0.51,20|1959|2068|3611|8443|9639|23405|55624|91137,ABCA2|EGR2|ERCC2|ILK|GNPAT|ARHGEF10|DICER1|POMGNT1|SLC25A46,-1.3,MyList
GO Biological Processes,19,GO:0007272,ensheathment of neurons,19_GO:0032502 developmental process,-3.1,3.6,4.2,30230,128,584,9,1.5,0.51,20|1959|2068|3611|8443|9639|23405|55624|91137,ABCA2|EGR2|ERCC2|ILK|GNPAT|ARHGEF10|DICER1|POMGNT1|SLC25A46,-1.3,MyList
GO Biological Processes,19,GO:0140467,integrated stress response signaling,19_GO:0050896 response to stimulus,-3.1,6.6,4.9,30230,39,584,5,0.86,0.38,1052|2353|3726|51776|440275,CEBPD|FOS|JUNB|MAP3K20|EIF2AK4,-1.3,MyList
GO Cellular Components,20,GO:0000407,phagophore assembly site,,-3.1,6.6,4.9,30230,39,584,5,0.86,0.38,9821|26100|55062|60673|80262,RB1CC1|WIPI2|WIPI1|ATG101|PHAF1,-1.3,MyList
GO Biological Processes,19,GO:0048753,pigment granule organization,19_GO:0043473 pigmentation,-3.1,6.6,4.9,30230,39,584,5,0.86,0.38,6490|10239|23682|79803|200576,PMEL|AP3S2|RAB38|HPS6|PIKFYVE,-1.3,MyList
GO Biological Processes,19,GO:0018105,peptidyl-serine phosphorylation,19_GO:0009987 cellular process,-3.1,6.6,4.9,30230,39,584,5,0.86,0.38,3551|5580|23049|84446|200576,IKBKB|PRKCD|SMG1|BRSK1|PIKFYVE,-1.3,MyList
GO Biological Processes,19,GO:0051052,regulation of DNA metabolic process,19_GO:0050789 regulation of biological process,-3,2.2,3.7,30230,503,584,21,3.6,0.77,1677|2068|4292|4931|5580|5582|5609|6778|7126|8505|8850|23049|23411|29086|54617|54799|55135|80314|84142|93973|167227,DFFB|ERCC2|MLH1|NVL|PRKCD|PRKCG|MAP2K7|STAT6|TNFAIP1|PARG|KAT2B|SMG1|SIRT1|BABAM1|INO80|MBTD1|WRAP53|EPC1|ABRAXAS1|ACTR8|DCP2,-1.3,MyList
GO Biological Processes,19,GO:0006631,fatty acid metabolic process,19_GO:0009987 cellular process,-3,2.5,3.8,30230,335,584,16,2.7,0.68,2182|3988|4706|5563|6307|8310|8824|10478|11001|23175|51422|55825|84129|84266|113612|197322,ACSL4|LIPA|NDUFAB1|PRKAA2|MSMO1|ACOX3|CES2|SLC25A17|SLC27A2|LPIN1|PRKAG2|PECR|ACAD11|ALKBH7|CYP2U1|ACSF3,-1.3,MyList
Reactome Gene Sets,6,R-HSA-446193,"Biosynthesis of the N-glycan precursor (dolichol lipid-linked oligosaccharide, LLO) and transfer to a nascent protein",,-3,4.5,4.4,30230,80,584,7,1.2,0.45,1798|10020|10195|26503|29880|29929|91869,DPAGT1|GNE|ALG3|SLC17A5|ALG5|ALG6|RFT1,-1.3,MyList
GO Biological Processes,19,GO:0002433,immune response-regulating cell surface receptor signaling pathway involved in phagocytosis,19_GO:0002376 immune system process,-3,9,5.4,30230,23,584,4,0.68,0.34,5580|5581|7410|10451,PRKCD|PRKCE|VAV2|VAV3,-1.3,MyList
WikiPathways,27,WP712,Estrogen signaling,,-3,9,5.4,30230,23,584,4,0.68,0.34,673|2353|3551|5290,BRAF|FOS|IKBKB|PIK3CA,-1.3,MyList
KEGG Pathway,24,hsa00515,Mannose type O-glycan biosynthesis,,-3,9,5.4,30230,23,584,4,0.68,0.34,10585|29954|55624|729920,POMT1|POMT2|POMGNT1|CRPPA,-1.3,MyList
GO Biological Processes,19,GO:0038096,Fc-gamma receptor signaling pathway involved in phagocytosis,19_GO:0002376 immune system process,-3,9,5.4,30230,23,584,4,0.68,0.34,5580|5581|7410|10451,PRKCD|PRKCE|VAV2|VAV3,-1.3,MyList
GO Biological Processes,19,GO:0006643,membrane lipid metabolic process,19_GO:0009987 cellular process,-3,2.9,4,30230,212,584,12,2.1,0.59,20|5587|8439|9517|51542|55852|64924|65258|83723|84302|93183|128869,ABCA2|PRKD1|NSMAF|SPTLC2|VPS54|TEX2|SLC30A5|MPPE1|TLCD3B|PGAP4|PIGM|PIGU,-1.3,MyList
GO Cellular Components,20,GO:0031965,nuclear membrane,,-3,2.7,3.9,30230,273,584,14,2.4,0.63,1195|2733|10682|23001|23175|23399|23411|54884|55706|55852|64418|80013|80314|83862,CLK1|GLE1|EBP|WDFY3|LPIN1|CTDNEP1|SIRT1|RETSAT|NDC1|TEX2|TMEM168|MINDY3|EPC1|TMEM120A,-1.3,MyList
GO Biological Processes,19,GO:0019752,carboxylic acid metabolic process,19_GO:0009987 cellular process,-3,1.9,3.5,30230,797,584,29,5,0.9,1757|2182|3988|4547|4706|5563|6307|6515|8310|8824|9885|10020|10157|10478|10873|11001|23175|25902|51422|55825|56922|57380|81539|84129|84266|92292|113612|197257|197322,SARDH|ACSL4|LIPA|MTTP|NDUFAB1|PRKAA2|MSMO1|SLC2A3|ACOX3|CES2|OSBPL2|GNE|AASS|SLC25A17|ME3|SLC27A2|LPIN1|MTHFD1L|PRKAG2|PECR|MCCC1|MRS2|SLC38A1|ACAD11|ALKBH7|GLYATL1|CYP2U1|LDHD|ACSF3,-1.3,MyList
GO Biological Processes,19,GO:0006979,response to oxidative stress,19_GO:0050896 response to stimulus,-3,2.3,3.7,30230,403,584,18,3.1,0.72,406|2068|2071|2353|4504|4540|5192|5311|5563|5580|5587|8850|9817|23400|23411|54974|59338|93100,BMAL1|ERCC2|ERCC3|FOS|MT3|ND5|PEX10|PKD2|PRKAA2|PRKCD|PRKD1|KAT2B|KEAP1|ATP13A2|SIRT1|THG1L|PLEKHA1|NAPRT,-1.3,MyList
GO Biological Processes,19,GO:0120035,regulation of plasma membrane bounded cell projection organization,19_GO:0050789 regulation of biological process,-3,2,3.6,30230,650,584,25,4.3,0.84,673|1540|1600|3985|4504|5290|5580|5587|8100|8850|9638|9742|9897|10154|29882|51761|54849|57520|79874|80128|84446|90410|115704|116983|140469,BRAF|CYLD|DAB1|LIMK2|MT3|PIK3CA|PRKCD|PRKD1|IFT88|KAT2B|FEZ1|IFT140|WASHC5|PLXNC1|ANAPC2|ATP8A2|DEF8|HECW2|RABEP2|TRIM46|BRSK1|IFT20|EVI5L|ACAP3|MYO3B,-1.3,MyList
GO Biological Processes,19,GO:0045598,regulation of fat cell differentiation,19_GO:0032502 developmental process,-3,3.3,4.1,30230,157,584,10,1.7,0.54,406|1040|6095|23411|25819|51043|81029|83723|115825|201163,BMAL1|CDS1|RORA|SIRT1|NOCT|ZBTB7B|WNT5B|TLCD3B|WDFY2|FLCN,-1.3,MyList
Reactome Gene Sets,6,R-HSA-9711097,Cellular response to starvation,,-3,3.3,4.1,30230,157,584,10,1.7,0.54,9681|10325|27244|64121|79726|84219|90423|201163|440275|729438,DEPDC5|RRAGB|SESN1|RRAGC|WDR59|WDR24|ATP6V1E2|FLCN|EIF2AK4|CASTOR2,-1.3,MyList
GO Biological Processes,19,GO:0030705,cytoskeleton-dependent intracellular transport,19_GO:0051179 localization,-3,2.9,3.9,30230,214,584,12,2.1,0.59,8100|9742|10239|22920|26160|55638|55764|57560|57728|79809|80128|90410,IFT88|IFT140|AP3S2|KIFAP3|IFT172|SYBU|IFT122|IFT80|WDR19|TTC21B|TRIM46|IFT20,-1.3,MyList
Reactome Gene Sets,6,R-HSA-168164,Toll Like Receptor 3 (TLR3) Cascade,,-3,3.9,4.2,30230,105,584,8,1.4,0.48,2353|3551|5602|5609|7867|9252|10454|79671,FOS|IKBKB|MAPK10|MAP2K7|MAPKAPK3|RPS6KA5|TAB1|NLRX1,-1.3,MyList
KEGG Pathway,24,hsa04625,C-type lectin receptor signaling pathway,,-3,3.9,4.2,30230,105,584,8,1.4,0.48,1540|1959|3551|5290|5580|5602|6300|6773,CYLD|EGR2|IKBKB|PIK3CA|PRKCD|MAPK10|MAPK12|STAT2,-1.3,MyList
WikiPathways,27,WP236,Adipogenesis,,-3,3.6,4.1,30230,131,584,9,1.5,0.51,1052|1959|5934|6095|6773|6778|23175|26580|81029,CEBPD|EGR2|RBL2|RORA|STAT2|STAT6|LPIN1|BSCL2|WNT5B,-1.3,MyList
GO Cellular Components,20,GO:0140534,endoplasmic reticulum protein-containing complex,,-3,3.6,4.1,30230,131,584,9,1.5,0.51,6721|7485|10585|29954|79139|84061|84447|93183|128869,SREBF2|GET1|POMT1|POMT2|DERL1|MAGT1|SYVN1|PIGM|PIGU,-1.3,MyList
GO Biological Processes,19,GO:0070646,protein modification by small protein removal,19_GO:0009987 cellular process,-3,3.6,4.1,30230,131,584,9,1.5,0.51,1540|9960|23032|29761|57558|57559|80013|84669|123228,CYLD|USP3|USP33|USP25|USP35|STAMBPL1|MINDY3|USP32|SENP8,-1.3,MyList
WikiPathways,27,WP3865,Novel intracellular components of RIG I like receptor pathway,,-3,5.2,4.5,30230,60,584,6,1,0.42,1540|3551|5602|6300|79671|340061,CYLD|IKBKB|MAPK10|MAPK12|NLRX1|STING1,-1.3,MyList
Reactome Gene Sets,6,R-HSA-9937008,Mitochondrial mRNA modification,,-3,14,6.1,30230,11,584,3,0.51,0.3,22868|55149|81554,FASTKD2|MTPAP|RCC1L,-1.3,MyList
Reactome Gene Sets,6,R-HSA-6787450,tRNA modification in the mitochondrion,,-3,14,6.1,30230,11,584,3,0.51,0.3,54802|64172|80324,TRIT1|OSGEPL1|PUS1,-1.3,MyList
GO Biological Processes,19,GO:0010807,regulation of synaptic vesicle priming,19_GO:0051179 localization,-3,14,6.1,30230,11,584,3,0.51,0.3,9885|84446|134957,OSBPL2|BRSK1|STXBP5,-1.3,MyList
GO Biological Processes,19,GO:0006390,mitochondrial transcription,19_GO:0009987 cellular process,-3,14,6.1,30230,11,584,3,0.51,0.3,51106|79736|84275,TFB1M|TEFM|SLC25A33,-1.3,MyList
GO Biological Processes,19,GO:0038203,TORC2 signaling,19_GO:0050896 response to stimulus,-3,14,6.1,30230,11,584,3,0.51,0.3,5290|79109|253260,PIK3CA|MAPKAP1|RICTOR,-1.3,MyList
GO Cellular Components,20,GO:0035869,ciliary transition zone,,-3,4.4,4.4,30230,82,584,7,1.2,0.45,9742|22920|55764|57728|79867|90410|123016,IFT140|KIFAP3|IFT122|WDR19|TCTN2|IFT20|TTC8,-1.3,MyList
WikiPathways,27,WP2261,Glioblastoma signaling,,-3,4.4,4.4,30230,82,584,7,1.2,0.45,673|5286|5287|5290|5580|5582|5609,BRAF|PIK3C2A|PIK3C2B|PIK3CA|PRKCD|PRKCG|MAP2K7,-1.3,MyList
Reactome Gene Sets,6,R-HSA-5628897,TP53 Regulates Metabolic Genes,,-3,4.4,4.4,30230,82,584,7,1.2,0.45,4514|5563|10325|27244|51422|64121|192670,COX3|PRKAA2|RRAGB|SESN1|PRKAG2|RRAGC|AGO4,-1.3,MyList
GO Biological Processes,19,GO:1901699,cellular response to nitrogen compound,19_GO:0050896 response to stimulus,-3,2,3.6,30230,617,584,24,4.1,0.82,1143|1958|2353|2562|4938|5286|5290|5311|5580|5587|6655|6778|8850|9465|9630|23038|23175|27244|57559|79109|84275|84861|340061|729438,CHRNB4|EGR1|FOS|GABRB3|OAS1|PIK3C2A|PIK3CA|PKD2|PRKCD|PRKD1|SOS2|STAT6|KAT2B|AKAP7|GNA14|WDTC1|LPIN1|SESN1|STAMBPL1|MAPKAP1|SLC25A33|KLHL22|STING1|CASTOR2,-1.3,MyList
GO Biological Processes,19,GO:0090066,regulation of anatomical structure size,19_GO:0065007 biological regulation,-3,2.1,3.6,30230,510,584,21,3.6,0.77,1185|4504|5286|5290|5580|5581|5587|7410|8850|9821|9897|10451|23038|23400|29882|56262|80128|91663|140469|143872|253260,CLCN6|MT3|PIK3C2A|PIK3CA|PRKCD|PRKCE|PRKD1|VAV2|KAT2B|RB1CC1|WASHC5|VAV3|WDTC1|ATP13A2|ANAPC2|LRRC8A|TRIM46|MYADM|MYO3B|ARHGAP42|RICTOR,-1.3,MyList
GO Biological Processes,19,GO:0006639,acylglycerol metabolic process,19_GO:0009987 cellular process,-3,3.9,4.2,30230,106,584,8,1.4,0.48,2710|3988|4547|9489|9926|23175|23411|137695,GK|LIPA|MTTP|PGS1|LPGAT1|LPIN1|SIRT1|TMEM68,-1.3,MyList
CORUM,33,CORUM:103,RNA polymerase II holoenzyme complex,,-3,8.6,5.2,30230,24,584,4,0.68,0.34,2068|2071|2968|6908,ERCC2|ERCC3|GTF2H4|TBP,-1.3,MyList
GO Biological Processes,19,GO:0070498,interleukin-1-mediated signaling pathway,19_GO:0050896 response to stimulus,-3,8.6,5.2,30230,24,584,4,0.68,0.34,1958|3551|4615|9252,EGR1|IKBKB|MYD88|RPS6KA5,-1.3,MyList
GO Biological Processes,19,GO:0019432,triglyceride biosynthetic process,19_GO:0009987 cellular process,-3,8.6,5.2,30230,24,584,4,0.68,0.34,2710|9926|23175|137695,GK|LPGAT1|LPIN1|TMEM68,-1.3,MyList
WikiPathways,27,WP4352,Ciliary landscape,,-3,2.9,3.9,30230,216,584,12,2.1,0.59,4289|7328|8100|9742|26160|55764|57560|79018|79874|83741|90410|123016,MKLN1|UBE2H|IFT88|IFT140|IFT172|IFT122|IFT80|GID4|RABEP2|TFAP2D|IFT20|TTC8,-1.3,MyList
GO Biological Processes,19,GO:0015711,organic anion transport,19_GO:0051179 localization,-3,2.3,3.7,30230,408,584,18,3.1,0.72,1468|4547|5375|6515|6533|10478|11001|23428|26503|51542|51660|55238|56262|57030|81539|114789|116362|123096,SLC25A10|MTTP|PMP2|SLC2A3|SLC6A6|SLC25A17|SLC27A2|SLC7A8|SLC17A5|VPS54|MPC1|SLC38A7|LRRC8A|SLC17A7|SLC38A1|SLC25A25|RBP7|SLC25A29,-1.3,MyList
GO Biological Processes,19,GO:0002764,immune response-regulating signaling pathway,19_GO:0002376 immune system process,-3,2.3,3.7,30230,408,584,18,3.1,0.72,673|1540|3551|4615|4938|5290|5580|5581|5602|5609|7410|7867|10451|25875|51324|54542|59338|340061,BRAF|CYLD|IKBKB|MYD88|OAS1|PIK3CA|PRKCD|PRKCE|MAPK10|MAP2K7|VAV2|MAPKAPK3|VAV3|LETMD1|SPG21|RC3H2|PLEKHA1|STING1,-1.3,MyList
GO Biological Processes,19,GO:0018209,peptidyl-serine modification,19_GO:0009987 cellular process,-3,6.3,4.8,30230,41,584,5,0.86,0.38,3551|5580|23049|84446|200576,IKBKB|PRKCD|SMG1|BRSK1|PIKFYVE,-1.3,MyList
GO Biological Processes,19,GO:0006638,neutral lipid metabolic process,19_GO:0009987 cellular process,-2.9,3.9,4.2,30230,107,584,8,1.4,0.48,2710|3988|4547|9489|9926|23175|23411|137695,GK|LIPA|MTTP|PGS1|LPGAT1|LPIN1|SIRT1|TMEM68,-1.3,MyList
GO Biological Processes,19,GO:0022904,respiratory electron transport chain,19_GO:0009987 cellular process,-2.9,3.9,4.2,30230,107,584,8,1.4,0.48,4514|4540|4541|4706|6391|6392|10975|51542,COX3|ND5|ND6|NDUFAB1|SDHC|SDHD|UQCR11|VPS54,-1.3,MyList
Reactome Gene Sets,6,R-HSA-194138,Signaling by VEGF,,-2.9,3.9,4.2,30230,107,584,8,1.4,0.48,5290|5580|6300|7410|7867|10451|79109|253260,PIK3CA|PRKCD|MAPK12|VAV2|MAPKAPK3|VAV3|MAPKAP1|RICTOR,-1.3,MyList
GO Biological Processes,19,GO:0072666,establishment of protein localization to vacuole,19_GO:0051179 localization,-2.9,5.1,4.5,30230,61,584,6,1,0.42,9179|23041|27072|30849|51172|51542,AP4M1|MON2|VPS41|PIK3R4|NAGPA|VPS54,-1.3,MyList
GO Biological Processes,19,GO:0000075,cell cycle checkpoint signaling,19_GO:0048519 negative regulation of biological process,-2.9,3.2,4,30230,160,584,10,1.7,0.54,11200|29086|51360|51776|56984|80198|84142|84446|84861|440275,CHEK2|BABAM1|MBTPS2|MAP3K20|PSMG2|MUS81|ABRAXAS1|BRSK1|KLHL22|EIF2AK4,-1.3,MyList
GO Biological Processes,19,GO:0016197,endosomal transport,19_GO:0051179 localization,-2.9,2.6,3.8,30230,279,584,14,2.4,0.63,757|4642|8677|9897|23041|23074|23484|23585|30849|51542|54497|116986|124997|200576,TMEM50B|MYO1D|STX10|WASHC5|MON2|BLTP3B|LEPROTL1|TMEM50A|PIK3R4|VPS54|HEATR5B|AGAP2|WDR81|PIKFYVE,-1.3,MyList
GO Biological Processes,19,GO:1901988,negative regulation of cell cycle phase transition,19_GO:0048519 negative regulation of biological process,-2.9,2.7,3.8,30230,248,584,13,2.2,0.61,90|5311|5934|11200|29086|51360|51776|56984|80198|84142|84446|84861|440275,ACVR1|PKD2|RBL2|CHEK2|BABAM1|MBTPS2|MAP3K20|PSMG2|MUS81|ABRAXAS1|BRSK1|KLHL22|EIF2AK4,-1.3,MyList
GO Biological Processes,19,GO:0043473,pigmentation,19_GO:0043473 pigmentation,-2.9,3.8,4.1,30230,108,584,8,1.4,0.48,2562|5873|6490|10239|23682|79803|81839|200576,GABRB3|RAB27A|PMEL|AP3S2|RAB38|HPS6|VANGL1|PIKFYVE,-1.2,MyList
Reactome Gene Sets,6,R-HSA-446203,Asparagine N-linked glycosylation,,-2.9,2.5,3.7,30230,312,584,15,2.6,0.65,1798|4249|9382|10020|10195|11253|26503|29880|29929|58485|79139|84061|84342|84447|91869,DPAGT1|MGAT5|COG1|GNE|ALG3|MAN1B1|SLC17A5|ALG5|ALG6|TRAPPC1|DERL1|MAGT1|COG8|SYVN1|RFT1,-1.2,MyList
GO Biological Processes,19,GO:0051174,regulation of phosphorus metabolic process,19_GO:0050789 regulation of biological process,-2.9,2,3.5,30230,587,584,23,3.9,0.8,20|21|673|706|4504|4615|5290|5563|5580|5934|6773|23175|23411|23682|51422|51527|54704|55181|57161|66036|115825|116986|201163,ABCA2|ABCA3|BRAF|TSPO|MT3|MYD88|PIK3CA|PRKAA2|PRKCD|RBL2|STAT2|LPIN1|SIRT1|RAB38|PRKAG2|GSKIP|PDP1|SMG8|PELI2|MTMR9|WDFY2|AGAP2|FLCN,-1.2,MyList
GO Biological Processes,19,GO:1902017,regulation of cilium assembly,19_GO:0050789 regulation of biological process,-2.9,4.3,4.3,30230,84,584,7,1.2,0.45,1540|3985|8100|9742|79874|90410|115704,CYLD|LIMK2|IFT88|IFT140|RABEP2|IFT20|EVI5L,-1.2,MyList
GO Biological Processes,19,GO:0045786,negative regulation of cell cycle,19_GO:0048519 negative regulation of biological process,-2.9,2.3,3.6,30230,378,584,17,2.9,0.7,90|5311|5934|6300|8850|11200|23411|26001|29086|51360|51776|56984|80198|84142|84446|84861|440275,ACVR1|PKD2|RBL2|MAPK12|KAT2B|CHEK2|SIRT1|RNF167|BABAM1|MBTPS2|MAP3K20|PSMG2|MUS81|ABRAXAS1|BRSK1|KLHL22|EIF2AK4,-1.2,MyList
GO Biological Processes,19,GO:0006289,nucleotide-excision repair,19_GO:0050896 response to stimulus,-2.9,5,4.4,30230,62,584,6,1,0.42,2068|2071|2968|3981|10463|23411,ERCC2|ERCC3|GTF2H4|LIG4|SLC30A9|SIRT1,-1.2,MyList
GO Biological Processes,19,GO:0031929,TOR signaling,19_GO:0050896 response to stimulus,-2.9,6.2,4.7,30230,42,584,5,0.86,0.38,3988|5290|9252|79109|253260,LIPA|PIK3CA|RPS6KA5|MAPKAP1|RICTOR,-1.2,MyList
WikiPathways,27,WP5523,HINT1 pathway,,-2.9,8.3,5.1,30230,25,584,4,0.68,0.34,2068|2071|2353|2968,ERCC2|ERCC3|FOS|GTF2H4,-1.2,MyList
GO Biological Processes,19,GO:1990542,mitochondrial transmembrane transport,19_GO:0051179 localization,-2.9,8.3,5.1,30230,25,584,4,0.68,0.34,23456|51660|119559|123096,ABCB10|MPC1|SFXN4|SLC25A29,-1.2,MyList
GO Biological Processes,19,GO:0046580,negative regulation of Ras protein signal transduction,19_GO:0048519 negative regulation of biological process,-2.9,8.3,5.1,30230,25,584,4,0.68,0.34,5922|9927|22821|79109,RASA2|MFN2|RASA3|MAPKAP1,-1.2,MyList
GO Biological Processes,19,GO:0071294,cellular response to zinc ion,19_GO:0050896 response to stimulus,-2.9,8.3,5.1,30230,25,584,4,0.68,0.34,706|2562|4504|23400,TSPO|GABRB3|MT3|ATP13A2,-1.2,MyList
WikiPathways,27,WP5501,GNAQ p R183Q drives capillary malformation,,-2.9,8.3,5.1,30230,25,584,4,0.68,0.34,5580|5581|5582|5587,PRKCD|PRKCE|PRKCG|PRKD1,-1.2,MyList
GO Biological Processes,19,GO:0021533,cell differentiation in hindbrain,19_GO:0032502 developmental process,-2.9,8.3,5.1,30230,25,584,4,0.68,0.34,6095|8925|79809|91137,RORA|HERC1|TTC21B|SLC25A46,-1.2,MyList
GO Biological Processes,19,GO:0140861,DNA repair-dependent chromatin remodeling,19_GO:0050896 response to stimulus,-2.9,8.3,5.1,30230,25,584,4,0.68,0.34,9960|23411|25842|29086,USP3|SIRT1|ASF1A|BABAM1,-1.2,MyList
WikiPathways,27,WP4521,Glycosylation and related congenital defects,,-2.9,8.3,5.1,30230,25,584,4,0.68,0.34,1798|10195|29929|84061,DPAGT1|ALG3|ALG6|MAGT1,-1.2,MyList
GO Biological Processes,19,GO:0002431,Fc receptor mediated stimulatory signaling pathway,19_GO:0002376 immune system process,-2.9,8.3,5.1,30230,25,584,4,0.68,0.34,5580|5581|7410|10451,PRKCD|PRKCE|VAV2|VAV3,-1.2,MyList
KEGG Pathway,24,hsa04931,Insulin resistance,,-2.9,3.8,4.1,30230,109,584,8,1.4,0.48,3551|5290|5563|5580|5581|5602|11001|51422,IKBKB|PIK3CA|PRKAA2|PRKCD|PRKCE|MAPK10|SLC27A2|PRKAG2,-1.2,MyList
GO Biological Processes,19,GO:0050778,positive regulation of immune response,19_GO:0002376 immune system process,-2.9,1.9,3.5,30230,700,584,26,4.5,0.85,673|1540|3551|3988|4292|4615|4938|5290|5580|5581|5587|6778|7410|7867|10451|10454|23411|25875|51324|54542|55703|57169|59338|84861|340061|440275,BRAF|CYLD|IKBKB|LIPA|MLH1|MYD88|OAS1|PIK3CA|PRKCD|PRKCE|PRKD1|STAT6|VAV2|MAPKAPK3|VAV3|TAB1|SIRT1|LETMD1|SPG21|RC3H2|POLR3B|ZNFX1|PLEKHA1|KLHL22|STING1|EIF2AK4,-1.2,MyList
KEGG Pathway,24,hsa05132,Salmonella infection,,-2.9,2.7,3.8,30230,251,584,13,2.2,0.61,2353|3551|4615|5286|5287|5290|5602|5609|6300|8677|10454|27072|57180,FOS|IKBKB|MYD88|PIK3C2A|PIK3C2B|PIK3CA|MAPK10|MAP2K7|MAPK12|STX10|TAB1|VPS41|ACTR3B,-1.2,MyList
GO Biological Processes,19,GO:0002757,immune response-activating signaling pathway,19_GO:0002376 immune system process,-2.9,2.4,3.6,30230,347,584,16,2.7,0.68,673|1540|3551|4615|4938|5290|5580|5581|7410|7867|10451|25875|51324|54542|59338|340061,BRAF|CYLD|IKBKB|MYD88|OAS1|PIK3CA|PRKCD|PRKCE|VAV2|MAPKAPK3|VAV3|LETMD1|SPG21|RC3H2|PLEKHA1|STING1,-1.2,MyList
WikiPathways,27,WP2571,Polycystic kidney disease pathway,,-2.9,4.3,4.2,30230,85,584,7,1.2,0.45,673|2353|3551|5311|5563|51422|81029,BRAF|FOS|IKBKB|PKD2|PRKAA2|PRKAG2|WNT5B,-1.2,MyList
WikiPathways,27,WP4630,Measles virus infection,,-2.9,3.4,4,30230,136,584,9,1.5,0.51,2353|3310|3551|4615|4938|5290|5602|6773|440275,FOS|HSPA6|IKBKB|MYD88|OAS1|PIK3CA|MAPK10|STAT2|EIF2AK4,-1.2,MyList
GO Biological Processes,19,GO:0017157,regulation of exocytosis,19_GO:0051179 localization,-2.9,3,3.8,30230,192,584,11,1.9,0.56,673|5582|5873|6845|9783|10079|23400|25837|93664|134957|143425,BRAF|PRKCG|RAB27A|VAMP7|RIMS3|ATP9A|ATP13A2|RAB26|CADPS2|STXBP5|SYT9,-1.2,MyList
WikiPathways,27,WP710,DNA damage response only ATM dependent,,-2.9,3.8,4.1,30230,110,584,8,1.4,0.48,5286|5287|5290|5602|5934|6655|30849|81029,PIK3C2A|PIK3C2B|PIK3CA|MAPK10|RBL2|SOS2|PIK3R4|WNT5B,-1.2,MyList
Reactome Gene Sets,6,R-HSA-937061,TRIF (TICAM1)-mediated TLR4 signaling,,-2.9,3.8,4.1,30230,110,584,8,1.4,0.48,2353|3551|5602|5609|7867|9252|10454|79671,FOS|IKBKB|MAPK10|MAP2K7|MAPKAPK3|RPS6KA5|TAB1|NLRX1,-1.2,MyList
Reactome Gene Sets,6,R-HSA-166166,MyD88-independent TLR4 cascade,,-2.9,3.8,4.1,30230,110,584,8,1.4,0.48,2353|3551|5602|5609|7867|9252|10454|79671,FOS|IKBKB|MAPK10|MAP2K7|MAPKAPK3|RPS6KA5|TAB1|NLRX1,-1.2,MyList
GO Biological Processes,19,GO:0033059,cellular pigmentation,19_GO:0043473 pigmentation,-2.9,4.9,4.4,30230,63,584,6,1,0.42,5873|6490|10239|23682|79803|200576,RAB27A|PMEL|AP3S2|RAB38|HPS6|PIKFYVE,-1.2,MyList
GO Biological Processes,19,GO:1990253,cellular response to leucine starvation,19_GO:0050896 response to stimulus,-2.9,13,5.8,30230,12,584,3,0.51,0.3,10325|26001|27244,RRAGB|RNF167|SESN1,-1.2,MyList
GO Biological Processes,19,GO:0071233,cellular response to L-leucine,19_GO:0050896 response to stimulus,-2.9,13,5.8,30230,12,584,3,0.51,0.3,27244|57559|84861,SESN1|STAMBPL1|KLHL22,-1.2,MyList
GO Biological Processes,19,GO:0000012,single strand break repair,19_GO:0050896 response to stimulus,-2.9,13,5.8,30230,12,584,3,0.51,0.3,3981|7374|23411,LIG4|UNG|SIRT1,-1.2,MyList
GO Biological Processes,19,GO:0061723,glycophagy,19_GO:0009987 cellular process,-2.9,13,5.8,30230,12,584,3,0.51,0.3,9821|26100|55062,RB1CC1|WIPI2|WIPI1,-1.2,MyList
GO Cellular Components,20,GO:0000439,transcription factor TFIIH core complex,,-2.9,13,5.8,30230,12,584,3,0.51,0.3,2068|2071|2968,ERCC2|ERCC3|GTF2H4,-1.2,MyList
Canonical Pathways,11,M238,PID THROMBIN PAR1 PATHWAY,,-2.9,6,4.6,30230,43,584,5,0.86,0.38,5290|5580|5582|9138|9630,PIK3CA|PRKCD|PRKCG|ARHGEF1|GNA14,-1.2,MyList
GO Biological Processes,19,GO:0080135,regulation of cellular response to stress,19_GO:0050896 response to stimulus,-2.8,2,3.5,30230,559,584,22,3.8,0.79,673|5580|5582|8505|8850|9016|10162|23411|29086|29761|51043|51360|51776|54617|54799|55135|79109|80314|84142|84447|91304|93973,BRAF|PRKCD|PRKCG|PARG|KAT2B|SLC25A14|LPCAT3|SIRT1|BABAM1|USP25|ZBTB7B|MBTPS2|MAP3K20|INO80|MBTD1|WRAP53|MAPKAP1|EPC1|ABRAXAS1|SYVN1|TMEM259|ACTR8,-1.2,MyList
WikiPathways,27,WP5496,Targeted therapy in breast cancer,,-2.8,8,5,30230,26,584,4,0.68,0.34,5286|5287|5290|30849,PIK3C2A|PIK3C2B|PIK3CA|PIK3R4,-1.2,MyList
GO Biological Processes,19,GO:0070536,protein K63-linked deubiquitination,19_GO:0009987 cellular process,-2.8,8,5,30230,26,584,4,0.68,0.34,1540|23032|29761|57559,CYLD|USP33|USP25|STAMBPL1,-1.2,MyList
GO Biological Processes,19,GO:0007622,rhythmic behavior,19_GO:0032501 multicellular organismal process,-2.8,8,5,30230,26,584,4,0.68,0.34,1958|1959|2562|114781,EGR1|EGR2|GABRB3|BTBD9,-1.2,MyList
CORUM,33,CORUM:2825,BRCA1-RNA polymerase II complex,,-2.8,8,5,30230,26,584,4,0.68,0.34,2068|2071|2968|6908,ERCC2|ERCC3|GTF2H4|TBP,-1.2,MyList
GO Biological Processes,19,GO:0110154,RNA decapping,19_GO:0009987 cellular process,-2.8,8,5,30230,26,584,4,0.68,0.34,23658|25819|27257|167227,LSM5|NOCT|LSM1|DCP2,-1.2,MyList
GO Biological Processes,19,GO:0042776,proton motive force-driven mitochondrial ATP synthesis,19_GO:0009987 cellular process,-2.8,4.9,4.3,30230,64,584,6,1,0.42,4508|4540|4541|4706|6391|6392,ATP6|ND5|ND6|NDUFAB1|SDHC|SDHD,-1.2,MyList
GO Cellular Components,20,GO:0044232,organelle membrane contact site,,-2.8,4.9,4.3,30230,64,584,6,1,0.42,2182|10948|23682|30849|57655|84947,ACSL4|STARD3|RAB38|PIK3R4|GRAMD1A|SERAC1,-1.2,MyList
KEGG Pathway,24,hsa05166,Human T-cell leukemia virus 1 infection,,-2.8,2.8,3.7,30230,224,584,12,2.1,0.59,706|1958|1959|2353|3551|5290|5602|6908|8850|11200|29882|64682,TSPO|EGR1|EGR2|FOS|IKBKB|PIK3CA|MAPK10|TBP|KAT2B|CHEK2|ANAPC2|ANAPC1,-1.2,MyList
KEGG Pathway,24,hsa00190,Oxidative phosphorylation,,-2.8,3.4,3.9,30230,138,584,9,1.5,0.51,4508|4514|4540|4541|4706|6391|6392|10975|90423,ATP6|COX3|ND5|ND6|NDUFAB1|SDHC|SDHD|UQCR11|ATP6V1E2,-1.2,MyList
GO Biological Processes,19,GO:0019646,aerobic electron transport chain,19_GO:0009987 cellular process,-2.8,4.2,4.1,30230,87,584,7,1.2,0.45,4514|4540|4541|4706|6391|6392|10975,COX3|ND5|ND6|NDUFAB1|SDHC|SDHD|UQCR11,-1.2,MyList
GO Biological Processes,19,GO:0046148,pigment biosynthetic process,19_GO:0009987 cellular process,-2.8,5.9,4.5,30230,44,584,5,0.86,0.38,22|706|6490|23456|51522,ABCB7|TSPO|PMEL|ABCB10|TMEM14C,-1.2,MyList
GO Biological Processes,19,GO:0042063,gliogenesis,19_GO:0032502 developmental process,-2.8,2.6,3.7,30230,256,584,13,2.2,0.61,20|706|1600|1959|2068|3611|4615|9639|23405|51542|56978|79809|91137,ABCA2|TSPO|DAB1|EGR2|ERCC2|ILK|MYD88|ARHGEF10|DICER1|VPS54|PRDM8|TTC21B|SLC25A46,-1.2,MyList
Canonical Pathways,11,M15,PID LYSOPHOSPHOLIPID PATHWAY,,-2.8,4.8,4.3,30230,65,584,6,1,0.42,2353|5580|5581|5587|9138|9630,FOS|PRKCD|PRKCE|PRKD1|ARHGEF1|GNA14,-1.2,MyList
Reactome Gene Sets,6,R-HSA-2454202,Fc epsilon receptor (FCERI) signaling,,-2.8,3.7,4,30230,113,584,8,1.4,0.48,2353|3551|5290|5602|5609|7410|10451|10454,FOS|IKBKB|PIK3CA|MAPK10|MAP2K7|VAV2|VAV3|TAB1,-1.2,MyList
GO Biological Processes,19,GO:0002768,immune response-regulating cell surface receptor signaling pathway,19_GO:0002376 immune system process,-2.8,2.4,3.6,30230,322,584,15,2.6,0.65,673|3551|4615|4938|5290|5580|5581|5602|5609|7410|10451|25875|51324|54542|59338,BRAF|IKBKB|MYD88|OAS1|PIK3CA|PRKCD|PRKCE|MAPK10|MAP2K7|VAV2|VAV3|LETMD1|SPG21|RC3H2|PLEKHA1,-1.1,MyList
GO Biological Processes,19,GO:0055080,monoatomic cation homeostasis,19_GO:0042592 homeostatic process,-2.8,2.1,3.4,30230,529,584,21,3.6,0.77,22|1657|4504|5311|9481|9772|9885|10463|10479|23400|23682|25875|26249|26504|51542|63933|64924|90550|114781|221154|286097,ABCB7|DMXL1|MT3|PKD2|SLC25A27|TMEM94|OSBPL2|SLC30A9|SLC9A6|ATP13A2|RAB38|LETMD1|KLHL3|CNNM4|VPS54|MCUR1|SLC30A5|MCU|BTBD9|MICU2|MICU3,-1.1,MyList
GO Cellular Components,20,GO:0098803,respiratory chain complex,,-2.8,3.6,4,30230,114,584,8,1.4,0.48,4508|4514|4540|4541|4706|6391|6392|10975,ATP6|COX3|ND5|ND6|NDUFAB1|SDHC|SDHD|UQCR11,-1.1,MyList
GO Biological Processes,19,GO:0031570,DNA integrity checkpoint signaling,19_GO:0048519 negative regulation of biological process,-2.8,3.6,4,30230,114,584,8,1.4,0.48,11200|29086|51360|51776|80198|84142|84446|440275,CHEK2|BABAM1|MBTPS2|MAP3K20|MUS81|ABRAXAS1|BRSK1|EIF2AK4,-1.1,MyList
WikiPathways,27,WP4905,1q21 1 copy number variation syndrome,,-2.8,7.7,4.9,30230,27,584,4,0.68,0.34,5563|9557|51205|51422,PRKAA2|CHD1L|ACP6|PRKAG2,-1.1,MyList
Reactome Gene Sets,6,R-HSA-191273,Cholesterol biosynthesis,,-2.8,7.7,4.9,30230,27,584,4,0.68,0.34,1718|6307|6721|10682,DHCR24|MSMO1|SREBF2|EBP,-1.1,MyList
WikiPathways,27,WP4532,Intraflagellar transport proteins binding to dynein,,-2.8,7.7,4.9,30230,27,584,4,0.68,0.34,9742|55764|57560|57728,IFT140|IFT122|IFT80|WDR19,-1.1,MyList
GO Biological Processes,19,GO:0006308,DNA catabolic process,19_GO:0009987 cellular process,-2.8,7.7,4.9,30230,27,584,4,0.68,0.34,1677|23405|51542|80198,DFFB|DICER1|VPS54|MUS81,-1.1,MyList
GO Biological Processes,19,GO:0031641,regulation of myelination,19_GO:0032502 developmental process,-2.8,5.8,4.5,30230,45,584,5,0.86,0.38,1959|5129|8882|23175|23405,EGR2|CDK18|ZPR1|LPIN1|DICER1,-1.1,MyList
GO Biological Processes,19,GO:0032868,response to insulin,19_GO:0050896 response to stimulus,-2.8,2.7,3.7,30230,228,584,12,2.1,0.59,1958|2353|5286|5290|6655|8850|23038|23175|23411|51043|79109|84275,EGR1|FOS|PIK3C2A|PIK3CA|SOS2|KAT2B|WDTC1|LPIN1|SIRT1|ZBTB7B|MAPKAP1|SLC25A33,-1.1,MyList
GO Biological Processes,19,GO:0048736,appendage development,19_GO:0032502 developmental process,-2.8,2.9,3.7,30230,198,584,11,1.9,0.56,8850|9742|26160|51324|51542|51776|54542|55764|57560|57728|140467,KAT2B|IFT140|IFT172|SPG21|VPS54|MAP3K20|RC3H2|IFT122|IFT80|WDR19|ZNF358,-1.1,MyList
GO Biological Processes,19,GO:0060173,limb development,19_GO:0032502 developmental process,-2.8,2.9,3.7,30230,198,584,11,1.9,0.56,8850|9742|26160|51324|51542|51776|54542|55764|57560|57728|140467,KAT2B|IFT140|IFT172|SPG21|VPS54|MAP3K20|RC3H2|IFT122|IFT80|WDR19|ZNF358,-1.1,MyList
Reactome Gene Sets,6,R-HSA-9013026,RHOB GTPase cycle,,-2.8,4.7,4.2,30230,66,584,6,1,0.42,7410|9138|9639|23092|55160|81839,VAV2|ARHGEF1|ARHGEF10|ARHGAP26|ARHGEF10L|VANGL1,-1.1,MyList
WikiPathways,27,WP4318,Mitochondrial fission and fusion,,-2.8,12,5.5,30230,13,584,3,0.51,0.3,9927|51537|55669,MFN2|MTFP1|MFN1,-1.1,MyList
GO Cellular Components,20,GO:0033106,cis-Golgi network membrane,,-2.8,12,5.5,30230,13,584,3,0.51,0.3,6490|56927|339122,PMEL|GPR108|RAB43,-1.1,MyList
GO Biological Processes,19,GO:0045006,DNA deamination,19_GO:0009987 cellular process,-2.8,12,5.5,30230,13,584,3,0.51,0.3,9582|81602|200316,APOBEC3B|CDADC1|APOBEC3F,-1.1,MyList
GO Biological Processes,19,GO:0035435,phosphate ion transmembrane transport,19_GO:0051179 localization,-2.8,12,5.5,30230,13,584,3,0.51,0.3,1468|9213|57030,SLC25A10|XPR1|SLC17A7,-1.1,MyList
GO Biological Processes,19,GO:0006309,apoptotic DNA fragmentation,19_GO:0009987 cellular process,-2.8,12,5.5,30230,13,584,3,0.51,0.3,1677|23405|51542,DFFB|DICER1|VPS54,-1.1,MyList
Reactome Gene Sets,6,R-HSA-6793080,rRNA modification in the mitochondrion,,-2.8,12,5.5,30230,13,584,3,0.51,0.3,22868|51106|81554,FASTKD2|TFB1M|RCC1L,-1.1,MyList
GO Cellular Components,20,GO:0005675,transcription factor TFIIH holo complex,,-2.8,12,5.5,30230,13,584,3,0.51,0.3,2068|2071|2968,ERCC2|ERCC3|GTF2H4,-1.1,MyList
GO Biological Processes,19,GO:0006119,oxidative phosphorylation,19_GO:0009987 cellular process,-2.7,3.6,3.9,30230,115,584,8,1.4,0.48,4508|4514|4540|4541|4706|6391|6392|10975,ATP6|COX3|ND5|ND6|NDUFAB1|SDHC|SDHD|UQCR11,-1.1,MyList
KEGG Pathway,24,hsa04211,Longevity regulating pathway,,-2.7,4,4,30230,90,584,7,1.2,0.45,5290|5563|9821|23411|27244|51422|60673,PIK3CA|PRKAA2|RB1CC1|SIRT1|SESN1|PRKAG2|ATG101,-1.1,MyList
KEGG Pathway,24,hsa05418,Fluid shear stress and atherosclerosis,,-2.7,3.3,3.8,30230,142,584,9,1.5,0.51,90|2353|3551|5290|5563|5602|5609|6300|9817,ACVR1|FOS|IKBKB|PIK3CA|PRKAA2|MAPK10|MAP2K7|MAPK12|KEAP1,-1.1,MyList
Canonical Pathways,11,M128,PID TNF PATHWAY,,-2.7,5.6,4.4,30230,46,584,5,0.86,0.38,1540|3551|5609|8439|10454,CYLD|IKBKB|MAP2K7|NSMAF|TAB1,-1.1,MyList
WikiPathways,27,WP4566,Translation inhibitors in chronically activated PDGFRA cells,,-2.7,5.6,4.4,30230,46,584,5,0.86,0.38,5290|5580|5602|5609|9252,PIK3CA|PRKCD|MAPK10|MAP2K7|RPS6KA5,-1.1,MyList
Canonical Pathways,11,M68,PID RHOA REG PATHWAY,,-2.7,5.6,4.4,30230,46,584,5,0.86,0.38,7410|9138|9639|10451|55160,VAV2|ARHGEF1|ARHGEF10|VAV3|ARHGEF10L,-1.1,MyList
GO Biological Processes,19,GO:0002429,immune response-activating cell surface receptor signaling pathway,19_GO:0002376 immune system process,-2.7,2.6,3.6,30230,262,584,13,2.2,0.61,673|3551|4615|4938|5290|5580|5581|7410|10451|25875|51324|54542|59338,BRAF|IKBKB|MYD88|OAS1|PIK3CA|PRKCD|PRKCE|VAV2|VAV3|LETMD1|SPG21|RC3H2|PLEKHA1,-1.1,MyList
GO Biological Processes,19,GO:0033045,regulation of sister chromatid segregation,19_GO:0050789 regulation of biological process,-2.7,3.6,3.9,30230,116,584,8,1.4,0.48,8850|23411|29882|51776|56984|57520|64682|84861,KAT2B|SIRT1|ANAPC2|MAP3K20|PSMG2|HECW2|ANAPC1|KLHL22,-1.1,MyList
GO Biological Processes,19,GO:0042773,ATP synthesis coupled electron transport,19_GO:0009987 cellular process,-2.7,4,4,30230,91,584,7,1.2,0.45,4514|4540|4541|4706|6391|6392|10975,COX3|ND5|ND6|NDUFAB1|SDHC|SDHD|UQCR11,-1.1,MyList
GO Biological Processes,19,GO:0042775,mitochondrial ATP synthesis coupled electron transport,19_GO:0009987 cellular process,-2.7,4,4,30230,91,584,7,1.2,0.45,4514|4540|4541|4706|6391|6392|10975,COX3|ND5|ND6|NDUFAB1|SDHC|SDHD|UQCR11,-1.1,MyList
WikiPathways,27,WP3594,Circadian rhythm genes,,-2.7,2.8,3.7,30230,201,584,11,1.9,0.56,406|1958|4547|5563|5582|5602|6095|9915|23411|25819|114781,BMAL1|EGR1|MTTP|PRKAA2|PRKCG|MAPK10|RORA|ARNT2|SIRT1|NOCT|BTBD9,-1.1,MyList
GO Biological Processes,19,GO:0032366,intracellular sterol transport,19_GO:0051179 localization,-2.7,7.4,4.8,30230,28,584,4,0.68,0.34,9885|51542|57655|84947,OSBPL2|VPS54|GRAMD1A|SERAC1,-1.1,MyList
GO Biological Processes,19,GO:0046949,fatty-acyl-CoA biosynthetic process,19_GO:0009987 cellular process,-2.7,7.4,4.8,30230,28,584,4,0.68,0.34,2182|9374|11001|197322,ACSL4|PPT2|SLC27A2|ACSF3,-1.1,MyList
GO Biological Processes,19,GO:0021697,cerebellar cortex formation,19_GO:0032502 developmental process,-2.7,7.4,4.8,30230,28,584,4,0.68,0.34,6095|8925|79809|91137,RORA|HERC1|TTC21B|SLC25A46,-1.1,MyList
Reactome Gene Sets,6,R-HSA-390918,Peroxisomal lipid metabolism,,-2.7,7.4,4.8,30230,28,584,4,0.68,0.34,8310|10478|11001|55825,ACOX3|SLC25A17|SLC27A2|PECR,-1.1,MyList
Reactome Gene Sets,6,R-HSA-5223345,Miscellaneous transport and binding events,,-2.7,7.4,4.8,30230,28,584,4,0.68,0.34,5304|56262|57380|84061,PIP|LRRC8A|MRS2|MAGT1,-1.1,MyList
GO Biological Processes,19,GO:0051983,regulation of chromosome segregation,19_GO:0050789 regulation of biological process,-2.7,3.2,3.8,30230,144,584,9,1.5,0.51,8850|10592|23411|29882|51776|56984|57520|64682|84861,KAT2B|SMC2|SIRT1|ANAPC2|MAP3K20|PSMG2|HECW2|ANAPC1|KLHL22,-1.1,MyList
GO Biological Processes,19,GO:0022900,electron transport chain,19_GO:0009987 cellular process,-2.7,3.5,3.9,30230,117,584,8,1.4,0.48,4514|4540|4541|4706|6391|6392|10975|51542,COX3|ND5|ND6|NDUFAB1|SDHC|SDHD|UQCR11|VPS54,-1.1,MyList
GO Biological Processes,19,GO:0051607,defense response to virus,19_GO:0044419 biological process involved in interspecies interaction between organisms,-2.7,2.4,3.5,30230,296,584,14,2.4,0.63,4615|4938|6041|6773|9582|9821|11043|55703|56927|57169|83862|200316|340061|440275,MYD88|OAS1|RNASEL|STAT2|APOBEC3B|RB1CC1|MID2|POLR3B|GPR108|ZNFX1|TMEM120A|APOBEC3F|STING1|EIF2AK4,-1.1,MyList
WikiPathways,27,WP5124,Alzheimer 39 s disease,,-2.7,2.5,3.5,30230,264,584,13,2.2,0.61,673|3551|5290|5602|5609|9821|26100|30849|51107|55062|60673|81029|90550,BRAF|IKBKB|PIK3CA|MAPK10|MAP2K7|RB1CC1|WIPI2|PIK3R4|APH1A|WIPI1|ATG101|WNT5B|MCU,-1.1,MyList
GO Biological Processes,19,GO:0031175,neuron projection development,19_GO:0032502 developmental process,-2.7,1.9,3.3,30230,724,584,26,4.5,0.85,706|1600|1959|2562|5797|8100|8882|8925|9252|9638|10079|10479|23032|23405|51324|51542|51761|56978|80128|84446|90410|91137|123016|285527|440275|729920,TSPO|DAB1|EGR2|GABRB3|PTPRM|IFT88|ZPR1|HERC1|RPS6KA5|FEZ1|ATP9A|SLC9A6|USP33|DICER1|SPG21|VPS54|ATP8A2|PRDM8|TRIM46|BRSK1|IFT20|SLC25A46|TTC8|FRYL|EIF2AK4|CRPPA,-1.1,MyList
WikiPathways,27,WP4718,Cholesterol metabolism with Bloch and Kandutsch Russell pathways,,-2.7,5.5,4.3,30230,47,584,5,0.86,0.38,1718|2182|6307|6721|10682,DHCR24|ACSL4|MSMO1|SREBF2|EBP,-1.1,MyList
KEGG Pathway,24,hsa04930,Type II diabetes mellitus,,-2.7,5.5,4.3,30230,47,584,5,0.86,0.38,3551|5290|5580|5581|5602,IKBKB|PIK3CA|PRKCD|PRKCE|MAPK10,-1.1,MyList
GO Biological Processes,19,GO:0014037,Schwann cell differentiation,19_GO:0032502 developmental process,-2.7,5.5,4.3,30230,47,584,5,0.86,0.38,1959|3611|9639|23405|91137,EGR2|ILK|ARHGEF10|DICER1|SLC25A46,-1.1,MyList
KEGG Pathway,24,hsa00514,Other types of O-glycan biosynthesis,,-2.7,5.5,4.3,30230,47,584,5,0.86,0.38,8693|10585|29954|114805|285203,GALNT4|POMT1|POMT2|GALNT13|EOGT,-1.1,MyList
Canonical Pathways,11,M183,PID IL6 7 PATHWAY,,-2.7,5.5,4.3,30230,47,584,5,0.86,0.38,1052|2353|3726|5290|5580,CEBPD|FOS|JUNB|PIK3CA|PRKCD,-1.1,MyList
Reactome Gene Sets,6,R-HSA-73762,RNA Polymerase I Transcription Initiation,,-2.7,5.5,4.3,30230,47,584,5,0.86,0.38,2068|2071|2968|6908|8850,ERCC2|ERCC3|GTF2H4|TBP|KAT2B,-1.1,MyList
Reactome Gene Sets,6,R-HSA-3781865,Diseases of glycosylation,,-2.7,3.2,3.7,30230,145,584,9,1.5,0.51,1798|10020|10195|10585|11253|29929|29954|55624|91869,DPAGT1|GNE|ALG3|POMT1|MAN1B1|ALG6|POMT2|POMGNT1|RFT1,-1.1,MyList
GO Biological Processes,19,GO:0019218,regulation of steroid metabolic process,19_GO:0050789 regulation of biological process,-2.7,3.5,3.8,30230,118,584,8,1.4,0.48,20|706|1958|6095|6721|10162|23411|51360,ABCA2|TSPO|EGR1|RORA|SREBF2|LPCAT3|SIRT1|MBTPS2,-1.1,MyList
GO Biological Processes,19,GO:0050801,monoatomic ion homeostasis,19_GO:0042592 homeostatic process,-2.7,2,3.3,30230,540,584,21,3.6,0.77,22|1657|4504|5311|9481|9772|9885|10463|10479|23400|23682|25875|26249|26504|51542|63933|64924|90550|114781|221154|286097,ABCB7|DMXL1|MT3|PKD2|SLC25A27|TMEM94|OSBPL2|SLC30A9|SLC9A6|ATP13A2|RAB38|LETMD1|KLHL3|CNNM4|VPS54|MCUR1|SLC30A5|MCU|BTBD9|MICU2|MICU3,-1.1,MyList
GO Biological Processes,19,GO:0030301,cholesterol transport,19_GO:0051179 localization,-2.7,4.5,4.1,30230,69,584,6,1,0.42,3988|9885|10948|23461|51542|84947,LIPA|OSBPL2|STARD3|ABCA5|VPS54|SERAC1,-1.1,MyList
GO Biological Processes,19,GO:0010638,positive regulation of organelle organization,19_GO:0048518 positive regulation of biological process,-2.7,2.1,3.3,30230,505,584,20,3.4,0.75,673|3981|4931|5581|5587|5609|6836|8100|9639|10592|23032|54617|55062|55135|55160|90410|90550|93973|143425|253260,BRAF|LIG4|NVL|PRKCE|PRKD1|MAP2K7|SURF4|IFT88|ARHGEF10|SMC2|USP33|INO80|WIPI1|WRAP53|ARHGEF10L|IFT20|MCU|ACTR8|SYT9|RICTOR,-1.1,MyList
GO Biological Processes,19,GO:0031293,membrane protein intracellular domain proteolysis,19_GO:0009987 cellular process,-2.7,11,5.3,30230,14,584,3,0.51,0.3,51107|51360|84888,APH1A|MBTPS2|SPPL2A,-1.1,MyList
Reactome Gene Sets,6,R-HSA-380972,Energy dependent regulation of mTOR by LKB1-AMPK,,-2.7,7.1,4.6,30230,29,584,4,0.68,0.34,5563|10325|51422|64121,PRKAA2|RRAGB|PRKAG2|RRAGC,-1.1,MyList
GO Biological Processes,19,GO:0034250,positive regulation of amide metabolic process,19_GO:0048518 positive regulation of biological process,-2.7,7.1,4.6,30230,29,584,4,0.68,0.34,20|5580|54704|114134,ABCA2|PRKCD|PDP1|SLC2A13,-1.1,MyList
Reactome Gene Sets,6,R-HSA-5218920,VEGFR2 mediated vascular permeability,,-2.7,7.1,4.6,30230,29,584,4,0.68,0.34,7410|10451|79109|253260,VAV2|VAV3|MAPKAP1|RICTOR,-1.1,MyList
GO Cellular Components,20,GO:0032585,multivesicular body membrane,,-2.7,7.1,4.6,30230,29,584,4,0.68,0.34,21|5873|6490|23400,ABCA3|RAB27A|PMEL|ATP13A2,-1.1,MyList
GO Biological Processes,19,GO:0006304,DNA modification,19_GO:0009987 cellular process,-2.7,7.1,4.6,30230,29,584,4,0.68,0.34,7374|9582|81602|200316,UNG|APOBEC3B|CDADC1|APOBEC3F,-1.1,MyList
GO Biological Processes,19,GO:0006783,heme biosynthetic process,19_GO:0009987 cellular process,-2.7,7.1,4.6,30230,29,584,4,0.68,0.34,22|706|23456|51522,ABCB7|TSPO|ABCB10|TMEM14C,-1.1,MyList
GO Biological Processes,19,GO:0000027,ribosomal large subunit assembly,19_GO:0009987 cellular process,-2.7,7.1,4.6,30230,29,584,4,0.68,0.34,4706|8225|22868|81554,NDUFAB1|GTPBP6|FASTKD2|RCC1L,-1.1,MyList
GO Biological Processes,19,GO:0048511,rhythmic process,19_GO:0048511 rhythmic process,-2.7,2.5,3.5,30230,267,584,13,2.2,0.61,406|1958|2562|4547|5563|5582|5602|6095|8850|23411|25819|59338|114781,BMAL1|EGR1|GABRB3|MTTP|PRKAA2|PRKCG|MAPK10|RORA|KAT2B|SIRT1|NOCT|PLEKHA1|BTBD9,-1.1,MyList
GO Biological Processes,19,GO:0010001,glial cell differentiation,19_GO:0032502 developmental process,-2.6,2.8,3.6,30230,205,584,11,1.9,0.56,20|1959|2068|3611|4615|9639|23405|51542|56978|79809|91137,ABCA2|EGR2|ERCC2|ILK|MYD88|ARHGEF10|DICER1|VPS54|PRDM8|TTC21B|SLC25A46,-1.1,MyList
GO Biological Processes,19,GO:0099504,synaptic vesicle cycle,19_GO:0051179 localization,-2.6,3.2,3.7,30230,147,584,9,1.5,0.51,6854|9783|10239|23167|26503|57030|84446|93664|143425,SYN2|RIMS3|AP3S2|EFR3A|SLC17A5|SLC17A7|BRSK1|CADPS2|SYT9,-1,MyList
GO Biological Processes,19,GO:0006897,endocytosis,19_GO:0051179 localization,-2.6,2,3.3,30230,508,584,20,3.4,0.75,3988|4615|4642|5286|5290|5580|5581|6845|7410|7867|10079|10239|10451|23032|25875|53944|54497|66036|79874|200576,LIPA|MYD88|MYO1D|PIK3C2A|PIK3CA|PRKCD|PRKCE|VAMP7|VAV2|MAPKAPK3|ATP9A|AP3S2|VAV3|USP33|LETMD1|CSNK1G1|HEATR5B|MTMR9|RABEP2|PIKFYVE,-1,MyList
Reactome Gene Sets,6,R-HSA-9013106,RHOC GTPase cycle,,-2.6,4.4,4,30230,70,584,6,1,0.42,7410|9138|9639|23092|55160|81839,VAV2|ARHGEF1|ARHGEF10|ARHGAP26|ARHGEF10L|VANGL1,-1,MyList
GO Biological Processes,19,GO:0007093,mitotic cell cycle checkpoint signaling,19_GO:0048519 negative regulation of biological process,-2.6,3.5,3.8,30230,120,584,8,1.4,0.48,11200|29086|51360|56984|80198|84142|84446|84861,CHEK2|BABAM1|MBTPS2|PSMG2|MUS81|ABRAXAS1|BRSK1|KLHL22,-1,MyList
GO Biological Processes,19,GO:0031399,regulation of protein modification process,19_GO:0050789 regulation of biological process,-2.6,1.9,3.2,30230,656,584,24,4.1,0.82,20|406|673|706|1958|4504|4615|5290|5581|5582|6773|8850|9821|23411|51527|55181|57161|60673|79139|84131|91947|115825|116986|201163,ABCA2|BMAL1|BRAF|TSPO|EGR1|MT3|MYD88|PIK3CA|PRKCE|PRKCG|STAT2|KAT2B|RB1CC1|SIRT1|GSKIP|SMG8|PELI2|ATG101|DERL1|CEP78|ARRDC4|WDFY2|AGAP2|FLCN,-1,MyList
WikiPathways,27,WP2059,Alzheimer 39 s disease and miRNA effects,,-2.6,2.5,3.5,30230,269,584,13,2.2,0.61,673|3551|5290|5602|5609|9821|26100|30849|51107|55062|60673|81029|90550,BRAF|IKBKB|PIK3CA|MAPK10|MAP2K7|RB1CC1|WIPI2|PIK3R4|APH1A|WIPI1|ATG101|WNT5B|MCU,-1,MyList
GO Biological Processes,19,GO:0046467,membrane lipid biosynthetic process,19_GO:0009987 cellular process,-2.6,3.1,3.7,30230,148,584,9,1.5,0.51,20|5587|9517|64924|65258|83723|84302|93183|128869,ABCA2|PRKD1|SPTLC2|SLC30A5|MPPE1|TLCD3B|PGAP4|PIGM|PIGU,-1,MyList
GO Biological Processes,19,GO:0008361,regulation of cell size,19_GO:0065007 biological regulation,-2.6,2.9,3.6,30230,177,584,10,1.7,0.54,1185|4504|5587|7410|9821|10451|23038|29882|56262|80128,CLCN6|MT3|PRKD1|VAV2|RB1CC1|VAV3|WDTC1|ANAPC2|LRRC8A|TRIM46,-1,MyList
WikiPathways,27,WP75,Toll like receptor signaling,,-2.6,3.8,3.9,30230,95,584,7,1.2,0.45,2353|3551|4615|5602|5609|6300|10454,FOS|IKBKB|MYD88|MAPK10|MAP2K7|MAPK12|TAB1,-1,MyList
Reactome Gene Sets,6,R-HSA-6811440,Retrograde transport at the Trans-Golgi-Network,,-2.6,5.3,4.2,30230,49,584,5,0.86,0.38,8677|9382|51542|84342|339122,STX10|COG1|VPS54|COG8|RAB43,-1,MyList
Reactome Gene Sets,6,R-HSA-70268,Pyruvate metabolism,,-2.6,5.3,4.2,30230,49,584,5,0.86,0.38,4289|10873|51660|54704|79018,MKLN1|ME3|MPC1|PDP1|GID4,-1,MyList
GO Biological Processes,19,GO:0042255,ribosome assembly,19_GO:0009987 cellular process,-2.6,4.4,4,30230,71,584,6,1,0.42,4706|8225|22868|51106|64745|81554,NDUFAB1|GTPBP6|FASTKD2|TFB1M|METTL17|RCC1L,-1,MyList
GO Biological Processes,19,GO:0022011,myelination in peripheral nervous system,19_GO:0032502 developmental process,-2.6,6.9,4.5,30230,30,584,4,0.68,0.34,3611|9639|23405|91137,ILK|ARHGEF10|DICER1|SLC25A46,-1,MyList
GO Biological Processes,19,GO:0032292,peripheral nervous system axon ensheathment,19_GO:0032502 developmental process,-2.6,6.9,4.5,30230,30,584,4,0.68,0.34,3611|9639|23405|91137,ILK|ARHGEF10|DICER1|SLC25A46,-1,MyList
GO Biological Processes,19,GO:0046460,neutral lipid biosynthetic process,19_GO:0009987 cellular process,-2.6,6.9,4.5,30230,30,584,4,0.68,0.34,2710|9926|23175|137695,GK|LPGAT1|LPIN1|TMEM68,-1,MyList
KEGG Pathway,24,hsa00563,Glycosylphosphatidylinositol (GPI)-anchor biosynthesis,,-2.6,6.9,4.5,30230,30,584,4,0.68,0.34,65258|84302|93183|128869,MPPE1|PGAP4|PIGM|PIGU,-1,MyList
GO Biological Processes,19,GO:0046463,acylglycerol biosynthetic process,19_GO:0009987 cellular process,-2.6,6.9,4.5,30230,30,584,4,0.68,0.34,2710|9926|23175|137695,GK|LPGAT1|LPIN1|TMEM68,-1,MyList
Canonical Pathways,11,M83,PID CDC42 REG PATHWAY,,-2.6,6.9,4.5,30230,30,584,4,0.68,0.34,7410|10451|23229|23348,VAV2|VAV3|ARHGEF9|DOCK9,-1,MyList
KEGG Pathway,24,hsa05012,Parkinson disease,,-2.6,2.5,3.4,30230,271,584,13,2.2,0.61,4508|4514|4540|4541|4706|5602|6391|6392|9817|9927|10975|55669|90550,ATP6|COX3|ND5|ND6|NDUFAB1|MAPK10|SDHC|SDHD|KEAP1|MFN2|UQCR11|MFN1|MCU,-1,MyList
GO Biological Processes,19,GO:0007346,regulation of mitotic cell cycle,19_GO:0050789 regulation of biological process,-2.6,2,3.3,30230,549,584,21,3.6,0.77,90|1540|2068|2071|5311|5934|11200|23113|23411|29086|29882|51360|51776|54617|56984|57520|64682|80198|84142|84446|84861,ACVR1|CYLD|ERCC2|ERCC3|PKD2|RBL2|CHEK2|CUL9|SIRT1|BABAM1|ANAPC2|MBTPS2|MAP3K20|INO80|PSMG2|HECW2|ANAPC1|MUS81|ABRAXAS1|BRSK1|KLHL22,-1,MyList
Reactome Gene Sets,6,R-HSA-194315,Signaling by Rho GTPases,,-2.6,1.9,3.2,30230,699,584,25,4.3,0.84,3985|5290|5580|6655|7126|7410|8476|9138|9639|10451|23074|23092|23229|23348|30849|50649|54514|55160|55852|64946|79658|81704|81839|124997|143872,LIMK2|PIK3CA|PRKCD|SOS2|TNFAIP1|VAV2|CDC42BPA|ARHGEF1|ARHGEF10|VAV3|BLTP3B|ARHGAP26|ARHGEF9|DOCK9|PIK3R4|ARHGEF4|DDX4|ARHGEF10L|TEX2|CENPH|ARHGAP10|DOCK8|VANGL1|WDR81|ARHGAP42,-1,MyList
GO Biological Processes,19,GO:0006282,regulation of DNA repair,19_GO:0050896 response to stimulus,-2.6,2.6,3.5,30230,240,584,12,2.1,0.59,5580|5582|8505|8850|23411|29086|54617|54799|55135|80314|84142|93973,PRKCD|PRKCG|PARG|KAT2B|SIRT1|BABAM1|INO80|MBTD1|WRAP53|EPC1|ABRAXAS1|ACTR8,-1,MyList
GO Biological Processes,19,GO:0021675,nerve development,19_GO:0032502 developmental process,-2.6,3.8,3.8,30230,96,584,7,1.2,0.45,1959|2562|3611|5582|23405|26018|91137,EGR2|GABRB3|ILK|PRKCG|DICER1|LRIG1|SLC25A46,-1,MyList
GO Cellular Components,20,GO:0001750,photoreceptor outer segment,,-2.6,3.8,3.8,30230,96,584,7,1.2,0.45,24|5145|5873|9742|22920|57728|90410,ABCA4|PDE6A|RAB27A|IFT140|KIFAP3|WDR19|IFT20,-1,MyList
GO Biological Processes,19,GO:0043434,response to peptide hormone,19_GO:0050896 response to stimulus,-2.6,2.2,3.3,30230,407,584,17,2.9,0.7,1958|2353|5286|5290|5580|5582|5587|6655|6773|6778|8850|23038|23175|23411|51043|79109|84275,EGR1|FOS|PIK3C2A|PIK3CA|PRKCD|PRKCG|PRKD1|SOS2|STAT2|STAT6|KAT2B|WDTC1|LPIN1|SIRT1|ZBTB7B|MAPKAP1|SLC25A33,-1,MyList
GO Biological Processes,19,GO:0015986,proton motive force-driven ATP synthesis,19_GO:0009987 cellular process,-2.6,4.3,4,30230,72,584,6,1,0.42,4508|4540|4541|4706|6391|6392,ATP6|ND5|ND6|NDUFAB1|SDHC|SDHD,-1,MyList
GO Biological Processes,19,GO:0044773,mitotic DNA damage checkpoint signaling,19_GO:0048519 negative regulation of biological process,-2.6,4.3,4,30230,72,584,6,1,0.42,11200|29086|51360|80198|84142|84446,CHEK2|BABAM1|MBTPS2|MUS81|ABRAXAS1|BRSK1,-1,MyList
GO Biological Processes,19,GO:0009615,response to virus,19_GO:0044419 biological process involved in interspecies interaction between organisms,-2.6,2.2,3.3,30230,408,584,17,2.9,0.7,3551|4615|4938|6041|6773|9213|9582|9821|11043|55703|56927|57169|79591|83862|200316|340061|440275,IKBKB|MYD88|OAS1|RNASEL|STAT2|XPR1|APOBEC3B|RB1CC1|MID2|POLR3B|GPR108|ZNFX1|ARMH3|TMEM120A|APOBEC3F|STING1|EIF2AK4,-0.99,MyList
GO Biological Processes,19,GO:0042149,cellular response to glucose starvation,19_GO:0050896 response to stimulus,-2.6,5.2,4.1,30230,50,584,5,0.86,0.38,5563|23411|27244|30849|51422,PRKAA2|SIRT1|SESN1|PIK3R4|PRKAG2,-0.99,MyList
WikiPathways,27,WP3873,RIOK1 and RIOK2 in EGFR and PI3K mediated tumorigenesis,,-2.6,10,5.1,30230,15,584,3,0.51,0.3,5290|79109|253260,PIK3CA|MAPKAP1|RICTOR,-0.99,MyList
Reactome Gene Sets,6,R-HSA-430039,mRNA decay by 5' to 3' exoribonuclease,,-2.6,10,5.1,30230,15,584,3,0.51,0.3,23658|27257|167227,LSM5|LSM1|DCP2,-0.99,MyList
GO Biological Processes,19,GO:0072330,monocarboxylic acid biosynthetic process,19_GO:0009987 cellular process,-2.6,2.9,3.5,30230,180,584,10,1.7,0.54,2182|4706|5563|9885|10873|11001|25902|51422|55825|197322,ACSL4|NDUFAB1|PRKAA2|OSBPL2|ME3|SLC27A2|MTHFD1L|PRKAG2|PECR|ACSF3,-0.99,MyList
GO Biological Processes,19,GO:0006997,nucleus organization,19_GO:0009987 cellular process,-2.6,3.1,3.6,30230,151,584,9,1.5,0.51,8882|11189|23175|23399|23411|55135|55706|80314|84942,ZPR1|CELF3|LPIN1|CTDNEP1|SIRT1|WRAP53|NDC1|EPC1|WDR73,-0.99,MyList
GO Biological Processes,19,GO:0010038,response to metal ion,19_GO:0050896 response to stimulus,-2.5,2.3,3.3,30230,341,584,15,2.6,0.65,673|706|2353|2562|3726|4504|4547|5311|5563|23400|27132|51542|64924|221154|286097,BRAF|TSPO|FOS|GABRB3|JUNB|MT3|MTTP|PKD2|PRKAA2|ATP13A2|CPNE7|VPS54|SLC30A5|MICU2|MICU3,-0.98,MyList
GO Biological Processes,19,GO:0002253,activation of immune response,19_GO:0002376 immune system process,-2.5,2.1,3.3,30230,410,584,17,2.9,0.7,673|1540|3551|4615|4938|5290|5580|5581|7410|7867|10451|25875|51324|54542|57169|59338|340061,BRAF|CYLD|IKBKB|MYD88|OAS1|PIK3CA|PRKCD|PRKCE|VAV2|MAPKAPK3|VAV3|LETMD1|SPG21|RC3H2|ZNFX1|PLEKHA1|STING1,-0.98,MyList
GO Biological Processes,19,GO:1905952,regulation of lipid localization,19_GO:0051179 localization,-2.5,2.9,3.5,30230,181,584,10,1.7,0.54,20|21|706|2182|6721|6836|10162|23411|23461|51761,ABCA2|ABCA3|TSPO|ACSL4|SREBF2|SURF4|LPCAT3|SIRT1|ABCA5|ATP8A2,-0.98,MyList
GO Biological Processes,19,GO:0009792,embryo development ending in birth or egg hatching,19_GO:0032502 developmental process,-2.5,1.8,3.2,30230,704,584,25,4.3,0.84,90|2068|2182|3726|3981|5311|7274|8882|9742|9817|9915|9927|10454|23038|25902|26160|51542|54799|55764|57448|57718|57728|140467|201163|253260,ACVR1|ERCC2|ACSL4|JUNB|LIG4|PKD2|TTPA|ZPR1|IFT140|KEAP1|ARNT2|MFN2|TAB1|WDTC1|MTHFD1L|IFT172|VPS54|MBTD1|IFT122|BIRC6|PPP4R4|WDR19|ZNF358|FLCN|RICTOR,-0.98,MyList
Canonical Pathways,11,M63,PID AVB3 OPN PATHWAY,,-2.5,6.7,4.4,30230,31,584,4,0.68,0.34,2353|3611|5290|10451,FOS|ILK|PIK3CA|VAV3,-0.98,MyList
GO Biological Processes,19,GO:0006821,chloride transport,19_GO:0051179 localization,-2.5,3.3,3.7,30230,124,584,8,1.4,0.48,706|1185|1186|2562|9016|9481|56262|57030,TSPO|CLCN6|CLCN7|GABRB3|SLC25A14|SLC25A27|LRRC8A|SLC17A7,-0.98,MyList
GO Biological Processes,19,GO:0009411,response to UV,19_GO:0050896 response to stimulus,-2.5,3.1,3.6,30230,152,584,9,1.5,0.51,2068|2071|5580|5609|23411|51776|54617|84446|440275,ERCC2|ERCC3|PRKCD|MAP2K7|SIRT1|MAP3K20|INO80|BRSK1|EIF2AK4,-0.97,MyList
GO Biological Processes,19,GO:0071479,cellular response to ionizing radiation,19_GO:0050896 response to stimulus,-2.5,4.3,3.9,30230,73,584,6,1,0.42,1958|3981|11200|23411|51776|54617,EGR1|LIG4|CHEK2|SIRT1|MAP3K20|INO80,-0.97,MyList
KEGG Pathway,24,hsa04070,Phosphatidylinositol signaling system,,-2.5,3.7,3.8,30230,98,584,7,1.2,0.45,1040|5286|5287|5290|5582|9677|200576,CDS1|PIK3C2A|PIK3C2B|PIK3CA|PRKCG|PPIP5K1|PIKFYVE,-0.97,MyList
GO Biological Processes,19,GO:0010043,response to zinc ion,19_GO:0050896 response to stimulus,-2.5,5.1,4.1,30230,51,584,5,0.86,0.38,706|2562|4504|23400|64924,TSPO|GABRB3|MT3|ATP13A2|SLC30A5,-0.96,MyList
GO Biological Processes,19,GO:0006820,monoatomic anion transport,19_GO:0051179 localization,-2.5,3,3.6,30230,153,584,9,1.5,0.51,706|1185|1186|2562|9016|9481|26503|56262|57030,TSPO|CLCN6|CLCN7|GABRB3|SLC25A14|SLC25A27|SLC17A5|LRRC8A|SLC17A7,-0.96,MyList
GO Biological Processes,19,GO:0030003,intracellular monoatomic cation homeostasis,19_GO:0042592 homeostatic process,-2.5,2.1,3.2,30230,448,584,18,3.1,0.72,22|1657|4504|5311|9481|9772|9885|10463|10479|23400|23682|26504|51542|63933|64924|90550|221154|286097,ABCB7|DMXL1|MT3|PKD2|SLC25A27|TMEM94|OSBPL2|SLC30A9|SLC9A6|ATP13A2|RAB38|CNNM4|VPS54|MCUR1|SLC30A5|MCU|MICU2|MICU3,-0.96,MyList
GO Cellular Components,20,GO:0090575,RNA polymerase II transcription regulator complex,,-2.5,2.4,3.4,30230,277,584,13,2.2,0.61,406|1052|2068|2071|2353|2968|3726|6773|6778|6837|6908|7029|9439,BMAL1|CEBPD|ERCC2|ERCC3|FOS|GTF2H4|JUNB|STAT2|STAT6|MED22|TBP|TFDP2|MED23,-0.95,MyList
GO Biological Processes,19,GO:0000422,autophagy of mitochondrion,19_GO:0009987 cellular process,-2.5,4.2,3.9,30230,74,584,6,1,0.42,9821|9927|23092|26100|55062|91137,RB1CC1|MFN2|ARHGAP26|WIPI2|WIPI1|SLC25A46,-0.95,MyList
WikiPathways,27,WP4674,Head and neck squamous cell carcinoma,,-2.5,4.2,3.9,30230,74,584,6,1,0.42,5290|5563|9817|27244|79109|253260,PIK3CA|PRKAA2|KEAP1|SESN1|MAPKAP1|RICTOR,-0.95,MyList
GO Cellular Components,20,GO:0000932,P-body,,-2.5,3.7,3.7,30230,99,584,7,1.2,0.45,9582|25819|27257|54542|167227|192670|200316,APOBEC3B|NOCT|LSM1|RC3H2|DCP2|AGO4|APOBEC3F,-0.95,MyList
GO Biological Processes,19,GO:0042770,signal transduction in response to DNA damage,19_GO:0050896 response to stimulus,-2.5,3,3.5,30230,154,584,9,1.5,0.51,6300|11200|29086|51360|51776|80198|84142|84446|440275,MAPK12|CHEK2|BABAM1|MBTPS2|MAP3K20|MUS81|ABRAXAS1|BRSK1|EIF2AK4,-0.95,MyList
Reactome Gene Sets,6,R-HSA-8957322,Metabolism of steroids,,-2.5,3,3.5,30230,154,584,9,1.5,0.51,706|1718|6307|6721|9885|10682|10948|11001|51360,TSPO|DHCR24|MSMO1|SREBF2|OSBPL2|EBP|STARD3|SLC27A2|MBTPS2,-0.95,MyList
WikiPathways,27,WP4396,Nonalcoholic fatty liver disease,,-2.5,3,3.5,30230,154,584,9,1.5,0.51,3551|4514|4706|5290|5563|6391|6392|10975|51422,IKBKB|COX3|NDUFAB1|PIK3CA|PRKAA2|SDHC|SDHD|UQCR11|PRKAG2,-0.95,MyList
GO Biological Processes,19,GO:0120032,regulation of plasma membrane bounded cell projection assembly,19_GO:0050789 regulation of biological process,-2.5,2.7,3.4,30230,214,584,11,1.9,0.56,1540|3985|5290|5580|8100|9742|54849|79874|90410|115704|140469,CYLD|LIMK2|PIK3CA|PRKCD|IFT88|IFT140|DEF8|RABEP2|IFT20|EVI5L|MYO3B,-0.95,MyList
GO Cellular Components,20,GO:0070382,exocytic vesicle,,-2.5,2.4,3.3,30230,278,584,13,2.2,0.61,4504|5873|6854|6856|8677|25837|26503|57030|80262|84446|134957|143425|203062,MT3|RAB27A|SYN2|SYPL1|STX10|RAB26|SLC17A5|SLC17A7|PHAF1|BRSK1|STXBP5|SYT9|TSNARE1,-0.94,MyList
GO Biological Processes,19,GO:0098813,nuclear chromosome segregation,19_GO:0009987 cellular process,-2.5,2.5,3.4,30230,246,584,12,2.1,0.59,3833|4292|9639|9897|10592|11200|54617|55706|84142|84861|192670|256126,KIFC1|MLH1|ARHGEF10|WASHC5|SMC2|CHEK2|INO80|NDC1|ABRAXAS1|KLHL22|AGO4|SYCE2,-0.94,MyList
GO Cellular Components,20,GO:0036464,cytoplasmic ribonucleoprotein granule,,-2.5,2.5,3.4,30230,246,584,12,2.1,0.59,406|5563|9582|23049|25819|27257|54514|54542|57169|167227|192670|200316,BMAL1|PRKAA2|APOBEC3B|SMG1|NOCT|LSM1|DDX4|RC3H2|ZNFX1|DCP2|AGO4|APOBEC3F,-0.94,MyList
GO Biological Processes,19,GO:0001701,in utero embryonic development,19_GO:0032502 developmental process,-2.5,2.1,3.2,30230,415,584,17,2.9,0.7,90|2068|3726|3981|5311|7274|8882|9817|9915|9927|10454|23038|51542|57448|57718|57728|201163,ACVR1|ERCC2|JUNB|LIG4|PKD2|TTPA|ZPR1|KEAP1|ARNT2|MFN2|TAB1|WDTC1|VPS54|BIRC6|PPP4R4|WDR19|FLCN,-0.94,MyList
WikiPathways,27,WP3844,PI3K AKT mTOR signaling and therapeutic opportunities in prostate cancer,,-2.5,6.5,4.3,30230,32,584,4,0.68,0.34,5290|9821|79109|253260,PIK3CA|RB1CC1|MAPKAP1|RICTOR,-0.94,MyList
GO Biological Processes,19,GO:0021680,cerebellar Purkinje cell layer development,19_GO:0032502 developmental process,-2.5,6.5,4.3,30230,32,584,4,0.68,0.34,6095|8925|79809|91137,RORA|HERC1|TTC21B|SLC25A46,-0.94,MyList
KEGG Pathway,24,hsa04136,Autophagy - other,,-2.5,6.5,4.3,30230,32,584,4,0.68,0.34,26100|30849|55062|60673,WIPI2|PIK3R4|WIPI1|ATG101,-0.94,MyList
Reactome Gene Sets,6,R-HSA-73863,RNA Polymerase I Transcription Termination,,-2.5,6.5,4.3,30230,32,584,4,0.68,0.34,2068|2071|2968|6908,ERCC2|ERCC3|GTF2H4|TBP,-0.94,MyList
Reactome Gene Sets,6,R-HSA-352230,Amino acid transport across the plasma membrane,,-2.5,6.5,4.3,30230,32,584,4,0.68,0.34,6533|23428|81539|123096,SLC6A6|SLC7A8|SLC38A1|SLC25A29,-0.94,MyList
WikiPathways,27,WP5530,MAPK signaling and ARTD family members,,-2.5,6.5,4.3,30230,32,584,4,0.68,0.34,673|5602|5609|6300,BRAF|MAPK10|MAP2K7|MAPK12,-0.94,MyList
GO Biological Processes,19,GO:0099003,vesicle-mediated transport in synapse,19_GO:0051179 localization,-2.5,3,3.5,30230,155,584,9,1.5,0.51,6854|9783|10239|23167|26503|57030|84446|93664|143425,SYN2|RIMS3|AP3S2|EFR3A|SLC17A5|SLC17A7|BRSK1|CADPS2|SYT9,-0.93,MyList
WikiPathways,27,WP4928,MAPK pathway in congenital thyroid cancer,,-2.5,9.7,4.9,30230,16,584,3,0.51,0.3,673|2353|6655,BRAF|FOS|SOS2,-0.93,MyList
Reactome Gene Sets,6,R-HSA-9920951,Dengue virus modulates apoptosis,,-2.5,9.7,4.9,30230,16,584,3,0.51,0.3,30849|79109|253260,PIK3R4|MAPKAP1|RICTOR,-0.93,MyList
Reactome Gene Sets,6,R-HSA-8949664,Processing of SMDT1,,-2.5,9.7,4.9,30230,16,584,3,0.51,0.3,90550|221154|286097,MCU|MICU2|MICU3,-0.93,MyList
WikiPathways,27,WP4705,Pathways of nucleic acid metabolism and innate immune sensing,,-2.5,9.7,4.9,30230,16,584,3,0.51,0.3,4938|6041|340061,OAS1|RNASEL|STING1,-0.93,MyList
WikiPathways,27,WP2435,Quercetin and Nf kB AP 1 induced apoptosis,,-2.5,9.7,4.9,30230,16,584,3,0.51,0.3,2353|3551|9817,FOS|IKBKB|KEAP1,-0.93,MyList
GO Biological Processes,19,GO:0051276,chromosome organization,19_GO:0009987 cellular process,-2.5,2.1,3.2,30230,453,584,18,3.1,0.72,1677|2071|3833|3981|4292|9639|10592|11200|54617|55135|55706|64946|80198|84142|84861|93973|192670|256126,DFFB|ERCC3|KIFC1|LIG4|MLH1|ARHGEF10|SMC2|CHEK2|INO80|WRAP53|NDC1|CENPH|MUS81|ABRAXAS1|KLHL22|ACTR8|AGO4|SYCE2,-0.92,MyList
GO Biological Processes,19,GO:0046889,positive regulation of lipid biosynthetic process,19_GO:0048518 positive regulation of biological process,-2.5,3.6,3.7,30230,101,584,7,1.2,0.45,5580|6721|8850|9926|23399|23682|51360,PRKCD|SREBF2|KAT2B|LPGAT1|CTDNEP1|RAB38|MBTPS2,-0.91,MyList
Reactome Gene Sets,6,R-HSA-449147,Signaling by Interleukins,,-2.5,2.1,3.2,30230,454,584,18,3.1,0.72,1052|2353|3551|3726|4615|5290|5602|5609|6095|6655|6773|6778|6845|7867|9252|10454|57161|79671,CEBPD|FOS|IKBKB|JUNB|MYD88|PIK3CA|MAPK10|MAP2K7|RORA|SOS2|STAT2|STAT6|VAMP7|MAPKAPK3|RPS6KA5|TAB1|PELI2|NLRX1,-0.91,MyList
GO Biological Processes,19,GO:0060491,regulation of cell projection assembly,19_GO:0050789 regulation of biological process,-2.5,2.6,3.4,30230,217,584,11,1.9,0.56,1540|3985|5290|5580|8100|9742|54849|79874|90410|115704|140469,CYLD|LIMK2|PIK3CA|PRKCD|IFT88|IFT140|DEF8|RABEP2|IFT20|EVI5L|MYO3B,-0.91,MyList
GO Biological Processes,19,GO:0045911,positive regulation of DNA recombination,19_GO:0048518 positive regulation of biological process,-2.5,4.1,3.8,30230,76,584,6,1,0.42,2068|4292|6778|54799|55135|80314,ERCC2|MLH1|STAT6|MBTD1|WRAP53|EPC1,-0.91,MyList
WikiPathways,27,WP4341,Non genomic actions of 1 25 dihydroxyvitamin D3,,-2.5,4.1,3.8,30230,76,584,6,1,0.42,3551|5580|5581|5582|6300|6773,IKBKB|PRKCD|PRKCE|PRKCG|MAPK12|STAT2,-0.91,MyList
GO Biological Processes,19,GO:0044774,mitotic DNA integrity checkpoint signaling,19_GO:0048519 negative regulation of biological process,-2.5,4.1,3.8,30230,76,584,6,1,0.42,11200|29086|51360|80198|84142|84446,CHEK2|BABAM1|MBTPS2|MUS81|ABRAXAS1|BRSK1,-0.91,MyList
KEGG Pathway,24,hsa03320,PPAR signaling pathway,,-2.5,4.1,3.8,30230,76,584,6,1,0.42,2182|2710|3611|8310|10873|11001,ACSL4|GK|ILK|ACOX3|ME3|SLC27A2,-0.91,MyList
Reactome Gene Sets,6,R-HSA-1660499,Synthesis of PIPs at the plasma membrane,,-2.5,4.9,4,30230,53,584,5,0.86,0.38,5286|5287|5290|59338|66036,PIK3C2A|PIK3C2B|PIK3CA|PLEKHA1|MTMR9,-0.91,MyList
Reactome Gene Sets,6,R-HSA-611105,Respiratory electron transport,,-2.4,3,3.5,30230,157,584,9,1.5,0.51,4514|4540|4541|4706|6391|6392|10975|51300|119559,COX3|ND5|ND6|NDUFAB1|SDHC|SDHD|UQCR11|TIMMDC1|SFXN4,-0.91,MyList
GO Biological Processes,19,GO:0006622,protein targeting to lysosome,19_GO:0051179 localization,-2.4,6.3,4.3,30230,33,584,4,0.68,0.34,9179|30849|51172|51542,AP4M1|PIK3R4|NAGPA|VPS54,-0.9,MyList
GO Biological Processes,19,GO:0033014,tetrapyrrole biosynthetic process,19_GO:0009987 cellular process,-2.4,6.3,4.3,30230,33,584,4,0.68,0.34,22|706|23456|51522,ABCB7|TSPO|ABCB10|TMEM14C,-0.9,MyList
GO Biological Processes,19,GO:0006626,protein targeting to mitochondrion,19_GO:0051179 localization,-2.4,6.3,4.3,30230,33,584,4,0.68,0.34,706|4285|9927|26521,TSPO|MIPEP|MFN2|TIMM8B,-0.9,MyList
GO Biological Processes,19,GO:0006779,porphyrin-containing compound biosynthetic process,19_GO:0009987 cellular process,-2.4,6.3,4.3,30230,33,584,4,0.68,0.34,22|706|23456|51522,ABCB7|TSPO|ABCB10|TMEM14C,-0.9,MyList
Canonical Pathways,11,M186,PID PDGFRB PATHWAY,,-2.4,3.2,3.5,30230,129,584,8,1.4,0.48,673|2353|5290|5580|5581|5602|5609|7410,BRAF|FOS|PIK3CA|PRKCD|PRKCE|MAPK10|MAP2K7|VAV2,-0.9,MyList
GO Biological Processes,19,GO:0033108,mitochondrial respiratory chain complex assembly,19_GO:0009987 cellular process,-2.4,3.6,3.6,30230,102,584,7,1.2,0.45,4540|4541|51300|54968|84275|91419|131474,ND5|ND6|TIMMDC1|TMEM70|SLC25A33|ATP23|CHCHD4,-0.9,MyList
GO Biological Processes,19,GO:0006873,intracellular monoatomic ion homeostasis,19_GO:0042592 homeostatic process,-2.4,2,3.1,30230,457,584,18,3.1,0.72,22|1657|4504|5311|9481|9772|9885|10463|10479|23400|23682|26504|51542|63933|64924|90550|221154|286097,ABCB7|DMXL1|MT3|PKD2|SLC25A27|TMEM94|OSBPL2|SLC30A9|SLC9A6|ATP13A2|RAB38|CNNM4|VPS54|MCUR1|SLC30A5|MCU|MICU2|MICU3,-0.89,MyList
WikiPathways,27,WP195,IL1 signaling,,-2.4,4.8,3.9,30230,54,584,5,0.86,0.38,3551|4615|5609|10454|57161,IKBKB|MYD88|MAP2K7|TAB1|PELI2,-0.88,MyList
GO Biological Processes,19,GO:0030097,hemopoiesis,19_GO:0032502 developmental process,-2.4,1.8,3,30230,721,584,25,4.3,0.84,673|1052|1540|1958|2068|2353|3726|3981|3988|4615|6095|6778|10682|23411|23456|29086|51043|51205|51522|51542|54542|56262|57560|84447|201163,BRAF|CEBPD|CYLD|EGR1|ERCC2|FOS|JUNB|LIG4|LIPA|MYD88|RORA|STAT6|EBP|SIRT1|ABCB10|BABAM1|ZBTB7B|ACP6|TMEM14C|VPS54|RC3H2|LRRC8A|IFT80|SYVN1|FLCN,-0.88,MyList
GO Biological Processes,19,GO:0002285,lymphocyte activation involved in immune response,19_GO:0002376 immune system process,-2.4,2.9,3.4,30230,159,584,9,1.5,0.51,3981|4292|5873|6095|6778|6845|7374|54542|440275,LIG4|MLH1|RAB27A|RORA|STAT6|VAMP7|UNG|RC3H2|EIF2AK4,-0.88,MyList
Reactome Gene Sets,6,R-HSA-2559583,Cellular Senescence,,-2.4,2.7,3.4,30230,189,584,10,1.7,0.54,2353|5602|5609|7029|7290|7867|25842|29882|64682|192670,FOS|MAPK10|MAP2K7|TFDP2|HIRA|MAPKAPK3|ASF1A|ANAPC2|ANAPC1|AGO4,-0.88,MyList
KEGG Pathway,24,hsa05142,Chagas disease,,-2.4,3.5,3.6,30230,103,584,7,1.2,0.45,2353|3551|4615|5290|5602|6300|9630,FOS|IKBKB|MYD88|PIK3CA|MAPK10|MAPK12|GNA14,-0.88,MyList
GO Biological Processes,19,GO:0003333,amino acid transmembrane transport,19_GO:0051179 localization,-2.4,3.5,3.6,30230,103,584,7,1.2,0.45,6533|23428|55238|56262|57030|81539|123096,SLC6A6|SLC7A8|SLC38A7|LRRC8A|SLC17A7|SLC38A1|SLC25A29,-0.88,MyList
GO Biological Processes,19,GO:0048812,neuron projection morphogenesis,19_GO:0032502 developmental process,-2.4,2,3.1,30230,496,584,19,3.3,0.73,1959|2562|5797|9252|9638|10079|10479|23032|23405|51324|51542|51761|56978|80128|84446|91137|123016|440275|729920,EGR2|GABRB3|PTPRM|RPS6KA5|FEZ1|ATP9A|SLC9A6|USP33|DICER1|SPG21|VPS54|ATP8A2|PRDM8|TRIM46|BRSK1|SLC25A46|TTC8|EIF2AK4|CRPPA,-0.87,MyList
GO Biological Processes,19,GO:0051403,stress-activated MAPK cascade,19_GO:0050896 response to stimulus,-2.4,9.1,4.7,30230,17,584,3,0.51,0.3,3551|5609|51776,IKBKB|MAP2K7|MAP3K20,-0.87,MyList
Reactome Gene Sets,6,R-HSA-8868766,rRNA processing in the mitochondrion,,-2.4,9.1,4.7,30230,17,584,3,0.51,0.3,22868|51106|81554,FASTKD2|TFB1M|RCC1L,-0.87,MyList
Canonical Pathways,11,M12771,SA PTEN PATHWAY,,-2.4,9.1,4.7,30230,17,584,3,0.51,0.3,3611|5290|5934,ILK|PIK3CA|RBL2,-0.87,MyList
WikiPathways,27,WP5526,Age related macular degeneration,,-2.4,9.1,4.7,30230,17,584,3,0.51,0.3,5563|23411|51422,PRKAA2|SIRT1|PRKAG2,-0.87,MyList
GO Biological Processes,19,GO:0034497,protein localization to phagophore assembly site,19_GO:0051179 localization,-2.4,9.1,4.7,30230,17,584,3,0.51,0.3,9927|26100|55062,MFN2|WIPI2|WIPI1,-0.87,MyList
GO Biological Processes,19,GO:0007041,lysosomal transport,19_GO:0051179 localization,-2.4,3.2,3.5,30230,131,584,8,1.4,0.48,3988|6845|9179|23400|27072|30849|51172|51542,LIPA|VAMP7|AP4M1|ATP13A2|VPS41|PIK3R4|NAGPA|VPS54,-0.87,MyList
GO Biological Processes,19,GO:0051648,vesicle localization,19_GO:0051179 localization,-2.4,2.7,3.3,30230,190,584,10,1.7,0.54,3985|5873|6854|10239|10948|22920|55062|58485|80128|93664,LIMK2|RAB27A|SYN2|AP3S2|STARD3|KIFAP3|WIPI1|TRAPPC1|TRIM46|CADPS2,-0.87,MyList
Canonical Pathways,11,M110,PID IL1 PATHWAY,,-2.4,6.1,4.2,30230,34,584,4,0.68,0.34,3551|4615|5290|10454,IKBKB|MYD88|PIK3CA|TAB1,-0.87,MyList
GO Cellular Components,20,GO:0098554,cytoplasmic side of endoplasmic reticulum membrane,,-2.4,6.1,4.2,30230,34,584,4,0.68,0.34,5311|9517|29880|84888,PKD2|SPTLC2|ALG5|SPPL2A,-0.87,MyList
KEGG Pathway,24,hsa04710,Circadian rhythm,,-2.4,6.1,4.2,30230,34,584,4,0.68,0.34,406|5563|6095|51422,BMAL1|PRKAA2|RORA|PRKAG2,-0.87,MyList
Canonical Pathways,11,M12705,SIG CD40PATHWAYMAP,,-2.4,6.1,4.2,30230,34,584,4,0.68,0.34,5290|5602|5609|6300,PIK3CA|MAPK10|MAP2K7|MAPK12,-0.87,MyList
GO Biological Processes,19,GO:0006829,zinc ion transport,19_GO:0051179 localization,-2.4,6.1,4.2,30230,34,584,4,0.68,0.34,4504|10463|55676|64924,MT3|SLC30A9|SLC30A6|SLC30A5,-0.87,MyList
GO Biological Processes,19,GO:0034142,toll-like receptor 4 signaling pathway,19_GO:0044419 biological process involved in interspecies interaction between organisms,-2.4,6.1,4.2,30230,34,584,4,0.68,0.34,4615|4938|5581|25875,MYD88|OAS1|PRKCE|LETMD1,-0.87,MyList
Reactome Gene Sets,6,R-HSA-9634815,Transcriptional Regulation by NPAS4,,-2.4,6.1,4.2,30230,34,584,4,0.68,0.34,406|2353|9915|192670,BMAL1|FOS|ARNT2|AGO4,-0.87,MyList
Reactome Gene Sets,6,R-HSA-187687,Signalling to ERKs,,-2.4,6.1,4.2,30230,34,584,4,0.68,0.34,673|6016|6300|7867,BRAF|RIT1|MAPK12|MAPKAPK3,-0.87,MyList
GO Biological Processes,19,GO:0006906,vesicle fusion,19_GO:0051179 localization,-2.4,3.5,3.6,30230,104,584,7,1.2,0.45,6845|8677|10451|23400|27072|200576|203062,VAMP7|STX10|VAV3|ATP13A2|VPS41|PIKFYVE|TSNARE1,-0.87,MyList
GO Biological Processes,19,GO:0046578,regulation of Ras protein signal transduction,19_GO:0050896 response to stimulus,-2.4,4.7,3.9,30230,55,584,5,0.86,0.38,5922|9927|22821|79109|201163,RASA2|MFN2|RASA3|MAPKAP1|FLCN,-0.86,MyList
GO Cellular Components,20,GO:0005635,nuclear envelope,,-2.4,2,3.1,30230,463,584,18,3.1,0.72,1195|2733|10682|23001|23175|23399|23411|23511|29107|50626|54884|55706|55852|64222|64418|80013|80314|83862,CLK1|GLE1|EBP|WDFY3|LPIN1|CTDNEP1|SIRT1|NUP188|NXT1|ZFTRAF1|RETSAT|NDC1|TEX2|TOR3A|TMEM168|MINDY3|EPC1|TMEM120A,-0.85,MyList
GO Cellular Components,20,GO:0005819,spindle,,-2.4,2.1,3.1,30230,427,584,17,2.9,0.7,827|1540|2068|3833|3985|5311|8850|22920|23354|54617|57448|57520|57542|84861|84942|85378|201163,CAPN6|CYLD|ERCC2|KIFC1|LIMK2|PKD2|KAT2B|KIFAP3|HAUS5|INO80|BIRC6|HECW2|KLHL42|KLHL22|WDR73|TUBGCP6|FLCN,-0.85,MyList
GO Biological Processes,19,GO:0032374,regulation of cholesterol transport,19_GO:0051179 localization,-2.4,3.9,3.7,30230,79,584,6,1,0.42,20|21|706|6721|23411|23461,ABCA2|ABCA3|TSPO|SREBF2|SIRT1|ABCA5,-0.85,MyList
GO Biological Processes,19,GO:0045069,regulation of viral genome replication,19_GO:0016032 viral process,-2.4,3.9,3.7,30230,79,584,6,1,0.42,4938|6041|6590|9582|57169|200316,OAS1|RNASEL|SLPI|APOBEC3B|ZNFX1|APOBEC3F,-0.85,MyList
GO Biological Processes,19,GO:0032371,regulation of sterol transport,19_GO:0051179 localization,-2.4,3.9,3.7,30230,79,584,6,1,0.42,20|21|706|6721|23411|23461,ABCA2|ABCA3|TSPO|SREBF2|SIRT1|ABCA5,-0.85,MyList
GO Biological Processes,19,GO:0071347,cellular response to interleukin-1,19_GO:0050896 response to stimulus,-2.4,3.9,3.7,30230,79,584,6,1,0.42,1958|3551|4615|5609|6095|9252,EGR1|IKBKB|MYD88|MAP2K7|RORA|RPS6KA5,-0.85,MyList
GO Biological Processes,19,GO:2001252,positive regulation of chromosome organization,19_GO:0048518 positive regulation of biological process,-2.4,3.5,3.5,30230,105,584,7,1.2,0.45,3981|4931|5609|10592|54617|55135|93973,LIG4|NVL|MAP2K7|SMC2|INO80|WRAP53|ACTR8,-0.85,MyList
GO Biological Processes,19,GO:0021510,spinal cord development,19_GO:0032502 developmental process,-2.4,3.5,3.5,30230,105,584,7,1.2,0.45,1600|2068|5311|8882|26160|55764|57560,DAB1|ERCC2|PKD2|ZPR1|IFT172|IFT122|IFT80,-0.85,MyList
GO Biological Processes,19,GO:0006909,phagocytosis,19_GO:0051179 localization,-2.4,2.9,3.4,30230,162,584,9,1.5,0.51,4615|5290|5580|5581|6845|7410|10451|25875|200576,MYD88|PIK3CA|PRKCD|PRKCE|VAMP7|VAV2|VAV3|LETMD1|PIKFYVE,-0.84,MyList
GO Biological Processes,19,GO:0010927,cellular component assembly involved in morphogenesis,19_GO:0032502 developmental process,-2.4,3.1,3.4,30230,133,584,8,1.4,0.48,20|2068|8443|8736|23405|80067|84131|127294,ABCA2|ERCC2|GNPAT|MYOM1|DICER1|DCAF17|CEP78|MYOM3,-0.84,MyList
GO Biological Processes,19,GO:0032989,cellular anatomical entity morphogenesis,19_GO:0009987 cellular process,-2.4,3.1,3.4,30230,133,584,8,1.4,0.48,20|2068|8443|8736|23405|80067|84131|127294,ABCA2|ERCC2|GNPAT|MYOM1|DICER1|DCAF17|CEP78|MYOM3,-0.84,MyList
GO Biological Processes,19,GO:0120039,plasma membrane bounded cell projection morphogenesis,19_GO:0032502 developmental process,-2.4,2,3.1,30230,501,584,19,3.3,0.73,1959|2562|5797|9252|9638|10079|10479|23032|23405|51324|51542|51761|56978|80128|84446|91137|123016|440275|729920,EGR2|GABRB3|PTPRM|RPS6KA5|FEZ1|ATP9A|SLC9A6|USP33|DICER1|SPG21|VPS54|ATP8A2|PRDM8|TRIM46|BRSK1|SLC25A46|TTC8|EIF2AK4|CRPPA,-0.84,MyList
GO Biological Processes,19,GO:0006302,double-strand break repair,19_GO:0050896 response to stimulus,-2.4,2.5,3.3,30230,224,584,11,1.9,0.56,3981|4292|11200|29086|54617|54799|80198|80314|84142|91419|93973,LIG4|MLH1|CHEK2|BABAM1|INO80|MBTD1|MUS81|EPC1|ABRAXAS1|ATP23|ACTR8,-0.84,MyList
Reactome Gene Sets,6,R-HSA-5357905,Regulation of TNFR1 signaling,,-2.3,5.9,4.1,30230,35,584,4,0.68,0.34,1540|3551|84888|142678,CYLD|IKBKB|SPPL2A|MIB2,-0.84,MyList
WikiPathways,27,WP4324,Mitochondrial complex I assembly model OXPHOS system,,-2.3,4.6,3.8,30230,56,584,5,0.86,0.38,4540|4541|4706|51300|54968,ND5|ND6|NDUFAB1|TIMMDC1|TMEM70,-0.84,MyList
Canonical Pathways,11,M99,PID TXA2PATHWAY,,-2.3,4.6,3.8,30230,56,584,5,0.86,0.38,5580|5581|5582|9138|9630,PRKCD|PRKCE|PRKCG|ARHGEF1|GNA14,-0.84,MyList
GO Biological Processes,19,GO:1903530,regulation of secretion by cell,19_GO:0051179 localization,-2.3,1.9,3,30230,577,584,21,3.6,0.77,406|673|706|1143|2182|5581|5582|5587|5873|6392|6845|9783|10079|23400|25837|56262|90550|93664|134957|143425|286097,BMAL1|BRAF|TSPO|CHRNB4|ACSL4|PRKCE|PRKCG|PRKD1|RAB27A|SDHD|VAMP7|RIMS3|ATP9A|ATP13A2|RAB26|LRRC8A|MCU|CADPS2|STXBP5|SYT9|MICU3,-0.83,MyList
GO Cellular Components,20,GO:0030136,clathrin-coated vesicle,,-2.3,2.5,3.2,30230,225,584,11,1.9,0.56,5286|5873|6845|9179|27072|51324|54497|55062|57030|92840|143425,PIK3C2A|RAB27A|VAMP7|AP4M1|VPS41|SPG21|HEATR5B|WIPI1|SLC17A7|REEP6|SYT9,-0.83,MyList
GO Biological Processes,19,GO:0002366,leukocyte activation involved in immune response,19_GO:0002376 immune system process,-2.3,2.5,3.2,30230,225,584,11,1.9,0.56,3981|4292|4615|5581|5873|6095|6778|6845|7374|54542|440275,LIG4|MLH1|MYD88|PRKCE|RAB27A|RORA|STAT6|VAMP7|UNG|RC3H2|EIF2AK4,-0.83,MyList
GO Biological Processes,19,GO:0006352,DNA-templated transcription initiation,19_GO:0009987 cellular process,-2.3,2.5,3.2,30230,225,584,11,1.9,0.56,1958|2068|2071|2968|6837|6908|8850|9439|51106|55703|200316,EGR1|ERCC2|ERCC3|GTF2H4|MED22|TBP|KAT2B|MED23|TFB1M|POLR3B|APOBEC3F,-0.83,MyList
GO Biological Processes,19,GO:0006986,response to unfolded protein,19_GO:0050896 response to stimulus,-2.3,3.1,3.4,30230,134,584,8,1.4,0.48,3310|9927|23411|23456|51360|79139|89890|339487,HSPA6|MFN2|SIRT1|ABCB10|MBTPS2|DERL1|KBTBD6|ZBTB8OS,-0.83,MyList
GO Cellular Components,20,GO:0030135,coated vesicle,,-2.3,2.2,3.1,30230,325,584,14,2.4,0.63,5286|5873|6721|6836|6845|9179|27072|51324|54497|55062|57030|64924|92840|143425,PIK3C2A|RAB27A|SREBF2|SURF4|VAMP7|AP4M1|VPS41|SPG21|HEATR5B|WIPI1|SLC17A7|SLC30A5|REEP6|SYT9,-0.83,MyList
Reactome Gene Sets,6,R-HSA-1660514,Synthesis of PIPs at the Golgi membrane,,-2.3,8.6,4.5,30230,18,584,3,0.51,0.3,5286|30849|200576,PIK3C2A|PIK3R4|PIKFYVE,-0.82,MyList
GO Biological Processes,19,GO:0032328,alanine transport,19_GO:0051179 localization,-2.3,8.6,4.5,30230,18,584,3,0.51,0.3,6533|23428|81539,SLC6A6|SLC7A8|SLC38A1,-0.82,MyList
GO Biological Processes,19,GO:0030575,nuclear body organization,19_GO:0009987 cellular process,-2.3,8.6,4.5,30230,18,584,3,0.51,0.3,8882|11189|55135,ZPR1|CELF3|WRAP53,-0.82,MyList
WikiPathways,27,WP5101,Congenital generalized lipodystrophy,,-2.3,8.6,4.5,30230,18,584,3,0.51,0.3,5290|23175|26580,PIK3CA|LPIN1|BSCL2,-0.82,MyList
WikiPathways,27,WP5193,Cholesterol synthesis disorders,,-2.3,8.6,4.5,30230,18,584,3,0.51,0.3,1718|6307|10682,DHCR24|MSMO1|EBP,-0.82,MyList
GO Biological Processes,19,GO:0030001,metal ion transport,19_GO:0051179 localization,-2.3,1.8,3,30230,655,584,23,3.9,0.8,22|3769|4504|5311|6533|9772|10463|10479|26249|26504|27091|55238|55676|57030|57380|63933|64924|81539|84061|90550|114789|221154|286097,ABCB7|KCNJ13|MT3|PKD2|SLC6A6|TMEM94|SLC30A9|SLC9A6|KLHL3|CNNM4|CACNG5|SLC38A7|SLC30A6|SLC17A7|MRS2|MCUR1|SLC30A5|SLC38A1|MAGT1|MCU|SLC25A25|MICU2|MICU3,-0.82,MyList
GO Biological Processes,19,GO:0022618,protein-RNA complex assembly,19_GO:0009987 cellular process,-2.3,2.4,3.2,30230,259,584,12,2.1,0.59,4706|4931|8225|11189|22868|23405|23658|26747|51106|64745|81554|192670,NDUFAB1|NVL|GTPBP6|CELF3|FASTKD2|DICER1|LSM5|NUFIP1|TFB1M|METTL17|RCC1L|AGO4,-0.81,MyList
GO Biological Processes,19,GO:0007224,smoothened signaling pathway,19_GO:0050896 response to stimulus,-2.3,3.8,3.6,30230,81,584,6,1,0.42,26160|57560|57728|79809|79867|90410,IFT172|IFT80|WDR19|TTC21B|TCTN2|IFT20,-0.81,MyList
GO Biological Processes,19,GO:0010874,regulation of cholesterol efflux,19_GO:0051179 localization,-2.3,4.5,3.8,30230,57,584,5,0.86,0.38,20|21|6721|23411|23461,ABCA2|ABCA3|SREBF2|SIRT1|ABCA5,-0.81,MyList
GO Biological Processes,19,GO:0005975,carbohydrate metabolic process,19_GO:0009987 cellular process,-2.3,2,3,30230,433,584,17,2.9,0.7,1468|2710|3988|4547|4938|5290|6515|8505|9821|10020|11253|23038|26100|51172|51422|55062|64847,SLC25A10|GK|LIPA|MTTP|OAS1|PIK3CA|SLC2A3|PARG|RB1CC1|GNE|MAN1B1|WDTC1|WIPI2|NAGPA|PRKAG2|WIPI1|SPATA20,-0.81,MyList
GO Cellular Components,20,GO:0008021,synaptic vesicle,,-2.3,2.4,3.2,30230,260,584,12,2.1,0.59,4504|6854|6856|8677|25837|26503|57030|80262|84446|134957|143425|203062,MT3|SYN2|SYPL1|STX10|RAB26|SLC17A5|SLC17A7|PHAF1|BRSK1|STXBP5|SYT9|TSNARE1,-0.81,MyList
GO Cellular Components,20,GO:0044297,cell body,,-2.3,1.9,3,30230,544,584,20,3.4,0.75,673|2899|4642|5137|5563|5959|6515|6533|8882|9481|9638|9897|23001|23032|23400|23585|23682|55238|81539|114134,BRAF|GRIK3|MYO1D|PDE1C|PRKAA2|RDH5|SLC2A3|SLC6A6|ZPR1|SLC25A27|FEZ1|WASHC5|WDFY3|USP33|ATP13A2|TMEM50A|RAB38|SLC38A7|SLC38A1|SLC2A13,-0.81,MyList
GO Biological Processes,19,GO:0038094,Fc-gamma receptor signaling pathway,19_GO:0002376 immune system process,-2.3,5.8,4,30230,36,584,4,0.68,0.34,5580|5581|7410|10451,PRKCD|PRKCE|VAV2|VAV3,-0.81,MyList
Canonical Pathways,11,M271,PID PI3K PLC TRK PATHWAY,,-2.3,5.8,4,30230,36,584,4,0.68,0.34,1958|5290|5580|116986,EGR1|PIK3CA|PRKCD|AGAP2,-0.81,MyList
WikiPathways,27,WP3529,Zinc homeostasis,,-2.3,5.8,4,30230,36,584,4,0.68,0.34,4504|10463|55676|64924,MT3|SLC30A9|SLC30A6|SLC30A5,-0.81,MyList
GO Biological Processes,19,GO:0007095,mitotic G2 DNA damage checkpoint signaling,19_GO:0048519 negative regulation of biological process,-2.3,5.8,4,30230,36,584,4,0.68,0.34,29086|51360|84142|84446,BABAM1|MBTPS2|ABRAXAS1|BRSK1,-0.81,MyList
WikiPathways,27,WP5333,Enterocyte cholesterol metabolism,,-2.3,5.8,4,30230,36,584,4,0.68,0.34,1718|4547|6307|10682,DHCR24|MTTP|MSMO1|EBP,-0.81,MyList
GO Cellular Components,20,GO:0098553,lumenal side of endoplasmic reticulum membrane,,-2.3,5.8,4,30230,36,584,4,0.68,0.34,5311|10195|29929|84888,PKD2|ALG3|ALG6|SPPL2A,-0.81,MyList
Reactome Gene Sets,6,R-HSA-168638,NOD1/2 Signaling Pathway,,-2.3,5.8,4,30230,36,584,4,0.68,0.34,1540|3551|6300|10454,CYLD|IKBKB|MAPK12|TAB1,-0.81,MyList
GO Biological Processes,19,GO:0045055,regulated exocytosis,19_GO:0051179 localization,-2.3,3,3.4,30230,136,584,8,1.4,0.48,5873|6845|6854|9783|23167|25837|93664|143425,RAB27A|VAMP7|SYN2|RIMS3|EFR3A|RAB26|CADPS2|SYT9,-0.8,MyList
Reactome Gene Sets,6,R-HSA-5358351,Signaling by Hedgehog,,-2.3,3,3.4,30230,136,584,8,1.4,0.48,8100|9742|26160|55764|57728|64750|79809|84447,IFT88|IFT140|IFT172|IFT122|WDR19|SMURF2|TTC21B|SYVN1,-0.8,MyList
KEGG Pathway,24,hsa05162,Measles,,-2.3,3,3.4,30230,136,584,8,1.4,0.48,2353|3310|3551|4615|4938|5290|5602|6773,FOS|HSPA6|IKBKB|MYD88|OAS1|PIK3CA|MAPK10|STAT2,-0.8,MyList
GO Biological Processes,19,GO:0007610,behavior,19_GO:0032501 multicellular organismal process,-2.3,1.8,2.9,30230,659,584,23,3.9,0.8,20|673|706|1143|1600|1958|1959|2353|2562|5581|5582|8850|51324|51542|51761|55362|55585|57030|84446|90410|91137|114781|440275,ABCA2|BRAF|TSPO|CHRNB4|DAB1|EGR1|EGR2|FOS|GABRB3|PRKCE|PRKCG|KAT2B|SPG21|VPS54|ATP8A2|TMEM63B|UBE2Q1|SLC17A7|BRSK1|IFT20|SLC25A46|BTBD9|EIF2AK4,-0.8,MyList
GO Biological Processes,19,GO:0048858,cell projection morphogenesis,19_GO:0032502 developmental process,-2.3,1.9,3,30230,508,584,19,3.3,0.73,1959|2562|5797|9252|9638|10079|10479|23032|23405|51324|51542|51761|56978|80128|84446|91137|123016|440275|729920,EGR2|GABRB3|PTPRM|RPS6KA5|FEZ1|ATP9A|SLC9A6|USP33|DICER1|SPG21|VPS54|ATP8A2|PRDM8|TRIM46|BRSK1|SLC25A46|TTC8|EIF2AK4|CRPPA,-0.8,MyList
GO Cellular Components,20,GO:0030658,transport vesicle membrane,,-2.3,2.4,3.1,30230,261,584,12,2.1,0.59,6721|6845|6854|6856|8677|9179|25837|26503|57030|64924|80262|143425,SREBF2|VAMP7|SYN2|SYPL1|STX10|AP4M1|RAB26|SLC17A5|SLC17A7|SLC30A5|PHAF1|SYT9,-0.8,MyList
GO Cellular Components,20,GO:0072686,mitotic spindle,,-2.3,2.8,3.3,30230,166,584,9,1.5,0.51,3833|3985|5311|8850|23354|57448|57520|84861|201163,KIFC1|LIMK2|PKD2|KAT2B|HAUS5|BIRC6|HECW2|KLHL22|FLCN,-0.8,MyList
GO Biological Processes,19,GO:0032259,methylation,19_GO:0009987 cellular process,-2.3,2.5,3.2,30230,229,584,11,1.9,0.56,2145|10785|27292|29081|51106|51108|56978|57570|60487|84274|90826,EZH1|WDR4|DIMT1|METTL5|TFB1M|METTL9|PRDM8|TRMT5|TRMT11|COQ5|PRMT9,-0.79,MyList
GO Biological Processes,19,GO:0002263,cell activation involved in immune response,19_GO:0002376 immune system process,-2.3,2.5,3.2,30230,229,584,11,1.9,0.56,3981|4292|4615|5581|5873|6095|6778|6845|7374|54542|440275,LIG4|MLH1|MYD88|PRKCE|RAB27A|RORA|STAT6|VAMP7|UNG|RC3H2|EIF2AK4,-0.79,MyList
GO Biological Processes,19,GO:0002221,pattern recognition receptor signaling pathway,19_GO:0044419 biological process involved in interspecies interaction between organisms,-2.3,3,3.3,30230,137,584,8,1.4,0.48,1540|3551|4615|4938|5581|7867|25875|340061,CYLD|IKBKB|MYD88|OAS1|PRKCE|MAPKAPK3|LETMD1|STING1,-0.79,MyList
WikiPathways,27,WP2380,Brain derived neurotrophic factor BDNF signaling,,-2.3,3,3.3,30230,137,584,8,1.4,0.48,2562|3551|5563|5580|5602|7410|9252|10451,GABRB3|IKBKB|PRKAA2|PRKCD|MAPK10|VAV2|RPS6KA5|VAV3,-0.79,MyList
GO Biological Processes,19,GO:0090174,organelle membrane fusion,19_GO:0009987 cellular process,-2.3,3.3,3.4,30230,109,584,7,1.2,0.45,6845|8677|10451|23400|27072|200576|203062,VAMP7|STX10|VAV3|ATP13A2|VPS41|PIKFYVE|TSNARE1,-0.79,MyList
GO Biological Processes,19,GO:0045930,negative regulation of mitotic cell cycle,19_GO:0048519 negative regulation of biological process,-2.3,2.5,3.2,30230,230,584,11,1.9,0.56,90|5311|5934|11200|29086|51360|56984|80198|84142|84446|84861,ACVR1|PKD2|RBL2|CHEK2|BABAM1|MBTPS2|PSMG2|MUS81|ABRAXAS1|BRSK1|KLHL22,-0.78,MyList
GO Biological Processes,19,GO:0000280,nuclear division,19_GO:0009987 cellular process,-2.3,2.2,3.1,30230,331,584,14,2.4,0.63,3833|4292|9639|9897|10592|11200|54514|54617|55706|80198|84142|84861|192670|256126,KIFC1|MLH1|ARHGEF10|WASHC5|SMC2|CHEK2|DDX4|INO80|NDC1|MUS81|ABRAXAS1|KLHL22|AGO4|SYCE2,-0.78,MyList
Reactome Gene Sets,6,R-HSA-9958863,SLC-mediated transport of amino acids,,-2.3,5.6,3.9,30230,37,584,4,0.68,0.34,6533|23428|81539|123096,SLC6A6|SLC7A8|SLC38A1|SLC25A29,-0.78,MyList
Reactome Gene Sets,6,R-HSA-5689901,Metalloprotease DUBs,,-2.3,5.6,3.9,30230,37,584,4,0.68,0.34,8850|29086|57559|84142,KAT2B|BABAM1|STAMBPL1|ABRAXAS1,-0.78,MyList
GO Biological Processes,19,GO:0140895,cell surface toll-like receptor signaling pathway,19_GO:0044419 biological process involved in interspecies interaction between organisms,-2.3,5.6,3.9,30230,37,584,4,0.68,0.34,4615|4938|5581|25875,MYD88|OAS1|PRKCE|LETMD1,-0.78,MyList
GO Biological Processes,19,GO:0007616,long-term memory,19_GO:0032501 multicellular organismal process,-2.3,5.6,3.9,30230,37,584,4,0.68,0.34,1958|57030|114781|440275,EGR1|SLC17A7|BTBD9|EIF2AK4,-0.78,MyList
GO Biological Processes,19,GO:0017156,calcium-ion regulated exocytosis,19_GO:0051179 localization,-2.3,5.6,3.9,30230,37,584,4,0.68,0.34,6845|6854|9783|93664,VAMP7|SYN2|RIMS3|CADPS2,-0.78,MyList
GO Biological Processes,19,GO:0006882,intracellular zinc ion homeostasis,19_GO:0042592 homeostatic process,-2.3,5.6,3.9,30230,37,584,4,0.68,0.34,4504|10463|23400|64924,MT3|SLC30A9|ATP13A2|SLC30A5,-0.78,MyList
Reactome Gene Sets,6,R-HSA-75105,Fatty acyl-CoA biosynthesis,,-2.3,5.6,3.9,30230,37,584,4,0.68,0.34,2182|9374|11001|197322,ACSL4|PPT2|SLC27A2|ACSF3,-0.78,MyList
GO Biological Processes,19,GO:1903232,melanosome assembly,19_GO:0043473 pigmentation,-2.3,8.2,4.4,30230,19,584,3,0.51,0.3,10239|23682|79803,AP3S2|RAB38|HPS6,-0.78,MyList
WikiPathways,27,WP4863,Host pathogen interaction of human coronaviruses autophagy,,-2.3,8.2,4.4,30230,19,584,3,0.51,0.3,9821|30849|55062,RB1CC1|PIK3R4|WIPI1,-0.78,MyList
GO Biological Processes,19,GO:0016082,synaptic vesicle priming,19_GO:0051179 localization,-2.3,8.2,4.4,30230,19,584,3,0.51,0.3,9783|23167|93664,RIMS3|EFR3A|CADPS2,-0.78,MyList
GO Cellular Components,20,GO:0005942,phosphatidylinositol 3-kinase complex,,-2.3,8.2,4.4,30230,19,584,3,0.51,0.3,5290|9821|30849,PIK3CA|RB1CC1|PIK3R4,-0.78,MyList
GO Biological Processes,19,GO:0043278,response to morphine,19_GO:0050896 response to stimulus,-2.3,8.2,4.4,30230,19,584,3,0.51,0.3,2562|5581|5582,GABRB3|PRKCE|PRKCG,-0.78,MyList
Canonical Pathways,11,M273,PID EPHA2 FWD PATHWAY,,-2.3,8.2,4.4,30230,19,584,3,0.51,0.3,5290|7410|10451,PIK3CA|VAV2|VAV3,-0.78,MyList
GO Biological Processes,19,GO:0014072,response to isoquinoline alkaloid,19_GO:0050896 response to stimulus,-2.3,8.2,4.4,30230,19,584,3,0.51,0.3,2562|5581|5582,GABRB3|PRKCE|PRKCG,-0.78,MyList
GO Biological Processes,19,GO:0033490,cholesterol biosynthetic process via lathosterol,19_GO:0009987 cellular process,-2.3,8.2,4.4,30230,19,584,3,0.51,0.3,1718|6307|10682,DHCR24|MSMO1|EBP,-0.78,MyList
GO Biological Processes,19,GO:0006817,phosphate ion transport,19_GO:0051179 localization,-2.3,8.2,4.4,30230,19,584,3,0.51,0.3,1468|9213|57030,SLC25A10|XPR1|SLC17A7,-0.78,MyList
GO Biological Processes,19,GO:0071071,regulation of phospholipid biosynthetic process,19_GO:0050789 regulation of biological process,-2.3,8.2,4.4,30230,19,584,3,0.51,0.3,20|23175|23682,ABCA2|LPIN1|RAB38,-0.78,MyList
WikiPathways,27,WP734,Serotonin receptor 4 6 7 and NR3C signaling,,-2.3,8.2,4.4,30230,19,584,3,0.51,0.3,673|1958|9252,BRAF|EGR1|RPS6KA5,-0.78,MyList
GO Biological Processes,19,GO:0033489,cholesterol biosynthetic process via desmosterol,19_GO:0009987 cellular process,-2.3,8.2,4.4,30230,19,584,3,0.51,0.3,1718|6307|10682,DHCR24|MSMO1|EBP,-0.78,MyList
KEGG Pathway,24,hsa05213,Endometrial cancer,,-2.3,4.4,3.7,30230,59,584,5,0.86,0.38,673|3611|4292|5290|6655,BRAF|ILK|MLH1|PIK3CA|SOS2,-0.77,MyList
Reactome Gene Sets,6,R-HSA-1280215,Cytokine Signaling in Immune system,,-2.2,1.7,2.9,30230,783,584,26,4.5,0.85,1052|1958|2353|3551|3726|4615|4938|5290|5580|5602|5609|6041|6095|6655|6773|6778|6845|7867|9252|10454|23511|55128|55706|57161|79671|80128,CEBPD|EGR1|FOS|IKBKB|JUNB|MYD88|OAS1|PIK3CA|PRKCD|MAPK10|MAP2K7|RNASEL|RORA|SOS2|STAT2|STAT6|VAMP7|MAPKAPK3|RPS6KA5|TAB1|NUP188|TRIM68|NDC1|PELI2|NLRX1|TRIM46,-0.77,MyList
GO Biological Processes,19,GO:0045834,positive regulation of lipid metabolic process,19_GO:0048518 positive regulation of biological process,-2.2,3,3.3,30230,139,584,8,1.4,0.48,5580|5581|6721|8850|9926|23399|23682|51360,PRKCD|PRKCE|SREBF2|KAT2B|LPGAT1|CTDNEP1|RAB38|MBTPS2,-0.77,MyList
GO Biological Processes,19,GO:1905039,carboxylic acid transmembrane transport,19_GO:0051179 localization,-2.2,3,3.3,30230,139,584,8,1.4,0.48,1468|23428|26503|51660|56262|57030|81539|123096,SLC25A10|SLC7A8|SLC17A5|MPC1|LRRC8A|SLC17A7|SLC38A1|SLC25A29,-0.77,MyList
Reactome Gene Sets,6,R-HSA-5696399,Global Genome Nucleotide Excision Repair (GG-NER),,-2.2,3.7,3.5,30230,84,584,6,1,0.42,2068|2071|2968|9557|54617|93973,ERCC2|ERCC3|GTF2H4|CHD1L|INO80|ACTR8,-0.76,MyList
GO Biological Processes,19,GO:0021549,cerebellum development,19_GO:0032502 developmental process,-2.2,3.3,3.4,30230,111,584,7,1.2,0.45,1600|2562|6095|8443|8925|79809|91137,DAB1|GABRB3|RORA|GNPAT|HERC1|TTC21B|SLC25A46,-0.76,MyList
GO Biological Processes,19,GO:0032204,regulation of telomere maintenance,19_GO:0050789 regulation of biological process,-2.2,3.3,3.4,30230,111,584,7,1.2,0.45,4931|5609|23049|54617|55135|93973|167227,NVL|MAP2K7|SMG1|INO80|WRAP53|ACTR8|DCP2,-0.76,MyList
Reactome Gene Sets,6,R-HSA-73894,DNA Repair,,-2.2,2.2,3,30230,334,584,14,2.4,0.63,2068|2071|2968|3981|4292|7374|8505|9557|11200|29086|54617|80198|84142|93973,ERCC2|ERCC3|GTF2H4|LIG4|MLH1|UNG|PARG|CHD1L|CHEK2|BABAM1|INO80|MUS81|ABRAXAS1|ACTR8,-0.76,MyList
GO Biological Processes,19,GO:0007623,circadian rhythm,19_GO:0048511 rhythmic process,-2.2,3,3.3,30230,140,584,8,1.4,0.48,406|1958|2562|4547|6095|23411|25819|114781,BMAL1|EGR1|GABRB3|MTTP|RORA|SIRT1|NOCT|BTBD9,-0.75,MyList
WikiPathways,27,WP5083,Neuroinflammation and glutamatergic signaling,,-2.2,3,3.3,30230,140,584,8,1.4,0.48,2353|2899|5582|6515|6778|56262|57030|81539,FOS|GRIK3|PRKCG|SLC2A3|STAT6|LRRC8A|SLC17A7|SLC38A1,-0.75,MyList
GO Biological Processes,19,GO:0002521,leukocyte differentiation,19_GO:0032502 developmental process,-2.2,2,2.9,30230,442,584,17,2.9,0.7,673|1540|1958|2353|3726|3981|3988|4615|6095|6778|23411|51043|51542|54542|56262|57560|84447,BRAF|CYLD|EGR1|FOS|JUNB|LIG4|LIPA|MYD88|RORA|STAT6|SIRT1|ZBTB7B|VPS54|RC3H2|LRRC8A|IFT80|SYVN1,-0.75,MyList
Canonical Pathways,11,M94,PID FAS PATHWAY,,-2.2,5.4,3.9,30230,38,584,4,0.68,0.34,3551|5290|5602|5609,IKBKB|PIK3CA|MAPK10|MAP2K7,-0.75,MyList
GO Biological Processes,19,GO:0045324,late endosome to vacuole transport,19_GO:0051179 localization,-2.2,5.4,3.9,30230,38,584,4,0.68,0.34,757|23484|23585|30849,TMEM50B|LEPROTL1|TMEM50A|PIK3R4,-0.75,MyList
WikiPathways,27,WP5497,Cyclin dependent kinase 4 6 inhibitors in breast cancer,,-2.2,5.4,3.9,30230,38,584,4,0.68,0.34,5286|5287|5290|30849,PIK3C2A|PIK3C2B|PIK3CA|PIK3R4,-0.75,MyList
GO Biological Processes,19,GO:0043583,ear development,19_GO:0032502 developmental process,-2.2,2.4,3.1,30230,234,584,11,1.9,0.56,1052|2562|7485|8100|9481|26018|51761|57728|90410|123016|140469,CEBPD|GABRB3|GET1|IFT88|SLC25A27|LRIG1|ATP8A2|WDR19|IFT20|TTC8|MYO3B,-0.74,MyList
GO Biological Processes,19,GO:0007423,sensory organ development,19_GO:0032502 developmental process,-2.2,1.8,2.9,30230,631,584,22,3.8,0.79,1052|2353|2562|3985|5145|5797|7485|8100|8736|9481|9742|9927|26018|51761|55764|57030|57728|81029|90410|114789|123016|140469,CEBPD|FOS|GABRB3|LIMK2|PDE6A|PTPRM|GET1|IFT88|MYOM1|SLC25A27|IFT140|MFN2|LRIG1|ATP8A2|IFT122|SLC17A7|WDR19|WNT5B|IFT20|SLC25A25|TTC8|MYO3B,-0.74,MyList
GO Biological Processes,19,GO:0032479,regulation of type I interferon production,19_GO:0032501 multicellular organismal process,-2.2,2.9,3.2,30230,141,584,8,1.4,0.48,1540|4615|4938|55703|79671|84861|91947|340061,CYLD|MYD88|OAS1|POLR3B|NLRX1|KLHL22|ARRDC4|STING1,-0.74,MyList
GO Biological Processes,19,GO:0071826,protein-RNA complex organization,19_GO:0009987 cellular process,-2.2,2.3,3,30230,268,584,12,2.1,0.59,4706|4931|8225|11189|22868|23405|23658|26747|51106|64745|81554|192670,NDUFAB1|NVL|GTPBP6|CELF3|FASTKD2|DICER1|LSM5|NUFIP1|TFB1M|METTL17|RCC1L|AGO4,-0.73,MyList
GO Biological Processes,19,GO:0043129,surfactant homeostasis,19_GO:0042592 homeostatic process,-2.2,7.8,4.2,30230,20,584,3,0.51,0.3,21|4938|55362,ABCA3|OAS1|TMEM63B,-0.73,MyList
GO Biological Processes,19,GO:0031098,stress-activated protein kinase signaling cascade,19_GO:0050896 response to stimulus,-2.2,7.8,4.2,30230,20,584,3,0.51,0.3,3551|5609|51776,IKBKB|MAP2K7|MAP3K20,-0.73,MyList
GO Biological Processes,19,GO:1902476,chloride transmembrane transport,19_GO:0051179 localization,-2.2,3.2,3.3,30230,113,584,7,1.2,0.45,1185|1186|2562|9016|9481|56262|57030,CLCN6|CLCN7|GABRB3|SLC25A14|SLC25A27|LRRC8A|SLC17A7,-0.72,MyList
GO Biological Processes,19,GO:0090398,cellular senescence,19_GO:0050896 response to stimulus,-2.2,4.2,3.6,30230,61,584,5,0.86,0.38,406|5580|5602|5609|23411,BMAL1|PRKCD|MAPK10|MAP2K7|SIRT1,-0.72,MyList
Reactome Gene Sets,6,R-HSA-198725,Nuclear Events (kinase and transcription factor activation),,-2.2,4.2,3.6,30230,61,584,5,0.86,0.38,1958|1959|2353|3726|9252,EGR1|EGR2|FOS|JUNB|RPS6KA5,-0.72,MyList
GO Biological Processes,19,GO:0009247,glycolipid biosynthetic process,19_GO:0009987 cellular process,-2.2,3.6,3.4,30230,86,584,6,1,0.42,9517|64924|65258|84302|93183|128869,SPTLC2|SLC30A5|MPPE1|PGAP4|PIGM|PIGU,-0.72,MyList
KEGG Pathway,24,hsa04012,ErbB signaling pathway,,-2.2,3.6,3.4,30230,86,584,6,1,0.42,673|5290|5582|5602|5609|6655,BRAF|PIK3CA|PRKCG|MAPK10|MAP2K7|SOS2,-0.72,MyList
GO Biological Processes,19,GO:0010212,response to ionizing radiation,19_GO:0050896 response to stimulus,-2.2,2.9,3.2,30230,142,584,8,1.4,0.48,1958|3981|11200|23411|29086|51776|54617|84142,EGR1|LIG4|CHEK2|SIRT1|BABAM1|MAP3K20|INO80|ABRAXAS1,-0.72,MyList
GO Cellular Components,20,GO:0099501,exocytic vesicle membrane,,-2.2,2.9,3.2,30230,142,584,8,1.4,0.48,6854|6856|8677|25837|26503|57030|80262|143425,SYN2|SYPL1|STX10|RAB26|SLC17A5|SLC17A7|PHAF1|SYT9,-0.72,MyList
GO Cellular Components,20,GO:0030672,synaptic vesicle membrane,,-2.2,2.9,3.2,30230,142,584,8,1.4,0.48,6854|6856|8677|25837|26503|57030|80262|143425,SYN2|SYPL1|STX10|RAB26|SLC17A5|SLC17A7|PHAF1|SYT9,-0.72,MyList
GO Biological Processes,19,GO:0048839,inner ear development,19_GO:0032502 developmental process,-2.2,2.5,3.1,30230,204,584,10,1.7,0.54,1052|2562|7485|8100|9481|26018|51761|90410|123016|140469,CEBPD|GABRB3|GET1|IFT88|SLC25A27|LRIG1|ATP8A2|IFT20|TTC8|MYO3B,-0.72,MyList
WikiPathways,27,WP4871,Kisspeptin kisspeptin receptor system in the ovary,,-2.2,5.3,3.8,30230,39,584,4,0.68,0.34,5290|5580|5581|5582,PIK3CA|PRKCD|PRKCE|PRKCG,-0.72,MyList
Reactome Gene Sets,6,R-HSA-9031628,NGF-stimulated transcription,,-2.2,5.3,3.8,30230,39,584,4,0.68,0.34,1958|1959|2353|3726,EGR1|EGR2|FOS|JUNB,-0.72,MyList
GO Biological Processes,19,GO:0021696,cerebellar cortex morphogenesis,19_GO:0032502 developmental process,-2.2,5.3,3.8,30230,39,584,4,0.68,0.34,6095|8925|79809|91137,RORA|HERC1|TTC21B|SLC25A46,-0.72,MyList
Reactome Gene Sets,6,R-HSA-5668914,Diseases of metabolism,,-2.2,2.3,3,30230,270,584,12,2.1,0.59,21|1798|10020|10195|10585|11253|29929|29954|55624|56922|91869|113612,ABCA3|DPAGT1|GNE|ALG3|POMT1|MAN1B1|ALG6|POMT2|POMGNT1|MCCC1|RFT1|CYP2U1,-0.72,MyList
GO Biological Processes,19,GO:0006367,transcription initiation at RNA polymerase II promoter,19_GO:0009987 cellular process,-2.2,2.7,3.1,30230,173,584,9,1.5,0.51,1958|2068|2071|2968|6837|6908|8850|9439|200316,EGR1|ERCC2|ERCC3|GTF2H4|MED22|TBP|KAT2B|MED23|APOBEC3F,-0.71,MyList
Reactome Gene Sets,6,R-HSA-9013404,RAC2 GTPase cycle,,-2.2,3.6,3.4,30230,87,584,6,1,0.42,5290|7410|10451|23092|81839|143872,PIK3CA|VAV2|VAV3|ARHGAP26|VANGL1|ARHGAP42,-0.71,MyList
KEGG Pathway,24,hsa05210,Colorectal cancer,,-2.2,3.6,3.4,30230,87,584,6,1,0.42,673|2353|4292|5290|5602|6655,BRAF|FOS|MLH1|PIK3CA|MAPK10|SOS2,-0.71,MyList
Reactome Gene Sets,6,R-HSA-6796648,TP53 Regulates Transcription of DNA Repair Genes,,-2.2,4.2,3.5,30230,62,584,5,0.86,0.38,2068|2071|2353|2968|4292,ERCC2|ERCC3|FOS|GTF2H4|MLH1,-0.7,MyList
KEGG Pathway,24,hsa04213,Longevity regulating pathway - multiple species,,-2.2,4.2,3.5,30230,62,584,5,0.86,0.38,3310|5290|5563|23411|51422,HSPA6|PIK3CA|PRKAA2|SIRT1|PRKAG2,-0.7,MyList
GO Biological Processes,19,GO:0000226,microtubule cytoskeleton organization,19_GO:0009987 cellular process,-2.2,1.8,2.8,30230,600,584,21,3.6,0.77,827|3611|3833|3985|4292|5311|8882|9639|9897|11200|23032|23113|23354|26160|54617|64946|80128|84142|84446|84942|85378,CAPN6|ILK|KIFC1|LIMK2|MLH1|PKD2|ZPR1|ARHGEF10|WASHC5|CHEK2|USP33|CUL9|HAUS5|IFT172|INO80|CENPH|TRIM46|ABRAXAS1|BRSK1|WDR73|TUBGCP6,-0.7,MyList
GO Biological Processes,19,GO:0000902,cell morphogenesis,19_GO:0032502 developmental process,-2.2,1.7,2.8,30230,717,584,24,4.1,0.82,1959|2562|3611|3988|5797|9252|9638|10079|10479|23032|23405|51324|51542|51761|56978|57728|80067|80128|84446|91137|123016|285527|440275|729920,EGR2|GABRB3|ILK|LIPA|PTPRM|RPS6KA5|FEZ1|ATP9A|SLC9A6|USP33|DICER1|SPG21|VPS54|ATP8A2|PRDM8|WDR19|DCAF17|TRIM46|BRSK1|SLC25A46|TTC8|FRYL|EIF2AK4|CRPPA,-0.7,MyList
WikiPathways,27,WP4673,Male infertility,,-2.2,2.9,3.2,30230,144,584,8,1.4,0.48,406|2068|3981|4292|5192|5428|8476|54514,BMAL1|ERCC2|LIG4|MLH1|PEX10|POLG|CDC42BPA|DDX4,-0.7,MyList
WikiPathways,27,WP4659,Gastrin signaling,,-2.2,3.2,3.2,30230,115,584,7,1.2,0.45,1958|2353|3551|5290|5580|5581|5587,EGR1|FOS|IKBKB|PIK3CA|PRKCD|PRKCE|PRKD1,-0.7,MyList
GO Biological Processes,19,GO:0006664,glycolipid metabolic process,19_GO:0009987 cellular process,-2.2,3.2,3.2,30230,115,584,7,1.2,0.45,20|9517|64924|65258|84302|93183|128869,ABCA2|SPTLC2|SLC30A5|MPPE1|PGAP4|PIGM|PIGU,-0.7,MyList
GO Biological Processes,19,GO:0010256,endomembrane system organization,19_GO:0009987 cellular process,-2.1,1.8,2.8,30230,601,584,21,3.6,0.77,3611|5587|5873|6836|7485|9382|9885|9897|10162|10239|23175|23399|23682|55362|57531|79803|80067|84131|84342|92840|339122,ILK|PRKD1|RAB27A|SURF4|GET1|COG1|OSBPL2|WASHC5|LPCAT3|AP3S2|LPIN1|CTDNEP1|RAB38|TMEM63B|HACE1|HPS6|DCAF17|CEP78|COG8|REEP6|RAB43,-0.69,MyList
GO Biological Processes,19,GO:0007269,neurotransmitter secretion,19_GO:0051179 localization,-2.1,3.5,3.3,30230,88,584,6,1,0.42,6854|9783|23167|84446|93664|143425,SYN2|RIMS3|EFR3A|BRSK1|CADPS2|SYT9,-0.69,MyList
GO Biological Processes,19,GO:0099643,signal release from synapse,19_GO:0051179 localization,-2.1,3.5,3.3,30230,88,584,6,1,0.42,6854|9783|23167|84446|93664|143425,SYN2|RIMS3|EFR3A|BRSK1|CADPS2|SYT9,-0.69,MyList
GO Biological Processes,19,GO:0010232,vascular transport,19_GO:0051179 localization,-2.1,3.5,3.3,30230,88,584,6,1,0.42,20|6515|6533|23428|81539|114134,ABCA2|SLC2A3|SLC6A6|SLC7A8|SLC38A1|SLC2A13,-0.69,MyList
GO Biological Processes,19,GO:0150104,transport across blood-brain barrier,19_GO:0051179 localization,-2.1,3.5,3.3,30230,88,584,6,1,0.42,20|6515|6533|23428|81539|114134,ABCA2|SLC2A3|SLC6A6|SLC7A8|SLC38A1|SLC2A13,-0.69,MyList
WikiPathways,27,WP3937,Microglia pathogen phagocytosis pathway,,-2.1,5.2,3.7,30230,40,584,4,0.68,0.34,5286|5290|7410|10451,PIK3C2A|PIK3CA|VAV2|VAV3,-0.69,MyList
GO Biological Processes,19,GO:0031646,positive regulation of nervous system process,19_GO:0048518 positive regulation of biological process,-2.1,5.2,3.7,30230,40,584,4,0.68,0.34,1143|1959|5129|23405,CHRNB4|EGR2|CDK18|DICER1,-0.69,MyList
GO Biological Processes,19,GO:0006887,exocytosis,19_GO:0051179 localization,-2.1,2.4,3,30230,240,584,11,1.9,0.56,5286|5873|6845|6854|9783|23167|25837|55362|93664|134957|143425,PIK3C2A|RAB27A|VAMP7|SYN2|RIMS3|EFR3A|RAB26|TMEM63B|CADPS2|STXBP5|SYT9,-0.69,MyList
GO Cellular Components,20,GO:0032806,carboxy-terminal domain protein kinase complex,,-2.1,7.4,4.1,30230,21,584,3,0.51,0.3,2068|2071|2968,ERCC2|ERCC3|GTF2H4,-0.69,MyList
GO Biological Processes,19,GO:0002204,somatic recombination of immunoglobulin genes involved in immune response,19_GO:0002376 immune system process,-2.1,7.4,4.1,30230,21,584,3,0.51,0.3,3981|4292|7374,LIG4|MLH1|UNG,-0.69,MyList
WikiPathways,27,WP4961,STING pathway in Kawasaki like disease and COVID 19,,-2.1,7.4,4.1,30230,21,584,3,0.51,0.3,3551|79671|340061,IKBKB|NLRX1|STING1,-0.69,MyList
WikiPathways,27,WP5521,SLC25A46 pathway,,-2.1,7.4,4.1,30230,21,584,3,0.51,0.3,9927|55669|91137,MFN2|MFN1|SLC25A46,-0.69,MyList
GO Biological Processes,19,GO:0031643,positive regulation of myelination,19_GO:0032502 developmental process,-2.1,7.4,4.1,30230,21,584,3,0.51,0.3,1959|5129|23405,EGR2|CDK18|DICER1,-0.69,MyList
Reactome Gene Sets,6,R-HSA-5357956,TNFR1-induced NF-kappa-B signaling pathway,,-2.1,7.4,4.1,30230,21,584,3,0.51,0.3,1540|3551|10454,CYLD|IKBKB|TAB1,-0.69,MyList
GO Biological Processes,19,GO:0140042,lipid droplet formation,19_GO:0009987 cellular process,-2.1,7.4,4.1,30230,21,584,3,0.51,0.3,1040|23761|26580,CDS1|PISD|BSCL2,-0.69,MyList
GO Biological Processes,19,GO:0070977,bone maturation,19_GO:0032502 developmental process,-2.1,7.4,4.1,30230,21,584,3,0.51,0.3,10682|51360|57560,EBP|MBTPS2|IFT80,-0.69,MyList
GO Biological Processes,19,GO:0045190,isotype switching,19_GO:0002376 immune system process,-2.1,7.4,4.1,30230,21,584,3,0.51,0.3,3981|4292|7374,LIG4|MLH1|UNG,-0.69,MyList
GO Biological Processes,19,GO:0042632,cholesterol homeostasis,19_GO:0042592 homeostatic process,-2.1,3.1,3.2,30230,116,584,7,1.2,0.45,20|706|4547|6095|6721|23411|23461,ABCA2|TSPO|MTTP|RORA|SREBF2|SIRT1|ABCA5,-0.69,MyList
GO Biological Processes,19,GO:1903509,liposaccharide metabolic process,19_GO:0009987 cellular process,-2.1,3.1,3.2,30230,116,584,7,1.2,0.45,20|9517|64924|65258|84302|93183|128869,ABCA2|SPTLC2|SLC30A5|MPPE1|PGAP4|PIGM|PIGU,-0.69,MyList
WikiPathways,27,WP4155,Endometrial cancer,,-2.1,4.1,3.5,30230,63,584,5,0.86,0.38,673|2353|3611|5290|6655,BRAF|FOS|ILK|PIK3CA|SOS2,-0.69,MyList
Canonical Pathways,11,M8,PID ENDOTHELIN PATHWAY,,-2.1,4.1,3.5,30230,63,584,5,0.86,0.38,2353|5580|5581|5582|9630,FOS|PRKCD|PRKCE|PRKCG|GNA14,-0.69,MyList
Reactome Gene Sets,6,R-HSA-9033241,Peroxisomal protein import,,-2.1,4.1,3.5,30230,63,584,5,0.86,0.38,5192|8310|8443|11001|55825,PEX10|ACOX3|GNPAT|SLC27A2|PECR,-0.69,MyList
GO Biological Processes,19,GO:0051650,establishment of vesicle localization,19_GO:0051179 localization,-2.1,2.6,3.1,30230,176,584,9,1.5,0.51,3985|5873|10239|10948|22920|55062|58485|80128|93664,LIMK2|RAB27A|AP3S2|STARD3|KIFAP3|WIPI1|TRAPPC1|TRIM46|CADPS2,-0.68,MyList
Reactome Gene Sets,6,R-HSA-425407,SLC-mediated transmembrane transport,,-2.1,2.4,3,30230,241,584,11,1.9,0.56,1468|6515|6533|10479|23428|26503|57030|64924|81539|114134|123096,SLC25A10|SLC2A3|SLC6A6|SLC9A6|SLC7A8|SLC17A5|SLC17A7|SLC30A5|SLC38A1|SLC2A13|SLC25A29,-0.68,MyList
GO Cellular Components,20,GO:0005758,mitochondrial intermembrane space,,-2.1,3.5,3.3,30230,89,584,6,1,0.42,4833|26521|131474|153768|221154|286097,NME4|TIMM8B|CHCHD4|PRELID2|MICU2|MICU3,-0.68,MyList
GO Biological Processes,19,GO:0001510,RNA methylation,19_GO:0009987 cellular process,-2.1,3.5,3.3,30230,89,584,6,1,0.42,10785|27292|29081|51106|57570|60487,WDR4|DIMT1|METTL5|TFB1M|TRMT5|TRMT11,-0.68,MyList
GO Biological Processes,19,GO:0071230,cellular response to amino acid stimulus,19_GO:0050896 response to stimulus,-2.1,3.5,3.3,30230,89,584,6,1,0.42,10325|27244|57559|64121|84861|729438,RRAGB|SESN1|STAMBPL1|RRAGC|KLHL22|CASTOR2,-0.68,MyList
GO Biological Processes,19,GO:0055092,sterol homeostasis,19_GO:0042592 homeostatic process,-2.1,3.1,3.2,30230,117,584,7,1.2,0.45,20|706|4547|6095|6721|23411|23461,ABCA2|TSPO|MTTP|RORA|SREBF2|SIRT1|ABCA5,-0.67,MyList
GO Biological Processes,19,GO:0032648,regulation of interferon-beta production,19_GO:0032501 multicellular organismal process,-2.1,4,3.4,30230,64,584,5,0.86,0.38,4938|55703|79671|91947|340061,OAS1|POLR3B|NLRX1|ARRDC4|STING1,-0.66,MyList
Reactome Gene Sets,6,R-HSA-1834949,Cytosolic sensors of pathogen-associated DNA,,-2.1,4,3.4,30230,64,584,5,0.86,0.38,3551|4615|6778|55703|340061,IKBKB|MYD88|STAT6|POLR3B|STING1,-0.66,MyList
GO Biological Processes,19,GO:0043009,chordate embryonic development,19_GO:0032502 developmental process,-2.1,1.7,2.7,30230,685,584,23,3.9,0.8,90|2068|3726|3981|5311|7274|8882|9742|9817|9915|9927|10454|23038|25902|26160|51542|54799|55764|57448|57718|57728|140467|201163,ACVR1|ERCC2|JUNB|LIG4|PKD2|TTPA|ZPR1|IFT140|KEAP1|ARNT2|MFN2|TAB1|WDTC1|MTHFD1L|IFT172|VPS54|MBTD1|IFT122|BIRC6|PPP4R4|WDR19|ZNF358|FLCN,-0.66,MyList
GO Biological Processes,19,GO:0010257,NADH dehydrogenase complex assembly,19_GO:0009987 cellular process,-2.1,5.1,3.6,30230,41,584,4,0.68,0.34,4540|4541|51300|54968,ND5|ND6|TIMMDC1|TMEM70,-0.66,MyList
Reactome Gene Sets,6,R-HSA-165159,MTOR signalling,,-2.1,5.1,3.6,30230,41,584,4,0.68,0.34,5563|10325|51422|64121,PRKAA2|RRAGB|PRKAG2|RRAGC,-0.66,MyList
GO Biological Processes,19,GO:0032981,mitochondrial respiratory chain complex I assembly,19_GO:0009987 cellular process,-2.1,5.1,3.6,30230,41,584,4,0.68,0.34,4540|4541|51300|54968,ND5|ND6|TIMMDC1|TMEM70,-0.66,MyList
Reactome Gene Sets,6,R-HSA-5696400,Dual Incision in GG-NER,,-2.1,5.1,3.6,30230,41,584,4,0.68,0.34,2068|2071|2968|9557,ERCC2|ERCC3|GTF2H4|CHD1L,-0.66,MyList
GO Biological Processes,19,GO:0046928,regulation of neurotransmitter secretion,19_GO:0051179 localization,-2.1,3.5,3.3,30230,90,584,6,1,0.42,673|1143|5582|9783|134957|286097,BRAF|CHRNB4|PRKCG|RIMS3|STXBP5|MICU3,-0.66,MyList
GO Biological Processes,19,GO:0050810,regulation of steroid biosynthetic process,19_GO:0050789 regulation of biological process,-2.1,3.5,3.3,30230,90,584,6,1,0.42,706|1958|6721|10162|23411|51360,TSPO|EGR1|SREBF2|LPCAT3|SIRT1|MBTPS2,-0.66,MyList
WikiPathways,27,WP673,ErbB signaling,,-2.1,3.5,3.3,30230,90,584,6,1,0.42,673|5290|5582|5602|5609|6655,BRAF|PIK3CA|PRKCG|MAPK10|MAP2K7|SOS2,-0.66,MyList
GO Cellular Components,20,GO:0031901,early endosome membrane,,-2.1,2.5,3,30230,211,584,10,1.7,0.54,9897|10079|10479|23041|27072|55362|79109|79803|124997|200576,WASHC5|ATP9A|SLC9A6|MON2|VPS41|TMEM63B|MAPKAP1|HPS6|WDR81|PIKFYVE,-0.65,MyList
GO Biological Processes,19,GO:1901991,negative regulation of mitotic cell cycle phase transition,19_GO:0048519 negative regulation of biological process,-2.1,2.6,3,30230,179,584,9,1.5,0.51,90|5311|5934|29086|51360|56984|84142|84446|84861,ACVR1|PKD2|RBL2|BABAM1|MBTPS2|PSMG2|ABRAXAS1|BRSK1|KLHL22,-0.65,MyList
GO Biological Processes,19,GO:1903131,mononuclear cell differentiation,19_GO:0032502 developmental process,-2.1,2,2.8,30230,384,584,15,2.6,0.65,673|1540|1958|2353|3981|3988|4615|6095|6778|23411|51043|51542|54542|56262|84447,BRAF|CYLD|EGR1|FOS|LIG4|LIPA|MYD88|RORA|STAT6|SIRT1|ZBTB7B|VPS54|RC3H2|LRRC8A|SYVN1,-0.65,MyList
GO Biological Processes,19,GO:1901987,regulation of cell cycle phase transition,19_GO:0050789 regulation of biological process,-2.1,1.9,2.8,30230,495,584,18,3.1,0.72,90|2068|2071|5129|5311|5934|11200|29086|51360|51776|54617|56984|57520|80198|84142|84446|84861|440275,ACVR1|ERCC2|ERCC3|CDK18|PKD2|RBL2|CHEK2|BABAM1|MBTPS2|MAP3K20|INO80|PSMG2|HECW2|MUS81|ABRAXAS1|BRSK1|KLHL22|EIF2AK4,-0.65,MyList
Reactome Gene Sets,6,R-HSA-450321,JNK (c-Jun kinases) phosphorylation and  activation mediated by activated human TAK1,,-2.1,7.1,4,30230,22,584,3,0.51,0.3,5602|5609|10454,MAPK10|MAP2K7|TAB1,-0.65,MyList
Reactome Gene Sets,6,R-HSA-9768919,NPAS4 regulates expression of target genes,,-2.1,7.1,4,30230,22,584,3,0.51,0.3,406|2353|9915,BMAL1|FOS|ARNT2,-0.65,MyList
WikiPathways,27,WP4722,Glycerolipids and glycerophospholipids,,-2.1,7.1,4,30230,22,584,3,0.51,0.3,1040|23761|81490,CDS1|PISD|PTDSS2,-0.65,MyList
GO Cellular Components,20,GO:0034045,phagophore assembly site membrane,,-2.1,7.1,4,30230,22,584,3,0.51,0.3,9821|26100|55062,RB1CC1|WIPI2|WIPI1,-0.65,MyList
GO Biological Processes,19,GO:0043369,"CD4-positive or CD8-positive, alpha-beta T cell lineage commitment",19_GO:0002376 immune system process,-2.1,7.1,4,30230,22,584,3,0.51,0.3,673|1540|6778,BRAF|CYLD|STAT6,-0.65,MyList
GO Biological Processes,19,GO:0071044,histone mRNA catabolic process,19_GO:0048519 negative regulation of biological process,-2.1,7.1,4,30230,22,584,3,0.51,0.3,27257|55149|167227,LSM1|MTPAP|DCP2,-0.65,MyList
WikiPathways,27,WP4141,PI3K AKT mTOR vitamin D3 signaling,,-2.1,7.1,4,30230,22,584,3,0.51,0.3,5290|5563|6515,PIK3CA|PRKAA2|SLC2A3,-0.65,MyList
Reactome Gene Sets,6,R-HSA-8873719,RAB geranylgeranylation,,-2.1,4,3.4,30230,65,584,5,0.86,0.38,1121|5873|23682|25837|339122,CHM|RAB27A|RAB38|RAB26|RAB43,-0.64,MyList
Canonical Pathways,11,M272,PID CD8 TCR DOWNSTREAM PATHWAY,,-2.1,4,3.4,30230,65,584,5,0.86,0.38,673|1958|2353|3726|5581,BRAF|EGR1|FOS|JUNB|PRKCE,-0.64,MyList
KEGG Pathway,24,hsa04662,B cell receptor signaling pathway,,-2.1,3.4,3.2,30230,91,584,6,1,0.42,2353|3551|5290|6655|7410|10451,FOS|IKBKB|PIK3CA|SOS2|VAV2|VAV3,-0.64,MyList
GO Biological Processes,19,GO:0035023,regulation of Rho protein signal transduction,19_GO:0050896 response to stimulus,-2.1,3.4,3.2,30230,91,584,6,1,0.42,7126|9639|23348|81704|143872|201163,TNFAIP1|ARHGEF10|DOCK9|DOCK8|ARHGAP42|FLCN,-0.64,MyList
GO Biological Processes,19,GO:0035264,multicellular organism growth,19_GO:0040007 growth,-2.1,3,3.1,30230,119,584,7,1.2,0.45,2068|23038|54542|57560|59338|114789|123016,ERCC2|WDTC1|RC3H2|IFT80|PLEKHA1|SLC25A25|TTC8,-0.64,MyList
GO Biological Processes,19,GO:0051259,protein complex oligomerization,19_GO:0009987 cellular process,-2.1,2.2,2.9,30230,279,584,12,2.1,0.59,4833|4938|5311|7126|9885|54968|54974|56262|63933|83862|90550|340061,NME4|OAS1|PKD2|TNFAIP1|OSBPL2|TMEM70|THG1L|LRRC8A|MCUR1|TMEM120A|MCU|STING1,-0.64,MyList
GO Biological Processes,19,GO:0001775,cell activation,19_GO:0032501 multicellular organismal process,-2.1,1.7,2.7,30230,769,584,25,4.3,0.84,673|1540|1958|3611|3981|3988|4292|4615|5290|5580|5581|5873|6095|6778|6845|7374|7410|10451|22821|51043|54542|56262|81704|84447|440275,BRAF|CYLD|EGR1|ILK|LIG4|LIPA|MLH1|MYD88|PIK3CA|PRKCD|PRKCE|RAB27A|RORA|STAT6|VAMP7|UNG|VAV2|VAV3|RASA3|ZBTB7B|RC3H2|LRRC8A|DOCK8|SYVN1|EIF2AK4,-0.64,MyList
KEGG Pathway,24,hsa04723,Retrograde endocannabinoid signaling,,-2.1,2.8,3.1,30230,149,584,8,1.4,0.48,2562|4540|4541|4706|5582|5602|6300|57030,GABRB3|ND5|ND6|NDUFAB1|PRKCG|MAPK10|MAPK12|SLC17A7,-0.64,MyList
GO Cellular Components,20,GO:0030119,AP-type membrane coat adaptor complex,,-2.1,4.9,3.6,30230,42,584,4,0.68,0.34,9179|10239|11154|27072,AP4M1|AP3S2|AP4S1|VPS41,-0.64,MyList
GO Biological Processes,19,GO:0032365,intracellular lipid transport,19_GO:0051179 localization,-2.1,4.9,3.6,30230,42,584,4,0.68,0.34,9885|51542|57655|84947,OSBPL2|VPS54|GRAMD1A|SERAC1,-0.64,MyList
GO Biological Processes,19,GO:0071375,cellular response to peptide hormone stimulus,19_GO:0050896 response to stimulus,-2.1,2.2,2.9,30230,280,584,12,2.1,0.59,2353|5286|5290|5580|5587|6655|6778|8850|23038|23175|79109|84275,FOS|PIK3C2A|PIK3CA|PRKCD|PRKD1|SOS2|STAT6|KAT2B|WDTC1|LPIN1|MAPKAP1|SLC25A33,-0.63,MyList
GO Biological Processes,19,GO:0046394,carboxylic acid biosynthetic process,19_GO:0009987 cellular process,-2.1,2.2,2.9,30230,280,584,12,2.1,0.59,2182|4706|5563|9885|10020|10873|11001|25902|51422|55825|81539|197322,ACSL4|NDUFAB1|PRKAA2|OSBPL2|GNE|ME3|SLC27A2|MTHFD1L|PRKAG2|PECR|SLC38A1|ACSF3,-0.63,MyList
GO Cellular Components,20,GO:0032580,Golgi cisterna membrane,,-2,3.4,3.2,30230,92,584,6,1,0.42,51107|51172|55454|57531|64924|124583,APH1A|NAGPA|CSGALNACT2|HACE1|SLC30A5|CANT1,-0.63,MyList
WikiPathways,27,WP51,Regulation of actin cytoskeleton,,-2,2.8,3,30230,150,584,8,1.4,0.48,673|5286|5287|5290|6655|9138|30849|50649,BRAF|PIK3C2A|PIK3C2B|PIK3CA|SOS2|ARHGEF1|PIK3R4|ARHGEF4,-0.63,MyList
GO Biological Processes,19,GO:2000377,regulation of reactive oxygen species metabolic process,19_GO:0050789 regulation of biological process,-2,2.8,3,30230,150,584,8,1.4,0.48,22|706|4504|5580|5581|5873|84275|200576,ABCB7|TSPO|MT3|PRKCD|PRKCE|RAB27A|SLC25A33|PIKFYVE,-0.63,MyList
GO Biological Processes,19,GO:0002218,activation of innate immune response,19_GO:0044419 biological process involved in interspecies interaction between organisms,-2,2.6,3,30230,182,584,9,1.5,0.51,1540|3551|4615|4938|5581|7867|25875|57169|340061,CYLD|IKBKB|MYD88|OAS1|PRKCE|MAPKAPK3|LETMD1|ZNFX1|STING1,-0.61,MyList
GO Biological Processes,19,GO:0022037,metencephalon development,19_GO:0032502 developmental process,-2,3,3.1,30230,121,584,7,1.2,0.45,1600|2562|6095|8443|8925|79809|91137,DAB1|GABRB3|RORA|GNPAT|HERC1|TTC21B|SLC25A46,-0.61,MyList
GO Biological Processes,19,GO:0035966,response to topologically incorrect protein,19_GO:0050896 response to stimulus,-2,2.7,3,30230,151,584,8,1.4,0.48,3310|9927|23411|23456|51360|79139|89890|339487,HSPA6|MFN2|SIRT1|ABCB10|MBTPS2|DERL1|KBTBD6|ZBTB8OS,-0.61,MyList
KEGG Pathway,24,hsa04912,GnRH signaling pathway,,-2,3.3,3.2,30230,93,584,6,1,0.42,1958|5580|5602|5609|6300|6655,EGR1|PRKCD|MAPK10|MAP2K7|MAPK12|SOS2,-0.61,MyList
Reactome Gene Sets,6,R-HSA-1489509,DAG and IP3 signaling,,-2,4.8,3.5,30230,43,584,4,0.68,0.34,5137|5580|5581|5582,PDE1C|PRKCD|PRKCE|PRKCG,-0.61,MyList
GO Biological Processes,19,GO:0051298,centrosome duplication,19_GO:0009987 cellular process,-2,4.8,3.5,30230,43,584,4,0.68,0.34,5311|9639|23032|84446,PKD2|ARHGEF10|USP33|BRSK1,-0.61,MyList
GO Biological Processes,19,GO:0032728,positive regulation of interferon-beta production,19_GO:0048518 positive regulation of biological process,-2,4.8,3.5,30230,43,584,4,0.68,0.34,4938|55703|91947|340061,OAS1|POLR3B|ARRDC4|STING1,-0.61,MyList
GO Biological Processes,19,GO:0014044,Schwann cell development,19_GO:0032502 developmental process,-2,4.8,3.5,30230,43,584,4,0.68,0.34,3611|9639|23405|91137,ILK|ARHGEF10|DICER1|SLC25A46,-0.61,MyList
Reactome Gene Sets,6,R-HSA-5696395,Formation of Incision Complex in GG-NER,,-2,4.8,3.5,30230,43,584,4,0.68,0.34,2068|2071|2968|9557,ERCC2|ERCC3|GTF2H4|CHD1L,-0.61,MyList
GO Biological Processes,19,GO:0061013,regulation of mRNA catabolic process,19_GO:0048519 negative regulation of biological process,-2,2.1,2.8,30230,318,584,13,2.2,0.61,4292|4615|5580|6041|9238|22868|23049|23658|25819|27257|54542|55181|167227,MLH1|MYD88|PRKCD|RNASEL|TBRG4|FASTKD2|SMG1|LSM5|NOCT|LSM1|RC3H2|SMG8|DCP2,-0.61,MyList
GO Biological Processes,19,GO:0016053,organic acid biosynthetic process,19_GO:0009987 cellular process,-2,2.2,2.8,30230,283,584,12,2.1,0.59,2182|4706|5563|9885|10020|10873|11001|25902|51422|55825|81539|197322,ACSL4|NDUFAB1|PRKAA2|OSBPL2|GNE|ME3|SLC27A2|MTHFD1L|PRKAG2|PECR|SLC38A1|ACSF3,-0.61,MyList
GO Biological Processes,19,GO:0035024,negative regulation of Rho protein signal transduction,19_GO:0048519 negative regulation of biological process,-2,6.8,3.9,30230,23,584,3,0.51,0.3,7126|143872|201163,TNFAIP1|ARHGAP42|FLCN,-0.61,MyList
Reactome Gene Sets,6,R-HSA-8949215,Mitochondrial calcium ion transport,,-2,6.8,3.9,30230,23,584,3,0.51,0.3,90550|221154|286097,MCU|MICU2|MICU3,-0.61,MyList
GO Biological Processes,19,GO:0030262,apoptotic nuclear changes,19_GO:0009987 cellular process,-2,6.8,3.9,30230,23,584,3,0.51,0.3,1677|23405|51542,DFFB|DICER1|VPS54,-0.61,MyList
GO Cellular Components,20,GO:0033162,melanosome membrane,,-2,6.8,3.9,30230,23,584,3,0.51,0.3,5873|6490|23682,RAB27A|PMEL|RAB38,-0.61,MyList
GO Biological Processes,19,GO:0044804,nucleophagy,19_GO:0009987 cellular process,-2,6.8,3.9,30230,23,584,3,0.51,0.3,9821|26100|55062,RB1CC1|WIPI2|WIPI1,-0.61,MyList
GO Biological Processes,19,GO:0018279,protein N-linked glycosylation via asparagine,19_GO:0009987 cellular process,-2,6.8,3.9,30230,23,584,3,0.51,0.3,4249|29880|84061,MGAT5|ALG5|MAGT1,-0.61,MyList
GO Cellular Components,20,GO:0045009,chitosome,,-2,6.8,3.9,30230,23,584,3,0.51,0.3,5873|6490|23682,RAB27A|PMEL|RAB38,-0.61,MyList
GO Cellular Components,20,GO:0090741,pigment granule membrane,,-2,6.8,3.9,30230,23,584,3,0.51,0.3,5873|6490|23682,RAB27A|PMEL|RAB38,-0.61,MyList
WikiPathways,27,WP3612,Photodynamic therapy induced NFE2L2 NRF2 survival signaling,,-2,6.8,3.9,30230,23,584,3,0.51,0.3,2353|6300|9817,FOS|MAPK12|KEAP1,-0.61,MyList
GO Biological Processes,19,GO:0032922,circadian regulation of gene expression,19_GO:0048511 rhythmic process,-2,3.9,3.3,30230,67,584,5,0.86,0.38,406|1958|6095|23411|25819,BMAL1|EGR1|RORA|SIRT1|NOCT,-0.61,MyList
Reactome Gene Sets,6,R-HSA-6799198,Complex I biogenesis,,-2,3.9,3.3,30230,67,584,5,0.86,0.38,4540|4541|4706|51300|119559,ND5|ND6|NDUFAB1|TIMMDC1|SFXN4,-0.61,MyList
GO Cellular Components,20,GO:0099023,vesicle tethering complex,,-2,3.9,3.3,30230,67,584,5,0.86,0.38,9382|27072|51542|58485|84342,COG1|VPS41|VPS54|TRAPPC1|COG8,-0.61,MyList
GO Biological Processes,19,GO:0120161,regulation of cold-induced thermogenesis,19_GO:0042592 homeostatic process,-2,2.7,3,30230,152,584,8,1.4,0.48,406|6778|9927|23175|25875|26580|51043|201163,BMAL1|STAT6|MFN2|LPIN1|LETMD1|BSCL2|ZBTB7B|FLCN,-0.61,MyList
KEGG Pathway,24,hsa04935,"Growth hormone synthesis, secretion and action",,-2,3,3.1,30230,122,584,7,1.2,0.45,2353|3726|5290|5582|5602|6300|6655,FOS|JUNB|PIK3CA|PRKCG|MAPK10|MAPK12|SOS2,-0.6,MyList
GO Biological Processes,19,GO:0002244,hematopoietic progenitor cell differentiation,19_GO:0032502 developmental process,-2,3.3,3.1,30230,94,584,6,1,0.42,673|1052|2068|3981|3988|51205,BRAF|CEBPD|ERCC2|LIG4|LIPA|ACP6,-0.6,MyList
GO Biological Processes,19,GO:0061564,axon development,19_GO:0032502 developmental process,-2,1.9,2.7,30230,429,584,16,2.7,0.68,706|1959|5797|8882|9252|9638|10479|23032|51324|51761|56978|80128|84446|91137|123016|729920,TSPO|EGR2|PTPRM|ZPR1|RPS6KA5|FEZ1|SLC9A6|USP33|SPG21|ATP8A2|PRDM8|TRIM46|BRSK1|SLC25A46|TTC8|CRPPA,-0.59,MyList
GO Biological Processes,19,GO:0062012,regulation of small molecule metabolic process,19_GO:0050789 regulation of biological process,-2,2,2.8,30230,356,584,14,2.4,0.63,706|1958|5563|6095|6721|8850|9926|10162|23038|23411|51360|51422|54704|201163,TSPO|EGR1|PRKAA2|RORA|SREBF2|KAT2B|LPGAT1|LPCAT3|WDTC1|SIRT1|MBTPS2|PRKAG2|PDP1|FLCN,-0.59,MyList
