Category,CategoryID,GO,Description,PARENT_GO,LogP,Enrichment,Z-score,#TotalGeneInLibrary,#GeneInGO,#GeneInHitList,#GeneInGOAndHitList,%InGO,STDV %InGO,GeneID,Hits,Log(q-value),GeneList
DisGeNET,35,C4554036,"Nystagmus, CTCAE 5.0",,-16,3.7,11,30230,779,584,55,9.4,1.2,22|24|673|1186|1718|1798|2068|2071|3769|3981|4337|4508|4540|4541|5145|5192|5428|5582|5587|5824|5922|6016|6095|6392|6655|7274|7403|8100|9742|9915|10479|10682|23400|23522|26160|26503|26504|51300|51360|51601|54704|55149|55624|55764|57520|57728|79803|79867|84131|84942|85378|91137|92840|123016|219285,ABCB7|ABCA4|BRAF|CLCN7|DHCR24|DPAGT1|ERCC2|ERCC3|KCNJ13|LIG4|MOCS1|ATP6|ND5|ND6|PDE6A|PEX10|POLG|PRKCG|PRKD1|PEX19|RASA2|RIT1|RORA|SDHD|SOS2|TTPA|KDM6A|IFT88|IFT140|ARNT2|SLC9A6|EBP|ATP13A2|KAT6B|IFT172|SLC17A5|CNNM4|TIMMDC1|MBTPS2|LIPT1|PDP1|MTPAP|POMGNT1|IFT122|HECW2|WDR19|HPS6|TCTN2|CEP78|WDR73|TUBGCP6|SLC25A46|REEP6|TTC8|SAMD9L,-12,MyList
DisGeNET,35,C1963184,"Nystagmus, CTCAE 3.0",,-16,3.7,11,30230,779,584,55,9.4,1.2,22|24|673|1186|1718|1798|2068|2071|3769|3981|4337|4508|4540|4541|5145|5192|5428|5582|5587|5824|5922|6016|6095|6392|6655|7274|7403|8100|9742|9915|10479|10682|23400|23522|26160|26503|26504|51300|51360|51601|54704|55149|55624|55764|57520|57728|79803|79867|84131|84942|85378|91137|92840|123016|219285,ABCB7|ABCA4|BRAF|CLCN7|DHCR24|DPAGT1|ERCC2|ERCC3|KCNJ13|LIG4|MOCS1|ATP6|ND5|ND6|PDE6A|PEX10|POLG|PRKCG|PRKD1|PEX19|RASA2|RIT1|RORA|SDHD|SOS2|TTPA|KDM6A|IFT88|IFT140|ARNT2|SLC9A6|EBP|ATP13A2|KAT6B|IFT172|SLC17A5|CNNM4|TIMMDC1|MBTPS2|LIPT1|PDP1|MTPAP|POMGNT1|IFT122|HECW2|WDR19|HPS6|TCTN2|CEP78|WDR73|TUBGCP6|SLC25A46|REEP6|TTC8|SAMD9L,-12,MyList
DisGeNET,35,C0029124,Optic Atrophy,,-15,4.1,10,30230,567,584,45,7.7,1.1,24|673|1186|1757|2068|2071|4285|4508|4514|4540|4541|5145|5192|5290|5428|5824|6392|6490|7290|8100|9742|9897|9927|10195|10585|10682|10785|22868|23411|26160|26504|29954|51601|51761|55149|55624|55669|79867|84942|84947|85378|91137|92840|123016|729920,ABCA4|BRAF|CLCN7|SARDH|ERCC2|ERCC3|MIPEP|ATP6|COX3|ND5|ND6|PDE6A|PEX10|PIK3CA|POLG|PEX19|SDHD|PMEL|HIRA|IFT88|IFT140|WASHC5|MFN2|ALG3|POMT1|EBP|WDR4|FASTKD2|SIRT1|IFT172|CNNM4|POMT2|LIPT1|ATP8A2|MTPAP|POMGNT1|MFN1|TCTN2|WDR73|SERAC1|TUBGCP6|SLC25A46|REEP6|TTC8|CRPPA,-11,MyList
DisGeNET,35,C0151889,Hyperreflexia,,-14,4,10,30230,539,584,42,7.2,1.1,22|24|1798|2071|2182|4508|4540|4541|5145|5192|5582|5824|6392|7274|8100|9179|9742|9897|10195|10785|11154|23400|26160|26580|51324|51601|51761|55149|55624|55703|56922|56978|56997|57038|57570|79867|84942|91869|92840|123016|124997|219285,ABCB7|ABCA4|DPAGT1|ERCC3|ACSL4|ATP6|ND5|ND6|PDE6A|PEX10|PRKCG|PEX19|SDHD|TTPA|IFT88|AP4M1|IFT140|WASHC5|ALG3|WDR4|AP4S1|ATP13A2|IFT172|BSCL2|SPG21|LIPT1|ATP8A2|MTPAP|POMGNT1|POLR3B|MCCC1|PRDM8|COQ8A|RARS2|TRMT5|TCTN2|WDR73|RFT1|REEP6|TTC8|WDR81|SAMD9L,-9.7,MyList
DisGeNET,35,C0013362,Dysarthria,,-12,4,9.5,30230,487,584,38,6.5,1,20|22|673|1600|2068|2071|2733|4292|4508|4514|4540|4541|5192|5290|5428|5582|5922|6016|6655|6908|7274|8834|9213|23400|23522|26100|26503|51601|51761|55149|55703|56978|57531|80067|84340|84942|124997|219285,ABCA2|ABCB7|BRAF|DAB1|ERCC2|ERCC3|GLE1|MLH1|ATP6|COX3|ND5|ND6|PEX10|PIK3CA|POLG|PRKCG|RASA2|RIT1|SOS2|TBP|TTPA|TMEM11|XPR1|ATP13A2|KAT6B|WIPI2|SLC17A5|LIPT1|ATP8A2|MTPAP|POLR3B|PRDM8|HACE1|DCAF17|GFM2|WDR73|WDR81|SAMD9L,-8.6,MyList
DisGeNET,35,C0019209,Hepatomegaly,,-12,3.9,9.3,30230,523,584,39,6.7,1,673|1186|2353|3981|3988|4508|4540|4541|4615|5192|5286|5428|5580|5824|5873|5922|6016|6655|9213|9742|9817|9927|10020|22868|23522|26160|26503|26580|51300|51660|54968|55135|55764|79415|84061|91869|93183|114805|388650,BRAF|CLCN7|FOS|LIG4|LIPA|ATP6|ND5|ND6|MYD88|PEX10|PIK3C2A|POLG|PRKCD|PEX19|RAB27A|RASA2|RIT1|SOS2|XPR1|IFT140|KEAP1|MFN2|GNE|FASTKD2|KAT6B|IFT172|SLC17A5|BSCL2|TIMMDC1|MPC1|TMEM70|WRAP53|IFT122|CYBC1|MAGT1|RFT1|PIGM|GALNT13|DIPK1A,-8.3,MyList
DisGeNET,35,C1862475,Abnormality of retinal pigmentation,,-11,5.8,9.9,30230,215,584,24,4.1,0.82,24|1121|2068|3769|4514|4540|4541|4547|5145|5192|5824|7274|8100|9742|26160|26504|55624|57560|57728|79809|85378|92840|123016|201163,ABCA4|CHM|ERCC2|KCNJ13|COX3|ND5|ND6|MTTP|PDE6A|PEX10|PEX19|TTPA|IFT88|IFT140|IFT172|CNNM4|POMGNT1|IFT80|WDR19|TTC21B|TUBGCP6|REEP6|TTC8|FLCN,-7.6,MyList
DisGeNET,35,C0740279,Cerebellar atrophy,,-11,4.7,9.3,30230,321,584,29,5,0.9,1186|1600|2071|5192|5428|5582|6095|6908|8925|9179|9382|10195|10479|10585|11154|23400|51601|51761|54974|55703|56997|57038|84342|84942|84947|91869|124997|219285|729920,CLCN7|DAB1|ERCC3|PEX10|POLG|PRKCG|RORA|TBP|HERC1|AP4M1|COG1|ALG3|SLC9A6|POMT1|AP4S1|ATP13A2|LIPT1|ATP8A2|THG1L|POLR3B|COQ8A|RARS2|COG8|WDR73|SERAC1|RFT1|WDR81|SAMD9L|CRPPA,-7.5,MyList
DisGeNET,35,C0038379,Strabismus,,-11,3.2,8.3,30230,716,584,44,7.5,1.1,22|673|1718|1757|2068|2071|2182|2710|3981|5192|5824|5922|6016|6655|7290|7403|9179|9772|9915|10195|10479|10585|11043|11154|23400|23522|29929|29954|51300|51601|51761|55624|56997|57531|79803|79867|81839|83882|84942|85378|89970|91869|124997|285203,ABCB7|BRAF|DHCR24|SARDH|ERCC2|ERCC3|ACSL4|GK|LIG4|PEX10|PEX19|RASA2|RIT1|SOS2|HIRA|KDM6A|AP4M1|TMEM94|ARNT2|ALG3|SLC9A6|POMT1|MID2|AP4S1|ATP13A2|KAT6B|ALG6|POMT2|TIMMDC1|LIPT1|ATP8A2|POMGNT1|COQ8A|HACE1|HPS6|TCTN2|VANGL1|TSPAN10|WDR73|TUBGCP6|RSPRY1|RFT1|WDR81|EOGT,-7.1,MyList
DisGeNET,35,C1861403,Variable expressivity,,-10,4.5,8.9,30230,319,584,28,4.8,0.88,1798|1959|2733|4514|4540|4541|5192|5428|6773|9927|10585|10682|29954|51324|51360|51660|54802|55005|56978|56997|57038|84947|91137|113612|119559|124583|219285|340061,DPAGT1|EGR2|GLE1|COX3|ND5|ND6|PEX10|POLG|STAT2|MFN2|POMT1|EBP|POMT2|SPG21|MBTPS2|MPC1|TRIT1|RMND1|PRDM8|COQ8A|RARS2|SERAC1|SLC25A46|CYP2U1|SFXN4|CANT1|SAMD9L|STING1,-6.9,MyList
Transcription Factor Targets,16,M29986,GUCY1B1 TARGET GENES,,-10,3.2,8.1,30230,686,584,42,7.2,1.1,1185|1186|1657|2353|3310|5428|5581|8225|8690|9897|9960|10325|23585|25819|26289|51172|51324|51660|54799|54916|55135|55238|55454|55585|55764|56978|58472|60673|64121|79607|79663|79780|80262|84461|90231|91304|92856|123228|124936|124997|162394|201163,CLCN6|CLCN7|DMXL1|FOS|HSPA6|POLG|PRKCE|GTPBP6|JRKL|WASHC5|USP3|RRAGB|TMEM50A|NOCT|AK5|NAGPA|SPG21|MPC1|MBTD1|TMEM260|WRAP53|SLC38A7|CSGALNACT2|UBE2Q1|IFT122|PRDM8|SQOR|ATG101|RRAGC|FAM118B|HSPBAP1|CCDC82|PHAF1|NEURL4|KIAA2013|TMEM259|IMP4|SENP8|CYB5D2|WDR81|SLFN5|FLCN,-6.7,MyList
DisGeNET,35,C0751651,Mitochondrial Diseases,,-10,4.8,8.9,30230,283,584,26,4.5,0.85,22|1757|4508|4540|4547|5428|5580|6391|6392|9927|22868|23411|54802|54968|55005|55669|56997|57038|64745|79109|80324|84340|84947|91137|119559|124583,ABCB7|SARDH|ATP6|ND5|MTTP|POLG|PRKCD|SDHC|SDHD|MFN2|FASTKD2|SIRT1|TRIT1|TMEM70|RMND1|MFN1|COQ8A|RARS2|METTL17|MAPKAP1|PUS1|GFM2|SERAC1|SLC25A46|SFXN4|CANT1,-6.7,MyList
DisGeNET,35,C0026838,Muscle Spasticity,,-10,3.4,8.2,30230,579,584,38,6.5,1,1718|2068|2071|2733|2899|4508|4540|4541|5192|5428|5824|5873|6392|6515|6908|9374|9439|9915|10785|11154|11253|23400|23522|26503|26580|51324|54802|55624|55703|55764|56922|57570|60558|79867|84340|84942|84947|91869,DHCR24|ERCC2|ERCC3|GLE1|GRIK3|ATP6|ND5|ND6|PEX10|POLG|PEX19|RAB27A|SDHD|SLC2A3|TBP|PPT2|MED23|ARNT2|WDR4|AP4S1|MAN1B1|ATP13A2|KAT6B|SLC17A5|BSCL2|SPG21|TRIT1|POMGNT1|POLR3B|IFT122|MCCC1|TRMT5|GUF1|TCTN2|GFM2|WDR73|SERAC1|RFT1,-6.7,MyList
DisGeNET,35,C0151611,Electroencephalogram abnormal,,-9.9,5.2,9,30230,227,584,23,3.9,0.8,673|2068|2071|4514|4540|4541|5192|5428|5824|6515|7403|10157|10585|10785|23395|23461|29954|54802|55624|57520|84942|201163|285203,BRAF|ERCC2|ERCC3|COX3|ND5|ND6|PEX10|POLG|PEX19|SLC2A3|KDM6A|AASS|POMT1|WDR4|LARS2|ABCA5|POMT2|TRIT1|POMGNT1|HECW2|WDR73|FLCN|EOGT,-6.6,MyList
DisGeNET,35,C0026826,Muscle Hypertonia,,-9.5,5.5,8.9,30230,197,584,21,3.6,0.77,673|1798|2068|4285|4292|5290|5428|5873|7274|9927|10195|10585|10682|10785|23229|23400|29954|55624|84942|85378|285203,BRAF|DPAGT1|ERCC2|MIPEP|MLH1|PIK3CA|POLG|RAB27A|TTPA|MFN2|ALG3|POMT1|EBP|WDR4|ARHGEF9|ATP13A2|POMT2|POMGNT1|WDR73|TUBGCP6|EOGT,-6.2,MyList
Cell Type Signatures,7,M39037,FAN EMBRYONIC CTX OLIG,,-9.5,3,7.6,30230,754,584,43,7.4,1.1,20|1540|1718|1955|3981|3988|4249|4642|5129|7328|7743|9517|9638|9639|9897|9926|22821|23148|23158|23232|23348|23555|23585|25829|27244|51660|55062|55585|55624|55819|59338|64121|78986|79817|79885|80013|84302|84446|91137|124583|143425|253260|285527,ABCA2|CYLD|DHCR24|MEGF9|LIG4|LIPA|MGAT5|MYO1D|CDK18|UBE2H|ZNF189|SPTLC2|FEZ1|ARHGEF10|WASHC5|LPGAT1|RASA3|NACAD|TBC1D9|TBC1D12|DOCK9|TSPAN15|TMEM50A|TMEM184B|SESN1|MPC1|WIPI1|UBE2Q1|POMGNT1|RNF130|PLEKHA1|RRAGC|DUSP26|MOB3B|HDAC11|MINDY3|PGAP4|BRSK1|SLC25A46|CANT1|SYT9|RICTOR|FRYL,-6.2,MyList
DisGeNET,35,C4553743,"Spasticity, CTCAE",,-9.5,3.6,8,30230,477,584,33,5.7,0.96,1718|2068|2071|2733|4508|4540|4541|5192|5824|5873|6392|6515|6908|9439|9915|10785|11154|11253|23400|26503|26580|51324|54802|55624|55703|56922|57570|60558|79867|84340|84942|84947|91869,DHCR24|ERCC2|ERCC3|GLE1|ATP6|ND5|ND6|PEX10|PEX19|RAB27A|SDHD|SLC2A3|TBP|MED23|ARNT2|WDR4|AP4S1|MAN1B1|ATP13A2|SLC17A5|BSCL2|SPG21|TRIT1|POMGNT1|POLR3B|MCCC1|TRMT5|GUF1|TCTN2|GFM2|WDR73|SERAC1|RFT1,-6.2,MyList
DisGeNET,35,C1836440,Increased serum lactate,,-9.1,5.8,8.8,30230,169,584,19,3.3,0.73,4285|4508|4514|4540|4541|5428|6392|22868|51601|51660|54968|55005|56997|57038|57570|80324|84340|84947|119559,MIPEP|ATP6|COX3|ND5|ND6|POLG|SDHD|FASTKD2|LIPT1|MPC1|TMEM70|RMND1|COQ8A|RARS2|TRMT5|PUS1|GFM2|SERAC1|SFXN4,-5.8,MyList
DisGeNET,35,C0240635,Byzanthine arch palate,,-9,3.4,7.7,30230,497,584,33,5.7,0.96,673|1798|2733|3981|5192|5290|5824|5922|6016|6391|6392|6655|7403|8443|8925|9179|9382|9742|9772|10020|10195|10682|10785|11154|22868|23522|26503|51776|55764|56262|80324|84942|201163,BRAF|DPAGT1|GLE1|LIG4|PEX10|PIK3CA|PEX19|RASA2|RIT1|SDHC|SDHD|SOS2|KDM6A|GNPAT|HERC1|AP4M1|COG1|IFT140|TMEM94|GNE|ALG3|EBP|WDR4|AP4S1|FASTKD2|KAT6B|SLC17A5|MAP3K20|IFT122|LRRC8A|PUS1|WDR73|FLCN,-5.8,MyList
DisGeNET,35,C2674608,Feeding difficulties in infancy,,-8.8,4.2,8,30230,305,584,25,4.3,0.84,673|2068|4337|4514|4540|4541|5192|5824|5922|6016|6392|6655|7290|7403|9742|9897|10479|23522|26160|56922|57560|57728|79809|79867|201163,BRAF|ERCC2|MOCS1|COX3|ND5|ND6|PEX10|PEX19|RASA2|RIT1|SDHD|SOS2|HIRA|KDM6A|IFT140|WASHC5|SLC9A6|KAT6B|IFT172|MCCC1|IFT80|WDR19|TTC21B|TCTN2|FLCN,-5.6,MyList
DisGeNET,35,C1836830,Developmental regression,,-8.7,4,7.8,30230,333,584,26,4.5,0.85,673|2068|2071|4292|4508|4514|4540|4541|5192|5290|5428|5824|6392|6515|7274|10463|10479|23229|26580|51360|56997|57531|60558|84340|84342|84947,BRAF|ERCC2|ERCC3|MLH1|ATP6|COX3|ND5|ND6|PEX10|PIK3CA|POLG|PEX19|SDHD|SLC2A3|TTPA|SLC30A9|SLC9A6|ARHGEF9|BSCL2|MBTPS2|COQ8A|HACE1|GUF1|GFM2|COG8|SERAC1,-5.5,MyList
DisGeNET,35,C4551583,Cerebral cortical atrophy,,-8.4,4.4,7.9,30230,271,584,23,3.9,0.8,673|2068|2071|4508|4514|4540|4541|6515|6908|7403|9179|10479|10585|11154|23400|29954|30849|54968|55005|55703|60558|85378|91869,BRAF|ERCC2|ERCC3|ATP6|COX3|ND5|ND6|SLC2A3|TBP|KDM6A|AP4M1|SLC9A6|POMT1|AP4S1|ATP13A2|POMT2|PIK3R4|TMEM70|RMND1|POLR3B|GUF1|TUBGCP6|RFT1,-5.2,MyList
Transcription Factor Targets,16,M29979,GLI3 TARGET GENES,,-8.2,2.8,6.9,30230,741,584,40,6.8,1,757|1677|1718|4289|4615|5286|6773|6856|8310|8443|9252|9927|9960|10585|10794|10948|23049|25819|26580|27244|29081|29107|51300|55669|55764|57030|57560|64745|64779|79736|81539|84461|91304|112840|114134|137695|151525|167227|196441|440275,TMEM50B|DFFB|DHCR24|MKLN1|MYD88|PIK3C2A|STAT2|SYPL1|ACOX3|GNPAT|RPS6KA5|MFN2|USP3|POMT1|ZNF460|STARD3|SMG1|NOCT|BSCL2|SESN1|METTL5|NXT1|TIMMDC1|MFN1|IFT122|SLC17A7|IFT80|METTL17|MTHFSD|TEFM|SLC38A1|NEURL4|TMEM259|WDR89|SLC2A13|TMEM68|WDSUB1|DCP2|ZFC3H1|EIF2AK4,-5,MyList
DisGeNET,35,C0018784,Sensorineural Hearing Loss (disorder),,-8,2.7,6.8,30230,783,584,41,7,1.1,24|90|673|1600|2068|2071|4508|4514|4540|4541|5145|5192|5428|5824|5922|6016|6392|6655|7403|8100|9742|9885|9915|9927|10682|22868|23395|23428|23522|26160|51300|51360|51776|55624|57531|80067|84131|84947|91869|92840|123016,ABCA4|ACVR1|BRAF|DAB1|ERCC2|ERCC3|ATP6|COX3|ND5|ND6|PDE6A|PEX10|POLG|PEX19|RASA2|RIT1|SDHD|SOS2|KDM6A|IFT88|IFT140|OSBPL2|ARNT2|MFN2|EBP|FASTKD2|LARS2|SLC7A8|KAT6B|IFT172|TIMMDC1|MBTPS2|MAP3K20|POMGNT1|HACE1|DCAF17|CEP78|SERAC1|RFT1|REEP6|TTC8,-4.8,MyList
DisGeNET,35,C0020534,Orbital separation excessive,,-7.7,3,6.8,30230,590,584,34,5.8,0.97,673|2068|2071|2710|2733|3981|4337|4508|4514|4540|4541|5290|5922|6016|6655|7290|8925|9382|9772|9897|10020|10682|10785|11154|11253|23405|23522|56262|57531|79867|83479|84942|89970|201163,BRAF|ERCC2|ERCC3|GK|GLE1|LIG4|MOCS1|ATP6|COX3|ND5|ND6|PIK3CA|RASA2|RIT1|SOS2|HIRA|HERC1|COG1|TMEM94|WASHC5|GNE|EBP|WDR4|AP4S1|MAN1B1|DICER1|KAT6B|LRRC8A|HACE1|TCTN2|DDX59|WDR73|RSPRY1|FLCN,-4.6,MyList
DisGeNET,35,C0001125,"Acidosis, Lactic",,-7.5,4.7,7.5,30230,209,584,19,3.3,0.73,4285|4514|4540|4541|5428|5609|22868|23395|51300|51601|51660|54704|54968|55005|56997|80324|84947|91947|119559,MIPEP|COX3|ND5|ND6|POLG|MAP2K7|FASTKD2|LARS2|TIMMDC1|LIPT1|MPC1|PDP1|TMEM70|RMND1|COQ8A|PUS1|SERAC1|ARRDC4|SFXN4,-4.4,MyList
DisGeNET,35,C0028077,Nyctalopia,,-7.5,5.2,7.7,30230,168,584,17,2.9,0.7,24|1121|3769|4514|4540|4541|5145|5192|5824|5959|7274|9927|26504|55624|84131|92840|123016,ABCA4|CHM|KCNJ13|COX3|ND5|ND6|PDE6A|PEX10|PEX19|RDH5|TTPA|MFN2|CNNM4|POMGNT1|CEP78|REEP6|TTC8,-4.4,MyList
DisGeNET,35,C1840077,Anteverted nostril,,-7.5,3.4,6.9,30230,407,584,27,4.6,0.87,24|673|1718|2182|5145|5192|5824|8100|8443|9382|9742|9772|10785|11253|26160|26503|54968|55624|55764|57520|57728|79867|85378|91137|92840|123016|124583,ABCA4|BRAF|DHCR24|ACSL4|PDE6A|PEX10|PEX19|IFT88|GNPAT|COG1|IFT140|TMEM94|WDR4|MAN1B1|IFT172|SLC17A5|TMEM70|POMGNT1|IFT122|HECW2|WDR19|TCTN2|TUBGCP6|SLC25A46|REEP6|TTC8|CANT1,-4.4,MyList
DisGeNET,35,C0007758,Cerebellar Ataxia,,-7.3,3.3,6.8,30230,440,584,28,4.8,0.88,20|22|1600|3551|4508|5192|5290|5428|5582|6095|6908|7274|9374|9742|10479|11200|23092|23400|51761|51776|54974|55703|56997|80013|84274|91137|124997|219285,ABCA2|ABCB7|DAB1|IKBKB|ATP6|PEX10|PIK3CA|POLG|PRKCG|RORA|TBP|TTPA|PPT2|IFT140|SLC9A6|CHEK2|ARHGAP26|ATP13A2|ATP8A2|MAP3K20|THG1L|POLR3B|COQ8A|MINDY3|COQ5|SLC25A46|WDR81|SAMD9L,-4.3,MyList
DisGeNET,35,C0027066,Myoclonus,,-7.3,4.1,7.1,30230,264,584,21,3.6,0.77,1600|2562|4508|5286|5428|5582|5602|5922|6392|6908|23400|26580|55005|55149|55624|56978|56997|60558|84342|91137|91869,DAB1|GABRB3|ATP6|PIK3C2A|POLG|PRKCG|MAPK10|RASA2|SDHD|TBP|ATP13A2|BSCL2|RMND1|MTPAP|POMGNT1|PRDM8|COQ8A|GUF1|COG8|SLC25A46|RFT1,-4.2,MyList
DisGeNET,35,C3164374,Abnormality of pulmonary valve,,-7.2,12,9.5,30230,40,584,9,1.5,0.51,673|1186|5922|6016|6655|7290|23522|54968|285203,BRAF|CLCN7|RASA2|RIT1|SOS2|HIRA|KAT6B|TMEM70|EOGT,-4.2,MyList
DisGeNET,35,C3279222,Aplasia/Hypoplasia of the cerebellum,,-7.2,6.2,7.9,30230,116,584,14,2.4,0.63,2068|4514|4540|4541|5290|9897|9915|10479|10585|29954|55624|84942|85378|219285,ERCC2|COX3|ND5|ND6|PIK3CA|WASHC5|ARNT2|SLC9A6|POMT1|POMT2|POMGNT1|WDR73|TUBGCP6|SAMD9L,-4.2,MyList
DisGeNET,35,C1963165,"Malabsorption, CTCAE",,-7.2,5,7.5,30230,175,584,17,2.9,0.7,2068|3981|4292|4514|4540|4541|4547|4615|5192|5290|5428|5824|7403|55135|56262|57570|79415,ERCC2|LIG4|MLH1|COX3|ND5|ND6|MTTP|MYD88|PEX10|PIK3CA|POLG|PEX19|KDM6A|WRAP53|LRRC8A|TRMT5|CYBC1,-4.2,MyList
DisGeNET,35,C3714745,Malabsorption,,-7.2,5,7.5,30230,175,584,17,2.9,0.7,2068|3981|4292|4514|4540|4541|4547|4615|5192|5290|5428|5824|7403|55135|56262|57570|79415,ERCC2|LIG4|MLH1|COX3|ND5|ND6|MTTP|MYD88|PEX10|PIK3CA|POLG|PEX19|KDM6A|WRAP53|LRRC8A|TRMT5|CYBC1,-4.2,MyList
Transcription Factor Targets,16,M30333,ZNF507 TARGET GENES,,-7.1,2.8,6.4,30230,653,584,35,6,0.98,1121|1185|1186|5286|6016|6391|6490|9885|9897|10325|10451|23411|23511|23658|27072|51172|51255|51324|54542|55005|55238|55585|57728|60558|64121|79607|79663|84669|91137|92856|124997|125228|201163|339487|643836,CHM|CLCN6|CLCN7|PIK3C2A|RIT1|SDHC|PMEL|OSBPL2|WASHC5|RRAGB|VAV3|SIRT1|NUP188|LSM5|VPS41|NAGPA|RNF181|SPG21|RC3H2|RMND1|SLC38A7|UBE2Q1|WDR19|GUF1|RRAGC|FAM118B|HSPBAP1|USP32|SLC25A46|IMP4|WDR81|MIMS1|FLCN|ZBTB8OS|ZFP62,-4.2,MyList
Transcription Factor Targets,16,M30316,ZNF410 TARGET GENES,,-7.1,2.8,6.5,30230,623,584,34,5.8,0.97,1121|1185|1186|1959|5581|6533|6778|7403|8439|9138|9885|9897|10325|10957|23411|23511|27072|51172|51324|51761|54849|55005|55238|55585|57655|64121|79018|79607|79663|81839|84446|124997|253260|387119,CHM|CLCN6|CLCN7|EGR2|PRKCE|SLC6A6|STAT6|KDM6A|NSMAF|ARHGEF1|OSBPL2|WASHC5|RRAGB|PNRC1|SIRT1|NUP188|VPS41|NAGPA|SPG21|ATP8A2|DEF8|RMND1|SLC38A7|UBE2Q1|GRAMD1A|RRAGC|GID4|FAM118B|HSPBAP1|VANGL1|BRSK1|WDR81|RICTOR|CEP85L,-4.2,MyList
DisGeNET,35,C0013421,Dystonia,,-7.1,3.2,6.6,30230,453,584,28,4.8,0.88,4508|4514|4540|4541|5428|6392|6908|7274|9179|9439|10463|10479|11154|11253|22868|23400|26580|51601|54802|55703|56997|57531|80067|84340|84942|84947|113612|197322,ATP6|COX3|ND5|ND6|POLG|SDHD|TBP|TTPA|AP4M1|MED23|SLC30A9|SLC9A6|AP4S1|MAN1B1|FASTKD2|ATP13A2|BSCL2|LIPT1|TRIT1|POLR3B|COQ8A|HACE1|DCAF17|GFM2|WDR73|SERAC1|CYP2U1|ACSF3,-4.1,MyList
DisGeNET,35,C1849367,Nasal bridge wide,,-7,3.3,6.6,30230,429,584,27,4.6,0.87,24|673|2068|3981|5145|5192|5286|5824|7290|7403|8100|8443|9382|9742|9772|9897|10020|10195|11154|11253|26160|54968|55624|55764|85378|92840|123016,ABCA4|BRAF|ERCC2|LIG4|PDE6A|PEX10|PIK3C2A|PEX19|HIRA|KDM6A|IFT88|GNPAT|COG1|IFT140|TMEM94|WASHC5|GNE|ALG3|AP4S1|MAN1B1|IFT172|TMEM70|POMGNT1|IFT122|TUBGCP6|REEP6|TTC8,-4.1,MyList
Transcription Factor Targets,16,M7165,ACTAYRNNNCCCR UNKNOWN,,-6.9,3.1,6.5,30230,463,584,28,4.8,0.88,373|1657|5934|7328|7743|9481|9927|23038|23400|27072|27244|29086|29942|51107|54867|54943|55135|55238|55706|57169|57531|59338|79139|79573|80198|81490|115825|134957,TRIM23|DMXL1|RBL2|UBE2H|ZNF189|SLC25A27|MFN2|WDTC1|ATP13A2|VPS41|SESN1|BABAM1|PURG|APH1A|TMEM214|DNAJC28|WRAP53|SLC38A7|NDC1|ZNFX1|HACE1|PLEKHA1|DERL1|TTC13|MUS81|PTDSS2|WDFY2|STXBP5,-4,MyList
DisGeNET,35,C0678230,Congenital Epicanthus,,-6.7,3.2,6.4,30230,417,584,26,4.5,0.85,673|1718|2068|2071|3981|5192|5286|5290|5824|6016|7290|10020|10195|10682|10785|11253|23522|26503|55764|56262|57520|57560|57728|84342|84942|89970,BRAF|DHCR24|ERCC2|ERCC3|LIG4|PEX10|PIK3C2A|PIK3CA|PEX19|RIT1|HIRA|GNE|ALG3|EBP|WDR4|MAN1B1|KAT6B|SLC17A5|IFT122|LRRC8A|HECW2|IFT80|WDR19|COG8|WDR73|RSPRY1,-3.8,MyList
DisGeNET,35,C0024523,Malabsorption Syndrome,,-6.6,4.1,6.8,30230,239,584,19,3.3,0.73,2068|3981|4292|4514|4540|4541|4547|4615|5192|5290|5428|5824|7403|26504|54704|55135|56262|57570|79415,ERCC2|LIG4|MLH1|COX3|ND5|ND6|MTTP|MYD88|PEX10|PIK3CA|POLG|PEX19|KDM6A|CNNM4|PDP1|WRAP53|LRRC8A|TRMT5|CYBC1,-3.7,MyList
DisGeNET,35,C0026106,Mild Mental Retardation,,-6.6,3.5,6.5,30230,340,584,23,3.9,0.8,673|1757|4508|5192|6307|7274|7290|9382|9439|10020|10157|10479|10585|11253|23001|23522|26580|29954|55624|55703|80067|119559|201163,BRAF|SARDH|ATP6|PEX10|MSMO1|TTPA|HIRA|COG1|MED23|GNE|AASS|SLC9A6|POMT1|MAN1B1|WDFY3|KAT6B|BSCL2|POMT2|POMGNT1|POLR3B|DCAF17|SFXN4|FLCN,-3.7,MyList
Transcription Factor Targets,16,M29995,HES4 TARGET GENES,,-6.6,2.8,6.1,30230,597,584,32,5.5,0.94,1185|2968|6778|7374|8677|9179|9439|9742|10162|23038|23348|26225|51324|51522|54497|55167|55585|56927|56997|57404|57558|63891|79139|84340|89890|90826|91947|92856|112840|124997|338692|339487,CLCN6|GTF2H4|STAT6|UNG|STX10|AP4M1|MED23|IFT140|LPCAT3|WDTC1|DOCK9|ARL5A|SPG21|TMEM14C|HEATR5B|MSL2|UBE2Q1|GPR108|COQ8A|CYP20A1|USP35|RNF123|DERL1|GFM2|KBTBD6|PRMT9|ARRDC4|IMP4|WDR89|WDR81|ANKRD13D|ZBTB8OS,-3.7,MyList
DisGeNET,35,C0035229,Respiratory Insufficiency,,-6.6,3.6,6.5,30230,315,584,22,3.8,0.79,21|90|1959|3981|4514|4540|4541|4615|5192|5428|5824|9742|23395|26160|29954|51300|54968|56922|57560|57728|79809|91869,ABCA3|ACVR1|EGR2|LIG4|COX3|ND5|ND6|MYD88|PEX10|POLG|PEX19|IFT140|LARS2|IFT172|POMT2|TIMMDC1|TMEM70|MCCC1|IFT80|WDR19|TTC21B|RFT1,-3.7,MyList
DisGeNET,35,C0035334,Retinitis Pigmentosa,,-6.4,2.8,6.1,30230,546,584,30,5.1,0.91,24|1121|1540|2071|2710|4508|4540|4541|5145|5428|5582|5959|6392|6397|6533|7274|8100|9742|10585|22868|23411|26160|29954|51601|55624|57728|64852|84131|92840|123016,ABCA4|CHM|CYLD|ERCC3|GK|ATP6|ND5|ND6|PDE6A|POLG|PRKCG|RDH5|SDHD|SEC14L1|SLC6A6|TTPA|IFT88|IFT140|POMT1|FASTKD2|SIRT1|IFT172|POMT2|LIPT1|POMGNT1|WDR19|TUT1|CEP78|REEP6|TTC8,-3.6,MyList
Transcription Factor Targets,16,M30011,HOXB6 TARGET GENES,,-6.4,2.7,6,30230,638,584,33,5.7,0.96,373|1185|4547|5129|5287|5602|6773|6854|9213|10948|11253|22920|23354|23399|23761|25979|26160|26580|29880|51106|53944|54617|54878|54884|55167|55706|55764|56922|64172|84942|157378|222234|283459,TRIM23|CLCN6|MTTP|CDK18|PIK3C2B|MAPK10|STAT2|SYN2|XPR1|STARD3|MAN1B1|KIFAP3|HAUS5|CTDNEP1|PISD|DHRS7B|IFT172|BSCL2|ALG5|TFB1M|CSNK1G1|INO80|DPP8|RETSAT|MSL2|NDC1|IFT122|MCCC1|OSGEPL1|WDR73|TMEM65|FAM185A|GATC,-3.6,MyList
DisGeNET,35,C0162671,MELAS Syndrome,,-6.4,7.1,7.7,30230,80,584,11,1.9,0.56,1757|4508|4514|4540|4541|5428|22868|56997|57038|79109|84340,SARDH|ATP6|COX3|ND5|ND6|POLG|FASTKD2|COQ8A|RARS2|MAPKAP1|GFM2,-3.6,MyList
DisGeNET,35,C0027092,Myopia,,-6.4,3,6.1,30230,490,584,28,4.8,0.88,406|673|1121|1958|2068|2071|2182|2353|2733|3726|3981|5290|5959|6391|6392|9772|10585|29954|51360|54802|55624|55703|55764|57531|57728|79809|83882|124583,BMAL1|BRAF|CHM|EGR1|ERCC2|ERCC3|ACSL4|FOS|GLE1|JUNB|LIG4|PIK3CA|RDH5|SDHC|SDHD|TMEM94|POMT1|POMT2|MBTPS2|TRIT1|POMGNT1|POLR3B|IFT122|HACE1|WDR19|TTC21B|TSPAN10|CANT1,-3.5,MyList
DisGeNET,35,C0424230,Motor retardation,,-6.4,6.3,7.4,30230,98,584,12,2.1,0.59,2068|2071|2710|10195|11253|23522|29929|54968|56922|57531|84947|91869,ERCC2|ERCC3|GK|ALG3|MAN1B1|KAT6B|ALG6|TMEM70|MCCC1|HACE1|SERAC1|RFT1,-3.5,MyList
Transcription Factor Targets,16,M29890,ARNT2 TARGET GENES,,-6.4,2.6,5.9,30230,673,584,34,5.8,0.97,1185|1600|2968|4285|5428|6854|6908|8310|9179|9439|10162|23585|54968|55135|55167|55706|58485|79573|79663|80067|80213|80324|84266|84274|84302|84461|85378|91304|93100|93973|112840|196441|201931|285605,CLCN6|DAB1|GTF2H4|MIPEP|POLG|SYN2|TBP|ACOX3|AP4M1|MED23|LPCAT3|TMEM50A|TMEM70|WRAP53|MSL2|NDC1|TRAPPC1|TTC13|HSPBAP1|DCAF17|TM2D3|PUS1|ALKBH7|COQ5|PGAP4|NEURL4|TUBGCP6|TMEM259|NAPRT|ACTR8|WDR89|ZFC3H1|TMEM192|DTWD2,-3.5,MyList
Transcription Factor Targets,16,M30170,SNIP1 TARGET GENES,,-6.3,2.5,5.9,30230,771,584,37,6.3,1,90|1468|1955|1958|1959|3611|4285|6392|6397|6533|6836|6908|7410|8677|9138|9681|10454|10975|11189|23232|23761|26521|27244|30849|50626|54849|54974|55362|55676|56180|60673|79038|84342|92856|113174|142678|643836,ACVR1|SLC25A10|MEGF9|EGR1|EGR2|ILK|MIPEP|SDHD|SEC14L1|SLC6A6|SURF4|TBP|VAV2|STX10|ARHGEF1|DEPDC5|TAB1|UQCR11|CELF3|TBC1D12|PISD|TIMM8B|SESN1|PIK3R4|ZFTRAF1|DEF8|THG1L|TMEM63B|SLC30A6|MOSPD1|ATG101|ZFYVE21|COG8|IMP4|SAAL1|MIB2|ZFP62,-3.5,MyList
DisGeNET,35,C1384666,hearing impairment,,-6.3,2.5,5.9,30230,739,584,36,6.2,1,90|673|1186|2068|2071|2182|3769|3981|4508|4615|5137|5286|5290|5428|5582|6391|6392|7403|9382|9742|10585|10682|23411|23522|26160|51360|51601|54974|55005|55135|55624|56997|80067|91869|123016|201163,ACVR1|BRAF|CLCN7|ERCC2|ERCC3|ACSL4|KCNJ13|LIG4|ATP6|MYD88|PDE1C|PIK3C2A|PIK3CA|POLG|PRKCG|SDHC|SDHD|KDM6A|COG1|IFT140|POMT1|EBP|SIRT1|KAT6B|IFT172|MBTPS2|LIPT1|THG1L|RMND1|WRAP53|POMGNT1|COQ8A|DCAF17|RFT1|TTC8|FLCN,-3.5,MyList
DisGeNET,35,C1531647,Cerebral ventriculomegaly,,-6.3,3.2,6.2,30230,410,584,25,4.3,0.84,1718|2068|2071|2353|4337|4508|4514|4540|4541|5290|7403|8925|9179|9213|10479|10585|26580|29954|51360|55624|55764|57520|84340|84342|729920,DHCR24|ERCC2|ERCC3|FOS|MOCS1|ATP6|COX3|ND5|ND6|PIK3CA|KDM6A|HERC1|AP4M1|XPR1|SLC9A6|POMT1|BSCL2|POMT2|MBTPS2|POMGNT1|IFT122|HECW2|GFM2|COG8|CRPPA,-3.5,MyList
DisGeNET,35,C1866934,Reduced tendon reflexes,,-6.2,5.6,7.1,30230,121,584,13,2.2,0.61,2068|2071|4514|4540|4541|4547|5192|5824|9927|10585|29954|51776|81839,ERCC2|ERCC3|COX3|ND5|ND6|MTTP|PEX10|PEX19|MFN2|POMT1|POMT2|MAP3K20|VANGL1,-3.4,MyList
Transcription Factor Targets,16,M40847,ELF5 TARGET GENES,,-6.2,3,6.1,30230,444,584,26,4.5,0.85,1798|3551|4285|6392|6845|9016|9439|9742|9821|9960|23041|23113|23158|23658|26521|27072|55181|56927|64318|64852|66036|84219|84318|84340|84888|160897,DPAGT1|IKBKB|MIPEP|SDHD|VAMP7|SLC25A14|MED23|IFT140|RB1CC1|USP3|MON2|CUL9|TBC1D9|LSM5|TIMM8B|VPS41|SMG8|GPR108|NOC3L|TUT1|MTMR9|WDR24|CCDC77|GFM2|SPPL2A|GPR180,-3.4,MyList
DisGeNET,35,C0020255,Hydrocephalus,,-6.2,3,6,30230,473,584,27,4.6,0.87,673|1186|1718|2068|2071|3551|3981|5290|5311|5824|7290|7403|9897|9927|10585|10682|26503|29954|51360|55624|55764|79867|81839|123016|124997|285203|729920,BRAF|CLCN7|DHCR24|ERCC2|ERCC3|IKBKB|LIG4|PIK3CA|PKD2|PEX19|HIRA|KDM6A|WASHC5|MFN2|POMT1|EBP|SLC17A5|POMT2|MBTPS2|POMGNT1|IFT122|TCTN2|VANGL1|TTC8|WDR81|EOGT|CRPPA,-3.4,MyList
DisGeNET,35,C0234533,Generalized seizures,,-6.1,4.2,6.5,30230,210,584,17,2.9,0.7,1143|2068|2071|2353|2562|4504|5428|5580|5609|5873|6854|9439|10479|11253|23158|57030|93183,CHRNB4|ERCC2|ERCC3|FOS|GABRB3|MT3|POLG|PRKCD|MAP2K7|RAB27A|SYN2|MED23|SLC9A6|MAN1B1|TBC1D9|SLC17A7|PIGM,-3.3,MyList
DisGeNET,35,C0221355,Macrocephaly,,-6,3.3,6.1,30230,366,584,23,3.9,0.8,673|1186|1718|2182|4337|5192|5290|5824|6391|6392|8925|9897|10585|11043|23001|23399|23405|29954|55624|57560|93183|124997|729920,BRAF|CLCN7|DHCR24|ACSL4|MOCS1|PEX10|PIK3CA|PEX19|SDHC|SDHD|HERC1|WASHC5|POMT1|MID2|WDFY3|CTDNEP1|DICER1|POMT2|POMGNT1|IFT80|PIGM|WDR81|CRPPA,-3.3,MyList
DisGeNET,35,C0235946,Cerebral atrophy,,-6,3,5.9,30230,453,584,26,4.5,0.85,706|4337|5428|5824|6908|9382|9439|10195|11253|23400|26100|26503|26580|30849|51360|51761|54802|57038|57520|57531|57570|84942|84947|85378|124997|128869,TSPO|MOCS1|POLG|PEX19|TBP|COG1|MED23|ALG3|MAN1B1|ATP13A2|WIPI2|SLC17A5|BSCL2|PIK3R4|MBTPS2|ATP8A2|TRIT1|RARS2|HECW2|HACE1|TRMT5|WDR73|SERAC1|TUBGCP6|WDR81|PIGU,-3.3,MyList
DisGeNET,35,C0029089,Ophthalmoplegia,,-5.9,4.1,6.4,30230,216,584,17,2.9,0.7,24|4508|4514|4540|4541|5145|5428|6392|8100|9742|10479|26160|51601|51776|55624|92840|123016,ABCA4|ATP6|COX3|ND5|ND6|PDE6A|POLG|SDHD|IFT88|IFT140|SLC9A6|IFT172|LIPT1|MAP3K20|POMGNT1|REEP6|TTC8,-3.2,MyList
Transcription Factor Targets,16,M17318,CGTSACG PAX3 B,,-5.9,4.9,6.6,30230,149,584,14,2.4,0.63,673|1958|1959|2710|3551|9374|10957|25902|54704|80314|84275|91869|124936|124997,BRAF|EGR1|EGR2|GK|IKBKB|PPT2|PNRC1|MTHFD1L|PDP1|EPC1|SLC25A33|RFT1|CYB5D2|WDR81,-3.2,MyList
DisGeNET,35,C0034935,Babinski Reflex,,-5.9,4,6.3,30230,218,584,17,2.9,0.7,22|2182|4508|6392|9179|9897|9927|11043|11154|23400|26580|51324|55149|55703|57570|113612|219285,ABCB7|ACSL4|ATP6|SDHD|AP4M1|WASHC5|MFN2|MID2|AP4S1|ATP13A2|BSCL2|SPG21|MTPAP|POLR3B|TRMT5|CYP2U1|SAMD9L,-3.1,MyList
DisGeNET,35,C0541764,Delayed bone age,,-5.8,3.5,6.1,30230,295,584,20,3.4,0.75,673|2068|2071|2353|3981|4514|4540|4541|5286|5922|6016|6307|6655|6845|10785|23522|26580|51360|80067|89970,BRAF|ERCC2|ERCC3|FOS|LIG4|COX3|ND5|ND6|PIK3C2A|RASA2|RIT1|MSMO1|SOS2|VAMP7|WDR4|KAT6B|BSCL2|MBTPS2|DCAF17|RSPRY1,-3.1,MyList
DisGeNET,35,C1855285,Protruding ear,,-5.8,4.8,6.5,30230,152,584,14,2.4,0.63,2068|2071|3981|4514|4540|4541|7403|10585|29954|51360|55624|80067|85378|729920,ERCC2|ERCC3|LIG4|COX3|ND5|ND6|KDM6A|POMT1|POMT2|MBTPS2|POMGNT1|DCAF17|TUBGCP6|CRPPA,-3.1,MyList
DisGeNET,35,C1835884,Triangular face,,-5.8,5.6,6.8,30230,111,584,12,2.1,0.59,673|5824|5922|6016|6655|8925|9772|23522|26580|57570|80067|201163,BRAF|PEX19|RASA2|RIT1|SOS2|HERC1|TMEM94|KAT6B|BSCL2|TRMT5|DCAF17|FLCN,-3.1,MyList
DisGeNET,35,C1846821,Abnormality of coagulation,,-5.7,7.9,7.4,30230,59,584,9,1.5,0.51,673|5192|5824|5922|6016|6655|23522|55135|91869,BRAF|PEX10|PEX19|RASA2|RIT1|SOS2|KAT6B|WRAP53|RFT1,-3,MyList
Transcription Factor Targets,16,M30142,RFX7 TARGET GENES,,-5.7,2.8,5.7,30230,500,584,27,4.6,0.87,2968|4289|4292|5873|6778|8693|9238|9821|23395|23461|27072|29954|51324|51601|54620|54968|55706|56948|57169|57380|60487|64852|80213|84274|84861|84888|93973,GTF2H4|MKLN1|MLH1|RAB27A|STAT6|GALNT4|TBRG4|RB1CC1|LARS2|ABCA5|VPS41|POMT2|SPG21|LIPT1|FBXL19|TMEM70|NDC1|SDR39U1|ZNFX1|MRS2|TRMT11|TUT1|TM2D3|COQ5|KLHL22|SPPL2A|ACTR8,-3,MyList
DisGeNET,35,C0432198,"Short rib-polydactyly syndrome, Beemer type",,-5.7,35,12,30230,6,584,4,0.68,0.34,55764|57560|57728|79809,IFT122|IFT80|WDR19|TTC21B,-3,MyList
DisGeNET,35,C0234132,Pyramidal sign,,-5.7,4.7,6.4,30230,155,584,14,2.4,0.63,2068|2071|4292|5192|5290|6908|7274|10585|26580|29954|51324|54974|55624|56997,ERCC2|ERCC3|MLH1|PEX10|PIK3CA|TBP|TTPA|POMT1|BSCL2|POMT2|SPG21|THG1L|POMGNT1|COQ8A,-3,MyList
DisGeNET,35,C2112129,Postaxial foot polydactyly,,-5.7,9.2,7.7,30230,45,584,8,1.4,0.48,9742|26160|57560|57728|79809|79867|83479|123016,IFT140|IFT172|IFT80|WDR19|TTC21B|TCTN2|DDX59|TTC8,-3,MyList
DisGeNET,35,C0855740,Abnormal platelet function,,-5.7,15,8.9,30230,21,584,6,1,0.42,673|5922|6016|6655|23522|219285,BRAF|RASA2|RIT1|SOS2|KAT6B|SAMD9L,-3,MyList
DisGeNET,35,C0234378,Static Tremor,,-5.5,7.5,7.2,30230,62,584,9,1.5,0.51,4508|4514|4540|4541|5428|9927|23400|26580|55703,ATP6|COX3|ND5|ND6|POLG|MFN2|ATP13A2|BSCL2|POLR3B,-2.9,MyList
DisGeNET,35,C0017601,Glaucoma,,-5.5,2.4,5.4,30230,768,584,35,6,0.98,24|90|1052|1121|1657|5145|5192|5286|5290|5428|5602|5824|7290|7410|8100|9213|9742|9897|9927|10451|10585|10682|23411|26160|29954|55624|56262|57448|64682|80324|84061|92840|123016|124583|729920,ABCA4|ACVR1|CEBPD|CHM|DMXL1|PDE6A|PEX10|PIK3C2A|PIK3CA|POLG|MAPK10|PEX19|HIRA|VAV2|IFT88|XPR1|IFT140|WASHC5|MFN2|VAV3|POMT1|EBP|SIRT1|IFT172|POMT2|POMGNT1|LRRC8A|BIRC6|ANAPC1|PUS1|MAGT1|REEP6|TTC8|CANT1|CRPPA,-2.9,MyList
DisGeNET,35,C3278923,Dilated ventricles (finding),,-5.4,2.9,5.6,30230,427,584,24,4.1,0.82,1718|2068|2071|2353|4337|4508|4514|4540|4541|5290|7403|8925|9179|9213|10479|10585|26580|29954|51360|55624|57520|84340|84342|729920,DHCR24|ERCC2|ERCC3|FOS|MOCS1|ATP6|COX3|ND5|ND6|PIK3CA|KDM6A|HERC1|AP4M1|XPR1|SLC9A6|POMT1|BSCL2|POMT2|MBTPS2|POMGNT1|HECW2|GFM2|COG8|CRPPA,-2.8,MyList
DisGeNET,35,C0424605,Developmental delay (disorder),,-5.4,2.6,5.4,30230,584,584,29,5,0.9,673|1186|2182|2562|2899|3981|4514|5137|5290|6307|6392|9179|9817|9927|10585|10682|11154|23405|23522|51761|54704|54802|54974|57038|57520|79139|84942|93664|200316,BRAF|CLCN7|ACSL4|GABRB3|GRIK3|LIG4|COX3|PDE1C|PIK3CA|MSMO1|SDHD|AP4M1|KEAP1|MFN2|POMT1|EBP|AP4S1|DICER1|KAT6B|ATP8A2|PDP1|TRIT1|THG1L|RARS2|HECW2|DERL1|WDR73|CADPS2|APOBEC3F,-2.7,MyList
Cell Type Signatures,7,M39236,LAKE ADULT KIDNEY C17 COLLECTING SYSTEM PCS STRESSED DISSOC SUBSET,,-5.3,3.7,5.8,30230,240,584,17,2.9,0.7,673|1958|2182|2353|4642|5581|6095|6307|6721|7328|8925|51422|81539|90550|93664|114781|114789,BRAF|EGR1|ACSL4|FOS|MYO1D|PRKCE|RORA|MSMO1|SREBF2|UBE2H|HERC1|PRKAG2|SLC38A1|MCU|CADPS2|BTBD9|SLC25A25,-2.7,MyList
DisGeNET,35,C0521694,Atrophic retina,,-5.3,13,8.2,30230,24,584,6,1,0.42,24|10585|29954|55624|84131|92840,ABCA4|POMT1|POMT2|POMGNT1|CEP78|REEP6,-2.7,MyList
DisGeNET,35,C4277690,Ciliopathies,,-5.3,3.7,5.8,30230,241,584,17,2.9,0.7,90|3769|5290|5311|5587|8100|9742|26160|30849|55764|57558|57560|57728|79809|79867|90410|123016,ACVR1|KCNJ13|PIK3CA|PKD2|PRKD1|IFT88|IFT140|IFT172|PIK3R4|IFT122|USP35|IFT80|WDR19|TTC21B|TCTN2|IFT20|TTC8,-2.7,MyList
DisGeNET,35,C0454644,Delayed speech and language development,,-5.3,2.6,5.3,30230,560,584,28,4.8,0.88,2068|2182|3981|4508|5587|6016|6095|9382|9439|9772|10157|10585|10785|11043|11253|23522|26100|26160|26503|26580|29081|55149|57531|84340|84942|119559|124997|197322,ERCC2|ACSL4|LIG4|ATP6|PRKD1|RIT1|RORA|COG1|MED23|TMEM94|AASS|POMT1|WDR4|MID2|MAN1B1|KAT6B|WIPI2|IFT172|SLC17A5|BSCL2|METTL5|MTPAP|HACE1|GFM2|WDR73|SFXN4|WDR81|ACSF3,-2.6,MyList
DisGeNET,35,C0010417,Cryptorchidism,,-5.2,2.4,5.2,30230,724,584,33,5.7,0.96,673|2068|2071|2733|3981|5192|5286|5290|5824|5922|6016|6655|6845|7290|7403|9382|9772|9915|10585|10682|23522|26160|29954|51360|51776|54968|55624|55703|57560|79867|81839|123016|729920,BRAF|ERCC2|ERCC3|GLE1|LIG4|PEX10|PIK3C2A|PIK3CA|PEX19|RASA2|RIT1|SOS2|VAMP7|HIRA|KDM6A|COG1|TMEM94|ARNT2|POMT1|EBP|KAT6B|IFT172|POMT2|MBTPS2|MAP3K20|TMEM70|POMGNT1|POLR3B|IFT80|TCTN2|VANGL1|TTC8|CRPPA,-2.6,MyList
DisGeNET,35,C0234162,Cerebellar Dysmetria,,-5.2,4.9,6.2,30230,127,584,12,2.1,0.59,22|5582|6908|7274|51300|55703|56997|79867|91137|119559|124997|219285,ABCB7|PRKCG|TBP|TTPA|TIMMDC1|POLR3B|COQ8A|TCTN2|SLC25A46|SFXN4|WDR81|SAMD9L,-2.6,MyList
Transcription Factor Targets,16,M30399,ZNF85 TARGET GENES,,-5.2,3.2,5.5,30230,327,584,20,3.4,0.75,2968|5581|7290|9439|10239|11043|11253|51255|55181|55638|55703|64172|66036|79736|83882|84219|84302|84318|84340|137695,GTF2H4|PRKCE|HIRA|MED23|AP3S2|MID2|MAN1B1|RNF181|SMG8|SYBU|POLR3B|OSGEPL1|MTMR9|TEFM|TSPAN10|WDR24|PGAP4|CCDC77|GFM2|TMEM68,-2.6,MyList
DisGeNET,35,C1167918,Increased CSF lactate,,-5.2,5.9,6.5,30230,87,584,10,1.7,0.54,4508|4540|4541|22868|51300|51601|55005|56997|57038|84340,ATP6|ND5|ND6|FASTKD2|TIMMDC1|LIPT1|RMND1|COQ8A|RARS2|GFM2,-2.6,MyList
DisGeNET,35,C1842083,Abnormality of the ribs,,-5.1,6.8,6.7,30230,69,584,9,1.5,0.51,1186|2733|9382|9742|26160|51360|57560|57728|79809,CLCN7|GLE1|COG1|IFT140|IFT172|MBTPS2|IFT80|WDR19|TTC21B,-2.6,MyList
DisGeNET,35,C0344482,Hypoplasia of corpus callosum,,-5.1,3,5.4,30230,385,584,22,3.8,0.79,673|4337|9179|9439|9915|10585|10682|11154|11253|23400|29954|51324|51360|55005|55703|55764|57531|84942|113612|124997|201163|729920,BRAF|MOCS1|AP4M1|MED23|ARNT2|POMT1|EBP|AP4S1|MAN1B1|ATP13A2|POMT2|SPG21|MBTPS2|RMND1|POLR3B|IFT122|HACE1|WDR73|CYP2U1|WDR81|FLCN|CRPPA,-2.6,MyList
DisGeNET,35,C0745730,Multiple lipomata,,-5.1,9.5,7.4,30230,38,584,7,1.2,0.45,4514|4540|4541|5290|9927|81839|201163,COX3|ND5|ND6|PIK3CA|MFN2|VANGL1|FLCN,-2.6,MyList
DisGeNET,35,C0027672,"Neoplastic Syndromes, Hereditary",,-5.1,5.9,6.4,30230,88,584,10,1.7,0.54,673|1757|4292|5290|6391|6392|11200|23405|84142|201163,BRAF|SARDH|MLH1|PIK3CA|SDHC|SDHD|CHEK2|DICER1|ABRAXAS1|FLCN,-2.5,MyList
DisGeNET,35,C1857486,"Low-set, posteriorly rotated ears",,-5.1,3.7,5.7,30230,223,584,16,2.7,0.68,673|1718|2733|3981|5192|5824|5922|6016|6655|9382|23522|26160|79867|123016|124583|388650,BRAF|DHCR24|GLE1|LIG4|PEX10|PEX19|RASA2|RIT1|SOS2|COG1|KAT6B|IFT172|TCTN2|TTC8|CANT1|DIPK1A,-2.5,MyList
DisGeNET,35,C4553765,"Memory Impairment, CTCAE 5.0",,-5.1,5.3,6.2,30230,108,584,11,1.9,0.56,4292|4514|4540|4541|4615|5290|5428|5582|9213|10020|197322,MLH1|COX3|ND5|ND6|MYD88|PIK3CA|POLG|PRKCG|XPR1|GNE|ACSF3,-2.5,MyList
DisGeNET,35,C0266483,Pachygyria,,-5.1,4.8,6.1,30230,129,584,12,2.1,0.59,1718|5192|10585|10785|27292|29954|55005|55624|79867|84942|85378|729920,DHCR24|PEX10|POMT1|WDR4|DIMT1|POMT2|RMND1|POMGNT1|TCTN2|WDR73|TUBGCP6|CRPPA,-2.5,MyList
DisGeNET,35,C0311394,Difficulty walking,,-5.1,3.7,5.7,30230,224,584,16,2.7,0.68,1798|2733|4508|5375|9179|9897|9927|10463|10585|11154|23400|29954|51324|55958|57531|729920,DPAGT1|GLE1|ATP6|PMP2|AP4M1|WASHC5|MFN2|SLC30A9|POMT1|AP4S1|ATP13A2|POMT2|SPG21|KLHL9|HACE1|CRPPA,-2.5,MyList
DisGeNET,35,C1963167,"Memory Impairment, CTCAE 3.0",,-5.1,5.2,6.2,30230,109,584,11,1.9,0.56,4292|4514|4540|4541|4615|5290|5428|5582|9213|10020|197322,MLH1|COX3|ND5|ND6|MYD88|PIK3CA|POLG|PRKCG|XPR1|GNE|ACSF3,-2.5,MyList
DisGeNET,35,C4023385,Aplasia of the semicircular canal,,-5,16,8.5,30230,16,584,5,0.86,0.38,673|5922|6016|6655|23522,BRAF|RASA2|RIT1|SOS2|KAT6B,-2.5,MyList
DisGeNET,35,C3665347,Visual Impairment,,-5,2.8,5.3,30230,422,584,23,3.9,0.8,24|1186|2068|4508|4514|4540|4541|4547|5192|5428|5824|6392|7274|9742|9915|10585|26504|29954|55624|84131|85378|91869|119559,ABCA4|CLCN7|ERCC2|ATP6|COX3|ND5|ND6|MTTP|PEX10|POLG|PEX19|SDHD|TTPA|IFT140|ARNT2|POMT1|CNNM4|POMT2|POMGNT1|CEP78|TUBGCP6|RFT1|SFXN4,-2.5,MyList
DisGeNET,35,C0026010,Microphthalmos,,-5,3.1,5.4,30230,335,584,20,3.4,0.75,673|1958|2068|2071|5290|5602|5873|6490|7290|9927|10585|10682|29954|51360|55624|79867|84942|85378|285203|729920,BRAF|EGR1|ERCC2|ERCC3|PIK3CA|MAPK10|RAB27A|PMEL|HIRA|MFN2|POMT1|EBP|POMT2|MBTPS2|POMGNT1|TCTN2|WDR73|TUBGCP6|EOGT|CRPPA,-2.5,MyList
DisGeNET,35,C0085636,Photophobia,,-5,3.6,5.6,30230,227,584,16,2.7,0.68,24|2068|2071|3769|5145|5959|8100|9742|26160|26504|51360|55624|84131|92840|123016|200576,ABCA4|ERCC2|ERCC3|KCNJ13|PDE6A|RDH5|IFT88|IFT140|IFT172|CNNM4|MBTPS2|POMGNT1|CEP78|REEP6|TTC8|PIKFYVE,-2.5,MyList
DisGeNET,35,C0522214,Abnormal visual evoked potential,,-5,7.5,6.8,30230,55,584,8,1.4,0.48,24|1186|4514|4540|4541|5428|7274|9927,ABCA4|CLCN7|COX3|ND5|ND6|POLG|TTPA|MFN2,-2.5,MyList
DisGeNET,35,C0432103,Submucous cleft of hard palate,,-5,7.5,6.8,30230,55,584,8,1.4,0.48,673|1718|3981|10585|23522|29954|55624|729920,BRAF|DHCR24|LIG4|POMT1|KAT6B|POMT2|POMGNT1|CRPPA,-2.5,MyList
DisGeNET,35,C4020847,Abnormality of pelvic girdle bone morphology,,-5,7.5,6.8,30230,55,584,8,1.4,0.48,1186|8443|9742|10682|26160|57560|57728|79809,CLCN7|GNPAT|IFT140|EBP|IFT172|IFT80|WDR19|TTC21B,-2.5,MyList
DisGeNET,35,C0018524,Hallucinations,,-5,4.1,5.8,30230,178,584,14,2.4,0.63,2562|4292|4514|4540|4541|5290|6854|6908|23158|23229|23400|56978|80067|84131,GABRB3|MLH1|COX3|ND5|ND6|PIK3CA|SYN2|TBP|TBC1D9|ARHGEF9|ATP13A2|PRDM8|DCAF17|CEP78,-2.5,MyList
DisGeNET,35,C1853141,Slow decrease in visual acuity,,-5,12,7.7,30230,27,584,6,1,0.42,673|4508|4514|4540|4541|9927,BRAF|ATP6|COX3|ND5|ND6|MFN2,-2.5,MyList
Transcription Factor Targets,16,M40778,CDC73 TARGET GENES,,-5,2.6,5.2,30230,517,584,26,4.5,0.85,21|3981|5582|5824|9439|10975|23113|23456|29880|55135|55703|56978|57169|64121|64172|64318|64852|65258|79415|79607|79671|80198|85378|285605|338692|494143,ABCA3|LIG4|PRKCG|PEX19|MED23|UQCR11|CUL9|ABCB10|ALG5|WRAP53|POLR3B|PRDM8|ZNFX1|RRAGC|OSGEPL1|NOC3L|TUT1|MPPE1|CYBC1|FAM118B|NLRX1|MUS81|TUBGCP6|DTWD2|ANKRD13D|CHAC2,-2.5,MyList
DisGeNET,35,C0375206,Hemiplegia/hemiparesis,,-4.9,5.1,6.1,30230,112,584,11,1.9,0.56,3769|4292|5290|7274|9742|9915|10585|10785|29954|55624|84942,KCNJ13|MLH1|PIK3CA|TTPA|IFT140|ARNT2|POMT1|WDR4|POMT2|POMGNT1|WDR73,-2.4,MyList
DisGeNET,35,C0431904,Ulnar polydactyly of fingers,,-4.9,5.6,6.2,30230,92,584,10,1.7,0.54,4508|9742|26160|51360|57560|57728|79809|79867|83479|123016,ATP6|IFT140|IFT172|MBTPS2|IFT80|WDR19|TTC21B|TCTN2|DDX59|TTC8,-2.4,MyList
DisGeNET,35,C1837249,"Malformations of Cortical Development, Group II",,-4.9,4,5.7,30230,180,584,14,2.4,0.63,1600|3769|4514|4540|4541|5192|5609|5824|9213|9742|9772|9897|10585|85378,DAB1|KCNJ13|COX3|ND5|ND6|PEX10|MAP2K7|PEX19|XPR1|IFT140|TMEM94|WASHC5|POMT1|TUBGCP6,-2.4,MyList
DisGeNET,35,C0239234,Low set ears,,-4.9,2.6,5.2,30230,489,584,25,4.3,0.84,673|1718|2710|2733|4508|5192|6016|7290|8925|9772|9897|10020|10585|10682|11253|23522|29954|51360|54968|55624|56262|79867|84942|89970|729920,BRAF|DHCR24|GK|GLE1|ATP6|PEX10|RIT1|HIRA|HERC1|TMEM94|WASHC5|GNE|POMT1|EBP|MAN1B1|KAT6B|POMT2|MBTPS2|TMEM70|POMGNT1|LRRC8A|TCTN2|WDR73|RSPRY1|CRPPA,-2.4,MyList
DisGeNET,35,C0151888,Hyporeflexia,,-4.9,3.2,5.4,30230,312,584,19,3.3,0.73,1959|2068|2071|4508|4540|4541|5428|7274|9927|10585|23175|29954|55005|55149|55624|57570|91137|124997|729920,EGR2|ERCC2|ERCC3|ATP6|ND5|ND6|POLG|TTPA|MFN2|POMT1|LPIN1|POMT2|RMND1|MTPAP|POMGNT1|TRMT5|SLC25A46|WDR81|CRPPA,-2.4,MyList
DisGeNET,35,C0025990,Micrognathism,,-4.9,2.5,5.1,30230,586,584,28,4.8,0.88,673|1718|1798|2068|2733|3981|5192|5290|5824|5922|6016|6655|7290|8443|9382|9897|10682|10785|23522|51776|55624|57560|79867|80324|84342|84942|91869|201163,BRAF|DHCR24|DPAGT1|ERCC2|GLE1|LIG4|PEX10|PIK3CA|PEX19|RASA2|RIT1|SOS2|HIRA|GNPAT|COG1|WASHC5|EBP|WDR4|KAT6B|MAP3K20|POMGNT1|IFT80|TCTN2|PUS1|COG8|WDR73|RFT1|FLCN,-2.4,MyList
DisGeNET,35,C1866730,Rhizomelia,,-4.9,7.3,6.6,30230,57,584,8,1.4,0.48,1718|8443|9382|10682|51360|55764|57560|57728,DHCR24|GNPAT|COG1|EBP|MBTPS2|IFT122|IFT80|WDR19,-2.4,MyList
DisGeNET,35,C0850703,Frequent falls,,-4.8,5.5,6.1,30230,94,584,10,1.7,0.54,1600|1798|4508|5375|5428|6392|9927|10585|55149|729920,DAB1|DPAGT1|ATP6|PMP2|POLG|SDHD|MFN2|POMT1|MTPAP|CRPPA,-2.4,MyList
Cell Type Signatures,7,M39241,LAKE ADULT KIDNEY C22 ENDOTHELIAL CELLS GLOMERULAR CAPILLARIES,,-4.8,4.5,5.8,30230,137,584,12,2.1,0.59,2353|5286|5581|5797|6397|8925|9630|23092|23143|50807|57520|93664,FOS|PIK3C2A|PRKCE|PTPRM|SEC14L1|HERC1|GNA14|ARHGAP26|LRCH1|ASAP1|HECW2|CADPS2,-2.4,MyList
DisGeNET,35,C0003811,Cardiac Arrhythmia,,-4.8,2.5,5,30230,559,584,27,4.6,0.87,406|673|706|1757|4508|4514|4540|4541|5192|5290|5563|5824|5922|6016|6490|6655|7274|8824|23395|23411|23522|26100|50807|51422|54968|55149|79109,BMAL1|BRAF|TSPO|SARDH|ATP6|COX3|ND5|ND6|PEX10|PIK3CA|PRKAA2|PEX19|RASA2|RIT1|PMEL|SOS2|TTPA|CES2|LARS2|SIRT1|KAT6B|WIPI2|ASAP1|PRKAG2|TMEM70|MTPAP|MAPKAP1,-2.4,MyList
DisGeNET,35,C1836940,Thickened nuchal skin fold,,-4.8,7.1,6.6,30230,58,584,8,1.4,0.48,673|5192|5824|5922|6016|6655|10682|23522,BRAF|PEX10|PEX19|RASA2|RIT1|SOS2|EBP|KAT6B,-2.4,MyList
DisGeNET,35,C0038002,Splenomegaly,,-4.8,3,5.2,30230,345,584,20,3.4,0.75,673|1186|1718|2353|3981|3988|4615|5286|5290|5580|5873|7290|10020|26160|26503|26580|55135|79415|93183|219285,BRAF|CLCN7|DHCR24|FOS|LIG4|LIPA|MYD88|PIK3C2A|PIK3CA|PRKCD|RAB27A|HIRA|GNE|IFT172|SLC17A5|BSCL2|WRAP53|CYBC1|PIGM|SAMD9L,-2.4,MyList
DisGeNET,35,C0333068,Flexion contracture,,-4.8,3.7,5.5,30230,210,584,15,2.6,0.65,2068|2353|4292|5290|6392|8443|9927|10479|10585|10785|11154|26580|29954|57038|91137,ERCC2|FOS|MLH1|PIK3CA|SDHD|GNPAT|MFN2|SLC9A6|POMT1|WDR4|AP4S1|BSCL2|POMT2|RARS2|SLC25A46,-2.3,MyList
DisGeNET,35,C0005745,Blepharoptosis,,-4.8,2.4,5,30230,595,584,28,4.8,0.88,673|1798|2733|3981|4514|4540|4541|5192|5428|5824|5922|6016|6392|6655|7290|7403|10463|10682|22868|23522|26503|51300|51601|51776|79776|79867|84942|89970,BRAF|DPAGT1|GLE1|LIG4|COX3|ND5|ND6|PEX10|POLG|PEX19|RASA2|RIT1|SDHD|SOS2|HIRA|KDM6A|SLC30A9|EBP|FASTKD2|KAT6B|SLC17A5|TIMMDC1|LIPT1|MAP3K20|ZFHX4|TCTN2|WDR73|RSPRY1,-2.3,MyList
DisGeNET,35,C0266435,Congenital hypoplasia of penis,,-4.8,3.5,5.4,30230,237,584,16,2.7,0.68,24|3981|5145|7403|8100|9742|9897|9915|10585|26160|29954|55624|57560|92840|123016|729920,ABCA4|LIG4|PDE6A|KDM6A|IFT88|IFT140|WASHC5|ARNT2|POMT1|IFT172|POMT2|POMGNT1|IFT80|REEP6|TTC8|CRPPA,-2.3,MyList
DisGeNET,35,C0152191,"Scotoma, Central",,-4.8,8.4,6.8,30230,43,584,7,1.2,0.45,24|4508|4514|4540|4541|5959|9927,ABCA4|ATP6|COX3|ND5|ND6|RDH5|MFN2,-2.3,MyList
DisGeNET,35,C0221354,Frontal bossing,,-4.7,3.1,5.2,30230,321,584,19,3.3,0.73,673|1186|1718|2710|4337|5290|8925|9742|9897|10020|10682|11253|23405|51360|55764|57560|57728|83479|729920,BRAF|CLCN7|DHCR24|GK|MOCS1|PIK3CA|HERC1|IFT140|WASHC5|GNE|EBP|MAN1B1|DICER1|MBTPS2|IFT122|IFT80|WDR19|DDX59|CRPPA,-2.3,MyList
DisGeNET,35,C4025814,Abnormality of the metaphysis,,-4.7,5.3,6,30230,97,584,10,1.7,0.54,1186|2182|3981|9742|26160|55764|57560|57728|79809|124583,CLCN7|ACSL4|LIG4|IFT140|IFT172|IFT122|IFT80|WDR19|TTC21B|CANT1,-2.3,MyList
DisGeNET,35,C0009024,Clonus,,-4.7,6.9,6.4,30230,60,584,8,1.4,0.48,22|4514|4540|4541|9897|10585|29954|55624,ABCB7|COX3|ND5|ND6|WASHC5|POMT1|POMT2|POMGNT1,-2.3,MyList
DisGeNET,35,C0554970,Pallor of optic disc,,-4.7,5.3,6,30230,98,584,10,1.7,0.54,24|1186|3769|4508|5145|9927|26160|26504|51300|85378,ABCA4|CLCN7|KCNJ13|ATP6|PDE6A|MFN2|IFT172|CNNM4|TIMMDC1|TUBGCP6,-2.3,MyList
DisGeNET,35,C0018021,Goiter,,-4.7,4.4,5.7,30230,142,584,12,2.1,0.59,673|4514|4540|4541|5290|5428|6391|6392|6590|9817|23405|84131,BRAF|COX3|ND5|ND6|PIK3CA|POLG|SDHC|SDHD|SLPI|KEAP1|DICER1|CEP78,-2.2,MyList
DisGeNET,35,C1854301,Motor delay,,-4.7,2.8,5.1,30230,384,584,21,3.6,0.77,1757|1798|1959|2733|6016|6095|6392|9439|10585|11253|22868|23522|29954|51776|55149|55624|84942|89970|113612|124583|729920,SARDH|DPAGT1|EGR2|GLE1|RIT1|RORA|SDHD|MED23|POMT1|MAN1B1|FASTKD2|KAT6B|POMT2|MAP3K20|MTPAP|POMGNT1|WDR73|RSPRY1|CYP2U1|CANT1|CRPPA,-2.2,MyList
DisGeNET,35,C1846149,"Intellectual disability, progressive",,-4.6,8.1,6.6,30230,45,584,7,1.2,0.45,2068|2071|9179|10479|23229|23522|124997,ERCC2|ERCC3|AP4M1|SLC9A6|ARHGEF9|KAT6B|WDR81,-2.2,MyList
DisGeNET,35,C0162670,Mitochondrial Myopathies,,-4.6,4.7,5.7,30230,121,584,11,1.9,0.56,3981|4508|4514|4540|4541|4547|5428|51300|54968|80324|157378,LIG4|ATP6|COX3|ND5|ND6|MTTP|POLG|TIMMDC1|TMEM70|PUS1|TMEM65,-2.2,MyList
DisGeNET,35,C0033377,Ptosis,,-4.6,2.4,4.8,30230,607,584,28,4.8,0.88,673|1798|2733|3981|4514|4540|4541|5192|5428|5824|5922|6016|6392|6655|7290|7403|10463|10682|22868|23522|26503|51300|51601|51776|79776|79867|84942|89970,BRAF|DPAGT1|GLE1|LIG4|COX3|ND5|ND6|PEX10|POLG|PEX19|RASA2|RIT1|SDHD|SOS2|HIRA|KDM6A|SLC30A9|EBP|FASTKD2|KAT6B|SLC17A5|TIMMDC1|LIPT1|MAP3K20|ZFHX4|TCTN2|WDR73|RSPRY1,-2.2,MyList
DisGeNET,35,C0023264,Leigh Disease,,-4.6,4.3,5.6,30230,144,584,12,2.1,0.59,24|4508|4514|4540|4541|5428|51300|51601|54704|56997|84340|91137,ABCA4|ATP6|COX3|ND5|ND6|POLG|TIMMDC1|LIPT1|PDP1|COQ8A|GFM2|SLC25A46,-2.2,MyList
DisGeNET,35,C0494475,Tonic - clonic seizures,,-4.6,3.1,5.1,30230,300,584,18,3.1,0.72,1143|1757|2182|2353|2562|4504|4508|4514|4540|4541|5428|5580|5602|6854|11043|57030|57531|93183,CHRNB4|SARDH|ACSL4|FOS|GABRB3|MT3|ATP6|COX3|ND5|ND6|POLG|PRKCD|MAPK10|SYN2|MID2|SLC17A7|HACE1|PIGM,-2.2,MyList
DisGeNET,35,C4551714,Rod-Cone Dystrophy,,-4.6,3.8,5.4,30230,193,584,14,2.4,0.63,24|4508|4540|4541|5145|5192|5824|7867|9742|26160|26504|57728|92840|123016,ABCA4|ATP6|ND5|ND6|PDE6A|PEX10|PEX19|MAPKAPK3|IFT140|IFT172|CNNM4|WDR19|REEP6|TTC8,-2.2,MyList
DisGeNET,35,C4022646,Reduced muscle fiber alpha dystroglycan,,-4.6,21,8.7,30230,10,584,4,0.68,0.34,10585|29954|55624|729920,POMT1|POMT2|POMGNT1|CRPPA,-2.2,MyList
DisGeNET,35,C4015098,Hypoglycosylation of alpha-dystroglycan,,-4.6,21,8.7,30230,10,584,4,0.68,0.34,10585|29954|55624|729920,POMT1|POMT2|POMGNT1|CRPPA,-2.2,MyList
DisGeNET,35,C4022012,Death in early adulthood,,-4.6,7.9,6.6,30230,46,584,7,1.2,0.45,4292|4514|4540|4541|5290|5428|10479,MLH1|COX3|ND5|ND6|PIK3CA|POLG|SLC9A6,-2.2,MyList
DisGeNET,35,C1860493,Abnormality of the sternum,,-4.6,7.9,6.6,30230,46,584,7,1.2,0.45,5286|6016|9742|26160|57560|57728|79809,PIK3C2A|RIT1|IFT140|IFT172|IFT80|WDR19|TTC21B,-2.2,MyList
DisGeNET,35,C0423110,Downward slant of palpebral fissure,,-4.5,2.8,5,30230,391,584,21,3.6,0.77,673|1718|2182|2733|5290|5922|6016|6655|7290|8925|9382|9897|10682|11043|11253|23522|26160|123016|197257|201163|388650,BRAF|DHCR24|ACSL4|GLE1|PIK3CA|RASA2|RIT1|SOS2|HIRA|HERC1|COG1|WASHC5|EBP|MID2|MAN1B1|KAT6B|IFT172|TTC8|LDHD|FLCN|DIPK1A,-2.2,MyList
DisGeNET,35,C4023909,Aplasia/Hypoplasia of the abdominal wall musculature,,-4.5,9.7,6.9,30230,32,584,6,1,0.42,673|5922|6016|6655|23522|124583,BRAF|RASA2|RIT1|SOS2|KAT6B|CANT1,-2.1,MyList
DisGeNET,35,C0456909,Blindness,,-4.5,2.8,4.9,30230,393,584,21,3.6,0.77,24|1121|1186|3769|4508|4541|5145|5428|6392|8100|9742|9915|10585|23405|26160|29954|51300|55624|84131|92840|123016,ABCA4|CHM|CLCN7|KCNJ13|ATP6|ND6|PDE6A|POLG|SDHD|IFT88|IFT140|ARNT2|POMT1|DICER1|IFT172|POMT2|TIMMDC1|POMGNT1|CEP78|REEP6|TTC8,-2.1,MyList
DisGeNET,35,C0032915,Preexcitation Syndrome,,-4.5,13,7.5,30230,20,584,5,0.86,0.38,4508|4514|4540|4541|51422,ATP6|COX3|ND5|ND6|PRKAG2,-2.1,MyList
DisGeNET,35,C0559106,Ventricular preexcitation,,-4.5,13,7.5,30230,20,584,5,0.86,0.38,4508|4514|4540|4541|51422,ATP6|COX3|ND5|ND6|PRKAG2,-2.1,MyList
DisGeNET,35,C0003886,Arthrogryposis,,-4.5,3.7,5.3,30230,197,584,14,2.4,0.63,1718|1798|2068|2733|4514|4540|4541|5304|10195|10479|23522|84340|84342|91869,DHCR24|DPAGT1|ERCC2|GLE1|COX3|ND5|ND6|PIP|ALG3|SLC9A6|KAT6B|GFM2|COG8|RFT1,-2.1,MyList
DisGeNET,35,C0751837,Gait Ataxia,,-4.5,3.9,5.4,30230,172,584,13,2.2,0.61,2068|2071|4285|4508|4540|4541|5428|5582|6908|8925|10479|26580|54704,ERCC2|ERCC3|MIPEP|ATP6|ND5|ND6|POLG|PRKCG|TBP|HERC1|SLC9A6|BSCL2|PDP1,-2.1,MyList
DisGeNET,35,C0541794,Skeletal muscle atrophy,,-4.5,3,5,30230,306,584,18,3.1,0.72,2733|4514|4540|4541|5428|7274|10479|10585|26160|29954|51761|51776|55624|84342|119559|123016|124997|729920,GLE1|COX3|ND5|ND6|POLG|TTPA|SLC9A6|POMT1|IFT172|POMT2|ATP8A2|MAP3K20|POMGNT1|COG8|SFXN4|TTC8|WDR81|CRPPA,-2.1,MyList
DisGeNET,35,C0085584,Encephalopathies,,-4.5,2.6,4.9,30230,457,584,23,3.9,0.8,673|1540|2562|4514|4540|4541|5428|5602|23143|26580|51300|51601|51761|54704|54802|54968|55005|55149|56997|57038|84342|84947|197322,BRAF|CYLD|GABRB3|COX3|ND5|ND6|POLG|MAPK10|LRCH1|BSCL2|TIMMDC1|LIPT1|ATP8A2|PDP1|TRIT1|TMEM70|RMND1|MTPAP|COQ8A|RARS2|COG8|SERAC1|ACSF3,-2.1,MyList
DisGeNET,35,C1836542,Depressed nasal bridge,,-4.5,2.7,4.9,30230,426,584,22,3.8,0.79,673|1718|2182|3981|5192|5290|5587|5824|8443|9772|9897|10195|10785|11043|11253|23405|23522|57520|57560|84342|89970|124583,BRAF|DHCR24|ACSL4|LIG4|PEX10|PIK3CA|PRKD1|PEX19|GNPAT|TMEM94|WASHC5|ALG3|WDR4|MID2|MAN1B1|DICER1|KAT6B|HECW2|IFT80|COG8|RSPRY1|CANT1,-2.1,MyList
DisGeNET,35,C0268630,Hyper-beta-alaninemia,,-4.4,9.4,6.8,30230,33,584,6,1,0.42,4285|4508|4540|4541|5428|54968,MIPEP|ATP6|ND5|ND6|POLG|TMEM70,-2.1,MyList
DisGeNET,35,C0343641,Human papilloma virus infection,,-4.4,2.7,4.9,30230,428,584,22,3.8,0.79,673|2353|3726|3981|4292|5290|6041|6490|6590|6655|6845|9582|9677|11200|23049|23175|23761|50807|51108|55149|81704|340061,BRAF|FOS|JUNB|LIG4|MLH1|PIK3CA|RNASEL|PMEL|SLPI|SOS2|VAMP7|APOBEC3B|PPIP5K1|CHEK2|SMG1|LPIN1|PISD|ASAP1|METTL9|MTPAP|DOCK8|STING1,-2.1,MyList
DisGeNET,35,C0266470,Cerebellar Hypoplasia,,-4.4,3.4,5.2,30230,226,584,15,2.6,0.65,10585|11253|29954|51360|55624|55638|55703|57038|57560|79867|84942|85378|124997|128869|729920,POMT1|MAN1B1|POMT2|MBTPS2|POMGNT1|SYBU|POLR3B|RARS2|IFT80|TCTN2|WDR73|TUBGCP6|WDR81|PIGU|CRPPA,-2.1,MyList
DisGeNET,35,C0036857,Severe intellectual disability,,-4.4,2.7,4.8,30230,429,584,22,3.8,0.79,1798|2182|4508|8925|9179|9439|10479|10585|11043|11154|11253|23229|23522|26100|29954|51360|51601|54968|55624|84942|91869|124997,DPAGT1|ACSL4|ATP6|HERC1|AP4M1|MED23|SLC9A6|POMT1|MID2|AP4S1|MAN1B1|ARHGEF9|KAT6B|WIPI2|POMT2|MBTPS2|LIPT1|TMEM70|POMGNT1|WDR73|RFT1|WDR81,-2.1,MyList
DisGeNET,35,C4021569,Central retinal vessel vascular tortuosity,,-4.4,19,8.3,30230,11,584,4,0.68,0.34,4508|4514|4540|4541,ATP6|COX3|ND5|ND6,-2.1,MyList
DisGeNET,35,C0234979,Dysdiadochokinesis,,-4.4,7.4,6.3,30230,49,584,7,1.2,0.45,22|673|1600|7274|55703|56997|124997,ABCB7|BRAF|DAB1|TTPA|POLR3B|COQ8A|WDR81,-2.1,MyList
DisGeNET,35,C4024809,Chorioretinal dysplasia,,-4.4,12,7.3,30230,21,584,5,0.86,0.38,10585|29954|55624|85378|729920,POMT1|POMT2|POMGNT1|TUBGCP6|CRPPA,-2.1,MyList
DisGeNET,35,C1843920,COENZYME Q10 DEFICIENCY,,-4.4,12,7.3,30230,21,584,5,0.86,0.38,4508|5286|5428|56997|58472,ATP6|PIK3C2A|POLG|COQ8A|SQOR,-2.1,MyList
DisGeNET,35,C1843885,Progressive gait ataxia,,-4.4,12,7.3,30230,21,584,5,0.86,0.38,4508|5192|5428|23400|55149,ATP6|PEX10|POLG|ATP13A2|MTPAP,-2.1,MyList
DisGeNET,35,C0040822,Tremor,,-4.4,2.5,4.7,30230,528,584,25,4.3,0.84,406|1186|1600|1959|4514|4540|4541|5428|5582|6095|6391|6392|6908|7274|23158|23400|26580|29107|54968|56997|79867|91137|119559|124997|197257,BMAL1|CLCN7|DAB1|EGR2|COX3|ND5|ND6|POLG|PRKCG|RORA|SDHC|SDHD|TBP|TTPA|TBC1D9|ATP13A2|BSCL2|NXT1|TMEM70|COQ8A|TCTN2|SLC25A46|SFXN4|WDR81|LDHD,-2,MyList
DisGeNET,35,C4024818,Progressive night blindness,,-4.3,5.4,5.7,30230,87,584,9,1.5,0.51,24|5145|5959|8100|9742|26160|55624|92840|123016,ABCA4|PDE6A|RDH5|IFT88|IFT140|IFT172|POMGNT1|REEP6|TTC8,-2,MyList
DisGeNET,35,C0005937,Bone Cysts,,-4.3,8.9,6.5,30230,35,584,6,1,0.42,2353|5290|5304|6391|6392|26580,FOS|PIK3CA|PIP|SDHC|SDHD|BSCL2,-2,MyList
DisGeNET,35,C0342776,Nicotinamide adenine dinucleotide coenzyme Q reductase deficiency,,-4.3,7.1,6.1,30230,51,584,7,1.2,0.45,1468|4540|4541|5428|9481|23411|57038,SLC25A10|ND5|ND6|POLG|SLC25A27|SIRT1|RARS2,-2,MyList
DisGeNET,35,C0427149,"Gait, Drop Foot",,-4.3,7.1,6.1,30230,51,584,7,1.2,0.45,1959|5375|5428|9927|10020|55958|91137,EGR2|PMP2|POLG|MFN2|GNE|KLHL9|SLC25A46,-2,MyList
DisGeNET,35,C0151786,Muscle Weakness,,-4.3,2.4,4.6,30230,536,584,25,4.3,0.84,673|4508|4514|4540|4541|5286|5428|5563|5922|6016|6392|6655|7274|9927|10020|10585|23113|23175|23400|23522|29954|55624|57570|91137|729920,BRAF|ATP6|COX3|ND5|ND6|PIK3C2A|POLG|PRKAA2|RASA2|RIT1|SDHD|SOS2|TTPA|MFN2|GNE|POMT1|CUL9|LPIN1|ATP13A2|KAT6B|POMT2|POMGNT1|TRMT5|SLC25A46|CRPPA,-2,MyList
DisGeNET,35,C3553764,Joint hyperflexibility,,-4.3,3.7,5.1,30230,181,584,13,2.2,0.61,673|3981|5290|5922|6016|6655|7290|7403|10479|23522|55764|57728|124583,BRAF|LIG4|PIK3CA|RASA2|RIT1|SOS2|HIRA|KDM6A|SLC9A6|KAT6B|IFT122|WDR19|CANT1,-2,MyList
DisGeNET,35,C0025362,Mental Retardation,,-4.3,2.5,4.7,30230,504,584,24,4.1,0.82,673|2068|2182|2710|5304|5934|6908|8476|9927|10479|10585|23092|23229|23405|23522|26580|29954|55624|64222|79874|80013|80067|81704|124997,BRAF|ERCC2|ACSL4|GK|PIP|RBL2|TBP|CDC42BPA|MFN2|SLC9A6|POMT1|ARHGAP26|ARHGEF9|DICER1|KAT6B|BSCL2|POMT2|POMGNT1|TOR3A|RABEP2|MINDY3|DCAF17|DOCK8|WDR81,-1.9,MyList
DisGeNET,35,C0022679,Cystic kidney,,-4.2,5.2,5.6,30230,89,584,9,1.5,0.51,3611|5311|5587|8100|9742|29954|55764|57560|79809,ILK|PKD2|PRKD1|IFT88|IFT140|POMT2|IFT122|IFT80|TTC21B,-1.9,MyList
DisGeNET,35,C0796074,MOHR-TRANEBJAERG SYNDROME,,-4.2,5.2,5.6,30230,89,584,9,1.5,0.51,673|4292|5290|6392|6908|11200|23158|26521|80067,BRAF|MLH1|PIK3CA|SDHD|TBP|CHEK2|TBC1D9|TIMM8B|DCAF17,-1.9,MyList
DisGeNET,35,C1848207,Poor speech,,-4.2,3.5,5,30230,208,584,14,2.4,0.63,1757|2182|9179|9439|10585|11043|11154|11253|23522|26100|29954|57570|84342|84942,SARDH|ACSL4|AP4M1|MED23|POMT1|MID2|AP4S1|MAN1B1|KAT6B|WIPI2|POMT2|TRMT5|COG8|WDR73,-1.9,MyList
DisGeNET,35,C0238397,Pulmonary artery stenosis,,-4.2,8.6,6.4,30230,36,584,6,1,0.42,673|1186|5922|6016|6655|23522,BRAF|CLCN7|RASA2|RIT1|SOS2|KAT6B,-1.9,MyList
DisGeNET,35,C0271196,"Scotoma, Centrocecal",,-4.2,17,7.9,30230,12,584,4,0.68,0.34,4508|4514|4540|4541,ATP6|COX3|ND5|ND6,-1.9,MyList
DisGeNET,35,C4025585,Lacticaciduria,,-4.2,17,7.9,30230,12,584,4,0.68,0.34,4508|4540|4541|197257,ATP6|ND5|ND6|LDHD,-1.9,MyList
Transcription Factor Targets,16,M16699,CREBP1CJUN 01,,-4.2,3.1,4.9,30230,264,584,16,2.7,0.68,673|1040|1540|1958|3551|5602|7126|7328|9986|10900|10957|54617|54704|81539|90410|114789,BRAF|CDS1|CYLD|EGR1|IKBKB|MAPK10|TNFAIP1|UBE2H|RCE1|RUNDC3A|PNRC1|INO80|PDP1|SLC38A1|IFT20|SLC25A25,-1.9,MyList
DisGeNET,35,C2973725,Pulmonary arterial hypertension,,-4.2,2.6,4.7,30230,413,584,21,3.6,0.77,21|1186|1958|2353|3988|4514|4540|4541|5290|5563|6590|9382|9927|23411|26580|51601|54968|90550|285203|388650|440275,ABCA3|CLCN7|EGR1|FOS|LIPA|COX3|ND5|ND6|PIK3CA|PRKAA2|SLPI|COG1|MFN2|SIRT1|BSCL2|LIPT1|TMEM70|MCU|EOGT|DIPK1A|EIF2AK4,-1.9,MyList
DisGeNET,35,C0085605,Liver Failure,,-4.2,3,4.8,30230,293,584,17,2.9,0.7,2353|3988|4508|4540|4541|5192|5290|5428|5563|5824|6095|26160|26503|26580|29929|55135|55764,FOS|LIPA|ATP6|ND5|ND6|PEX10|PIK3CA|POLG|PRKAA2|PEX19|RORA|IFT172|SLC17A5|BSCL2|ALG6|WRAP53|IFT122,-1.9,MyList
DisGeNET,35,C0221629,Proximal muscle weakness,,-4.2,4.6,5.4,30230,112,584,10,1.7,0.54,1798|4508|5428|6392|9927|10585|29954|51776|55624|56997,DPAGT1|ATP6|POLG|SDHD|MFN2|POMT1|POMT2|MAP3K20|POMGNT1|COQ8A,-1.9,MyList
DisGeNET,35,C4073145,Hyperkeratosis pilaris,,-4.2,31,9.4,30230,5,584,3,0.51,0.3,673|6016|6655,BRAF|RIT1|SOS2,-1.9,MyList
DisGeNET,35,C4025759,Abnormal mitral valve morphology,,-4.2,31,9.4,30230,5,584,3,0.51,0.3,673|6016|9897,BRAF|RIT1|WASHC5,-1.9,MyList
DisGeNET,35,C1849437,Mainzer-Saldino Disease,,-4.2,31,9.4,30230,5,584,3,0.51,0.3,9742|26160|57728,IFT140|IFT172|WDR19,-1.9,MyList
DisGeNET,35,C1849097,Loss of ability to walk,,-4.2,8.4,6.3,30230,37,584,6,1,0.42,4508|6392|10585|11154|29954|55958,ATP6|SDHD|POMT1|AP4S1|POMT2|KLHL9,-1.9,MyList
DisGeNET,35,C0221357,Brachydactyly,,-4.1,2.9,4.7,30230,325,584,18,3.1,0.72,673|3981|5290|5922|6016|6391|6392|6655|9742|9897|23522|26160|55764|57560|57728|79809|124583|285203,BRAF|LIG4|PIK3CA|RASA2|RIT1|SDHC|SDHD|SOS2|IFT140|WASHC5|KAT6B|IFT172|IFT122|IFT80|WDR19|TTC21B|CANT1|EOGT,-1.9,MyList
DisGeNET,35,C0020676,Hypothyroidism,,-4.1,2.3,4.5,30230,613,584,27,4.6,0.87,406|673|1958|3981|4504|4514|4540|4541|4547|5286|5290|5428|5563|6095|6515|6721|7290|9817|10020|10154|10451|23411|23522|51300|56262|59338|80067,BMAL1|BRAF|EGR1|LIG4|MT3|COX3|ND5|ND6|MTTP|PIK3C2A|PIK3CA|POLG|PRKAA2|RORA|SLC2A3|SREBF2|HIRA|KEAP1|GNE|PLXNC1|VAV3|SIRT1|KAT6B|TIMMDC1|LRRC8A|PLEKHA1|DCAF17,-1.9,MyList
DisGeNET,35,C1565489,Renal Insufficiency,,-4.1,2.3,4.5,30230,615,584,27,4.6,0.87,673|2182|2353|4514|4540|4541|4615|5563|5580|9382|9742|9817|9874|10463|10682|23158|26160|26503|26580|54916|55005|57560|57728|79671|79809|81839|84942,BRAF|ACSL4|FOS|COX3|ND5|ND6|MYD88|PRKAA2|PRKCD|COG1|IFT140|KEAP1|TLK1|SLC30A9|EBP|TBC1D9|IFT172|SLC17A5|BSCL2|TMEM260|RMND1|IFT80|WDR19|NLRX1|TTC21B|VANGL1|WDR73,-1.8,MyList
DisGeNET,35,C0431368,Partial agenesis of corpus callosum,,-4.1,8.2,6.2,30230,38,584,6,1,0.42,1718|2068|2071|10785|54916|729920,DHCR24|ERCC2|ERCC3|WDR4|TMEM260|CRPPA,-1.8,MyList
DisGeNET,35,C0268136,"Xeroderma pigmentosum, group B",,-4.1,16,7.6,30230,13,584,4,0.68,0.34,2068|2071|2968|23158,ERCC2|ERCC3|GTF2H4|TBC1D9,-1.8,MyList
DisGeNET,35,C0085583,Choreoathetosis,,-4.1,5,5.4,30230,94,584,9,1.5,0.51,2068|4285|4508|5428|9213|10463|51761|60558|80067,ERCC2|MIPEP|ATP6|POLG|XPR1|SLC30A9|ATP8A2|GUF1|DCAF17,-1.8,MyList
DisGeNET,35,C1866129,Abnormality of the cerebellum,,-4.1,6.6,5.8,30230,55,584,7,1.2,0.45,4508|5290|5873|6391|6392|51324|84340,ATP6|PIK3CA|RAB27A|SDHC|SDHD|SPG21|GFM2,-1.8,MyList
Transcription Factor Targets,16,M29996,HEY2 TARGET GENES,,-4,5.6,5.6,30230,74,584,8,1.4,0.48,1040|5137|8925|9742|9915|23175|54968|56997,CDS1|PDE1C|HERC1|IFT140|ARNT2|LPIN1|TMEM70|COQ8A,-1.8,MyList
DisGeNET,35,C1854494,Slow progression,,-4,3.8,5,30230,165,584,12,2.1,0.59,1600|1798|5192|5375|5582|9927|10585|26580|51324|51776|55149|729920,DAB1|DPAGT1|PEX10|PMP2|PRKCG|MFN2|POMT1|BSCL2|SPG21|MAP3K20|MTPAP|CRPPA,-1.8,MyList
DisGeNET,35,C0520947,Clumsiness - motor delay,,-4,2.6,4.6,30230,393,584,20,3.4,0.75,1757|1798|1959|2733|6095|6392|9439|10585|11253|22868|23522|29954|51776|55149|55624|84942|89970|113612|124583|729920,SARDH|DPAGT1|EGR2|GLE1|RORA|SDHD|MED23|POMT1|MAN1B1|FASTKD2|KAT6B|POMT2|MAP3K20|MTPAP|POMGNT1|WDR73|RSPRY1|CYP2U1|CANT1|CRPPA,-1.8,MyList
Transcription Factor Targets,16,M10046,ATF B,,-4,3.5,4.9,30230,191,584,13,2.2,0.61,1540|2353|3551|5602|7126|7328|9986|10900|10957|54704|58485|90410|114789,CYLD|FOS|IKBKB|MAPK10|TNFAIP1|UBE2H|RCE1|RUNDC3A|PNRC1|PDP1|TRAPPC1|IFT20|SLC25A25,-1.8,MyList
DisGeNET,35,C1288283,Atrophoderma maculatum,,-4,8,6.1,30230,39,584,6,1,0.42,24|5959|7867|9742|57728|124997,ABCA4|RDH5|MAPKAPK3|IFT140|WDR19|WDR81,-1.8,MyList
DisGeNET,35,C4021780,Abnormality of the liver,,-4,5.5,5.5,30230,75,584,8,1.4,0.48,5192|5824|6391|9742|26160|57560|57728|79809,PEX10|PEX19|SDHC|IFT140|IFT172|IFT80|WDR19|TTC21B,-1.8,MyList
DisGeNET,35,C0151526,Premature Birth,,-4,3.5,4.9,30230,192,584,13,2.2,0.61,673|1186|4285|4508|5192|5824|6016|9772|10785|26503|54968|84942|285203,BRAF|CLCN7|MIPEP|ATP6|PEX10|PEX19|RIT1|TMEM94|WDR4|SLC17A5|TMEM70|WDR73|EOGT,-1.8,MyList
DisGeNET,35,C1860834,Infantile muscular hypotonia,,-4,4.4,5.2,30230,118,584,10,1.7,0.54,1468|1757|4285|4508|4540|4541|10585|11253|29954|84342,SLC25A10|SARDH|MIPEP|ATP6|ND5|ND6|POMT1|MAN1B1|POMT2|COG8,-1.8,MyList
DisGeNET,35,C0854723,Retinal Dystrophies,,-4,3.3,4.8,30230,219,584,14,2.4,0.63,24|1121|3769|5192|9742|10585|29954|55624|55764|57531|57728|85378|92840|729920,ABCA4|CHM|KCNJ13|PEX10|IFT140|POMT1|POMT2|POMGNT1|IFT122|HACE1|WDR19|TUBGCP6|REEP6|CRPPA,-1.8,MyList
DisGeNET,35,C4020962,Enlarged thorax,,-4,10,6.6,30230,25,584,5,0.86,0.38,673|5922|6016|6655|23522,BRAF|RASA2|RIT1|SOS2|KAT6B,-1.8,MyList
DisGeNET,35,C4021797,Abnormality of the thorax,,-4,7.8,6,30230,40,584,6,1,0.42,2068|2733|6016|7290|10682|26503,ERCC2|GLE1|RIT1|HIRA|EBP|SLC17A5,-1.7,MyList
DisGeNET,35,C0037772,Spastic Paraplegia,,-3.9,4,5,30230,144,584,11,1.9,0.56,9179|9897|9927|11154|23400|26580|51324|55676|55764|57531|113612,AP4M1|WASHC5|MFN2|AP4S1|ATP13A2|BSCL2|SPG21|SLC30A6|IFT122|HACE1|CYP2U1,-1.7,MyList
DisGeNET,35,C4284790,"Muscular Dystrophy-Dystroglycanopathy (Congenital with Brain and Eye Anomalies) Type A, 1",,-3.9,15,7.2,30230,14,584,4,0.68,0.34,10585|29954|55624|729920,POMT1|POMT2|POMGNT1|CRPPA,-1.7,MyList
DisGeNET,35,C1847762,Cerebellar cyst,,-3.9,15,7.2,30230,14,584,4,0.68,0.34,10585|29954|55624|729920,POMT1|POMT2|POMGNT1|CRPPA,-1.7,MyList
DisGeNET,35,C1836373,"MUSCULAR DYSTROPHY, LIMB-GIRDLE, TYPE 2K",,-3.9,15,7.2,30230,14,584,4,0.68,0.34,10585|29954|55624|729920,POMT1|POMT2|POMGNT1|CRPPA,-1.7,MyList
DisGeNET,35,C0026848,Myopathy,,-3.9,2.2,4.3,30230,633,584,27,4.6,0.87,1798|2353|2710|4508|4514|4540|4541|4615|5286|5428|5580|6392|9897|10020|10585|23175|26580|29954|30849|51422|54968|55005|55624|80324|84340|440275|729920,DPAGT1|FOS|GK|ATP6|COX3|ND5|ND6|MYD88|PIK3C2A|POLG|PRKCD|SDHD|WASHC5|GNE|POMT1|LPIN1|BSCL2|POMT2|PIK3R4|PRKAG2|TMEM70|RMND1|POMGNT1|PUS1|GFM2|EIF2AK4|CRPPA,-1.7,MyList
DisGeNET,35,C4025749,Abnormality of the spleen,,-3.9,10,6.4,30230,26,584,5,0.86,0.38,673|5922|6016|6655|23522,BRAF|RASA2|RIT1|SOS2|KAT6B,-1.7,MyList
DisGeNET,35,C3887499,Renal cyst,,-3.9,3.7,4.9,30230,170,584,12,2.1,0.59,5192|5290|5311|5587|8100|9742|9927|23405|55005|57560|79809|201163,PEX10|PIK3CA|PKD2|PRKD1|IFT88|IFT140|MFN2|DICER1|RMND1|IFT80|TTC21B|FLCN,-1.7,MyList
Transcription Factor Targets,16,M40770,ATXN7L3 TARGET GENES,,-3.9,2.9,4.6,30230,281,584,16,2.7,0.68,1195|6721|6836|25902|27132|29880|50807|54542|55181|79736|83479|84447|84669|137695|197322|643836,CLK1|SREBF2|SURF4|MTHFD1L|CPNE7|ALG5|ASAP1|RC3H2|SMG8|TEFM|DDX59|SYVN1|USP32|TMEM68|ACSF3|ZFP62,-1.7,MyList
DisGeNET,35,C1858430,Death in infancy,,-3.9,3.9,4.9,30230,146,584,11,1.9,0.56,2068|3988|4292|5192|5290|5824|9897|51601|54916|54968|55005,ERCC2|LIPA|MLH1|PEX10|PIK3CA|PEX19|WASHC5|LIPT1|TMEM260|TMEM70|RMND1,-1.7,MyList
DisGeNET,35,C1842836,"CONGENITAL DISORDER OF GLYCOSYLATION, TYPE Ii",,-3.9,26,8.6,30230,6,584,3,0.51,0.3,9382|11253|84342,COG1|MAN1B1|COG8,-1.7,MyList
DisGeNET,35,C1866131,Fusion of the cerebellar hemispheres,,-3.9,26,8.6,30230,6,584,3,0.51,0.3,10585|29954|55624,POMT1|POMT2|POMGNT1,-1.7,MyList
DisGeNET,35,C0428419,Triiodothyronine measurement,,-3.9,26,8.6,30230,6,584,3,0.51,0.3,5581|6300|23682,PRKCE|MAPK12|RAB38,-1.7,MyList
DisGeNET,35,C1855483,Progressive spastic paraplegia,,-3.9,6.1,5.5,30230,59,584,7,1.2,0.45,4508|9179|9897|11154|23400|51601|57531,ATP6|AP4M1|WASHC5|AP4S1|ATP13A2|LIPT1|HACE1,-1.7,MyList
DisGeNET,35,C3275417,Ragged-red muscle fibers,,-3.9,6.1,5.5,30230,59,584,7,1.2,0.45,1798|4508|4514|4540|4541|5428|6392,DPAGT1|ATP6|COX3|ND5|ND6|POLG|SDHD,-1.7,MyList
Cell Type Signatures,7,M40202,DESCARTES FETAL HEART ERYTHROBLASTS,,-3.9,2.9,4.6,30230,283,584,16,2.7,0.68,22|3833|9821|10592|10873|23038|29107|51324|55238|55703|63891|63933|80213|84129|91947|125228,ABCB7|KIFC1|RB1CC1|SMC2|ME3|WDTC1|NXT1|SPG21|SLC38A7|POLR3B|RNF123|MCUR1|TM2D3|ACAD11|ARRDC4|MIMS1,-1.7,MyList
DisGeNET,35,C1836735,hypopigmented skin patch,,-3.8,4.2,5,30230,123,584,10,1.7,0.54,2068|2071|4514|4540|4541|5290|6391|6392|7290|55135,ERCC2|ERCC3|COX3|ND5|ND6|PIK3CA|SDHC|SDHD|HIRA|WRAP53,-1.7,MyList
DisGeNET,35,C1850049,Clinodactyly of the 5th finger,,-3.8,2.9,4.6,30230,284,584,16,2.7,0.68,90|673|1798|3981|5922|6016|6655|10479|10682|10785|11253|23522|26100|55764|57728|124583,ACVR1|BRAF|DPAGT1|LIG4|RASA2|RIT1|SOS2|SLC9A6|EBP|WDR4|MAN1B1|KAT6B|WIPI2|IFT122|WDR19|CANT1,-1.6,MyList
Transcription Factor Targets,16,M30373,ZNF667 TARGET GENES,,-3.8,3.8,4.9,30230,148,584,11,1.9,0.56,2968|9439|10239|51360|55181|55703|64852|79736|84219|84340|222865,GTF2H4|MED23|AP3S2|MBTPS2|SMG8|POLR3B|TUT1|TEFM|WDR24|GFM2|TMEM130,-1.6,MyList
DisGeNET,35,C0024433,Macrostomia,,-3.8,3.8,4.9,30230,148,584,11,1.9,0.56,673|3981|5290|9179|9742|10785|11154|54968|57520|84942|201163,BRAF|LIG4|PIK3CA|AP4M1|IFT140|WDR4|AP4S1|TMEM70|HECW2|WDR73|FLCN,-1.6,MyList
DisGeNET,35,C0277959,Coarse hair,,-3.8,6,5.5,30230,60,584,7,1.2,0.45,673|2071|5922|6016|6655|9772|23522,BRAF|ERCC3|RASA2|RIT1|SOS2|TMEM94|KAT6B,-1.6,MyList
DisGeNET,35,C2936406,alpha-Dystroglycanopathies,,-3.8,14,7,30230,15,584,4,0.68,0.34,10585|29954|55624|729920,POMT1|POMT2|POMGNT1|CRPPA,-1.6,MyList
DisGeNET,35,C3278322,Cerebellar dysplasia,,-3.8,14,7,30230,15,584,4,0.68,0.34,9382|10585|29954|55624,COG1|POMT1|POMT2|POMGNT1,-1.6,MyList
DisGeNET,35,C0206620,"Lymphangioma, Cystic",,-3.8,7.2,5.7,30230,43,584,6,1,0.42,673|5290|5922|6016|6655|23522,BRAF|PIK3CA|RASA2|RIT1|SOS2|KAT6B,-1.6,MyList
DisGeNET,35,C0521525,Short neck,,-3.8,2.9,4.5,30230,288,584,16,2.7,0.68,673|2068|2733|6016|6655|7290|9382|9897|10682|11253|26160|79867|89970|91869|123016|124583,BRAF|ERCC2|GLE1|RIT1|SOS2|HIRA|COG1|WASHC5|EBP|MAN1B1|IFT172|TCTN2|RSPRY1|RFT1|TTC8|CANT1,-1.6,MyList
DisGeNET,35,C1275081,Cardio-facio-cutaneous syndrome,,-3.7,9.2,6.1,30230,28,584,5,0.86,0.38,673|5609|5922|6016|6655,BRAF|MAP2K7|RASA2|RIT1|SOS2,-1.6,MyList
DisGeNET,35,C0023804,"Lipomatosis, Multiple Symmetrical",,-3.7,9.2,6.1,30230,28,584,5,0.86,0.38,706|2353|5290|9927|23158,TSPO|FOS|PIK3CA|MFN2|TBC1D9,-1.6,MyList
DisGeNET,35,C0239998,Recurrent infections,,-3.7,4.1,4.9,30230,127,584,10,1.7,0.54,673|2068|2353|3981|4615|5580|7403|9382|26580|84947,BRAF|ERCC2|FOS|LIG4|MYD88|PRKCD|KDM6A|COG1|BSCL2|SERAC1,-1.6,MyList
DisGeNET,35,C0598589,Inherited neuropathies,,-3.7,4.5,5,30230,104,584,9,1.5,0.51,1959|4547|5582|7274|9897|9927|26580|51324|56997,EGR2|MTTP|PRKCG|TTPA|WASHC5|MFN2|BSCL2|SPG21|COQ8A,-1.6,MyList
DisGeNET,35,C0432333,Abnormal dermatoglyphic pattern,,-3.7,7.1,5.6,30230,44,584,6,1,0.42,673|5922|6016|6655|7403|23522,BRAF|RASA2|RIT1|SOS2|KDM6A|KAT6B,-1.6,MyList
DisGeNET,35,C0034067,Pulmonary Emphysema,,-3.7,2.6,4.4,30230,352,584,18,3.1,0.72,21|1958|2353|3551|3726|4615|5290|6590|6778|9213|9374|9817|23411|50807|55149|55638|201163|219285,ABCA3|EGR1|FOS|IKBKB|JUNB|MYD88|PIK3CA|SLPI|STAT6|XPR1|PPT2|KEAP1|SIRT1|ASAP1|MTPAP|SYBU|FLCN|SAMD9L,-1.5,MyList
Transcription Factor Targets,16,M30281,ZNF223 TARGET GENES,,-3.7,2.7,4.4,30230,322,584,17,2.9,0.7,3981|6778|8505|9681|10020|23456|23522|23761|26503|51522|81839|83479|84888|127294|222234|253260|285203,LIG4|STAT6|PARG|DEPDC5|GNE|ABCB10|KAT6B|PISD|SLC17A5|TMEM14C|VANGL1|DDX59|SPPL2A|MYOM3|FAM185A|RICTOR|EOGT,-1.5,MyList
DisGeNET,35,C4021759,Generalized myoclonic seizures,,-3.7,4.4,5,30230,105,584,9,1.5,0.51,2562|4508|4540|4541|5602|6392|54802|56978|57531,GABRB3|ATP6|ND5|ND6|MAPK10|SDHD|TRIT1|PRDM8|HACE1,-1.5,MyList
Transcription Factor Targets,16,M30176,SOX3 TARGET GENES,,-3.7,2.3,4.2,30230,550,584,24,4.1,0.82,673|5602|6095|6533|6778|7029|7743|8310|8882|9213|9772|9885|10157|10957|11189|23405|26001|54620|54704|54974|55638|81490|89970|114789,BRAF|MAPK10|RORA|SLC6A6|STAT6|TFDP2|ZNF189|ACOX3|ZPR1|XPR1|TMEM94|OSBPL2|AASS|PNRC1|CELF3|DICER1|RNF167|FBXL19|PDP1|THG1L|SYBU|PTDSS2|RSPRY1|SLC25A25,-1.5,MyList
DisGeNET,35,C0036069,Saldino-Noonan Syndrome,,-3.7,13,6.7,30230,16,584,4,0.68,0.34,9742|26160|57560|79809,IFT140|IFT172|IFT80|TTC21B,-1.5,MyList
DisGeNET,35,C4022916,Abnormal aldolase level,,-3.7,13,6.7,30230,16,584,4,0.68,0.34,10585|29954|55624|729920,POMT1|POMT2|POMGNT1|CRPPA,-1.5,MyList
Transcription Factor Targets,16,M17997,TGACGTCA ATF3 Q6,,-3.7,3.1,4.5,30230,235,584,14,2.4,0.63,673|1040|1540|3551|5602|7126|7328|9986|10900|10957|54704|81539|90410|114789,BRAF|CDS1|CYLD|IKBKB|MAPK10|TNFAIP1|UBE2H|RCE1|RUNDC3A|PNRC1|PDP1|SLC38A1|IFT20|SLC25A25,-1.5,MyList
DisGeNET,35,C4024996,Aplasia/Hypoplasia of the lungs,,-3.7,8.9,6,30230,29,584,5,0.86,0.38,9742|26160|57560|57728|79809,IFT140|IFT172|IFT80|WDR19|TTC21B,-1.5,MyList
DisGeNET,35,C4023397,Abnormal hair quantity,,-3.7,8.9,6,30230,29,584,5,0.86,0.38,673|5922|6016|6655|23522,BRAF|RASA2|RIT1|SOS2|KAT6B,-1.5,MyList
DisGeNET,35,C0265275,Jeune thoracic dystrophy,,-3.7,8.9,6,30230,29,584,5,0.86,0.38,9742|26160|57560|57728|79809,IFT140|IFT172|IFT80|WDR19|TTC21B,-1.5,MyList
DisGeNET,35,C1839758,Narrow forehead,,-3.7,4.4,4.9,30230,106,584,9,1.5,0.51,673|3981|4285|9179|9742|9772|11154|57038|91137,BRAF|LIG4|MIPEP|AP4M1|IFT140|TMEM94|AP4S1|RARS2|SLC25A46,-1.5,MyList
DisGeNET,35,C0431371,Absence of septum pellucidum,,-3.7,4.9,5.1,30230,84,584,8,1.4,0.48,1718|9439|10585|11253|29954|51360|55624|729920,DHCR24|MED23|POMT1|MAN1B1|POMT2|MBTPS2|POMGNT1|CRPPA,-1.5,MyList
DisGeNET,35,C0085078,Lysosomal Storage Diseases,,-3.6,4,4.8,30230,130,584,10,1.7,0.54,1185|1186|3988|5563|9213|9374|23400|26503|30849|55638,CLCN6|CLCN7|LIPA|PRKAA2|XPR1|PPT2|ATP13A2|SLC17A5|PIK3R4|SYBU,-1.5,MyList
DisGeNET,35,C1837397,Severe global developmental delay,,-3.6,4,4.8,30230,130,584,10,1.7,0.54,2068|4508|4540|4541|5192|5824|9915|10479|55624|84342,ERCC2|ATP6|ND5|ND6|PEX10|PEX19|ARNT2|SLC9A6|POMGNT1|COG8,-1.5,MyList
DisGeNET,35,C0424448,Mask-like facies,,-3.6,5.7,5.2,30230,64,584,7,1.2,0.45,4514|4540|4541|5428|6908|7403|23400,COX3|ND5|ND6|POLG|TBP|KDM6A|ATP13A2,-1.5,MyList
DisGeNET,35,C1839816,Long neck,,-3.6,22,7.9,30230,7,584,3,0.51,0.3,8925|9772|10682,HERC1|TMEM94|EBP,-1.5,MyList
DisGeNET,35,C3150416,"MUSCULAR DYSTROPHY-DYSTROGLYCANOPATHY (CONGENITAL WITH MENTAL RETARDATION), TYPE B, 2",,-3.6,22,7.9,30230,7,584,3,0.51,0.3,10585|29954|55624,POMT1|POMT2|POMGNT1,-1.5,MyList
DisGeNET,35,C4022771,Decreased thalamic volume,,-3.6,22,7.9,30230,7,584,3,0.51,0.3,10585|29954|55624,POMT1|POMT2|POMGNT1,-1.5,MyList
DisGeNET,35,C4021094,Type II transferrin isoform profile,,-3.6,22,7.9,30230,7,584,3,0.51,0.3,9382|11253|84342,COG1|MAN1B1|COG8,-1.5,MyList
DisGeNET,35,C0007279,Carotid Body Paraganglioma,,-3.6,22,7.9,30230,7,584,3,0.51,0.3,1757|6391|6392,SARDH|SDHC|SDHD,-1.5,MyList
Transcription Factor Targets,16,M40760,ZNF816 TARGET GENES,,-3.6,2.4,4.2,30230,456,584,21,3.6,0.77,2968|6533|9439|9742|10020|11200|26100|29880|54542|54620|55181|55703|57161|64418|66036|79736|84219|84264|84318|84947|160897,GTF2H4|SLC6A6|MED23|IFT140|GNE|CHEK2|WIPI2|ALG5|RC3H2|FBXL19|SMG8|POLR3B|PELI2|TMEM168|MTMR9|TEFM|WDR24|HAGHL|CCDC77|SERAC1|GPR180,-1.5,MyList
Transcription Factor Targets,16,M17180,CREB 01,,-3.6,2.9,4.4,30230,268,584,15,2.6,0.65,673|1040|1540|3551|5602|6721|7126|7328|9986|10900|10957|54704|81539|90410|114789,BRAF|CDS1|CYLD|IKBKB|MAPK10|SREBF2|TNFAIP1|UBE2H|RCE1|RUNDC3A|PNRC1|PDP1|SLC38A1|IFT20|SLC25A25,-1.5,MyList
DisGeNET,35,C1304746,RDW - Red blood cell distribution width result,,-3.6,2.2,4.1,30230,593,584,25,4.3,0.84,3988|4642|5581|8882|9489|10162|10873|11154|11200|23232|23428|51422|54887|54974|55005|55062|55362|63891|81704|90550|91304|92255|143872|388650|440275,LIPA|MYO1D|PRKCE|ZPR1|PGS1|LPCAT3|ME3|AP4S1|CHEK2|TBC1D12|SLC7A8|PRKAG2|BLTP3A|THG1L|RMND1|WIPI1|TMEM63B|RNF123|DOCK8|MCU|TMEM259|LMBRD2|ARHGAP42|DIPK1A|EIF2AK4,-1.5,MyList
DisGeNET,35,C0427460,Red cell distribution width determination,,-3.6,2.2,4.1,30230,593,584,25,4.3,0.84,3988|4642|5581|8882|9489|10162|10873|11154|11200|23232|23428|51422|54887|54974|55005|55062|55362|63891|81704|90550|91304|92255|143872|388650|440275,LIPA|MYO1D|PRKCE|ZPR1|PGS1|LPCAT3|ME3|AP4S1|CHEK2|TBC1D12|SLC7A8|PRKAG2|BLTP3A|THG1L|RMND1|WIPI1|TMEM63B|RNF123|DOCK8|MCU|TMEM259|LMBRD2|ARHGAP42|DIPK1A|EIF2AK4,-1.5,MyList
DisGeNET,35,C1855728,Low posterior hairline,,-3.6,4.8,5,30230,86,584,8,1.4,0.48,673|5286|5922|6016|6655|9897|10020|23522,BRAF|PIK3C2A|RASA2|RIT1|SOS2|WASHC5|GNE|KAT6B,-1.5,MyList
DisGeNET,35,C0022578,Keratoconus,,-3.6,2.9,4.4,30230,269,584,15,2.6,0.65,24|3769|5145|5290|5304|5428|6590|8100|9742|23348|26160|55624|64682|92840|123016,ABCA4|KCNJ13|PDE6A|PIK3CA|PIP|POLG|SLPI|IFT88|IFT140|DOCK9|IFT172|POMGNT1|ANAPC1|REEP6|TTC8,-1.5,MyList
Transcription Factor Targets,16,M17925,MGGAAGTG GABP B,,-3.6,2,4,30230,771,584,30,5.1,0.91,1121|1959|2182|3551|3726|3985|6908|8824|9874|9927|10239|10900|23484|23658|26100|26747|27257|30849|51422|51527|54878|55062|55454|55734|64852|79684|81704|84942|116986|125228,CHM|EGR2|ACSL4|IKBKB|JUNB|LIMK2|TBP|CES2|TLK1|MFN2|AP3S2|RUNDC3A|LEPROTL1|LSM5|WIPI2|NUFIP1|LSM1|PIK3R4|PRKAG2|GSKIP|DPP8|WIPI1|CSGALNACT2|ZFP64|TUT1|MSANTD2|DOCK8|WDR73|AGAP2|MIMS1,-1.5,MyList
DisGeNET,35,C0007194,Hypertrophic Cardiomyopathy,,-3.6,2.2,4.1,30230,559,584,24,4.1,0.82,673|1757|2353|4285|4508|4514|4540|4541|5290|6016|6392|7125|7274|8736|9557|22868|26580|51300|51422|51601|54968|55638|80013|387119,BRAF|SARDH|FOS|MIPEP|ATP6|COX3|ND5|ND6|PIK3CA|RIT1|SDHD|TNNC2|TTPA|MYOM1|CHD1L|FASTKD2|BSCL2|TIMMDC1|PRKAG2|LIPT1|TMEM70|SYBU|MINDY3|CEP85L,-1.5,MyList
Transcription Factor Targets,16,M30288,ZNF257 TARGET GENES,,-3.6,2.2,4.1,30230,559,584,24,4.1,0.82,2968|3310|3988|7126|9517|9772|10195|23001|23143|23555|26001|51106|54497|54545|55585|56984|56997|57404|80128|84669|90410|91419|112840|285527,GTF2H4|HSPA6|LIPA|TNFAIP1|SPTLC2|TMEM94|ALG3|WDFY3|LRCH1|TSPAN15|RNF167|TFB1M|HEATR5B|MTMR12|UBE2Q1|PSMG2|COQ8A|CYP20A1|TRIM46|USP32|IFT20|ATP23|WDR89|FRYL,-1.5,MyList
DisGeNET,35,C0476397,Electroretinogram abnormal,,-3.6,3.6,4.6,30230,158,584,11,1.9,0.56,24|1121|3769|5145|8100|9742|26160|55624|84131|92840|123016,ABCA4|CHM|KCNJ13|PDE6A|IFT88|IFT140|IFT172|POMGNT1|CEP78|REEP6|TTC8,-1.5,MyList
Transcription Factor Targets,16,M40783,ZNF549 TARGET GENES,,-3.6,2.2,4.1,30230,594,584,25,4.3,0.84,1600|3988|4642|6397|9439|9557|10239|23658|26289|54884|55167|55181|55764|57404|57570|64852|78986|79591|79736|84340|92255|143425|285605|340061|387119,DAB1|LIPA|MYO1D|SEC14L1|MED23|CHD1L|AP3S2|LSM5|AK5|RETSAT|MSL2|SMG8|IFT122|CYP20A1|TRMT5|TUT1|DUSP26|ARMH3|TEFM|GFM2|LMBRD2|SYT9|DTWD2|STING1|CEP85L,-1.5,MyList
DisGeNET,35,C1839666,Calf muscle pseudohypertrophy,,-3.6,12,6.5,30230,17,584,4,0.68,0.34,10585|29954|55624|729920,POMT1|POMT2|POMGNT1|CRPPA,-1.5,MyList
DisGeNET,35,C1854699,Diffuse cerebellar atrophy,,-3.6,12,6.5,30230,17,584,4,0.68,0.34,1600|2068|2071|5192,DAB1|ERCC2|ERCC3|PEX10,-1.5,MyList
DisGeNET,35,C0175704,LEOPARD Syndrome,,-3.6,6.6,5.4,30230,47,584,6,1,0.42,673|5290|5609|5922|6016|6655,BRAF|PIK3CA|MAP2K7|RASA2|RIT1|SOS2,-1.5,MyList
Transcription Factor Targets,16,M40789,ZNF704 TARGET GENES,,-3.6,5.5,5.1,30230,66,584,7,1.2,0.45,1186|3981|25902|79109|79607|79663|124997,CLCN7|LIG4|MTHFD1L|MAPKAP1|FAM118B|HSPBAP1|WDR81,-1.4,MyList
DisGeNET,35,C3900098,Adult Myelodysplastic Syndrome,,-3.5,2.7,4.2,30230,332,584,17,2.9,0.7,1958|2068|2353|3981|4615|4833|5290|6016|11200|23092|23158|23405|23411|26503|29107|79139|285527,EGR1|ERCC2|FOS|LIG4|MYD88|NME4|PIK3CA|RIT1|CHEK2|ARHGAP26|TBC1D9|DICER1|SIRT1|SLC17A5|NXT1|DERL1|FRYL,-1.4,MyList
Cell Type Signatures,7,M39070,MANNO MIDBRAIN NEUROTYPES HNBGABA,,-3.5,2.1,4,30230,703,584,28,4.8,0.88,2182|2562|6854|9213|9465|9783|10079|10451|10479|10900|11189|23074|23175|23405|23761|26289|51761|54704|55638|59338|79776|80128|81539|84446|134957|201931|286097|338692,ACSL4|GABRB3|SYN2|XPR1|AKAP7|RIMS3|ATP9A|VAV3|SLC9A6|RUNDC3A|CELF3|BLTP3B|LPIN1|DICER1|PISD|AK5|ATP8A2|PDP1|SYBU|PLEKHA1|ZFHX4|TRIM46|SLC38A1|BRSK1|STXBP5|TMEM192|MICU3|ANKRD13D,-1.4,MyList
DisGeNET,35,C0016842,Congenital pectus excavatum,,-3.5,2.9,4.3,30230,272,584,15,2.6,0.65,673|3981|5290|5922|6016|6391|6392|6655|9772|10479|23522|51360|51776|55764|57728,BRAF|LIG4|PIK3CA|RASA2|RIT1|SDHC|SDHD|SOS2|TMEM94|SLC9A6|KAT6B|MBTPS2|MAP3K20|IFT122|WDR19,-1.4,MyList
DisGeNET,35,C0020578,Hyperventilation,,-3.5,8.3,5.7,30230,31,584,5,0.86,0.38,2562|4508|4540|4541|10451,GABRB3|ATP6|ND5|ND6|VAV3,-1.4,MyList
Transcription Factor Targets,16,M12443,SRF C,,-3.5,3.1,4.4,30230,215,584,13,2.2,0.61,90|1958|1959|2353|3726|8677|8925|51776|80128|80198|83741|124997|143425,ACVR1|EGR1|EGR2|FOS|JUNB|STX10|HERC1|MAP3K20|TRIM46|MUS81|TFAP2D|WDR81|SYT9,-1.4,MyList
DisGeNET,35,C0013069,Double Outlet Right Ventricle,,-3.5,6.5,5.3,30230,48,584,6,1,0.42,5824|8100|9772|9897|23001|56180,PEX19|IFT88|TMEM94|WASHC5|WDFY3|MOSPD1,-1.4,MyList
DisGeNET,35,C2347761,Childhood Myelodysplastic Syndrome,,-3.5,2.6,4.2,30230,335,584,17,2.9,0.7,1958|2068|2353|3981|4615|4833|5290|6016|11200|23092|23158|23405|23411|26503|29107|79139|285527,EGR1|ERCC2|FOS|LIG4|MYD88|NME4|PIK3CA|RIT1|CHEK2|ARHGAP26|TBC1D9|DICER1|SIRT1|SLC17A5|NXT1|DERL1|FRYL,-1.4,MyList
DisGeNET,35,C0393525,Progressive cerebellar ataxia,,-3.5,3.8,4.6,30230,136,584,10,1.7,0.54,673|5192|5428|5582|6908|23400|51601|55149|56978|56997,BRAF|PEX10|POLG|PRKCG|TBP|ATP13A2|LIPT1|MTPAP|PRDM8|COQ8A,-1.4,MyList
DisGeNET,35,C0424711,Orbital separation diminished,,-3.5,4.7,4.8,30230,89,584,8,1.4,0.48,2068|2071|3981|10785|55764|57728|84942|388650,ERCC2|ERCC3|LIG4|WDR4|IFT122|WDR19|WDR73|DIPK1A,-1.4,MyList
DisGeNET,35,C0426790,Narrow thorax,,-3.5,4.2,4.7,30230,112,584,9,1.5,0.51,1186|9742|10479|26160|55764|57560|57728|79809|124583,CLCN7|IFT140|SLC9A6|IFT172|IFT122|IFT80|WDR19|TTC21B|CANT1,-1.4,MyList
DisGeNET,35,C0010964,Dandy-Walker Syndrome,,-3.5,3.8,4.6,30230,137,584,10,1.7,0.54,9897|10585|10682|29954|55624|57560|79867|84342|124997|729920,WASHC5|POMT1|EBP|POMT2|POMGNT1|IFT80|TCTN2|COG8|WDR81|CRPPA,-1.4,MyList
DisGeNET,35,C1858091,Long fingers,,-3.5,8.1,5.6,30230,32,584,5,0.86,0.38,673|9772|10195|10682|27292,BRAF|TMEM94|ALG3|EBP|DIMT1,-1.4,MyList
DisGeNET,35,C0078918,"Albinism, Oculocutaneous",,-3.5,6.3,5.2,30230,49,584,6,1,0.42,673|2562|5290|6490|23682|79803,BRAF|GABRB3|PIK3CA|PMEL|RAB38|HPS6,-1.4,MyList
DisGeNET,35,C1849211,Generalized hirsutism,,-3.5,4.1,4.7,30230,113,584,9,1.5,0.51,2353|4514|4540|4541|10020|23461|26160|26580|123016,FOS|COX3|ND5|ND6|GNE|ABCA5|IFT172|BSCL2|TTC8,-1.4,MyList
Transcription Factor Targets,16,M40809,MYOCD TARGET GENES,,-3.4,2.2,4,30230,572,584,24,4.1,0.82,1718|2068|6773|7290|7328|8476|9138|9783|9817|10873|10948|23049|26100|26289|51172|51422|55669|79671|79726|79776|83479|153768|200576|338692,DHCR24|ERCC2|STAT2|HIRA|UBE2H|CDC42BPA|ARHGEF1|RIMS3|KEAP1|ME3|STARD3|SMG1|WIPI2|AK5|NAGPA|PRKAG2|MFN1|NLRX1|WDR59|ZFHX4|DDX59|PRELID2|PIKFYVE|ANKRD13D,-1.4,MyList
DisGeNET,35,C0852711,Sickle Cell Dactylitis,,-3.4,19,7.3,30230,8,584,3,0.51,0.3,673|5609|9582,BRAF|MAP2K7|APOBEC3B,-1.4,MyList
DisGeNET,35,C1849677,Numerous nevi,,-3.4,19,7.3,30230,8,584,3,0.51,0.3,673|5290|9772,BRAF|PIK3CA|TMEM94,-1.4,MyList
DisGeNET,35,C4025896,Abnormality of the penis,,-3.4,19,7.3,30230,8,584,3,0.51,0.3,5290|6391|6392,PIK3CA|SDHC|SDHD,-1.4,MyList
DisGeNET,35,C1842552,Limb-girdle muscle atrophy,,-3.4,19,7.3,30230,8,584,3,0.51,0.3,5428|10585|729920,POLG|POMT1|CRPPA,-1.4,MyList
TRRUST,34,TRR01155,Regulated by: RBMX,,-3.4,19,7.3,30230,8,584,3,0.51,0.3,1958|2353|3726,EGR1|FOS|JUNB,-1.4,MyList
DisGeNET,35,C0587248,Costello syndrome (disorder),,-3.4,6.2,5.2,30230,50,584,6,1,0.42,673|5290|5609|5922|6016|6655,BRAF|PIK3CA|MAP2K7|RASA2|RIT1|SOS2,-1.3,MyList
DisGeNET,35,C1281901,Fatty acid measurement,,-3.4,6.2,5.2,30230,50,584,6,1,0.42,5137|9374|9926|10162|51761|140469,PDE1C|PPT2|LPGAT1|LPCAT3|ATP8A2|MYO3B,-1.3,MyList
DisGeNET,35,C0558845,"Reflex, Ankle, Absent",,-3.4,7.8,5.5,30230,33,584,5,0.86,0.38,5428|7274|9927|10020|55958,POLG|TTPA|MFN2|GNE|KLHL9,-1.3,MyList
DisGeNET,35,C0024421,Macroglossia,,-3.4,4.1,4.6,30230,115,584,9,1.5,0.51,5286|5290|6391|6392|9742|10585|29954|55624|729920,PIK3C2A|PIK3CA|SDHC|SDHD|IFT140|POMT1|POMT2|POMGNT1|CRPPA,-1.3,MyList
DisGeNET,35,C3665386,Abnormal vision,,-3.4,4.1,4.6,30230,115,584,9,1.5,0.51,24|1186|4508|4514|4540|4541|5428|9742|84131,ABCA4|CLCN7|ATP6|COX3|ND5|ND6|POLG|IFT140|CEP78,-1.3,MyList
DisGeNET,35,C0030252,Palpitations,,-3.4,5.2,4.9,30230,70,584,7,1.2,0.45,2353|5428|6391|6392|9772|26580|51422,FOS|POLG|SDHC|SDHD|TMEM94|BSCL2|PRKAG2,-1.3,MyList
DisGeNET,35,C0426415,Large nose,,-3.4,5.2,4.9,30230,70,584,7,1.2,0.45,3981|5824|11154|11253|23522|80067|84942,LIG4|PEX19|AP4S1|MAN1B1|KAT6B|DCAF17|WDR73,-1.3,MyList
DisGeNET,35,C0149958,Complex partial seizures,,-3.4,3.7,4.5,30230,140,584,10,1.7,0.54,1143|2353|4504|5428|5580|6854|23229|57030|93183|197322,CHRNB4|FOS|MT3|POLG|PRKCD|SYN2|ARHGEF9|SLC17A7|PIGM|ACSF3,-1.3,MyList
DisGeNET,35,C0020305,Hydrops Fetalis,,-3.4,4.5,4.7,30230,92,584,8,1.4,0.48,3988|5580|6016|6655|26503|57038|57560|124583,LIPA|PRKCD|RIT1|SOS2|SLC17A5|RARS2|IFT80|CANT1,-1.3,MyList
DisGeNET,35,C0008626,Congenital chromosomal disease,,-3.4,2,3.9,30230,756,584,29,5,0.9,673|1468|1757|2068|2182|2353|2562|3981|4292|4547|4615|5290|6590|9557|11200|23158|23411|23522|26503|29107|51360|51422|51776|54617|54799|79139|80198|84447|219285,BRAF|SLC25A10|SARDH|ERCC2|ACSL4|FOS|GABRB3|LIG4|MLH1|MTTP|MYD88|PIK3CA|SLPI|CHD1L|CHEK2|TBC1D9|SIRT1|KAT6B|SLC17A5|NXT1|MBTPS2|PRKAG2|MAP3K20|INO80|MBTD1|DERL1|MUS81|SYVN1|SAMD9L,-1.3,MyList
DisGeNET,35,C0020757,Ichthyoses,,-3.4,3.2,4.3,30230,194,584,12,2.1,0.59,21|673|2068|2071|4514|4540|4541|5192|5824|6307|10682|51360,ABCA3|BRAF|ERCC2|ERCC3|COX3|ND5|ND6|PEX10|PEX19|MSMO1|EBP|MBTPS2,-1.3,MyList
DisGeNET,35,C1845847,Coarse facial features,,-3.4,3.2,4.3,30230,194,584,12,2.1,0.59,673|2068|2071|5286|9179|10020|11154|23461|23522|26503|26580|124997,BRAF|ERCC2|ERCC3|PIK3C2A|AP4M1|GNE|AP4S1|ABCA5|KAT6B|SLC17A5|BSCL2|WDR81,-1.3,MyList
DisGeNET,35,C0457133,Muscle eye brain disease,,-3.4,11,6.1,30230,19,584,4,0.68,0.34,10585|29954|55624|729920,POMT1|POMT2|POMGNT1|CRPPA,-1.3,MyList
DisGeNET,35,C0043208,Wolman Disease,,-3.4,11,6.1,30230,19,584,4,0.68,0.34,3988|6590|9213|23113,LIPA|SLPI|XPR1|CUL9,-1.3,MyList
DisGeNET,35,C1843181,Noonan syndrome-like disorder with loose anagen hair,,-3.4,11,6.1,30230,19,584,4,0.68,0.34,673|5922|6016|6655,BRAF|RASA2|RIT1|SOS2,-1.3,MyList
DisGeNET,35,C4317295,Congenital disorder of glycosylation type 1s,,-3.4,11,6.1,30230,19,584,4,0.68,0.34,1798|10195|84342|91869,DPAGT1|ALG3|COG8|RFT1,-1.3,MyList
DisGeNET,35,C4025773,Aplasia/Hypoplasia involving the skeletal musculature,,-3.4,11,6.1,30230,19,584,4,0.68,0.34,10585|29954|55624|729920,POMT1|POMT2|POMGNT1|CRPPA,-1.3,MyList
DisGeNET,35,C4073168,Abnormal lactate dehydrogenase activity,,-3.4,11,6.1,30230,19,584,4,0.68,0.34,10585|29954|55624|729920,POMT1|POMT2|POMGNT1|CRPPA,-1.3,MyList
DisGeNET,35,C0015672,Fatigue,,-3.4,2,3.8,30230,758,584,29,5,0.9,673|706|1540|2068|2071|2733|4292|4514|4540|4541|4615|5290|5428|5563|6041|6391|6392|6778|7274|9915|23400|23411|26503|30849|51107|55624|56262|124583|729920,BRAF|TSPO|CYLD|ERCC2|ERCC3|GLE1|MLH1|COX3|ND5|ND6|MYD88|PIK3CA|POLG|PRKAA2|RNASEL|SDHC|SDHD|STAT6|TTPA|ARNT2|ATP13A2|SIRT1|SLC17A5|PIK3R4|APH1A|POMGNT1|LRRC8A|CANT1|CRPPA,-1.3,MyList
DisGeNET,35,C0239067,Difficulty walking up stairs,,-3.4,6.1,5.1,30230,51,584,6,1,0.42,1798|5428|9927|10585|29954|55624,DPAGT1|POLG|MFN2|POMT1|POMT2|POMGNT1,-1.3,MyList
DisGeNET,35,C0162672,MERRF Syndrome,,-3.4,6.1,5.1,30230,51,584,6,1,0.42,4508|4540|5428|5580|56997|57038,ATP6|ND5|POLG|PRKCD|COQ8A|RARS2,-1.3,MyList
Transcription Factor Targets,16,M12047,SRF 01,,-3.4,6.1,5.1,30230,51,584,6,1,0.42,1958|1959|2353|3726|8677|80198,EGR1|EGR2|FOS|JUNB|STX10|MUS81,-1.3,MyList
Transcription Factor Targets,16,M30143,RLF TARGET GENES,,-3.4,2.6,4.1,30230,345,584,17,2.9,0.7,757|1195|1955|3981|5290|7290|8439|8850|10239|51108|51360|64852|65258|66036|79736|84340|157378,TMEM50B|CLK1|MEGF9|LIG4|PIK3CA|HIRA|NSMAF|KAT2B|AP3S2|METTL9|MBTPS2|TUT1|MPPE1|MTMR9|TEFM|GFM2|TMEM65,-1.3,MyList
DisGeNET,35,C0175754,Agenesis of corpus callosum,,-3.4,2.1,3.9,30230,615,584,25,4.3,0.84,1600|1718|1757|2353|3726|5290|5563|5587|7403|7410|9582|9915|9927|10585|23158|23405|23522|29954|51360|55624|57560|83479|113612|285203|729920,DAB1|DHCR24|SARDH|FOS|JUNB|PIK3CA|PRKAA2|PRKD1|KDM6A|VAV2|APOBEC3B|ARNT2|MFN2|POMT1|TBC1D9|DICER1|KAT6B|POMT2|MBTPS2|POMGNT1|IFT80|DDX59|CYP2U1|EOGT|CRPPA,-1.3,MyList
DisGeNET,35,C4552811,"Generalized Muscle Weakness, CTCAE",,-3.3,4,4.5,30230,117,584,9,1.5,0.51,2733|5428|6392|10585|23400|29954|51776|55624|729920,GLE1|POLG|SDHD|POMT1|ATP13A2|POMT2|MAP3K20|POMGNT1|CRPPA,-1.3,MyList
Transcription Factor Targets,16,M30115,PCGF1 TARGET GENES,,-3.3,2.2,3.9,30230,546,584,23,3.9,0.8,90|1955|3611|8476|8850|9639|9926|29761|50626|51321|51422|54849|55005|56984|64222|79684|80262|83891|84275|116983|126789|128869|153768,ACVR1|MEGF9|ILK|CDC42BPA|KAT2B|ARHGEF10|LPGAT1|USP25|ZFTRAF1|AMZ2|PRKAG2|DEF8|RMND1|PSMG2|TOR3A|MSANTD2|PHAF1|SNX25|SLC25A33|ACAP3|PUSL1|PIGU|PRELID2,-1.3,MyList
DisGeNET,35,C0009081,Congenital clubfoot,,-3.3,2.7,4.1,30230,285,584,15,2.6,0.65,2733|7290|9179|9382|10195|10585|10682|11154|23522|51776|79867|81839|84342|84942|124583,GLE1|HIRA|AP4M1|COG1|ALG3|POMT1|EBP|AP4S1|KAT6B|MAP3K20|TCTN2|VANGL1|COG8|WDR73|CANT1,-1.3,MyList
DisGeNET,35,C0270846,Epileptic drop attack,,-3.3,3.6,4.4,30230,143,584,10,1.7,0.54,1143|2353|2562|4504|5428|5580|5602|6854|57030|93183,CHRNB4|FOS|GABRB3|MT3|POLG|PRKCD|MAPK10|SYN2|SLC17A7|PIGM,-1.3,MyList
Cell Type Signatures,7,M39068,MANNO MIDBRAIN NEUROTYPES HDA1,,-3.3,2.1,3.9,30230,584,584,24,4.1,0.82,2182|2562|2899|5137|6095|9213|9783|10079|10154|10451|10900|11189|23158|23175|51422|51761|56978|78986|79776|81539|83723|84302|93664|134957,ACSL4|GABRB3|GRIK3|PDE1C|RORA|XPR1|RIMS3|ATP9A|PLXNC1|VAV3|RUNDC3A|CELF3|TBC1D9|LPIN1|PRKAG2|ATP8A2|PRDM8|DUSP26|ZFHX4|SLC38A1|TLCD3B|PGAP4|CADPS2|STXBP5,-1.3,MyList
Transcription Factor Targets,16,M8585,TFIIA Q6,,-3.3,2.8,4.1,30230,256,584,14,2.4,0.63,406|1958|5602|7867|8677|9179|23761|25829|54617|57161|64750|115825|124997|339487,BMAL1|EGR1|MAPK10|MAPKAPK3|STX10|AP4M1|PISD|TMEM184B|INO80|PELI2|SMURF2|WDFY2|WDR81|ZBTB8OS,-1.3,MyList
DisGeNET,35,C0013132,Drooling,,-3.3,4.4,4.6,30230,95,584,8,1.4,0.48,2182|4285|9179|10479|11043|11154|55703|84340,ACSL4|MIPEP|AP4M1|SLC9A6|MID2|AP4S1|POLR3B|GFM2,-1.3,MyList
DisGeNET,35,C0234376,Action Tremor,,-3.3,4.4,4.6,30230,95,584,8,1.4,0.48,22|2068|2071|5290|5428|6908|54968|55703,ABCB7|ERCC2|ERCC3|PIK3CA|POLG|TBP|TMEM70|POLR3B,-1.3,MyList
DisGeNET,35,C3536714,Renal dysplasia,,-3.3,4.4,4.6,30230,95,584,8,1.4,0.48,673|7403|9742|10585|29954|51360|55005|57728,BRAF|KDM6A|IFT140|POMT1|POMT2|MBTPS2|RMND1|WDR19,-1.3,MyList
Transcription Factor Targets,16,M17024,ETF Q6,,-3.3,3.9,4.5,30230,119,584,9,1.5,0.51,2899|9213|9927|55454|55624|64121|80314|90231|90550,GRIK3|XPR1|MFN2|CSGALNACT2|POMGNT1|RRAGC|EPC1|KIAA2013|MCU,-1.3,MyList
Transcription Factor Targets,16,M40702,ZBED4 TARGET GENES,,-3.3,3.3,4.3,30230,171,584,11,1.9,0.56,1677|4706|5428|5873|9927|27257|27292|55706|55764|60673|339487,DFFB|NDUFAB1|POLG|RAB27A|MFN2|LSM1|DIMT1|NDC1|IFT122|ATG101|ZBTB8OS,-1.3,MyList
DisGeNET,35,C0024507,Majewski Syndrome,,-3.3,10,5.9,30230,20,584,4,0.68,0.34,9742|26160|57560|79809,IFT140|IFT172|IFT80|TTC21B,-1.3,MyList
DisGeNET,35,C0154835,Retinal telangiectasia,,-3.3,10,5.9,30230,20,584,4,0.68,0.34,4508|4514|4540|4541,ATP6|COX3|ND5|ND6,-1.3,MyList
DisGeNET,35,C0265319,Fibrous skin tumor of tuberous sclerosis,,-3.3,10,5.9,30230,20,584,4,0.68,0.34,4292|5290|6391|6392,MLH1|PIK3CA|SDHC|SDHD,-1.3,MyList
DisGeNET,35,C1860475,Retinal vascular tortuosity,,-3.3,10,5.9,30230,20,584,4,0.68,0.34,4508|4514|4540|4541,ATP6|COX3|ND5|ND6,-1.3,MyList
DisGeNET,35,C0240953,Winged scapula,,-3.3,5,4.8,30230,73,584,7,1.2,0.45,673|1798|5428|10020|29954|51776|729920,BRAF|DPAGT1|POLG|GNE|POMT2|MAP3K20|CRPPA,-1.3,MyList
DisGeNET,35,C0266464,Polymicrogyria,,-3.3,3.1,4.2,30230,199,584,12,2.1,0.59,1718|5192|5290|5824|9439|10585|11253|29954|55624|55703|79867|729920,DHCR24|PEX10|PIK3CA|PEX19|MED23|POMT1|MAN1B1|POMT2|POMGNT1|POLR3B|TCTN2|CRPPA,-1.3,MyList
Cell Type Signatures,7,M39203,HAY BONE MARROW NEUTROPHIL,,-3.3,2.3,3.9,30230,449,584,20,3.4,0.75,706|1955|2182|2353|5873|6515|8677|9926|10975|23001|23092|51108|51255|51324|55454|55819|57161|91663|116362|192670,TSPO|MEGF9|ACSL4|FOS|RAB27A|SLC2A3|STX10|LPGAT1|UQCR11|WDFY3|ARHGAP26|METTL9|RNF181|SPG21|CSGALNACT2|RNF130|PELI2|MYADM|RBP7|AGO4,-1.3,MyList
DisGeNET,35,C0426870,Large hand,,-3.3,7.4,5.3,30230,35,584,5,0.86,0.38,2353|6391|8925|9772|26580,FOS|SDHC|HERC1|TMEM94|BSCL2,-1.3,MyList
DisGeNET,35,C1853242,Midface retrusion,,-3.3,3,4.2,30230,228,584,13,2.2,0.61,673|2182|5922|6016|6655|9382|10682|11043|23522|55624|57520|84942|124583,BRAF|ACSL4|RASA2|RIT1|SOS2|COG1|EBP|MID2|KAT6B|POMGNT1|HECW2|WDR73|CANT1,-1.3,MyList
DisGeNET,35,C0162666,Mitochondrial Encephalomyopathies,,-3.3,5.9,5,30230,53,584,6,1,0.42,4508|4540|22868|54968|57038|157378,ATP6|ND5|FASTKD2|TMEM70|RARS2|TMEM65,-1.3,MyList
DisGeNET,35,C0546483,Lung cyst,,-3.3,17,6.8,30230,9,584,3,0.51,0.3,5563|23405|201163,PRKAA2|DICER1|FLCN,-1.3,MyList
DisGeNET,35,C1861443,Facial hemangioma,,-3.3,17,6.8,30230,9,584,3,0.51,0.3,9630|9897|91869,GNA14|WASHC5|RFT1,-1.3,MyList
DisGeNET,35,C0282102,"Chondrodysplasia punctata, X-linked dominant type",,-3.3,17,6.8,30230,9,584,3,0.51,0.3,1718|8443|10682,DHCR24|GNPAT|EBP,-1.3,MyList
DisGeNET,35,C1519353,Skin Papule,,-3.2,4.9,4.7,30230,74,584,7,1.2,0.45,673|1540|5290|6391|6392|51360|201163,BRAF|CYLD|PIK3CA|SDHC|SDHD|MBTPS2|FLCN,-1.2,MyList
DisGeNET,35,C3554617,Adducted thumb,,-3.2,4.9,4.7,30230,74,584,7,1.2,0.45,9179|10195|10479|10785|84942|91869|729920,AP4M1|ALG3|SLC9A6|WDR4|WDR73|RFT1|CRPPA,-1.2,MyList
DisGeNET,35,C4048158,Convulsions,,-3.2,3.3,4.2,30230,173,584,11,1.9,0.56,1143|2353|4504|5428|5580|5587|6854|9927|29107|57030|93183,CHRNB4|FOS|MT3|POLG|PRKCD|PRKD1|SYN2|MFN2|NXT1|SLC17A7|PIGM,-1.2,MyList
Transcription Factor Targets,16,M1830,YKACATTT UNKNOWN,,-3.2,2.7,4,30230,290,584,15,2.6,0.65,406|1540|5602|7029|7743|9677|9874|27072|29086|51108|54802|57161|57169|57448|79776,BMAL1|CYLD|MAPK10|TFDP2|ZNF189|PPIP5K1|TLK1|VPS41|BABAM1|METTL9|TRIT1|PELI2|ZNFX1|BIRC6|ZFHX4,-1.2,MyList
DisGeNET,35,C0234146,Absent reflex,,-3.2,3.1,4.2,30230,201,584,12,2.1,0.59,1798|1959|5428|7274|9927|10585|23175|29929|29954|55005|55624|729920,DPAGT1|EGR2|POLG|TTPA|MFN2|POMT1|LPIN1|ALG6|POMT2|RMND1|POMGNT1|CRPPA,-1.2,MyList
Transcription Factor Targets,16,M6342,CREB 02,,-3.2,2.8,4.1,30230,260,584,14,2.4,0.63,673|1540|6721|7126|7328|9213|9986|10900|29882|54620|54704|58485|64924|90410,BRAF|CYLD|SREBF2|TNFAIP1|UBE2H|XPR1|RCE1|RUNDC3A|ANAPC2|FBXL19|PDP1|TRAPPC1|SLC30A5|IFT20,-1.2,MyList
DisGeNET,35,C4551488,Bifid uvula,,-3.2,4.3,4.5,30230,97,584,8,1.4,0.48,1718|10195|10585|23522|29954|55624|83479|729920,DHCR24|ALG3|POMT1|KAT6B|POMT2|POMGNT1|DDX59|CRPPA,-1.2,MyList
DisGeNET,35,C0234632,Reduced visual acuity,,-3.2,3.5,4.3,30230,147,584,10,1.7,0.54,24|1186|3769|7867|55624|57728|79803|91869|92840|123016,ABCA4|CLCN7|KCNJ13|MAPKAPK3|POMGNT1|WDR19|HPS6|RFT1|REEP6|TTC8,-1.2,MyList
DisGeNET,35,C0003578,Apnea,,-3.2,2.8,4,30230,261,584,14,2.4,0.63,21|1186|1959|4508|4514|4540|4541|23522|50807|51601|55149|56922|57038|79867,ABCA3|CLCN7|EGR2|ATP6|COX3|ND5|ND6|KAT6B|ASAP1|LIPT1|MTPAP|MCCC1|RARS2|TCTN2,-1.2,MyList
DisGeNET,35,C0234535,Clonic Seizures,,-3.2,3.8,4.4,30230,122,584,9,1.5,0.51,1143|2353|4504|5428|5580|6854|29107|57030|93183,CHRNB4|FOS|MT3|POLG|PRKCD|SYN2|NXT1|SLC17A7|PIGM,-1.2,MyList
DisGeNET,35,C1184919,Thoracic kyphosis,,-3.2,9.9,5.7,30230,21,584,4,0.68,0.34,2068|2071|5286|124997,ERCC2|ERCC3|PIK3C2A|WDR81,-1.2,MyList
DisGeNET,35,C0036996,Short Rib-Polydactyly Syndrome,,-3.2,9.9,5.7,30230,21,584,4,0.68,0.34,9742|26160|57560|79809,IFT140|IFT172|IFT80|TTC21B,-1.2,MyList
DisGeNET,35,C0265221,Walker-Warburg congenital muscular dystrophy,,-3.2,9.9,5.7,30230,21,584,4,0.68,0.34,10585|29954|55624|729920,POMT1|POMT2|POMGNT1|CRPPA,-1.2,MyList
DisGeNET,35,C0398597,Histiocytic syndrome,,-3.2,9.9,5.7,30230,21,584,4,0.68,0.34,673|5609|9374|201163,BRAF|MAP2K7|PPT2|FLCN,-1.2,MyList
DisGeNET,35,C1843077,Segmental peripheral demyelination/remyelination,,-3.2,9.9,5.7,30230,21,584,4,0.68,0.34,1959|4508|4540|4541,EGR2|ATP6|ND5|ND6,-1.2,MyList
DisGeNET,35,C2265792,Skeletal muscle hypertrophy,,-3.2,9.9,5.7,30230,21,584,4,0.68,0.34,2353|26580|29954|55624,FOS|BSCL2|POMT2|POMGNT1,-1.2,MyList
DisGeNET,35,C2751582,Mitochondrial respiratory chain defects,,-3.2,9.9,5.7,30230,21,584,4,0.68,0.34,4508|4514|4540|4541,ATP6|COX3|ND5|ND6,-1.2,MyList
Cell Type Signatures,7,M39102,ZHONG PFC C3 ASTROCYTE,,-3.2,2.4,3.9,30230,389,584,18,3.1,0.72,1186|5137|9213|10873|23113|27132|54704|55638|64121|80128|81539|85378|115704|116983|116986|123096|192670|338692,CLCN7|PDE1C|XPR1|ME3|CUL9|CPNE7|PDP1|SYBU|RRAGC|TRIM46|SLC38A1|TUBGCP6|EVI5L|ACAP3|AGAP2|SLC25A29|AGO4|ANKRD13D,-1.2,MyList
DisGeNET,35,C0002170,Alopecia,,-3.2,2.2,3.8,30230,490,584,21,3.6,0.77,90|673|2068|2071|3981|4289|5587|5609|6095|8882|9213|9639|10682|23229|51360|54878|55135|55622|60487|80067|285203,ACVR1|BRAF|ERCC2|ERCC3|LIG4|MKLN1|PRKD1|MAP2K7|RORA|ZPR1|XPR1|ARHGEF10|EBP|ARHGEF9|MBTPS2|DPP8|WRAP53|TTC27|TRMT11|DCAF17|EOGT,-1.2,MyList
DisGeNET,35,C1842688,Hypoplasia of the brainstem,,-3.2,5.6,4.8,30230,55,584,6,1,0.42,10585|27292|29954|55624|84942|729920,POMT1|DIMT1|POMT2|POMGNT1|WDR73|CRPPA,-1.2,MyList
Transcription Factor Targets,16,M30306,ZNF354B TARGET GENES,,-3.2,3,4.1,30230,204,584,12,2.1,0.59,1185|1186|9897|23411|27072|51172|55005|55238|55585|79607|124997|285203,CLCN6|CLCN7|WASHC5|SIRT1|VPS41|NAGPA|RMND1|SLC38A7|UBE2Q1|FAM118B|WDR81|EOGT,-1.2,MyList
DisGeNET,35,C4317123,Myoclonic Seizures,,-3.2,3.8,4.3,30230,123,584,9,1.5,0.51,1143|2353|4504|5428|5580|6854|57030|93183|128869,CHRNB4|FOS|MT3|POLG|PRKCD|SYN2|SLC17A7|PIGM|PIGU,-1.2,MyList
DisGeNET,35,C0037773,"Spastic Paraplegia, Hereditary",,-3.2,3.8,4.3,30230,123,584,9,1.5,0.51,4508|9179|9897|11154|23400|26580|51324|55764|113612,ATP6|AP4M1|WASHC5|AP4S1|ATP13A2|BSCL2|SPG21|IFT122|CYP2U1,-1.2,MyList
DisGeNET,35,C0431478,Posteriorly rotated ear,,-3.2,3.2,4.2,30230,176,584,11,1.9,0.56,673|1718|7274|7403|8925|9772|10585|23522|29954|55624|729920,BRAF|DHCR24|TTPA|KDM6A|HERC1|TMEM94|POMT1|KAT6B|POMT2|POMGNT1|CRPPA,-1.2,MyList
DisGeNET,35,C0870082,Hyperkeratosis,,-3.2,3.2,4.2,30230,176,584,11,1.9,0.56,673|2068|2071|5290|5609|6016|9213|9817|29107|51360|79109,BRAF|ERCC2|ERCC3|PIK3CA|MAP2K7|RIT1|XPR1|KEAP1|NXT1|MBTPS2|MAPKAP1,-1.2,MyList
DisGeNET,35,C0332563,Papule,,-3.2,4.8,4.6,30230,76,584,7,1.2,0.45,673|1540|5290|6391|6392|51360|201163,BRAF|CYLD|PIK3CA|SDHC|SDHD|MBTPS2|FLCN,-1.2,MyList
DisGeNET,35,C0949059,Polyp of large intestine,,-3.2,4.2,4.5,30230,99,584,8,1.4,0.48,673|4292|5290|6391|6392|9817|11200|23405,BRAF|MLH1|PIK3CA|SDHC|SDHD|KEAP1|CHEK2|DICER1,-1.2,MyList
Transcription Factor Targets,16,M40806,ZNF101 TARGET GENES,,-3.2,2.9,4,30230,234,584,13,2.2,0.61,3981|3988|8505|9772|51172|54974|55181|55585|80262|83479|84340|84461|137695,LIG4|LIPA|PARG|TMEM94|NAGPA|THG1L|SMG8|UBE2Q1|PHAF1|DDX59|GFM2|NEURL4|TMEM68,-1.2,MyList
DisGeNET,35,C0022665,Kidney Neoplasm,,-3.2,2.6,4,30230,295,584,15,2.6,0.65,673|1540|1718|1757|4292|4833|5290|6392|6908|11200|23158|23405|26018|51107|201163,BRAF|CYLD|DHCR24|SARDH|MLH1|NME4|PIK3CA|SDHD|TBP|CHEK2|TBC1D9|DICER1|LRIG1|APH1A|FLCN,-1.2,MyList
DisGeNET,35,C1837732,Thickened helices,,-3.2,7,5.1,30230,37,584,5,0.86,0.38,673|5922|6016|6655|23522,BRAF|RASA2|RIT1|SOS2|KAT6B,-1.2,MyList
DisGeNET,35,C0030232,Pallor,,-3.2,3.8,4.3,30230,124,584,9,1.5,0.51,1186|2562|4615|6391|6392|55624|57728|80324|123016,CLCN7|GABRB3|MYD88|SDHC|SDHD|POMGNT1|WDR19|PUS1|TTC8,-1.2,MyList
DisGeNET,35,C0027962,Melanocytic nevus,,-3.1,2.6,3.9,30230,296,584,15,2.6,0.65,673|706|2068|2071|5290|5609|5922|6016|6391|6392|6655|23405|23522|29107|81557,BRAF|TSPO|ERCC2|ERCC3|PIK3CA|MAP2K7|RASA2|RIT1|SDHC|SDHD|SOS2|DICER1|KAT6B|NXT1|MAGED4B,-1.2,MyList
DisGeNET,35,C4022018,Telangiectasia of the skin,,-3.1,5.5,4.8,30230,56,584,6,1,0.42,1540|2068|2071|3981|5290|55135,CYLD|ERCC2|ERCC3|LIG4|PIK3CA|WRAP53,-1.2,MyList
DisGeNET,35,C0042024,Urinary Incontinence,,-3.1,3.4,4.2,30230,151,584,10,1.7,0.54,2182|2562|6908|9897|10479|11043|23400|56978|57531|81839,ACSL4|GABRB3|TBP|WASHC5|SLC9A6|MID2|ATP13A2|PRDM8|HACE1|VANGL1,-1.2,MyList
Transcription Factor Targets,16,M11821,CEBPB 01,,-3.1,2.7,3.9,30230,267,584,14,2.4,0.63,827|3769|5428|5582|6095|7029|7125|9517|10873|11200|51108|54542|119559|124997,CAPN6|KCNJ13|POLG|PRKCG|RORA|TFDP2|TNNC2|SPTLC2|ME3|CHEK2|METTL9|RC3H2|SFXN4|WDR81,-1.2,MyList
DisGeNET,35,C1854919,Severe psychomotor retardation,,-3.1,9.4,5.5,30230,22,584,4,0.68,0.34,7403|9927|10451|29929,KDM6A|MFN2|VAV3|ALG6,-1.2,MyList
DisGeNET,35,C3501846,Noonan-Like Syndrome With Loose Anagen Hair,,-3.1,9.4,5.5,30230,22,584,4,0.68,0.34,673|5922|6016|6655,BRAF|RASA2|RIT1|SOS2,-1.2,MyList
DisGeNET,35,C4082144,Metatarsal Valgus,,-3.1,9.4,5.5,30230,22,584,4,0.68,0.34,10585|29954|55624|729920,POMT1|POMT2|POMGNT1|CRPPA,-1.2,MyList
Transcription Factor Targets,16,M12826,ATF1 Q6,,-3.1,2.8,4,30230,237,584,13,2.2,0.61,1540|2353|2710|3551|5602|6778|7328|10900|54704|59338|64847|81539|84861,CYLD|FOS|GK|IKBKB|MAPK10|STAT6|UBE2H|RUNDC3A|PDP1|PLEKHA1|SPATA20|SLC38A1|KLHL22,-1.2,MyList
DisGeNET,35,C4021786,Atypical scarring of skin,,-3.1,4.1,4.4,30230,101,584,8,1.4,0.48,24|5145|8100|9742|26160|55624|92840|123016,ABCA4|PDE6A|IFT88|IFT140|IFT172|POMGNT1|REEP6|TTC8,-1.2,MyList
DisGeNET,35,C0542476,Forgetful,,-3.1,2.3,3.8,30230,429,584,19,3.3,0.73,1958|4292|4514|4540|4541|4615|5290|5428|5563|5580|5582|5609|6392|9213|9481|10020|23411|26503|197322,EGR1|MLH1|COX3|ND5|ND6|MYD88|PIK3CA|POLG|PRKAA2|PRKCD|PRKCG|MAP2K7|SDHD|XPR1|SLC25A27|GNE|SIRT1|SLC17A5|ACSF3,-1.2,MyList
DisGeNET,35,C2363819,Paucigranulocytic asthma,,-3.1,16,6.4,30230,10,584,3,0.51,0.3,8850|51200|201163,KAT2B|CPA4|FLCN,-1.2,MyList
DisGeNET,35,C0796418,Visual Pathway Glioma,,-3.1,16,6.4,30230,10,584,3,0.51,0.3,673|1718|5609,BRAF|DHCR24|MAP2K7,-1.2,MyList
DisGeNET,35,C4021849,Conjunctival hamartoma,,-3.1,16,6.4,30230,10,584,3,0.51,0.3,5290|6391|6392,PIK3CA|SDHC|SDHD,-1.2,MyList
DisGeNET,35,C4304411,Xeroderma pigmentosum and Cockayne syndrome complex,,-3.1,16,6.4,30230,10,584,3,0.51,0.3,2068|2071|2968,ERCC2|ERCC3|GTF2H4,-1.2,MyList
DisGeNET,35,C0007959,Charcot-Marie-Tooth Disease,,-3.1,3,4,30230,208,584,12,2.1,0.59,1959|4508|5375|5428|9517|9639|9897|9927|26580|55669|84447|91137,EGR2|ATP6|PMP2|POLG|SPTLC2|ARHGEF10|WASHC5|MFN2|BSCL2|MFN1|SYVN1|SLC25A46,-1.2,MyList
Cell Type Signatures,7,M39233,LAKE ADULT KIDNEY C14 DISTAL CONVOLUTED TUBULE,,-3.1,3,4,30230,208,584,12,2.1,0.59,673|2182|6095|10451|10873|23143|23461|26249|29761|93664|114781|115825,BRAF|ACSL4|RORA|VAV3|ME3|LRCH1|ABCA5|KLHL3|USP25|CADPS2|BTBD9|WDFY2,-1.2,MyList
DisGeNET,35,C0278498,Malignant neoplasm of stomach stage IV,,-3.1,4.6,4.5,30230,78,584,7,1.2,0.45,1959|2068|3551|4292|5290|23411|219285,EGR2|ERCC2|IKBKB|MLH1|PIK3CA|SIRT1|SAMD9L,-1.2,MyList
DisGeNET,35,C0746674,Generalized muscle weakness,,-3.1,3.7,4.3,30230,126,584,9,1.5,0.51,2733|5428|6392|10585|23400|29954|51776|55624|729920,GLE1|POLG|SDHD|POMT1|ATP13A2|POMT2|MAP3K20|POMGNT1|CRPPA,-1.2,MyList
DisGeNET,35,C0162835,Hypopigmentation disorder,,-3.1,3.7,4.3,30230,126,584,9,1.5,0.51,24|1186|2562|5873|6490|23682|26503|84942|200576,ABCA4|CLCN7|GABRB3|RAB27A|PMEL|RAB38|SLC17A5|WDR73|PIKFYVE,-1.2,MyList
DisGeNET,35,C4551915,"Gait Disturbance, CTCAE",,-3.1,2.6,3.9,30230,299,584,15,2.6,0.65,4292|5290|5428|6908|7274|9927|10020|10585|23400|29954|51324|51761|55624|79867|124997,MLH1|PIK3CA|POLG|TBP|TTPA|MFN2|GNE|POMT1|ATP13A2|POMT2|SPG21|ATP8A2|POMGNT1|TCTN2|WDR81,-1.2,MyList
DisGeNET,35,C0422852,"Seizures, Auditory",,-3.1,4.1,4.3,30230,102,584,8,1.4,0.48,1143|2353|4504|5428|5580|6854|57030|93183,CHRNB4|FOS|MT3|POLG|PRKCD|SYN2|SLC17A7|PIGM,-1.2,MyList
DisGeNET,35,C0422855,Vertiginous seizure,,-3.1,4.1,4.3,30230,102,584,8,1.4,0.48,1143|2353|4504|5428|5580|6854|57030|93183,CHRNB4|FOS|MT3|POLG|PRKCD|SYN2|SLC17A7|PIGM,-1.2,MyList
DisGeNET,35,C0751056,Non-epileptic convulsion,,-3.1,4.1,4.3,30230,102,584,8,1.4,0.48,1143|2353|4504|5428|5580|6854|57030|93183,CHRNB4|FOS|MT3|POLG|PRKCD|SYN2|SLC17A7|PIGM,-1.2,MyList
DisGeNET,35,C0022333,Jacksonian Seizure,,-3.1,4.1,4.3,30230,102,584,8,1.4,0.48,1143|2353|4504|5428|5580|6854|57030|93183,CHRNB4|FOS|MT3|POLG|PRKCD|SYN2|SLC17A7|PIGM,-1.2,MyList
DisGeNET,35,C0751123,Atonic Absence Seizures,,-3.1,4.1,4.3,30230,102,584,8,1.4,0.48,1143|2353|4504|5428|5580|6854|57030|93183,CHRNB4|FOS|MT3|POLG|PRKCD|SYN2|SLC17A7|PIGM,-1.2,MyList
DisGeNET,35,C0422853,Olfactory seizure,,-3.1,4.1,4.3,30230,102,584,8,1.4,0.48,1143|2353|4504|5428|5580|6854|57030|93183,CHRNB4|FOS|MT3|POLG|PRKCD|SYN2|SLC17A7|PIGM,-1.2,MyList
DisGeNET,35,C0751496,"Seizures, Sensory",,-3.1,4.1,4.3,30230,102,584,8,1.4,0.48,1143|2353|4504|5428|5580|6854|57030|93183,CHRNB4|FOS|MT3|POLG|PRKCD|SYN2|SLC17A7|PIGM,-1.2,MyList
DisGeNET,35,C0751110,Single Seizure,,-3.1,4.1,4.3,30230,102,584,8,1.4,0.48,1143|2353|4504|5428|5580|6854|57030|93183,CHRNB4|FOS|MT3|POLG|PRKCD|SYN2|SLC17A7|PIGM,-1.2,MyList
DisGeNET,35,C4505436,Generalized Absence Seizures,,-3.1,4.1,4.3,30230,102,584,8,1.4,0.48,1143|2353|4504|5428|5580|6854|57030|93183,CHRNB4|FOS|MT3|POLG|PRKCD|SYN2|SLC17A7|PIGM,-1.2,MyList
DisGeNET,35,C3495874,Nonepileptic Seizures,,-3.1,4.1,4.3,30230,102,584,8,1.4,0.48,1143|2353|4504|5428|5580|6854|57030|93183,CHRNB4|FOS|MT3|POLG|PRKCD|SYN2|SLC17A7|PIGM,-1.2,MyList
DisGeNET,35,C0422850,"Seizures, Somatosensory",,-3.1,4.1,4.3,30230,102,584,8,1.4,0.48,1143|2353|4504|5428|5580|6854|57030|93183,CHRNB4|FOS|MT3|POLG|PRKCD|SYN2|SLC17A7|PIGM,-1.2,MyList
DisGeNET,35,C0422854,Gustatory seizure,,-3.1,4.1,4.3,30230,102,584,8,1.4,0.48,1143|2353|4504|5428|5580|6854|57030|93183,CHRNB4|FOS|MT3|POLG|PRKCD|SYN2|SLC17A7|PIGM,-1.2,MyList
DisGeNET,35,C0751495,"Seizures, Focal",,-3.1,3,4,30230,210,584,12,2.1,0.59,1143|2353|2562|4504|5428|5580|5602|6854|9439|11253|57030|93183,CHRNB4|FOS|GABRB3|MT3|POLG|PRKCD|MAPK10|SYN2|MED23|MAN1B1|SLC17A7|PIGM,-1.1,MyList
Transcription Factor Targets,16,M30301,ZNF331 TARGET GENES,,-3.1,2.4,3.8,30230,366,584,17,2.9,0.7,373|1468|1959|5602|6533|9439|23761|55005|55160|55181|55669|56948|66036|79726|80013|81029|84669,TRIM23|SLC25A10|EGR2|MAPK10|SLC6A6|MED23|PISD|RMND1|ARHGEF10L|SMG8|MFN1|SDR39U1|MTMR9|WDR59|MINDY3|WNT5B|USP32,-1.1,MyList
DisGeNET,35,C0848558,Hypospadias,,-3.1,2.4,3.8,30230,366,584,17,2.9,0.7,673|2353|3726|3981|5192|5290|5304|5824|6845|7290|7403|9382|9772|9897|9915|54968|123016,BRAF|FOS|JUNB|LIG4|PEX10|PIK3CA|PIP|PEX19|VAMP7|HIRA|KDM6A|COG1|TMEM94|WASHC5|ARNT2|TMEM70|TTC8,-1.1,MyList
DisGeNET,35,C1857640,Decreased nerve conduction velocity,,-3.1,5.4,4.7,30230,58,584,6,1,0.42,2071|4514|4540|4541|9639|219285,ERCC3|COX3|ND5|ND6|ARHGEF10|SAMD9L,-1.1,MyList
DisGeNET,35,C0202177,Phospholipid measurement,,-3.1,5.4,4.7,30230,58,584,6,1,0.42,5137|8882|9374|9926|140469|143425,PDE1C|ZPR1|PPT2|LPGAT1|MYO3B|SYT9,-1.1,MyList
DisGeNET,35,C1260926,Abnormal pigmentation,,-3.1,5.4,4.7,30230,58,584,6,1,0.42,2353|3981|9772|26580|55135|85378,FOS|LIG4|TMEM94|BSCL2|WRAP53|TUBGCP6,-1.1,MyList
DisGeNET,35,C0236969,Substance-Related Disorders,,-3.1,3.6,4.2,30230,128,584,9,1.5,0.51,5137|5581|8850|9465|9557|51660|79809|93664|114134,PDE1C|PRKCE|KAT2B|AKAP7|CHD1L|MPC1|TTC21B|CADPS2|SLC2A13,-1.1,MyList
Transcription Factor Targets,16,M30340,ZNF528 TARGET GENES,,-3.1,1.9,3.6,30230,793,584,29,5,0.9,1185|1657|2562|3981|5582|6845|9238|9439|9897|22868|29081|51255|51324|54542|54978|55734|56922|64779|78986|79726|79736|80013|80262|81490|84131|84947|92856|93973|114134,CLCN6|DMXL1|GABRB3|LIG4|PRKCG|VAMP7|TBRG4|MED23|WASHC5|FASTKD2|METTL5|RNF181|SPG21|RC3H2|SLC35F6|ZFP64|MCCC1|MTHFSD|DUSP26|WDR59|TEFM|MINDY3|PHAF1|PTDSS2|CEP78|SERAC1|IMP4|ACTR8|SLC2A13,-1.1,MyList
DisGeNET,35,C1849134,Impaired vibration sensation in the lower limbs,,-3.1,6.6,4.9,30230,39,584,5,0.86,0.38,4508|9897|26580|55958|219285,ATP6|WASHC5|BSCL2|KLHL9|SAMD9L,-1.1,MyList
DisGeNET,35,C4551602,Noonan Syndrome 1,,-3,9,5.4,30230,23,584,4,0.68,0.34,673|5609|6016|6655,BRAF|MAP2K7|RIT1|SOS2,-1.1,MyList
DisGeNET,35,C0431376,Cobblestone Lissencephaly,,-3,9,5.4,30230,23,584,4,0.68,0.34,10585|29954|55624|729920,POMT1|POMT2|POMGNT1|CRPPA,-1.1,MyList
DisGeNET,35,C1629609,Age at menopause,,-3,3.6,4.2,30230,129,584,9,1.5,0.51,5428|9874|9960|54617|57605|79776|84142|84446|285527,POLG|TLK1|USP3|INO80|PITPNM2|ZFHX4|ABRAXAS1|BRSK1|FRYL,-1.1,MyList
DisGeNET,35,C0266544,Microcornea,,-3,3.6,4.2,30230,129,584,9,1.5,0.51,2068|2071|7403|10585|10682|29954|55624|79867|729920,ERCC2|ERCC3|KDM6A|POMT1|EBP|POMT2|POMGNT1|TCTN2|CRPPA,-1.1,MyList
DisGeNET,35,C0022821,Kyphosis deformity of spine,,-3,2.6,3.8,30230,304,584,15,2.6,0.65,2733|5290|6391|6392|8925|9897|9927|10682|25842|26100|51107|51360|57531|80324|124583,GLE1|PIK3CA|SDHC|SDHD|HERC1|WASHC5|MFN2|EBP|ASF1A|WIPI2|APH1A|MBTPS2|HACE1|PUS1|CANT1,-1.1,MyList
DisGeNET,35,C0040147,Thyroiditis,,-3,4,4.3,30230,104,584,8,1.4,0.48,673|3981|4514|4540|4541|4615|5290|5580,BRAF|LIG4|COX3|ND5|ND6|MYD88|PIK3CA|PRKCD,-1.1,MyList
Transcription Factor Targets,16,M30007,HOXA10 TARGET GENES,,-3,2.7,3.9,30230,273,584,14,2.4,0.63,1185|6778|9772|10948|23399|29880|53944|56922|56948|60487|80067|84340|84947|92856,CLCN6|STAT6|TMEM94|STARD3|CTDNEP1|ALG5|CSNK1G1|MCCC1|SDR39U1|TRMT11|DCAF17|GFM2|SERAC1|IMP4,-1.1,MyList
DisGeNET,35,C1842774,Hypermelanotic macule,,-3,5.3,4.6,30230,59,584,6,1,0.42,2068|2071|4292|5290|55135|79415,ERCC2|ERCC3|MLH1|PIK3CA|WRAP53|CYBC1,-1.1,MyList
DisGeNET,35,C0476403,Electromyogram abnormal,,-3,3.6,4.1,30230,130,584,9,1.5,0.51,4514|4540|4541|9927|10585|29954|55624|56997|80324,COX3|ND5|ND6|MFN2|POMT1|POMT2|POMGNT1|COQ8A|PUS1,-1.1,MyList
DisGeNET,35,C0005612,Birth Weight,,-3,2.9,3.9,30230,214,584,12,2.1,0.59,21|6016|6095|6655|6721|9374|26018|51043|54617|59338|79776|81539,ABCA3|RIT1|RORA|SOS2|SREBF2|PPT2|LRIG1|ZBTB7B|INO80|PLEKHA1|ZFHX4|SLC38A1,-1.1,MyList
DisGeNET,35,C0410528,Skeletal dysplasia,,-3,3.1,4,30230,186,584,11,1.9,0.56,90|5192|5824|9742|10682|23761|26160|57560|57728|79809|89970,ACVR1|PEX10|PEX19|IFT140|EBP|PISD|IFT172|IFT80|WDR19|TTC21B|RSPRY1,-1.1,MyList
Transcription Factor Targets,16,M572,TGCCAAR NF1 Q6,,-3,1.9,3.5,30230,727,584,27,4.6,0.87,90|1540|1959|5375|5873|6016|6095|7290|7328|9252|10154|23038|23399|51776|54542|56262|56978|57169|78997|83723|84264|90423|90550|116986|124997|143425|201931,ACVR1|CYLD|EGR2|PMP2|RAB27A|RIT1|RORA|HIRA|UBE2H|RPS6KA5|PLXNC1|WDTC1|CTDNEP1|MAP3K20|RC3H2|LRRC8A|PRDM8|ZNFX1|GDAP1L1|TLCD3B|HAGHL|ATP6V1E2|MCU|AGAP2|WDR81|SYT9|TMEM192,-1.1,MyList
DisGeNET,35,C1859341,Olivopontocerebellar hypoplasia,,-3,14,6.1,30230,11,584,3,0.51,0.3,10585|29954|55624,POMT1|POMT2|POMGNT1,-1.1,MyList
DisGeNET,35,C4551571,Cranioectodermal dysplasia,,-3,14,6.1,30230,11,584,3,0.51,0.3,9742|55764|57728,IFT140|IFT122|WDR19,-1.1,MyList
DisGeNET,35,C1857353,Posterior fossa cyst,,-3,14,6.1,30230,11,584,3,0.51,0.3,9897|10585|29954,WASHC5|POMT1|POMT2,-1.1,MyList
DisGeNET,35,C0549410,Palmar-plantar erythrodysesthesia syndrome,,-3,14,6.1,30230,11,584,3,0.51,0.3,673|5609|9582,BRAF|MAP2K7|APOBEC3B,-1.1,MyList
DisGeNET,35,C0423421,Atrophic macular change,,-3,8.6,5.2,30230,24,584,4,0.68,0.34,5959|7867|9742|57728,RDH5|MAPKAPK3|IFT140|WDR19,-1.1,MyList
DisGeNET,35,C0543888,Epileptic encephalopathy,,-3,3,3.9,30230,187,584,11,1.9,0.56,1468|2562|5428|5602|10479|23229|26580|54802|56997|57038|60558,SLC25A10|GABRB3|POLG|MAPK10|SLC9A6|ARHGEF9|BSCL2|TRIT1|COQ8A|RARS2|GUF1,-1.1,MyList
Transcription Factor Targets,16,M30272,ZNF197 TARGET GENES,,-3,2,3.5,30230,655,584,25,4.3,0.84,406|2968|4642|8834|8925|10900|23461|23484|23761|26580|29086|29929|54620|54968|55819|59338|79605|80198|80314|81490|84078|89890|114781|219285|285203,BMAL1|GTF2H4|MYO1D|TMEM11|HERC1|RUNDC3A|ABCA5|LEPROTL1|PISD|BSCL2|BABAM1|ALG6|FBXL19|TMEM70|RNF130|PLEKHA1|PGBD5|MUS81|EPC1|PTDSS2|KBTBD7|KBTBD6|BTBD9|SAMD9L|EOGT,-1.1,MyList
DisGeNET,35,C1837260,Prominent forehead,,-3,3.3,4,30230,159,584,10,1.7,0.54,673|1186|1718|2733|5587|8925|9742|9915|10020|57520,BRAF|CLCN7|DHCR24|GLE1|PRKD1|HERC1|IFT140|ARNT2|GNE|HECW2,-1.1,MyList
DisGeNET,35,C2936719,Mechanical Allodynia,,-3,2.3,3.7,30230,408,584,18,3.1,0.72,406|2353|5290|5304|5563|5581|5582|5587|5609|6854|9213|9927|23411|50807|55149|57030|78986|79109,BMAL1|FOS|PIK3CA|PIP|PRKAA2|PRKCE|PRKCG|PRKD1|MAP2K7|SYN2|XPR1|MFN2|SIRT1|ASAP1|MTPAP|SLC17A7|DUSP26|MAPKAP1,-1.1,MyList
DisGeNET,35,C3278975,Attenuation of retinal blood vessels,,-3,6.3,4.8,30230,41,584,5,0.86,0.38,24|5145|5959|26160|123016,ABCA4|PDE6A|RDH5|IFT172|TTC8,-1.1,MyList
DisGeNET,35,C0429097,QRS complex feature,,-3,6.3,4.8,30230,41,584,5,0.86,0.38,1185|23143|26018|29761|54497,CLCN6|LRCH1|LRIG1|USP25|HEATR5B,-1.1,MyList
Transcription Factor Targets,16,M40719,PAX6 TARGET GENES,,-2.9,1.9,3.5,30230,768,584,28,4.8,0.88,1540|1798|2968|4547|5581|5873|9885|9926|10157|10162|10195|23041|23092|54617|54884|54968|55005|55135|55638|55734|56922|57560|64852|80213|91304|112840|137695|256126,CYLD|DPAGT1|GTF2H4|MTTP|PRKCE|RAB27A|OSBPL2|LPGAT1|AASS|LPCAT3|ALG3|MON2|ARHGAP26|INO80|RETSAT|TMEM70|RMND1|WRAP53|SYBU|ZFP64|MCCC1|IFT80|TUT1|TM2D3|TMEM259|WDR89|TMEM68|SYCE2,-1.1,MyList
Transcription Factor Targets,16,M3410,CREB Q4 01,,-2.9,2.9,3.9,30230,217,584,12,2.1,0.59,673|1040|1959|3551|5602|6721|7126|7328|10900|54704|90410|114789,BRAF|CDS1|EGR2|IKBKB|MAPK10|SREBF2|TNFAIP1|UBE2H|RUNDC3A|PDP1|IFT20|SLC25A25,-1.1,MyList
DisGeNET,35,C0853193,Bipolar I disorder,,-2.9,4.4,4.3,30230,83,584,7,1.2,0.45,406|1040|1958|1959|2562|2899|23522,BMAL1|CDS1|EGR1|EGR2|GABRB3|GRIK3|KAT6B,-1.1,MyList
DisGeNET,35,C0152421,Macrotia,,-2.9,3,3.9,30230,188,584,11,1.9,0.56,673|7403|8925|10195|10479|10785|11253|26580|51360|57520|84942,BRAF|KDM6A|HERC1|ALG3|SLC9A6|WDR4|MAN1B1|BSCL2|MBTPS2|HECW2|WDR73,-1.1,MyList
DisGeNET,35,C0152427,Polydactyly,,-2.9,3,3.9,30230,188,584,11,1.9,0.56,5290|8100|9742|10682|26160|51360|57560|79809|79867|83479|123016,PIK3CA|IFT88|IFT140|EBP|IFT172|MBTPS2|IFT80|TTC21B|TCTN2|DDX59|TTC8,-1.1,MyList
DisGeNET,35,C0024236,Lymphedema,,-2.9,5.1,4.5,30230,61,584,6,1,0.42,673|5290|5922|6016|6655|23522,BRAF|PIK3CA|RASA2|RIT1|SOS2|KAT6B,-1.1,MyList
DisGeNET,35,C4721453,Peripheral Nervous System Diseases,,-2.9,2.1,3.6,30230,549,584,22,3.8,0.79,1959|2068|2071|2353|4508|4514|4540|4541|4615|5290|5375|5428|5581|9517|9639|9927|26580|51300|51601|91137|113612|219285,EGR2|ERCC2|ERCC3|FOS|ATP6|COX3|ND5|ND6|MYD88|PIK3CA|PMP2|POLG|PRKCE|SPTLC2|ARHGEF10|MFN2|BSCL2|TIMMDC1|LIPT1|SLC25A46|CYP2U1|SAMD9L,-1.1,MyList
DisGeNET,35,C0021364,Male infertility,,-2.9,2.1,3.6,30230,514,584,21,3.6,0.77,406|673|2068|3981|4292|5290|5304|5428|6845|9742|23158|23405|23411|26580|50807|51542|54514|55149|56262|64847|80067,BMAL1|BRAF|ERCC2|LIG4|MLH1|PIK3CA|PIP|POLG|VAMP7|IFT140|TBC1D9|DICER1|SIRT1|BSCL2|ASAP1|VPS54|DDX4|MTPAP|LRRC8A|SPATA20|DCAF17,-1.1,MyList
DisGeNET,35,C0270844,Tonic Seizures,,-2.9,3.8,4.1,30230,108,584,8,1.4,0.48,1143|2353|4504|5428|5580|6854|57030|93183,CHRNB4|FOS|MT3|POLG|PRKCD|SYN2|SLC17A7|PIGM,-1,MyList
DisGeNET,35,C0575081,Gait abnormality,,-2.9,2.5,3.7,30230,312,584,15,2.6,0.65,4292|5290|5428|6908|7274|9927|10020|10585|23400|29954|51324|51761|55624|79867|124997,MLH1|PIK3CA|POLG|TBP|TTPA|MFN2|GNE|POMT1|ATP13A2|POMT2|SPG21|ATP8A2|POMGNT1|TCTN2|WDR81,-1,MyList
Transcription Factor Targets,16,M30349,ZNF558 TARGET GENES,,-2.9,2.5,3.7,30230,312,584,15,2.6,0.65,3981|6778|8476|9439|11189|23354|51360|54802|55005|55706|84340|91304|124936|137695|256126,LIG4|STAT6|CDC42BPA|MED23|CELF3|HAUS5|MBTPS2|TRIT1|RMND1|NDC1|GFM2|TMEM259|CYB5D2|TMEM68|SYCE2,-1,MyList
Transcription Factor Targets,16,M29971,FOXG1 TARGET GENES,,-2.9,2,3.5,30230,587,584,23,3.9,0.8,1657|2968|6397|6721|6856|9439|10162|23395|23761|26747|27292|54799|54884|55852|56948|57558|60673|84340|84669|90826|91304|151525|196441,DMXL1|GTF2H4|SEC14L1|SREBF2|SYPL1|MED23|LPCAT3|LARS2|PISD|NUFIP1|DIMT1|MBTD1|RETSAT|TEX2|SDR39U1|USP35|ATG101|GFM2|USP32|PRMT9|TMEM259|WDSUB1|ZFC3H1,-1,MyList
Cell Type Signatures,7,M40094,DESCARTES MAIN FETAL RETINAL PIGMENT CELLS,,-2.9,3,3.9,30230,190,584,11,1.9,0.56,1657|3769|5873|5959|6490|26289|51205|55852|83882|83891|729920,DMXL1|KCNJ13|RAB27A|RDH5|PMEL|AK5|ACP6|TEX2|TSPAN10|SNX25|CRPPA,-1,MyList
DisGeNET,35,C4021792,Abnormality of the clavicle,,-2.9,6.2,4.7,30230,42,584,5,0.86,0.38,9742|26160|57560|57728|79809,IFT140|IFT172|IFT80|WDR19|TTC21B,-1,MyList
DisGeNET,35,C4317109,Epileptic Seizures,,-2.9,2.7,3.8,30230,250,584,13,2.2,0.61,673|1143|1958|2353|4504|4615|5290|5428|5580|6854|57030|79663|93183,BRAF|CHRNB4|EGR1|FOS|MT3|MYD88|PIK3CA|POLG|PRKCD|SYN2|SLC17A7|HSPBAP1|PIGM,-1,MyList
DisGeNET,35,C1843392,Death in childhood,,-2.9,8.3,5.1,30230,25,584,4,0.68,0.34,2068|5873|26503|57038,ERCC2|RAB27A|SLC17A5|RARS2,-1,MyList
DisGeNET,35,C0240340,Microdontia (disorder),,-2.9,3.8,4.1,30230,109,584,8,1.4,0.48,24|5587|7403|9742|10785|23522|55764|57728,ABCA4|PRKD1|KDM6A|IFT140|WDR4|KAT6B|IFT122|WDR19,-1,MyList
Transcription Factor Targets,16,M40707,TOX4 TARGET GENES,,-2.9,3,3.9,30230,191,584,11,1.9,0.56,406|1657|9772|29880|54545|54617|56927|60558|90826|115704|285527,BMAL1|DMXL1|TMEM94|ALG5|MTMR12|INO80|GPR108|GUF1|PRMT9|EVI5L|FRYL,-1,MyList
DisGeNET,35,C0000772,Multiple congenital anomalies,,-2.9,2.7,3.8,30230,251,584,13,2.2,0.61,90|406|673|2733|5290|5311|6016|6307|7403|11200|23522|124583|388650,ACVR1|BMAL1|BRAF|GLE1|PIK3CA|PKD2|RIT1|MSMO1|KDM6A|CHEK2|KAT6B|CANT1|DIPK1A,-1,MyList
DisGeNET,35,C0028326,Noonan Syndrome,,-2.9,4.3,4.2,30230,85,584,7,1.2,0.45,90|673|5609|5922|6016|6655|23522,ACVR1|BRAF|MAP2K7|RASA2|RIT1|SOS2|KAT6B,-1,MyList
DisGeNET,35,C0009207,Cockayne Syndrome,,-2.9,4.3,4.2,30230,85,584,7,1.2,0.45,2068|2071|2968|6016|23158|23411|143425,ERCC2|ERCC3|GTF2H4|RIT1|TBC1D9|SIRT1|SYT9,-1,MyList
DisGeNET,35,C0020295,Hydronephrosis,,-2.9,2.7,3.7,30230,252,584,13,2.2,0.61,673|1958|3981|5192|5824|7403|9382|9897|9915|10682|23522|51360|57560,BRAF|EGR1|LIG4|PEX10|PEX19|KDM6A|COG1|WASHC5|ARNT2|EBP|KAT6B|MBTPS2|IFT80,-1,MyList
Transcription Factor Targets,16,M30051,LMTK3 TARGET GENES,,-2.9,2,3.5,30230,592,584,23,3.9,0.8,21|5129|5580|7374|8310|8882|9489|9772|9927|11253|23354|23399|25979|29882|54968|57570|64779|79726|79786|85378|197322|283459|338692,ABCA3|CDK18|PRKCD|UNG|ACOX3|ZPR1|PGS1|TMEM94|MFN2|MAN1B1|HAUS5|CTDNEP1|DHRS7B|ANAPC2|TMEM70|TRMT5|MTHFSD|WDR59|KLHL36|TUBGCP6|ACSF3|GATC|ANKRD13D,-1,MyList
DisGeNET,35,C0206701,"Cystadenocarcinoma, Serous",,-2.9,3.8,4.1,30230,110,584,8,1.4,0.48,24|406|673|1718|4292|5609|23411|81557,ABCA4|BMAL1|BRAF|DHCR24|MLH1|MAP2K7|SIRT1|MAGED4B,-1,MyList
DisGeNET,35,C0009714,"Hepatic Fibrosis, Congenital",,-2.9,4.9,4.4,30230,63,584,6,1,0.42,5587|57560|57728|79809|79867|285203,PRKD1|IFT80|WDR19|TTC21B|TCTN2|EOGT,-1,MyList
Transcription Factor Targets,16,M40704,ZC3H11A TARGET GENES,,-2.9,2,3.5,30230,593,584,23,3.9,0.8,1195|3988|7290|7328|8310|9439|9926|10239|23658|51108|51360|55181|64847|64852|66036|79736|80213|83723|83882|84219|84340|197322|283459,CLK1|LIPA|HIRA|UBE2H|ACOX3|MED23|LPGAT1|AP3S2|LSM5|METTL9|MBTPS2|SMG8|SPATA20|TUT1|MTMR9|TEFM|TM2D3|TLCD3B|TSPAN10|WDR24|GFM2|ACSF3|GATC,-1,MyList
DisGeNET,35,C4721806,"Carcinoma, Basal Cell",,-2.9,2,3.5,30230,557,584,22,3.8,0.79,673|1052|1540|2068|2071|2353|3611|4292|5290|5563|5580|5609|6778|7743|8100|9817|11200|23405|23411|23428|79776|80198,BRAF|CEBPD|CYLD|ERCC2|ERCC3|FOS|ILK|MLH1|PIK3CA|PRKAA2|PRKCD|MAP2K7|STAT6|ZNF189|IFT88|KEAP1|CHEK2|DICER1|SIRT1|SLC7A8|ZFHX4|MUS81,-1,MyList
DisGeNET,35,C4021795,Abnormality of Krebs cycle metabolism,,-2.9,13,5.8,30230,12,584,3,0.51,0.3,4508|4540|4541,ATP6|ND5|ND6,-1,MyList
DisGeNET,35,C4022013,Multiple glomerular cysts,,-2.9,13,5.8,30230,12,584,3,0.51,0.3,4508|4540|4541,ATP6|ND5|ND6,-1,MyList
DisGeNET,35,C2931092,Maternally Inherited Leigh Syndrome,,-2.9,13,5.8,30230,12,584,3,0.51,0.3,4508|4540|4541,ATP6|ND5|ND6,-1,MyList
DisGeNET,35,C0030422,Extra-Adrenal Paraganglioma,,-2.9,13,5.8,30230,12,584,3,0.51,0.3,1757|6391|6392,SARDH|SDHC|SDHD,-1,MyList
DisGeNET,35,C1837758,Bird-like facies,,-2.9,13,5.8,30230,12,584,3,0.51,0.3,2068|2071|3981,ERCC2|ERCC3|LIG4,-1,MyList
DisGeNET,35,C1838993,Episodic vomiting,,-2.9,6,4.6,30230,43,584,5,0.86,0.38,2710|4508|4514|4540|4541,GK|ATP6|COX3|ND5|ND6,-1,MyList
DisGeNET,35,C0022593,Keratosis,,-2.9,6,4.6,30230,43,584,5,0.86,0.38,673|5290|6392|9817|29107,BRAF|PIK3CA|SDHD|KEAP1|NXT1,-1,MyList
DisGeNET,35,C1847584,Distal sensory impairment,,-2.9,4.2,4.2,30230,86,584,7,1.2,0.45,1959|5428|9517|9927|23400|26580|91137,EGR2|POLG|SPTLC2|MFN2|ATP13A2|BSCL2|SLC25A46,-1,MyList
DisGeNET,35,C0267834,Liver cyst,,-2.8,8,5,30230,26,584,4,0.68,0.34,5311|55764|57728|79809,PKD2|IFT122|WDR19|TTC21B,-0.98,MyList
DisGeNET,35,C1557375,"Blurred Vision, CTCAE",,-2.8,8,5,30230,26,584,4,0.68,0.34,4508|4514|4540|4541,ATP6|COX3|ND5|ND6,-0.98,MyList
DisGeNET,35,C3160712,"Palpitations, CTCAE",,-2.8,4.9,4.3,30230,64,584,6,1,0.42,2353|5428|6391|6392|26580|51422,FOS|POLG|SDHC|SDHD|BSCL2|PRKAG2,-0.98,MyList
DisGeNET,35,C0020443,Hypercholesterolemia,,-2.8,2.1,3.5,30230,489,584,20,3.4,0.75,22|141|406|706|2182|3551|3988|4547|5290|6721|7274|8882|9213|9885|9897|23158|23175|23411|26503|51324,ABCB7|ADPRH|BMAL1|TSPO|ACSL4|IKBKB|LIPA|MTTP|PIK3CA|SREBF2|TTPA|ZPR1|XPR1|OSBPL2|WASHC5|TBC1D9|LPIN1|SIRT1|SLC17A5|SPG21,-0.97,MyList
DisGeNET,35,C3161330,Profound intellectual disabilities,,-2.8,3.7,4,30230,112,584,8,1.4,0.48,2182|10479|10585|11043|29954|55624|60558|729920,ACSL4|SLC9A6|POMT1|MID2|POMT2|POMGNT1|GUF1|CRPPA,-0.97,MyList
Transcription Factor Targets,16,M11934,SRF Q5 01,,-2.8,2.8,3.7,30230,225,584,12,2.1,0.59,1958|1959|2353|3726|7328|8677|51776|57161|80128|80198|83741|91663,EGR1|EGR2|FOS|JUNB|UBE2H|STX10|MAP3K20|PELI2|TRIM46|MUS81|TFAP2D|MYADM,-0.97,MyList
Transcription Factor Targets,16,M30045,LCORL TARGET GENES,,-2.8,2.2,3.5,30230,455,584,19,3.3,0.73,416|5581|5922|7867|23405|25837|29086|51360|51559|54542|55160|55181|55585|55958|57404|66036|81490|89970|124583,ARSF|PRKCE|RASA2|MAPKAPK3|DICER1|RAB26|BABAM1|MBTPS2|NT5DC3|RC3H2|ARHGEF10L|SMG8|UBE2Q1|KLHL9|CYP20A1|MTMR9|PTDSS2|RSPRY1|CANT1,-0.97,MyList
Transcription Factor Targets,16,M9795,ARNT 02,,-2.8,2.6,3.7,30230,256,584,13,2.2,0.61,5581|5582|7290|10325|23411|51324|54620|55238|64121|79663|80314|116983|339487,PRKCE|PRKCG|HIRA|RRAGB|SIRT1|SPG21|FBXL19|SLC38A7|RRAGC|HSPBAP1|EPC1|ACAP3|ZBTB8OS,-0.96,MyList
Transcription Factor Targets,16,M29900,BANP TARGET GENES,,-2.8,1.9,3.4,30230,748,584,27,4.6,0.87,1657|6837|8834|8925|22868|26001|26035|54542|54617|54620|55135|57560|57728|58485|64318|79726|79776|84275|84318|84942|85378|89890|112840|196441|221154|253260|257218,DMXL1|MED22|TMEM11|HERC1|FASTKD2|RNF167|GLCE|RC3H2|INO80|FBXL19|WRAP53|IFT80|WDR19|TRAPPC1|NOC3L|WDR59|ZFHX4|SLC25A33|CCDC77|WDR73|TUBGCP6|KBTBD6|WDR89|ZFC3H1|MICU2|RICTOR|SHPRH,-0.96,MyList
DisGeNET,35,C1847879,X-linked dominant inheritance,,-2.8,4.8,4.3,30230,65,584,6,1,0.42,1121|2182|2710|7403|10479|10682,CHM|ACSL4|GK|KDM6A|SLC9A6|EBP,-0.95,MyList
DisGeNET,35,C0027498,Nausea and vomiting,,-2.8,2.6,3.7,30230,257,584,13,2.2,0.61,673|2733|3988|4292|4514|4540|4541|5290|5873|6391|6392|26503|160897,BRAF|GLE1|LIPA|MLH1|COX3|ND5|ND6|PIK3CA|RAB27A|SDHC|SDHD|SLC17A5|GPR180,-0.95,MyList
Cell Type Signatures,7,M39055,MANNO MIDBRAIN NEUROTYPES HRGL2A,,-2.8,2,3.4,30230,600,584,23,3.9,0.8,1958|1959|2353|3310|3988|4504|4547|5137|5375|5563|5873|6307|6856|8850|9138|10157|23461|26018|50649|51660|56978|84061|221749,EGR1|EGR2|FOS|HSPA6|LIPA|MT3|MTTP|PDE1C|PMP2|PRKAA2|RAB27A|MSMO1|SYPL1|KAT2B|ARHGEF1|AASS|ABCA5|LRIG1|ARHGEF4|MPC1|PRDM8|MAGT1|PXDC1,-0.95,MyList
DisGeNET,35,C0151718,Hypocholesterolemia,,-2.8,3.7,4,30230,113,584,8,1.4,0.48,673|4547|5290|6307|6721|9213|23158|201163,BRAF|MTTP|PIK3CA|MSMO1|SREBF2|XPR1|TBC1D9|FLCN,-0.95,MyList
DisGeNET,35,C0010038,Corneal Opacity,,-2.8,3.7,4,30230,113,584,8,1.4,0.48,5192|5824|9213|10585|29954|51360|55624|729920,PEX10|PEX19|XPR1|POMT1|POMT2|MBTPS2|POMGNT1|CRPPA,-0.95,MyList
DisGeNET,35,C0041341,Tuberous Sclerosis,,-2.8,2.5,3.6,30230,289,584,14,2.4,0.63,24|406|673|3551|3981|4547|5290|5563|5587|9681|23158|55638|201163|219285,ABCA4|BMAL1|BRAF|IKBKB|LIG4|MTTP|PIK3CA|PRKAA2|PRKD1|DEPDC5|TBC1D9|SYBU|FLCN|SAMD9L,-0.95,MyList
DisGeNET,35,C0009806,Constipation,,-2.8,2.2,3.5,30230,423,584,18,3.1,0.72,673|706|2353|4285|4292|4514|4540|4541|5290|5428|6391|6590|6778|6908|7290|9772|9915|81839,BRAF|TSPO|FOS|MIPEP|MLH1|COX3|ND5|ND6|PIK3CA|POLG|SDHC|SLPI|STAT6|TBP|HIRA|TMEM94|ARNT2|VANGL1,-0.94,MyList
DisGeNET,35,C0042109,Urticaria,,-2.8,3.1,3.8,30230,168,584,10,1.7,0.54,2068|2071|4615|5290|5580|6391|6854|7867|51360|219285,ERCC2|ERCC3|MYD88|PIK3CA|PRKCD|SDHC|SYN2|MAPKAPK3|MBTPS2|SAMD9L,-0.94,MyList
Transcription Factor Targets,16,M34465,NPM1 TARGET GENES,,-2.8,2.3,3.5,30230,356,584,16,2.7,0.68,3611|6837|9138|23232|26001|29882|50626|55167|55676|57560|80128|80314|81539|84342|283459|643836,ILK|MED22|ARHGEF1|TBC1D12|RNF167|ANAPC2|ZFTRAF1|MSL2|SLC30A6|IFT80|TRIM46|EPC1|SLC38A1|COG8|GATC|ZFP62,-0.94,MyList
DisGeNET,35,C0751213,Tactile Allodynia,,-2.8,3.6,4,30230,114,584,8,1.4,0.48,2353|5581|5582|6854|9927|23175|51108|57030,FOS|PRKCE|PRKCG|SYN2|MFN2|LPIN1|METTL9|SLC17A7,-0.94,MyList
DisGeNET,35,C1857287,Stroke-like episode,,-2.8,7.7,4.9,30230,27,584,4,0.68,0.34,4514|4540|4541|91869,COX3|ND5|ND6|RFT1,-0.94,MyList
DisGeNET,35,C3551426,Dystrophic fingernails,,-2.8,7.7,4.9,30230,27,584,4,0.68,0.34,673|2068|2071|51360,BRAF|ERCC2|ERCC3|MBTPS2,-0.94,MyList
DisGeNET,35,C0269269,Inversion of nipple (disorder),,-2.8,7.7,4.9,30230,27,584,4,0.68,0.34,1798|11253|91137|91869,DPAGT1|MAN1B1|SLC25A46|RFT1,-0.94,MyList
DisGeNET,35,C2673431,Abnormality of the periventricular white matter,,-2.8,5.8,4.5,30230,45,584,5,0.86,0.38,9179|10585|11154|23400|29954,AP4M1|POMT1|AP4S1|ATP13A2|POMT2,-0.94,MyList
DisGeNET,35,C1837402,Flat occiput,,-2.8,5.8,4.5,30230,45,584,5,0.86,0.38,5192|5824|11253|54968|84942,PEX10|PEX19|MAN1B1|TMEM70|WDR73,-0.94,MyList
Transcription Factor Targets,16,M19962,AR Q6,,-2.8,2.6,3.6,30230,259,584,13,2.2,0.61,2710|6490|6655|7029|9874|23001|23092|26249|54617|54974|64318|78997|114789,GK|PMEL|SOS2|TFDP2|TLK1|WDFY3|ARHGAP26|KLHL3|INO80|THG1L|NOC3L|GDAP1L1|SLC25A25,-0.94,MyList
DisGeNET,35,C0241005,Creatine phosphokinase serum increased,,-2.8,2.7,3.7,30230,228,584,12,2.1,0.59,1798|4514|4540|4541|5428|10020|10585|23175|29954|55624|84342|729920,DPAGT1|COX3|ND5|ND6|POLG|GNE|POMT1|LPIN1|POMT2|POMGNT1|COG8|CRPPA,-0.94,MyList
Transcription Factor Targets,16,M5667,EGR2 01,,-2.8,2.9,3.7,30230,198,584,11,1.9,0.56,1958|2977|5581|6397|9213|10154|23411|54620|55103|55167|84447,EGR1|GUCY1A2|PRKCE|SEC14L1|XPR1|PLXNC1|SIRT1|FBXL19|RALGPS2|MSL2|SYVN1,-0.93,MyList
DisGeNET,35,C0018818,Ventricular Septal Defects,,-2.8,2.2,3.5,30230,426,584,18,3.1,0.72,673|2068|2071|5192|5290|5824|6016|7290|7403|9772|9897|23001|23395|23411|23522|51601|54916|124583,BRAF|ERCC2|ERCC3|PEX10|PIK3CA|PEX19|RIT1|HIRA|KDM6A|TMEM94|WASHC5|WDFY3|LARS2|SIRT1|KAT6B|LIPT1|TMEM260|CANT1,-0.92,MyList
DisGeNET,35,C1847117,Dilated fourth ventricle,,-2.8,12,5.5,30230,13,584,3,0.51,0.3,10585|29954|55624,POMT1|POMT2|POMGNT1,-0.92,MyList
DisGeNET,35,C0085653,Pyogenic granuloma,,-2.8,12,5.5,30230,13,584,3,0.51,0.3,673|9630|57728,BRAF|GNA14|WDR19,-0.92,MyList
DisGeNET,35,C3806301,Scarring alopecia of scalp,,-2.8,12,5.5,30230,13,584,3,0.51,0.3,9927|10682|51360,MFN2|EBP|MBTPS2,-0.92,MyList
Cell Type Signatures,7,M39271,HU FETAL RETINA RPE,,-2.8,2.5,3.6,30230,292,584,14,2.4,0.63,24|4508|4514|4540|4541|5873|6490|23428|23682|26249|55852|57464|83882|160897,ABCA4|ATP6|COX3|ND5|ND6|RAB27A|PMEL|SLC7A8|RAB38|KLHL3|TEX2|STRIP2|TSPAN10|GPR180,-0.92,MyList
DisGeNET,35,C4316881,Prescription Drug Abuse,,-2.7,3.6,3.9,30230,115,584,8,1.4,0.48,5137|5581|9465|9557|51660|79809|93664|114134,PDE1C|PRKCE|AKAP7|CHD1L|MPC1|TTC21B|CADPS2|SLC2A13,-0.92,MyList
DisGeNET,35,C0029231,"Organic Mental Disorders, Substance-Induced",,-2.7,3.6,3.9,30230,115,584,8,1.4,0.48,5137|5581|9465|9557|51660|79809|93664|114134,PDE1C|PRKCE|AKAP7|CHD1L|MPC1|TTC21B|CADPS2|SLC2A13,-0.92,MyList
Transcription Factor Targets,16,M7386,GTTNYYNNGGTNA UNKNOWN,,-2.7,4,4,30230,90,584,7,1.2,0.45,6778|7374|9885|11043|22920|29942|55852,STAT6|UNG|OSBPL2|MID2|KIFAP3|PURG|TEX2,-0.92,MyList
Transcription Factor Targets,16,M5479,SRF Q4,,-2.7,2.7,3.6,30230,230,584,12,2.1,0.59,1958|1959|2353|3726|3769|8677|8925|26249|51776|80128|80198|83741,EGR1|EGR2|FOS|JUNB|KCNJ13|STX10|HERC1|KLHL3|MAP3K20|TRIM46|MUS81|TFAP2D,-0.91,MyList
Transcription Factor Targets,16,M29991,HDAC4 TARGET GENES,,-2.7,1.9,3.3,30230,681,584,25,4.3,0.84,406|1959|3985|5428|5922|6397|6490|9179|9439|9772|9885|9960|10239|11189|54620|55062|55454|55706|56922|56927|57169|84219|84266|84340|115704,BMAL1|EGR2|LIMK2|POLG|RASA2|SEC14L1|PMEL|AP4M1|MED23|TMEM94|OSBPL2|USP3|AP3S2|CELF3|FBXL19|WIPI1|CSGALNACT2|NDC1|MCCC1|GPR108|ZNFX1|WDR24|ALKBH7|GFM2|EVI5L,-0.91,MyList
DisGeNET,35,C0158761,Radioulnar Synostosis,,-2.7,4.6,4.2,30230,67,584,6,1,0.42,673|5922|6016|6655|23522|124583,BRAF|RASA2|RIT1|SOS2|KAT6B|CANT1,-0.91,MyList
DisGeNET,35,C0423250,Corneal stromal opacities,,-2.7,5.6,4.4,30230,46,584,5,0.86,0.38,2068|2071|51360|55624|84942,ERCC2|ERCC3|MBTPS2|POMGNT1|WDR73,-0.91,MyList
DisGeNET,35,C1136179,Hammer Toe,,-2.7,5.6,4.4,30230,46,584,5,0.86,0.38,1959|5304|7274|9927|26580,EGR2|PIP|TTPA|MFN2|BSCL2,-0.91,MyList
DisGeNET,35,C0423224,Sunken eyes,,-2.7,3,3.7,30230,171,584,10,1.7,0.54,673|2068|4285|5290|9772|9915|10479|57038|57531|729920,BRAF|ERCC2|MIPEP|PIK3CA|TMEM94|ARNT2|SLC9A6|RARS2|HACE1|CRPPA,-0.91,MyList
DisGeNET,35,C0576226,Short foot,,-2.7,3.6,3.9,30230,116,584,8,1.4,0.48,3981|9382|9742|26160|57560|57728|79809|124997,LIG4|COG1|IFT140|IFT172|IFT80|WDR19|TTC21B|WDR81,-0.91,MyList
DisGeNET,35,C0018552,Hamartoma,,-2.7,4,4,30230,91,584,7,1.2,0.45,24|90|673|1186|5290|23405|201163,ABCA4|ACVR1|BRAF|CLCN7|PIK3CA|DICER1|FLCN,-0.9,MyList
DisGeNET,35,C0220756,"Niemann-Pick Disease, Type C",,-2.7,2.8,3.7,30230,201,584,11,1.9,0.56,1958|2068|2353|3726|3988|4292|5290|6590|23113|23411|143872,EGR1|ERCC2|FOS|JUNB|LIPA|MLH1|PIK3CA|SLPI|CUL9|SIRT1|ARHGAP42,-0.9,MyList
DisGeNET,35,C0344232,Blurred vision,,-2.7,7.4,4.8,30230,28,584,4,0.68,0.34,4508|4514|4540|4541,ATP6|COX3|ND5|ND6,-0.9,MyList
DisGeNET,35,C1847906,Onion bulb formation,,-2.7,7.4,4.8,30230,28,584,4,0.68,0.34,1959|5375|9639|9927,EGR2|PMP2|ARHGEF10|MFN2,-0.9,MyList
DisGeNET,35,C1834129,Abnormal vertebral morphology,,-2.7,7.4,4.8,30230,28,584,4,0.68,0.34,90|7403|10682|51360,ACVR1|KDM6A|EBP|MBTPS2,-0.9,MyList
DisGeNET,35,C4024989,Hereditary nonpolyposis colorectal carcinoma,,-2.7,7.4,4.8,30230,28,584,4,0.68,0.34,673|4292|5290|201163,BRAF|MLH1|PIK3CA|FLCN,-0.9,MyList
DisGeNET,35,C0037763,Spasm,,-2.7,3,3.7,30230,172,584,10,1.7,0.54,1798|2733|4508|5428|9897|9927|10585|29107|51776|729920,DPAGT1|GLE1|ATP6|POLG|WASHC5|MFN2|POMT1|NXT1|MAP3K20|CRPPA,-0.89,MyList
DisGeNET,35,C0452138,"Sensorineural hearing loss, bilateral",,-2.7,3.5,3.9,30230,117,584,8,1.4,0.48,673|2068|2071|4514|4540|4541|5428|80067,BRAF|ERCC2|ERCC3|COX3|ND5|ND6|POLG|DCAF17,-0.89,MyList
DisGeNET,35,C0427065,Distal muscle weakness,,-2.7,3.5,3.9,30230,117,584,8,1.4,0.48,1798|1959|5428|9517|9927|10020|26580|51776,DPAGT1|EGR2|POLG|SPTLC2|MFN2|GNE|BSCL2|MAP3K20,-0.89,MyList
DisGeNET,35,C0751494,Convulsive Seizures,,-2.7,3.5,3.9,30230,117,584,8,1.4,0.48,1143|2353|4504|5428|5580|6854|57030|93183,CHRNB4|FOS|MT3|POLG|PRKCD|SYN2|SLC17A7|PIGM,-0.89,MyList
DisGeNET,35,C0427190,"Ataxia, Truncal",,-2.7,4.6,4.1,30230,68,584,6,1,0.42,22|1600|5192|10479|51761|124997,ABCB7|DAB1|PEX10|SLC9A6|ATP8A2|WDR81,-0.89,MyList
DisGeNET,35,C0037286,Skin Neoplasms,,-2.7,2.3,3.4,30230,363,584,16,2.7,0.68,673|1052|1540|2068|3551|4292|5290|5580|6655|9630|11200|23405|23411|26018|51360|201163,BRAF|CEBPD|CYLD|ERCC2|IKBKB|MLH1|PIK3CA|PRKCD|SOS2|GNA14|CHEK2|DICER1|SIRT1|LRIG1|MBTPS2|FLCN,-0.88,MyList
DisGeNET,35,C1184923,Lumbar hyperlordosis,,-2.7,3.9,4,30230,92,584,7,1.2,0.45,1798|9927|10585|29954|51107|55624|57531,DPAGT1|MFN2|POMT1|POMT2|APH1A|POMGNT1|HACE1,-0.88,MyList
DisGeNET,35,C0920299,Overriding toe,,-2.7,5.5,4.3,30230,47,584,5,0.86,0.38,9772|10682|26100|27292|89970,TMEM94|EBP|WIPI2|DIMT1|RSPRY1,-0.88,MyList
DisGeNET,35,C0026884,Mutism,,-2.7,5.5,4.3,30230,47,584,5,0.86,0.38,2733|5922|6908|10479|56978,GLE1|RASA2|TBP|SLC9A6|PRDM8,-0.88,MyList
Transcription Factor Targets,16,M15183,E12 Q6,,-2.7,2.5,3.5,30230,265,584,13,2.2,0.61,373|4504|5192|7125|7126|10873|25837|51200|51422|64121|90410|124997|127294,TRIM23|MT3|PEX10|TNNC2|TNFAIP1|ME3|RAB26|CPA4|PRKAG2|RRAGC|IFT20|WDR81|MYOM3,-0.88,MyList
DisGeNET,35,C0686353,"Muscular Dystrophies, Limb-Girdle",,-2.7,3.5,3.8,30230,118,584,8,1.4,0.48,3611|5873|10020|10585|29954|55624|84447|729920,ILK|RAB27A|GNE|POMT1|POMT2|POMGNT1|SYVN1|CRPPA,-0.87,MyList
DisGeNET,35,C0423867,Fine hair,,-2.7,4.5,4.1,30230,69,584,6,1,0.42,673|2068|3981|23522|55764|80067,BRAF|ERCC2|LIG4|KAT6B|IFT122|DCAF17,-0.86,MyList
DisGeNET,35,C4316903,Absence Seizures,,-2.7,2.8,3.6,30230,204,584,11,1.9,0.56,1143|2182|2353|2562|4504|5428|5580|6854|11043|57030|93183,CHRNB4|ACSL4|FOS|GABRB3|MT3|POLG|PRKCD|SYN2|MID2|SLC17A7|PIGM,-0.86,MyList
DisGeNET,35,C1839532,Low plasma citrulline,,-2.7,11,5.3,30230,14,584,3,0.51,0.3,4508|4540|4541,ATP6|ND5|ND6,-0.85,MyList
DisGeNET,35,C0239831,Hand muscle weakness,,-2.7,11,5.3,30230,14,584,3,0.51,0.3,5428|9927|26580,POLG|MFN2|BSCL2,-0.85,MyList
DisGeNET,35,C0878675,Erdheim-Chester Disease,,-2.7,7.1,4.6,30230,29,584,4,0.68,0.34,673|5290|5609|201163,BRAF|PIK3CA|MAP2K7|FLCN,-0.85,MyList
Transcription Factor Targets,16,M16213,ATF 01,,-2.7,2.5,3.5,30230,267,584,13,2.2,0.61,1540|1959|2353|2710|3551|5602|6490|9986|10900|10957|51107|80128|114789,CYLD|EGR2|FOS|GK|IKBKB|MAPK10|PMEL|RCE1|RUNDC3A|PNRC1|APH1A|TRIM46|SLC25A25,-0.85,MyList
DisGeNET,35,C0265783,Congenital hypoplasia of lung,,-2.7,3,3.6,30230,175,584,10,1.7,0.54,2733|5290|6300|9772|23405|23522|51776|55706|57560|81839,GLE1|PIK3CA|MAPK12|TMEM94|DICER1|KAT6B|MAP3K20|NDC1|IFT80|VANGL1,-0.85,MyList
DisGeNET,35,C0151779,Cutaneous Melanoma,,-2.6,2,3.3,30230,507,584,20,3.4,0.75,673|2068|2071|3981|4292|5290|5581|5609|6016|6041|6095|6392|9874|11200|29107|81557|81704|128869|142678|440275,BRAF|ERCC2|ERCC3|LIG4|MLH1|PIK3CA|PRKCE|MAP2K7|RIT1|RNASEL|RORA|SDHD|TLK1|CHEK2|NXT1|MAGED4B|DOCK8|PIGU|MIB2|EIF2AK4,-0.85,MyList
DisGeNET,35,C0268135,"Xeroderma pigmentosum, group A",,-2.6,5.4,4.3,30230,48,584,5,0.86,0.38,2068|2071|2968|23049|23411,ERCC2|ERCC3|GTF2H4|SMG1|SIRT1,-0.85,MyList
DisGeNET,35,C0043202,Wolff-Parkinson-White Syndrome,,-2.6,5.4,4.3,30230,48,584,5,0.86,0.38,4514|4540|4541|5563|51422,COX3|ND5|ND6|PRKAA2|PRKAG2,-0.85,MyList
DisGeNET,35,C0268138,"Xeroderma Pigmentosum, Complementation Group D",,-2.6,4.4,4,30230,70,584,6,1,0.42,2068|2071|2968|9582|23411|339487,ERCC2|ERCC3|GTF2H4|APOBEC3B|SIRT1|ZBTB8OS,-0.84,MyList
DisGeNET,35,C0410702,Adolescent idiopathic scoliosis,,-2.6,1.9,3.2,30230,656,584,24,4.1,0.82,416|1600|2899|2977|5137|5580|6095|6307|6854|8736|9465|9630|9915|10154|10873|23143|23395|51107|55669|79726|80262|81704|143872|283459,ARSF|DAB1|GRIK3|GUCY1A2|PDE1C|PRKCD|RORA|MSMO1|SYN2|MYOM1|AKAP7|GNA14|ARNT2|PLXNC1|ME3|LRCH1|LARS2|APH1A|MFN1|WDR59|PHAF1|DOCK8|ARHGAP42|GATC,-0.84,MyList
DisGeNET,35,C0014378,Enterovirus Infections,,-2.6,2.6,3.5,30230,237,584,12,2.1,0.59,1958|3981|4249|5290|5609|6773|7374|9382|26503|79591|91947|219285,EGR1|LIG4|MGAT5|PIK3CA|MAP2K7|STAT2|UNG|COG1|SLC17A5|ARMH3|ARRDC4|SAMD9L,-0.84,MyList
DisGeNET,35,C0020459,Hyperinsulinism,,-2.6,1.9,3.2,30230,620,584,23,3.9,0.8,24|1958|2353|4249|4547|5145|5290|5563|5580|6515|7403|8100|8834|9742|23175|23411|26160|26580|55624|80067|92840|123016|440275,ABCA4|EGR1|FOS|MGAT5|MTTP|PDE6A|PIK3CA|PRKAA2|PRKCD|SLC2A3|KDM6A|IFT88|TMEM11|IFT140|LPIN1|SIRT1|IFT172|BSCL2|POMGNT1|DCAF17|REEP6|TTC8|EIF2AK4,-0.82,MyList
DisGeNET,35,C0029422,Osteochondrodysplasias,,-2.6,2.8,3.5,30230,207,584,11,1.9,0.56,90|5192|5824|9742|10682|23761|26160|57560|57728|79809|89970,ACVR1|PEX10|PEX19|IFT140|EBP|PISD|IFT172|IFT80|WDR19|TTC21B|RSPRY1,-0.82,MyList
DisGeNET,35,C0013222,Drug Use Disorders,,-2.6,3.4,3.7,30230,121,584,8,1.4,0.48,5137|5581|9465|9557|51660|79809|93664|114134,PDE1C|PRKCE|AKAP7|CHD1L|MPC1|TTC21B|CADPS2|SLC2A13,-0.82,MyList
DisGeNET,35,C0014877,Esotropia,,-2.6,3.4,3.7,30230,121,584,8,1.4,0.48,2068|2071|4285|6095|7485|9630|10479|54802,ERCC2|ERCC3|MIPEP|RORA|GET1|GNA14|SLC9A6|TRIT1,-0.82,MyList
DisGeNET,35,C0030554,Paresthesia,,-2.6,3.4,3.7,30230,121,584,8,1.4,0.48,4292|4514|4540|4541|5290|5428|9630|9927,MLH1|COX3|ND5|ND6|PIK3CA|POLG|GNA14|MFN2,-0.82,MyList
DisGeNET,35,C0029443,Osteomyelitis,,-2.6,3.4,3.7,30230,121,584,8,1.4,0.48,1186|1718|4615|9517|10479|10682|56262|79139,CLCN7|DHCR24|MYD88|SPTLC2|SLC9A6|EBP|LRRC8A|DERL1,-0.82,MyList
DisGeNET,35,C3714581,Multicystic Dysplastic Kidney,,-2.6,3.4,3.7,30230,121,584,8,1.4,0.48,5192|5311|5824|23522|26160|51360|79867|123016,PEX10|PKD2|PEX19|KAT6B|IFT172|MBTPS2|TCTN2|TTC8,-0.82,MyList
DisGeNET,35,C0270922,Peripheral demyelinating neuropathy,,-2.6,3.8,3.9,30230,95,584,7,1.2,0.45,1959|2068|2071|4508|4540|4541|5428,EGR2|ERCC2|ERCC3|ATP6|ND5|ND6|POLG,-0.82,MyList
DisGeNET,35,C1836543,Thick vermilion border,,-2.6,3.8,3.9,30230,95,584,7,1.2,0.45,673|2182|4337|11154|11253|89970|91869,BRAF|ACSL4|MOCS1|AP4S1|MAN1B1|RSPRY1|RFT1,-0.82,MyList
DisGeNET,35,C0949857,Mitochondrial Respiratory Chain Deficiencies,,-2.6,5.3,4.2,30230,49,584,5,0.86,0.38,1757|5428|9927|57038|57570,SARDH|POLG|MFN2|RARS2|TRMT5,-0.82,MyList
DisGeNET,35,C1865037,Cone-shaped epiphysis,,-2.6,5.3,4.2,30230,49,584,5,0.86,0.38,9742|26160|57560|57728|79809,IFT140|IFT172|IFT80|WDR19|TTC21B,-0.82,MyList
Transcription Factor Targets,16,M40850,ZNF777 TARGET GENES,,-2.6,5.3,4.2,30230,49,584,5,0.86,0.38,5428|51360|55819|56922|84318,POLG|MBTPS2|RNF130|MCCC1|CCDC77,-0.82,MyList
DisGeNET,35,C0149793,Amaurosis Fugax,,-2.6,5.3,4.2,30230,49,584,5,0.86,0.38,4292|4514|4540|4541|5290,MLH1|COX3|ND5|ND6|PIK3CA,-0.82,MyList
DisGeNET,35,C1849075,Relative macrocephaly,,-2.6,5.3,4.2,30230,49,584,5,0.86,0.38,673|1718|6016|8925|388650,BRAF|DHCR24|RIT1|HERC1|DIPK1A,-0.82,MyList
DisGeNET,35,C0014116,Endocardial Cushion Defects,,-2.6,4.4,4,30230,71,584,6,1,0.42,90|673|5290|5580|5609|26160,ACVR1|BRAF|PIK3CA|PRKCD|MAP2K7|IFT172,-0.82,MyList
DisGeNET,35,C1458140,Bleeding tendency,,-2.6,4.4,4,30230,71,584,6,1,0.42,673|5922|6016|6655|23522|91869,BRAF|RASA2|RIT1|SOS2|KAT6B|RFT1,-0.82,MyList
DisGeNET,35,C0033687,Proteinuria,,-2.6,2.6,3.5,30230,239,584,12,2.1,0.59,2182|4249|4514|4540|4541|6391|6392|10785|22868|23682|57728|84942,ACSL4|MGAT5|COX3|ND5|ND6|SDHC|SDHD|WDR4|FASTKD2|RAB38|WDR19|WDR73,-0.82,MyList
DisGeNET,35,C0454641,Expressive language delay,,-2.6,6.9,4.5,30230,30,584,4,0.68,0.34,6392|9772|10020|201163,SDHD|TMEM94|GNE|FLCN,-0.82,MyList
DisGeNET,35,C0398368,Lymphatic Abnormalities,,-2.6,6.9,4.5,30230,30,584,4,0.68,0.34,5290|5311|5563|6016,PIK3CA|PKD2|PRKAA2|RIT1,-0.82,MyList
DisGeNET,35,C4520679,Abnormal macular morphology,,-2.6,6.9,4.5,30230,30,584,4,0.68,0.34,4514|4540|4541|9382,COX3|ND5|ND6|COG1,-0.82,MyList
DisGeNET,35,C1855204,Cellular immunodeficiency,,-2.6,6.9,4.5,30230,30,584,4,0.68,0.34,5290|6391|6392|55135,PIK3CA|SDHC|SDHD|WRAP53,-0.82,MyList
DisGeNET,35,C0424503,Dysmorphic facies,,-2.6,2.5,3.4,30230,271,584,13,2.2,0.61,6016|7274|9382|9439|9772|11253|23522|26503|55764|57520|57728|89970|124997,RIT1|TTPA|COG1|MED23|TMEM94|MAN1B1|KAT6B|SLC17A5|IFT122|HECW2|WDR19|RSPRY1|WDR81,-0.82,MyList
Cell Type Signatures,7,M39069,MANNO MIDBRAIN NEUROTYPES HDA2,,-2.6,2,3.3,30230,513,584,20,3.4,0.75,21|2562|2899|6854|9213|9783|10079|10154|10900|11189|22920|26289|51761|54704|57169|80128|83723|84302|84446|134957,ABCA3|GABRB3|GRIK3|SYN2|XPR1|RIMS3|ATP9A|PLXNC1|RUNDC3A|CELF3|KIFAP3|AK5|ATP8A2|PDP1|ZNFX1|TRIM46|TLCD3B|PGAP4|BRSK1|STXBP5,-0.81,MyList
DisGeNET,35,C1318544,M5b Acute differentiated monocytic leukemia,,-2.6,3.4,3.7,30230,122,584,8,1.4,0.48,1958|2353|5290|5563|6095|23092|23158|84447,EGR1|FOS|PIK3CA|PRKAA2|RORA|ARHGAP26|TBC1D9|SYVN1,-0.81,MyList
DisGeNET,35,C4551686,Malignant neoplasm of soft tissue,,-2.6,1.9,3.2,30230,699,584,25,4.3,0.84,416|673|827|2068|2182|2353|3611|4292|4547|5290|5609|6778|7290|9817|11200|23158|23405|23411|29107|64750|84142|91419|93100|201163|253260,ARSF|BRAF|CAPN6|ERCC2|ACSL4|FOS|ILK|MLH1|MTTP|PIK3CA|MAP2K7|STAT6|HIRA|KEAP1|CHEK2|TBC1D9|DICER1|SIRT1|NXT1|SMURF2|ABRAXAS1|ATP23|NAPRT|FLCN|RICTOR,-0.81,MyList
Transcription Factor Targets,16,M5155,TEL2 Q6,,-2.6,2.6,3.5,30230,240,584,12,2.1,0.59,3551|3726|9960|10900|30849|54617|55454|58485|79684|84447|116986|339122,IKBKB|JUNB|USP3|RUNDC3A|PIK3R4|INO80|CSGALNACT2|TRAPPC1|MSANTD2|SYVN1|AGAP2|RAB43,-0.81,MyList
DisGeNET,35,C0270824,Visual seizure,,-2.6,2.7,3.5,30230,209,584,11,1.9,0.56,1143|1958|2353|4504|5428|5580|6721|6854|57030|81539|93183,CHRNB4|EGR1|FOS|MT3|POLG|PRKCD|SREBF2|SYN2|SLC17A7|SLC38A1|PIGM,-0.81,MyList
DisGeNET,35,C0266295,Congenital hypoplasia of kidney,,-2.6,3.8,3.8,30230,96,584,7,1.2,0.45,7290|8882|23522|51360|55005|57560|57728,HIRA|ZPR1|KAT6B|MBTPS2|RMND1|IFT80|WDR19,-0.81,MyList
DisGeNET,35,C1827524,Wide spaced nipples,,-2.6,3.8,3.8,30230,96,584,7,1.2,0.45,673|4508|5922|6016|6655|9382|23522,BRAF|ATP6|RASA2|RIT1|SOS2|COG1|KAT6B,-0.81,MyList
DisGeNET,35,C0023474,"Leukemia, Myeloid, Chronic-Phase",,-2.6,4.3,4,30230,72,584,6,1,0.42,3726|3981|4547|8824|23158|23411,JUNB|LIG4|MTTP|CES2|TBC1D9|SIRT1,-0.81,MyList
DisGeNET,35,C0006625,Cachexia,,-2.6,2.5,3.4,30230,273,584,13,2.2,0.61,673|1958|2068|2071|3988|4514|4540|4541|5428|5563|10479|23175|219285,BRAF|EGR1|ERCC2|ERCC3|LIPA|COX3|ND5|ND6|POLG|PRKAA2|SLC9A6|LPIN1|SAMD9L,-0.81,MyList
Transcription Factor Targets,16,M18894,TCANNTGAY SREBP1 01,,-2.6,2.1,3.3,30230,479,584,19,3.3,0.73,673|1121|5581|5873|6391|6490|10948|23411|25837|27072|51255|54978|55238|56180|57633|64121|79663|80314|339487,BRAF|CHM|PRKCE|RAB27A|SDHC|PMEL|STARD3|SIRT1|RAB26|VPS41|RNF181|SLC35F6|SLC38A7|MOSPD1|LRRN1|RRAGC|HSPBAP1|EPC1|ZBTB8OS,-0.81,MyList
DisGeNET,35,C0240543,Bulbous nose,,-2.6,3.4,3.7,30230,123,584,8,1.4,0.48,673|7290|9179|10195|11154|23522|57520|91137,BRAF|HIRA|AP4M1|ALG3|AP4S1|KAT6B|HECW2|SLC25A46,-0.81,MyList
DisGeNET,35,C1842364,Central hypotonia,,-2.6,5.2,4.1,30230,50,584,5,0.86,0.38,673|5824|7403|10585|56997,BRAF|PEX19|KDM6A|POMT1|COQ8A,-0.81,MyList
DisGeNET,35,C3164445,Abnormality of aortic valve,,-2.6,5.2,4.1,30230,50,584,5,0.86,0.38,673|2182|6016|7290|54968,BRAF|ACSL4|RIT1|HIRA|TMEM70,-0.81,MyList
DisGeNET,35,C1691228,Cystic Kidney Diseases,,-2.6,5.2,4.1,30230,50,584,5,0.86,0.38,5311|5587|8100|57560|79809,PKD2|PRKD1|IFT88|IFT80|TTC21B,-0.81,MyList
DisGeNET,35,C0575059,Spastic tetraparesis,,-2.6,5.2,4.1,30230,50,584,5,0.86,0.38,4337|4508|6392|51601|56978,MOCS1|ATP6|SDHD|LIPT1|PRDM8,-0.81,MyList
DisGeNET,35,C2749688,Abnormal isoelectric focusing of serum transferrin,,-2.6,10,5.1,30230,15,584,3,0.51,0.3,9382|11253|91869,COG1|MAN1B1|RFT1,-0.81,MyList
DisGeNET,35,C0008445,Chondrodysplasia Punctata,,-2.6,10,5.1,30230,15,584,3,0.51,0.3,1718|8443|10682,DHCR24|GNPAT|EBP,-0.81,MyList
DisGeNET,35,C0240914,Romberg's sign positive,,-2.6,10,5.1,30230,15,584,3,0.51,0.3,5428|6908|9927,POLG|TBP|MFN2,-0.81,MyList
DisGeNET,35,C1333993,hereditary paraganglioma,,-2.6,10,5.1,30230,15,584,3,0.51,0.3,1757|6391|6392,SARDH|SDHC|SDHD,-0.81,MyList
DisGeNET,35,C4023722,Abnormality of hair texture,,-2.6,10,5.1,30230,15,584,3,0.51,0.3,1186|2068|10682,CLCN7|ERCC2|EBP,-0.81,MyList
DisGeNET,35,C4531122,Abnormal speech prosody,,-2.6,10,5.1,30230,15,584,3,0.51,0.3,4508|4540|4541,ATP6|ND5|ND6,-0.81,MyList
Transcription Factor Targets,16,M4155,E2F Q2,,-2.6,2.9,3.5,30230,180,584,10,1.7,0.54,1600|1718|2899|6490|51107|55160|55454|64121|126789|339487,DAB1|DHCR24|GRIK3|PMEL|APH1A|ARHGEF10L|CSGALNACT2|RRAGC|PUSL1|ZBTB8OS,-0.81,MyList
DisGeNET,35,C0239676,High forehead,,-2.5,2.7,3.5,30230,211,584,11,1.9,0.56,673|5192|5290|5824|5922|6016|6655|8443|9897|10785|23522,BRAF|PEX10|PIK3CA|PEX19|RASA2|RIT1|SOS2|GNPAT|WASHC5|WDR4|KAT6B,-0.79,MyList
Cell Type Signatures,7,M41746,RUBENSTEIN SKELETAL MUSCLE SMOOTH MUSCLE CELLS,,-2.5,2.1,3.3,30230,445,584,18,3.1,0.72,706|1958|2353|3611|3726|4508|4514|4706|6392|10957|23658|29081|51300|51522|51660|51776|57542|79038,TSPO|EGR1|FOS|ILK|JUNB|ATP6|COX3|NDUFAB1|SDHD|PNRC1|LSM5|METTL5|TIMMDC1|TMEM14C|MPC1|MAP3K20|KLHL42|ZFYVE21,-0.79,MyList
Transcription Factor Targets,16,M40808,ZNF654 TARGET GENES,,-2.5,1.9,3.2,30230,628,584,23,3.9,0.8,20|1052|1798|3988|4642|5129|6397|7029|9439|9557|9638|23658|25837|25842|25875|27072|29954|64847|79591|115290|116966|285605|440275,ABCA2|CEBPD|DPAGT1|LIPA|MYO1D|CDK18|SEC14L1|TFDP2|MED23|CHD1L|FEZ1|LSM5|RAB26|ASF1A|LETMD1|VPS41|POMT2|SPATA20|ARMH3|FBXO17|WDR17|DTWD2|EIF2AK4,-0.79,MyList
DisGeNET,35,C1836184,Short femoral neck,,-2.5,6.7,4.4,30230,31,584,4,0.68,0.34,5286|9742|89970|124583,PIK3C2A|IFT140|RSPRY1|CANT1,-0.79,MyList
DisGeNET,35,C1832446,Sparse eyebrow,,-2.5,6.7,4.4,30230,31,584,4,0.68,0.34,673|8925|11253|57520,BRAF|HERC1|MAN1B1|HECW2,-0.79,MyList
DisGeNET,35,C0338614,Psychotic episodes,,-2.5,6.7,4.4,30230,31,584,4,0.68,0.34,4514|4540|4541|23400,COX3|ND5|ND6|ATP13A2,-0.79,MyList
DisGeNET,35,C0014547,"Epilepsies, Partial",,-2.5,4.3,3.9,30230,73,584,6,1,0.42,673|1185|9681|23158|23229|79726,BRAF|CLCN6|DEPDC5|TBC1D9|ARHGEF9|WDR59,-0.79,MyList
Transcription Factor Targets,16,M30159,SIX1 TARGET GENES,,-2.5,2.2,3.3,30230,376,584,16,2.7,0.68,24|90|2562|5581|5602|6397|7029|23001|23175|51422|54514|55135|64847|79885|84274|91947,ABCA4|ACVR1|GABRB3|PRKCE|MAPK10|SEC14L1|TFDP2|WDFY3|LPIN1|PRKAG2|DDX4|WRAP53|SPATA20|HDAC11|COQ5|ARRDC4,-0.79,MyList
DisGeNET,35,C1848701,Elevated hepatic transaminase,,-2.5,2.7,3.5,30230,212,584,11,1.9,0.56,2353|5428|5580|5824|6392|10020|26160|26580|51601|84342|197322,FOS|POLG|PRKCD|PEX19|SDHD|GNE|IFT172|BSCL2|LIPT1|COG8|ACSF3,-0.78,MyList
DisGeNET,35,C0015469,Facial paralysis,,-2.5,2.8,3.5,30230,182,584,10,1.7,0.54,1186|1798|2182|5192|5428|5824|10020|10585|11043|29954,CLCN7|DPAGT1|ACSL4|PEX10|POLG|PEX19|GNE|POMT1|MID2|POMT2,-0.78,MyList
DisGeNET,35,C0426789,Short thorax,,-2.5,5.1,4.1,30230,51,584,5,0.86,0.38,9742|26160|57560|57728|79809,IFT140|IFT172|IFT80|WDR19|TTC21B,-0.78,MyList
DisGeNET,35,C0039273,Talipes cavus,,-2.5,2.7,3.4,30230,213,584,11,1.9,0.56,1959|5192|5375|5428|7274|9897|9927|26580|56997|84942|91137,EGR2|PEX10|PMP2|POLG|TTPA|WASHC5|MFN2|BSCL2|COQ8A|WDR73|SLC25A46,-0.77,MyList
Transcription Factor Targets,16,M3403,GTGACGY E4F1 Q6,,-2.5,1.9,3.1,30230,671,584,24,4.1,0.82,673|1958|1959|2710|3551|3726|7126|7328|9986|10900|10957|23348|25902|26747|51527|54704|58485|64924|79684|90410|91869|114789|124936|124997,BRAF|EGR1|EGR2|GK|IKBKB|JUNB|TNFAIP1|UBE2H|RCE1|RUNDC3A|PNRC1|DOCK9|MTHFD1L|NUFIP1|GSKIP|PDP1|TRAPPC1|SLC30A5|MSANTD2|IFT20|RFT1|SLC25A25|CYB5D2|WDR81,-0.76,MyList
DisGeNET,35,C0020550,Hyperthyroidism,,-2.5,2.4,3.3,30230,278,584,13,2.2,0.61,406|1958|4514|4540|4541|4615|5290|5428|5563|6515|6778|7290|23049,BMAL1|EGR1|COX3|ND5|ND6|MYD88|PIK3CA|POLG|PRKAA2|SLC2A3|STAT6|HIRA|SMG1,-0.75,MyList
DisGeNET,35,C0546964,Genu recurvatum,,-2.5,6.5,4.3,30230,32,584,4,0.68,0.34,9179|11154|11253|124583,AP4M1|AP4S1|MAN1B1|CANT1,-0.75,MyList
DisGeNET,35,C0220701,RETINITIS PIGMENTOSA 1,,-2.5,6.5,4.3,30230,32,584,4,0.68,0.34,4642|5145|6533|23092,MYO1D|PDE6A|SLC6A6|ARHGAP26,-0.75,MyList
DisGeNET,35,C1837482,Thoracic hypoplasia,,-2.5,6.5,4.3,30230,32,584,4,0.68,0.34,5286|10020|26160|57728,PIK3C2A|GNE|IFT172|WDR19,-0.75,MyList
DisGeNET,35,C0220621,Childhood Acute Myeloid Leukemia,,-2.5,2.6,3.4,30230,215,584,11,1.9,0.56,21|2068|4504|4508|4547|8824|9138|10682|23158|23522|79139,ABCA3|ERCC2|MT3|ATP6|MTTP|CES2|ARHGEF1|EBP|TBC1D9|KAT6B|DERL1,-0.75,MyList
DisGeNET,35,C0005859,Bloom Syndrome,,-2.5,3,3.5,30230,155,584,9,1.5,0.51,1540|3981|4292|6590|7374|11200|23411|57560|80198,CYLD|LIG4|MLH1|SLPI|UNG|CHEK2|SIRT1|IFT80|MUS81,-0.75,MyList
DisGeNET,35,C0268800,Simple renal cyst,,-2.5,3.6,3.7,30230,100,584,7,1.2,0.45,5192|5311|5587|9742|55005|57560|201163,PEX10|PKD2|PRKD1|IFT140|RMND1|IFT80|FLCN,-0.75,MyList
DisGeNET,35,C0917796,"Optic Atrophy, Hereditary, Leber",,-2.5,3.6,3.7,30230,100,584,7,1.2,0.45,24|4508|4514|4540|4541|5428|9927,ABCA4|ATP6|COX3|ND5|ND6|POLG|MFN2,-0.75,MyList
Transcription Factor Targets,16,M2528,S8 01,,-2.5,2.5,3.4,30230,247,584,12,2.1,0.59,406|9772|23522|25842|51205|55103|55160|55825|56978|79776|114789|143425,BMAL1|TMEM94|KAT6B|ASF1A|ACP6|RALGPS2|ARHGEF10L|PECR|PRDM8|ZFHX4|SLC25A25|SYT9,-0.75,MyList
DisGeNET,35,C1839630,Severe muscular hypotonia,,-2.5,4.1,3.8,30230,75,584,6,1,0.42,5192|5824|10585|29954|55005|55624,PEX10|PEX19|POMT1|POMT2|RMND1|POMGNT1,-0.75,MyList
DisGeNET,35,C0037771,"Paraparesis, Spastic",,-2.5,4.1,3.8,30230,75,584,6,1,0.42,5428|6392|9927|26580|51324|55149,POLG|SDHD|MFN2|BSCL2|SPG21|MTPAP,-0.75,MyList
DisGeNET,35,C0009676,Confusion,,-2.5,4.1,3.8,30230,75,584,6,1,0.42,2068|2071|5587|6908|23400|56978,ERCC2|ERCC3|PRKD1|TBP|ATP13A2|PRDM8,-0.75,MyList
DisGeNET,35,C1837899,Type I transferrin isoform profile,,-2.5,9.7,4.9,30230,16,584,3,0.51,0.3,1798|10195|29929,DPAGT1|ALG3|ALG6,-0.75,MyList
DisGeNET,35,C0023801,Lipomatosis,,-2.5,9.7,4.9,30230,16,584,3,0.51,0.3,5290|9927|23158,PIK3CA|MFN2|TBC1D9,-0.75,MyList
DisGeNET,35,C4022020,Mucosal telangiectasiae,,-2.5,9.7,4.9,30230,16,584,3,0.51,0.3,5290|6391|6392,PIK3CA|SDHC|SDHD,-0.75,MyList
DisGeNET,35,C1969913,Generalized hyperkeratosis,,-2.5,9.7,4.9,30230,16,584,3,0.51,0.3,5290|6391|6392,PIK3CA|SDHC|SDHD,-0.75,MyList
DisGeNET,35,C1857644,Retinal pigment epithelial mottling,,-2.5,9.7,4.9,30230,16,584,3,0.51,0.3,24|4508|5959,ABCA4|ATP6|RDH5,-0.75,MyList
DisGeNET,35,C0574769,Loss of scalp hair,,-2.5,9.7,4.9,30230,16,584,3,0.51,0.3,2068|2071|9927,ERCC2|ERCC3|MFN2,-0.75,MyList
DisGeNET,35,C4551903,Total anomalous pulmonary venous return,,-2.5,9.7,4.9,30230,16,584,3,0.51,0.3,1718|7410|116362,DHCR24|VAV2|RBP7,-0.75,MyList
DisGeNET,35,C1854489,Limb dysmetria,,-2.5,9.7,4.9,30230,16,584,3,0.51,0.3,1600|5428|9897,DAB1|POLG|WASHC5,-0.75,MyList
Transcription Factor Targets,16,M9364,SRF Q6,,-2.5,2.5,3.3,30230,248,584,12,2.1,0.59,1958|1959|2353|3726|5873|8677|8925|51776|80128|80198|83741|91663,EGR1|EGR2|FOS|JUNB|RAB27A|STX10|HERC1|MAP3K20|TRIM46|MUS81|TFAP2D|MYADM,-0.74,MyList
DisGeNET,35,C1510472,Drug Dependence,,-2.5,2.5,3.3,30230,248,584,12,2.1,0.59,673|5137|5290|5581|5609|6908|9465|9557|51660|79809|93664|114134,BRAF|PDE1C|PIK3CA|PRKCE|MAP2K7|TBP|AKAP7|CHD1L|MPC1|TTC21B|CADPS2|SLC2A13,-0.74,MyList
DisGeNET,35,C0152025,Polyneuropathy,,-2.5,3,3.5,30230,156,584,9,1.5,0.51,4508|4514|4540|4541|4615|5428|9927|23400|26580,ATP6|COX3|ND5|ND6|MYD88|POLG|MFN2|ATP13A2|BSCL2,-0.74,MyList
Transcription Factor Targets,16,M40860,SETBP1 TARGET GENES,,-2.5,2.8,3.4,30230,186,584,10,1.7,0.54,4541|4706|8505|51660|55764|80262|84461|90231|123228|124936,ND6|NDUFAB1|PARG|MPC1|IFT122|PHAF1|NEURL4|KIAA2013|SENP8|CYB5D2,-0.73,MyList
DisGeNET,35,C0424551,Impaired exercise tolerance,,-2.5,4.1,3.8,30230,76,584,6,1,0.42,5428|6392|22868|56997|57570|80324,POLG|SDHD|FASTKD2|COQ8A|TRMT5|PUS1,-0.72,MyList
DisGeNET,35,C1955934,Trichothiodystrophy Syndromes,,-2.4,6.3,4.3,30230,33,584,4,0.68,0.34,2068|2071|2968|23411,ERCC2|ERCC3|GTF2H4|SIRT1,-0.72,MyList
DisGeNET,35,C1261470,Congenital meningocele,,-2.4,6.3,4.3,30230,33,584,4,0.68,0.34,10585|29954|55624|81839,POMT1|POMT2|POMGNT1|VANGL1,-0.72,MyList
DisGeNET,35,C1697453,Spontaneous hematomas,,-2.4,6.3,4.3,30230,33,584,4,0.68,0.34,4514|4540|4541|84342,COX3|ND5|ND6|COG8,-0.72,MyList
DisGeNET,35,C0013384,Dyskinetic syndrome,,-2.4,2.3,3.2,30230,316,584,14,2.4,0.63,2562|4292|4508|4540|4541|5290|5428|5587|9439|10463|11253|23400|26100|51761,GABRB3|MLH1|ATP6|ND5|ND6|PIK3CA|POLG|PRKD1|MED23|SLC30A9|MAN1B1|ATP13A2|WIPI2|ATP8A2,-0.71,MyList
DisGeNET,35,C0151744,Myocardial Ischemia,,-2.4,1.8,3,30230,756,584,26,4.5,0.85,406|706|1052|1958|1959|2710|3611|3726|4547|5290|5563|5580|5581|5602|6533|6778|8736|9439|9817|9927|10454|23411|55669|90550|219285|440275,BMAL1|TSPO|CEBPD|EGR1|EGR2|GK|ILK|JUNB|MTTP|PIK3CA|PRKAA2|PRKCD|PRKCE|MAPK10|SLC6A6|STAT6|MYOM1|MED23|KEAP1|MFN2|TAB1|SIRT1|MFN1|MCU|SAMD9L|EIF2AK4,-0.71,MyList
Transcription Factor Targets,16,M40729,CUX1 TARGET GENES,,-2.4,1.9,3.1,30230,641,584,23,3.9,0.8,406|1959|2068|6908|9252|10239|10479|23354|23761|29086|53944|54617|54867|55005|55706|60673|84131|84340|84342|91663|114789|115704|339487,BMAL1|EGR2|ERCC2|TBP|RPS6KA5|AP3S2|SLC9A6|HAUS5|PISD|BABAM1|CSNK1G1|INO80|TMEM214|RMND1|NDC1|ATG101|CEP78|GFM2|COG8|MYADM|SLC25A25|EVI5L|ZBTB8OS,-0.71,MyList
DisGeNET,35,C1848673,Hypoplastic feet,,-2.4,3.2,3.5,30230,129,584,8,1.4,0.48,3981|9382|9742|26160|57560|57728|79809|124997,LIG4|COG1|IFT140|IFT172|IFT80|WDR19|TTC21B|WDR81,-0.71,MyList
DisGeNET,35,C1837404,"High, narrow palate",,-2.4,3.2,3.5,30230,129,584,8,1.4,0.48,673|2068|2071|9897|10020|55764|57520|83479,BRAF|ERCC2|ERCC3|WASHC5|GNE|IFT122|HECW2|DDX59,-0.71,MyList
DisGeNET,35,C0282577,Congenital Disorders of Glycosylation,,-2.4,3.6,3.6,30230,102,584,7,1.2,0.45,1798|10195|11253|29929|84061|84342|91869,DPAGT1|ALG3|MAN1B1|ALG6|MAGT1|COG8|RFT1,-0.71,MyList
DisGeNET,35,C1527344,Dysphonia,,-2.4,4,3.7,30230,77,584,6,1,0.42,2068|2071|5428|6391|6392|9927,ERCC2|ERCC3|POLG|SDHC|SDHD|MFN2,-0.7,MyList
DisGeNET,35,C1839364,Progressive visual loss,,-2.4,4,3.7,30230,77,584,6,1,0.42,673|1121|5959|9742|57728|91137,BRAF|CHM|RDH5|IFT140|WDR19|SLC25A46,-0.7,MyList
DisGeNET,35,C1567435,Polycystic Kidney - body part,,-2.4,4.8,3.9,30230,54,584,5,0.86,0.38,5311|5587|9742|57448|222865,PKD2|PRKD1|IFT140|BIRC6|TMEM130,-0.7,MyList
DisGeNET,35,C1876214,"ALBINOIDISM, OCULOCUTANEOUS, AUTOSOMAL DOMINANT",,-2.4,4.8,3.9,30230,54,584,5,0.86,0.38,1186|2562|5873|23682|200576,CLCN7|GABRB3|RAB27A|RAB38|PIKFYVE,-0.7,MyList
Transcription Factor Targets,16,M7797,ZIC2 01,,-2.4,2.5,3.3,30230,252,584,12,2.1,0.59,1600|5602|7125|7403|9252|9885|10682|26001|55135|56980|83723|142685,DAB1|MAPK10|TNNC2|KDM6A|RPS6KA5|OSBPL2|EBP|RNF167|WRAP53|PRDM10|TLCD3B|ASB15,-0.69,MyList
DisGeNET,35,C0270685,Cerebral calcification,,-2.4,3.5,3.6,30230,103,584,7,1.2,0.45,673|2068|4514|4540|4541|9213|55135,BRAF|ERCC2|COX3|ND5|ND6|XPR1|WRAP53,-0.69,MyList
DisGeNET,35,C4021082,Fatty replacement of skeletal muscle,,-2.4,9.1,4.7,30230,17,584,3,0.51,0.3,10020|10585|729920,GNE|POMT1|CRPPA,-0.68,MyList
DisGeNET,35,C0595948,Atypical absence seizure,,-2.4,9.1,4.7,30230,17,584,3,0.51,0.3,2562|5602|93183,GABRB3|MAPK10|PIGM,-0.68,MyList
DisGeNET,35,C0080274,Urinary Retention,,-2.4,9.1,4.7,30230,17,584,3,0.51,0.3,6778|9772|81839,STAT6|TMEM94|VANGL1,-0.68,MyList
Transcription Factor Targets,16,M30038,KLF14 TARGET GENES,,-2.4,2.5,3.3,30230,253,584,12,2.1,0.59,7328|9439|11189|23761|51108|51360|55005|55181|55585|56978|66036|79736,UBE2H|MED23|CELF3|PISD|METTL9|MBTPS2|RMND1|SMG8|UBE2Q1|PRDM8|MTMR9|TEFM,-0.68,MyList
DisGeNET,35,C0221217,Neck webbing,,-2.4,4,3.7,30230,78,584,6,1,0.42,673|2733|5922|6016|6655|23522,BRAF|GLE1|RASA2|RIT1|SOS2|KAT6B,-0.68,MyList
PaGenBase,36,PGB:00073,Cell-specific: OVR278E,,-2.4,3.2,3.5,30230,131,584,8,1.4,0.48,1040|6095|7403|8100|9986|11200|51601|81539,CDS1|RORA|KDM6A|IFT88|RCE1|CHEK2|LIPT1|SLC38A1,-0.68,MyList
DisGeNET,35,C4552091,"Polyarthritis, Juvenile, Rheumatoid Factor Negative",,-2.4,3.2,3.5,30230,131,584,8,1.4,0.48,1958|2353|3310|6515|23074|23522|50807|196441,EGR1|FOS|HSPA6|SLC2A3|BLTP3B|KAT6B|ASAP1|ZFC3H1,-0.68,MyList
DisGeNET,35,C4704862,"Polyarthritis, Juvenile, Rheumatoid Factor Positive",,-2.4,3.2,3.5,30230,131,584,8,1.4,0.48,1958|2353|3310|6515|23074|23522|50807|196441,EGR1|FOS|HSPA6|SLC2A3|BLTP3B|KAT6B|ASAP1|ZFC3H1,-0.68,MyList
DisGeNET,35,C0011168,Deglutition Disorders,,-2.4,2.1,3.1,30230,389,584,16,2.7,0.68,673|4508|4540|4541|5428|5582|6391|6392|6908|10479|23400|23522|51324|54704|55703|57380,BRAF|ATP6|ND5|ND6|POLG|PRKCG|SDHC|SDHD|TBP|SLC9A6|ATP13A2|KAT6B|SPG21|PDP1|POLR3B|MRS2,-0.68,MyList
DisGeNET,35,C0035313,Retinal Dysplasia,,-2.4,6.1,4.2,30230,34,584,4,0.68,0.34,10585|29954|55624|729920,POMT1|POMT2|POMGNT1|CRPPA,-0.68,MyList
DisGeNET,35,C2936786,Aqueductal Stenosis,,-2.4,6.1,4.2,30230,34,584,4,0.68,0.34,10785|55764|84942|729920,WDR4|IFT122|WDR73|CRPPA,-0.68,MyList
DisGeNET,35,C0043116,HMN (Hereditary Motor Neuropathy) Proximal Type I,,-2.4,6.1,4.2,30230,34,584,4,0.68,0.34,2068|2071|2968|51542,ERCC2|ERCC3|GTF2H4|VPS54,-0.68,MyList
DisGeNET,35,C4551563,Microcephaly (physical finding),,-2.4,2.9,3.4,30230,160,584,9,1.5,0.51,4285|7274|9179|9927|10195|57038|57728|84947|91869,MIPEP|TTPA|AP4M1|MFN2|ALG3|RARS2|WDR19|SERAC1|RFT1,-0.68,MyList
DisGeNET,35,C0025995,Micromelia,,-2.4,3.5,3.6,30230,104,584,7,1.2,0.45,1718|9742|26160|57560|57728|79809|124583,DHCR24|IFT140|IFT172|IFT80|WDR19|TTC21B|CANT1,-0.68,MyList
DisGeNET,35,C0008073,Developmental Disabilities,,-2.4,2.2,3.2,30230,355,584,15,2.6,0.65,90|673|2068|2071|2968|4547|5290|5609|7290|23522|26503|81704|92292|93664|124997,ACVR1|BRAF|ERCC2|ERCC3|GTF2H4|MTTP|PIK3CA|MAP2K7|HIRA|KAT6B|SLC17A5|DOCK8|GLYATL1|CADPS2|WDR81,-0.68,MyList
DisGeNET,35,C1858025,Spinal rigidity,,-2.4,4.7,3.9,30230,55,584,5,0.86,0.38,90|2353|10585|26580|29954,ACVR1|FOS|POMT1|BSCL2|POMT2,-0.68,MyList
DisGeNET,35,C1389016,ATRIOVENTRICULAR CANAL DEFECT,,-2.4,4.7,3.9,30230,55,584,5,0.86,0.38,90|673|8100|9897|23522,ACVR1|BRAF|IFT88|WASHC5|KAT6B,-0.68,MyList
DisGeNET,35,C0005741,Blepharitis,,-2.4,4.7,3.9,30230,55,584,5,0.86,0.38,2068|2071|6307|51360|55135,ERCC2|ERCC3|MSMO1|MBTPS2|WRAP53,-0.68,MyList
DisGeNET,35,C0041228,African Trypanosomiasis,,-2.4,4.7,3.9,30230,55,584,5,0.86,0.38,1757|10479|29107|55638|64852,SARDH|SLC9A6|NXT1|SYBU|TUT1,-0.68,MyList
Transcription Factor Targets,16,M18233,CCGNMNNTNACG UNKNOWN,,-2.4,3.9,3.7,30230,79,584,6,1,0.42,7290|7328|8925|9374|54617|79684,HIRA|UBE2H|HERC1|PPT2|INO80|MSANTD2,-0.66,MyList
DisGeNET,35,C0278996,Malignant Head and Neck Neoplasm,,-2.4,1.8,3,30230,767,584,26,4.5,0.85,673|1540|1958|2068|2071|2353|3551|3726|4292|4615|5290|5311|5922|6095|6300|6590|6778|9582|9817|23158|23405|26018|27244|50807|55135|81557,BRAF|CYLD|EGR1|ERCC2|ERCC3|FOS|IKBKB|JUNB|MLH1|MYD88|PIK3CA|PKD2|RASA2|RORA|MAPK12|SLPI|STAT6|APOBEC3B|KEAP1|TBC1D9|DICER1|LRIG1|SESN1|ASAP1|WRAP53|MAGED4B,-0.65,MyList
DisGeNET,35,C0021655,Insulin Resistance,,-2.4,2.9,3.4,30230,162,584,9,1.5,0.51,2353|3551|5563|5580|6307|6721|9927|23411|26580,FOS|IKBKB|PRKAA2|PRKCD|MSMO1|SREBF2|MFN2|SIRT1|BSCL2,-0.65,MyList
DisGeNET,35,C0086437,Joint laxity,,-2.4,2.5,3.3,30230,224,584,11,1.9,0.56,673|1798|5290|7403|8925|10020|11253|51776|55764|57728|124583,BRAF|DPAGT1|PIK3CA|KDM6A|HERC1|GNE|MAN1B1|MAP3K20|IFT122|WDR19|CANT1,-0.65,MyList
DisGeNET,35,C0234428,Disturbance of consciousness,,-2.3,5.9,4.1,30230,35,584,4,0.68,0.34,4514|4540|4541|4615,COX3|ND5|ND6|MYD88,-0.65,MyList
DisGeNET,35,C0240991,"Ataxia, Sensory",,-2.3,5.9,4.1,30230,35,584,4,0.68,0.34,22|1959|5428|57038,ABCB7|EGR2|POLG|RARS2,-0.65,MyList
DisGeNET,35,C0410174,Fukuyama Type Congenital Muscular Dystrophy,,-2.3,5.9,4.1,30230,35,584,4,0.68,0.34,10585|29954|55624|729920,POMT1|POMT2|POMGNT1|CRPPA,-0.65,MyList
DisGeNET,35,C0344559,Irido-corneo-trabecular dysgenesis (disorder),,-2.3,5.9,4.1,30230,35,584,4,0.68,0.34,5934|10585|29954|729920,RBL2|POMT1|POMT2|CRPPA,-0.65,MyList
DisGeNET,35,C0917804,"Arteriovenous Malformations, Cerebral",,-2.3,5.9,4.1,30230,35,584,4,0.68,0.34,20|673|6590|55181,ABCA2|BRAF|SLPI|SMG8,-0.65,MyList
DisGeNET,35,C0037277,"Skin Diseases, Genetic",,-2.3,4.6,3.8,30230,56,584,5,0.86,0.38,673|2068|10682|51360|201163,BRAF|ERCC2|EBP|MBTPS2|FLCN,-0.65,MyList
DisGeNET,35,C0151811,Subcutaneous nodule,,-2.3,3.9,3.6,30230,80,584,6,1,0.42,90|673|1540|5290|6391|6392,ACVR1|BRAF|CYLD|PIK3CA|SDHC|SDHD,-0.64,MyList
DisGeNET,35,C0553694,Oropharyngeal disorders,,-2.3,2.9,3.3,30230,163,584,9,1.5,0.51,673|706|2353|3726|5290|5580|6590|10479|55638,BRAF|TSPO|FOS|JUNB|PIK3CA|PRKCD|SLPI|SLC9A6|SYBU,-0.64,MyList
DisGeNET,35,C0018777,Conductive hearing loss,,-2.3,2.3,3.2,30230,291,584,13,2.2,0.61,24|90|5145|6391|6392|7290|7403|8100|9742|26160|55624|92840|123016,ABCA4|ACVR1|PDE6A|SDHC|SDHD|HIRA|KDM6A|IFT88|IFT140|IFT172|POMGNT1|REEP6|TTC8,-0.64,MyList
DisGeNET,35,C1837461,"SCOLIOSIS, ISOLATED, SUSCEPTIBILITY TO, 3",,-2.3,1.9,3,30230,578,584,21,3.6,0.77,1600|2899|2977|5137|5580|6307|6854|8736|9465|9630|9915|10154|10873|23143|23395|55669|79726|80262|81704|143872|283459,DAB1|GRIK3|GUCY1A2|PDE1C|PRKCD|MSMO1|SYN2|MYOM1|AKAP7|GNA14|ARNT2|PLXNC1|ME3|LRCH1|LARS2|MFN1|WDR59|PHAF1|DOCK8|ARHGAP42|GATC,-0.64,MyList
DisGeNET,35,C1332201,Adult Diffuse Large B-Cell Lymphoma,,-2.3,2,3,30230,504,584,19,3.3,0.73,673|1040|2068|3551|3981|4292|4615|5290|5563|8824|9817|11200|23158|23405|23411|29107|64750|81704|93100,BRAF|CDS1|ERCC2|IKBKB|LIG4|MLH1|MYD88|PIK3CA|PRKAA2|CES2|KEAP1|CHEK2|TBC1D9|DICER1|SIRT1|NXT1|SMURF2|DOCK8|NAPRT,-0.63,MyList
DisGeNET,35,C4024641,Enlarged polycystic ovaries,,-2.3,8.6,4.5,30230,18,584,3,0.51,0.3,5290|6391|6392,PIK3CA|SDHC|SDHD,-0.63,MyList
DisGeNET,35,C0034345,Pyruvate Dehydrogenase Complex Deficiency Disease,,-2.3,8.6,4.5,30230,18,584,3,0.51,0.3,10479|51601|54704,SLC9A6|LIPT1|PDP1,-0.63,MyList
DisGeNET,35,C1842820,Cardiac conduction abnormality,,-2.3,8.6,4.5,30230,18,584,3,0.51,0.3,4508|4540|4541,ATP6|ND5|ND6,-0.63,MyList
DisGeNET,35,C0231528,Myalgia,,-2.3,2.5,3.2,30230,226,584,11,1.9,0.56,706|4514|4540|4541|5286|5428|7290|10585|23175|26503|729920,TSPO|COX3|ND5|ND6|PIK3C2A|POLG|HIRA|POMT1|LPIN1|SLC17A5|CRPPA,-0.63,MyList
Transcription Factor Targets,16,M30337,ZNF513 TARGET GENES,,-2.3,1.7,2.9,30230,772,584,26,4.5,0.85,90|1798|3981|5129|5311|7410|9138|9213|9885|23001|23038|23049|23158|23411|27091|29880|50807|51324|54542|54617|55181|55585|60673|80128|147991|339487,ACVR1|DPAGT1|LIG4|CDK18|PKD2|VAV2|ARHGEF1|XPR1|OSBPL2|WDFY3|WDTC1|SMG1|TBC1D9|SIRT1|CACNG5|ALG5|ASAP1|SPG21|RC3H2|INO80|SMG8|UBE2Q1|ATG101|TRIM46|DPY19L3|ZBTB8OS,-0.63,MyList
Transcription Factor Targets,16,M15675,CCCNNGGGAR OLF1 01,,-2.3,2.2,3.1,30230,326,584,14,2.4,0.63,1600|1958|2899|3985|7374|8882|9016|10479|51107|54620|56980|64924|79109|92840,DAB1|EGR1|GRIK3|LIMK2|UNG|ZPR1|SLC25A14|SLC9A6|APH1A|FBXL19|PRDM10|SLC30A5|MAPKAP1|REEP6,-0.63,MyList
DisGeNET,35,C0235831,Renal Cell Dysplasia,,-2.3,3.8,3.6,30230,81,584,6,1,0.42,7403|9742|10585|29954|51360|55005,KDM6A|IFT140|POMT1|POMT2|MBTPS2|RMND1,-0.63,MyList
DisGeNET,35,C1858036,Periorbital fullness,,-2.3,4.5,3.8,30230,57,584,5,0.86,0.38,2182|5824|10020|10785|11043,ACSL4|PEX19|GNE|WDR4|MID2,-0.63,MyList
DisGeNET,35,C0235095,Visual field constriction,,-2.3,4.5,3.8,30230,57,584,5,0.86,0.38,24|1121|4508|5192|5824,ABCA4|CHM|ATP6|PEX10|PEX19,-0.63,MyList
Transcription Factor Targets,16,M40813,ZNF784 TARGET GENES,,-2.3,2.1,3.1,30230,397,584,16,2.7,0.68,7290|9439|10239|51108|51360|55135|55181|64852|66036|79591|79736|83882|84219|84318|84340|222234,HIRA|MED23|AP3S2|METTL9|MBTPS2|WRAP53|SMG8|TUT1|MTMR9|ARMH3|TEFM|TSPAN10|WDR24|CCDC77|GFM2|FAM185A,-0.62,MyList
DisGeNET,35,C0040412,Fissured tongue,,-2.3,5.8,4,30230,36,584,4,0.68,0.34,5290|6391|6392|79867,PIK3CA|SDHC|SDHD|TCTN2,-0.62,MyList
DisGeNET,35,C0018920,"Hemangioma, Cavernous",,-2.3,5.8,4,30230,36,584,4,0.68,0.34,673|5290|6391|6392,BRAF|PIK3CA|SDHC|SDHD,-0.62,MyList
DisGeNET,35,C0043459,Zellweger Syndrome,,-2.3,5.8,4,30230,36,584,4,0.68,0.34,706|5192|5824|8443,TSPO|PEX10|PEX19|GNPAT,-0.62,MyList
DisGeNET,35,C0034012,Delayed Puberty,,-2.3,2.6,3.2,30230,196,584,10,1.7,0.54,673|4514|4540|4541|6307|6845|26580|55703|80067|80324,BRAF|COX3|ND5|ND6|MSMO1|VAMP7|BSCL2|POLR3B|DCAF17|PUS1,-0.61,MyList
DisGeNET,35,C1861866,Aplasia/Hypoplasia of the corpus callosum,,-2.3,3.4,3.4,30230,108,584,7,1.2,0.45,673|1718|3981|10479|54968|55624|79867,BRAF|DHCR24|LIG4|SLC9A6|TMEM70|POMGNT1|TCTN2,-0.61,MyList
DisGeNET,35,C0032927,Precancerous Conditions,,-2.3,2,3,30230,471,584,18,3.1,0.72,673|1757|2068|2353|4292|5290|5563|5609|5934|8100|10975|23405|50807|54802|55149|79874|339487|340061,BRAF|SARDH|ERCC2|FOS|MLH1|PIK3CA|PRKAA2|MAP2K7|RBL2|IFT88|UQCR11|DICER1|ASAP1|TRIT1|MTPAP|RABEP2|ZBTB8OS|STING1,-0.61,MyList
DisGeNET,35,C0339526,Autosomal recessive retinitis pigmentosa,,-2.3,3.8,3.5,30230,82,584,6,1,0.42,24|5145|55624|57728|92840|116966,ABCA4|PDE6A|POMGNT1|WDR19|REEP6|WDR17,-0.61,MyList
Transcription Factor Targets,16,M30167,SNAI1 TARGET GENES,,-2.3,1.9,3,30230,509,584,19,3.3,0.73,4508|4514|4540|4541|4938|6778|8310|10873|23354|55135|55706|56922|57169|64172|79573|79786|93664|140467|339487,ATP6|COX3|ND5|ND6|OAS1|STAT6|ACOX3|ME3|HAUS5|WRAP53|NDC1|MCCC1|ZNFX1|OSGEPL1|TTC13|KLHL36|CADPS2|ZNF358|ZBTB8OS,-0.6,MyList
Cell Type Signatures,7,M39196,HAY BONE MARROW EOSINOPHIL,,-2.3,4.5,3.7,30230,58,584,5,0.86,0.38,4508|4514|4540|115825|338692,ATP6|COX3|ND5|WDFY2|ANKRD13D,-0.6,MyList
DisGeNET,35,C0018794,Heart Block,,-2.3,4.5,3.7,30230,58,584,5,0.86,0.38,1959|4514|4540|4541|51422,EGR2|COX3|ND5|ND6|PRKAG2,-0.6,MyList
Transcription Factor Targets,16,M13012,TGCTGAY UNKNOWN,,-2.3,1.9,3,30230,547,584,20,3.4,0.75,1143|2353|5129|5137|5563|6300|6721|23001|23405|29942|51107|54620|57633|79415|83723|83741|92840|114805|124997|338692,CHRNB4|FOS|CDK18|PDE1C|PRKAA2|MAPK12|SREBF2|WDFY3|DICER1|PURG|APH1A|FBXL19|LRRN1|CYBC1|TLCD3B|TFAP2D|REEP6|GALNT13|WDR81|ANKRD13D,-0.6,MyList
DisGeNET,35,C0238462,Medullary carcinoma of thyroid,,-2.3,2.2,3.1,30230,330,584,14,2.4,0.63,673|1757|2353|3726|5290|5922|6391|6392|8834|23158|26018|29107|79109|201163,BRAF|SARDH|FOS|JUNB|PIK3CA|RASA2|SDHC|SDHD|TMEM11|TBC1D9|LRIG1|NXT1|MAPKAP1|FLCN,-0.6,MyList
DisGeNET,35,C0393593,Dystonia Disorders,,-2.3,2.8,3.3,30230,167,584,9,1.5,0.51,2562|4541|5428|6908|23400|56997|80067|84947|113612,GABRB3|ND6|POLG|TBP|ATP13A2|COQ8A|DCAF17|SERAC1|CYP2U1,-0.59,MyList
Transcription Factor Targets,16,M9955,TGAYRTCA ATF3 Q6,,-2.3,1.9,2.9,30230,549,584,20,3.4,0.75,673|1040|1540|2353|3551|5602|7029|7126|7328|9986|10900|10957|11189|26580|54704|59338|81539|90410|114789|116983,BRAF|CDS1|CYLD|FOS|IKBKB|MAPK10|TFDP2|TNFAIP1|UBE2H|RCE1|RUNDC3A|PNRC1|CELF3|BSCL2|PDP1|PLEKHA1|SLC38A1|IFT20|SLC25A25|ACAP3,-0.58,MyList
DisGeNET,35,C3714758,Juvenile psoriatic arthritis,,-2.3,3,3.3,30230,138,584,8,1.4,0.48,1958|2353|3310|6515|23074|23522|50807|196441,EGR1|FOS|HSPA6|SLC2A3|BLTP3B|KAT6B|ASAP1|ZFC3H1,-0.58,MyList
DisGeNET,35,C1850496,Neuronal loss in central nervous system,,-2.3,5.6,3.9,30230,37,584,4,0.68,0.34,5428|6908|10479|26580,POLG|TBP|SLC9A6|BSCL2,-0.58,MyList
DisGeNET,35,C0278519,Recurrent Childhood Acute Lymphoblastic Leukemia,,-2.3,5.6,3.9,30230,37,584,4,0.68,0.34,4292|5609|29107|84061,MLH1|MAP2K7|NXT1|MAGT1,-0.58,MyList
DisGeNET,35,C0751036,Hereditary Motor and Sensory Neuropathy Type I,,-2.3,8.2,4.4,30230,19,584,3,0.51,0.3,1959|5375|91137,EGR2|PMP2|SLC25A46,-0.58,MyList
DisGeNET,35,C0022340,Late-Infantile Neuronal Ceroid Lipfuscinosis,,-2.3,8.2,4.4,30230,19,584,3,0.51,0.3,1185|7274|23400,CLCN6|TTPA|ATP13A2,-0.58,MyList
DisGeNET,35,C0334054,cystic disease,,-2.3,8.2,4.4,30230,19,584,3,0.51,0.3,5304|5311|5587,PIP|PKD2|PRKD1,-0.58,MyList
DisGeNET,35,C1333944,Paraganglioma of head and neck,,-2.3,8.2,4.4,30230,19,584,3,0.51,0.3,1757|6391|6392,SARDH|SDHC|SDHD,-0.58,MyList
DisGeNET,35,C0010232,Cowpox,,-2.3,8.2,4.4,30230,19,584,3,0.51,0.3,1040|219285|340061,CDS1|SAMD9L|STING1,-0.58,MyList
DisGeNET,35,C3714796,Isolated somatotropin deficiency,,-2.3,2.8,3.2,30230,168,584,9,1.5,0.51,2353|5290|5428|7403|9897|9915|26160|26580|80067,FOS|PIK3CA|POLG|KDM6A|WASHC5|ARNT2|IFT172|BSCL2|DCAF17,-0.58,MyList
DisGeNET,35,C0432072,Dysmorphic features,,-2.3,2,3,30230,439,584,17,2.9,0.7,673|2562|2733|3981|5290|6016|7403|9179|11154|11253|23229|23400|23405|55005|55624|57520|79139,BRAF|GABRB3|GLE1|LIG4|PIK3CA|RIT1|KDM6A|AP4M1|AP4S1|MAN1B1|ARHGEF9|ATP13A2|DICER1|RMND1|POMGNT1|HECW2|DERL1,-0.58,MyList
DisGeNET,35,C0232744,Decreased liver function,,-2.3,4.4,3.7,30230,59,584,5,0.86,0.38,5192|22868|23395|51601|55005,PEX10|FASTKD2|LARS2|LIPT1|RMND1,-0.58,MyList
DisGeNET,35,C0338502,Hypoplasia of the optic nerve,,-2.3,4.4,3.7,30230,59,584,5,0.86,0.38,10585|29954|51360|55624|729920,POMT1|POMT2|MBTPS2|POMGNT1|CRPPA,-0.58,MyList
DisGeNET,35,C0270921,Axonal neuropathy,,-2.3,4.4,3.7,30230,59,584,5,0.86,0.38,3981|4508|5428|9927|124583,LIG4|ATP6|POLG|MFN2|CANT1,-0.58,MyList
DisGeNET,35,C4524268,Advanced lung cancer,,-2.3,4.4,3.7,30230,59,584,5,0.86,0.38,673|2068|3833|5290|5609,BRAF|ERCC2|KIFC1|PIK3CA|MAP2K7,-0.58,MyList
Transcription Factor Targets,16,M40700,CREB3 TARGET GENES,,-2.2,2.1,3,30230,403,584,16,2.7,0.68,21|406|1798|2968|6397|8834|23461|54620|55706|64222|64924|66036|84942|151525|338692|339487,ABCA3|BMAL1|DPAGT1|GTF2H4|SEC14L1|TMEM11|ABCA5|FBXL19|NDC1|TOR3A|SLC30A5|MTMR9|WDR73|WDSUB1|ANKRD13D|ZBTB8OS,-0.58,MyList
Cell Type Signatures,7,M41688,TRAVAGLINI LUNG NEUTROPHIL CELL,,-2.2,2.1,3,30230,368,584,15,2.6,0.65,1052|1955|2353|3726|3985|6397|6515|6533|8925|9138|10154|23001|23399|80314|91304,CEBPD|MEGF9|FOS|JUNB|LIMK2|SEC14L1|SLC2A3|SLC6A6|HERC1|ARHGEF1|PLXNC1|WDFY3|CTDNEP1|EPC1|TMEM259,-0.57,MyList
DisGeNET,35,C0003466,"Anus, Imperforate",,-2.2,3,3.3,30230,139,584,8,1.4,0.48,5580|7290|7403|9897|10585|29954|57560|81839,PRKCD|HIRA|KDM6A|WASHC5|POMT1|POMT2|IFT80|VANGL1,-0.57,MyList
DisGeNET,35,C1854882,Absent speech,,-2.2,2.5,3.1,30230,232,584,11,1.9,0.56,8925|10479|10585|10785|11043|54802|55005|57038|79867|84342|84947,HERC1|SLC9A6|POMT1|WDR4|MID2|TRIT1|RMND1|RARS2|TCTN2|COG8|SERAC1,-0.57,MyList
Transcription Factor Targets,16,M2409,NFY Q6 01,,-2.2,2.3,3.1,30230,265,584,12,2.1,0.59,1718|3769|6721|7743|10162|23348|51537|54704|56261|56980|57718|339487,DHCR24|KCNJ13|SREBF2|ZNF189|LPCAT3|DOCK9|MTFP1|PDP1|GPCPD1|PRDM10|PPP4R4|ZBTB8OS,-0.57,MyList
Transcription Factor Targets,16,M6985,GABP B,,-2.2,2.3,3.1,30230,265,584,12,2.1,0.59,6908|23484|23658|27257|51324|51422|54878|54974|55454|79139|80213|89970,TBP|LEPROTL1|LSM5|LSM1|SPG21|PRKAG2|DPP8|THG1L|CSGALNACT2|DERL1|TM2D3|RSPRY1,-0.57,MyList
DisGeNET,35,C4521256,Glomerulopathy Assessment,,-2.2,3.7,3.5,30230,84,584,6,1,0.42,2182|2353|4514|4540|4541|26580,ACSL4|FOS|COX3|ND5|ND6|BSCL2,-0.57,MyList
Transcription Factor Targets,16,M40752,FOXO4 TARGET GENES,,-2.2,2.3,3.1,30230,299,584,13,2.2,0.61,673|4292|5609|6307|6392|6908|25979|26504|54620|55005|55167|56948|84318,BRAF|MLH1|MAP2K7|MSMO1|SDHD|TBP|DHRS7B|CNNM4|FBXL19|RMND1|MSL2|SDR39U1|CCDC77,-0.57,MyList
DisGeNET,35,C0262444,Abnormality of the dentition,,-2.2,3,3.3,30230,140,584,8,1.4,0.48,673|2068|2071|7403|9927|10682|10785|84942,BRAF|ERCC2|ERCC3|KDM6A|MFN2|EBP|WDR4|WDR73,-0.56,MyList
Transcription Factor Targets,16,M5608,TAXCREB 01,,-2.2,3,3.3,30230,140,584,8,1.4,0.48,673|1540|2353|9213|10900|10957|64852|64924,BRAF|CYLD|FOS|XPR1|RUNDC3A|PNRC1|TUT1|SLC30A5,-0.56,MyList
DisGeNET,35,C0426817,Short ribs,,-2.2,4.3,3.6,30230,60,584,5,0.86,0.38,26160|55764|57560|57728|79809,IFT172|IFT122|IFT80|WDR19|TTC21B,-0.56,MyList
DisGeNET,35,C0020302,Hydrophthalmos,,-2.2,4.3,3.6,30230,60,584,5,0.86,0.38,10451|10585|29954|55624|124583,VAV3|POMT1|POMT2|POMGNT1|CANT1,-0.56,MyList
TRRUST,34,TRR00075,Regulated by: BRCA1,,-2.2,4.3,3.6,30230,60,584,5,0.86,0.38,1958|2353|6041|6773|23411,EGR1|FOS|RNASEL|STAT2|SIRT1,-0.56,MyList
DisGeNET,35,C0340279,Ventricular hypertrophy,,-2.2,4.3,3.6,30230,60,584,5,0.86,0.38,673|2353|5290|26580|51422,BRAF|FOS|PIK3CA|BSCL2|PRKAG2,-0.56,MyList
PaGenBase,36,PGB:00027,Tissue-specific: corpus callosum,,-2.2,5.4,3.9,30230,38,584,4,0.68,0.34,5137|22821|23232|128869,PDE1C|RASA3|TBC1D12|PIGU,-0.56,MyList
DisGeNET,35,C1997217,Low grade glioma,,-2.2,3.7,3.4,30230,85,584,6,1,0.42,20|673|5609|10451|10682|55181,ABCA2|BRAF|MAP2K7|VAV3|EBP|SMG8,-0.55,MyList
DisGeNET,35,C0029132,Disorder of the optic nerve,,-2.2,3.2,3.3,30230,112,584,7,1.2,0.45,4508|4514|4540|4541|9927|23411|51300,ATP6|COX3|ND5|ND6|MFN2|SIRT1|TIMMDC1,-0.55,MyList
DisGeNET,35,C1837770,Sparse hair,,-2.2,3.2,3.3,30230,112,584,7,1.2,0.45,673|2068|55135|55764|57728|80067|285203,BRAF|ERCC2|WRAP53|IFT122|WDR19|DCAF17|EOGT,-0.55,MyList
DisGeNET,35,C0087031,Juvenile-Onset Still Disease,,-2.2,2.7,3.2,30230,171,584,9,1.5,0.51,1958|2353|3310|6515|23074|23522|50807|51300|196441,EGR1|FOS|HSPA6|SLC2A3|BLTP3B|KAT6B|ASAP1|TIMMDC1|ZFC3H1,-0.55,MyList
DisGeNET,35,C3696376,3-Methylglutaconic Aciduria,,-2.2,7.8,4.2,30230,20,584,3,0.51,0.3,5428|54968|84947,POLG|TMEM70|SERAC1,-0.54,MyList
DisGeNET,35,C1879312,Agyria,,-2.2,7.8,4.2,30230,20,584,3,0.51,0.3,10585|29954|729920,POMT1|POMT2|CRPPA,-0.54,MyList
DisGeNET,35,C0394006,Dysequilibrium syndrome,,-2.2,7.8,4.2,30230,20,584,3,0.51,0.3,5311|51761|124997,PKD2|ATP8A2|WDR81,-0.54,MyList
DisGeNET,35,C0268141,"Xeroderma pigmentosum, group G",,-2.2,7.8,4.2,30230,20,584,3,0.51,0.3,2068|2071|2968,ERCC2|ERCC3|GTF2H4,-0.54,MyList
DisGeNET,35,C0231712,Waddling gait,,-2.2,3.2,3.3,30230,113,584,7,1.2,0.45,1798|9179|10585|11154|51776|57531|124583,DPAGT1|AP4M1|POMT1|AP4S1|MAP3K20|HACE1|CANT1,-0.54,MyList
Transcription Factor Targets,16,M30371,ZNF660 TARGET GENES,,-2.2,1.7,2.8,30230,791,584,26,4.5,0.85,2968|3981|5581|7126|7290|7328|9439|10239|23354|23395|23456|29880|51108|51360|54867|54884|55005|55181|55703|79591|79726|79736|83723|84219|84340|90410,GTF2H4|LIG4|PRKCE|TNFAIP1|HIRA|UBE2H|MED23|AP3S2|HAUS5|LARS2|ABCB10|ALG5|METTL9|MBTPS2|TMEM214|RETSAT|RMND1|SMG8|POLR3B|ARMH3|WDR59|TEFM|TLCD3B|WDR24|GFM2|IFT20,-0.54,MyList
DisGeNET,35,C1861975,"Cafe au lait spots, multiple",,-2.2,4.2,3.6,30230,61,584,5,0.86,0.38,673|5290|6391|6392|11253,BRAF|PIK3CA|SDHC|SDHD|MAN1B1,-0.54,MyList
DisGeNET,35,C0751401,Ophthalmoparesis,,-2.2,4.2,3.6,30230,61,584,5,0.86,0.38,4508|4514|4540|4541|5428,ATP6|COX3|ND5|ND6|POLG,-0.54,MyList
DisGeNET,35,C0750937,"Ataxia, Appendicular",,-2.2,3.6,3.4,30230,86,584,6,1,0.42,22|5192|5428|5582|6908|9897,ABCB7|PEX10|POLG|PRKCG|TBP|WASHC5,-0.54,MyList
DisGeNET,35,C0017168,Gastroesophageal reflux disease,,-2.2,2,2.9,30230,446,584,17,2.9,0.7,21|673|1540|2068|2353|4292|4508|5290|5428|6590|7290|9897|9915|10020|10479|23522|201163,ABCA3|BRAF|CYLD|ERCC2|FOS|MLH1|ATP6|PIK3CA|POLG|SLPI|HIRA|WASHC5|ARNT2|GNE|SLC9A6|KAT6B|FLCN,-0.53,MyList
DisGeNET,35,C0020619,Hypogonadism,,-2.2,2.2,3,30230,304,584,13,2.2,0.61,24|2068|2071|2710|5145|6590|8100|9742|26160|55624|80067|92840|123016,ABCA4|ERCC2|ERCC3|GK|PDE6A|SLPI|IFT88|IFT140|IFT172|POMGNT1|DCAF17|REEP6|TTC8,-0.53,MyList
DisGeNET,35,C0020256,Congenital Hydrocephalus,,-2.2,5.3,3.8,30230,39,584,4,0.68,0.34,7403|55764|124997|729920,KDM6A|IFT122|WDR81|CRPPA,-0.53,MyList
DisGeNET,35,C2675111,Abnormal eyelash morphology,,-2.2,5.3,3.8,30230,39,584,4,0.68,0.34,51360|55135|85378|124583,MBTPS2|WRAP53|TUBGCP6|CANT1,-0.53,MyList
Transcription Factor Targets,16,M4803,NF1 Q6,,-2.2,2.3,3,30230,270,584,12,2.1,0.59,90|9213|9252|10162|10948|55103|55669|80128|124997|143425|201931|339487,ACVR1|XPR1|RPS6KA5|LPCAT3|STARD3|RALGPS2|MFN1|TRIM46|WDR81|SYT9|TMEM192|ZBTB8OS,-0.53,MyList
Cell Type Signatures,7,M41699,TRAVAGLINI LUNG CLASSICAL MONOCYTE CELL,,-2.2,2.3,3,30230,270,584,12,2.1,0.59,706|1052|1955|2353|9517|9926|9960|23405|51422|55819|116362|192670,TSPO|CEBPD|MEGF9|FOS|SPTLC2|LPGAT1|USP3|DICER1|PRKAG2|RNF130|RBP7|AGO4,-0.53,MyList
Transcription Factor Targets,16,M30025,IGLV5 37 TARGET GENES,,-2.2,1.8,2.8,30230,636,584,22,3.8,0.79,5581|5797|7029|9138|9817|9960|10154|10900|10957|11200|23175|51200|51559|55336|57520|79736|83723|84340|116983|126433|127294|131474,PRKCE|PTPRM|TFDP2|ARHGEF1|KEAP1|USP3|PLXNC1|RUNDC3A|PNRC1|CHEK2|LPIN1|CPA4|NT5DC3|FBXL8|HECW2|TEFM|TLCD3B|GFM2|ACAP3|FBXO27|MYOM3|CHCHD4,-0.53,MyList
Transcription Factor Targets,16,M13849,TGACATY UNKNOWN,,-2.2,1.8,2.8,30230,676,584,23,3.9,0.8,1540|2353|5137|5602|7029|11189|22821|23038|23405|23484|23658|26580|51107|51108|54802|55062|55852|56180|57161|57448|78997|83741|116983,CYLD|FOS|PDE1C|MAPK10|TFDP2|CELF3|RASA3|WDTC1|DICER1|LEPROTL1|LSM5|BSCL2|APH1A|METTL9|TRIT1|WIPI1|TEX2|MOSPD1|PELI2|BIRC6|GDAP1L1|TFAP2D|ACAP3,-0.52,MyList
DisGeNET,35,C0020557,Hypertriglyceridemia,,-2.2,2.1,2.9,30230,340,584,14,2.4,0.63,2353|2710|3551|3769|3988|4547|6721|7274|8882|9213|9639|23175|26580|283459,FOS|GK|IKBKB|KCNJ13|LIPA|MTTP|SREBF2|TTPA|ZPR1|XPR1|ARHGEF10|LPIN1|BSCL2|GATC,-0.52,MyList
DisGeNET,35,C0021843,Intestinal Obstruction,,-2.2,3.6,3.4,30230,87,584,6,1,0.42,2068|4514|4540|4541|6391|6392,ERCC2|COX3|ND5|ND6|SDHC|SDHD,-0.52,MyList
DisGeNET,35,C0023798,Lipoma,,-2.2,3.6,3.4,30230,87,584,6,1,0.42,4285|5290|6391|6392|81839|201163,MIPEP|PIK3CA|SDHC|SDHD|VANGL1|FLCN,-0.52,MyList
Transcription Factor Targets,16,M40758,MEF2C TARGET GENES,,-2.2,1.7,2.8,30230,795,584,26,4.5,0.85,2968|4292|6397|6836|9374|9439|9960|10020|10239|23411|51108|51172|51360|51601|55764|57655|79736|80067|83882|84219|84318|84340|112840|197322|285605|340061,GTF2H4|MLH1|SEC14L1|SURF4|PPT2|MED23|USP3|GNE|AP3S2|SIRT1|METTL9|NAGPA|MBTPS2|LIPT1|IFT122|GRAMD1A|TEFM|DCAF17|TSPAN10|WDR24|CCDC77|GFM2|WDR89|ACSF3|DTWD2|STING1,-0.52,MyList
DisGeNET,35,C0040411,Tongue Neoplasms,,-2.2,4.2,3.5,30230,62,584,5,0.86,0.38,2353|3726|5580|9817|23522,FOS|JUNB|PRKCD|KEAP1|KAT6B,-0.52,MyList
DisGeNET,35,C0401151,Chronic diarrhea,,-2.2,4.2,3.5,30230,62,584,5,0.86,0.38,2068|3551|3981|4547|23158,ERCC2|IKBKB|LIG4|MTTP|TBC1D9,-0.52,MyList
DisGeNET,35,C1167791,Skin toxicity,,-2.2,4.2,3.5,30230,62,584,5,0.86,0.38,673|3551|4292|5290|5609,BRAF|IKBKB|MLH1|PIK3CA|MAP2K7,-0.52,MyList
Transcription Factor Targets,16,M30225,CASP8AP2 TARGET GENES,,-2.2,2.1,2.9,30230,341,584,14,2.4,0.63,1186|5428|7290|9439|9927|10195|10239|23658|55181|57169|64172|64852|79736|84219,CLCN7|POLG|HIRA|MED23|MFN2|ALG3|AP3S2|LSM5|SMG8|ZNFX1|OSGEPL1|TUT1|TEFM|WDR24,-0.51,MyList
Transcription Factor Targets,16,M9026,AP4 Q5,,-2.2,2.3,3,30230,272,584,12,2.1,0.59,2899|5582|5873|6016|7328|11043|11189|23428|56180|56978|92840|124997,GRIK3|PRKCG|RAB27A|RIT1|UBE2H|MID2|CELF3|SLC7A8|MOSPD1|PRDM8|REEP6|WDR81,-0.51,MyList
DisGeNET,35,C0023532,"Leukoplakia, Oral",,-2.2,2.9,3.2,30230,144,584,8,1.4,0.48,2068|3981|4292|6590|11200|29107|55135|79109,ERCC2|LIG4|MLH1|SLPI|CHEK2|NXT1|WRAP53|MAPKAP1,-0.51,MyList
Transcription Factor Targets,16,M613,TGANNYRGCA TCF11MAFG 01,,-2.1,2.2,2.9,30230,307,584,13,2.2,0.61,2710|5287|5602|6300|6908|9517|23001|23428|26249|26580|64852|83741|124997,GK|PIK3C2B|MAPK10|MAPK12|TBP|SPTLC2|WDFY3|SLC7A8|KLHL3|BSCL2|TUT1|TFAP2D|WDR81,-0.5,MyList
DisGeNET,35,C0242698,"Ventricular Dysfunction, Left",,-2.1,3.5,3.3,30230,88,584,6,1,0.42,4514|4540|4541|5290|6392|10585,COX3|ND5|ND6|PIK3CA|SDHD|POMT1,-0.5,MyList
DisGeNET,35,C0005893,Body mass index procedure,,-2.1,3.5,3.3,30230,88,584,6,1,0.42,5587|6721|6854|54887|79874|440275,PRKD1|SREBF2|SYN2|BLTP3A|RABEP2|EIF2AK4,-0.5,MyList
DisGeNET,35,C0578022,Finding of body mass index,,-2.1,3.5,3.3,30230,88,584,6,1,0.42,5587|6721|6854|54887|79874|440275,PRKD1|SREBF2|SYN2|BLTP3A|RABEP2|EIF2AK4,-0.5,MyList
DisGeNET,35,C0009405,Hereditary Nonpolyposis Colorectal Neoplasms,,-2.1,5.2,3.7,30230,40,584,4,0.68,0.34,673|4292|6041|11200,BRAF|MLH1|RNASEL|CHEK2,-0.5,MyList
DisGeNET,35,C1839739,Thick lower lip vermilion,,-2.1,2.9,3.1,30230,145,584,8,1.4,0.48,673|2182|5922|6016|6655|11043|23522|57520,BRAF|ACSL4|RASA2|RIT1|SOS2|MID2|KAT6B|HECW2,-0.5,MyList
DisGeNET,35,C4021734,Abnormality of mitochondrial metabolism,,-2.1,7.4,4.1,30230,21,584,3,0.51,0.3,4514|4540|4541,COX3|ND5|ND6,-0.5,MyList
DisGeNET,35,C1844945,Episodic respiratory distress,,-2.1,7.4,4.1,30230,21,584,3,0.51,0.3,4508|4540|4541,ATP6|ND5|ND6,-0.5,MyList
DisGeNET,35,C1853761,"SPINOCEREBELLAR ATAXIA, AUTOSOMAL RECESSIVE 1",,-2.1,7.4,4.1,30230,21,584,3,0.51,0.3,5428|7274|124583,POLG|TTPA|CANT1,-0.5,MyList
DisGeNET,35,C0267176,Gastroparesis with diabetes mellitus,,-2.1,7.4,4.1,30230,21,584,3,0.51,0.3,2353|5290|5563,FOS|PIK3CA|PRKAA2,-0.5,MyList
DisGeNET,35,C0338508,Optic Atrophy 1,,-2.1,3.1,3.2,30230,116,584,7,1.2,0.45,5563|9817|9927|50807|55149|55669|90550,PRKAA2|KEAP1|MFN2|ASAP1|MTPAP|MFN1|MCU,-0.5,MyList
DisGeNET,35,C0156394,Hypertrophy of clitoris,,-2.1,4.1,3.5,30230,63,584,5,0.86,0.38,5192|5824|6845|23522|26580,PEX10|PEX19|VAMP7|KAT6B|BSCL2,-0.5,MyList
DisGeNET,35,C1298180,Single tumor,,-2.1,4.1,3.5,30230,63,584,5,0.86,0.38,673|1540|4292|5290|6392,BRAF|CYLD|MLH1|PIK3CA|SDHD,-0.5,MyList
DisGeNET,35,C0022680,Polycystic Kidney Diseases,,-2.1,2.3,2.9,30230,275,584,12,2.1,0.59,2353|3611|3726|5290|5311|5587|6778|7290|8100|9742|57448|222865,FOS|ILK|JUNB|PIK3CA|PKD2|PRKD1|STAT6|HIRA|IFT88|IFT140|BIRC6|TMEM130,-0.48,MyList
Cell Type Signatures,7,M39224,LAKE ADULT KIDNEY C5 PROXIMAL TUBULE EPITHELIAL CELLS STRESS INFLAM,,-2.1,2,2.8,30230,417,584,16,2.7,0.68,1600|1958|2353|5581|6095|7029|7644|23092|23428|23522|51422|54867|57728|79658|143872|196441,DAB1|EGR1|FOS|PRKCE|RORA|TFDP2|ZNF91|ARHGAP26|SLC7A8|KAT6B|PRKAG2|TMEM214|WDR19|ARHGAP10|ARHGAP42|ZFC3H1,-0.48,MyList
DisGeNET,35,C0021704,Intelligence,,-2.1,1.8,2.8,30230,645,584,22,3.8,0.79,373|5137|5587|5934|6095|6721|9681|23761|29942|50626|54617|54878|55135|57169|57605|79109|79591|79874|84888|91419|91869|203062,TRIM23|PDE1C|PRKD1|RBL2|RORA|SREBF2|DEPDC5|PISD|PURG|ZFTRAF1|INO80|DPP8|WRAP53|ZNFX1|PITPNM2|MAPKAP1|ARMH3|RABEP2|SPPL2A|ATP23|RFT1|TSNARE1,-0.47,MyList
Cell Type Signatures,7,M39168,MURARO PANCREAS ALPHA CELL,,-2.1,1.8,2.8,30230,568,584,20,3.4,0.75,4833|5311|5581|5873|6397|9915|10020|10079|10900|10975|23158|23428|25837|26249|27072|29761|54916|79726|91947|123016,NME4|PKD2|PRKCE|RAB27A|SEC14L1|ARNT2|GNE|ATP9A|RUNDC3A|UQCR11|TBC1D9|SLC7A8|RAB26|KLHL3|VPS41|USP25|TMEM260|WDR59|ARRDC4|TTC8,-0.47,MyList
DisGeNET,35,C0011606,Exfoliative dermatitis,,-2.1,4,3.4,30230,64,584,5,0.86,0.38,2068|3981|5290|10682|51360,ERCC2|LIG4|PIK3CA|EBP|MBTPS2,-0.47,MyList
DisGeNET,35,C4021776,Abnormality of the voice,,-2.1,4,3.4,30230,64,584,5,0.86,0.38,673|6515|10585|29954|55624,BRAF|SLC2A3|POMT1|POMT2|POMGNT1,-0.47,MyList
DisGeNET,35,C0242383,Age related macular degeneration,,-2.1,1.7,2.7,30230,685,584,23,3.9,0.8,24|706|2068|2071|2968|4547|5290|5959|6095|6590|7274|7374|8925|9213|9817|23405|23411|59338|79885|84131|123016|219285|340061,ABCA4|TSPO|ERCC2|ERCC3|GTF2H4|MTTP|PIK3CA|RDH5|RORA|SLPI|TTPA|UNG|HERC1|XPR1|KEAP1|DICER1|SIRT1|PLEKHA1|HDAC11|CEP78|TTC8|SAMD9L|STING1,-0.47,MyList
PaGenBase,36,PGB:00046,Tissue-specific: Colorectal adenocarcinoma,,-2.1,5.1,3.6,30230,41,584,4,0.68,0.34,4642|6515|9582|56180,MYO1D|SLC2A3|APOBEC3B|MOSPD1,-0.47,MyList
DisGeNET,35,C1858127,Limb-girdle muscle weakness,,-2.1,5.1,3.6,30230,41,584,4,0.68,0.34,1798|10585|29954|729920,DPAGT1|POMT1|POMT2|CRPPA,-0.47,MyList
DisGeNET,35,C0018979,Hemianopsia,,-2.1,5.1,3.6,30230,41,584,4,0.68,0.34,4514|4540|4541|84131,COX3|ND5|ND6|CEP78,-0.47,MyList
Transcription Factor Targets,16,M30352,ZNF563 TARGET GENES,,-2.1,1.8,2.8,30230,646,584,22,3.8,0.79,20|4289|4541|4706|7485|8476|9783|10162|23041|23484|23511|29880|54978|55135|55764|56927|57404|58485|79605|83723|91663|222865,ABCA2|MKLN1|ND6|NDUFAB1|GET1|CDC42BPA|RIMS3|LPCAT3|MON2|LEPROTL1|NUP188|ALG5|SLC35F6|WRAP53|IFT122|GPR108|CYP20A1|TRAPPC1|PGBD5|TLCD3B|MYADM|TMEM130,-0.47,MyList
Cell Type Signatures,7,M39099,ZHONG PFC C4 PTGDS POS OPC,,-2.1,2.8,3.1,30230,147,584,8,1.4,0.48,5129|6307|6773|55103|55149|59338|79817|253260,CDK18|MSMO1|STAT2|RALGPS2|MTPAP|PLEKHA1|MOB3B|RICTOR,-0.47,MyList
DisGeNET,35,C0271623,Hypogonadotropic hypogonadism,,-2.1,2.6,3,30230,178,584,9,1.5,0.51,673|2710|5428|5922|6016|6655|23522|55703|80067,BRAF|GK|POLG|RASA2|RIT1|SOS2|KAT6B|POLR3B|DCAF17,-0.47,MyList
DisGeNET,35,C3839280,High grade serous carcinoma,,-2.1,3.1,3.2,30230,118,584,7,1.2,0.45,673|3551|5290|7403|11200|23049|54878,BRAF|IKBKB|PIK3CA|KDM6A|CHEK2|SMG1|DPP8,-0.46,MyList
Transcription Factor Targets,16,M40773,ZNF394 TARGET GENES,,-2.1,2,2.8,30230,383,584,15,2.6,0.65,1677|3988|4547|10239|10900|22868|23428|51360|55181|56180|59084|64852|79109|79736|91419,DFFB|LIPA|MTTP|AP3S2|RUNDC3A|FASTKD2|SLC7A8|MBTPS2|SMG8|MOSPD1|ENPP5|TUT1|MAPKAP1|TEFM|ATP23,-0.46,MyList
DisGeNET,35,C0032580,Adenomatous Polyposis Coli,,-2.1,1.8,2.7,30230,609,584,21,3.6,0.77,673|706|1540|2353|3611|4292|4514|5290|5311|5563|5959|6778|9213|9821|11200|23158|50649|55638|64682|81839|219285,BRAF|TSPO|CYLD|FOS|ILK|MLH1|COX3|PIK3CA|PKD2|PRKAA2|RDH5|STAT6|XPR1|RB1CC1|CHEK2|TBC1D9|ARHGEF4|SYBU|ANAPC1|VANGL1|SAMD9L,-0.46,MyList
DisGeNET,35,C0023492,"Leukemia, T-Cell",,-2.1,1.9,2.8,30230,457,584,17,2.9,0.7,706|1540|1958|2353|3551|4292|5290|5609|6490|7403|8850|23158|23405|23411|26160|29107|91663,TSPO|CYLD|EGR1|FOS|IKBKB|MLH1|PIK3CA|MAP2K7|PMEL|KDM6A|KAT2B|TBC1D9|DICER1|SIRT1|IFT172|NXT1|MYADM,-0.46,MyList
DisGeNET,35,C0266551,Congenital coloboma of iris,,-2.1,2.8,3.1,30230,148,584,8,1.4,0.48,9897|10195|10585|29954|51360|55624|79867|729920,WASHC5|ALG3|POMT1|POMT2|MBTPS2|POMGNT1|TCTN2|CRPPA,-0.46,MyList
DisGeNET,35,C0035305,Retinal Detachment,,-2.1,2.8,3.1,30230,148,584,8,1.4,0.48,1121|5609|10585|29954|55624|85378|219285|729920,CHM|MAP2K7|POMT1|POMT2|POMGNT1|TUBGCP6|SAMD9L|CRPPA,-0.46,MyList
DisGeNET,35,C0027726,Nephrotic Syndrome,,-2.1,2,2.8,30230,384,584,15,2.6,0.65,673|3981|4514|4540|4541|5290|5580|6845|10785|23158|26160|26503|58472|84942|123016,BRAF|LIG4|COX3|ND5|ND6|PIK3CA|PRKCD|VAMP7|WDR4|TBC1D9|IFT172|SLC17A5|SQOR|WDR73|TTC8,-0.46,MyList
DisGeNET,35,C0004135,Ataxia Telangiectasia,,-2.1,2,2.8,30230,384,584,15,2.6,0.65,673|2353|2968|3981|4508|5290|11200|26160|55135|57560|57728|79809|81539|124583|201163,BRAF|FOS|GTF2H4|LIG4|ATP6|PIK3CA|CHEK2|IFT172|WRAP53|IFT80|WDR19|TTC21B|SLC38A1|CANT1|FLCN,-0.46,MyList
Transcription Factor Targets,16,M30360,ZNF589 TARGET GENES,,-2.1,1.7,2.7,30230,688,584,23,3.9,0.8,21|406|1186|5581|5587|7126|8834|8925|9742|10900|23484|26001|29086|29929|54978|80198|80314|90410|151525|197322|219285|285203|339487,ABCA3|BMAL1|CLCN7|PRKCE|PRKD1|TNFAIP1|TMEM11|HERC1|IFT140|RUNDC3A|LEPROTL1|RNF167|BABAM1|ALG6|SLC35F6|MUS81|EPC1|IFT20|WDSUB1|ACSF3|SAMD9L|EOGT|ZBTB8OS,-0.46,MyList
DisGeNET,35,C0200638,Eosinophil count procedure,,-2.1,1.8,2.7,30230,610,584,21,3.6,0.77,1959|3985|3988|4249|5922|6095|6778|8882|10079|10451|10900|23092|23456|27244|56997|64682|79726|81704|115290|284110|388650,EGR2|LIMK2|LIPA|MGAT5|RASA2|RORA|STAT6|ZPR1|ATP9A|VAV3|RUNDC3A|ARHGAP26|ABCB10|SESN1|COQ8A|ANAPC1|WDR59|DOCK8|FBXO17|GSDMA|DIPK1A,-0.46,MyList
Transcription Factor Targets,16,M29893,ATF5 TARGET GENES,,-2.1,1.9,2.8,30230,458,584,17,2.9,0.7,7485|9213|9772|10239|23658|26503|29081|54916|55181|59338|60673|65258|84274|84669|90550|90826|196441,GET1|XPR1|TMEM94|AP3S2|LSM5|SLC17A5|METTL5|TMEM260|SMG8|PLEKHA1|ATG101|MPPE1|COQ5|USP32|MCU|PRMT9|ZFC3H1,-0.46,MyList
Cell Type Signatures,7,M39085,ZHONG PFC C5 BCL11B CALB2 POS INP,,-2.1,7.1,4,30230,22,584,3,0.51,0.3,9213|10900|23522,XPR1|RUNDC3A|KAT6B,-0.46,MyList
DisGeNET,35,C0268281,Infantile neuronal ceroid lipofuscinosis,,-2.1,7.1,4,30230,22,584,3,0.51,0.3,9374|23400|23411,PPT2|ATP13A2|SIRT1,-0.46,MyList
DisGeNET,35,C0014236,Endophthalmitis,,-2.1,7.1,4,30230,22,584,3,0.51,0.3,4615|6590|23113,MYD88|SLPI|CUL9,-0.46,MyList
DisGeNET,35,C3890429,Liquid Tumor,,-2.1,7.1,4,30230,22,584,3,0.51,0.3,1540|4547|5290,CYLD|MTTP|PIK3CA,-0.46,MyList
DisGeNET,35,C0023885,Liver Abscess,,-2.1,7.1,4,30230,22,584,3,0.51,0.3,10479|10682|79415,SLC9A6|EBP|CYBC1,-0.46,MyList
DisGeNET,35,C0346326,Optic Nerve Glioma,,-2.1,7.1,4,30230,22,584,3,0.51,0.3,5290|5609|9772,PIK3CA|MAP2K7|TMEM94,-0.46,MyList
DisGeNET,35,C1844806,Weight less than 3rd percentile,,-2.1,7.1,4,30230,22,584,3,0.51,0.3,4285|6016|9927,MIPEP|RIT1|MFN2,-0.46,MyList
DisGeNET,35,C2936739,"Hyper-Immunoglobulin E Syndrome, Autosomal Dominant",,-2.1,7.1,4,30230,22,584,3,0.51,0.3,6773|81704|219285,STAT2|DOCK8|SAMD9L,-0.46,MyList
DisGeNET,35,C0002896,Sideroblastic anemia,,-2.1,7.1,4,30230,22,584,3,0.51,0.3,22|23395|80324,ABCB7|LARS2|PUS1,-0.46,MyList
DisGeNET,35,C0000921,Accidental Falls,,-2.1,7.1,4,30230,22,584,3,0.51,0.3,1600|2562|5602,DAB1|GABRB3|MAPK10,-0.46,MyList
DisGeNET,35,C1854113,Prominent nasal bridge,,-2.1,2.6,3,30230,180,584,9,1.5,0.51,5587|7290|8925|10682|23522|26160|57038|79867|123016,PRKD1|HIRA|HERC1|EBP|KAT6B|IFT172|RARS2|TCTN2|TTC8,-0.45,MyList
DisGeNET,35,C0037769,West Syndrome,,-2.1,2.8,3.1,30230,149,584,8,1.4,0.48,2562|4508|4540|4541|9681|57038|60558|91869,GABRB3|ATP6|ND5|ND6|DEPDC5|RARS2|GUF1|RFT1,-0.45,MyList
DisGeNET,35,C0270790,Quadriparesis,,-2.1,4.9,3.6,30230,42,584,4,0.68,0.34,1757|4508|10585|26580,SARDH|ATP6|POMT1|BSCL2,-0.45,MyList
DisGeNET,35,C4744564,Metastatic Colorectal Carcinoma,,-2.1,4.9,3.6,30230,42,584,4,0.68,0.34,673|2068|3981|5290,BRAF|ERCC2|LIG4|PIK3CA,-0.45,MyList
DisGeNET,35,C1854912,Short long bone,,-2.1,4.9,3.6,30230,42,584,4,0.68,0.34,9382|26160|57728|79809,COG1|IFT172|WDR19|TTC21B,-0.45,MyList
DisGeNET,35,C1836003,Facial diplegia,,-2.1,4.9,3.6,30230,42,584,4,0.68,0.34,2733|5428|10585|729920,GLE1|POLG|POMT1|CRPPA,-0.45,MyList
DisGeNET,35,C0302142,Deformity,,-2.1,2.1,2.8,30230,350,584,14,2.4,0.63,90|673|1718|3310|3988|5290|6590|8100|9681|10682|23522|29107|55638|57560,ACVR1|BRAF|DHCR24|HSPA6|LIPA|PIK3CA|SLPI|IFT88|DEPDC5|EBP|KAT6B|NXT1|SYBU|IFT80,-0.45,MyList
Transcription Factor Targets,16,M40825,NR1H4 TARGET GENES,,-2.1,2.1,2.8,30230,315,584,13,2.2,0.61,1757|6721|9742|10162|51324|51559|51660|54620|55734|55764|55825|64847|79109,SARDH|SREBF2|IFT140|LPCAT3|SPG21|NT5DC3|MPC1|FBXL19|ZFP64|IFT122|PECR|SPATA20|MAPKAP1,-0.45,MyList
DisGeNET,35,C0026499,Monosomy,,-2.1,2.4,2.9,30230,213,584,10,1.7,0.54,673|1958|4547|5290|6392|7403|23158|79139|84447|219285,BRAF|EGR1|MTTP|PIK3CA|SDHD|KDM6A|TBC1D9|DERL1|SYVN1|SAMD9L,-0.44,MyList
Transcription Factor Targets,16,M30098,NR1D1 TARGET GENES,,-2.1,3,3.1,30230,120,584,7,1.2,0.45,1519|3551|8439|23232|54497|55336|253260,CTSO|IKBKB|NSMAF|TBC1D12|HEATR5B|FBXL8|RICTOR,-0.44,MyList
DisGeNET,35,C0235991,Small for gestational age (disorder),,-2.1,2.6,3,30230,181,584,9,1.5,0.51,2068|2182|2710|5286|10585|11043|54968|84942|201163,ERCC2|ACSL4|GK|PIK3C2A|POMT1|MID2|TMEM70|WDR73|FLCN,-0.44,MyList
DisGeNET,35,C4551584,Brain atrophy,,-2.1,2.6,3,30230,181,584,9,1.5,0.51,706|5428|9179|23400|51360|57570|84942|84947|124997,TSPO|POLG|AP4M1|ATP13A2|MBTPS2|TRMT5|WDR73|SERAC1|WDR81,-0.44,MyList
DisGeNET,35,C0011644,Scleroderma,,-2,2.1,2.8,30230,316,584,13,2.2,0.61,1958|1959|4504|5290|5580|5609|6778|23049|23411|50807|55149|55764|64750,EGR1|EGR2|MT3|PIK3CA|PRKCD|MAP2K7|STAT6|SMG1|SIRT1|ASAP1|MTPAP|IFT122|SMURF2,-0.44,MyList
Transcription Factor Targets,16,M40771,ZNF260 TARGET GENES,,-2,1.9,2.7,30230,500,584,18,3.1,0.72,2968|3981|5873|9439|9489|10239|23658|51360|55181|55238|55676|57655|64318|66036|79018|79736|84219|84318,GTF2H4|LIG4|RAB27A|MED23|PGS1|AP3S2|LSM5|MBTPS2|SMG8|SLC38A7|SLC30A6|GRAMD1A|NOC3L|MTMR9|GID4|TEFM|WDR24|CCDC77,-0.43,MyList
DisGeNET,35,C1836047,Long face,,-2,2.6,3,30230,182,584,9,1.5,0.51,673|4337|7290|8925|10479|11253|51776|79867|91869,BRAF|MOCS1|HIRA|HERC1|SLC9A6|MAN1B1|MAP3K20|TCTN2|RFT1,-0.43,MyList
DisGeNET,35,C0034194,Pyloric Stenosis,,-2,3,3.1,30230,121,584,7,1.2,0.45,2182|2353|5192|5824|11043|26580|79415,ACSL4|FOS|PEX10|PEX19|MID2|BSCL2|CYBC1,-0.43,MyList
DisGeNET,35,C0014556,"Epilepsy, Temporal Lobe",,-2,2.1,2.8,30230,353,584,14,2.4,0.63,706|1677|1958|1959|2562|4514|4615|5602|9630|9681|9817|23158|78986|83891,TSPO|DFFB|EGR1|EGR2|GABRB3|COX3|MYD88|MAPK10|GNA14|DEPDC5|KEAP1|TBC1D9|DUSP26|SNX25,-0.43,MyList
DisGeNET,35,C3203102,Idiopathic pulmonary arterial hypertension,,-2,1.7,2.7,30230,775,584,25,4.3,0.84,1186|1958|2071|2353|3988|4514|4540|4541|5290|5563|5580|6590|6778|9382|9927|11200|23411|26580|50807|51601|54968|55149|90550|285203|440275,CLCN7|EGR1|ERCC3|FOS|LIPA|COX3|ND5|ND6|PIK3CA|PRKAA2|PRKCD|SLPI|STAT6|COG1|MFN2|CHEK2|SIRT1|BSCL2|ASAP1|LIPT1|TMEM70|MTPAP|MCU|EOGT|EIF2AK4,-0.43,MyList
DisGeNET,35,C1112256,Sensorimotor neuropathy,,-2,3.3,3.2,30230,93,584,6,1,0.42,4508|4540|4541|5428|9517|26580,ATP6|ND5|ND6|POLG|SPTLC2|BSCL2,-0.43,MyList
DisGeNET,35,C0034885,Rectal Neoplasms,,-2,3.3,3.2,30230,93,584,6,1,0.42,673|4292|5290|5609|6391|51422,BRAF|MLH1|PIK3CA|MAP2K7|SDHC|PRKAG2,-0.43,MyList
DisGeNET,35,C0948216,Ovarian adenocarcinoma,,-2,4.8,3.5,30230,43,584,4,0.68,0.34,3833|4292|5428|23158,KIFC1|MLH1|POLG|TBC1D9,-0.43,MyList
DisGeNET,35,C2931038,"Pancreatic carcinoma, familial",,-2,4.8,3.5,30230,43,584,4,0.68,0.34,2068|6041|11200|84061,ERCC2|RNASEL|CHEK2|MAGT1,-0.43,MyList
DisGeNET,35,C1271100,Lower limb spasticity,,-2,4.8,3.5,30230,43,584,4,0.68,0.34,9897|26580|57038|57531,WASHC5|BSCL2|RARS2|HACE1,-0.43,MyList
DisGeNET,35,C0265534,Scaphycephaly,,-2,4.8,3.5,30230,43,584,4,0.68,0.34,5824|6590|9742|55764,PEX19|SLPI|IFT140|IFT122,-0.43,MyList
DisGeNET,35,C0037822,Speech Disorders,,-2,2.5,2.9,30230,183,584,9,1.5,0.51,22|7274|9897|10585|26160|29954|55624|123016|219285,ABCB7|TTPA|WASHC5|POMT1|IFT172|POMT2|POMGNT1|TTC8|SAMD9L,-0.42,MyList
DisGeNET,35,C4025732,Tubulointerstitial abnormality,,-2,6.8,3.9,30230,23,584,3,0.51,0.3,4514|4540|4541,COX3|ND5|ND6,-0.42,MyList
DisGeNET,35,C3272802,Hamartomatous polyposis,,-2,6.8,3.9,30230,23,584,3,0.51,0.3,5290|6391|6392,PIK3CA|SDHC|SDHD,-0.42,MyList
DisGeNET,35,C3532239,Mitochondrial cardiomyopathy,,-2,6.8,3.9,30230,23,584,3,0.51,0.3,4508|4540|283459,ATP6|ND5|GATC,-0.42,MyList
DisGeNET,35,C0393814,Hereditary liability to pressure palsies,,-2,6.8,3.9,30230,23,584,3,0.51,0.3,1959|9639|9927,EGR2|ARHGEF10|MFN2,-0.42,MyList
DisGeNET,35,C0158486,Acquired genu recurvatum,,-2,6.8,3.9,30230,23,584,3,0.51,0.3,9179|11154|124583,AP4M1|AP4S1|CANT1,-0.42,MyList
DisGeNET,35,C1842587,Sensory axonal neuropathy,,-2,6.8,3.9,30230,23,584,3,0.51,0.3,5428|9927|23400,POLG|MFN2|ATP13A2,-0.42,MyList
Transcription Factor Targets,16,M15185,GATA1 02,,-2,2.3,2.9,30230,249,584,11,1.9,0.56,1600|1959|3769|6095|7328|9213|25819|55103|57161|84264|90550,DAB1|EGR2|KCNJ13|RORA|UBE2H|XPR1|NOCT|RALGPS2|PELI2|HAGHL|MCU,-0.42,MyList
Transcription Factor Targets,16,M7689,MEIS1 01,,-2,2.3,2.9,30230,249,584,11,1.9,0.56,1657|2353|2899|6721|10162|23411|80067|84669|89970|91947|114789,DMXL1|FOS|GRIK3|SREBF2|LPCAT3|SIRT1|DCAF17|USP32|RSPRY1|ARRDC4|SLC25A25,-0.42,MyList
DisGeNET,35,C1868675,"PARKINSON DISEASE 2, AUTOSOMAL RECESSIVE JUVENILE",,-2,3.9,3.3,30230,67,584,5,0.86,0.38,1600|5428|5580|6908|23400,DAB1|POLG|PRKCD|TBP|ATP13A2,-0.42,MyList
Cell Type Signatures,7,M39239,LAKE ADULT KIDNEY C20 COLLECTING DUCT INTERCALATED CELLS TYPE A CORTEX,,-2,2.7,3,30230,152,584,8,1.4,0.48,673|4642|5137|5581|23461|55103|81704|114781,BRAF|MYO1D|PDE1C|PRKCE|ABCA5|RALGPS2|DOCK8|BTBD9,-0.42,MyList
DisGeNET,35,C0017181,Gastrointestinal Hemorrhage,,-2,3,3.1,30230,122,584,7,1.2,0.45,4292|4615|5290|6391|6392|7290|285203,MLH1|MYD88|PIK3CA|SDHC|SDHD|HIRA|EOGT,-0.42,MyList
Transcription Factor Targets,16,M30120,PHF21A TARGET GENES,,-2,2.2,2.8,30230,284,584,12,2.1,0.59,90|5287|5581|9817|10957|11200|64222|79684|84078|84942|91663|124997,ACVR1|PIK3C2B|PRKCE|KEAP1|PNRC1|CHEK2|TOR3A|MSANTD2|KBTBD7|WDR73|MYADM|WDR81,-0.42,MyList
DisGeNET,35,C0026351,Moderate intellectual disability,,-2,2.3,2.8,30230,250,584,11,1.9,0.56,2182|9382|9439|10585|10682|11043|11253|23001|54968|56997|123016,ACSL4|COG1|MED23|POMT1|EBP|MID2|MAN1B1|WDFY3|TMEM70|COQ8A|TTC8,-0.41,MyList
DisGeNET,35,C1263857,Peripheral axonal neuropathy,,-2,3.3,3.1,30230,94,584,6,1,0.42,2733|4508|5428|9927|55958|113612,GLE1|ATP6|POLG|MFN2|KLHL9|CYP2U1,-0.41,MyList
Transcription Factor Targets,16,M30403,ZSCAN21 TARGET GENES,,-2,1.8,2.7,30230,504,584,18,3.1,0.72,757|2968|6778|10239|23399|23761|27244|27257|51360|54943|56997|57169|64946|66036|79736|80314|81602|200576,TMEM50B|GTF2H4|STAT6|AP3S2|CTDNEP1|PISD|SESN1|LSM1|MBTPS2|DNAJC28|COQ8A|ZNFX1|CENPH|MTMR9|TEFM|EPC1|CDADC1|PIKFYVE,-0.41,MyList
Transcription Factor Targets,16,M9769,CTGCAGY UNKNOWN,,-2,1.7,2.6,30230,779,584,25,4.3,0.84,90|1600|1958|2353|3726|3985|5609|7029|7290|8925|10325|10479|10957|26580|27257|51200|51321|56262|56997|63891|83723|84446|114781|140469|286097,ACVR1|DAB1|EGR1|FOS|JUNB|LIMK2|MAP2K7|TFDP2|HIRA|HERC1|RRAGB|SLC9A6|PNRC1|BSCL2|LSM1|CPA4|AMZ2|LRRC8A|COQ8A|RNF123|TLCD3B|BRSK1|BTBD9|MYO3B|MICU3,-0.41,MyList
DisGeNET,35,C0240063,Coloboma of iris,,-2,2.7,3,30230,153,584,8,1.4,0.48,9897|10195|10585|29954|51360|55624|79867|729920,WASHC5|ALG3|POMT1|POMT2|MBTPS2|POMGNT1|TCTN2|CRPPA,-0.41,MyList
